<TICKER>,<PER>,<DATE>,<TIME>,<OPEN>,<HIGH>,<LOW>,<CLOSE>,<VOL>,<OPENINT>
4MS,D,20190110,000000,2.2971,3.4221,2.2971,3.4221,559559.2000000001,0
4MS,D,20190111,000000,3.4221,4.0782,2.7659,2.7659,581458.8,0
4MS,D,20190114,000000,2.8128,3.094,2.8128,2.9065,144172.6,0
4MS,D,20190115,000000,2.9065,3.2817,1.7814,1.7814,603156.4,0
4MS,D,20190116,000000,1.7814,2.1095,1.7814,2.1095,213384.2,0
4MS,D,20190117,000000,2.2033,2.5315,1.4533,1.4533,991834.9,0
4MS,D,20190118,000000,1.4533,1.6407,1.4064,1.5939,269121.9,0
4MS,D,20190121,000000,1.6407,1.7346,1.5001,1.7346,416278.80000000005,0
4MS,D,20190122,000000,1.7814,1.7814,1.0782,1.0782,1628863.8,0
4MS,D,20190123,000000,0.9845,1.2188,0.9376,1.1251,571564.3,0
4MS,D,20190124,000000,1.0782,1.172,1.0313,1.0782,303477.3,0
4MS,D,20190125,000000,1.1251,1.172,0.7501,0.7501,1773806.9000000001,0
4MS,D,20190128,000000,0.6094,0.7501,0.5157,0.6094,2899591,0
4MS,D,20190129,000000,0.6094,0.7501,0.6094,0.7032,1392840.9000000001,0
4MS,D,20190130,000000,0.7032,0.8438,0.6094,0.6563,1540917,0
4MS,D,20190131,000000,0.6094,0.7032,0.6094,0.7032,783387.9,0
4MS,D,20190201,000000,0.7032,0.7501,0.6563,0.7032,340181.30000000005,0
4MS,D,20190204,000000,0.7501,0.7501,0.6563,0.6563,84666.20000000001,0
4MS,D,20190205,000000,0.6563,0.7032,0.6094,0.6563,248116.5,0
4MS,D,20190206,000000,0.7032,0.7032,0.6094,0.6563,185013.1,0
4MS,D,20190207,000000,0.6563,0.7032,0.6094,0.6563,184654.2,0
4MS,D,20190208,000000,0.6563,0.7032,0.6094,0.6563,219573.90000000002,0
4MS,D,20190211,000000,0.6563,0.8438,0.6563,0.7501,565593.3,0
4MS,D,20190212,000000,0.797,0.797,0.6563,0.7501,415952.60000000003,0
4MS,D,20190213,000000,0.7032,0.797,0.6563,0.7501,251297.90000000002,0
4MS,D,20190214,000000,0.797,0.9376,0.7032,0.9376,617191.6,0
4MS,D,20190215,000000,0.9376,1.1251,0.9376,1.0782,796063.3,0
4MS,D,20190218,000000,1.0782,1.172,0.8907,0.9376,879068.7000000001,0
4MS,D,20190219,000000,0.9845,1.0782,0.9376,1.0782,398878.9,0
4MS,D,20190220,000000,1.0782,1.1251,0.9376,0.9845,500525.10000000003,0
4MS,D,20190221,000000,0.9845,1.2658,0.9376,1.2188,811244.7000000001,0
4MS,D,20190222,000000,1.2188,1.3126,1.1251,1.2658,770180.5,0
4MS,D,20190225,000000,1.3126,1.3126,1.0782,1.1251,577693,0
4MS,D,20190226,000000,1.1251,1.2188,1.0782,1.172,273047.7,0
4MS,D,20190227,000000,1.172,1.2188,1.0782,1.1251,197875.2,0
4MS,D,20190228,000000,1.0782,1.1251,1.0313,1.0313,263944.5,0
4MS,D,20190301,000000,1.0313,1.0782,0.9376,0.9845,192119.90000000002,0
4MS,D,20190304,000000,0.8884,0.9371,0.8204,0.9376,316356.60000000003,0
4MS,D,20190305,000000,0.8973,0.9793,0.8907,0.9376,41487.700000000004,0
4MS,D,20190306,000000,0.953,1.0782,0.953,1.0313,149236.30000000002,0
4MS,D,20190307,000000,1.0313,1.0951,0.9845,1.0782,95630,0
4MS,D,20190308,000000,1.0782,1.0782,1.036,1.0313,24484.100000000002,0
4MS,D,20190311,000000,1.0735,1.0735,0.9892,1.0782,48742.700000000004,0
4MS,D,20190312,000000,1.0642,1.0651,0.9985,1.0782,27884.9,0
4MS,D,20190313,000000,1.0313,1.0628,0.9657,0.9845,71156.8,0
4MS,D,20190314,000000,0.9474,1.0041,0.9474,0.9845,23140.600000000002,0
4MS,D,20190315,000000,1.0004,1.0046,0.954,0.9845,82534.70000000001,0
4MS,D,20190318,000000,0.9957,1.0014,0.9516,0.9845,54063.5,0
4MS,D,20190319,000000,0.9901,1.0951,0.9727,1.0782,104480.6,0
4MS,D,20190320,000000,1.0782,1.2564,1.0782,1.2188,244223.1,0
4MS,D,20190321,000000,1.2048,1.2507,1.1256,1.1251,65601.8,0
4MS,D,20190322,000000,1.0318,1.1204,1.0079,1.0313,123562.40000000001,0
4MS,D,20190401,000000,1.1251,1.2188,1.0782,1.172,110088.20000000001,0
4MS,D,20190402,000000,1.172,1.1931,1.0792,1.1251,143627.1,0
4MS,D,20190403,000000,1.1016,1.1368,1.0548,1.0782,55918.3,0
4MS,D,20190404,000000,1.0876,1.1063,1.0327,1.0782,53524.200000000004,0
4MS,D,20190405,000000,1.0689,1.075,1.0332,1.0313,25710.300000000003,0
4MS,D,20190408,000000,1.1016,1.1016,0.9399,0.9845,115926.5,0
4MS,D,20190409,000000,1.0797,1.2004,1.0734,1.0797,147014.5,0
4MS,D,20190410,000000,1.0988,1.1039,1.0169,1.0797,23325,0
4MS,D,20190411,000000,1.1045,1.1045,0.9972,1.0797,29230.5,0
4MS,D,20190412,000000,1.0531,1.0537,1.0035,1.0162,30529.600000000002,0
4MS,D,20190415,000000,0.9845,1.0022,0.9311,0.9527,59866.3,0
4MS,D,20190416,000000,0.9686,0.9686,0.9222,0.9527,27529.4,0
4MS,D,20190417,000000,0.9673,0.9673,0.8968,0.9527,20776.800000000003,0
4MS,D,20190418,000000,0.9375,0.9679,0.8574,0.9527,67070.3,0
4MS,D,20190423,000000,0.9648,0.9648,0.8962,0.9527,5195.700000000001,0
4MS,D,20190424,000000,0.9209,0.9514,0.8892,0.9527,3817.1000000000004,0
4MS,D,20190425,000000,0.9679,0.9679,0.872,0.9527,2169.1,0
4MS,D,20190426,000000,0.8765,0.9209,0.8733,0.8892,12959.300000000001,0
4MS,D,20190429,000000,0.9464,0.9464,0.8416,0.8257,42158.600000000006,0
4MS,D,20190430,000000,0.8428,0.8435,0.7698,0.7622,53708.700000000004,0
4MS,D,20190502,000000,0.7933,0.8866,0.7933,0.8892,19559.5,0
4MS,D,20190506,000000,0.8866,0.8981,0.8466,0.8892,7377,0
4MS,D,20190507,000000,0.9006,0.9019,0.8638,0.8892,12006.6,0
4MS,D,20190508,000000,0.813,0.8765,0.8034,0.8257,46119.9,0
4MS,D,20190509,000000,0.8257,0.8701,0.8066,0.8892,4601.900000000001,0
4MS,D,20190510,000000,0.8543,0.8543,0.8066,0.8257,8376,0
4MS,D,20190513,000000,0.8409,0.9495,0.8409,0.9527,28268.600000000002,0
4MS,D,20190514,000000,0.9527,1.0162,0.8987,1.0162,29681.2,0
4MS,D,20190515,000000,1.0035,1.06,0.9216,1.0162,9611,0
4MS,D,20190516,000000,1.048,1.1369,1.0162,1.0797,32874.9,0
4MS,D,20190517,000000,1.0785,1.0785,0.9845,1.0162,21465.4,0
4MS,D,20190520,000000,1.0162,1.0162,0.9591,1.0162,12811.400000000001,0
4MS,D,20190521,000000,0.9972,0.9972,0.9241,1.0162,4381.400000000001,0
4MS,D,20190522,000000,0.9845,0.9845,0.9171,0.9527,7888.1,0
4MS,D,20190523,000000,0.9527,0.9686,0.8981,0.8892,6350.900000000001,0
4MS,D,20190524,000000,0.9527,1.0797,0.9527,0.9527,57284.8,0
4MS,D,20190527,000000,0.9603,0.9946,0.9298,0.9527,5031.200000000001,0
4MS,D,20190528,000000,0.9381,1.0543,0.9082,1.0162,25054.2,0
4MS,D,20190529,000000,1.0162,1.0162,0.9565,1.0162,3918.7000000000003,0
4MS,D,20190530,000000,1.0035,1.0035,0.9057,0.9527,5309.6,0
4MS,D,20190531,000000,0.9089,0.9654,0.8828,0.9527,29588.2,0
4MS,D,20190603,000000,0.8892,0.9508,0.8892,0.8892,12878,0
4MS,D,20190604,000000,0.8384,0.8701,0.8257,0.8892,19005.2,0
4MS,D,20190605,000000,0.7946,0.8638,0.7946,0.8892,6625,0
4MS,D,20190606,000000,0.7971,0.8606,0.7971,0.8257,6675.400000000001,0
4MS,D,20190607,000000,0.8003,0.8257,0.6415,0.7622,31387.5,0
4MS,D,20190610,000000,0.832,0.9209,0.832,0.8892,27976.100000000002,0
4MS,D,20190611,000000,0.8955,0.8955,0.8384,0.8892,3608.2000000000003,0
4MS,D,20190612,000000,0.9178,0.9209,0.8257,0.8257,13570.5,0
4MS,D,20190613,000000,0.8295,0.8752,0.8111,0.8257,45728.4,0
4MS,D,20190614,000000,0.8733,0.8733,0.799,0.8257,8667.1,0
4MS,D,20190617,000000,0.8041,0.8593,0.7812,0.8257,30658.7,0
4MS,D,20190618,000000,0.7812,0.8441,0.7812,0.8257,4125.3,0
4MS,D,20190619,000000,0.7946,0.8587,0.7946,0.8892,4506.900000000001,0
4MS,D,20190621,000000,0.8333,0.8841,0.8333,0.8257,2991.5,0
4MS,D,20190624,000000,0.8543,0.8543,0.8416,0.8257,703.9000000000001,0
4MS,D,20190625,000000,0.8543,1.0226,0.8543,1.0162,137043,0
4MS,D,20190626,000000,1.0289,1.0797,0.9921,1.0797,119524.8,0
4MS,D,20190627,000000,1.0766,1.0766,0.8892,0.9527,68650.40000000001,0
4MS,D,20190628,000000,0.9527,1.0162,0.9527,1.0162,20546,0
4MS,D,20190701,000000,0.9972,0.9972,0.9216,0.9527,5372.1,0
4MS,D,20190702,000000,0.9749,0.9749,0.8892,0.8892,36794.200000000004,0
4MS,D,20190703,000000,0.8955,0.9508,0.86,0.8892,17315.7,0
4MS,D,20190704,000000,0.9718,0.9718,0.8892,0.9527,13742.6,0
4MS,D,20190705,000000,0.9451,0.9781,0.9451,0.9527,6182.8,0
4MS,D,20190708,000000,0.9082,0.9762,0.8892,0.9527,7829,0
4MS,D,20190709,000000,0.9622,0.9622,0.8987,0.9527,3536.6000000000004,0
4MS,D,20190710,000000,0.9082,0.9451,0.8765,0.9527,21885.300000000003,0
4MS,D,20190711,000000,0.9457,0.9457,0.8892,0.9527,6400.700000000001,0
4MS,D,20190712,000000,0.8841,0.9394,0.8803,0.9527,7059.1,0
4MS,D,20190715,000000,0.8847,0.8847,0.8828,0.8892,9909.1,0
4MS,D,20190716,000000,0.8828,0.8892,0.839,0.8257,11188.6,0
4MS,D,20190717,000000,0.8987,0.8987,0.8257,0.8257,21215,0
4MS,D,20190718,000000,0.766,0.8543,0.766,0.8257,4006.2000000000003,0
4MS,D,20190719,000000,0.8009,0.8543,0.8009,0.8257,8,0
4MS,D,20190722,000000,0.8574,0.9781,0.8574,0.9527,61947.3,0
4MS,D,20190723,000000,0.9718,0.9718,0.9025,0.8892,15424,0
4MS,D,20190724,000000,0.9209,0.9495,0.8581,0.8892,9097.6,0
4MS,D,20190725,000000,0.8289,0.9203,0.8289,0.8403,9074.300000000001,0
4MS,D,20190726,000000,0.8574,0.8886,0.8574,0.8886,2710.4,0
4MS,D,20190729,000000,0.8581,0.9356,0.8574,0.8892,3904.7000000000003,0
4MS,D,20190730,000000,0.8892,0.9298,0.8574,0.8574,5694.700000000001,0
4MS,D,20190731,000000,0.8593,0.9267,0.8428,0.8492,7121.6,0
4MS,D,20190801,000000,0.8644,0.8644,0.8289,0.8289,12463.5,0
4MS,D,20190802,000000,0.8257,0.8574,0.8257,0.8574,1574.5,0
4MS,D,20190805,000000,0.8295,0.8574,0.8282,0.8574,6364.200000000001,0
4MS,D,20190806,000000,0.8841,0.8841,0.8416,0.8416,3907,0
4MS,D,20190807,000000,0.8269,0.8663,0.8269,0.8269,6269.700000000001,0
4MS,D,20190808,000000,0.8638,0.8651,0.8517,0.8517,3408.9,0
4MS,D,20190809,000000,0.8638,0.8651,0.8524,0.8524,9365.9,0
4MS,D,20190812,000000,0.8651,0.8822,0.8333,0.8822,9480.5,0
4MS,D,20190813,000000,0.8822,0.9521,0.8574,0.9451,7984.1,0
4MS,D,20190814,000000,0.94,1.0988,0.8384,0.9178,133964.2,0
4MS,D,20190816,000000,0.8828,0.8886,0.8257,0.8574,19204.600000000002,0
4MS,D,20190819,000000,0.8638,0.8816,0.8257,0.8625,20467.300000000003,0
4MS,D,20190820,000000,0.8301,0.8498,0.7939,0.8193,25214.600000000002,0
4MS,D,20190821,000000,0.7812,0.8257,0.7812,0.8244,8234.5,0
4MS,D,20190822,000000,0.8193,0.8193,0.7882,0.8181,5444.5,0
4MS,D,20190823,000000,0.7939,0.8123,0.7742,0.8092,4981.1,0
4MS,D,20190826,000000,0.7996,0.7996,0.7996,0.7996,60,0
4MS,D,20190828,000000,0.7996,0.8568,0.7622,0.8504,15571.5,0
4MS,D,20190829,000000,0.7876,0.8244,0.7755,0.8244,2266.3,0
4MS,D,20190830,000000,0.8244,0.8244,0.7622,0.8066,13257.5,0
4MS,D,20190902,000000,0.7634,0.7939,0.7634,0.7939,3268,0
4MS,D,20190903,000000,0.7749,0.8155,0.7749,0.8054,3544.9,0
4MS,D,20190904,000000,0.799,0.8193,0.799,0.8193,3148.9,0
4MS,D,20190905,000000,0.8066,0.8066,0.7812,0.806,1813,0
4MS,D,20190906,000000,0.7939,0.7939,0.7634,0.7634,2610.6000000000004,0
4MS,D,20190909,000000,0.8054,0.8555,0.7698,0.7939,18079.100000000002,0
4MS,D,20190910,000000,0.8441,0.8441,0.8422,0.8422,11.700000000000001,0
4MS,D,20190911,000000,0.8422,0.8422,0.8416,0.8416,3059.2000000000003,0
4MS,D,20190912,000000,0.8473,0.8473,0.7831,0.7876,4240.7,0
4MS,D,20190913,000000,0.8187,0.8454,0.7755,0.8447,4170.5,0
4MS,D,20190916,000000,0.7768,0.832,0.7768,0.832,5435.5,0
4MS,D,20190918,000000,0.7711,0.8231,0.7711,0.7939,1220.4,0
4MS,D,20190919,000000,0.773,0.8231,0.7641,0.7933,9698.9,0
4MS,D,20190920,000000,0.7933,0.8066,0.7653,0.8066,1001.5,0
4MS,D,20190923,000000,0.7653,0.8193,0.7622,0.8193,5378.700000000001,0
4MS,D,20190924,000000,0.7876,0.8193,0.7876,0.8193,1598.1000000000001,0
4MS,D,20190925,000000,0.7641,0.7939,0.7622,0.7926,5375.1,0
4MS,D,20190926,000000,0.7926,0.7926,0.7056,0.7876,4103.1,0
4MS,D,20190927,000000,0.7901,0.7901,0.7368,0.7876,3546.8,0
4MS,D,20190930,000000,0.7431,0.7431,0.7304,0.7368,4005.3,0
4MS,D,20191001,000000,0.7368,0.8181,0.705,0.7628,29180.600000000002,0
4MS,D,20191002,000000,0.806,0.806,0.7317,0.7488,5227.200000000001,0
4MS,D,20191003,000000,0.7615,0.7615,0.7615,0.7615,31.5,0
4MS,D,20191004,000000,0.7304,0.7869,0.7196,0.7869,6802.200000000001,0
4MS,D,20191007,000000,0.7622,0.7876,0.7342,0.7812,1053.2,0
4MS,D,20191008,000000,0.7939,0.8054,0.7876,0.8054,2181.1,0
4MS,D,20191009,000000,0.7622,0.7996,0.7177,0.7939,11369.1,0
4MS,D,20191010,000000,0.7158,0.7533,0.6999,0.7533,11210.2,0
4MS,D,20191011,000000,0.7926,0.7926,0.7926,0.7926,787.2,0
4MS,D,20191014,000000,0.7901,0.7901,0.7901,0.7901,0.2,0
4MS,D,20191015,000000,0.719,0.7895,0.7114,0.7685,12653.7,0
4MS,D,20191016,000000,0.7685,0.7685,0.7266,0.7622,858.1,0
4MS,D,20191017,000000,0.7304,0.7895,0.7304,0.7895,16788.4,0
4MS,D,20191018,000000,0.7317,0.7888,0.731,0.7431,2126.3,0
4MS,D,20191021,000000,0.7329,0.785,0.7126,0.7615,16365,0
4MS,D,20191022,000000,0.7368,0.7558,0.7368,0.7545,7067.6,0
4MS,D,20191023,000000,0.731,0.7545,0.731,0.7545,449.20000000000005,0
4MS,D,20191024,000000,0.7558,0.7622,0.7495,0.7622,1400.6000000000001,0
4MS,D,20191025,000000,0.7622,0.7622,0.7622,0.7622,4310.3,0
4MS,D,20191028,000000,0.7253,0.7609,0.7126,0.7431,16079.900000000001,0
4MS,D,20191029,000000,0.7425,0.7425,0.7425,0.7425,1880.5,0
4MS,D,20191030,000000,0.7133,0.7584,0.7044,0.7209,20550.4,0
4MS,D,20191031,000000,0.7291,0.7323,0.705,0.7323,14435.800000000001,0
4MS,D,20191104,000000,0.7323,0.8574,0.7323,0.8257,36324.1,0
4MS,D,20191105,000000,0.8257,0.8447,0.8003,0.8435,15172,0
4MS,D,20191106,000000,0.8003,0.8435,0.8003,0.8384,20870.800000000003,0
4MS,D,20191107,000000,0.8384,0.8384,0.7812,0.8352,505.20000000000005,0
4MS,D,20191108,000000,0.8346,0.8346,0.7622,0.8257,1557.1000000000001,0
4MS,D,20191112,000000,0.8257,0.9273,0.8257,0.9051,37000.6,0
4MS,D,20191113,000000,0.9146,0.9146,0.839,0.9013,18065.600000000002,0
4MS,D,20191114,000000,0.8987,0.8987,0.7749,0.7749,20558,0
4MS,D,20191115,000000,0.7323,0.8568,0.7304,0.8352,22476.800000000003,0
4MS,D,20191118,000000,0.7368,0.8257,0.7368,0.825,1184.3,0
4MS,D,20191119,000000,0.7622,0.8396,0.7374,0.8396,10750.2,0
4MS,D,20191120,000000,0.8498,0.8498,0.8498,0.8498,12.600000000000001,0
4MS,D,20191121,000000,0.8003,0.8384,0.8003,0.8384,944.8000000000001,0
4MS,D,20191122,000000,0.8498,0.8498,0.766,0.825,950.5,0
4MS,D,20191125,000000,0.7939,0.8238,0.7495,0.8193,8874.2,0
4MS,D,20191126,000000,0.8765,0.9273,0.7939,0.8498,141089,0
4MS,D,20191127,000000,0.8498,0.8498,0.7939,0.825,10226.800000000001,0
4MS,D,20191128,000000,0.7939,0.8447,0.7622,0.8447,20031.300000000003,0
4MS,D,20191129,000000,0.8244,0.825,0.7825,0.8047,14526,0
4MS,D,20191202,000000,0.7952,0.7952,0.7952,0.7952,3148.9,0
4MS,D,20191203,000000,0.8219,0.8219,0.766,0.8193,628.4000000000001,0
4MS,D,20191204,000000,0.7641,0.7939,0.731,0.7603,19487.7,0
4MS,D,20191205,000000,0.7749,0.9209,0.7749,0.8447,62879.4,0
4MS,D,20191206,000000,0.82,0.8447,0.7641,0.832,21837.100000000002,0
4MS,D,20191210,000000,0.7939,0.8892,0.7736,0.813,4847,0
4MS,D,20191211,000000,0.8892,0.8892,0.8193,0.8193,2495.7000000000003,0
4MS,D,20191212,000000,0.8193,0.8625,0.8022,0.8066,696.2,0
4MS,D,20191213,000000,0.8022,0.825,0.7749,0.806,13932.2,0
4MS,D,20191216,000000,0.7749,0.7977,0.7622,0.7977,8023.5,0
4MS,D,20191217,000000,0.7965,0.7965,0.7653,0.7685,8932.4,0
4MS,D,20191218,000000,0.7749,0.8886,0.7526,0.7774,107977.20000000001,0
4MS,D,20191219,000000,0.7914,0.8161,0.7641,0.8161,40554.8,0
4MS,D,20191220,000000,0.832,0.8892,0.8009,0.8225,29599.4,0
4MS,D,20191223,000000,0.867,0.867,0.7768,0.7895,18880.2,0
4MS,D,20191227,000000,0.7939,0.825,0.7939,0.7939,701.7,0
4MS,D,20191230,000000,0.825,0.8562,0.7939,0.8536,10765.300000000001,0
4MS,D,20200102,000000,0.8257,0.8504,0.7958,0.8022,11647.900000000001,0
4MS,D,20200103,000000,0.8409,0.8498,0.8409,0.8498,10171.5,0
4MS,D,20200107,000000,0.8257,0.8498,0.8257,0.8498,261.40000000000003,0
4MS,D,20200108,000000,0.8549,0.8555,0.8003,0.8441,24610.2,0
4MS,D,20200109,000000,0.8441,0.8441,0.778,0.8238,29359.100000000002,0
4MS,D,20200110,000000,0.7838,0.8238,0.7812,0.8238,9575.300000000001,0
4MS,D,20200113,000000,0.8238,0.8473,0.8009,0.8441,19177,0
4MS,D,20200114,000000,0.8384,1.0162,0.8047,1.0092,284599.4,0
4MS,D,20200115,000000,0.9845,1.067,0.9591,1.0289,177277.90000000002,0
4MS,D,20200116,000000,1.1432,1.1432,0.9845,1.048,183690.40000000002,0
4MS,D,20200117,000000,1.0797,1.5243,1.0797,1.4418,642536.6000000001,0
4MS,D,20200120,000000,1.4849,1.5116,1.2449,1.3471,249586.6,0
4MS,D,20200121,000000,1.3344,1.3973,1.1814,1.1941,131776.80000000002,0
4MS,D,20200122,000000,1.1528,1.2322,1.0734,1.1432,166396.6,0
4MS,D,20200123,000000,1.1432,1.1623,1.0289,1.1051,114966.70000000001,0
4MS,D,20200124,000000,1.0893,1.0988,1.0296,1.0785,43888.100000000006,0
4MS,D,20200127,000000,1.0778,1.0778,1.0162,1.0556,14188.6,0
4MS,D,20200128,000000,1.048,1.048,0.9946,1.0162,12837.1,0
4MS,D,20200129,000000,0.9908,1.0435,0.8892,0.9565,123058.5,0
4MS,D,20200130,000000,0.9781,1.0416,0.9527,1.0137,33964,0
4MS,D,20200131,000000,1.0257,1.1109,1.0035,1.0639,20597.800000000003,0
4MS,D,20200203,000000,1.0035,1.0797,0.9591,0.9756,27439,0
4MS,D,20200204,000000,1.0384,1.0384,0.9387,1.0029,22145.7,0
4MS,D,20200205,000000,0.9972,1.1051,0.9864,1.048,67601.40000000001,0
4MS,D,20200206,000000,1.001,1.0543,0.9845,1.0543,12783.1,0
4MS,D,20200207,000000,1.0543,1.0543,0.9857,1.0169,5342,0
4MS,D,20200210,000000,1.0035,1.0467,0.9845,1.034,21680.100000000002,0
4MS,D,20200211,000000,1.0543,1.0543,1.0041,1.0315,9586.800000000001,0
4MS,D,20200212,000000,0.9972,1.0797,0.9972,1.074,23597.2,0
4MS,D,20200213,000000,1.0797,1.0797,0.9845,1.0245,14069.800000000001,0
4MS,D,20200214,000000,0.9921,1.0238,0.9921,1.0086,8822.5,0
4MS,D,20200217,000000,0.9921,1.02,0.9845,1.0162,6616.5,0
4MS,D,20200218,000000,1.0162,1.0162,0.9781,1.0162,3718.1000000000004,0
4MS,D,20200219,000000,0.9781,1.0162,0.9527,0.9565,14465.7,0
4MS,D,20200220,000000,1.0149,1.0149,0.8898,0.9559,35636.200000000004,0
4MS,D,20200221,000000,0.9559,1.0143,0.9051,1.0099,4790.8,0
4MS,D,20200224,000000,1.0099,1.0734,0.9273,1.0416,38520.8,0
4MS,D,20200225,000000,1.0353,1.0353,0.9432,1.0067,7151.5,0
4MS,D,20200226,000000,0.9527,0.9959,0.893,0.9527,29428.4,0
4MS,D,20200227,000000,0.9527,1.0099,0.9032,0.9527,6175.5,0
4MS,D,20200228,000000,0.8924,0.9972,0.8384,0.9019,34348.8,0
4MS,D,20200302,000000,0.8765,0.9209,0.8454,0.9209,24877.5,0
4MS,D,20200303,000000,0.9209,0.9464,0.8771,0.9394,1561.1000000000001,0
4MS,D,20200304,000000,0.94,0.9527,0.8841,0.9527,4896.8,0
4MS,D,20200305,000000,0.9527,0.9527,0.8892,0.9209,4263.8,0
4MS,D,20200306,000000,0.8892,0.9209,0.8638,0.9152,3082.8,0
4MS,D,20200309,000000,0.8384,0.8987,0.7787,0.8752,50227.9,0
4MS,D,20200310,000000,0.8009,0.8886,0.8009,0.8447,4315.1,0
4MS,D,20200311,000000,0.8066,0.8238,0.6764,0.8117,19406.4,0
4MS,D,20200312,000000,0.6986,0.7304,0.578,0.6351,66200.6,0
4MS,D,20200313,000000,0.6351,0.7622,0.6097,0.6669,33813.4,0
4MS,D,20200316,000000,0.7869,0.7869,0.6351,0.7177,18545.8,0
4MS,D,20200317,000000,0.6415,0.7622,0.6415,0.6986,6599.900000000001,0
4MS,D,20200318,000000,0.7615,0.7615,0.6993,0.7088,20544.9,0
4MS,D,20200319,000000,0.6682,0.7622,0.6682,0.7615,4979.3,0
4MS,D,20200320,000000,0.6986,0.7622,0.6986,0.7558,21279.300000000003,0
4MS,D,20200323,000000,0.7304,0.7304,0.6351,0.6732,78574.1,0
4MS,D,20200324,000000,0.7114,0.7114,0.6351,0.665,14218.7,0
4MS,D,20200325,000000,0.6669,0.7241,0.6351,0.7241,5139.900000000001,0
4MS,D,20200326,000000,0.6859,0.7241,0.6605,0.6732,1684.7,0
4MS,D,20200327,000000,0.7241,0.7241,0.5951,0.6955,44866.5,0
4MS,D,20200330,000000,0.6986,0.7114,0.618,0.6237,4781.7,0
4MS,D,20200331,000000,0.6237,0.7431,0.6237,0.698,34147.700000000004,0
4MS,D,20200401,000000,0.7304,0.7304,0.6542,0.7114,10261,0
4MS,D,20200402,000000,0.8892,1.2703,0.8892,1.1401,593684.7000000001,0
4MS,D,20200403,000000,1.1432,1.2036,0.9908,1.0511,206697.7,0
4MS,D,20200406,000000,1.0289,1.2322,0.9527,1.2068,225059.7,0
4MS,D,20200407,000000,1.2068,1.2068,1.048,1.1115,66785.2,0
4MS,D,20200408,000000,1.0861,1.0861,1.0289,1.048,26985.4,0
4MS,D,20200409,000000,1.0226,1.0607,0.9781,1.0607,6483.8,0
4MS,D,20200414,000000,1.0607,1.0607,0.867,1.0226,36397.8,0
4MS,D,20200415,000000,0.9654,1.0035,0.94,0.9876,17391.600000000002,0
4MS,D,20200416,000000,0.94,0.9845,0.8892,0.9654,105286.90000000001,0
4MS,D,20200417,000000,0.9336,0.9908,0.9019,0.9718,4852.8,0
4MS,D,20200420,000000,0.9718,0.9845,0.9051,0.9464,24702.5,0
4MS,D,20200421,000000,0.9051,0.9495,0.8447,0.8606,75162.7,0
4MS,D,20200422,000000,0.8352,0.8955,0.8289,0.8955,24103.2,0
4MS,D,20200423,000000,0.9019,0.9019,0.8257,0.8765,1575.7,0
4MS,D,20200424,000000,0.8701,1.0734,0.8352,1.0289,171109.90000000002,0
4MS,D,20200427,000000,1.0543,1.1559,0.9591,1.0829,119440.90000000001,0
4MS,D,20200428,000000,0.9591,1.0797,0.9591,0.9972,110483.1,0
4MS,D,20200429,000000,1.048,1.0607,0.9749,1.0448,4065.4,0
4MS,D,20200430,000000,0.9813,1.0353,0.9273,0.9654,20742.2,0
4MS,D,20200504,000000,0.9559,1.0353,0.9051,0.9781,36569.1,0
4MS,D,20200505,000000,0.9781,0.9972,0.9082,0.9654,23992.5,0
4MS,D,20200506,000000,0.9654,0.9908,0.8955,0.9019,41767.200000000004,0
4MS,D,20200507,000000,0.9305,1.013,0.8892,0.9813,15933,0
4MS,D,20200508,000000,0.7907,0.9209,0.7876,0.9209,294282.60000000003,0
4MS,D,20200511,000000,0.9527,0.9813,0.8892,0.8892,55569.4,0
4MS,D,20200512,000000,0.8892,0.94,0.867,0.9051,59030.600000000006,0
4MS,D,20200513,000000,0.9051,0.9209,0.8797,0.9114,56115.8,0
4MS,D,20200514,000000,0.9051,0.9051,0.8416,0.9019,39388.5,0
4MS,D,20200515,000000,0.9845,1.0162,0.9051,0.9178,110252,0
4MS,D,20200518,000000,0.9464,0.9464,0.8955,0.9051,27568.5,0
4MS,D,20200519,000000,0.8955,0.9209,0.8892,0.9019,57213.700000000004,0
4MS,D,20200520,000000,0.8765,0.9082,0.867,0.9082,21397,0
4MS,D,20200521,000000,0.9241,0.94,0.8479,0.8828,38273,0
4MS,D,20200522,000000,0.8987,0.9051,0.8765,0.9019,23590.9,0
4MS,D,20200525,000000,0.9336,0.94,0.8892,0.9273,55330.3,0
4MS,D,20200526,000000,0.9209,0.9209,0.8765,0.9082,28895.9,0
4MS,D,20200527,000000,0.9146,0.9146,0.8765,0.8924,22822.100000000002,0
4MS,D,20200528,000000,0.8955,0.8955,0.8289,0.867,84543,0
4MS,D,20200529,000000,0.867,0.867,0.8384,0.8606,12408.5,0
4MS,D,20200601,000000,0.8511,0.9019,0.8416,0.8828,37669.9,0
4MS,D,20200602,000000,0.8733,0.8955,0.8543,0.8606,20095.4,0
4MS,D,20200603,000000,0.8606,0.8955,0.8574,0.8955,24870.9,0
4MS,D,20200604,000000,0.8828,0.9336,0.8828,0.9209,58150.5,0
4MS,D,20200605,000000,0.9209,1.067,0.8828,0.9336,273329.5,0
4MS,D,20200608,000000,0.9495,0.9908,0.9209,0.9718,101543.70000000001,0
4MS,D,20200609,000000,0.9527,1.0003,0.9209,0.9464,245498.1,0
4MS,D,20200610,000000,0.9464,0.9654,0.9146,0.9146,95672.70000000001,0
4MS,D,20200612,000000,0.9146,0.9146,0.8828,0.9114,62795.3,0
4MS,D,20200615,000000,0.9209,0.9241,0.886,0.886,26905.100000000002,0
4MS,D,20200616,000000,0.9273,0.9273,0.9019,0.9273,14298.2,0
4MS,D,20200617,000000,0.9464,0.9622,0.9082,0.9464,32767.7,0
4MS,D,20200618,000000,0.94,0.9527,0.9178,0.9464,28267.5,0
4MS,D,20200619,000000,0.9432,1.0035,0.9432,0.9845,108445.90000000001,0
4MS,D,20200622,000000,0.9845,0.9845,0.9368,0.9654,96098.1,0
4MS,D,20200623,000000,1.0162,1.0162,0.9686,0.9972,70254.5,0
4MS,D,20200624,000000,1.013,1.3338,0.9972,1.2068,1048578,0
4MS,D,20200625,000000,1.2671,1.4608,1.1432,1.1464,1288926.8,0
4MS,D,20200626,000000,1.1559,1.2385,1.1559,1.2131,353888,0
4MS,D,20200629,000000,1.2258,1.41,1.2258,1.3401,1298928.9000000001,0
4MS,D,20200630,000000,1.3401,1.3846,1.0861,1.1115,1018372.1000000001,0
4MS,D,20200701,000000,1.0797,1.1814,1.0766,1.1718,437195.10000000003,0
4MS,D,20200702,000000,1.1115,1.3211,1.1051,1.2195,449166.80000000005,0
4MS,D,20200703,000000,1.2322,1.3465,1.2322,1.3147,468659.2,0
4MS,D,20200706,000000,1.302,1.4735,1.2957,1.41,625025.4,0
4MS,D,20200707,000000,1.4608,1.5116,1.3655,1.4227,532719.7000000001,0
4MS,D,20200708,000000,1.4545,2.0832,1.4036,2.0832,1804081.4000000001,0
4MS,D,20200709,000000,3.1757,3.8108,2.6041,3.8108,2650027.5,0
4MS,D,20200710,000000,5.081,6.034,3.5949,4.0014,5562713.5,0
4MS,D,20200713,000000,4.4459,5.195,3.5949,5.081,2809826,0
4MS,D,20200714,000000,4.8397,6.339,4.573,5.716,2964315.1,0
4MS,D,20200715,000000,6.199,6.605,5.234,5.678,1595641.1,0
4MS,D,20200716,000000,5.907,5.907,5.335,5.488,633218.9,0
4MS,D,20200717,000000,5.462,5.462,4.9032,5.297,443245.5,0
4MS,D,20200720,000000,5.335,6.732,5.335,6.732,1631434.4000000001,0
4MS,D,20200721,000000,8.892,9.527,8.638,9.527,788023.6000000001,0
4MS,D,20200723,000000,13.338,13.465,10.48,12.068,1482170.9000000001,0
4MS,D,20200724,000000,12.131,14.354,11.147,13.782,903658.1000000001,0
4MS,D,20200727,000000,14.926,18.101,13.973,18.101,660650.1000000001,0
4MS,D,20200728,000000,20.451,24.77,19.435,24.77,1228937.4000000001,0
4MS,D,20200729,000000,24.516,26.93,20.896,21.912,911608.8,0
4MS,D,20200730,000000,20.007,20.515,12.068,13.655,1270525.7000000002,0
4MS,D,20200731,000000,13.655,19.626,13.655,19.372,898696.9,0
4MS,D,20200803,000000,22.865,24.453,20.959,23.5,804632.1000000001,0
4MS,D,20200804,000000,22.23,25.024,19.753,22.23,771894.6000000001,0
4MS,D,20200805,000000,21.976,21.976,16.514,18.419,779622.4,0
4MS,D,20200806,000000,17.974,17.974,13.084,14.545,1385656.6,0
4MS,D,20200807,000000,12.766,18.038,10.353,14.481,1850857.6,0
4MS,D,20200810,000000,12.068,13.973,7.622,7.622,4968651.9,0
4MS,D,20200811,000000,8.193,9.781,5.97,7.272,4761676.4,0
4MS,D,20200812,000000,6.986,7.114,4.7635,5.297,3241040.5,0
4MS,D,20200813,000000,5.335,6.301,5.081,5.78,3150578.3000000003,0
4MS,D,20200814,000000,5.411,7.749,4.9541,7.685,4123813.6,0
4MS,D,20200817,000000,7.495,8.13,6.637,7.177,1511516,0
4MS,D,20200818,000000,6.923,7.114,5.907,5.97,1842443.3,0
4MS,D,20200819,000000,6.034,6.574,5.716,6.135,628394.3,0
4MS,D,20200820,000000,6.174,6.262,5.208,5.475,1038369.7000000001,0
4MS,D,20200821,000000,5.488,6.669,5.081,6.224,1708523.5,0
4MS,D,20200824,000000,6.574,6.859,6.072,6.161,922668.4,0
4MS,D,20200825,000000,6.161,6.161,5.653,5.653,477863,0
4MS,D,20200826,000000,5.716,6.339,5.526,6.148,727790.8,0
4MS,D,20200827,000000,6.351,6.542,5.818,5.907,738919.1000000001,0
4MS,D,20200828,000000,5.907,6.447,5.729,6.085,824518.9,0
4MS,D,20200831,000000,6.313,6.478,5.945,6.072,355290.5,0
4MS,D,20200901,000000,5.97,5.97,5.538,5.716,254099.30000000002,0
4MS,D,20200902,000000,5.716,6.351,5.513,5.678,710552.3,0
4MS,D,20200903,000000,5.716,5.894,5.538,5.589,221915.6,0
4MS,D,20200904,000000,5.475,5.475,5.018,5.145,689414.1000000001,0
4MS,D,20200907,000000,5.081,5.208,4.1411,4.2808,1066786.8,0
4MS,D,20200908,000000,4.2554,4.2554,2.7946,3.5314,1641776.3,0
4MS,D,20200909,000000,3.3027,4.6873,3.2011,4.6365,1415691.8,0
4MS,D,20200910,000000,4.827,5.081,4.23,4.5095,1149714.5,0
4MS,D,20200911,000000,4.3824,4.7,4.2554,4.4459,173416.80000000002,0
4MS,D,20200914,000000,4.3824,4.4968,4.1665,4.1665,297629.10000000003,0
4MS,D,20200915,000000,4.1665,4.1665,3.8108,3.8997,381483.4,0
4MS,D,20200916,000000,3.8108,4.8651,3.7092,4.4459,1023371.7000000001,0
4MS,D,20200917,000000,4.4332,4.7889,4.2554,4.3189,587867.5,0
4MS,D,20200918,000000,4.3189,4.6492,4.2554,4.4586,269724.8,0
4MS,D,20200921,000000,4.5095,4.7889,4.357,4.3951,608866.3,0
4MS,D,20200922,000000,4.5095,5.411,4.3189,4.9541,1601147.6,0
4MS,D,20200923,000000,4.9541,5.31,4.6111,5.018,1137972.9000000001,0
4MS,D,20200924,000000,5.081,6.034,4.7635,5.462,2231215.4,0
4MS,D,20200925,000000,5.424,5.907,5.424,5.729,649677.5,0
4MS,D,20200928,000000,5.653,6.123,5.462,5.678,830676.9,0
4MS,D,20200929,000000,5.831,5.831,5.208,5.437,452015.60000000003,0
4MS,D,20200930,000000,5.386,5.386,4.8905,5.081,440050.30000000005,0
4MS,D,20201001,000000,5.081,5.259,4.827,5.145,407608.80000000005,0
4MS,D,20201002,000000,5.081,5.081,4.8397,4.9286,237772.7,0
4MS,D,20201005,000000,4.8905,5.043,4.573,4.7889,505962.7,0
4MS,D,20201006,000000,4.6492,5.081,4.573,4.7,721182.4,0
4MS,D,20201007,000000,4.7,5.03,4.5857,4.7635,357624.10000000003,0
4MS,D,20201008,000000,4.8651,7.114,4.7127,7.114,4423748,0
4MS,D,20201009,000000,8.257,9.908,7.939,8.352,5370392.100000001,0
4MS,D,20201012,000000,8.828,8.828,5.462,6.161,7457924.800000001,0
4MS,D,20201013,000000,6.224,6.605,5.399,6.085,2065697.7000000002,0
4MS,D,20201014,000000,6.288,7.241,5.907,6.732,2730622.2,0
4MS,D,20201015,000000,6.923,6.923,6.123,6.123,1527784.6,0
4MS,D,20201016,000000,6.097,6.732,6.034,6.415,1310949.5,0
4MS,D,20201019,000000,5.589,6.11,5.5,5.754,1077434.2,0
4MS,D,20201020,000000,5.742,6.008,5.551,5.551,553026.9,0
4MS,D,20201021,000000,5.653,5.767,4.827,5.081,766177.4,0
4MS,D,20201022,000000,4.9286,5.665,4.827,5.462,832871.7000000001,0
4MS,D,20201023,000000,5.615,5.653,5.335,5.462,212159.7,0
4MS,D,20201026,000000,5.272,5.272,4.7,4.8651,796865.2000000001,0
4MS,D,20201027,000000,4.8651,4.9032,4.4968,4.573,587230.8,0
4MS,D,20201028,000000,4.5095,4.5095,3.6076,4.0014,1395118.4000000001,0
4MS,D,20201029,000000,4.0014,4.3824,3.6203,4.0014,609385,0
4MS,D,20201030,000000,3.8489,3.9251,3.6838,3.7981,390435.7,0
4MS,D,20201102,000000,3.7854,4.4332,3.7854,3.9505,519957.9,0
4MS,D,20201103,000000,4.0268,4.3062,3.9759,4.0776,264751.8,0
4MS,D,20201104,000000,4.1411,4.2554,3.8743,4.0014,387741.4,0
4MS,D,20201105,000000,4.103,4.573,3.9759,4.3062,546578.5,0
4MS,D,20201106,000000,4.3189,4.573,4.1411,4.2935,479105,0
4MS,D,20201109,000000,4.3062,4.4459,3.4551,3.8108,813699.4,0
4MS,D,20201110,000000,3.76,3.8108,3.4297,3.7346,367668.5,0
4MS,D,20201112,000000,3.8108,4.573,3.6838,4.4332,515064.9,0
4MS,D,20201113,000000,4.5476,4.8651,3.6584,3.9886,1908498.3,0
4MS,D,20201116,000000,4.0014,4.0014,3.4678,3.5568,802147.1000000001,0
4MS,D,20201117,000000,3.6076,3.8616,3.2519,3.7219,732153.6000000001,0
4MS,D,20201118,000000,3.5314,3.7346,3.5314,3.5568,202319.6,0
4MS,D,20201119,000000,3.5949,3.6203,3.417,3.4805,161851.2,0
4MS,D,20201120,000000,3.4932,3.5568,3.3154,3.4043,377328.80000000005,0
4MS,D,20201123,000000,3.417,3.4932,3.3535,3.4297,211987.6,0
4MS,D,20201124,000000,3.417,3.5059,3.3535,3.4043,99511.70000000001,0
4MS,D,20201125,000000,3.4297,3.4932,3.2392,3.3027,255985.5,0
4MS,D,20201126,000000,3.3027,3.3535,3.0232,3.1312,383615.4,0
4MS,D,20201127,000000,3.0486,3.2773,2.9978,3.2646,239762,0
4MS,D,20201130,000000,3.2392,3.3281,3.1503,3.2265,236986.40000000002,0
4MS,D,20201201,000000,3.0804,3.2011,3.055,3.0931,178683.2,0
4MS,D,20201202,000000,3.0931,3.1122,3.0105,3.0486,200224.5,0
4MS,D,20201203,000000,3.0931,3.0995,2.9851,3.0169,103583,0
4MS,D,20201204,000000,2.947,3.0169,2.7819,2.8327,383408.2,0
4MS,D,20201207,000000,2.82,2.8327,2.4326,2.6676,660646,0
4MS,D,20201208,000000,2.6676,3.2392,2.6676,3.0741,755428.5,0
4MS,D,20201209,000000,3.1757,3.2773,2.8708,2.9788,427029.30000000005,0
4MS,D,20201210,000000,2.9788,2.9788,2.5405,2.7311,562338.8,0
4MS,D,20201211,000000,2.6993,2.7946,2.5405,2.6041,369211.2,0
4MS,D,20201214,000000,2.5723,2.5723,2.2611,2.2865,795920.4,0
4MS,D,20201215,000000,2.223,2.6485,2.1404,2.5977,1092114.5,0
4MS,D,20201216,000000,2.6358,2.6422,2.3246,2.35,497502.2,0
4MS,D,20201217,000000,3.2,3.65,3.1,3.65,219720.1,0
4MS,D,20201218,000000,4.1,4.2,3.3,3.46,350249.4,0
4MS,D,20201221,000000,3.3,3.45,3.05,3.17,300617.60000000003,0
4MS,D,20201222,000000,3.16,3.16,2.9,2.95,441712.30000000005,0
4MS,D,20201223,000000,2.94,3,2.68,2.75,487675.2,0
4MS,D,20201228,000000,2.7,2.72,2.4,2.58,1101443.9000000001,0
4MS,D,20201229,000000,2.59,2.9,2.47,2.79,423326.2,0
4MS,D,20201230,000000,2.85,2.85,2.59,2.65,212068.1,0
4MS,D,20210104,000000,2.7,2.78,2.63,2.71,165498.90000000002,0
4MS,D,20210105,000000,2.72,3.62,2.6,3.47,1212808.3,0
4MS,D,20210107,000000,3.52,4.89,3.12,4.8,2412309.4,0
4MS,D,20210108,000000,4.95,5.4,4.42,4.77,1618806.4000000001,0
4MS,D,20210111,000000,4.8,4.96,4.44,4.44,368995.4,0
4MS,D,20210112,000000,4.23,4.7,4,4.4,450596.7,0
4MS,D,20210113,000000,4.5,4.5,4.1,4.32,281725.5,0
4MS,D,20210114,000000,4.33,4.49,4.2,4.24,162805.90000000002,0
4MS,D,20210115,000000,4.35,4.35,4.12,4.16,120840.20000000001,0
4MS,D,20210118,000000,4.22,4.35,4.04,4.1,138216,0
4MS,D,20210119,000000,4.15,4.25,3.9,4.17,170252.7,0
4MS,D,20210120,000000,4.17,4.39,4.04,4.2,212342.30000000002,0
4MS,D,20210121,000000,4.21,4.28,3.94,3.95,187066.2,0
4MS,D,20210122,000000,3.99,3.99,3.61,3.85,186666.40000000002,0
4MS,D,20210125,000000,3.94,4.19,3.86,3.95,116055.5,0
4MS,D,20210126,000000,4,4.15,3.77,4.1,174242.2,0
4MS,D,20210127,000000,4.19,5.28,4,4.78,1465742.8,0
4MS,D,20210128,000000,4.78,4.8,4.2,4.4,515476.60000000003,0
4MS,D,20210129,000000,4.45,4.45,3.9,4.04,402654.80000000005,0
4MS,D,20210201,000000,4.05,4.29,3.91,4.08,208807.6,0
4MS,D,20210202,000000,4.08,4.18,3.95,4.04,116142,0
4MS,D,20210203,000000,4.09,4.6,4.01,4.33,454901.5,0
4MS,D,20210204,000000,4.4,4.68,4.1,4.24,246237.1,0
4MS,D,20210205,000000,4.26,4.48,4.12,4.28,77519.1,0
4MS,D,20210208,000000,4.38,4.5,4.18,4.25,98199.6,0
4MS,D,20210209,000000,4.21,4.4,4.15,4.25,107551.20000000001,0
4MS,D,20210210,000000,4.23,4.48,4.2,4.21,171882.40000000002,0
4MS,D,20210211,000000,4.25,4.37,4.19,4.21,147524.2,0
4MS,D,20210212,000000,4.25,4.29,4.13,4.19,102061.70000000001,0
4MS,D,20210215,000000,4.14,4.2,4,4.15,90699.1,0
4MS,D,20210216,000000,4.16,4.2,4.03,4.11,94442.8,0
4MS,D,20210217,000000,4.1,4.26,4.1,4.17,98030.3,0
4MS,D,20210218,000000,4.17,4.18,4.05,4.07,61628.100000000006,0
4MS,D,20210219,000000,4.16,5.16,4.16,4.82,1439094.2000000002,0
4MS,D,20210222,000000,5.08,6.96,5,6.94,1856013.6,0
4MS,D,20210223,000000,7,8.32,6.36,6.82,2692420.5,0
4MS,D,20210224,000000,7.6,7.78,5.26,5.64,2165292.4,0
4MS,D,20210225,000000,5.82,6.36,5.26,6.1,1057909.3,0
4MS,D,20210226,000000,5.9,6.1,5.6,5.78,355565.4,0
4MS,D,20210301,000000,5.98,5.98,5.5,5.56,212693.2,0
4MS,D,20210302,000000,5.44,5.7,5.22,5.34,509067.9,0
4MS,D,20210303,000000,5.34,5.42,4.82,5.04,458749.10000000003,0
4MS,D,20210304,000000,5.12,5.76,4.78,5.48,660131.4,0
4MS,D,20210305,000000,5.58,6.2,5.3,5.6,595124.4,0
4MS,D,20210308,000000,5.7,5.76,5.3,5.38,325951.7,0
4MS,D,20210309,000000,5.38,5.52,5.16,5.3,184084.80000000002,0
4MS,D,20210310,000000,5.3,6.04,5,5.46,611462.6,0
4MS,D,20210311,000000,5.5,5.66,5.3,5.5,260770.7,0
4MS,D,20210312,000000,5.58,5.9,5.34,5.58,374536.30000000005,0
4MS,D,20210315,000000,5.66,6.3,5.5,6,437653.9,0
4MS,D,20210316,000000,5.8,6.9,5.74,6.2,1407142.6,0
4MS,D,20210317,000000,6.28,6.48,5.52,5.92,677030.1000000001,0
4MS,D,20210318,000000,5.98,6.04,5.7,5.72,137943.4,0
4MS,D,20210319,000000,5.72,6.28,5.6,5.8,304899.7,0
4MS,D,20210322,000000,5.84,5.84,5.08,5.4,532669.3,0
4MS,D,20210323,000000,5.06,5.48,5.06,5.14,224764,0
4MS,D,20210324,000000,5.1,5.28,4.9,5,265084.8,0
4MS,D,20210325,000000,5,5,4.61,4.73,324206.5,0
4MS,D,20210326,000000,4.71,4.73,4.39,4.5,366573.30000000005,0
4MS,D,20210329,000000,4.5,5.24,4.49,4.62,507259.60000000003,0
4MS,D,20210330,000000,4.62,4.8,4.5,4.58,179762.5,0
4MS,D,20210331,000000,4.6,4.6,4.39,4.49,115295.20000000001,0
4MS,D,20210401,000000,4.4,4.48,4.27,4.424,141002.80000000002,0
4MS,D,20210406,000000,4.424,4.478,4.22,4.454,232698.80000000002,0
4MS,D,20210407,000000,4.31,4.598,4.31,4.406,126991.1,0
4MS,D,20210408,000000,4.486,4.798,4.3,4.63,265087.5,0
4MS,D,20210409,000000,4.68,4.796,4.49,4.6,103448.1,0
4MS,D,20210412,000000,4.6,4.628,4.52,4.628,64344.9,0
4MS,D,20210413,000000,4.65,4.65,4.5,4.618,40952,0
4MS,D,20210414,000000,4.598,4.598,4.498,4.55,107201.90000000001,0
4MS,D,20210415,000000,4.578,4.578,4.402,4.46,69297.6,0
4MS,D,20210416,000000,4.46,4.5,4.382,4.442,44255.700000000004,0
4MS,D,20210419,000000,4.312,4.434,4.29,4.29,63646.600000000006,0
4MS,D,20210420,000000,4.344,4.52,4.24,4.25,62378.4,0
4MS,D,20210421,000000,4.306,4.306,3.98,4.01,158056.30000000002,0
4MS,D,20210422,000000,3.91,4.17,3.91,3.968,173056.80000000002,0
4MS,D,20210423,000000,3.91,4.348,3.91,4.288,223655.7,0
4MS,D,20210426,000000,4.29,4.3,4,4.05,64976.100000000006,0
4MS,D,20210427,000000,4.01,4.134,4.002,4.05,63850.3,0
4MS,D,20210428,000000,4.05,4.05,3.952,4.032,74049.1,0
4MS,D,20210429,000000,4.02,4.056,3.86,3.92,130014.5,0
4MS,D,20210430,000000,3.996,4.02,3.912,3.99,65186.8,0
4MS,D,20210504,000000,4.038,4.048,3.904,3.962,79085.5,0
4MS,D,20210505,000000,3.96,3.99,3.908,3.914,72828.1,0
4MS,D,20210506,000000,3.91,3.948,3.804,3.89,80013.6,0
4MS,D,20210507,000000,3.812,3.886,3.67,3.746,104130,0
4MS,D,20210510,000000,3.638,3.79,3.636,3.76,91802.20000000001,0
4MS,D,20210511,000000,3.7,3.978,3.7,3.95,54560.8,0
4MS,D,20210512,000000,3.8,4.15,3.8,4.088,90213.20000000001,0
4MS,D,20210513,000000,4.088,4.144,3.862,4,30316.5,0
4MS,D,20210514,000000,4.088,4.1,3.9,4.01,27479.600000000002,0
4MS,D,20210517,000000,4.018,4.188,4.018,4.09,32037.2,0
4MS,D,20210518,000000,4.1,4.19,3.902,3.94,209609.80000000002,0
4MS,D,20210519,000000,4.028,4.028,3.74,3.83,66747.8,0
4MS,D,20210520,000000,3.83,3.846,3.71,3.794,33519.8,0
4MS,D,20210521,000000,3.74,3.988,3.74,3.9,44382.100000000006,0
4MS,D,20210524,000000,3.84,3.85,3.74,3.8,44060,0
4MS,D,20210525,000000,3.742,3.8,3.68,3.7,35662,0
4MS,D,20210526,000000,3.708,3.8,3.68,3.7,35001.700000000004,0
4MS,D,20210527,000000,3.7,3.71,3.51,3.55,54076.9,0
4MS,D,20210528,000000,3.55,3.58,3.312,3.494,276287.10000000003,0
4MS,D,20210531,000000,3.5,3.598,3.358,3.41,88857.8,0
4MS,D,20210601,000000,3.41,3.56,3.4,3.526,67302.3,0
4MS,D,20210602,000000,3.5,3.552,3.414,3.47,52021.600000000006,0
4MS,D,20210604,000000,3.416,3.45,3.32,3.35,67375.5,0
4MS,D,20210607,000000,3.312,3.35,3.12,3.24,94783.40000000001,0
4MS,D,20210608,000000,3.24,3.35,3.178,3.222,60566.600000000006,0
4MS,D,20210609,000000,3.242,3.35,3.202,3.25,37766.8,0
4MS,D,20210610,000000,3.24,3.25,3.2,3.21,31827.7,0
4MS,D,20210611,000000,3.208,3.8,3.18,3.474,264678.2,0
4MS,D,20210614,000000,3.5,3.564,3.3,3.324,69670.2,0
4MS,D,20210615,000000,3.324,3.424,3.2,3.35,42432.700000000004,0
4MS,D,20210616,000000,3.242,3.376,3.222,3.25,29643.7,0
4MS,D,20210617,000000,3.298,3.4,3.15,3.358,59939,0
4MS,D,20210618,000000,3.348,3.37,3.2,3.24,35392.8,0
4MS,D,20210621,000000,2.402,2.8,2.342,2.554,2051767.7000000002,0
4MS,D,20210622,000000,2.58,2.75,2.58,2.746,656140.1000000001,0
4MS,D,20210623,000000,2.75,2.996,2.702,2.936,442943.9,0
4MS,D,20210624,000000,2.92,3.13,2.9,2.944,551172.1,0
4MS,D,20210625,000000,2.946,3.176,2.8,3.05,400916.30000000005,0
4MS,D,20210628,000000,3.096,3.2,2.952,3.09,308021.4,0
4MS,D,20210629,000000,3.006,3.096,3,3,151054.30000000002,0
4MS,D,20210630,000000,3.002,3.16,3.002,3.09,171910.40000000002,0
4MS,D,20210701,000000,3.09,3.24,3.036,3.08,324212.80000000005,0
4MS,D,20210702,000000,3.094,3.16,3.02,3.06,173605.80000000002,0
4MS,D,20210705,000000,3.03,3.04,2.92,2.982,173295.40000000002,0
4MS,D,20210706,000000,2.988,3.03,2.95,2.954,52502,0
4MS,D,20210707,000000,2.994,3,2.902,2.952,89733.8,0
4MS,D,20210708,000000,2.952,2.952,2.8,2.95,83072.40000000001,0
4MS,D,20210709,000000,2.944,2.944,2.85,2.926,59863.9,0
4MS,D,20210712,000000,2.894,2.926,2.83,2.89,84610.6,0
4MS,D,20210713,000000,2.846,3.25,2.8,3,734528.7000000001,0
4MS,D,20210714,000000,3.05,3.24,3.03,3.09,311255.5,0
4MS,D,20210715,000000,3.128,3.128,3.004,3.022,120234,0
4MS,D,20210716,000000,3,3.016,2.9,2.9,105967.5,0
4MS,D,20210719,000000,2.932,2.932,2.7,2.812,129142.20000000001,0
4MS,D,20210720,000000,2.876,2.876,2.728,2.846,69119.8,0
4MS,D,20210721,000000,2.8,2.8,2.72,2.76,62389.100000000006,0
4MS,D,20210722,000000,2.76,2.8,2.73,2.762,50716.700000000004,0
4MS,D,20210723,000000,2.792,2.792,2.724,2.77,56449.8,0
4MS,D,20210726,000000,2.768,2.78,2.7,2.732,77008.3,0
4MS,D,20210727,000000,2.706,2.75,2.51,2.65,188058.5,0
4MS,D,20210728,000000,2.532,2.71,2.532,2.708,56415.600000000006,0
4MS,D,20210729,000000,2.7,2.71,2.6,2.642,93092.20000000001,0
4MS,D,20210730,000000,2.642,2.7,2.61,2.672,51806.4,0
4MS,D,20210802,000000,2.678,2.734,2.602,2.728,67049.5,0
4MS,D,20210803,000000,2.736,2.76,2.7,2.714,41297.100000000006,0
4MS,D,20210804,000000,2.736,2.8,2.7,2.782,71246.2,0
4MS,D,20210805,000000,2.796,2.846,2.762,2.812,46877.700000000004,0
4MS,D,20210806,000000,2.832,2.832,2.742,2.8,53758.3,0
4MS,D,20210809,000000,2.818,2.818,2.732,2.76,16528.4,0
4MS,D,20210810,000000,2.79,2.838,2.764,2.81,38229.1,0
4MS,D,20210811,000000,2.85,2.994,2.8,2.8,207443.5,0
4MS,D,20210812,000000,2.844,2.846,2.692,2.766,78728.6,0
4MS,D,20210813,000000,2.766,2.792,2.7,2.71,85328.5,0
4MS,D,20210816,000000,2.71,2.762,2.702,2.722,69538.1,0
4MS,D,20210817,000000,2.734,2.734,2.692,2.694,62814.600000000006,0
4MS,D,20210818,000000,2.72,2.83,2.7,2.77,84941.1,0
4MS,D,20210819,000000,2.786,2.852,2.73,2.798,119485.40000000001,0
4MS,D,20210820,000000,2.8,2.838,2.704,2.72,69107,0
4MS,D,20210823,000000,2.72,2.73,2.694,2.728,85698.40000000001,0
4MS,D,20210824,000000,2.7,2.752,2.7,2.72,81981.90000000001,0
4MS,D,20210825,000000,2.756,2.842,2.7,2.8,172130.90000000002,0
4MS,D,20210826,000000,2.834,2.86,2.77,2.816,74575.40000000001,0
4MS,D,20210827,000000,2.846,2.846,2.78,2.79,39938.700000000004,0
4MS,D,20210830,000000,2.824,2.824,2.75,2.808,77363,0
4MS,D,20210831,000000,2.782,2.824,2.73,2.782,74591.1,0
4MS,D,20210901,000000,2.78,2.834,2.774,2.774,41989,0
4MS,D,20210902,000000,2.826,2.826,2.76,2.784,75396.7,0
4MS,D,20210903,000000,2.826,2.826,2.72,2.776,51326.100000000006,0
4MS,D,20210906,000000,2.724,2.774,2.724,2.75,45260.3,0
4MS,D,20210907,000000,2.744,2.75,2.65,2.708,64456,0
4MS,D,20210908,000000,2.7,2.76,2.652,2.652,51609.100000000006,0
4MS,D,20210909,000000,2.682,2.696,2.65,2.65,50598.200000000004,0
4MS,D,20210910,000000,2.658,2.698,2.622,2.666,34280.8,0
4MS,D,20210913,000000,2.716,2.716,2.63,2.666,44732.700000000004,0
4MS,D,20210914,000000,2.668,2.696,2.632,2.642,71306.7,0
4MS,D,20210915,000000,2.668,2.668,2.602,2.644,40124.9,0
4MS,D,20210916,000000,2.644,2.708,2.638,2.65,50274.200000000004,0
4MS,D,20210917,000000,2.678,2.68,2.602,2.624,67909.7,0
4MS,D,20210920,000000,2.602,2.618,2.5,2.574,92105.5,0
4MS,D,20210921,000000,2.596,2.608,2.522,2.576,30440.4,0
4MS,D,20210922,000000,2.6,2.6,2.502,2.552,48912.700000000004,0
4MS,D,20210923,000000,2.554,2.554,2.42,2.53,74140,0
4MS,D,20210924,000000,2.54,2.578,2.492,2.554,40669.3,0
4MS,D,20210927,000000,2.556,2.556,2.5,2.54,29897.4,0
4MS,D,20210928,000000,2.52,2.554,2.468,2.47,67037.7,0
4MS,D,20210929,000000,2.534,2.534,2.4,2.468,60070.600000000006,0
4MS,D,20210930,000000,2.468,2.53,2.416,2.48,77183.2,0
4MS,D,20211001,000000,2.498,2.548,2.412,2.45,38779.4,0
4MS,D,20211004,000000,2.534,2.534,2.4,2.472,56129.5,0
4MS,D,20211005,000000,2.43,2.534,2.412,2.47,53290.100000000006,0
4MS,D,20211006,000000,2.442,2.49,2.404,2.46,71380.7,0
4MS,D,20211007,000000,2.5,2.65,2.402,2.65,236593.80000000002,0
4MS,D,20211008,000000,2.688,2.688,2.564,2.6,62206.8,0
4MS,D,20211011,000000,2.6,2.79,2.596,2.678,215789.30000000002,0
4MS,D,20211012,000000,2.742,2.778,2.62,2.636,134413.2,0
4MS,D,20211013,000000,2.672,2.7,2.6,2.606,32777.700000000004,0
4MS,D,20211014,000000,2.652,2.654,2.55,2.55,61419.600000000006,0
4MS,D,20211015,000000,2.548,2.596,2.504,2.548,61510,0
4MS,D,20211018,000000,2.58,2.696,2.532,2.59,331988.4,0
4MS,D,20211019,000000,2.66,3.65,2.608,3.6,2790653,0
4MS,D,20211020,000000,3.62,3.97,3.13,3.172,1510046.5,0
4MS,D,20211021,000000,3.112,3.5,2.922,3,717671.6000000001,0
4MS,D,20211022,000000,3,3.138,2.904,2.99,312285.4,0
4MS,D,20211025,000000,2.98,3.24,2.9,3.112,349321.10000000003,0
4MS,D,20211026,000000,3.15,3.168,3.032,3.032,132122.6,0
4MS,D,20211027,000000,3.072,3.072,2.9,2.912,190781,0
4MS,D,20211028,000000,2.902,2.99,2.83,2.93,195366.7,0
4MS,D,20211029,000000,2.9,2.954,2.812,2.878,102969.1,0
4MS,D,20211102,000000,2.838,2.934,2.826,2.908,91775.6,0
4MS,D,20211103,000000,2.854,3.14,2.854,3,281835.60000000003,0
4MS,D,20211104,000000,2.95,3.19,2.914,3.15,179067.2,0
4MS,D,20211105,000000,3.116,3.28,3.102,3.17,191991.2,0
4MS,D,20211108,000000,3.184,3.39,3.17,3.212,206544.1,0
4MS,D,20211109,000000,3.222,3.324,3.012,3.05,176940.90000000002,0
4MS,D,20211110,000000,3.022,3.116,2.88,2.88,110754.40000000001,0
4MS,D,20211112,000000,2.9,2.984,2.85,2.918,79677,0
4MS,D,20211115,000000,2.982,3.164,2.92,3,159851.6,0
4MS,D,20211116,000000,3,3,2.888,2.888,107328.90000000001,0
4MS,D,20211117,000000,2.89,2.924,2.75,2.898,231534,0
4MS,D,20211118,000000,2.968,2.968,2.76,2.8,69182.7,0
4MS,D,20211119,000000,2.8,2.802,2.744,2.778,48805.5,0
4MS,D,20211122,000000,2.778,2.782,2.662,2.7,108673.90000000001,0
4MS,D,20211123,000000,2.7,2.74,2.6,2.61,138793.9,0
4MS,D,20211124,000000,2.6,2.65,2.6,2.61,68375.2,0
4MS,D,20211125,000000,2.646,2.646,2.61,2.63,29651.800000000003,0
4MS,D,20211126,000000,2.622,2.68,2.534,2.572,99928,0
4MS,D,20211129,000000,2.55,2.67,2.482,2.504,267472.3,0
4MS,D,20211130,000000,2.5,2.586,2.432,2.554,136239.9,0
4MS,D,20211201,000000,2.6,2.648,2.52,2.55,62138.600000000006,0
4MS,D,20211202,000000,2.548,2.594,2.504,2.528,43229.5,0
4MS,D,20211203,000000,2.53,2.63,2.53,2.59,55947.200000000004,0
4MS,D,20211206,000000,2.552,2.564,2.508,2.556,88576.40000000001,0
4MS,D,20211207,000000,2.556,2.556,2.482,2.53,65724.5,0
4MS,D,20211208,000000,2.53,2.556,2.49,2.53,33813.9,0
4MS,D,20211209,000000,2.514,2.53,2.466,2.466,70937.40000000001,0
4MS,D,20211210,000000,2.488,2.596,2.48,2.544,94867.8,0
4MS,D,20211213,000000,2.486,2.526,2.42,2.46,112382,0
4MS,D,20211214,000000,2.438,2.458,2.4,2.432,93642.90000000001,0
4MS,D,20211215,000000,2.444,2.524,2.428,2.45,81963.20000000001,0
4MS,D,20211216,000000,2.452,2.462,2.424,2.46,34808.5,0
4MS,D,20211217,000000,2.44,2.458,2.402,2.424,118935.20000000001,0
4MS,D,20211220,000000,2.4,2.434,2.34,2.41,83445.1,0
4MS,D,20211221,000000,2.4,2.428,2.38,2.42,82708.5,0
4MS,D,20211222,000000,2.386,2.45,2.368,2.394,102580.8,0
4MS,D,20211223,000000,2.39,2.4,2.28,2.318,180066.90000000002,0
4MS,D,20211227,000000,2.3,2.3,2.186,2.196,305862.8,0
4MS,D,20211228,000000,2.2,2.278,2.15,2.26,189032.30000000002,0
4MS,D,20211229,000000,2.294,2.48,2.294,2.434,134495.1,0
4MS,D,20211230,000000,2.406,2.532,2.352,2.476,94898,0
4MS,D,20220103,000000,2.5,2.698,2.5,2.63,125373.40000000001,0
4MS,D,20220104,000000,2.648,2.648,2.496,2.524,92843.90000000001,0
4MS,D,20220105,000000,2.54,2.54,2.456,2.498,46964,0
4MS,D,20220107,000000,2.454,2.558,2.454,2.536,24126.300000000003,0
4MS,D,20220110,000000,2.518,2.576,2.5,2.544,25803.300000000003,0
4MS,D,20220111,000000,2.546,2.546,2.502,2.544,23876.9,0
4MS,D,20220112,000000,2.524,2.58,2.48,2.51,113853.5,0
4MS,D,20220113,000000,2.53,2.558,2.5,2.518,26300.5,0
4MS,D,20220114,000000,2.54,2.54,2.48,2.528,28932,0
4MS,D,20220117,000000,2.54,2.54,2.496,2.528,29906.300000000003,0
4MS,D,20220118,000000,2.528,2.536,2.442,2.508,39353.5,0
4MS,D,20220119,000000,2.472,2.472,2.422,2.44,59096.5,0
4MS,D,20220120,000000,2.404,2.48,2.4,2.444,37492.8,0
4MS,D,20220121,000000,2.41,2.41,2.27,2.3,105878.40000000001,0
4MS,D,20220124,000000,2.28,2.302,2.18,2.218,136155,0
4MS,D,20220125,000000,2.216,2.32,2.16,2.202,78780.8,0
4MS,D,20220126,000000,2.2,2.318,2.192,2.226,42979.4,0
4MS,D,20220127,000000,2.27,2.466,2.226,2.43,135955.5,0
4MS,D,20220128,000000,2.43,2.43,2.33,2.396,19320.7,0
4MS,D,20220131,000000,2.342,2.376,2.272,2.33,30953,0
4MS,D,20220201,000000,2.278,2.326,2.278,2.3,37198.8,0
4MS,D,20220202,000000,2.308,2.43,2.3,2.43,53872.9,0
4MS,D,20220203,000000,2.42,2.428,2.356,2.4,23103.300000000003,0
4MS,D,20220204,000000,2.428,2.428,2.308,2.348,25120.4,0
4MS,D,20220207,000000,2.348,2.348,2.24,2.316,24851.7,0
4MS,D,20220208,000000,2.298,2.3,2.25,2.25,31468.800000000003,0
4MS,D,20220209,000000,2.248,2.348,2.248,2.276,52028.200000000004,0
4MS,D,20220210,000000,2.252,2.298,2.25,2.266,61233.700000000004,0
4MS,D,20220211,000000,2.266,2.294,2.22,2.288,33059.700000000004,0
4MS,D,20220214,000000,2.266,2.266,2.2,2.24,98134.90000000001,0
4MS,D,20220215,000000,2.222,2.25,2.208,2.22,43880.4,0
4MS,D,20220216,000000,2.238,2.24,2.204,2.24,147932.6,0
4MS,D,20220217,000000,2.24,2.24,2.156,2.192,57009.3,0
4MS,D,20220218,000000,2.16,2.19,2.11,2.136,55580.100000000006,0
4MS,D,20220221,000000,2.168,2.168,2.108,2.146,83431.8,0
4MS,D,20220222,000000,2.146,2.166,2.076,2.122,89875.90000000001,0
4MS,D,20220223,000000,2.138,2.138,2.032,2.07,58399.5,0
4MS,D,20220224,000000,1.75,1.96,1.5,1.711,507069.2,0
4MS,D,20220225,000000,1.75,1.94,1.75,1.86,149034.5,0
4MS,D,20220228,000000,1.85,1.851,1.76,1.835,60035.5,0
4MS,D,20220301,000000,1.811,1.85,1.811,1.813,63851.3,0
4MS,D,20220302,000000,1.81,2.01,1.801,2.01,243335.7,0
4MS,D,20220303,000000,2.05,2.218,2.002,2.2,172103.7,0
4MS,D,20220304,000000,2.198,2.198,2.004,2.05,80481.40000000001,0
4MS,D,20220307,000000,2.058,2.058,1.881,1.934,88806.5,0
4MS,D,20220308,000000,1.934,2.1,1.866,1.867,91606.6,0
4MS,D,20220309,000000,1.9,1.965,1.9,1.91,51020.9,0
4MS,D,20220310,000000,1.91,1.976,1.902,1.902,18441.600000000002,0
4MS,D,20220311,000000,1.901,1.96,1.9,1.912,25194.7,0
4MS,D,20220314,000000,1.957,1.99,1.92,1.951,18987.3,0
4MS,D,20220315,000000,1.976,1.987,1.915,1.924,21159.4,0
4MS,D,20220316,000000,1.959,1.99,1.927,1.959,22615.600000000002,0
4MS,D,20220317,000000,1.96,2.04,1.9,1.98,63200.9,0
4MS,D,20220318,000000,2.002,2.178,1.999,2.06,160812.2,0
4MS,D,20220321,000000,2.062,2.142,2.02,2.02,62263.700000000004,0
4MS,D,20220322,000000,2.098,2.1,1.946,1.999,42283,0
4MS,D,20220323,000000,2.018,2.082,1.97,1.984,53898.4,0
4MS,D,20220324,000000,1.985,2.018,1.984,1.986,27216.100000000002,0
4MS,D,20220325,000000,2,2.028,1.952,2.004,29896.5,0
4MS,D,20220328,000000,1.995,2.068,1.95,2.008,55503.4,0
4MS,D,20220329,000000,2.038,2.04,2,2.038,32580.7,0
4MS,D,20220330,000000,2.038,2.066,2,2.028,30222.600000000002,0
4MS,D,20220331,000000,2.032,2.048,2,2.008,46932.5,0
4MS,D,20220401,000000,2.032,2.042,2.008,2.008,9931.2,0
4MS,D,20220404,000000,2.018,2.05,2,2.04,41321.4,0
4MS,D,20220405,000000,2.038,2.04,2,2.036,20624.600000000002,0
4MS,D,20220406,000000,2.036,2.126,2,2.04,79374.8,0
4MS,D,20220407,000000,2.04,2.068,2,2,38394.700000000004,0
4MS,D,20220408,000000,2.018,2.07,2,2.02,43586.8,0
4MS,D,20220411,000000,2,2.07,2,2.01,22894.9,0
4MS,D,20220412,000000,2.036,2.036,2,2.028,21805.800000000003,0
4MS,D,20220413,000000,2.05,2.05,1.964,2.03,16168.400000000001,0
4MS,D,20220414,000000,2.03,2.035,2,2.035,13419.1,0
4MS,D,20220419,000000,2,2.03,1.972,1.972,33843.700000000004,0
4MS,D,20220420,000000,1.972,2.015,1.972,1.976,24213.7,0
4MS,D,20220421,000000,1.976,2.02,1.88,1.928,101065.70000000001,0
4MS,D,20220422,000000,1.972,1.972,1.9,1.9,24431.5,0
4MS,D,20220425,000000,1.9,1.96,1.85,1.944,19248.9,0
4MS,D,20220426,000000,1.854,1.956,1.854,1.94,13417,0
4MS,D,20220427,000000,1.884,1.938,1.852,1.91,14185,0
4MS,D,20220428,000000,1.856,1.954,1.856,1.938,26258.100000000002,0
4MS,D,20220429,000000,1.9,1.958,1.862,1.928,53889.600000000006,0
4MS,D,20220502,000000,1.928,1.938,1.866,1.9,17016.8,0
4MS,D,20220504,000000,1.898,1.916,1.86,1.866,19333.100000000002,0
4MS,D,20220505,000000,1.866,1.936,1.864,1.88,25183.600000000002,0
4MS,D,20220506,000000,1.914,1.914,1.87,1.89,19720.600000000002,0
4MS,D,20220509,000000,1.96,2.285,1.958,2.035,259856.2,0
4MS,D,20220510,000000,2.04,2.06,1.898,2.015,79319.8,0
4MS,D,20220511,000000,2,2.07,1.908,1.908,26004.5,0
4MS,D,20220512,000000,1.91,1.982,1.902,1.906,33692.200000000004,0
4MS,D,20220513,000000,1.91,1.998,1.91,1.998,63193.600000000006,0
4MS,D,20220516,000000,2,2.09,1.998,2.065,46983.100000000006,0
4MS,D,20220517,000000,2.075,2.22,2.025,2.09,67039.40000000001,0
4MS,D,20220518,000000,2.09,2.175,2.09,2.1,50888.700000000004,0
4MS,D,20220519,000000,2.1,2.16,2.06,2.095,39012.3,0
4MS,D,20220520,000000,2.14,2.14,2.07,2.13,8580.4,0
4MS,D,20220523,000000,2.1,2.125,2.02,2.03,32750.800000000003,0
4MS,D,20220524,000000,2.065,2.085,1.986,1.988,46664,0
4MS,D,20220525,000000,2.05,2.05,1.982,1.994,15485.5,0
4MS,D,20220526,000000,1.98,2.09,1.98,2.055,32322,0
4MS,D,20220527,000000,2.08,2.095,2.035,2.07,32274,0
4MS,D,20220530,000000,2.115,2.16,1.996,1.998,126142.20000000001,0
4MS,D,20220531,000000,1.982,2.07,1.982,2.005,84044.90000000001,0
4MS,D,20220601,000000,2.065,2.065,2.005,2.055,4522.2,0
4MS,D,20220602,000000,2.05,2.05,1.962,1.992,121701.6,0
4MS,D,20220603,000000,1.992,2,1.964,1.964,41845.100000000006,0
4MS,D,20220606,000000,1.964,2.005,1.964,1.984,86459.8,0
4MS,D,20220607,000000,1.984,2,1.97,1.998,66418.90000000001,0
4MS,D,20220608,000000,1.98,1.996,1.91,1.936,17398.9,0
4MS,D,20220609,000000,1.936,1.984,1.912,1.912,10630.6,0
4MS,D,20220610,000000,1.97,1.97,1.9,1.904,18036.7,0
4MS,D,20220613,000000,1.902,1.966,1.9,1.93,29072.9,0
4MS,D,20220614,000000,1.896,1.926,1.854,1.89,11529.7,0
4MS,D,20220615,000000,1.89,1.89,1.814,1.884,20334.9,0
4MS,D,20220617,000000,1.918,1.918,1.852,1.852,21580.300000000003,0
4MS,D,20220620,000000,1.892,1.892,1.822,1.862,16842.600000000002,0
4MS,D,20220621,000000,1.896,1.896,1.7,1.8,62599.700000000004,0
4MS,D,20220622,000000,1.806,1.88,1.792,1.836,21395,0
4MS,D,20220623,000000,1.836,1.97,1.8,1.858,24024,0
4MS,D,20220624,000000,1.85,1.95,1.8,1.846,16253.2,0
4MS,D,20220627,000000,1.9,1.944,1.848,1.852,12849.400000000001,0
4MS,D,20220628,000000,1.852,1.95,1.81,1.862,68556.7,0
4MS,D,20220629,000000,2,2.1,1.9,2.075,230316.1,0
4MS,D,20220630,000000,2.08,2.08,1.952,1.98,33877,0
4MS,D,20220701,000000,2.01,2.15,1.972,2.05,64040.5,0
4MS,D,20220704,000000,2.005,2.09,1.97,2.06,37559.4,0
4MS,D,20220705,000000,2.06,2.06,1.97,1.97,20667,0
4MS,D,20220706,000000,1.952,2.05,1.952,2.025,30972.800000000003,0
4MS,D,20220707,000000,2.02,2.05,1.99,2.04,21231.5,0
4MS,D,20220708,000000,2,2.1,2,2.07,52366.9,0
4MS,D,20220711,000000,2.05,2.1,2,2.005,29689.9,0
4MS,D,20220712,000000,2.005,2.045,1.942,1.988,32331.2,0
4MS,D,20220713,000000,1.988,2.055,1.922,1.97,51671.3,0
4MS,D,20220714,000000,2.025,2.05,1.98,2.03,74056.7,0
4MS,D,20220715,000000,2,2.03,2,2.015,20678,0
4MS,D,20220718,000000,2.015,2.03,2,2.015,43998,0
4MS,D,20220719,000000,2.025,2.025,1.99,2.025,14035.900000000001,0
4MS,D,20220720,000000,2.02,2.025,1.898,1.972,98152.5,0
4MS,D,20220721,000000,2.01,2.075,1.9,2.045,84627.90000000001,0
4MS,D,20220722,000000,2.04,2.395,1.992,2.27,493065.9,0
4MS,D,20220725,000000,2.3,2.34,1.902,2.025,468063.9,0
4MS,D,20220726,000000,2.03,2.165,2,2.07,175116.80000000002,0
4MS,D,20220727,000000,2.07,2.07,1.986,2,63724.9,0
4MS,D,20220728,000000,2.04,2.165,2.005,2.075,101489.1,0
4MS,D,20220729,000000,2.075,2.16,2.055,2.135,137918,0
4MS,D,20220801,000000,2.13,2.13,2.035,2.05,53701.9,0
4MS,D,20220802,000000,2.05,2.125,1.98,2.025,201380,0
4MS,D,20220803,000000,2.065,2.07,2.015,2.025,11395.5,0
4MS,D,20220804,000000,2.025,2.045,1.994,2,75529.3,0
4MS,D,20220805,000000,2.03,2.065,1.996,2.015,50551.200000000004,0
4MS,D,20220808,000000,2.02,2.11,2.01,2.06,64112.700000000004,0
4MS,D,20220809,000000,2.03,2.12,2.03,2.065,33648.1,0
4MS,D,20220810,000000,2.065,2.1,2,2.03,61418.600000000006,0
4MS,D,20220811,000000,2.025,2.145,1.998,2.09,104928.70000000001,0
4MS,D,20220812,000000,2.12,2.23,2.1,2.2,119253.6,0
4MS,D,20220816,000000,2.2,2.395,2.11,2.13,378369,0
4MS,D,20220817,000000,2.16,2.26,2.115,2.18,65221.8,0
4MS,D,20220818,000000,2.19,2.19,2.075,2.09,110662.3,0
4MS,D,20220819,000000,2.09,2.15,2.06,2.08,67079.7,0
4MS,D,20220822,000000,2.06,2.16,2.06,2.125,44105.4,0
4MS,D,20220823,000000,2.105,2.13,2.06,2.06,64674.9,0
4MS,D,20220824,000000,2.06,2.085,2.025,2.035,35754.700000000004,0
4MS,D,20220825,000000,2.035,2.09,2.005,2.01,74103.7,0
4MS,D,20220826,000000,2.01,2.185,2,2.06,164682.90000000002,0
4MS,D,20220829,000000,2.06,2.06,1.952,1.99,109392.70000000001,0
4MS,D,20220830,000000,1.988,2.03,1.988,1.998,20989.9,0
4MS,D,20220831,000000,1.998,2.025,1.98,1.99,33518.200000000004,0
4MS,D,20220901,000000,1.992,2.04,1.97,2.035,13797.2,0
4MS,D,20220902,000000,2.015,2.07,2.005,2.05,19021.5,0
4MS,D,20220905,000000,2.07,2.07,2.01,2.06,12723.800000000001,0
4MS,D,20220906,000000,2.06,2.06,2.005,2.005,12947.300000000001,0
4MS,D,20220907,000000,2.005,2.025,1.95,2,43905.600000000006,0
4MS,D,20220908,000000,2,2,1.92,1.96,54248,0
4MS,D,20220909,000000,1.936,2.05,1.936,2.005,43854.8,0
4MS,D,20220912,000000,2.005,2.05,1.992,1.994,44887.100000000006,0
4MS,D,20220913,000000,1.964,1.994,1.94,1.942,52289.600000000006,0
4MS,D,20220914,000000,1.942,2,1.942,1.99,17065.2,0
4MS,D,20220915,000000,1.996,2.02,1.952,2.02,26678.600000000002,0
4MS,D,20220916,000000,1.99,2,1.96,1.966,35565.4,0
4MS,D,20220919,000000,1.966,2.02,1.96,1.98,65376.8,0
4MS,D,20220920,000000,1.966,2,1.908,1.942,75646.2,0
4MS,D,20220921,000000,1.936,1.938,1.88,1.912,67528.8,0
4MS,D,20220922,000000,1.928,1.93,1.898,1.9,49896.600000000006,0
4MS,D,20220923,000000,1.9,1.998,1.78,1.8,178855.40000000002,0
4MS,D,20220926,000000,1.764,1.84,1.764,1.8,41822,0
4MS,D,20220927,000000,1.824,1.838,1.782,1.838,22546.7,0
4MS,D,20220928,000000,1.82,1.878,1.562,1.702,114524.40000000001,0
4MS,D,20220929,000000,1.754,1.84,1.708,1.77,47708.4,0
4MS,D,20220930,000000,1.8,1.8,1.73,1.768,2141.9,0
4MS,D,20221003,000000,1.77,1.77,1.7,1.712,12048.7,0
4MS,D,20221004,000000,1.712,1.748,1.702,1.71,27077,0
4MS,D,20221005,000000,1.71,1.86,1.71,1.828,70041.7,0
4MS,D,20221020,000000,1.712,1.8,1.6,1.736,127066,0
4MS,D,20221021,000000,1.744,1.82,1.65,1.734,95818,0
4MS,D,20221024,000000,1.7,1.818,1.662,1.818,62045,0
4MS,D,20221025,000000,1.82,1.85,1.8,1.82,33790,0
4MS,D,20221026,000000,1.802,1.996,1.8,1.944,95902,0
4MS,D,20221027,000000,1.944,1.954,1.89,1.936,43370,0
4MS,D,20221028,000000,1.938,2.32,1.894,2.14,223009,0
4MS,D,20221031,000000,2.14,2.19,2.03,2.15,65549,0
4MS,D,20221102,000000,2.15,2.2,2.03,2.14,30048,0
4MS,D,20221103,000000,2.05,2.12,2.03,2.09,33944,0
4MS,D,20221104,000000,2.035,2.1,2.03,2.08,53203,0
4MS,D,20221107,000000,2.085,2.15,2,2.05,50105,0
4MS,D,20221108,000000,2.07,2.1,2.015,2.09,28424,0
4MS,D,20221109,000000,2.02,2.09,2.015,2.085,24731,0
4MS,D,20221110,000000,2.06,2.155,2.03,2.155,71577,0
4MS,D,20221114,000000,2.23,2.32,2.165,2.18,335770,0
4MS,D,20221115,000000,2.18,2.23,2.12,2.19,99507,0
4MS,D,20221116,000000,2.2,2.22,2.13,2.19,23023,0
4MS,D,20221117,000000,2.2,2.22,2.14,2.19,25055,0
4MS,D,20221118,000000,2.155,2.22,2.155,2.2,63058,0
4MS,D,20221121,000000,2.21,2.21,2.175,2.18,13109,0
4MS,D,20221122,000000,2.18,2.215,2.16,2.21,47426,0
4MS,D,20221123,000000,2.2,2.37,2.17,2.34,209682,0
4MS,D,20221124,000000,2.36,2.48,2.3,2.38,285537,0
4MS,D,20221125,000000,2.38,2.43,2.335,2.395,85032,0
4MS,D,20221128,000000,2.36,2.42,2.31,2.38,80637,0
4MS,D,20221129,000000,2.38,2.48,2.38,2.46,100701,0
4MS,D,20221130,000000,2.445,2.59,2.36,2.435,364726,0
4MS,D,20221201,000000,2.44,2.44,2.265,2.31,128518,0
4MS,D,20221202,000000,2.27,2.3,2.105,2.3,93172,0
4MS,D,20221205,000000,2.23,2.305,2.17,2.275,72454,0
4MS,D,20221206,000000,2.245,2.3,2.19,2.23,83773,0
4MS,D,20221207,000000,2.2,2.29,2.17,2.29,44629,0
4MS,D,20221208,000000,2.22,2.56,2.22,2.44,109512,0
4MS,D,20221209,000000,2.455,2.455,2.33,2.385,12031,0
4MS,D,20221212,000000,2.385,2.495,2.3,2.42,55474,0
4MS,D,20221213,000000,2.36,2.415,2.29,2.33,47962,0
4MS,D,20221214,000000,2.33,2.33,2.28,2.33,16624,0
4MS,D,20221215,000000,2.27,2.3,2.205,2.29,54933,0
4MS,D,20221216,000000,2.28,2.32,2.205,2.3,96295,0
4MS,D,20221219,000000,2.32,2.32,2.23,2.295,34279,0
4MS,D,20221220,000000,2.315,2.33,2.24,2.245,27105,0
4MS,D,20221221,000000,2.245,2.27,2.245,2.27,21263,0
4MS,D,20221222,000000,2.27,2.31,2.245,2.295,22659,0
4MS,D,20221223,000000,2.245,2.3,2.24,2.285,5287,0
4MS,D,20221227,000000,2.285,2.285,2.2,2.24,34201,0
4MS,D,20221228,000000,2.205,2.24,2.13,2.2,82039,0
4MS,D,20221229,000000,2.2,2.34,2.2,2.25,53338,0
4MS,D,20221230,000000,2.24,2.295,2.22,2.265,43902,0
4MS,D,20230102,000000,2.26,2.28,2.01,2.22,127590,0
4MS,D,20230103,000000,2.16,2.24,2.16,2.225,22002,0
4MS,D,20230104,000000,2.175,2.225,2.17,2.22,19156,0
4MS,D,20230105,000000,2.19,2.3,2.19,2.265,18219,0
4MS,D,20230109,000000,2.24,2.25,2.195,2.245,16050,0
4MS,D,20230110,000000,2.235,2.305,2.2,2.29,29815,0
4MS,D,20230111,000000,2.25,2.3,2.25,2.3,25984,0
4MS,D,20230112,000000,2.235,2.26,1.912,2.16,744528,0
4MS,D,20230113,000000,2.13,2.195,2.05,2.185,54228,0
4MS,D,20230116,000000,2.155,2.23,2.155,2.22,23073,0
4MS,D,20230117,000000,2.22,2.23,2.16,2.205,48719,0
4MS,D,20230118,000000,2.195,2.28,2.195,2.28,81597,0
4MS,D,20230119,000000,2.23,2.3,2.23,2.3,52188,0
4MS,D,20230120,000000,2.3,2.34,2.26,2.29,82316,0
4MS,D,20230123,000000,2.29,2.335,2.29,2.325,14376,0
4MS,D,20230124,000000,2.3,2.335,2.27,2.32,23791,0
4MS,D,20230125,000000,2.285,2.32,2.275,2.28,73811,0
4MS,D,20230126,000000,2.305,2.32,2.26,2.32,42070,0
4MS,D,20230127,000000,2.27,2.335,2.27,2.335,42006,0
4MS,D,20230130,000000,2.34,2.375,2.34,2.36,69595,0
4MS,D,20230131,000000,2.36,2.385,2.32,2.385,38732,0
4MS,D,20230201,000000,2.385,2.42,2.38,2.415,68836,0
4MS,D,20230202,000000,2.345,2.42,2.345,2.405,33774,0
4MS,D,20230203,000000,2.42,2.435,2.355,2.425,60788,0
4MS,D,20230206,000000,2.42,2.44,2.375,2.43,26733,0
4MS,D,20230207,000000,2.41,2.43,2.365,2.42,15723,0
4MS,D,20230208,000000,2.4,2.465,2.39,2.44,98530,0
4MS,D,20230209,000000,2.435,2.465,2.39,2.445,25492,0
4MS,D,20230210,000000,2.41,2.465,2.4,2.46,41424,0
4MS,D,20230213,000000,2.425,2.515,2.42,2.51,147940,0
4MS,D,20230214,000000,2.5,2.5,2.27,2.3,268311,0
4MS,D,20230215,000000,2.28,2.32,2.25,2.32,128762,0
4MS,D,20230216,000000,2.36,2.36,2.3,2.32,39031,0
4MS,D,20230217,000000,2.31,2.33,2.3,2.3,68657,0
4MS,D,20230220,000000,2.325,2.36,2.3,2.355,43452,0
4MS,D,20230221,000000,2.355,2.53,2.355,2.485,142432,0
4MS,D,20230222,000000,2.495,2.5,2.46,2.49,119352,0
4MS,D,20230223,000000,2.46,2.52,2.41,2.51,41088,0
4MS,D,20230224,000000,2.475,2.525,2.455,2.52,63806,0
4MS,D,20230227,000000,2.49,2.53,2.46,2.53,37203,0
4MS,D,20230228,000000,2.485,2.525,2.48,2.5,57258,0
4MS,D,20230301,000000,2.505,2.7,2.505,2.685,463670,0
4MS,D,20230302,000000,2.68,2.68,2.6,2.645,60162,0
4MS,D,20230303,000000,2.65,2.695,2.6,2.645,123843,0
4MS,D,20230306,000000,2.7,2.755,2.625,2.73,387727,0
4MS,D,20230307,000000,2.73,2.75,2.55,2.71,151588,0
4MS,D,20230308,000000,2.73,2.73,2.635,2.685,65711,0
4MS,D,20230309,000000,2.64,2.675,2.6,2.65,35076,0
4MS,D,20230310,000000,2.6,2.635,2.51,2.585,104829,0
4MS,D,20230313,000000,2.585,2.63,2.44,2.57,55283,0
4MS,D,20230314,000000,2.565,2.57,2.485,2.57,22862,0
4MS,D,20230315,000000,2.565,2.565,2.39,2.46,40217,0
4MS,D,20230316,000000,2.4,2.49,2.4,2.42,26327,0
4MS,D,20230317,000000,2.5,2.5,2.44,2.485,15565,0
4MS,D,20230320,000000,2.475,2.54,2.39,2.47,19375,0
4MS,D,20230321,000000,2.49,2.515,2.43,2.5,33594,0
4MS,D,20230322,000000,2.5,2.52,2.45,2.515,35412,0
4MS,D,20230323,000000,2.515,2.52,2.435,2.52,31013,0
4MS,D,20230324,000000,2.52,2.52,2.42,2.465,18655,0
4MS,D,20230327,000000,2.465,2.515,2.39,2.4,40700,0
4MS,D,20230328,000000,2.39,2.47,2.32,2.36,49535,0
4MS,D,20230329,000000,2.36,2.45,2.36,2.375,10774,0
4MS,D,20230330,000000,2.36,2.44,2.33,2.4,57666,0
4MS,D,20230331,000000,2.4,2.44,2.37,2.42,15562,0
4MS,D,20230403,000000,2.38,2.42,2.365,2.4,12344,0
4MS,D,20230404,000000,2.395,2.4,2.33,2.38,20410,0
4MS,D,20230405,000000,2.4,2.465,2.35,2.465,20425,0
4MS,D,20230406,000000,2.43,2.62,2.43,2.6,81856,0
4MS,D,20230411,000000,2.55,2.59,2.51,2.59,39710,0
4MS,D,20230412,000000,2.595,2.6,2.525,2.585,25251,0
4MS,D,20230413,000000,2.53,2.64,2.49,2.59,63543,0
4MS,D,20230414,000000,2.6,2.64,2.6,2.6,20551,0
4MS,D,20230417,000000,2.595,2.62,2.55,2.6,15544,0
4MS,D,20230418,000000,2.61,2.61,2.54,2.58,25967,0
4MS,D,20230419,000000,2.57,2.59,2.52,2.56,15029,0
4MS,D,20230420,000000,2.57,2.575,2.53,2.545,12749,0
4MS,D,20230421,000000,2.58,2.595,2.53,2.565,23729,0
4MS,D,20230424,000000,2.565,2.59,2.46,2.49,59719,0
4MS,D,20230425,000000,2.525,2.525,2.46,2.48,11919,0
4MS,D,20230426,000000,2.52,2.52,2.46,2.505,22365,0
4MS,D,20230427,000000,2.515,2.56,2.45,2.545,23309,0
4MS,D,20230428,000000,2.52,2.57,2.5,2.565,31768,0
4MS,D,20230502,000000,2.54,2.67,2.54,2.665,50258,0
4MS,D,20230504,000000,2.66,2.71,2.61,2.685,104632,0
4MS,D,20230505,000000,2.705,2.705,2.635,2.65,25409,0
4MS,D,20230508,000000,2.65,2.685,2.635,2.68,15620,0
4MS,D,20230509,000000,2.68,2.68,2.59,2.61,47273,0
4MS,D,20230510,000000,2.625,2.665,2.59,2.6,16662,0
4MS,D,20230511,000000,2.59,2.635,2.585,2.62,12054,0
4MS,D,20230512,000000,2.6,2.71,2.6,2.71,40195,0
4MS,D,20230515,000000,2.76,3.1,2.76,2.95,462211,0
4MS,D,20230516,000000,2.95,2.96,2.805,2.94,79687,0
4MS,D,20230517,000000,2.96,3.39,2.96,3.31,489807,0
4MS,D,20230518,000000,3.31,3.39,3.07,3.135,250308,0
4MS,D,20230519,000000,3.135,3.19,3.065,3.19,115909,0
4MS,D,20230522,000000,3.19,3.37,3.19,3.275,307005,0
4MS,D,20230523,000000,3.275,3.3,3.185,3.28,120741,0
4MS,D,20230524,000000,3.28,3.28,3.17,3.2,39111,0
4MS,D,20230525,000000,3.2,3.3,3.12,3.3,73215,0
4MS,D,20230526,000000,3.305,3.32,3.25,3.29,55725,0
4MS,D,20230529,000000,3.3,3.3,3.2,3.275,50297,0
4MS,D,20230530,000000,3.275,3.275,3.18,3.19,15076,0
4MS,D,20230531,000000,3.16,3.19,3.02,3.095,68658,0
4MS,D,20230601,000000,3.035,3.21,3.035,3.18,62563,0
4MS,D,20230602,000000,3.16,3.45,3.13,3.33,126663,0
4MS,D,20230605,000000,3.33,3.44,3.32,3.365,65938,0
4MS,D,20230606,000000,3.36,3.4,3.2,3.2,84714,0
4MS,D,20230607,000000,3.39,3.45,3.23,3.36,220812,0
4MS,D,20230609,000000,3.38,3.4,3.335,3.37,19938,0
4MS,D,20230612,000000,3.38,3.395,3.29,3.335,29877,0
4MS,D,20230613,000000,3.335,3.365,3.04,3.235,62294,0
4MS,D,20230614,000000,3.23,3.23,3.1,3.13,45558,0
4MS,D,20230615,000000,3.105,3.245,3.1,3.2,45205,0
4MS,D,20230616,000000,3.16,3.39,3.15,3.295,76826,0
4MS,D,20230619,000000,3.265,3.32,3.215,3.28,43551,0
4MS,D,20230620,000000,3.28,3.285,3.22,3.28,19659,0
4MS,D,20230621,000000,3.25,3.295,3.22,3.26,11652,0
4MS,D,20230622,000000,3.22,3.285,3.21,3.285,18093,0
4MS,D,20230623,000000,3.25,3.295,3.22,3.25,22832,0
4MS,D,20230626,000000,3.25,3.3,3.2,3.25,70425,0
4MS,D,20230627,000000,3.235,3.33,3.225,3.3,32379,0
4MS,D,20230628,000000,3.3,3.56,3.3,3.47,239251,0
4MS,D,20230629,000000,3.52,3.89,3.45,3.785,348471,0
4MS,D,20230630,000000,3.81,3.95,3.605,3.75,197435,0
4MS,D,20230703,000000,3.75,3.87,3.65,3.82,57788,0
4MS,D,20230704,000000,3.83,3.86,3.7,3.76,13186,0
4MS,D,20230705,000000,3.85,3.85,3.705,3.79,24267,0
4MS,D,20230706,000000,3.71,3.8,3.7,3.79,21981,0
4MS,D,20230707,000000,3.76,3.76,3.705,3.76,6126,0
4MS,D,20230710,000000,3.785,4,3.735,3.99,82318,0
4MS,D,20230711,000000,3.99,4.2,3.99,4.14,206975,0
4MS,D,20230712,000000,4.135,4.2,4.06,4.165,68578,0
4MS,D,20230713,000000,4.165,4.2,4.09,4.15,57852,0
4MS,D,20230714,000000,4.19,4.32,4.095,4.295,275158,0
4MS,D,20230717,000000,4.315,4.37,4.29,4.32,81250,0
4MS,D,20230718,000000,4.29,4.34,4.235,4.25,29995,0
4MS,D,20230719,000000,4.285,4.285,4.115,4.18,50564,0
4MS,D,20230720,000000,4.175,4.2,4.11,4.2,40655,0
4MS,D,20230721,000000,4.15,4.38,4.145,4.365,54684,0
4MS,D,20230724,000000,4.365,4.385,4.315,4.365,28658,0
4MS,D,20230725,000000,4.39,4.4,4.31,4.37,71938,0
4MS,D,20230726,000000,4.4,4.46,4.38,4.45,75036,0
4MS,D,20230727,000000,4.455,4.465,4.39,4.42,28276,0
4MS,D,20230728,000000,4.42,4.475,4.35,4.455,45022,0
4MS,D,20230731,000000,4.45,4.45,4.33,4.36,30105,0
4MS,D,20230801,000000,4.355,4.4,4.185,4.38,85219,0
4MS,D,20230802,000000,4.3,4.38,4.245,4.265,24298,0
4MS,D,20230803,000000,4.26,4.41,4.26,4.41,59417,0
4MS,D,20230804,000000,4.41,4.41,4.33,4.385,13833,0
4MS,D,20230807,000000,4.35,4.4,4.26,4.3,42026,0
4MS,D,20230808,000000,4.3,4.345,4.255,4.3,16000,0
4MS,D,20230809,000000,4.3,4.35,4.245,4.26,16406,0
4MS,D,20230810,000000,4.25,4.33,4.25,4.32,22229,0
4MS,D,20230811,000000,4.32,4.32,4.25,4.3,18526,0
4MS,D,20230814,000000,4.6,4.98,4.6,4.86,568693,0
4MS,D,20230816,000000,4.88,4.97,4.7,4.78,199777,0
4MS,D,20230817,000000,4.805,4.9,4.805,4.86,41241,0
4MS,D,20230818,000000,4.86,4.885,4.725,4.8,41393,0
4MS,D,20230821,000000,4.8,4.8,4.67,4.7,36045,0
4MS,D,20230822,000000,4.705,4.85,4.6,4.835,90816,0
4MS,D,20230823,000000,4.835,4.85,4.725,4.85,77958,0
4MS,D,20230824,000000,4.865,5.04,4.8,4.88,267901,0
4MS,D,20230825,000000,4.935,4.935,4.785,4.84,39142,0
4MS,D,20230828,000000,4.92,4.92,4.785,4.88,48165,0
4MS,D,20230829,000000,4.805,4.89,4.8,4.89,23765,0
4MS,D,20230830,000000,4.885,5,4.83,4.91,73011,0
4MS,D,20230831,000000,4.91,4.97,4.9,4.91,38868,0
4MS,D,20230901,000000,4.95,5.6,4.95,5.47,496673,0
4MS,D,20230904,000000,5.5,5.9,5.4,5.47,180764,0
4MS,D,20230905,000000,5.5,6,5.32,5.74,206326,0
4MS,D,20230906,000000,5.74,5.89,5.54,5.85,100540,0
4MS,D,20230907,000000,5.85,6.21,5.82,6.17,347940,0
4MS,D,20230908,000000,6.2,6.39,5.85,6.12,186694,0
4MS,D,20230911,000000,6.12,6.18,6.02,6.11,41248,0
4MS,D,20230912,000000,6.1,6.3,6.06,6.3,74383,0
4MS,D,20230913,000000,6.3,6.38,6.16,6.32,55182,0
4MS,D,20230914,000000,6.32,6.35,6.1,6.35,59040,0
4MS,D,20230915,000000,6.35,6.48,6.2,6.48,66724,0
4MS,D,20230918,000000,6.46,7.1,6.32,7.07,299328,0
4MS,D,20230919,000000,7,7,6.72,6.89,59610,0
4MS,D,20230920,000000,6.85,7.1,6.7,6.86,83627,0
4MS,D,20230921,000000,6.98,7.06,6.7,6.82,101768,0
4MS,D,20230922,000000,6.79,6.96,6.14,6.44,278910,0
4MS,D,20230925,000000,6.4,6.44,5.06,5.24,835975,0
4MS,D,20230926,000000,5.3,5.89,4.75,5.71,566119,0
4MS,D,20230927,000000,5.62,6.2,5.6,5.73,177928,0
4MS,D,20230928,000000,5.61,5.8,5.44,5.55,84136,0
4MS,D,20230929,000000,5.65,5.68,5.45,5.6,68710,0
4MS,D,20231002,000000,5.6,5.77,5.22,5.33,98701,0
4MS,D,20231003,000000,5.33,5.49,5.27,5.43,36889,0
4MS,D,20231004,000000,5.39,6.09,5.34,5.99,126347,0
4MS,D,20231005,000000,6.72,7,6.22,6.76,539672,0
4MS,D,20231006,000000,6.61,6.89,6.3,6.71,193405,0
4MS,D,20231009,000000,6.71,6.71,6.1,6.4,232818,0
4MS,D,20231010,000000,6.47,6.47,5.82,5.93,197107,0
4MS,D,20231011,000000,6,6.1,5.87,6.06,51412,0
4MS,D,20231012,000000,6.06,6.1,5.72,5.8,98045,0
4MS,D,20231013,000000,5.8,5.89,5.62,5.79,75610,0
4MS,D,20231016,000000,5.79,5.99,5.14,5.55,143839,0
4MS,D,20231017,000000,5.55,6.19,5.55,5.98,189763,0
4MS,D,20231018,000000,6.01,6.14,5.92,5.99,18352,0
4MS,D,20231019,000000,5.99,6.08,5.82,6.04,54517,0
4MS,D,20231020,000000,6.06,6.08,5.92,6,11488,0
4MS,D,20231023,000000,6.02,6.02,5.8,5.9,44016,0
4MS,D,20231024,000000,5.81,5.83,5.7,5.74,45727,0
4MS,D,20231025,000000,5.73,5.95,5.73,5.8,26480,0
4MS,D,20231026,000000,5.76,5.79,5.69,5.77,28077,0
4MS,D,20231027,000000,5.74,5.87,5.7,5.83,29888,0
4MS,D,20231030,000000,5.83,5.94,5.72,5.91,33818,0
4MS,D,20231031,000000,5.91,6.05,5.82,5.82,89601,0
4MS,D,20231102,000000,5.84,6.29,5.84,6.29,107626,0
4MS,D,20231103,000000,6.29,6.6,6.18,6.43,110772,0
4MS,D,20231106,000000,6.51,6.69,6.45,6.58,33983,0
4MS,D,20231107,000000,6.58,6.65,6.43,6.5,71444,0
4MS,D,20231108,000000,6.57,6.8,6.43,6.68,64048,0
4MS,D,20231109,000000,6.65,6.98,6.62,6.97,129878,0
4MS,D,20231110,000000,6.98,6.98,6.76,6.8,66556,0
4MS,D,20231113,000000,6.64,6.96,6.63,6.9,80453,0
4MS,D,20231114,000000,6.9,6.97,5.98,6.09,448589,0
4MS,D,20231115,000000,6.3,6.3,6.02,6.1,100485,0
4MS,D,20231116,000000,6.03,6.32,6.02,6.23,76987,0
4MS,D,20231117,000000,6.24,6.27,6.11,6.26,31109,0
4MS,D,20231120,000000,6.26,6.3,6.08,6.14,40072,0
4MS,D,20231121,000000,6.13,6.13,5.82,6.03,99955,0
4MS,D,20231122,000000,5.98,6.05,5.75,6.04,104065,0
4MS,D,20231123,000000,6.04,6.04,5.9,5.98,49913,0
4MS,D,20231124,000000,5.92,5.98,5.86,5.9,113087,0
4MS,D,20231127,000000,5.93,6.04,5.87,5.92,38743,0
4MS,D,20231128,000000,6,6.09,5.99,5.99,50328,0
4MS,D,20231129,000000,6.07,6.07,5.76,5.83,242653,0
4MS,D,20231130,000000,5.98,5.99,5.63,5.78,58469,0
4MS,D,20231201,000000,5.78,6.07,5.75,5.9,63043,0
4MS,D,20231204,000000,5.87,6.02,5.87,6,34202,0
4MS,D,20231205,000000,6.02,6.16,5.92,6.09,51907,0
4MS,D,20231206,000000,6.09,6.09,6.01,6.02,42262,0
4MS,D,20231207,000000,6.01,6.01,5.94,5.94,15484,0
4MS,D,20231208,000000,6,6.1,5.88,5.9,50294,0
4MS,D,20231211,000000,5.9,5.99,5.9,5.9,24900,0
4MS,D,20231212,000000,5.9,5.96,5.87,5.89,24470,0
4MS,D,20231213,000000,5.84,5.87,5.76,5.8,37731,0
4MS,D,20231214,000000,5.76,5.85,5.76,5.79,18392,0
4MS,D,20231215,000000,5.79,5.93,5.79,5.9,25082,0
4MS,D,20231218,000000,5.9,5.9,5.69,5.76,75518,0
4MS,D,20231219,000000,5.83,5.83,5.65,5.73,72932,0
4MS,D,20231220,000000,5.77,5.84,5.71,5.81,36254,0
4MS,D,20231221,000000,5.84,5.9,5.78,5.84,77565,0
4MS,D,20231222,000000,5.9,5.9,5.75,5.82,52675,0
4MS,D,20231227,000000,5.83,5.89,5.75,5.75,69495,0
4MS,D,20231228,000000,5.77,5.88,5.77,5.78,29357,0
4MS,D,20231229,000000,5.78,5.88,5.77,5.87,28830,0
4MS,D,20240102,000000,6.09,6.45,6.08,6.27,146267,0
4MS,D,20240103,000000,6.32,6.45,6.2,6.26,84423,0
4MS,D,20240104,000000,6.29,6.35,6.21,6.23,47435,0
4MS,D,20240105,000000,6.29,6.35,6.21,6.25,31515,0
4MS,D,20240108,000000,6.29,6.43,6.28,6.39,52620,0
4MS,D,20240109,000000,6.4,7,6.33,6.82,293353,0
4MS,D,20240110,000000,6.8,7.06,6.71,6.98,198211,0
4MS,D,20240111,000000,7,7.45,7,7.15,158486,0
4MS,D,20240112,000000,7.15,7.33,6.96,7.06,61905,0
4MS,D,20240115,000000,7.02,7.25,6.77,7.25,161672,0
4MS,D,20240116,000000,7.25,7.25,7.11,7.21,35703,0
4MS,D,20240117,000000,7.14,7.21,7.02,7.12,41618,0
4MS,D,20240118,000000,7.1,7.16,7.02,7.06,14126,0
4MS,D,20240119,000000,7.06,7.2,7.02,7.15,32729,0
4MS,D,20240122,000000,7.15,7.18,7.01,7.05,21251,0
4MS,D,20240123,000000,7.05,7.19,6.99,7.1,69913,0
4MS,D,20240124,000000,7.1,7.2,7.1,7.15,11521,0
4MS,D,20240125,000000,7.18,7.18,7.05,7.12,36002,0
4MS,D,20240126,000000,7.15,7.39,7.06,7.3,76539,0
4MS,D,20240129,000000,7.44,7.89,7.44,7.86,231021,0
4MS,D,20240130,000000,7.89,8.04,7.61,7.86,91243,0
4MS,D,20240131,000000,7.83,7.95,7.68,7.68,42201,0
4MS,D,20240201,000000,7.7,7.93,7.63,7.72,26958,0
4MS,D,20240202,000000,7.88,7.88,7.48,7.82,61660,0
4MS,D,20240205,000000,7.82,7.82,7.62,7.64,42183,0
4MS,D,20240206,000000,7.7,8.03,7.69,8.03,139620,0
4MS,D,20240207,000000,8.08,8.2,8.08,8.14,82981,0
4MS,D,20240208,000000,8.14,8.4,8.14,8.3,205522,0
4MS,D,20240209,000000,8.33,8.39,8.12,8.34,252452,0
4MS,D,20240212,000000,8.4,8.44,8.12,8.28,76426,0
4MS,D,20240213,000000,8.25,8.25,7.76,7.98,114639,0
4MS,D,20240214,000000,7.98,8.19,7.24,7.85,119367,0
4MS,D,20240215,000000,7.98,7.98,6.94,7.42,358541,0
4MS,D,20240216,000000,7.5,7.8,7.45,7.8,150355,0
4MS,D,20240219,000000,7.8,7.8,7.2,7.4,133740,0
4MS,D,20240220,000000,7.3,7.4,7.16,7.35,21962,0
4MS,D,20240221,000000,7.32,7.53,7.1,7.1,73042,0
4MS,D,20240222,000000,7.15,7.15,6.8,7.03,161514,0
4MS,D,20240223,000000,7.05,7.39,7.01,7.36,83994,0
4MS,D,20240226,000000,7.34,7.36,7.08,7.11,36636,0
4MS,D,20240227,000000,7.11,7.3,7.04,7.28,37003,0
4MS,D,20240228,000000,7.28,7.28,6.91,7.04,71067,0
4MS,D,20240229,000000,7.04,7.06,6.78,6.95,64161,0
4MS,D,20240301,000000,6.9,6.9,6.66,6.79,164072,0
4MS,D,20240304,000000,6.79,6.93,6.65,6.72,56674,0
4MS,D,20240305,000000,6.76,7.44,6.71,7.05,278073,0
4MS,D,20240306,000000,7.2,7.23,6.98,7,87732,0
4MS,D,20240307,000000,7,7.14,6.85,6.95,38719,0
4MS,D,20240308,000000,6.95,7.1,6.95,7.03,44679,0
4MS,D,20240311,000000,7.09,7.18,7,7.09,40475,0
4MS,D,20240312,000000,7.09,7.15,7,7,52847,0
4MS,D,20240313,000000,7.08,7.08,6.87,6.87,60498,0
4MS,D,20240314,000000,6.87,7,6.79,6.87,77652,0
4MS,D,20240315,000000,6.9,6.99,6.61,6.7,210210,0
4MS,D,20240318,000000,6.7,6.7,6.31,6.34,272848,0
4MS,D,20240319,000000,6.34,6.7,6.32,6.53,112547,0
4MS,D,20240320,000000,6.52,6.8,6.45,6.46,75220,0
4MS,D,20240321,000000,6.41,6.91,6.41,6.89,141319,0
4MS,D,20240322,000000,7,7.5,6.95,7.39,240302,0
4MS,D,20240325,000000,7.55,7.7,7.25,7.4,135278,0
4MS,D,20240326,000000,7.48,7.48,7.25,7.48,71677,0
4MS,D,20240327,000000,7.33,7.55,7.33,7.43,66362,0
4MS,D,20240328,000000,7.45,7.54,7.4,7.48,57753,0
4MS,D,20240402,000000,7.44,7.49,7.31,7.43,71538,0
4MS,D,20240403,000000,7.48,7.48,7.28,7.34,56202,0
4MS,D,20240404,000000,7.3,7.4,7.12,7.18,70129,0
4MS,D,20240405,000000,7.23,7.3,7.06,7.2,67839,0
4MS,D,20240408,000000,7.2,7.2,7.11,7.19,18602,0
4MS,D,20240409,000000,7.18,7.25,7.12,7.22,34602,0
4MS,D,20240410,000000,7.2,7.26,7.12,7.12,43045,0
4MS,D,20240411,000000,7.12,7.24,6.9,7.02,47845,0
4MS,D,20240412,000000,6.93,7.18,6.93,7.08,19938,0
4MS,D,20240415,000000,7.08,7.08,6.81,6.88,55493,0
4MS,D,20240416,000000,6.8,6.96,6.71,6.78,16586,0
4MS,D,20240417,000000,6.89,6.89,6.73,6.76,14971,0
4MS,D,20240418,000000,6.68,6.82,6.62,6.79,14687,0
4MS,D,20240419,000000,6.83,6.84,6.73,6.82,19755,0
4MS,D,20240422,000000,6.82,7.05,6.82,6.99,68574,0
4MS,D,20240423,000000,6.99,6.99,6.79,6.83,75328,0
4MS,D,20240424,000000,6.89,6.89,6.5,6.5,202898,0
4MS,D,20240425,000000,6.52,6.69,6.52,6.6,53682,0
4MS,D,20240426,000000,6.66,6.66,6.5,6.6,38263,0
4MS,D,20240429,000000,6.58,6.88,6.52,6.77,65069,0
4MS,D,20240430,000000,6.8,6.9,6.7,6.87,35187,0
4MS,D,20240502,000000,6.87,6.95,6.73,6.92,20378,0
4MS,D,20240506,000000,6.91,6.92,6.8,6.83,27027,0
4MS,D,20240507,000000,6.82,6.89,6.66,6.76,42799,0
4MS,D,20240508,000000,6.86,6.98,6.78,6.86,29024,0
4MS,D,20240509,000000,6.96,6.96,6.79,6.81,53334,0
4MS,D,20240510,000000,6.8,6.85,6.74,6.78,46781,0
4MS,D,20240513,000000,6.77,6.86,6.04,6.57,94670,0
4MS,D,20240514,000000,6.57,6.74,6.45,6.5,62689,0
4MS,D,20240515,000000,6.5,6.6,6.25,6.3,102349,0
4MS,D,20240516,000000,6.07,6.29,5.97,6.15,245793,0
4MS,D,20240517,000000,6.17,6.4,6.1,6.35,62260,0
4MS,D,20240520,000000,6.37,6.84,6.32,6.79,98053,0
4MS,D,20240521,000000,6.8,6.8,6.6,6.65,35674,0
4MS,D,20240522,000000,6.7,6.7,6.48,6.58,23410,0
4MS,D,20240523,000000,6.56,6.56,6.18,6.3,101257,0
4MS,D,20240524,000000,6.23,6.36,6.08,6.12,48980,0
4MS,D,20240527,000000,6.03,6.14,5.95,5.97,195150,0
4MS,D,20240528,000000,5.95,5.97,5.57,5.65,267040,0
4MS,D,20240529,000000,5.65,6.12,5.65,5.91,124172,0
4MS,D,20240531,000000,5.91,6.18,5.9,6.1,37265,0
4MS,D,20240603,000000,6.1,6.24,6.04,6.15,21825,0
4MS,D,20240604,000000,6.11,6.21,6.11,6.17,19956,0
4MS,D,20240605,000000,6.1,6.2,6.1,6.11,42816,0
4MS,D,20240606,000000,6.12,6.17,6,6.09,10674,0
4MS,D,20240607,000000,6.1,6.11,5.96,6.02,11573,0
4MS,D,20240610,000000,6.05,6.14,5.8,5.98,12441,0
4MS,D,20240611,000000,5.97,6,5.8,5.96,10966,0
4MS,D,20240612,000000,5.9,5.96,5.68,5.73,20911,0
4MS,D,20240613,000000,5.88,5.88,5.73,5.85,45730,0
4MS,D,20240614,000000,5.8,5.9,5.75,5.9,14822,0
4MS,D,20240617,000000,5.9,5.95,5.57,5.95,117199,0
4MS,D,20240618,000000,5.95,5.98,5.82,5.93,34557,0
4MS,D,20240619,000000,5.9,5.9,5.68,5.75,35026,0
4MS,D,20240620,000000,5.7,5.71,5.63,5.69,35941,0
4MS,D,20240621,000000,5.72,5.84,5.72,5.84,10575,0
4MS,D,20240624,000000,5.89,5.89,5.75,5.75,11744,0
4MS,D,20240625,000000,5.87,5.87,5.67,5.84,7969,0
4MS,D,20240626,000000,5.86,5.86,5.65,5.79,33214,0
4MS,D,20240627,000000,5.78,5.87,5.7,5.8,17019,0
4MS,D,20240628,000000,5.82,5.92,5.75,5.87,77413,0
4MS,D,20240701,000000,5.87,5.99,5.7,5.81,81380,0
4MS,D,20240702,000000,5.69,5.79,5.35,5.56,134192,0
4MS,D,20240703,000000,5.5,5.91,5.49,5.88,198856,0
4MS,D,20240704,000000,5.92,6,5.66,5.73,119692,0
4MS,D,20240705,000000,5.69,5.84,5.66,5.78,46799,0
4MS,D,20240708,000000,5.78,5.87,5.7,5.75,49642,0
4MS,D,20240709,000000,5.75,5.79,5.7,5.76,43527,0
4MS,D,20240710,000000,5.76,5.96,5.72,5.85,52079,0
4MS,D,20240711,000000,5.84,5.88,5.75,5.81,105927,0
4MS,D,20240712,000000,5.83,6.25,5.77,6.23,237286,0
4MS,D,20240715,000000,6.3,6.4,6.23,6.4,77351,0
4MS,D,20240716,000000,6.4,6.41,5.94,5.99,255671,0
4MS,D,20240717,000000,6.04,6.12,5.94,6.11,111101,0
4MS,D,20240718,000000,6.12,6.2,5.98,6,136950,0
4MS,D,20240719,000000,6.06,6.13,5.92,6.09,34726,0
4MS,D,20240722,000000,6.09,6.09,5.96,6.03,25343,0
4MS,D,20240723,000000,6.05,6.15,6.05,6.08,24064,0
4MS,D,20240724,000000,6.02,6.19,6.02,6.02,28606,0
4MS,D,20240725,000000,6.01,6.17,5.91,6.08,80445,0
4MS,D,20240726,000000,6.08,6.43,6.01,6.4,71799,0
4MS,D,20240729,000000,6.4,6.49,6.26,6.26,17149,0
4MS,D,20240730,000000,6.28,6.45,6.21,6.24,71080,0
4MS,D,20240731,000000,6.26,6.49,6.21,6.34,75856,0
4MS,D,20240801,000000,6.39,6.48,6.3,6.36,49251,0
4MS,D,20240802,000000,6.28,6.39,6.22,6.24,46835,0
4MS,D,20240805,000000,6.16,6.2,5.91,6.18,129364,0
4MS,D,20240806,000000,6.2,6.35,6.17,6.22,53682,0
4MS,D,20240807,000000,6.26,6.37,6.26,6.35,20485,0
4MS,D,20240808,000000,6.28,6.72,6.28,6.71,52058,0
4MS,D,20240809,000000,6.71,6.86,6.54,6.67,34539,0
4MS,D,20240812,000000,6.61,6.7,6.49,6.54,29933,0
4MS,D,20240813,000000,6.53,6.69,6.48,6.5,52338,0
4MS,D,20240814,000000,6.65,6.65,6.16,6.33,105327,0
4MS,D,20240816,000000,6.2,6.65,6.2,6.38,64456,0
4MS,D,20240819,000000,6.36,6.43,6.13,6.3,52417,0
4MS,D,20240820,000000,6.19,6.25,6,6.2,38085,0
4MS,D,20240821,000000,6.16,6.35,6.16,6.35,22358,0
4MS,D,20240822,000000,6.36,6.44,6.22,6.33,52968,0
4MS,D,20240823,000000,6.35,6.35,6.01,6.23,39097,0
4MS,D,20240826,000000,6.2,6.25,6.1,6.2,12454,0
4MS,D,20240827,000000,6.11,6.2,6.1,6.19,20657,0
4MS,D,20240828,000000,6.19,6.25,6.12,6.25,28775,0
4MS,D,20240829,000000,6.27,6.47,6.17,6.31,46460,0
4MS,D,20240830,000000,6.27,6.37,6.22,6.3,6636,0
4MS,D,20240902,000000,6.24,6.29,6.11,6.17,68724,0
4MS,D,20240903,000000,6.18,6.23,6.06,6.1,72537,0
4MS,D,20240904,000000,6.05,6.16,5.8,6.05,95881,0
4MS,D,20240905,000000,5.94,6.08,5.87,6,100102,0
4MS,D,20240906,000000,6,6.09,5.95,6.01,51150,0
4MS,D,20240909,000000,5.99,6.05,5.87,5.93,23719,0
4MS,D,20240910,000000,6.06,6.06,5.8,5.9,50294,0
4MS,D,20240911,000000,5.9,5.98,5.82,5.95,22268,0
4MS,D,20240912,000000,5.9,5.98,5.83,5.92,12261,0
4MS,D,20240913,000000,5.95,5.95,5.82,5.84,14238,0
4MS,D,20240916,000000,5.91,5.91,5.84,5.88,5041,0
4MS,D,20240917,000000,5.88,5.91,5.83,5.87,16537,0
4MS,D,20240918,000000,5.85,5.94,5.84,5.84,13424,0
4MS,D,20240919,000000,5.89,5.9,5.83,5.83,19647,0
4MS,D,20240920,000000,5.84,5.92,5.82,5.85,5741,0
4MS,D,20240923,000000,5.87,5.88,5.75,5.85,24996,0
4MS,D,20240924,000000,5.76,5.84,5.74,5.74,46813,0
4MS,D,20240925,000000,5.74,5.85,5.7,5.8,21723,0
4MS,D,20240926,000000,5.82,5.89,5.74,5.89,19022,0
4MS,D,20240927,000000,5.89,5.95,5.81,5.82,16063,0
4MS,D,20240930,000000,5.82,5.94,5.71,5.82,76514,0
4MS,D,20241001,000000,5.82,5.84,5.75,5.8,36450,0
4MS,D,20241002,000000,5.8,6.08,5.75,5.95,48579,0
4MS,D,20241003,000000,5.95,6.18,5.84,6.09,27017,0
4MS,D,20241004,000000,6.09,6.38,6,6.3,45366,0
4MS,D,20241007,000000,6.35,6.48,6.34,6.38,47287,0
4MS,D,20241008,000000,6.43,6.43,6.31,6.38,21032,0
4MS,D,20241009,000000,6.4,6.4,6.27,6.36,16963,0
4MS,D,20241010,000000,6.37,6.5,6.37,6.5,24940,0
4MS,D,20241011,000000,6.5,6.75,6.41,6.55,74068,0
4MS,D,20241014,000000,6.68,6.83,6.6,6.8,70247,0
4MS,D,20241015,000000,6.83,7.17,6.83,7.04,101200,0
4MS,D,20241016,000000,7.14,7.16,6.95,7.1,14312,0
4MS,D,20241017,000000,7.12,7.15,6.51,7,36149,0
4MS,D,20241018,000000,6.85,7.1,6.85,6.94,17411,0
4MS,D,20241021,000000,7.09,7.1,6.95,7.08,23237,0
4MS,D,20241022,000000,7.09,7.09,6.86,6.97,11325,0
4MS,D,20241023,000000,7.02,7.08,6.6,6.97,14837,0
4MS,D,20241024,000000,6.95,7.04,6.93,7.04,3475,0
4MS,D,20241025,000000,6.87,7.02,6.87,7,17968,0
4MS,D,20241028,000000,7,7.08,6.93,7,22898,0
4MS,D,20241029,000000,7,7.05,6.96,7.04,10838,0
4MS,D,20241030,000000,7.04,7.08,6.97,7.05,26834,0
4MS,D,20241031,000000,7,7.05,6.97,7.04,15048,0
4MS,D,20241104,000000,7.04,7.04,6.93,6.95,19755,0
4MS,D,20241105,000000,6.98,7.02,6.82,7.01,9474,0
4MS,D,20241106,000000,6.96,7.03,6.91,6.98,16045,0
4MS,D,20241107,000000,6.99,7,6.91,7,17484,0
4MS,D,20241108,000000,7.03,7.03,6.88,6.95,29926,0
4MS,D,20241112,000000,6.9,6.95,6.71,6.9,33016,0
4MS,D,20241113,000000,6.9,7,6.75,6.9,26410,0
4MS,D,20241114,000000,6.85,6.92,6.33,6.68,147363,0
4MS,D,20241115,000000,6.7,6.78,6.41,6.59,28445,0
4MS,D,20241118,000000,6.59,6.8,6.4,6.52,30516,0
4MS,D,20241119,000000,6.52,6.7,6.31,6.44,32741,0
4MS,D,20241120,000000,6.32,6.6,6.32,6.48,26015,0
4MS,D,20241121,000000,6.48,6.6,6.4,6.47,33322,0
4MS,D,20241122,000000,6.5,6.56,6.35,6.44,52878,0
4MS,D,20241125,000000,6.44,6.5,6.1,6.23,63059,0
4MS,D,20241126,000000,6.29,6.4,6.24,6.32,36750,0
4MS,D,20241127,000000,6.28,6.37,6.21,6.28,21080,0
4MS,D,20241128,000000,6.27,6.43,6.24,6.43,18930,0
4MS,D,20241129,000000,6.44,6.48,5.61,6.27,70563,0
4MS,D,20241202,000000,6.2,6.5,6.01,6.3,32619,0
4MS,D,20241203,000000,6.4,6.42,6.2,6.29,32711,0
4MS,D,20241204,000000,6.29,6.49,6.22,6.4,21002,0
4MS,D,20241205,000000,6.3,6.43,6.3,6.39,13241,0
4MS,D,20241206,000000,6.45,6.8,6.45,6.74,52022,0
4MS,D,20241209,000000,6.78,6.82,6.48,6.56,53548,0
4MS,D,20241210,000000,6.53,6.64,6.51,6.58,16646,0
4MS,D,20241211,000000,6.75,6.75,6.41,6.5,23496,0
4MS,D,20241212,000000,6.45,6.59,6.4,6.46,9319,0
4MS,D,20241213,000000,6.32,6.49,6.31,6.38,10277,0
4MS,D,20241216,000000,6.38,6.49,6.36,6.41,42193,0
4MS,D,20241217,000000,6.5,6.5,6.33,6.34,70623,0
4MS,D,20241218,000000,6.34,6.45,6.34,6.43,34157,0
4MS,D,20241219,000000,6.43,6.44,6.2,6.2,81634,0
4MS,D,20241220,000000,6.16,6.3,6.08,6.24,35800,0
4MS,D,20241223,000000,6.28,6.28,6.13,6.21,76977,0
4MS,D,20241227,000000,6.15,6.29,6.12,6.28,41044,0
4MS,D,20241230,000000,6.25,6.44,6.2,6.4,66779,0
4MS,D,20250102,000000,6.5,6.79,6.4,6.66,43852,0
4MS,D,20250103,000000,6.66,6.69,6.52,6.64,35666,0
4MS,D,20250107,000000,6.82,6.82,6.64,6.73,127762,0
4MS,D,20250108,000000,6.77,6.77,6.66,6.67,32649,0
4MS,D,20250109,000000,6.7,6.78,6.7,6.74,21287,0
4MS,D,20250110,000000,6.77,6.93,6.77,6.92,73008,0
4MS,D,20250113,000000,6.92,7.01,6.9,6.92,58158,0
4MS,D,20250114,000000,6.96,7.34,6.96,7.23,188569,0
4MS,D,20250115,000000,7.23,7.32,7.18,7.3,41503,0
4MS,D,20250116,000000,7.33,7.4,7.27,7.33,61142,0
4MS,D,20250117,000000,7.33,7.39,7.11,7.25,43004,0
4MS,D,20250120,000000,7.27,7.39,7.27,7.35,61032,0
4MS,D,20250121,000000,7.35,7.35,7.2,7.21,18177,0
4MS,D,20250122,000000,7.21,7.28,7.11,7.15,31759,0
4MS,D,20250123,000000,7.15,7.2,7.15,7.19,14621,0
4MS,D,20250124,000000,7.17,7.19,7,7.13,25682,0
4MS,D,20250127,000000,7.12,7.19,7.04,7.18,37600,0
4MS,D,20250128,000000,7.19,7.25,7,7.14,48567,0
4MS,D,20250129,000000,7.14,7.21,7.03,7.03,77936,0
4MS,D,20250130,000000,7.07,7.11,6.98,7.07,73258,0
4MS,D,20250131,000000,7.01,7.03,6.95,6.96,22586,0
4MS,D,20250203,000000,6.95,6.95,6.85,6.9,14816,0
4MS,D,20250204,000000,6.9,6.95,6.75,6.8,22059,0
4MS,D,20250205,000000,6.87,6.92,6.67,6.92,34980,0
4MS,D,20250206,000000,6.95,6.99,6.74,6.87,58947,0
4MS,D,20250207,000000,6.86,6.96,6.8,6.9,17678,0
4MS,D,20250210,000000,6.9,6.99,6.88,6.93,39617,0
4MS,D,20250211,000000,6.93,6.95,6.84,6.89,31186,0
4MS,D,20250212,000000,6.98,6.99,6.85,6.89,33751,0
4MS,D,20250213,000000,6.86,6.97,6.69,6.8,61037,0
4MS,D,20250214,000000,6.89,6.9,6.7,6.84,47282,0
4MS,D,20250217,000000,6.74,6.96,6.74,6.86,45009,0
4MS,D,20250218,000000,6.88,6.95,6.8,6.94,30752,0
4MS,D,20250219,000000,6.95,6.98,6.7,6.84,72667,0
4MS,D,20250220,000000,6.75,6.93,6.52,6.73,75927,0
4MS,D,20250221,000000,6.72,6.86,6.61,6.85,43711,0
4MS,D,20250224,000000,6.75,6.92,6.68,6.74,56763,0
4MS,D,20250225,000000,6.74,6.79,6.61,6.74,55070,0
4MS,D,20250226,000000,6.74,6.78,6.67,6.7,22479,0
4MS,D,20250227,000000,6.75,6.8,6.62,6.74,38249,0
4MS,D,20250228,000000,6.72,6.73,6.56,6.71,37764,0
4MS,D,20250303,000000,6.71,6.71,6.5,6.62,40133,0
4MS,D,20250304,000000,6.49,6.5,6.22,6.25,93145,0
4MS,D,20250305,000000,6.3,6.5,6.3,6.35,83802,0
4MS,D,20250306,000000,6.35,6.46,6.22,6.36,33283,0
4MS,D,20250307,000000,6.28,6.4,6.21,6.25,32842,0
4MS,D,20250310,000000,6.35,6.4,6.25,6.37,48983,0
4MS,D,20250311,000000,6.35,6.36,6.1,6.18,61821,0
4MS,D,20250312,000000,6.24,6.4,6.1,6.34,44769,0
4MS,D,20250313,000000,6.4,6.4,6.2,6.31,30466,0
4MS,D,20250314,000000,6.31,6.38,6.19,6.35,33477,0
4MS,D,20250317,000000,6.35,6.38,6.26,6.35,24311,0
4MS,D,20250318,000000,6.38,6.39,6.27,6.35,36630,0
4MS,D,20250319,000000,6.3,6.32,6.21,6.31,25239,0
4MS,D,20250320,000000,6.31,6.31,6.25,6.29,10211,0
4MS,D,20250321,000000,6.28,6.28,6.13,6.27,22650,0
4MS,D,20250324,000000,6.27,6.68,6.2,6.67,120611,0
4MS,D,20250325,000000,6.67,6.7,6.45,6.5,41100,0
4MS,D,20250326,000000,6.53,6.6,6.42,6.5,36821,0
4MS,D,20250327,000000,6.48,6.48,6.35,6.42,19148,0
4MS,D,20250328,000000,6.4,6.43,6.3,6.34,35830,0
4MS,D,20250331,000000,6.27,6.38,6.2,6.21,50795,0
4MS,D,20250401,000000,6.29,6.4,6.29,6.35,21223,0
4MS,D,20250402,000000,6.37,6.39,6.26,6.35,14903,0
4MS,D,20250403,000000,6.3,6.39,6.13,6.19,39115,0
4MS,D,20250404,000000,6.14,6.3,5.85,6.04,154161,0
4MS,D,20250407,000000,6,6,5.55,5.82,95402,0
4MS,D,20250408,000000,5.98,6,5.9,5.97,40135,0
4MS,D,20250409,000000,5.92,5.92,5.74,5.91,45840,0
4MS,D,20250410,000000,6.04,6.04,5.85,5.93,113989,0
4MS,D,20250411,000000,5.89,6.09,5.81,5.97,25547,0
4MS,D,20250414,000000,5.9,5.98,5.81,5.95,32234,0
4MS,D,20250415,000000,5.9,6,5.85,5.95,14240,0
4MS,D,20250416,000000,5.95,5.95,5.8,5.91,20019,0
4MS,D,20250417,000000,5.91,5.92,5.83,5.87,12752,0
4MS,D,20250422,000000,5.93,5.95,5.7,5.88,61426,0
4MS,D,20250423,000000,5.83,6,5.81,5.97,68929,0
4MS,D,20250424,000000,5.97,6.1,5.81,5.92,109648,0
4MS,D,20250425,000000,5.99,5.99,5.83,5.91,48654,0
4MS,D,20250428,000000,5.97,5.97,5.84,5.9,51017,0
4MS,D,20250429,000000,5.93,5.93,5.84,5.89,51059,0
4MS,D,20250430,000000,5.86,5.92,5.43,5.52,70134,0
4MS,D,20250502,000000,5.36,5.37,5,5.18,362330,0
4MS,D,20250505,000000,5.18,5.18,4.81,4.895,201333,0
4MS,D,20250506,000000,4.89,5.16,4.81,5.15,64085,0
4MS,D,20250507,000000,5.15,5.26,5.03,5.17,89537,0
4MS,D,20250508,000000,5.17,5.17,5,5.02,47818,0
4MS,D,20250509,000000,5.02,5.09,4.95,5.04,36433,0
4MS,D,20250512,000000,4.98,5.09,4.94,4.99,40478,0
4MS,D,20250513,000000,4.95,5.05,4.755,4.87,98858,0
4MS,D,20250514,000000,4.805,4.94,4.65,4.785,193919,0
4MS,D,20250515,000000,4.785,4.93,4.715,4.9,155189,0
4MS,D,20250516,000000,4.89,4.89,4.665,4.69,139982,0
4MS,D,20250519,000000,4.685,4.685,4.25,4.3,406142,0
4MS,D,20250520,000000,4.26,4.34,3.835,4.115,940864,0
4MS,D,20250521,000000,4.15,4.45,4.15,4.395,128449,0
4MS,D,20250522,000000,4.395,4.45,4.3,4.34,60861,0
4MS,D,20250523,000000,4.4,4.4,4.12,4.275,97230,0
4MS,D,20250526,000000,4.2,4.41,4.19,4.345,76713,0
4MS,D,20250527,000000,4.365,4.365,4.205,4.34,36204,0
4MS,D,20250528,000000,4.34,4.35,4.21,4.27,50444,0
4MS,D,20250529,000000,4.27,4.355,4.26,4.34,30862,0
4MS,D,20250530,000000,4.34,4.375,4.21,4.34,21723,0
4MS,D,20250602,000000,3.95,4.12,3.84,4.04,246001,0
4MS,D,20250603,000000,4.02,4.06,3.88,3.95,131436,0
4MS,D,20250604,000000,3.95,4.07,3.89,4.05,74627,0
4MS,D,20250605,000000,4.05,4.39,3.99,4.35,105382,0
4MS,D,20250606,000000,4.37,4.465,4.21,4.3,51518,0
4MS,D,20250609,000000,4.3,4.39,4.2,4.39,64443,0
4MS,D,20250610,000000,4.39,4.55,4.39,4.51,73794,0
4MS,D,20250611,000000,4.515,4.78,4.45,4.77,160689,0
4MS,D,20250612,000000,4.77,4.84,4.3,4.68,101760,0
4MS,D,20250613,000000,4.77,4.79,4.57,4.7,28961,0
4MS,D,20250616,000000,4.7,4.735,4.565,4.64,12933,0
4MS,D,20250617,000000,4.68,4.755,4.41,4.655,33792,0
4MS,D,20250618,000000,4.675,4.675,4.5,4.62,34042,0
4MS,D,20250620,000000,4.51,4.585,4.46,4.535,21973,0
4MS,D,20250623,000000,4.49,4.52,4.2,4.3,78671,0
4MS,D,20250624,000000,4.34,4.43,4.225,4.32,58447,0
4MS,D,20250625,000000,4.25,4.395,4.24,4.3,98919,0
4MS,D,20250626,000000,4.3,4.39,4.3,4.35,50908,0
4MS,D,20250627,000000,4.35,4.38,4.3,4.36,27551,0
4MS,D,20250630,000000,4.37,4.4,4.3,4.335,25140,0
4MS,D,20250701,000000,4.335,4.36,4.3,4.35,64265,0
4MS,D,20250702,000000,4.355,4.355,4.3,4.345,37175,0
4MS,D,20250703,000000,4.35,4.35,4.3,4.33,26722,0
4MS,D,20250704,000000,4.33,4.33,4.3,4.33,29876,0
4MS,D,20250707,000000,4.35,4.35,4.3,4.33,33178,0
4MS,D,20250708,000000,4.3,4.35,4.3,4.345,36165,0
4MS,D,20250709,000000,4.3,4.345,4.3,4.33,10691,0
4MS,D,20250710,000000,4.33,4.58,4.33,4.54,65926,0
4MS,D,20250711,000000,4.575,4.68,4.575,4.6,51173,0
4MS,D,20250714,000000,4.59,4.6,4.41,4.44,38829,0
4MS,D,20250715,000000,4.44,4.63,4.395,4.6,38453,0
4MS,D,20250716,000000,4.61,4.665,4.505,4.63,18458,0
4MS,D,20250717,000000,4.63,4.685,4.555,4.65,36273,0
4MS,D,20250718,000000,4.65,4.68,4.52,4.615,20820,0
4MS,D,20250721,000000,4.525,4.745,4.525,4.68,47232,0
4MS,D,20250722,000000,4.68,4.68,4.57,4.645,17456,0
4MS,D,20250723,000000,4.645,4.75,4.6,4.7,38909,0
4MS,D,20250724,000000,4.65,4.745,4.62,4.62,20617,0
4MS,D,20250725,000000,4.63,4.775,4.63,4.7,38064,0
4MS,D,20250728,000000,4.67,4.74,4.625,4.64,12784,0
4MS,D,20250729,000000,4.64,4.685,4.58,4.655,11246,0
4MS,D,20250730,000000,4.585,4.675,4.55,4.6,11856,0
4MS,D,20250731,000000,4.6,4.64,4.505,4.6,13432,0
4MS,D,20250801,000000,4.58,4.58,4.395,4.48,30784,0
4MS,D,20250804,000000,4.48,4.48,4.305,4.39,37817,0
4MS,D,20250805,000000,4.335,4.44,4.33,4.41,33738,0
4MS,D,20250806,000000,4.4,4.415,4.32,4.4,24254,0
4MS,D,20250807,000000,4.315,4.44,4.315,4.44,17108,0
4MS,D,20250808,000000,4.44,4.44,4.365,4.43,13820,0
4MS,D,20250811,000000,4.43,4.465,4.345,4.35,14952,0
4MS,D,20250812,000000,4.435,4.445,4.35,4.36,14648,0
4MS,D,20250813,000000,4.35,4.65,4.35,4.64,118797,0
4MS,D,20250814,000000,4.665,4.84,4.605,4.82,99404,0
4MS,D,20250818,000000,4.82,4.82,4.61,4.73,16669,0
4MS,D,20250819,000000,4.73,4.87,4.7,4.84,40407,0
4MS,D,20250820,000000,4.865,5.08,4.8,4.99,202909,0
4MS,D,20250821,000000,4.99,5.05,4.9,4.95,28845,0
4MS,D,20250822,000000,4.94,4.96,4.84,4.96,32795,0
4MS,D,20250825,000000,4.96,5.05,4.92,5,50608,0
4MS,D,20250826,000000,5,5.03,4.94,5.02,91715,0
4MS,D,20250827,000000,5.03,5.03,4.905,4.99,54140,0
4MS,D,20250828,000000,4.99,5.03,4.9,5.03,27670,0
4MS,D,20250829,000000,5.02,5.02,4.94,4.995,13661,0
4MS,D,20250901,000000,5,5,4.92,4.93,21052,0
4MS,D,20250902,000000,4.92,4.92,4.77,4.84,37394,0
4MS,D,20250903,000000,4.75,4.81,4.7,4.75,12902,0
4MS,D,20250904,000000,4.7,4.745,4.66,4.725,27393,0
4MS,D,20250905,000000,4.7,4.82,4.7,4.8,12650,0
4MS,D,20250908,000000,4.795,4.795,4.7,4.76,18288,0
4MS,D,20250909,000000,4.765,4.82,4.67,4.74,12873,0
4MS,D,20250910,000000,4.74,4.75,4.67,4.74,17856,0
4MS,D,20250911,000000,4.74,4.74,4.62,4.63,23570,0
4MS,D,20250912,000000,4.63,4.65,4.55,4.65,33533,0
4MS,D,20250915,000000,4.56,4.66,4.505,4.59,22495,0
4MS,D,20250916,000000,4.59,4.6,4.41,4.54,36949,0
4MS,D,20250917,000000,4.535,4.55,4.445,4.55,13721,0
4MS,D,20250918,000000,4.49,4.66,4.49,4.545,27363,0
4MS,D,20250919,000000,4.55,4.66,4.55,4.65,20918,0
4MS,D,20250922,000000,4.65,4.65,4.48,4.595,18694,0
4MS,D,20250923,000000,4.59,4.59,4.43,4.53,16214,0
4MS,D,20250924,000000,4.5,4.57,4.44,4.57,13799,0
4MS,D,20250925,000000,4.43,4.62,4.415,4.62,24040,0
4MS,D,20250926,000000,4.63,4.66,4.46,4.66,21938,0
4MS,D,20250929,000000,4.66,4.7,4.51,4.665,185388,0
4MS,D,20250930,000000,4.66,4.66,4.52,4.635,18815,0
4MS,D,20251001,000000,4.48,4.48,4.3,4.4,340366,0
4MS,D,20251002,000000,4.4,4.445,4.3,4.36,129677,0
4MS,D,20251003,000000,4.34,4.385,4.3,4.33,90670,0
4MS,D,20251006,000000,4.31,4.43,4.3,4.42,73997,0
4MS,D,20251007,000000,4.42,4.435,4.39,4.425,25351,0
4MS,D,20251008,000000,4.4,4.49,4.395,4.49,34624,0
4MS,D,20251009,000000,4.49,4.52,4.355,4.46,31748,0
4MS,D,20251010,000000,4.46,4.495,4.33,4.43,28205,0
4MS,D,20251013,000000,4.43,4.43,4.33,4.43,32125,0
4MS,D,20251014,000000,4.425,4.48,4.35,4.4,32183,0
4MS,D,20251015,000000,4.4,4.48,4.355,4.43,16860,0
4MS,D,20251016,000000,4.365,4.53,4.36,4.53,35525,0
4MS,D,20251017,000000,4.5,4.5,4.37,4.495,13664,0
4MS,D,20251020,000000,4.38,4.55,4.38,4.49,25822,0
4MS,D,20251021,000000,4.48,4.51,4.425,4.51,18305,0
4MS,D,20251022,000000,4.49,4.505,4.42,4.5,25354,0
4MS,D,20251023,000000,4.5,4.55,4.45,4.55,34247,0
4MS,D,20251024,000000,4.53,4.56,4.53,4.56,76119,0
4MS,D,20251027,000000,4.56,4.56,4.405,4.53,16376,0
4MS,D,20251028,000000,4.435,4.5,4.435,4.465,6220,0
4MS,D,20251029,000000,4.425,4.465,4.3,4.39,22633,0
4MS,D,20251030,000000,4.31,4.4,4.31,4.35,13791,0
4MS,D,20251031,000000,4.35,4.35,4.26,4.335,22922,0
4MS,D,20251103,000000,4.345,4.4,4.2,4.205,39061,0
4MS,D,20251104,000000,4.205,4.24,4.005,4.14,76911,0
4MS,D,20251105,000000,4.1,4.16,4.03,4.1,68658,0
4MS,D,20251106,000000,4.15,4.15,4.02,4.1,42391,0
4MS,D,20251107,000000,4.095,4.2,4.05,4.1,26670,0
4MS,D,20251110,000000,4.07,4.23,4.04,4.105,33773,0
4MS,D,20251112,000000,4.1,4.19,4.065,4.085,48827,0
4MS,D,20251113,000000,4.1,4.19,4.065,4.17,157379,0
4MS,D,20251114,000000,4.165,4.395,4.07,4.3,74261,0
4MS,D,20251117,000000,4.3,4.345,4.25,4.3,21136,0
4MS,D,20251118,000000,4.3,4.365,4.275,4.345,57673,0
4MS,D,20251119,000000,4.345,4.44,4.2,4.39,32162,0
4MS,D,20251120,000000,4.36,4.4,4.21,4.235,37481,0
4MS,D,20251121,000000,4.205,4.28,4.2,4.28,17204,0
4MS,D,20251124,000000,4.27,4.27,4.185,4.21,23747,0
4MS,D,20251125,000000,4.205,4.27,4.2,4.245,7396,0
4MS,D,20251126,000000,4.24,4.27,4.075,4.17,63268,0
4MS,D,20251127,000000,4.105,4.15,4.05,4.12,55393,0
4MS,D,20251128,000000,4.08,4.19,4.05,4.12,35965,0
4MS,D,20251201,000000,4.02,4.145,4.02,4.1,46110,0
4MS,D,20251202,000000,4.055,4.14,4.055,4.14,22522,0
4MS,D,20251203,000000,4.065,4.17,4.065,4.12,45725,0
4MS,D,20251204,000000,4.08,4.21,4.08,4.16,67520,0
4MS,D,20251205,000000,4.19,4.19,4.1,4.1,26877,0
4MS,D,20251208,000000,4.12,4.175,4.08,4.11,39122,0
4MS,D,20251209,000000,4.11,4.175,4.04,4.14,47797,0
4MS,D,20251210,000000,4.145,4.195,4.11,4.195,36712,0
4MS,D,20251211,000000,4.195,4.265,4.11,4.17,33767,0
4MS,D,20251212,000000,4.16,4.25,4.16,4.2,15117,0
4MS,D,20251215,000000,4.2,4.225,4.15,4.215,70827,0
4MS,D,20251216,000000,4.175,4.54,4.115,4.44,106675,0
4MS,D,20251217,000000,4.42,4.5,4.33,4.45,39283,0
4MS,D,20251218,000000,4.45,4.485,4.36,4.44,40701,0
4MS,D,20251219,000000,4.44,4.47,4.38,4.38,37652,0
4MS,D,20251222,000000,4.36,4.5,4.3,4.38,78329,0
4MS,D,20251223,000000,4.38,4.38,4.25,4.325,62020,0
4MS,D,20251229,000000,4.27,4.35,4.16,4.35,70479,0
4MS,D,20251230,000000,4.26,4.26,4.21,4.21,28743,0
4MS,D,20260102,000000,4.2,4.26,4.1,4.19,43782,0
4MS,D,20260105,000000,4.19,4.25,4.155,4.225,25387,0
4MS,D,20260107,000000,4.225,4.24,4.17,4.17,30561,0
4MS,D,20260108,000000,4.17,4.2,4.155,4.195,17278,0
4MS,D,20260109,000000,4.195,4.195,4.175,4.19,20057,0
4MS,D,20260112,000000,4.175,4.19,4.155,4.17,25467,0
4MS,D,20260113,000000,4.155,4.2,4.15,4.18,29294,0
4MS,D,20260114,000000,4.19,4.23,4.155,4.185,26074,0
4MS,D,20260115,000000,4.185,4.225,4.185,4.2,13070,0
4MS,D,20260116,000000,4.195,4.22,4.14,4.19,27806,0
4MS,D,20260119,000000,4.145,4.22,4.145,4.22,19504,0
4MS,D,20260120,000000,4.22,4.225,4.175,4.2,11365,0
4MS,D,20260121,000000,4.2,4.22,4.15,4.2,14555,0
4MS,D,20260122,000000,4.2,4.21,4.195,4.195,16389,0
4MS,D,20260123,000000,4.2,4.22,4.19,4.2,38225,0
4MS,D,20260126,000000,4.2,4.495,4.18,4.36,77102,0
4MS,D,20260127,000000,4.3,4.485,4.3,4.45,31462,0
4MS,D,20260128,000000,4.415,4.74,4.415,4.6,73035,0
4MS,D,20260129,000000,4.7,5.08,4.63,5,257919,0
4MS,D,20260130,000000,4.96,4.96,4.79,4.95,59423,0
4MS,D,20260202,000000,4.95,4.95,4.705,4.86,38060,0
4MS,D,20260203,000000,4.85,4.855,4.765,4.82,11595,0
4MS,D,20260204,000000,4.8,4.86,4.7,4.85,21927,0
4MS,D,20260205,000000,4.86,4.86,4.78,4.815,18401,0
4MS,D,20260206,000000,4.78,4.84,4.705,4.785,16185,0
4MS,D,20260209,000000,4.785,4.785,4.61,4.705,25373,0
4MS,D,20260210,000000,4.705,4.86,4.7,4.78,17963,0
4MS,D,20260211,000000,4.78,4.87,4.725,4.85,20250,0
4MS,D,20260212,000000,4.86,4.87,4.755,4.8,13714,0
4MS,D,20260213,000000,4.82,4.82,4.705,4.785,11827,0
4MS,D,20260216,000000,4.72,4.8,4.63,4.79,16009,0
4MS,D,20260217,000000,4.79,4.79,4.7,4.775,14052,0
4MS,D,20260218,000000,4.75,5.08,4.75,4.95,112924,0
4MS,D,20260219,000000,4.925,5.01,4.9,4.97,78055,0
4MS,D,20260220,000000,5,5,4.85,4.89,15285,0
4MS,D,20260223,000000,4.945,4.995,4.855,4.96,14834,0
4MS,D,20260224,000000,4.96,4.96,4.81,4.95,18160,0
4MS,D,20260225,000000,4.945,4.97,4.865,4.97,25354,0
4MS,D,20260226,000000,4.98,5,4.875,4.975,20692,0
4MS,D,20260227,000000,4.945,4.945,4.715,4.88,12304,0
4MS,D,20260302,000000,4.795,4.84,4.625,4.79,55622,0
4MS,D,20260303,000000,4.72,4.765,4.535,4.535,60626,0
4MS,D,20260304,000000,4.52,4.75,4.52,4.65,30459,0
4MS,D,20260305,000000,4.68,4.88,4.65,4.77,20647,0
4MS,D,20260306,000000,4.7,4.75,4.58,4.6,14009,0
4MS,D,20260309,000000,4.51,4.695,4.44,4.595,18641,0
4MS,D,20260310,000000,4.65,4.7,4.525,4.65,14632,0
4MS,D,20260311,000000,4.65,4.69,4.65,4.67,7563,0
4MS,D,20260312,000000,4.6,4.67,4.59,4.65,10789,0
4MS,D,20260313,000000,4.65,4.65,4.525,4.6,8784,0
4MS,D,20260316,000000,4.54,4.635,4.54,4.6,11186,0
4MS,D,20260317,000000,4.6,4.63,4.565,4.605,9559,0
4MS,D,20260318,000000,4.6,4.62,4.56,4.6,8972,0
4MS,D,20260319,000000,4.6,4.6,4.51,4.58,16018,0
4MS,D,20260320,000000,4.58,4.6,4.47,4.495,14921,0
4MS,D,20260323,000000,4.48,4.5,4.1,4.435,29770,0
4MS,D,20260324,000000,4.42,4.435,4.2,4.4,3314,0
4MS,D,20260325,000000,4.38,4.51,4.38,4.51,30521,0
4MS,D,20260326,000000,4.515,4.52,4.5,4.515,21511,0
4MS,D,20260327,000000,4.5,4.52,4.335,4.395,59057,0
4MS,D,20260330,000000,4.34,4.43,4.175,4.25,56681,0
4MS,D,20260331,000000,4.215,4.34,4.175,4.25,27484,0
4MS,D,20260401,000000,4.32,4.32,4.25,4.32,10708,0
4MS,D,20260402,000000,4.25,4.31,4.25,4.31,2178,0
4MS,D,20260407,000000,4.3,4.335,4.25,4.335,20043,0
4MS,D,20260408,000000,4.325,4.39,4.27,4.32,12228,0
4MS,D,20260409,000000,4.315,4.4,4.315,4.4,82984,0
4MS,D,20260410,000000,4.4,4.41,4.37,4.41,31467,0
4MS,D,20260413,000000,4.4,4.41,4.37,4.4,3766,0
4MS,D,20260414,000000,4.4,4.42,4.375,4.42,19022,0
4MS,D,20260415,000000,4.43,4.43,4.37,4.37,10764,0
4MS,D,20260416,000000,4.37,4.395,4.35,4.395,31625,0
4MS,D,20260417,000000,4.39,4.39,4.33,4.39,4377,0
4MS,D,20260420,000000,4.35,4.35,4.26,4.34,21693,0
4MS,D,20260421,000000,4.33,4.33,4.3,4.33,12504,0
4MS,D,20260422,000000,4.345,4.35,4.3,4.305,3035,0
4MS,D,20260423,000000,4.335,4.335,4.05,4.29,18145,0
4MS,D,20260424,000000,4.205,4.335,4.2,4.2,7779,0
4MS,D,20260427,000000,4.25,4.25,4.2,4.25,4810,0
4MS,D,20260428,000000,4.21,4.21,4.055,4.18,35744,0
4MS,D,20260429,000000,4.18,4.2,4.02,4.095,31373,0
4MS,D,20260430,000000,4.03,4.14,4.02,4.09,12054,0
4MS,D,20260504,000000,4.09,4.09,4,4.02,18722,0
4MS,D,20260505,000000,4,4.075,4,4.075,9116,0
4MS,D,20260506,000000,4.075,4.25,4.075,4.185,15574,0
4MS,D,20260507,000000,4.2,4.24,4.2,4.22,6594,0
4MS,D,20260508,000000,4.2,4.2,4.1,4.2,11025,0
4MS,D,20260511,000000,4.3,4.45,4.255,4.345,52579,0
4MS,D,20260512,000000,4.31,4.31,4.1,4.19,29615,0
4MS,D,20260513,000000,4.19,4.2,4.07,4.11,10739,0
4MS,D,20260514,000000,4.105,4.11,4.02,4.065,21058,0
4MS,D,20260515,000000,4.02,4.1,4.02,4.09,11711,0
4MS,D,20260518,000000,4.14,4.15,4,4.12,23443,0
4MS,D,20260519,000000,4.12,4.12,4.03,4.095,7005,0
4MS,D,20260520,000000,4.1,4.13,4.08,4.1,3578,0
4MS,D,20260521,000000,4.1,4.21,4.1,4.2,25775,0
4MS,D,20260522,000000,4.115,4.2,3.78,4.08,134372,0
4MS,D,20260525,000000,4.015,4.18,3.98,4.1,76921,0
4MS,D,20260526,000000,4.04,4.19,4.04,4.16,37757,0
4MS,D,20260527,000000,4.11,4.22,4.11,4.2,76807,0
4MS,D,20260528,000000,4.18,4.24,4.15,4.155,14613,0
4MS,D,20260529,000000,4.11,4.26,4.11,4.26,17156,0
4MS,D,20260601,000000,4.25,4.48,4.25,4.405,60042,0
4MS,D,20260602,000000,4.44,4.5,4.33,4.39,88553,0
4MS,D,20260603,000000,4.39,4.47,4.39,4.45,14744,0
4MS,D,20260605,000000,4.45,4.47,4.32,4.435,10343,0
4MS,D,20260608,000000,4.385,4.665,4.26,4.6,84914,0
4MS,D,20260609,000000,4.58,4.7,4.55,4.7,16130,0
4MS,D,20260610,000000,4.7,4.71,4.635,4.705,19350,0
4MS,D,20260611,000000,4.705,4.78,4.65,4.7,12492,0
4MS,D,20260612,000000,4.65,4.765,4.6,4.7,12568,0
4MS,D,20260615,000000,4.71,4.71,4.54,4.64,11734,0
4MS,D,20260616,000000,4.64,4.7,4.54,4.67,18567,0
4MS,D,20260617,000000,4.53,4.74,4.53,4.73,60013,0
4MS,D,20260618,000000,4.735,4.745,4.65,4.725,9963,0
4MS,D,20260619,000000,4.715,4.76,4.64,4.76,7571,0
4MS,D,20260622,000000,4.76,4.78,4.71,4.78,18005,0
4MS,D,20260623,000000,4.78,4.85,4.78,4.8,33443,0
4MS,D,20260624,000000,4.8,4.84,4.76,4.84,8618,0
4MS,D,20260625,000000,4.84,4.85,4.75,4.795,7512,0
4MS,D,20260626,000000,4.7,4.8,4.61,4.795,21864,0
4MS,D,20260629,000000,4.795,4.795,4.7,4.77,5139,0
4MS,D,20260630,000000,4.7,4.79,4.7,4.77,10036,0
4MS,D,20260701,000000,4.705,4.78,4.7,4.77,14653,0
4MS,D,20260702,000000,4.745,4.85,4.65,4.71,37347,0
4MS,D,20260703,000000,4.71,4.8,4.7,4.79,10859,0
4MS,D,20260706,000000,4.785,4.865,4.785,4.865,34511,0
4MS,D,20260707,000000,4.865,4.895,4.81,4.89,27248,0
4MS,D,20260708,000000,4.89,4.895,4.7,4.895,21112,0
4MS,D,20260709,000000,4.89,4.94,4.805,4.94,10036,0
4MS,D,20260710,000000,4.825,4.955,4.825,4.955,10687,0
4MS,D,20260713,000000,4.98,5.04,4.9,5.04,60523,0
4MS,D,20260714,000000,5.05,5.09,5,5.08,18612,0
4MS,D,20260715,000000,5.08,5.15,5.01,5.08,23482,0
4MS,D,20260716,000000,5.1,5.13,5.08,5.12,6940,0
4MS,D,20260717,000000,5.1,5.1,4.95,5.1,16070,0
4MS,D,20260720,000000,5.09,5.09,5.09,5.09,2032,0
4MS,D,20260721,000000,5.08,5.13,4.97,5.13,25375,0
4MS,D,20260722,000000,5.14,5.14,5.01,5.1,3402,0
4MS,D,20260723,000000,5.1,5.13,5,5.13,10293,0
4MS,D,20260724,000000,5.11,5.14,5,5.14,33804,0
4MS,D,20260727,000000,5.14,5.15,5.02,5.15,21587,0
4MS,D,20260728,000000,5.15,5.28,5.12,5.26,59432,0
4MS,D,20260729,000000,5.26,5.29,5.26,5.28,9615,0
4MS,D,20260730,000000,5.28,5.28,5.05,5.2,13448,0
4MS,D,20260731,000000,5.2,5.2,5.1,5.2,6680,0
4MS,D,20260803,000000,5.15,5.2,5.15,5.2,6423,0
4MS,D,20260804,000000,5.2,5.28,5.11,5.27,16365,0
4MS,D,20260805,000000,5.26,5.38,5.25,5.34,56729,0
4MS,D,20260806,000000,5.34,5.4,5.34,5.35,44907,0
4MS,D,20260807,000000,5.39,5.44,5.25,5.43,80469,0
4MS,D,20260810,000000,5.44,5.53,5.32,5.53,36279,0
4MS,D,20260811,000000,5.52,5.55,5.35,5.45,15706,0
4MS,D,20260812,000000,5.47,5.55,5.4,5.53,15808,0
4MS,D,20260813,000000,5.5,5.57,5.42,5.55,12714,0
4MS,D,20260814,000000,5.45,5.58,5.38,5.49,8333,0
4MS,D,20260817,000000,5.49,5.6,5.07,5.59,52003,0
4MS,D,20260818,000000,5.59,5.59,5.42,5.54,1558,0
