<TICKER>,<PER>,<DATE>,<TIME>,<OPEN>,<HIGH>,<LOW>,<CLOSE>,<VOL>,<OPENINT>
ABE,D,20060921,000000,9.06834,9.57963,9.03774,9.19353,1074761.1660389,0
ABE,D,20060922,000000,9.18653,9.18653,8.84161,9.11653,67481.714615213,0
ABE,D,20060925,000000,9.02984,9.29686,9.02984,9.29686,159826.13564273,0
ABE,D,20060926,000000,9.352,9.47018,9.352,9.46227,133552.65769727,0
ABE,D,20060927,000000,9.50163,9.50163,9.19353,9.3914,87877.929776784,0
ABE,D,20060928,000000,9.19353,9.43079,9.15503,9.43079,47673.796894595,0
ABE,D,20060929,000000,9.45353,9.45353,9.2732,9.43079,45527.367978964,0
ABE,D,20061002,000000,9.43079,9.43079,9.20233,9.43079,83276.644160945,0
ABE,D,20061003,000000,9.35982,9.43079,9.35982,9.42379,26981.719524856,0
ABE,D,20061004,000000,9.352,9.44653,9.352,9.44653,84457.808343363,0
ABE,D,20061005,000000,9.43079,9.49385,9.43079,9.47018,136586.6732374,0
ABE,D,20061006,000000,9.50163,9.78364,9.47018,9.78364,89354.95616737,0
ABE,D,20061009,000000,9.78364,9.84655,9.74426,9.84655,25730.873509627,0
ABE,D,20061010,000000,9.86315,9.86315,9.74426,9.86315,83374.884121958,0
ABE,D,20061011,000000,9.90253,9.98062,9.879,9.90253,50814.048671641,0
ABE,D,20061012,000000,9.94191,10.1775,9.94191,10.1469,20943.388897913,0
ABE,D,20061013,000000,10.2169,10.2563,10.0671,10.1538,144333.92225593,0
ABE,D,20061016,000000,10.2011,10.2011,10.0594,10.1381,29715.303556311,0
ABE,D,20061017,000000,9.82301,9.90253,9.68989,9.75289,34018.442313726,0
ABE,D,20061018,000000,9.70649,10.0594,9.70649,9.78364,32143.886778574,0
ABE,D,20061019,000000,9.74426,9.90955,9.74426,9.78364,17050.344861473,0
ABE,D,20061020,000000,9.75289,9.85452,9.62764,9.62764,20721.777823069,0
ABE,D,20061023,000000,9.66626,9.74426,9.66626,9.74426,8354.9659866552,0
ABE,D,20061024,000000,9.82301,9.82301,9.74426,9.82301,19679.977306275,0
ABE,D,20061025,000000,9.74426,9.80897,9.63561,9.70649,13842.695901871,0
ABE,D,20061026,000000,9.64349,9.74426,9.58741,9.58741,19216.193304281,0
ABE,D,20061027,000000,9.58741,9.58741,9.44653,9.54888,10205.532694118,0
ABE,D,20061030,000000,9.58741,9.58741,9.352,9.47018,16255.286572341,0
ABE,D,20061031,000000,9.58741,9.71266,9.42379,9.47018,2554.2389863496,0
ABE,D,20061102,000000,9.70649,9.70649,9.43079,9.47018,30919.31424129,0
ABE,D,20061103,000000,9.69786,9.69786,9.43861,9.43861,15535.621741661,0
ABE,D,20061106,000000,9.47018,9.58741,9.47018,9.58741,5643.0861326329,0
ABE,D,20061107,000000,9.90955,10.6099,9.90955,10.6099,264476.82527486,0
ABE,D,20061108,000000,10.9321,11.396,10.8848,10.9233,144685.75839537,0
ABE,D,20061109,000000,11.3172,11.3172,10.6887,10.8061,30675.998989013,0
ABE,D,20061110,000000,10.8453,10.8453,10.5854,10.6484,31900.571526297,0
ABE,D,20061113,000000,10.6721,10.6799,10.3343,10.4524,12698.086123552,0
ABE,D,20061114,000000,10.2169,10.6484,10.1381,10.6484,37017.045774892,0
ABE,D,20061115,000000,10.6887,10.6887,10.3272,10.3272,27962.976809862,0
ABE,D,20061116,000000,10.4524,10.4524,10.2256,10.4366,2692.4603268453,0
ABE,D,20061117,000000,10.3727,10.3727,10.2256,10.2256,9776.018445966,0
ABE,D,20061120,000000,10.4366,10.4366,10.3027,10.4121,1530.7156716049,0
ABE,D,20061121,000000,10.3657,10.9076,10.3657,10.8453,58941.691957812,0
ABE,D,20061122,000000,10.9233,11.0416,10.7036,11.0021,54065.105986109,0
ABE,D,20061123,000000,11.0021,11.1745,11.0021,11.1596,29497.119456851,0
ABE,D,20061124,000000,11.2384,11.396,11.2384,11.396,56007.058703817,0
ABE,D,20061127,000000,11.396,11.552,11.396,11.5134,31457.349376608,0
ABE,D,20061128,000000,11.7026,11.7026,11.396,11.4748,35382.378516634,0
ABE,D,20061129,000000,11.5914,11.8679,11.5914,11.8276,27550.597438631,0
ABE,D,20061130,000000,11.8276,12.064,11.7251,11.7891,74340.234684106,0
ABE,D,20061201,000000,11.9852,11.9852,11.678,11.9852,44578.095797544,0
ABE,D,20061204,000000,12.0159,12.0159,11.7489,11.9615,14050.599075179,0
ABE,D,20061205,000000,12.338,12.9673,12.338,12.7302,103507.22217895,0
ABE,D,20061206,000000,12.9603,12.9603,12.5349,12.5743,26716.700095145,0
ABE,D,20061207,000000,12.464,13.2029,12.464,13.2029,83154.415372242,0
ABE,D,20061208,000000,13.1643,14.382,13.1643,13.7535,121698.74984336,0
ABE,D,20061211,000000,13.8314,15.2067,13.8314,15.1603,84072.844775205,0
ABE,D,20061212,000000,15.1673,15.1673,14.3033,14.8293,113695.61999614,0
ABE,D,20061213,000000,14.7585,14.7585,14.1386,14.2236,27180.484097139,0
ABE,D,20061214,000000,14.2236,14.2236,13.3597,13.8314,53779.524704094,0
ABE,D,20061215,000000,13.7447,13.7535,12.5743,13.7535,58600.136744521,0
ABE,D,20061218,000000,13.3597,13.792,13.3597,13.7535,15275.171612463,0
ABE,D,20061219,000000,14.1063,14.1386,13.1643,13.3597,48814.97969753,0
ABE,D,20061220,000000,12.9673,13.7447,12.9673,13.3597,83868.368577282,0
ABE,D,20061221,000000,13.132,13.3597,12.7704,12.9358,5543.7038464914,0
ABE,D,20061222,000000,12.9673,13.3202,12.9673,13.2817,7867.1931569722,0
ABE,D,20061227,000000,13.2895,13.596,13.2817,13.4384,7606.7430277737,0
ABE,D,20061228,000000,13.737,13.737,13.2029,13.4384,21340.918042479,0
ABE,D,20061229,000000,13.3597,13.5171,12.9673,13.4384,6191.4021941033,0
ABE,D,20070102,000000,13.3597,13.3597,13.3202,13.3202,2446.8604243117,0
ABE,D,20070103,000000,13.3597,13.3597,12.7388,13.2817,15301.445090408,0
ABE,D,20070104,000000,13.2029,13.3202,12.9673,13.3202,16655.100367163,0
ABE,D,20070105,000000,12.8886,13.3202,12.8097,12.9673,52317.348540173,0
ABE,D,20070108,000000,12.7478,13.0392,12.7478,12.9673,9031.2224624687,0
ABE,D,20070109,000000,12.9673,13.3053,12.9673,13.3053,32334.655074961,0
ABE,D,20070110,000000,13.3202,13.5574,13.2817,13.4384,21433.446377852,0
ABE,D,20070111,000000,13.4384,13.9881,13.3597,13.9803,80786.375381767,0
ABE,D,20070112,000000,14.1694,14.1694,13.8708,13.9094,47022.671571599,0
ABE,D,20070115,000000,14.13,14.1386,13.9094,14.0206,21244.962731722,0
ABE,D,20070116,000000,14.1063,14.13,13.596,13.9094,13555.972294728,0
ABE,D,20070117,000000,13.6747,13.9881,13.6747,13.9881,19385.257423235,0
ABE,D,20070118,000000,13.6196,14.5317,13.6196,14.4608,25970.76178652,0
ABE,D,20070119,000000,14.5388,14.5388,14.1466,14.1466,7629.589530335,0
ABE,D,20070122,000000,14.1545,14.382,14.1466,14.1466,7601.0314021334,0
ABE,D,20070123,000000,14.1063,14.516,13.7132,14.516,27994.961913448,0
ABE,D,20070124,000000,14.5388,14.9327,14.5388,14.9327,23026.989931501,0
ABE,D,20070125,000000,15.4421,15.5603,14.9327,14.9327,9120.3238224577,0
ABE,D,20070126,000000,14.2236,15.0106,14.2236,14.9327,12005.837095946,0
ABE,D,20070129,000000,14.9327,14.9327,14.7822,14.9327,25580.086592722,0
ABE,D,20070130,000000,14.7751,14.9327,14.7751,14.9327,10892.070096084,0
ABE,D,20070131,000000,15.0106,15.1673,14.9327,15.1673,9789.7263475028,0
ABE,D,20070201,000000,15.247,16.0716,15.247,15.9535,45790.102758419,0
ABE,D,20070202,000000,16.0314,16.4252,15.4824,16.1111,13634.792728564,0
ABE,D,20070205,000000,16.1111,16.4252,16.1111,16.4095,682613.51515117,0
ABE,D,20070206,000000,16.5041,16.5041,16.1111,16.4252,4986.2491839964,0
ABE,D,20070207,000000,15.7337,16.4165,15.7337,16.0314,3390.420980092,0
ABE,D,20070208,000000,15.7337,15.9857,15.4824,15.5603,21425.450101956,0
ABE,D,20070209,000000,15.4824,15.5603,14.6964,15.3258,19306.436989398,0
ABE,D,20070212,000000,14.9327,15.4028,14.846,15.3258,77089.811267354,0
ABE,D,20070213,000000,15.3336,16.4252,15.1278,16.2677,7903.7475610702,0
ABE,D,20070214,000000,16.8333,16.8333,16.1504,16.3456,23570.736692459,0
ABE,D,20070215,000000,16.1889,16.3456,15.7565,15.7652,3396.1326057323,0
ABE,D,20070216,000000,15.7172,15.9377,15.5603,15.7172,7297.1729180686,0
ABE,D,20070219,000000,15.7172,16.4647,15.7172,16.2677,11186.789979124,0
ABE,D,20070220,000000,16.4165,16.4165,16.2677,16.2756,2791.8426129868,0
ABE,D,20070221,000000,16.3456,16.3456,15.9289,15.9535,2334.9125617615,0
ABE,D,20070222,000000,15.7172,16.0314,15.6391,16.0314,6192.5445192313,0
ABE,D,20070223,000000,15.7172,16.1889,15.5603,16.1889,12950.539976854,0
ABE,D,20070226,000000,16.0314,16.1111,16.0314,16.1111,1355.9399270112,0
ABE,D,20070227,000000,16.2598,16.2598,15.1278,15.1919,16408.358139502,0
ABE,D,20070228,000000,14.7751,15.0894,14.3033,14.9327,16581.991558967,0
ABE,D,20070301,000000,15.1673,15.1673,14.1466,14.2236,12603.273137923,0
ABE,D,20070302,000000,14.5388,14.5388,13.9969,14.4521,3739.9724692794,0
ABE,D,20070305,000000,14.0677,14.0677,13.5171,13.8166,3425.8330590619,0
ABE,D,20070306,000000,13.6747,14.5388,13.6747,14.5388,17306.225690159,0
ABE,D,20070307,000000,14.8924,15.0807,14.8128,15.0807,4464.2066004715,0
ABE,D,20070308,000000,15.247,15.5525,15.247,15.5367,3999.2802733497,0
ABE,D,20070309,000000,15.7023,15.7023,15.1673,15.6785,13141.308273241,0
ABE,D,20070312,000000,15.6391,16.0716,15.6391,16.0314,18531.940552571,0
ABE,D,20070313,000000,16.0716,16.1031,16.0314,16.0314,27588.294167858,0
ABE,D,20070314,000000,15.4824,15.8746,15.2382,15.8746,5306.1002198542,0
ABE,D,20070315,000000,15.7172,15.7172,15.2934,15.7172,28383.35245699,0
ABE,D,20070316,000000,15.7172,15.7172,15.3258,15.7172,14791.968083292,0
ABE,D,20070319,000000,15.7172,15.8746,15.3642,15.8746,4897.1478240075,0
ABE,D,20070320,000000,15.7172,15.8746,15.7172,15.8746,18300.048551575,0
ABE,D,20070321,000000,15.8746,16.1889,15.7172,16.1889,10195.251767965,0
ABE,D,20070322,000000,16.2835,16.8971,16.2835,16.8184,48780.709943689,0
ABE,D,20070323,000000,16.8971,17.3532,16.8184,17.3287,14949.608950965,0
ABE,D,20070326,000000,17.368,17.6429,17.1325,17.3287,16929.258397899,0
ABE,D,20070327,000000,17.2901,17.2901,16.8577,16.8577,8343.5427353746,0
ABE,D,20070328,000000,16.8971,16.8971,16.3456,16.4647,5059.3579921925,0
ABE,D,20070329,000000,16.4647,16.5435,16.2046,16.2292,4712.0911532612,0
ABE,D,20070330,000000,16.2677,17.2901,16.2371,17.2901,8956.9713291446,0
ABE,D,20070402,000000,17.6429,17.6832,17.2104,17.2104,4693.8139512122,0
ABE,D,20070403,000000,17.2901,17.6832,17.2901,17.6044,12823.741887639,0
ABE,D,20070404,000000,18.0763,18.0763,17.6832,17.6832,21822.979246522,0
ABE,D,20070405,000000,17.7612,18.0763,17.368,18.0763,9609.2389772688,0
ABE,D,20070410,000000,18.7749,19.2065,18.3661,19.2065,133737.71436801,0
ABE,D,20070411,000000,19.2546,19.2546,18.7039,19.0173,8300.1343805082,0
ABE,D,20070412,000000,18.7836,18.8615,18.0763,18.8615,10838.380815065,0
ABE,D,20070413,000000,18.5157,18.7836,18.5157,18.6655,39588.419638163,0
ABE,D,20070416,000000,18.4685,18.9718,18.4685,18.8615,3841.639405677,0
ABE,D,20070417,000000,18.8536,18.8536,18.4685,18.7039,4844.6008681166,0
ABE,D,20070418,000000,18.7039,18.8536,18.1532,18.6261,8128.7856112987,0
ABE,D,20070419,000000,18.838,18.838,18.24,18.8221,273244.17063275,0
ABE,D,20070420,000000,18.8615,20.1966,18.8615,19.4113,24378.360558,0
ABE,D,20070423,000000,19.7659,19.8043,19.1836,19.3317,7148.6706514203,0
ABE,D,20070424,000000,19.2546,19.3404,18.7836,19.3317,2184.1256448571,0
ABE,D,20070425,000000,18.8615,19.2546,18.5472,19.2546,4418.513595349,0
ABE,D,20070426,000000,19.5295,19.5295,18.7039,18.8615,7991.7065959311,0
ABE,D,20070427,000000,18.8615,18.8615,18.8536,18.8615,5059.3579921925,0
ABE,D,20070430,000000,19.2467,19.2467,18.8615,19.0173,13994.625143904,0
ABE,D,20070502,000000,19.3317,19.3317,18.8685,19.0173,6640.3359694322,0
ABE,D,20070504,000000,19.097,19.4113,19.097,19.2546,4000.4225984778,0
ABE,D,20070507,000000,19.4822,19.49,19.097,19.49,128714.91077992,0
ABE,D,20070508,000000,19.7176,20.5905,19.49,19.49,31266.581080221,0
ABE,D,20070509,000000,19.8043,20.0407,19.0173,19.6468,266321.68035669,0
ABE,D,20070510,000000,19.8832,20.0407,18.4843,18.8536,10825.815238656,0
ABE,D,20070511,000000,18.0763,19.2546,16.511,19.2546,19382.972772979,0
ABE,D,20070514,000000,19.6073,19.6073,18.9395,19.4113,7682.1364862259,0
ABE,D,20070515,000000,19.097,19.1759,18.7906,19.1759,4380.8168661229,0
ABE,D,20070516,000000,19.1277,19.1277,18.0903,18.8615,6642.6206196883,0
ABE,D,20070517,000000,19.2546,19.4113,18.7836,19.2546,7097.2660206575,0
ABE,D,20070518,000000,19.2546,19.2546,18.1227,19.097,5619.0973049435,0
ABE,D,20070521,000000,19.0173,19.4113,19.0173,19.1207,2135.0056643504,0
ABE,D,20070522,000000,19.5295,19.5295,18.3197,18.8615,5097.0547214186,0
ABE,D,20070523,000000,18.6261,18.6261,17.9344,18.5472,134528.20335663,0
ABE,D,20070524,000000,18.5472,18.5472,17.9887,18.5472,69730.95279237,0
ABE,D,20070525,000000,18.6261,18.6261,18.0053,18.0763,30195.080110098,0
ABE,D,20070528,000000,17.6044,18.4685,17.5248,18.4685,10258.079650009,0
ABE,D,20070529,000000,18.6173,18.8615,18.4685,18.8615,2835.2509678532,0
ABE,D,20070530,000000,19.4113,19.4113,18.4685,19.1365,4317.9889840794,0
ABE,D,20070531,000000,19.1759,19.4428,19.097,19.4428,193018.67688886,0
ABE,D,20070601,000000,19.5138,19.5208,19.1601,19.4428,2353.1897638105,0
ABE,D,20070604,000000,19.5138,19.5138,18.83,19.3255,3112.8359739726,0
ABE,D,20070605,000000,19.2931,19.3255,19.1759,19.2546,3216.7875606263,0
ABE,D,20070606,000000,19.1759,19.2546,18.633,19.0891,3471.5260641845,0
ABE,D,20070608,000000,19.0891,19.3317,18.6724,19.3317,5582.5429008455,0
ABE,D,20070611,000000,19.49,19.49,18.8685,19.3317,4644.6939707055,0
ABE,D,20070612,000000,19.2546,19.2546,18.8615,18.9395,5371.2127521538,0
ABE,D,20070613,000000,19.0173,19.0173,18.3582,18.9316,3456.6758375196,0
ABE,D,20070614,000000,18.9395,19.1759,18.8615,18.8615,2366.8976653472,0
ABE,D,20070615,000000,19.1759,19.1759,18.641,18.7039,919.57172809098,0
ABE,D,20070618,000000,18.7039,18.9395,18.5157,18.9009,1991.0726982144,0
ABE,D,20070619,000000,18.9796,18.9796,18.7425,18.9395,2193.2642458816,0
ABE,D,20070620,000000,18.9796,19.1759,18.9796,19.1679,6087.4506074495,0
ABE,D,20070621,000000,19.3317,19.3317,18.8685,18.8685,6723.7257037808,0
ABE,D,20070622,000000,18.9395,19.6468,18.9395,19.6468,138559.46873357,0
ABE,D,20070625,000000,19.8201,21.2111,19.8123,20.6692,19088.252889938,0
ABE,D,20070626,000000,21.219,21.219,20.9047,20.9836,16660.811992804,0
ABE,D,20070627,000000,20.6692,21.1402,20.4338,20.6692,9455.0250849802,0
ABE,D,20070628,000000,20.826,20.826,20.0565,20.3226,4897.1478240075,0
ABE,D,20070629,000000,20.5107,20.6369,20.3943,20.3943,5464.883412655,0
ABE,D,20070702,000000,20.4338,20.4338,18.8852,18.9009,5206.7179337127,0
ABE,D,20070703,000000,18.8685,19.4428,18.8685,19.4428,3201.9373339615,0
ABE,D,20070704,000000,20.0407,20.0407,19.5295,19.5689,2686.748701205,0
ABE,D,20070705,000000,19.2546,19.5609,18.9946,19.0112,2394.3134684207,0
ABE,D,20070706,000000,19.0112,19.2546,19.0112,19.097,1463.3184890491,0
ABE,D,20070709,000000,19.097,19.1759,18.8615,19.1049,2516.5422571235,0
ABE,D,20070710,000000,18.8685,19.2546,18.1227,18.1227,4564.7312117411,0
ABE,D,20070711,000000,18.0439,18.0439,17.7612,18.036,2396.5981186769,0
ABE,D,20070712,000000,18.0763,18.0824,17.4468,17.5248,3236.2070878034,0
ABE,D,20070713,000000,17.5335,17.7612,17.4862,17.4862,1501.0152182752,0
ABE,D,20070716,000000,17.0153,17.2901,16.9041,17.2272,1656.3714356918,0
ABE,D,20070717,000000,16.5435,17.2104,16.5041,17.2104,4908.5710752881,0
ABE,D,20070718,000000,17.2104,17.2104,16.5041,16.9742,3586.9009021189,0
ABE,D,20070719,000000,16.9355,17.7612,16.9355,17.5633,3075.1392447465,0
ABE,D,20070720,000000,17.7612,18.0763,17.2901,17.5633,4830.8929665798,0
ABE,D,20070723,000000,17.5633,17.5633,16.8971,17.2578,3553.773473405,0
ABE,D,20070724,000000,17.368,17.368,16.8971,17.2901,128485.30342918,0
ABE,D,20070725,000000,17.2901,17.4862,15.6471,17.4862,13065.914814788,0
ABE,D,20070726,000000,17.5178,17.5178,16.4954,16.4954,4628.7014189126,0
ABE,D,20070727,000000,15.7172,17.2901,15.7172,17.2498,8776.4839589106,0
ABE,D,20070730,000000,17.9887,17.9975,17.6272,17.9975,4546.4540096921,0
ABE,D,20070731,000000,17.7305,18.7749,17.7305,18.7749,7804.3652749287,0
ABE,D,20070801,000000,18.7425,18.8221,17.769,18.8221,42125.523747592,0
ABE,D,20070802,000000,18.8536,19.2546,18.4685,19.2546,2628.4901196737,0
ABE,D,20070803,000000,19.6318,19.6406,18.8615,18.8615,4335.1238610003,0
ABE,D,20070806,000000,18.7039,18.7039,17.5335,17.6832,9169.4438029644,0
ABE,D,20070807,000000,17.2901,18.0763,16.1111,18.0763,93925.399004751,0
ABE,D,20070808,000000,17.4468,17.7532,16.9041,17.1325,11004.017958634,0
ABE,D,20070809,000000,16.6608,17.2901,16.3456,17.2901,4196.9025205047,0
ABE,D,20070810,000000,16.6608,16.6608,16.118,16.118,28814.00903027,0
ABE,D,20070813,000000,16.118,16.5041,15.7172,16.5041,8822.1769640331,0
ABE,D,20070814,000000,15.7258,16.5041,15.6391,16.5041,12065.238002605,0
ABE,D,20070816,000000,16.0953,16.0953,14.8609,15.7172,104414.22833063,0
ABE,D,20070817,000000,16.5347,17.2104,15.4028,15.7172,7318.8770955018,0
ABE,D,20070820,000000,16.4647,16.8891,16.2371,16.8814,2617.0668683931,0
ABE,D,20070821,000000,16.5041,16.716,16.5041,16.5041,124852.70952194,0
ABE,D,20070822,000000,16.96,17.2901,16.7395,17.2901,2539.3887596848,0
ABE,D,20070823,000000,20.2368,20.2368,17.8391,18.0763,8821.0346389051,0
ABE,D,20070824,000000,18.0763,18.5472,17.7612,18.3896,2854.6704950303,0
ABE,D,20070827,000000,18.7836,18.7836,17.6832,17.6902,3965.0105195078,0
ABE,D,20070828,000000,18.0763,18.0763,17.7218,18.0763,1145.7521034475,0
ABE,D,20070829,000000,17.2901,18.0763,17.1325,17.2901,4418.513595349,0
ABE,D,20070830,000000,17.313,17.313,16.5041,17.2815,2400.0250940611,0
ABE,D,20070831,000000,17.368,18.0763,17.3532,17.8793,3800.5157010667,0
ABE,D,20070903,000000,18.0763,18.0763,17.8793,18.0763,3416.6944580374,0
ABE,D,20070904,000000,18.0763,18.4992,18.0763,18.4992,661.40624914867,0
ABE,D,20070905,000000,18.1699,18.7749,18.0763,18.3118,801.91223990046,0
ABE,D,20070906,000000,18.6261,18.6261,17.9188,18.303,126.79808921503,0
ABE,D,20070907,000000,18.303,18.303,16.8971,16.8971,1866.5592592555,0
ABE,D,20070910,000000,16.7395,16.8971,16.1889,16.3456,5354.0778752328,0
ABE,D,20070911,000000,16.3456,17.2815,16.3456,17.2744,1542.1389228855,0
ABE,D,20070912,000000,16.8971,17.0538,16.7395,16.7395,26536.212724911,0
ABE,D,20070913,000000,17.1239,17.1239,16.575,16.8577,2636.4863955702,0
ABE,D,20070914,000000,17.2428,17.2428,16.5041,16.8577,645.41369735578,0
ABE,D,20070917,000000,16.4252,17.2104,16.4252,17.2104,1497.588242891,0
ABE,D,20070918,000000,17.2901,18.7836,17.2104,18.7836,7668.4285846892,0
ABE,D,20070919,000000,18.6261,18.6261,17.8951,18.0763,2870.6630468232,0
ABE,D,20070920,000000,18.3896,19.2388,18.3896,19.1601,9312.2344439723,0
ABE,D,20070921,000000,19.0576,19.49,18.6261,19.49,4667.5404732668,0
ABE,D,20070924,000000,18.9395,19.6468,18.9395,19.6468,2546.2427104532,0
ABE,D,20070925,000000,19.1759,19.6468,19.1759,19.4516,3895.328686696,0
ABE,D,20070926,000000,19.4516,19.4516,18.7039,18.7039,52156.280697116,0
ABE,D,20070927,000000,18.0824,18.6173,18.0763,18.6173,1188.0181331859,0
ABE,D,20070928,000000,18.5472,18.8615,18.5472,18.8615,701.38762863089,0
ABE,D,20071001,000000,18.5542,18.8852,18.3118,18.8852,1638.0942336428,0
ABE,D,20071002,000000,19.1679,19.1679,17.7612,17.7612,2521.1115576358,0
ABE,D,20071003,000000,17.2901,17.7612,17.2901,17.7612,1336.5203998341,0
ABE,D,20071004,000000,17.9975,18.7749,17.9975,18.7749,1306.8199465045,0
ABE,D,20071005,000000,18.7749,19.1679,18.4055,19.1679,2034.4810530808,0
ABE,D,20071008,000000,19.1759,19.4113,18.7039,19.4113,1674.6486377408,0
ABE,D,20071009,000000,19.3876,20.1966,19.2152,20.1966,6604.9238904622,0
ABE,D,20071010,000000,20.3156,20.4338,19.2616,19.8832,3113.9782991006,0
ABE,D,20071011,000000,19.6468,19.8043,18.6261,19.8043,4330.5545604881,0
ABE,D,20071012,000000,19.4113,20.0013,19.4113,20.0013,2196.6912212658,0
ABE,D,20071015,000000,20.0407,20.0407,19.6468,19.7492,1082.924221404,0
ABE,D,20071016,000000,19.2546,19.2546,18.8615,19.2546,13565.110895752,0
ABE,D,20071017,000000,19.2546,21.1245,19.2546,20.826,133493.25679061,0
ABE,D,20071018,000000,20.8338,21.6041,20.5905,20.826,67798.138675687,0
ABE,D,20071019,000000,20.826,21.3766,20.4338,21.1796,17844.260825477,0
ABE,D,20071022,000000,20.4338,20.5905,20.4338,20.4338,2984.8955596295,0
ABE,D,20071023,000000,20.8189,20.9047,20.4338,20.544,29378.317643533,0
ABE,D,20071024,000000,20.5107,20.8644,20.5107,20.826,2585.0817648073,0
ABE,D,20071025,000000,20.9047,21.5726,20.5983,21.4545,53086.133351359,0
ABE,D,20071026,000000,22.2013,22.2013,22.0043,22.0437,13753.594541883,0
ABE,D,20071029,000000,22.083,22.083,21.7696,22.0043,54045.686458932,0
ABE,D,20071030,000000,21.9973,21.9973,21.7766,21.7766,83.389734348623,0
ABE,D,20071031,000000,21.7696,22.2013,21.619,22.0043,6630.0550432796,0
ABE,D,20071102,000000,21.4545,22.5549,20.5107,22.5549,131193.75630782,0
ABE,D,20071105,000000,22.5164,22.5164,22.0043,22.0437,281242.73117945,0
ABE,D,20071106,000000,21.7696,22.0043,21.0623,21.0623,40179.001729372,0
ABE,D,20071107,000000,20.6692,21.4545,20.6692,21.2031,48883.519205214,0
ABE,D,20071108,000000,20.3549,21.3521,20.3549,21.3521,2149.8558910152,0
ABE,D,20071109,000000,21.5342,21.5342,21.219,21.3766,52222.535554543,0
ABE,D,20071112,000000,21.3766,21.3766,20.4338,21.0071,127943.84131848,0
ABE,D,20071113,000000,20.2753,20.8111,20.2753,20.8111,4246.0225010114,0
ABE,D,20071114,000000,21.022,21.022,20.2753,20.8031,3224.7838365228,0
ABE,D,20071115,000000,20.3549,20.3549,18.8615,19.2546,36175.15215551,0
ABE,D,20071116,000000,19.49,19.49,18.8221,19.097,340091.89480189,0
ABE,D,20071119,000000,19.2546,19.2546,18.8615,18.8615,116213.3045784,0
ABE,D,20071120,000000,19.097,19.097,17.7612,18.5386,1856.2783331029,0
ABE,D,20071121,000000,18.5472,18.5472,17.2901,17.6832,6427.8634956124,0
ABE,D,20071122,000000,17.2901,18.8615,17.2901,18.4685,10261.506625393,0
ABE,D,20071123,000000,18.4685,19.6468,18.4685,19.6468,2252.6651525409,0
ABE,D,20071126,000000,19.7176,20.3549,19.1365,19.6406,36681.202187242,0
ABE,D,20071127,000000,19.6468,19.8043,19.1365,19.2546,9892.5356090285,0
ABE,D,20071128,000000,19.3317,19.6468,19.3317,19.3728,1349.0859762428,0
ABE,D,20071129,000000,19.3806,19.7255,19.3806,19.6468,3968.437494892,0
ABE,D,20071130,000000,19.7255,20.0407,19.7255,20.0407,668.26019991705,0
ABE,D,20071203,000000,20.0407,20.0407,20.0407,20.0407,22.846502561267,0
ABE,D,20071204,000000,19.4989,19.6468,19.3404,19.6468,4145.4978897418,0
ABE,D,20071205,000000,19.2546,19.6468,19.2546,19.6468,210.18782356365,0
ABE,D,20071206,000000,19.6406,19.6406,19.6406,19.6406,9.1386010245067,0
ABE,D,20071207,000000,19.6406,19.6406,19.0576,19.6406,623.70951992258,0
ABE,D,20071210,000000,19.2546,19.6547,19.2546,19.6468,4841.1738927324,0
ABE,D,20071211,000000,20.0407,20.0407,19.6468,19.9619,4419.655920477,0
ABE,D,20071212,000000,19.2546,20.0407,19.2546,20.0407,643.12904709966,0
ABE,D,20071213,000000,20.1966,20.5905,19.8832,20.4338,11047.4263135,0
ABE,D,20071214,000000,20.826,20.826,20.1186,20.748,2028.7694274405,0
ABE,D,20071217,000000,20.7086,20.826,20.1186,20.7086,6848.2391427397,0
ABE,D,20071218,000000,20.4338,20.7086,20.4338,20.4338,2164.70611768,0
ABE,D,20071219,000000,20.0407,20.4338,20.0407,20.4338,656.83694863642,0
ABE,D,20071220,000000,20.0407,20.748,20.0407,20.0407,2192.1219207535,0
ABE,D,20071221,000000,20.5905,20.8031,19.5689,20.5905,13761.590817779,0
ABE,D,20071227,000000,20.0565,21.0623,19.6468,20.5107,15083.260990948,0
ABE,D,20071228,000000,20.5905,21.1402,20.4338,20.9836,35964.964331946,0
ABE,D,20080102,000000,20.748,20.9836,20.4338,20.4338,1312.5315721448,0
ABE,D,20080103,000000,20.5905,20.826,20.4338,20.4338,10473.979099213,0
ABE,D,20080104,000000,19.891,20.8189,19.891,20.2526,3767.3882723529,0
ABE,D,20080107,000000,19.6468,19.6468,18.8764,19.6406,2901.5058252809,0
ABE,D,20080108,000000,18.3896,19.097,18.3896,18.8615,7149.8129765484,0
ABE,D,20080109,000000,18.6261,19.4113,18.6261,18.8615,36135.170776027,0
ABE,D,20080110,000000,18.4685,18.4685,17.0617,17.1325,19458.366231431,0
ABE,D,20080111,000000,17.2901,18.3896,17.2901,18.3896,17941.358461363,0
ABE,D,20080114,000000,17.6902,17.9887,17.1325,17.6832,53697.277294873,0
ABE,D,20080115,000000,17.4468,17.4468,16.6608,16.8971,19650.276852945,0
ABE,D,20080116,000000,15.7172,16.8971,15.7172,16.8971,76046.868425432,0
ABE,D,20080117,000000,16.7011,16.7011,16.3395,16.5041,1776.3155741385,0
ABE,D,20080118,000000,16.5041,17.1169,15.7958,17.1169,128735.47263223,0
ABE,D,20080121,000000,16.2677,16.5041,16.1111,16.4252,11738.533015979,0
ABE,D,20080122,000000,15.7172,16.7395,15.7172,15.7258,27470.634679667,0
ABE,D,20080123,000000,16.5041,16.8971,15.9535,16.4559,26821.794006927,0
ABE,D,20080124,000000,17.1789,17.1869,16.5899,16.8971,19582.87967039,0
ABE,D,20080125,000000,17.2901,18.0763,17.2901,17.4468,21160.430672245,0
ABE,D,20080128,000000,17.4468,17.6832,17.2901,17.6832,6529.53043201,0
ABE,D,20080129,000000,17.9188,18.6969,17.9188,18.6969,67735.310793643,0
ABE,D,20080130,000000,18.8615,19.1759,18.4055,18.4055,2384.0325422682,0
ABE,D,20080131,000000,18.0763,18.0763,18.0763,18.0763,287.86593227196,0
ABE,D,20080201,000000,18.3502,19.2546,18.0763,19.1759,2412.5906704698,0
ABE,D,20080204,000000,18.8615,19.0173,18.8615,19.0173,701.38762863089,0
ABE,D,20080205,000000,18.7836,18.7836,18.4685,18.4685,705.95692914314,0
ABE,D,20080207,000000,18.9009,18.9395,17.5248,17.5248,4891.4361983672,0
ABE,D,20080208,000000,17.6832,17.6832,17.6832,17.6832,785.91968810757,0
ABE,D,20080211,000000,17.368,17.6044,17.0617,17.2104,1158.3176798562,0
ABE,D,20080212,000000,16.6608,17.2901,16.6608,17.2901,6312.488657678,0
ABE,D,20080213,000000,17.2901,17.2901,17.2901,17.2901,959.5531075732,0
ABE,D,20080214,000000,17.2901,17.2901,17.2901,17.2901,510.61933224431,0
ABE,D,20080215,000000,17.2104,17.2104,17.2104,17.2104,22.846502561267,0
ABE,D,20080218,000000,17.2104,17.2498,16.8971,17.2104,771.06946144275,0
ABE,D,20080219,000000,16.9355,17.4468,16.519,17.4468,4423.0828958612,0
ABE,D,20080220,000000,17.5248,17.5248,17.2901,17.2901,2023.0578018002,0
ABE,D,20080221,000000,17.91,17.9188,17.3996,17.3996,672.8295004293,0
ABE,D,20080222,000000,17.6744,17.6832,17.368,17.6832,1520.4347454523,0
ABE,D,20080225,000000,18.0684,18.0684,17.6832,17.7218,358.69009021189,0
ABE,D,20080226,000000,18.0439,18.0763,17.7612,17.7612,14031.179548002,0
ABE,D,20080227,000000,18.0763,18.0763,17.7612,18.0684,25597.221469643,0
ABE,D,20080228,000000,18.0684,18.4685,18.0684,18.0824,13423.462579872,0
ABE,D,20080229,000000,18.0763,18.0763,18.0763,18.0763,95.95531075732,0
ABE,D,20080303,000000,17.51,17.51,17.0538,17.0538,867.02477220007,0
ABE,D,20080304,000000,17.1405,17.368,16.8272,17.368,5244.4146629388,0
ABE,D,20080310,000000,17.2901,17.5178,17.2901,17.5178,4523.6075071308,0
ABE,D,20080311,000000,17.5248,17.5248,17.2901,17.2901,943.56055578031,0
ABE,D,20080312,000000,17.2901,17.6832,17.2901,17.6832,1555.8468244223,0
ABE,D,20080313,000000,17.6832,17.7612,16.9908,17.7612,2242.3842263883,0
ABE,D,20080314,000000,17.7612,17.7612,17.7612,17.7612,4202.614146145,0
ABE,D,20080317,000000,16.9742,16.9742,16.9742,16.9742,636.27509633128,0
ABE,D,20080318,000000,17.2901,17.6832,17.0538,17.6832,20654.380640513,0
ABE,D,20080320,000000,17.3287,17.3287,17.3287,17.3287,63.970207171547,0
ABE,D,20080325,000000,17.3759,17.3759,17.1564,17.1564,26427.691837745,0
ABE,D,20080326,000000,17.1564,17.1564,17.0617,17.0617,1080.6395711479,0
ABE,D,20080327,000000,17.0617,17.0617,16.9041,17.0617,8608.5621650853,0
ABE,D,20080328,000000,17.4468,17.4468,17.3602,17.368,828.18571784592,0
ABE,D,20080331,000000,16.5435,17.368,16.5041,17.2901,30538.919973645,0
ABE,D,20080401,000000,16.8184,17.1169,15.7565,17.1169,1800.3044018278,0
ABE,D,20080402,000000,17.6674,17.6674,16.9199,16.9199,452.36075071308,0
ABE,D,20080403,000000,16.9355,16.9355,16.511,16.8577,376.9672922609,0
ABE,D,20080404,000000,16.6923,16.8971,16.6923,16.8971,621.42486966645,0
ABE,D,20080408,000000,16.8814,17.2666,16.8814,17.2666,3841.639405677,0
ABE,D,20080409,000000,17.1789,17.1789,17.0696,17.0696,66.254857427673,0
ABE,D,20080410,000000,16.5268,17.2901,16.5268,17.2901,3445.252586239,0
ABE,D,20080411,000000,17.0617,17.7612,17.0617,17.7612,440.93749943245,0
ABE,D,20080414,000000,17.2901,17.2901,17.0538,17.0538,1526.1463710926,0
ABE,D,20080415,000000,17.0538,17.0538,16.1976,16.1976,3164.2406047354,0
ABE,D,20080416,000000,16.1976,16.8971,16.1662,16.8726,2772.4230858097,0
ABE,D,20080417,000000,16.5041,17.2901,15.9535,17.2901,2009.3499002634,0
ABE,D,20080418,000000,16.9041,17.0538,16.519,17.0538,1922.5331905306,0
ABE,D,20080421,000000,16.8971,16.8971,16.8971,16.8971,1399.3482818776,0
ABE,D,20080422,000000,16.723,16.8971,16.5347,16.8971,1949.9489936041,0
ABE,D,20080423,000000,16.3456,16.8577,15.6391,16.0716,14822.81086175,0
ABE,D,20080424,000000,16.0716,16.1111,15.9535,16.1111,37155.267115388,0
ABE,D,20080425,000000,15.8746,15.9692,15.8746,15.9612,430.65657327988,0
ABE,D,20080428,000000,15.9535,15.9535,15.8746,15.8746,954.98380706095,0
ABE,D,20080429,000000,15.4273,15.4273,15.4273,15.4273,259.30780407038,0
ABE,D,20080430,000000,15.247,16.0006,15.247,16.0006,177.06039484982,0
ABE,D,20080505,000000,15.7172,16.5041,15.7172,16.4252,137.0790153676,0
ABE,D,20080506,000000,16.4559,16.4954,15.7258,16.4954,541.46211070202,0
ABE,D,20080507,000000,16.5041,16.5041,16.4647,16.4647,1367.3631782918,0
ABE,D,20080508,000000,16.5041,16.5041,16.5041,16.5041,47.97765537866,0
ABE,D,20080509,000000,16.1504,16.5041,16.0716,16.5041,8450.9212974125,0
ABE,D,20080513,000000,16.0795,16.4954,16.0795,16.4954,21981.762439323,0
ABE,D,20080515,000000,16.118,16.8971,16.1111,16.1111,5702.4870392922,0
ABE,D,20080516,000000,16.1267,16.5041,16.1267,16.5041,2920.9253524579,0
ABE,D,20080519,000000,16.5041,16.5041,16.1111,16.1111,535.7504850617,0
ABE,D,20080520,000000,15.8746,15.8746,15.8746,15.8746,929.85265424355,0
ABE,D,20080521,000000,16.2677,16.2677,16.2677,16.2677,2543.958060197,0
ABE,D,20080523,000000,15.9463,16.2677,15.9463,16.2677,108.52088716602,0
ABE,D,20080526,000000,16.3001,16.3001,15.7172,15.7172,847.60524502299,0
ABE,D,20080527,000000,16.1111,16.1111,15.7172,15.7172,587.15511582455,0
ABE,D,20080528,000000,15.7172,15.7172,15.7172,15.7172,49.119980506723,0
ABE,D,20080529,000000,15.7494,15.7494,15.6391,15.6391,681.96810145381,0
ABE,D,20080530,000000,15.4028,15.4824,15.3258,15.4824,994.96518654316,0
ABE,D,20080602,000000,15.7172,15.8746,15.7172,15.8746,402.09844507829,0
ABE,D,20080604,000000,15.7958,16.0953,15.7958,16.0716,1908.8252889938,0
ABE,D,20080605,000000,15.8746,16.0314,15.0894,15.0894,1504.4421936594,0
ABE,D,20080606,000000,14.9712,15.05,14.9712,15.05,2550.8120109654,0
ABE,D,20080609,000000,15.1278,15.3258,15.1278,15.3258,381.53659277315,0
ABE,D,20080610,000000,15.0894,15.0894,14.8128,14.8373,1660.9407362041,0
ABE,D,20080611,000000,14.382,15.0028,14.382,15.0028,897.86755065778,0
ABE,D,20080612,000000,14.9327,14.9327,14.4608,14.4608,333.55893739449,0
ABE,D,20080613,000000,14.7751,14.7751,14.3349,14.3349,52.546955890913,0
ABE,D,20080616,000000,14.1466,14.6964,13.0454,14.1466,1877.9825105361,0
ABE,D,20080617,000000,13.9094,14.1466,13.9094,14.1466,1915.6792397622,0
ABE,D,20080618,000000,14.0048,14.1466,13.9881,13.9881,527.75420916526,0
ABE,D,20080619,000000,13.9881,13.9881,13.9881,13.9881,6.85395076838,0
ABE,D,20080620,000000,13.7535,13.7535,13.7535,13.7535,63.970207171547,0
ABE,D,20080623,000000,13.7535,13.7535,12.8886,13.2029,2141.8596151187,0
ABE,D,20080624,000000,12.7388,12.7388,11.6316,12.2206,37215.810347175,0
ABE,D,20080625,000000,12.5743,12.5743,12.0246,12.0246,1142.3251280633,0
ABE,D,20080626,000000,11.7891,11.7891,11.0817,11.6079,1519.2924203242,0
ABE,D,20080627,000000,11.3172,11.396,11.3172,11.396,676.25647581349,0
ABE,D,20080630,000000,11.396,11.396,11.2384,11.3172,1808.3006777243,0
ABE,D,20080701,000000,10.7667,11.2778,10.7667,11.2778,587.15511582455,0
ABE,D,20080702,000000,10.8453,11.0021,10.2957,10.3814,48104.453467875,0
ABE,D,20080703,000000,10.2169,10.2169,10.0671,10.0671,741.3690081131,0
ABE,D,20080704,000000,9.66626,9.70649,9.5096,9.51738,38667.705584944,0
ABE,D,20080707,000000,9.04645,9.2732,9.03774,9.03774,255845.41660722,0
ABE,D,20080708,000000,8.88014,9.19353,8.80222,9.03774,80479.089922318,0
ABE,D,20080709,000000,9.15503,9.73809,9.15503,9.66626,192956.99133195,0
ABE,D,20080710,000000,9.66626,9.98062,9.44653,9.98062,1342.2320254744,0
ABE,D,20080711,000000,9.82301,10.6099,9.82301,9.82301,2759.857509401,0
ABE,D,20080714,000000,9.58741,9.94191,9.43079,9.66626,27239.885003798,0
ABE,D,20080715,000000,9.3914,9.43079,9.3914,9.43079,10841.807790449,0
ABE,D,20080716,000000,9.11653,9.11653,9.02195,9.11653,1399.3482818776,0
ABE,D,20080717,000000,9.11653,9.11653,8.88014,9.10863,429.51424815181,0
ABE,D,20080718,000000,8.88801,8.88801,8.88801,8.88801,273.01570560714,0
ABE,D,20080721,000000,8.60438,9.352,8.60438,9.34501,789.34666349176,0
ABE,D,20080722,000000,9.58741,9.58741,9.11653,9.3914,151608.24867144,0
ABE,D,20080723,000000,9.58741,9.78364,9.42379,9.42379,137.0790153676,0
ABE,D,20080724,000000,9.43079,9.74426,9.2732,9.62764,1718.0569926073,0
ABE,D,20080725,000000,9.352,9.58741,9.352,9.5096,557.45466249491,0
ABE,D,20080728,000000,9.5096,9.86315,9.5096,9.86315,1282.8311188151,0
ABE,D,20080729,000000,9.81504,9.82301,9.58741,9.58741,390.67519379766,0
ABE,D,20080731,000000,9.82301,9.82301,9.82301,9.82301,381.53659277315,0
ABE,D,20080804,000000,9.86315,9.90253,9.86315,9.90253,392.95984405379,0
ABE,D,20080805,000000,9.48592,9.48592,9.47018,9.47018,1720.3416428634,0
ABE,D,20080806,000000,9.12354,9.12354,9.11653,9.11653,1841.4281064381,0
ABE,D,20080807,000000,9.11653,9.11653,9.11653,9.11653,61.68555691542,0
ABE,D,20080808,000000,9.05434,9.05434,8.84161,9.03774,1150.3214039598,0
ABE,D,20080811,000000,9.15503,9.15503,8.84161,9.03774,3236.2070878034,0
ABE,D,20080812,000000,9.30561,9.94191,9.03774,9.94191,1973.9378212934,0
ABE,D,20080813,000000,9.89484,9.89484,9.89484,9.89484,2.2846502561267,0
ABE,D,20080814,000000,9.62764,9.86315,9.62764,9.86315,292.43523278421,0
ABE,D,20080818,000000,9.90253,9.94191,9.90253,9.94191,1591.2589033922,0
ABE,D,20080819,000000,9.93422,10.0208,9.54888,9.54888,2007.0652500073,0
ABE,D,20080820,000000,9.81504,9.81504,9.81504,9.81504,114.23251280633,0
ABE,D,20080821,000000,9.74426,10.2563,9.74426,10.2563,1183.4488326736,0
ABE,D,20080822,000000,10.3343,11.2778,9.76959,11.2778,1362.7938777796,0
ABE,D,20080825,000000,11.396,11.7103,10.9233,11.7103,387.24821841347,0
ABE,D,20080826,000000,12.6286,12.6286,11.1203,11.2384,2179.5563443448,0
ABE,D,20080827,000000,11.2384,11.2384,10.2563,10.2563,2646.7673217227,0
ABE,D,20080828,000000,10.2563,10.6099,9.91743,10.272,5238.7030372984,0
ABE,D,20080829,000000,10.272,10.2799,9.90253,10.272,347.26683893125,0
ABE,D,20080901,000000,10.3893,10.3893,10.2169,10.2169,318.70871072967,0
ABE,D,20080902,000000,9.91743,10.3727,9.90253,10.0594,3272.7614919014,0
ABE,D,20080903,000000,10.8061,10.8061,9.43079,9.97265,3567.4813749418,0
ABE,D,20080904,000000,9.66626,10.0594,9.66626,9.98062,800.7699147724,0
ABE,D,20080905,000000,9.70649,9.9254,9.62764,9.9254,1450.7529126404,0
ABE,D,20080908,000000,9.9254,9.96563,9.86315,9.86315,298.14685842453,0
ABE,D,20080909,000000,9.74426,9.82301,9.47018,9.47018,1096.6321229408,0
ABE,D,20080910,000000,9.74426,9.74426,9.5096,9.5096,548.3160614704,0
ABE,D,20080911,000000,9.5096,9.73809,9.5096,9.73809,249.02687791781,0
ABE,D,20080912,000000,9.72926,9.73809,9.72926,9.73809,1217.7185865155,0
ABE,D,20080915,000000,9.74426,9.74426,9.47018,9.5096,235.31897638105,0
ABE,D,20080917,000000,9.2732,9.2732,9.19353,9.19353,1165.1716306246,0
ABE,D,20080919,000000,9.19353,9.65051,9.19353,9.64349,833.89734348623,0
ABE,D,20080922,000000,9.64349,9.64349,9.43079,9.43079,299.28918355259,0
ABE,D,20080923,000000,9.352,9.352,9.352,9.352,75.39345845218,0
ABE,D,20080925,000000,9.43079,9.57963,9.25746,9.57963,396.38681943798,0
ABE,D,20080926,000000,9.59623,9.59623,9.23381,9.23381,3158.5289790951,0
ABE,D,20080930,000000,8.73832,9.18043,8.68404,9.18043,1803.731377212,0
ABE,D,20081001,000000,8.66129,8.66129,8.55887,8.55887,3189.3717575528,0
ABE,D,20081002,000000,8.48795,8.48795,8.21273,8.21273,563.16628813522,0
ABE,D,20081003,000000,8.64465,8.64465,7.89827,8.09533,2221.8223740832,0
ABE,D,20081006,000000,7.54461,7.85915,7.54461,7.85915,1655.2291105638,0
ABE,D,20081007,000000,7.8194,7.8194,7.78045,7.78045,268.44640509488,0
ABE,D,20081008,000000,7.3873,7.85915,7.07295,7.78045,1960.2299197567,0
ABE,D,20081009,000000,7.42677,7.43449,7.42677,7.42677,472.92260301822,0
ABE,D,20081010,000000,7.3873,7.3873,6.64066,7.23786,563.16628813522,0
ABE,D,20081013,000000,6.95511,7.46582,6.28708,7.46582,3687.4255133884,0
ABE,D,20081014,000000,8.12579,8.12579,7.30878,8.04026,3681.7138877481,0
ABE,D,20081015,000000,8.04026,8.04026,7.3873,7.3873,2433.1525227749,0
ABE,D,20081016,000000,7.61526,7.61526,7.07295,7.46582,1542.1389228855,0
ABE,D,20081017,000000,8.11819,8.11819,7.54461,7.78045,41.12370461028,0
ABE,D,20081020,000000,7.46582,7.85915,7.30878,7.30878,32362.070878034,0
ABE,D,20081021,000000,7.46582,7.46582,7.07295,7.46582,1066.9316696112,0
ABE,D,20081022,000000,7.3873,7.3873,7.3873,7.3873,125.65576408697,0
ABE,D,20081023,000000,7.46582,7.46582,6.60145,6.63287,2799.8388888832,0
ABE,D,20081024,000000,6.60145,6.60145,5.57984,6.49929,4830.8929665798,0
ABE,D,20081027,000000,6.28708,6.51505,6.28708,6.51505,255.88082868619,0
ABE,D,20081028,000000,6.52283,6.63287,6.32622,6.63287,2982.6109093734,0
ABE,D,20081029,000000,6.91572,6.91572,6.68006,6.79789,894.44057527359,0
ABE,D,20081030,000000,6.8372,6.8372,6.3657,6.59366,5438.6099347095,0
ABE,D,20081031,000000,6.51505,6.74291,6.51505,6.74291,649.98299786804,0
ABE,D,20081103,000000,6.29496,6.91572,6.29496,6.91572,3247.6303390841,0
ABE,D,20081104,000000,7.46582,7.46582,6.91572,6.91572,1359.3669023954,0
ABE,D,20081105,000000,7.23008,7.23008,6.5308,6.90014,4951.9794301545,0
ABE,D,20081106,000000,6.8765,6.8765,6.8372,6.8372,153.07156716049,0
ABE,D,20081107,000000,6.8372,6.8372,5.82338,5.82338,5044.5077655277,0
ABE,D,20081110,000000,6.28708,6.28708,6.24778,6.24778,3870.1975338786,0
ABE,D,20081112,000000,6.24778,6.24778,5.81568,6.11428,3446.3949113671,0
ABE,D,20081113,000000,6.11428,6.11428,5.68192,6.04355,25.131152817393,0
ABE,D,20081114,000000,5.89421,5.89421,5.5641,5.61915,2256.0921279251,0
ABE,D,20081117,000000,5.54054,5.54054,5.06905,5.49336,2820.4007411884,0
ABE,D,20081119,000000,5.34402,5.48556,5.34402,5.48556,591.72441633681,0
ABE,D,20081120,000000,5.54054,5.54054,5.54054,5.54054,582.5858153123,0
ABE,D,20081121,000000,5.57984,5.57984,4.71538,4.71538,10548.230232537,0
ABE,D,20081124,000000,4.71538,4.79391,4.31453,4.32241,6710.017802244,0
ABE,D,20081125,000000,4.47955,4.47955,3.89802,4.03948,54549.451840408,0
ABE,D,20081126,000000,3.92953,4.22813,3.81161,3.85091,17969.916589564,0
ABE,D,20081127,000000,3.89005,3.92953,3.65438,3.65438,17804.279445995,0
ABE,D,20081128,000000,3.84287,3.84287,3.61508,3.81161,35207.60277204,0
ABE,D,20081201,000000,3.8194,4.16528,3.79585,3.79585,4804.6194886344,0
ABE,D,20081202,000000,3.69361,3.77221,3.69361,3.76435,7348.5775488314,0
ABE,D,20081203,000000,3.81161,3.89802,3.61508,3.75655,10962.894254024,0
ABE,D,20081204,000000,3.69361,3.69361,3.46574,3.46574,98121.159200128,0
ABE,D,20081205,000000,3.49726,3.49726,3.37933,3.37933,15340.284144762,0
ABE,D,20081208,000000,3.55222,3.55222,3.37933,3.37933,14644.608141772,0
ABE,D,20081209,000000,3.6072,3.6072,3.36366,3.37933,9166.0168275802,0
ABE,D,20081210,000000,3.45787,3.6072,3.2615,3.2615,78440.039568725,0
ABE,D,20081211,000000,3.19865,3.19865,2.83712,2.89209,75586.511398823,0
ABE,D,20081212,000000,2.90775,2.90775,2.65634,2.84499,68735.987605827,0
ABE,D,20081215,000000,2.82915,2.86066,2.61694,2.75052,72565.061435095,0
ABE,D,20081216,000000,2.75849,2.75849,2.60924,2.75052,18467.9703454,0
ABE,D,20081217,000000,2.71132,2.71132,2.61694,2.69555,1232.5688131803,0
ABE,D,20081218,000000,2.69555,2.69555,2.59348,2.6721,10372.312162815,0
ABE,D,20081219,000000,2.6721,2.70353,2.63262,2.70353,35313.83900895,0
ABE,D,20081222,000000,2.59348,2.60924,2.56188,2.60924,18169.823486975,0
ABE,D,20081223,000000,2.59348,2.64058,2.56188,2.64058,9331.6539711494,0
ABE,D,20081229,000000,2.6721,2.71132,2.6721,2.71132,1296.5390203519,0
ABE,D,20081230,000000,2.64058,2.78214,2.59348,2.75052,17733.455288055,0
ABE,D,20081231,000000,2.75052,2.75052,2.75052,2.75052,1399.3482818776,0
ABE,D,20090105,000000,2.78992,3.00221,2.78992,2.98628,10248.941048984,0
ABE,D,20090106,000000,3.02567,3.1042,2.90775,2.98628,15815.491398037,0
ABE,D,20090107,000000,2.98628,2.98628,2.90775,2.90775,10497.967926902,0
ABE,D,20090108,000000,2.90775,2.90775,2.90775,2.90775,1159.4600049843,0
ABE,D,20090109,000000,2.90775,2.93927,2.74265,2.75052,8191.6134933422,0
ABE,D,20090112,000000,2.74265,2.82136,2.55409,2.74265,2944.9141801473,0
ABE,D,20090113,000000,2.61694,2.63262,2.56188,2.56975,1992.2150233425,0
ABE,D,20090114,000000,2.73495,2.73495,2.51487,2.56188,2471.9915771291,0
ABE,D,20090115,000000,2.59348,2.59348,2.51487,2.53054,29836.390019886,0
ABE,D,20090116,000000,2.51487,2.5857,2.42847,2.57772,4276.8652794691,0
ABE,D,20090119,000000,2.61694,2.69555,2.53054,2.53054,2516.5422571235,0
ABE,D,20090120,000000,2.53054,2.53054,2.42847,2.48335,7498.2221406077,0
ABE,D,20090121,000000,2.42847,2.89996,2.42847,2.89996,4588.7200394304,0
ABE,D,20090122,000000,3.0178,3.0178,2.75849,2.90775,12045.818475428,0
ABE,D,20090123,000000,2.78992,2.82915,2.78992,2.82915,1399.3482818776,0
ABE,D,20090126,000000,2.71132,2.75052,2.6721,2.75052,7455.9561108694,0
ABE,D,20090127,000000,2.64058,2.86845,2.64058,2.6721,9873.1160818514,0
ABE,D,20090128,000000,2.65634,2.73495,2.62482,2.62482,5521.9996690582,0
ABE,D,20090129,000000,2.6721,2.67979,2.62482,2.62482,2177.2716940887,0
ABE,D,20090130,000000,2.62482,2.62482,2.59348,2.59348,673.97182555737,0
ABE,D,20090202,000000,2.55409,2.55409,2.47557,2.47557,3480.664665209,0
ABE,D,20090203,000000,2.48335,2.48335,2.48335,2.48335,93.670660501193,0
ABE,D,20090204,000000,2.63262,2.63262,2.4206,2.42847,14036.891173642,0
ABE,D,20090205,000000,2.3812,2.3812,2.3341,2.35765,1591.2589033922,0
ABE,D,20090206,000000,2.49123,2.49123,2.35765,2.35765,11528.345192415,0
ABE,D,20090209,000000,2.48335,2.48335,2.45193,2.45193,10816.676637632,0
ABE,D,20090210,000000,2.46768,2.46768,2.34207,2.35765,13281.814263992,0
ABE,D,20090211,000000,2.3341,2.3341,2.26337,2.3341,18998.009204821,0
ABE,D,20090212,000000,2.31825,2.31825,2.27903,2.27903,7125.8241488591,0
ABE,D,20090213,000000,2.35765,2.35765,2.29479,2.29479,11354.71177295,0
ABE,D,20090216,000000,2.35765,2.35765,2.23973,2.24761,8214.4599959034,0
ABE,D,20090217,000000,2.31825,2.53054,2.27903,2.27903,34755.242021327,0
ABE,D,20090218,000000,2.34207,2.34207,2.1219,2.1219,20930.823321504,0
ABE,D,20090219,000000,2.31825,2.31825,2.24761,2.27903,23712.385008339,0
ABE,D,20090220,000000,2.28691,2.70353,2.28691,2.53851,113608.80328641,0
ABE,D,20090223,000000,2.75052,2.75052,2.34977,2.37341,56059.605659708,0
ABE,D,20090224,000000,2.4206,2.4206,2.35765,2.40484,43026.818273634,0
ABE,D,20090225,000000,2.45193,2.48335,2.40484,2.4206,73936.993913899,0
ABE,D,20090226,000000,2.5857,2.5857,2.42847,2.43626,72565.061435095,0
ABE,D,20090227,000000,2.39695,2.48335,2.38908,2.47557,115535.90577745,0
ABE,D,20090302,000000,2.49902,2.49902,2.40484,2.47557,2585.0817648073,0
ABE,D,20090303,000000,2.40484,2.48335,2.40484,2.46768,19442.373679638,0
ABE,D,20090304,000000,2.46768,2.51487,2.43626,2.51487,25213.400226614,0
ABE,D,20090305,000000,2.50699,2.56975,2.50699,2.51487,23617.572022709,0
ABE,D,20090306,000000,2.54631,2.6643,2.53851,2.59348,26094.132900351,0
ABE,D,20090309,000000,2.74265,2.98628,2.61694,2.86845,19777.07494216,0
ABE,D,20090310,000000,2.88421,3.46574,2.88421,3.46574,34603.312779294,0
ABE,D,20090311,000000,3.6072,3.61508,3.23787,3.23787,21915.507581895,0
ABE,D,20090312,000000,3.20644,3.395,3.1042,3.2771,13841.553576743,0
ABE,D,20090313,000000,3.5286,3.5286,3.29276,3.37933,7134.9627498836,0
ABE,D,20090316,000000,3.48141,3.61508,3.395,3.6072,46894.731157256,0
ABE,D,20090317,000000,3.49726,3.49726,3.33994,3.3557,8839.3118409541,0
ABE,D,20090318,000000,3.33224,3.41068,3.30064,3.30064,8102.5121333532,0
ABE,D,20090319,000000,3.28497,3.68581,3.2615,3.68581,13455.447683458,0
ABE,D,20090320,000000,3.70148,3.83508,3.47353,3.55222,24057.367197014,0
ABE,D,20090323,000000,3.76435,3.76435,3.5601,3.69361,16214.162867731,0
ABE,D,20090324,000000,3.8194,3.8194,3.53639,3.67803,21127.303243531,0
ABE,D,20090325,000000,3.67014,3.733,3.65438,3.68581,13648.500630101,0
ABE,D,20090326,000000,3.72504,3.84287,3.69361,3.69361,27292.431959689,0
ABE,D,20090327,000000,3.81161,4.02372,3.81161,3.81161,30504.650219803,0
ABE,D,20090330,000000,4.14164,4.14164,3.8194,3.92953,10107.292733104,0
ABE,D,20090331,000000,3.83508,4.04736,3.83508,3.92953,14282.491076176,0
ABE,D,20090401,000000,3.89005,3.89005,3.70148,3.733,29554.235713255,0
ABE,D,20090402,000000,3.8194,4.04736,3.733,3.85091,11703.120937009,0
ABE,D,20090403,000000,3.8588,3.92953,3.77221,3.82728,14690.301146894,0
ABE,D,20090406,000000,3.86658,3.97672,3.8588,3.96078,11264.468087833,0
ABE,D,20090407,000000,4.00796,4.02372,3.93722,4.02372,9169.4438029644,0
ABE,D,20090408,000000,3.85091,4.10242,3.85091,4.10242,16784.183106635,0
ABE,D,20090409,000000,4.32241,4.58967,4.2438,4.47167,33058.889206153,0
ABE,D,20090414,000000,4.67599,5.06905,4.66811,4.89607,31738.361358112,0
ABE,D,20090415,000000,4.98256,4.99035,4.77815,4.95105,36724.610542108,0
ABE,D,20090416,000000,4.87242,5.18688,4.84109,5.14758,25939.919008062,0
ABE,D,20090417,000000,5.2183,5.2183,4.88828,4.90394,19565.744793469,0
ABE,D,20090420,000000,4.55816,4.7546,4.18873,4.40103,39842.015816593,0
ABE,D,20090421,000000,4.3302,4.55028,4.2831,4.44024,14215.09389362,0
ABE,D,20090422,000000,4.47955,4.62093,4.40103,4.40103,18405.142463356,0
ABE,D,20090423,000000,4.58967,4.58967,4.47955,4.47955,15200.920479139,0
ABE,D,20090424,000000,4.49531,4.67599,4.47955,4.59737,8701.0905004584,0
ABE,D,20090427,000000,4.72317,4.72317,4.52674,4.69165,22915.04206895,0
ABE,D,20090428,000000,4.71538,4.71538,4.51097,4.51097,8478.3371004861,0
ABE,D,20090429,000000,4.59737,5.50124,4.59737,5.14758,41939.324751717,0
ABE,D,20090430,000000,5.14758,5.27329,5.07684,5.08463,20509.305349249,0
ABE,D,20090504,000000,5.25753,5.88633,5.25753,5.46972,55491.870071061,0
ABE,D,20090505,000000,5.57984,5.6505,5.34402,5.34402,90608.086832855,0
ABE,D,20090506,000000,5.34402,5.46193,5.18688,5.34402,32116.470975501,0
ABE,D,20090507,000000,5.44617,5.61119,5.44617,5.5641,119859.60638717,0
ABE,D,20090508,000000,5.74478,6.05144,5.61915,6.04355,118280.91306019,0
ABE,D,20090511,000000,6.05144,6.42068,5.99629,6.14554,59083.340273692,0
ABE,D,20090512,000000,6.26345,6.28708,6.12995,6.20848,33120.574763068,0
ABE,D,20090513,000000,6.51505,6.51505,6.21635,6.28708,40487.429513949,0
ABE,D,20090514,000000,6.60932,6.8295,6.28708,6.28708,200685.96314842,0
ABE,D,20090515,000000,6.28708,6.44423,5.65837,5.72124,172304.89534169,0
ABE,D,20090518,000000,5.85482,6.09843,5.77629,6.09843,35541.161709434,0
ABE,D,20090519,000000,6.20848,6.50707,6.12995,6.20848,49193.089314919,0
ABE,D,20090520,000000,6.29496,6.32622,6.14554,6.16934,19056.267786353,0
ABE,D,20090521,000000,6.12995,6.20848,5.98841,5.98841,15429.385504751,0
ABE,D,20090522,000000,5.81568,6.08277,5.81568,6.01204,15928.581585715,0
ABE,D,20090525,000000,6.05144,6.05144,5.66625,5.69776,50205.189378383,0
ABE,D,20090526,000000,5.71344,5.79984,5.41475,5.5641,24555.420952849,0
ABE,D,20090527,000000,5.73699,5.93351,5.70556,5.87057,15032.998685313,0
ABE,D,20090528,000000,5.87845,5.87845,5.57984,5.72124,15399.685051422,0
ABE,D,20090529,000000,5.77629,5.80832,5.68008,5.68008,12708.367049705,0
ABE,D,20090601,000000,5.66625,5.81568,5.63491,5.79984,19586.306645774,0
ABE,D,20090602,000000,5.88633,5.97281,5.81568,5.87057,21569.383068092,0
ABE,D,20090603,000000,5.81568,6.00415,5.73699,5.88633,29257.231179958,0
ABE,D,20090604,000000,5.96494,5.96494,5.77629,5.83127,16730.493825616,0
ABE,D,20090605,000000,5.89421,5.902,5.72124,5.80771,25501.266158886,0
ABE,D,20090608,000000,5.80771,5.81568,5.72911,5.72911,12126.92355952,0
ABE,D,20090609,000000,5.71344,5.84701,5.69776,5.79984,10319.765206924,0
ABE,D,20090610,000000,5.91767,5.91767,5.77629,5.81568,39814.600013519,0
ABE,D,20090612,000000,5.81568,5.88633,5.77629,5.88633,6249.6607756345,0
ABE,D,20090615,000000,5.902,5.97281,5.81568,5.82338,11542.053093952,0
ABE,D,20090616,000000,5.82338,6.20848,5.82338,6.09843,139277.99123912,0
ABE,D,20090617,000000,6.09843,6.55435,6.09843,6.4521,58667.533927077,0
ABE,D,20090618,000000,6.45999,6.47574,6.32622,6.47574,26477.95414338,0
ABE,D,20090619,000000,6.32622,6.43652,6.32622,6.40491,48540.821666795,0
ABE,D,20090622,000000,6.40491,6.44423,5.99629,6.09064,25454.430828635,0
ABE,D,20090623,000000,5.79984,6.12995,5.77629,6.12995,21401.461274267,0
ABE,D,20090624,000000,6.19281,6.32622,6.19281,6.32622,15132.380971455,0
ABE,D,20090625,000000,6.32622,6.32622,6.27142,6.28708,12952.82462711,0
ABE,D,20090626,000000,6.3657,6.38136,6.24778,6.3657,7109.8315970662,0
ABE,D,20090629,000000,6.35792,6.3657,6.24778,6.35003,10278.641502314,0
ABE,D,20090630,000000,6.34206,6.39712,6.34206,6.3657,9361.354424479,0
ABE,D,20090701,000000,6.3657,6.8372,6.3657,6.76664,58821.747819365,0
ABE,D,20090702,000000,6.86862,6.8765,6.4521,6.51505,31015.269552048,0
ABE,D,20090703,000000,6.40491,6.5778,6.34206,6.55435,7458.2407611255,0
ABE,D,20090706,000000,6.52283,6.52283,6.21635,6.39712,17733.455288055,0
ABE,D,20090707,000000,6.38136,6.52283,6.30284,6.48353,4324.8429348478,0
ABE,D,20090708,000000,6.29496,6.43652,6.29496,6.43652,6246.2338002503,0
ABE,D,20090709,000000,6.40491,6.46795,6.3657,6.39712,10619.054390477,0
ABE,D,20090710,000000,6.45999,6.45999,6.3657,6.39712,8798.1881363438,0
ABE,D,20090713,000000,6.43652,6.44423,6.41288,6.42068,2035.6233782089,0
ABE,D,20090714,000000,6.44423,6.52283,6.44423,6.52283,7449.102160101,0
ABE,D,20090715,000000,6.60145,6.98645,6.60145,6.98645,45519.371703068,0
ABE,D,20090716,000000,7.05718,7.28514,6.98645,7.18307,40818.703801087,0
ABE,D,20090717,000000,7.18307,7.26948,6.99424,7.07295,16025.6792216,0
ABE,D,20090720,000000,7.25381,7.25381,7.07295,7.24593,40314.938419611,0
ABE,D,20090721,000000,7.24593,7.54461,7.24593,7.53656,28299.962722641,0
ABE,D,20090722,000000,7.53656,8.63677,7.30878,8.63677,29348.617190203,0
ABE,D,20090723,000000,8.25211,8.55098,8.25211,8.54222,16725.924525103,0
ABE,D,20090724,000000,8.63677,8.88014,8.33125,8.48795,15576.745446272,0
ABE,D,20090727,000000,8.40917,8.60438,8.40917,8.48795,26183.23426034,0
ABE,D,20090728,000000,8.41705,8.5825,8.41705,8.5825,21845.825749083,0
ABE,D,20090729,000000,8.62977,9.72926,8.5825,8.80222,21303.221313253,0
ABE,D,20090730,000000,8.95892,9.31343,8.95892,9.28987,12505.033176909,0
ABE,D,20090731,000000,9.43079,9.5096,9.43079,9.43079,34027.580914751,0
ABE,D,20090803,000000,9.43079,9.43079,8.80222,9.42379,33441.568124054,0
ABE,D,20090804,000000,9.51738,9.51738,9.23381,9.23381,16970.382102509,0
ABE,D,20090805,000000,9.19353,9.34501,9.04645,9.07714,28432.472437496,0
ABE,D,20090806,000000,9.07714,9.51738,9.07714,9.51738,14708.578348943,0
ABE,D,20090807,000000,9.62157,9.71788,9.38964,9.62157,8142.4935128354,0
ABE,D,20090810,000000,9.63039,9.79844,9.59016,9.78098,13304.660766554,0
ABE,D,20090811,000000,9.82301,10.5154,9.82301,10.2169,27823.613144239,0
ABE,D,20090812,000000,10.2869,10.602,10.0435,10.2169,21142.153470196,0
ABE,D,20090813,000000,10.5697,10.6887,10.3343,10.5312,20368.799358497,0
ABE,D,20090814,000000,11.0416,11.0416,10.2957,10.5312,28586.686329785,0
ABE,D,20090817,000000,10.5312,10.5312,10.0995,10.5312,13706.759211632,0
ABE,D,20090818,000000,10.3727,10.5312,10.3343,10.3421,1643.8058592831,0
ABE,D,20090819,000000,10.3421,10.4436,10.2563,10.2563,8308.1306564046,0
ABE,D,20090820,000000,10.2317,10.4436,10.1469,10.2317,16739.63242664,0
ABE,D,20090821,000000,10.2563,10.2563,9.96563,10.0995,16146.765685175,0
ABE,D,20090824,000000,10.1775,10.1775,10.0208,10.0208,13884.96193161,0
ABE,D,20090825,000000,10.0208,10.0208,9.82301,10.013,46428.662505006,0
ABE,D,20090826,000000,10.0147,10.0147,9.87805,9.87805,3938.7370415624,0
ABE,D,20090827,000000,9.84655,9.91743,9.66626,9.91743,5560.8387234123,0
ABE,D,20090828,000000,9.90253,10.3343,9.78364,10.1775,11861.90412981,0
ABE,D,20090831,000000,10.0995,10.3981,10.0995,10.3981,8564.0114850908,0
ABE,D,20090901,000000,10.4541,10.4541,9.42987,10.1101,14365.880810524,0
ABE,D,20090902,000000,9.71,9.71,9.11734,9.3415,21866.387601388,0
ABE,D,20090903,000000,8.88014,9.352,8.76283,9.25047,14379.588712061,0
ABE,D,20090904,000000,8.99834,9.30561,8.99834,9.30561,57477.231143635,0
ABE,D,20090907,000000,9.15503,9.73809,9.15503,9.65838,228524.42651933,0
ABE,D,20090908,000000,9.89484,10.0995,9.58741,9.67404,98109.735948847,0
ABE,D,20090909,000000,9.80897,9.80897,9.5096,9.65051,1972.7954961654,0
ABE,D,20090910,000000,9.58741,9.77661,9.11653,9.43079,75643.627655226,0
ABE,D,20090911,000000,9.09285,9.33626,8.91165,9.33626,18763.832553568,0
ABE,D,20090914,000000,8.88014,8.88801,8.28302,8.74707,31234.595976636,0
ABE,D,20090915,000000,8.89677,8.89677,8.75495,8.75495,68539.5076838,0
ABE,D,20090916,000000,8.88014,9.11653,8.88014,8.92041,203271.04491323,0
ABE,D,20090917,000000,9.11653,9.33626,8.95892,9.21107,72658.732095596,0
ABE,D,20090918,000000,9.19353,9.19353,8.76283,9.07714,4383.101516379,0
ABE,D,20090921,000000,9.02984,9.02984,8.95892,9.02984,306.14313432097,0
ABE,D,20090922,000000,9.02984,9.03774,8.92828,9.03774,6071.4580556566,0
ABE,D,20090923,000000,9.03774,9.03774,8.89677,9.03774,10480.833049981,0
ABE,D,20090924,000000,8.92041,8.99834,8.88801,8.99834,65845.905031827,0
ABE,D,20090925,000000,9.03774,9.03774,8.88014,8.88014,2210.3991228025,0
ABE,D,20090928,000000,9.10863,9.10863,8.84161,9.09285,33391.305818419,0
ABE,D,20090929,000000,9.33626,9.33626,8.95892,9.2189,66602.124266605,0
ABE,D,20090930,000000,9.2767,9.2767,8.8854,9.10863,5315.2388208787,0
ABE,D,20091001,000000,9.10863,9.10863,8.91165,9.10863,5251.2686137071,0
ABE,D,20091002,000000,8.72343,9.10863,8.72343,8.96767,3999.2802733497,0
ABE,D,20091005,000000,8.95892,9.10863,8.80923,9.07714,9649.220356751,0
ABE,D,20091006,000000,9.22589,9.2732,9.07714,9.26529,106621.20047805,0
ABE,D,20091007,000000,9.2732,9.32742,9.26529,9.28103,2269.8000294618,0
ABE,D,20091008,000000,9.28103,9.31343,9.14013,9.2732,1531.8579967329,0
ABE,D,20091009,000000,9.28103,9.31343,9.28103,9.30561,232904.10106032,0
ABE,D,20091012,000000,9.28103,9.29686,8.84161,9.20233,7084.7004442488,0
ABE,D,20091013,000000,9.25047,9.25047,8.95892,9.20233,1794.5927761875,0
ABE,D,20091014,000000,9.20233,9.20233,9.19353,9.19353,381.53659277315,0
ABE,D,20091015,000000,8.88801,9.03774,8.78647,8.78647,5729.9028423657,0
ABE,D,20091016,000000,8.83374,8.84161,8.48795,8.64465,9602.3850265004,0
ABE,D,20091019,000000,8.63677,8.64465,8.43281,8.64465,5833.8544290194,0
ABE,D,20091020,000000,8.48795,8.48795,8.08684,8.09533,10484.260025365,0
ABE,D,20091021,000000,8.13429,8.24441,7.89827,8.24441,14612.623038186,0
ABE,D,20091022,000000,8.25211,8.40917,8.24441,8.40917,9169.4438029644,0
ABE,D,20091023,000000,8.62102,8.72343,8.62102,8.68404,3837.0701051647,0
ABE,D,20091026,000000,8.73832,9.07714,8.66828,9.00705,6872.227970429,0
ABE,D,20091027,000000,8.89677,9.41505,8.89677,9.31343,6061.177129504,0
ABE,D,20091028,000000,9.2732,9.2732,9.03774,9.11653,3472.6683893125,0
ABE,D,20091029,000000,9.11653,9.19353,8.80923,9.19353,31191.187621769,0
ABE,D,20091030,000000,9.19353,9.26529,8.95892,9.25746,15887.457881105,0
ABE,D,20091102,000000,9.19353,9.2732,9.19353,9.19353,19734.808912422,0
ABE,D,20091103,000000,9.2732,9.2732,9.07714,9.07714,12503.890851781,0
ABE,D,20091104,000000,8.91165,9.11653,8.91165,9.11653,2345.193487914,0
ABE,D,20091105,000000,9.19353,9.19353,9.11653,9.11653,1698.6374654302,0
ABE,D,20091106,000000,9.19353,9.19353,8.86438,8.99834,4421.9405707332,0
ABE,D,20091109,000000,9.06834,9.2732,9.04645,9.11653,3019.1653134714,0
ABE,D,20091110,000000,9.68989,9.78364,9.35982,9.43079,9696.0556870016,0
ABE,D,20091112,000000,9.49385,9.49385,9.3914,9.43079,19691.400557556,0
ABE,D,20091113,000000,9.43079,9.43079,9.31343,9.3914,6780.8419601839,0
ABE,D,20091116,000000,9.43079,9.43079,9.3914,9.39921,11396.977802688,0
ABE,D,20091117,000000,9.68286,10.0515,9.43861,9.87027,15032.998685313,0
ABE,D,20091118,000000,10.0594,10.0594,9.90253,9.90955,5750.4646946708,0
ABE,D,20091119,000000,9.85452,9.90253,9.70649,9.70649,10364.315886919,0
ABE,D,20091120,000000,9.89484,9.90253,9.352,9.82301,2955.1951062998,0
ABE,D,20091123,000000,9.85452,9.86315,9.82301,9.82301,5654.5093839135,0
ABE,D,20091124,000000,9.82301,9.82301,9.67404,9.74426,5676.2135613467,0
ABE,D,20091125,000000,9.86315,9.86315,9.74426,9.80015,6988.7451334915,0
ABE,D,20091126,000000,9.80015,9.82301,9.80015,9.80897,24884.410589732,0
ABE,D,20091127,000000,9.79142,9.79142,9.47018,9.74426,10962.894254024,0
ABE,D,20091130,000000,9.78098,9.78098,9.75821,9.77481,4373.9629153545,0
ABE,D,20091201,000000,9.77661,9.77661,9.5096,9.65838,2473.1339022571,0
ABE,D,20091202,000000,9.65838,9.70649,9.5096,9.70649,4818.3273901711,0
ABE,D,20091203,000000,9.74426,9.74426,9.66626,9.70649,2798.6965637552,0
ABE,D,20091204,000000,9.74426,9.74426,9.47018,9.74426,3541.2078969963,0
ABE,D,20091207,000000,9.71,9.80622,9.66977,9.80622,6813.9693888978,0
ABE,D,20091208,000000,9.80622,9.94191,9.80622,9.90253,18659.880966915,0
ABE,D,20091209,000000,9.74151,10.2151,9.74151,10.2151,14279.064100792,0
ABE,D,20091210,000000,10.2151,10.3343,10.2064,10.2151,2562.2352622461,0
ABE,D,20091211,000000,10.2948,10.3343,10.2151,10.3272,44133.731322727,0
ABE,D,20091214,000000,10.3666,10.4541,10.3666,10.4384,58271.147107639,0
ABE,D,20091215,000000,10.4953,11.1596,10.4953,11.144,23200.623350966,0
ABE,D,20091216,000000,11.3286,11.9685,11.3041,11.8573,17433.023779375,0
ABE,D,20091217,000000,11.7375,11.8408,11.6246,11.7769,4911.9980506723,0
ABE,D,20091218,000000,11.537,11.7375,11.4564,11.537,11651.716306246,0
ABE,D,20091221,000000,11.4564,11.6568,10.8953,11.3286,645830.64602753,0
ABE,D,20091222,000000,11.0957,11.4319,11.0957,11.1842,14721.143925352,0
ABE,D,20091223,000000,11.2078,11.2078,10.9041,11.1755,3920.4598395134,0
ABE,D,20091228,000000,11.1755,12.0089,11.144,11.9362,186274.38933278,0
ABE,D,20091229,000000,12.0167,12.0167,11.6174,11.8967,7513.0723672725,0
ABE,D,20091230,000000,11.8487,11.8487,11.3838,11.649,5209.0025839688,0
ABE,D,20091231,000000,11.4013,11.8258,11.4013,11.4319,11523.775891903,0
ABE,D,20100104,000000,11.5921,11.5921,11.4013,11.5205,3462.38746316,0
ABE,D,20100105,000000,11.5205,11.6316,11.3925,11.6316,10298.061029491,0
ABE,D,20100106,000000,11.6568,12.2251,11.6568,12.1936,38353.566174726,0
ABE,D,20100107,000000,12.1856,12.1936,11.881,12.1218,5172.4481798708,0
ABE,D,20100108,000000,12.1052,12.6899,12.0343,12.6418,37271.78427845,0
ABE,D,20100111,000000,12.6181,12.802,12.458,12.6418,114723.7126114,0
ABE,D,20100112,000000,12.6181,12.634,12.3861,12.5699,70500.879928685,0
ABE,D,20100113,000000,12.458,12.682,12.4168,12.5937,1262.26926651,0
ABE,D,20100114,000000,12.6741,12.682,12.6181,12.6585,1778.6002243946,0
ABE,D,20100115,000000,12.4168,13.3719,12.4168,12.8186,20904.549843559,0
ABE,D,20100118,000000,12.9631,13.0584,12.5788,12.8825,18479.393596681,0
ABE,D,20100119,000000,13.1224,13.1224,12.7382,12.7382,17141.730871718,0
ABE,D,20100120,000000,12.8186,12.8186,12.2171,12.4098,6591.2159889254,0
ABE,D,20100121,000000,12.2338,12.3932,11.3041,11.8722,11914.451085701,0
ABE,D,20100122,000000,11.4564,11.8487,11.3121,11.8171,12363.384861029,0
ABE,D,20100125,000000,11.9292,12.0167,11.4731,11.945,116876.9954778,0
ABE,D,20100126,000000,11.8573,11.8573,11.5125,11.7042,7662.7169590488,0
ABE,D,20100127,000000,11.5449,11.7532,11.3838,11.713,1037.2312162815,0
ABE,D,20100128,000000,11.5205,11.713,11.4093,11.4163,70581.985012777,0
ABE,D,20100129,000000,11.3286,11.3286,10.9443,11.2148,8150.4897887319,0
ABE,D,20100201,000000,11.2481,11.537,11.0564,11.4093,31267.72340535,0
ABE,D,20100202,000000,11.2954,11.3374,11.1203,11.3374,8511.4645291999,0
ABE,D,20100203,000000,11.3207,11.6568,11.1596,11.6568,130490.08402893,0
ABE,D,20100204,000000,11.5765,11.8967,11.552,11.6174,22153.111208532,0
ABE,D,20100205,000000,11.6174,11.6174,11.0642,11.376,23239.46240532,0
ABE,D,20100208,000000,11.2148,11.4408,10.9846,11.4163,11169.655102203,0
ABE,D,20100209,000000,11.6088,12.0089,11.3121,11.7769,25606.360070668,0
ABE,D,20100210,000000,11.9685,12.1936,11.9362,12.1533,19999.828342133,0
ABE,D,20100211,000000,12.1445,12.4168,11.9852,12.1288,13693.051310095,0
ABE,D,20100212,000000,12.2171,12.4098,12.1699,12.401,11153.66255041,0
ABE,D,20100215,000000,12.4982,12.6102,12.458,12.4982,8428.0747948513,0
ABE,D,20100216,000000,12.4982,12.5788,12.2977,12.3371,127197.90300985,0
ABE,D,20100217,000000,12.4168,12.7065,12.3371,12.682,4544.1693594359,0
ABE,D,20100218,000000,12.7382,12.7382,12.5384,12.5788,22048.01729675,0
ABE,D,20100219,000000,12.5384,12.5788,12.3861,12.5788,512.90398250044,0
ABE,D,20100222,000000,12.5788,12.6585,12.5455,12.5788,2630.7747699299,0
ABE,D,20100223,000000,12.5788,12.6978,12.5788,12.682,1475.8840654578,0
ABE,D,20100224,000000,12.5384,12.6585,12.5384,12.5788,4248.3071512675,0
ABE,D,20100225,000000,12.5788,12.5788,12.3458,12.3458,8541.1649825295,0
ABE,D,20100226,000000,12.2645,12.5788,12.2645,12.5612,2308.639083816,0
ABE,D,20100301,000000,12.4168,12.4255,12.2583,12.2977,4127.2206876928,0
ABE,D,20100302,000000,12.3371,13.019,12.3371,12.9708,11848.196228273,0
ABE,D,20100303,000000,13.019,13.0584,12.9708,13.0496,14836.518763287,0
ABE,D,20100304,000000,13.0496,13.7964,13.0496,13.7964,53114.691479561,0
ABE,D,20100305,000000,13.8603,13.9409,13.8603,13.9155,10154.128063355,0
ABE,D,20100308,000000,14.0197,14.8206,14.0197,14.565,568873.34447503,0
ABE,D,20100309,000000,14.7016,14.7016,14.2438,14.5729,8311.5576317888,0
ABE,D,20100310,000000,14.6771,14.6771,14.4206,14.5729,6359.3239879286,0
ABE,D,20100311,000000,14.5729,14.8206,14.5729,14.8206,5880.68975927,0
ABE,D,20100312,000000,14.8206,14.8609,14.7331,14.797,6772.8456842875,0
ABE,D,20100315,000000,14.5799,14.5799,14.0599,14.4049,44772.291069314,0
ABE,D,20100316,000000,14.2438,14.2526,14.0687,14.0687,3187.0871072967,0
ABE,D,20100317,000000,14.1562,14.396,14.0197,14.0197,5878.4051090139,0
ABE,D,20100318,000000,14.0197,14.2604,13.8192,13.9794,41805.672711734,0
ABE,D,20100319,000000,14.1719,14.1719,13.6196,13.9409,1702.0644408144,0
ABE,D,20100322,000000,14.1719,14.1719,13.7159,14.0766,3167.6675801196,0
ABE,D,20100323,000000,14.0766,14.1808,13.9469,14.1808,112709.79341062,0
ABE,D,20100324,000000,14.2997,14.2997,14.0197,14.2526,3334.4470488169,0
ABE,D,20100325,000000,14.2604,14.6377,14.2526,14.6289,22223.935366472,0
ABE,D,20100326,000000,14.6692,14.7173,14.4206,14.6929,14050.599075179,0
ABE,D,20100329,000000,14.8119,14.8539,14.748,14.8539,7439.9635590765,0
ABE,D,20100330,000000,14.8609,15.0457,14.8609,15.0457,8181.3325671896,0
ABE,D,20100331,000000,15.0623,15.149,14.9011,15.141,4248.3071512675,0
ABE,D,20100401,000000,15.134,15.134,14.5248,14.9493,14692.585797151,0
ABE,D,20100406,000000,15.1016,15.1822,15.0772,15.1016,12438.778319482,0
ABE,D,20100407,000000,14.9493,14.9493,13.6432,14.5405,12631.831266124,0
ABE,D,20100408,000000,14.5002,14.5002,14.0599,14.3164,1656.3714356918,0
ABE,D,20100409,000000,14.1808,14.5799,14.1405,14.2604,1237.1381136926,0
ABE,D,20100412,000000,14.0197,14.1808,14.0197,14.0275,3243.0610385718,0
ABE,D,20100413,000000,14.0275,14.4354,14.0275,14.4354,9851.4119044182,0
ABE,D,20100414,000000,14.5729,14.5799,14.4608,14.5799,1633.5249331306,0
ABE,D,20100415,000000,14.5799,14.5799,14.3409,14.4924,2265.2307289496,0
ABE,D,20100416,000000,14.4924,14.5335,14.2604,14.2849,13709.043861888,0
ABE,D,20100419,000000,14.0687,14.2997,13.7386,13.8358,9091.7656942561,0
ABE,D,20100420,000000,13.8603,14.4521,13.8603,14.3715,7909.4591867105,0
ABE,D,20100421,000000,14.5571,14.6604,14.5571,14.6202,6487.2644022717,0
ABE,D,20100422,000000,14.5974,14.6929,14.0197,14.5729,3931.883090794,0
ABE,D,20100423,000000,14.5704,14.6184,14.4171,14.5624,2124.7247381978,0
ABE,D,20100426,000000,14.6133,14.6202,14.565,14.5799,2539.3887596848,0
ABE,D,20100427,000000,14.5729,14.5729,14.4206,14.4206,579.15883992811,0
ABE,D,20100428,000000,14.0275,14.4128,14.0275,14.4128,1530.7156716049,0
ABE,D,20100429,000000,14.4846,14.4846,14.0275,14.4049,402.09844507829,0
ABE,D,20100430,000000,14.5002,14.5002,14.4049,14.4049,2698.1719524856,0
ABE,D,20100504,000000,14.3646,14.3646,13.8997,13.8997,8351.539011271,0
ABE,D,20100505,000000,13.2186,13.539,13.2186,13.539,13100.18456863,0
ABE,D,20100506,000000,13.146,13.5794,13.139,13.139,66394.221093297,0
ABE,D,20100507,000000,12.2583,13.0584,12.0491,13.0584,73668.547508804,0
ABE,D,20100510,000000,12.9219,13.7789,12.9219,13.771,3493.2302416177,0
ABE,D,20100511,000000,13.8603,13.8918,13.3474,13.6196,2131.5786889662,0
ABE,D,20100512,000000,13.539,13.8192,13.5303,13.8192,1172.025581393,0
ABE,D,20100513,000000,13.8192,13.8192,13.8043,13.8192,3000.8881114224,0
ABE,D,20100514,000000,13.8437,13.8437,13.6196,13.6196,1912.252264378,0
ABE,D,20100517,000000,13.539,13.539,13.2423,13.42,507.19235686012,0
ABE,D,20100518,000000,13.42,13.42,13.2186,13.2186,1772.8885987543,0
ABE,D,20100519,000000,13.2117,13.2117,12.6585,12.978,73363.546699611,0
ABE,D,20100520,000000,12.8186,12.8186,12.7382,12.7382,92466.649816215,0
ABE,D,20100521,000000,12.4815,12.6015,12.2583,12.5384,42455.655709602,0
ABE,D,20100524,000000,13.3867,13.3867,12.978,12.978,1817.4392787488,0
ABE,D,20100525,000000,12.8983,12.978,12.6585,12.795,3436.1139852145,0
ABE,D,20100526,000000,12.802,13.6196,12.802,13.4673,175624.49216384,0
ABE,D,20100527,000000,13.5705,13.5705,13.5075,13.539,592.86674146487,0
ABE,D,20100528,000000,13.8603,13.9409,13.5794,13.6757,6250.8031007626,0
ABE,D,20100531,000000,13.6957,13.6957,13.5417,13.5417,5189.5830567917,0
ABE,D,20100601,000000,13.4585,13.6196,13.3797,13.42,5431.7559839411,0
ABE,D,20100602,000000,13.4515,13.4515,12.9062,12.9062,967.54938346964,0
ABE,D,20100604,000000,13.5241,13.5241,12.978,13.0584,3265.9075411331,0
ABE,D,20100607,000000,12.978,12.978,12.978,12.978,2.2846502561267,0
ABE,D,20100608,000000,12.8913,13.019,12.8186,12.8186,1943.0950428357,0
ABE,D,20100609,000000,12.8983,12.978,12.8186,12.9708,5037.6538147593,0
ABE,D,20100610,000000,12.978,12.978,12.9377,12.9377,175.91806972175,0
ABE,D,20100611,000000,12.978,13.0584,12.6978,12.6978,3245.3456888279,0
ABE,D,20100614,000000,12.7382,12.7382,12.5148,12.5788,125615.78270748,0
ABE,D,20100615,000000,12.6181,13.0584,12.6181,13.019,12717.505650729,0
ABE,D,20100616,000000,13.139,13.139,13.139,13.139,335.84358765062,0
ABE,D,20100617,000000,13.139,13.3797,12.8186,13.3797,6101.1585089863,0
ABE,D,20100618,000000,12.9139,13.2914,12.9139,13.2914,26778.385652061,0
ABE,D,20100621,000000,13.2991,13.42,13.2275,13.42,21856.106675236,0
ABE,D,20100622,000000,13.42,13.4996,13.2991,13.42,9452.7404347241,0
ABE,D,20100623,000000,13.3797,13.42,13.3797,13.3797,689.96437735025,0
ABE,D,20100624,000000,13.3719,13.3719,13.2581,13.2581,310.71243483323,0
ABE,D,20100625,000000,13.2581,13.2581,12.4168,12.6585,3739.9724692794,0
ABE,D,20100628,000000,12.8186,12.978,12.8186,12.8186,580.30116505617,0
ABE,D,20100629,000000,12.8186,12.8983,12.8186,12.8983,453.50307584114,0
ABE,D,20100630,000000,12.8204,13.3219,12.4158,12.9018,5833.8544290194,0
ABE,D,20100701,000000,13.0584,13.3219,13.0496,13.0496,991.53821115897,0
ABE,D,20100702,000000,13.0427,13.0496,12.6585,13.0348,527.75420916526,0
ABE,D,20100705,000000,13.1312,13.139,12.8186,12.8186,679.68345119768,0
ABE,D,20100706,000000,13.1136,13.139,12.8265,13.1224,6202.8254453839,0
ABE,D,20100707,000000,13.2581,13.4515,12.858,13.4515,26674.434065407,0
ABE,D,20100708,000000,13.4515,13.4515,13.2029,13.2029,2593.0780407038,0
ABE,D,20100709,000000,13.3395,13.3797,13.3395,13.3797,309.57010970516,0
ABE,D,20100712,000000,13.3797,13.3797,13.0664,13.2186,10685.309247904,0
ABE,D,20100713,000000,13.3719,13.3719,13.0664,13.3474,13373.200274237,0
ABE,D,20100714,000000,13.1784,13.3719,13.139,13.3395,3656.5827349307,0
ABE,D,20100715,000000,13.2186,13.3474,13.139,13.139,873.87872296845,0
ABE,D,20100716,000000,12.978,13.3719,12.978,13.3719,419.23332199924,0
ABE,D,20100719,000000,12.8186,13.139,12.8186,13.139,7365.7124257524,0
ABE,D,20100720,000000,13.0996,13.42,13.0996,13.42,11591.173074459,0
ABE,D,20100721,000000,13.4358,13.4585,13.139,13.139,1841.4281064381,0
ABE,D,20100722,000000,13.146,13.146,13.139,13.139,189031.96219192,0
ABE,D,20100723,000000,13.146,13.4585,13.146,13.3719,42786.92999674,0
ABE,D,20100726,000000,13.1941,13.6512,13.1941,13.6196,48625.353726272,0
ABE,D,20100727,000000,13.6196,13.6196,13.2991,13.6109,5699.060063908,0
ABE,D,20100728,000000,13.7789,13.8603,13.4585,13.6109,4668.6827983948,0
ABE,D,20100729,000000,13.6109,13.6196,13.2991,13.6196,4798.9078629941,0
ABE,D,20100730,000000,13.6196,13.6992,13.3797,13.6992,11779.656720589,0
ABE,D,20100802,000000,13.7386,13.8603,13.6992,13.8603,10362.031236662,0
ABE,D,20100803,000000,13.8192,14.4206,13.7789,14.3409,36325.939072414,0
ABE,D,20100804,000000,14.3409,15.141,14.0275,15.141,16465.474395905,0
ABE,D,20100805,000000,15.0849,15.0849,14.6604,14.6692,2424.0139217504,0
ABE,D,20100806,000000,14.7419,14.7419,14.7419,14.7419,223.89572510041,0
ABE,D,20100809,000000,14.4128,14.5799,14.2604,14.4206,58788.620390651,0
ABE,D,20100810,000000,14.4128,14.4206,14.4128,14.4206,701.38762863089,0
ABE,D,20100811,000000,13.9715,14.3409,13.9636,13.9636,4490.480078417,0
ABE,D,20100812,000000,13.9636,14.2526,13.9636,14.0992,6696.3099007073,0
ABE,D,20100813,000000,14.1808,14.1808,14.0992,14.0992,3350.4396006098,0
ABE,D,20100816,000000,14.0197,14.0992,14.0197,14.0992,5656.7940341696,0
ABE,D,20100817,000000,14.1081,14.6849,14.1081,14.6448,1535.2849721171,0
ABE,D,20100818,000000,14.7016,14.7016,14.3566,14.5335,454.64540096921,0
ABE,D,20100819,000000,14.4608,14.5169,14.4608,14.5169,536.89281018977,0
ABE,D,20100820,000000,14.3566,14.5002,14.1808,14.5002,13852.976828024,0
ABE,D,20100823,000000,14.4608,14.5002,14.3497,14.4206,2093.8819597401,0
ABE,D,20100824,000000,14.2604,14.3409,14.2604,14.2604,14103.14603107,0
ABE,D,20100825,000000,14.2682,14.4206,14.2682,14.4206,1900.8290130974,0
ABE,D,20100826,000000,14.4924,14.4924,14.2682,14.396,719.6648306799,0
ABE,D,20100827,000000,14.4206,14.4687,14.4206,14.4608,375080.17114934,0
ABE,D,20100830,000000,14.8539,15.7023,14.8539,15.43,48354.622670921,0
ABE,D,20100831,000000,15.3809,15.689,15.3809,15.4624,30885.044487448,0
ABE,D,20100901,000000,15.6785,15.6864,15.4544,15.6864,10501.394902286,0
ABE,D,20100902,000000,15.662,16.0953,15.662,16.0953,13770.729418803,0
ABE,D,20100903,000000,16.1118,16.4235,16.1118,16.3036,29028.766154345,0
ABE,D,20100906,000000,16.3597,17.5134,16.3509,17.5134,62879.286674246,0
ABE,D,20100907,000000,17.5213,17.5213,16.7921,16.7921,19951.850686754,0
ABE,D,20100908,000000,16.7921,16.7921,15.6305,16.4235,18689.581420244,0
ABE,D,20100909,000000,16.4235,16.7448,16.2152,16.3351,2963.1913821963,0
ABE,D,20100910,000000,16.343,16.343,16.1837,16.343,2025.3424520563,0
ABE,D,20100913,000000,16.4235,16.6161,16.4235,16.5435,1050.9391178183,0
ABE,D,20100914,000000,16.6083,16.6161,16.5435,16.5758,3680.5715626201,0
ABE,D,20100915,000000,16.736,17.144,16.7036,16.7448,22285.620923388,0
ABE,D,20100916,000000,17.1282,17.537,17.1204,17.4888,18685.012119732,0
ABE,D,20100917,000000,17.5852,17.6088,17.5046,17.6088,66565.569862507,0
ABE,D,20100920,000000,17.6176,17.9458,17.5852,17.8014,12092.653805678,0
ABE,D,20100921,000000,17.8583,18.1857,17.825,18.0579,19822.767947283,0
ABE,D,20100922,000000,18.1778,18.1857,16.9838,17.4968,5442.0369100937,0
ABE,D,20100923,000000,17.4968,17.4968,16.6083,17.305,5462.5987623989,0
ABE,D,20100924,000000,16.6231,17.1045,16.5837,16.9838,3807.3696518351,0
ABE,D,20100927,000000,17.0248,17.0248,16.5041,16.5041,3630.3092569853,0
ABE,D,20100928,000000,16.2624,16.8253,15.7423,16.736,11701.978611881,0
ABE,D,20100929,000000,16.8559,16.8559,16.4314,16.4314,424.94494763956,0
ABE,D,20100930,000000,16.427,16.4349,16.224,16.224,3935.3100661782,0
ABE,D,20101001,000000,16.0707,16.5041,16.0707,16.2624,22528.936175665,0
ABE,D,20101004,000000,16.5041,16.5837,16.4638,16.5435,1673.5063126128,0
ABE,D,20101005,000000,16.9838,17.3847,16.9838,17.305,6145.7091889807,0
ABE,D,20101006,000000,17.3454,17.8662,17.305,17.425,5185.0137562795,0
ABE,D,20101007,000000,17.3365,17.4644,17.305,17.305,5687.6368126273,0
ABE,D,20101008,000000,17.305,17.305,17.144,17.305,643.12904709966,0
ABE,D,20101011,000000,17.305,17.5449,17.305,17.5449,1306.8199465045,0
ABE,D,20101012,000000,17.4644,17.5449,17.2253,17.5449,1691.7835146618,0
ABE,D,20101013,000000,17.5449,17.6578,17.1528,17.2324,8504.6105784315,0
ABE,D,20101014,000000,17.1528,17.1528,16.6634,16.6721,3958.1565687394,0
ABE,D,20101015,000000,16.6721,16.7036,16.6721,16.6879,1022.3809896167,0
ABE,D,20101018,000000,16.6957,17.8662,16.6721,17.7857,39656.959145847,0
ABE,D,20101019,000000,17.8662,17.8662,17.4004,17.4004,8011.1261231082,0
ABE,D,20101020,000000,17.2647,17.6255,17.2647,17.6176,1799.1620766997,0
ABE,D,20101021,000000,17.6255,17.6255,17.4644,17.4644,887.58662450521,0
ABE,D,20101022,000000,17.5046,17.6176,17.4566,17.6176,3850.7780067015,0
ABE,D,20101025,000000,17.6255,18.746,17.6255,18.6584,14145.412060808,0
ABE,D,20101026,000000,18.6673,18.9079,18.4256,18.4983,7100.6929960417,0
ABE,D,20101027,000000,18.4256,18.8265,18.1061,18.8265,6217.6756720487,0
ABE,D,20101028,000000,19.133,19.133,18.907,19.0602,3456.6758375196,0
ABE,D,20101029,000000,19.0524,19.0602,18.8256,19.0602,1622.1016818499,0
ABE,D,20101102,000000,19.0682,19.1653,19.0279,19.125,6262.2263520432,0
ABE,D,20101103,000000,19.1233,19.1714,18.8265,19.0594,2154.4251915274,0
ABE,D,20101104,000000,19.1469,19.1469,18.1061,18.81,9999.9141710664,0
ABE,D,20101105,000000,18.7951,18.7951,18.0255,18.4824,4207.1834466573,0
ABE,D,20101108,000000,18.8265,18.9876,18.1857,18.7381,3715.98364159,0
ABE,D,20101109,000000,18.8668,18.8825,18.4256,18.6996,3020.3076385995,0
ABE,D,20101110,000000,18.6673,18.6673,18.4256,18.6584,2426.2985720065,0
ABE,D,20101112,000000,18.4256,18.4256,18.1857,18.4256,5226.1374608897,0
ABE,D,20101115,000000,18.3862,18.746,18.3862,18.4256,2773.5654109378,0
ABE,D,20101116,000000,18.1857,18.1857,17.0004,18.0255,29258.373505086,0
ABE,D,20101117,000000,17.6255,18.4256,17.6255,18.4256,1625.5286572341,0
ABE,D,20101118,000000,18.3459,18.4256,18.0255,18.0255,7742.6797180133,0
ABE,D,20101119,000000,18.3862,18.5463,18.2339,18.5463,70907.547674275,0
ABE,D,20101122,000000,18.6269,18.9796,18.4256,18.9237,69155.220927826,0
ABE,D,20101123,000000,18.9464,18.9464,18.0255,18.5069,6911.0670247832,0
ABE,D,20101124,000000,18.6584,18.6584,18.5069,18.6584,214.75712407591,0
ABE,D,20101125,000000,18.5227,18.9796,18.5227,18.9796,5736.7567931341,0
ABE,D,20101126,000000,18.9079,19.308,18.9079,19.0673,102107.87389707,0
ABE,D,20101129,000000,18.746,19.3719,18.746,19.2265,159693.62592787,0
ABE,D,20101130,000000,19.3115,19.546,19.0682,19.546,44452.440033457,0
ABE,D,20101201,000000,19.5479,19.8682,19.3876,19.7878,16186.747064657,0
ABE,D,20101202,000000,19.9356,20.1064,19.8709,20.0976,40594.808075987,0
ABE,D,20101203,000000,20.0373,20.108,19.6284,19.9094,3774.2422231213,0
ABE,D,20101206,000000,19.6441,20.0214,19.6441,20.0214,6634.6243437918,0
ABE,D,20101207,000000,20.1064,20.1466,19.6275,20.0242,12221.73654515,0
ABE,D,20101208,000000,20.0283,20.0283,19.6678,19.7878,82556.979330265,0
ABE,D,20101209,000000,20.0171,20.1064,19.9917,19.9917,20505.878373865,0
ABE,D,20101210,000000,20.0283,20.0283,19.8288,19.8288,32252.40766574,0
ABE,D,20101213,000000,20.0678,20.1895,20.0283,20.1895,9220.8484337272,0
ABE,D,20101214,000000,20.1895,20.1895,19.8682,19.9873,2591.9357155757,0
ABE,D,20101215,000000,20.1808,20.9092,19.8288,20.9092,56036.759157147,0
ABE,D,20101216,000000,20.8995,21.7915,20.7866,21.7915,81018.267382764,0
ABE,D,20101217,000000,22.0349,22.0349,20.0242,20.1782,26469.957867484,0
ABE,D,20101220,000000,20.2682,20.5012,19.2265,19.6284,10492.256301262,0
ABE,D,20101221,000000,19.2265,19.6284,18.9237,19.5873,6288.4998299886,0
ABE,D,20101222,000000,19.6275,20.1064,19.6275,20.0242,1668.9370121005,0
ABE,D,20101223,000000,20.3085,20.334,19.715,20.0283,2061.8968561543,0
ABE,D,20101227,000000,19.8771,20.0283,19.7483,20.0283,2329.2009361211,0
ABE,D,20101228,000000,20.334,20.8873,19.8682,20.8215,27501.477458125,0
ABE,D,20101229,000000,20.826,21.613,20.6737,21.2883,14507.529126404,0
ABE,D,20101230,000000,21.4676,21.4676,21.0948,21.2321,21705.319758331,0
ABE,D,20101231,000000,21.2321,21.6287,21.2321,21.2321,25685.180504504,0
ABE,D,20110103,000000,21.2304,21.6304,20.8285,21.2304,3510.3651185386,0
ABE,D,20110104,000000,21.0702,21.0702,20.8285,21.0702,1086.3511967882,0
ABE,D,20110105,000000,20.9896,20.9896,20.4293,20.4293,3261.3382406208,0
ABE,D,20110107,000000,20.4303,20.4303,20.0242,20.0242,1867.7015843835,0
ABE,D,20110110,000000,20.8198,20.8198,19.7089,19.7089,10704.728775081,0
ABE,D,20110111,000000,20.1379,20.4452,19.8709,20.4303,19426.381127845,0
ABE,D,20110112,000000,20.3489,20.9721,20.2675,20.9073,4135.2169635893,0
ABE,D,20110113,000000,20.9073,21.0702,20.826,21.0702,15605.303574473,0
ABE,D,20110114,000000,20.503,21.2321,20.503,21.1516,1616.3900562096,0
ABE,D,20110117,000000,21.0623,21.2321,20.5834,20.6,3217.9298857544,0
ABE,D,20110118,000000,21.0702,21.0702,20.6,21.0055,1024.6656398728,0
ABE,D,20110119,000000,21.0702,21.0702,20.6815,20.9888,3967.295169764,0
ABE,D,20110120,000000,20.7699,20.9966,20.7699,20.9888,1756.8960469614,0
ABE,D,20110121,000000,21.0623,21.0702,20.6245,20.9888,647.69834761191,0
ABE,D,20110124,000000,20.6325,20.6325,20.3891,20.3891,1747.7574459369,0
ABE,D,20110125,000000,20.503,20.6648,20.2596,20.2596,20807.452207674,0
ABE,D,20110126,000000,20.2596,20.503,20.2596,20.503,6960.1870052899,0
ABE,D,20110127,000000,20.2596,20.503,20.1782,20.503,13836.984276231,0
ABE,D,20110128,000000,20.2596,20.2596,19.8542,19.9032,187312.76287419,0
ABE,D,20110131,000000,19.8542,19.9032,18.6384,19.6108,6874.5126206851,0
ABE,D,20110201,000000,19.5304,19.7659,19.3763,19.6923,4200.3294958889,0
ABE,D,20110202,000000,19.7659,19.8787,19.6923,19.8787,3760.5343215845,0
ABE,D,20110203,000000,19.7659,20.243,19.7659,19.8542,1172.025581393,0
ABE,D,20110204,000000,19.9356,20.0976,19.8542,20.0896,1138.8981526791,0
ABE,D,20110207,000000,19.8542,20.0976,19.8542,20.0976,1310.2469218886,0
ABE,D,20110208,000000,19.8542,20.0976,19.8542,20.0976,2509.6883063551,0
ABE,D,20110209,000000,20.0976,20.0976,19.9356,20.0573,83307.486939403,0
ABE,D,20110210,000000,19.8542,19.8955,19.7737,19.7737,1085.2088716602,0
ABE,D,20110211,000000,19.4498,19.4567,19.3684,19.4498,2739.2956570959,0
ABE,D,20110214,000000,19.4498,19.4498,19.2143,19.4087,211030.85950816,0
ABE,D,20110215,000000,19.4087,19.4498,19.23,19.4498,2270.9423545899,0
ABE,D,20110216,000000,19.2878,19.2878,19.2467,19.2467,2160.1368171678,0
ABE,D,20110217,000000,19.2467,19.4498,19.2467,19.4498,1864.2746089994,0
ABE,D,20110218,000000,19.3684,19.919,19.2878,19.919,2923.2100027141,0
ABE,D,20110221,000000,19.7414,19.7492,19.7414,19.7492,281.01198150358,0
ABE,D,20110222,000000,19.919,19.919,19.2948,19.3036,1672.3639874847,0
ABE,D,20110223,000000,19.2791,19.7974,19.2791,19.7974,997.24983679929,0
ABE,D,20110225,000000,19.49,19.8062,19.49,19.7737,34895.748012079,0
ABE,D,20110228,000000,20.3165,20.34,20.2517,20.2596,62169.902769719,0
ABE,D,20110301,000000,20.1782,20.2596,19.8542,20.2596,12189.751441564,0
ABE,D,20110302,000000,20.1782,20.1782,19.7737,19.8542,1357.0822521392,0
ABE,D,20110303,000000,19.8542,20.4626,19.4498,20.4223,49668.296568194,0
ABE,D,20110304,000000,20.4626,20.4626,20.243,20.3813,40072.765492462,0
ABE,D,20110307,000000,20.3813,20.4223,20.2596,20.4223,5667.0749603222,0
ABE,D,20110308,000000,20.4223,20.4223,20.3007,20.4223,3779.9538487616,0
ABE,D,20110309,000000,20.2596,20.5834,20.2596,20.51,15499.067337563,0
ABE,D,20110310,000000,20.5834,21.3941,20.5834,21.0702,12388.516013847,0
ABE,D,20110311,000000,21.0702,21.3127,20.9162,21.3127,1883.6941361764,0
ABE,D,20110314,000000,21.3127,21.3941,21.2479,21.3941,4259.7304025482,0
ABE,D,20110315,000000,21.3127,21.3127,20.826,21.3127,33045.181304616,0
ABE,D,20110316,000000,21.3127,21.3127,20.8434,21.0702,12088.084505166,0
ABE,D,20110317,000000,20.9888,21.3381,20.826,21.3127,4092.9509338509,0
ABE,D,20110318,000000,21.0702,21.4763,20.7541,21.3531,29115.582864078,0
ABE,D,20110321,000000,20.9162,21.3531,20.9073,21.0702,1307.9622716325,0
ABE,D,20110322,000000,21.0702,21.0781,20.9073,21.0702,7380.5626524172,0
ABE,D,20110323,000000,21.0702,21.1516,21.0702,21.1516,3633.7362323695,0
ABE,D,20110324,000000,21.0868,21.3459,20.9073,21.3459,2507.403656099,0
ABE,D,20110325,000000,21.3617,21.7189,21.0781,21.6374,3846.2087061892,0
ABE,D,20110328,000000,21.7189,21.8799,21.6374,21.8799,4119.2244117964,0
ABE,D,20110329,000000,21.556,21.7189,21.2321,21.7189,5799.5846751775,0
ABE,D,20110330,000000,21.6287,21.7101,21.3696,21.7101,6906.4977242709,0
ABE,D,20110331,000000,21.7915,21.7915,21.556,21.7189,9867.4044562111,0
ABE,D,20110401,000000,21.7189,21.7189,21.4992,21.6287,1234.8534634365,0
ABE,D,20110404,000000,21.5971,21.7101,21.0702,21.0702,1616.3900562096,0
ABE,D,20110405,000000,21.0623,21.0623,20.4223,20.9485,8645.1165691833,0
ABE,D,20110406,000000,20.9073,21.1349,20.4452,20.9485,4766.9227594083,0
ABE,D,20110407,000000,21.1428,21.1428,20.544,20.6648,6863.0893694045,0
ABE,D,20110408,000000,21.0702,21.0702,20.4539,20.6,1489.5919669946,0
ABE,D,20110411,000000,20.4951,20.4951,19.7737,20.2192,4011.8458497584,0
ABE,D,20110412,000000,20.1948,20.6648,19.9523,20.6648,4885.7245727269,0
ABE,D,20110413,000000,20.1869,20.503,20.1869,20.34,480.91887891466,0
ABE,D,20110414,000000,20.34,21.03,20.34,21.03,7076.7041683523,0
ABE,D,20110415,000000,20.9888,21.0055,20.6815,20.7463,732.2304070886,0
ABE,D,20110418,000000,20.7463,20.7463,20.1134,20.6648,3832.5008046525,0
ABE,D,20110419,000000,20.2596,20.6648,20.2596,20.6648,38317.011770628,0
ABE,D,20110420,000000,20.3165,21.556,20.3165,21.556,10916.058923773,0
ABE,D,20110421,000000,21.3941,21.556,21.1919,21.556,2613.6398930089,0
ABE,D,20110426,000000,21.556,21.556,20.826,21.1516,4551.0233102043,0
ABE,D,20110427,000000,20.6648,20.6648,20.503,20.5834,3070.5699442342,0
ABE,D,20110428,000000,20.1466,20.5834,20.1221,20.5265,1704.3490910705,0
ABE,D,20110429,000000,20.1134,20.544,20.1134,20.544,7828.354102618,0
ABE,D,20110502,000000,19.9759,20.3813,19.8709,20.3813,652.26764812416,0
ABE,D,20110504,000000,19.9032,20.2351,19.8542,20.2351,918.42940296292,0
ABE,D,20110505,000000,19.9435,20.0083,19.9435,19.9523,558.59698762297,0
ABE,D,20110506,000000,19.9603,20.0976,19.9356,20.0976,3511.5074436667,0
ABE,D,20110509,000000,19.9435,20.2596,19.9356,20.2596,1018.9540142325,0
ABE,D,20110510,000000,20.2596,20.2596,20.0242,20.2596,1165.1716306246,0
ABE,D,20110511,000000,20.0242,20.1711,20.0242,20.1624,594.00906659293,0
ABE,D,20110512,000000,20.0896,20.0976,19.9356,20.0976,1490.7342921226,0
ABE,D,20110513,000000,19.9435,20.2596,19.8542,19.8542,784.77736297951,0
ABE,D,20110516,000000,19.9356,20.5756,18.647,19.3684,11028.006786323,0
ABE,D,20110517,000000,19.4498,19.9356,19.2467,19.9356,5893.2553356787,0
ABE,D,20110518,000000,19.2704,20.4951,19.2704,20.4951,5723.0488915973,0
ABE,D,20110519,000000,20.3813,20.4784,19.6363,20.4784,712.81087991152,0
ABE,D,20110520,000000,20.4452,20.503,19.8621,20.503,2681.0370755646,0
ABE,D,20110523,000000,19.8542,20.4951,19.8542,20.4951,436.36819892019,0
ABE,D,20110524,000000,20.503,20.503,20.503,20.503,18693.008395628,0
ABE,D,20110525,000000,20.3007,20.4539,20.3007,20.3813,22705.996570515,0
ABE,D,20110526,000000,20.34,20.4223,20.34,20.34,215.89944920397,0
ABE,D,20110527,000000,19.8866,20.3489,19.8542,20.3489,7219.4948093603,0
ABE,D,20110530,000000,20.243,20.34,19.919,20.34,2063.0391812824,0
ABE,D,20110531,000000,20.2596,20.2596,20.0328,20.2596,20846.291262028,0
ABE,D,20110601,000000,19.8621,20.1379,19.2143,20.1379,5703.6293644202,0
ABE,D,20110602,000000,19.6599,20.1782,19.6512,20.1782,969.83403372577,0
ABE,D,20110603,000000,20.1379,20.2517,19.4498,20.2517,2150.9982161433,0
ABE,D,20110606,000000,20.0171,20.0976,19.4734,20.0976,3723.9799174865,0
ABE,D,20110607,000000,20.0171,20.0171,20.0171,20.0171,678.54112606962,0
ABE,D,20110608,000000,19.6108,19.7737,19.4498,19.7737,4834.319941964,0
ABE,D,20110609,000000,19.4087,19.6923,19.4087,19.6923,77076.103365817,0
ABE,D,20110610,000000,19.4498,19.8219,19.4087,19.8219,1369.6478285479,0
ABE,D,20110613,000000,19.6923,19.7737,19.3684,19.5714,25470.423380428,0
ABE,D,20110614,000000,19.8542,19.8542,19.4989,19.4989,5503.7224670091,0
ABE,D,20110615,000000,19.4989,19.4989,19.2878,19.4989,411.2370461028,0
ABE,D,20110616,000000,18.7522,19.0444,18.7285,18.8816,2217.2530735709,0
ABE,D,20110617,000000,19.2878,19.3684,19.0444,19.2878,48050.764186856,0
ABE,D,20110620,000000,18.6961,19.3203,18.6961,19.3203,2654.7635976192,0
ABE,D,20110621,000000,18.9631,19.3203,18.8816,19.3203,5138.1784260289,0
ABE,D,20110622,000000,18.907,19.118,18.907,19.118,382.67891790122,0
ABE,D,20110624,000000,18.8816,19.0848,18.8816,19.0848,1313.6738972728,0
ABE,D,20110627,000000,18.7197,19.0848,18.7197,19.0848,9953.0788408158,0
ABE,D,20110628,000000,18.7197,19.0848,18.2505,19.0848,24474.315868757,0
ABE,D,20110629,000000,18.3222,19.0848,18.3222,19.0357,1001.8191373115,0
ABE,D,20110630,000000,18.388,19.125,18.388,19.125,4022.126775911,0
ABE,D,20110701,000000,18.6874,19.2056,18.6785,19.2056,1182.3065075455,0
ABE,D,20110704,000000,18.8169,19.2467,18.8169,19.2467,1917.9638900183,0
ABE,D,20110705,000000,19.2791,19.2878,19.0444,19.2878,14486.967274099,0
ABE,D,20110706,000000,19.2791,19.2878,19.0682,19.0926,1467.8877895614,0
ABE,D,20110707,000000,19.1898,19.2878,19.0444,19.2878,4798.9078629941,0
ABE,D,20110708,000000,19.0602,19.2878,19.0602,19.0848,25451.003853251,0
ABE,D,20110711,000000,19.0848,19.0848,18.9631,18.9631,1811.7276531084,0
ABE,D,20110712,000000,18.9631,18.9631,18.3065,18.8816,5279.8267419087,0
ABE,D,20110713,000000,18.3153,18.6384,18.3153,18.3958,106236.23690989,0
ABE,D,20110714,000000,18.3153,18.4448,18.3153,18.436,186838.69794604,0
ABE,D,20110715,000000,18.3153,18.436,18.3153,18.436,26035.874318819,0
ABE,D,20110718,000000,18.3065,18.3065,18.1525,18.1603,1406.202232646,0
ABE,D,20110719,000000,17.8697,17.9091,17.5449,17.9091,6233.6682238416,0
ABE,D,20110720,000000,18.2339,18.4763,17.748,18.4685,441562.3512775,0
ABE,D,20110721,000000,18.1603,18.2339,18.1603,18.2339,7149.8129765484,0
ABE,D,20110722,000000,18.275,18.4685,18.275,18.4685,373.54031687671,0
ABE,D,20110725,000000,17.9344,18.6384,17.9344,18.6384,1423.3371095669,0
ABE,D,20110726,000000,18.6384,18.9228,18.2574,18.9228,2577.0854889109,0
ABE,D,20110727,000000,18.8816,18.8816,18.8738,18.8816,135.93669023954,0
ABE,D,20110728,000000,18.2418,18.866,18.2339,18.866,491.19980506723,0
ABE,D,20110729,000000,18.8493,18.8816,18.3153,18.8816,2185.2679699852,0
ABE,D,20110801,000000,18.4204,18.8816,18.4204,18.8816,571.16256403167,0
ABE,D,20110802,000000,18.8738,18.8738,18.8738,18.8738,49.119980506723,0
ABE,D,20110803,000000,18.3958,18.3958,17.0179,17.8198,10294.634054107,0
ABE,D,20110804,000000,17.1878,17.8198,16.2073,17.4233,34334.8663742,0
ABE,D,20110805,000000,15.7293,17.3015,15.7214,17.3015,25698.888406041,0
ABE,D,20110808,000000,15.9167,16.8559,15.9167,16.8559,27654.549025285,0
ABE,D,20110809,000000,16.4507,16.6048,15.7538,16.6048,297218.14809541,0
ABE,D,20110810,000000,16.1425,17.6667,16.1425,17.6667,93124.629089979,0
ABE,D,20110811,000000,16.2327,17.6667,16.2327,17.6667,118672.73057912,0
ABE,D,20110812,000000,17.4074,17.9905,17.4074,17.9739,11496.360088829,0
ABE,D,20110816,000000,17.8285,17.9494,17.8285,17.8285,603.14766761744,0
ABE,D,20110817,000000,17.8285,17.8285,17.65,17.65,107.37856203795,0
ABE,D,20110818,000000,17.4233,17.4233,16.6292,17.3015,133373.31265216,0
ABE,D,20110819,000000,16.5321,17.2122,16.2721,17.1474,72974.013830942,0
ABE,D,20110822,000000,16.6862,17.5685,16.6862,17.5685,6423.2941951001,0
ABE,D,20110823,000000,17.5685,17.9091,17.2692,17.5685,4199.1871707608,0
ABE,D,20110824,000000,17.0416,17.6667,17.0179,17.375,149905.0419055,0
ABE,D,20110825,000000,17.6667,17.6667,17.2211,17.4636,717.38018042377,0
ABE,D,20110826,000000,17.1799,17.3988,17.1799,17.3585,12410.22019128,0
ABE,D,20110829,000000,17.3663,17.3663,16.9619,17.3585,10123.285284897,0
ABE,D,20110830,000000,17.3427,17.3427,17.326,17.326,6317.0579581902,0
ABE,D,20110831,000000,17.334,17.3427,17.0179,17.3427,144949.63549996,0
ABE,D,20110901,000000,17.748,17.748,17.0179,17.334,46734.805639327,0
ABE,D,20110902,000000,16.9855,17.3427,16.6135,17.0179,26064.432447021,0
ABE,D,20110905,000000,16.8559,17.0915,16.2563,17.0013,8350.396686143,0
ABE,D,20110906,000000,16.4585,17.0013,16.4507,16.5321,467.2109773779,0
ABE,D,20110907,000000,16.5732,16.8638,16.329,16.8638,3270.4768416453,0
ABE,D,20110908,000000,16.378,16.8638,16.378,16.8482,16401.504188733,0
ABE,D,20110909,000000,16.3938,16.9207,16.2563,16.9207,31860.590146814,0
ABE,D,20110912,000000,16.2563,16.7589,16.1758,16.7589,55528.424475159,0
ABE,D,20110913,000000,16.224,16.8069,16.216,16.6862,2597.647341216,0
ABE,D,20110914,000000,16.3701,16.638,16.3701,16.638,99269.195953832,0
ABE,D,20110915,000000,16.4585,16.6048,16.3701,16.6048,14102.003705942,0
ABE,D,20110916,000000,16.3701,16.427,16.3701,16.378,412945.96449438,0
ABE,D,20110919,000000,16.2073,16.378,15.3162,15.3809,13003.086932745,0
ABE,D,20110920,000000,15.4045,16.1337,14.8382,15.5428,429227.52454467,0
ABE,D,20110921,000000,15.957,15.957,15.3985,15.5192,3939.8793666904,0
ABE,D,20110922,000000,15.1621,16.2073,14.9187,16.2073,4985.1068588684,0
ABE,D,20110923,000000,16.1267,16.1994,15.3336,16.1837,3893.0440364398,0
ABE,D,20110926,000000,16.0865,16.1267,15.6724,16.1267,4691.5293009561,0
ABE,D,20110927,000000,16.0051,16.0051,15.5596,15.5596,2451.4297248239,0
ABE,D,20110928,000000,16.1267,16.1267,15.3985,15.802,24997.50077741,0
ABE,D,20110929,000000,15.802,15.802,15.5271,15.802,28457.603590314,0
ABE,D,20110930,000000,16.1267,16.1267,15.7214,16.0051,51228.712693128,0
ABE,D,20111003,000000,15.3985,15.7862,15.3985,15.7458,28032.658642674,0
ABE,D,20111004,000000,15.3985,15.5997,15.1139,15.5997,65676.840912873,0
ABE,D,20111005,000000,15.3162,15.3985,15.0894,15.3985,4848.0278435008,0
ABE,D,20111006,000000,15.3162,15.7941,15.0727,15.7941,3710.2720159497,0
ABE,D,20111007,000000,15.2435,15.3985,15.2348,15.3162,30221.353588044,0
ABE,D,20111010,000000,15.1542,15.2916,15.0001,15.219,3097.9857473078,0
ABE,D,20111011,000000,15.0492,15.0492,14.2631,14.4407,47379.077011555,0
ABE,D,20111012,000000,14.4407,14.5379,14.32,14.32,3577.7623010944,0
ABE,D,20111013,000000,14.3444,14.3444,13.8253,14.1815,87602.629420921,0
ABE,D,20111014,000000,13.9391,14.0197,13.8743,14.0197,86356.352706204,0
ABE,D,20111017,000000,14.1815,14.3925,14.0197,14.1815,18994.582229437,0
ABE,D,20111018,000000,14.165,14.3444,14.165,14.3444,49025.167521094,0
ABE,D,20111019,000000,14.6683,14.9029,14.2876,14.748,81257.013334529,0
ABE,D,20111020,000000,14.4328,14.7252,14.2297,14.2384,785.91968810757,0
ABE,D,20111021,000000,14.5704,14.952,14.1335,14.952,2573.6585135267,0
ABE,D,20111024,000000,14.5956,15.1227,14.5956,15.1227,2899.2211750247,0
ABE,D,20111025,000000,14.8382,15.1227,14.8382,14.8539,430.65657327988,0
ABE,D,20111026,000000,14.8293,14.9922,14.5869,14.6114,1858.562983359,0
ABE,D,20111027,000000,15.1139,15.3336,14.6036,15.3162,2340.6241874018,0
ABE,D,20111028,000000,15.3162,15.3162,15.0001,15.3162,919.57172809098,0
ABE,D,20111031,000000,15.3985,15.4948,15.0325,15.4948,491.19980506723,0
ABE,D,20111102,000000,15.2348,15.2348,14.8382,14.9922,2988.3225350137,0
ABE,D,20111103,000000,14.5869,15.0727,14.5869,15.0727,1217.7185865155,0
ABE,D,20111104,000000,15.2348,15.2348,14.9922,14.9922,4102.0895348754,0
ABE,D,20111107,000000,14.6762,15.3651,14.6762,15.0001,81053.679461734,0
ABE,D,20111108,000000,14.9922,15.6565,14.9922,15.6565,6463.2755745823,0
ABE,D,20111109,000000,15.2435,15.3985,15.2435,15.3985,382.67891790122,0
ABE,D,20111110,000000,15.2348,15.6565,15.0807,15.5596,1224.5725372839,0
ABE,D,20111114,000000,15.478,15.5596,15.478,15.5596,277.58500611939,0
ABE,D,20111115,000000,15.9647,15.9647,15.6156,15.9647,2610.2129176247,0
ABE,D,20111116,000000,15.6812,15.802,15.6812,15.7136,62079.659084602,0
ABE,D,20111117,000000,15.7372,15.7941,15.7214,15.7941,872.73639784039,0
ABE,D,20111118,000000,15.7214,15.7214,15.5507,15.5507,1598.1128541606,0
ABE,D,20111121,000000,15.3985,15.6156,15.3985,15.6085,1383.3557300847,0
ABE,D,20111122,000000,15.5192,15.5192,15.3162,15.5192,20533.294176938,0
ABE,D,20111123,000000,15.057,15.057,14.9922,14.9922,12145.200761569,0
ABE,D,20111124,000000,14.5142,14.5869,14.2631,14.5869,13351.496096804,0
ABE,D,20111125,000000,14.5781,14.5781,14.3444,14.3444,566.59326351941,0
ABE,D,20111128,000000,14.5056,14.748,14.5056,14.748,880.73267373683,0
ABE,D,20111129,000000,14.6683,15.3336,14.6683,15.3336,1822.008579261,0
ABE,D,20111130,000000,15.3651,16.1758,15.3651,16.1758,2623.9208191615,0
ABE,D,20111201,000000,15.802,17.1799,14.6683,15.1787,27833.894070391,0
ABE,D,20111202,000000,15.275,15.275,15.275,15.275,99.38228614151,0
ABE,D,20111205,000000,15.7705,15.7705,15.7705,15.7705,148.50226664823,0
ABE,D,20111206,000000,15.4386,15.7538,15.3985,15.7538,2731.2993811994,0
ABE,D,20111207,000000,15.8668,15.9647,15.8668,15.9482,1102.3437485811,0
ABE,D,20111208,000000,15.9647,16.638,15.5104,16.062,2634.201745314,0
ABE,D,20111209,000000,16.6048,16.6048,15.6565,15.6645,3864.4859082383,0
ABE,D,20111212,000000,15.6812,15.8431,15.6812,15.8431,1173.167906521,0
ABE,D,20111213,000000,15.7617,16.1994,15.7617,16.0051,31263.154104837,0
ABE,D,20111214,000000,16.1679,16.1679,16.1679,16.1679,22.846502561267,0
ABE,D,20111215,000000,15.8834,16.3938,15.802,16.3938,984.68426039059,0
ABE,D,20111216,000000,16.3701,16.3938,15.9727,16.0699,2013.9192007757,0
ABE,D,20111219,000000,16.0532,16.0532,15.802,15.802,2631.9170950579,0
ABE,D,20111220,000000,15.3985,15.6242,15.3985,15.6242,5119.9012239799,0
ABE,D,20111221,000000,15.0973,15.7941,15.0973,15.7941,759.64621016212,0
ABE,D,20111222,000000,15.7214,16.1022,15.7214,16.0463,277.58500611939,0
ABE,D,20111223,000000,16.0463,16.0463,15.6409,16.0375,188.48364613045,0
ABE,D,20111227,000000,15.7214,15.7214,15.478,15.478,1869.9862346397,0
ABE,D,20111228,000000,15.478,15.478,15.478,15.478,141.64831587985,0
ABE,D,20111229,000000,15.4859,15.4859,15.4859,15.4859,828.18571784592,0
ABE,D,20111230,000000,15.478,15.478,15.478,15.478,20.56185230514,0
ABE,D,20120102,000000,15.478,15.8589,15.4386,15.8589,1319.3855229131,0
ABE,D,20120103,000000,15.4134,16.2073,15.4134,16.2073,1177.7372070333,0
ABE,D,20120104,000000,16.1267,16.1267,16.1267,16.1267,1243.992064461,0
ABE,D,20120105,000000,16.1267,16.1267,16.0463,16.1267,19520.051788346,0
ABE,D,20120109,000000,16.1267,16.2073,16.1267,16.2073,246.74222766168,0
ABE,D,20120110,000000,16.2073,16.2073,16.2073,16.2073,1303.3929711203,0
ABE,D,20120111,000000,16.2073,16.2073,16.2073,16.2073,3255.6266149805,0
ABE,D,20120112,000000,16.5145,16.5145,16.5145,16.5145,158.7831928008,0
ABE,D,20120113,000000,16.2073,16.4919,16.2073,16.2073,2872.9476970793,0
ABE,D,20120116,000000,16.2073,16.5321,16.2073,16.5321,17956.208688028,0
ABE,D,20120117,000000,16.5644,16.5644,16.5644,16.5644,678.54112606962,0
ABE,D,20120118,000000,16.9855,16.9855,16.6135,16.6135,1349.0859762428,0
ABE,D,20120119,000000,16.9619,16.9619,16.378,16.378,238.74595176524,0
ABE,D,20120120,000000,16.378,16.4585,16.3701,16.3701,491.19980506723,0
ABE,D,20120123,000000,16.9365,16.9365,16.9207,16.9365,424.94494763956,0
ABE,D,20120124,000000,16.8559,16.8559,16.8559,16.8559,70.824157939927,0
ABE,D,20120125,000000,16.8244,16.8244,16.8244,16.8244,185.05667074626,0
ABE,D,20120126,000000,16.8069,17.5774,16.4436,17.4074,28076.066997541,0
ABE,D,20120127,000000,17.0267,17.7069,17.0179,17.7069,165.63714356918,0
ABE,D,20120130,000000,17.65,18.8011,17.65,18.8011,8519.4608050963,0
ABE,D,20120131,000000,19.4498,19.8787,18.5174,19.0357,20852.002887668,0
ABE,D,20120201,000000,18.5333,18.8816,17.9091,17.9091,43628.823616123,0
ABE,D,20120202,000000,17.9012,18.6384,17.9012,18.6314,5957.2255428503,0
ABE,D,20120203,000000,18.5578,18.5578,17.9257,17.9257,174.77574459369,0
ABE,D,20120206,000000,17.9257,18.2339,17.9257,18.2339,422.66029738343,0
ABE,D,20120207,000000,18.6384,18.6384,18.2339,18.2339,9557.8343465059,0
ABE,D,20120208,000000,18.3958,18.3958,18.3958,18.3958,77740.93659035,0
ABE,D,20120209,000000,18.5989,18.6226,17.9091,17.9091,2489.12645405,0
ABE,D,20120210,000000,17.9739,18.2339,17.9659,18.1525,1810.5853279804,0
ABE,D,20120213,000000,17.9582,18.2339,17.9582,18.2339,1326.2394736815,0
ABE,D,20120214,000000,18.1525,18.2339,17.9494,17.9582,45257.779248741,0
ABE,D,20120215,000000,17.9905,18.5578,17.9905,18.5412,1891.6904120729,0
ABE,D,20120216,000000,18.5498,18.7285,18.5498,18.6384,18566.210306413,0
ABE,D,20120217,000000,18.6384,18.6384,18.5578,18.6384,200444.9325464,0
ABE,D,20120220,000000,18.7197,18.7285,18.3958,18.6384,79404.16197681,0
ABE,D,20120221,000000,18.7119,18.7119,18.4115,18.6314,6528.3881068819,0
ABE,D,20120222,000000,18.3958,18.3958,18.3398,18.3398,77111.515444787,0
ABE,D,20120223,000000,18.3467,18.3801,17.9091,18.3801,4587.5777143023,0
ABE,D,20120224,000000,18.1603,18.275,17.7716,17.7716,12524.452704086,0
ABE,D,20120227,000000,18.2339,18.2339,17.3829,17.8285,6463.2755745823,0
ABE,D,20120228,000000,17.3908,17.8285,17.3908,17.8285,2590.7933904476,0
ABE,D,20120229,000000,17.8041,18.2251,16.4183,18.2251,26985.14650024,0
ABE,D,20120301,000000,17.9905,18.1525,17.8285,17.9905,1391.3520059811,0
ABE,D,20120302,000000,18.2164,18.2164,17.6019,17.6019,27991.534938064,0
ABE,D,20120305,000000,18.1367,18.275,18.1367,18.275,149.6445917763,0
ABE,D,20120306,000000,17.6185,17.8609,17.5852,17.5852,907.00615168229,0
ABE,D,20120307,000000,17.6263,17.6263,17.6019,17.6263,243.31525227749,0
ABE,D,20120308,000000,18.1446,18.1446,18.0956,18.0956,444.36447481664,0
ABE,D,20120309,000000,18.2102,18.2102,18.1771,18.1771,86.816709732813,0
ABE,D,20120312,000000,18.1936,18.1936,18.1936,18.1936,20.56185230514,0
ABE,D,20120314,000000,17.65,18.2339,17.65,18.2339,1684.9295638934,0
ABE,D,20120315,000000,17.9905,17.9905,17.9091,17.9091,2450.2873996958,0
ABE,D,20120316,000000,17.9091,17.9091,17.7069,17.8285,40857.542855441,0
ABE,D,20120319,000000,17.65,17.8285,17.6333,17.8285,84586.891082834,0
ABE,D,20120320,000000,17.6667,17.6667,17.6587,17.6587,271970.47811496,0
ABE,D,20120321,000000,17.6333,17.6333,17.4636,17.4636,2861.5244457986,0
ABE,D,20120322,000000,17.0267,17.4636,16.9365,17.4636,18250.928571068,0
ABE,D,20120323,000000,16.8244,16.8244,16.8244,16.8244,411.2370461028,0
ABE,D,20120326,000000,17.2937,17.2937,17.0993,17.0993,123952.55732102,0
ABE,D,20120327,000000,17.5774,17.5774,17.0993,17.0993,100236.7453373,0
ABE,D,20120328,000000,17.1474,17.4233,17.1405,17.4233,1026.9502901289,0
ABE,D,20120329,000000,17.4722,17.4722,17.3015,17.3015,69.681832811863,0
ABE,D,20120330,000000,17.3015,17.3015,17.3015,17.3015,123.37111383084,0
ABE,D,20120403,000000,16.8638,17.1799,16.378,17.1799,3280.7577677979,0
ABE,D,20120405,000000,17.1799,17.2612,17.1799,17.2612,1480.4533659701,0
ABE,D,20120411,000000,16.7028,16.7028,16.7028,16.7028,148.50226664823,0
ABE,D,20120413,000000,17.01,17.01,16.4183,16.6135,3293.3233442066,0
ABE,D,20120417,000000,16.6135,16.6135,16.6135,16.6135,739.08435785698,0
ABE,D,20120418,000000,16.6135,16.6135,16.6135,16.6135,1702.0644408144,0
ABE,D,20120420,000000,16.4103,16.5557,16.4103,16.5321,1486.1649916104,0
ABE,D,20120423,000000,16.2887,16.4349,15.8913,16.427,888.72894963327,0
ABE,D,20120424,000000,16.4349,16.4507,15.9167,16.4507,1562.7007751906,0
ABE,D,20120425,000000,16.0532,16.2073,16.0532,16.2073,179228.52794288,0
ABE,D,20120426,000000,16.2073,16.5321,16.2073,16.5321,625.99417017871,0
ABE,D,20120507,000000,16.645,17.0179,15.9238,17.0179,1858.562983359,0
ABE,D,20120511,000000,16.3448,16.8315,16.329,16.8315,2179.5563443448,0
ABE,D,20120514,000000,16.329,16.329,16.329,16.329,616.8555691542,0
ABE,D,20120516,000000,15.6724,16.3938,15.6724,16.3938,2766.7114601694,0
ABE,D,20120517,000000,16.0051,16.0051,15.9647,15.9647,1341.0897003464,0
ABE,D,20120518,000000,15.8834,15.8834,15.8834,15.8834,395.24449430991,0
ABE,D,20120521,000000,15.8834,15.8834,15.8106,15.8106,602.00534248938,0
ABE,D,20120522,000000,15.8106,15.8106,15.8106,15.8106,2160.1368171678,0
ABE,D,20120525,000000,16.1994,16.1994,15.8195,15.8195,1151.4637290878,0
ABE,D,20120528,000000,15.8195,15.8195,15.8106,15.8106,2564.5199125022,0
ABE,D,20120530,000000,15.8106,15.8106,15.8106,15.8106,95.95531075732,0
ABE,D,20120601,000000,15.8265,15.8265,15.7617,15.7617,453.50307584114,0
ABE,D,20120604,000000,16.2073,16.2073,15.8195,15.8913,394.10216918185,0
ABE,D,20120605,000000,15.8913,15.8913,15.8913,15.8913,223.89572510041,0
ABE,D,20120606,000000,15.9482,15.9482,15.7214,15.802,94.812985629257,0
ABE,D,20120611,000000,15.7214,15.7214,15.7214,15.7214,50.262305634787,0
ABE,D,20120612,000000,15.6409,16.0375,15.5596,16.0375,622.56719479452,0
ABE,D,20120613,000000,15.8834,15.8834,15.8834,15.8834,203.33387279527,0
ABE,D,20120614,000000,15.7214,15.7214,15.3162,15.3162,716.23785529571,0
ABE,D,20120615,000000,15.5596,15.7941,15.5596,15.7941,1688.3565392776,0
ABE,D,20120619,000000,16.0532,16.0532,16.0532,16.0532,635.13277120321,0
ABE,D,20120620,000000,16.2073,16.2073,16.2073,16.2073,19188.777501208,0
ABE,D,20120621,000000,15.9647,15.9647,15.9647,15.9647,61.68555691542,0
ABE,D,20120622,000000,15.802,16.2073,15.802,16.2073,1465.6031393053,0
ABE,D,20120625,000000,15.6812,16.3622,15.3985,16.2073,5925.2404392645,0
ABE,D,20120626,000000,15.8755,16.2808,15.8668,16.2808,412.37937123086,0
ABE,D,20120628,000000,16.2073,16.2887,16.2073,16.2887,461.49935173759,0
ABE,D,20120629,000000,16.2073,16.2073,16.2073,16.2073,24679.934391808,0
ABE,D,20120703,000000,16.2887,16.2887,16.2887,16.2887,531.18118454945,0
ABE,D,20120704,000000,15.802,15.802,15.7617,15.7617,1667.7946869725,0
ABE,D,20120706,000000,15.7617,16.2073,15.7617,16.2073,3334.4470488169,0
ABE,D,20120709,000000,15.8834,15.8834,15.7214,15.7214,801.91223990046,0
ABE,D,20120710,000000,15.6409,15.6409,15.6409,15.6409,115.3748379344,0
ABE,D,20120711,000000,15.4859,15.7214,15.478,15.7214,1085.2088716602,0
ABE,D,20120712,000000,16.0778,16.0778,16.0778,16.0778,14.850226664823,0
ABE,D,20120717,000000,15.5192,16.0778,15.3731,16.0778,132.50971485535,0
ABE,D,20120718,000000,15.3731,15.3731,15.3573,15.3573,286.7236071439,0
ABE,D,20120719,000000,15.3985,15.478,15.3985,15.478,213.61479894784,0
ABE,D,20120723,000000,15.1953,15.3485,14.8785,14.8785,1001.8191373115,0
ABE,D,20120724,000000,14.9922,14.9922,14.8066,14.8066,960.69543270126,0
ABE,D,20120725,000000,14.8293,14.8293,14.1815,14.5869,3703.4180651813,0
ABE,D,20120726,000000,14.5869,14.5869,14.1815,14.1815,395.24449430991,0
ABE,D,20120727,000000,14.5142,14.5221,14.2384,14.2384,712.81087991152,0
ABE,D,20120802,000000,14.5869,14.7086,14.5869,14.7086,1304.5352962483,0
ABE,D,20120806,000000,14.9029,14.9117,14.9029,14.9117,704.81460401508,0
ABE,D,20120808,000000,14.9922,14.9922,14.5869,14.9922,30848.49008335,0
ABE,D,20120809,000000,15.1139,15.1139,15.0325,15.0325,1796.8774264436,0
ABE,D,20120810,000000,14.952,14.952,14.5869,14.5869,1389.067355725,0
ABE,D,20120814,000000,14.8627,14.8627,14.8627,14.8627,11.423251280633,0
ABE,D,20120822,000000,14.8627,14.8627,14.8627,14.8627,763.07318554631,0
ABE,D,20120824,000000,15.0727,15.1621,15.0727,15.1542,701.38762863089,0
ABE,D,20120828,000000,14.748,14.7892,14.748,14.7892,91.386010245067,0
ABE,D,20120830,000000,14.5869,14.5869,14.5465,14.5869,224032.80411578,0
ABE,D,20120831,000000,15.2023,15.2348,14.8293,14.8293,203.33387279527,0
ABE,D,20120903,000000,14.748,14.748,14.748,14.748,530.03885942139,0
ABE,D,20120904,000000,14.4004,14.4328,14.4004,14.4328,323.27801124192,0
ABE,D,20120906,000000,14.5869,14.6683,14.2631,14.3848,59818.997656165,0
ABE,D,20120907,000000,14.8627,14.9922,14.8627,14.9844,1391.3520059811,0
ABE,D,20120910,000000,15.0168,15.0168,15.0168,15.0168,86.816709732813,0
ABE,D,20120911,000000,14.6683,14.6683,14.6683,14.6683,579.15883992811,0
ABE,D,20120912,000000,14.6604,15.0727,14.6604,15.0727,8094.5158574568,0
ABE,D,20120914,000000,15.008,15.0727,14.9922,15.0727,14771.406230987,0
ABE,D,20120917,000000,15.1542,15.1542,15.1542,15.1542,388.39054354153,0
ABE,D,20120918,000000,15.1787,15.275,15.1787,15.275,827.04339271785,0
ABE,D,20120919,000000,15.275,15.3248,15.275,15.3248,20446.477467206,0
ABE,D,20120920,000000,15.3248,15.5507,15.3248,15.5507,7256.0492134583,0
ABE,D,20120921,000000,15.5507,16.1758,15.5507,16.1758,2697.0296273575,0
ABE,D,20120924,000000,16.1758,17.0179,16.1267,16.1267,3169.9522303757,0
ABE,D,20120925,000000,16.329,16.329,16.2887,16.2887,710.52622965539,0
ABE,D,20120926,000000,16.329,16.329,15.8431,15.8431,169.06411895337,0
ABE,D,20120927,000000,15.7941,15.7941,15.7783,15.7783,536.89281018977,0
ABE,D,20120928,000000,15.802,15.802,15.7862,15.7862,7583.8965252125,0
ABE,D,20121001,000000,15.7862,15.802,15.7862,15.802,146.21761639211,0
ABE,D,20121002,000000,15.802,16.1994,15.802,16.1994,9506.4297157431,0
ABE,D,20121003,000000,16.1994,16.1994,15.6489,15.6565,390.67519379766,0
ABE,D,20121004,000000,15.7862,15.7862,15.7862,15.7862,388.39054354153,0
ABE,D,20121005,000000,15.7862,16.2073,15.7862,16.2073,51377.214959776,0
ABE,D,20121008,000000,16.2073,16.3938,16.2073,16.216,3608.6050795521,0
ABE,D,20121009,000000,16.216,16.2485,16.216,16.216,1422.1947844388,0
ABE,D,20121010,000000,16.2327,16.2327,16.2327,16.2327,133.65203998341,0
ABE,D,20121011,000000,16.2887,16.2887,16.2073,16.2073,5656.7940341696,0
ABE,D,20121012,000000,16.2073,16.2073,16.2073,16.2073,592.86674146487,0
ABE,D,20121016,000000,16.2073,16.2073,16.1267,16.2073,402.09844507829,0
ABE,D,20121017,000000,15.957,16.2073,15.9482,16.2073,254.73850355812,0
ABE,D,20121018,000000,16.2073,16.2073,16.2073,16.2073,4684.6753501877,0
ABE,D,20121019,000000,16.1267,16.1267,15.9727,15.9727,99.38228614151,0
ABE,D,20121022,000000,15.802,15.802,15.802,15.802,3003.1727616785,0
ABE,D,20121025,000000,15.5596,15.5596,15.5192,15.5192,246.74222766168,0
ABE,D,20121026,000000,15.5192,15.5192,15.478,15.478,452.36075071308,0
ABE,D,20121031,000000,15.17,15.3985,15.1542,15.3985,231.89200099686,0
ABE,D,20121105,000000,15.478,15.478,15.478,15.478,340.41288816287,0
ABE,D,20121106,000000,15.6409,15.7617,15.6409,15.7617,4073.5314066738,0
ABE,D,20121107,000000,15.7617,15.7617,15.7617,15.7617,31.985103585773,0
ABE,D,20121109,000000,15.478,15.478,15.478,15.478,49.119980506723,0
ABE,D,20121112,000000,15.478,15.478,15.3985,15.3985,31383.098243284,0
ABE,D,20121113,000000,15.3985,15.3985,15.3985,15.3985,791.63131374789,0
ABE,D,20121114,000000,15.2023,15.2023,15.1953,15.1953,1052.0814429463,0
ABE,D,20121115,000000,15.3162,15.3162,15.3162,15.3162,31.985103585773,0
ABE,D,20121116,000000,15.3162,15.3162,15.3162,15.3162,37.69672922609,0
ABE,D,20121120,000000,15.3162,15.3162,15.3162,15.3162,363.25939072414,0
ABE,D,20121122,000000,15.3162,15.3162,15.3162,15.3162,123.37111383084,0
ABE,D,20121126,000000,15.5918,15.5918,15.5918,15.5918,86.816709732813,0
ABE,D,20121129,000000,15.3162,15.3162,14.8785,14.8785,1134.3288521669,0
ABE,D,20121130,000000,14.8293,15.3162,14.8293,15.3162,1480.4533659701,0
ABE,D,20121203,000000,15.275,15.3083,15.2348,15.2348,655.69462350835,0
ABE,D,20121204,000000,15.3896,15.3985,15.2995,15.3985,31018.696527432,0
ABE,D,20121205,000000,15.4948,15.5997,15.4948,15.5997,2955.1951062998,0
ABE,D,20121206,000000,16.0532,16.1022,15.4702,16.1022,1488.4496418665,0
ABE,D,20121210,000000,16.0699,16.3701,16.0699,16.3701,1614.1054059535,0
ABE,D,20121211,000000,16.2887,16.2887,16.2808,16.2887,10885.216145315,0
ABE,D,20121212,000000,16.0051,16.2808,16.0051,16.2808,271.87338047907,0
ABE,D,20121213,000000,16.2073,16.2073,16.0051,16.1267,357.54776508382,0
ABE,D,20121217,000000,16.1425,16.5233,16.0051,16.1267,703.67227888701,0
ABE,D,20121219,000000,16.2073,16.2073,16.1267,16.2073,431.79889840794,0
ABE,D,20121220,000000,16.0129,16.0463,16.0129,16.0463,1122.9056008863,0
ABE,D,20121221,000000,15.8999,15.8999,15.4134,15.7136,1498.7305680191,0
ABE,D,20121227,000000,15.802,15.802,15.008,15.5596,5733.3298177499,0
ABE,D,20121228,000000,15.7538,15.7538,15.7538,15.7538,616.8555691542,0
ABE,D,20130102,000000,15.7538,16.7185,15.478,16.329,4306.5657327988,0
ABE,D,20130103,000000,16.0944,16.4103,16.0944,16.4103,318.70871072967,0
ABE,D,20130104,000000,16.0865,16.6862,16.0865,16.6862,1534.1426469891,0
ABE,D,20130107,000000,16.7745,16.8971,16.7666,16.7666,1117.1939752459,0
ABE,D,20130108,000000,16.7666,16.7666,16.3701,16.3701,73693.678661622,0
ABE,D,20130109,000000,16.3701,16.3701,16.3701,16.3701,185.05667074626,0
ABE,D,20130110,000000,16.3701,16.3701,16.3701,16.3701,142.79064100792,0
ABE,D,20130115,000000,16.4507,16.8393,16.3701,16.8393,2171.5600684484,0
ABE,D,20130116,000000,16.2887,16.3701,16.2887,16.3701,1971.6531710373,0
ABE,D,20130117,000000,16.3701,16.3701,16.3701,16.3701,1234.8534634365,0
ABE,D,20130118,000000,16.2405,16.2405,16.1267,16.1267,370.11334149252,0
ABE,D,20130121,000000,16.5732,16.6537,16.5644,16.6537,11077.12676683,0
ABE,D,20130122,000000,16.6135,16.913,16.6135,16.913,23983.11606369,0
ABE,D,20130123,000000,16.9365,17.2211,16.6941,17.2211,13343.499820908,0
ABE,D,20130124,000000,17.3427,17.6667,17.3427,17.6667,2462.8529761045,0
ABE,D,20130125,000000,18.0553,18.6384,18.0307,18.6384,5873.8358085017,0
ABE,D,20130128,000000,18.6384,18.6384,18.0877,18.1525,35631.405394551,0
ABE,D,20130129,000000,18.7197,20.1782,18.7197,20.1782,1680.3602633812,0
ABE,D,20130130,000000,18.8983,20.0171,18.7197,19.125,4646.9786209616,0
ABE,D,20130131,000000,18.7197,19.7737,18.7197,19.4498,4605.8549163514,0
ABE,D,20130201,000000,19.603,19.603,18.2339,19.4165,1992.2150233425,0
ABE,D,20130204,000000,18.3398,19.0444,18.3398,19.0444,3494.3725667457,0
ABE,D,20130205,000000,18.4929,18.5656,18.4929,18.5008,75728.159714703,0
ABE,D,20130206,000000,18.5096,18.5096,17.8285,17.8285,946.9875311645,0
ABE,D,20130207,000000,17.8285,17.8285,17.5852,17.5852,460.35702660952,0
ABE,D,20130211,000000,17.5126,17.5213,17.5126,17.5213,788.2043383637,0
ABE,D,20130212,000000,17.5126,17.5126,17.5126,17.5126,123.37111383084,0
ABE,D,20130213,000000,18.2339,18.3555,18.2339,18.3555,227.3227004846,0
ABE,D,20130214,000000,18.3153,18.3555,18.3153,18.3555,2111.016836661,0
ABE,D,20130215,000000,18.3555,18.3555,17.8285,17.8285,185.05667074626,0
ABE,D,20130218,000000,17.8285,18.1446,17.755,17.755,1350.2283013709,0
ABE,D,20130219,000000,17.7637,17.7637,17.7637,17.7637,1173.167906521,0
ABE,D,20130220,000000,17.748,17.9905,17.6667,17.6667,13543.406718319,0
ABE,D,20130221,000000,17.5038,17.9905,17.3829,17.9905,1676.933287997,0
ABE,D,20130222,000000,17.7148,18.8081,17.7069,18.8081,1729.4802438879,0
ABE,D,20130225,000000,18.3222,18.8081,18.3222,18.8011,2076.7470828191,0
ABE,D,20130226,000000,17.9992,18.8738,16.6941,18.8011,4315.7043338233,0
ABE,D,20130227,000000,18.8011,18.858,18.8011,18.858,185.05667074626,0
ABE,D,20130228,000000,17.9739,17.9739,16.9768,17.0179,138765.08725662,0
ABE,D,20130301,000000,17.0179,17.1799,15.3985,16.2073,4376.2475656106,0
ABE,D,20130304,000000,16.427,16.4349,15.8834,16.4103,68829.658266328,0
ABE,D,20130305,000000,16.4349,16.9855,16.4183,16.9855,1264.5539167661,0
ABE,D,20130306,000000,17.2367,17.2367,17.2367,17.2367,11.423251280633,0
ABE,D,20130307,000000,17.2367,17.2367,16.1267,16.1267,2773.5654109378,0
ABE,D,20130308,000000,16.8157,17.3427,16.7745,16.7745,1082.924221404,0
ABE,D,20130311,000000,16.8157,17.2857,16.8157,17.2857,613.42859377001,0
ABE,D,20130312,000000,17.3427,17.3585,17.0346,17.0346,2677.6101001805,0
ABE,D,20130313,000000,17.3829,17.3829,17.3829,17.3829,22.846502561267,0
ABE,D,20130314,000000,17.1799,17.334,17.0179,17.334,920.71405321905,0
ABE,D,20130315,000000,17.3829,17.4233,17.3829,17.4233,1064.647019355,0
ABE,D,20130318,000000,17.5283,17.5283,17.5283,17.5283,122.22878870278,0
ABE,D,20130322,000000,17.0267,17.0267,17.0179,17.0179,2522.2538827638,0
ABE,D,20130325,000000,16.9943,16.9943,16.9943,16.9943,121.08646357471,0
ABE,D,20130327,000000,17.0179,17.0179,17.0179,17.0179,20.56185230514,0
ABE,D,20130328,000000,16.8157,16.8157,16.8157,16.8157,46.835330250597,0
ABE,D,20130402,000000,16.8157,16.8157,16.8157,16.8157,599.72069223325,0
ABE,D,20130403,000000,17.4163,17.4163,16.4103,16.4103,212.47247381978,0
ABE,D,20130408,000000,16.3701,16.3701,16.2485,16.2485,877.30569835264,0
ABE,D,20130409,000000,16.1267,16.1267,16.1267,16.1267,2467.4222766168,0
ABE,D,20130410,000000,16.6862,16.6862,16.6862,16.6862,1234.8534634365,0
ABE,D,20130411,000000,16.2073,16.6941,16.2073,16.6941,259.30780407038,0
ABE,D,20130412,000000,16.6135,16.6135,15.802,16.5321,4066.6774559055,0
ABE,D,20130415,000000,16.1915,16.2974,15.802,15.802,1399.3482818776,0
ABE,D,20130417,000000,15.5682,16.2485,15.2348,15.2348,1096.6321229408,0
ABE,D,20130418,000000,15.2348,15.2348,14.9275,14.9922,1654.0867854357,0
ABE,D,20130419,000000,14.8951,14.8951,14.8785,14.8785,745.93830862536,0
ABE,D,20130422,000000,14.8785,14.8785,14.748,14.748,217.04177433203,0
ABE,D,20130424,000000,14.4249,14.4249,14.4249,14.4249,696.81832811863,0
ABE,D,20130425,000000,14.0197,14.0197,13.898,13.898,536.89281018977,0
ABE,D,20130426,000000,14.2631,14.2631,14.2631,14.2631,79.962758964433,0
ABE,D,20130429,000000,14.0599,14.109,14.0599,14.0599,1386.7827054689,0
ABE,D,20130430,000000,14.0599,14.0599,13.7685,13.7685,3962.7258692517,0
ABE,D,20130502,000000,14.2631,14.2631,14.2551,14.2551,79.962758964433,0
ABE,D,20130506,000000,14.2551,14.2551,13.7929,14.15,1063.504694227,0
ABE,D,20130507,000000,14.2148,14.2297,13.898,13.898,1255.4153157416,0
ABE,D,20130508,000000,14.2551,14.2551,14.2551,14.2551,46.835330250597,0
ABE,D,20130509,000000,14.1815,14.2708,14.1815,14.2708,984.68426039059,0
ABE,D,20130510,000000,14.2796,14.2796,14.2796,14.2796,99.38228614151,0
ABE,D,20130513,000000,14.4407,14.4407,14.2796,14.4407,832.75501835817,0
ABE,D,20130514,000000,14.5869,14.9844,14.5869,14.9844,135.93669023954,0
ABE,D,20130515,000000,14.5869,14.9922,14.5869,14.9922,1543.2812480136,0
ABE,D,20130517,000000,14.327,14.4495,14.32,14.4495,158.7831928008,0
ABE,D,20130520,000000,14.4495,14.8951,14.4495,14.8951,107915.45484814,0
ABE,D,20130521,000000,14.9029,15.2838,14.9029,15.2838,50859.741676764,0
ABE,D,20130522,000000,15.3731,15.6242,15.3731,15.6242,15220.340006316,0
ABE,D,20130523,000000,15.1953,15.7136,15.1953,15.6409,1517.0077700681,0
ABE,D,20130524,000000,15.4211,15.7214,15.4134,15.6812,48057.618137624,0
ABE,D,20130527,000000,15.9315,16.0129,15.6409,15.802,13688.482009583,0
ABE,D,20130528,000000,16.0217,16.3701,16.0217,16.3701,1289.6850695835,0
ABE,D,20130529,000000,16.5233,16.6941,16.3701,16.6941,7852.3429303074,0
ABE,D,20130531,000000,16.7185,16.7185,16.6941,16.6941,504.90770660399,0
ABE,D,20130603,000000,17.0671,17.0671,16.5321,16.5321,1622.1016818499,0
ABE,D,20130604,000000,16.8971,17.0915,16.5732,16.5732,2058.4698807701,0
ABE,D,20130605,000000,16.4919,17.278,16.4919,17.2612,4956.5487306668,0
ABE,D,20130606,000000,16.4673,17.0179,16.4673,16.7745,703.67227888701,0
ABE,D,20130607,000000,17.2447,17.6587,17.2447,17.6587,2611.3552427528,0
ABE,D,20130610,000000,17.6587,17.8285,17.6333,17.6333,3151.6750283267,0
ABE,D,20130611,000000,17.8285,18.4763,17.8285,18.0307,23769.501264742,0
ABE,D,20130612,000000,17.9905,17.9905,17.9905,17.9905,7845.488979539,0
ABE,D,20130613,000000,17.8285,17.9905,17.5931,17.9905,6312.488657678,0
ABE,D,20130614,000000,18.2251,18.2251,18.2251,18.2251,6168.555691542,0
ABE,D,20130617,000000,18.2339,18.4204,18.2339,18.2339,14480.113323331,0
ABE,D,20130619,000000,18.5656,18.6384,17.8285,18.2251,12792.899109181,0
ABE,D,20130620,000000,18.2251,18.2251,17.8285,17.853,1094.3474726847,0
ABE,D,20130621,000000,17.8285,17.8285,17.4233,17.4233,45860.926916359,0
ABE,D,20130624,000000,17.2692,17.2692,17.1799,17.1799,35401.798043811,0
ABE,D,20130625,000000,17.123,17.123,17.123,17.123,67.397182555737,0
ABE,D,20130626,000000,17.0993,17.1064,16.7343,16.7343,2976.899283733,0
ABE,D,20130627,000000,16.6135,16.6135,16.2073,16.2073,124262.12743073,0
ABE,D,20130628,000000,16.6941,16.8559,16.6941,16.8559,1361.6515526515,0
ABE,D,20130701,000000,16.5321,16.5321,16.5321,16.5321,370.11334149252,0
ABE,D,20130702,000000,17.01,17.01,16.5321,16.5321,314.13941021742,0
ABE,D,20130704,000000,17.01,17.01,17.01,17.01,263.87710458263,0
ABE,D,20130708,000000,17.0013,17.0013,16.8559,16.8559,97.097635885383,0
ABE,D,20130710,000000,16.385,16.9041,16.2073,16.9041,1274.8348429187,0
ABE,D,20130711,000000,16.9041,16.9041,16.9041,16.9041,19.419527177077,0
ABE,D,20130712,000000,16.8559,16.8559,16.8559,16.8559,36.554404098027,0
ABE,D,20130716,000000,16.2073,16.8559,16.2073,16.8559,62.827882043483,0
ABE,D,20130718,000000,16.224,16.8891,16.216,16.8891,958.41078244514,0
ABE,D,20130719,000000,16.8891,16.8891,16.8891,16.8891,148.50226664823,0
ABE,D,20130725,000000,16.6048,16.6048,16.2563,16.329,384.96356815734,0
ABE,D,20130729,000000,16.329,16.329,16.329,16.329,57.116256403167,0
ABE,D,20130801,000000,16.4507,17.4233,16.4507,17.4233,3223.6415113947,0
ABE,D,20130802,000000,17.4233,17.8198,17.4233,17.8128,57460.096266714,0
ABE,D,20130805,000000,17.8041,17.8128,17.8041,17.8128,306.14313432097,0
ABE,D,20130806,000000,17.8285,18.1936,17.8285,18.1936,62267.000405604,0
ABE,D,20130807,000000,18.1525,18.1525,17.8364,18.1525,52281.936461203,0
ABE,D,20130808,000000,17.6667,17.6667,17.0993,17.0993,819.04711682141,0
ABE,D,20130809,000000,16.8559,17.9178,16.2073,17.9178,769.92713631469,0
ABE,D,20130812,000000,17.9494,18.3555,17.5852,18.3555,3524.0730200754,0
ABE,D,20130813,000000,18.3467,18.3555,18.0719,18.1525,64540.22741045,0
ABE,D,20130814,000000,18.4274,18.6314,18.3958,18.4763,23935.138408311,0
ABE,D,20130816,000000,18.5578,18.5578,18.2339,18.2339,11873.32738109,0
ABE,D,20130819,000000,18.3958,18.3958,18.3958,18.3958,247.88455278974,0
ABE,D,20130821,000000,18.3958,18.3958,18.1603,18.1603,968.69170859771,0
ABE,D,20130822,000000,18.3958,18.7363,18.3958,18.7363,60202.818899194,0
ABE,D,20130823,000000,18.7522,20.3813,18.7522,20.2596,140508.27540205,0
ABE,D,20130826,000000,21.0702,21.1349,20.8031,21.1349,49134.830733388,0
ABE,D,20130827,000000,21.0702,21.0702,20.51,21.0545,69662.413284686,0
ABE,D,20130828,000000,21.0868,21.1183,20.503,21.0545,4298.5694569023,0
ABE,D,20130829,000000,21.0702,21.0702,20.4223,20.544,11225.629033478,0
ABE,D,20130830,000000,20.2675,20.2675,20.2596,20.2596,11797.933922638,0
ABE,D,20130902,000000,20.503,20.503,19.8955,20.2351,15765.229092402,0
ABE,D,20130903,000000,20.2596,20.2596,19.716,19.716,1159.4600049843,0
ABE,D,20130904,000000,19.6923,19.6923,18.7608,18.7608,1920.2485402745,0
ABE,D,20130905,000000,18.7687,18.7687,18.0719,18.3958,1479.311040842,0
ABE,D,20130906,000000,18.1771,18.1771,18.1771,18.1771,328.98963688224,0
ABE,D,20130909,000000,18.4274,19.9917,18.4274,18.7687,1222.2878870278,0
ABE,D,20130910,000000,18.6384,18.6384,18.5578,18.5578,30.84277845771,0
ABE,D,20130911,000000,19.4498,19.7089,18.5656,18.6384,1489.5919669946,0
ABE,D,20130912,000000,19.3684,19.7737,19.0444,19.4498,27731.084808865,0
ABE,D,20130913,000000,19.603,19.603,19.603,19.603,61.68555691542,0
ABE,D,20130916,000000,19.4567,19.8787,19.4498,19.6441,24027.666743684,0
ABE,D,20130917,000000,19.7737,19.8139,19.7737,19.8139,691.10670247832,0
ABE,D,20130918,000000,19.2467,19.8463,18.9796,19.8463,6730.5796545492,0
ABE,D,20130919,000000,19.9356,21.6778,19.9356,20.4706,17846.545475733,0
ABE,D,20130920,000000,20.6648,20.7612,20.2596,20.6648,5085.631470138,0
ABE,D,20130923,000000,21.0623,21.0702,20.34,20.4223,13252.113810663,0
ABE,D,20130924,000000,21.1516,23.096,21.0702,21.7994,242656.1306786,0
ABE,D,20130925,000000,21.8799,22.2774,21.3459,21.6051,21144.438120452,0
ABE,D,20130926,000000,22.1233,22.1233,21.5078,21.7994,23641.560850399,0
ABE,D,20130927,000000,21.8799,21.8799,21.7994,21.8799,16982.947678918,0
ABE,D,20130930,000000,21.8721,21.8799,21.4763,21.8799,24583.979081051,0
ABE,D,20131001,000000,21.8721,21.8799,21.6374,21.6374,31276.862006374,0
ABE,D,20131002,000000,21.8799,21.8799,21.556,21.8799,7798.6536492884,0
ABE,D,20131003,000000,21.8799,22.674,21.556,22.5277,30410.979559302,0
ABE,D,20131004,000000,22.6826,22.6826,22.5277,22.5277,8240.7334738489,0
ABE,D,20131007,000000,22.5277,22.5277,21.7591,22.4402,1045.2274921779,0
ABE,D,20131008,000000,22.0821,22.399,22.0419,22.1233,2902.6481504089,0
ABE,D,20131009,000000,21.8887,22.0349,21.1752,21.7994,4987.3915091245,0
ABE,D,20131010,000000,22.0821,22.674,22.0821,22.2852,52155.138371988,0
ABE,D,20131011,000000,22.2852,22.6101,22.2852,22.2852,1341.0897003464,0
ABE,D,20131014,000000,22.5698,22.5698,21.8151,22.1645,6598.0699396938,0
ABE,D,20131015,000000,22.2293,22.3667,21.7994,22.0419,53726.977748203,0
ABE,D,20131016,000000,21.7189,22.3667,21.0623,21.4763,23020.135980732,0
ABE,D,20131017,000000,21.4589,21.4589,21.0702,21.0702,1985.3610725741,0
ABE,D,20131018,000000,21.3531,21.3941,21.3531,21.3531,4331.6968856162,0
ABE,D,20131021,000000,21.3941,22.4402,21.3941,22.0095,28931.66851846,0
ABE,D,20131022,000000,22.1233,23.096,22.0419,23.096,16282.702375415,0
ABE,D,20131023,000000,23.096,25.203,22.6915,23.299,30247.627065989,0
ABE,D,20131024,000000,23.5012,25.1224,23.4207,24.5542,35875.862971957,0
ABE,D,20131025,000000,24.5542,25.5269,24.3108,25.5269,22579.1984813,0
ABE,D,20131028,000000,25.5269,27.5447,25.5269,26.7341,22423.842263883,0
ABE,D,20131029,000000,26.7428,26.7428,24.409,26.2972,17956.208688028,0
ABE,D,20131030,000000,26.5397,26.5397,25.4708,25.4708,3337.8740242011,0
ABE,D,20131031,000000,26.095,26.095,24.6515,24.7163,5833.8544290194,0
ABE,D,20131104,000000,25.4708,25.4708,24.7329,25.4386,9926.8053628704,0
ABE,D,20131105,000000,25.478,26.095,24.7163,25.2835,34098.40507269,0
ABE,D,20131106,000000,25.8106,25.8351,24.8143,25.1224,8129.9279364267,0
ABE,D,20131107,000000,25.1224,25.8193,24.8064,25.1224,3044.2964662888,0
ABE,D,20131108,000000,25.4945,25.5189,24.7986,25.1137,3882.7631102873,0
ABE,D,20131112,000000,25.1137,25.1224,24.4817,24.5542,6265.6533274274,0
ABE,D,20131113,000000,25.0411,25.0411,24.0684,24.1498,11779.656720589,0
ABE,D,20131114,000000,24.6357,25.1058,24.5141,25.0813,3233.9224375473,0
ABE,D,20131115,000000,25.0971,25.478,24.4817,25.4455,16085.08012826,0
ABE,D,20131118,000000,25.4455,25.5189,25.1224,25.4631,20674.942492818,0
ABE,D,20131119,000000,25.4631,25.5189,25.1952,25.4386,29039.047080498,0
ABE,D,20131120,000000,25.4386,25.4386,23.9065,24.4335,18626.753538201,0
ABE,D,20131121,000000,24.7163,25.0323,24.3924,24.7163,5763.0302710795,0
ABE,D,20131122,000000,24.7565,26.3059,24.7565,25.9322,24108.771827777,0
ABE,D,20131125,000000,26.418,26.58,26.2158,26.3059,30036.296917297,0
ABE,D,20131126,000000,26.6693,26.6693,26.0547,26.0547,11548.90704472,0
ABE,D,20131127,000000,26.0547,26.3374,25.9734,26.0137,3665.7213359552,0
ABE,D,20131128,000000,26.0137,26.2158,24.7163,25.8928,7429.6826329239,0
ABE,D,20131129,000000,25.308,26.418,25.308,26.2561,4737.2223060786,0
ABE,D,20131202,000000,26.7428,26.8715,26.1431,26.1756,9190.0056552695,0
ABE,D,20131203,000000,26.3374,26.4583,25.7868,25.8516,10644.185543294,0
ABE,D,20131204,000000,26.2072,26.2072,24.886,25.1224,2723.303105303,0
ABE,D,20131205,000000,25.1137,25.1137,23.096,24.9675,18510.236375138,0
ABE,D,20131206,000000,24.9675,24.9675,24.3197,24.6603,5550.5577972597,0
ABE,D,20131209,000000,24.7565,25.8193,24.7565,25.4052,22390.714835169,0
ABE,D,20131210,000000,25.7703,25.7703,25.3649,25.7703,25169.991871747,0
ABE,D,20131211,000000,25.6819,26.1756,25.1224,25.5269,25987.896663441,0
ABE,D,20131212,000000,25.4856,26.3374,24.4817,25.8516,31508.754007371,0
ABE,D,20131213,000000,25.8516,26.2727,25.1224,26.2727,32150.740729343,0
ABE,D,20131216,000000,25.9252,26.046,25.2432,25.9077,29361.182766612,0
ABE,D,20131217,000000,26.1756,26.1756,25.3815,25.7703,25077.463536374,0
ABE,D,20131218,000000,25.7623,25.7623,24.9596,25.1952,72910.04362377,0
ABE,D,20131219,000000,25.1224,25.7623,25.1224,25.4386,32398.625282132,0
ABE,D,20131220,000000,25.203,25.73,25.0008,25.73,49604.326361022,0
ABE,D,20131223,000000,25.8106,25.8516,25.3649,25.8516,25219.111852254,0
ABE,D,20131227,000000,25.8516,25.8516,25.6565,25.6565,191.91062151464,0
ABE,D,20131230,000000,25.6642,26.3374,25.6642,26.3374,13840.411251615,0
ABE,D,20140102,000000,25.9322,25.9322,25.3649,25.4455,5314.0964957506,0
ABE,D,20140103,000000,25.7623,25.7623,24.9763,25.1224,11952.147814927,0
ABE,D,20140107,000000,24.88,25.7623,24.88,25.1137,2292.6465320231,0
ABE,D,20140108,000000,24.88,25.308,24.7731,24.9027,28174.306958554,0
ABE,D,20140109,000000,24.7986,25.0411,24.6357,24.88,6141.1398884685,0
ABE,D,20140110,000000,24.7898,24.7986,24.571,24.5788,7687.8481118662,0
ABE,D,20140113,000000,24.5542,24.9115,24.5542,24.6357,7906.0322113263,0
ABE,D,20140114,000000,24.7163,24.7986,24.3285,24.7163,7465.0947118939,0
ABE,D,20140115,000000,24.7163,25.3649,24.7163,25.1224,28297.678072385,0
ABE,D,20140116,000000,25.4455,25.9164,25.3247,25.8351,3781.0961738896,0
ABE,D,20140117,000000,25.9164,25.9164,25.1627,25.6082,2336.0548868895,0
ABE,D,20140120,000000,25.9892,25.9892,25.1304,25.1304,2230.9609751077,0
ABE,D,20140121,000000,25.0095,25.6819,25.0008,25.3728,5711.6256403167,0
ABE,D,20140122,000000,25.3247,25.6082,25.3247,25.5514,1386.7827054689,0
ABE,D,20140123,000000,25.5514,26.1843,25.5514,26.0137,38989.841271058,0
ABE,D,20140124,000000,26.1992,26.1992,25.7703,26.095,13452.020708074,0
ABE,D,20140127,000000,25.7055,27.9579,25.7055,27.8283,16633.39618973,0
ABE,D,20140128,000000,27.7145,27.7556,27.1316,27.375,8850.7350922347,0
ABE,D,20140129,000000,27.3661,27.375,26.9941,27.3258,7531.3495693216,0
ABE,D,20140130,000000,27.3179,27.3179,26.9861,27.3101,1799.1620766997,0
ABE,D,20140131,000000,27.3101,28.1768,26.9206,27.5535,26487.092744405,0
ABE,D,20140203,000000,28.1129,28.3465,27.5123,27.9421,7871.7624574844,0
ABE,D,20140204,000000,28.1207,28.1207,27.5535,27.6015,1943.0950428357,0
ABE,D,20140205,000000,27.8773,28.2827,27.2698,28.2827,18822.0911351,0
ABE,D,20140206,000000,28.1207,28.4043,27.7145,27.8773,4883.4399224707,0
ABE,D,20140207,000000,28.3553,28.3553,27.5938,27.7802,2469.7069268729,0
ABE,D,20140210,000000,27.7145,28.2171,27.5771,27.5771,961.83775782933,0
ABE,D,20140211,000000,27.3994,27.7715,25.9322,27.6182,8920.4169250466,0
ABE,D,20140212,000000,27.7145,28.1129,27.3512,28.1129,10713.867376106,0
ABE,D,20140213,000000,28.1129,29.0452,27.5605,28.2022,54825.8945214,0
ABE,D,20140214,000000,28.0069,28.0394,27.5771,27.9176,27516.32768479,0
ABE,D,20140217,000000,27.9176,27.9579,27.7145,27.7145,19131.661244805,0
ABE,D,20140218,000000,27.6742,27.9579,27.3994,27.3994,19340.70674324,0
ABE,D,20140219,000000,27.4081,27.5535,26.418,26.5082,4415.0866199648,0
ABE,D,20140220,000000,26.6614,26.6614,24.9763,24.9763,13333.218894755,0
ABE,D,20140221,000000,25.3649,26.4995,25.2835,26.095,3448.6795616232,0
ABE,D,20140224,000000,26.418,26.8243,25.9812,26.4995,884.15964912102,0
ABE,D,20140225,000000,26.3454,26.3454,25.8516,26.1353,12579.284310233,0
ABE,D,20140226,000000,26.1353,26.1353,25.2432,25.2432,9341.9348973019,0
ABE,D,20140227,000000,25.4052,25.8516,25.3728,25.478,4938.2715286178,0
ABE,D,20140228,000000,25.9401,26.0137,25.7703,25.8516,58056.389983563,0
ABE,D,20140303,000000,25.6495,25.7623,23.1134,23.509,25150.57234457,0
ABE,D,20140304,000000,23.5012,24.8389,23.5012,24.4002,8288.7111292275,0
ABE,D,20140305,000000,24.3108,24.8712,24.3108,24.8624,3345.8703000975,0
ABE,D,20140306,000000,25.0323,25.0323,24.36,24.36,685.395076838,0
ABE,D,20140307,000000,24.3108,24.619,24.3031,24.619,1583.2626274958,0
ABE,D,20140310,000000,24.3108,24.8212,24.3108,24.8212,1860.8476336152,0
ABE,D,20140311,000000,25.0323,25.0411,24.3031,24.8712,15850.903477007,0
ABE,D,20140312,000000,24.6357,24.9359,23.3392,23.5012,4329.41223536,0
ABE,D,20140313,000000,23.6465,23.9871,23.5415,23.6631,8216.7446461596,0
ABE,D,20140314,000000,23.2254,23.7682,22.2931,22.9094,3921.6021646414,0
ABE,D,20140317,000000,22.3335,24.2295,22.3335,24.1498,2400.0250940611,0
ABE,D,20140318,000000,23.9065,24.1498,23.8986,23.9065,398.6714696941,0
ABE,D,20140319,000000,24.1412,24.3924,23.5012,24.2146,39483.325726381,0
ABE,D,20140320,000000,24.2943,24.3031,23.5905,24.3031,199.90689741108,0
ABE,D,20140321,000000,24.2943,24.2943,23.615,24.1087,860.17082143169,0
ABE,D,20140324,000000,24.458,24.458,23.6711,24.3031,728.80343170441,0
ABE,D,20140325,000000,24.4404,24.4404,23.6377,24.3924,3992.4263225813,0
ABE,D,20140326,000000,24.3924,24.7163,24.1656,24.7163,8046.5382020781,0
ABE,D,20140327,000000,24.7093,24.7986,24.7005,24.7986,5519.715018802,0
ABE,D,20140328,000000,24.1498,24.7898,24.1498,24.6357,464.92632712178,0
ABE,D,20140331,000000,23.9871,24.8212,23.9871,24.8212,3262.4805657489,0
ABE,D,20140401,000000,24.7986,25.2835,24.7163,25.2835,3971.8644702762,0
ABE,D,20140402,000000,25.2748,25.9322,25.2748,25.9322,6069.1734054005,0
ABE,D,20140403,000000,25.9322,26.1756,25.5434,26.095,16107.926630821,0
ABE,D,20140404,000000,26.1677,26.5486,25.8999,26.5486,22389.572510041,0
ABE,D,20140407,000000,26.5731,26.5731,25.8516,26.4023,333.55893739449,0
ABE,D,20140408,000000,26.0863,26.0863,25.203,25.6082,1481.5956910981,0
ABE,D,20140409,000000,25.8999,25.8999,25.2923,25.8437,1346.8013259867,0
ABE,D,20140410,000000,25.8437,25.8437,25.5189,25.8437,298.14685842453,0
ABE,D,20140411,000000,25.8437,25.8437,25.5269,25.5269,219.32642458816,0
ABE,D,20140414,000000,25.5111,25.5111,24.7163,25.3483,424.94494763956,0
ABE,D,20140415,000000,25.357,25.357,24.8624,25.3168,178.20271997788,0
ABE,D,20140416,000000,25.357,25.357,24.88,25.2274,2872.9476970793,0
ABE,D,20140417,000000,25.2346,25.2346,24.7163,25.1952,594.00906659293,0
ABE,D,20140422,000000,24.725,24.9359,24.7005,24.7005,883.01732399296,0
ABE,D,20140423,000000,25.1952,25.1952,25.0411,25.0411,1857.420658231,0
ABE,D,20140424,000000,24.5542,25.0411,23.5905,24.1822,4279.1499297252,0
ABE,D,20140425,000000,24.1822,24.7005,24.1822,24.3031,70.824157939927,0
ABE,D,20140428,000000,24.2943,24.2943,23.5818,23.5818,1446.1836121282,0
ABE,D,20140429,000000,23.6631,23.6631,23.5012,23.5012,1149.1790788317,0
ABE,D,20140430,000000,23.4207,23.8259,23.1195,23.776,3847.3510313173,0
ABE,D,20140502,000000,23.8259,23.8259,23.7849,23.7849,1125.1902511424,0
ABE,D,20140505,000000,23.776,23.776,22.8367,22.8367,3906.7519379766,0
ABE,D,20140506,000000,22.7808,23.088,22.7808,23.0635,301.57383380872,0
ABE,D,20140507,000000,23.4942,23.4942,21.3531,22.35,5597.3931275103,0
ABE,D,20140508,000000,22.2852,23.0477,22.2852,23.0232,1816.2969536207,0
ABE,D,20140509,000000,22.8526,22.8526,22.2852,22.6915,93094.928636649,0
ABE,D,20140512,000000,22.6826,22.6826,22.0025,22.4402,3045.4387914168,0
ABE,D,20140513,000000,21.5885,23.5983,21.5885,23.299,5756.1763203111,0
ABE,D,20140514,000000,23.5738,23.5738,23.2176,23.2579,7260.6185139705,0
ABE,D,20140515,000000,23.6063,23.9065,23.3147,23.5012,8883.8625209485,0
ABE,D,20140516,000000,23.5818,23.8417,23.2656,23.7367,14208.239942852,0
ABE,D,20140519,000000,23.9065,24.2383,23.7201,23.7446,6294.211455629,0
ABE,D,20140520,000000,24.198,24.198,23.5012,23.7446,1008.6730880799,0
ABE,D,20140521,000000,24.0439,24.0439,22.7641,23.1195,5815.5772269704,0
ABE,D,20140522,000000,23.096,23.096,22.4883,22.8526,2724.445430431,0
ABE,D,20140523,000000,22.9751,23.6063,22.9751,23.6063,38663.136284432,0
ABE,D,20140526,000000,23.6063,23.9791,23.6063,23.8259,25096.883063551,0
ABE,D,20140527,000000,23.9871,23.9871,23.8259,23.9065,65992.122648219,0
ABE,D,20140528,000000,23.9065,23.9477,23.5818,23.5818,3615.4590303204,0
ABE,D,20140529,000000,23.5905,23.8986,23.5905,23.8986,1226.85718754,0
ABE,D,20140530,000000,23.9871,23.9871,23.8663,23.8663,3879.3361349031,0
ABE,D,20140602,000000,23.9791,23.9871,23.7446,23.8663,2153.2828663994,0
ABE,D,20140603,000000,23.9477,23.9871,23.2832,23.5012,3873.6245092628,0
ABE,D,20140604,000000,23.5983,23.7446,23.4855,23.5012,793.91596400402,0
ABE,D,20140605,000000,23.5818,23.5818,23.1134,23.1134,3023.7346139836,0
ABE,D,20140606,000000,23.5415,23.5415,23.3392,23.5012,488.91515481111,0
ABE,D,20140609,000000,23.5012,23.5012,23.0145,23.1843,1230.2841629242,0
ABE,D,20140610,000000,23.4942,23.4942,23.2176,23.2176,1475.8840654578,0
ABE,D,20140611,000000,23.1843,23.2176,23.0145,23.096,2630.7747699299,0
ABE,D,20140612,000000,23.0145,23.1843,22.2931,22.6101,5688.7791377554,0
ABE,D,20140613,000000,22.6511,23.0067,22.6511,22.6915,635.13277120321,0
ABE,D,20140616,000000,22.7719,22.7719,22.2852,22.6101,2982.6109093734,0
ABE,D,20140617,000000,22.5925,22.7641,22.5215,22.7641,5747.0377192866,0
ABE,D,20140618,000000,22.3667,23.0067,22.3667,23.0067,15792.644895476,0
ABE,D,20140620,000000,23.0145,23.5012,22.5277,23.5012,5023.9459132225,0
ABE,D,20140623,000000,23.2579,23.5012,23.088,23.4679,2601.0743166002,0
ABE,D,20140624,000000,23.4679,23.6465,23.0635,23.6465,11023.437485811,0
ABE,D,20140625,000000,23.6465,23.6465,23.1773,23.5738,9866.262131083,0
ABE,D,20140626,000000,23.6377,24.5542,23.6377,24.5473,24385.214508768,0
ABE,D,20140627,000000,24.4659,24.7163,24.2707,24.6112,23898.584004213,0
ABE,D,20140630,000000,24.6768,24.6768,24.5473,24.6034,5419.1904075325,0
ABE,D,20140701,000000,24.6357,24.6357,24.3108,24.3108,3613.1743800643,0
ABE,D,20140702,000000,24.5955,24.5955,23.5818,24.1412,15879.461605208,0
ABE,D,20140703,000000,24.2068,24.2146,23.4207,24.1412,1659.798411076,0
ABE,D,20140704,000000,24.2234,24.2234,24.0282,24.0282,32404.336907773,0
ABE,D,20140707,000000,24.2146,24.2146,23.9065,23.9065,846.46291989493,0
ABE,D,20140708,000000,23.9065,24.0684,23.5257,24.0684,1094.3474726847,0
ABE,D,20140709,000000,24.2234,24.2234,23.5905,24.2234,231.89200099686,0
ABE,D,20140710,000000,24.2234,24.2943,24.1498,24.2295,651.1253229961,0
ABE,D,20140711,000000,23.9871,24.0684,23.9065,23.9065,6133.143612572,0
ABE,D,20140714,000000,24.3031,24.3108,23.9871,24.1901,1467.8877895614,0
ABE,D,20140715,000000,24.1735,24.1735,23.9871,24.1412,1253.1306654855,0
ABE,D,20140716,000000,24.1332,24.1332,23.8172,23.9065,1474.7417403298,0
ABE,D,20140717,000000,23.8663,24.0999,23.7446,24.0124,2795.269588371,0
ABE,D,20140718,000000,23.5983,24.0684,23.5818,23.5818,1648.3751597954,0
ABE,D,20140721,000000,23.6229,23.6229,23.509,23.5818,2527.9655084042,0
ABE,D,20140722,000000,23.6631,23.6631,23.3952,23.5012,1160.6023301123,0
ABE,D,20140723,000000,23.404,23.8085,23.0145,23.0145,8824.4616142892,0
ABE,D,20140724,000000,23.096,23.7849,22.5277,22.6582,5936.6636905451,0
ABE,D,20140725,000000,22.6582,22.6582,21.8887,21.9614,1378.7864295724,0
ABE,D,20140728,000000,22.1155,22.5698,21.1103,21.2654,3401.8442313726,0
ABE,D,20140729,000000,21.4344,22.0507,21.4344,22.0349,2426.2985720065,0
ABE,D,20140730,000000,22.0594,22.0594,21.4763,21.8799,3779.9538487616,0
ABE,D,20140731,000000,21.8799,22.4315,21.4913,22.4315,2229.8186499796,0
ABE,D,20140801,000000,22.5531,22.5531,22.4481,22.456,85.67438460475,0
ABE,D,20140804,000000,22.4717,22.674,22.0997,22.0997,1514.723119812,0
ABE,D,20140805,000000,22.6582,22.6582,21.8799,21.8799,1169.7409311369,0
ABE,D,20140806,000000,22.4481,22.4481,21.4763,21.4763,1392.4943311092,0
ABE,D,20140807,000000,21.3941,21.5078,20.1466,20.2596,24225.288990839,0
ABE,D,20140808,000000,19.9269,20.6158,19.6923,20.4223,2784.9886622184,0
ABE,D,20140811,000000,20.5834,21.3057,20.0896,21.2654,9854.8388798024,0
ABE,D,20140812,000000,20.826,21.2654,20.826,21.2654,5996.0645972044,0
ABE,D,20140813,000000,21.6856,21.6856,21.4763,21.4763,375.82496713284,0
ABE,D,20140814,000000,21.0781,21.0781,20.6893,20.6893,14962.174527374,0
ABE,D,20140818,000000,21.0623,21.3127,20.8592,20.9162,1439.3296613598,0
ABE,D,20140819,000000,21.0868,21.0868,20.1466,21.0623,7688.9904369943,0
ABE,D,20140820,000000,20.7463,20.7463,20.6561,20.6648,887.58662450521,0
ABE,D,20140821,000000,21.0456,21.0456,20.51,20.51,572.30488915973,0
ABE,D,20140822,000000,20.5353,21.7994,20.5353,21.556,4288.2885307498,0
ABE,D,20140825,000000,21.7189,22.4157,21.7101,22.4157,5649.9400834012,0
ABE,D,20140826,000000,22.4157,22.4227,21.8799,22.1556,5474.0220136795,0
ABE,D,20140827,000000,22.4962,22.4962,21.9946,22.2371,37463.694899965,0
ABE,D,20140828,000000,22.6582,22.674,21.5482,22.0743,5102.7663470589,0
ABE,D,20140829,000000,21.8799,22.6915,21.8799,22.6826,4405.9480189403,0
ABE,D,20140901,000000,22.6915,22.6915,21.3941,22.5777,2918.6407022018,0
ABE,D,20140902,000000,22.5777,22.5777,22.5277,22.5277,520.90025839688,0
ABE,D,20140903,000000,22.5698,22.674,22.456,22.674,633.99044607515,0
ABE,D,20140904,000000,22.6511,22.674,22.3106,22.6424,2230.9609751077,0
ABE,D,20140905,000000,22.6915,22.6915,22.6826,22.6915,830.47036810204,0
ABE,D,20140908,000000,22.6915,23.0145,22.5855,23.0145,9293.9572419233,0
ABE,D,20140909,000000,22.8446,23.0145,22.7719,23.0145,17714.035760878,0
ABE,D,20140910,000000,23.0145,23.7682,23.0145,23.7682,6799.119162233,0
ABE,D,20140911,000000,23.8259,24.3108,23.8259,24.2234,4110.0858107719,0
ABE,D,20140912,000000,24.2295,24.4737,24.1577,24.4737,1293.1120449677,0
ABE,D,20140915,000000,24.4737,24.4737,24.3108,24.4335,21889.23410395,0
ABE,D,20140916,000000,24.3108,24.4659,24.1656,24.2794,1078.3549208918,0
ABE,D,20140917,000000,24.3108,24.3108,24.0684,24.3108,1893.975062329,0
ABE,D,20140918,000000,24.5542,25.6889,24.5542,25.5269,30147.102454719,0
ABE,D,20140919,000000,25.7055,27.1482,25.6889,26.7341,27724.230858097,0
ABE,D,20140922,000000,26.7341,27.5368,26.7341,26.7428,18974.020377132,0
ABE,D,20140923,000000,26.7428,26.7507,26.3374,26.7428,13616.515526515,0
ABE,D,20140924,000000,26.7428,26.7428,26.3374,26.3374,1255.4153157416,0
ABE,D,20140925,000000,26.5564,26.5564,26.0215,26.0215,6724.8680289088,0
ABE,D,20140926,000000,26.0302,26.0302,25.8193,25.9322,10140.420161818,0
ABE,D,20140929,000000,25.9252,25.9322,25.7868,25.9322,785.91968810757,0
ABE,D,20140930,000000,25.9322,25.9322,25.7868,25.9164,156.49854254468,0
ABE,D,20141001,000000,25.7868,25.9252,25.5111,25.5269,1552.4198490381,0
ABE,D,20141002,000000,25.2197,25.2274,24.5542,24.9202,9381.9162767842,0
ABE,D,20141003,000000,25.0971,25.0971,24.7986,24.8712,5669.3596105783,0
ABE,D,20141006,000000,24.8712,24.88,24.6918,24.88,3792.5194251703,0
ABE,D,20141007,000000,24.88,25.0971,24.88,25.0577,271.87338047907,0
ABE,D,20141008,000000,25.0498,25.1058,24.5622,25.0971,141.64831587985,0
ABE,D,20141009,000000,25.0971,25.0971,24.7163,25.0323,3727.4068928707,0
ABE,D,20141010,000000,25.0971,25.1058,24.7416,25.0235,44093.749943245,0
ABE,D,20141013,000000,25.0235,25.0235,23.5983,24.5386,2205.8298222903,0
ABE,D,20141014,000000,24.1656,24.7163,23.7367,24.3108,3203.0796590896,0
ABE,D,20141015,000000,24.3031,24.3031,23.509,23.517,14271.067824895,0
ABE,D,20141016,000000,23.2656,23.4942,23.1528,23.4207,1426.7640849511,0
ABE,D,20141017,000000,23.3716,23.4207,23.1362,23.4207,4896.0054988794,0
ABE,D,20141020,000000,23.7524,23.9065,23.7524,23.9065,204.47619792334,0
ABE,D,20141021,000000,23.9065,24.036,23.8015,24.036,25399.599222488,0
ABE,D,20141022,000000,23.8819,25.1224,23.8819,25.1224,10948.044027359,0
ABE,D,20141023,000000,25.1224,25.3168,25.1224,25.3168,517.47328301269,0
ABE,D,20141024,000000,25.5434,25.9322,24.8948,25.3247,37726.42967942,0
ABE,D,20141027,000000,25.8596,25.8596,25.203,25.203,12419.358792305,0
ABE,D,20141028,000000,25.6889,25.6889,25.3334,25.3334,25946.772958831,0
ABE,D,20141029,000000,25.4455,25.8753,24.7163,25.1224,2179.5563443448,0
ABE,D,20141030,000000,25.1224,25.1224,25.1224,25.1224,814.47781630916,0
ABE,D,20141031,000000,25.1224,25.1224,24.9359,25.1224,416.94867174312,0
ABE,D,20141103,000000,25.203,25.8665,25.203,25.8106,528.89653429332,0
ABE,D,20141104,000000,25.8437,25.8753,25.8263,25.8665,2914.0714016896,0
ABE,D,20141105,000000,25.8665,26.3287,25.8665,26.2561,2563.3775873741,0
ABE,D,20141106,000000,26.4995,26.4995,25.3247,25.3247,9119.1814973296,0
ABE,D,20141107,000000,25.2923,25.8841,25.1627,25.5269,1976.2224715496,0
ABE,D,20141110,000000,25.5269,25.9646,25.5269,25.5348,3566.3390498137,0
ABE,D,20141112,000000,25.9252,25.9252,25.5269,25.5269,1008.6730880799,0
ABE,D,20141113,000000,25.5927,25.6889,25.1304,25.5269,1633.5249331306,0
ABE,D,20141114,000000,25.5269,25.5269,25.3649,25.5269,927.56800398743,0
ABE,D,20141117,000000,25.5269,25.5269,25.1784,25.2197,2741.580307352,0
ABE,D,20141118,000000,25.2197,26.2972,25.2197,26.2972,130063.99675616,0
ABE,D,20141119,000000,26.4583,27.5123,26.418,27.1237,46386.396475268,0
ABE,D,20141120,000000,27.0677,27.7802,26.7507,26.7989,5188.4407316637,0
ABE,D,20141121,000000,27.2295,27.2295,26.7428,26.7428,1149.1790788317,0
ABE,D,20141124,000000,26.7595,26.7673,25.5434,25.8106,6446.1406976614,0
ABE,D,20141125,000000,25.8193,25.9322,25.6889,25.9322,2860.3821206706,0
ABE,D,20141126,000000,25.9164,25.9401,25.6241,25.6241,6355.8970125444,0
ABE,D,20141127,000000,26.2246,26.2246,25.6495,25.7055,806.48154041271,0
ABE,D,20141128,000000,25.9322,25.9322,25.6082,25.6082,2332.6279115053,0
ABE,D,20141201,000000,26.0215,26.2158,25.8753,25.8753,1291.9697198396,0
ABE,D,20141202,000000,26.2072,26.2072,25.6819,25.7142,1695.210490046,0
ABE,D,20141203,000000,26.103,26.678,26.0215,26.6535,2282.3656058705,0
ABE,D,20141204,000000,26.6535,26.6614,26.3374,26.3374,492.3421301953,0
ABE,D,20141205,000000,26.3374,26.6535,25.8351,26.6535,6193.6868443594,0
ABE,D,20141208,000000,26.1913,26.6133,26.1913,26.418,589.43976608068,0
ABE,D,20141209,000000,26.3541,26.7673,26.3541,26.7673,2829.5393422129,0
ABE,D,20141210,000000,26.58,26.7341,25.8516,25.8753,3893.0440364398,0
ABE,D,20141211,000000,25.8753,26.5564,25.8753,25.9322,1450.7529126404,0
ABE,D,20141212,000000,26.3857,26.6456,25.9734,26.1756,5181.5867808953,0
ABE,D,20141215,000000,25.9734,26.1756,25.0008,25.1224,14669.739294589,0
ABE,D,20141216,000000,25.0008,25.2835,24.0598,24.8712,9560.118996762,0
ABE,D,20141217,000000,24.3442,24.5955,24.0684,24.3108,19790.782843697,0
ABE,D,20141218,000000,24.3108,24.4737,24.2882,24.3108,6660.8978217373,0
ABE,D,20141219,000000,24.3108,24.3108,23.509,24.3108,10854.373366858,0
ABE,D,20141222,000000,24.5184,25.2073,24.1122,24.8922,5114.1895983395,0
ABE,D,20141223,000000,25.2073,25.2073,24.9088,24.9088,1900.8290130974,0
ABE,D,20141229,000000,24.8922,25.3903,24.8922,25.3903,2943.7718550192,0
ABE,D,20141230,000000,25.4891,26.2202,24.5684,25.3903,17616.938124993,0
ABE,D,20150102,000000,25.723,26.2202,25.5645,26.2202,3446.3949113671,0
ABE,D,20150105,000000,26.4277,26.4689,26.3945,26.3945,295.8622081684,0
ABE,D,20150107,000000,26.4689,26.4689,26.369,26.369,220.46874971622,0
ABE,D,20150108,000000,26.3357,26.552,26.3357,26.552,2401.1674191891,0
ABE,D,20150109,000000,26.552,26.552,26.1369,26.3446,3005.4574119346,0
ABE,D,20150112,000000,26.3446,26.3446,26.0547,26.1369,415.80634661505,0
ABE,D,20150113,000000,25.8884,27.1735,25.8386,27.1323,8956.9713291446,0
ABE,D,20150114,000000,26.9748,27.3731,26.9748,27.1323,3839.3547554209,0
ABE,D,20150115,000000,27.0746,27.0746,26.6098,26.9669,3978.7184210446,0
ABE,D,20150116,000000,26.9669,26.9669,26.6351,26.7175,363.25939072414,0
ABE,D,20150119,000000,26.6929,26.6929,26.1878,26.552,3790.2347749141,0
ABE,D,20150120,000000,26.552,26.9669,26.46,26.9502,877.30569835264,0
ABE,D,20150121,000000,26.9669,26.9669,26.5108,26.9669,1077.2125957637,0
ABE,D,20150122,000000,26.9669,29.0328,26.6351,29.0328,24892.406865628,0
ABE,D,20150123,000000,28.8753,29.4977,27.8799,29.4391,6965.8986309302,0
ABE,D,20150126,000000,29.6134,29.7211,29.0417,29.0417,3400.7019062445,0
ABE,D,20150127,000000,29.0907,29.3314,29.0417,29.0417,8292.1381046117,0
ABE,D,20150128,000000,29.0417,29.4566,29.0417,29.4566,4990.8184845087,0
ABE,D,20150129,000000,29.5144,29.6965,29.5144,29.622,14921.050822763,0
ABE,D,20150130,000000,29.5144,29.622,29.2903,29.5389,11083.980717599,0
ABE,D,20150202,000000,29.8619,29.8707,29.4977,29.7052,2800.9812140113,0
ABE,D,20150203,000000,29.8619,31.091,29.8619,30.2024,7679.8518359698,0
ABE,D,20150204,000000,30.2856,31.091,30.2856,30.866,6286.2151797325,0
ABE,D,20150205,000000,30.5342,31.0315,29.8793,30.6506,26537.355050039,0
ABE,D,20150206,000000,30.6927,30.6927,29.4977,30.0781,6691.740600195,0
ABE,D,20150209,000000,30.0781,30.866,30.0781,30.2112,3951.3026179711,0
ABE,D,20150210,000000,30.2024,30.6996,30.0869,30.6996,2187.5526202413,0
ABE,D,20150211,000000,30.5342,30.8249,30.3267,30.6927,14717.716949968,0
ABE,D,20150212,000000,30.866,30.866,30.3267,30.6847,1498.7305680191,0
ABE,D,20150213,000000,30.6996,30.9334,30.676,30.676,18375.442010027,0
ABE,D,20150216,000000,30.6927,30.866,30.5342,30.866,1302.2506459922,0
ABE,D,20150217,000000,30.9413,30.9413,30.8581,30.866,694.53367786251,0
ABE,D,20150218,000000,30.866,30.866,30.7828,30.866,1040.6581916657,0
ABE,D,20150219,000000,30.9413,30.9413,30.6996,30.866,2802.1235391394,0
ABE,D,20150220,000000,30.866,31.4472,30.6996,31.4472,1759.1806972175,0
ABE,D,20150223,000000,31.5304,31.5304,31.505,31.5304,2322.3469853528,0
ABE,D,20150224,000000,31.5304,31.5304,31.1645,31.5304,3671.4329615956,0
ABE,D,20150225,000000,31.5304,33.1071,31.5304,32.0031,19604.583847823,0
ABE,D,20150226,000000,31.9453,32.7753,31.9043,31.9453,17428.454478862,0
ABE,D,20150227,000000,32.3603,32.3603,31.7388,31.9453,4858.3087696534,0
ABE,D,20150302,000000,32.6921,33.6043,32.6921,33.5123,73842.18092827,0
ABE,D,20150303,000000,33.5211,34.1689,32.7753,33.5123,17014.932782503,0
ABE,D,20150304,000000,34.1689,35.2229,34.0192,35.2229,5953.7985674661,0
ABE,D,20150305,000000,35.2229,36.8406,35.2229,35.6791,19063.121737121,0
ABE,D,20150306,000000,35.6791,36.0939,35.363,35.6466,5560.8387234123,0
ABE,D,20150309,000000,35.6378,35.6378,34.1103,34.6845,5628.235905968,0
ABE,D,20150310,000000,34.6845,34.6906,33.7706,33.7706,23111.521990977,0
ABE,D,20150311,000000,33.6875,33.7549,33.2724,33.3556,12823.741887639,0
ABE,D,20150312,000000,33.3556,34.6994,33.3556,34.5593,4332.8392107442,0
ABE,D,20150313,000000,34.4342,34.85,34.2766,34.2766,2276.6539802302,0
ABE,D,20150316,000000,34.8001,35.1231,34.294,35.1231,2805.5505145235,0
ABE,D,20150317,000000,35.0987,35.5879,35.0897,35.5879,2163.563792552,0
ABE,D,20150318,000000,35.6378,35.9286,35.4304,35.4304,4865.1627204217,0
ABE,D,20150319,000000,35.6703,35.6703,34.9331,34.9331,4915.4250260565,0
ABE,D,20150320,000000,34.9331,34.9743,34.1777,34.1777,2344.051162786,0
ABE,D,20150323,000000,34.4342,35.3393,34.0358,35.3061,4970.2566322036,0
ABE,D,20150324,000000,35.3472,35.3472,34.4342,34.5593,3437.2563103426,0
ABE,D,20150325,000000,34.85,34.85,34.4342,34.4342,799.62758964433,0
ABE,D,20150326,000000,34.4762,34.4762,33.6962,34.2266,1543.2812480136,0
ABE,D,20150327,000000,34.1434,34.6994,34.1434,34.4271,3253.3419647244,0
ABE,D,20150330,000000,34.8158,34.8158,33.853,34.7257,918.42940296292,0
ABE,D,20150331,000000,35.0897,35.0897,34.0192,34.1933,1752.3267464492,0
ABE,D,20150401,000000,34.1933,34.2679,33.6875,33.8791,2084.7433587156,0
ABE,D,20150402,000000,33.7706,33.8704,33.5631,33.5631,1626.6709823622,0
ABE,D,20150407,000000,33.4388,33.4388,31.8867,32.3603,29742.719359385,0
ABE,D,20150408,000000,31.9533,33.1894,31.9453,32.8575,6441.5713971491,0
ABE,D,20150409,000000,32.6509,33.3058,32.6509,33.1894,2908.3597760492,0
ABE,D,20150410,000000,33.4388,34.4342,33.1894,34.2266,3960.4412189956,0
ABE,D,20150413,000000,34.2679,34.2679,33.4468,34.0036,2903.790475537,0
ABE,D,20150414,000000,34.0036,34.0036,33.6043,33.6043,194.19527177077,0
ABE,D,20150415,000000,33.5062,33.6131,33.1894,33.6131,6375.3165397215,0
ABE,D,20150416,000000,33.8949,33.9282,33.2724,33.9203,1827.7202049013,0
ABE,D,20150417,000000,33.3556,33.9203,33.3556,33.7706,2325.7739607369,0
ABE,D,20150420,000000,33.7706,35.8278,33.7706,35.4961,41509.810503565,0
ABE,D,20150421,000000,35.6791,36.2182,35.5136,35.5136,3953.5872682272,0
ABE,D,20150422,000000,35.5136,35.5967,34.442,35.3892,11270.179713473,0
ABE,D,20150423,000000,35.3393,35.3393,34.5593,34.5593,2226.3916745954,0
ABE,D,20150424,000000,34.8412,36.6744,34.8412,36.3426,27379.248669422,0
ABE,D,20150427,000000,36.3014,36.3014,35.6791,35.6791,26941.738145374,0
ABE,D,20150428,000000,35.5292,35.6466,34.85,35.6466,3691.9948139007,0
ABE,D,20150429,000000,35.6466,35.6466,35.5047,35.6045,11543.19541908,0
ABE,D,20150430,000000,35.4304,35.6791,35.3472,35.6703,1674.6486377408,0
ABE,D,20150504,000000,35.6791,36.0764,35.6791,36.0764,30115.117351134,0
ABE,D,20150505,000000,36.3014,36.5002,35.9286,36.0939,32196.433734465,0
ABE,D,20150506,000000,36.135,36.8406,36.0939,36.5912,25026.058905611,0
ABE,D,20150507,000000,36.6744,37.1723,36.4257,36.7987,37782.403610695,0
ABE,D,20150508,000000,36.6744,36.7575,36.3426,36.368,74713.775000982,0
ABE,D,20150511,000000,36.3513,36.5912,36.3426,36.4931,3478.3800149528,0
ABE,D,20150512,000000,36.5089,36.5089,35.9286,35.9286,499.19608096368,0
ABE,D,20150513,000000,35.9196,36.4432,34.8237,36.0939,3753.6803708161,0
ABE,D,20150514,000000,36.4169,36.4169,35.7036,36.4099,724.23413119215,0
ABE,D,20150515,000000,36.4012,36.4012,34.4342,35.2648,9287.1032911549,0
ABE,D,20150518,000000,35.6791,36.6744,35.6791,36.4012,62267.000405604,0
ABE,D,20150519,000000,36.5089,36.5089,35.5222,35.8453,3518.3613944351,0
ABE,D,20150520,000000,35.8453,36.3338,35.6045,35.8864,536.89281018977,0
ABE,D,20150521,000000,35.8453,36.0852,35.4304,36.0852,3927.3137902817,0
ABE,D,20150522,000000,36.0939,36.2516,36.0852,36.2427,42255.748812191,0
ABE,D,20150525,000000,36.2926,36.4169,35.4461,35.6791,10508.248853055,0
ABE,D,20150526,000000,36.5089,36.5089,35.3306,35.3979,6566.084836108,0
ABE,D,20150527,000000,35.356,35.5047,33.5386,34.85,30730.83059516,0
ABE,D,20150528,000000,34.5174,35.0399,34.0192,34.5253,4833.177616836,0
ABE,D,20150529,000000,34.5253,35.6291,34.5253,35.0575,17803.137120867,0
ABE,D,20150601,000000,34.85,35.1406,34.5253,34.85,1793.4504510594,0
ABE,D,20150602,000000,34.4342,34.8325,34.161,34.5174,16722.497549719,0
ABE,D,20150603,000000,34.85,35.0987,34.5593,35.0987,12525.595029214,0
ABE,D,20150605,000000,35.1143,35.1143,34.6496,35.0154,180.48737023401,0
ABE,D,20150608,000000,33.6717,34.5174,33.6717,34.0122,2848.95886939,0
ABE,D,20150609,000000,33.6218,33.7286,32.6089,33.0064,14397.86591411,0
ABE,D,20150610,000000,32.6255,33.0982,32.369,32.6746,8149.3474636038,0
ABE,D,20150611,000000,32.7753,32.7753,32.0111,32.5179,2526.8231832761,0
ABE,D,20150612,000000,32.5179,33.887,32.5179,33.8117,2111.016836661,0
ABE,D,20150615,000000,33.8949,34.1933,33.6875,34.1933,2575.9431637828,0
ABE,D,20150616,000000,34.2022,34.4342,32.6089,34.1847,12233.15979643,0
ABE,D,20150617,000000,34.4342,34.4762,34.0866,34.0866,413.52169635893,0
ABE,D,20150618,000000,34.0036,34.0954,33.1894,34.0954,3254.4842898524,0
ABE,D,20150619,000000,34.0192,34.0192,33.1894,33.9115,2997.4611360382,0
ABE,D,20150622,000000,33.9203,33.9203,33.1894,33.1981,1170.8832562649,0
ABE,D,20150623,000000,33.9115,34.1847,33.3468,34.1847,2037.908028465,0
ABE,D,20150624,000000,34.1847,34.1847,33.2147,33.2147,2179.5563443448,0
ABE,D,20150625,000000,33.3146,33.6875,33.3146,33.6875,1951.0913187322,0
ABE,D,20150626,000000,33.3556,33.3556,32.6255,32.6255,3825.6468538841,0
ABE,D,20150629,000000,31.5304,31.5304,29.8707,31.1154,9435.6055578031,0
ABE,D,20150630,000000,30.7828,32.1949,30.7828,31.7388,5266.118840372,0
ABE,D,20150701,000000,31.7388,32.6833,31.7388,32.1117,1441.6143116159,0
ABE,D,20150702,000000,32.5266,33.1894,32.5266,32.7753,1742.0458202966,0
ABE,D,20150703,000000,32.7753,32.7753,31.6967,31.6967,5511.7187429056,0
ABE,D,20150706,000000,31.4472,31.9376,31.4472,31.7877,516.33095788463,0
ABE,D,20150707,000000,31.6206,32.3516,31.6206,31.8543,1114.9093249898,0
ABE,D,20150708,000000,31.9453,31.9453,31.0735,31.1409,1100.059098325,0
ABE,D,20150709,000000,31.3641,31.3641,30.6506,30.6586,3959.2988938675,0
ABE,D,20150710,000000,30.4274,31.505,30.4274,30.6996,38816.207851592,0
ABE,D,20150713,000000,31.5225,31.8543,31.4141,31.5304,1250.8460152293,0
ABE,D,20150714,000000,31.7712,33.2488,31.7712,33.1894,3287.6117185663,0
ABE,D,20150715,000000,33.1894,34.2766,33.1894,34.2266,14665.169994077,0
ABE,D,20150716,000000,34.6583,34.667,34.069,34.4342,2002.495949495,0
ABE,D,20150717,000000,34.0358,34.4271,33.7373,34.4271,1594.6858787764,0
ABE,D,20150720,000000,33.9282,34.3439,33.5954,33.6043,1866.5592592555,0
ABE,D,20150721,000000,33.3146,33.7706,33.065,33.7706,2234.3879504919,0
ABE,D,20150722,000000,33.9947,35.0575,33.2147,35.0076,4943.9831542581,0
ABE,D,20150723,000000,34.7667,34.7667,32.6177,34.2266,2675.3254499243,0
ABE,D,20150724,000000,33.4388,34.1847,33.1981,34.1434,1293.1120449677,0
ABE,D,20150727,000000,33.2813,33.5954,33.2813,33.5123,107.37856203795,0
ABE,D,20150728,000000,33.6629,34.1847,33.6541,34.1847,2310.9237340721,0
ABE,D,20150729,000000,34.1847,34.1847,33.6875,34.1847,2214.9684233148,0
ABE,D,20150730,000000,33.9361,34.1847,33.9361,34.1847,9813.7151751921,0
ABE,D,20150731,000000,34.1847,34.1847,33.6875,34.1847,1121.7632757582,0
ABE,D,20150803,000000,34.0192,34.1847,34.0192,34.0446,11452.951733963,0
ABE,D,20150804,000000,34.4097,34.4342,34.0604,34.3763,1441.6143116159,0
ABE,D,20150805,000000,34.069,34.1847,33.9703,34.1847,7069.850217584,0
ABE,D,20150806,000000,34.4342,34.4342,33.7872,33.7872,1245.134389589,0
ABE,D,20150807,000000,33.7872,33.853,33.2147,33.2226,613.42859377001,0
ABE,D,20150810,000000,34.3852,34.3852,33.7872,34.2854,170.20644408144,0
ABE,D,20150811,000000,34.4009,34.4342,34.4009,34.4342,1778.6002243946,0
ABE,D,20150812,000000,34.3509,34.6251,34.0192,34.6251,1385.6403803408,0
ABE,D,20150813,000000,34.6251,35.0987,33.8616,33.9772,9646.9357064948,0
ABE,D,20150814,000000,33.6043,33.7049,33.6043,33.6875,185.05667074626,0
ABE,D,20150817,000000,34.0122,34.028,33.6455,33.6455,31994.242186798,0
ABE,D,20150818,000000,33.8292,34.0122,33.3556,33.3556,13071.626440429,0
ABE,D,20150819,000000,33.3645,33.3968,32.9495,32.9495,14191.105065931,0
ABE,D,20150820,000000,33.0238,33.0238,32.2772,32.3516,9317.9460696126,0
ABE,D,20150821,000000,32.6833,32.9495,32.3603,32.3603,15652.138904724,0
ABE,D,20150824,000000,31.9453,31.9453,29.0417,29.0417,8826.7462645454,0
ABE,D,20150825,000000,29.0417,30.2856,28.9584,30.2856,71589.515775729,0
ABE,D,20150826,000000,30.6095,31.2975,30.6095,30.9334,1893.975062329,0
ABE,D,20150827,000000,31.1154,32.0111,31.1154,31.9043,1277.1194931748,0
ABE,D,20150828,000000,32.3603,32.5844,31.9199,32.3192,74215.721245147,0
ABE,D,20150831,000000,32.5924,32.6002,32.2097,32.3603,29654.760324524,0
ABE,D,20150901,000000,31.5384,32.3849,31.5384,31.6967,10952.613327871,0
ABE,D,20150902,000000,31.6967,31.6967,30.3855,30.3855,1537.5696223732,0
ABE,D,20150903,000000,30.9578,31.1154,30.7417,31.0315,2760.9998345291,0
ABE,D,20150904,000000,31.1154,31.5225,30.4852,31.3483,4688.1023255719,0
ABE,D,20150907,000000,31.6206,31.6206,30.6996,31.5139,1103.4860737092,0
ABE,D,20150908,000000,31.1154,31.5304,31.091,31.5304,1616.3900562096,0
ABE,D,20150909,000000,31.4472,31.4472,30.2024,30.8249,4345.4047871529,0
ABE,D,20150910,000000,30.8249,30.8249,30.0369,30.0369,1406.202232646,0
ABE,D,20150911,000000,29.8707,29.8707,29.3735,29.8707,2978.0416088611,0
ABE,D,20150914,000000,30.0369,30.0369,28.5768,28.5768,5248.983963451,0
ABE,D,20150915,000000,28.5768,28.5768,27.381,27.381,6996.7414093879,0
ABE,D,20150916,000000,27.381,27.8292,27.0579,27.796,4268.8690035727,0
ABE,D,20150917,000000,27.796,28.9996,27.796,28.9918,4317.9889840794,0
ABE,D,20150918,000000,28.6267,28.9996,28.6267,28.9996,276.44268099133,0
ABE,D,20150921,000000,28.9996,28.9996,28.9584,28.9584,197.62224715496,0
ABE,D,20150922,000000,28.9996,29.166,28.6687,29.166,522.04258352494,0
ABE,D,20150924,000000,29.166,29.166,28.4605,28.4605,4658.4018722423,0
ABE,D,20150925,000000,28.4605,28.6267,28.3773,28.3773,2565.6622376302,0
ABE,D,20150928,000000,28.3851,28.3851,27.381,27.796,4295.1424815181,0
ABE,D,20150929,000000,27.7802,27.8047,27.7802,27.8047,681.96810145381,0
ABE,D,20150930,000000,27.796,28.3693,27.796,28.3693,853.31687066331,0
ABE,D,20151001,000000,28.2187,28.6013,28.2118,28.6013,941.27590552419,0
ABE,D,20151002,000000,28.6836,28.6924,28.2118,28.5933,872.73639784039,0
ABE,D,20151005,000000,28.5427,28.6924,28.3019,28.6924,1534.1426469891,0
ABE,D,20151006,000000,29.0417,29.5144,29.0417,29.5144,3191.656407809,0
ABE,D,20151007,000000,30.0869,30.4432,30.0869,30.4432,1007.5307629519,0
ABE,D,20151008,000000,30.6586,30.6996,30.0458,30.6996,854.45919579137,0
ABE,D,20151009,000000,30.6996,30.9413,30.6996,30.9413,806.48154041271,0
ABE,D,20151012,000000,30.5605,30.9413,30.5605,30.9413,148.50226664823,0
ABE,D,20151013,000000,30.6996,31.1154,30.4686,31.1154,458.0723763534,0
ABE,D,20151014,000000,30.6996,30.9833,30.451,30.9833,242.17292714943,0
ABE,D,20151015,000000,30.6174,31.1234,30.6174,31.1234,71.96648306799,0
ABE,D,20151016,000000,30.7084,30.7084,30.3766,30.6996,183.9143456182,0
ABE,D,20151019,000000,30.8835,31.0577,30.1701,30.1701,815.62014143722,0
ABE,D,20151020,000000,30.6996,30.6996,30.2856,30.2856,312.99708508935,0
ABE,D,20151021,000000,30.1446,30.1446,30.1367,30.1367,1639.2365587709,0
ABE,D,20151022,000000,30.1446,30.5929,30.1367,30.5929,3883.9054354153,0
ABE,D,20151023,000000,30.1367,30.6927,29.9626,30.0781,3251.0573144682,0
ABE,D,20151026,000000,30.3855,30.3855,29.995,29.995,546.03141121427,0
ABE,D,20151027,000000,29.7052,29.7052,29.2316,29.4566,10820.103613016,0
ABE,D,20151028,000000,29.3735,29.3735,29.0828,29.0828,2174.9870438326,0
ABE,D,20151029,000000,28.9663,29.0574,27.8047,28.5933,7964.2907928576,0
ABE,D,20151030,000000,27.8134,27.8134,27.5142,27.5316,8927.2708758149,0
ABE,D,20151102,000000,27.5142,28.1777,27.381,27.5474,1454.1798880246,0
ABE,D,20151103,000000,27.2654,28.0201,27.2654,27.7715,3879.3361349031,0
ABE,D,20151104,000000,27.788,27.796,27.7627,27.796,4508.757280466,0
ABE,D,20151105,000000,27.796,27.796,27.4729,27.4903,1679.2179382531,0
ABE,D,20151106,000000,27.4729,28.3106,27.4729,28.3106,896.72522552972,0
ABE,D,20151109,000000,28.3106,28.3106,27.8459,28.3106,251.31152817393,0
ABE,D,20151110,000000,28.435,28.435,28.435,28.435,11.423251280633,0
ABE,D,20151112,000000,27.796,28.3106,27.796,27.796,458.0723763534,0
ABE,D,20151113,000000,27.796,27.796,27.1323,27.7128,565.45093839135,0
ABE,D,20151116,000000,27.1323,27.7128,27.1323,27.2155,422.66029738343,0
ABE,D,20151117,000000,27.1323,27.1323,24.9833,25.5567,5077.6351942415,0
ABE,D,20151118,000000,25.5567,26.004,25.5567,25.9716,632.84812094709,0
ABE,D,20151119,000000,26.5354,26.8672,26.3857,26.4689,28143.464180096,0
ABE,D,20151120,000000,26.552,27.3985,26.552,27.381,38687.125112121,0
ABE,D,20151123,000000,27.2822,27.5474,27.2822,27.2822,5693.3484382677,0
ABE,D,20151124,000000,27.2822,27.4729,27.2822,27.4729,1354.7976018831,0
ABE,D,20151125,000000,27.4729,28.2118,27.4729,27.9623,1338.8050500902,0
ABE,D,20151126,000000,27.9623,28.6092,27.9623,28.6092,1004.1037875677,0
ABE,D,20151127,000000,28.6092,28.6092,28.0454,28.5435,1382.2134049566,0
ABE,D,20151130,000000,28.2118,29.0417,28.062,29.0417,15400.82737655,0
ABE,D,20151201,000000,29.0417,29.4479,28.3773,29.4479,1562.7007751906,0
ABE,D,20151202,000000,29.4479,29.6255,28.9567,29.6255,1424.479434695,0
ABE,D,20151203,000000,29.693,29.693,27.9324,29.2613,1945.3796930919,0
ABE,D,20151204,000000,29.194,29.2019,29.194,29.2019,439.79517430438,0
ABE,D,20151207,000000,27.9413,28.7115,27.9324,28.5672,22825.940708962,0
ABE,D,20151208,000000,27.9413,28.6855,27.9413,28.6855,174.77574459369,0
ABE,D,20151209,000000,27.9413,27.9413,25.5628,27.0859,6770.5610340314,0
ABE,D,20151210,000000,27.7627,27.7627,27.0859,27.3652,56072.171236117,0
ABE,D,20151211,000000,27.0859,27.0859,26.2316,26.2316,1141.1828029353,0
ABE,D,20151214,000000,26.2404,26.3244,25.5708,26.3244,10334.615433589,0
ABE,D,20151215,000000,25.6896,26.3077,25.6896,26.3077,332.41661226643,0
ABE,D,20151216,000000,26.2561,27.5087,26.2561,27.0859,9587.5347998356,0
ABE,D,20151217,000000,27.0859,27.0859,26.6623,26.6623,1596.9705290325,0
ABE,D,20151218,000000,26.6289,26.6289,25.7064,25.9182,29413.729722503,0
ABE,D,20151221,000000,26.9336,26.9591,26.2561,26.4855,1542.1389228855,0
ABE,D,20151222,000000,26.2404,27.0859,26.2404,27.0859,2433.1525227749,0
ABE,D,20151223,000000,26.6798,28.1014,26.6798,27.9324,4016.4151502707,0
ABE,D,20151228,000000,28.0927,28.906,27.9324,28.906,3160.8136293512,0
ABE,D,20151229,000000,29.1852,29.2536,29.1852,29.2536,209.04549843559,0
ABE,D,20151230,000000,29.2194,29.2536,28.0252,28.0252,16878.996092264,0
ABE,D,20160104,000000,27.7627,27.9413,27.7627,27.9413,52931.919459071,0
ABE,D,20160105,000000,27.9501,27.9501,27.9324,27.9413,673.97182555737,0
ABE,D,20160107,000000,27.7627,27.7627,27.17,27.5087,6665.4671222495,0
ABE,D,20160108,000000,27.2637,27.3398,27.2637,27.3398,414.66402148699,0
ABE,D,20160111,000000,27.0948,27.0948,26.6623,26.6623,1196.0144090823,0
ABE,D,20160112,000000,26.3244,27.0519,25.8167,26.6544,8103.6544584813,0
ABE,D,20160113,000000,27.1455,27.493,27.0859,27.493,359.83241533995,0
ABE,D,20160114,000000,27.0859,27.0948,26.341,26.4093,268.44640509488,0
ABE,D,20160115,000000,27.2637,27.2637,26.4933,26.4933,1740.9034951685,0
ABE,D,20160118,000000,26.3918,26.3918,25.6556,26.2404,1074.9279455076,0
ABE,D,20160119,000000,26.8829,26.8829,26.2404,26.2404,245.59990253362,0
ABE,D,20160120,000000,26.2404,26.2404,25.7064,25.7239,21692.754181923,0
ABE,D,20160121,000000,25.8167,26.4005,25.6896,26.4005,62497.750081473,0
ABE,D,20160122,000000,26.4005,26.4005,26.4005,26.4005,47.97765537866,0
ABE,D,20160125,000000,26.3673,26.9083,25.8246,26.9083,14307.622228993,0
ABE,D,20160126,000000,26.9003,26.9003,26.8829,26.8917,541.46211070202,0
ABE,D,20160127,000000,26.9083,26.9083,26.8917,26.8917,154.21389228855,0
ABE,D,20160128,000000,27.0859,27.382,26.6623,26.6623,5226.1374608897,0
ABE,D,20160129,000000,26.6623,26.8321,26.6623,26.6623,287.86593227196,0
ABE,D,20160201,000000,27.3398,27.3398,26.6623,26.6623,1999.0689741108,0
ABE,D,20160202,000000,26.6623,26.7735,26.6544,26.6544,1291.9697198396,0
ABE,D,20160203,000000,26.6544,26.8321,26.1292,26.4093,108887.57353212,0
ABE,D,20160204,000000,26.4005,26.4093,26.2404,26.4093,306.14313432097,0
ABE,D,20160205,000000,26.2228,26.7306,26.2228,26.7306,333.55893739449,0
ABE,D,20160208,000000,27.0781,27.0781,26.6623,26.7472,148.50226664823,0
ABE,D,20160209,000000,26.6885,26.7646,26.6623,26.6623,37130.135962571,0
ABE,D,20160210,000000,26.7306,26.7306,26.1633,26.2404,19480.070408864,0
ABE,D,20160211,000000,26.2404,26.3077,26.2404,26.3077,724.23413119215,0
ABE,D,20160212,000000,26.5783,26.8917,26.4933,26.7052,1150.3214039598,0
ABE,D,20160215,000000,26.8663,27.7627,26.8663,27.7627,2040.1926787211,0
ABE,D,20160216,000000,27.9159,28.0595,27.247,27.247,696.81832811863,0
ABE,D,20160217,000000,27.001,27.247,27.001,27.001,1106.9130490934,0
ABE,D,20160218,000000,27.1202,27.205,26.7646,27.205,729.94575683247,0
ABE,D,20160219,000000,27.1367,27.8476,26.9591,27.8476,3113.9782991006,0
ABE,D,20160222,000000,27.8309,28.0174,27.8309,27.8476,6245.0914751222,0
ABE,D,20160223,000000,27.8476,27.9746,27.6786,27.9746,1346.8013259867,0
ABE,D,20160224,000000,27.8476,27.8476,27.6358,27.6358,602.00534248938,0
ABE,D,20160225,000000,27.6786,27.6786,27.2724,27.2724,251.31152817393,0
ABE,D,20160226,000000,27.5938,27.5938,26.7472,26.7472,2221.8223740832,0
ABE,D,20160229,000000,26.7472,26.7472,26.2482,26.6623,2202.4028469061,0
ABE,D,20160301,000000,26.9512,27.043,26.8917,27.043,2033.3387279527,0
ABE,D,20160302,000000,27.2549,28.9234,27.1036,28.9234,81125.645944802,0
ABE,D,20160303,000000,28.9822,29.0924,28.779,29.0924,1418.7678090547,0
ABE,D,20160304,000000,29.1179,29.4898,29.1003,29.4898,388.39054354153,0
ABE,D,20160307,000000,29.4898,31.4875,29.4898,30.4974,34073.273919873,0
ABE,D,20160308,000000,30.557,30.557,29.4898,29.4898,2559.9506119899,0
ABE,D,20160309,000000,29.2107,29.6255,29.1179,29.6255,3007.7420621908,0
ABE,D,20160310,000000,29.6255,30.2095,29.6255,30.2095,1111.4823496056,0
ABE,D,20160311,000000,30.1333,30.1333,30.1333,30.1333,366.68636610833,0
ABE,D,20160314,000000,30.2514,30.2514,30.2349,30.2514,186.19899587432,0
ABE,D,20160315,000000,30.3871,30.3871,30.0064,30.2182,741.3690081131,0
ABE,D,20160316,000000,30.2182,30.2182,30.0064,30.0483,2331.4855863773,0
ABE,D,20160317,000000,30.2182,30.2182,30.0738,30.2182,940.13358039612,0
ABE,D,20160318,000000,30.3871,30.8109,30.3871,30.8109,3081.9931955149,0
ABE,D,20160321,000000,30.4887,30.5395,30.472,30.472,335.84358765062,0
ABE,D,20160322,000000,30.472,30.472,29.6675,29.8033,816.76246656528,0
ABE,D,20160323,000000,29.6255,29.8793,29.6255,29.6255,454.64540096921,0
ABE,D,20160324,000000,29.6255,29.6255,28.3553,28.5759,3277.3307924137,0
ABE,D,20160329,000000,28.779,30.472,28.618,30.4633,8078.5233056639,0
ABE,D,20160330,000000,30.2182,30.4546,30.0912,30.4546,20345.952855936,0
ABE,D,20160331,000000,30.4546,30.4546,29.5581,29.6255,9190.0056552695,0
ABE,D,20160401,000000,29.7192,29.7192,29.0328,29.4986,1318.2431977851,0
ABE,D,20160404,000000,29.6255,30.0483,29.6255,29.6255,1435.9026859756,0
ABE,D,20160405,000000,29.2019,29.6255,29.194,29.6255,254.73850355812,0
ABE,D,20160406,000000,29.6255,29.6255,29.4312,29.6255,639.70207171547,0
ABE,D,20160407,000000,29.4391,29.6675,29.4391,29.6675,47.97765537866,0
ABE,D,20160408,000000,29.693,29.9555,29.3541,29.3541,652.26764812416,0
ABE,D,20160411,000000,29.7104,29.7858,29.2194,29.2194,632.84812094709,0
ABE,D,20160412,000000,29.5406,29.7525,29.2868,29.7525,338.12823790675,0
ABE,D,20160413,000000,29.7945,30.0483,29.6169,29.6255,5545.9884967475,0
ABE,D,20160414,000000,29.6255,29.6763,29.5406,29.6763,38960.140817728,0
ABE,D,20160415,000000,29.7945,30.7259,29.7945,30.4301,4896.0054988794,0
ABE,D,20160418,000000,30.4458,30.8958,30.4458,30.8958,34595.316503398,0
ABE,D,20160419,000000,30.8958,31.2766,30.887,31.2337,2782.7040119623,0
ABE,D,20160420,000000,31.2337,31.2337,31.1068,31.1068,5877.2627838858,0
ABE,D,20160421,000000,30.8958,31.2337,30.8109,30.8109,27087.955761766,0
ABE,D,20160422,000000,30.9798,31.2679,29.6255,31.2679,24835.290609225,0
ABE,D,20160425,000000,31.09,31.301,30.8109,30.929,1885.9787864326,0
ABE,D,20160426,000000,31.2924,31.3185,30.9798,30.9798,344.98218867513,0
ABE,D,20160427,000000,31.301,31.301,31.301,31.301,5.7116256403167,0
ABE,D,20160428,000000,31.301,31.301,29.4566,29.4566,1825.4355546452,0
ABE,D,20160429,000000,29.8793,30.2514,29.5406,29.6255,2440.0064735433,0
ABE,D,20160502,000000,29.6255,29.6255,29.6255,29.6255,696.81832811863,0
ABE,D,20160504,000000,29.6255,29.6255,29.0583,29.0583,1069.2163198673,0
ABE,D,20160505,000000,29.0328,29.0328,28.6941,28.6941,1482.7380162262,0
ABE,D,20160506,000000,28.6092,28.7703,27.4414,28.2126,2558.8082868619,0
ABE,D,20160509,000000,27.9833,29.0328,27.9833,28.779,2377.1785914998,0
ABE,D,20160510,000000,28.779,28.7966,28.779,28.779,1129.7595516546,0
ABE,D,20160511,000000,29.0328,29.4312,28.7115,29.4312,503.76538147593,0
ABE,D,20160512,000000,29.6169,29.6169,28.8639,28.8639,2773.5654109378,0
ABE,D,20160513,000000,28.9479,28.9479,28.2713,28.779,2519.9692325077,0
ABE,D,20160516,000000,28.9314,28.9479,28.5252,28.9479,218.1840994601,0
ABE,D,20160517,000000,28.6092,28.8972,27.8144,28.0848,1208.579985491,0
ABE,D,20160518,000000,28.0848,28.0848,27.001,27.001,3084.277845771,0
ABE,D,20160519,000000,26.9591,26.9591,25.9514,26.2404,4511.0419307221,0
ABE,D,20160520,000000,26.4093,26.4093,26.0705,26.0705,400.95611995023,0
ABE,D,20160523,000000,26.2404,26.2404,25.9865,25.9935,564.30861326329,0
ABE,D,20160524,000000,26.1046,26.2404,26.1046,26.2404,803.05456502852,0
ABE,D,20160525,000000,26.2404,26.6623,26.2228,26.2404,3575.4776508382,0
ABE,D,20160527,000000,26.5616,26.6289,26.5528,26.6289,93.670660501193,0
ABE,D,20160530,000000,26.6623,26.6623,26.6202,26.6202,1004.1037875677,0
ABE,D,20160531,000000,26.6623,26.6623,26.2404,26.6623,1062.3623690989,0
ABE,D,20160601,000000,26.6623,26.6623,25.8332,25.8332,1022.3809896167,0
ABE,D,20160602,000000,25.8167,25.8167,25.8167,25.8167,137.0790153676,0
ABE,D,20160603,000000,25.6477,26.2404,25.3938,25.5882,2797.5542386271,0
ABE,D,20160606,000000,25.7064,25.7064,25.5628,25.5628,236.46130150911,0
ABE,D,20160607,000000,25.7318,25.7318,25.7318,25.7318,266.16175483876,0
ABE,D,20160608,000000,25.7571,26.2404,25.0639,25.3938,2902.6481504089,0
ABE,D,20160609,000000,25.4018,25.5628,25.14,25.14,1617.5323813377,0
ABE,D,20160610,000000,24.9701,25.1733,24.8012,25.1733,166.77946869725,0
ABE,D,20160613,000000,25.14,25.14,24.5043,24.7163,1307.9622716325,0
ABE,D,20160614,000000,24.7163,24.7163,24.5473,24.7163,125.65576408697,0
ABE,D,20160615,000000,24.7496,24.9701,24.5043,24.9701,151.92924203242,0
ABE,D,20160616,000000,24.5043,24.5043,24.0387,24.1236,2156.7098417836,0
ABE,D,20160617,000000,24.4449,24.4449,23.861,24.4449,1389.067355725,0
ABE,D,20160620,000000,24.1236,24.1656,24.0387,24.1656,170.20644408144,0
ABE,D,20160621,000000,24.0387,24.9701,24.0387,24.9701,95735.984332732,0
ABE,D,20160622,000000,24.8431,24.8431,24.2926,24.4204,1615.2477310816,0
ABE,D,20160623,000000,24.2926,24.3687,24.1323,24.3687,976.68798449415,0
ABE,D,20160624,000000,22.0918,23.2771,22.0918,23.2771,3263.6228908769,0
ABE,D,20160627,000000,23.5309,23.5309,22.8288,22.8288,1529.5733464768,0
ABE,D,20160628,000000,22.6844,22.6844,21.4571,21.4571,1960.2299197567,0
ABE,D,20160629,000000,21.6104,22.1767,21.6104,21.9228,2644.4826714666,0
ABE,D,20160630,000000,22.3964,22.8533,22.1425,22.1767,3307.0312457433,0
ABE,D,20160701,000000,22.3964,23.7008,22.1767,23.7008,15431.670155008,0
ABE,D,20160704,000000,23.7008,23.9791,23.7008,23.9791,4921.1366516968,0
ABE,D,20160705,000000,23.9967,24.5043,23.9967,24.5043,3793.6617502983,0
ABE,D,20160706,000000,24.5043,24.5893,24.3775,24.5552,366.68636610833,0
ABE,D,20160707,000000,24.4283,24.5473,24.3355,24.5473,354.12078969963,0
ABE,D,20160708,000000,24.5893,25.5708,24.5719,25.3938,2213.8260981867,0
ABE,D,20160711,000000,25.14,26.5354,25.14,26.5354,7455.9561108694,0
ABE,D,20160712,000000,26.5783,27.382,26.5528,27.0859,2409.1636950856,0
ABE,D,20160713,000000,27.0693,27.0781,26.6798,26.9931,961.83775782933,0
ABE,D,20160714,000000,27.0607,27.0607,26.6289,26.6289,727.66110657634,0
ABE,D,20160715,000000,26.6289,26.6289,26.4513,26.6202,1585.5472777519,0
ABE,D,20160718,000000,26.9931,27.2978,26.9591,27.0859,827.04339271785,0
ABE,D,20160719,000000,27.2978,27.2978,26.5783,26.5783,42749.233267514,0
ABE,D,20160720,000000,26.6623,26.6623,26.6202,26.6623,847.60524502299,0
ABE,D,20160721,000000,26.4855,26.4855,25.0209,25.6477,8835.8848655699,0
ABE,D,20160722,000000,25.6477,25.6477,24.8012,24.8012,3332.1623985607,0
ABE,D,20160725,000000,24.8012,24.8012,23.6921,24.0903,8619.9854163659,0
ABE,D,20160726,000000,24.3775,24.3775,23.6754,23.7008,25973.046436776,0
ABE,D,20160727,000000,23.7008,23.7008,23.1502,23.2946,28602.678881578,0
ABE,D,20160728,000000,23.2684,23.2684,23.0906,23.0906,719.6648306799,0
ABE,D,20160729,000000,22.9558,22.9558,22.6844,22.8622,35501.180329952,0
ABE,D,20160801,000000,22.8377,23.0232,22.0918,22.2616,92218.765263425,0
ABE,D,20160802,000000,22.2187,22.7353,22.2187,22.7353,127922.13714104,0
ABE,D,20160803,000000,22.7353,23.2946,22.7353,23.2684,17322.218241952,0
ABE,D,20160804,000000,23.2351,23.2771,23.1676,23.1922,2874.0900222073,0
ABE,D,20160805,000000,23.1922,23.2517,23.1922,23.1922,70072.508005661,0
ABE,D,20160808,000000,23.1756,23.4461,23.1414,23.4294,8206.463720007,0
ABE,D,20160809,000000,23.6833,23.8698,23.3191,23.8698,36684.629162626,0
ABE,D,20160810,000000,23.8698,24.7163,23.8698,24.7163,60031.470129984,0
ABE,D,20160811,000000,24.7163,25.3938,24.7075,25.2239,14798.82203406,0
ABE,D,20160812,000000,25.3938,25.3938,25.0639,25.309,1601.5398295448,0
ABE,D,20160816,000000,25.3255,25.3938,24.9369,25.3509,2510.8306314832,0
ABE,D,20160817,000000,25.309,25.309,24.69,25.055,835.0396686143,0
ABE,D,20160818,000000,25.2581,25.2581,25.2581,25.2581,69.681832811863,0
ABE,D,20160819,000000,25.2668,25.2668,24.9701,24.9701,1429.0487352072,0
ABE,D,20160822,000000,24.9788,24.9788,23.9117,23.9117,1778.6002243946,0
ABE,D,20160823,000000,23.8872,24.1236,23.8698,24.1236,625.99417017871,0
ABE,D,20160824,000000,23.9117,24.563,23.9117,24.5473,5735.614468006,0
ABE,D,20160825,000000,24.563,24.6225,23.9293,24.2847,1610.6784305693,0
ABE,D,20160826,000000,24.1998,24.1998,23.6754,24.022,608.85929325776,0
ABE,D,20160829,000000,24.022,24.0983,24.0141,24.0983,5015.9496373261,0
ABE,D,20160830,000000,24.0816,24.3355,23.5564,24.3355,7531.3495693216,0
ABE,D,20160831,000000,24.3178,24.4536,24.2759,24.4536,671.68717530124,0
ABE,D,20160901,000000,24.4536,25.2581,24.4536,25.2581,1853.9936828468,0
ABE,D,20160902,000000,25.14,25.9015,24.7163,25.8167,25083.175162015,0
ABE,D,20160905,000000,25.8167,26.1214,25.0121,25.1733,2190.9795956255,0
ABE,D,20160906,000000,25.1733,25.3938,24.7163,25.1733,1470.1724398175,0
ABE,D,20160907,000000,25.3509,25.4358,25.182,25.4018,534.60815993364,0
ABE,D,20160908,000000,25.3938,25.5968,24.5893,24.5893,2835.2509678532,0
ABE,D,20160909,000000,24.5893,24.6314,24.3442,24.3442,8045.3958769501,0
ABE,D,20160912,000000,24.0816,24.9282,24.0816,24.5473,2173.8447187045,0
ABE,D,20160913,000000,24.5473,24.5473,24.4624,24.4624,447.79145020083,0
ABE,D,20160914,000000,24.4624,24.4624,24.4449,24.4624,83.389734348623,0
ABE,D,20160915,000000,24.5386,24.8853,23.8278,24.8853,21360.337569656,0
ABE,D,20160916,000000,24.9282,24.9282,23.8278,24.2085,2954.0527811718,0
ABE,D,20160919,000000,24.2085,24.5473,23.9117,24.5473,6363.8932884408,0
ABE,D,20160920,000000,24.9701,27.9159,24.6314,27.9159,86432.888489784,0
ABE,D,20160921,000000,27.9324,30.5395,27.5087,30.5395,108769.91404393,0
ABE,D,20160922,000000,29.9645,31.2337,29.643,31.2337,43069.084303372,0
ABE,D,20160923,000000,31.2171,31.2171,29.9048,30.0483,11655.14328163,0
ABE,D,20160926,000000,30.0483,30.0483,28.1952,30.0483,22370.152982864,0
ABE,D,20160927,000000,29.2448,30.4301,29.2448,30.3451,27514.043034533,0
ABE,D,20160928,000000,30.3451,30.3451,29.3962,30.0649,1369.6478285479,0
ABE,D,20160929,000000,30.0912,30.0912,29.6255,29.7525,849.88989527912,0
ABE,D,20160930,000000,30.0483,30.8529,29.6763,30.472,9378.4893014,0
ABE,D,20161003,000000,30.2602,30.2602,29.7945,29.7945,1040.6581916657,0
ABE,D,20161004,000000,30.1245,30.2095,29.1598,29.2019,1317.100872657,0
ABE,D,20161005,000000,28.8805,28.8805,28.7703,28.779,2353.1897638105,0
ABE,D,20161006,000000,28.779,28.779,28.6941,28.779,11948.720839542,0
ABE,D,20161007,000000,28.7623,28.7623,28.1014,28.1863,1417.6254839266,0
ABE,D,20161010,000000,28.1863,28.1863,27.4414,27.4414,885.30197424908,0
ABE,D,20161011,000000,27.4755,27.8389,26.2561,26.2561,2855.8128201583,0
ABE,D,20161012,000000,26.2404,26.5108,26.2404,26.2404,2071.0354571788,0
ABE,D,20161013,000000,26.2404,26.6623,26.1975,26.6623,11794.506947254,0
ABE,D,20161014,000000,26.7814,26.7814,26.5783,26.6623,968.69170859771,0
ABE,D,20161017,000000,26.7393,27.382,26.7217,27.382,1991.0726982144,0
ABE,D,20161018,000000,27.374,27.9324,27.374,27.9324,1448.4682623843,0
ABE,D,20161019,000000,27.7627,27.9324,27.5938,27.9324,341.55521329094,0
ABE,D,20161020,000000,28.0174,28.0174,27.8144,27.8476,426.08727276762,0
ABE,D,20161021,000000,27.9324,27.9324,27.7627,27.9324,1509.0114941717,0
ABE,D,20161024,000000,28.0087,28.1863,27.9746,28.1444,1353.655276755,0
ABE,D,20161025,000000,28.1277,28.4402,28.1277,28.2713,2831.823992469,0
ABE,D,20161026,000000,28.3465,28.3465,28.3045,28.3045,129.08273947116,0
ABE,D,20161027,000000,28.4577,28.4577,28.4402,28.4577,383.82124302928,0
ABE,D,20161028,000000,28.4665,28.4665,28.4665,28.4665,70.824157939927,0
ABE,D,20161031,000000,28.3982,28.3982,28.1863,28.1863,165.63714356918,0
ABE,D,20161102,000000,28.0174,28.0174,27.5938,27.5938,1512.4384695559,0
ABE,D,20161103,000000,27.5176,27.5516,27.5176,27.5516,94.812985629257,0
ABE,D,20161104,000000,27.5605,27.5605,27.374,27.374,122.22878870278,0
ABE,D,20161107,000000,27.374,27.382,27.2549,27.2549,1009.815413208,0
ABE,D,20161108,000000,27.4668,28.4665,27.4668,28.1102,28189.157185219,0
ABE,D,20161109,000000,27.1788,27.9324,27.1788,27.9324,1718.0569926073,0
ABE,D,20161110,000000,28.3465,28.4665,28.1444,28.4402,8205.3213948789,0
ABE,D,20161114,000000,28.4665,29.1003,28.4665,29.1003,768.78481118662,0
ABE,D,20161115,000000,29.1003,30.6331,29.1003,30.472,62642.825372737,0
ABE,D,20161116,000000,30.4633,30.4633,29.8033,30.2514,2008.2075751353,0
ABE,D,20161117,000000,30.2428,30.2428,29.6508,29.9467,872.73639784039,0
ABE,D,20161118,000000,29.7104,29.7104,28.779,29.4137,24856.994786658,0
ABE,D,20161121,000000,29.7017,29.7017,29.4137,29.4137,274.1580307352,0
ABE,D,20161122,000000,29.5835,29.6255,29.4566,29.5406,783.63503785145,0
ABE,D,20161123,000000,29.6255,30.1674,29.6255,30.1674,218.1840994601,0
ABE,D,20161124,000000,30.2182,30.3451,30.0572,30.0572,7407.9784554907,0
ABE,D,20161125,000000,30.0483,30.0483,29.4566,29.6255,503.76538147593,0
ABE,D,20161128,000000,29.5494,29.7192,29.5494,29.6343,12068.664977989,0
ABE,D,20161129,000000,29.6255,29.6255,29.5581,29.6255,118619.0412981,0
ABE,D,20161130,000000,29.6255,30.3785,29.5406,30.3785,1387.9250305969,0
ABE,D,20161201,000000,30.3871,30.3871,30.15,30.2182,482.06120404273,0
ABE,D,20161202,000000,30.1333,30.1333,30.0483,30.0483,212.47247381978,0
ABE,D,20161205,000000,30.1586,30.1674,30.0483,30.1586,170.20644408144,0
ABE,D,20161206,000000,30.1586,30.1586,30.0483,30.0483,129.08273947116,0
ABE,D,20161207,000000,30.1586,30.1586,29.939,30.0483,525.46955890913,0
ABE,D,20161208,000000,30.0064,30.0064,29.693,29.9976,1082.924221404,0
ABE,D,20161209,000000,29.8539,30.3705,29.8462,30.3705,8314.984607173,0
ABE,D,20161212,000000,30.2514,30.2514,30.1919,30.2514,165.63714356918,0
ABE,D,20161213,000000,30.1761,30.3189,30.1761,30.3189,11856.192504169,0
ABE,D,20161214,000000,30.4546,31.3099,30.2856,30.7172,11931.585962622,0
ABE,D,20161215,000000,30.472,30.472,30.1333,30.3031,1090.9204973005,0
ABE,D,20161216,000000,30.311,30.311,30.3031,30.3031,356.40543995576,0
ABE,D,20161219,000000,30.0483,30.3871,29.3716,30.3871,1401.6329321337,0
ABE,D,20161220,000000,30.2182,30.5902,29.8199,30.5902,203.33387279527,0
ABE,D,20161221,000000,30.5815,30.5815,30.5815,30.5815,11.423251280633,0
ABE,D,20161222,000000,30.5728,30.5728,30.3451,30.472,312.99708508935,0
ABE,D,20161223,000000,30.472,30.472,29.4566,29.6255,2246.9535269006,0
ABE,D,20161227,000000,30.0405,30.0405,29.2019,29.4566,5742.4684187744,0
ABE,D,20161228,000000,29.4137,29.6169,28.8639,29.2019,7457.0984359974,0
ABE,D,20161229,000000,28.779,30.0912,28.779,28.8639,9781.7300716063,0
ABE,D,20161230,000000,28.3728,29.5319,28.3728,29.4986,28447.322664161,0
ABE,D,20170102,000000,28.9479,29.0328,28.779,29.0328,3685.1408631323,0
ABE,D,20170103,000000,29.0328,29.1179,28.779,29.0075,1767.176973114,0
ABE,D,20170104,000000,28.9908,29.1598,28.9479,29.0328,1984.218747446,0
ABE,D,20170105,000000,29.2613,29.8793,29.2613,29.7104,1960.2299197567,0
ABE,D,20170109,000000,30.0064,30.0064,30.0064,30.0064,82.24740922056,0
ABE,D,20170110,000000,29.2868,29.6255,29.2868,29.4986,455.78772609727,0
ABE,D,20170111,000000,29.4986,29.5319,29.4137,29.4986,352.97846457157,0
ABE,D,20170112,000000,29.2536,29.4566,29.2107,29.4566,376.9672922609,0
ABE,D,20170113,000000,29.4986,29.4986,29.3122,29.4732,154.21389228855,0
ABE,D,20170116,000000,29.4732,29.4732,29.3804,29.3962,3893.0440364398,0
ABE,D,20170117,000000,29.4732,29.5161,29.4566,29.5161,172.49109433756,0
ABE,D,20170118,000000,29.5161,29.5161,29.4566,29.4566,1310.2469218886,0
ABE,D,20170119,000000,29.2359,29.6255,29.2359,29.6255,92.52833537313,0
ABE,D,20170120,000000,29.6169,29.6255,29.4986,29.4986,109.66321229408,0
ABE,D,20170123,000000,29.6169,29.6169,29.6169,29.6169,11.423251280633,0
ABE,D,20170124,000000,29.4986,29.7779,29.4986,29.7104,6251.9454258906,0
ABE,D,20170125,000000,29.8374,31.2337,29.8374,30.6244,138424.67436846,0
ABE,D,20170126,000000,30.6244,31.0471,30.472,30.472,3325.3084477924,0
ABE,D,20170127,000000,30.4301,30.557,30.2514,30.557,4283.7192302375,0
ABE,D,20170130,000000,30.557,30.641,30.557,30.557,169.06411895337,0
ABE,D,20170131,000000,30.599,30.599,30.472,30.557,4943.9831542581,0
ABE,D,20170201,000000,30.557,30.599,30.5482,30.599,719.6648306799,0
ABE,D,20170202,000000,30.641,30.8958,30.4808,30.641,6542.0960084187,0
ABE,D,20170203,000000,30.641,30.641,30.599,30.599,328.98963688224,0
ABE,D,20170206,000000,30.599,30.7259,30.5053,30.7259,713.95320503958,0
ABE,D,20170207,000000,30.7767,32.6562,30.768,32.1564,12474.190398452,0
ABE,D,20170208,000000,32.5713,32.5713,31.674,31.9112,3998.1379482217,0
ABE,D,20170209,000000,32.1651,32.25,31.6906,31.6906,7297.1729180686,0
ABE,D,20170210,000000,32.1651,32.1651,31.6574,31.7423,6566.084836108,0
ABE,D,20170213,000000,31.9962,31.9962,31.3185,31.7335,19639.995926793,0
ABE,D,20170214,000000,32.1564,32.1651,29.9048,29.9645,239327.39525542,0
ABE,D,20170215,000000,30.2182,30.472,28.3395,30.472,49650.019366145,0
ABE,D,20170216,000000,30.472,31.3861,30.472,31.3861,51336.091255166,0
ABE,D,20170217,000000,31.4035,31.4035,30.472,31.3947,3699.9910897971,0
ABE,D,20170220,000000,32.1564,32.3341,31.4456,31.7248,2840.9625934935,0
ABE,D,20170221,000000,30.6498,31.6906,30.4974,30.7172,70056.515453868,0
ABE,D,20170222,000000,30.887,30.887,30.1586,30.6331,27260.446856103,0
ABE,D,20170223,000000,30.6244,30.6244,30.0572,30.557,4482.4838025205,0
ABE,D,20170224,000000,30.5141,30.5141,30.1333,30.3785,1698.6374654302,0
ABE,D,20170227,000000,30.2602,30.4633,30.0483,30.4633,2156.7098417836,0
ABE,D,20170228,000000,30.2602,30.2602,30.0572,30.2514,3608.6050795521,0
ABE,D,20170301,000000,30.472,31.0647,30.472,30.6576,41507.525853309,0
ABE,D,20170302,000000,30.472,32.1651,30.472,32.1651,117915.36901921,0
ABE,D,20170303,000000,32.292,32.292,31.4456,31.4456,2027.6271023124,0
ABE,D,20170306,000000,31.4456,31.7335,30.8958,30.8958,7234.3450360251,0
ABE,D,20170307,000000,30.6498,30.6498,30.3189,30.3451,5956.0832177222,0
ABE,D,20170308,000000,30.4301,30.9798,30.4301,30.8958,3514.9344190509,0
ABE,D,20170309,000000,30.9798,32.4181,30.9798,32.4181,8886.1471712047,0
ABE,D,20170310,000000,32.5031,33.2226,32.5031,32.8164,5676.2135613467,0
ABE,D,20170313,000000,32.6641,32.7569,32.5879,32.7148,991.53821115897,0
ABE,D,20170314,000000,32.5879,32.5879,32.5713,32.58,177.06039484982,0
ABE,D,20170315,000000,32.1651,32.5713,31.3684,32.5713,1810.5853279804,0
ABE,D,20170316,000000,32.5879,32.7148,32.5879,32.7148,9699.4826623858,0
ABE,D,20170317,000000,32.7148,32.7148,32.1651,32.1651,35883.859247853,0
ABE,D,20170320,000000,32.0802,33.8485,32.0802,32.7744,12318.834181035,0
ABE,D,20170321,000000,33.2647,33.7723,32.5372,33.0108,5173.5905049988,0
ABE,D,20170322,000000,33.0528,33.0528,32.2071,32.3341,2355.4744140666,0
ABE,D,20170323,000000,32.5879,33.4344,32.3506,32.9863,1939.6680674515,0
ABE,D,20170324,000000,32.9257,32.9863,32.6719,32.7569,3259.0535903647,0
ABE,D,20170327,000000,32.9863,33.0029,32.25,32.6388,2892.3672242564,0
ABE,D,20170328,000000,32.9863,32.9863,32.6719,32.6719,1222.2878870278,0
ABE,D,20170329,000000,32.9101,32.9101,32.376,32.5031,1106.9130490934,0
ABE,D,20170330,000000,32.7148,32.7148,32.173,32.4181,1511.2961444278,0
ABE,D,20170331,000000,32.25,32.25,32.1475,32.1651,6302.2077315254,0
ABE,D,20170403,000000,31.9962,32.1651,31.6153,32.1564,1608.3937803132,0
ABE,D,20170404,000000,32.1475,32.1475,29.8374,31.7248,4351.1164127932,0
ABE,D,20170405,000000,31.9366,32.1564,31.7423,31.7423,5499.1531664969,0
ABE,D,20170406,000000,31.7843,31.8176,31.3439,31.8176,1540.9965977574,0
ABE,D,20170407,000000,31.6994,31.7423,31.6994,31.6994,1796.8774264436,0
ABE,D,20170410,000000,31.3606,31.6994,31.3606,31.4035,835.0396686143,0
ABE,D,20170411,000000,31.4035,31.6574,31.4035,31.4875,669.40252504511,0
ABE,D,20170412,000000,31.4875,31.4875,31.2502,31.2502,701.38762863089,0
ABE,D,20170413,000000,31.5637,31.5637,31.0226,31.0226,287.86593227196,0
ABE,D,20170418,000000,30.9378,31.4456,30.9378,31.1497,427.22959789569,0
ABE,D,20170419,000000,31.1497,31.2844,30.9798,31.2844,592.86674146487,0
ABE,D,20170420,000000,31.2844,31.6223,30.7933,30.887,7292.6036175563,0
ABE,D,20170421,000000,30.8109,30.8958,30.7514,30.8958,1012.1000634641,0
ABE,D,20170424,000000,31.1068,31.1068,30.641,31.09,1390.2096808531,0
ABE,D,20170425,000000,30.9798,30.9798,30.599,30.641,488.91515481111,0
ABE,D,20170426,000000,30.641,30.8958,30.472,30.8276,1202.8683598507,0
ABE,D,20170427,000000,31.0471,31.0471,30.4974,30.8958,1425.621759823,0
ABE,D,20170428,000000,31.098,31.2924,31.098,31.2924,655.69462350835,0
ABE,D,20170502,000000,31.301,31.4456,31.301,31.3185,472.92260301822,0
ABE,D,20170504,000000,31.3185,31.4035,30.472,31.2766,2067.6084817946,0
ABE,D,20170505,000000,30.8958,30.8958,30.7514,30.8196,769.92713631469,0
ABE,D,20170508,000000,30.8196,31.0385,30.8109,30.8958,41518.94910459,0
ABE,D,20170509,000000,30.8616,31.0385,30.8529,31.0385,1571.8393762151,0
ABE,D,20170510,000000,31.3099,31.3099,31.0647,31.0647,360.97474046801,0
ABE,D,20170511,000000,31.0647,31.0647,30.5728,30.8109,637.41742145934,0
ABE,D,20170512,000000,30.7347,30.7347,30.3871,30.4301,1792.3081259314,0
ABE,D,20170515,000000,30.4458,30.4458,30.3031,30.3871,518.61560814075,0
ABE,D,20170516,000000,30.2349,30.2428,29.9645,29.981,446.64912507276,0
ABE,D,20170517,000000,29.7271,30.3871,29.3287,30.3871,98853.389607217,0
ABE,D,20170518,000000,30.3871,31.6994,29.9136,31.6994,4319.1313092075,0
ABE,D,20170519,000000,31.3185,31.3185,31.3185,31.3185,1641.521209027,0
ABE,D,20170522,000000,31.7423,31.7423,30.6244,30.6244,12530.164329727,0
ABE,D,20170523,000000,30.6157,30.6157,29.4732,29.7104,2951.7681309157,0
ABE,D,20170524,000000,30.2514,30.3031,29.7271,30.3031,1509.0114941717,0
ABE,D,20170525,000000,30.1333,30.3031,29.9889,29.9889,1715.7723423511,0
ABE,D,20170526,000000,30.0318,30.0318,29.3209,29.7192,2147.5712407591,0
ABE,D,20170529,000000,29.6169,29.6169,28.9479,29.0328,75252.952461428,0
ABE,D,20170530,000000,28.9479,29.363,28.7877,29.2868,38775.084146982,0
ABE,D,20170531,000000,29.3042,30.472,28.779,30.472,105318.94983206,0
ABE,D,20170601,000000,30.1333,30.1674,29.8707,30.1674,500.33840609174,0
ABE,D,20170602,000000,30.3276,30.3276,30.311,30.311,53.689281018977,0
ABE,D,20170605,000000,30.3031,30.3031,29.6255,30.2095,378.10961738896,0
ABE,D,20170606,000000,30.184,30.2007,29.735,30.2007,484.34585429885,0
ABE,D,20170607,000000,30.1333,30.1333,29.7945,29.7945,1851.7090325907,0
ABE,D,20170608,000000,30.1761,30.1761,29.6255,29.9645,8599.4235640608,0
ABE,D,20170609,000000,30.0912,30.2856,30.0912,30.1674,2772.4230858097,0
ABE,D,20170612,000000,30.1333,30.2602,29.9889,30.2602,191059.58929423,0
ABE,D,20170613,000000,30.3031,30.4546,30.0912,30.3031,24500.589346702,0
ABE,D,20170614,000000,30.3189,30.3189,30.1333,30.2182,2209.2567976745,0
ABE,D,20170616,000000,30.1586,30.472,30.1586,30.472,1616.3900562096,0
ABE,D,20170619,000000,30.472,30.472,30.0483,30.0483,161.06784305693,0
ABE,D,20170620,000000,30.0483,30.0483,30.0483,30.0483,649.98299786804,0
ABE,D,20170621,000000,30.2095,30.472,30.0483,30.3871,18647.315390506,0
ABE,D,20170622,000000,30.4458,30.4458,30.2602,30.2602,7107.5469468101,0
ABE,D,20170623,000000,30.2182,30.3031,30.2182,30.3031,43.408354866407,0
ABE,D,20170626,000000,30.3785,30.472,30.3451,30.4301,1170.8832562649,0
ABE,D,20170627,000000,30.3871,30.3959,30.3871,30.3959,506.05003173206,0
ABE,D,20170628,000000,30.3959,30.5141,30.3959,30.3959,13270.391012712,0
ABE,D,20170629,000000,30.5141,30.5141,30.3959,30.4379,78.82043383637,0
ABE,D,20170630,000000,30.4301,30.4301,29.8882,30.2602,576.87418967198,0
ABE,D,20170703,000000,29.8374,29.8374,29.3716,29.3716,934.42195475581,0
ABE,D,20170704,000000,29.3716,29.7104,29.3122,29.6255,3086.5624960271,0
ABE,D,20170705,000000,29.7271,29.7945,29.6255,29.6255,1912.252264378,0
ABE,D,20170706,000000,29.6255,29.6255,29.6255,29.6255,1198.2990593384,0
ABE,D,20170707,000000,29.8793,30.0483,29.8793,30.0483,106.23623690989,0
ABE,D,20170710,000000,30.0405,30.2095,30.0064,30.2095,239.8882768933,0
ABE,D,20170711,000000,30.2602,30.472,30.2602,30.3871,2326.916285865,0
ABE,D,20170712,000000,30.3871,30.6077,30.3871,30.6077,649.98299786804,0
ABE,D,20170713,000000,30.6077,31.2766,30.6077,31.2171,1125.1902511424,0
ABE,D,20170714,000000,31.1497,31.3185,30.8958,31.3185,1205.1530101068,0
ABE,D,20170717,000000,31.3099,31.3099,30.8109,31.3099,692.24902760638,0
ABE,D,20170718,000000,31.2337,31.2337,30.9798,31.1497,139.36366562373,0
ABE,D,20170719,000000,31.1068,31.301,31.1068,31.301,677.39880094156,0
ABE,D,20170720,000000,31.3099,31.3099,30.4039,30.472,977.83030962221,0
ABE,D,20170721,000000,30.472,30.472,30.0483,30.0483,734.51505734472,0
ABE,D,20170724,000000,30.0483,30.0483,29.8374,29.939,312.99708508935,0
ABE,D,20170725,000000,29.9645,29.9645,29.939,29.9645,336.98591277868,0
ABE,D,20170726,000000,29.9645,29.9645,29.643,29.643,431.79889840794,0
ABE,D,20170727,000000,29.6255,29.6255,29.4566,29.5835,471.78027789016,0
ABE,D,20170728,000000,29.6255,29.7945,29.6169,29.6675,3746.8264200477,0
ABE,D,20170731,000000,29.6255,29.6255,29.3716,29.3716,734.51505734472,0
ABE,D,20170801,000000,29.3716,29.4566,29.2019,29.4391,261.5924543265,0
ABE,D,20170802,000000,29.4391,29.4644,29.1179,29.4566,3208.7912847299,0
ABE,D,20170803,000000,29.3464,29.3464,27.0859,27.9324,3514.9344190509,0
ABE,D,20170804,000000,27.9324,28.5252,27.9324,28.2713,24313.2480257,0
ABE,D,20170807,000000,28.6775,29.1266,28.2713,29.0328,1055.5084183305,0
ABE,D,20170808,000000,29.3042,29.3042,29.0328,29.0328,11831.061351352,0
ABE,D,20170809,000000,29.2019,29.2019,28.0595,28.1014,1352.512951627,0
ABE,D,20170810,000000,28.0174,28.0174,27.5858,27.662,689.96437735025,0
ABE,D,20170811,000000,27.0859,27.0859,26.8488,26.9591,4487.0531030328,0
ABE,D,20170814,000000,26.2404,26.8574,26.2404,26.4093,3321.8814724082,0
ABE,D,20170816,000000,26.3244,27.493,26.2482,27.4414,2572.5161883986,0
ABE,D,20170817,000000,27.4501,28.2713,27.4414,27.4414,23363.975844279,0
ABE,D,20170818,000000,27.4588,27.4755,27.2383,27.2383,299.28918355259,0
ABE,D,20170821,000000,27.1281,27.5938,26.8243,27.5938,1419.9101341827,0
ABE,D,20170822,000000,27.382,27.5087,27.382,27.5087,6153.7054648772,0
ABE,D,20170823,000000,27.5087,27.7206,27.4755,27.7206,477.49190353047,0
ABE,D,20170824,000000,27.4755,28.2126,27.4755,28.2126,437.51052404826,0
ABE,D,20170825,000000,27.9324,27.9324,27.9324,27.9324,11.423251280633,0
ABE,D,20170828,000000,27.9237,27.9237,27.5938,27.5938,44.55067999447,0
ABE,D,20170829,000000,27.5087,27.9324,27.4755,27.9324,276.44268099133,0
ABE,D,20170830,000000,27.9237,27.9324,27.9159,27.9324,67.397182555737,0
ABE,D,20170831,000000,27.6786,27.7469,27.5087,27.7469,54.83160614704,0
ABE,D,20170901,000000,27.501,27.501,27.3232,27.4588,938.99125526806,0
ABE,D,20170904,000000,27.0859,27.4169,27.0859,27.4169,716.23785529571,0
ABE,D,20170905,000000,27.3994,27.3994,26.8488,27.0859,1166.3139557527,0
ABE,D,20170906,000000,27.036,27.0948,27.036,27.0859,330.1319620103,0
ABE,D,20170907,000000,27.0781,27.0781,25.3851,25.9348,5992.6376218202,0
ABE,D,20170908,000000,26.8321,26.8321,26.2228,26.2404,713.95320503958,0
ABE,D,20170911,000000,26.2404,26.2404,26.1554,26.1554,603.14766761744,0
ABE,D,20170912,000000,26.1554,26.1554,24.5297,24.5893,11098.830944263,0
ABE,D,20170913,000000,24.3355,24.7329,23.6579,23.6579,9185.4363547573,0
ABE,D,20170914,000000,23.6247,23.6247,22.6844,23.1081,3035.1578652643,0
ABE,D,20170915,000000,23.4636,23.4636,23.2176,23.3619,2658.1905730034,0
ABE,D,20170918,000000,23.3708,23.5564,23.2438,23.2596,3157.3866539671,0
ABE,D,20170919,000000,23.3533,23.3533,23.1081,23.1081,648.84067273997,0
ABE,D,20170920,000000,23.116,23.116,22.8533,22.871,691.10670247832,0
ABE,D,20170921,000000,22.871,23.2771,22.871,23.2771,450.07610045695,0
ABE,D,20170922,000000,23.1922,23.489,23.1922,23.3191,517.47328301269,0
ABE,D,20170925,000000,23.5309,24.4624,23.5309,23.7087,2440.0064735433,0
ABE,D,20170926,000000,23.9459,23.9459,23.2351,23.2351,558.59698762297,0
ABE,D,20170927,000000,23.4636,23.4636,22.9384,22.9384,1497.588242891,0
ABE,D,20170928,000000,22.9051,23.1081,22.8622,23.0652,1759.1806972175,0
ABE,D,20170929,000000,23.0652,23.0652,23.0565,23.0652,616.8555691542,0
ABE,D,20171002,000000,23.0652,23.1081,23.0565,23.1081,445.5067999447,0
ABE,D,20171003,000000,23.0906,23.0906,22.989,23.0486,493.48445532336,0
ABE,D,20171004,000000,23.0145,23.0232,22.871,23.0057,2121.2977628136,0
ABE,D,20171005,000000,22.9979,23.2438,22.947,23.0145,828.18571784592,0
ABE,D,20171006,000000,22.8963,22.9384,22.871,22.9051,499.19608096368,0
ABE,D,20171009,000000,22.9384,23.0232,22.9384,23.0232,533.46583480558,0
ABE,D,20171010,000000,23.0232,23.0232,23.0232,23.0232,472.92260301822,0
ABE,D,20171011,000000,22.9979,23.0232,22.8113,23.0232,2952.9104560437,0
ABE,D,20171012,000000,22.9638,23.0057,22.8377,23.0057,259.30780407038,0
ABE,D,20171013,000000,22.7948,22.7948,22.7868,22.7948,170.20644408144,0
ABE,D,20171016,000000,22.8533,23.0232,22.8533,22.9384,27038.835781259,0
ABE,D,20171017,000000,23.0145,23.0232,22.9558,22.9558,223.89572510041,0
ABE,D,20171018,000000,22.9216,22.9384,22.7528,22.8963,1223.4302121558,0
ABE,D,20171019,000000,22.4726,22.5321,22.2871,22.3457,2264.0884038215,0
ABE,D,20171020,000000,22.3544,22.5067,22.3544,22.5067,202.19154766721,0
ABE,D,20171023,000000,22.5154,22.6844,22.4726,22.6844,533.46583480558,0
ABE,D,20171024,000000,22.6844,22.6844,22.1767,22.1767,20889.699616894,0
ABE,D,20171025,000000,22.1338,22.1338,21.8212,21.8379,1869.9862346397,0
ABE,D,20171026,000000,21.7959,21.7959,21.2873,21.4142,9870.8314315953,0
ABE,D,20171027,000000,21.4913,22.2616,21.4571,22.2187,4375.1052404826,0
ABE,D,20171030,000000,22.1767,23.2771,22.1767,23.2771,2997.4611360382,0
ABE,D,20171031,000000,23.2684,23.2771,23.1922,23.2771,1559.2737998064,0
ABE,D,20171102,000000,22.6424,23.1502,22.6424,22.9558,342.697538419,0
ABE,D,20171103,000000,22.8533,23.0145,22.8533,22.989,94.812985629257,0
ABE,D,20171106,000000,22.989,22.989,22.8456,22.9384,480.91887891466,0
ABE,D,20171107,000000,22.8201,22.8533,22.6258,22.6258,843.03594451074,0
ABE,D,20171108,000000,22.7868,22.7868,22.3299,22.6591,1049.7967926902,0
ABE,D,20171109,000000,22.6591,22.6591,22.4306,22.4306,154.21389228855,0
ABE,D,20171110,000000,22.4218,22.4218,22.0068,22.0068,428.37192302375,0
ABE,D,20171113,000000,22.0156,22.0244,22.0068,22.0068,784.77736297951,0
ABE,D,20171114,000000,22.0918,22.3457,22.083,22.3457,396.38681943798,0
ABE,D,20171115,000000,22.3369,22.3369,22.1338,22.3299,206.76084817946,0
ABE,D,20171116,000000,22.3299,22.3457,22.1425,22.3457,699.10297837476,0
ABE,D,20171117,000000,22.3457,22.4306,22.3369,22.4306,193.0529466427,0
ABE,D,20171120,000000,22.5575,23.0145,22.5575,23.0145,5959.5101931064,0
ABE,D,20171121,000000,22.947,23.0232,22.8533,23.0145,991.53821115897,0
ABE,D,20171122,000000,22.8533,24.6568,22.8533,24.0816,5041.0807901435,0
ABE,D,20171123,000000,24.4624,26.0871,24.1656,25.0121,5093.6277460344,0
ABE,D,20171124,000000,25.5628,25.7991,25.2239,25.6048,2983.7532345014,0
ABE,D,20171127,000000,25.5628,25.8753,25.5453,25.8753,2190.9795956255,0
ABE,D,20171128,000000,26.1046,26.1046,25.8246,26.0451,1636.9519085148,0
ABE,D,20171129,000000,25.9094,25.9094,25.182,25.5628,11721.398139058,0
ABE,D,20171130,000000,25.3938,25.8167,25.3938,25.8167,1458.7491885369,0
ABE,D,20171201,000000,25.7318,26.0871,25.7318,26.0617,555.17001223878,0
ABE,D,20171204,000000,26.0538,27.0859,25.8332,27.001,2180.6986694729,0
ABE,D,20171205,000000,26.9931,27.036,26.8321,27.0099,7866.0508318441,0
ABE,D,20171206,000000,27.0693,27.0859,26.8917,27.0859,1858.562983359,0
ABE,D,20171207,000000,27.4843,27.4843,26.8742,27.3144,10029.614624396,0
ABE,D,20171208,000000,27.17,27.4249,27.1281,27.4249,2878.6593227196,0
ABE,D,20171211,000000,27.3398,27.4249,26.5783,26.5783,1063.504694227,0
ABE,D,20171212,000000,26.3673,26.4933,26.3673,26.4933,76.535783580243,0
ABE,D,20171213,000000,26.4513,26.7892,26.4172,26.7892,486.63050455498,0
ABE,D,20171214,000000,26.7892,26.7892,25.8167,25.9435,510.61933224431,0
ABE,D,20171215,000000,25.9689,25.9689,25.2152,25.2152,459.21470148146,0
ABE,D,20171218,000000,25.1058,25.1058,24.5981,24.5981,673.97182555737,0
ABE,D,20171219,000000,24.5473,24.5893,24.5473,24.5473,14248.221322334,0
ABE,D,20171220,000000,24.6314,24.6742,24.4624,24.5473,35919.271326823,0
ABE,D,20171221,000000,24.5473,24.894,24.4791,24.5473,432.941223536,0
ABE,D,20171222,000000,24.7163,24.7163,24.4712,24.5552,12450.201570762,0
ABE,D,20171227,000000,24.4624,24.4791,23.7087,23.7087,1683.7872387654,0
ABE,D,20171228,000000,23.7008,24.7163,23.4128,24.7163,2246.9535269006,0
ABE,D,20171229,000000,24.8344,26.0022,24.8344,26.0022,1344.5166757305,0
ABE,D,20180103,000000,25.9015,25.9015,25.7318,25.7318,178.20271997788,0
ABE,D,20180104,000000,25.7318,25.9865,25.7318,25.7318,69608.724003667,0
ABE,D,20180105,000000,25.6477,25.6477,25.309,25.3938,443.22214968857,0
ABE,D,20180108,000000,25.3938,25.3938,25.2239,25.3938,9329.3693208932,0
ABE,D,20180109,000000,25.3938,25.3938,25.309,25.3938,649.98299786804,0
ABE,D,20180110,000000,25.3938,25.3938,24.9701,24.9701,2448.0027494397,0
ABE,D,20180111,000000,24.8853,24.8853,24.8012,24.8012,459.21470148146,0
ABE,D,20180112,000000,24.7163,25.309,24.7163,25.309,1009.815413208,0
ABE,D,20180115,000000,25.3938,25.3938,25.14,25.14,1106.9130490934,0
ABE,D,20180116,000000,25.14,25.7318,25.055,25.7318,45579.914934855,0
ABE,D,20180117,000000,25.7318,26.5783,25.7318,26.5783,92018.858366014,0
ABE,D,20180118,000000,26.3244,26.4933,26.3244,26.4933,437.51052404826,0
ABE,D,20180119,000000,26.4093,27.9324,26.4093,27.0859,85768.055265251,0
ABE,D,20180122,000000,27.5087,27.7627,27.5087,27.6786,10637.331592526,0
ABE,D,20180123,000000,27.6786,28.4402,27.6786,28.4402,1795.7351013156,0
ABE,D,20180124,000000,28.6941,28.6941,27.7627,28.3553,881.87499886489,0
ABE,D,20180125,000000,28.1863,28.2713,28.1014,28.1014,107.37856203795,0
ABE,D,20180126,000000,27.8476,27.8476,27.5938,27.5938,443.22214968857,0
ABE,D,20180129,000000,27.6786,27.6786,25.5628,26.8321,3231.6377872912,0
ABE,D,20180130,000000,26.8321,26.9162,26.7472,26.7472,143.93296613598,0
ABE,D,20180131,000000,26.7472,26.7472,26.7472,26.7472,3.42697538419,0
ABE,D,20180201,000000,26.8321,27.0859,26.7472,26.7472,10.28092615257,0
ABE,D,20180202,000000,26.7472,26.7472,26.7472,26.7472,20.56185230514,0
ABE,D,20180205,000000,26.6623,26.6623,26.4093,26.4093,469.49562763403,0
ABE,D,20180206,000000,25.7318,25.7318,24.5473,24.8853,1416.4831587985,0
ABE,D,20180207,000000,24.6314,24.9701,24.6314,24.9701,269.58873022295,0
ABE,D,20180208,000000,25.14,25.14,24.2085,24.4624,3315.0275216398,0
ABE,D,20180209,000000,24.0387,24.2926,23.6159,24.0387,1574.1240264713,0
ABE,D,20180212,000000,23.9546,24.5473,23.9546,24.5473,1798.0197515717,0
ABE,D,20180213,000000,24.5473,24.7163,24.2926,24.3775,519.75793326882,0
ABE,D,20180214,000000,24.3775,24.3775,24.1236,24.2085,752.79225939374,0
ABE,D,20180215,000000,24.3775,24.5473,24.2926,24.5473,1989.9303730863,0
ABE,D,20180216,000000,24.8012,24.8012,24.2085,24.2085,197.62224715496,0
ABE,D,20180219,000000,24.3775,24.8012,24.3775,24.8012,375.82496713284,0
ABE,D,20180220,000000,24.3775,24.6314,24.3775,24.6314,22.846502561267,0
ABE,D,20180221,000000,24.5473,24.5473,24.4624,24.4624,35.412078969963,0
ABE,D,20180222,000000,24.3775,24.3775,24.2926,24.2926,22.846502561267,0
ABE,D,20180223,000000,24.2926,24.2926,24.0387,24.2085,683.11042658187,0
ABE,D,20180226,000000,24.2085,24.4624,24.2085,24.4624,190.76829638658,0
ABE,D,20180227,000000,24.3775,24.4624,24.2085,24.2926,239.8882768933,0
ABE,D,20180228,000000,24.3775,24.3775,24.2085,24.2926,576.87418967198,0
ABE,D,20180301,000000,24.2926,24.5473,24.2926,24.5473,1489.5919669946,0
ABE,D,20180302,000000,24.2926,24.2926,24.2926,24.2926,123.37111383084,0
ABE,D,20180305,000000,24.1236,24.1236,23.6159,23.6159,2298.3581576634,0
ABE,D,20180306,000000,23.6159,23.7008,23.6159,23.7008,820.18944194947,0
ABE,D,20180307,000000,24.0387,24.0387,23.9546,24.0387,110.80553742214,0
ABE,D,20180308,000000,24.0387,24.0387,23.2771,23.3619,1082.924221404,0
ABE,D,20180309,000000,23.5309,23.5309,23.2771,23.2771,519.75793326882,0
ABE,D,20180312,000000,23.2771,23.9546,23.2771,23.9546,148.50226664823,0
ABE,D,20180313,000000,23.9546,23.9546,23.7008,23.7008,407.81007071861,0
ABE,D,20180314,000000,23.7008,23.7008,23.3619,23.3619,671.68717530124,0
ABE,D,20180315,000000,23.2771,23.2771,22.7694,22.7694,455.78772609727,0
ABE,D,20180316,000000,22.7694,22.7694,21.9228,22.2616,4415.0866199648,0
ABE,D,20180319,000000,22.3457,22.3457,22.1767,22.1767,637.41742145934,0
ABE,D,20180320,000000,22.2616,22.2616,21.9228,21.9228,944.70288090838,0
ABE,D,20180321,000000,21.9228,22.1767,21.9228,22.1767,1416.4831587985,0
ABE,D,20180322,000000,22.2616,22.5995,22.0068,22.0068,1241.7074142048,0
ABE,D,20180323,000000,22.0068,22.3457,22.0068,22.3457,1956.8029443725,0
ABE,D,20180326,000000,22.3457,22.3457,22.0068,22.3457,171.3487692095,0
ABE,D,20180327,000000,22.2616,22.2616,22.0918,22.1767,1249.7036901013,0
ABE,D,20180328,000000,22.0068,22.0918,21.8379,22.0918,792.77363887595,0
ABE,D,20180329,000000,21.8379,22.0068,21.8379,22.0068,277.58500611939,0
ABE,D,20180403,000000,21.9228,21.9228,21.4142,21.4142,249.02687791781,0
ABE,D,20180404,000000,21.584,21.584,21.4142,21.4142,135.93669023954,0
ABE,D,20180405,000000,21.4142,21.4142,21.2454,21.2454,586.01279069649,0
ABE,D,20180406,000000,21.2454,21.2454,20.9065,20.9065,276.44268099133,0
ABE,D,20180409,000000,21.0764,21.0764,20.2307,20.2307,2693.6026519733,0
ABE,D,20180410,000000,20.1458,20.5686,20.1458,20.5686,926.42567885936,0
ABE,D,20180411,000000,20.6526,20.6526,20.3147,20.3147,2550.8120109654,0
ABE,D,20180412,000000,20.3147,20.3996,20.1458,20.3996,436.36819892019,0
ABE,D,20180413,000000,20.3996,20.4846,20.3147,20.3147,1604.966804929,0
ABE,D,20180416,000000,20.3996,20.4846,20.3996,20.4846,555.17001223878,0
ABE,D,20180417,000000,20.6526,20.6526,19.4682,19.553,16725.924525103,0
ABE,D,20180418,000000,19.2993,19.892,19.2993,19.892,4557.8772609727,0
ABE,D,20180419,000000,19.8069,19.9759,19.8069,19.9759,13637.07737882,0
ABE,D,20180420,000000,20.0608,21.753,20.0608,20.7375,14601.199786906,0
ABE,D,20180423,000000,21.0764,22.0068,21.0764,22.0068,17239.970832732,0
ABE,D,20180424,000000,22.0068,22.0068,21.3302,22.0068,6454.1369735578,0
ABE,D,20180425,000000,21.9228,21.9228,21.4142,21.9228,1522.7193957084,0
ABE,D,20180426,000000,21.9228,21.9228,21.4992,21.4992,1162.8869803685,0
ABE,D,20180427,000000,21.584,21.753,21.1603,21.584,2393.1711432927,0
ABE,D,20180430,000000,21.584,21.584,21.1603,21.584,360.97474046801,0
ABE,D,20180502,000000,21.584,21.584,21.0764,21.0764,1329.6664490657,0
ABE,D,20180504,000000,21.0764,21.584,20.9914,21.584,3171.0945555038,0
ABE,D,20180507,000000,21.4142,21.4992,21.1603,21.1603,548.3160614704,0
ABE,D,20180508,000000,21.1603,21.1603,20.7375,21.1603,856.7438460475,0
ABE,D,20180509,000000,20.9065,20.9065,20.7375,20.9065,2020.773151544,0
ABE,D,20180510,000000,20.7375,20.8225,20.6526,20.6526,769.92713631469,0
ABE,D,20180511,000000,20.6526,20.7375,20.3147,20.6526,726.51878144828,0
ABE,D,20180514,000000,20.7375,20.7375,20.1458,20.3147,29885.510000393,0
ABE,D,20180515,000000,19.4682,19.722,19.1295,19.2993,75987.467518773,0
ABE,D,20180516,000000,19.2993,19.2993,18.5376,18.7066,20615.541586159,0
ABE,D,20180517,000000,18.7066,19.0454,18.6216,19.0454,970.97635885383,0
ABE,D,20180518,000000,19.0454,19.1295,19.0454,19.1295,27314.136137122,0
ABE,D,20180521,000000,18.9605,19.0454,18.7066,19.0454,2016.2038510318,0
ABE,D,20180522,000000,19.0454,19.0454,18.9605,18.9605,265.01942971069,0
ABE,D,20180523,000000,18.8754,18.9605,17.7751,18.4528,7383.9896278014,0
ABE,D,20180524,000000,18.4528,18.4528,18.4528,18.4528,194.19527177077,0
ABE,D,20180525,000000,18.5376,18.6216,18.4528,18.4528,2858.0974704145,0
ABE,D,20180528,000000,18.4528,18.5376,18.4528,18.5376,367.82869123639,0
ABE,D,20180529,000000,18.5376,18.6216,18.5376,18.5376,541.46211070202,0
ABE,D,20180530,000000,18.5376,18.6216,18.4528,18.4528,3420.1214334216,0
ABE,D,20180601,000000,18.4528,18.6216,18.4528,18.6216,2.2846502561267,0
ABE,D,20180604,000000,18.4528,18.4528,18.1139,18.1139,1450.7529126404,0
ABE,D,20180605,000000,17.945,17.945,17.6902,17.7751,5272.9727911403,0
ABE,D,20180606,000000,18.029,18.029,17.7751,17.8601,3906.7519379766,0
ABE,D,20180607,000000,17.945,18.2829,17.945,18.1988,845.32059476687,0
ABE,D,20180608,000000,18.3678,18.3678,18.2829,18.2829,897.86755065778,0
ABE,D,20180611,000000,18.2829,18.2829,18.1988,18.1988,421.51797225537,0
ABE,D,20180612,000000,18.1988,18.1988,18.1988,18.1988,33.127428713837,0
ABE,D,20180613,000000,18.1988,18.2829,18.1988,18.2829,1735.1918695282,0
ABE,D,20180614,000000,18.1988,18.3678,18.1988,18.3678,71.96648306799,0
ABE,D,20180615,000000,18.3678,18.4528,18.3678,18.4528,266.16175483876,0
ABE,D,20180618,000000,18.3678,18.3678,18.1139,18.3678,188.48364613045,0
ABE,D,20180619,000000,18.1139,18.2829,18.1139,18.2829,253.59617843006,0
ABE,D,20180620,000000,18.2829,18.4528,18.2829,18.4528,2.2846502561267,0
ABE,D,20180621,000000,18.3678,18.3678,18.3678,18.3678,2.2846502561267,0
ABE,D,20180622,000000,18.3678,18.3678,17.945,17.945,2522.2538827638,0
ABE,D,20180625,000000,17.945,17.945,17.945,17.945,67.397182555737,0
ABE,D,20180626,000000,17.945,17.945,17.6902,17.6902,41.12370461028,0
ABE,D,20180627,000000,17.6902,17.6902,17.6902,17.6902,63.970207171547,0
ABE,D,20180628,000000,17.7751,17.7751,17.0135,17.0135,10657.893444831,0
ABE,D,20180629,000000,17.1824,17.1824,16.5478,16.6328,13284.098914248,0
ABE,D,20180702,000000,16.5478,16.6747,16.5478,16.6747,830.47036810204,0
ABE,D,20180703,000000,16.5899,16.6747,16.5899,16.6328,283.29663175971,0
ABE,D,20180704,000000,16.6328,16.6747,16.4209,16.4209,2125.8670633259,0
ABE,D,20180705,000000,16.5899,16.5899,16.0821,16.0821,3383.5670293236,0
ABE,D,20180706,000000,16.167,16.167,15.7013,15.7013,1790.0234756752,0
ABE,D,20180709,000000,15.7013,15.8703,15.6593,15.7433,156.49854254468,0
ABE,D,20180710,000000,15.7433,15.9132,15.7433,15.9132,1015.5270388483,0
ABE,D,20180711,000000,15.9132,15.9132,15.6593,15.9132,82.24740922056,0
ABE,D,20180712,000000,16.1242,16.1242,15.8282,15.8282,774.49643682694,0
ABE,D,20180713,000000,15.7433,15.7433,15.7433,15.7433,165.63714356918,0
ABE,D,20180716,000000,15.8282,15.8282,15.6164,15.6164,37.69672922609,0
ABE,D,20180717,000000,15.8282,15.8282,15.6593,15.8282,797.34293938821,0
ABE,D,20180718,000000,15.8282,15.8282,15.7013,15.7013,59.400906659293,0
ABE,D,20180719,000000,15.8282,15.8282,15.5743,15.5743,1251.9883403574,0
ABE,D,20180720,000000,15.5743,15.5743,15.2355,15.2355,140558.53770768,0
ABE,D,20180723,000000,15.2355,15.2777,15.1507,15.1507,886.44429937715,0
ABE,D,20180724,000000,15.1936,15.8282,15.1936,15.8282,1255.4153157416,0
ABE,D,20180725,000000,15.8282,15.9552,15.8282,15.9132,2573.6585135267,0
ABE,D,20180726,000000,15.9132,16.5899,15.5743,15.6593,9491.5794890782,0
ABE,D,20180727,000000,15.6593,15.8703,15.4895,15.6164,1742.0458202966,0
ABE,D,20180730,000000,15.7013,15.7013,15.3206,15.4895,5315.2388208787,0
ABE,D,20180731,000000,15.4045,15.7433,15.3626,15.7433,3877.051484647,0
ABE,D,20180801,000000,15.7433,15.7433,15.4895,15.4895,1564.9854254468,0
ABE,D,20180802,000000,15.4895,15.4895,15.4045,15.4045,86.816709732813,0
ABE,D,20180803,000000,15.4895,15.6593,15.4895,15.6593,3417.8367831655,0
ABE,D,20180806,000000,15.6593,16.9286,15.6593,16.7597,3799.3733759386,0
ABE,D,20180807,000000,17.2674,17.4364,16.6747,16.9286,15853.188127263,0
ABE,D,20180808,000000,16.9286,17.0985,16.8437,16.8437,3430.4023595742,0
ABE,D,20180809,000000,16.8437,17.4364,16.8437,17.4364,3196.2257083212,0
ABE,D,20180810,000000,17.5213,18.1988,17.5213,18.029,3088.8471462833,0
ABE,D,20180813,000000,18.2829,18.2829,17.6902,17.7751,165.63714356918,0
ABE,D,20180814,000000,17.7751,17.945,17.7751,17.7751,9893.6779341565,0
ABE,D,20180816,000000,17.7751,17.7751,17.7751,17.7751,118.80181331859,0
ABE,D,20180817,000000,17.8601,18.1988,17.8601,18.1988,443.22214968857,0
ABE,D,20180820,000000,18.1988,18.1988,17.7751,17.945,31086.093709987,0
ABE,D,20180821,000000,18.3678,18.3678,17.1824,17.2674,2214.9684233148,0
ABE,D,20180822,000000,17.1824,17.1824,17.0985,17.0985,153.07156716049,0
ABE,D,20180823,000000,17.0135,17.2674,17.0135,17.0985,1183.4488326736,0
ABE,D,20180824,000000,17.2674,17.2674,17.1824,17.1824,844.1782696388,0
ABE,D,20180827,000000,17.2674,17.2674,17.0985,17.1824,199.90689741108,0
ABE,D,20180828,000000,17.2674,17.2674,17.1824,17.1824,54.83160614704,0
ABE,D,20180829,000000,17.2674,17.2674,16.8437,16.8437,2845.5318940058,0
ABE,D,20180830,000000,16.9286,16.9286,16.8437,16.8437,177.06039484982,0
ABE,D,20180831,000000,16.8437,16.8437,16.0821,16.3359,2981.4685842453,0
ABE,D,20180903,000000,16.251,16.3788,16.251,16.3788,431.79889840794,0
ABE,D,20180904,000000,16.2091,16.3788,16.0401,16.0821,1798.0197515717,0
ABE,D,20180905,000000,16.0821,16.0821,15.7433,15.7862,3854.2049820857,0
ABE,D,20180906,000000,16.0821,16.0821,15.9972,16.0401,436.36819892019,0
ABE,D,20180907,000000,16.0401,16.0401,15.5743,15.6593,1272.5501926626,0
ABE,D,20180910,000000,15.6593,15.7433,15.4045,15.7433,42560.749621384,0
ABE,D,20180911,000000,15.6593,16.6747,15.6593,16.167,2692.4603268453,0
ABE,D,20180912,000000,16.1242,16.5058,16.0821,16.5058,3678.2869123639,0
ABE,D,20180913,000000,16.5058,16.5058,16.0821,16.5058,68388.720766896,0
ABE,D,20180914,000000,16.3359,16.3359,16.3359,16.3359,643.12904709966,0
ABE,D,20180917,000000,16.0821,16.3788,16.0821,16.251,1495.3035926349,0
ABE,D,20180918,000000,16.3359,16.4629,16.251,16.4629,143.93296613598,0
ABE,D,20180919,000000,16.4629,16.7597,16.4629,16.7597,875.02104809651,0
ABE,D,20180920,000000,16.6328,17.0985,16.6328,17.0985,4869.732020934,0
ABE,D,20180921,000000,17.0985,17.2674,16.9286,16.9286,2264.0884038215,0
ABE,D,20180924,000000,17.0135,17.0135,16.5478,16.7597,653.40997325223,0
ABE,D,20180925,000000,16.5058,17.1824,16.5058,17.1824,4017.5574753987,0
ABE,D,20180926,000000,17.1824,17.2674,17.1824,17.2674,1103.4860737092,0
ABE,D,20180927,000000,17.2674,17.2674,17.2674,17.2674,1382.2134049566,0
ABE,D,20180928,000000,17.2674,17.3524,17.1824,17.1824,1800.3044018278,0
ABE,D,20181001,000000,17.2674,17.2674,17.0135,17.0135,372.39799174865,0
ABE,D,20181002,000000,17.0135,17.0135,16.8437,16.8437,2548.5273607093,0
ABE,D,20181003,000000,16.8437,16.8437,16.4209,16.8437,9785.1570469905,0
ABE,D,20181004,000000,16.8437,16.8437,16.7168,16.7597,1113.7669998617,0
ABE,D,20181005,000000,16.7597,16.7597,16.4209,16.5899,283.29663175971,0
ABE,D,20181008,000000,16.4209,16.8866,16.4209,16.5899,717.38018042377,0
ABE,D,20181010,000000,16.6747,17.0135,16.6747,16.9286,4115.7974364122,0
ABE,D,20181011,000000,16.2939,16.9286,16.2939,16.6747,997.24983679929,0
ABE,D,20181012,000000,16.6747,16.6747,16.5478,16.5899,549.45838659846,0
ABE,D,20181015,000000,17.0985,17.0985,16.5899,16.7597,1630.0979577464,0
ABE,D,20181016,000000,16.7597,16.7597,16.6747,16.6747,59.400906659293,0
ABE,D,20181017,000000,16.7597,17.2674,16.7597,17.2674,23312.571213517,0
ABE,D,20181018,000000,17.1824,17.1824,17.0135,17.0135,325.56266149805,0
ABE,D,20181019,000000,17.0135,17.2674,16.6747,17.0985,179.34504510594,0
ABE,D,20181022,000000,16.8866,17.1824,16.8866,16.9286,1193.7297588262,0
ABE,D,20181023,000000,17.0135,17.1824,16.5478,16.7168,327.84731175418,0
ABE,D,20181024,000000,16.7168,17.0135,16.7168,17.0135,35.412078969963,0
ABE,D,20181025,000000,16.9286,16.9286,16.9286,16.9286,17.13487692095,0
ABE,D,20181026,000000,16.5058,16.5899,16.2939,16.5899,71.96648306799,0
ABE,D,20181029,000000,16.8866,16.8866,16.3359,16.5058,238.74595176524,0
ABE,D,20181030,000000,16.8437,16.8437,16.8437,16.8437,23.98882768933,0
ABE,D,20181031,000000,16.8437,16.8437,16.6747,16.8437,411.2370461028,0
ABE,D,20181102,000000,16.9286,16.9286,16.8437,16.8437,750.50760913761,0
ABE,D,20181105,000000,16.8437,16.8437,16.2939,16.8018,524.32723378107,0
ABE,D,20181106,000000,16.7597,16.8437,16.7597,16.8437,133.65203998341,0
ABE,D,20181107,000000,16.8437,16.8437,16.5899,16.8018,266.16175483876,0
ABE,D,20181108,000000,16.8437,16.8437,16.5899,16.8018,98.239961013447,0
ABE,D,20181109,000000,16.8437,16.8437,15.9132,16.4629,1909.9676141219,0
ABE,D,20181113,000000,15.9972,16.167,15.9132,15.9132,202.19154766721,0
ABE,D,20181114,000000,15.7862,16.0821,14.4748,14.7278,5275.2574413965,0
ABE,D,20181115,000000,14.5589,14.8547,14.3899,14.5589,5279.8267419087,0
ABE,D,20181116,000000,14.8547,15.0666,14.8119,15.0666,724.23413119215,0
ABE,D,20181119,000000,15.2355,15.2355,14.6438,14.6438,1026.9502901289,0
ABE,D,20181120,000000,14.5589,14.7278,14.4748,14.5589,2117.8707874294,0
ABE,D,20181121,000000,14.7278,14.8547,14.3899,14.8547,1025.8079650009,0
ABE,D,20181122,000000,14.9398,15.5743,14.7699,15.5743,2635.3440704421,0
ABE,D,20181123,000000,15.6164,15.7862,15.2355,15.3626,1502.1575434033,0
ABE,D,20181126,000000,15.8282,15.8282,15.0666,15.0666,3328.7354231766,0
ABE,D,20181127,000000,15.0666,15.1936,15.0666,15.1936,20653.238315385,0
ABE,D,20181128,000000,15.1936,15.1936,14.6438,14.8969,13430.316530641,0
ABE,D,20181129,000000,14.7278,15.1087,14.6438,15.1087,2160.1368171678,0
ABE,D,20181130,000000,14.8119,14.9817,14.6438,14.8119,2312.0660592002,0
ABE,D,20181203,000000,14.6858,14.6858,14.4319,14.5589,2003.6382746231,0
ABE,D,20181204,000000,14.5589,14.7699,14.3899,14.3899,5196.4370075601,0
ABE,D,20181205,000000,14.4319,14.6018,14.3899,14.4748,6841.3851919713,0
ABE,D,20181206,000000,14.5169,14.5589,14.4748,14.5589,354.12078969963,0
ABE,D,20181207,000000,14.5169,14.5589,14.3899,14.4319,1061.2200439708,0
ABE,D,20181210,000000,14.3479,14.4319,14.1361,14.2209,1673.5063126128,0
ABE,D,20181211,000000,14.3051,14.3479,14.0512,14.0512,1618.6747064657,0
ABE,D,20181212,000000,13.9662,13.9662,13.4585,13.4585,19366.980221186,0
ABE,D,20181213,000000,13.2895,13.5435,12.7388,13.2466,10066.169028494,0
ABE,D,20181214,000000,13.2466,13.4585,13.2046,13.4585,7089.269744761,0
ABE,D,20181217,000000,13.4585,13.4585,13.1627,13.1627,4163.7750917908,0
ABE,D,20181218,000000,13.1627,13.1627,12.7817,12.9508,6789.9805612085,0
ABE,D,20181219,000000,12.9088,12.9088,12.527,12.527,20653.238315385,0
ABE,D,20181220,000000,12.6969,12.9088,12.6969,12.8659,3715.98364159,0
ABE,D,20181221,000000,12.9508,13.4585,12.9508,13.3736,1786.5965002911,0
ABE,D,20181227,000000,13.7553,13.7553,13.1198,13.4165,9190.0056552695,0
ABE,D,20181228,000000,13.5435,13.7124,13.2895,13.4585,15866.8960288,0
ABE,D,20190102,000000,13.5014,13.5435,13.4165,13.5435,1697.4951403021,0
ABE,D,20190103,000000,13.5435,13.6704,13.5014,13.5435,4198.0448456327,0
ABE,D,20190104,000000,13.4585,13.6283,13.4585,13.5435,4709.8065030051,0
ABE,D,20190107,000000,13.6283,13.6704,13.4165,13.4585,6347.9007366479,0
ABE,D,20190108,000000,13.5014,13.6283,13.5014,13.6283,9439.0325331873,0
ABE,D,20190109,000000,13.6704,14.5169,13.6704,14.4748,13228.124982973,0
ABE,D,20190110,000000,14.5589,14.5589,14.3051,14.4748,29909.498828082,0
ABE,D,20190111,000000,14.3899,15.1936,14.3899,14.8119,33208.533797929,0
ABE,D,20190114,000000,15.1936,15.1936,14.8119,15.0666,3436.1139852145,0
ABE,D,20190115,000000,15.0666,15.9552,14.9817,15.7433,8005.4144974678,0
ABE,D,20190116,000000,15.8703,16.7168,15.8703,16.7168,33599.208991727,0
ABE,D,20190117,000000,16.7168,16.7168,16.2939,16.2939,2815.8314406761,0
ABE,D,20190118,000000,16.3359,16.5058,16.251,16.3359,958.41078244514,0
ABE,D,20190121,000000,16.3359,16.3359,16.0821,16.0821,1146.8944285756,0
ABE,D,20190122,000000,16.3359,16.3359,16.167,16.167,547.17373634234,0
ABE,D,20190123,000000,16.167,16.4209,16.1242,16.4209,363.25939072414,0
ABE,D,20190124,000000,16.2091,16.5058,16.2091,16.5058,1086.3511967882,0
ABE,D,20190125,000000,16.5058,16.5058,15.9972,16.0401,4035.8346774478,0
ABE,D,20190128,000000,16.0401,16.251,16.0401,16.0821,840.75129425461,0
ABE,D,20190129,000000,16.0821,16.251,16.0401,16.0401,1022.3809896167,0
ABE,D,20190130,000000,16.0821,16.1242,16.0821,16.1242,157.64086767274,0
ABE,D,20190131,000000,16.251,16.251,16.167,16.251,814.47781630916,0
ABE,D,20190201,000000,16.3359,16.5058,16.251,16.4629,1442.756636744,0
ABE,D,20190204,000000,16.5478,17.6902,16.5478,17.0985,5687.6368126273,0
ABE,D,20190205,000000,17.2674,18.1139,17.2674,17.6062,11401.5471032,0
ABE,D,20190206,000000,17.6902,17.6902,17.3524,17.4364,13176.720352211,0
ABE,D,20190207,000000,17.4364,17.6062,17.0985,17.6062,755.07690964986,0
ABE,D,20190208,000000,17.2674,17.2674,17.0985,17.0985,582.5858153123,0
ABE,D,20190211,000000,17.2674,17.2674,16.9286,16.9286,1607.2514551851,0
ABE,D,20190212,000000,17.0135,18.029,16.7597,18.029,2260.6614284373,0
ABE,D,20190213,000000,17.945,17.945,17.5213,17.5213,1360.5092275234,0
ABE,D,20190214,000000,17.1824,17.3524,16.8437,17.0985,1736.3341946563,0
ABE,D,20190215,000000,17.0985,17.1824,16.8437,17.0985,683.11042658187,0
ABE,D,20190218,000000,17.0985,17.6062,17.0985,17.6062,885.30197424908,0
ABE,D,20190219,000000,17.4364,17.6902,17.4364,17.6902,496.91143070755,0
ABE,D,20190220,000000,17.6902,17.6902,17.1824,17.4364,33068.027807177,0
ABE,D,20190221,000000,17.4364,17.4364,17.4364,17.4364,1264.5539167661,0
ABE,D,20190222,000000,17.4364,17.6062,17.2674,17.6062,268.44640509488,0
ABE,D,20190225,000000,17.6902,18.029,17.2674,17.2674,2477.7032027694,0
ABE,D,20190226,000000,17.0985,17.5213,17.0985,17.3524,467.2109773779,0
ABE,D,20190227,000000,17.0985,17.1824,16.7597,17.1824,2114.4438120452,0
ABE,D,20190228,000000,17.0985,17.5213,17.0985,17.0985,6199.3984699997,0
ABE,D,20190301,000000,17.1824,17.3524,17.1824,17.2674,1515.86544494,0
ABE,D,20190304,000000,17.3524,17.3524,17.0985,17.3524,586.01279069649,0
ABE,D,20190305,000000,17.6062,17.6062,16.0821,16.4209,4508.757280466,0
ABE,D,20190306,000000,16.3788,16.4209,16.251,16.251,1411.9138582863,0
ABE,D,20190307,000000,16.251,16.251,15.4045,15.8282,4608.1395666075,0
ABE,D,20190308,000000,15.8282,16.167,15.8282,16.167,631.70579581902,0
ABE,D,20190311,000000,16.1242,16.5478,16.0821,16.5478,12514.171777934,0
ABE,D,20190312,000000,16.6747,17.1824,16.6747,16.8866,5721.9065664692,0
ABE,D,20190313,000000,16.6328,16.8437,16.5478,16.8437,4793.1962373537,0
ABE,D,20190314,000000,16.8866,16.8866,16.6747,16.7597,9983.9216192735,0
ABE,D,20190315,000000,16.7597,17.2674,16.7597,17.2674,8566.2961353469,0
ABE,D,20190318,000000,17.4364,17.6902,17.0985,17.0985,2735.8686817117,0
ABE,D,20190319,000000,17.0985,17.0985,16.9286,17.0135,2626.2054694176,0
ABE,D,20190320,000000,17.1824,17.1824,16.9286,17.0135,990.39588603091,0
ABE,D,20190321,000000,17.0135,17.0135,16.9286,16.9286,1182.3065075455,0
ABE,D,20190322,000000,16.9286,17.0135,16.9286,16.9286,8011.1261231082,0
ABE,D,20190325,000000,16.9286,16.9286,16.8437,16.9286,2236.672600748,0
ABE,D,20190326,000000,16.9286,17.0985,16.8866,17.0985,261.5924543265,0
ABE,D,20190327,000000,16.9286,16.9286,16.9286,16.9286,59.400906659293,0
ABE,D,20190328,000000,16.9286,17.0135,16.9286,16.9286,2561.092937118,0
ABE,D,20190329,000000,16.9286,17.0135,16.6328,16.6328,2321.2046602247,0
ABE,D,20190401,000000,16.6328,16.6328,16.5058,16.5899,1120.6209506301,0
ABE,D,20190402,000000,16.5899,16.9286,16.5899,16.9286,14137.415784912,0
ABE,D,20190403,000000,17.0985,17.0985,16.8018,16.9286,4439.0754476541,0
ABE,D,20190404,000000,17.0135,17.0135,16.8437,16.9286,6013.1994741254,0
ABE,D,20190405,000000,16.9286,16.9286,16.9286,16.9286,108.52088716602,0
ABE,D,20190408,000000,17.0135,17.0135,16.9286,16.9286,4738.3646312067,0
ABE,D,20190409,000000,17.0135,17.0135,16.6328,16.6747,2334.9125617615,0
ABE,D,20190410,000000,16.5478,16.5899,16.5478,16.5899,257.02315381425,0
ABE,D,20190411,000000,16.5478,16.5899,16.5058,16.5058,1120.6209506301,0
ABE,D,20190412,000000,16.5899,16.6328,16.4209,16.6328,439.79517430438,0
ABE,D,20190415,000000,16.4209,16.4209,16.251,16.251,1350.2283013709,0
ABE,D,20190416,000000,16.3359,16.3359,16.0821,16.167,1048.6544675621,0
ABE,D,20190417,000000,16.167,16.3359,16.1242,16.1242,667.11787478899,0
ABE,D,20190418,000000,16.251,16.251,15.9132,15.9132,501.4807312198,0
ABE,D,20190423,000000,15.9132,15.9132,15.7433,15.7433,507.19235686012,0
ABE,D,20190424,000000,15.7433,15.7433,15.6164,15.7013,635.13277120321,0
ABE,D,20190425,000000,15.6164,15.8282,15.6164,15.7013,624.85184505064,0
ABE,D,20190426,000000,15.6593,16.1242,15.6593,16.1242,1377.6441044444,0
ABE,D,20190429,000000,16.0821,16.0821,15.8703,15.8703,4404.8056938122,0
ABE,D,20190430,000000,15.8703,15.8703,15.4895,15.4895,6192.5445192313,0
ABE,D,20190502,000000,15.3206,15.3206,15.3206,15.3206,799.62758964433,0
ABE,D,20190506,000000,15.3206,15.4474,15.2777,15.4474,18244.074620299,0
ABE,D,20190507,000000,15.4474,15.6164,15.2777,15.6164,748.22295888148,0
ABE,D,20190508,000000,15.2777,15.6164,15.2777,15.2777,776.78108708307,0
ABE,D,20190509,000000,15.2777,15.5314,15.2777,15.4045,7588.4658257247,0
ABE,D,20190510,000000,15.4895,15.4895,15.2777,15.4895,1498.7305680191,0
ABE,D,20190513,000000,15.3206,15.3626,15.0666,15.3206,5139.3207511569,0
ABE,D,20190514,000000,15.3206,15.3206,15.0666,15.0666,2845.5318940058,0
ABE,D,20190515,000000,15.0666,15.1507,14.8119,14.9398,11147.95092477,0
ABE,D,20190516,000000,14.9398,14.9398,14.3479,14.3479,4553.3079604604,0
ABE,D,20190517,000000,14.2209,14.2209,13.5014,13.5435,7499.3644657358,0
ABE,D,20190520,000000,13.5854,14.3479,13.3736,13.7553,4653.83257173,0
ABE,D,20190521,000000,13.9242,14.0512,13.1198,13.6704,45298.902953351,0
ABE,D,20190522,000000,13.5435,13.7124,13.2895,13.4585,6582.0773879009,0
ABE,D,20190523,000000,13.5435,13.5435,13.2046,13.3736,1930.529466427,0
ABE,D,20190524,000000,13.5014,13.5014,13.0356,13.4165,2304.0697833037,0
ABE,D,20190527,000000,13.4585,13.4585,13.0356,13.3316,1734.0495444001,0
ABE,D,20190528,000000,12.9928,13.3316,12.7817,12.9928,5001.0994106613,0
ABE,D,20190529,000000,12.9928,13.1627,12.6969,13.1627,4032.4077020636,0
ABE,D,20190530,000000,13.2046,13.2046,12.9508,12.9508,60.543231787357,0
ABE,D,20190531,000000,13.2046,13.4165,13.1627,13.2895,1692.9258397899,0
ABE,D,20190603,000000,13.4585,13.4585,13.0777,13.0777,806.48154041271,0
ABE,D,20190604,000000,13.0356,13.1627,12.7817,13.1627,4712.0911532612,0
ABE,D,20190605,000000,12.9088,13.0777,12.8239,13.0777,468.35330250597,0
ABE,D,20190606,000000,13.0777,13.0777,12.9088,12.9088,1313.6738972728,0
ABE,D,20190607,000000,13.0356,13.0356,12.7817,12.8659,1544.4235731416,0
ABE,D,20190610,000000,12.8659,13.0777,12.8659,13.0777,105.09391178183,0
ABE,D,20190611,000000,12.9508,13.0777,12.8239,12.9088,8372.1008635762,0
ABE,D,20190612,000000,13.1627,13.5014,13.1198,13.4585,2258.3767781812,0
ABE,D,20190613,000000,13.4585,14.5589,13.4585,14.3899,3906.7519379766,0
ABE,D,20190614,000000,14.5589,14.8119,14.3051,14.6018,876.16337322458,0
ABE,D,20190617,000000,14.3051,14.3479,14.2631,14.2631,721.94948093603,0
ABE,D,20190618,000000,14.1361,14.2631,14.1361,14.2631,142.79064100792,0
ABE,D,20190619,000000,14.3051,14.3051,14.1361,14.1361,1124.0479260143,0
ABE,D,20190621,000000,14.2209,14.2209,14.1361,14.1361,47.97765537866,0
ABE,D,20190624,000000,14.1361,14.1361,13.8822,13.8822,903.5791762981,0
ABE,D,20190625,000000,13.8822,13.8822,13.8393,13.8393,260.45012919844,0
ABE,D,20190626,000000,13.8822,13.8822,13.8822,13.8822,356.40543995576,0
ABE,D,20190627,000000,13.9662,14.3479,13.9662,14.2209,1110.3400244776,0
ABE,D,20190628,000000,14.4748,14.4748,14.4748,14.4748,17.13487692095,0
ABE,D,20190701,000000,14.4748,14.8119,14.4748,14.5589,5242.1300126826,0
ABE,D,20190702,000000,14.4748,14.4748,14.3479,14.3479,2052.7582551298,0
ABE,D,20190703,000000,14.3899,14.3899,14.3899,14.3899,22.846502561267,0
ABE,D,20190704,000000,14.2631,14.2631,13.9662,13.9662,1304.5352962483,0
ABE,D,20190705,000000,14.0512,14.2631,14.0512,14.2631,726.51878144828,0
ABE,D,20190708,000000,14.3051,14.3051,14.2209,14.2209,445.5067999447,0
ABE,D,20190709,000000,14.3479,14.3479,14.3479,14.3479,258.16547894231,0
ABE,D,20190710,000000,14.4319,15.4045,14.4319,15.2355,28518.146822101,0
ABE,D,20190711,000000,15.4474,15.4895,15.1507,15.4895,13221.271032205,0
ABE,D,20190712,000000,15.4895,15.4895,15.2777,15.4045,320.9933609858,0
ABE,D,20190715,000000,15.4895,15.4895,15.1507,15.2355,8921.5592501746,0
ABE,D,20190716,000000,15.8282,16.251,15.4895,16.251,12396.512289743,0
ABE,D,20190717,000000,15.9972,16.0821,15.6593,15.8282,4103.2318600035,0
ABE,D,20190718,000000,15.6593,15.7013,15.4045,15.7013,3831.3584795244,0
ABE,D,20190719,000000,15.7013,16.167,15.5314,16.167,16563.714356918,0
ABE,D,20190722,000000,16.167,16.4209,16.0401,16.3359,76548.349156652,0
ABE,D,20190723,000000,16.3359,16.6328,16.3359,16.6328,4023.2691010391,0
ABE,D,20190724,000000,16.6328,16.6328,16.4209,16.5478,835.0396686143,0
ABE,D,20190725,000000,16.4629,16.6328,15.6593,16.1242,5745.8953941586,0
ABE,D,20190726,000000,16.1242,16.167,15.7862,15.9132,36874.255133884,0
ABE,D,20190729,000000,15.9972,15.9972,15.4895,15.6593,3324.1661226643,0
ABE,D,20190730,000000,15.8282,15.8282,15.7433,15.7862,269.58873022295,0
ABE,D,20190731,000000,15.7862,16.3359,15.6593,16.167,5197.5793326882,0
ABE,D,20190801,000000,15.9972,16.0821,15.5743,15.7013,2698.1719524856,0
ABE,D,20190802,000000,15.7862,16.0821,15.7433,16.0821,7254.9068883302,0
ABE,D,20190805,000000,15.9132,15.9972,15.6593,15.7862,2100.7359105085,0
ABE,D,20190806,000000,15.7862,15.8282,15.6593,15.8282,759.64621016212,0
ABE,D,20190807,000000,15.8282,15.8282,15.6593,15.6593,273.01570560714,0
ABE,D,20190808,000000,15.6593,15.9132,15.4045,15.6593,635.13277120321,0
ABE,D,20190809,000000,15.8703,15.8703,15.4045,15.5743,1807.1583525962,0
ABE,D,20190812,000000,15.6164,15.6593,15.3206,15.6593,410.09472097474,0
ABE,D,20190813,000000,15.4045,15.6164,15.2355,15.6164,1840.28578131,0
ABE,D,20190814,000000,15.8282,15.8282,15.4045,15.5314,485.48817942692,0
ABE,D,20190816,000000,15.4895,15.5314,15.2777,15.5314,2675.3254499243,0
ABE,D,20190819,000000,15.3626,15.5743,15.3626,15.5743,418.09099687118,0
ABE,D,20190820,000000,15.5743,15.7862,15.5743,15.6593,592.86674146487,0
ABE,D,20190821,000000,15.8282,15.8703,15.6593,15.8282,479.7765537866,0
ABE,D,20190822,000000,15.5743,15.8703,15.5743,15.8703,360.97474046801,0
ABE,D,20190823,000000,15.8282,15.8282,15.6593,15.7433,213.61479894784,0
ABE,D,20190826,000000,15.4895,15.6593,15.2355,15.4895,1859.7053084871,0
ABE,D,20190827,000000,15.3626,15.9552,15.3626,15.7013,1899.6866879693,0
ABE,D,20190828,000000,15.7433,15.7433,15.6593,15.6593,4260.8727276762,0
ABE,D,20190829,000000,15.7862,15.7862,15.7862,15.7862,53.689281018977,0
ABE,D,20190830,000000,15.6593,15.6593,15.5314,15.5314,765.35783580243,0
ABE,D,20190902,000000,15.5314,15.5314,15.3206,15.4045,188.48364613045,0
ABE,D,20190903,000000,15.4895,15.7862,15.4895,15.7862,47894.265644311,0
ABE,D,20190904,000000,15.9132,15.9132,15.9132,15.9132,498.05375583561,0
ABE,D,20190905,000000,15.9132,15.9132,15.8282,15.8703,197.62224715496,0
ABE,D,20190906,000000,15.9132,15.9132,15.9132,15.9132,117.65948819052,0
ABE,D,20190909,000000,15.9552,15.9552,15.9132,15.9132,297.00453329647,0
ABE,D,20190910,000000,15.9132,15.9132,15.6593,15.6593,204.47619792334,0
ABE,D,20190911,000000,15.7433,15.7433,15.6593,15.6593,59.400906659293,0
ABE,D,20190912,000000,15.7433,15.8703,15.7433,15.8703,693.39135273444,0
ABE,D,20190913,000000,15.9132,16.0401,15.6593,15.9132,1527.2886962207,0
ABE,D,20190916,000000,15.9552,15.9552,15.9552,15.9552,117.65948819052,0
ABE,D,20190917,000000,15.9132,17.0985,15.6593,17.0985,14540.656555118,0
ABE,D,20190918,000000,17.7751,18.029,17.1824,17.1824,7911.7438369666,0
ABE,D,20190919,000000,17.0135,17.0135,16.5058,16.5058,1449.6105875124,0
ABE,D,20190920,000000,17.0985,17.0985,16.9286,16.9286,309.57010970516,0
ABE,D,20190923,000000,16.9286,16.9286,16.6328,16.7597,59296.95507264,0
ABE,D,20190924,000000,16.7597,16.7597,16.0821,16.3359,21340.918042479,0
ABE,D,20190925,000000,16.4629,16.5058,16.3788,16.4629,27949.268908326,0
ABE,D,20190926,000000,16.3788,16.6747,16.3359,16.6747,897.86755065778,0
ABE,D,20190927,000000,16.6747,16.6747,16.251,16.5478,4432.2214968857,0
ABE,D,20190930,000000,16.5478,16.6328,16.5478,16.6328,275.30035586326,0
ABE,D,20191001,000000,16.4629,16.4629,16.3788,16.4209,2129.2940387101,0
ABE,D,20191002,000000,16.6328,16.6328,16.251,16.4629,55660.934190014,0
ABE,D,20191003,000000,16.5058,16.8018,16.5058,16.8018,9838.8463280095,0
ABE,D,20191004,000000,16.8437,16.8437,16.8018,16.8018,94.812985629257,0
ABE,D,20191007,000000,16.8018,17.0135,16.6747,16.8437,8096.8005077129,0
ABE,D,20191008,000000,16.9286,17.2674,16.7597,17.2674,6835.673566331,0
ABE,D,20191009,000000,17.0985,17.0985,16.9286,17.0985,15583.59939704,0
ABE,D,20191010,000000,17.2674,17.5213,16.9286,17.0135,2917.4983770738,0
ABE,D,20191011,000000,17.1824,17.7751,17.1824,17.2674,3810.7966272193,0
ABE,D,20191014,000000,17.7751,17.7751,16.9286,16.9286,3711.4143410778,0
ABE,D,20191015,000000,17.0135,17.2674,16.7168,16.9286,8874.723919924,0
ABE,D,20191016,000000,16.9286,17.2674,16.9286,17.2674,1880.2671607922,0
ABE,D,20191017,000000,17.2674,17.6902,16.9286,17.6062,2105.3052110207,0
ABE,D,20191018,000000,17.3524,17.6062,17.2674,17.2674,4442.5024230383,0
ABE,D,20191021,000000,17.6062,17.6902,17.2674,17.5213,2369.1823156034,0
ABE,D,20191022,000000,17.4364,17.6062,17.3524,17.4364,3036.3001903923,0
ABE,D,20191023,000000,17.2674,17.6062,17.2674,17.5213,1502.1575434033,0
ABE,D,20191024,000000,17.3524,17.4364,16.9286,17.2674,4381.9591912509,0
ABE,D,20191025,000000,17.2674,17.2674,16.9286,17.1824,2008.2075751353,0
ABE,D,20191028,000000,17.0985,17.2674,16.9286,17.2674,6242.8068248661,0
ABE,D,20191029,000000,17.0135,17.0985,17.0135,17.0985,418.09099687118,0
ABE,D,20191030,000000,17.1824,17.1824,17.1824,17.1824,125.65576408697,0
ABE,D,20191031,000000,17.1824,17.1824,17.0135,17.0135,342.697538419,0
ABE,D,20191104,000000,17.0135,17.2674,17.0135,17.0135,1417.6254839266,0
ABE,D,20191105,000000,17.0985,17.2674,17.0135,17.0985,1393.6366562373,0
ABE,D,20191106,000000,17.1824,17.5213,17.0135,17.5213,3311.6005462556,0
ABE,D,20191107,000000,17.3524,17.3524,17.2674,17.3524,306.14313432097,0
ABE,D,20191108,000000,17.3524,17.3524,17.1824,17.1824,496.91143070755,0
ABE,D,20191112,000000,17.2674,17.4364,17.2674,17.2674,1295.3966952238,0
ABE,D,20191113,000000,17.2674,17.2674,17.0985,17.2674,1230.2841629242,0
ABE,D,20191114,000000,17.2674,17.3524,17.2674,17.3524,261.5924543265,0
ABE,D,20191115,000000,17.3524,17.5213,17.2674,17.2674,638.5597465874,0
ABE,D,20191118,000000,17.5213,18.8754,17.2674,17.7751,11561.472621129,0
ABE,D,20191119,000000,17.7751,18.029,17.5213,17.6062,4990.8184845087,0
ABE,D,20191120,000000,17.5213,17.5213,17.3524,17.4364,426.08727276762,0
ABE,D,20191121,000000,17.3524,18.3678,17.2674,18.3678,23391.391647353,0
ABE,D,20191122,000000,18.5376,19.2143,18.4528,19.2143,13393.762126543,0
ABE,D,20191125,000000,19.2143,19.722,19.2143,19.4682,3305.8889206153,0
ABE,D,20191126,000000,19.892,19.892,19.0454,19.0454,6968.1832811863,0
ABE,D,20191127,000000,19.4682,19.4682,18.8754,18.8754,2622.7784940334,0
ABE,D,20191128,000000,18.7066,19.1295,18.7066,19.1295,702.52995375895,0
ABE,D,20191129,000000,18.9605,19.3841,18.8754,19.1295,1334.235749578,0
ABE,D,20191202,000000,19.4682,19.892,19.3841,19.553,7076.7041683523,0
ABE,D,20191203,000000,19.722,20.3147,19.722,19.9759,3785.6654744019,0
ABE,D,20191204,000000,20.2307,20.3147,19.9759,19.9759,2232.1033002358,0
ABE,D,20191205,000000,20.0608,20.0608,19.9759,20.0608,4185.4792692241,0
ABE,D,20191206,000000,20.1458,20.5686,20.0608,20.4846,2909.5021011773,0
ABE,D,20191209,000000,20.4846,21.9228,20.4846,21.8379,10025.045323884,0
ABE,D,20191210,000000,21.9228,21.9228,21.4992,21.6689,1266.8385670222,0
ABE,D,20191211,000000,21.584,21.584,21.0764,21.584,13049.922262996,0
ABE,D,20191212,000000,21.584,22.4306,21.584,22.4306,6203.967770512,0
ABE,D,20191213,000000,22.7694,22.7694,22.2616,22.6844,5242.1300126826,0
ABE,D,20191216,000000,22.7694,22.8533,20.8225,22.0068,13081.907366581,0
ABE,D,20191217,000000,21.753,21.8379,21.1603,21.584,14343.034307963,0
ABE,D,20191218,000000,22.0068,22.0068,21.6689,21.8379,1166.3139557527,0
ABE,D,20191219,000000,22.0068,22.0068,21.9228,22.0068,2641.0556960824,0
ABE,D,20191220,000000,22.0068,22.0068,21.3302,21.4142,1843.7127566942,0
ABE,D,20191223,000000,21.2454,21.2454,20.7375,21.0764,4230.0299492185,0
ABE,D,20191227,000000,21.1603,21.584,21.1603,21.4992,1970.5108459092,0
ABE,D,20191230,000000,21.3302,21.8379,21.3302,21.8379,1766.0346479859,0
ABE,D,20200102,000000,21.8379,21.8379,21.4142,21.584,4586.4353891743,0
ABE,D,20200103,000000,21.6689,21.6689,21.4142,21.584,1631.2402828744,0
ABE,D,20200107,000000,21.9228,21.9228,20.6526,21.3302,3241.9187134437,0
ABE,D,20200108,000000,21.2454,21.2454,20.6526,20.6526,28100.05582523,0
ABE,D,20200109,000000,20.7375,20.9914,20.3147,20.8225,5302.67324447,0
ABE,D,20200110,000000,20.8225,20.9914,20.7375,20.9914,1660.9407362041,0
ABE,D,20200113,000000,20.9914,21.2454,19.892,20.2307,5749.3223695428,0
ABE,D,20200114,000000,20.3996,20.3996,19.4682,19.722,9966.7867423526,0
ABE,D,20200115,000000,19.8069,20.9914,19.4682,20.8225,60757.988911433,0
ABE,D,20200116,000000,20.9065,21.584,20.9065,21.4992,45736.4134774,0
ABE,D,20200117,000000,21.4992,21.753,21.1603,21.6689,2516.5422571235,0
ABE,D,20200120,000000,22.0068,22.4306,21.753,21.9228,6569.5118114922,0
ABE,D,20200121,000000,22.2616,22.2616,21.1603,21.2454,3652.0134344185,0
ABE,D,20200122,000000,21.2454,22.0068,21.2454,22.0068,5330.0890475435,0
ABE,D,20200123,000000,22.1767,22.3457,21.9228,22.2616,2165.8484428081,0
ABE,D,20200124,000000,22.0068,22.4306,22.0068,22.4306,2096.1666099962,0
ABE,D,20200127,000000,22.0068,22.0068,21.6689,21.9228,2168.1330930642,0
ABE,D,20200128,000000,21.753,22.0068,21.4992,21.753,1655.2291105638,0
ABE,D,20200129,000000,21.753,22.1767,21.584,21.584,1440.4719864879,0
ABE,D,20200130,000000,21.584,21.6689,20.4846,21.1603,4817.1850650431,0
ABE,D,20200131,000000,20.9914,21.1603,20.3996,21.1603,3945.5909923308,0
ABE,D,20200203,000000,20.9914,21.0764,20.6526,20.9914,1122.9056008863,0
ABE,D,20200204,000000,21.0764,21.0764,20.6526,21.0764,2780.4193617062,0
ABE,D,20200205,000000,20.8225,20.9065,20.2307,20.2307,7744.9643682694,0
ABE,D,20200206,000000,20.2307,20.6526,20.2307,20.6526,942.41823065225,0
ABE,D,20200207,000000,20.6526,20.6526,20.2307,20.5686,645.41369735578,0
ABE,D,20200210,000000,20.4846,20.6526,19.9759,20.2307,3893.0440364398,0
ABE,D,20200211,000000,20.2307,20.2307,19.892,19.9759,1212.0069608752,0
ABE,D,20200212,000000,19.892,20.2307,19.722,20.2307,6642.6206196883,0
ABE,D,20200213,000000,20.3147,20.8225,20.2307,20.3147,15117.53074479,0
ABE,D,20200214,000000,20.4846,21.1603,20.4846,21.1603,836.18199374236,0
ABE,D,20200217,000000,20.9914,20.9914,20.6526,20.6526,2135.0056643504,0
ABE,D,20200218,000000,20.6526,20.6526,20.1458,20.1458,2724.445430431,0
ABE,D,20200219,000000,20.0608,20.3147,20.0608,20.1458,511.76165737237,0
ABE,D,20200220,000000,20.1458,20.1458,19.8069,19.9759,1319.3855229131,0
ABE,D,20200221,000000,20.0608,20.0608,19.722,19.9759,10408.866566913,0
ABE,D,20200224,000000,19.892,19.9759,18.5376,18.7916,13131.027347088,0
ABE,D,20200225,000000,18.7916,19.2143,17.4364,18.8754,12463.909472299,0
ABE,D,20200226,000000,18.6216,18.7066,17.7751,18.6216,7564.4769980354,0
ABE,D,20200227,000000,18.6216,18.6216,17.3524,17.5213,6173.1249920543,0
ABE,D,20200228,000000,15.9552,16.9286,15.2777,16.9286,200613.99666535,0
ABE,D,20200302,000000,16.251,16.7168,16.251,16.5058,1277.1194931748,0
ABE,D,20200303,000000,16.7168,17.3524,16.6747,16.6747,6369.6049140811,0
ABE,D,20200304,000000,17.1824,17.1824,16.167,16.167,3488.6609411054,0
ABE,D,20200305,000000,16.5899,17.2674,15.9132,16.0821,128160.88309281,0
ABE,D,20200306,000000,16.251,16.3359,15.5314,15.5314,1893.975062329,0
ABE,D,20200309,000000,15.0666,15.0666,13.7124,14.0092,46261.883036309,0
ABE,D,20200310,000000,14.1361,14.2209,13.7973,14.0092,5405.4825059957,0
ABE,D,20200311,000000,13.9662,14.0512,13.2895,13.4585,7855.7699056915,0
ABE,D,20200312,000000,12.6969,12.6969,11.8503,11.8503,8733.0756040442,0
ABE,D,20200313,000000,11.8074,12.527,11.8074,12.3161,6422.1518699721,0
ABE,D,20200316,000000,12.2312,12.2312,11.4267,11.9345,36916.521163623,0
ABE,D,20200317,000000,12.3581,12.8659,11.5116,12.6121,8931.8401763272,0
ABE,D,20200318,000000,12.6121,12.9088,12.3581,12.7817,2530.2501586603,0
ABE,D,20200319,000000,12.485,13.5014,12.485,13.0356,36321.369771902,0
ABE,D,20200320,000000,13.5435,13.5435,12.9088,12.9088,7450.2444852291,0
ABE,D,20200323,000000,12.9088,12.9088,12.6969,12.8659,4902.8594496478,0
ABE,D,20200324,000000,13.3316,13.4585,13.2046,13.2466,3921.6021646414,0
ABE,D,20200325,000000,13.5854,13.7553,13.2466,13.2466,6434.7174463808,0
ABE,D,20200326,000000,13.2466,13.4165,12.8659,13.2895,7954.009866705,0
ABE,D,20200327,000000,13.2895,13.5854,13.1198,13.5435,5866.9818577333,0
ABE,D,20200330,000000,13.7124,14.0932,13.5435,14.0932,2105.3052110207,0
ABE,D,20200331,000000,14.3051,15.7433,14.3051,15.6164,4064.3928056493,0
ABE,D,20200401,000000,15.7862,16.9286,15.4474,15.4474,10582.499986379,0
ABE,D,20200402,000000,15.4474,15.6593,14.8547,14.8547,3541.2078969963,0
ABE,D,20200403,000000,14.8547,15.1936,14.7278,15.1936,1433.6180357195,0
ABE,D,20200406,000000,15.2355,15.4045,15.0237,15.2355,1633.5249331306,0
ABE,D,20200407,000000,15.2355,15.5314,15.2355,15.2355,3115.1206242287,0
ABE,D,20200408,000000,15.1936,15.1936,14.7278,15.0237,1381.0710798286,0
ABE,D,20200409,000000,15.1936,15.5314,15.1507,15.4045,3460.1028129038,0
ABE,D,20200414,000000,15.6593,16.8018,15.6593,16.8018,6377.6011899776,0
ABE,D,20200415,000000,16.9286,17.0135,16.3359,16.5478,8750.2104809651,0
ABE,D,20200416,000000,16.6747,16.8866,16.5899,16.8866,3077.4238950026,0
ABE,D,20200417,000000,16.5899,16.8866,16.4209,16.8866,2069.8931320508,0
ABE,D,20200420,000000,17.3524,17.3524,16.9286,17.2674,6962.471655546,0
ABE,D,20200421,000000,17.2674,17.2674,15.7433,15.9972,5712.7679654447,0
ABE,D,20200422,000000,15.9972,16.8866,15.9972,16.8437,2180.6986694729,0
ABE,D,20200423,000000,16.7597,17.4364,16.7597,17.4364,4681.2483748035,0
ABE,D,20200424,000000,17.2674,17.5213,17.2674,17.4364,4071.2467564177,0
ABE,D,20200427,000000,17.4364,17.5213,17.0985,17.0985,1588.9742531361,0
ABE,D,20200428,000000,17.3524,17.6062,17.0985,17.1824,4616.1358425039,0
ABE,D,20200429,000000,17.2674,18.8754,17.2674,18.7066,22533.505476177,0
ABE,D,20200430,000000,18.7066,18.9605,18.5376,18.5376,4812.6157645308,0
ABE,D,20200504,000000,18.5376,18.8754,17.8601,18.8754,25833.682771152,0
ABE,D,20200505,000000,19.0454,19.1295,18.8754,18.9605,5306.1002198542,0
ABE,D,20200506,000000,19.0454,19.892,19.0454,19.8069,9485.8678634379,0
ABE,D,20200507,000000,19.892,20.8225,19.892,20.4846,17036.636959937,0
ABE,D,20200508,000000,20.5686,21.0764,20.0608,21.0764,12477.617373836,0
ABE,D,20200511,000000,20.9914,20.9914,20.4846,20.4846,2015.0615259037,0
ABE,D,20200512,000000,20.4846,20.4846,19.722,20.1458,4094.093258979,0
ABE,D,20200513,000000,19.892,19.892,19.2143,19.638,10251.22569924,0
ABE,D,20200514,000000,19.4682,20.1458,18.7066,18.9605,5017.0919624542,0
ABE,D,20200515,000000,18.7916,19.4682,18.7916,19.0454,696.81832811863,0
ABE,D,20200518,000000,19.4682,20.0608,19.4682,20.0608,1118.336300374,0
ABE,D,20200519,000000,20.2307,20.3147,20.1458,20.1458,2344.051162786,0
ABE,D,20200520,000000,20.2307,20.3147,20.2307,20.3147,444.36447481664,0
ABE,D,20200521,000000,20.3147,20.3996,19.553,20.2307,2807.8351647797,0
ABE,D,20200522,000000,19.892,19.892,19.553,19.892,600.86301736131,0
ABE,D,20200525,000000,19.722,20.8225,19.553,20.4846,5223.8528106336,0
ABE,D,20200526,000000,20.4846,20.9914,20.3147,20.3147,5317.5234711348,0
ABE,D,20200527,000000,20.3147,20.3996,19.9759,20.2307,1406.202232646,0
ABE,D,20200528,000000,20.0608,20.0608,19.2993,19.4682,1643.8058592831,0
ABE,D,20200529,000000,19.3841,19.892,19.1295,19.892,2751.8612335046,0
ABE,D,20200601,000000,19.892,20.4846,19.892,20.3147,2860.3821206706,0
ABE,D,20200602,000000,20.4846,21.1603,20.3147,21.1603,9580.6808490672,0
ABE,D,20200603,000000,21.1603,21.1603,20.5686,20.8225,7503.933766248,0
ABE,D,20200604,000000,20.9065,20.9065,20.7375,20.7375,1277.1194931748,0
ABE,D,20200605,000000,20.7375,20.8225,20.3996,20.6526,737.94203272891,0
ABE,D,20200608,000000,20.6526,20.9914,20.2307,20.9914,18206.377891073,0
ABE,D,20200609,000000,20.9914,21.0764,20.3996,20.3996,1912.252264378,0
ABE,D,20200610,000000,20.5686,20.7375,20.3996,20.5686,564.30861326329,0
ABE,D,20200612,000000,20.3147,20.3147,19.892,19.9759,2152.1405412713,0
ABE,D,20200615,000000,19.722,20.3147,19.4682,19.892,2164.70611768,0
ABE,D,20200616,000000,20.4846,20.4846,20.3147,20.3147,819.04711682141,0
ABE,D,20200617,000000,20.3147,20.4846,20.0608,20.0608,607.71696812969,0
ABE,D,20200618,000000,19.9759,20.7375,19.9759,20.7375,100895.86693619,0
ABE,D,20200619,000000,20.8225,21.6689,20.8225,21.6689,8125.3586359145,0
ABE,D,20200622,000000,21.8379,22.1767,21.4992,21.8379,2888.9402488722,0
ABE,D,20200623,000000,22.0068,22.2616,22.0068,22.2616,3084.277845771,0
ABE,D,20200624,000000,22.1767,22.2616,21.6689,21.6689,2619.3515186492,0
ABE,D,20200625,000000,21.584,21.584,20.2307,21.1603,10729.859927899,0
ABE,D,20200626,000000,21.1603,22.0068,21.1603,22.0068,5568.8349993087,0
ABE,D,20200629,000000,21.584,22.8533,21.4992,22.8533,7509.6453918884,0
ABE,D,20200630,000000,22.8533,23.5309,22.7694,23.3619,13903.239133659,0
ABE,D,20200701,000000,23.1081,23.2771,22.7694,23.1081,50844.891450099,0
ABE,D,20200702,000000,23.1081,23.1922,23.0232,23.1081,752.79225939374,0
ABE,D,20200703,000000,23.1922,23.3619,23.0232,23.3619,1296.5390203519,0
ABE,D,20200706,000000,22.9384,23.2771,22.2616,22.3457,2403.4520694453,0
ABE,D,20200707,000000,22.5995,22.5995,22.3457,22.3457,349.55148918738,0
ABE,D,20200708,000000,22.3457,22.3457,21.584,22.0068,2243.5265515164,0
ABE,D,20200709,000000,22.0068,22.0068,21.6689,22.0068,1271.4078675345,0
ABE,D,20200710,000000,22.0068,22.0068,21.584,21.584,233.03432612492,0
ABE,D,20200713,000000,21.4992,21.4992,20.4846,20.8225,2430.8678725188,0
ABE,D,20200714,000000,20.9914,20.9914,19.553,20.8225,12648.966143045,0
ABE,D,20200715,000000,20.9065,20.9914,20.3147,20.7375,506.05003173206,0
ABE,D,20200716,000000,20.7375,22.1767,20.6526,21.4142,9308.8074685881,0
ABE,D,20200717,000000,22.0918,22.7694,22.0918,22.7694,3267.0498662611,0
ABE,D,20200720,000000,23.1081,23.6159,22.5154,23.6159,3915.8905390011,0
ABE,D,20200721,000000,23.6159,24.1236,23.2771,24.1236,12979.098105056,0
ABE,D,20200722,000000,24.2085,24.2085,23.6159,24.1236,60684.880103237,0
ABE,D,20200723,000000,24.1236,24.1236,23.2771,23.2771,620.28254453839,0
ABE,D,20200724,000000,23.7008,24.9701,23.2771,24.4624,3101.4127226919,0
ABE,D,20200727,000000,24.9701,24.9701,23.9546,24.0387,1927.1024910428,0
ABE,D,20200728,000000,23.9546,24.8012,23.9546,24.5473,5057.0733419364,0
ABE,D,20200729,000000,24.5473,24.9701,24.2926,24.2926,2444.5757740555,0
ABE,D,20200730,000000,24.6314,24.7163,24.0387,24.4624,16113.638256461,0
ABE,D,20200731,000000,24.2085,24.9701,23.8698,24.8012,16788.752407147,0
ABE,D,20200803,000000,24.5473,26.4093,24.5473,26.4093,8413.2245681864,0
ABE,D,20200804,000000,27.8476,27.8476,26.4933,26.9162,4496.1917040573,0
ABE,D,20200805,000000,26.9162,27.9324,26.6623,27.7627,17616.938124993,0
ABE,D,20200806,000000,27.9324,28.1014,27.17,27.9324,19012.859431486,0
ABE,D,20200807,000000,28.0174,28.4402,27.7627,28.4402,4330.5545604881,0
ABE,D,20200810,000000,28.5252,30.3031,28.5252,29.9645,6631.1973684076,0
ABE,D,20200811,000000,30.1333,30.2182,29.1179,29.1179,2578.2278140389,0
ABE,D,20200812,000000,29.1179,29.1179,27.4249,27.5938,58590.998143496,0
ABE,D,20200813,000000,27.5938,27.6786,25.7318,26.8321,8898.7127476134,0
ABE,D,20200814,000000,26.5783,26.5783,26.0705,26.2404,3730.8338682548,0
ABE,D,20200817,000000,27.001,27.5938,26.3244,27.5938,3785.6654744019,0
ABE,D,20200818,000000,26.9162,29.5406,26.8321,27.2549,51145.32295878,0
ABE,D,20200819,000000,29.1179,29.1179,27.7627,28.6092,13880.392631098,0
ABE,D,20200820,000000,28.5252,28.5252,27.5938,27.9324,6634.6243437918,0
ABE,D,20200821,000000,28.0174,28.4402,27.9324,28.0174,5365.5011265135,0
ABE,D,20200824,000000,28.6092,28.6941,28.0174,28.0174,2013.9192007757,0
ABE,D,20200825,000000,28.0174,28.1863,27.5087,27.8476,40841.550303648,0
ABE,D,20200826,000000,27.9324,28.6941,27.6786,27.9324,2957.479756556,0
ABE,D,20200827,000000,28.6092,28.6092,28.1014,28.5252,3420.1214334216,0
ABE,D,20200828,000000,28.3553,28.3553,27.8476,28.1014,1820.866254133,0
ABE,D,20200831,000000,28.1863,28.779,27.6786,27.6786,5097.0547214186,0
ABE,D,20200901,000000,28.1014,28.1863,27.6786,27.6786,2506.261330971,0
ABE,D,20200902,000000,27.9324,28.1014,27.6786,28.1014,4585.2930640462,0
ABE,D,20200903,000000,28.2713,28.2713,27.7627,27.7627,4175.1983430715,0
ABE,D,20200904,000000,27.3398,27.6786,26.4093,27.001,6072.6003807847,0
ABE,D,20200907,000000,26.7472,27.3398,26.3244,26.8321,3480.664665209,0
ABE,D,20200908,000000,26.8321,26.8321,21.584,23.4461,38844.765979794,0
ABE,D,20200909,000000,23.4461,25.14,23.4461,24.9701,4994.2454598929,0
ABE,D,20200910,000000,24.5473,25.5628,24.0387,25.3938,5792.7307244092,0
ABE,D,20200911,000000,24.5473,25.3938,24.5473,25.3938,1560.4161249345,0
ABE,D,20200914,000000,24.6314,25.5628,24.4624,24.4624,1528.4310213487,0
ABE,D,20200915,000000,24.3775,24.4624,22.9384,24.4624,6369.6049140811,0
ABE,D,20200916,000000,24.5473,24.8853,24.5473,24.8853,3254.4842898524,0
ABE,D,20200917,000000,24.8853,24.8853,24.5473,24.8853,664.83322453286,0
ABE,D,20200918,000000,24.8853,24.8853,24.7163,24.7163,1272.5501926626,0
ABE,D,20200921,000000,24.6314,24.6314,24.1236,24.2085,6264.5110022993,0
ABE,D,20200922,000000,24.3775,24.4624,24.2926,24.2926,2661.6175483876,0
ABE,D,20200923,000000,24.5473,24.5473,24.1236,24.1236,1739.7611700405,0
ABE,D,20200924,000000,24.1236,24.1236,22.8533,22.8533,11625.442828301,0
ABE,D,20200925,000000,23.1081,23.2771,22.8533,23.1922,4660.6865224984,0
ABE,D,20200928,000000,23.2771,24.2926,23.1922,24.0387,2117.8707874294,0
ABE,D,20200929,000000,24.3775,24.5473,24.2085,24.2085,1378.7864295724,0
ABE,D,20200930,000000,24.4624,24.5473,24.1236,24.5473,2002.495949495,0
ABE,D,20201001,000000,24.5473,24.8853,24.5473,24.8853,1546.7082233978,0
ABE,D,20201002,000000,24.8012,24.8012,23.4461,24.0387,2055.0429053859,0
ABE,D,20201005,000000,24.0387,24.1236,23.7008,23.9546,2036.7657033369,0
ABE,D,20201006,000000,23.9546,24.0387,23.4461,23.9546,1614.1054059535,0
ABE,D,20201007,000000,23.7008,23.8698,23.5309,23.5309,951.55683167676,0
ABE,D,20201008,000000,23.7849,23.7849,23.1922,23.4461,7771.2378462149,0
ABE,D,20201009,000000,23.8698,23.8698,22.3457,22.5154,32151.883054471,0
ABE,D,20201012,000000,22.5995,22.5995,21.8379,21.8379,9056.3536152861,0
ABE,D,20201013,000000,21.6689,21.6689,20.7375,20.7375,5991.4952966922,0
ABE,D,20201014,000000,20.6526,21.3302,19.892,21.1603,37311.765657933,0
ABE,D,20201015,000000,21.1603,22.6844,21.0764,22.5995,7818.0731764655,0
ABE,D,20201016,000000,22.3457,24.1236,22.3457,23.4461,7604.4583775176,0
ABE,D,20201019,000000,23.5309,24.4624,23.5309,23.6159,2213.8260981867,0
ABE,D,20201020,000000,23.8698,24.2926,23.7008,24.2085,1257.6999659977,0
ABE,D,20201021,000000,24.2085,24.2085,23.0232,23.8698,5936.6636905451,0
ABE,D,20201022,000000,23.1922,24.4624,23.0232,24.3775,1912.252264378,0
ABE,D,20201023,000000,24.3775,24.3775,23.7849,23.7849,546.03141121427,0
ABE,D,20201026,000000,23.7008,24.5473,23.7008,24.3775,1290.8273947116,0
ABE,D,20201027,000000,24.3775,24.3775,23.7008,23.7008,672.8295004293,0
ABE,D,20201028,000000,23.7008,23.7008,21.9228,22.5995,4373.9629153545,0
ABE,D,20201029,000000,22.8533,22.8533,21.8379,22.7694,1566.1277505748,0
ABE,D,20201030,000000,22.2616,22.5154,22.2616,22.5154,637.41742145934,0
ABE,D,20201102,000000,22.5154,22.5154,20.9914,21.9228,3551.4888231489,0
ABE,D,20201103,000000,22.2616,22.2616,22.0918,22.0918,388.39054354153,0
ABE,D,20201104,000000,22.8533,24.8012,22.4306,24.8012,7439.9635590765,0
ABE,D,20201105,000000,25.2239,25.8167,24.8853,25.055,12200.032367716,0
ABE,D,20201106,000000,25.2239,25.3938,24.0387,24.8012,3871.3398590066,0
ABE,D,20201109,000000,25.055,26.1554,25.055,25.3938,16264.425173366,0
ABE,D,20201110,000000,25.2239,26.0705,24.3775,25.9015,8285.2841538434,0
ABE,D,20201112,000000,25.9865,26.4093,25.5628,26.4093,8972.9638809375,0
ABE,D,20201113,000000,26.4093,26.4933,25.7318,25.9865,5557.4117480281,0
ABE,D,20201116,000000,26.4933,27.5087,26.0705,27.2549,5493.4415408566,0
ABE,D,20201117,000000,27.6786,27.6786,27.0859,27.0859,5173.5905049988,0
ABE,D,20201118,000000,27.0859,27.4249,26.9162,27.2549,873.87872296845,0
ABE,D,20201119,000000,27.2549,27.4249,26.4093,26.4093,2293.7888571512,0
ABE,D,20201120,000000,25.9865,26.8321,25.8167,26.7472,2051.6159300017,0
ABE,D,20201123,000000,26.8321,27.2549,26.8321,26.8321,1295.3966952238,0
ABE,D,20201124,000000,27.2549,27.2549,25.3938,25.9865,4665.2558230107,0
ABE,D,20201125,000000,26.7472,27.5087,26.6623,26.7472,63456.160863918,0
ABE,D,20201126,000000,26.8321,26.8321,25.9865,26.0705,2618.2091935212,0
ABE,D,20201127,000000,26.0705,26.4933,25.8167,26.4933,2445.7180991836,0
ABE,D,20201130,000000,25.8167,27.2549,25.6477,27.2549,11474.655911396,0
ABE,D,20201201,000000,26.6623,27.2549,26.4093,27.2549,2453.71437508,0
ABE,D,20201202,000000,27.3398,27.3398,26.2404,26.4093,2965.4760324524,0
ABE,D,20201203,000000,26.4093,28.6092,26.4093,28.3553,6512.3955550891,0
ABE,D,20201204,000000,28.0174,28.6941,28.0174,28.4402,3078.5662201307,0
ABE,D,20201207,000000,28.6941,28.6941,27.5938,27.9324,4796.6232127379,0
ABE,D,20201208,000000,27.9324,28.5252,27.5938,28.4402,4654.9748968581,0
ABE,D,20201209,000000,27.9324,28.3553,27.5938,27.9324,2756.4305340168,0
ABE,D,20201210,000000,27.4249,27.8476,26.9162,26.9162,4934.8445532336,0
ABE,D,20201211,000000,27.17,27.9324,27.17,27.5938,1397.0636316215,0
ABE,D,20201214,000000,27.4249,27.9324,26.5783,26.6623,3144.8210775584,0
ABE,D,20201215,000000,26.4093,27.001,26.4093,26.6623,2101.8782356365,0
ABE,D,20201216,000000,26.5783,26.5783,25.8167,25.9015,7605.6007026457,0
ABE,D,20201217,000000,26.0705,26.0705,24.2926,24.8012,12220.594220022,0
ABE,D,20201218,000000,25.309,26.4933,24.5473,24.5473,4686.9600004439,0
ABE,D,20201221,000000,24.9701,24.9701,23.7849,23.9546,7101.8353211697,0
ABE,D,20201222,000000,24.0387,24.1236,23.4461,23.7008,18381.153635667,0
ABE,D,20201223,000000,23.8698,25.309,23.8698,24.8012,8003.1298472117,0
ABE,D,20201228,000000,26.4093,26.4093,25.3938,26.1554,5828.1428033791,0
ABE,D,20201229,000000,27.0125,27.6987,26.5835,27.6129,4496.1917040573,0
ABE,D,20201230,000000,27.6987,27.6987,27.0125,27.3556,2025.3424520563,0
ABE,D,20210104,000000,27.4414,28.1277,27.4414,27.9561,3706.8450405655,0
ABE,D,20210105,000000,27.8704,27.8704,27.2698,27.5272,1196.0144090823,0
ABE,D,20210107,000000,27.6129,28.3842,27.5272,28.2994,7451.3868103571,0
ABE,D,20210108,000000,28.4701,28.4701,28.0419,28.2136,1992.2150233425,0
ABE,D,20210111,000000,28.1277,28.4701,27.6987,28.4701,2333.7702366334,0
ABE,D,20210112,000000,28.2994,28.2994,26.5835,27.0983,8862.1583435153,0
ABE,D,20210113,000000,27.2698,27.6129,27.2698,27.4414,12628.40429074,0
ABE,D,20210114,000000,27.2698,27.3556,26.8408,27.2698,735.65738247279,0
ABE,D,20210115,000000,26.8408,27.184,26.8408,27.0983,1041.8005167938,0
ABE,D,20210118,000000,27.0983,28.0419,26.8408,27.6987,1891.6904120729,0
ABE,D,20210119,000000,27.7846,27.7846,26.9267,27.184,5791.5883992811,0
ABE,D,20210120,000000,27.0983,27.6129,26.5835,27.6129,7675.2825354575,0
ABE,D,20210121,000000,27.184,27.184,26.4977,26.6693,2531.3924837883,0
ABE,D,20210122,000000,26.8408,26.8408,26.5835,26.5835,195.33759689883,0
ABE,D,20210125,000000,26.9267,26.9267,26.5835,26.7551,1307.9622716325,0
ABE,D,20210126,000000,26.8408,27.2698,26.6693,27.0125,2136.1479894784,0
ABE,D,20210127,000000,27.4414,27.4414,26.6693,26.8408,2140.7172899907,0
ABE,D,20210128,000000,26.5835,26.7551,26.2412,26.7551,2984.8955596295,0
ABE,D,20210129,000000,26.6693,27.2698,26.6693,26.9267,12399.939265127,0
ABE,D,20210201,000000,27.7846,27.7846,26.5835,26.5835,5015.9496373261,0
ABE,D,20210202,000000,26.6693,27.2698,26.5835,26.5835,5661.3633346819,0
ABE,D,20210203,000000,26.8408,27.184,26.5835,26.5835,1401.6329321337,0
ABE,D,20210204,000000,27.0125,27.0125,26.0696,26.0696,807.62386554078,0
ABE,D,20210205,000000,26.0696,27.6129,26.0696,27.4414,60073.736159723,0
ABE,D,20210208,000000,27.7846,27.9561,27.7846,27.8704,7318.8770955018,0
ABE,D,20210209,000000,27.6987,27.9561,27.6129,27.9561,12350.819284621,0
ABE,D,20210210,000000,28.0419,29.9285,28.0419,29.0705,11682.559084704,0
ABE,D,20210211,000000,29.9285,29.9285,28.3842,29.4995,24245.850843144,0
ABE,D,20210212,000000,29.3279,29.7568,28.7274,28.7274,2409.1636950856,0
ABE,D,20210215,000000,28.8132,29.5853,28.8132,29.5853,45908.904571737,0
ABE,D,20210216,000000,29.9285,31.6433,29.4995,31.3002,12654.677768686,0
ABE,D,20210217,000000,31.2144,31.3002,30.5281,31.2144,7623.8779046947,0
ABE,D,20210218,000000,31.3002,31.3002,30.0143,30.6996,3252.1996395963,0
ABE,D,20210219,000000,30.6139,30.6139,28.899,29.1563,5134.7514506447,0
ABE,D,20210222,000000,30.1858,30.1858,28.899,29.1563,16087.364778516,0
ABE,D,20210223,000000,28.9847,29.1563,28.5558,28.6416,1924.8178407867,0
ABE,D,20210224,000000,28.7274,29.4137,28.7274,29.4137,12425.070417945,0
ABE,D,20210225,000000,29.3279,30.0143,29.1563,30.0143,19716.531710373,0
ABE,D,20210226,000000,29.5853,30.0143,28.899,30.0143,27322.132413019,0
ABE,D,20210301,000000,30.0143,30.3574,29.1563,30.0143,26135.256604961,0
ABE,D,20210302,000000,30.0143,31.3002,29.6711,30.9571,32028.51194064,0
ABE,D,20210303,000000,33.4441,36.7881,32.7577,36.7881,78222.997794393,0
ABE,D,20210304,000000,36.36,37.5603,36.0169,36.8739,13441.739781921,0
ABE,D,20210305,000000,36.8739,37.0455,35.3306,36.8739,15491.071061667,0
ABE,D,20210308,000000,36.8739,39.2752,36.8739,39.1894,24907.257092293,0
ABE,D,20210309,000000,39.2752,39.2752,37.9891,38.8471,9457.3097352363,0
ABE,D,20210310,000000,39.1036,40.9901,39.1036,40.5619,14458.409145898,0
ABE,D,20210311,000000,40.7336,41.0759,40.5619,40.8194,11575.180522666,0
ABE,D,20210312,000000,40.8194,40.9052,40.0474,40.7336,17040.063935321,0
ABE,D,20210315,000000,40.4762,41.1615,40.2188,41.1615,4868.5896958059,0
ABE,D,20210316,000000,40.6478,40.9052,39.9616,40.1331,3745.6840949197,0
ABE,D,20210317,000000,39.9616,39.9616,37.3887,38.9321,10351.75031051,0
ABE,D,20210318,000000,38.6756,38.9321,37.3029,37.5603,4716.6604537735,0
ABE,D,20210319,000000,37.7318,38.0749,37.7318,37.9891,688.82205222219,0
ABE,D,20210322,000000,38.1607,40.2188,38.1607,40.0474,16080.510827748,0
ABE,D,20210323,000000,40.2188,40.2188,39.8758,40.0474,2768.9961104255,0
ABE,D,20210324,000000,41.0759,41.0759,39.4467,40.0474,10205.532694118,0
ABE,D,20210325,000000,39.4467,39.5325,37.9891,38.5898,3336.731699073,0
ABE,D,20210326,000000,38.5898,39.7041,38.3325,39.0178,5556.2694229001,0
ABE,D,20210329,000000,39.1036,40.1331,39.1036,39.7899,6405.0169930511,0
ABE,D,20210330,000000,39.4467,40.1331,39.0178,40.1331,9031.2224624687,0
ABE,D,20210331,000000,40.0474,41.3332,39.3609,41.3332,6489.5490525278,0
ABE,D,20210401,000000,42.0195,43.9061,42.0195,42.4485,11966.998041591,0
ABE,D,20210406,000000,42.4485,42.4485,41.0759,42.1053,3970.7221451481,0
ABE,D,20210407,000000,42.6201,42.6201,41.3332,41.9337,5991.4952966922,0
ABE,D,20210408,000000,42.1912,42.4485,41.6764,41.9337,7278.8957160196,0
ABE,D,20210409,000000,41.9337,42.0195,41.7622,41.848,2273.227004846,0
ABE,D,20210412,000000,41.848,42.277,41.4191,41.5906,8056.8191282307,0
ABE,D,20210413,000000,41.4191,41.4191,38.8471,38.8471,31490.476805322,0
ABE,D,20210414,000000,38.6756,38.6756,36.4458,38.5898,55743.181599235,0
ABE,D,20210415,000000,38.5898,38.5898,38.1607,38.5898,5641.9438075048,0
ABE,D,20210416,000000,38.504,38.504,37.5603,37.7318,8134.497236939,0
ABE,D,20210419,000000,37.7318,38.5898,36.0169,36.5316,14755.413679194,0
ABE,D,20210420,000000,36.5316,38.1607,36.1885,38.0749,8613.1314655975,0
ABE,D,20210421,000000,38.0749,39.4467,37.3029,39.0178,8950.1173783762,0
ABE,D,20210422,000000,40.0474,41.1615,39.0178,39.7899,14272.210150023,0
ABE,D,20210423,000000,40.1331,41.1615,39.5325,41.1615,7148.6706514203,0
ABE,D,20210426,000000,41.3332,44.5923,40.7336,44.4208,20005.539967773,0
ABE,D,20210427,000000,44.4208,47.1653,43.3913,44.4208,25074.03656099,0
ABE,D,20210428,000000,44.2492,45.7926,43.9061,45.7926,11133.100698105,0
ABE,D,20210429,000000,45.7926,49.5656,45.621,47.679,25069.467260478,0
ABE,D,20210430,000000,48.7087,49.0517,47.5075,49.0517,7041.2920893824,0
ABE,D,20210504,000000,49.5656,51.4529,48.8801,48.8801,9328.2269957652,0
ABE,D,20210505,000000,47.8507,51.1098,46.3073,49.9087,15071.837739668,0
ABE,D,20210506,000000,49.9087,53.1678,49.7372,50.595,20861.141488693,0
ABE,D,20210507,000000,50.595,50.595,48.3655,48.3655,15063.841463771,0
ABE,D,20210510,000000,48.3655,51.9668,47.679,50.2519,49414.700389764,0
ABE,D,20210511,000000,50.595,51.1098,49.394,50.595,36978.206720538,0
ABE,D,20210512,000000,50.595,50.595,49.2232,49.394,31030.119778712,0
ABE,D,20210513,000000,51.4529,54.5396,50.2519,52.31,35115.074436667,0
ABE,D,20210514,000000,52.9963,55.226,51.7953,53.1678,19693.685207812,0
ABE,D,20210517,000000,54.7112,55.226,53.8533,54.8828,6770.5610340314,0
ABE,D,20210518,000000,55.3976,57.1125,55.3976,56.2546,20085.502726738,0
ABE,D,20210519,000000,56.941,57.7979,55.0544,56.5978,9929.0900131265,0
ABE,D,20210520,000000,57.6272,59.1706,57.6272,57.9695,15876.034629824,0
ABE,D,20210521,000000,57.9695,61.7434,57.9695,58.3127,12916.270223012,0
ABE,D,20210524,000000,59.6852,59.6852,55.226,55.7399,33026.904102567,0
ABE,D,20210525,000000,55.7399,55.7399,48.7087,49.9087,150583.58303156,0
ABE,D,20210526,000000,51.2814,53.511,51.2814,52.31,20899.980543047,0
ABE,D,20210527,000000,52.31,52.8247,50.4235,51.4529,19266.455609916,0
ABE,D,20210528,000000,52.1384,52.31,51.2814,51.4529,3516.0767441789,0
ABE,D,20210531,000000,51.1098,51.1098,49.2232,49.5656,12864.865592249,0
ABE,D,20210601,000000,49.394,51.1098,49.394,51.1098,12413.647166664,0
ABE,D,20210602,000000,51.4529,51.9668,51.4529,51.9668,7372.5663765208,0
ABE,D,20210604,000000,51.9668,52.1384,50.7666,50.7666,6401.5900176669,0
ABE,D,20210607,000000,50.7666,51.4529,49.7372,49.9087,8295.5650799959,0
ABE,D,20210608,000000,51.4529,51.4529,49.7372,50.0803,5683.0675121151,0
ABE,D,20210609,000000,50.0803,50.9382,49.9087,50.4235,2371.4669658595,0
ABE,D,20210610,000000,50.595,50.9382,49.7372,50.2519,3981.0030713007,0
ABE,D,20210611,000000,50.2519,50.4235,49.394,49.5656,4068.9621061616,0
ABE,D,20210614,000000,49.394,50.0803,49.394,49.5656,8103.6544584813,0
ABE,D,20210615,000000,50.0803,50.0803,47.3359,49.5656,7866.0508318441,0
ABE,D,20210616,000000,49.394,49.394,45.9641,47.5075,13678.20108343,0
ABE,D,20210617,000000,47.679,47.679,46.4789,46.8221,3977.5760959165,0
ABE,D,20210618,000000,46.6504,48.1938,46.6504,47.8507,3150.5327031987,0
ABE,D,20210621,000000,48.0222,48.537,47.1653,47.5075,2540.5310848129,0
ABE,D,20210622,000000,46.9937,48.7087,46.4789,47.1653,271714.59728627,0
ABE,D,20210623,000000,47.3359,47.679,46.1357,46.4789,6250.8031007626,0
ABE,D,20210624,000000,46.4789,46.6504,45.1071,45.621,47828.010786884,0
ABE,D,20210625,000000,45.9641,46.8221,45.4494,46.6504,4271.1536538288,0
ABE,D,20210628,000000,46.3073,48.8801,45.4494,47.5075,18075.010501346,0
ABE,D,20210629,000000,46.9937,46.9937,46.8221,46.8221,789.34666349176,0
ABE,D,20210630,000000,47.3359,48.0222,46.4789,47.1653,6949.9060791373,0
ABE,D,20210701,000000,46.9937,47.5075,46.6504,47.1653,3887.3324107995,0
ABE,D,20210702,000000,47.3359,47.3359,46.6504,46.9937,1538.7119475013,0
ABE,D,20210705,000000,47.3359,50.0803,47.1653,49.9087,11263.325762704,0
ABE,D,20210706,000000,50.4235,50.595,48.8801,48.8801,5700.202389036,0
ABE,D,20210707,000000,49.7372,49.9087,49.394,49.394,2933.4909288666,0
ABE,D,20210708,000000,49.394,49.9087,48.8801,49.9087,1949.9489936041,0
ABE,D,20210709,000000,49.9087,50.595,49.7372,50.4235,1369.6478285479,0
ABE,D,20210712,000000,49.9087,51.2814,49.9087,50.4235,3893.0440364398,0
ABE,D,20210713,000000,50.595,51.1098,47.8507,50.7666,27876.16010013,0
ABE,D,20210714,000000,50.7666,51.6236,50.2519,51.4529,6215.3910217926,0
ABE,D,20210715,000000,51.4529,51.4529,50.595,50.595,5599.6777777665,0
ABE,D,20210716,000000,50.595,51.7953,50.595,51.4529,8227.0255723121,0
ABE,D,20210719,000000,51.4529,51.4529,48.537,50.595,9773.7337957099,0
ABE,D,20210720,000000,49.9087,50.9382,49.7372,50.0803,10300.345679747,0
ABE,D,20210721,000000,50.2519,50.9382,50.2519,50.595,3967.295169764,0
ABE,D,20210722,000000,50.9382,51.4529,50.595,50.7666,2164.70611768,0
ABE,D,20210723,000000,51.4529,51.4529,50.595,50.9382,539.17746044589,0
ABE,D,20210726,000000,51.2814,51.2814,50.7666,50.9382,1160.6023301123,0
ABE,D,20210727,000000,50.9382,50.9382,50.595,50.7666,1988.7880479583,0
ABE,D,20210728,000000,50.4235,50.7666,50.4235,50.595,320.9933609858,0
ABE,D,20210729,000000,50.595,51.4529,50.595,51.1098,1511.2961444278,0
ABE,D,20210730,000000,51.1098,51.1098,50.0803,50.0803,3928.4561154098,0
ABE,D,20210802,000000,50.595,51.4529,50.595,51.1098,4024.4114261671,0
ABE,D,20210803,000000,51.4529,55.5692,51.4529,53.1678,15555.041268838,0
ABE,D,20210804,000000,53.3394,55.226,53.3394,54.0249,4223.1759984501,0
ABE,D,20210805,000000,55.3976,55.3976,54.0249,54.3681,5209.0025839688,0
ABE,D,20210806,000000,54.1965,54.8828,53.6818,54.0249,3013.4536878311,0
ABE,D,20210809,000000,53.6818,56.7693,53.6818,56.7693,7492.5105149674,0
ABE,D,20210810,000000,56.5978,57.6272,54.8828,55.7399,11494.075438573,0
ABE,D,20210811,000000,55.9114,55.9114,53.6818,54.0249,4258.5880774201,0
ABE,D,20210812,000000,54.5396,56.4261,54.0249,56.4261,6614.0624914867,0
ABE,D,20210813,000000,56.5978,56.5978,55.7399,55.7399,583.72814044036,0
ABE,D,20210816,000000,57.6272,57.6272,55.7399,55.7399,2991.7495103979,0
ABE,D,20210817,000000,55.226,55.5692,54.8828,54.8828,1879.1248356642,0
ABE,D,20210818,000000,55.226,55.226,51.9668,53.1678,17538.117691156,0
ABE,D,20210819,000000,53.1678,53.6818,52.31,53.6818,3763.9612969687,0
ABE,D,20210820,000000,53.1678,55.0544,52.9963,55.0544,677.39880094156,0
ABE,D,20210823,000000,55.0544,55.226,54.1965,54.1965,5834.9967541475,0
ABE,D,20210824,000000,55.0544,55.0544,54.0249,54.5396,2808.9774899077,0
ABE,D,20210825,000000,54.7112,54.8828,54.0249,54.5396,1417.6254839266,0
ABE,D,20210826,000000,54.5396,54.5396,53.1678,54.0249,5093.6277460344,0
ABE,D,20210827,000000,53.1678,54.0249,52.8247,53.3394,451.21842558502,0
ABE,D,20210830,000000,52.31,52.31,49.2232,51.4529,36307.661870365,0
ABE,D,20210831,000000,52.1384,52.9963,51.4529,52.9963,2494.8380796903,0
ABE,D,20210901,000000,52.31,54.5396,52.31,53.8533,4977.1105829719,0
ABE,D,20210902,000000,52.9963,53.6818,52.31,53.511,2209.2567976745,0
ABE,D,20210903,000000,53.1678,53.511,51.1098,51.2814,11820.780425199,0
ABE,D,20210906,000000,52.6532,55.3976,52.4815,53.8533,9060.9229157984,0
ABE,D,20210907,000000,54.8828,55.0544,52.31,52.9963,4927.9906024652,0
ABE,D,20210908,000000,52.6532,52.6532,52.31,52.6532,3078.5662201307,0
ABE,D,20210909,000000,52.6532,52.8247,52.1384,52.4815,2987.1802098856,0
ABE,D,20210910,000000,52.31,52.31,51.6236,52.31,1538.7119475013,0
ABE,D,20210913,000000,52.31,52.31,49.9087,50.2519,7526.7802688093,0
ABE,D,20210914,000000,50.0803,50.595,48.537,48.7087,13293.237515273,0
ABE,D,20210915,000000,48.537,50.595,45.9641,49.7372,10224.952221295,0
ABE,D,20210916,000000,49.7372,50.595,49.7372,50.0803,8442.9250215161,0
ABE,D,20210917,000000,50.4235,50.4235,49.394,49.5656,2184.1256448571,0
ABE,D,20210920,000000,48.8801,49.5656,46.8221,47.1653,7963.1484677295,0
ABE,D,20210921,000000,46.9937,48.537,46.9937,48.537,3506.9381431544,0
ABE,D,20210922,000000,48.0222,49.7372,47.1653,49.7372,7958.5791672172,0
ABE,D,20210923,000000,49.9087,50.2519,48.1938,48.537,5157.5979532059,0
ABE,D,20210924,000000,48.537,49.394,47.3359,47.5075,5661.3633346819,0
ABE,D,20210927,000000,47.679,48.7087,47.1653,48.7087,7539.345845218,0
ABE,D,20210928,000000,48.8801,49.7372,48.537,48.8801,3180.2331565283,0
ABE,D,20210929,000000,48.8801,48.8801,47.1653,47.8507,3750.2533954319,0
ABE,D,20210930,000000,48.3655,48.3655,47.5075,48.0222,3188.2294324248,0
ABE,D,20211001,000000,47.3359,48.537,46.8221,48.537,3479.5223400809,0
ABE,D,20211004,000000,48.537,48.7087,47.5075,48.1938,1620.9593567219,0
ABE,D,20211005,000000,48.1938,48.3655,47.679,48.0222,1307.9622716325,0
ABE,D,20211006,000000,47.679,47.8507,46.6504,47.8507,4034.6923523197,0
ABE,D,20211007,000000,48.3655,49.2232,47.5075,49.2232,4599.000965583,0
ABE,D,20211008,000000,49.0517,49.394,48.0222,49.0517,5373.4974024099,0
ABE,D,20211011,000000,49.394,49.5656,48.8801,49.5656,4769.2074096644,0
ABE,D,20211012,000000,49.5656,49.5656,48.537,49.2232,11513.49496575,0
ABE,D,20211013,000000,48.8801,49.0517,48.537,48.8801,6921.3479509357,0
ABE,D,20211014,000000,49.394,49.5656,48.8801,49.5656,2900.3635001528,0
ABE,D,20211015,000000,49.2232,50.0803,48.8801,49.2232,2288.0772315109,0
ABE,D,20211018,000000,49.2232,49.394,49.0517,49.394,1551.27752391,0
ABE,D,20211019,000000,49.0517,51.2814,48.8801,50.9382,6858.5200688923,0
ABE,D,20211020,000000,50.9382,50.9382,50.4235,50.595,1094.3474726847,0
ABE,D,20211021,000000,50.595,51.2814,50.2519,50.4235,2786.1309873465,0
ABE,D,20211022,000000,50.4235,51.2814,50.2519,50.4235,3059.1466929536,0
ABE,D,20211025,000000,50.2519,50.2519,48.0222,49.0517,5740.1837685182,0
ABE,D,20211026,000000,49.0517,49.394,48.8801,49.394,2546.2427104532,0
ABE,D,20211027,000000,48.8801,49.394,48.8801,49.2232,1407.344557774,0
ABE,D,20211028,000000,48.8801,49.9087,48.537,48.8801,5272.9727911403,0
ABE,D,20211029,000000,48.8801,49.9087,48.8801,48.8801,4335.1238610003,0
ABE,D,20211102,000000,49.394,49.7372,48.8801,49.394,1084.0665465321,0
ABE,D,20211103,000000,49.394,49.394,48.8801,49.0517,782.49271272338,0
ABE,D,20211104,000000,49.0517,49.394,48.7087,49.0517,1329.6664490657,0
ABE,D,20211105,000000,49.0517,49.394,48.7087,48.8801,2384.0325422682,0
ABE,D,20211108,000000,48.7087,49.2232,48.7087,48.7087,847.60524502299,0
ABE,D,20211109,000000,48.7087,49.9087,48.537,49.9087,26404.845335184,0
ABE,D,20211110,000000,49.7372,49.7372,47.3359,47.679,6310.2040074219,0
ABE,D,20211112,000000,47.679,47.679,47.1653,47.5075,733.37273221666,0
ABE,D,20211115,000000,47.1653,47.679,47.1653,47.3359,5162.1672537182,0
ABE,D,20211116,000000,47.1653,47.679,47.1653,47.5075,873.87872296845,0
ABE,D,20211117,000000,47.5075,48.8801,47.1653,48.537,1688.3565392776,0
ABE,D,20211118,000000,47.679,48.0222,47.3359,47.5075,861.31314655975,0
ABE,D,20211119,000000,47.5075,47.8507,46.6504,46.8221,3103.6973729481,0
ABE,D,20211122,000000,46.6504,46.6504,43.7345,44.9355,11089.692343239,0
ABE,D,20211123,000000,45.4494,46.3073,43.7345,43.9061,18025.890520839,0
ABE,D,20211124,000000,44.4208,45.1071,43.7345,44.0776,2353.1897638105,0
ABE,D,20211125,000000,44.0776,44.764,42.7058,42.8774,5501.437816753,0
ABE,D,20211126,000000,42.8774,42.8774,40.2188,40.2188,6932.7712022164,0
ABE,D,20211129,000000,39.9616,40.6478,39.0178,39.1894,36581.8199011,0
ABE,D,20211130,000000,39.1036,39.4467,38.7613,39.1894,5516.2880434178,0
ABE,D,20211201,000000,39.1894,40.0474,38.6756,40.0474,110273.21391247,0
ABE,D,20211202,000000,39.6183,40.5619,38.8471,40.3046,9243.6949362885,0
ABE,D,20211203,000000,41.0759,42.4485,41.0759,41.6764,119339.8484539,0
ABE,D,20211206,000000,41.0759,42.1912,40.9901,42.0195,7947.1559159366,0
ABE,D,20211207,000000,42.8075,44.996,42.8075,43.9455,4803.4771635063,0
ABE,D,20211208,000000,43.9455,44.996,43.9455,44.8208,13963.782365446,0
ABE,D,20211209,000000,45.171,47.6222,45.171,46.3966,7738.110417501,0
ABE,D,20211210,000000,46.9219,46.9219,45.5212,46.2216,3952.4449430991,0
ABE,D,20211213,000000,46.3966,47.097,46.2216,46.5717,10844.092440705,0
ABE,D,20211214,000000,46.7469,46.9219,46.5717,46.5717,11454.094059091,0
ABE,D,20211215,000000,46.7469,46.7469,44.996,45.8713,2453.71437508,0
ABE,D,20211216,000000,45.8713,46.3966,45.171,45.5212,3413.2674826532,0
ABE,D,20211217,000000,45.171,46.0465,44.2956,44.8208,2729.0147309433,0
ABE,D,20211220,000000,44.6457,44.6457,42.1071,42.4573,4796.6232127379,0
ABE,D,20211221,000000,42.4573,43.3327,42.2822,43.3327,7579.3272247002,0
ABE,D,20211222,000000,43.5953,45.5212,43.5953,44.996,3424.6907339339,0
ABE,D,20211223,000000,45.3461,45.5212,44.996,44.996,909.29080193841,0
ABE,D,20211227,000000,45.3461,45.3461,42.6324,42.7199,4048.4002538565,0
ABE,D,20211228,000000,42.9825,46.2216,42.895,45.5212,17246.8247835,0
ABE,D,20211229,000000,45.5212,45.5212,44.8208,45.5212,1213.1492860033,0
ABE,D,20211230,000000,45.5212,48.1474,44.996,47.2721,9231.1293598798,0
ABE,D,20220103,000000,47.9723,47.9723,46.9219,47.2721,3803.9426764509,0
ABE,D,20220104,000000,47.2721,47.2721,46.5717,47.097,2088.1703340998,0
ABE,D,20220105,000000,47.2721,47.2721,44.996,45.8713,4667.5404732668,0
ABE,D,20220107,000000,46.3966,46.3966,45.5212,45.5212,1180.0218572894,0
ABE,D,20220110,000000,45.3461,46.2216,45.3461,46.2216,1507.8691690436,0
ABE,D,20220111,000000,46.2216,46.3966,46.0465,46.0465,871.59407271232,0
ABE,D,20220112,000000,46.3966,46.5717,46.0465,46.0465,1386.7827054689,0
ABE,D,20220113,000000,46.5717,46.9219,46.2216,46.9219,1766.0346479859,0
ABE,D,20220114,000000,46.5717,47.097,46.2216,46.2216,1993.3573484705,0
ABE,D,20220117,000000,46.3966,47.2721,46.2216,46.9219,2257.2344530531,0
ABE,D,20220118,000000,46.9219,47.097,46.2216,46.2216,1973.9378212934,0
ABE,D,20220119,000000,46.2216,47.2721,46.0465,46.5717,42339.138546539,0
ABE,D,20220120,000000,46.0465,47.2721,46.0465,46.7469,10194.109442837,0
ABE,D,20220121,000000,46.0465,46.2216,44.2956,44.8208,6407.3016433072,0
ABE,D,20220124,000000,44.6457,44.8208,41.1441,41.1441,8678.2439978971,0
ABE,D,20220125,000000,40.4438,42.4573,40.4438,41.2318,4023.2691010391,0
ABE,D,20220126,000000,41.757,44.2956,41.757,43.2452,6554.6615848274,0
ABE,D,20220127,000000,44.1205,44.6457,42.895,44.6457,573.44721428779,0
ABE,D,20220128,000000,44.6457,44.8208,42.4573,42.5447,4537.3154086676,0
ABE,D,20220131,000000,42.5447,43.7704,42.5447,43.7704,2679.8947504366,0
ABE,D,20220201,000000,44.6457,44.6457,43.1576,43.3327,996.10751167123,0
ABE,D,20220202,000000,43.5077,44.2956,42.4573,43.6828,3143.6787524303,0
ABE,D,20220203,000000,44.6457,44.6457,42.5447,42.6324,1608.3937803132,0
ABE,D,20220204,000000,43.1576,43.3327,42.5447,42.5447,1247.4190398452,0
ABE,D,20220207,000000,42.4573,42.895,41.3192,41.8445,3570.908350326,0
ABE,D,20220208,000000,42.0195,42.7199,42.0195,42.0195,1815.1546284926,0
ABE,D,20220209,000000,42.0195,42.1071,41.757,41.757,7233.202710897,0
ABE,D,20220210,000000,42.0195,42.3697,41.932,41.932,351.83613944351,0
ABE,D,20220211,000000,41.5819,42.2822,41.5819,42.0195,343.83986354706,0
ABE,D,20220214,000000,41.932,41.932,39.4809,40.969,5293.5346434455,0
ABE,D,20220215,000000,40.4438,42.4573,40.4438,42.3697,2789.5579627307,0
ABE,D,20220216,000000,42.1946,42.895,42.1071,42.1071,1044.0851670499,0
ABE,D,20220217,000000,42.5447,42.5447,41.8445,42.1071,3520.6460446912,0
ABE,D,20220218,000000,41.8445,43.5953,41.4068,43.4203,4412.8019697087,0
ABE,D,20220221,000000,42.895,43.07,42.1071,42.5447,3430.4023595742,0
ABE,D,20220222,000000,41.5819,42.3697,40.7939,41.5819,11907.597134932,0
ABE,D,20220223,000000,41.4068,42.1946,41.4068,41.4942,1722.6262931195,0
ABE,D,20220224,000000,39.3934,39.3934,36.4169,37.6425,25695.461430657,0
ABE,D,20220225,000000,37.6425,40.0938,36.7672,38.0802,16137.627084151,0
ABE,D,20220228,000000,37.1173,38.518,36.1543,38.518,4083.8123328264,0
ABE,D,20220301,000000,38.8681,39.4809,38.3429,39.4809,7730.1141416046,0
ABE,D,20220302,000000,40.2687,42.0195,39.0432,39.5685,9088.3387188719,0
ABE,D,20220303,000000,39.0432,40.0938,38.693,39.831,3128.8285257655,0
ABE,D,20220304,000000,39.3934,40.969,39.2183,39.2183,11379.842925767,0
ABE,D,20220307,000000,38.518,38.518,36.7672,37.6425,16377.515361044,0
ABE,D,20220308,000000,36.9422,38.518,36.9422,38.518,2975.756958605,0
ABE,D,20220309,000000,38.3429,40.969,38.3429,39.831,2324.6316356089,0
ABE,D,20220310,000000,40.8815,41.932,40.5313,41.1441,1345.6590008586,0
ABE,D,20220311,000000,41.4942,41.5819,39.831,40.7939,1504.4421936594,0
ABE,D,20220314,000000,39.831,41.1441,39.0432,40.0061,3615.4590303204,0
ABE,D,20220315,000000,39.1307,39.831,38.9556,38.9556,2326.916285865,0
ABE,D,20220316,000000,38.7805,40.2687,38.7805,39.1307,9420.7553311383,0
ABE,D,20220317,000000,38.693,40.2687,38.693,38.9556,7134.9627498836,0
ABE,D,20220318,000000,38.518,39.656,38.0802,38.3429,9439.0325331873,0
ABE,D,20220321,000000,38.4304,39.5685,38.3429,39.3934,7501.6491159919,0
ABE,D,20220322,000000,39.3934,39.3934,39.0432,39.1307,3182.5178067844,0
ABE,D,20220323,000000,39.1307,39.1307,38.518,39.0432,2099.5935853804,0
ABE,D,20220324,000000,39.0432,39.3934,38.6054,39.3934,1248.5613649732,0
ABE,D,20220325,000000,39.3934,39.3934,39.0432,39.3058,1947.664343348,0
ABE,D,20220328,000000,39.0432,39.656,38.9556,39.3058,3029.446239624,0
ABE,D,20220329,000000,39.3934,41.8445,39.0432,39.3934,5988.068321308,0
ABE,D,20220330,000000,40.0938,41.4068,39.7435,41.4068,4726.9413799261,0
ABE,D,20220331,000000,41.4068,42.7199,41.1441,42.2822,34597.601153654,0
ABE,D,20220401,000000,42.4573,43.5953,41.6694,41.6694,2424.0139217504,0
ABE,D,20220404,000000,42.5447,43.07,41.4068,43.07,31842.312944765,0
ABE,D,20220405,000000,43.1576,43.3327,42.895,43.07,878.4480234807,0
ABE,D,20220406,000000,43.07,43.1576,42.1071,42.1071,990.39588603091,0
ABE,D,20220407,000000,41.6694,42.8075,41.6694,42.7199,617.99789428226,0
ABE,D,20220408,000000,42.8075,42.8075,41.8445,42.0195,1912.252264378,0
ABE,D,20220411,000000,42.0195,42.0195,40.3562,41.4942,3325.3084477924,0
ABE,D,20220412,000000,41.5819,41.5819,40.7939,40.969,20011.251593413,0
ABE,D,20220413,000000,40.969,41.2318,40.969,41.2318,360.97474046801,0
ABE,D,20220414,000000,41.4942,41.4942,41.3192,41.3192,151.92924203242,0
ABE,D,20220419,000000,41.1441,41.4068,40.3562,40.4001,1255.4153157416,0
ABE,D,20220420,000000,40.4001,41.9759,40.4001,41.932,9985.0639444016,0
ABE,D,20220421,000000,41.932,42.3697,41.932,42.3697,3409.840507269,0
ABE,D,20220422,000000,42.3697,42.3697,41.1003,42.1946,1326.2394736815,0
ABE,D,20220425,000000,40.2687,40.969,40.2687,40.5751,1819.7239290049,0
ABE,D,20220426,000000,40.8378,41.757,40.7939,41.1441,3544.6348723805,0
ABE,D,20220427,000000,41.5819,41.5819,40.4438,40.4438,333.55893739449,0
ABE,D,20220428,000000,40.5313,40.969,40.2687,40.2687,1395.9213064934,0
ABE,D,20220429,000000,41.4942,41.4942,40.5313,40.5313,261.5924543265,0
ABE,D,20220502,000000,40.0061,40.0938,38.9556,39.5685,715.09553016765,0
ABE,D,20220504,000000,39.3934,40.4438,38.9556,40.2687,1884.8364613045,0
ABE,D,20220505,000000,40.4438,41.1879,40.4438,41.1879,773.35411169888,0
ABE,D,20220506,000000,40.2687,40.6189,40.2687,40.2687,4003.849573862,0
ABE,D,20220509,000000,40.2687,41.1441,40.2687,40.3126,2768.9961104255,0
ABE,D,20220510,000000,40.2687,40.5313,40.2687,40.3126,953.84148193288,0
ABE,D,20220511,000000,40.2687,40.3126,39.656,40.2687,4312.2773584391,0
ABE,D,20220512,000000,40.2687,40.4001,39.3934,40.4001,2059.6122058982,0
ABE,D,20220513,000000,41.1441,41.1441,39.831,41.0567,1060.0777188428,0
ABE,D,20220516,000000,41.1441,41.1441,40.3562,41.1441,1001.8191373115,0
ABE,D,20220517,000000,40.4438,41.1003,40.2687,40.2687,238.74595176524,0
ABE,D,20220518,000000,40.2687,40.969,40.2687,40.969,1353.655276755,0
ABE,D,20220519,000000,40.0938,40.2687,39.0432,39.5685,6922.4902760638,0
ABE,D,20220520,000000,39.5685,41.6694,39.5685,41.1441,1285.1157690712,0
ABE,D,20220523,000000,41.1879,41.6694,41.1441,41.6694,2018.4885012879,0
ABE,D,20220524,000000,41.6694,42.1946,41.6694,42.1946,12821.457237383,0
ABE,D,20220525,000000,41.5819,42.2384,41.1441,41.1441,1118.336300374,0
ABE,D,20220526,000000,40.9253,41.8008,40.6627,41.6256,1793.4504510594,0
ABE,D,20220527,000000,41.5381,41.5381,41.0567,41.3192,893.29825014553,0
ABE,D,20220530,000000,41.757,42.2822,41.3192,42.1946,2122.4400879417,0
ABE,D,20220531,000000,41.6256,43.07,41.6256,42.6324,1137.7558275511,0
ABE,D,20220601,000000,43.1138,43.1138,42.6324,42.7199,542.60443583008,0
ABE,D,20220602,000000,42.895,42.895,42.6324,42.6324,576.87418967198,0
ABE,D,20220603,000000,42.895,42.895,42.5447,42.895,791.63131374789,0
ABE,D,20220606,000000,42.8075,42.8075,42.1946,42.5447,795.05828913208,0
ABE,D,20220607,000000,42.5447,42.7199,41.757,42.7199,1437.0450111037,0
ABE,D,20220608,000000,41.6694,41.8882,41.6694,41.8882,1016.6693639764,0
ABE,D,20220609,000000,42.0195,42.1071,41.6256,41.6256,624.85184505064,0
ABE,D,20220610,000000,41.6694,41.757,41.3192,41.757,429.51424815181,0
ABE,D,20220613,000000,41.5819,41.5819,39.831,40.6189,7105.2622965539,0
ABE,D,20220614,000000,40.6189,41.3192,39.3934,39.3934,2588.5087401915,0
ABE,D,20220615,000000,39.1307,40.2687,39.1307,40.2687,1274.8348429187,0
ABE,D,20220617,000000,39.1307,40.0938,39.0869,39.7435,1106.9130490934,0
ABE,D,20220620,000000,39.5685,39.5685,38.9556,38.9556,1038.3735414096,0
ABE,D,20220621,000000,39.3934,40.2687,39.3934,39.7435,935.56427988387,0
ABE,D,20220622,000000,39.7435,40.7065,39.1307,40.7065,1157.1753547282,0
ABE,D,20220623,000000,40.7065,40.7065,39.831,40.2687,4291.7155061339,0
ABE,D,20220624,000000,40.7065,40.7065,39.3934,40.1374,8816.4653383928,0
ABE,D,20220627,000000,40.1374,40.7502,39.3058,40.7502,2055.0429053859,0
ABE,D,20220628,000000,40.7065,40.7065,40.0938,40.5313,1786.5965002911,0
ABE,D,20220629,000000,40.5313,40.5751,40.2687,40.5751,3701.1334149252,0
ABE,D,20220630,000000,40.5313,40.8378,40.2687,40.2687,1696.352815174,0
ABE,D,20220701,000000,40.2687,40.7939,40.2687,40.7939,1772.8885987543,0
ABE,D,20220704,000000,40.4001,40.4001,39.9623,39.9623,596.29371684906,0
ABE,D,20220705,000000,40.2687,40.2687,39.831,39.831,696.81832811863,0
ABE,D,20220706,000000,40.2687,40.2687,38.2553,38.2553,2412.5906704698,0
ABE,D,20220707,000000,38.2991,39.1745,38.2553,38.518,1162.8869803685,0
ABE,D,20220708,000000,38.1678,38.693,38.1678,38.1678,611.14394351388,0
ABE,D,20220711,000000,38.2553,38.6493,38.124,38.518,592.86674146487,0
ABE,D,20220712,000000,38.2553,38.4742,38.2553,38.4742,204.47619792334,0
ABE,D,20220713,000000,38.4742,38.4742,36.3294,36.6795,2503.9766807148,0
ABE,D,20220714,000000,36.6795,37.4675,33.0904,33.353,11537.48379344,0
ABE,D,20220715,000000,33.7031,34.1409,33.3093,33.7907,1841.4281064381,0
ABE,D,20220718,000000,34.0096,34.1409,33.7907,33.7907,1006.3884378238,0
ABE,D,20220719,000000,34.491,36.1543,33.353,33.353,1488.4496418665,0
ABE,D,20220720,000000,33.4406,33.8782,33.3093,33.3093,4750.9302076154,0
ABE,D,20220721,000000,32.8278,33.3093,32.7402,33.0467,2393.1711432927,0
ABE,D,20220722,000000,33.0029,33.8782,32.7402,33.8782,6121.7203612914,0
ABE,D,20220725,000000,33.9658,34.3598,33.2655,33.2655,6543.2383335468,0
ABE,D,20220726,000000,33.0029,33.6157,32.3901,32.6966,8357.2506369113,0
ABE,D,20220727,000000,32.6966,33.1779,32.1274,32.3901,1497.588242891,0
ABE,D,20220728,000000,32.6966,32.7402,32.3901,32.3901,7842.0620041548,0
ABE,D,20220729,000000,32.3901,32.8278,32.3901,32.5651,2556.5236366057,0
ABE,D,20220801,000000,32.5651,33.4406,32.5651,33.4406,4597.8586404549,0
ABE,D,20220802,000000,33.7907,34.7974,33.7907,34.4473,13222.413357333,0
ABE,D,20220803,000000,34.4036,35.1914,34.1847,35.1476,2073.3201074349,0
ABE,D,20220804,000000,35.1476,35.1476,34.6661,34.9726,4851.454818885,0
ABE,D,20220805,000000,34.9726,35.279,34.8412,35.279,2245.8112017725,0
ABE,D,20220808,000000,35.3227,35.3664,34.9288,34.9726,1861.9899587432,0
ABE,D,20220809,000000,34.9288,35.279,34.885,34.885,1914.5369146341,0
ABE,D,20220810,000000,35.0163,35.0163,33.7907,34.3159,3583.4739267347,0
ABE,D,20220811,000000,34.4473,35.4103,34.3598,34.7537,1807.1583525962,0
ABE,D,20220812,000000,35.1914,35.4103,35.0163,35.3227,1378.7864295724,0
ABE,D,20220816,000000,35.3664,35.3664,34.8412,35.0163,1747.7574459369,0
ABE,D,20220817,000000,35.3227,35.3227,34.2285,34.7537,2575.9431637828,0
ABE,D,20220818,000000,34.7099,35.0163,34.3159,34.885,1707.7760664547,0
ABE,D,20220819,000000,34.885,34.885,34.885,34.885,68.5395076838,0
ABE,D,20220822,000000,35.0163,35.0163,33.7907,34.1409,2316.6353597124,0
ABE,D,20220823,000000,35.1039,35.2352,34.3159,35.0163,122.22878870278,0
ABE,D,20220824,000000,35.0163,35.0163,34.9726,34.9726,507.19235686012,0
ABE,D,20220825,000000,35.0163,35.0163,34.3159,34.6661,1005.2461126957,0
ABE,D,20220826,000000,34.6661,34.6661,33.7907,33.7907,1409.6292080302,0
ABE,D,20220829,000000,33.7031,33.7031,32.959,32.959,3292.1810190785,0
ABE,D,20220830,000000,32.959,33.7031,32.3901,32.9153,8288.7111292275,0
ABE,D,20220831,000000,32.2588,32.5651,31.5584,31.6897,3500.0841923861,0
ABE,D,20220901,000000,32.3901,32.3901,31.5584,32.1274,915.00242757873,0
ABE,D,20220902,000000,31.7335,31.8648,31.5146,31.8648,488.91515481111,0
ABE,D,20220905,000000,31.5146,31.6897,31.3833,31.6897,547.17373634234,0
ABE,D,20220906,000000,31.5146,32.0398,31.1208,31.1208,3550.3464980208,0
ABE,D,20220907,000000,31.1208,31.4709,31.0332,31.2958,445.5067999447,0
ABE,D,20220908,000000,31.6897,31.8648,30.0264,30.4204,8649.6858696956,0
ABE,D,20220909,000000,30.6393,31.7335,30.5517,31.7335,2035.6233782089,0
ABE,D,20220912,000000,31.7335,33.1779,31.6897,32.784,2876.3746724635,0
ABE,D,20220913,000000,33.0029,33.0904,32.6966,32.784,340.41288816287,0
ABE,D,20220914,000000,32.2149,32.2588,32.2149,32.2149,514.0463076285,0
ABE,D,20220915,000000,32.3901,32.9153,32.3901,32.9153,146.21761639211,0
ABE,D,20220916,000000,32.6527,33.1341,32.4338,32.9153,1021.2386644886,0
ABE,D,20220919,000000,32.7402,33.7469,32.3026,33.7469,4027.8384015513,0
ABE,D,20220920,000000,33.7469,33.8782,33.3093,33.8782,2182.983319729,0
ABE,D,20220921,000000,33.8782,35.0163,33.0904,34.9288,3293.3233442066,0
ABE,D,20220922,000000,34.9288,34.9288,34.5787,34.7974,645.41369735578,0
ABE,D,20220923,000000,34.7974,34.7974,33.9658,34.1847,2516.5422571235,0
ABE,D,20220926,000000,33.7907,34.097,33.2655,33.2655,2491.4111043061,0
ABE,D,20220927,000000,33.353,34.2721,33.353,33.8782,8842.7388163383,0
ABE,D,20220928,000000,34.1409,34.7974,32.9153,32.9153,1793.4504510594,0
ABE,D,20220929,000000,32.8278,32.8278,31.5146,31.5146,3624.597631345,0
ABE,D,20220930,000000,31.9524,33.6595,31.9524,33.2655,2298.3581576634,0
ABE,D,20221003,000000,33.9658,33.9658,32.6527,32.8716,1569.554725959,0
ABE,D,20221004,000000,33.2655,33.2655,32.9153,32.9153,756.21923477793,0
ABE,D,20221005,000000,32.9153,33.0904,32.7402,33.0904,2009.3499002634,0
ABE,D,20221006,000000,33.4406,33.4843,33.0904,33.4843,915.00242757873,0
ABE,D,20221007,000000,33.4843,33.6157,33.0029,33.6157,1835.7164807978,0
ABE,D,20221010,000000,33.5718,34.4036,33.5718,34.1409,27010.277653058,0
ABE,D,20221011,000000,34.1409,34.9288,34.097,34.9288,29164.702844585,0
ABE,D,20221012,000000,35.6291,35.6728,33.922,34.0534,1697.4951403021,0
ABE,D,20221013,000000,34.0534,34.4036,33.8346,34.4036,7715.2639149398,0
ABE,D,20221014,000000,34.5787,35.5415,34.5787,35.5415,908.14847681035,0
ABE,D,20221017,000000,35.279,35.4103,35.279,35.3664,667.11787478899,0
ABE,D,20221018,000000,35.3664,37.6425,35.3664,37.6425,4812.6157645308,0
ABE,D,20221019,000000,38.2115,38.2115,36.3732,37.6425,3236.2070878034,0
ABE,D,20221020,000000,37.6425,37.6425,37.0735,37.555,5791.5883992811,0
ABE,D,20221021,000000,37.8614,37.8614,37.0735,37.2047,1138.8981526791,0
ABE,D,20221024,000000,37.2047,37.6425,36.5483,37.0735,822.4740922056,0
ABE,D,20221025,000000,37.3799,37.5987,37.0735,37.5987,821.33176707754,0
ABE,D,20221026,000000,37.6864,37.6864,36.9422,36.9861,836.18199374236,0
ABE,D,20221027,000000,37.1173,37.1612,36.5483,36.7672,1125.1902511424,0
ABE,D,20221028,000000,36.7672,36.7672,36.023,36.3294,3498.941867258,0
ABE,D,20221031,000000,36.2419,36.5483,35.8917,35.8917,9585.2501495794,0
ABE,D,20221102,000000,36.023,36.023,35.7166,35.7166,13758.163842395,0
ABE,D,20221103,000000,35.4978,35.9792,35.4978,35.6291,1453.0375628966,0
ABE,D,20221104,000000,35.6291,36.7233,35.5415,36.7233,3375.5707534271,0
ABE,D,20221107,000000,36.7672,37.3362,36.2419,36.4169,1254.2729906135,0
ABE,D,20221108,000000,36.5921,36.5921,35.7166,36.023,1245.134389589,0
ABE,D,20221109,000000,36.023,36.2856,34.6661,34.7974,2933.4909288666,0
ABE,D,20221110,000000,34.7099,35.06,34.7099,35.0163,1068.0739947392,0
ABE,D,20221114,000000,35.4978,35.4978,34.9288,35.279,3245.3456888279,0
ABE,D,20221115,000000,35.4103,35.4103,35.0163,35.2352,21908.653631127,0
ABE,D,20221116,000000,35.4978,35.7604,34.8412,35.6728,6941.9098032409,0
ABE,D,20221117,000000,35.6728,38.1678,35.4103,37.8176,5322.0927716471,0
ABE,D,20221118,000000,37.8176,39.9187,37.3799,39.3934,5295.8192937016,0
ABE,D,20221121,000000,39.3934,41.757,39.3934,41.5381,6378.7435151057,0
ABE,D,20221122,000000,41.4068,41.4068,40.3562,40.5751,4443.6447481664,0
ABE,D,20221123,000000,40.6189,41.6694,40.5751,40.9253,3147.1057278145,0
ABE,D,20221124,000000,40.969,41.1441,39.831,40.5751,75451.717033711,0
ABE,D,20221125,000000,40.9253,40.9253,39.6121,40.0061,3269.3345165173,0
ABE,D,20221128,000000,40.2687,40.6189,40.0061,40.6189,1355.9399270112,0
ABE,D,20221129,000000,40.6189,41.3192,40.6189,41.3192,1320.5278480412,0
ABE,D,20221130,000000,41.2318,41.3192,40.7065,41.3192,919.57172809098,0
ABE,D,20221201,000000,41.932,42.326,41.4068,42.1509,2960.9067319402,0
ABE,D,20221202,000000,42.1071,42.326,41.932,42.326,1985.3610725741,0
ABE,D,20221205,000000,42.4573,43.7704,42.4573,43.1576,12299.414653858,0
ABE,D,20221206,000000,42.895,43.5515,42.7199,43.5515,39783.757235062,0
ABE,D,20221207,000000,43.7266,45.0835,43.7266,45.0835,4132.9323133331,0
ABE,D,20221208,000000,44.6457,45.0835,44.2956,44.2956,4474.4875266241,0
ABE,D,20221209,000000,44.3833,44.4707,43.6391,43.8579,6265.6533274274,0
ABE,D,20221212,000000,44.1205,45.0835,43.8579,45.0835,3477.2376898248,0
ABE,D,20221213,000000,44.2081,44.9084,44.1205,44.9084,10978.886805817,0
ABE,D,20221214,000000,45.3461,46.6592,44.9084,45.171,26035.874318819,0
ABE,D,20221215,000000,45.0835,45.2585,44.7333,45.2585,3058.0043678255,0
ABE,D,20221216,000000,45.9589,46.0465,44.6457,45.0835,4673.2520989071,0
ABE,D,20221219,000000,45.9589,46.2216,45.171,45.9589,3417.8367831655,0
ABE,D,20221220,000000,45.8713,45.8713,45.2585,45.3461,7963.1484677295,0
ABE,D,20221221,000000,45.3461,45.3461,45.0835,45.2585,2598.7896663441,0
ABE,D,20221222,000000,45.3461,45.6087,44.7333,44.9084,3230.4954621631,0
ABE,D,20221223,000000,44.9084,45.2585,44.7333,44.996,2477.7032027694,0
ABE,D,20221227,000000,44.996,44.996,43.7704,44.6457,3327.5930980485,0
ABE,D,20221228,000000,44.5112,44.7804,44.3317,44.7804,5518.1471217865,0
ABE,D,20221229,000000,44.3317,44.6907,44.1971,44.3317,10412.271144179,0
ABE,D,20221230,000000,43.9727,44.601,43.9727,44.2869,8802.0686823489,0
ABE,D,20230102,000000,44.3766,46.1265,44.3766,46.1265,1777.3515063105,0
ABE,D,20230103,000000,46.4855,47.3829,45.5881,47.3829,11397.336179651,0
ABE,D,20230104,000000,47.4727,48.37,47.3829,48.1905,3658.3354201989,0
ABE,D,20230105,000000,48.1007,48.2802,47.5623,47.5623,4520.8244897189,0
ABE,D,20230109,000000,47.3829,48.8187,47.0239,48.2802,7166.2367003653,0
ABE,D,20230110,000000,48.1905,49.3572,47.2034,47.2931,4414.9634282145,0
ABE,D,20230111,000000,48.011,48.8187,47.2931,47.5623,7226.4103563784,0
ABE,D,20230112,000000,47.5623,47.6521,47.0239,47.3829,5053.4727781304,0
ABE,D,20230113,000000,47.1136,47.2034,45.7675,47.2034,4336.9605407902,0
ABE,D,20230116,000000,47.0239,47.1136,46.1265,46.8444,6948.9429425406,0
ABE,D,20230117,000000,47.2034,47.2034,45.6777,46.1265,11006.207415567,0
ABE,D,20230118,000000,46.2162,46.5752,45.7675,45.947,4184.2977468313,0
ABE,D,20230119,000000,45.947,45.947,44.8702,44.8702,6528.8416774126,0
ABE,D,20230120,000000,44.8702,45.7675,44.556,44.8702,5690.8678010832,0
ABE,D,20230123,000000,44.9599,44.9599,42.6266,44.4214,7852.662109699,0
ABE,D,20230124,000000,44.8702,46.4855,44.7804,46.0368,5412.2860602821,0
ABE,D,20230125,000000,46.0368,46.1265,45.229,45.229,1862.040355514,0
ABE,D,20230126,000000,45.7675,46.9342,45.3188,46.6649,3307.3224267897,0
ABE,D,20230127,000000,47.5623,47.6521,45.0497,46.2162,5395.5711558341,0
ABE,D,20230130,000000,46.3958,46.3958,45.3188,45.5881,2156.2226737999,0
ABE,D,20230131,000000,45.5881,46.0368,45.4085,46.0368,2980.8246265709,0
ABE,D,20230201,000000,46.0368,46.0368,45.0497,46.0368,1381.765434373,0
ABE,D,20230202,000000,46.306,47.5623,46.2162,47.2034,2366.8304698454,0
ABE,D,20230203,000000,47.2034,47.5623,46.8444,47.3829,1221.3023516717,0
ABE,D,20230206,000000,47.3829,49.3572,45.5881,48.9982,12955.16527421,0
ABE,D,20230207,000000,48.4598,48.4598,47.9214,48.1905,5822.3583827412,0
ABE,D,20230208,000000,47.7418,48.1007,47.2931,47.3829,2989.7392422765,0
ABE,D,20230209,000000,46.6649,47.8316,46.4855,46.9342,5400.0284636869,0
ABE,D,20230210,000000,46.5752,46.8444,45.4983,45.7675,4012.6913944978,0
ABE,D,20230213,000000,45.7675,45.8573,45.229,45.4085,714.28358341381,0
ABE,D,20230214,000000,45.4085,45.4085,44.6907,44.6907,13770.852611276,0
ABE,D,20230215,000000,44.8702,44.8702,44.601,44.8702,1684.8623683645,0
ABE,D,20230216,000000,44.8702,45.4085,44.8702,45.0497,9088.4507118924,0
ABE,D,20230217,000000,44.9599,45.4085,43.9727,43.9727,8318.4507803183,0
ABE,D,20230220,000000,43.9727,44.6907,43.9727,44.601,648.53829258477,0
ABE,D,20230221,000000,44.6907,44.8702,44.601,44.8253,2585.2385546334,0
ABE,D,20230222,000000,44.8702,46.2162,44.2419,44.8702,4224.4135175066,0
ABE,D,20230223,000000,44.8702,44.9599,44.8253,44.9599,543.79155804358,0
ABE,D,20230224,000000,44.8702,44.8702,44.7804,44.8702,181.63529500226,0
ABE,D,20230227,000000,44.8702,44.8702,44.3317,44.7804,1509.9130351415,0
ABE,D,20230228,000000,44.8253,44.8253,44.5112,44.7355,138.1765434373,0
ABE,D,20230301,000000,44.2419,44.8702,44.2419,44.8702,1859.8117015876,0
ABE,D,20230302,000000,44.8702,44.8702,43.1651,44.3766,4750.3758441389,0
ABE,D,20230303,000000,44.3766,45.5881,44.3766,45.5881,4547.5683368358,0
ABE,D,20230306,000000,45.5881,46.5752,45.5881,46.4855,2053.7045931851,0
ABE,D,20230307,000000,46.4855,46.5752,46.0368,46.306,1064.1822498599,0
ABE,D,20230308,000000,46.2162,47.2931,44.8702,47.2931,3349.6668513914,0
ABE,D,20230309,000000,47.4727,50.0751,47.2931,48.9982,67127.056263413,0
ABE,D,20230310,000000,48.8187,48.8187,46.8444,48.1007,6255.8315714276,0
ABE,D,20230313,000000,48.4598,48.4598,45.6777,47.6521,3973.6899507857,0
ABE,D,20230314,000000,47.2034,47.7418,46.9342,47.2931,3322.9230042745,0
ABE,D,20230315,000000,47.2931,47.2931,46.0368,46.0368,2901.7074121834,0
ABE,D,20230316,000000,46.2162,46.2162,45.7675,45.8573,2550.6944187741,0
ABE,D,20230317,000000,46.2162,46.2162,45.8573,45.947,6326.0341701095,0
ABE,D,20230320,000000,45.4983,45.947,44.8702,45.7675,3077.7710723696,0
ABE,D,20230321,000000,45.3188,46.2162,45.3188,45.7675,8313.9934724655,0
ABE,D,20230322,000000,45.5881,46.3958,45.5881,45.8573,12433.660255431,0
ABE,D,20230323,000000,45.8573,46.2162,45.4983,45.4983,3571.417917069,0
ABE,D,20230324,000000,45.4983,45.6777,45.0497,45.0497,3298.407811084,0
ABE,D,20230327,000000,45.0497,46.6649,44.8702,45.3188,6976.8011166207,0
ABE,D,20230328,000000,45.7675,45.8573,45.3188,45.4085,7110.5203522051,0
ABE,D,20230329,000000,45.4085,47.1136,45.3188,45.6777,24705.743101197,0
ABE,D,20230330,000000,45.6777,45.8573,45.4983,45.4983,4530.8534323877,0
ABE,D,20230331,000000,45.6777,46.6649,45.6777,45.7675,4409.3917933985,0
ABE,D,20230403,000000,45.7675,46.0368,45.6777,46.0368,13672.791838514,0
ABE,D,20230404,000000,45.7675,45.7675,45.4983,45.4983,2922.8796244843,0
ABE,D,20230405,000000,45.5881,45.7675,45.4085,45.4085,1937.8145890119,0
ABE,D,20230406,000000,45.7675,45.7675,45.4085,45.4085,1927.785646343,0
ABE,D,20230411,000000,45.4983,46.4855,45.4085,46.0368,8483.3711708725,0
ABE,D,20230412,000000,45.7675,45.7675,45.4085,45.4983,5776.6709772499,0
ABE,D,20230413,000000,45.4983,46.2162,45.4983,46.0368,2094.9346908236,0
ABE,D,20230414,000000,46.0368,46.0368,45.4983,45.5881,6158.8851256289,0
ABE,D,20230417,000000,45.7675,47.0239,45.5881,46.7546,2272.1126779731,0
ABE,D,20230418,000000,46.8444,47.5623,46.1265,46.1265,7150.6361228805,0
ABE,D,20230419,000000,46.1265,46.6649,45.4983,45.947,5047.9011433144,0
ABE,D,20230420,000000,45.7675,45.947,45.5881,45.7675,3077.7710723696,0
ABE,D,20230421,000000,45.7675,45.947,44.4214,45.229,3953.632065448,0
ABE,D,20230424,000000,45.229,45.4085,44.5112,44.5112,1536.6568822584,0
ABE,D,20230425,000000,44.8702,45.5881,44.5112,45.0497,3549.1313778049,0
ABE,D,20230426,000000,45.0497,45.5881,44.8702,44.8702,625.13742635748,0
ABE,D,20230427,000000,44.8702,44.8702,43.9727,44.5112,2219.7393107025,0
ABE,D,20230428,000000,44.4214,45.7675,44.2419,45.4085,3687.3079212423,0
ABE,D,20230502,000000,45.4085,46.1265,44.8702,45.4085,5111.417780217,0
ABE,D,20230504,000000,45.4085,45.7675,43.9727,44.8702,2309.999794722,0
ABE,D,20230505,000000,45.7675,45.7675,44.8702,45.5881,885.88993574723,0
ABE,D,20230508,000000,45.7675,45.7675,44.7804,44.7804,4535.3107402405,0
ABE,D,20230509,000000,44.6907,45.0497,43.0753,43.1651,10060.143823806,0
ABE,D,20230510,000000,43.1651,43.4343,42.0882,42.6266,27236.379634634,0
ABE,D,20230511,000000,42.8958,42.8958,41.7293,42.3573,9265.6286990418,0
ABE,D,20230512,000000,42.3573,42.3573,41.5497,41.5497,3327.3803121273,0
ABE,D,20230515,000000,41.7293,42.0882,41.101,41.101,18882.270391493,0
ABE,D,20230516,000000,41.7293,42.2677,41.46,41.46,19477.320989844,0
ABE,D,20230517,000000,42.0882,42.0882,41.1908,41.2805,2265.4267161939,0
ABE,D,20230518,000000,41.2805,41.9985,41.2805,41.9985,2171.8232512847,0
ABE,D,20230519,000000,42.178,42.178,41.2805,41.46,4687.9735341995,0
ABE,D,20230522,000000,41.6395,42.5369,41.2805,41.46,5677.4958775247,0
ABE,D,20230523,000000,41.6395,42.178,41.6395,42.178,8570.2886740025,0
ABE,D,20230524,000000,42.5369,42.9856,42.0882,42.8958,32159.476158069,0
ABE,D,20230525,000000,42.8958,43.9727,42.6266,43.3445,23507.841615753,0
ABE,D,20230526,000000,43.7932,45.0497,43.5241,44.1522,12414.716697056,0
ABE,D,20230529,000000,44.601,45.5881,43.5241,45.229,5346.5407694531,0
ABE,D,20230530,000000,45.5881,45.947,43.9727,44.5112,8325.1367420976,0
ABE,D,20230531,000000,44.5112,44.7804,43.0753,43.0753,4757.0618059182,0
ABE,D,20230601,000000,43.6138,44.3317,43.3445,43.3445,3399.8115647356,0
ABE,D,20230602,000000,43.5241,45.4085,43.0753,44.601,43249.258095876,0
ABE,D,20230605,000000,45.0497,46.6649,44.2419,45.947,8162.4450054698,0
ABE,D,20230606,000000,45.7675,47.5623,45.7675,47.0239,3998.2051439762,0
ABE,D,20230607,000000,46.8444,48.4598,46.4855,47.9214,13007.538641481,0
ABE,D,20230609,000000,47.9214,48.8187,47.9214,48.8187,5010.0140265655,0
ABE,D,20230612,000000,48.6392,48.8187,47.3829,47.7418,9080.6504231499,0
ABE,D,20230613,000000,47.5623,48.2802,47.3829,47.7418,4885.2094066866,0
ABE,D,20230614,000000,47.9214,48.1007,47.5623,47.7418,12664.325936814,0
ABE,D,20230615,000000,47.5623,48.1007,47.5623,47.9214,5155.9908587452,0
ABE,D,20230616,000000,47.9214,49.3572,47.9214,49.1777,7404.702670491,0
ABE,D,20230619,000000,49.3572,53.3057,49.1777,52.0494,23277.17593437,0
ABE,D,20230620,000000,52.0494,52.5878,51.6904,52.0494,5841.3019411157,0
ABE,D,20230621,000000,52.0494,53.6648,52.0494,53.4852,9752.589581962,0
ABE,D,20230622,000000,53.1263,53.6648,53.1263,53.6648,6496.5261954797,0
ABE,D,20230623,000000,53.6648,53.6648,53.1263,53.6648,3759.7391738505,0
ABE,D,20230626,000000,53.6648,53.6648,52.9467,53.6648,3698.4511908743,0
ABE,D,20230627,000000,53.6648,53.8441,52.9467,53.4852,18845.497601707,0
ABE,D,20230628,000000,53.4852,54.2031,52.9467,53.8441,58479.879028949,0
ABE,D,20230629,000000,53.8441,54.9211,53.6648,54.3826,3827.713118606,0
ABE,D,20230630,000000,54.7416,56.1774,54.5621,56.1774,2783.5887540838,0
ABE,D,20230703,000000,56.8953,57.2543,55.6389,57.0748,4763.7477676974,0
ABE,D,20230704,000000,57.0748,57.2543,56.5364,57.0748,4887.438060613,0
ABE,D,20230705,000000,56.8953,57.0748,56.5364,56.8953,4282.3585195932,0
ABE,D,20230706,000000,56.5364,56.7158,53.4852,54.7416,6743.906781311,0
ABE,D,20230707,000000,54.7416,55.6389,54.2031,54.7416,4846.2079629745,0
ABE,D,20230710,000000,54.7416,55.4595,54.3826,54.7416,4650.0864174506,0
ABE,D,20230711,000000,54.7416,55.28,54.2031,54.2031,3611.5336877444,0
ABE,D,20230712,000000,54.2031,56.7158,53.8441,54.2031,8604.8328098618,0
ABE,D,20230713,000000,54.3826,54.9211,54.3826,54.5621,3992.6335091602,0
ABE,D,20230714,000000,55.1005,55.8184,52.2289,52.7672,13432.097214462,0
ABE,D,20230717,000000,52.7672,54.5621,52.4083,54.0236,4796.0632496303,0
ABE,D,20230718,000000,54.3826,55.6389,53.4852,55.4595,6596.8156221681,0
ABE,D,20230719,000000,55.4595,55.6389,54.2031,55.1005,3436.5843545213,0
ABE,D,20230720,000000,54.7416,54.9211,54.0236,54.0236,3768.6537895561,0
ABE,D,20230721,000000,54.2031,54.7416,53.6648,54.7416,1508.7987081783,0
ABE,D,20230724,000000,54.2031,55.28,54.0236,54.0236,1028.5237870374,0
ABE,D,20230725,000000,54.0236,54.2031,53.3057,53.4852,11870.925139013,0
ABE,D,20230726,000000,53.4852,53.6648,52.2289,52.4083,3939.1458149264,0
ABE,D,20230727,000000,52.4083,52.9467,52.2289,52.7672,2206.367387144,0
ABE,D,20230728,000000,52.4083,53.1263,52.4083,53.1263,1116.5556171305,0
ABE,D,20230731,000000,52.9467,52.9467,51.5109,51.8699,3561.3889744002,0
ABE,D,20230801,000000,51.6904,52.0494,50.9724,51.1519,3780.9113861514,0
ABE,D,20230802,000000,50.7931,50.7931,48.6392,48.6392,8339.6229926192,0
ABE,D,20230803,000000,48.4598,49.1777,48.4598,48.9982,1494.3124576567,0
ABE,D,20230804,000000,52.0494,52.2289,50.2546,50.434,15099.130351415,0
ABE,D,20230807,000000,50.7931,52.5878,50.7931,52.0494,3572.5322440322,0
ABE,D,20230808,000000,52.4083,54.9211,52.4083,53.6648,15503.631039058,0
ABE,D,20230809,000000,54.0236,54.5621,52.7672,53.6648,4812.7781540784,0
ABE,D,20230810,000000,54.0236,54.0236,53.3057,53.4852,3001.9968388718,0
ABE,D,20230811,000000,54.0236,54.0236,53.3057,53.4852,9348.0888943189,0
ABE,D,20230814,000000,53.8441,54.5621,53.3057,53.3057,2696.6712509538,0
ABE,D,20230816,000000,53.6648,53.6648,50.0751,51.1519,12917.278157462,0
ABE,D,20230817,000000,51.3314,55.6389,51.1519,53.8441,19695.729074632,0
ABE,D,20230818,000000,54.5621,54.9211,53.1263,53.8441,14160.867048397,0
ABE,D,20230821,000000,53.8441,54.3826,53.1263,53.1263,5357.6840390851,0
ABE,D,20230822,000000,53.8441,53.8441,53.3057,53.6648,2779.1314462309,0
ABE,D,20230823,000000,53.8441,57.4338,53.3057,57.0748,14099.579065421,0
ABE,D,20230824,000000,58.1517,58.3312,55.28,56.7158,10831.258082344,0
ABE,D,20230825,000000,55.6389,57.4338,55.6389,56.8953,4143.0676491927,0
ABE,D,20230828,000000,56.7158,58.1517,56.7158,57.2543,46210.024837109,0
ABE,D,20230829,000000,57.4338,57.7928,57.2543,57.2543,36959.996715552,0
ABE,D,20230830,000000,57.7928,57.9722,57.0748,57.7928,9963.1973780075,0
ABE,D,20230831,000000,57.7928,59.5875,57.7928,58.5106,9937.5678578539,0
ABE,D,20230901,000000,58.3312,61.3823,58.3312,60.126,14829.46322632,0
ABE,D,20230904,000000,60.8439,61.7413,60.126,60.8439,11016.236358235,0
ABE,D,20230905,000000,60.8439,60.8439,59.9465,60.3054,5732.0978987217,0
ABE,D,20230906,000000,60.3054,60.3054,58.6901,60.126,10011.113437425,0
ABE,D,20230907,000000,60.126,60.126,58.3312,59.2286,7075.9762163458,0
ABE,D,20230908,000000,58.5106,61.0233,58.1517,60.3054,9536.4101511004,0
ABE,D,20230911,000000,60.3054,61.7413,60.3054,61.0233,8582.5462705977,0
ABE,D,20230912,000000,61.0233,62.4592,60.3054,61.0233,6684.8474522612,0
ABE,D,20230913,000000,61.0233,62.4592,60.3054,61.7413,6480.9256179948,0
ABE,D,20230914,000000,61.9208,62.6387,60.6645,60.8439,9752.589581962,0
ABE,D,20230915,000000,60.485,60.8439,59.0491,59.767,7582.9949846037,0
ABE,D,20230918,000000,59.767,61.0233,59.5875,59.5875,5307.539325741,0
ABE,D,20230919,000000,59.9465,60.485,59.4081,60.126,6592.3583143153,0
ABE,D,20230920,000000,60.126,60.126,59.767,59.767,5239.5653809855,0
ABE,D,20230921,000000,59.767,60.126,59.4081,60.126,2930.6799132267,0
ABE,D,20230922,000000,60.126,61.5618,59.9465,61.2029,2402.488932668,0
ABE,D,20230925,000000,61.9208,61.9208,60.8439,61.2029,3431.0127197053,0
ABE,D,20230926,000000,61.0233,61.3823,59.767,59.767,4704.6884386476,0
ABE,D,20230927,000000,59.767,59.767,58.3312,58.3312,5412.2860602821,0
ABE,D,20230928,000000,57.9722,58.3312,55.6389,56.1774,5989.5074272218,0
ABE,D,20230929,000000,55.8184,57.0748,55.6389,55.6389,12541.749970862,0
ABE,D,20231002,000000,55.6389,56.3569,54.2031,54.3826,5108.0747993274,0
ABE,D,20231003,000000,54.3826,54.5621,53.8441,54.3826,8714.0368522558,0
ABE,D,20231004,000000,54.2031,55.6389,53.8441,55.1005,3024.2833781358,0
ABE,D,20231005,000000,54.7416,57.0748,54.7416,57.0748,2617.5540365663,0
ABE,D,20231006,000000,57.4338,58.3312,57.4338,58.3312,2574.0952850014,0
ABE,D,20231009,000000,58.1517,58.1517,57.2543,57.6133,1261.418122347,0
ABE,D,20231010,000000,57.9722,58.8697,57.9722,58.3312,3571.417917069,0
ABE,D,20231011,000000,58.1517,59.2286,57.4338,57.6133,3090.0286689649,0
ABE,D,20231012,000000,57.6133,60.8439,57.6133,60.6645,4170.9258232728,0
ABE,D,20231013,000000,60.6645,61.2029,57.4338,57.6133,9077.3074422603,0
ABE,D,20231016,000000,57.6133,59.9465,57.6133,59.9465,3301.7507919736,0
ABE,D,20231017,000000,59.767,60.485,59.4081,60.485,3051.0272252527,0
ABE,D,20231018,000000,60.3054,61.7413,59.9465,61.0233,6519.927061707,0
ABE,D,20231019,000000,59.9465,61.5618,59.9465,60.6645,8473.3422282037,0
ABE,D,20231020,000000,60.6645,60.6645,58.3312,58.5106,4511.9098740133,0
ABE,D,20231023,000000,58.5106,59.0491,58.3312,58.8697,2192.9954635856,0
ABE,D,20231024,000000,59.0491,59.5875,56.1774,56.8953,7295.498628097,0
ABE,D,20231025,000000,56.5364,56.8953,54.3826,55.4595,6895.4552483068,0
ABE,D,20231026,000000,55.4595,56.7158,54.7416,56.3569,8413.1685721907,0
ABE,D,20231027,000000,56.8953,57.7928,56.5364,57.7928,2669.9274038369,0
ABE,D,20231030,000000,57.4338,60.126,57.4338,59.5875,4461.7651606691,0
ABE,D,20231031,000000,59.2286,59.9465,58.6901,59.9465,2765.7595226725,0
ABE,D,20231102,000000,59.9465,60.126,58.8697,58.8697,3127.9157857138,0
ABE,D,20231103,000000,58.8697,60.126,58.6901,59.4081,3429.8983927421,0
ABE,D,20231106,000000,59.9465,59.9465,58.3312,59.5875,2083.7914211916,0
ABE,D,20231107,000000,59.5875,59.5875,57.4338,57.4338,3104.5149194865,0
ABE,D,20231108,000000,58.1517,59.9465,57.6133,58.6901,3575.8752249218,0
ABE,D,20231109,000000,58.5106,59.4081,58.1517,58.8697,2334.5149879125,0
ABE,D,20231110,000000,58.8697,59.9465,58.3312,58.5106,3091.1429959281,0
ABE,D,20231113,000000,58.5106,58.5106,57.7928,57.9722,2501.6640323931,0
ABE,D,20231114,000000,58.1517,59.0491,55.8184,56.5364,7186.294585703,0
ABE,D,20231115,000000,56.5364,57.2543,55.28,55.8184,9764.8471785572,0
ABE,D,20231116,000000,55.998,56.8953,55.28,56.8953,7412.5029592334,0
ABE,D,20231117,000000,57.0748,57.2543,56.5364,56.8953,10999.521453787,0
ABE,D,20231120,000000,56.8953,56.8953,55.998,56.1774,2093.8203638604,0
ABE,D,20231121,000000,56.1774,56.7158,55.8184,56.7158,1855.3543937348,0
ABE,D,20231122,000000,55.998,56.1774,55.6389,55.998,1186.7582158123,0
ABE,D,20231123,000000,55.998,55.998,55.28,55.4595,1934.4716081223,0
ABE,D,20231124,000000,55.4595,56.5364,55.4595,55.8184,1496.5411115831,0
ABE,D,20231127,000000,55.8184,56.1774,54.7416,55.1005,2589.6958624862,0
ABE,D,20231128,000000,54.7416,55.4595,54.7416,54.9211,934.92032212821,0
ABE,D,20231129,000000,54.9211,55.6389,54.9211,55.6389,1302.6482199856,0
ABE,D,20231130,000000,55.1005,56.5364,55.1005,55.4595,90063.248147042,0
ABE,D,20231201,000000,55.6389,56.1774,54.5621,55.8184,2362.3731619926,0
ABE,D,20231204,000000,55.8184,56.3569,55.6389,55.8184,1287.0476425007,0
ABE,D,20231205,000000,56.3569,56.3569,55.6389,56.1774,1313.7914896176,0
ABE,D,20231206,000000,55.28,55.998,55.1005,55.28,1066.4109037863,0
ABE,D,20231207,000000,55.6389,56.3569,55.28,55.6389,2264.3123892307,0
ABE,D,20231208,000000,55.998,56.5364,55.998,56.1774,980.60772761958,0
ABE,D,20231211,000000,55.998,56.7158,55.998,56.7158,1155.5570608426,0
ABE,D,20231212,000000,56.3569,57.2543,56.3569,56.3569,2116.1069031245,0
ABE,D,20231213,000000,56.3569,58.8697,56.3569,58.1517,5462.4307736263,0
ABE,D,20231214,000000,57.9722,58.6901,56.8953,58.1517,8061.0412518182,0
ABE,D,20231215,000000,58.3312,58.8697,58.1517,58.8697,3273.8926178935,0
ABE,D,20231218,000000,58.1517,58.8697,57.2543,58.1517,1193.4441775916,0
ABE,D,20231219,000000,57.4338,58.8697,57.4338,58.3312,2259.8550813778,0
ABE,D,20231220,000000,59.4081,62.2798,59.4081,61.3823,13728.508186674,0
ABE,D,20231221,000000,61.3823,62.2798,61.0233,61.5618,4797.1775765935,0
ABE,D,20231222,000000,61.9208,62.2798,61.2029,61.9208,6741.6781273846,0
ABE,D,20231227,000000,62.9977,65.8694,62.9977,65.1515,11641.373784593,0
ABE,D,20231228,000000,65.1515,68.0232,65.1515,66.7667,10601.706727923,0
ABE,D,20231229,000000,66.7667,67.3052,66.5873,67.3052,16953.370418187,0
ABE,D,20240102,000000,67.3052,68.7411,66.4079,66.5873,6560.0428323823,0
ABE,D,20240103,000000,66.9462,67.1257,64.613,65.6899,3997.090817013,0
ABE,D,20240104,000000,64.972,66.0488,64.7925,65.5103,2433.6900876377,0
ABE,D,20240105,000000,66.0488,66.4079,64.0746,65.3309,4285.7015004828,0
ABE,D,20240108,000000,64.4335,65.1515,64.4335,64.613,11118.75443885,0
ABE,D,20240109,000000,65.3309,65.5103,64.4335,64.4335,12749.014786018,0
ABE,D,20240110,000000,65.1515,67.8437,65.1515,67.8437,3009.7971276142,0
ABE,D,20240111,000000,67.8437,69.8179,67.8437,69.1,2191.8811366224,0
ABE,D,20240112,000000,69.6384,70.5359,69.459,69.459,3096.7146307441,0
ABE,D,20240115,000000,69.459,70.1769,68.7411,68.7411,1951.1865125703,0
ABE,D,20240116,000000,68.2026,68.2026,65.3309,66.0488,5699.7824167888,0
ABE,D,20240117,000000,66.4079,66.4079,63.7156,64.254,5831.2729984469,0
ABE,D,20240118,000000,63.5362,66.5873,63.5362,66.4079,2860.4773145448,0
ABE,D,20240119,000000,66.2283,66.2283,65.3309,65.8694,2726.7580789603,0
ABE,D,20240122,000000,65.8694,65.8694,64.613,65.3309,2861.591641508,0
ABE,D,20240123,000000,64.4335,64.613,63.7156,64.0746,6893.2265943803,0
ABE,D,20240124,000000,63.895,64.972,63.5362,64.972,1290.3906233903,0
ABE,D,20240125,000000,65.1515,65.1515,64.613,64.7925,860.26041559354,0
ABE,D,20240126,000000,64.972,65.1515,64.613,65.1515,283.03904865383,0
ABE,D,20240129,000000,65.1515,65.1515,64.0746,64.0746,1395.1373579315,0
ABE,D,20240130,000000,64.0746,64.613,63.7156,64.613,1131.0418676521,0
ABE,D,20240131,000000,64.7925,65.5103,64.613,65.1515,1808.5526612802,0
ABE,D,20240201,000000,64.972,65.8694,64.972,65.1515,2349.0012384342,0
ABE,D,20240202,000000,65.1515,65.5103,64.613,65.5103,7447.0470950928,0
ABE,D,20240205,000000,65.1515,65.5103,64.7925,64.7925,3432.1270466685,0
ABE,D,20240206,000000,65.3309,65.5103,64.972,65.3309,3581.4468597379,0
ABE,D,20240207,000000,65.6899,65.6899,64.972,64.972,1982.38766754,0
ABE,D,20240208,000000,64.972,66.7667,64.7925,64.972,5491.4032746696,0
ABE,D,20240209,000000,64.972,65.5103,64.972,65.5103,2723.4150980707,0
ABE,D,20240212,000000,65.6899,65.6899,65.1515,65.3309,1184.5295618859,0
ABE,D,20240213,000000,65.3309,65.5103,64.7925,64.7925,3473.3571443071,0
ABE,D,20240214,000000,64.7925,65.3309,64.613,64.972,1468.682937503,0
ABE,D,20240215,000000,65.3309,65.5103,64.7925,64.7925,1879.8695869253,0
ABE,D,20240216,000000,65.5103,65.6899,65.1515,65.1515,3507.9012801664,0
ABE,D,20240219,000000,65.1515,68.7411,65.1515,68.7411,5852.4452107478,0
ABE,D,20240220,000000,68.382,68.5615,66.2283,66.7667,3760.8535008137,0
ABE,D,20240221,000000,66.0488,66.7667,66.0488,66.2283,1720.5208311871,0
ABE,D,20240222,000000,64.972,69.8179,62.9977,69.1,16487.581747567,0
ABE,D,20240223,000000,70.3564,72.6896,69.1,71.7922,37690.995203414,0
ABE,D,20240226,000000,71.7922,72.5101,71.4332,72.1512,2842.6480831336,0
ABE,D,20240227,000000,72.1512,72.8691,71.4332,71.7922,3513.4729149824,0
ABE,D,20240228,000000,71.6128,72.6896,69.9974,71.2537,7483.8198848785,0
ABE,D,20240229,000000,70.8948,71.7922,70.8948,70.8948,1984.6163214664,0
ABE,D,20240301,000000,70.8948,71.7922,70.7153,71.7922,2215.2820028497,0
ABE,D,20240304,000000,71.7922,71.7922,70.8948,70.8948,1685.9766953278,0
ABE,D,20240305,000000,71.4332,72.8691,70.7153,71.7922,4094.0372628117,0
ABE,D,20240306,000000,71.4332,72.3306,70.8948,71.6128,4465.1081415587,0
ABE,D,20240307,000000,71.7922,71.7922,71.0743,71.6128,1449.7393791285,0
ABE,D,20240308,000000,71.6128,71.9717,71.6128,71.7922,4059.4931269524,0
ABE,D,20240311,000000,71.9717,72.1512,71.0743,71.0743,2356.8015271766,0
ABE,D,20240312,000000,71.2537,71.7922,71.0743,71.2537,3361.9244479867,0
ABE,D,20240313,000000,71.4332,71.7922,71.4332,71.6128,5982.8214654426,0
ABE,D,20240314,000000,72.7173,74.0059,72.165,73.4537,7893.7749095627,0
ABE,D,20240315,000000,73.6378,76.5833,72.7173,76.5833,118001.39682796,0
ABE,D,20240318,000000,73.8219,76.5833,73.2696,73.4537,20267.85916774,0
ABE,D,20240319,000000,73.6378,75.4787,72.9014,75.4787,4365.1510578892,0
ABE,D,20240320,000000,75.4787,76.5833,73.8219,76.5833,5577.5723074174,0
ABE,D,20240321,000000,76.3992,77.1355,76.031,76.3992,3846.9387496231,0
ABE,D,20240322,000000,76.9515,76.9515,75.2946,76.3992,2734.4662052531,0
ABE,D,20240325,000000,76.9515,77.3196,76.031,76.7674,1493.798582528,0
ABE,D,20240326,000000,77.3196,77.3196,76.7674,77.3196,693.12254229301,0
ABE,D,20240327,000000,77.3196,79.1606,77.3196,78.2401,2831.155713504,0
ABE,D,20240328,000000,78.9765,80.0811,78.6083,79.897,38065.247079722,0
ABE,D,20240402,000000,81.7379,83.5788,80.0811,83.5788,11770.046431352,0
ABE,D,20240403,000000,83.5788,85.2357,83.2107,85.2357,4021.84898365,0
ABE,D,20240404,000000,84.6834,86.3403,83.5788,85.6039,8758.5484889753,0
ABE,D,20240405,000000,85.4199,86.3403,84.4993,85.9721,2720.3430186547,0
ABE,D,20240408,000000,85.9721,85.9721,83.7629,85.0516,3334.1584362026,0
ABE,D,20240409,000000,85.788,86.3403,84.4993,85.6039,12364.306667456,0
ABE,D,20240410,000000,85.6039,91.8631,85.6039,88.5495,49937.41501417,0
ABE,D,20240411,000000,90.2063,90.2063,85.9721,86.8926,2352.053768126,0
ABE,D,20240412,000000,87.0767,87.813,83.2107,83.2107,3039.7443155734,0
ABE,D,20240415,000000,82.8425,82.8425,79.7129,81.7379,5284.2445857574,0
ABE,D,20240416,000000,81.7379,81.7379,80.6333,81.0016,2897.4260506198,0
ABE,D,20240417,000000,81.0016,81.7379,79.3447,81.0016,3374.3551980597,0
ABE,D,20240418,000000,81.0016,82.2903,79.1606,82.2903,2286.8698299793,0
ABE,D,20240419,000000,81.0016,84.8675,81.0016,84.8675,2950.6596001063,0
ABE,D,20240422,000000,84.8675,85.2357,83.3948,84.6834,12944.443716961,0
ABE,D,20240423,000000,82.8425,83.7629,80.6333,83.7629,7573.2872136749,0
ABE,D,20240424,000000,82.2903,82.8425,81.7379,82.8425,3310.2576588821,0
ABE,D,20240425,000000,81.7379,81.922,80.8175,81.1857,3298.3072702219,0
ABE,D,20240426,000000,81.1857,81.5538,81.0016,81.5538,1472.0706031458,0
ABE,D,20240429,000000,81.0016,81.5538,80.4492,81.5538,2623.6535104038,0
ABE,D,20240430,000000,81.5538,81.922,80.4492,80.8175,787.63925260569,0
ABE,D,20240502,000000,80.8175,81.922,79.7129,81.5538,1041.8566113777,0
ABE,D,20240506,000000,81.922,83.5788,81.0016,82.6584,3541.6606393028,0
ABE,D,20240507,000000,83.2107,85.2357,83.2107,85.2357,5239.7022280238,0
ABE,D,20240508,000000,84.6834,87.2608,84.6834,85.9721,2749.6757908207,0
ABE,D,20240509,000000,86.8926,87.2608,85.6039,86.8926,3440.6255351755,0
ABE,D,20240510,000000,87.2608,88.1812,85.788,86.3403,17185.745292372,0
ABE,D,20240513,000000,87.6289,88.9176,87.2608,88.9176,7173.4923930419,0
ABE,D,20240514,000000,88.1812,90.0222,88.1812,90.0222,11679.875316916,0
ABE,D,20240515,000000,89.838,92.0472,89.2858,91.8631,29795.578126847,0
ABE,D,20240516,000000,91.8631,93.8882,91.8631,92.9676,8957.3595003227,0
ABE,D,20240517,000000,92.9676,94.3484,91.1267,94.3484,4277.1527413912,0
ABE,D,20240520,000000,94.3484,94.3484,91.1267,92.0472,3777.4092156,0
ABE,D,20240521,000000,92.0472,92.9676,91.6791,92.0472,19280.322504818,0
ABE,D,20240522,000000,92.9676,94.8087,92.0472,92.0472,1325.4067423158,0
ABE,D,20240523,000000,92.5074,95.2687,92.0472,94.8087,727.88730930457,0
ABE,D,20240524,000000,93.8882,94.8087,88.9176,89.654,2285.7834310102,0
ABE,D,20240527,000000,89.838,91.3108,89.654,91.1267,1391.6770794316,0
ABE,D,20240528,000000,91.3108,92.5074,91.1267,91.1267,967.98148147817,0
ABE,D,20240529,000000,91.1267,91.1267,88.9176,88.9176,1293.9011722116,0
ABE,D,20240531,000000,87.813,87.813,83.3948,84.6834,3879.5307186965,0
ABE,D,20240603,000000,83.7629,85.6039,83.7629,85.2357,1263.4820010764,0
ABE,D,20240604,000000,85.2357,87.4449,85.2357,86.8926,2685.5782516431,0
ABE,D,20240605,000000,87.4449,91.6791,87.4449,89.1017,1623.0800598523,0
ABE,D,20240606,000000,90.7586,92.9676,89.1017,92.0472,1300.4195660262,0
ABE,D,20240607,000000,91.3108,93.8882,90.9426,93.8882,1376.467493864,0
ABE,D,20240610,000000,92.9676,94.8087,89.2858,94.8087,2377.0409444155,0
ABE,D,20240611,000000,95.7289,95.7289,93.4279,94.8087,883.24236188749,0
ABE,D,20240612,000000,94.8087,95.7289,92.9676,95.7289,4346.6822754143,0
ABE,D,20240613,000000,95.7289,95.7289,92.9676,92.9676,834.35440827748,0
ABE,D,20240614,000000,92.9676,93.8882,89.838,92.9676,3136.4338238243,0
ABE,D,20240617,000000,92.9676,94.8087,92.0472,94.8087,2010.924491825,0
ABE,D,20240618,000000,94.8087,94.8087,93.8882,93.8882,1321.0611464393,0
ABE,D,20240619,000000,94.3484,99.4105,92.9676,99.4105,2803.9957392763,0
ABE,D,20240620,000000,98.0299,98.9503,94.8087,94.8087,2078.2812279099,0
ABE,D,20240621,000000,94.8087,94.8087,91.495,91.495,16776.172881017,0
ABE,D,20240624,000000,91.495,92.5074,90.2063,92.5074,1881.6430145008,0
ABE,D,20240625,000000,92.5074,96.1891,92.5074,95.7289,1003.8326474588,0
ABE,D,20240626,000000,96.1891,96.1891,93.4279,93.8882,1079.8805752966,0
ABE,D,20240627,000000,94.3484,94.3484,91.1267,93.8882,1597.0064845936,0
ABE,D,20240628,000000,93.8882,96.6493,92.5074,96.6493,869.11917528904,0
ABE,D,20240701,000000,94.3484,94.3484,92.0472,92.9676,14100.372220096,0
ABE,D,20240702,000000,92.9676,93.8882,92.5074,92.9676,1885.9886103772,0
ABE,D,20240703,000000,92.0472,93.8882,92.0472,93.4279,1163.5332959182,0
ABE,D,20240704,000000,92.9676,96.1891,92.9676,96.1891,1390.5906804625,0
ABE,D,20240705,000000,95.7289,95.7289,92.0472,92.9676,6957.2989981888,0
ABE,D,20240708,000000,93.4279,93.8882,91.8631,91.8631,429.12759279896,0
ABE,D,20240709,000000,92.0472,93.8882,91.8631,92.9676,2513.9272145235,0
ABE,D,20240710,000000,92.0472,93.4279,91.495,92.5074,776.77526291458,0
ABE,D,20240711,000000,92.5074,93.4279,91.6791,93.4279,409.57241135496,0
ABE,D,20240712,000000,92.9676,94.8087,87.4449,87.4449,9733.0483642681,0
ABE,D,20240715,000000,88.5495,91.1267,87.9971,89.2858,13058.515608718,0
ABE,D,20240716,000000,89.2858,91.495,89.1017,91.3108,2523.7048052456,0
ABE,D,20240717,000000,91.3108,92.0472,91.3108,92.0472,1638.2896454198,0
ABE,D,20240718,000000,92.5074,94.8087,90.7586,94.8087,1434.0466392269,0
ABE,D,20240719,000000,91.6791,93.4279,91.1267,93.4279,2568.2471629791,0
ABE,D,20240722,000000,91.1267,96.6493,91.1267,96.6493,5075.655983688,0
ABE,D,20240723,000000,96.6493,98.4901,94.3484,98.4901,64116.007960042,0
ABE,D,20240724,000000,97.5697,97.5697,94.8087,96.1891,728.97370827368,0
ABE,D,20240725,000000,94.8087,95.2687,92.9676,93.4279,989.70946086039,0
ABE,D,20240726,000000,93.4279,94.8087,90.7586,90.7586,1829.4958639834,0
ABE,D,20240729,000000,90.5745,92.0472,89.654,90.3904,762.65207631613,0
ABE,D,20240730,000000,90.2063,92.0472,90.2063,91.1267,705.07293095323,0
ABE,D,20240731,000000,90.9426,92.0472,90.9426,91.1267,1365.6035041729,0
ABE,D,20240801,000000,92.0472,92.0472,89.654,91.1267,2356.3993640024,0
ABE,D,20240802,000000,90.2063,90.2063,87.4449,87.9971,4711.7123290357,0
ABE,D,20240805,000000,86.5244,86.5244,76.5833,83.2107,13205.179469548,0
ABE,D,20240806,000000,83.3948,84.3153,83.3948,83.3948,2872.4388743303,0
ABE,D,20240807,000000,84.3153,84.6834,82.8425,84.6834,5037.6320197691,0
ABE,D,20240808,000000,83.7629,85.4199,82.8425,82.8425,1690.4367959372,0
ABE,D,20240809,000000,83.5788,84.8675,82.8425,84.4993,680.08575466367,0
ABE,D,20240812,000000,84.6834,87.4449,83.9471,86.8926,1963.1229371841,0
ABE,D,20240813,000000,86.8926,90.0222,86.3403,89.2858,1880.5566155317,0
ABE,D,20240814,000000,89.2858,89.2858,86.5244,87.2608,991.88225879862,0
ABE,D,20240816,000000,87.2608,90.2063,87.2608,90.2063,914.74793199171,0
ABE,D,20240819,000000,88.5495,91.495,87.813,91.495,1613.3024691303,0
ABE,D,20240820,000000,91.495,91.495,89.654,89.654,267.25414640138,0
ABE,D,20240821,000000,90.2063,92.0472,89.654,91.495,1325.4067423158,0
ABE,D,20240822,000000,91.6791,91.6791,87.6289,88.3653,950.59909797239,0
ABE,D,20240823,000000,88.3653,88.9176,85.2357,85.4199,833.26800930837,0
ABE,D,20240826,000000,86.3403,89.2858,85.6039,85.788,1146.1509124124,0
ABE,D,20240827,000000,85.788,86.5244,83.5788,83.5788,8829.1644219675,0
ABE,D,20240828,000000,84.4993,84.4993,83.3948,83.3948,2239.0682753384,0
ABE,D,20240829,000000,83.2107,85.6039,81.5538,85.6039,8163.2018539023,0
ABE,D,20240830,000000,85.788,90.0222,84.6834,90.0222,1063.58459076,0
ABE,D,20240902,000000,86.5244,88.9176,86.5244,87.813,3003.8931495927,0
ABE,D,20240903,000000,88.3653,90.0222,86.3403,86.3403,1872.9518227479,0
ABE,D,20240904,000000,86.5244,86.7084,85.6039,85.788,1203.7300577753,0
ABE,D,20240905,000000,85.6039,86.5244,85.2357,85.2357,1587.2288938716,0
ABE,D,20240906,000000,85.0516,85.6039,83.9471,83.9471,1367.7763021111,0
ABE,D,20240909,000000,84.6834,85.4199,81.922,81.922,1185.2612753004,0
ABE,D,20240910,000000,81.7379,83.7629,81.1857,81.1857,1502.4897742809,0
ABE,D,20240911,000000,80.2652,81.922,80.0811,80.0811,2963.6963877356,0
ABE,D,20240912,000000,80.0811,80.2652,78.2401,78.6083,2223.8586897708,0
ABE,D,20240913,000000,79.1606,80.8175,78.6083,80.6333,1921.8397763579,0
ABE,D,20240916,000000,80.4492,81.1857,79.7129,81.0016,971.2406783855,0
ABE,D,20240917,000000,81.0016,82.8425,81.0016,82.8425,1114.6453423082,0
ABE,D,20240918,000000,81.5538,83.2107,81.5538,83.2107,1286.2963794278,0
ABE,D,20240919,000000,83.2107,87.0767,83.2107,87.0767,1749.1023402692,0
ABE,D,20240920,000000,87.0767,89.1017,85.6039,89.1017,1209.1620526209,0
ABE,D,20240923,000000,89.1017,90.2063,86.1562,89.1017,1435.133038196,0
ABE,D,20240924,000000,90.2063,91.6791,89.2858,91.495,1693.6959928445,0
ABE,D,20240925,000000,91.495,92.0472,91.495,91.495,1225.4580371575,0
ABE,D,20240926,000000,91.495,93.8882,91.495,92.9676,1648.0672361418,0
ABE,D,20240927,000000,92.9676,92.9676,90.0222,92.9676,2411.8057114271,0
ABE,D,20240930,000000,92.9676,92.9676,91.1267,92.9676,4012.071392928,0
ABE,D,20241001,000000,95.7289,95.7289,88.5495,89.838,2613.8759196818,0
ABE,D,20241002,000000,90.7586,92.0472,90.2063,91.8631,1958.7773413077,0
ABE,D,20241003,000000,91.8631,91.8631,90.2063,91.1267,823.49041858637,0
ABE,D,20241004,000000,90.9426,90.9426,89.4699,90.0222,709.41852682968,0
ABE,D,20241007,000000,90.2063,90.5745,87.6289,88.7335,4689.9843496535,0
ABE,D,20241008,000000,87.813,88.7335,87.813,88.5495,306.36450928939,0
ABE,D,20241009,000000,88.9176,92.0472,88.7335,91.495,1340.6163278833,0
ABE,D,20241010,000000,92.0472,92.9676,90.3904,91.495,580.13704950543,0
ABE,D,20241011,000000,91.3108,92.0472,91.1267,91.3108,1188.5204722078,0
ABE,D,20241014,000000,91.3108,91.8631,87.813,89.1017,1200.470860868,0
ABE,D,20241015,000000,89.1017,90.9426,89.1017,90.9426,3133.174626917,0
ABE,D,20241016,000000,90.9426,91.1267,89.654,89.654,775.68886394547,0
ABE,D,20241017,000000,89.838,90.3904,85.0516,86.1562,2903.9444444345,0
ABE,D,20241018,000000,87.4449,88.3653,86.1562,88.1812,972.32707735461,0
ABE,D,20241021,000000,88.5495,94.8087,85.9721,94.8087,4369.4966537656,0
ABE,D,20241022,000000,93.8882,93.8882,87.6289,88.1812,2082.6268237864,0
ABE,D,20241023,000000,88.1812,89.654,87.6289,88.5495,1209.1620526209,0
ABE,D,20241024,000000,89.1017,89.654,85.4199,85.6039,3060.3858959865,0
ABE,D,20241025,000000,85.9721,89.1017,85.2357,85.6039,3400.4287733184,0
ABE,D,20241028,000000,85.4199,88.5495,85.0516,85.0516,2869.1796774229,0
ABE,D,20241029,000000,85.0516,86.3403,81.922,81.922,5151.7039115258,0
ABE,D,20241030,000000,82.4743,83.7629,81.1857,81.922,3707.8796815769,0
ABE,D,20241031,000000,81.922,84.6834,81.1857,83.9471,4259.7703578854,0
ABE,D,20241104,000000,83.9471,84.4993,80.6333,81.0016,4238.0423785032,0
ABE,D,20241105,000000,79.897,80.4492,79.1606,80.4492,10456.590077696,0
ABE,D,20241106,000000,79.7129,83.5788,79.7129,83.2107,3255.9377104266,0
ABE,D,20241107,000000,83.7629,86.7084,83.2107,85.2357,2015.2700877015,0
ABE,D,20241108,000000,82.8425,82.8425,81.0016,81.1857,3390.6511825964,0
ABE,D,20241112,000000,80.6333,81.0016,79.5288,79.897,5096.2975641011,0
ABE,D,20241113,000000,79.897,82.1061,79.897,81.0016,4524.8517063486,0
ABE,D,20241114,000000,81.0016,81.0016,78.7924,80.4492,4799.7106455337,0
ABE,D,20241115,000000,79.5288,81.5538,79.5288,79.7129,2103.2684041995,0
ABE,D,20241118,000000,79.7129,82.6584,79.7129,82.6584,5753.5689404134,0
ABE,D,20241119,000000,82.6584,85.4199,81.7379,83.5788,2343.3625763731,0
ABE,D,20241120,000000,84.3153,84.3153,82.1061,82.6584,1450.3426237636,0
ABE,D,20241121,000000,83.5788,85.788,83.2107,83.9471,2319.4617990526,0
ABE,D,20241122,000000,85.6039,85.9721,84.4993,84.6834,3094.064264029,0
ABE,D,20241125,000000,83.9471,85.6039,83.9471,84.6834,1679.5728062461,0
ABE,D,20241126,000000,84.1312,84.6834,83.5788,83.5788,1064.6709897291,0
ABE,D,20241127,000000,84.4993,84.6834,82.1061,82.2903,1196.1252649915,0
ABE,D,20241128,000000,81.922,83.0266,81.922,81.922,519.2987072352,0
ABE,D,20241129,000000,81.922,82.6584,81.922,81.922,239.00777320449,0
ABE,D,20241202,000000,82.8425,83.7629,82.6584,82.8425,4949.6337032711,0
ABE,D,20241203,000000,83.5788,83.5788,82.6584,82.8425,3364.5776073377,0
ABE,D,20241204,000000,83.7629,84.4993,82.8425,83.7629,2378.1273433846,0
ABE,D,20241205,000000,86.1562,90.2063,82.2903,82.2903,9019.284241562,0
ABE,D,20241206,000000,82.4743,84.6834,82.2903,84.3153,2623.6535104038,0
ABE,D,20241209,000000,84.6834,87.0767,84.6834,86.7084,2272.7466433808,0
ABE,D,20241210,000000,86.7084,88.1812,86.7084,87.6289,7907.8980961612,0
ABE,D,20241211,000000,87.9971,88.1812,85.6039,86.3403,2143.4651660566,0
ABE,D,20241212,000000,86.5244,86.7084,84.6834,85.2357,1239.581223756,0
ABE,D,20241213,000000,85.788,85.788,82.4743,84.1312,12603.31444066,0
ABE,D,20241216,000000,84.3153,84.3153,82.1061,82.1061,1281.9507835513,0
ABE,D,20241217,000000,82.4743,82.8425,80.6333,81.922,2644.2950908169,0
ABE,D,20241218,000000,81.5538,83.5788,81.5538,81.922,3427.5887475462,0
ABE,D,20241219,000000,81.922,87.9971,81.5538,86.8926,13421.372864401,0
ABE,D,20241220,000000,87.6289,87.9971,85.4199,87.4449,2901.7716464963,0
ABE,D,20241223,000000,87.6289,90.0222,87.0767,89.838,3510.1550691986,0
ABE,D,20241227,000000,90.0222,90.9426,89.838,90.5745,2192.3531196666,0
ABE,D,20241230,000000,90.3904,90.5745,89.2858,89.838,862.60078147437,0
ABE,D,20250102,000000,88.7335,90.5745,87.9971,90.2063,2722.5158165929,0
ABE,D,20250103,000000,90.2063,90.9426,89.654,89.654,1840.3598536745,0
ABE,D,20250107,000000,90.5745,90.5745,89.1017,90.2063,5349.428523904,0
ABE,D,20250108,000000,89.838,90.2063,88.3653,88.3653,1438.3922351034,0
ABE,D,20250109,000000,89.654,91.495,89.2858,90.2063,77931.74365023,0
ABE,D,20250110,000000,90.2063,94.8087,90.2063,94.3484,5786.1609094868,0
ABE,D,20250113,000000,94.8087,101.252,94.3484,95.7289,6535.7761981736,0
ABE,D,20250114,000000,96.6493,100.792,96.6493,99.4105,4838.8210084217,0
ABE,D,20250115,000000,100.332,102.173,97.5697,102.173,3352.6272186775,0
ABE,D,20250116,000000,103.093,103.093,98.0299,101.252,2256.4506588442,0
ABE,D,20250117,000000,101.252,103.553,98.0299,102.173,1998.9741031648,0
ABE,D,20250120,000000,102.173,104.014,100.792,103.093,2194.5259176048,0
ABE,D,20250121,000000,103.093,104.014,102.633,104.014,1130.9413268449,0
ABE,D,20250122,000000,104.014,104.014,102.173,102.173,9252.8600199209,0
ABE,D,20250123,000000,102.173,103.093,99.8708,101.713,1457.9474165474,0
ABE,D,20250124,000000,101.713,103.553,101.252,103.093,1442.7378309798,0
ABE,D,20250127,000000,104.014,104.014,99.4105,100.332,2223.8586897708,0
ABE,D,20250128,000000,99.4105,102.173,99.4105,100.332,1044.029409316,0
ABE,D,20250129,000000,100.792,100.792,98.9503,100.332,1136.3733216904,0
ABE,D,20250130,000000,100.332,100.332,95.7289,98.4901,1780.6079103734,0
ABE,D,20250131,000000,98.9503,102.173,97.5697,102.173,1811.0270815085,0
ABE,D,20250203,000000,101.252,101.713,98.4901,101.713,2740.9845990678,0
ABE,D,20250204,000000,101.713,102.633,99.8708,102.633,1214.5940474664,0
ABE,D,20250205,000000,103.093,103.093,101.713,102.173,17338.927547016,0
ABE,D,20250206,000000,101.713,101.713,99.4105,101.252,1348.2211206671,0
ABE,D,20250207,000000,99.8708,101.713,98.4901,101.713,1708.9055784121,0
ABE,D,20250210,000000,102.633,103.093,98.4901,101.252,11288.771688036,0
ABE,D,20250211,000000,101.713,101.713,98.9503,100.332,1460.1202144856,0
ABE,D,20250212,000000,98.9503,100.792,96.1891,99.4105,3376.5279959979,0
ABE,D,20250213,000000,98.4901,100.332,96.1891,96.1891,4862.7217857422,0
ABE,D,20250214,000000,96.1891,97.1095,92.0472,94.3484,4764.9458785222,0
ABE,D,20250217,000000,94.3484,94.3484,90.9426,92.0472,8611.8846281453,0
ABE,D,20250218,000000,92.9676,95.7289,92.9676,95.7289,4933.3377187344,0
ABE,D,20250219,000000,96.1891,98.0299,95.7289,96.6493,1846.8782474892,0
ABE,D,20250220,000000,96.6493,99.8708,96.6493,99.4105,714.85052167524,0
ABE,D,20250221,000000,99.4105,99.8708,97.1095,97.1095,2243.4138712148,0
ABE,D,20250224,000000,99.4105,99.4105,93.4279,94.3484,1709.9919773812,0
ABE,D,20250225,000000,94.8087,96.1891,93.4279,94.8087,116716.1868475,0
ABE,D,20250226,000000,96.1891,96.1891,91.1267,92.9676,21918.09920182,0
ABE,D,20250227,000000,94.3484,95.7289,92.9676,94.8087,5817.666479591,0
ABE,D,20250228,000000,92.9676,96.6493,91.6791,96.6493,4784.5010599662,0
ABE,D,20250303,000000,94.3484,98.4901,93.8882,96.6493,3362.4048093995,0
ABE,D,20250304,000000,96.6493,96.6493,90.7586,90.7586,3455.835120743,0
ABE,D,20250305,000000,92.5074,94.8087,92.0472,94.8087,1602.4384794392,0
ABE,D,20250306,000000,94.3484,96.1891,93.8882,95.2687,811.54002992614,0
ABE,D,20250307,000000,95.7289,95.7289,92.0472,93.4279,1300.4195660262,0
ABE,D,20250310,000000,94.8087,96.1891,92.0472,93.4279,2777.9221640176,0
ABE,D,20250311,000000,94.3484,96.1891,92.0472,92.0472,2450.9160743151,0
ABE,D,20250312,000000,92.5074,94.8087,92.5074,94.8087,1728.4607598561,0
ABE,D,20250313,000000,93.8882,94.8087,92.5074,94.8087,1263.4820010764,0
ABE,D,20250314,000000,95.7289,97.5697,93.8882,96.6493,1550.2913289218,0
ABE,D,20250317,000000,96.6493,100.792,96.6493,100.792,2970.2147815503,0
ABE,D,20250318,000000,101.252,101.252,98.0299,99.4105,2846.3652990716,0
ABE,D,20250319,000000,98.0299,99.8708,95.7289,99.4105,3288.5296794999,0
ABE,D,20250320,000000,99.4105,99.8708,96.6493,98.9503,3947.9738537505,0
ABE,D,20250321,000000,98.4901,100.332,93.4279,100.332,9235.4776364152,0
ABE,D,20250324,000000,100.332,101.252,98.0299,99.4105,14805.445151049,0
ABE,D,20250325,000000,100.792,102.173,98.4901,100.792,11874.340732387,0
ABE,D,20250326,000000,99.4105,100.332,98.0299,98.0299,2115.2187928597,0
ABE,D,20250327,000000,99.4105,100.792,96.1891,100.792,4836.6482104835,0
ABE,D,20250328,000000,100.792,100.792,96.1891,100.792,5395.0572806067,0
ABE,D,20250331,000000,100.332,103.093,97.1095,103.093,6114.2533981584,0
ABE,D,20250401,000000,99.7787,101.989,98.3061,99.4105,11125.811842669,0
ABE,D,20250402,000000,99.9637,99.9637,97.7538,99.4105,1064.6709897291,0
ABE,D,20250403,000000,99.4105,99.4105,94.6246,95.1766,6323.9283991969,0
ABE,D,20250404,000000,95.1766,95.7289,92.0472,92.2313,5197.3326682285,0
ABE,D,20250407,000000,87.7716,95.6473,82.5527,95.6473,11142.589225885,0
ABE,D,20250408,000000,99.6326,99.6326,93.4649,94.5086,1980.2255892781,0
ABE,D,20250409,000000,93.5597,96.2166,92.3262,92.6109,2134.0909091475,0
ABE,D,20250410,000000,96.0268,98.1144,93.9393,94.7933,6766.9124580919,0
ABE,D,20250411,000000,94.8882,95.078,92.2313,92.2313,2732.6902357627,0
ABE,D,20250414,000000,92.516,94.3188,92.2313,92.3262,2067.6969697518,0
ABE,D,20250415,000000,92.9904,93.6546,91.0927,91.0927,2088.7744108298,0
ABE,D,20250416,000000,92.0415,92.0415,90.0489,91.0927,1655.6329966769,0
ABE,D,20250417,000000,91.4722,93.1802,90.808,92.9904,252.929292936,0
ABE,D,20250422,000000,93.4649,93.4649,91.0927,91.3773,1632.4478114911,0
ABE,D,20250423,000000,91.2824,92.8955,90.5233,91.662,2776.9528620265,0
ABE,D,20250424,000000,92.2313,94.6984,91.3773,94.6984,2061.3737374284,0
ABE,D,20250425,000000,92.4211,93.37,92.4211,92.6109,5197.6969698348,0
ABE,D,20250428,000000,92.6109,94.8882,92.6109,94.8882,8467.8619530865,0
ABE,D,20250429,000000,94.8882,97.7348,94.3188,97.7348,21551.683502255,0
ABE,D,20250430,000000,97.7348,98.6837,94.8882,96.7859,3251.1952862815,0
ABE,D,20250502,000000,96.7859,97.7348,95.8371,97.545,705.0404040591,0
ABE,D,20250505,000000,97.7348,97.7348,91.4722,92.516,25786.141414825,0
ABE,D,20250506,000000,92.8955,92.9904,91.662,92.0415,3283.8653199524,0
ABE,D,20250507,000000,92.4211,92.8955,92.1364,92.4211,1012.7710437979,0
ABE,D,20250508,000000,92.1364,92.4211,91.1875,92.2313,15827.05050547,0
ABE,D,20250509,000000,92.0415,93.4649,92.0415,92.8955,1980.2255892781,0
ABE,D,20250512,000000,93.0853,94.8882,92.9904,94.8882,4502.1414142608,0
ABE,D,20250513,000000,94.1291,95.6473,93.2751,94.8882,1450.1279461664,0
ABE,D,20250514,000000,95.2677,95.8371,93.8444,94.8882,4451.5555556736,0
ABE,D,20250515,000000,94.8882,95.4575,94.0342,94.1291,1400.5959596331,0
ABE,D,20250516,000000,94.1291,94.8882,93.4649,94.6984,1350.0101010459,0
ABE,D,20250519,000000,94.6984,94.6984,93.5597,94.6984,1161.3670033978,0
ABE,D,20250520,000000,95.4575,95.4575,93.9393,94.4137,1390.0572390941,0
ABE,D,20250521,000000,94.3188,94.3188,92.3262,92.9904,2881.2861953626,0
ABE,D,20250522,000000,93.5597,93.8444,92.6109,92.9904,2470.2760943416,0
ABE,D,20250523,000000,93.0853,93.0853,91.2824,92.9904,1816.8754209236,0
ABE,D,20250526,000000,93.6546,95.078,92.9904,95.078,5437.979798124,0
ABE,D,20250527,000000,95.2677,95.2677,93.9393,94.8882,18730.468013965,0
ABE,D,20250528,000000,94.8882,94.8882,92.8955,94.8882,2115.1212121773,0
ABE,D,20250529,000000,93.9393,94.6035,91.3773,92.0415,7098.8821550704,0
ABE,D,20250530,000000,92.0415,93.9393,91.662,93.9393,2885.5016835782,0
ABE,D,20250602,000000,93.8444,93.8444,92.3262,93.8444,2237.3703704297,0
ABE,D,20250603,000000,93.9393,93.9393,92.0415,92.1364,3693.8215489195,0
ABE,D,20250604,000000,92.2313,92.3262,91.2824,91.662,1967.5791246313,0
ABE,D,20250605,000000,91.2824,92.2313,91.1875,92.0415,2126.7138047702,0
ABE,D,20250606,000000,91.4722,92.0415,91.2824,91.2824,1226.7070707396,0
ABE,D,20250609,000000,92.2313,92.2313,91.3773,91.7569,964.2929293185,0
ABE,D,20250610,000000,91.7569,92.2313,91.1875,92.2313,2136.1986532553,0
ABE,D,20250611,000000,92.1364,92.2313,91.3773,91.4722,2591.4713805401,0
ABE,D,20250612,000000,91.662,91.662,90.808,91.4722,993.8013468277,0
ABE,D,20250613,000000,90.1438,91.4722,90.1438,90.2387,1004.3400673667,0
ABE,D,20250616,000000,90.1438,90.9978,89.3847,89.3847,1297.3164983509,0
ABE,D,20250617,000000,89.3847,89.8591,88.3409,89.5744,1318.3939394289,0
ABE,D,20250618,000000,89.4796,92.516,88.5307,92.516,2759.0370371102,0
ABE,D,20250620,000000,92.516,92.6109,87.4869,87.5818,7112.5824917711,0
ABE,D,20250623,000000,86.6329,88.5307,86.1585,86.538,6074.5185186796,0
ABE,D,20250624,000000,86.7278,90.6182,86.7278,90.1438,2704.2356903074,0
ABE,D,20250625,000000,90.6182,92.9904,90.3335,92.9904,3422.9764310672,0
ABE,D,20250626,000000,94.7933,94.7933,92.9904,94.4137,4858.350168479,0
ABE,D,20250627,000000,94.6035,94.6035,93.0853,94.0342,1603.9932660358,0
ABE,D,20250630,000000,94.0342,94.6035,92.0415,92.0415,2645.218855289,0
ABE,D,20250701,000000,92.1364,92.1364,91.5671,91.9466,1921.2087542597,0
ABE,D,20250702,000000,92.1364,92.8955,92.1364,92.3262,1670.3872054315,0
ABE,D,20250703,000000,92.3262,92.8955,91.5671,91.7569,3319.696969785,0
ABE,D,20250704,000000,91.7569,92.8006,91.662,91.7569,1274.1313131651,0
ABE,D,20250707,000000,92.7058,94.5086,92.0415,92.9904,3886.6801347832,0
ABE,D,20250708,000000,93.37,94.5086,92.516,92.516,4516.8956230154,0
ABE,D,20250709,000000,93.5597,94.3188,93.1802,93.8444,2481.8686869345,0
ABE,D,20250710,000000,94.4137,94.4137,92.9904,93.4649,2193.1077441659,0
ABE,D,20250711,000000,92.9904,94.3188,92.8955,92.8955,1656.6868687308,0
ABE,D,20250714,000000,93.4649,93.5597,91.2824,92.0415,3436.6767677679,0
ABE,D,20250715,000000,92.8006,92.8006,91.3773,91.4722,1766.2895623364,0
ABE,D,20250716,000000,91.8518,91.8518,91.0927,91.4722,5943.838383996,0
ABE,D,20250717,000000,91.4722,91.7569,91.3773,91.7569,1990.7643098171,0
ABE,D,20250718,000000,91.8518,92.4211,91.2824,91.662,5563.3905725381,0
ABE,D,20250721,000000,91.5671,92.4211,91.5671,91.9466,1299.4242424587,0
ABE,D,20250722,000000,91.9466,92.4211,91.7569,92.4211,2714.7744108464,0
ABE,D,20250723,000000,92.4211,93.37,91.662,91.662,1628.2323232755,0
ABE,D,20250724,000000,91.4722,93.37,91.3773,92.516,1642.9865320301,0
ABE,D,20250725,000000,92.0415,92.9904,91.2824,91.2824,1508.0909091309,0
ABE,D,20250728,000000,91.2824,91.7569,89.6693,90.4284,3163.7239058078,0
ABE,D,20250729,000000,89.7642,91.2824,89.7642,89.7642,541.6902357046,0
ABE,D,20250730,000000,89.7642,90.808,89.6693,89.6693,1029.6329966603,0
ABE,D,20250731,000000,89.2898,90.1438,88.0562,89.3847,7116.7979799867,0
ABE,D,20250801,000000,89.1949,89.3847,87.4869,87.4869,1262.5387205722,0
ABE,D,20250804,000000,87.5818,89.3847,87.5818,89.3847,1470.1515151905,0
ABE,D,20250805,000000,90.6182,91.8518,90.1438,90.5233,1244.6228956559,0
ABE,D,20250806,000000,91.7569,92.0415,90.6182,92.0415,2522.9696970366,0
ABE,D,20250807,000000,92.0415,92.0415,90.6182,92.0415,2765.3602694336,0
ABE,D,20250808,000000,92.0415,92.0415,91.0927,92.0415,623.8922559088,0
ABE,D,20250811,000000,91.662,92.0415,90.2387,91.9466,2309.0336700949,0
ABE,D,20250812,000000,91.9466,91.9466,91.1875,91.5671,607.0303030464,0
ABE,D,20250813,000000,91.5671,91.8518,90.7131,91.662,1057.0336700617,0
ABE,D,20250814,000000,91.0927,91.662,90.2387,91.0927,709.2558922747,0
ABE,D,20250818,000000,90.4284,91.1875,89.6693,89.6693,1085.488215517,0
ABE,D,20250819,000000,89.6693,89.8591,87.7716,88.0562,2884.4478115243,0
ABE,D,20250820,000000,88.0562,88.9102,87.4869,87.4869,1244.6228956559,0
ABE,D,20250821,000000,88.5307,89.6693,88.246,89.6693,741.9259259456,0
ABE,D,20250822,000000,89.6693,90.0489,89.0051,89.2898,1009.6094276362,0
ABE,D,20250825,000000,89.2898,91.0927,89.0051,89.5744,1263.5925926261,0
ABE,D,20250826,000000,90.7131,91.0927,89.3847,90.6182,949.5387205639,0
ABE,D,20250827,000000,90.6182,90.808,89.1949,90.0489,1522.8451178855,0
ABE,D,20250828,000000,90.3335,92.8955,89.1949,92.8955,9002.1750844138,0
ABE,D,20250829,000000,93.0853,95.2677,90.9978,94.5086,5951.2154883733,0
ABE,D,20250901,000000,94.5086,96.5962,93.37,94.8882,4709.7542088791,0
ABE,D,20250902,000000,94.8882,98.3042,94.8882,97.9246,4065.8383839462,0
ABE,D,20250903,000000,99.6326,102.479,99.6326,102.479,3981.5286196342,0
ABE,D,20250904,000000,102.479,105.136,98.8735,100.581,6915.5084176918,0
ABE,D,20250905,000000,100.012,100.392,97.3553,99.253,7416.0976432943,0
ABE,D,20250908,000000,99.0633,99.253,97.9246,98.6837,2309.0336700949,0
ABE,D,20250909,000000,98.6837,101.151,98.6837,99.6326,2992.996633076,0
ABE,D,20250910,000000,99.6326,99.6326,95.4575,95.8371,6348.5252526936,0
ABE,D,20250911,000000,87.1073,91.9466,84.9249,91.3773,203390.98317038,0
ABE,D,20250912,000000,91.7569,92.7058,89.2898,89.7642,31122.949495775,0
ABE,D,20250915,000000,90.5233,93.37,89.7642,90.5233,24437.185185833,0
ABE,D,20250916,000000,90.5233,91.1875,89.2898,89.2898,10488.134680413,0
ABE,D,20250917,000000,89.7642,90.9978,89.1949,89.954,10673.616161899,0
ABE,D,20250918,000000,89.954,90.1438,89.2898,89.6693,9924.3131315763,0
ABE,D,20250919,000000,89.954,92.0415,89.4796,89.5744,15864.989899411,0
ABE,D,20250922,000000,90.1438,91.662,90.1438,91.4722,6287.4006735674,0
ABE,D,20250923,000000,91.4722,92.3262,91.4722,91.8518,6414.9191920893,0
ABE,D,20250924,000000,91.9466,92.8006,90.1438,90.4284,9183.4410776846,0
ABE,D,20250925,000000,90.9978,93.4649,90.7131,91.0927,6668.9023570792,0
ABE,D,20250926,000000,91.0927,93.2751,90.5233,92.0415,8146.430976647,0
ABE,D,20250929,000000,93.0853,94.5086,92.2313,93.9393,5031.1851853186,0
ABE,D,20250930,000000,94.6035,94.7933,91.2824,92.0415,5606.599326748,0
ABE,D,20251001,000000,91.4722,92.8955,91.3773,91.8518,5654.0235691735,0
ABE,D,20251002,000000,93.37,94.3188,91.8518,94.3188,4915.2592593896,0
ABE,D,20251003,000000,94.6035,96.4064,92.6109,92.8006,6006.0168351761,0
ABE,D,20251006,000000,93.4649,94.224,92.8006,93.4649,4588.5589226806,0
ABE,D,20251007,000000,93.4649,93.9393,92.7058,93.0853,2717.9360270081,0
ABE,D,20251008,000000,93.4649,93.4649,92.8006,92.9904,3806.5858586868,0
ABE,D,20251009,000000,93.37,93.37,92.516,92.516,4379.8922560084,0
ABE,D,20251010,000000,93.37,94.0342,92.6109,93.4649,8648.0740743034,0
ABE,D,20251013,000000,92.9904,93.4649,92.7058,93.4649,3813.9629630641,0
ABE,D,20251014,000000,93.9393,93.9393,89.1,91.0927,5417.9562290999,0
ABE,D,20251015,000000,91.4722,93.9393,91.4722,93.2751,4763.501683628,0
ABE,D,20251016,000000,92.9904,93.2751,92.0415,92.3262,3005.6430977228,0
ABE,D,20251017,000000,93.0853,93.0853,90.9978,90.9978,8615.4040406325,0
ABE,D,20251020,000000,90.808,92.2313,90.3335,92.0415,5016.430976564,0
ABE,D,20251021,000000,92.4211,92.9904,91.2824,92.1364,1622.962963006,0
ABE,D,20251022,000000,92.4211,92.4211,91.662,92.0415,2506.1077441742,0
ABE,D,20251023,000000,92.3262,92.516,91.1875,92.2313,2663.1346802053,0
ABE,D,20251024,000000,92.2313,93.2751,92.0415,92.8006,5939.6228957804,0
ABE,D,20251027,000000,93.1802,93.37,92.4211,92.9904,1985.4949495476,0
ABE,D,20251028,000000,93.6546,93.6546,91.2824,91.7569,7196.8922560831,0
ABE,D,20251029,000000,93.0853,93.0853,91.662,92.7058,2170.976431034,0
ABE,D,20251030,000000,92.9904,93.1802,91.0927,91.9466,3695.9292930273,0
ABE,D,20251031,000000,92.516,92.8006,91.662,92.3262,2647.3265993968,0
ABE,D,20251103,000000,92.516,93.37,90.1438,91.0927,5353.670033812,0
ABE,D,20251104,000000,91.8518,92.6109,89.954,91.0927,3313.3737374616,0
ABE,D,20251105,000000,91.7569,92.1364,91.0927,91.4722,2144.6296296865,0
ABE,D,20251106,000000,91.4722,92.4211,90.2387,91.0927,3668.5286196259,0
ABE,D,20251107,000000,91.1875,92.3262,90.6182,91.5671,2843.3468014222,0
ABE,D,20251110,000000,91.8518,92.4211,90.5233,91.662,4100.6161617249,0
ABE,D,20251112,000000,92.516,92.516,91.2824,91.4722,3120.5151515979,0
ABE,D,20251113,000000,92.0415,92.0415,90.808,90.9978,2030.8114478653,0
ABE,D,20251114,000000,90.808,91.2824,90.3335,91.2824,1420.6195286572,0
ABE,D,20251117,000000,91.8518,92.516,90.9029,90.9029,2829.6464647215,0
ABE,D,20251118,000000,90.9978,91.9466,90.3335,90.808,2446.0370371019,0
ABE,D,20251119,000000,91.662,92.516,90.1438,91.3773,2594.6329967018,0
ABE,D,20251120,000000,92.1364,92.516,91.5671,91.5671,2991.9427610221,0
ABE,D,20251121,000000,91.3773,91.9466,90.5233,90.6182,2925.5488216264,0
ABE,D,20251124,000000,90.9978,91.0927,89.5744,90.3335,1599.7777778202,0
ABE,D,20251125,000000,90.3335,90.5233,88.8153,89.1949,5553.905724053,0
ABE,D,20251126,000000,89.2898,90.5233,89.2898,90.5233,1874.8383838881,0
ABE,D,20251127,000000,90.7131,91.662,90.5233,91.0927,1794.7441077917,0
ABE,D,20251128,000000,90.6182,91.5671,89.3847,90.9978,3255.4107744971,0
ABE,D,20251201,000000,91.4722,92.9904,91.0927,92.3262,9484.8484851,0
ABE,D,20251202,000000,92.8006,92.8006,90.3335,91.9466,3717.0067341053,0
ABE,D,20251203,000000,90.7131,92.2313,90.6182,91.9466,1411.1346801721,0
ABE,D,20251204,000000,92.3262,92.3262,91.3773,91.9466,51958.000001378,0
ABE,D,20251205,000000,92.0415,92.4211,91.7569,92.1364,6984.0101011953,0
ABE,D,20251208,000000,92.3262,92.4211,91.1875,92.2313,2821.2154882903,0
ABE,D,20251209,000000,92.4211,92.516,91.1875,92.516,3187.9629630475,0
ABE,D,20251210,000000,92.7058,92.9904,92.1364,92.6109,3040.4208755015,0
ABE,D,20251211,000000,92.7058,95.4575,92.3262,95.4575,8188.585858803,0
ABE,D,20251212,000000,94.8882,98.3042,94.6984,98.3042,13508.53198689,0
ABE,D,20251215,000000,97.7348,98.4939,95.078,98.4939,109851.40741032,0
ABE,D,20251216,000000,98.3042,99.6326,97.7348,99.4428,100423.46801613,0
ABE,D,20251217,000000,99.4428,99.6326,98.6837,99.6326,3491.4781145707,0
ABE,D,20251218,000000,99.6326,99.6326,96.9757,99.6326,6695.2491584267,0
ABE,D,20251219,000000,99.6326,100.392,95.6473,100.202,15418.148148557,0
ABE,D,20251222,000000,100.202,100.581,99.6326,100.581,6133.535353698,0
ABE,D,20251223,000000,100.581,102.479,100.202,100.771,4271.3434344567,0
ABE,D,20251229,000000,101.91,102.479,100.581,100.581,3215.3636364489,0
ABE,D,20251230,000000,101.72,102.479,100.771,102.289,36648.400674372,0
ABE,D,20260102,000000,103.808,104.377,102.669,104.377,10490.242424521,0
ABE,D,20260105,000000,104.377,108.173,104.187,107.224,9805.2255894856,0
ABE,D,20260107,000000,107.224,112.348,107.034,112.348,12896.232323574,0
ABE,D,20260108,000000,111.588,112.158,109.311,112.158,13897.410774779,0
ABE,D,20260109,000000,112.158,112.917,111.019,112.917,6109.2962964583,0
ABE,D,20260112,000000,113.676,114.815,111.209,112.917,55734.023570502,0
ABE,D,20260113,000000,113.486,114.625,111.778,112.917,5356.8316499737,0
ABE,D,20260114,000000,121.457,121.457,109.501,113.676,19015.013468518,0
ABE,D,20260115,000000,114.056,114.056,109.501,111.968,6477.0976432694,0
ABE,D,20260116,000000,111.968,115.764,111.968,115.764,6447.5892257602,0
ABE,D,20260119,000000,115.764,115.764,114.625,114.815,1047.5488215766,0
ABE,D,20260120,000000,113.866,114.815,110.45,112.917,2217.3468014056,0
ABE,D,20260121,000000,113.107,114.815,110.45,112.348,3261.7340068205,0
ABE,D,20260122,000000,111.968,113.676,111.209,113.107,4559.0505051714,0
ABE,D,20260123,000000,113.107,114.625,113.107,113.296,2535.6161616834,0
ABE,D,20260126,000000,113.296,114.625,111.209,111.209,2203.6464647049,0
ABE,D,20260127,000000,111.209,113.486,111.209,111.588,1687.2491582939,0
ABE,D,20260128,000000,111.209,111.968,108.362,111.968,5625.5690237182,0
ABE,D,20260129,000000,111.968,113.486,110.829,112.158,5284.1144782546,0
ABE,D,20260130,000000,112.158,113.107,110.829,112.917,13330.427609781,0
ABE,D,20260202,000000,113.486,118.8,111.968,117.661,4945.8215489527,0
ABE,D,20260203,000000,119.18,119.939,117.851,118.99,3302.8350169226,0
ABE,D,20260204,000000,120.508,122.975,119.18,122.406,10434.387205664,0
ABE,D,20260205,000000,121.647,122.785,116.143,117.472,5228.2592593979,0
ABE,D,20260206,000000,117.661,121.267,115.764,120.698,3430.3535354445,0
ABE,D,20260209,000000,121.077,122.596,119.18,122.596,4908.9360270662,0
ABE,D,20260210,000000,121.077,122.406,119.559,119.559,1635.6094276528,0
ABE,D,20260211,000000,121.647,122.596,117.661,119.559,3568.4107745054,0
ABE,D,20260212,000000,119.559,120.508,108.173,111.968,12898.340067682,0
ABE,D,20260213,000000,110.45,111.778,107.413,111.588,21743.488216065,0
ABE,D,20260216,000000,111.399,112.158,108.742,112.158,5736.2255893777,0
ABE,D,20260217,000000,112.158,112.917,110.07,112.917,2627.3030303727,0
ABE,D,20260218,000000,114.056,117.282,114.056,116.902,6626.7474749232,0
ABE,D,20260219,000000,116.333,117.851,115.194,115.953,4184.9259260369,0
ABE,D,20260220,000000,116.333,116.712,112.917,113.866,8084.2525254669,0
ABE,D,20260223,000000,113.107,117.851,113.107,117.472,5341.0235691652,0
ABE,D,20260224,000000,118.041,118.42,116.902,118.42,2958.2188552973,0
ABE,D,20260225,000000,118.61,118.8,116.333,117.282,1940.1784512299,0
ABE,D,20260226,000000,122.406,125.252,120.508,125.252,40388.592593664,0
ABE,D,20260227,000000,127.719,129.048,127.15,128.479,7427.6902358872,0
ABE,D,20260302,000000,128.479,135.121,127.34,131.325,17851.538721012,0
ABE,D,20260303,000000,131.135,131.135,124.114,125.063,9453.232323483,0
ABE,D,20260304,000000,125.252,130.376,125.252,126.201,12411.45117878,0
ABE,D,20260305,000000,126.391,127.15,124.683,125.252,10053.939394206,0
ABE,D,20260306,000000,126.96,126.96,120.508,121.077,7631.0875422899,0
ABE,D,20260309,000000,120.888,120.888,117.851,120.508,6623.5858587615,0
ABE,D,20260310,000000,122.596,124.304,120.698,122.406,5931.1919193492,0
ABE,D,20260311,000000,121.836,123.734,120.508,122.216,15833.373737794,0
ABE,D,20260312,000000,121.267,122.406,119.559,120.318,4529.5420876622,0
ABE,D,20260313,000000,120.128,121.457,118.42,119.749,2278.4713805318,0
ABE,D,20260316,000000,118.041,121.267,116.902,120.508,4193.3569024681,0
ABE,D,20260317,000000,121.836,122.216,119.939,122.216,5526.5050506516,0
ABE,D,20260318,000000,122.975,126.201,120.318,120.888,5530.7205388672,0
ABE,D,20260319,000000,121.836,122.406,118.61,119.749,12155.360269683,0
ABE,D,20260320,000000,120.508,122.216,118.041,120.508,6843.8451180266,0
ABE,D,20260323,000000,118.99,120.698,114.625,120.318,8569.0336702609,0
ABE,D,20260324,000000,120.128,120.128,118.041,118.61,4279.7744108879,0
ABE,D,20260325,000000,118.8,119.749,116.712,117.282,12548.454545787,0
ABE,D,20260326,000000,116.712,116.712,113.107,113.676,9053.8148150549,0
ABE,D,20260327,000000,113.866,113.866,111.778,112.727,14578.212121599,0
ABE,D,20260330,000000,112.727,113.676,111.588,112.727,14080.784512158,0
ABE,D,20260331,000000,112.727,116.143,112.537,114.435,4131.178451288,0
ABE,D,20260401,000000,115.004,118.61,115.004,116.712,19607.289562809,0
ABE,D,20260402,000000,115.764,116.712,113.866,115.004,7113.636363825,0
ABE,D,20260407,000000,116.333,118.61,114.815,115.764,22507.545455142,0
ABE,D,20260408,000000,118.231,121.077,117.092,118.8,25980.053872743,0
ABE,D,20260409,000000,119,120.2,117.4,119.2,7563,0
ABE,D,20260410,000000,119,123.4,112,123.4,14115,0
ABE,D,20260413,000000,120.2,122,119.4,120.4,8169,0
ABE,D,20260414,000000,121.4,121.8,119,121,6005,0
ABE,D,20260415,000000,121.2,121.8,119.2,121,5294,0
ABE,D,20260416,000000,120,121.2,118.8,121.2,5899,0
ABE,D,20260417,000000,121.2,121.4,119,120,16601,0
ABE,D,20260420,000000,120.4,122,119,121.4,10047,0
ABE,D,20260421,000000,121.6,121.6,119.8,119.8,16550,0
ABE,D,20260422,000000,120.8,123.4,119.2,122.8,9470,0
ABE,D,20260423,000000,122.8,123.4,121.2,123.2,37852,0
ABE,D,20260424,000000,123.6,126,123.6,124.8,10404,0
ABE,D,20260427,000000,124.8,125,122.8,123.8,2618,0
ABE,D,20260428,000000,122.6,123.8,122,123.2,2191,0
ABE,D,20260429,000000,123.2,125.8,123,125.2,11107,0
ABE,D,20260430,000000,125.4,127,123.2,126,4515,0
ABE,D,20260504,000000,126,128.6,125,128.2,4907,0
ABE,D,20260505,000000,128.2,130,127.4,129.2,2745,0
ABE,D,20260506,000000,130,130,127.8,128.8,3231,0
ABE,D,20260507,000000,133,133.8,130.2,132.2,15967,0
ABE,D,20260508,000000,131.4,134.6,131,133,3845,0
ABE,D,20260511,000000,133,134.2,128.2,132,36254,0
ABE,D,20260512,000000,131.2,132.2,127.6,130.6,3832,0
ABE,D,20260513,000000,131.8,132,128.8,130.6,2503,0
ABE,D,20260514,000000,130.6,134.8,129,134.8,3499,0
ABE,D,20260515,000000,134.8,136.8,132,133.4,6553,0
ABE,D,20260518,000000,132,137.2,131,137.2,5312,0
ABE,D,20260519,000000,136.6,137.2,132.2,132.6,4038,0
ABE,D,20260520,000000,135.2,136.8,134,135,3446,0
ABE,D,20260521,000000,136.6,139.4,135.6,136.6,6145,0
ABE,D,20260522,000000,136,139.6,135.6,139.6,2104,0
ABE,D,20260525,000000,139.6,141,137.4,140,8464,0
ABE,D,20260526,000000,139.8,140,137.8,138.4,945,0
ABE,D,20260527,000000,137.8,138.4,134.4,135.4,2355,0
ABE,D,20260528,000000,135.4,135.8,129.2,135.2,2748,0
ABE,D,20260529,000000,136.8,139.2,134.4,134.4,4010,0
ABE,D,20260601,000000,134.4,137.6,133.2,136.6,3287,0
ABE,D,20260602,000000,136.4,143.4,135.4,141,8428,0
ABE,D,20260603,000000,142.4,152.4,141.6,147,10263,0
ABE,D,20260605,000000,149.4,149.8,145.2,147.6,4423,0
ABE,D,20260608,000000,147,147.4,142.6,147.4,3657,0
ABE,D,20260609,000000,142.6,147,138.2,143.4,33746,0
ABE,D,20260610,000000,142.8,142.8,136,137.2,15807,0
ABE,D,20260611,000000,136,137,135.4,135.6,3841,0
ABE,D,20260612,000000,136,137.6,135.4,136,3464,0
ABE,D,20260615,000000,136,136.8,133.2,133.2,6688,0
ABE,D,20260616,000000,132.4,135.6,131.6,134.8,5129,0
ABE,D,20260617,000000,133.2,134.4,130.6,131,9488,0
ABE,D,20260618,000000,130.4,132,125.2,131.2,9177,0
ABE,D,20260619,000000,130.8,135.2,130.8,135,13102,0
ABE,D,20260622,000000,133,135,131.2,134.8,6645,0
ABE,D,20260623,000000,134,134.8,131.2,131.8,2431,0
ABE,D,20260624,000000,131.8,133.4,130.8,131.4,2202,0
ABE,D,20260625,000000,132,139,131.4,138.8,10166,0
ABE,D,20260626,000000,139,139.6,136,136.8,2967,0
ABE,D,20260629,000000,136.4,136.8,134,135,5152,0
ABE,D,20260630,000000,135.2,136,131.6,131.8,3552,0
ABE,D,20260701,000000,131.4,134.2,128.4,132.6,2399,0
ABE,D,20260702,000000,133.6,133.8,131,132.6,2804,0
ABE,D,20260703,000000,132,136,131.4,134.6,8458,0
ABE,D,20260706,000000,134.6,135,133.2,134.8,1701,0
ABE,D,20260707,000000,133.8,134.8,132.4,134.4,2185,0
ABE,D,20260708,000000,134.4,136,131.4,133.2,5055,0
ABE,D,20260709,000000,134.8,137.8,133.4,135,15928,0
ABE,D,20260710,000000,135.4,139,135.4,138,7840,0
ABE,D,20260713,000000,138.8,144.8,138.8,143,7286,0
ABE,D,20260714,000000,144,144,140.4,141.4,3907,0
ABE,D,20260715,000000,142.6,143,140,141.6,2928,0
ABE,D,20260716,000000,141.6,145,141,142.6,4876,0
ABE,D,20260717,000000,142.6,143.2,133.2,137.2,9542,0
ABE,D,20260720,000000,134.8,137,133.8,135,4813,0
ABE,D,20260721,000000,135.6,139,134.2,139,7453,0
ABE,D,20260722,000000,139,141,137.4,141,1853,0
ABE,D,20260723,000000,141,142,137.4,139,5162,0
ABE,D,20260724,000000,139.2,139.2,135.4,137.2,3133,0
ABE,D,20260727,000000,137,137.8,133.6,137,3857,0
ABE,D,20260728,000000,136.8,137,132.4,133.6,3856,0
ABE,D,20260729,000000,133.2,135,132.8,135,3389,0
ABE,D,20260730,000000,135.2,136.6,132,136.6,4761,0
ABE,D,20260731,000000,136.8,136.8,133.6,134,2953,0
ABE,D,20260803,000000,133.6,136.4,133.6,136.4,4516,0
ABE,D,20260804,000000,136.8,138.2,136.6,137,7698,0
ABE,D,20260805,000000,136.6,142.8,136.6,139.4,5249,0
ABE,D,20260806,000000,139.8,139.8,138,139.6,4379,0
ABE,D,20260807,000000,139.6,142.8,137,138.4,5463,0
ABE,D,20260810,000000,138.6,141.8,138.6,141.8,4801,0
ABE,D,20260811,000000,141.8,142,139.6,140.8,4511,0
ABE,D,20260812,000000,140.2,142.6,139.8,142.2,2948,0
ABE,D,20260813,000000,142.4,149,141.6,149,9121,0
ABE,D,20260814,000000,148.8,149,145.4,149,9562,0
ABE,D,20260817,000000,147.2,149,146,147.8,3379,0
ABE,D,20260818,000000,147.8,148.2,145.2,146.2,4929,0
