<TICKER>,<PER>,<DATE>,<TIME>,<OPEN>,<HIGH>,<LOW>,<CLOSE>,<VOL>,<OPENINT>
BIP,D,20150401,000000,6.67179,7.25277,5.99105,6.05468,15483.41666638515,0
BIP,D,20150402,000000,6.62647,7.84286,6.62647,7.24376,15886.240740451902,0
BIP,D,20150407,000000,8.16962,8.16962,7.34352,7.41615,2408.6740740302803,0
BIP,D,20150408,000000,7.62496,7.62496,7.59774,7.62496,2454.028703659085,0
BIP,D,20150409,000000,7.44336,7.44336,7.44336,7.44336,418.67120369609154,0
BIP,D,20150410,000000,7.27098,7.27098,7.26187,7.26187,595.8424999891665,0
BIP,D,20150413,000000,7.26187,7.26187,7.23466,7.23466,549.4408333233436,0
BIP,D,20150414,000000,6.94421,6.94421,6.94421,6.94421,363.83314814153306,0
BIP,D,20150415,000000,6.64458,6.98963,6.64458,6.98963,649.6263888770776,0
BIP,D,20150416,000000,7.24376,7.24376,7.24376,7.24376,10.545842592400852,0
BIP,D,20150417,000000,7.17112,7.17112,7.1167,7.1167,380.705925919004,0
BIP,D,20150420,000000,6.83526,7.25277,6.83526,7.25277,2777.7851851346804,0
BIP,D,20150422,000000,7.08028,7.08028,7.08028,7.08028,2269.473148106885,0
BIP,D,20150423,000000,7.08028,7.08028,7.08028,7.08028,330.0865740680725,0
BIP,D,20150424,000000,7.12571,7.12571,7.12571,7.12571,101.24053703519631,0
BIP,D,20150427,000000,7.19835,7.19835,7.19835,7.19835,352.232222215818,0
BIP,D,20150428,000000,7.17112,7.17112,7.17112,7.17112,352.232222215818,0
BIP,D,20150429,000000,6.81706,6.81706,6.80805,6.80805,5089.4453702778355,0
BIP,D,20150505,000000,7.16203,7.16203,7.16203,7.16203,118.113518516371,0
BIP,D,20150507,000000,7.12571,7.12571,6.80805,6.80805,1356.19814812349,0
BIP,D,20150508,000000,6.80805,6.80805,6.80805,6.80805,6779.951851728581,0
BIP,D,20150511,000000,7.21655,7.21655,7.21655,7.21655,774.0679629488891,0
BIP,D,20150514,000000,7.09849,7.62496,7.09849,7.62496,5758.05185174716,0
BIP,D,20150515,000000,7.89728,8.14232,7.88828,8.14232,713.957037024056,0
BIP,D,20150518,000000,8.16962,8.16962,7.42535,7.96083,782.5053703561431,0
BIP,D,20150519,000000,7.96083,7.96083,7.62496,7.62496,550.494999989991,0
BIP,D,20150521,000000,7.62496,7.62496,7.62496,7.62496,880.5815740580636,0
BIP,D,20150522,000000,7.62496,7.62496,7.62496,7.62496,572.6416666562551,0
BIP,D,20150525,000000,7.71579,7.71579,7.71579,7.71579,54.83866666566961,0
BIP,D,20150526,000000,7.71579,7.71579,7.53421,7.53421,385.979814807797,0
BIP,D,20150527,000000,7.62496,7.62496,7.62496,7.62496,165.57037036736003,0
BIP,D,20150601,000000,7.70669,7.70669,7.70669,7.70669,26.364657406928053,0
BIP,D,20150603,000000,7.56142,7.56142,7.53421,7.53421,1789.628703671165,0
BIP,D,20150605,000000,7.27098,7.27098,7.27098,7.27098,81.20332407259765,0
BIP,D,20150608,000000,7.56142,7.56142,7.56142,7.56142,22.14636111070845,0
BIP,D,20150610,000000,7.53421,7.53421,7.53421,7.53421,330.0865740680725,0
BIP,D,20150611,000000,7.62496,7.79744,7.62496,7.79744,197.20759258900702,0
BIP,D,20150612,000000,7.80645,7.80645,7.80645,7.80645,64.32993518401555,0
BIP,D,20150615,000000,7.53421,7.75201,7.53421,7.75201,363.83314814153306,0
BIP,D,20150616,000000,7.53421,7.53421,7.53421,7.53421,363.83314814153306,0
BIP,D,20150617,000000,7.28909,7.28909,7.28909,7.28909,826.7976851701526,0
BIP,D,20150618,000000,7.29819,7.29819,7.29819,7.29819,220.40842592191854,0
BIP,D,20150622,000000,7.29819,7.29819,7.29819,7.29819,341.68648147526903,0
BIP,D,20150624,000000,7.3073,7.3073,7.28007,7.29819,1340.380555531185,0
BIP,D,20150625,000000,7.18013,7.54332,7.18013,7.26187,726.6121296164185,0
BIP,D,20150629,000000,7.21655,7.21655,7.18013,7.18933,2549.9935184721553,0
BIP,D,20150709,000000,7.14392,7.14392,7.14392,7.14392,352.232222215818,0
BIP,D,20150714,000000,7.15292,7.27098,7.14392,7.26187,6895.961110985731,0
BIP,D,20150716,000000,7.03496,7.03496,7.03496,7.03496,87.5308703687789,0
BIP,D,20150720,000000,7.16203,7.16203,7.16203,7.16203,220.40842592191854,0
BIP,D,20150722,000000,7.16203,7.16203,7.12571,7.12571,478.783148139443,0
BIP,D,20150723,000000,7.26187,7.26187,7.26187,7.26187,1102.037037017,0
BIP,D,20150724,000000,7.12571,7.26187,7.12571,7.26187,880.5815740580636,0
BIP,D,20150727,000000,7.27098,7.27098,7.27098,7.27098,198.262777774173,0
BIP,D,20150728,000000,7.27098,7.27098,7.27098,7.27098,2423.4425925485302,0
BIP,D,20150730,000000,7.3073,7.35271,7.3073,7.35271,1372.0157407157951,0
BIP,D,20150731,000000,7.44336,7.44336,7.44336,7.44336,550.494999989991,0
BIP,D,20150803,000000,7.53421,7.77924,7.53421,7.77924,4169.845370294555,0
BIP,D,20150804,000000,7.80645,7.80645,7.80645,7.80645,945.9663888716897,0
BIP,D,20150805,000000,8.16052,8.16052,8.16052,8.16052,54.83866666566961,0
BIP,D,20150807,000000,8.16052,8.44196,8.16052,8.44196,2931.754629576325,0
BIP,D,20150810,000000,8.61443,8.88705,8.61443,8.88705,66.43908333212535,0
BIP,D,20150811,000000,8.82343,10.258,8.82343,9.98499,1537.5861110831552,0
BIP,D,20150812,000000,9.98499,10.166,9.52218,10.166,800.4333333187801,0
BIP,D,20150813,000000,10.166,10.8924,10.166,10.8023,2457.1861110664354,0
BIP,D,20150814,000000,10.8478,10.8924,10.8478,10.8924,278.4110185134565,0
BIP,D,20150817,000000,10.8924,10.8924,10.8924,10.8924,133.9321296271945,0
BIP,D,20150818,000000,10.7928,10.7928,10.7928,10.7928,220.40842592191854,0
BIP,D,20150820,000000,10.8023,10.8924,10.8023,10.8924,250.991481476918,0
BIP,D,20150828,000000,9.94886,10.4117,9.94886,10.4117,254.15601851389752,0
BIP,D,20150831,000000,9.94032,10.7928,9.93089,10.7928,617.9891666554306,0
BIP,D,20150901,000000,10.7928,10.8023,10.7928,10.8023,180.33481481153603,0
BIP,D,20150902,000000,10.7928,10.7928,10.7928,10.7928,14.7642407404723,0
BIP,D,20150903,000000,10.7928,10.8023,10.7928,10.8023,219.35425925527102,0
BIP,D,20150904,000000,10.8023,11.8009,10.7027,11.3466,1023.99814812953,0
BIP,D,20150907,000000,11.3011,11.3011,11.2565,11.2565,220.40842592191854,0
BIP,D,20150908,000000,11.3011,11.3466,11.3011,11.3466,291.066111105819,0
BIP,D,20150910,000000,11.3466,11.3466,11.3466,11.3466,349.068703697357,0
BIP,D,20150911,000000,10.8924,10.8924,10.8924,10.8924,110.73129629428301,0
BIP,D,20150914,000000,10.8838,10.8924,10.6477,10.8924,33.746777777164205,0
BIP,D,20150915,000000,11.3466,11.3466,10.7568,11.1645,377.542407400543,0
BIP,D,20150918,000000,11.3466,11.3466,10.5302,10.5302,357.50509258609253,0
BIP,D,20150921,000000,11.3466,11.3466,11.3466,11.3466,1.054584259240085,0
BIP,D,20150922,000000,10.8924,10.9018,10.8924,10.8924,16744.749999695552,0
BIP,D,20150923,000000,11.3466,11.3466,10.8924,10.8924,1653.5953703403052,0
BIP,D,20150924,000000,11.3372,11.3372,11.3372,11.3372,147.642407404723,0
BIP,D,20150929,000000,11.3285,11.3285,11.3285,11.3285,117.05935184972351,0
BIP,D,20151006,000000,10.8924,10.8924,10.8924,10.8924,550.494999989991,0
BIP,D,20151007,000000,10.8924,11.8009,10.8924,11.8009,12010.67592570755,0
BIP,D,20151008,000000,10.003,11.8009,10.003,11.8009,327.977222216259,0
BIP,D,20151009,000000,11.8009,11.8009,11.8009,11.8009,110.73129629428301,0
BIP,D,20151013,000000,11.7468,12.7083,11.7468,12.7083,1345.6564814570152,0
BIP,D,20151015,000000,12.7083,13.6166,12.7083,13.5246,2616.4314814339104,0
BIP,D,20151016,000000,13.6166,13.6166,13.6166,13.6166,10.545842592400852,0
BIP,D,20151019,000000,13.6166,13.6166,12.7083,12.7083,2404.45740736369,0
BIP,D,20151022,000000,13.6166,13.6166,13.6166,13.6166,1.054584259240085,0
BIP,D,20151026,000000,13.6166,14.5233,13.6166,13.6527,570.5323148044415,0
BIP,D,20151027,000000,14.5062,14.5062,14.4511,14.4511,166.62453703400752,0
BIP,D,20151029,000000,13.6166,13.6166,13.6166,13.6166,1073.569444424925,0
BIP,D,20151030,000000,13.6166,14.5062,13.6072,14.5062,119.16768518301852,0
BIP,D,20151104,000000,14.0614,14.0614,14.0614,14.0614,7.38212037023615,0
BIP,D,20151105,000000,14.0699,14.0699,14.0699,14.0699,137.09666666417402,0
BIP,D,20151106,000000,12.7083,14.0699,12.7083,14.0699,3677.3509258590652,0
BIP,D,20151109,000000,14.5062,14.5062,13.7969,13.7969,109.67712962763551,0
BIP,D,20151110,000000,13.7969,13.7969,13.1625,13.1625,291.066111105819,0
BIP,D,20151112,000000,13.7969,14.5062,13.7969,14.5062,8.436714814661421,0
BIP,D,20151113,000000,13.1625,14.5062,13.1625,14.5062,90.69469444279545,0
BIP,D,20151116,000000,13.6166,14.5062,10.8924,13.4251,1190.6277777561302,0
BIP,D,20151118,000000,12.6987,12.6987,10.8924,10.8924,249.93731481027052,0
BIP,D,20151119,000000,10.8924,12.6987,10.8924,10.8924,451.36361110290454,0
BIP,D,20151120,000000,12.6987,14.0425,12.6987,13.6166,69.60290740614191,0
BIP,D,20151124,000000,12.7083,12.8904,12.6627,12.8904,134.9873148123605,0
BIP,D,20151127,000000,12.4361,12.6987,10.9653,12.6987,119.16768518301852,0
BIP,D,20151130,000000,11.3466,12.6172,11.3466,12.6172,111.78648147944901,0
BIP,D,20151203,000000,12.2541,12.2541,12.2541,12.2541,220.40842592191854,0
BIP,D,20151204,000000,11.3466,12.6172,11.3466,12.6172,451.36361110290454,0
BIP,D,20151208,000000,12.2541,12.6172,12.2541,12.6172,87.5308703687789,0
BIP,D,20151209,000000,13.0629,13.0629,13.0629,13.0629,1.054584259240085,0
BIP,D,20151210,000000,11.8009,12.9349,11.8009,12.9349,536.785740730981,0
BIP,D,20151215,000000,11.8009,11.8009,11.8009,11.8009,147.642407404723,0
BIP,D,20151221,000000,11.8009,11.8009,11.8009,11.8009,22.14636111070845,0
BIP,D,20151222,000000,10.8288,11.7013,9.62175,11.7013,1646.2111110811802,0
BIP,D,20151223,000000,10.8478,10.8478,10.8478,10.8478,44.2927222214169,0
BIP,D,20151228,000000,10.8478,11.8009,10.8478,11.8009,86.47629629472401,0
BIP,D,20151229,000000,10.0399,10.0399,10.0399,10.0399,105.45842592400851,0
BIP,D,20151230,000000,11.8009,11.8009,8.62345,8.62345,519.9119444349916,0
BIP,D,20160104,000000,9.53167,9.98499,9.53167,9.98499,110.73129629428301,0
BIP,D,20160105,000000,9.98499,9.98499,9.98499,9.98499,44.2927222214169,0
BIP,D,20160107,000000,9.98499,9.98499,9.98499,9.98499,56.9478148137794,0
BIP,D,20160108,000000,9.53167,9.97635,9.53167,9.97635,993.4232407226785,0
BIP,D,20160111,000000,9.07747,9.07747,9.07747,9.07747,409.1806481407085,0
BIP,D,20160112,000000,9.53167,9.53167,9.53167,9.53167,234.11870369944702,0
BIP,D,20160113,000000,9.53167,9.53167,9.53167,9.53167,220.40842592191854,0
BIP,D,20160114,000000,9.53167,9.98499,9.53167,9.98499,555.7678703602655,0
BIP,D,20160119,000000,9.98499,9.98499,9.98499,9.98499,100.18596296114141,0
BIP,D,20160120,000000,9.98499,9.98499,9.98499,9.98499,110.73129629428301,0
BIP,D,20160121,000000,9.98499,9.98499,9.07747,9.07747,1138.9481481274402,0
BIP,D,20160122,000000,9.98499,9.98499,9.98499,9.98499,1.054584259240085,0
BIP,D,20160125,000000,9.53167,9.53167,9.53167,9.53167,71.7120555542517,0
BIP,D,20160126,000000,9.98499,9.98499,9.07747,9.07747,55.893240739724504,0
BIP,D,20160127,000000,9.98499,9.98499,9.07747,9.07747,112.84064814609651,0
BIP,D,20160201,000000,9.98499,9.98499,9.98499,9.98499,53.78399073976286,0
BIP,D,20160202,000000,9.21401,9.21401,9.07747,9.07747,360.66962962307207,0
BIP,D,20160203,000000,9.07747,9.07747,9.07747,9.07747,79.09417592448786,0
BIP,D,20160204,000000,9.34961,9.34961,9.07747,9.07747,165.57037036736003,0
BIP,D,20160205,000000,9.34961,9.98499,9.34961,9.98499,111.78648147944901,0
BIP,D,20160210,000000,9.07747,9.07747,9.07747,9.07747,165.57037036736003,0
BIP,D,20160211,000000,8.98672,8.98672,8.98672,8.98672,110.73129629428301,0
BIP,D,20160212,000000,8.98672,8.98672,8.98672,8.98672,10.545842592400852,0
BIP,D,20160215,000000,9.07747,9.89388,9.07747,9.53167,441.8730555475215,0
BIP,D,20160216,000000,9.15901,9.15901,8.92309,8.92309,469.29157406554157,0
BIP,D,20160218,000000,8.96832,8.96832,8.96832,8.96832,33.746777777164205,0
BIP,D,20160219,000000,8.96832,9.15901,8.96832,9.15901,176.116111107909,0
BIP,D,20160222,000000,9.15901,9.53167,9.07747,9.07747,220.40842592191854,0
BIP,D,20160223,000000,9.07747,9.07747,8.98672,9.07747,1343.537962938535,0
BIP,D,20160302,000000,9.07747,9.07747,8.62345,8.80495,1472.1972221954552,0
BIP,D,20160303,000000,8.80495,8.80495,8.62345,8.62345,322.7043518459845,0
BIP,D,20160304,000000,8.98672,8.98672,8.98672,8.98672,116.0041666645575,0
BIP,D,20160307,000000,9.03194,9.07747,9.03194,9.03194,1332.9962962720601,0
BIP,D,20160308,000000,9.00425,9.00425,8.80495,8.80495,225.68129629219303,0
BIP,D,20160309,000000,8.62345,8.62345,8.62345,8.62345,161.35166666373303,0
BIP,D,20160314,000000,8.80495,9.07747,8.75961,9.07747,1310.85370367987,0
BIP,D,20160315,000000,9.44064,9.89388,9.44064,9.89388,825.7435185035051,0
BIP,D,20160317,000000,9.48615,9.49563,9.48615,9.49563,119.16768518301852,0
BIP,D,20160318,000000,9.49563,9.49563,9.49563,9.49563,880.5815740580636,0
BIP,D,20160323,000000,9.39513,9.80381,9.39513,9.80381,111.78648147944901,0
BIP,D,20160324,000000,9.39513,9.39513,9.39513,9.39513,10.545842592400852,0
BIP,D,20160329,000000,9.7583,9.80381,9.7583,9.80381,868.981666650867,0
BIP,D,20160331,000000,9.80381,9.83978,9.25857,9.25857,535.7315740643335,0
BIP,D,20160404,000000,9.84842,9.84842,9.84842,9.84842,52.72941666570795,0
BIP,D,20160406,000000,9.53167,9.53167,9.53167,9.53167,107.56777777582201,0
BIP,D,20160411,000000,9.84842,10.1034,9.84842,9.98499,442.92722221416903,0
BIP,D,20160412,000000,9.98499,9.98499,9.98499,9.98499,311.1034259202695,0
BIP,D,20160413,000000,9.98499,9.98499,9.5402,9.57623,745.594259245703,0
BIP,D,20160414,000000,9.57623,9.98499,9.55822,9.62175,1636.71851848876,0
BIP,D,20160415,000000,9.80381,9.80381,9.76779,9.76779,815.1977777629561,0
BIP,D,20160418,000000,9.78488,9.78488,9.76779,9.76779,409.1806481407085,0
BIP,D,20160419,000000,9.76779,9.98499,9.76779,9.98499,666.500185173067,0
BIP,D,20160421,000000,9.98499,10.3301,9.98499,10.3301,943.8570370198761,0
BIP,D,20160422,000000,10.3301,10.3301,9.94886,9.94886,400.7432407334545,0
BIP,D,20160425,000000,10.4846,10.4846,10.4846,10.4846,15.818814814527201,0
BIP,D,20160426,000000,9.98499,10.5302,9.98499,10.5302,881.6367592432296,0
BIP,D,20160427,000000,10.5302,10.5302,9.98499,9.98499,545.2221296197165,0
BIP,D,20160428,000000,9.98499,9.98499,9.98499,9.98499,106.512592590656,0
BIP,D,20160504,000000,10.4846,10.4846,9.98499,9.98499,875.308703687789,0
BIP,D,20160506,000000,10.4846,10.4846,10.4846,10.4846,22.14636111070845,0
BIP,D,20160509,000000,9.98499,9.98499,9.98499,9.98499,360.66962962307207,0
BIP,D,20160511,000000,10.003,10.0124,10.003,10.0124,203.53564814444752,0
BIP,D,20160512,000000,10.0759,10.0759,10.0759,10.0759,17.927962962637,0
BIP,D,20160513,000000,10.2486,10.2486,9.80381,9.98499,1967.8592592234802,0
BIP,D,20160516,000000,9.80381,9.80381,9.80381,9.80381,308.994074068456,0
BIP,D,20160519,000000,9.98499,9.98499,9.98499,9.98499,341.68648147526903,0
BIP,D,20160523,000000,9.80381,9.80381,9.66727,9.66727,108.62194444246951,0
BIP,D,20160524,000000,9.66727,9.66727,9.62175,9.62175,369.1060185118075,0
BIP,D,20160525,000000,9.62175,9.62175,8.93229,8.93229,705.519629616802,0
BIP,D,20160601,000000,9.07747,9.07747,8.39654,8.39654,1795.9638888562351,0
BIP,D,20160602,000000,8.44196,8.44196,8.44196,8.44196,187.7160185151055,0
BIP,D,20160609,000000,8.96832,8.96832,8.96832,8.96832,176.116111107909,0
BIP,D,20160613,000000,8.8954,8.8954,8.8954,8.8954,198.262777774173,0
BIP,D,20160624,000000,8.48738,8.8954,8.31489,8.8954,848.9443518364166,0
BIP,D,20160708,000000,8.88705,8.8954,8.88705,8.8954,1616.6842592298651,0
BIP,D,20160711,000000,8.5328,8.5328,8.5328,8.5328,68.54833333208701,0
BIP,D,20160712,000000,8.75961,8.75961,8.75961,8.75961,44.2927222214169,0
BIP,D,20160714,000000,8.98672,8.98672,8.62345,8.8954,352.232222215818,0
BIP,D,20160715,000000,8.8954,8.8954,8.8954,8.8954,44.2927222214169,0
BIP,D,20160720,000000,8.16962,8.56902,8.16962,8.56902,55.893240739724504,0
BIP,D,20160725,000000,8.56902,8.56902,8.56902,8.56902,18.9825370366919,0
BIP,D,20160726,000000,8.16962,8.16962,7.71579,7.71579,455.58231480653154,0
BIP,D,20160727,000000,7.71579,7.71579,7.47978,7.70669,544.167962953069,0
BIP,D,20160728,000000,7.45257,7.67038,7.45257,7.67038,298.448333327907,0
BIP,D,20160804,000000,7.42535,7.67038,7.3073,7.67038,2708.17962958039,0
BIP,D,20160808,000000,7.37082,7.37082,7.37082,7.37082,143.423703701096,0
BIP,D,20160809,000000,7.3254,7.3254,7.3254,7.3254,143.423703701096,0
BIP,D,20160810,000000,7.64316,7.64316,7.64316,7.64316,550.494999989991,0
BIP,D,20160812,000000,7.48879,7.64316,7.17112,7.36172,1815.99814811513,0
BIP,D,20160816,000000,7.57964,7.57964,7.57964,7.57964,110.73129629428301,0
BIP,D,20160824,000000,7.35271,7.35271,7.35271,7.35271,459.8010185101585,0
BIP,D,20160826,000000,7.36172,7.36172,7.35271,7.35271,680.209444432077,0
BIP,D,20160829,000000,7.3254,7.3254,7.3254,7.3254,5.272941666570795,0
BIP,D,20160830,000000,7.3254,7.3254,7.3254,7.3254,62.22078703590576,0
BIP,D,20160831,000000,7.3254,7.3254,7.17112,7.17112,1595.59074071173,0
BIP,D,20160902,000000,7.33451,7.66127,7.33451,7.54332,484.05601850971755,0
BIP,D,20160905,000000,7.65217,7.65217,7.65217,7.65217,165.57037036736003,0
BIP,D,20160909,000000,7.98803,7.98803,7.98803,7.98803,21.091787036653553,0
BIP,D,20160913,000000,7.98803,7.98803,7.98803,7.98803,58.00238888783431,0
BIP,D,20160914,000000,7.64316,7.64316,7.64316,7.64316,79.09417592448786,0
BIP,D,20160919,000000,7.66127,9.06797,7.66127,8.35121,262.592407402633,0
BIP,D,20160920,000000,8.35121,8.35121,7.98803,7.98803,399.68907406680705,0
BIP,D,20160921,000000,7.99714,7.99714,7.99714,7.99714,131.82277777538098,0
BIP,D,20160923,000000,7.98803,7.98803,7.85187,7.85187,131.82277777538098,0
BIP,D,20160927,000000,7.89728,7.89728,7.62496,7.62496,1063.0175925732651,0
BIP,D,20160930,000000,7.84286,8.16962,7.84286,7.89728,1078.83518516557,0
BIP,D,20161003,000000,7.80645,7.80645,7.80645,7.80645,137.09666666417402,0
BIP,D,20161004,000000,7.62496,7.62496,7.59774,7.59774,1001.8596296114141,0
BIP,D,20161006,000000,7.82465,7.82465,7.82465,7.82465,131.82277777538098,0
BIP,D,20161011,000000,8.16052,8.16052,8.16052,8.16052,27.419333332834803,0
BIP,D,20161012,000000,8.16052,8.16052,8.16052,8.16052,33.746777777164205,0
BIP,D,20161013,000000,8.16052,8.16052,8.16052,8.16052,44.2927222214169,0
BIP,D,20161017,000000,8.16962,8.26037,8.16962,8.26037,1388.8925925673402,0
BIP,D,20161018,000000,8.34211,8.34211,8.34211,8.34211,211.972037033183,0
BIP,D,20161019,000000,8.5418,8.5418,8.5418,8.5418,43.238148147362004,0
BIP,D,20161103,000000,8.26947,8.26947,7.80645,7.80645,630.644259247793,0
BIP,D,20161104,000000,7.80645,7.81565,7.80645,7.81565,294.22962962428,0
BIP,D,20161107,000000,7.80645,7.80645,7.80645,7.80645,300.5576851797205,0
BIP,D,20161110,000000,7.80645,7.80645,7.80645,7.80645,1102.037037017,0
BIP,D,20161116,000000,7.45257,7.45257,7.45257,7.45257,37.965175925235656,0
BIP,D,20161117,000000,7.45257,7.45257,7.45257,7.45257,342.74166666043504,0
BIP,D,20161121,000000,7.44336,7.44336,7.44336,7.44336,388.088148141092,0
BIP,D,20161124,000000,7.1348,7.1348,7.1348,7.1348,220.40842592191854,0
BIP,D,20161128,000000,6.81706,6.82617,6.81706,6.81706,484.05601850971755,0
BIP,D,20161205,000000,6.71722,6.85338,6.53572,6.85338,1509.1083333058953,0
BIP,D,20161206,000000,7.08028,7.08028,7.08028,7.08028,66.43908333212535,0
BIP,D,20161207,000000,7.05308,7.05308,7.05308,7.05308,165.57037036736003,0
BIP,D,20161208,000000,6.8988,6.8988,6.8988,6.8988,33.746777777164205,0
BIP,D,20161209,000000,7.08028,7.08948,7.08028,7.08948,2741.9333332834804,0
BIP,D,20161212,000000,7.03496,7.21655,7.03496,7.03496,2638.5740740261003,0
BIP,D,20161214,000000,7.08948,7.08948,7.08948,7.08948,1102.037037017,0
BIP,D,20161215,000000,7.35271,7.35271,7.35271,7.35271,39.01974999929055,0
BIP,D,20161216,000000,7.35271,7.35271,7.08948,7.08948,1858.1851851514002,0
BIP,D,20161221,000000,7.35271,7.37082,7.35271,7.37082,499.87462962054104,0
BIP,D,20161222,000000,7.61595,7.61595,7.58864,7.58864,281.5745370319175,0
BIP,D,20161223,000000,7.60684,7.60684,7.58864,7.58864,841.5621296143286,0
BIP,D,20161228,000000,7.58864,7.58864,7.58864,7.58864,250.991481476918,0
BIP,D,20161230,000000,7.76122,7.89728,7.76122,7.89728,694.973888876253,0
BIP,D,20170102,000000,7.62496,7.62496,7.62496,7.62496,780.3960185043295,0
BIP,D,20170103,000000,7.64316,7.80645,7.64316,7.80645,635.9171296180675,0
BIP,D,20170104,000000,7.77023,7.80645,7.76122,7.80645,1079.89444442481,0
BIP,D,20170105,000000,8.06067,8.16962,8.06067,8.16962,2553.16111106469,0
BIP,D,20170109,000000,8.08788,8.26947,8.08788,8.26947,418.67120369609154,0
BIP,D,20170110,000000,8.5328,8.5328,8.17873,8.17873,664.3908333212536,0
BIP,D,20170116,000000,8.44196,8.44196,8.44196,8.44196,242.55509258818253,0
BIP,D,20170117,000000,8.75961,8.80495,8.75961,8.80495,352.232222215818,0
BIP,D,20170118,000000,8.5328,8.5328,8.5328,8.5328,430.2721296218065,0
BIP,D,20170119,000000,8.44196,8.62345,8.44196,8.62345,187.7160185151055,0
BIP,D,20170120,000000,8.62345,8.62345,8.62345,8.62345,1001.8596296114141,0
BIP,D,20170123,000000,8.39654,8.39654,8.39654,8.39654,33.746777777164205,0
BIP,D,20170124,000000,8.39654,8.39654,8.16962,8.16962,1046.1509259069053,0
BIP,D,20170127,000000,8.44196,9.84842,8.44196,9.84842,243.60925925483002,0
BIP,D,20170130,000000,8.83262,8.83262,8.83262,8.83262,353.287407400984,0
BIP,D,20170201,000000,8.82343,8.82343,8.82343,8.82343,253.1008333287315,0
BIP,D,20170202,000000,8.81414,8.81414,8.81414,8.81414,232.00935184763352,0
BIP,D,20170203,000000,8.85017,8.85017,8.85017,8.85017,460.85518517680606,0
BIP,D,20170206,000000,8.75961,8.75961,8.75961,8.75961,462.9645370286196,0
BIP,D,20170207,000000,8.8954,8.8954,8.8954,8.8954,170.84324073763452,0
BIP,D,20170209,000000,8.75961,8.75961,8.75961,8.75961,131.82277777538098,0
BIP,D,20170210,000000,8.75961,8.75961,8.44196,8.44196,1003.9689814632276,0
BIP,D,20170213,000000,8.44196,8.44196,8.16962,8.16962,440.8178703623555,0
BIP,D,20170216,000000,8.30579,8.30579,8.16962,8.16962,110.73129629428301,0
BIP,D,20170221,000000,8.16962,8.16962,8.16962,8.16962,342.74166666043504,0
BIP,D,20170227,000000,8.21495,8.21495,8.21495,8.21495,100.18596296114141,0
BIP,D,20170303,000000,8.49638,8.49638,8.49638,8.49638,242.55509258818253,0
BIP,D,20170306,000000,8.80495,8.80495,8.39654,8.39654,244.66444443999603,0
BIP,D,20170307,000000,8.44196,9.07747,8.36932,8.36932,1007.1324999816886,0
BIP,D,20170308,000000,8.39654,8.39654,8.39654,8.39654,5.272941666570795,0
BIP,D,20170317,000000,8.80495,8.80495,8.80495,8.80495,44.2927222214169,0
BIP,D,20170327,000000,8.94983,8.94983,8.94983,8.94983,22.14636111070845,0
BIP,D,20170328,000000,8.62345,8.62345,8.62345,8.62345,610.6069444333425,0
BIP,D,20170330,000000,8.62345,8.62345,8.62345,8.62345,242.55509258818253,0
BIP,D,20170404,000000,8.62345,8.62345,8.59623,8.59623,316.3762962905441,0
BIP,D,20170407,000000,8.58723,8.58723,8.58723,8.58723,242.55509258818253,0
BIP,D,20170418,000000,8.62345,8.62345,8.58723,8.58723,389.143333326258,0
BIP,D,20170420,000000,8.62345,8.62345,8.48738,8.48738,528.3493518422456,0
BIP,D,20170425,000000,8.47818,8.47818,8.47818,8.47818,242.55509258818253,0
BIP,D,20170428,000000,9.06797,9.98499,9.06797,9.07747,666.500185173067,0
BIP,D,20170502,000000,9.07747,9.48615,9.07747,9.48615,789.887592578231,0
BIP,D,20170504,000000,9.48615,9.51271,9.086,9.086,2041.68148144436,0
BIP,D,20170509,000000,9.57623,9.57623,9.57623,9.57623,8.436714814661421,0
BIP,D,20170510,000000,9.62175,9.64925,9.25857,9.25857,1387.8333333081,0
BIP,D,20170511,000000,9.93089,9.94032,9.93089,9.94032,22.14636111070845,0
BIP,D,20170512,000000,9.93089,9.94032,9.93089,9.94032,66.43908333212535,0
BIP,D,20170522,000000,9.94032,9.94032,9.07747,9.94032,171.897407404282,0
BIP,D,20170523,000000,9.94032,11.0745,9.94032,10.3482,330.0865740680725,0
BIP,D,20170524,000000,10.8564,10.8564,9.10496,9.53167,694.973888876253,0
BIP,D,20170530,000000,9.53167,9.53167,9.53167,9.53167,462.9645370286196,0
BIP,D,20170601,000000,8.96832,9.53167,8.96832,9.53167,546.2773148048826,0
BIP,D,20170605,000000,9.53167,9.53167,9.53167,9.53167,100.18596296114141,0
BIP,D,20170607,000000,9.07747,9.07747,9.07747,9.07747,220.40842592191854,0
BIP,D,20170626,000000,9.25857,9.25857,9.07747,9.07747,607.4434259148816,0
BIP,D,20170627,000000,9.07747,9.07747,9.07747,9.07747,1332.9962962720601,0
BIP,D,20170628,000000,9.07747,9.07747,9.07747,9.07747,330.0865740680725,0
BIP,D,20170629,000000,9.07747,9.07747,9.07747,9.07747,197.20759258900702,0
BIP,D,20170703,000000,9.07747,9.07747,9.07747,9.07747,268.919444439555,0
BIP,D,20170705,000000,9.10496,9.10496,9.07747,9.07747,538.8950925827945,0
BIP,D,20170710,000000,9.26806,9.26806,9.26806,9.26806,8575.915740584815,0
BIP,D,20170711,000000,9.07747,9.07747,9.07747,9.07747,232.00935184763352,0
BIP,D,20170712,000000,8.62345,8.62345,8.62345,8.62345,14.7642407404723,0
BIP,D,20170720,000000,8.62345,8.62345,8.62345,8.62345,237.28222221790801,0
BIP,D,20170822,000000,8.62345,8.62345,8.62345,8.62345,4.218357407330711,0
BIP,D,20170830,000000,7.98803,7.98803,7.98803,7.98803,330.0865740680725,0
BIP,D,20170831,000000,7.98803,7.98803,7.49789,7.49789,131.82277777538098,0
BIP,D,20170904,000000,7.58864,7.58864,7.58864,7.58864,82.2579999985044,0
BIP,D,20170915,000000,7.58864,7.58864,7.49789,7.49789,414.45351851098303,0
BIP,D,20170918,000000,7.49789,7.62496,7.26187,7.26187,1828.6583333000851,0
BIP,D,20170919,000000,7.26187,7.26187,7.26187,7.26187,2021.6472221854654,0
BIP,D,20170921,000000,7.26187,7.26187,7.22555,7.22555,661.2273148027926,0
BIP,D,20170926,000000,7.35271,7.35271,7.26187,7.26187,605.334074063068,0
BIP,D,20170927,000000,7.26187,7.26187,7.26187,7.26187,2257.8722221811704,0
BIP,D,20170928,000000,7.26187,7.26187,7.26187,7.26187,2587.9537036566503,0
BIP,D,20170929,000000,7.26187,7.26187,7.26187,7.26187,391.25268517807154,0
BIP,D,20171002,000000,7.26187,7.26187,7.26187,7.26187,357.50509258609253,0
BIP,D,20171006,000000,7.27098,7.27098,7.26187,7.26187,352.232222215818,0
BIP,D,20171012,000000,7.26187,7.26187,7.26187,7.26187,191.9347222187325,0
BIP,D,20171107,000000,7.22555,7.22555,7.22555,7.22555,110.73129629428301,0
BIP,D,20171108,000000,7.12571,7.12571,6.95323,6.95323,1143.1749999792153,0
BIP,D,20171117,000000,6.62647,6.67179,6.62647,6.67179,384.924629622631,0
BIP,D,20171120,000000,6.67179,7.17112,6.62647,7.17112,363.83314814153306,0
BIP,D,20171205,000000,6.91691,7.17112,6.91691,7.17112,507.25685184262903,0
BIP,D,20171206,000000,6.78985,6.78985,6.78985,6.78985,1463.7638888622753,0
BIP,D,20171207,000000,7.17112,7.17112,7.17112,7.17112,27.419333332834803,0
BIP,D,20171212,000000,6.80805,6.80805,6.59925,6.79894,401.7984259186205,0
BIP,D,20171218,000000,6.80805,6.80805,6.80805,6.80805,10.545842592400852,0
BIP,D,20171220,000000,7.17112,7.17112,7.17112,7.17112,10.545842592400852,0
BIP,D,20171222,000000,6.80805,6.80805,6.62647,6.80805,2410.782407363575,0
BIP,D,20171227,000000,5.44638,5.44638,5.44638,5.44638,1309.79444442063,0
BIP,D,20171229,000000,6.49029,7.17112,6.49029,7.16203,205.64499999626102,0
BIP,D,20180104,000000,7.12571,7.12571,7.12571,7.12571,222.51777777373204,0
BIP,D,20180105,000000,7.12571,7.12571,7.12571,7.12571,566.3146296193331,0
BIP,D,20180108,000000,7.12571,7.26187,6.8988,7.26187,505.14749999081556,0
BIP,D,20180111,000000,6.98963,7.26187,6.98963,7.26187,305.830555549995,0
BIP,D,20180123,000000,6.49029,6.53572,6.49029,6.53572,225.68129629219303,0
BIP,D,20180124,000000,6.35413,6.53572,6.26338,6.53572,1911.9629629282,0
BIP,D,20180129,000000,6.44498,6.53572,6.44498,6.53572,33.746777777164205,0
BIP,D,20180130,000000,6.53572,6.53572,6.53572,6.53572,10.545842592400852,0
BIP,D,20180201,000000,6.53572,6.53572,6.53572,6.53572,36.91060185118075,0
BIP,D,20180205,000000,6.26338,6.26338,6.26338,6.26338,330.0865740680725,0
BIP,D,20180212,000000,6.26338,6.26338,6.17264,6.17264,1652.5361110810652,0
BIP,D,20180214,000000,6.26338,6.26338,5.94563,6.17264,1311.902777753925,0
BIP,D,20180221,000000,6.17264,6.17264,6.17264,6.17264,280.52037036527,0
BIP,D,20180226,000000,6.12721,6.17264,6.12721,6.17264,281.5745370319175,0
BIP,D,20180228,000000,6.26338,6.35413,6.26338,6.35413,844.7256481327895,0
BIP,D,20180305,000000,6.35413,6.35413,6.35413,6.35413,518.857777768344,0
BIP,D,20180306,000000,6.53572,6.53572,6.53572,6.53572,278.4110185134565,0
BIP,D,20180307,000000,7.39804,7.39804,7.35271,7.35271,1223.32222219998,0
BIP,D,20180312,000000,6.71722,7.57964,6.71722,7.57964,355.39574073427906,0
BIP,D,20180313,000000,6.71722,6.71722,6.71722,6.71722,199.31694444082052,0
BIP,D,20180314,000000,7.53421,7.53421,7.53421,7.53421,1185.3518518303001,0
BIP,D,20180316,000000,6.8988,7.48879,6.8988,7.48879,392.306851844719,0
BIP,D,20180321,000000,7.03496,7.03496,7.03496,7.03496,190.880555552085,0
BIP,D,20180326,000000,6.8988,6.8988,6.8988,6.8988,330.0865740680725,0
BIP,D,20180328,000000,6.94421,6.94421,6.71722,6.71722,380.705925919004,0
BIP,D,20180406,000000,6.71722,6.71722,6.71722,6.71722,330.0865740680725,0
BIP,D,20180410,000000,6.71722,6.71722,6.71722,6.71722,1102.037037017,0
BIP,D,20180411,000000,6.71722,6.71722,6.71722,6.71722,771.959629615594,0
BIP,D,20180417,000000,6.71722,6.71722,6.71722,6.71722,2204.0842592191852,0
BIP,D,20180420,000000,6.71722,6.71722,6.71722,6.71722,1036.658333314485,0
BIP,D,20180425,000000,6.71722,6.71722,6.71722,6.71722,995.5325925744921,0
BIP,D,20180426,000000,6.71722,6.71722,6.71722,6.71722,327.977222216259,0
BIP,D,20180427,000000,6.71722,6.71722,6.71722,6.71722,330.0865740680725,0
BIP,D,20180430,000000,6.71722,6.71722,6.71722,6.71722,1266.558333310305,0
BIP,D,20180502,000000,6.71722,6.71722,6.71722,6.71722,430.2721296218065,0
BIP,D,20180509,000000,6.62647,6.62647,6.62647,6.62647,16524.342592292152,0
BIP,D,20180516,000000,6.49029,6.49029,6.49029,6.49029,308.994074068456,0
BIP,D,20180525,000000,6.35413,6.35413,6.35413,6.35413,2204.0842592191852,0
BIP,D,20180530,000000,6.26338,6.26338,6.26338,6.26338,344.84999999373,0
BIP,D,20180601,000000,6.21796,6.21796,6.21796,6.21796,94.91299073901506,0
BIP,D,20180605,000000,5.99105,5.99105,5.99105,5.99105,131.82277777538098,0
BIP,D,20180608,000000,6.03646,6.03646,5.76414,5.76414,385.979814807797,0
BIP,D,20180611,000000,6.03646,6.35413,6.03646,6.35413,4737.211111024981,0
BIP,D,20180615,000000,6.21796,6.21796,6.21796,6.21796,363.83314814153306,0
BIP,D,20180618,000000,6.49029,6.49029,6.49029,6.49029,2.1091787036653553,0
BIP,D,20180720,000000,6.21796,6.21796,5.94563,5.94563,348.01453703070956,0
BIP,D,20180808,000000,5.71882,7.53421,5.71882,7.53421,430.2721296218065,0
BIP,D,20180831,000000,6.17264,6.17264,6.17264,6.17264,330.0865740680725,0
BIP,D,20180910,000000,6.3087,6.3087,6.3087,6.3087,8.436714814661421,0
BIP,D,20181008,000000,6.03646,6.03646,6.03646,6.03646,363.83314814153306,0
BIP,D,20181009,000000,5.76414,5.76414,5.76414,5.76414,33.746777777164205,0
BIP,D,20181012,000000,5.76414,5.76414,5.76414,5.76414,54.83866666566961,0
BIP,D,20181015,000000,5.49181,5.49181,5.44638,5.44638,496.71111110208005,0
BIP,D,20181108,000000,5.21947,5.21947,5.21947,5.21947,401.7984259186205,0
BIP,D,20181115,000000,4.99256,4.99256,4.99256,4.99256,110.73129629428301,0
BIP,D,20181116,000000,4.99256,4.99256,4.99256,4.99256,100.18596296114141,0
BIP,D,20181203,000000,4.81097,4.81097,4.81097,4.81097,440.8178703623555,0
BIP,D,20181206,000000,4.62938,4.62938,4.58416,4.58416,473.51027776916857,0
BIP,D,20181207,000000,4.67481,4.67481,4.67481,4.67481,440.8178703623555,0
BIP,D,20181210,000000,4.81097,4.81097,4.81097,4.81097,206.6991666629085,0
BIP,D,20181213,000000,4.76565,4.76565,4.53873,4.76565,661.2273148027926,0
BIP,D,20181217,000000,4.35714,4.35714,4.2663,4.2663,452.4187962880705,0
BIP,D,20181219,000000,4.2663,4.2663,4.2663,4.2663,110.73129629428301,0
BIP,D,20181221,000000,4.2663,4.2663,4.2663,4.2663,473.51027776916857,0
BIP,D,20181227,000000,5.58256,5.58256,5.58256,5.58256,110.73129629428301,0
BIP,D,20181228,000000,5.58256,5.80947,5.26489,5.80947,588.4602777670785,0
BIP,D,20190104,000000,4.72022,4.72022,4.72022,4.72022,671.7730555433416,0
BIP,D,20190107,000000,4.67481,4.67481,4.67481,4.67481,220.40842592191854,0
BIP,D,20190111,000000,4.72022,4.72022,4.72022,4.72022,22.14636111070845,0
BIP,D,20190131,000000,4.53873,4.53873,4.53873,4.53873,228.8458333291725,0
BIP,D,20190204,000000,4.53873,4.53873,4.53873,4.53873,41.1289999992522,0
BIP,D,20190212,000000,4.53873,4.53873,4.53873,4.53873,23.200935184763352,0
BIP,D,20190219,000000,4.53873,4.53873,4.53873,4.53873,187.7160185151055,0
BIP,D,20190228,000000,4.53873,4.53873,4.53873,4.53873,220.40842592191854,0
BIP,D,20190305,000000,4.99256,4.99256,4.99256,4.99256,2312.70925921721,0
BIP,D,20190311,000000,4.81097,4.81097,4.76565,4.76565,398.63490740015953,0
BIP,D,20190312,000000,4.72022,4.72022,4.72022,4.72022,165.57037036736003,0
BIP,D,20190313,000000,4.72022,4.72022,4.72022,4.72022,54.83866666566961,0
BIP,D,20190315,000000,4.72022,4.72022,4.72022,4.72022,1102.037037017,0
BIP,D,20190319,000000,4.72022,4.72022,4.72022,4.72022,939.6393518347675,0
BIP,D,20190327,000000,4.81097,4.81097,4.81097,4.81097,418.67120369609154,0
BIP,D,20190328,000000,4.81097,4.81097,4.81097,4.81097,110.73129629428301,0
BIP,D,20190405,000000,4.94723,5.44638,4.94723,5.44638,435.544999992081,0
BIP,D,20190408,000000,5.44638,5.44638,4.99256,4.99256,3459.05185178896,0
BIP,D,20190411,000000,5.44638,5.44638,5.44638,5.44638,130.7686111087335,0
BIP,D,20190418,000000,5.31031,6.35413,5.31031,6.35413,406.01611110372903,0
BIP,D,20190423,000000,5.44638,5.44638,5.44638,5.44638,33.746777777164205,0
BIP,D,20190514,000000,5.49181,5.49181,5.49181,5.49181,90.69469444279545,0
BIP,D,20190515,000000,6.35413,6.35413,6.35413,6.35413,70.65748148019681,0
BIP,D,20190516,000000,6.35413,6.35413,6.17264,6.17264,395.47037036318,0
BIP,D,20190520,000000,6.26338,6.26338,6.26338,6.26338,110.73129629428301,0
BIP,D,20190522,000000,6.26338,6.26338,6.26338,6.26338,324.8126851792795,0
BIP,D,20190523,000000,6.35413,6.35413,6.35413,6.35413,500.92981480570705,0
BIP,D,20190528,000000,6.17264,6.17264,6.17264,6.17264,385.979814807797,0
BIP,D,20190529,000000,5.90031,5.90031,5.90031,5.90031,341.68648147526903,0
BIP,D,20190604,000000,6.26338,6.39955,6.26338,6.39955,550.494999989991,0
BIP,D,20190610,000000,6.26338,6.26338,6.26338,6.26338,550.494999989991,0
BIP,D,20190613,000000,6.35413,6.35413,6.35413,6.35413,211.972037033183,0
BIP,D,20190618,000000,6.21796,6.62647,6.21796,6.62647,835.2350925774066,0
BIP,D,20190619,000000,6.76263,6.76263,6.53572,6.53572,160.2974999970855,0
BIP,D,20190624,000000,6.76263,6.94421,6.76263,6.94421,196.1534259223595,0
BIP,D,20190625,000000,7.26187,7.26187,7.26187,7.26187,234.11870369944702,0
BIP,D,20190626,000000,7.35271,7.71579,7.35271,7.71579,1112.58888886866,0
BIP,D,20190628,000000,7.71579,7.71579,7.71579,7.71579,1102.037037017,0
BIP,D,20190701,000000,7.80645,7.85187,7.71579,7.71579,232.00935184763352,0
BIP,D,20190702,000000,8.48738,9.07747,8.48738,9.07747,69.60290740614191,0
BIP,D,20190703,000000,8.66887,8.66887,8.66887,8.66887,232.00935184763352,0
BIP,D,20190704,000000,8.44196,8.44196,8.44196,8.44196,225.68129629219303,0
BIP,D,20190711,000000,8.48738,8.48738,8.48738,8.48738,247.82796295845702,0
BIP,D,20190715,000000,8.48738,8.48738,8.48738,8.48738,311.1034259202695,0
BIP,D,20190718,000000,8.39654,8.39654,8.07887,8.07887,496.71111110208005,0
BIP,D,20190730,000000,7.76122,8.07887,6.21796,7.17112,1244.415740718115,0
BIP,D,20190912,000000,7.17112,7.17112,7.17112,7.17112,2204.0842592191852,0
BIP,D,20190913,000000,7.17112,7.17112,7.17112,7.17112,852.1078703548776,0
BIP,D,20190917,000000,7.17112,7.17112,7.17112,7.17112,330.0865740680725,0
BIP,D,20191001,000000,7.26187,7.26187,7.26187,7.26187,220.40842592191854,0
BIP,D,20191003,000000,7.26187,7.26187,7.26187,7.26187,1982.6277777417301,0
BIP,D,20191008,000000,7.39804,7.39804,7.39804,7.39804,8.436714814661421,0
BIP,D,20191010,000000,7.26187,7.26187,7.26187,7.26187,2204.0842592191852,0
BIP,D,20191011,000000,7.26187,7.26187,7.26187,7.26187,2204.0842592191852,0
BIP,D,20191016,000000,7.26187,7.26187,7.26187,7.26187,275.2474999949955,0
BIP,D,20191017,000000,7.39804,7.39804,7.39804,7.39804,275.2474999949955,0
BIP,D,20191028,000000,7.67038,7.67038,7.67038,7.67038,264.70175925444653,0
BIP,D,20191106,000000,7.67038,7.67038,7.62496,7.62496,275.2474999949955,0
BIP,D,20191120,000000,7.80645,7.80645,7.80645,7.80645,308.994074068456,0
BIP,D,20191127,000000,7.71579,7.71579,7.71579,7.71579,488.27472221334455,0
BIP,D,20191129,000000,7.98803,7.98803,7.98803,7.98803,10.545842592400852,0
BIP,D,20191202,000000,7.98803,7.98803,7.98803,7.98803,253.1008333287315,0
BIP,D,20191209,000000,7.89728,7.89728,7.89728,7.89728,275.2474999949955,0
BIP,D,20191213,000000,7.89728,7.94271,7.89728,7.89728,298.448333327907,0
BIP,D,20191220,000000,7.89728,7.89728,7.89728,7.89728,550.494999989991,0
BIP,D,20200113,000000,7.80645,7.80645,7.80645,7.80645,253.1008333287315,0
BIP,D,20200114,000000,7.80645,7.80645,7.80645,7.80645,341.68648147526903,0
BIP,D,20200115,000000,7.80645,7.80645,7.80645,7.80645,550.494999989991,0
BIP,D,20200127,000000,7.98803,7.98803,7.98803,7.98803,253.1008333287315,0
BIP,D,20200129,000000,7.85187,7.85187,7.85187,7.85187,25.310083332873155,0
BIP,D,20200131,000000,8.21495,8.21495,8.21495,8.21495,253.1008333287315,0
BIP,D,20200204,000000,8.57812,8.85017,8.57812,8.85017,374.37888888208204,0
BIP,D,20200206,000000,9.07747,9.98499,9.07747,9.98499,661.2273148027926,0
BIP,D,20200207,000000,9.98499,9.98499,9.44064,9.44064,385.979814807797,0
BIP,D,20200210,000000,10.8924,10.8924,10.8924,10.8924,10.545842592400852,0
BIP,D,20200212,000000,13.0714,14.5233,13.0714,14.5233,22.14636111070845,0
BIP,D,20200213,000000,14.4331,14.4331,14.4331,14.4331,330.0865740680725,0
BIP,D,20200214,000000,14.5233,14.5233,14.4331,14.5233,391.25268517807154,0
BIP,D,20200217,000000,13.7969,13.7969,13.7969,13.7969,153.969444441645,0
BIP,D,20200220,000000,13.1625,13.1625,13.1625,13.1625,153.969444441645,0
BIP,D,20200221,000000,13.0714,13.0714,13.0714,13.0714,100.18596296114141,0
BIP,D,20200226,000000,13.0714,13.0714,13.0714,13.0714,3024.5620369820454,0
BIP,D,20200302,000000,12.7083,12.7083,12.7083,12.7083,153.969444441645,0
BIP,D,20200304,000000,12.2541,12.2541,12.2541,12.2541,165.57037036736003,0
BIP,D,20200309,000000,11.6187,11.6187,9.98499,9.98499,253.1008333287315,0
BIP,D,20200311,000000,9.71278,9.71278,9.71278,9.71278,162.40583333038052,0
BIP,D,20200312,000000,9.25857,9.25857,9.25857,9.25857,46.401870369526705,0
BIP,D,20200313,000000,8.98672,8.98672,8.98672,8.98672,572.6416666562551,0
BIP,D,20200317,000000,10.166,10.166,10.166,10.166,198.262777774173,0
BIP,D,20200318,000000,9.53167,11.8009,9.53167,11.8009,431.326296288454,0
BIP,D,20200319,000000,9.62175,12.7083,9.62175,12.7083,430.2721296218065,0
BIP,D,20200320,000000,15.1595,15.1595,15.1595,15.1595,110.73129629428301,0
BIP,D,20200323,000000,14.5233,14.5233,14.5233,14.5233,10.545842592400852,0
BIP,D,20200327,000000,9.98499,9.98499,9.98499,9.98499,208.808518514722,0
BIP,D,20200330,000000,10.258,10.6202,10.166,10.166,403.90777777043405,0
BIP,D,20200331,000000,10.6202,10.6202,10.6202,10.6202,198.262777774173,0
BIP,D,20200401,000000,11.0745,11.0745,11.0745,11.0745,550.494999989991,0
BIP,D,20200402,000000,10.7113,10.7113,10.7113,10.7113,54.83866666566961,0
BIP,D,20200403,000000,10.3482,10.3482,10.3482,10.3482,54.83866666566961,0
BIP,D,20200406,000000,10.8023,10.8023,10.8023,10.8023,187.7160185151055,0
BIP,D,20200407,000000,11.9819,11.9819,11.9819,11.9819,3.1637629629054405,0
BIP,D,20200408,000000,11.9819,11.9819,11.9819,11.9819,15.818814814527201,0
BIP,D,20200414,000000,11.2565,14.4331,11.2565,14.4331,1000.8054629447666,0
BIP,D,20200415,000000,14.5233,16.249,13.9789,16.249,943.8570370198761,0
BIP,D,20200416,000000,13.9789,13.9789,12.9804,12.9804,181.38898147818352,0
BIP,D,20200417,000000,14.1609,15.4315,14.1609,15.4315,125.495740738459,0
BIP,D,20200420,000000,15.4315,15.4315,14.0699,14.0699,374.37888888208204,0
BIP,D,20200421,000000,13.6166,13.6166,12.7993,12.7993,1595.59074071173,0
BIP,D,20200422,000000,12.7083,12.7083,12.7083,12.7083,76.98502777637806,0
BIP,D,20200424,000000,12.3451,12.3451,11.3466,11.3466,1001.8596296114141,0
BIP,D,20200427,000000,11.7098,11.7098,11.7098,11.7098,42.183574073307106,0
BIP,D,20200428,000000,11.8009,13.1625,11.8009,12.7083,646.4628703586164,0
BIP,D,20200429,000000,12.164,14.5233,11.4377,13.0714,1070.40185183239,0
BIP,D,20200430,000000,11.8909,11.8909,11.8909,11.8909,285.7932407355445,0
BIP,D,20200504,000000,12.5272,14.7963,12.5272,14.6151,1519.6601851575551,0
BIP,D,20200505,000000,14.343,14.7963,14.343,14.7963,253.1008333287315,0
BIP,D,20200506,000000,14.5233,20.1519,14.5233,20.1519,6204.14259247979,0
BIP,D,20200507,000000,22.6932,27.2314,18.1539,21.2405,7206.008333202315,0
BIP,D,20200508,000000,21.2405,21.6046,18.1539,20.8783,147.642407404723,0
BIP,D,20200511,000000,19.0624,21.6046,16.339,20.3339,1169.534259237995,0
BIP,D,20200512,000000,18.1539,19.9698,18.1539,19.0624,189.825370366919,0
BIP,D,20200513,000000,17.6097,17.6097,14.5233,16.1579,1457.43888886239,0
BIP,D,20200514,000000,15.7947,19.9698,15.7038,18.6992,916.438518501856,0
BIP,D,20200515,000000,16.339,19.7887,16.339,19.7887,3200.6740740158803,0
BIP,D,20200518,000000,19.0624,19.0624,19.0624,19.0624,44.2927222214169,0
BIP,D,20200519,000000,18.0639,18.0639,18.0639,18.0639,110.73129629428301,0
BIP,D,20200520,000000,17.2474,17.4285,17.0654,17.4285,82.2579999985044,0
BIP,D,20200521,000000,17.5197,17.5197,17.0654,17.0654,550.494999989991,0
BIP,D,20200522,000000,17.2474,17.2474,16.6112,17.2474,170.84324073763452,0
BIP,D,20200525,000000,16.4301,16.4301,16.4301,16.4301,271.0287962913685,0
BIP,D,20200526,000000,16.339,17.2474,16.339,17.2474,496.71111110208005,0
BIP,D,20200527,000000,16.7933,16.7933,16.7933,16.7933,208.808518514722,0
BIP,D,20200528,000000,16.8833,16.8833,16.1579,16.8833,134.9873148123605,0
BIP,D,20200601,000000,15.7038,16.339,15.7038,16.339,139.20499999746903,0
BIP,D,20200602,000000,16.339,16.339,16.339,16.339,29.5284814809446,0
BIP,D,20200604,000000,15.7038,16.067,15.6127,16.067,192.9899074038985,0
BIP,D,20200605,000000,15.7947,16.339,15.7947,16.339,198.262777774173,0
BIP,D,20200608,000000,14.9773,16.249,14.9773,16.249,264.70175925444653,0
BIP,D,20200610,000000,15.6127,16.249,15.6127,16.249,568.422962952628,0
BIP,D,20200612,000000,16.067,16.249,16.067,16.249,303.7212036981815,0
BIP,D,20200615,000000,16.339,17.1555,15.0684,15.0684,143.423703701096,0
BIP,D,20200616,000000,15.0684,16.249,15.0684,15.9759,69.60290740614191,0
BIP,D,20200618,000000,15.2495,16.249,15.2495,16.249,275.2474999949955,0
BIP,D,20200623,000000,15.7947,17.0654,15.7947,17.0654,478.783148139443,0
BIP,D,20200624,000000,16.4301,16.4301,16.339,16.339,177.17027777455652,0
BIP,D,20200625,000000,15.0684,16.1579,13.4346,16.1579,996.5867592411396,0
BIP,D,20200626,000000,15.4315,16.8833,13.8888,16.8833,643.2993518401555,0
BIP,D,20200629,000000,16.339,17.1555,16.339,17.1555,663.336666654606,0
BIP,D,20200630,000000,16.9753,16.9753,16.9753,16.9753,10.545842592400852,0
BIP,D,20200702,000000,17.1555,17.9738,17.1555,17.9738,242.55509258818253,0
BIP,D,20200703,000000,17.9738,18.1539,17.9738,18.1539,461.9093518434536,0
BIP,D,20200706,000000,17.9738,20.8783,15.4315,20.8783,819.4154629480646,0
BIP,D,20200707,000000,20.6961,25.0533,20.6961,20.8783,513.5849073980695,0
BIP,D,20200708,000000,22.512,22.512,20.8783,22.331,385.979814807797,0
BIP,D,20200709,000000,22.512,22.512,19.9698,21.9668,484.05601850971755,0
BIP,D,20200710,000000,20.5141,20.6961,19.7887,20.6961,294.22962962428,0
BIP,D,20200713,000000,18.8803,18.8803,18.336,18.8803,189.825370366919,0
BIP,D,20200714,000000,20.3339,20.3339,18.1539,18.5181,1317.178703679755,0
BIP,D,20200715,000000,18.8803,20.3339,18.8803,20.3339,264.70175925444653,0
BIP,D,20200716,000000,20.1519,20.1519,19.2444,19.9698,171.897407404282,0
BIP,D,20200717,000000,19.6066,19.6066,19.6066,19.6066,110.73129629428301,0
BIP,D,20200720,000000,19.2444,20.3339,19.2444,20.3339,864.76296294724,0
BIP,D,20200721,000000,19.7887,20.3339,19.7887,20.3339,131.82277777538098,0
BIP,D,20200722,000000,19.7887,19.7887,19.7887,19.7887,54.83866666566961,0
BIP,D,20200723,000000,19.9698,19.9698,19.9698,19.9698,58.00238888783431,0
BIP,D,20200724,000000,19.2444,19.9698,19.2444,19.6066,374.37888888208204,0
BIP,D,20200727,000000,19.0624,19.7887,19.0624,19.7887,185.60768518181052,0
BIP,D,20200728,000000,19.0624,20.3339,19.0624,20.3339,2094.410185147105,0
BIP,D,20200729,000000,19.4256,19.9698,19.2444,19.4256,657.0086110991656,0
BIP,D,20200730,000000,19.6066,19.6066,19.0624,19.0624,784.6147222079566,0
BIP,D,20200731,000000,20.3339,20.3339,19.0624,19.4256,79.09417592448786,0
BIP,D,20200803,000000,20.3339,20.3339,19.9698,20.3339,237.28222221790801,0
BIP,D,20200804,000000,20.3339,20.3339,19.6066,20.3339,393.3610185113665,0
BIP,D,20200805,000000,19.2444,19.2444,18.336,18.336,575.805185174716,0
BIP,D,20200806,000000,18.1539,18.1539,16.4301,17.4285,659.1179629509791,0
BIP,D,20200807,000000,17.2474,18.0639,16.339,18.0639,197.20759258900702,0
BIP,D,20200810,000000,16.4301,16.6112,16.4301,16.6112,277.35685184680904,0
BIP,D,20200811,000000,16.5211,16.9753,16.5211,16.9753,62.22078703590576,0
BIP,D,20200812,000000,16.5211,16.9753,16.339,16.9753,337.46777777164203,0
BIP,D,20200813,000000,17.0654,17.0654,17.0654,17.0654,8.436714814661421,0
BIP,D,20200814,000000,17.0654,19.0624,16.339,19.0624,2315.876851809745,0
BIP,D,20200817,000000,20.1519,20.1519,18.5181,18.6992,847.8891666512505,0
BIP,D,20200818,000000,18.1539,18.336,17.2474,18.336,557.8772222120791,0
BIP,D,20200819,000000,18.1539,18.1539,16.6112,17.9738,797.2698148003191,0
BIP,D,20200820,000000,17.4285,17.5197,17.4285,17.5197,137.09666666417402,0
BIP,D,20200824,000000,17.5197,17.5197,16.7022,16.7022,293.17546295763253,0
BIP,D,20200826,000000,17.5197,18.1539,17.5197,18.1539,121.277037034832,0
BIP,D,20200827,000000,18.0639,18.0639,18.0639,18.0639,18.9825370366919,0
BIP,D,20200831,000000,17.9738,17.9738,17.9738,17.9738,10.545842592400852,0
BIP,D,20200901,000000,17.9738,17.9738,17.9738,17.9738,3.1637629629054405,0
BIP,D,20200904,000000,17.2474,17.7017,17.2474,17.7017,88.5854444428338,0
BIP,D,20200907,000000,16.7933,17.6097,13.6166,17.6097,1398.38518515976,0
BIP,D,20200908,000000,16.8833,16.8833,16.5211,16.5211,124.44157407181152,0
BIP,D,20200909,000000,16.798,16.798,16.798,16.798,119.16768518301852,0
BIP,D,20200910,000000,16.798,19.013,15.6905,18.8282,2533.11666662061,0
BIP,D,20200911,000000,18.6433,21.9658,18.6433,21.9658,436.59916665872856,0
BIP,D,20200914,000000,22.1508,22.1508,20.8583,21.2282,915.38333331669,0
BIP,D,20200915,000000,21.2282,21.2282,20.3046,21.2282,89.64012036874055,0
BIP,D,20200916,000000,21.2282,22.5197,21.2282,22.5197,1453.2222221958,0
BIP,D,20200917,000000,22.5197,24.7347,22.5197,23.0734,3461.1601851222554,0
BIP,D,20200918,000000,23.0734,24.9196,23.0734,23.997,4757.245370283876,0
BIP,D,20200921,000000,23.6273,24.7347,23.6273,24.7347,226.73648147735904,0
BIP,D,20200923,000000,23.812,27.6885,23.812,25.8422,901.6740740576801,0
BIP,D,20200924,000000,25.8422,25.8422,24.181,24.9196,625.3713888775185,0
BIP,D,20200925,000000,24.3659,24.9196,24.3659,24.7347,118.113518516371,0
BIP,D,20200928,000000,24.7347,24.9196,24.3659,24.3659,203.53564814444752,0
BIP,D,20200929,000000,24.7347,24.7347,24.7347,24.7347,22.14636111070845,0
BIP,D,20200930,000000,24.7347,24.7347,22.1508,24.7347,280.52037036527,0
BIP,D,20201001,000000,24.7347,29.5347,24.7347,27.3197,1158.9925925715202,0
BIP,D,20201002,000000,26.7658,26.7658,25.6582,25.6582,126.54990740510651,0
BIP,D,20201005,000000,26.7658,26.7658,24.5509,26.7658,234.11870369944702,0
BIP,D,20201006,000000,26.7658,26.7658,25.8422,26.7658,341.68648147526903,0
BIP,D,20201007,000000,26.7658,26.7658,26.7658,26.7658,184.5524999966445,0
BIP,D,20201008,000000,25.6582,26.7658,24.9196,24.9196,236.22805555126052,0
BIP,D,20201009,000000,24.9196,29.5347,24.9196,26.7658,4065.43703696312,0
BIP,D,20201012,000000,26.7658,29.5347,26.7658,28.6111,1025.0574073887701,0
BIP,D,20201013,000000,29.3499,29.5347,27.6885,29.5347,590.569629618892,0
BIP,D,20201014,000000,29.3499,29.3499,27.6885,27.6885,363.83314814153306,0
BIP,D,20201015,000000,27.6885,29.3499,27.6885,27.6885,168.73388888582102,0
BIP,D,20201016,000000,26.7658,26.7658,24.9196,24.9196,227.79064814400652,0
BIP,D,20201019,000000,27.6885,27.6885,25.8422,25.8422,123.3863888866455,0
BIP,D,20201020,000000,26.7658,26.7658,23.997,24.9196,327.977222216259,0
BIP,D,20201021,000000,24.9196,26.581,24.9196,26.581,146.58722221955702,0
BIP,D,20201022,000000,24.9196,24.9196,21.5971,24.9196,1752.72777774591,0
BIP,D,20201023,000000,26.581,26.581,22.3357,23.812,448.2000925844435,0
BIP,D,20201026,000000,23.0734,25.6582,23.0734,25.6582,119.16768518301852,0
BIP,D,20201027,000000,23.0734,24.3659,22.3357,24.3659,306.88472221664256,0
BIP,D,20201028,000000,23.997,23.997,22.1508,23.997,490.3840740651581,0
BIP,D,20201029,000000,22.8894,22.8894,22.8894,22.8894,97.0222407389767,0
BIP,D,20201030,000000,22.5197,22.5197,21.5971,21.5971,140.260185182635,0
BIP,D,20201102,000000,22.3357,24.9196,22.3357,24.9196,195.0982407371935,0
BIP,D,20201103,000000,23.2583,25.4735,23.2583,23.2583,210.9178703665355,0
BIP,D,20201104,000000,24.181,24.3659,23.2583,24.3659,114.94999999791001,0
BIP,D,20201105,000000,23.2583,25.6582,23.2583,25.6582,544.167962953069,0
BIP,D,20201106,000000,25.6582,25.6582,25.6582,25.6582,101.24053703519631,0
BIP,D,20201109,000000,25.4735,26.7658,24.3659,26.3961,859.4900925769656,0
BIP,D,20201112,000000,26.3961,28.6111,26.3961,28.6111,788.8324073930651,0
BIP,D,20201113,000000,27.3197,28.2423,23.997,27.6885,1095.712037017115,0
BIP,D,20201116,000000,27.8734,29.5347,23.6273,29.1649,682.3187962838906,0
BIP,D,20201117,000000,28.6111,30.4573,23.997,30.2725,1895.0962962618403,0
BIP,D,20201118,000000,29.5347,29.5347,29.5347,29.5347,13.709666666417402,0
BIP,D,20201119,000000,27.3197,30.4573,23.997,24.7347,4493.60185177015,0
BIP,D,20201120,000000,25.2885,27.1347,25.2885,26.3961,699.19259257988,0
BIP,D,20201123,000000,26.7658,26.9498,23.997,25.8422,633.807777766254,0
BIP,D,20201125,000000,23.812,28.4272,23.0734,26.0272,5730.63333322914,0
BIP,D,20201126,000000,23.6273,30.2725,22.8894,28.6111,3036.16296290776,0
BIP,D,20201127,000000,27.6885,29.5347,24.9196,29.3499,1567.11296293447,0
BIP,D,20201130,000000,28.6111,30.4573,28.6111,30.4573,3097.3249999436853,0
BIP,D,20201201,000000,30.2725,30.2725,25.8422,29.5347,389.143333326258,0
BIP,D,20201202,000000,27.8734,29.5347,27.8734,29.5347,105.45842592400851,0
BIP,D,20201204,000000,29.5347,29.5347,29.5347,29.5347,6.327536110996065,0
BIP,D,20201207,000000,28.6111,31.196,26.581,30.4573,756.1399999862521,0
BIP,D,20201208,000000,28.2423,30.2725,28.2423,30.2725,151.8600925898315,0
BIP,D,20201209,000000,28.9809,31.196,27.6885,31.196,782.5053703561431,0
BIP,D,20201210,000000,28.2423,28.6111,27.6885,28.2423,373.3247222154345,0
BIP,D,20201211,000000,28.2423,31.196,27.6885,31.196,1794.9046295969952,0
BIP,D,20201214,000000,30.0885,32.6724,28.0573,31.9337,3491.7462962328104,0
BIP,D,20201215,000000,28.6111,32.6724,28.6111,30.6423,5527.102777677285,0
BIP,D,20201216,000000,30.2725,32.6724,30.2725,31.38,2162.956481442155,0
BIP,D,20201217,000000,31.5649,32.6724,30.0885,31.38,241.50092592153504,0
BIP,D,20201218,000000,31.9337,32.6724,29.9035,31.38,986.0410185005907,0
BIP,D,20201221,000000,28.796,32.6724,28.796,32.6724,97.0222407389767,0
BIP,D,20201222,000000,32.6724,32.6724,30.2725,30.4573,536.785740730981,0
BIP,D,20201223,000000,30.4573,30.4573,30.2725,30.2725,177.17027777455652,0
BIP,D,20201228,000000,31.38,33.2262,31.38,33.2262,1595.59074071173,0
BIP,D,20201229,000000,33.0413,34.1488,31.38,33.9649,726.6121296164185,0
BIP,D,20201230,000000,32.8573,33.7799,31.7497,31.7497,149.750740738018,0
BIP,D,20210104,000000,32.3036,46.1478,32.3036,38.7639,2182.9907407010505,0
BIP,D,20210105,000000,36.9177,38.579,36.9177,37.4714,960.7308333158657,0
BIP,D,20210107,000000,37.6564,39.6866,34.1488,39.6866,1499.62592589866,0
BIP,D,20210108,000000,39.5026,47.0704,39.5026,43.194,1521.76851849085,0
BIP,D,20210111,000000,43.379,43.379,36.5488,39.5026,6123.995370259026,0
BIP,D,20210112,000000,36.9177,43.379,36.9177,40.6101,1594.5314814524902,0
BIP,D,20210113,000000,40.7941,43.379,39.1328,41.5328,743.4849073938896,0
BIP,D,20210114,000000,41.9016,42.4554,40.6101,42.2714,1137.8990740533852,0
BIP,D,20210115,000000,41.5328,42.2714,37.1026,42.0864,2451.9203703257904,0
BIP,D,20210118,000000,42.4554,42.4554,36.9177,38.2101,2594.28888884172,0
BIP,D,20210119,000000,37.8412,39.3176,34.3337,38.7639,6500.490740622551,0
BIP,D,20210120,000000,37.8412,44.1166,37.8412,43.379,4026.4175925193854,0
BIP,D,20210121,000000,43.379,45.9628,36.9177,42.4554,4167.73703696126,0
BIP,D,20210122,000000,40.4252,44.3016,40.2402,44.3016,739.267222208781,0
BIP,D,20210125,000000,44.3016,46.1478,41.1638,44.3016,2319.034259217095,0
BIP,D,20210126,000000,42.4554,44.1166,41.5328,43.9327,835.2350925774066,0
BIP,D,20210127,000000,43.9327,45.9628,40.6101,42.4554,2465.6296295848006,0
BIP,D,20210128,000000,40.7941,44.3016,39.6866,43.379,3231.2601851264353,0
BIP,D,20210129,000000,42.2714,42.2714,40.6101,42.2714,29.5284814809446,0
BIP,D,20210201,000000,42.2714,44.1166,41.5328,41.5328,639.0806481365286,0
BIP,D,20210202,000000,41.5328,43.5629,39.1328,43.379,1820.21481478172,0
BIP,D,20210203,000000,43.0092,43.194,38.7639,39.3176,2531.008333287315,0
BIP,D,20210204,000000,40.979,43.379,36.9177,42.4554,3708.9861110436755,0
BIP,D,20210205,000000,42.8252,43.0092,42.4554,43.0092,244.66444443999603,0
BIP,D,20210208,000000,42.0864,43.9327,42.0864,43.9327,1276.050925902725,0
BIP,D,20210209,000000,43.9327,44.1166,42.2714,43.379,567.3687962859806,0
BIP,D,20210210,000000,41.5328,44.1166,41.5328,43.9327,1035.599074055245,0
BIP,D,20210211,000000,41.7177,50.301,39.6866,50.301,3914.6351851140103,0
BIP,D,20210212,000000,46.6086,49.8393,40.6101,42.4554,10774.7037035078,0
BIP,D,20210215,000000,42.4554,43.379,41.1638,43.0092,2141.8629629240204,0
BIP,D,20210216,000000,42.4554,42.4554,39.6866,41.5328,3367.3037036424803,0
BIP,D,20210217,000000,41.3478,41.5328,36.9177,36.9177,5985.843518409686,0
BIP,D,20210218,000000,37.8412,39.6866,37.8412,39.5026,1472.1972221954552,0
BIP,D,20210219,000000,40.4252,40.6101,39.5026,40.6101,1158.9925925715202,0
BIP,D,20210222,000000,38.7639,39.6866,36.7337,36.7337,3467.48518512214,0
BIP,D,20210223,000000,37.4714,37.4714,34.5186,35.4413,2871.641666614455,0
BIP,D,20210224,000000,35.4413,38.579,33.5951,35.4413,1906.697222187555,0
BIP,D,20210225,000000,34.8875,36.9177,34.8875,36.9177,617.9891666554306,0
BIP,D,20210226,000000,36.5488,36.5488,34.1488,35.4413,807.8155555408681,0
BIP,D,20210301,000000,35.0724,37.4714,34.5186,35.0724,468.23740739889405,0
BIP,D,20210302,000000,35.4413,37.6564,35.2564,37.4714,1414.2027777520652,0
BIP,D,20210303,000000,37.4714,38.7639,37.4714,37.8412,827.8528703553186,0
BIP,D,20210304,000000,38.7639,39.1328,37.8412,38.9488,249.93731481027052,0
BIP,D,20210305,000000,38.9488,38.9488,38.7639,38.9488,37.965175925235656,0
BIP,D,20210308,000000,38.579,38.579,35.995,38.579,1399.434259233815,0
BIP,D,20210309,000000,36.3639,37.8412,34.3337,35.995,1747.4518518200803,0
BIP,D,20210310,000000,35.995,35.995,35.4413,35.4413,678.1011110987821,0
BIP,D,20210311,000000,35.4413,35.8101,35.2564,35.8101,413.398333325817,0
BIP,D,20210312,000000,35.6262,35.995,34.1488,35.995,2123.9370369984204,0
BIP,D,20210315,000000,34.3337,37.8412,34.3337,35.995,762.4680555416926,0
BIP,D,20210316,000000,35.995,36.9177,35.0724,35.0724,787.7782407264176,0
BIP,D,20210317,000000,34.5186,37.4714,33.2262,34.1488,1519.6601851575551,0
BIP,D,20210319,000000,33.9649,34.1488,33.9649,34.1488,448.2000925844435,0
BIP,D,20210322,000000,33.2262,37.6564,32.3036,37.6564,5088.386111018595,0
BIP,D,20210323,000000,35.995,36.5488,35.6262,36.5488,73.8212037023615,0
BIP,D,20210324,000000,35.4413,37.6564,35.0724,36.5488,669.6637036915281,0
BIP,D,20210325,000000,35.0724,35.0724,35.0724,35.0724,133.9321296271945,0
BIP,D,20210326,000000,34.8875,35.6262,34.8875,35.6262,161.35166666373303,0
BIP,D,20210329,000000,35.6262,35.6262,33.2262,35.2564,506.20268517598157,0
BIP,D,20210330,000000,33.7799,34.1488,33.7799,33.7799,246.77379629180953,0
BIP,D,20210331,000000,34.1488,34.1488,33.2262,33.7799,308.994074068456,0
BIP,D,20210401,000000,34.1488,35.0724,33.2262,34.1488,675.9917592469686,0
BIP,D,20210406,000000,34.3337,35.995,34.3337,35.0724,442.92722221416903,0
BIP,D,20210407,000000,35.995,35.995,33.9649,35.995,248.88314814362303,0
BIP,D,20210408,000000,35.8101,35.8101,35.8101,35.8101,53.78399073976286,0
BIP,D,20210409,000000,34.5186,35.995,34.5186,34.5186,76.98502777637806,0
BIP,D,20210413,000000,35.0724,37.4714,34.7026,37.1026,1082.002777758105,0
BIP,D,20210414,000000,36.9177,37.6564,35.0724,36.7337,1237.0314814589901,0
BIP,D,20210415,000000,35.995,36.18,35.4413,35.995,402.85259258526804,0
BIP,D,20210416,000000,35.4413,35.995,35.0724,35.995,174.0067592560955,0
BIP,D,20210419,000000,35.995,36.18,35.0724,36.18,97.0222407389767,0
BIP,D,20210420,000000,35.6262,35.6262,35.0724,35.0724,163.46101851554653,0
BIP,D,20210421,000000,35.0724,36.5488,35.0724,35.4413,216.19074073681,0
BIP,D,20210422,000000,35.4413,35.4413,35.4413,35.4413,43.238148147362004,0
BIP,D,20210423,000000,35.0724,35.0724,35.0724,35.0724,43.238148147362004,0
BIP,D,20210426,000000,34.5186,35.6262,34.1488,35.6262,453.47296295471807,0
BIP,D,20210427,000000,35.6262,35.8101,33.4111,33.4111,568.422962952628,0
BIP,D,20210428,000000,33.4111,35.6262,33.4111,35.6262,194.044074070546,0
BIP,D,20210429,000000,35.4413,36.9177,34.1488,36.9177,1300.3018518282101,0
BIP,D,20210430,000000,36.9177,37.8412,35.995,37.6564,1164.258333312165,0
BIP,D,20210504,000000,36.9177,36.9177,34.1488,35.8101,1028.224999981305,0
BIP,D,20210505,000000,35.995,35.995,35.0724,35.0724,265.755925921094,0
BIP,D,20210506,000000,34.1488,35.0724,34.1488,35.0724,156.07879629345854,0
BIP,D,20210507,000000,35.0724,35.0724,35.0724,35.0724,169.7880555524685,0
BIP,D,20210510,000000,35.4413,35.4413,35.0724,35.0724,104.404259257361,0
BIP,D,20210512,000000,33.9649,34.1488,32.3036,34.1488,1023.99814812953,0
BIP,D,20210513,000000,33.9649,33.9649,33.4111,33.9649,108.62194444246951,0
BIP,D,20210514,000000,34.1488,35.995,31.5649,35.995,1042.9833333143702,0
BIP,D,20210517,000000,35.6262,35.6262,34.1488,34.1488,113.894814812744,0
BIP,D,20210518,000000,34.3337,35.8101,34.3337,35.4413,704.4654629501546,0
BIP,D,20210520,000000,35.0724,35.0724,32.3036,34.1488,469.29157406554157,0
BIP,D,20210521,000000,33.7799,34.5186,33.5951,34.5186,165.57037036736003,0
BIP,D,20210524,000000,34.1488,35.0724,33.2262,35.0724,263.6465740692805,0
BIP,D,20210525,000000,33.2262,34.8875,33.2262,33.7799,379.65175925235656,0
BIP,D,20210526,000000,34.1488,34.8875,34.1488,34.8875,51.674842591653054,0
BIP,D,20210527,000000,34.7026,35.0724,34.3337,35.0724,207.75333332955603,0
BIP,D,20210528,000000,34.7026,34.7026,34.1488,34.1488,196.1534259223595,0
BIP,D,20210531,000000,34.8875,35.0724,34.8875,35.0724,79.09417592448786,0
BIP,D,20210601,000000,34.7026,34.7026,32.3036,34.1488,438.70851851054204,0
BIP,D,20210602,000000,34.8875,34.8875,34.8875,34.8875,271.0287962913685,0
BIP,D,20210607,000000,34.1488,34.1488,32.3036,33.9649,419.72638888125755,0
BIP,D,20210608,000000,33.4111,33.9649,33.2262,33.9649,114.94999999791001,0
BIP,D,20210610,000000,33.2262,33.2262,32.1187,32.1187,470.3467592507076,0
BIP,D,20210611,000000,33.0413,33.2262,33.0413,33.2262,181.38898147818352,0
BIP,D,20210614,000000,33.2262,33.2262,33.2262,33.2262,418.67120369609154,0
BIP,D,20210615,000000,33.5951,33.5951,33.2262,33.2262,58.00238888783431,0
BIP,D,20210616,000000,33.5951,33.9649,32.6724,33.9649,654.899259247352,0
BIP,D,20210617,000000,34.1488,34.1488,34.1488,34.1488,218.29907407010504,0
BIP,D,20210621,000000,33.2262,34.1488,32.8573,34.1488,168.73388888582102,0
BIP,D,20210623,000000,33.2262,34.1488,32.6724,32.8573,1221.213888866685,0
BIP,D,20210624,000000,32.8573,34.7026,30.0885,32.6724,1537.5861110831552,0
BIP,D,20210625,000000,32.6724,32.6724,29.9035,31.38,568.422962952628,0
BIP,D,20210628,000000,30.8261,31.9337,30.2725,31.9337,504.09333332416804,0
BIP,D,20210629,000000,30.6423,33.2262,30.4573,33.2262,311.1034259202695,0
BIP,D,20210630,000000,31.38,33.2262,31.38,33.2262,440.8178703623555,0
BIP,D,20210701,000000,32.4875,32.4875,32.3036,32.3036,207.75333332955603,0
BIP,D,20210702,000000,31.9337,34.3337,29.9035,34.3337,2257.8722221811704,0
BIP,D,20210705,000000,34.1488,34.1488,33.2262,33.2262,172.95259258944802,0
BIP,D,20210707,000000,33.2262,34.1488,33.2262,34.1488,307.9399074018085,0
BIP,D,20210708,000000,33.5951,33.9649,32.3036,33.9649,499.87462962054104,0
BIP,D,20210709,000000,33.7799,33.9649,30.6423,33.9649,603.2247222112545,0
BIP,D,20210712,000000,32.3036,32.3036,29.5347,30.4573,1467.9805555288651,0
BIP,D,20210713,000000,30.4573,30.4573,29.9035,30.4573,324.8126851792795,0
BIP,D,20210714,000000,30.4573,31.38,29.5347,31.38,319.53981480900507,0
BIP,D,20210715,000000,30.4573,31.0111,27.8734,27.8734,2695.52962958062,0
BIP,D,20210716,000000,29.3499,29.3499,27.8734,28.6111,620.098518507244,0
BIP,D,20210719,000000,28.6111,28.6111,26.7658,26.9498,1897.2046295951352,0
BIP,D,20210720,000000,26.9498,27.1347,26.581,27.1347,556.8230555454315,0
BIP,D,20210721,000000,27.3197,27.5037,27.3197,27.5037,199.31694444082052,0
BIP,D,20210722,000000,27.5037,27.5037,26.7658,26.7658,60.1115370359441,0
BIP,D,20210723,000000,27.5037,27.5037,27.5037,27.5037,83.3125740725593,0
BIP,D,20210726,000000,28.0573,28.9809,27.6885,28.2423,1141.056481460735,0
BIP,D,20210727,000000,28.2423,28.2423,28.2423,28.2423,224.62712962554554,0
BIP,D,20210728,000000,28.2423,28.2423,27.8734,27.8734,507.25685184262903,0
BIP,D,20210729,000000,28.6111,28.6111,28.0573,28.0573,255.210185180545,0
BIP,D,20210730,000000,28.6111,28.6111,27.6885,27.6885,1420.5277777519502,0
BIP,D,20210802,000000,28.4272,28.4272,28.4272,28.4272,11.60041666645575,0
BIP,D,20210803,000000,28.4272,28.4272,27.6885,27.6885,272.0839814765345,0
BIP,D,20210804,000000,27.6885,27.6885,27.3197,27.6885,1098.8796296096502,0
BIP,D,20210805,000000,28.447,29.2057,28.447,29.2057,351.17805554917055,0
BIP,D,20210809,000000,28.447,28.447,28.447,28.447,188.7712037002715,0
BIP,D,20210810,000000,28.447,28.447,28.447,28.447,102.2949074055475,0
BIP,D,20210811,000000,28.2574,28.2574,28.2574,28.2574,208.808518514722,0
BIP,D,20210812,000000,28.6368,31.2918,28.447,29.7746,274.19333332834805,0
BIP,D,20210813,000000,29.2057,31.1021,28.447,31.1021,495.65694443543254,0
BIP,D,20210816,000000,28.447,29.7746,28.447,29.7746,195.0982407371935,0
BIP,D,20210817,000000,28.447,28.6368,28.447,28.6368,263.6465740692805,0
BIP,D,20210818,000000,28.6368,28.6368,28.6368,28.6368,26.364657406928053,0
BIP,D,20210819,000000,28.447,29.3953,27.3092,28.447,458.74583332499253,0
BIP,D,20210820,000000,27.4989,29.2057,27.4989,29.2057,197.20759258900702,0
BIP,D,20210823,000000,29.2057,29.3953,29.2057,29.3953,15.818814814527201,0
BIP,D,20210824,000000,28.447,29.2057,28.447,29.2057,880.5815740580636,0
BIP,D,20210825,000000,28.447,28.447,28.447,28.447,79.09417592448786,0
BIP,D,20210826,000000,28.2574,28.2574,28.0677,28.0677,164.51518518219402,0
BIP,D,20210827,000000,27.4989,29.2057,27.4989,29.2057,352.232222215818,0
BIP,D,20210831,000000,28.447,28.447,27.4989,27.4989,369.1060185118075,0
BIP,D,20210901,000000,27.4989,29.3953,26.5506,26.5506,2923.3212962431453,0
BIP,D,20210902,000000,26.7403,26.7403,26.5506,26.5506,432.38148147362,0
BIP,D,20210903,000000,26.5506,28.0677,25.792,28.0677,398.63490740015953,0
BIP,D,20210906,000000,27.6885,29.0161,27.6885,29.0161,232.00935184763352,0
BIP,D,20210907,000000,29.2057,29.2057,28.2574,28.2574,1318.2277777538102,0
BIP,D,20210908,000000,29.3953,29.3953,28.8264,29.2057,274.19333332834805,0
BIP,D,20210909,000000,28.447,28.6368,26.5506,28.6368,582.1332407301566,0
BIP,D,20210910,000000,27.4989,29.5849,26.1712,29.5849,2996.084259204785,0
BIP,D,20210913,000000,28.447,29.5849,28.447,28.447,702.3561110983411,0
BIP,D,20210914,000000,27.6885,29.5849,27.4989,29.5849,1666.2453703400752,0
BIP,D,20210915,000000,27.6885,30.7228,27.4989,30.1539,2019.5388888521702,0
BIP,D,20210916,000000,28.447,28.447,26.5506,27.8781,3061.473148092485,0
BIP,D,20210917,000000,27.8781,30.1539,27.8781,29.3953,3501.2287036400453,0
BIP,D,20210920,000000,29.3953,32.0504,29.3953,30.3435,2016.3712962596353,0
BIP,D,20210921,000000,30.5332,31.4814,29.3953,29.5849,547.3314814715301,0
BIP,D,20210922,000000,30.5332,32.0504,29.3953,32.0504,672.8282407285076,0
BIP,D,20210923,000000,31.4814,31.4814,31.4814,31.4814,33.746777777164205,0
BIP,D,20210924,000000,30.3435,32.0504,28.6368,32.0504,1078.83518516557,0
BIP,D,20210927,000000,30.5332,30.5332,30.5332,30.5332,31.637629629054402,0
BIP,D,20210928,000000,29.3953,29.3953,29.3953,29.3953,50.620268517598156,0
BIP,D,20210929,000000,30.5332,31.2918,29.3953,31.2918,169.7880555524685,0
BIP,D,20210930,000000,30.3435,31.4814,30.3435,31.4814,226.73648147735904,0
BIP,D,20211004,000000,29.3953,29.5849,29.3953,29.5849,401.7984259186205,0
BIP,D,20211005,000000,29.3953,31.2918,29.3953,31.2918,169.7880555524685,0
BIP,D,20211006,000000,30.5332,30.9125,29.3953,30.5332,684.4281481357041,0
BIP,D,20211007,000000,29.3953,30.3435,27.4989,29.9642,596.8976851743325,0
BIP,D,20211008,000000,28.0677,29.3953,25.9817,27.3092,5237.089814719595,0
BIP,D,20211011,000000,27.3092,28.8264,26.5506,27.4989,2617.49074069315,0
BIP,D,20211012,000000,26.5506,28.2574,25.6024,27.8781,1944.65740737205,0
BIP,D,20211013,000000,27.3092,28.447,26.1712,28.447,685.4833333208701,0
BIP,D,20211014,000000,27.6885,31.2918,27.6885,29.3953,2525.732407361485,0
BIP,D,20211015,000000,30.3435,30.3435,29.3953,30.3435,342.74166666043504,0
BIP,D,20211018,000000,30.3435,30.5332,30.1539,30.5332,369.1060185118075,0
BIP,D,20211019,000000,30.3435,30.5332,29.3953,30.5332,198.262777774173,0
BIP,D,20211020,000000,30.5332,31.1021,30.5332,31.1021,82.2579999985044,0
BIP,D,20211021,000000,30.7228,30.7228,29.3953,30.5332,275.2474999949955,0
BIP,D,20211022,000000,29.5849,30.3435,28.0677,30.3435,582.1332407301566,0
BIP,D,20211025,000000,30.3435,30.7228,29.2057,30.7228,481.9466666579041,0
BIP,D,20211027,000000,29.3953,29.5849,29.3953,29.5849,205.64499999626102,0
BIP,D,20211029,000000,30.1539,30.3435,30.1539,30.3435,316.3762962905441,0
BIP,D,20211102,000000,29.3953,31.1021,28.0677,29.5849,1518.6009258983152,0
BIP,D,20211103,000000,30.1539,30.1539,29.3953,30.1539,509.36620369444256,0
BIP,D,20211104,000000,30.1539,31.1021,30.1539,30.5332,524.1306481386185,0
BIP,D,20211105,000000,29.9642,29.9642,29.3953,29.3953,515.694259249883,0
BIP,D,20211108,000000,29.9642,30.5332,29.9642,30.5332,472.45611110252105,0
BIP,D,20211109,000000,30.5332,30.9125,30.5332,30.9125,381.76111110417,0
BIP,D,20211110,000000,30.3435,30.9125,30.3435,30.3435,533.62222221252,0
BIP,D,20211112,000000,29.5849,30.3435,29.5849,30.3435,134.9873148123605,0
BIP,D,20211115,000000,29.9642,29.9642,28.447,29.3953,580.023888878343,0
BIP,D,20211117,000000,29.3953,29.9642,29.3953,29.7746,179.27962962637002,0
BIP,D,20211118,000000,29.7746,29.7746,27.4989,28.6368,784.6147222079566,0
BIP,D,20211119,000000,27.4989,27.6885,26.7403,26.9299,344.84999999373,0
BIP,D,20211122,000000,26.9299,26.9299,26.9299,26.9299,3.1637629629054405,0
BIP,D,20211123,000000,27.3092,28.447,27.3092,28.447,226.73648147735904,0
BIP,D,20211126,000000,27.4989,28.2574,25.792,27.6885,1750.6092592274301,0
BIP,D,20211129,000000,26.7403,29.5849,25.792,29.3953,1345.6564814570152,0
BIP,D,20211201,000000,28.6368,29.5849,26.5506,28.447,3011.9018517970903,0
BIP,D,20211202,000000,27.4989,28.2574,26.5506,28.2574,1523.8768518241452,0
BIP,D,20211203,000000,27.6885,29.3953,26.5506,29.3953,348.01453703070956,0
BIP,D,20211206,000000,28.447,28.447,26.3609,26.5506,1388.8925925673402,0
BIP,D,20211207,000000,27.3092,27.4989,26.5506,26.5506,1433.17777775172,0
BIP,D,20211208,000000,26.5506,27.3092,25.6024,26.3609,1968.91851848272,0
BIP,D,20211209,000000,25.792,26.3609,25.2231,25.6024,1396.2768518264652,0
BIP,D,20211210,000000,25.6024,25.6024,25.6024,25.6024,10.545842592400852,0
BIP,D,20211213,000000,25.6024,25.6024,24.6541,25.6024,406.01611110372903,0
BIP,D,20211214,000000,25.4127,25.4127,25.4127,25.4127,59.0569629618892,0
BIP,D,20211215,000000,25.4127,26.3609,24.6541,25.6024,864.76296294724,0
BIP,D,20211216,000000,26.1712,26.3609,25.6024,26.1712,941.7476851680626,0
BIP,D,20211217,000000,26.5506,26.5506,24.6541,25.4127,876.363888872955,0
BIP,D,20211220,000000,25.6024,26.3609,24.6541,25.2231,3289.2648147550103,0
BIP,D,20211221,000000,25.792,25.792,24.6541,24.6541,1496.458333306125,0
BIP,D,20211222,000000,24.6541,27.1196,23.7059,23.7059,4317.489814736316,0
BIP,D,20211223,000000,23.8955,24.6541,22.3784,22.3784,1567.11296293447,0
BIP,D,20211227,000000,22.7577,22.7577,21.8094,22.3784,1212.77037034832,0
BIP,D,20211228,000000,22.3784,22.7577,20.8612,22.5681,3389.4462962346706,0
BIP,D,20211229,000000,21.6197,25.6024,21.6197,25.4127,4069.65370362971,0
BIP,D,20211230,000000,24.6541,25.0334,23.7059,25.0334,1123.130555535135,0
BIP,D,20220103,000000,25.0334,25.0334,23.7059,24.6541,1368.8481481232602,0
BIP,D,20220104,000000,24.2748,26.1712,23.7059,26.1712,2164.0157407013953,0
BIP,D,20220105,000000,24.4646,25.2231,24.2748,24.6541,2978.1583332791856,0
BIP,D,20220107,000000,25.2231,25.2231,25.0334,25.0334,130.7686111087335,0
BIP,D,20220110,000000,25.0334,25.0334,24.8438,24.8438,187.7160185151055,0
BIP,D,20220111,000000,24.8438,25.4127,24.8438,25.0334,23.200935184763352,0
BIP,D,20220112,000000,25.0334,25.4127,25.0334,25.4127,278.4110185134565,0
BIP,D,20220113,000000,25.4127,25.4127,24.8438,24.8438,131.82277777538098,0
BIP,D,20220114,000000,24.8438,25.4127,24.8438,25.2231,189.825370366919,0
BIP,D,20220117,000000,25.2231,25.2231,24.6541,24.6541,489.32888887999206,0
BIP,D,20220118,000000,24.6541,24.6541,24.6541,24.6541,1058.800925906675,0
BIP,D,20220119,000000,25.4127,25.4127,25.4127,25.4127,147.642407404723,0
BIP,D,20220120,000000,24.8438,24.8438,24.8438,24.8438,52.72941666570795,0
BIP,D,20220121,000000,24.6541,24.6541,24.6541,24.6541,198.262777774173,0
BIP,D,20220124,000000,24.6541,24.6541,23.7059,24.4646,517.802592583178,0
BIP,D,20220125,000000,23.7059,24.2748,23.7059,24.0852,246.77379629180953,0
BIP,D,20220126,000000,23.7059,23.7059,23.5162,23.5162,468.23740739889405,0
BIP,D,20220128,000000,22.7577,22.7577,22.7577,22.7577,84.36714814661421,0
BIP,D,20220131,000000,23.5162,23.7059,22.7577,23.7059,210.9178703665355,0
BIP,D,20220201,000000,23.7059,23.7059,23.7059,23.7059,21.091787036653553,0
BIP,D,20220202,000000,23.7059,23.7059,23.1369,23.1369,49.56569444354325,0
BIP,D,20220203,000000,23.7059,23.7059,22.7577,23.5162,163.46101851554653,0
BIP,D,20220204,000000,23.5162,23.5162,23.5162,23.5162,17.927962962637,0
BIP,D,20220207,000000,22.7577,22.7577,22.5681,22.5681,477.72898147279557,0
BIP,D,20220209,000000,22.3784,22.3784,21.6197,21.6197,902.7282407243276,0
BIP,D,20220210,000000,21.8094,21.8094,21.8094,21.8094,105.45842592400851,0
BIP,D,20220214,000000,20.8612,20.8612,20.8612,20.8612,232.00935184763352,0
BIP,D,20220215,000000,21.6197,21.6197,21.6197,21.6197,52.72941666570795,0
BIP,D,20220216,000000,21.6197,21.6197,21.6197,21.6197,1107.3129629428302,0
BIP,D,20220217,000000,21.0509,21.0509,20.8612,21.0509,181.38898147818352,0
BIP,D,20220218,000000,20.8612,21.8094,20.8612,21.8094,376.4882407338955,0
BIP,D,20220221,000000,20.8612,20.8612,20.6716,20.6716,867.926481465701,0
BIP,D,20220222,000000,20.8612,20.8612,20.8612,20.8612,949.1299073901506,0
BIP,D,20220223,000000,20.8612,20.8612,20.8612,20.8612,638.0264814698811,0
BIP,D,20220224,000000,18.9647,20.4819,18.9647,19.9129,379.65175925235656,0
BIP,D,20220225,000000,20.1025,20.8612,20.1025,20.8612,1007.1324999816886,0
BIP,D,20220228,000000,21.0509,21.0509,21.0509,21.0509,109.67712962763551,0
BIP,D,20220301,000000,21.8094,22.7577,21.6197,21.6197,881.6367592432296,0
BIP,D,20220302,000000,21.6197,21.8094,21.6197,21.6197,506.20268517598157,0
BIP,D,20220303,000000,21.8094,21.8094,21.8094,21.8094,578.9697222116955,0
BIP,D,20220304,000000,21.8094,21.8094,21.8094,21.8094,1677.84629626579,0
BIP,D,20220307,000000,21.8094,21.8094,21.4301,21.4301,659.1179629509791,0
BIP,D,20220308,000000,21.2405,21.2405,21.2405,21.2405,224.62712962554554,0
BIP,D,20220309,000000,20.8612,20.8612,20.1025,20.8612,1513.3351851576701,0
BIP,D,20220310,000000,20.8612,20.8612,20.8612,20.8612,622.2078703590576,0
BIP,D,20220311,000000,19.9129,19.9129,19.9129,19.9129,748.7577777641641,0
BIP,D,20220314,000000,19.9129,19.9129,19.9129,19.9129,400.7432407334545,0
BIP,D,20220315,000000,19.9129,19.9129,19.9129,19.9129,485.11120369488356,0
BIP,D,20220316,000000,19.9129,19.9129,18.9647,18.9647,585.2967592486175,0
BIP,D,20220317,000000,18.9647,18.9647,18.9647,18.9647,256.26435184719253,0
BIP,D,20220318,000000,19.9129,19.9129,18.4906,18.9647,1129.4555555350203,0
BIP,D,20220322,000000,18.9647,18.9647,18.9647,18.9647,137.09666666417402,0
BIP,D,20220323,000000,18.9647,18.9647,18.9647,18.9647,474.56444443581603,0
BIP,D,20220324,000000,19.9129,19.9129,19.9129,19.9129,421.835740733071,0
BIP,D,20220325,000000,20.8612,22.9473,20.8612,20.8612,971.2765740564146,0
BIP,D,20220328,000000,20.8612,20.8612,19.9129,19.9129,643.2993518401555,0
BIP,D,20220329,000000,19.9129,19.9129,19.9129,19.9129,493.54759258361906,0
BIP,D,20220331,000000,19.9129,19.9129,19.9129,19.9129,453.47296295471807,0
BIP,D,20220404,000000,20.8612,20.8612,20.2923,20.2923,669.6637036915281,0
BIP,D,20220406,000000,20.2923,20.2923,20.2923,20.2923,36.91060185118075,0
BIP,D,20220407,000000,20.8612,20.8612,20.8612,20.8612,105.45842592400851,0
BIP,D,20220408,000000,20.8612,20.8612,20.8612,20.8612,1.054584259240085,0
BIP,D,20220411,000000,20.8612,20.8612,20.8612,20.8612,535.7315740643335,0
BIP,D,20220412,000000,21.0509,21.0509,21.0509,21.0509,105.45842592400851,0
BIP,D,20220413,000000,20.8612,20.8612,20.8612,20.8612,429.217962955159,0
BIP,D,20220414,000000,20.2923,20.2923,18.9647,19.9129,1013.460555537129,0
BIP,D,20220419,000000,18.9647,18.9647,18.0165,18.2061,2573.195370323585,0
BIP,D,20220420,000000,18.3958,18.3958,17.9216,17.9216,480.89249999125656,0
BIP,D,20220421,000000,18.0165,18.0165,17.9216,17.9216,52.72941666570795,0
BIP,D,20220422,000000,18.0165,18.0165,17.9216,17.9216,208.808518514722,0
BIP,D,20220425,000000,17.9216,17.9216,17.0682,17.0682,13547.21296271665,0
BIP,D,20220426,000000,17.0682,17.1631,17.0682,17.0682,6454.08703691969,0
BIP,D,20220429,000000,17.0682,17.0682,14.3183,14.3183,1234.9231481256952,0
BIP,D,20220502,000000,15.1717,15.551,15.1717,15.551,338.52296295680804,0
BIP,D,20220504,000000,15.1717,15.7881,15.1717,15.7881,255.210185180545,0
BIP,D,20220505,000000,15.7881,15.7881,15.7881,15.7881,56.9478148137794,0
BIP,D,20220506,000000,15.7407,15.7407,13.0857,13.2753,4663.388888804101,0
BIP,D,20220509,000000,14.2236,14.2236,12.4219,12.4219,3931.50185178037,0
BIP,D,20220510,000000,13.2753,13.2753,13.2753,13.2753,843.671481466142,0
BIP,D,20220511,000000,13.2753,13.2753,12.7064,12.7064,647.5180555437826,0
BIP,D,20220512,000000,12.7064,12.7064,11.5685,11.5685,1076.726851832275,0
BIP,D,20220513,000000,12.1374,12.1374,11.5685,11.9952,435.544999992081,0
BIP,D,20220517,000000,11.5685,12.0426,10.4781,12.0426,2248.37962958875,0
BIP,D,20220518,000000,12.0426,12.0426,12.0426,12.0426,94.91299073901506,0
BIP,D,20220519,000000,12.1374,12.1374,10.9521,10.9521,2019.5388888521702,0
BIP,D,20220520,000000,11.1892,11.1892,11.1892,11.1892,210.9178703665355,0
BIP,D,20220523,000000,11.3315,11.3315,11.3315,11.3315,105.45842592400851,0
BIP,D,20220524,000000,11.3788,11.3788,11.3788,11.3788,26.364657406928053,0
BIP,D,20220525,000000,11.3788,11.3788,11.3788,11.3788,16.873388888582102,0
BIP,D,20220526,000000,11.3788,11.3788,11.3788,11.3788,105.45842592400851,0
BIP,D,20220527,000000,11.3788,11.3788,11.3788,11.3788,167.67972221917353,0
BIP,D,20220530,000000,11.4736,11.4736,11.4736,11.4736,685.4833333208701,0
BIP,D,20220531,000000,11.9478,11.9478,11.9478,11.9478,137.09666666417402,0
BIP,D,20220601,000000,11.9478,11.9478,11.9478,11.9478,39.01974999929055,0
BIP,D,20220602,000000,11.9478,13.2753,11.9478,13.2753,1653.5953703403052,0
BIP,D,20220603,000000,13.2753,14.6029,13.2753,13.8443,1339.3212962719451,0
BIP,D,20220606,000000,14.3183,14.8873,14.2236,14.6976,1746.3925925608403,0
BIP,D,20220607,000000,14.2236,15.1717,14.2236,15.1717,790.9417592448787,0
BIP,D,20220608,000000,15.1717,15.4089,15.1717,15.4089,897.4553703540531,0
BIP,D,20220609,000000,15.3614,15.4089,15.3614,15.4089,293.17546295763253,0
BIP,D,20220610,000000,15.4089,15.4089,15.077,15.077,1183.2435184970052,0
BIP,D,20220613,000000,14.6976,14.6976,13.8443,14.1287,1161.100925904815,0
BIP,D,20220614,000000,14.1287,14.1287,14.1287,14.1287,94.91299073901506,0
BIP,D,20220615,000000,14.2236,14.2236,13.5598,13.5598,221.46361110708452,0
BIP,D,20220617,000000,13.5598,13.5598,11.3788,12.4219,1300.3018518282101,0
BIP,D,20220620,000000,12.6115,12.6115,12.3271,12.3271,42.183574073307106,0
BIP,D,20220621,000000,12.896,13.0383,12.896,13.0383,1202.228703681845,0
BIP,D,20220623,000000,13.0383,13.0383,13.0383,13.0383,10.545842592400852,0
BIP,D,20220624,000000,13.3701,13.3701,13.3701,13.3701,1.054584259240085,0
BIP,D,20220627,000000,12.8012,12.8012,12.8012,12.8012,12.65499074051065,0
BIP,D,20220628,000000,12.8012,13.3701,12.8012,13.3701,92.80384259090526,0
BIP,D,20220629,000000,12.8012,12.8012,12.6115,12.6115,131.82277777538098,0
BIP,D,20220630,000000,12.3271,12.3271,11.8529,11.8529,1669.41296293261,0
BIP,D,20220701,000000,11.8529,11.8529,11.8529,11.8529,1105.204629609535,0
BIP,D,20220705,000000,11.3788,11.3788,11.3788,11.3788,885.8544444283381,0
BIP,D,20220706,000000,11.3788,11.3788,10.9995,10.9995,424.999259251532,0
BIP,D,20220707,000000,10.9995,10.9995,10.9995,10.9995,116.0041666645575,0
BIP,D,20220711,000000,11.3788,11.3788,11.3788,11.3788,181.38898147818352,0
BIP,D,20220712,000000,11.3788,11.3788,11.3788,11.3788,1295.0361110875651,0
BIP,D,20220715,000000,11.3788,11.3788,11.3788,11.3788,32.6922037031093,0
BIP,D,20220718,000000,11.1892,11.1892,11.1892,11.1892,54.83866666566961,0
BIP,D,20220719,000000,10.9995,10.9995,10.9995,10.9995,137.09666666417402,0
BIP,D,20220720,000000,10.9995,10.9995,10.9521,10.9521,627.4807407293321,0
BIP,D,20220725,000000,10.9521,10.9521,10.9521,10.9521,490.3840740651581,0
BIP,D,20220729,000000,11.3788,11.3788,11.3788,11.3788,1401.54259256711,0
BIP,D,20220804,000000,11.6633,11.6633,11.6633,11.6633,1451.113888862505,0
BIP,D,20220805,000000,11.9073,11.9073,11.9073,11.9073,103.48249999811851,0
BIP,D,20220808,000000,12.2977,12.2977,12.2977,12.2977,645.4861110993751,0
BIP,D,20220809,000000,11.9073,11.9073,11.9073,11.9073,2113.700925887495,0
BIP,D,20220810,000000,12.2977,12.2977,12.2977,12.2977,9.221228703536047,0
BIP,D,20220811,000000,12.2977,12.2977,12.2977,12.2977,315.57064814241056,0
BIP,D,20220812,000000,12.2489,12.2977,12.2489,12.2977,1690.55740737667,0
BIP,D,20220816,000000,12.2977,12.2977,12.2977,12.2977,645.4861110993751,0
BIP,D,20220817,000000,11.7121,11.7121,11.2241,11.2241,1473.337962936175,0
BIP,D,20220818,000000,11.2241,11.2241,11.2241,11.2241,349.3813888825365,0
BIP,D,20220819,000000,10.7849,11.2241,10.7849,11.2241,799.1724073928771,0
BIP,D,20220822,000000,11.7121,12.2977,11.7121,12.2977,1514.323148120615,0
BIP,D,20220823,000000,12.2977,12.8833,12.2977,12.8833,253.071296291695,0
BIP,D,20220824,000000,9.27208,9.27208,9.27208,9.27208,3178.2462962385102,0
BIP,D,20220825,000000,10.1017,10.7361,10.1017,10.7361,3443.6111110485003,0
BIP,D,20220826,000000,11.8585,11.8585,11.8585,11.8585,1353.46851849391,0
BIP,D,20220829,000000,11.9073,12.3954,11.9073,12.3954,986.671481463542,0
BIP,D,20220830,000000,12.9809,14.3473,12.9809,14.3473,686.4692592467782,0
BIP,D,20220901,000000,14.3473,14.3473,14.3473,14.3473,1014.3344444260022,0
BIP,D,20220902,000000,13.8593,13.8593,13.2737,13.2737,1127.03148146099,0
BIP,D,20220905,000000,12.6881,12.6881,12.6881,12.6881,727.452407394181,0
BIP,D,20220909,000000,12.6881,13.0297,12.6881,13.0297,65.57313888769666,0
BIP,D,20220912,000000,12.6881,12.6881,12.4929,12.4929,1624.9851851556402,0
BIP,D,20220913,000000,12.4929,12.4929,12.0049,12.0049,753.0671296159376,0
BIP,D,20220914,000000,11.8097,11.8097,11.8097,11.8097,430.32407406625003,0
BIP,D,20220915,000000,11.7121,11.7121,11.4193,11.4193,1408.7944444188302,0
BIP,D,20220916,000000,11.4193,11.4193,11.4193,11.4193,717.2061110980711,0
BIP,D,20220919,000000,11.3217,11.3217,11.3217,11.3217,727.452407394181,0
BIP,D,20220920,000000,10.8337,10.8337,10.8337,10.8337,466.18407406559805,0
BIP,D,20220922,000000,10.3457,10.3457,10.3457,10.3457,737.6976851717725,0
BIP,D,20220923,000000,10.3457,10.3457,10.3457,10.3457,122.94944444220901,0
BIP,D,20220927,000000,10.2481,10.2481,10.2481,10.2481,44.05693518438415,0
BIP,D,20220928,000000,9.90645,9.90645,9.90645,9.90645,1024.5787036850752,0
BIP,D,20220929,000000,9.85765,9.85765,9.85765,9.85765,512.290370361056,0
BIP,D,20220930,000000,9.85765,9.85765,9.85765,9.85765,665.9776851730766,0
BIP,D,20221003,000000,9.85765,9.85765,9.85765,9.85765,2013.2953703337653,0
BIP,D,20221004,000000,10.2481,10.2481,9.66249,9.66249,2130.099074035345,0
BIP,D,20221005,000000,9.66249,9.66249,9.66249,9.66249,973.3512962785991,0
BIP,D,20221006,000000,9.76009,9.76009,9.76009,9.76009,185.44879629292453,0
BIP,D,20221007,000000,9.76009,9.76009,9.76009,9.76009,4.0983148147403,0
BIP,D,20221010,000000,9.76009,9.76009,9.76009,9.76009,4.0983148147403,0
BIP,D,20221011,000000,9.76009,9.76009,9.76009,9.76009,30.737361110552254,0
BIP,D,20221012,000000,9.76009,9.76009,9.76009,9.76009,286.882037031821,0
BIP,D,20221014,000000,9.76009,9.76009,9.76009,9.76009,5.12290370361056,0
BIP,D,20221018,000000,9.36969,9.36969,9.36969,9.36969,837.0826851699657,0
BIP,D,20221019,000000,8.97928,8.97928,8.97928,8.97928,1173.1398147934851,0
BIP,D,20221020,000000,8.97928,8.97928,8.58888,8.58888,1556.33703700874,0
BIP,D,20221021,000000,7.63239,8.19848,7.63239,8.19848,671.0998148026131,0
BIP,D,20221024,000000,8.19848,8.19848,8.19848,8.19848,516.3888888795001,0
BIP,D,20221025,000000,8.23751,8.23751,8.23751,8.23751,210.03888888507,0
BIP,D,20221026,000000,8.29607,8.68648,8.29607,8.68648,1228.4657407184052,0
BIP,D,20221027,000000,8.88167,8.88167,8.88167,8.88167,870.8934259100915,0
BIP,D,20221028,000000,10.2481,11.7121,10.2481,11.7121,1734.608333301795,0
BIP,D,20221031,000000,11.7121,12.6881,11.7121,12.6881,573.7650925821605,0
BIP,D,20221102,000000,12.6881,13.2737,12.6881,13.2737,1294.0379629394351,0
BIP,D,20221103,000000,13.3225,13.3225,13.2249,13.2249,1439.53333330716,0
BIP,D,20221104,000000,12.6881,12.6881,11.7121,11.7121,2136.250925887085,0
BIP,D,20221107,000000,11.7121,12.1513,11.7121,12.1513,1379.084259234185,0
BIP,D,20221108,000000,12.1513,12.1513,11.6145,11.6145,768.4355555415841,0
BIP,D,20221109,000000,11.0777,11.0777,10.8337,10.8337,312.4967592535775,0
BIP,D,20221110,000000,10.5897,10.5897,10.1505,10.1505,829.9102777626886,0
BIP,D,20221114,000000,10.1017,10.1505,10.1017,10.1505,1183.386111089595,0
BIP,D,20221115,000000,10.5409,10.5409,10.5409,10.5409,202.866481477793,0
BIP,D,20221116,000000,10.5897,10.5897,10.5897,10.5897,1075.8101851656252,0
BIP,D,20221117,000000,10.5409,10.5409,10.5409,10.5409,54.3027222212349,0
BIP,D,20221118,000000,10.7361,10.7361,10.7361,10.7361,259.2180555508425,0
BIP,D,20221121,000000,10.7361,11.2241,10.7361,11.2241,1536.8629629350203,0
BIP,D,20221122,000000,11.2241,11.2241,11.2241,11.2241,2.04915740737015,0
BIP,D,20221123,000000,11.1753,11.1753,11.1753,11.1753,20.4915740737015,0
BIP,D,20221124,000000,11.1753,11.1753,11.1753,11.1753,1024.5787036850752,0
BIP,D,20221125,000000,10.7361,10.7361,10.6385,10.6385,1004.0891666484106,0
BIP,D,20221128,000000,10.2481,10.2481,10.2481,10.2481,5407.732407309085,0
BIP,D,20221129,000000,9.76009,10.2481,9.76009,10.2481,4624.94999991591,0
BIP,D,20221130,000000,10.2481,10.2481,10.2481,10.2481,4713.07222213653,0
BIP,D,20221201,000000,10.1993,10.2481,10.1993,10.2481,6648.50185173097,0
BIP,D,20221202,000000,10.2481,10.2481,9.27208,9.27208,3688.48333326627,0
BIP,D,20221205,000000,9.76009,9.76009,9.36969,9.36969,1918.0129629280902,0
BIP,D,20221206,000000,9.27208,9.36969,9.27208,9.36969,2356.536111068265,0
BIP,D,20221207,000000,8.97928,9.27208,8.97928,9.27208,5675.154629526446,0
BIP,D,20221208,000000,9.17448,9.27208,9.17448,9.27208,4456.924999918966,0
BIP,D,20221209,000000,8.68648,8.68648,8.68648,8.68648,1598.3407407116802,0
BIP,D,20221212,000000,8.68648,8.706,8.68648,8.706,4422.091666586265,0
BIP,D,20221213,000000,8.68648,8.68648,8.68648,8.68648,7207.923148017096,0
BIP,D,20221214,000000,8.68648,8.68648,8.68648,8.68648,7274.5240739418105,0
BIP,D,20221215,000000,8.68648,8.68648,8.68648,8.68648,4139.29999992474,0
BIP,D,20221216,000000,8.68648,8.68648,7.82758,7.82758,4069.6333332593404,0
BIP,D,20221219,000000,7.90567,8.19848,7.90567,8.19848,1190.5564814598351,0
BIP,D,20221220,000000,8.19848,8.21799,8.19848,8.21799,1079.904629609995,0
BIP,D,20221222,000000,8.49127,8.49127,8.29607,8.29607,429.2994444366391,0
BIP,D,20221223,000000,8.29607,8.29607,8.29607,8.29607,25.614518518052805,0
BIP,D,20221228,000000,8.58888,8.58888,8.58888,8.58888,1328.8814814573202,0
BIP,D,20221229,000000,8.58888,8.58888,8.58888,8.58888,207.989629625848,0
BIP,D,20230102,000000,8.97928,8.97928,8.97928,8.97928,1.024578703685075,0
BIP,D,20230103,000000,8.97928,8.97928,8.97928,8.97928,237.70185184753,0
BIP,D,20230105,000000,8.97928,8.97928,8.97928,8.97928,545.0764814715711,0
BIP,D,20230109,000000,8.97928,9.36969,8.97928,9.36969,594.2566666558621,0
BIP,D,20230110,000000,9.46728,9.56488,9.46728,9.56488,796.0995370225626,0
BIP,D,20230111,000000,9.56488,9.56488,9.56488,9.56488,102.45787036850751,0
BIP,D,20230112,000000,9.56488,9.56488,9.56488,9.56488,665.9776851730766,0
BIP,D,20230113,000000,9.76009,10.3457,9.76009,10.3457,1032.7777777590002,0
BIP,D,20230116,000000,10.3457,10.7361,10.3457,10.7361,758.1892592454741,0
BIP,D,20230117,000000,10.7361,10.7361,10.7361,10.7361,1537.8916666387051,0
BIP,D,20230118,000000,10.7361,10.7361,10.2481,10.2481,1170.063888867615,0
BIP,D,20230130,000000,10.1505,10.1505,10.004,10.004,210.03888888507,0
BIP,D,20230131,000000,9.85765,9.85765,9.85765,9.85765,862.6963888732035,0
BIP,D,20230201,000000,10.2481,10.2481,10.1993,10.1993,28.6882037031821,0
BIP,D,20230202,000000,9.85765,10.7361,9.85765,10.7361,2580.9157406938148,0
BIP,D,20230203,000000,11.7121,12.6881,11.7121,12.6881,2315.550925883825,0
BIP,D,20230206,000000,12.0049,12.0049,11.5169,11.5169,2743.8277777278904,0
BIP,D,20230207,000000,11.4193,11.4193,11.4193,11.4193,516.3888888795001,0
BIP,D,20230208,000000,11.4193,11.4193,11.4193,11.4193,128.072592590264,0
BIP,D,20230209,000000,11.4193,11.4681,11.4193,11.4681,380.11925925234806,0
BIP,D,20230210,000000,11.5169,11.5169,11.4193,11.4193,1476.413888862045,0
BIP,D,20230213,000000,11.1265,11.1265,11.1265,11.1265,326.84055554961304,0
BIP,D,20230214,000000,11.0289,11.0289,11.0289,11.0289,1051.21296294385,0
BIP,D,20230215,000000,11.0289,11.0289,11.0289,11.0289,613.7236110999526,0
BIP,D,20230216,000000,11.5169,11.5169,11.5169,11.5169,1.024578703685075,0
BIP,D,20230217,000000,11.5169,11.5169,11.5169,11.5169,910.8519444278836,0
BIP,D,20230220,000000,11.5169,11.9073,11.5169,11.9073,154.710925923113,0
BIP,D,20230221,000000,11.5169,11.5169,11.5169,11.5169,409.83148147403006,0
BIP,D,20230222,000000,11.5169,11.5169,11.0289,11.0289,2057.356481444075,0
BIP,D,20230223,000000,10.9801,10.9801,10.5409,10.5409,698.7637962835915,0
BIP,D,20230224,000000,10.9801,10.9801,10.9801,10.9801,30.737361110552254,0
BIP,D,20230227,000000,10.9801,10.9801,10.9801,10.9801,92.21228703536046,0
BIP,D,20230228,000000,10.9801,10.9801,10.9801,10.9801,374.99611110429305,0
BIP,D,20230302,000000,10.9801,10.9801,10.9801,10.9801,78.89271296152855,0
BIP,D,20230303,000000,11.0289,11.0289,11.0289,11.0289,76.8435555541584,0
BIP,D,20230306,000000,10.5409,10.5897,10.5409,10.5897,528.6834259163136,0
BIP,D,20230307,000000,10.5897,10.5897,10.5897,10.5897,1195.67962960789,0
BIP,D,20230308,000000,10.5897,10.9801,10.5897,10.9801,66.59776851730766,0
BIP,D,20230313,000000,10.7361,10.7361,10.5409,10.5409,358.60305554903556,0
BIP,D,20230314,000000,10.5409,10.5409,10.5409,10.5409,4110.618518443781,0
BIP,D,20230315,000000,10.5409,10.5409,10.5409,10.5409,512.290370361056,0
BIP,D,20230316,000000,10.5409,10.5409,10.5409,10.5409,1490.7648147877103,0
BIP,D,20230323,000000,10.5409,10.5409,10.5409,10.5409,2759.18703698687,0
BIP,D,20230324,000000,11.0289,11.0289,11.0289,11.0289,3.0737361110552253,0
BIP,D,20230327,000000,10.5409,10.5409,10.5409,10.5409,1895.473148113685,0
BIP,D,20230329,000000,10.5897,10.5897,10.5897,10.5897,266.39046295811954,0
BIP,D,20230330,000000,10.8337,11.0289,10.8337,11.0289,758.1892592454741,0
BIP,D,20230331,000000,11.0289,11.5169,11.0289,11.5169,1434.4101851591051,0
BIP,D,20230403,000000,12.4929,12.9809,12.4929,12.9809,1331.9472221980052,0
BIP,D,20230404,000000,13.9569,14.1521,13.9569,14.1521,2146.497222183195,0
BIP,D,20230405,000000,13.6642,13.6642,13.1273,13.1273,1887.27407403976,0
BIP,D,20230406,000000,11.9073,12.6881,11.9073,12.6881,3426.1944443821503,0
BIP,D,20230411,000000,12.5905,12.5905,12.2001,12.2001,1239.7407407182002,0
BIP,D,20230412,000000,12.2001,12.2001,12.2001,12.2001,1499.982407380135,0
BIP,D,20230413,000000,12.2001,12.2001,11.7609,11.7609,1127.03148146099,0
BIP,D,20230414,000000,12.2001,12.2001,12.2001,12.2001,213.11277777390302,0
BIP,D,20230417,000000,12.2001,12.2001,12.2001,12.2001,1349.363888864355,0
BIP,D,20230418,000000,12.2001,12.7857,12.2001,12.7857,897.5327777614591,0
BIP,D,20230419,000000,12.7369,12.7857,12.7369,12.7857,4318.59999992148,0
BIP,D,20230420,000000,12.7857,12.7857,12.7857,12.7857,102.45787036850751,0
BIP,D,20230421,000000,12.6881,12.6881,12.6881,12.6881,2058.374999962575,0
BIP,D,20230424,000000,12.6881,12.6881,12.6881,12.6881,717.2061110980711,0
BIP,D,20230425,000000,12.1025,12.1025,12.1025,12.1025,426.22555554780604,0
BIP,D,20230426,000000,12.6881,12.6881,12.6881,12.6881,698.7637962835915,0
BIP,D,20230427,000000,12.6881,12.6881,12.6881,12.6881,479.50324073202256,0
BIP,D,20230428,000000,12.3954,12.3954,12.1025,12.1025,245.89888888441803,0
BIP,D,20230502,000000,12.6881,12.6881,12.6881,12.6881,444.66787036228556,0
BIP,D,20230504,000000,12.6881,12.6881,12.6881,12.6881,20.4915740737015,0
BIP,D,20230505,000000,12.1025,12.1025,12.1025,12.1025,610.6497222111195,0
BIP,D,20230508,000000,12.2977,12.6881,12.2977,12.6881,901.6312962799032,0
BIP,D,20230509,000000,13.2737,13.2737,13.2737,13.2737,1516.3703703428,0
BIP,D,20230510,000000,13.3713,13.3713,13.3713,13.3713,1170.063888867615,0
BIP,D,20230511,000000,13.9569,14.1521,13.9569,14.1521,8653.608333175996,0
BIP,D,20230512,000000,14.0545,14.6401,14.0545,14.6401,1999.9731481117851,0
BIP,D,20230515,000000,14.6401,15.2257,14.6401,15.2257,1183.386111089595,0
BIP,D,20230516,000000,15.1281,15.1281,15.1281,15.1281,3.0737361110552253,0
BIP,D,20230517,000000,15.0306,15.0306,15.0306,15.0306,448.76638888072955,0
BIP,D,20230518,000000,15.0306,16.4945,15.0306,16.4945,830.9349073922996,0
BIP,D,20230519,000000,16.1042,16.8849,16.1042,16.8849,918.0243518351606,0
BIP,D,20230522,000000,16.1042,16.1042,16.1042,16.1042,1249.98703701431,0
BIP,D,20230523,000000,15.6161,15.6161,15.6161,15.6161,563.5187962860506,0
BIP,D,20230524,000000,15.1281,15.1281,15.1281,15.1281,717.2061110980711,0
BIP,D,20230529,000000,15.0306,15.0306,15.0306,15.0306,1154.6944444234502,0
BIP,D,20230530,000000,14.6401,14.6401,14.6401,14.6401,773.5587036896391,0
BIP,D,20230531,000000,14.1521,14.1521,14.1521,14.1521,563.5187962860506,0
BIP,D,20230602,000000,14.1521,14.1521,14.1521,14.1521,1496.906481454265,0
BIP,D,20230605,000000,14.1521,14.1521,14.1521,14.1521,40.983148147403,0
BIP,D,20230607,000000,13.6642,13.7618,13.6642,13.7618,513.314999990667,0
BIP,D,20230609,000000,13.3713,13.3713,13.1761,13.1761,1935.4296295944403,0
BIP,D,20230613,000000,12.5905,12.5905,12.5905,12.5905,706.9608333204795,0
BIP,D,20230614,000000,12.5905,12.5905,12.5905,12.5905,703.8869444316466,0
BIP,D,20230615,000000,12.0049,12.0049,12.0049,12.0049,1649.5722221922301,0
BIP,D,20230616,000000,12.3954,12.6881,12.3954,12.6881,1251.0055555328101,0
BIP,D,20230619,000000,12.6881,12.6881,12.6881,12.6881,37.9094629622737,0
BIP,D,20230620,000000,12.6881,12.8833,12.6881,12.8833,746.9193518382716,0
BIP,D,20230621,000000,12.8833,13.4689,12.8833,13.4689,731.5509259126251,0
BIP,D,20230622,000000,13.3713,13.3713,13.3713,13.3713,40.983148147403,0
BIP,D,20230623,000000,12.8833,12.8833,12.2001,12.2001,5615.72407397197,0
BIP,D,20230626,000000,12.2001,12.2001,12.2001,12.2001,31.761990740163252,0
BIP,D,20230627,000000,11.7121,11.7121,11.7121,11.7121,1075.8101851656252,0
BIP,D,20230628,000000,11.7121,11.7121,11.7121,11.7121,1480.5185184916,0
BIP,D,20230629,000000,12.2001,12.6881,12.2001,12.6881,489.7495370281326,0
BIP,D,20230630,000000,12.2001,12.2001,12.2001,12.2001,826.8363888738555,0
BIP,D,20230704,000000,11.7121,11.7121,11.7121,11.7121,3474.34999993683,0
BIP,D,20230705,000000,9.76009,10.7361,9.76009,10.7361,12192.4814812598,0
BIP,D,20230706,000000,11.2241,11.2241,10.7361,10.7361,4241.76296288584,0
BIP,D,20230707,000000,10.6385,10.6385,10.6385,10.6385,1434.4101851591051,0
BIP,D,20230710,000000,10.4433,10.4433,10.4433,10.4433,636.2644444328761,0
BIP,D,20230711,000000,10.4433,10.4433,9.85765,9.85765,7940.5027776334055,0
BIP,D,20230712,000000,10.2481,10.2481,10.2481,10.2481,21362.50925887085,0
BIP,D,20230713,000000,10.2481,10.2481,10.2481,10.2481,52816.09259163231,0
BIP,D,20230714,000000,10.2481,10.2481,10.2481,10.2481,68040.2962950592,0
BIP,D,20230717,000000,10.7361,10.7361,10.7361,10.7361,37646.17592524145,0
BIP,D,20230718,000000,11.0289,11.3217,11.0289,11.3217,1929.2777777427002,0
BIP,D,20230719,000000,11.8097,12.2977,11.8097,12.2977,2256.12037032935,0
BIP,D,20230720,000000,13.3713,13.3713,13.2737,13.2737,635.2398148032651,0
BIP,D,20230721,000000,13.1761,13.1761,13.0785,13.0785,2604.4842592119053,0
BIP,D,20230724,000000,13.0785,13.0785,12.6881,12.6881,1567.60185182335,0
BIP,D,20230725,000000,12.6881,12.6881,12.3954,12.3954,1379.084259234185,0
BIP,D,20230726,000000,12.4929,12.4929,12.4929,12.4929,307.37361110552257,0
BIP,D,20230727,000000,12.6881,13.4689,12.6881,13.4689,3106.52222216574,0
BIP,D,20230728,000000,13.6642,14.1521,13.6642,14.1521,1821.7018518187301,0
BIP,D,20230731,000000,13.9569,13.9569,13.9569,13.9569,916.9997222055496,0
BIP,D,20230801,000000,14.1521,14.1521,14.0545,14.0545,819.6639814665785,0
BIP,D,20230802,000000,13.6642,13.6642,13.6642,13.6642,1315.5592592353403,0
BIP,D,20230803,000000,13.6642,13.6642,13.6642,13.6642,422.12703702936204,0
BIP,D,20230804,000000,13.6642,13.6642,13.6642,13.6642,204.91574073701503,0
BIP,D,20230807,000000,13.6642,13.6642,13.6642,13.6642,379.09462962273705,0
BIP,D,20230808,000000,13.6642,13.6642,13.1761,13.1761,907.7780555390506,0
BIP,D,20230809,000000,13.1761,13.1761,13.1761,13.1761,384.21777777079205,0
BIP,D,20230810,000000,12.6881,12.6881,12.6881,12.6881,737.6976851717725,0
BIP,D,20230811,000000,12.2977,12.6881,12.2977,12.6881,506.14259258339,0
BIP,D,20230814,000000,12.6881,12.6881,12.6881,12.6881,71.72061110980711,0
BIP,D,20230816,000000,12.6881,12.6881,12.6881,12.6881,122.94944444220901,0
BIP,D,20230817,000000,12.6881,12.6881,12.6881,12.6881,25.614518518052805,0
BIP,D,20230818,000000,12.2977,12.6881,12.2977,12.6881,1861.658333299485,0
BIP,D,20230821,000000,13.2737,13.6642,13.2737,13.6642,1404.6999999744603,0
BIP,D,20230822,000000,13.5666,13.5666,13.1761,13.1761,148.56416666396552,0
BIP,D,20230823,000000,13.5666,13.5666,13.5666,13.5666,755.115370356641,0
BIP,D,20230824,000000,13.5666,13.5666,13.5666,13.5666,246.923518514029,0
BIP,D,20230825,000000,13.5666,13.5666,13.5666,13.5666,51.22903703610561,0
BIP,D,20230828,000000,13.5666,13.5666,13.5666,13.5666,51.22903703610561,0
BIP,D,20230829,000000,13.5666,13.5666,13.5666,13.5666,10.24578703685075,0
BIP,D,20230831,000000,13.1761,13.1761,13.1761,13.1761,11.2703148146099,0
BIP,D,20230901,000000,13.2737,13.2737,13.2737,13.2737,54.3027222212349,0
BIP,D,20230904,000000,12.6881,12.6881,12.6881,12.6881,81.96639814665785,0
BIP,D,20230905,000000,12.8833,12.8833,12.8833,12.8833,647.5343518400786,0
BIP,D,20230906,000000,12.9809,12.9809,12.8833,12.8833,568.6419444341055,0
BIP,D,20230907,000000,12.8833,12.8833,12.8833,12.8833,532.7819444347575,0
BIP,D,20230908,000000,12.8833,12.8833,12.8833,12.8833,126.02333333104201,0
BIP,D,20230911,000000,12.8833,12.8833,12.8833,12.8833,102.45787036850751,0
BIP,D,20230912,000000,12.4929,12.8833,12.4929,12.8833,335.03759258650103,0
BIP,D,20230913,000000,12.8833,12.8833,12.8833,12.8833,80.9418703688987,0
BIP,D,20230914,000000,12.8833,12.8833,12.8833,12.8833,122.94944444220901,0
BIP,D,20230915,000000,12.8833,12.8833,12.8833,12.8833,102.45787036850751,0
BIP,D,20230918,000000,12.8833,12.8833,12.8833,12.8833,112.70314814609901,0
BIP,D,20230919,000000,12.8833,12.8833,12.8833,12.8833,133.1947222198005,0
BIP,D,20230920,000000,12.8833,12.8833,12.8833,12.8833,16.3932592589612,0
BIP,D,20230921,000000,12.6881,13.8593,12.6881,13.8593,2153.6675925534355,0
BIP,D,20230922,000000,15.2257,15.2257,15.2257,15.2257,1229.4944444220903,0
BIP,D,20230925,000000,15.909,15.909,15.909,15.909,614.7482407295636,0
BIP,D,20230926,000000,15.6161,15.6161,15.5185,15.5185,42.007777777014006,0
BIP,D,20230927,000000,15.2257,15.2257,14.6401,14.6401,1331.9472221980052,0
BIP,D,20230928,000000,14.6401,14.6401,13.9569,13.9569,739.7469444309946,0
BIP,D,20230929,000000,14.1521,15.6161,14.1521,15.6161,727.452407394181,0
BIP,D,20231003,000000,14.8354,14.8354,14.6401,14.6401,819.6639814665785,0
BIP,D,20231004,000000,14.0545,14.6401,14.0545,14.6401,3109.5981480916103,0
BIP,D,20231005,000000,13.6642,14.1521,13.6642,14.1521,59.425666665586206,0
BIP,D,20231011,000000,14.1521,14.1521,14.1521,14.1521,673.149074061835,0
BIP,D,20231012,000000,13.7618,13.7618,13.6642,13.6642,614.7482407295636,0
BIP,D,20231013,000000,14.8354,14.8354,14.0545,14.0545,1275.602777754585,0
BIP,D,20231016,000000,14.0545,14.1521,13.6642,13.6642,667.0023148026876,0
BIP,D,20231017,000000,13.6642,14.1521,13.6642,14.1521,1753.0537036718301,0
BIP,D,20231018,000000,13.1761,13.1761,13.0785,13.0785,2029.6935184816152,0
BIP,D,20231019,000000,13.0785,13.5666,13.0785,13.5666,1811.4555555226202,0
BIP,D,20231020,000000,13.0785,13.0785,13.0785,13.0785,1284.82037034701,0
BIP,D,20231023,000000,12.8833,13.0785,12.8833,13.0785,44.05693518438415,0
BIP,D,20231024,000000,13.0785,13.0785,13.0785,13.0785,12.294944444220901,0
BIP,D,20231027,000000,13.0785,13.0785,11.9073,12.6881,2223.334259218835,0
BIP,D,20231030,000000,12.6881,12.6881,11.4193,11.7121,4643.395370285945,0
BIP,D,20231031,000000,11.9073,13.2737,11.7121,12.8833,8920.00185168967,0
BIP,D,20231102,000000,12.6881,12.7857,12.4929,12.7857,1168.0166666454302,0
BIP,D,20231103,000000,12.7857,14.0545,12.6881,13.2737,4639.300925841575,0
BIP,D,20231106,000000,13.2737,13.2737,11.7121,12.2977,6997.884259132025,0
BIP,D,20231107,000000,12.2977,12.2977,11.7121,12.2001,6632.103703583121,0
BIP,D,20231108,000000,11.7121,11.8097,11.3217,11.7121,1377.0370370120002,0
BIP,D,20231109,000000,11.8097,12.7857,11.8097,12.7857,3279.6805554959255,0
BIP,D,20231113,000000,12.6881,12.6881,12.2001,12.2001,209.01425925545902,0
BIP,D,20231114,000000,12.7857,12.7857,12.2977,12.6881,158.80944444155702,0
BIP,D,20231115,000000,12.6881,12.6881,11.9073,12.2977,2771.4907406903503,0
BIP,D,20231116,000000,12.2001,12.2977,11.8097,11.8097,1588.0944444155703,0
BIP,D,20231117,000000,11.8097,12.4929,11.2241,12.4929,2345.26111106847,0
BIP,D,20231120,000000,12.6881,12.6881,12.2001,12.2001,1741.7787036720351,0
BIP,D,20231121,000000,11.9073,12.2001,11.7121,12.2001,1034.824999981185,0
BIP,D,20231122,000000,11.9073,12.2001,11.7121,11.9073,1624.9851851556402,0
BIP,D,20231123,000000,11.6145,12.1025,10.7361,12.1025,7064.48518505674,0
BIP,D,20231124,000000,11.6145,12.2001,11.6145,12.2001,765.3616666527511,0
BIP,D,20231127,000000,12.1025,12.1025,10.9313,11.0289,2962.0555555017,0
BIP,D,20231128,000000,10.8337,11.5169,10.7361,10.7361,3221.2787036451355,0
BIP,D,20231129,000000,11.1265,11.2241,10.3457,10.4433,4082.95555548132,0
BIP,D,20231130,000000,10.7361,10.7361,10.7361,10.7361,272.53824073578556,0
BIP,D,20231201,000000,10.7361,11.7121,10.7361,11.2241,2116.7768518133653,0
BIP,D,20231204,000000,11.2241,12.3954,11.2241,11.7121,4606.51481473106,0
BIP,D,20231205,000000,12.2001,13.1761,11.9073,12.6881,4167.991666590885,0
BIP,D,20231206,000000,12.6881,12.7857,12.6881,12.7857,1733.589814783295,0
BIP,D,20231207,000000,12.6881,12.6881,12.2001,12.6881,1788.9157407082153,0
BIP,D,20231208,000000,12.6881,12.7857,12.6881,12.7857,1820.673148115045,0
BIP,D,20231211,000000,12.6881,12.7857,12.6881,12.7857,204.91574073701503,0
BIP,D,20231212,000000,12.2001,12.7857,12.2001,12.7857,606.5512036926756,0
BIP,D,20231213,000000,12.2001,12.6881,12.2001,12.6881,732.5745370237175,0
BIP,D,20231214,000000,12.2001,13.9569,12.2001,13.6642,8510.170370215641,0
BIP,D,20231215,000000,13.6642,13.9569,13.0785,13.9569,2253.04444440348,0
BIP,D,20231218,000000,13.6642,13.6642,13.1761,13.6642,995.8921296115226,0
BIP,D,20231219,000000,13.6642,14.1521,13.0785,14.1521,2154.6861110719356,0
BIP,D,20231220,000000,14.1521,14.1521,14.1521,14.1521,51.22903703610561,0
BIP,D,20231221,000000,13.9569,14.1521,13.8593,14.1521,414.95462962208506,0
BIP,D,20231222,000000,13.5666,13.9569,13.3713,13.6642,1323.7583333092653,0
BIP,D,20231227,000000,13.0785,13.6642,13.0785,13.6642,341.18537036416706,0
BIP,D,20231228,000000,13.5666,13.6642,13.0785,13.0785,646.5097222104675,0
BIP,D,20231229,000000,13.0785,13.0785,12.6881,13.0785,1742.80740737572,0
BIP,D,20240102,000000,13.6642,14.8354,13.6642,14.0545,1368.8379629380752,0
BIP,D,20240103,000000,14.1521,14.933,13.1761,14.0545,6589.071296176496,0
BIP,D,20240104,000000,14.1521,14.1521,13.6642,14.1521,222.3334259218835,0
BIP,D,20240105,000000,13.6642,14.1521,13.6642,14.1521,374.99611110429305,0
BIP,D,20240108,000000,13.6642,14.1521,13.6642,14.1521,198.767962959349,0
BIP,D,20240109,000000,14.0545,14.1521,14.0545,14.1521,109.629259257266,0
BIP,D,20240110,000000,14.0545,14.1521,13.6642,14.0545,488.7249073985215,0
BIP,D,20240111,000000,14.0545,14.0545,13.5666,13.5666,1360.6388888641502,0
BIP,D,20240112,000000,13.6642,14.933,13.6642,14.8354,1776.62222218992,0
BIP,D,20240115,000000,14.6401,14.933,14.1521,14.6401,1320.6824073833952,0
BIP,D,20240116,000000,14.5425,14.6401,14.1521,14.5425,878.0658333173685,0
BIP,D,20240118,000000,14.1521,14.1521,14.1521,14.1521,5.12290370361056,0
BIP,D,20240119,000000,14.1521,14.2497,13.8593,14.2497,920.0736110943826,0
BIP,D,20240122,000000,13.6642,14.1521,13.6642,14.1521,225.4073148107165,0
BIP,D,20240123,000000,14.1521,14.933,13.6642,14.7378,1412.8888888632002,0
BIP,D,20240124,000000,14.7378,14.7378,14.6401,14.6401,143.4410185159105,0
BIP,D,20240125,000000,14.6401,14.6401,14.6401,14.6401,85.04018518363901,0
BIP,D,20240126,000000,14.6401,15.2257,14.6401,14.6401,2715.1361110617454,0
BIP,D,20240129,000000,14.3473,14.6401,14.1521,14.4449,470.28259258404205,0
BIP,D,20240130,000000,14.6401,14.6401,14.6401,14.6401,30.737361110552254,0
BIP,D,20240131,000000,14.0545,15.1281,14.0545,15.0306,5289.910185089005,0
BIP,D,20240201,000000,15.0306,15.1281,14.6401,15.1281,3274.55740734787,0
BIP,D,20240202,000000,15.1281,15.1281,14.6401,15.1281,521.5110185090365,0
BIP,D,20240205,000000,15.1281,15.1281,14.1521,14.6401,1154.6944444234502,0
BIP,D,20240206,000000,14.6401,14.6401,14.6401,14.6401,30.737361110552254,0
BIP,D,20240207,000000,14.6401,14.6401,14.6401,14.6401,51.22903703610561,0
BIP,D,20240208,000000,14.4449,15.1281,14.2497,14.6401,2668.0092592107503,0
BIP,D,20240209,000000,14.6401,15.1281,14.1521,15.1281,733.5991666533286,0
BIP,D,20240212,000000,15.1281,15.1281,14.6401,15.1281,92.21228703536046,0
BIP,D,20240213,000000,15.1281,15.1281,15.1281,15.1281,243.84962962519603,0
BIP,D,20240214,000000,15.1281,15.1281,14.7378,15.1281,888.31111109496,0
BIP,D,20240215,000000,14.8354,14.8354,14.6401,14.6401,637.2890740624871,0
BIP,D,20240216,000000,14.1521,15.1281,14.0545,15.1281,1227.4472221999051,0
BIP,D,20240219,000000,14.5425,14.6401,14.4449,14.6401,773.5587036896391,0
BIP,D,20240220,000000,14.4449,14.6401,14.4449,14.6401,102.45787036850751,0
BIP,D,20240222,000000,14.6401,15.1281,14.4449,14.6401,3618.81666660087,0
BIP,D,20240223,000000,14.6401,15.0306,14.6401,15.0306,554.29814813807,0
BIP,D,20240226,000000,15.0306,15.0306,15.0306,15.0306,194.669444440905,0
BIP,D,20240227,000000,14.8354,15.1281,14.8354,15.1281,3135.2138888318855,0
BIP,D,20240228,000000,15.1281,15.1281,14.6401,15.1281,1343.2222221978,0
BIP,D,20240229,000000,15.1281,15.1281,15.1281,15.1281,102.45787036850751,0
BIP,D,20240301,000000,15.1281,15.1281,13.8593,15.1281,4608.562036953246,0
BIP,D,20240304,000000,15.0306,18.0561,15.0306,17.7633,14409.694444182453,0
BIP,D,20240305,000000,17.7633,21.8626,16.9825,21.8626,9427.16296279156,0
BIP,D,20240306,000000,22.8386,24.2051,18.5442,19.5202,24429.064814370653,0
BIP,D,20240307,000000,19.5202,20.4961,17.5682,19.5202,4491.758333251665,0
BIP,D,20240308,000000,19.5202,20.4961,18.7394,20.4961,2455.9129629183103,0
BIP,D,20240311,000000,19.9106,21.277,19.9106,20.8866,1378.0555555305002,0
BIP,D,20240312,000000,20.8866,20.8866,20.1058,20.6914,135.2439814790225,0
BIP,D,20240313,000000,20.1058,20.301,19.7154,20.301,840.15555554028,0
BIP,D,20240314,000000,19.5202,21.0818,19.1297,19.1297,2476.40555551053,0
BIP,D,20240315,000000,18.9346,18.9346,18.349,18.837,497.945555546502,0
BIP,D,20240318,000000,18.0561,18.7394,16.9825,18.0561,7206.8944443134105,0
BIP,D,20240319,000000,17.373,18.0561,17.373,17.373,815.5664814666532,0
BIP,D,20240320,000000,17.2754,17.373,16.7873,17.2754,503.0687036945571,0
BIP,D,20240321,000000,17.2754,17.373,17.2754,17.373,245.89888888441803,0
BIP,D,20240322,000000,17.373,17.373,16.6897,17.373,31.761990740163252,0
BIP,D,20240325,000000,16.6897,18.5442,16.0066,18.5442,6325.763888773876,0
BIP,D,20240326,000000,17.7633,20.301,17.7633,20.301,2668.0092592107503,0
BIP,D,20240327,000000,20.301,21.4722,18.5442,19.5202,2109.606481443125,0
BIP,D,20240328,000000,18.7394,21.4722,17.373,21.4722,23616.592592163204,0
BIP,D,20240402,000000,21.4722,23.6194,20.6914,23.4242,6865.711110986281,0
BIP,D,20240403,000000,23.4242,24.7906,22.4482,23.4242,3149.5546295723652,0
BIP,D,20240404,000000,22.6434,22.6434,21.6674,22.253,1812.47407404112,0
BIP,D,20240405,000000,22.253,22.4482,22.253,22.4482,87.08934259100916,0
BIP,D,20240408,000000,21.6674,23.229,21.4722,22.4482,1643.42037034049,0
BIP,D,20240409,000000,22.4482,22.4482,21.4722,21.4722,186.4734259225355,0
BIP,D,20240410,000000,21.4722,22.4482,21.4722,22.4482,189.54731481136852,0
BIP,D,20240411,000000,22.4482,22.4482,21.4722,21.4722,183.3995370337025,0
BIP,D,20240412,000000,22.4482,22.4482,22.0578,22.0578,215.16203703312502,0
BIP,D,20240415,000000,22.4482,23.4242,22.4482,23.4242,3401.6074073455607,0
BIP,D,20240416,000000,23.4242,23.4242,22.4482,23.229,326.84055554961304,0
BIP,D,20240417,000000,23.229,23.229,23.229,23.229,15.3686296293502,0
BIP,D,20240418,000000,22.4482,23.4242,22.4482,23.229,228.48120369954952,0
BIP,D,20240419,000000,22.6434,23.229,22.6434,23.229,55.3273518508459,0
BIP,D,20240422,000000,23.229,23.229,23.229,23.229,18.44241666633135,0
BIP,D,20240423,000000,23.229,23.229,23.229,23.229,6.1474824072956356,0
BIP,D,20240424,000000,23.0338,23.229,22.6434,23.229,210.03888888507,0
BIP,D,20240425,000000,22.4482,22.6434,20.4961,22.4482,1406.7472221966452,0
BIP,D,20240426,000000,22.253,22.253,21.4722,21.4722,256.145185180528,0
BIP,D,20240429,000000,21.4722,21.4722,20.4961,21.0818,977.449814797043,0
BIP,D,20240430,000000,20.4961,21.0818,19.5202,20.4961,716.18148146846,0
BIP,D,20240502,000000,19.5202,20.301,19.5202,20.301,253.071296291695,0
BIP,D,20240506,000000,19.7154,20.301,17.9585,18.5442,3990.73888881633,0
BIP,D,20240507,000000,18.4466,18.5442,18.0561,18.5442,201.84185184818202,0
BIP,D,20240508,000000,18.7394,18.7394,17.9585,18.7394,1858.582407373615,0
BIP,D,20240509,000000,18.7394,18.7394,18.7394,18.7394,115.77703703493201,0
BIP,D,20240510,000000,18.7394,18.7394,18.7394,18.7394,1.024578703685075,0
BIP,D,20240513,000000,18.5442,18.7394,17.9585,18.5442,1581.9527777490152,0
BIP,D,20240514,000000,18.2513,18.5442,18.2513,18.5442,214.137407403514,0
BIP,D,20240515,000000,18.7394,18.7394,18.7394,18.7394,3.0737361110552253,0
BIP,D,20240516,000000,18.5442,18.5442,16.7873,17.4706,1236.6648147923302,0
BIP,D,20240517,000000,17.1778,17.373,17.0801,17.0801,1559.402777749425,0
BIP,D,20240520,000000,17.2754,17.2754,17.2754,17.2754,21.516203703312502,0
BIP,D,20240521,000000,17.2754,17.2754,16.0066,16.397,1522.52222219454,0
BIP,D,20240522,000000,16.397,16.397,15.7137,16.1042,990.7689814634675,0
BIP,D,20240523,000000,16.2994,16.397,16.2018,16.397,294.05444443909806,0
BIP,D,20240524,000000,16.397,16.397,16.1042,16.397,371.92222221546007,0
BIP,D,20240527,000000,16.397,16.397,16.0066,16.397,124.99870370143101,0
BIP,D,20240528,000000,16.397,16.397,15.7137,16.2018,1477.4425925657301,0
BIP,D,20240529,000000,16.2018,16.397,15.7137,16.397,318.64453703124354,0
BIP,D,20240531,000000,16.397,16.397,15.7137,15.8113,311.47212962396657,0
BIP,D,20240603,000000,16.2018,17.373,14.8354,15.6161,4175.1620369611255,0
BIP,D,20240604,000000,15.6161,16.8849,15.3233,15.6161,4073.72777770371,0
BIP,D,20240605,000000,15.6161,15.6161,15.4209,15.6161,363.7262036970905,0
BIP,D,20240606,000000,15.2257,15.5185,15.0306,15.0306,571.7158333229386,0
BIP,D,20240607,000000,15.0306,15.0306,15.0306,15.0306,252.04666666208402,0
BIP,D,20240610,000000,15.0306,15.0306,15.0306,15.0306,171.104999996889,0
BIP,D,20240611,000000,14.933,15.6161,14.933,15.5185,251.022037032473,0
BIP,D,20240612,000000,15.4209,15.4209,15.0306,15.3233,85.04018518363901,0
BIP,D,20240613,000000,15.0306,15.3233,15.0306,15.3233,43.032407406625005,0
BIP,D,20240614,000000,15.0306,15.3233,15.0306,15.0306,114.75240740532101,0
BIP,D,20240617,000000,15.4209,15.4209,15.4209,15.4209,26.63904629581195,0
BIP,D,20240618,000000,15.5185,15.5185,15.5185,15.5185,67.6222962950668,0
BIP,D,20240619,000000,15.5185,15.5185,15.5185,15.5185,1.024578703685075,0
BIP,D,20240620,000000,15.5185,15.5185,15.5185,15.5185,1.024578703685075,0
BIP,D,20240621,000000,15.5185,15.5185,15.5185,15.5185,11.2703148146099,0
BIP,D,20240624,000000,15.5185,15.5185,15.3233,15.5185,172.12962962650002,0
BIP,D,20240625,000000,15.3233,15.5185,15.3233,15.3233,52.253564813864756,0
BIP,D,20240626,000000,15.3233,15.6161,15.3233,15.6161,713.1075925796271,0
BIP,D,20240627,000000,16.1042,16.1042,15.8113,15.8113,60.45019444334536,0
BIP,D,20240628,000000,16.1042,16.1042,15.909,16.0066,159.834074071168,0
BIP,D,20240701,000000,16.1042,16.2994,16.0066,16.2994,319.66916666085456,0
BIP,D,20240702,000000,16.2994,16.2994,16.0066,16.2994,10.24578703685075,0
BIP,D,20240703,000000,16.2994,16.2994,16.2994,16.2994,36.8848333326627,0
BIP,D,20240704,000000,16.2994,16.2994,16.2994,16.2994,18.44241666633135,0
BIP,D,20240705,000000,16.2994,16.5921,16.2994,16.5921,104.50712962772951,0
BIP,D,20240708,000000,16.5921,17.0801,16.2994,17.0801,716.18148146846,0
BIP,D,20240709,000000,17.5682,18.9346,17.5682,18.5442,1378.0555555305002,0
BIP,D,20240710,000000,18.5442,19.0322,18.0561,19.0322,1198.7555555337601,0
BIP,D,20240711,000000,18.5442,18.5442,18.1537,18.5442,184.4241666633135,0
BIP,D,20240712,000000,18.5442,18.5442,18.0561,18.5442,224.38268518110553,0
BIP,D,20240715,000000,18.5442,18.5442,17.9585,18.5442,16.3932592589612,0
BIP,D,20240716,000000,18.2513,18.5442,17.9585,18.5442,1468.21481478812,0
BIP,D,20240717,000000,18.5442,18.5442,17.9585,17.9585,1115.7666666463801,0
BIP,D,20240718,000000,18.0561,18.0561,18.0561,18.0561,1.024578703685075,0
BIP,D,20240719,000000,17.9585,17.9585,17.4706,17.4706,52.253564813864756,0
BIP,D,20240722,000000,17.4706,18.0561,17.4706,18.0561,103.48249999811851,0
BIP,D,20240723,000000,17.5682,17.5682,17.5682,17.5682,74.79439814678825,0
BIP,D,20240724,000000,17.5682,18.1537,17.5682,18.1537,172.12962962650002,0
BIP,D,20240725,000000,18.1537,18.1537,18.1537,18.1537,1.024578703685075,0
BIP,D,20240726,000000,18.0561,18.0561,17.4706,17.4706,466.18407406559805,0
BIP,D,20240729,000000,17.2754,17.2754,16.397,16.9825,1160.84629627519,0
BIP,D,20240730,000000,16.9825,16.9825,16.9825,16.9825,1.024578703685075,0
BIP,D,20240731,000000,16.8849,16.9825,16.397,16.397,97.3351296278599,0
BIP,D,20240801,000000,16.9825,16.9825,16.5921,16.9825,119.875555553376,0
BIP,D,20240802,000000,16.9825,18.349,16.9825,18.349,1220.26666664448,0
BIP,D,20240805,000000,18.349,18.349,16.5921,17.5682,2129.0703703316603,0
BIP,D,20240806,000000,17.5682,18.2513,17.5682,17.7633,644.4614814697641,0
BIP,D,20240807,000000,17.7633,17.9585,17.7633,17.9585,128.072592590264,0
BIP,D,20240808,000000,18.1537,18.1537,17.5682,17.5682,11.2703148146099,0
BIP,D,20240809,000000,17.4706,18.0561,17.373,18.0561,137.29324073824452,0
BIP,D,20240812,000000,18.0561,18.0561,17.4706,17.4706,66.59776851730766,0
BIP,D,20240813,000000,17.4706,18.1537,17.4706,18.0561,88.11397222062016,0
BIP,D,20240816,000000,17.5682,17.5682,17.5682,17.5682,103.48249999811851,0
BIP,D,20240819,000000,18.0561,18.0561,17.4706,17.4706,42.007777777014006,0
BIP,D,20240820,000000,17.373,18.0561,17.373,18.0561,317.61990740163253,0
BIP,D,20240821,000000,17.6658,18.0561,17.6658,18.0561,107.58101851656251,0
BIP,D,20240822,000000,17.8609,18.0561,17.8609,18.0561,16.3932592589612,0
BIP,D,20240823,000000,18.0561,18.0561,17.4706,17.5682,243.84962962519603,0
BIP,D,20240826,000000,17.5682,17.5682,17.5682,17.5682,21.516203703312502,0
BIP,D,20240827,000000,17.373,17.5682,17.0801,17.5682,389.33990740032857,0
BIP,D,20240828,000000,17.1778,17.5682,17.1778,17.5682,162.90796296000102,0
BIP,D,20240829,000000,17.5682,17.5682,17.5682,17.5682,1.024578703685075,0
BIP,D,20240830,000000,17.5682,17.5682,17.5682,17.5682,1.024578703685075,0
BIP,D,20240903,000000,17.8609,17.8609,17.8609,17.8609,55.3273518508459,0
BIP,D,20240904,000000,17.8609,18.4466,17.5682,18.4466,232.57972221799352,0
BIP,D,20240905,000000,17.9585,17.9585,17.9585,17.9585,18.44241666633135,0
BIP,D,20240906,000000,17.7633,17.8609,17.7633,17.7633,317.61990740163253,0
BIP,D,20240909,000000,17.7633,17.8609,17.373,17.8609,134.2193518494115,0
BIP,D,20240910,000000,17.8609,17.8609,17.8609,17.8609,216.1856481442175,0
BIP,D,20240911,000000,17.9585,18.0561,17.9585,18.0561,58.4010370359752,0
BIP,D,20240912,000000,18.0561,18.0561,18.0561,18.0561,32.7865185179224,0
BIP,D,20240913,000000,18.0561,18.0561,18.0561,18.0561,18.44241666633135,0
BIP,D,20240916,000000,17.9585,18.1537,17.9585,18.1537,204.91574073701503,0
BIP,D,20240917,000000,18.1537,18.1537,17.8609,18.0561,70.69608333204796,0
BIP,D,20240918,000000,18.1537,18.9346,18.1537,18.9346,21.516203703312502,0
BIP,D,20240919,000000,17.8609,17.8609,17.5682,17.5682,1516.3703703428,0
BIP,D,20240920,000000,18.2513,18.2513,17.5682,18.1537,33.8111481475334,0
BIP,D,20240923,000000,18.2513,18.2513,17.5682,17.5682,1079.904629609995,0
BIP,D,20240924,000000,17.5682,17.5682,17.373,17.373,8.196639814665787,0
BIP,D,20240925,000000,17.4706,17.5682,17.4706,17.5682,274.58749999500753,0
BIP,D,20240926,000000,17.5682,17.5682,17.373,17.5682,38.933990740032854,0
BIP,D,20240927,000000,17.5682,17.5682,17.5682,17.5682,21.516203703312502,0
BIP,D,20240930,000000,17.5682,17.5682,17.5682,17.5682,11.2703148146099,0
BIP,D,20241001,000000,17.5682,17.6658,17.2754,17.6658,203.89111110740402,0
BIP,D,20241002,000000,17.6658,17.8609,17.0801,17.8609,134.2193518494115,0
BIP,D,20241003,000000,17.8609,17.8609,17.0801,17.0801,518.4371296202036,0
BIP,D,20241004,000000,17.373,17.5682,16.6897,17.2754,248.972777773251,0
BIP,D,20241007,000000,17.1778,17.373,16.5921,17.373,213.11277777390302,0
BIP,D,20241008,000000,16.7873,18.0561,16.5921,18.0561,2048.1287036664653,0
BIP,D,20241009,000000,18.0561,18.0561,16.5921,17.5682,2246.902777736925,0
BIP,D,20241010,000000,17.4706,17.4706,17.4706,17.4706,1.024578703685075,0
BIP,D,20241011,000000,17.5682,17.5682,17.5682,17.5682,2.04915740737015,0
BIP,D,20241014,000000,17.5682,17.9585,17.5682,17.5682,24.589888888441802,0
BIP,D,20241015,000000,17.5682,17.9585,17.5682,17.5682,23.56536111068265,0
BIP,D,20241016,000000,17.6658,17.6658,17.6658,17.6658,1.024578703685075,0
BIP,D,20241017,000000,17.5682,17.6658,17.373,17.6658,79.9172407392877,0
BIP,D,20241018,000000,17.6658,17.6658,17.6658,17.6658,42.007777777014006,0
BIP,D,20241021,000000,17.6658,17.6658,17.373,17.373,460.0362962879321,0
BIP,D,20241022,000000,17.373,17.373,17.373,17.373,1.024578703685075,0
BIP,D,20241023,000000,16.6897,17.2754,16.5921,17.2754,108.604629627655,0
BIP,D,20241024,000000,16.9825,16.9825,16.9825,16.9825,7.172061110980711,0
BIP,D,20241025,000000,16.6897,16.6897,16.2018,16.6897,257.16981481013903,0
BIP,D,20241028,000000,16.6897,16.6897,16.6897,16.6897,12.294944444220901,0
BIP,D,20241029,000000,16.6897,16.6897,16.6897,16.6897,1.024578703685075,0
BIP,D,20241030,000000,16.397,16.5921,15.6161,16.5921,933.3927777608071,0
BIP,D,20241031,000000,15.6161,16.9825,15.6161,16.9825,254.09592592130602,0
BIP,D,20241104,000000,16.2994,16.2994,16.2994,16.2994,43.032407406625005,0
BIP,D,20241105,000000,16.2994,16.2994,16.2994,16.2994,40.983148147403,0
BIP,D,20241106,000000,16.2994,16.2994,16.2994,16.2994,1.024578703685075,0
BIP,D,20241107,000000,16.2994,16.2994,15.909,16.2994,12.294944444220901,0
BIP,D,20241108,000000,16.2994,16.2994,15.909,15.909,33.8111481475334,0
BIP,D,20241112,000000,15.8113,15.909,15.6161,15.909,241.800370365974,0
BIP,D,20241113,000000,15.4209,15.909,15.4209,15.909,6.1474824072956356,0
BIP,D,20241114,000000,15.8113,15.8113,15.8113,15.8113,15.3686296293502,0
BIP,D,20241115,000000,15.4209,15.8113,15.4209,15.8113,307.37361110552257,0
BIP,D,20241118,000000,15.8113,17.5682,15.6161,17.4706,2499.97407402862,0
BIP,D,20241119,000000,16.2994,16.9825,16.2994,16.9825,90.1631296279903,0
BIP,D,20241120,000000,16.9825,16.9825,16.9825,16.9825,116.801666664543,0
BIP,D,20241121,000000,16.397,16.9825,15.4209,16.2994,7517.349073937396,0
BIP,D,20241122,000000,16.1042,16.2994,15.909,16.2018,876.0165740581466,0
BIP,D,20241125,000000,16.1042,16.1042,15.6161,15.6161,733.5991666533286,0
BIP,D,20241127,000000,15.6161,15.6161,15.6161,15.6161,15.3686296293502,0
BIP,D,20241129,000000,15.6161,16.0066,15.6161,15.6161,547.125740730793,0
BIP,D,20241202,000000,15.6161,15.6161,15.6161,15.6161,12.294944444220901,0
BIP,D,20241203,000000,15.6161,15.6161,15.6161,15.6161,196.718703700127,0
BIP,D,20241204,000000,15.3233,15.6161,15.3233,15.3233,835.0334259107435,0
BIP,D,20241205,000000,15.2257,15.3233,15.2257,15.3233,244.87425925480701,0
BIP,D,20241206,000000,15.1281,15.3233,15.0306,15.3233,1153.6759259049502,0
BIP,D,20241209,000000,15.3233,15.6161,15.2257,15.6161,613.7236110999526,0
BIP,D,20241210,000000,15.4209,15.6161,15.4209,15.6161,266.39046295811954,0
BIP,D,20241212,000000,15.3233,15.6161,15.3233,15.6161,61.47482407295636,0
BIP,D,20241213,000000,15.6161,15.6161,15.2257,15.6161,151.63703703428,0
BIP,D,20241216,000000,15.2257,15.6161,15.2257,15.6161,97.3351296278599,0
BIP,D,20241217,000000,15.2257,15.6161,15.2257,15.2257,768.4355555415841,0
BIP,D,20241218,000000,15.1281,15.2257,14.8354,15.2257,179.3010185152585,0
BIP,D,20241219,000000,14.8354,15.2257,14.6401,15.2257,1032.7777777590002,0
BIP,D,20241220,000000,14.6401,14.933,14.6401,14.933,179.3010185152585,0
BIP,D,20241223,000000,14.933,15.6161,14.8354,15.6161,2090.14259255459,0
BIP,D,20241227,000000,15.6161,15.6161,15.6161,15.6161,54.3027222212349,0
BIP,D,20241230,000000,15.1281,15.6161,15.1281,15.1281,349.3813888825365,0
BIP,D,20250102,000000,15.1281,16.4945,15.1281,16.4945,1130.1074073868601,0
BIP,D,20250103,000000,15.2257,16.7873,15.2257,16.7873,2259.19629625522,0
BIP,D,20250107,000000,16.2994,17.7633,16.2018,17.7633,2083.99074070285,0
BIP,D,20250108,000000,17.4706,18.837,16.8849,18.837,1046.089814795795,0
BIP,D,20250109,000000,17.8609,18.1537,17.2754,18.1537,39.95862036964385,0
BIP,D,20250110,000000,18.1537,18.349,17.5682,18.2513,466.18407406559805,0
BIP,D,20250113,000000,17.5682,17.5682,16.7873,17.4706,1030.7203703516302,0
BIP,D,20250114,000000,17.4706,17.4706,16.8849,17.373,18.44241666633135,0
BIP,D,20250115,000000,17.373,17.373,16.8849,17.2754,68.6469259246778,0
BIP,D,20250116,000000,16.8849,17.373,16.8849,17.373,240.77574073636302,0
BIP,D,20250117,000000,17.1778,17.5682,16.8849,17.4706,631.1412962848211,0
BIP,D,20250120,000000,17.5682,17.5682,17.5682,17.5682,1.024578703685075,0
BIP,D,20250121,000000,17.5682,17.5682,16.8849,17.4706,263.3165740692865,0
BIP,D,20250122,000000,16.9825,17.5682,16.9825,17.5682,222.3334259218835,0
BIP,D,20250123,000000,17.5682,17.5682,16.9825,17.5682,20.4915740737015,0
BIP,D,20250124,000000,17.5682,17.5682,17.0801,17.5682,29.712833332793103,0
BIP,D,20250127,000000,17.0801,17.4706,16.9825,17.4706,117.826296294154,0
BIP,D,20250128,000000,17.373,17.373,16.9825,16.9825,168.03111110805602,0
BIP,D,20250129,000000,17.0801,17.0801,16.9825,16.9825,23.56536111068265,0
BIP,D,20250130,000000,16.9825,17.0801,16.9825,16.9825,66.59776851730766,0
BIP,D,20250131,000000,17.0801,17.0801,17.0801,17.0801,21.516203703312502,0
BIP,D,20250203,000000,17.1778,17.5682,16.9825,17.5682,867.8195370212586,0
BIP,D,20250204,000000,17.5682,17.6658,17.5682,17.6658,91.18765740574946,0
BIP,D,20250205,000000,17.6658,18.1537,17.1778,18.1537,732.5745370237175,0
BIP,D,20250206,000000,18.1537,18.1537,17.5682,18.0561,32.7865185179224,0
BIP,D,20250207,000000,18.0561,18.1537,17.5682,18.1537,58.4010370359752,0
BIP,D,20250210,000000,17.9585,17.9585,17.5682,17.5682,661.8791666546326,0
BIP,D,20250211,000000,17.5682,17.5682,16.9825,17.4706,143.4410185159105,0
BIP,D,20250212,000000,16.9825,17.4706,16.9825,17.1778,324.7912962903911,0
BIP,D,20250213,000000,17.1778,17.1778,16.8849,17.1778,518.4371296202036,0
BIP,D,20250214,000000,17.2754,17.2754,17.2754,17.2754,12.294944444220901,0
BIP,D,20250217,000000,17.0801,18.1537,17.0801,18.1537,5929.24444433664,0
BIP,D,20250218,000000,17.6658,18.1537,17.5682,18.1537,270.48898147656354,0
BIP,D,20250219,000000,18.1537,18.1537,17.5682,18.0561,292.00518517987604,0
BIP,D,20250220,000000,17.5682,17.5682,17.0801,17.5682,522.5356481386475,0
BIP,D,20250221,000000,17.5682,17.5682,17.4706,17.4706,95.28597222048975,0
BIP,D,20250224,000000,16.9825,17.5682,16.8849,16.8849,790.9763888745076,0
BIP,D,20250225,000000,16.4945,17.0801,16.4945,17.0801,77.86808333191755,0
BIP,D,20250226,000000,16.4945,17.0801,16.4945,17.0801,44.05693518438415,0
BIP,D,20250227,000000,16.7873,17.0801,16.7873,17.0801,50.2044074064946,0
BIP,D,20250303,000000,17.0801,17.0801,17.0801,17.0801,1.024578703685075,0
BIP,D,20250304,000000,17.0801,17.0801,16.5921,16.5921,311.47212962396657,0
BIP,D,20250305,000000,16.397,17.0801,16.397,17.0801,2234.60925921863,0
BIP,D,20250306,000000,16.4945,16.7873,16.397,16.7873,631.1412962848211,0
BIP,D,20250307,000000,16.1042,16.7873,16.0066,16.7873,384.21777777079205,0
BIP,D,20250310,000000,15.8113,16.7873,15.8113,16.7873,529.7080555459246,0
BIP,D,20250311,000000,16.2994,16.7873,16.2018,16.7873,147.5395370343545,0
BIP,D,20250312,000000,16.6897,16.7873,16.6897,16.7873,107.58101851656251,0
BIP,D,20250313,000000,16.7873,16.7873,16.7873,16.7873,31.761990740163252,0
BIP,D,20250317,000000,16.7873,16.7873,16.7873,16.7873,72.74524073941811,0
BIP,D,20250318,000000,16.7873,16.7873,16.7873,16.7873,61.47482407295636,0
BIP,D,20250319,000000,16.7873,16.7873,16.7873,16.7873,22.540731481071653,0
BIP,D,20250320,000000,16.7873,16.7873,16.2994,16.7873,50.2044074064946,0
BIP,D,20250321,000000,16.7873,16.7873,16.2018,16.7873,98.3597592574709,0
BIP,D,20250324,000000,16.5921,16.7873,16.5921,16.7873,76.8435555541584,0
BIP,D,20250326,000000,16.7873,16.7873,16.2994,16.7873,113.72777777571001,0
BIP,D,20250327,000000,16.7873,18.1537,16.2994,17.9585,1241.7879629403851,0
BIP,D,20250328,000000,17.9585,17.9585,16.7873,17.8609,682.3707407283341,0
BIP,D,20250331,000000,17.8609,17.9585,17.8609,17.8609,215.16203703312502,0
BIP,D,20250401,000000,17.7633,17.7633,17.7633,17.7633,28.6882037031821,0
BIP,D,20250402,000000,17.9585,18.7394,17.9585,18.6906,817.6157407258751,0
BIP,D,20250403,000000,18.1049,18.6906,18.0561,18.3002,290.980555550265,0
BIP,D,20250404,000000,18.0561,18.7394,18.0561,18.5442,619.8713888776185,0
BIP,D,20250407,000000,18.5442,18.7394,16.8849,17.5682,1178.26296294154,0
BIP,D,20250408,000000,17.5682,17.7633,17.5682,17.7633,241.800370365974,0
BIP,D,20250409,000000,17.129,17.7633,17.0801,17.7146,445.6924999918965,0
BIP,D,20250410,000000,17.5194,17.5682,17.5194,17.5682,55.3273518508459,0
BIP,D,20250414,000000,17.5194,17.5682,17.2754,17.5682,99.38428703523005,0
BIP,D,20250415,000000,17.5682,17.5682,17.2266,17.5682,23.56536111068265,0
BIP,D,20250416,000000,17.5682,17.5682,17.5682,17.5682,71.72061110980711,0
BIP,D,20250417,000000,17.2754,17.5682,17.1778,17.5682,206.96499999623703,0
BIP,D,20250422,000000,17.5682,17.5682,17.5682,17.5682,21.516203703312502,0
BIP,D,20250423,000000,17.5682,17.5682,17.5682,17.5682,31.761990740163252,0
BIP,D,20250424,000000,17.5682,17.5682,17.5682,17.5682,12.294944444220901,0
BIP,D,20250425,000000,17.5682,17.5682,16.5921,17.5682,2365.75370366069,0
BIP,D,20250428,000000,17.5682,17.5682,17.0801,17.5682,25.614518518052805,0
BIP,D,20250429,000000,17.0801,17.1778,16.9337,17.0801,1050.19444442535,0
BIP,D,20250430,000000,17.0801,17.0801,15.6161,16.4945,6758.1351850623105,0
BIP,D,20250502,000000,16.4457,16.4945,16.4457,16.4945,95.28597222048975,0
BIP,D,20250505,000000,15.9578,16.397,14.7378,14.7378,15413.749999719752,0
BIP,D,20250506,000000,14.933,15.7625,14.8354,15.3233,4086.0212962220053,0
BIP,D,20250507,000000,15.2745,15.3233,15.2745,15.3233,138.3178703678555,0
BIP,D,20250508,000000,15.3233,16.0066,15.3233,16.0066,1361.6675925678353,0
BIP,D,20250509,000000,16.0066,16.0066,15.4209,16.0066,441.5939814734525,0
BIP,D,20250512,000000,16.0066,16.5921,15.909,16.0066,3816.5620369676453,0
BIP,D,20250513,000000,16.1042,16.1042,15.7137,16.1042,318.64453703124354,0
BIP,D,20250514,000000,16.0554,16.0554,15.6161,16.0554,168.03111110805602,0
BIP,D,20250515,000000,16.0066,16.1042,15.5185,16.1042,538.928703693905,0
BIP,D,20250516,000000,15.8113,16.5921,15.8113,16.4945,2465.14074069592,0
BIP,D,20250519,000000,16.397,16.397,16.2994,16.2994,14.34410185159105,0
BIP,D,20250520,000000,16.2994,16.2994,16.2994,16.2994,16.3932592589612,0
BIP,D,20250521,000000,16.2506,16.397,16.0066,16.397,162.90796296000102,0
BIP,D,20250522,000000,16.0066,16.397,16.0066,16.397,205.940370366626,0
BIP,D,20250523,000000,16.397,16.397,16.0066,16.0554,19.4669444440905,0
BIP,D,20250526,000000,16.0554,16.7873,16.0066,16.4945,548.150370360404,0
BIP,D,20250527,000000,16.0554,16.6897,15.6161,16.6897,3051.19629624082,0
BIP,D,20250528,000000,16.4457,16.4457,16.4457,16.4457,1.024578703685075,0
BIP,D,20250529,000000,15.9578,15.9578,15.9578,15.9578,9.221228703536047,0
BIP,D,20250530,000000,16.5921,17.0801,16.4457,16.7873,6207.931481368611,0
BIP,D,20250602,000000,16.4945,18.1049,16.4945,17.8609,2325.7972221799355,0
BIP,D,20250603,000000,17.8609,19.0322,17.5682,18.837,6429.245370253476,0
BIP,D,20250604,000000,18.7394,19.2273,18.5442,18.9346,1607.558333304105,0
BIP,D,20250605,000000,18.9346,18.9346,18.8858,18.8858,227.4565740699385,0
BIP,D,20250606,000000,18.4466,18.6418,18.2513,18.2513,494.87268517618753,0
BIP,D,20250609,000000,18.349,19.4225,18.0561,19.4225,2286.8592592176806,0
BIP,D,20250610,000000,18.2513,18.7394,18.2513,18.7394,508.19185184261204,0
BIP,D,20250611,000000,18.7394,18.9346,18.0561,18.6906,1585.0185184897002,0
BIP,D,20250612,000000,18.4466,18.837,18.0561,18.837,1181.33888886741,0
BIP,D,20250613,000000,18.4466,18.4466,17.617,18.4466,206.96499999623703,0
BIP,D,20250616,000000,18.4466,18.4466,18.2513,18.2513,11.2703148146099,0
BIP,D,20250617,000000,18.2513,18.2513,17.617,18.2025,66.59776851730766,0
BIP,D,20250618,000000,18.2025,18.4466,17.617,18.4466,126.02333333104201,0
BIP,D,20250620,000000,18.4466,19.1297,18.2513,18.7394,509.21648147222305,0
BIP,D,20250623,000000,18.3002,18.7394,18.2513,18.5442,37.9094629622737,0
BIP,D,20250624,000000,18.5442,18.5442,18.5442,18.5442,1.024578703685075,0
BIP,D,20250625,000000,18.3002,18.3002,18.3002,18.3002,1.024578703685075,0
BIP,D,20250626,000000,18.5442,18.5442,17.9585,18.5442,644.4614814697641,0
BIP,D,20250627,000000,18.5442,18.5442,18.0561,18.5442,104.50712962772951,0
BIP,D,20250630,000000,18.4466,18.4466,18.0561,18.0561,12.294944444220901,0
BIP,D,20250701,000000,17.9585,18.5442,17.9585,18.5442,150.61342592318752,0
BIP,D,20250702,000000,18.5442,18.5442,18.5442,18.5442,5.12290370361056,0
BIP,D,20250703,000000,18.1049,18.1049,18.0073,18.0073,10.24578703685075,0
BIP,D,20250704,000000,18.0073,18.0561,18.0073,18.0561,353.47990740098055,0
BIP,D,20250707,000000,18.0561,18.0561,17.9585,17.9585,553.2735185084591,0
BIP,D,20250708,000000,17.6658,17.9585,17.5682,17.5682,174.1778703672035,0
BIP,D,20250709,000000,17.5682,17.5682,16.1042,16.6897,6857.512036912355,0
BIP,D,20250710,000000,16.397,16.8849,15.6161,16.4945,4536.837962880476,0
BIP,D,20250711,000000,16.6909,16.9855,16.6909,16.9855,1994.259259223,0
BIP,D,20250714,000000,16.9855,16.9855,16.9855,16.9855,48.888888888000004,0
BIP,D,20250715,000000,16.8873,17.3782,16.3964,16.6909,1061.296296277,0
BIP,D,20250716,000000,16.3473,16.6909,16.3473,16.6909,73.33333333200001,0
BIP,D,20250717,000000,16.6909,16.6909,16.2,16.2,49.907407406500006,0
BIP,D,20250718,000000,16.6418,16.6909,16.6418,16.6909,162.96296296000003,0
BIP,D,20250721,000000,16.6909,17.1818,16.4945,16.6909,2208.148148108,0
BIP,D,20250722,000000,16.6909,17.4764,16.1018,17.4764,1998.333333297,0
BIP,D,20250723,000000,16.2491,16.8873,16.2491,16.8873,240.37037036600003,0
BIP,D,20250724,000000,16.3473,16.8382,16.3473,16.8382,107.962962961,0
BIP,D,20250725,000000,16.3964,16.8382,16.3964,16.8382,104.90740740550001,0
BIP,D,20250728,000000,16.8382,16.8382,16.8382,16.8382,29.537037036500003,0
BIP,D,20250729,000000,16.8382,16.8382,16.6418,16.7891,347.31481480850005,0
BIP,D,20250730,000000,16.8873,16.8873,16.3964,16.4455,213.88888888500003,0
BIP,D,20250731,000000,16.5927,16.8873,16.5927,16.7891,525.555555546,0
BIP,D,20250801,000000,16.8873,16.8873,16.8873,16.8873,323.88888888300005,0
BIP,D,20250804,000000,16.8873,16.8873,16.6909,16.8873,371.75925925250004,0
BIP,D,20250805,000000,16.74,16.74,16.74,16.74,1.0185185185,0
BIP,D,20250806,000000,16.8873,16.8873,16.2,16.8873,302.4999999945,0
BIP,D,20250807,000000,16.4945,16.8873,15.3164,16.8873,6516.481481363001,0
BIP,D,20250808,000000,16.2491,16.8873,16.2491,16.8873,210.83333332950002,0
BIP,D,20250811,000000,16.2,16.8873,16.2,16.8873,609.074074063,0
BIP,D,20250812,000000,16.8873,16.8873,16.8382,16.8382,719.074074061,0
BIP,D,20250813,000000,16.8382,16.8382,15.2182,15.8073,5126.2037036105,0
BIP,D,20250814,000000,15.8564,16.3964,15.8564,16.3964,764.9074073935001,0
BIP,D,20250818,000000,16.3964,16.3964,16.2,16.2,353.4259259195,0
BIP,D,20250819,000000,16.3964,16.3964,16.1018,16.3964,294.35185184650004,0
BIP,D,20250820,000000,16.3964,16.3964,16.2,16.2,112.03703703500001,0
BIP,D,20250821,000000,16.3964,16.3964,16.0527,16.3964,222.03703703300002,0
BIP,D,20250822,000000,16.0527,16.3964,16.0527,16.3964,589.7222222115,0
BIP,D,20250826,000000,16.3964,16.3964,16.3964,16.3964,1.0185185185,0
BIP,D,20250828,000000,16.3964,16.3964,16.3964,16.3964,30.555555555,0
BIP,D,20250901,000000,16.3964,16.3964,16.2982,16.2982,535.7407407310001,0
BIP,D,20250902,000000,16.3964,16.3964,15.5127,15.8073,2417.9629629190003,0
BIP,D,20250903,000000,15.8073,15.8073,15.7582,15.7582,269.90740740250004,0
BIP,D,20250904,000000,15.7582,16.5436,15.7091,16.4455,3624.9074073415004,0
BIP,D,20250905,000000,15.8073,16.6909,15.7091,16.6909,1889.3518518175001,0
BIP,D,20250908,000000,16.3964,16.3964,15.7091,16.3964,683.4259259135,0
BIP,D,20250909,000000,15.9055,16.4945,15.8564,16.4945,877.962962947,0
BIP,D,20250910,000000,16.4455,16.4455,15.7091,15.7091,620.2777777665001,0
BIP,D,20250911,000000,15.9055,15.9055,15.7091,15.7091,90.6481481465,0
BIP,D,20250912,000000,15.9055,16.3473,15.9055,16.3473,531.6666666570001,0
BIP,D,20250915,000000,15.9055,16.3964,15.8564,15.8564,222.03703703300002,0
BIP,D,20250916,000000,15.9055,16.3964,15.8073,15.8073,1241.5740740515,0
BIP,D,20250917,000000,15.8073,15.8073,15.7582,15.8073,648.7962962845,0
BIP,D,20250918,000000,15.8073,15.8073,15.7582,15.8073,231.2037036995,0
BIP,D,20250919,000000,16.1018,16.3964,15.8073,16.2982,2522.8703703245,0
BIP,D,20250922,000000,15.8564,15.9545,15.8073,15.9055,1348.518518494,0
BIP,D,20250923,000000,16.2982,16.2982,16.2982,16.2982,77.407407406,0
BIP,D,20250924,000000,16.2982,16.2982,16.2982,16.2982,305.55555555,0
BIP,D,20250925,000000,16.2491,16.8382,16.2,16.8382,3468.0555554925004,0
BIP,D,20250926,000000,16.8873,16.8873,16.3964,16.3964,164.999999997,0
BIP,D,20250929,000000,16.3964,16.7891,16.3964,16.7891,463.4259259175,0
BIP,D,20250930,000000,16.7891,16.7891,16.4945,16.4945,74.35185185050001,0
BIP,D,20251001,000000,16.5927,16.8873,16.4945,16.8873,664.074074062,0
BIP,D,20251002,000000,16.9364,18.5073,16.9364,18.2618,4668.888888804,0
BIP,D,20251003,000000,18.1636,18.6545,17.8691,18.6545,306.5740740685,0
BIP,D,20251006,000000,18.6545,18.6545,18.1145,18.1636,248.51851851400002,0
BIP,D,20251007,000000,18.1145,18.1636,18.1145,18.1145,321.85185184600005,0
BIP,D,20251008,000000,18.2618,18.2618,17.6727,17.9673,1565.4629629345002,0
BIP,D,20251009,000000,18.2618,18.6545,17.9673,18.0655,1428.9814814555002,0
BIP,D,20251010,000000,17.9673,18.6545,17.9673,18.0655,2468.888888844,0
BIP,D,20251013,000000,17.9673,17.9673,17.7709,17.7709,675.2777777655001,0
BIP,D,20251014,000000,17.7709,18.0655,17.4764,18.0655,977.77777776,0
BIP,D,20251016,000000,17.5255,17.9673,17.5255,17.9673,365.64814814150003,0
BIP,D,20251017,000000,18.0655,18.0655,17.3782,17.3782,129.3518518495,0
BIP,D,20251020,000000,17.3782,17.9182,17.3782,17.9182,193.518518515,0
BIP,D,20251021,000000,17.4764,18.36,17.4764,18.36,656.9444444325001,0
BIP,D,20251022,000000,18.0164,19.1455,17.9673,18.6545,3370.2777777165,0
BIP,D,20251023,000000,19.0964,21.7964,17.4273,21.6,25428.333332871003,0
BIP,D,20251024,000000,21.6,24.5455,21.6,23.5636,8474.074073920001,0
BIP,D,20251027,000000,23.5636,24.1527,22.3855,22.5818,2731.6666666170004,0
BIP,D,20251028,000000,23.0727,23.0727,22.5818,22.5818,106.94444444250001,0
BIP,D,20251029,000000,22.5818,23.4655,22.5818,22.5818,1143.7962962755,0
BIP,D,20251030,000000,22.5818,23.9564,21.6,23.9564,1841.481481448,0
BIP,D,20251031,000000,22.5818,23.4655,22.5818,23.3673,100.83333333150001,0
BIP,D,20251103,000000,23.4655,23.5636,21.6,21.6,2194.9074073675,0
BIP,D,20251104,000000,21.6,21.6,20.1273,21.6,3037.2222221670004,0
BIP,D,20251105,000000,20.6182,21.4036,20.6182,21.4036,6.1111111110000005,0
BIP,D,20251106,000000,21.4036,21.6,20.6182,21.6,197.59259258900002,0
BIP,D,20251107,000000,21.5018,21.6,20.6182,21.6,264.81481481000003,0
BIP,D,20251110,000000,21.6,21.6,21.4036,21.4036,48.888888888000004,0
BIP,D,20251112,000000,21.6,21.6,21.4036,21.4036,63.14814814700001,0
BIP,D,20251113,000000,21.4036,21.4036,21.4036,21.4036,2.037037037,0
BIP,D,20251114,000000,21.3055,21.3055,20.6182,20.8145,74.35185185050001,0
BIP,D,20251117,000000,20.6182,21.6,20.6182,20.8145,1003.2407407225,0
BIP,D,20251118,000000,21.6,21.6,21.0109,21.6,475.64814813950005,0
BIP,D,20251119,000000,21.6,22.5818,20.9127,22.5818,1043.9814814625001,0
BIP,D,20251120,000000,22.5818,23.5636,21.6982,22.5818,1095.925925906,0
BIP,D,20251121,000000,21.6982,22.3855,21.6,22.3855,646.7592592475,0
BIP,D,20251124,000000,22.4836,22.5818,21.6982,22.5818,109.999999998,0
BIP,D,20251125,000000,22.5818,23.5636,22.5818,23.5636,618.2407407295001,0
BIP,D,20251126,000000,23.5636,23.5636,23.4655,23.4655,1036.8518518330002,0
BIP,D,20251127,000000,23.2691,23.2691,23.2691,23.2691,5.092592592500001,0
BIP,D,20251128,000000,23.4655,23.5636,23.1709,23.1709,426.75925925150005,0
BIP,D,20251201,000000,23.4655,23.4655,22.68,22.7782,975.740740723,0
BIP,D,20251202,000000,22.8764,23.4655,22.8764,23.4655,52.962962962000006,0
BIP,D,20251203,000000,23.4655,23.4655,22.7782,23.2691,135.46296296050002,0
BIP,D,20251204,000000,23.4655,23.4655,23.4655,23.4655,83.518518517,0
BIP,D,20251205,000000,23.4655,26.0182,22.5818,25.92,8054.444444298,0
BIP,D,20251208,000000,25.92,28.3745,25.5273,26.5091,4515.0925925105,0
BIP,D,20251209,000000,26.5091,26.5091,25.6255,26.0182,927.8703703535001,0
BIP,D,20251210,000000,25.92,26.0182,25.5273,26.0182,225.09259258850003,0
BIP,D,20251211,000000,25.7236,25.7236,25.5273,25.5273,498.05555554650005,0
BIP,D,20251212,000000,25.5273,25.5273,24.5455,25.4291,152.777777775,0
BIP,D,20251215,000000,25.5273,25.5273,23.6618,23.6618,606.0185185075001,0
BIP,D,20251216,000000,24.2509,24.5455,23.9564,23.9564,396.20370369650004,0
BIP,D,20251217,000000,23.9564,23.9564,23.8582,23.8582,14.259259259,0
BIP,D,20251218,000000,23.8582,24.5455,23.5636,23.8582,2371.1111110680004,0
BIP,D,20251219,000000,24.4473,25.5273,23.5636,25.5273,3662.5925925260003,0
BIP,D,20251222,000000,25.5273,25.5273,24.7418,25.5273,347.31481480850005,0
BIP,D,20251223,000000,25.5273,25.5273,24.5455,24.6436,929.9074073905001,0
BIP,D,20251229,000000,25.4291,26.0182,24.5455,25.5273,3350.9259258650004,0
BIP,D,20251230,000000,25.5273,26.0182,25.4291,26.0182,1437.1296296035,0
BIP,D,20260102,000000,26.5091,27,26.3127,27,1083.7037036840002,0
BIP,D,20260105,000000,26.8036,26.8036,26.5091,26.7055,254.629629625,0
BIP,D,20260107,000000,26.5091,26.5091,26.1164,26.3127,225.09259258850003,0
BIP,D,20260108,000000,26.4109,26.6073,26.3127,26.5091,728.2407407275001,0
BIP,D,20260109,000000,26.6073,26.7055,26.5091,26.5091,210.83333332950002,0
BIP,D,20260112,000000,26.8036,26.9018,26.5091,26.9018,1498.2407407135001,0
BIP,D,20260113,000000,26.9018,26.9018,26.6073,26.6073,192.4999999965,0
BIP,D,20260114,000000,26.6073,26.9018,26.5091,26.9018,2048.2407407035003,0
BIP,D,20260115,000000,26.8036,27.2945,26.5091,27.2945,5706.7592591555,0
BIP,D,20260116,000000,27.2945,30.9273,26.3127,30.9273,10624.1666664735,0
BIP,D,20260119,000000,30.9273,33.8727,30.9273,32.4,2868.148148096,0
BIP,D,20260120,000000,33.3818,34.6582,33.1855,34.3636,2627.7777777300003,0
BIP,D,20260121,000000,34.3636,36.9164,32.4,34.7564,4406.111111031,0
BIP,D,20260122,000000,35.9345,35.9345,33.8727,35.1491,1757.9629629310002,0
BIP,D,20260123,000000,34.7564,34.7564,31.5164,31.5164,7110.277777648501,0
BIP,D,20260126,000000,31.4182,31.8109,29.4545,31.8109,5034.5370369455,0
BIP,D,20260127,000000,31.7127,31.8109,30.7309,30.7309,972.6851851675001,0
BIP,D,20260128,000000,31.6145,31.9091,30.4364,31.9091,1382.1296296045,0
BIP,D,20260129,000000,31.9091,31.9091,29.7491,29.7491,2877.3148147625,0
BIP,D,20260130,000000,29.7491,36.9164,29.4545,36.9164,4967.3148147245,0
BIP,D,20260202,000000,34.9527,35.1491,32.9891,33.5782,2055.370370333,0
BIP,D,20260203,000000,32.9891,33.5782,27.4909,28.1782,16013.148147857,0
BIP,D,20260204,000000,28.3745,28.8655,27.4909,28.4727,1479.9074073805002,0
BIP,D,20260205,000000,28.4727,28.4727,24.7418,25.6255,3119.7222221655,0
BIP,D,20260206,000000,26.5091,26.5091,24.5455,25.4291,1886.2962962620002,0
BIP,D,20260209,000000,25.3309,25.4291,23.76,24.5455,1975.9259258900001,0
BIP,D,20260210,000000,24.5455,25.5273,23.4655,24.1527,2889.5370369845004,0
BIP,D,20260211,000000,23.76,24.5455,23.0727,24.4473,2601.296296249,0
BIP,D,20260212,000000,24.4473,26.2145,24.4473,25.4291,4240.092592515501,0
BIP,D,20260213,000000,25.3309,27.4909,25.3309,27.4909,2101.2037036655,0
BIP,D,20260216,000000,27.3927,27.3927,25.8218,26.1164,1794.629629597,0
BIP,D,20260217,000000,25.5273,25.5273,24.9382,25.5273,985.9259259080001,0
BIP,D,20260218,000000,24.84,25.5273,24.5455,24.5455,1534.9074073795002,0
BIP,D,20260219,000000,24.2509,25.4291,24.2509,25.4291,658.9814814695001,0
BIP,D,20260220,000000,25.4291,27.9818,25.3309,27.9818,402.31481480750006,0
BIP,D,20260223,000000,26.5091,27.8836,25.7236,26.4109,1201.85185183,0
BIP,D,20260224,000000,26.4109,26.5091,25.5273,25.5273,592.7777777670001,0
BIP,D,20260225,000000,25.5273,25.5273,25.5273,25.5273,21.388888888500002,0
BIP,D,20260226,000000,25.5273,25.5273,25.2327,25.5273,9.166666666500001,0
BIP,D,20260227,000000,25.2327,25.2327,23.6618,23.76,987.9629629450001,0
BIP,D,20260302,000000,23.5636,24.5455,23.3673,23.5636,1950.4629629275003,0
BIP,D,20260303,000000,23.4655,27.9818,23.4655,26.5091,2985.2777777235,0
BIP,D,20260304,000000,25.6255,26.5091,24.6436,25.5273,732.3148148015,0
BIP,D,20260305,000000,25.5273,25.5273,24.7418,25.5273,202.6851851815,0
BIP,D,20260306,000000,24.7418,27.7855,23.8582,27.7855,2176.5740740345,0
BIP,D,20260309,000000,25.5273,27.2945,24.7418,24.7418,1503.3333333060002,0
BIP,D,20260310,000000,25.0364,25.2327,24.5455,24.5455,335.0925925865,0
BIP,D,20260311,000000,24.4473,24.5455,24.4473,24.5455,1274.1666666435,0
BIP,D,20260312,000000,24.1527,24.5455,24.1527,24.4473,1953.5185184830002,0
BIP,D,20260313,000000,24.3491,26.9018,24.3491,24.7418,1173.3333333120001,0
BIP,D,20260316,000000,25.4291,26.5091,25.4291,26.5091,1291.4814814580002,0
BIP,D,20260317,000000,26.5091,26.5091,26.5091,26.5091,283.148148143,0
BIP,D,20260319,000000,26.5091,26.5091,25.7236,25.7236,185.37037036700002,0
BIP,D,20260320,000000,26.5091,26.5091,25.7236,25.7236,216.9444444405,0
BIP,D,20260323,000000,25.5273,25.7236,25.5273,25.5273,1376.0185184935,0
BIP,D,20260324,000000,25.5273,25.92,25.5273,25.92,104.90740740550001,0
BIP,D,20260325,000000,26.5091,27.1964,25.5273,26.5091,595.8333333225,0
BIP,D,20260326,000000,27,27,26.5091,26.5091,294.35185184650004,0
BIP,D,20260327,000000,26.5091,27,26.5091,26.5091,322.87037036450005,0
BIP,D,20260330,000000,25.5273,25.5273,25.1345,25.5273,369.72222221550004,0
BIP,D,20260331,000000,26.5091,28.9636,26.2145,28.9636,4853.240740652501,0
BIP,D,20260401,000000,28.9636,29.4545,28.4727,29.4545,662.037037025,0
BIP,D,20260402,000000,28.4727,30.3382,27.4909,30.3382,1962.6851851495,0
BIP,D,20260407,000000,29.4545,30.3382,29.4545,30.3382,1378.0555555305002,0
BIP,D,20260408,000000,30.3382,30.3382,29.4545,30.0436,572.407407397,0
BIP,D,20260409,000000,29.4545,30.24,29.4545,30.24,538.7962962865,0
BIP,D,20260410,000000,30.24,30.24,28.5709,29.3564,311.666666661,0
BIP,D,20260413,000000,29.3564,30.24,28.4727,30.24,716.0185185055001,0
BIP,D,20260414,000000,29.4545,29.8473,29.4545,29.8473,93.70370370200001,0
BIP,D,20260415,000000,29.4545,32.3018,29.4545,31.2218,3503.70370364,0
BIP,D,20260416,000000,31.0255,31.0255,29.5527,30.4364,2418.9814814375004,0
BIP,D,20260417,000000,30.6327,30.6327,29.5527,29.5527,380.925925919,0
BIP,D,20260420,000000,29.6509,33.7745,29.6509,33.48,4946.944444354501,0
BIP,D,20260421,000000,33.48,34.3636,33.3818,34.2655,1993.2407407045002,0
BIP,D,20260422,000000,34.3636,34.3636,33.3818,34.1673,362.592592586,0
BIP,D,20260423,000000,34.1673,34.1673,32.8909,33.3818,680.3703703580001,0
BIP,D,20260424,000000,33.3818,33.7745,32.5964,33.5782,247.49999999550002,0
BIP,D,20260427,000000,33.5782,33.8727,32.4982,33.8727,867.777777762,0
BIP,D,20260428,000000,33.8727,34.2655,33.3818,33.48,136.48148147900002,0
BIP,D,20260429,000000,33.5782,34.2655,33.48,34.1673,474.62962962100005,0
BIP,D,20260430,000000,34.0691,34.0691,33.3818,33.48,670.185185173,0
BIP,D,20260504,000000,33.48,34.0691,33.3818,33.3818,677.3148148025001,0
BIP,D,20260505,000000,33.3818,33.7745,32.5964,32.5964,604.999999989,0
BIP,D,20260506,000000,33.5782,33.5782,32.0073,32.0073,627.407407396,0
BIP,D,20260507,000000,32.7927,32.7927,32.0073,32.7927,14.259259259,0
BIP,D,20260508,000000,32.7927,32.7927,31.0255,31.4182,1139.7222222015,0
BIP,D,20260511,000000,32.7927,33.7745,32.4,33.3818,1846.5740740405001,0
BIP,D,20260512,000000,32.4982,32.6945,31.9091,31.9091,1105.0925925725,0
BIP,D,20260513,000000,32.1055,32.8909,32.1055,32.6945,1449.3518518255,0
BIP,D,20260514,000000,32.6945,33.3818,32.4,32.4,1640.8333333035002,0
BIP,D,20260515,000000,33.3818,33.3818,32.4,32.4,708.888888876,0
BIP,D,20260518,000000,32.4,32.6945,32.4,32.6945,308.6111111055,0
BIP,D,20260519,000000,32.6945,33.8727,32.6945,33.3818,1970.8333332975,0
BIP,D,20260520,000000,33.7745,33.7745,31.4182,32.7927,747.5925925790001,0
BIP,D,20260521,000000,32.4,32.7927,31.8109,31.8109,89.629629628,0
BIP,D,20260522,000000,31.8109,32.7927,31.8109,32.7927,377.87037036350006,0
BIP,D,20260525,000000,32.7927,32.7927,32.2036,32.2036,40.74074074000001,0
BIP,D,20260526,000000,32.7927,32.7927,32.4,32.7927,101.85185185,0
BIP,D,20260527,000000,32.7927,32.7927,31.4182,31.4182,124.25925925700001,0
BIP,D,20260528,000000,31.4182,32.7927,31.4182,32.4,24.444444444000002,0
BIP,D,20260529,000000,32.4,32.4,31.4182,31.4182,800.5555555410001,0
BIP,D,20260601,000000,32.4,32.8909,32.4,32.4,773.0555555415001,0
BIP,D,20260602,000000,31.6145,32.7927,30.4364,31.4182,2728.6111110615,0
BIP,D,20260603,000000,31.6145,31.6145,31.4182,31.6145,12.222222222000001,0
BIP,D,20260605,000000,31.8109,31.8109,31.8109,31.8109,47.8703703695,0
BIP,D,20260608,000000,31.8109,31.8109,31.4182,31.6145,176.2037037005,0
BIP,D,20260609,000000,31.8109,31.8109,31.8109,31.8109,259.7222222175,0
BIP,D,20260610,000000,31.8109,32.4982,31.8109,32.4982,189.444444441,0
BIP,D,20260611,000000,31.7127,31.7127,31.7127,31.7127,1.0185185185,0
BIP,D,20260612,000000,32.4,32.4,31.6145,31.6145,48.888888888000004,0
BIP,D,20260615,000000,32.5964,32.5964,31.4182,31.8109,985.9259259080001,0
BIP,D,20260616,000000,31.4182,32.4982,31.4182,31.4182,246.48148147700002,0
BIP,D,20260617,000000,32.3018,32.3018,31.8109,31.8109,11.2037037035,0
BIP,D,20260618,000000,32.4,32.4982,32.4,32.4,157.87037036750002,0
BIP,D,20260619,000000,32.4982,32.6945,32.4982,32.6945,83.518518517,0
BIP,D,20260622,000000,32.3018,32.6945,31.9091,32.4,1052.1296296105002,0
BIP,D,20260623,000000,33,36,32.6,33.9,8561,0
BIP,D,20260624,000000,33,33.9,31.1,32.4,5345,0
BIP,D,20260625,000000,31.3,32.4,31.3,32.4,3,0
BIP,D,20260626,000000,31.4,32.4,31,32.4,285,0
BIP,D,20260629,000000,31,32.6,31,31,2105,0
BIP,D,20260630,000000,30.2,31,29,31,3383,0
BIP,D,20260701,000000,29.2,29.8,28.8,28.9,1937,0
BIP,D,20260702,000000,29,29.9,29,29,1513,0
BIP,D,20260703,000000,29,29.8,29,29.8,942,0
BIP,D,20260706,000000,29,29.8,29,29.8,649,0
BIP,D,20260707,000000,29.8,29.8,28.9,28.9,988,0
BIP,D,20260708,000000,28.9,29.5,28.7,29.5,1101,0
BIP,D,20260709,000000,29.6,29.6,29.1,29.6,91,0
BIP,D,20260710,000000,29.1,29.1,28,28,720,0
BIP,D,20260713,000000,28,29,28,29,173,0
BIP,D,20260714,000000,29,29,28.4,28.9,875,0
BIP,D,20260715,000000,29,29,29,29,121,0
BIP,D,20260716,000000,29,29.9,29,29.9,310,0
BIP,D,20260717,000000,29,29.5,29,29,226,0
BIP,D,20260720,000000,29.8,29.8,29.8,29.8,501,0
BIP,D,20260721,000000,29.8,30,29.8,30,143,0
BIP,D,20260722,000000,30,30,30,30,22,0
BIP,D,20260723,000000,29.3,29.3,29.3,29.3,31,0
BIP,D,20260724,000000,29.4,31,29,30,1701,0
BIP,D,20260727,000000,31,31,31,31,10,0
BIP,D,20260728,000000,30.9,31,30.9,31,200,0
BIP,D,20260729,000000,30.8,30.8,30,30,328,0
BIP,D,20260730,000000,30,30,30,30,667,0
BIP,D,20260803,000000,29.7,30,29.7,29.7,237,0
BIP,D,20260804,000000,29.7,29.7,29.5,29.5,647,0
BIP,D,20260805,000000,29,29.1,28.1,29,842,0
BIP,D,20260806,000000,28.5,29,28.3,29,35,0
BIP,D,20260807,000000,29,29.7,29,29.7,895,0
BIP,D,20260810,000000,30.7,30.7,30,30,526,0
BIP,D,20260811,000000,30,30,29,29.5,936,0
BIP,D,20260812,000000,29,29,28.5,28.6,797,0
BIP,D,20260813,000000,28.8,28.8,28.8,28.8,514,0
BIP,D,20260814,000000,28.6,29.2,28.1,29,224,0
BIP,D,20260817,000000,29.2,29.2,28,28,724,0
BIP,D,20260818,000000,27,28,27,27.6,497,0
