<TICKER>,<PER>,<DATE>,<TIME>,<OPEN>,<HIGH>,<LOW>,<CLOSE>,<VOL>,<OPENINT>
CDR,D,19940802,000000,7.81771,7.81771,7.81771,7.81771,367585.9650959642,0
CDR,D,19940803,000000,8.58656,8.58656,8.58656,8.58656,344379.46850924724,0
CDR,D,19940804,000000,9.43808,9.43808,9.43808,9.43808,376470.208699418,0
CDR,D,19940808,000000,8.58656,8.58656,8.58656,8.58656,279170.70564527164,0
CDR,D,19940809,000000,10.1347,10.1347,10.1347,10.1347,143430.45674809927,0
CDR,D,19940810,000000,9.55951,9.55951,9.55951,9.55951,165481.00320543544,0
CDR,D,19940811,000000,9.36424,9.36424,9.36424,9.36424,135388.21421840863,0
CDR,D,19940816,000000,9.94909,9.94909,9.94909,9.94909,86243.3495905025,0
CDR,D,19940817,000000,10.4485,10.4485,10.4485,10.4485,87323.12847360215,0
CDR,D,19940818,000000,9.40115,9.40115,9.40115,9.40115,57764.56755170726,0
CDR,D,19940822,000000,9.75479,9.75479,9.75479,9.75479,111215.16627685138,0
CDR,D,19940823,000000,8.97554,8.97554,8.97554,8.97554,72472.82347220252,0
CDR,D,19940824,000000,8.78096,8.78096,8.78096,8.78096,80472.86301409456,0
CDR,D,19940825,000000,7.89194,7.89194,7.89194,7.89194,67840.78822535419,0
CDR,D,19940829,000000,8.54945,8.54945,8.54945,8.54945,93986.05384090307,0
CDR,D,19940830,000000,8.51243,8.51243,8.51243,8.51243,60981.258695352546,0
CDR,D,19940831,000000,8.01221,8.01221,8.01221,8.01221,49515.42744765292,0
CDR,D,19940901,000000,7.81771,7.81771,7.81771,7.81771,72166.07980474517,0
CDR,D,19940905,000000,7.42864,7.42864,7.42864,7.42864,45652.310051779285,0
CDR,D,19940906,000000,6.67845,6.67845,6.67845,6.67845,39965.20010981475,0
CDR,D,19940907,000000,6.02075,6.02075,6.02075,6.02075,166053.31689371643,0
CDR,D,19940908,000000,6.59509,6.59509,6.59509,6.59509,91908.84336798226,0
CDR,D,19940912,000000,7.23424,7.23424,7.23424,7.23424,115096.8118137111,0
CDR,D,19940913,000000,6.52097,6.52097,6.52097,6.52097,173222.67811466707,0
CDR,D,19940914,000000,6.63211,6.63211,6.63211,6.63211,71829.48524347387,0
CDR,D,19940915,000000,6.5024,6.5024,6.5024,6.5024,41654.34896316656,0
CDR,D,19940919,000000,6.48396,6.48396,6.48396,6.48396,58153.65851244213,0
CDR,D,19940920,000000,5.84471,5.84471,5.84471,5.84471,66989.52308109897,0
CDR,D,19940921,000000,5.3168,5.3168,5.3168,5.3168,94950.5465134136,0
CDR,D,19940922,000000,5.52974,5.52974,5.52974,5.52974,84023.06069551245,0
CDR,D,19940926,000000,5.38159,5.38159,5.38159,5.38159,52834.0233667277,0
CDR,D,19940927,000000,4.99271,4.99271,4.99271,4.99271,59854.13011861978,0
CDR,D,19940928,000000,4.99271,4.99271,4.99271,4.99271,107845.10329947891,0
CDR,D,19940929,000000,5.27978,5.27978,5.27978,5.27978,54101.14234203304,0
CDR,D,19941003,000000,5.8077,5.8077,5.8077,5.8077,110716.96515252275,0
CDR,D,19941004,000000,5.86337,5.86337,5.86337,5.86337,131102.0376033206,0
CDR,D,19941005,000000,6.44684,6.44684,6.44684,6.44684,84860.94440461005,0
CDR,D,19941006,000000,6.34503,6.34503,6.34503,6.34503,105752.45270906469,0
CDR,D,19941007,000000,6.46539,6.46539,6.46539,6.46539,86850.66087842287,0
CDR,D,19941010,000000,6.34503,6.34503,6.34503,6.34503,55243.711036256216,0
CDR,D,19941011,000000,6.05786,6.05786,6.05786,6.05786,57622.51847080391,0
CDR,D,19941012,000000,6.05786,6.05786,6.05786,6.05786,51030.61764395467,0
CDR,D,19941013,000000,5.45572,5.45572,5.45572,5.45572,93002.00368623855,0
CDR,D,19941014,000000,5.9745,5.9745,5.9745,5.9745,133998.60364435194,0
CDR,D,19941017,000000,6.25234,6.25234,6.25234,6.25234,96370.00798128023,0
CDR,D,19941018,000000,6.44684,6.44684,6.44684,6.44684,95051.4219476782,0
CDR,D,19941019,000000,6.34503,6.34503,6.34503,6.34503,46771.203899184904,0
CDR,D,19941020,000000,6.2339,6.2339,6.2339,6.2339,124649.09783387605,0
CDR,D,19941021,000000,5.91894,5.91894,5.91894,5.91894,63378.594270889334,0
CDR,D,19941024,000000,5.47427,5.47427,5.47427,5.47427,62626.145878566924,0
CDR,D,19941025,000000,5.5483,5.5483,5.5483,5.5483,48386.24018858737,0
CDR,D,19941026,000000,5.57619,5.57619,5.57619,5.57619,120286.74997251593,0
CDR,D,19941027,000000,5.27978,5.27978,5.27978,5.27978,33807.68125500372,0
CDR,D,19941028,000000,5.16855,5.16855,5.16855,5.16855,29624.438756516098,0
CDR,D,19941102,000000,5.68733,5.68733,5.68733,5.68733,43793.31990604398,0
CDR,D,19941103,000000,5.63165,5.63165,5.63165,5.63165,18061.849439214442,0
CDR,D,19941104,000000,5.61321,5.61321,5.61321,5.61321,47356.899022620506,0
CDR,D,19941107,000000,5.57619,5.57619,5.57619,5.57619,37104.66100959473,0
CDR,D,19941108,000000,5.57619,5.57619,5.57619,5.57619,21390.738769949163,0
CDR,D,19941109,000000,5.59464,5.59464,5.59464,5.59464,55444.43256361951,0
CDR,D,19941110,000000,5.59464,5.59464,5.59464,5.59464,47505.124150519216,0
CDR,D,19941114,000000,5.57619,5.57619,5.57619,5.57619,39366.123551222525,0
CDR,D,19941115,000000,5.16855,5.16855,5.16855,5.16855,44514.88806338658,0
CDR,D,19941116,000000,5.16855,5.16855,5.16855,5.16855,75019.41351680392,0
CDR,D,19941117,000000,5.06674,5.06674,5.06674,5.06674,24040.262931146943,0
CDR,D,19941118,000000,5.36315,5.36315,5.36315,5.36315,47620.41036110733,0
CDR,D,19941121,000000,4.81668,4.81668,4.81668,4.81668,18930.61338328885,0
CDR,D,19941122,000000,4.35346,4.35346,4.35346,4.35346,60570.5515701329,0
CDR,D,19941123,000000,4.40903,4.40903,4.40903,4.40903,34107.219534299824,0
CDR,D,19941124,000000,4.39048,4.39048,4.39048,4.39048,23428.834278562994,0
CDR,D,19941125,000000,4.40903,4.40903,4.40903,4.40903,14575.470910085964,0
CDR,D,19941128,000000,4.81668,4.81668,4.81668,4.81668,36984.22809317615,0
CDR,D,19941129,000000,5.29825,5.29825,5.29825,5.29825,86250.55497866476,0
CDR,D,19941130,000000,5.7429,5.7429,5.7429,5.7429,77779.07718276035,0
CDR,D,19941201,000000,5.70578,5.70578,5.70578,5.70578,83175.91291592282,0
CDR,D,19941202,000000,5.12231,5.12231,5.12231,5.12231,51720.27622515155,0
CDR,D,19941205,000000,5.38159,5.38159,5.38159,5.38159,37040.84185730431,0
CDR,D,19941206,000000,5.26123,5.26123,5.26123,5.26123,36553.963485802524,0
CDR,D,19941207,000000,5.38159,5.38159,5.38159,5.38159,93125.5246261538,0
CDR,D,19941208,000000,4.83513,4.83513,4.83513,4.83513,0,0
CDR,D,19941209,000000,4.40903,4.40903,4.40903,4.40903,39661.54446585406,0
CDR,D,19941212,000000,4.77956,4.77956,4.77956,4.77956,66461.47106295843,0
CDR,D,19941213,000000,4.60353,4.60353,4.60353,4.60353,34943.04456106464,0
CDR,D,19941214,000000,4.51094,4.51094,4.51094,4.51094,57124.31734647628,0
CDR,D,19941215,000000,4.60353,4.60353,4.60353,4.60353,22034.07699867782,0
CDR,D,19941216,000000,5.04818,5.04818,5.04818,5.04818,81419.8568867839,0
CDR,D,19941219,000000,4.97415,4.97415,4.97415,4.97415,30121.610539676825,0
CDR,D,19941220,000000,4.91849,4.91849,4.91849,4.91849,28462.312580138932,0
CDR,D,19941221,000000,4.83513,4.83513,4.83513,4.83513,15564.667770578955,0
CDR,D,19941222,000000,4.97415,4.97415,4.97415,4.97415,11492.594118015873,0
CDR,D,19941223,000000,4.97415,4.97415,4.97415,4.97415,16965.60109745949,0
CDR,D,19941227,000000,4.93694,4.93694,4.93694,4.93694,16255.355692942732,0
CDR,D,19941228,000000,4.77956,4.77956,4.77956,4.77956,18046.409321725037,0
CDR,D,19941229,000000,4.81668,4.81668,4.81668,4.81668,21775.712366021467,0
CDR,D,19950102,000000,5.29825,5.29825,5.29825,5.29825,84700.36718271862,0
CDR,D,19950103,000000,5.02972,5.02972,5.02972,5.02972,58745.5296828731,0
CDR,D,19950104,000000,5.16855,5.16855,5.16855,5.16855,23812.778533469405,0
CDR,D,19950105,000000,5.27978,5.27978,5.27978,5.27978,23101.503787785747,0
CDR,D,19950106,000000,5.01116,5.01116,5.01116,5.01116,16567.24606623057,0
CDR,D,19950109,000000,5.12231,5.12231,5.12231,5.12231,13072.632807774939,0
CDR,D,19950110,000000,5.12231,5.12231,5.12231,5.12231,44667.23055594986,0
CDR,D,19950111,000000,5.1501,5.1501,5.1501,5.1501,28467.4592859684,0
CDR,D,19950112,000000,5.20566,5.20566,5.20566,5.20566,19794.2306215358,0
CDR,D,19950113,000000,5.27978,5.27978,5.27978,5.27978,40895.72452384879,0
CDR,D,19950116,000000,5.22422,5.22422,5.22422,5.22422,12349.005968100559,0
CDR,D,19950117,000000,5.16855,5.16855,5.16855,5.16855,26906.978078364325,0
CDR,D,19950118,000000,5.0852,5.0852,5.0852,5.0852,31151.98104681058,0
CDR,D,19950119,000000,5.16855,5.16855,5.16855,5.16855,9874.469805116536,0
CDR,D,19950120,000000,5.1501,5.1501,5.1501,5.1501,15837.443179559825,0
CDR,D,19950123,000000,4.97415,4.97415,4.97415,4.97415,28058.810843080544,0
CDR,D,19950124,000000,4.70544,4.70544,4.70544,4.70544,20208.025770254128,0
CDR,D,19950125,000000,4.67776,4.67776,4.67776,4.67776,154212.80546159743,0
CDR,D,19950126,000000,4.67776,4.67776,4.67776,4.67776,25952.77881751272,0
CDR,D,19950127,000000,4.72389,4.72389,4.72389,4.72389,22983.129553699957,0
CDR,D,19950130,000000,4.67776,4.67776,4.67776,4.67776,34177.21473358561,0
CDR,D,19950131,000000,4.67776,4.67776,4.67776,4.67776,53292.08018558246,0
CDR,D,19950201,000000,4.77956,4.77956,4.77956,4.77956,23957.915637870436,0
CDR,D,19950202,000000,4.77956,4.77956,4.77956,4.77956,46564.30632482624,0
CDR,D,19950203,000000,4.67776,4.67776,4.67776,4.67776,32895.684981956765,0
CDR,D,19950206,000000,4.91849,4.91849,4.91849,4.91849,6918.2019764607885,0
CDR,D,19950207,000000,5.41871,5.41871,5.41871,5.41871,74489.30281633059,0
CDR,D,19950208,000000,5.3168,5.3168,5.3168,5.3168,43982.71868058245,0
CDR,D,19950209,000000,4.97415,4.97415,4.97415,4.97415,17301.166317564886,0
CDR,D,19950210,000000,4.97415,4.97415,4.97415,4.97415,45454.67654791467,0
CDR,D,19950213,000000,4.87214,4.87214,4.87214,4.87214,4715.411881292542,0
CDR,D,19950214,000000,5.06674,5.06674,5.06674,5.06674,10950.131323551812,0
CDR,D,19950215,000000,4.93694,4.93694,4.93694,4.93694,9122.021412795028,0
CDR,D,19950216,000000,5.04818,5.04818,5.04818,5.04818,7822.992861345285,0
CDR,D,19950217,000000,4.99271,4.99271,4.99271,4.99271,9017.028613866454,0
CDR,D,19950220,000000,4.81668,4.81668,4.81668,4.81668,7368.024065988102,0
CDR,D,19950221,000000,4.56652,4.56652,4.56652,4.56652,33948.700994740175,0
CDR,D,19950222,000000,4.62208,4.62208,4.62208,4.62208,18817.385855032528,0
CDR,D,19950223,000000,4.70544,4.70544,4.70544,4.70544,26055.712934109106,0
CDR,D,19950224,000000,5.16855,5.16855,5.16855,5.16855,99309.80635128108,0
CDR,D,19950227,000000,4.65929,4.65929,4.65929,4.65929,27880.734821367907,0
CDR,D,19950228,000000,4.67776,4.67776,4.67776,4.67776,18581.666728026838,0
CDR,D,19950301,000000,4.74255,4.74255,4.74255,4.74255,12128.726958583275,0
CDR,D,19950302,000000,4.87214,4.87214,4.87214,4.87214,16510.632302102407,0
CDR,D,19950303,000000,4.93694,4.93694,4.93694,4.93694,15302.18577325702,0
CDR,D,19950306,000000,4.91849,4.91849,4.91849,4.91849,29405.189088164705,0
CDR,D,19950307,000000,4.87214,4.87214,4.87214,4.87214,27793.24082226093,0
CDR,D,19950308,000000,4.93694,4.93694,4.93694,4.93694,11957.856325032893,0
CDR,D,19950309,000000,4.9556,4.9556,4.9556,4.9556,16759.73286426672,0
CDR,D,19950310,000000,4.8908,4.8908,4.8908,4.8908,26558.031423101307,0
CDR,D,19950313,000000,4.85368,4.85368,4.85368,4.85368,29447.392075969354,0
CDR,D,19950314,000000,4.77956,4.77956,4.77956,4.77956,8373.690385137397,0
CDR,D,19950315,000000,4.87214,4.87214,4.87214,4.87214,11384.513295589017,0
CDR,D,19950316,000000,4.77956,4.77956,4.77956,4.77956,10042.252415169434,0
CDR,D,19950317,000000,4.79812,4.79812,4.79812,4.79812,19693.355187271205,0
CDR,D,19950320,000000,4.72389,4.72389,4.72389,4.72389,18746.361314581856,0
CDR,D,19950321,000000,4.74255,4.74255,4.74255,4.74255,15609.958781882286,0
CDR,D,19950322,000000,4.72389,4.72389,4.72389,4.72389,16840.02147521144,0
CDR,D,19950323,000000,4.67776,4.67776,4.67776,4.67776,26805.07330293283,0
CDR,D,19950324,000000,4.70544,4.70544,4.70544,4.70544,6807.033130536452,0
CDR,D,19950327,000000,4.72389,4.72389,4.72389,4.72389,16948.102297638296,0
CDR,D,19950328,000000,4.65929,4.65929,4.65929,4.65929,12865.735233415271,0
CDR,D,19950329,000000,4.56652,4.56652,4.56652,4.56652,7227.004326250744,0
CDR,D,19950330,000000,4.58507,4.58507,4.58507,4.58507,12755.59572865663,0
CDR,D,19950331,000000,4.67776,4.67776,4.67776,4.67776,17086.03401387807,0
CDR,D,19950403,000000,4.77956,4.77956,4.77956,4.77956,14546.649357438935,0
CDR,D,19950404,000000,4.87214,4.87214,4.87214,4.87214,38152.53031654767,0
CDR,D,19950405,000000,4.87214,4.87214,4.87214,4.87214,25740.73453732459,0
CDR,D,19950406,000000,4.93694,4.93694,4.93694,4.93694,61114.04370576285,0
CDR,D,19950407,000000,5.06674,5.06674,5.06674,5.06674,71416.71943592044,0
CDR,D,19950410,000000,5.59464,5.59464,5.59464,5.59464,109368.52822510179,0
CDR,D,19950411,000000,5.63165,5.63165,5.63165,5.63165,67322.00027770668,0
CDR,D,19950412,000000,5.63165,5.63165,5.63165,5.63165,81532.05507387333,0
CDR,D,19950413,000000,5.38159,5.38159,5.38159,5.38159,75024.56022263339,0
CDR,D,19950414,000000,5.51129,5.51129,5.51129,5.51129,43253.94513507761,0
CDR,D,19950418,000000,5.95595,5.95595,5.95595,5.95595,19717.03003408776,0
CDR,D,19950419,000000,6.53952,6.53952,6.53952,6.53952,74320.490865113,0
CDR,D,19950420,000000,6.44684,6.44684,6.44684,6.44684,88944.34080999898,0
CDR,D,19950421,000000,6.25234,6.25234,6.25234,6.25234,82896.96145994558,0
CDR,D,19950424,000000,6.55808,6.55808,6.55808,6.55808,74025.06995048045,0
CDR,D,19950425,000000,6.44684,6.44684,6.44684,6.44684,112537.86967511497,0
CDR,D,19950426,000000,5.91894,5.91894,5.91894,5.91894,52196.8611849954,0
CDR,D,19950427,000000,6.02075,6.02075,6.02075,6.02075,87676.19249352773,0
CDR,D,19950428,000000,6.05786,6.05786,6.05786,6.05786,99664.92905354046,0
CDR,D,19950504,000000,6.27091,6.27091,6.27091,6.27091,75380.71226605866,0
CDR,D,19950505,000000,6.48396,6.48396,6.48396,6.48396,80390.51572081706,0
CDR,D,19950509,000000,6.8267,6.8267,6.8267,6.8267,75336.45059592223,0
CDR,D,19950510,000000,7.52132,7.52132,7.52132,7.52132,141512.79415590706,0
CDR,D,19950511,000000,8.2069,8.2069,8.2069,8.2069,202979.90188159852,0
CDR,D,19950512,000000,7.81771,7.81771,7.81771,7.81771,114380.39036219496,0
CDR,D,19950515,000000,8.31794,8.31794,8.31794,8.31794,94901.1381374467,0
CDR,D,19950516,000000,7.4843,7.4843,7.4843,7.4843,62504.68362098345,0
CDR,D,19950517,000000,7.4843,7.4843,7.4843,7.4843,146319.81740097137,0
CDR,D,19950518,000000,7.21578,7.21578,7.21578,7.21578,115364.44051686351,0
CDR,D,19950519,000000,7.16011,7.16011,7.16011,7.16011,84729.18873536665,0
CDR,D,19950522,000000,6.67845,6.67845,6.67845,6.67845,101205.85277899356,0
CDR,D,19950523,000000,6.02075,6.02075,6.02075,6.02075,95316.99196849682,0
CDR,D,19950524,000000,6.59509,6.59509,6.59509,6.59509,31832.375557513413,0
CDR,D,19950525,000000,7.23424,7.23424,7.23424,7.23424,121622.83480593812,0
CDR,D,19950526,000000,7.10445,7.10445,7.10445,7.10445,71265.40628452404,0
CDR,D,19950529,000000,7.10445,7.10445,7.10445,7.10445,42043.43992390144,0
CDR,D,19950530,000000,6.78958,6.78958,6.78958,6.78958,53526.76997142326,0
CDR,D,19950531,000000,6.13198,6.13198,6.13198,6.13198,52669.32878017369,0
CDR,D,19950601,000000,6.05786,6.05786,6.05786,6.05786,67790.3505082214,0
CDR,D,19950602,000000,6.15044,6.15044,6.15044,6.15044,83957.18286089125,0
CDR,D,19950605,000000,6.34503,6.34503,6.34503,6.34503,41209.673579468414,0
CDR,D,19950606,000000,6.63211,6.63211,6.63211,6.63211,76327.70613874702,0
CDR,D,19950607,000000,6.8267,6.8267,6.8267,6.8267,82803.29141384223,0
CDR,D,19950608,000000,6.63211,6.63211,6.63211,6.63211,40313.11742391187,0
CDR,D,19950609,000000,6.44684,6.44684,6.44684,6.44684,34616.74341145328,0
CDR,D,19950612,000000,6.07631,6.07631,6.07631,6.07631,67083.19312720132,0
CDR,D,19950613,000000,6.25234,6.25234,6.25234,6.25234,53368.25143186461,0
CDR,D,19950614,000000,6.44684,6.44684,6.44684,6.44684,69074.96828334693,0
CDR,D,19950616,000000,6.05786,6.05786,6.05786,6.05786,51193.2535481779,0
CDR,D,19950619,000000,6.05786,6.05786,6.05786,6.05786,28403.64013367999,0
CDR,D,19950620,000000,6.25234,6.25234,6.25234,6.25234,39602.87201939511,0
CDR,D,19950621,000000,6.25234,6.25234,6.25234,6.25234,20166.852123615376,0
CDR,D,19950622,000000,6.15044,6.15044,6.15044,6.15044,20966.6502095719,0
CDR,D,19950623,000000,6.28936,6.28936,6.28936,6.28936,15266.158832448737,0
CDR,D,19950626,000000,6.61356,6.61356,6.61356,6.61356,46018.7555068645,0
CDR,D,19950627,000000,6.63211,6.63211,6.63211,6.63211,56888.598219470594,0
CDR,D,19950628,000000,6.09496,6.09496,6.09496,6.09496,29617.23336835384,0
CDR,D,19950629,000000,6.25234,6.25234,6.25234,6.25234,77536.15266759139,0
CDR,D,19950630,000000,6.25234,6.25234,6.25234,6.25234,91777.08769873784,0
CDR,D,19950703,000000,6.34503,6.34503,6.34503,6.34503,69731.6879472342,0
CDR,D,19950704,000000,6.11343,6.11343,6.11343,6.11343,28050.576113752395,0
CDR,D,19950705,000000,5.86337,5.86337,5.86337,5.86337,62011.629202485296,0
CDR,D,19950706,000000,5.86337,5.86337,5.86337,5.86337,75830.5343555863,0
CDR,D,19950707,000000,5.91894,5.91894,5.91894,5.91894,45777.889674027334,0
CDR,D,19950710,000000,5.33536,5.33536,5.33536,5.33536,248148.4215853807,0
CDR,D,19950711,000000,5.43727,5.43727,5.43727,5.43727,75785.24334428295,0
CDR,D,19950712,000000,5.27978,5.27978,5.27978,5.27978,61821.20108678193,0
CDR,D,19950713,000000,5.40016,5.40016,5.40016,5.40016,35107.73914761966,0
CDR,D,19950714,000000,5.40016,5.40016,5.40016,5.40016,34735.117645539074,0
CDR,D,19950717,000000,5.5483,5.5483,5.5483,5.5483,35660.49535374366,0
CDR,D,19950718,000000,5.52974,5.52974,5.52974,5.52974,109342.79469596449,0
CDR,D,19950719,000000,5.45572,5.45572,5.45572,5.45572,38584.85360625409,0
CDR,D,19950720,000000,5.29825,5.29825,5.29825,5.29825,65084.212582895445,0
CDR,D,19950721,000000,5.16855,5.16855,5.16855,5.16855,106960.89923791008,0
CDR,D,19950724,000000,4.87214,4.87214,4.87214,4.87214,102763.24596310296,0
CDR,D,19950725,000000,4.99271,4.99271,4.99271,4.99271,143050.62985785847,0
CDR,D,19950726,000000,4.99271,4.99271,4.99271,4.99271,94565.5729173413,0
CDR,D,19950727,000000,5.49274,5.49274,5.49274,5.49274,321693.81855250656,0
CDR,D,19950728,000000,6.0393,6.0393,6.0393,6.0393,441931.16014905757,0
CDR,D,19950731,000000,5.68733,5.68733,5.68733,5.68733,128257.9679617539,0
CDR,D,19950801,000000,5.66877,5.66877,5.66877,5.66877,173944.24627201268,0
CDR,D,19950802,000000,5.76145,5.76145,5.76145,5.76145,125925.48087967442,0
CDR,D,19950803,000000,5.63165,5.63165,5.63165,5.63165,77002.95394362137,0
CDR,D,19950804,000000,5.52974,5.52974,5.52974,5.52974,21597.63634430883,0
CDR,D,19950807,000000,5.57619,5.57619,5.57619,5.57619,71519.65355251782,0
CDR,D,19950808,000000,5.3168,5.3168,5.3168,5.3168,30638.339804992545,0
CDR,D,19950809,000000,5.26123,5.26123,5.26123,5.26123,64608.656964218484,0
CDR,D,19950810,000000,5.51129,5.51129,5.51129,5.51129,103287.18061657893,0
CDR,D,19950811,000000,5.47427,5.47427,5.47427,5.47427,70594.27584431425,0
CDR,D,19950816,000000,5.65031,5.65031,5.65031,5.65031,92493.50915025097,0
CDR,D,19950817,000000,5.65031,5.65031,5.65031,5.65031,74080.65437344274,0
CDR,D,19950818,000000,5.65031,5.65031,5.65031,5.65031,70983.36680504913,0
CDR,D,19950821,000000,5.43727,5.43727,5.43727,5.43727,19312.498955863477,0
CDR,D,19950822,000000,5.66877,5.66877,5.66877,5.66877,166005.96720007126,0
CDR,D,19950823,000000,5.66877,5.66877,5.66877,5.66877,89530.03593343357,0
CDR,D,19950824,000000,5.61321,5.61321,5.61321,5.61321,33685.18965625335,0
CDR,D,19950825,000000,5.65031,5.65031,5.65031,5.65031,46200.94889324072,0
CDR,D,19950828,000000,5.86337,5.86337,5.86337,5.86337,88024.10980762486,0
CDR,D,19950829,000000,5.95595,5.95595,5.95595,5.95595,139882.3177490152,0
CDR,D,19950830,000000,5.95595,5.95595,5.95595,5.95595,92555.26962020961,0
CDR,D,19950831,000000,5.95595,5.95595,5.95595,5.95595,134930.15739955587,0
CDR,D,19950901,000000,6.05786,6.05786,6.05786,6.05786,108249.63437769718,0
CDR,D,19950904,000000,6.34503,6.34503,6.34503,6.34503,122921.8633573942,0
CDR,D,19950905,000000,6.5024,6.5024,6.5024,6.5024,186296.3402636089,0
CDR,D,19950906,000000,6.53952,6.53952,6.53952,6.53952,107739.08115938987,0
CDR,D,19950907,000000,6.63211,6.63211,6.63211,6.63211,157104.22479680926,0
CDR,D,19950908,000000,6.90995,6.90995,6.90995,6.90995,147394.44957824054,0
CDR,D,19950911,000000,7.23424,7.23424,7.23424,7.23424,184158.3986618994,0
CDR,D,19950912,000000,7.19712,7.19712,7.19712,7.19712,117968.67366675496,0
CDR,D,19950913,000000,7.02119,7.02119,7.02119,7.02119,168740.92667804926,0
CDR,D,19950914,000000,7.25279,7.25279,7.25279,7.25279,146037.77792150044,0
CDR,D,19950915,000000,7.17868,7.17868,7.17868,7.17868,160362.0895870833,0
CDR,D,19950918,000000,6.8267,6.8267,6.8267,6.8267,106160.07181079268,0
CDR,D,19950919,000000,6.15044,6.15044,6.15044,6.15044,98418.39690155399,0
CDR,D,19950920,000000,6.11343,6.11343,6.11343,6.11343,112620.21696838645,0
CDR,D,19950921,000000,6.20601,6.20601,6.20601,6.20601,135020.73942215653,0
CDR,D,19950922,000000,6.13198,6.13198,6.13198,6.13198,51363.094840562386,0
CDR,D,19950925,000000,6.16899,6.16899,6.16899,6.16899,54037.323189742616,0
CDR,D,19950926,000000,6.25234,6.25234,6.25234,6.25234,78417.26870565953,0
CDR,D,19950927,000000,6.44684,6.44684,6.44684,6.44684,85757.5005601666,0
CDR,D,19950928,000000,5.8077,5.8077,5.8077,5.8077,218302.6744781684,0
CDR,D,19950929,000000,6.16899,6.16899,6.16899,6.16899,93492.99942240391,0
CDR,D,19951002,000000,6.25234,6.25234,6.25234,6.25234,72732.21744602679,0
CDR,D,19951003,000000,6.20601,6.20601,6.20601,6.20601,46858.697898292885,0
CDR,D,19951004,000000,5.86337,5.86337,5.86337,5.86337,42390.32789683267,0
CDR,D,19951005,000000,5.76145,5.76145,5.76145,5.76145,54898.88174565677,0
CDR,D,19951006,000000,5.95595,5.95595,5.95595,5.95595,50008.481866150076,0
CDR,D,19951009,000000,5.68733,5.68733,5.68733,5.68733,24880.205322575322,0
CDR,D,19951010,000000,5.63165,5.63165,5.63165,5.63165,65275.67003976471,0
CDR,D,19951011,000000,5.61321,5.61321,5.61321,5.61321,67821.23074320021,0
CDR,D,19951012,000000,5.61321,5.61321,5.61321,5.61321,45894.20522578134,0
CDR,D,19951013,000000,5.57619,5.57619,5.57619,5.57619,54828.88654637099,0
CDR,D,19951016,000000,5.52974,5.52974,5.52974,5.52974,24580.66704328022,0
CDR,D,19951017,000000,5.66877,5.66877,5.66877,5.66877,77446.59998615363,0
CDR,D,19951018,000000,5.63165,5.63165,5.63165,5.63165,31972.365956084974,0
CDR,D,19951019,000000,5.47427,5.47427,5.47427,5.47427,42467.528484279705,0
CDR,D,19951020,000000,5.16855,5.16855,5.16855,5.16855,24103.052742270465,0
CDR,D,19951023,000000,5.16855,5.16855,5.16855,5.16855,58462.460862232285,0
CDR,D,19951024,000000,5.06674,5.06674,5.06674,5.06674,49221.035874185276,0
CDR,D,19951025,000000,5.06674,5.06674,5.06674,5.06674,39753.15582962561,0
CDR,D,19951026,000000,5.16855,5.16855,5.16855,5.16855,39785.06540577032,0
CDR,D,19951027,000000,5.36315,5.36315,5.36315,5.36315,69418.76823278048,0
CDR,D,19951030,000000,5.36315,5.36315,5.36315,5.36315,16886.341827680666,0
CDR,D,19951031,000000,5.20566,5.20566,5.20566,5.20566,38719.69729899518,0
CDR,D,19951102,000000,5.36315,5.36315,5.36315,5.36315,15112.786998720556,0
CDR,D,19951103,000000,5.47427,5.47427,5.47427,5.47427,65844.895704544,0
CDR,D,19951106,000000,5.59464,5.59464,5.59464,5.59464,67517.57509923952,0
CDR,D,19951107,000000,5.57619,5.57619,5.57619,5.57619,34279.119509016105,0
CDR,D,19951108,000000,5.63165,5.63165,5.63165,5.63165,46450.04945540302,0
CDR,D,19951109,000000,5.45572,5.45572,5.45572,5.45572,13746.851271482412,0
CDR,D,19951110,000000,5.20566,5.20566,5.20566,5.20566,27283.716945107473,0
CDR,D,19951113,000000,5.18719,5.18719,5.18719,5.18719,36644.54550840718,0
CDR,D,19951114,000000,5.18719,5.18719,5.18719,5.18719,43488.634920918405,0
CDR,D,19951115,000000,5.22422,5.22422,5.22422,5.22422,69971.52443890447,0
CDR,D,19951116,000000,5.1501,5.1501,5.1501,5.1501,27692.365387996335,0
CDR,D,19951117,000000,5.16855,5.16855,5.16855,5.16855,25169.450190212498,0
CDR,D,19951120,000000,4.87214,4.87214,4.87214,4.87214,67379.64338300074,0
CDR,D,19951121,000000,5.02972,5.02972,5.02972,5.02972,44530.328180875986,0
CDR,D,19951122,000000,5.22422,5.22422,5.22422,5.22422,28527.16107359525,0
CDR,D,19951123,000000,5.22422,5.22422,5.22422,5.22422,39053.20383676879,0
CDR,D,19951124,000000,5.0852,5.0852,5.0852,5.0852,21720.127943058196,0
CDR,D,19951127,000000,5.16855,5.16855,5.16855,5.16855,32910.09575828128,0
CDR,D,19951128,000000,5.0852,5.0852,5.0852,5.0852,43926.1049164543,0
CDR,D,19951129,000000,5.1501,5.1501,5.1501,5.1501,60724.952745027986,0
CDR,D,19951130,000000,5.33536,5.33536,5.33536,5.33536,78939.14467680472,0
CDR,D,19951201,000000,5.47427,5.47427,5.47427,5.47427,50502.565625814124,0
CDR,D,19951204,000000,5.47427,5.47427,5.47427,5.47427,98083.8610226145,0
CDR,D,19951205,000000,5.66877,5.66877,5.66877,5.66877,99235.69378733171,0
CDR,D,19951206,000000,5.57619,5.57619,5.57619,5.57619,73944.78133953473,0
CDR,D,19951207,000000,5.57619,5.57619,5.57619,5.57619,66588.08002637236,0
CDR,D,19951208,000000,5.45572,5.45572,5.45572,5.45572,65439.33528515383,0
CDR,D,19951211,000000,5.63165,5.63165,5.63165,5.63165,40055.78213242041,0
CDR,D,19951212,000000,5.52974,5.52974,5.52974,5.52974,37137.599926905335,0
CDR,D,19951213,000000,5.47427,5.47427,5.47427,5.47427,39086.142754079396,0
CDR,D,19951214,000000,5.47427,5.47427,5.47427,5.47427,32148.383295465825,0
CDR,D,19951215,000000,5.41871,5.41871,5.41871,5.41871,30646.57453431969,0
CDR,D,19951218,000000,5.43727,5.43727,5.43727,5.43727,27684.130658669186,0
CDR,D,19951219,000000,5.38159,5.38159,5.38159,5.38159,65820.19151656156,0
CDR,D,19951220,000000,4.83513,4.83513,4.83513,4.83513,71328.19609564755,0
CDR,D,19951221,000000,4.91849,4.91849,4.91849,4.91849,49960.10283134906,0
CDR,D,19951222,000000,4.97415,4.97415,4.97415,4.97415,34894.66552626362,0
CDR,D,19951227,000000,5.06674,5.06674,5.06674,5.06674,39261.13075229435,0
CDR,D,19951228,000000,5.06674,5.06674,5.06674,5.06674,71716.25771521754,0
CDR,D,19951229,000000,4.83513,4.83513,4.83513,4.83513,62854.659617411366,0
CDR,D,19960102,000000,4.9556,4.9556,4.9556,4.9556,14030.949433289114,0
CDR,D,19960103,000000,4.99271,4.99271,4.99271,4.99271,50986.35597381824,0
CDR,D,19960104,000000,5.04818,5.04818,5.04818,5.04818,91988.10263776108,0
CDR,D,19960105,000000,5.26123,5.26123,5.26123,5.26123,127512.72495760077,0
CDR,D,19960108,000000,5.29825,5.29825,5.29825,5.29825,50084.65311243222,0
CDR,D,19960109,000000,5.47427,5.47427,5.47427,5.47427,115067.99026105404,0
CDR,D,19960110,000000,5.45572,5.45572,5.45572,5.45572,108052.00087383758,0
CDR,D,19960111,000000,5.57619,5.57619,5.57619,5.57619,81211.92997125835,0
CDR,D,19960112,000000,5.47427,5.47427,5.47427,5.47427,70411.05311677213,0
CDR,D,19960115,000000,5.29825,5.29825,5.29825,5.29825,41880.80401967921,0
CDR,D,19960116,000000,5.47427,5.47427,5.47427,5.47427,128402.07572498904,0
CDR,D,19960117,000000,5.65031,5.65031,5.65031,5.65031,205339.15183399525,0
CDR,D,19960118,000000,5.47427,5.47427,5.47427,5.47427,59726.491814039946,0
CDR,D,19960119,000000,5.29825,5.29825,5.29825,5.29825,92906.2749578034,0
CDR,D,19960122,000000,5.47427,5.47427,5.47427,5.47427,67669.9175918028,0
CDR,D,19960123,000000,5.3168,5.3168,5.3168,5.3168,61274.620927653305,0
CDR,D,19960124,000000,5.47427,5.47427,5.47427,5.47427,88127.04392422126,0
CDR,D,19960125,000000,5.57619,5.57619,5.57619,5.57619,212588.80166589763,0
CDR,D,19960126,000000,5.66877,5.66877,5.66877,5.66877,197319.55480994217,0
CDR,D,19960129,000000,6.0393,6.0393,6.0393,6.0393,136514.3134539725,0
CDR,D,19960130,000000,5.95595,5.95595,5.95595,5.95595,104133.29905500167,0
CDR,D,19960131,000000,6.05786,6.05786,6.05786,6.05786,203209.4449616048,0
CDR,D,19960201,000000,5.86337,5.86337,5.86337,5.86337,100819.84984175336,0
CDR,D,19960202,000000,5.86337,5.86337,5.86337,5.86337,135534.38066397357,0
CDR,D,19960205,000000,5.63165,5.63165,5.63165,5.63165,57283.865227200826,0
CDR,D,19960206,000000,5.63165,5.63165,5.63165,5.63165,69184.07844693966,0
CDR,D,19960207,000000,5.47427,5.47427,5.47427,5.47427,61915.90047405016,0
CDR,D,19960208,000000,5.47427,5.47427,5.47427,5.47427,92972.15279242562,0
CDR,D,19960209,000000,5.63165,5.63165,5.63165,5.63165,148233.36262850402,0
CDR,D,19960212,000000,5.93749,5.93749,5.93749,5.93749,226711.36246295128,0
CDR,D,19960213,000000,5.41871,5.41871,5.41871,5.41871,99407.59376204798,0
CDR,D,19960214,000000,5.52974,5.52974,5.52974,5.52974,116032.48293357462,0
CDR,D,19960215,000000,5.36315,5.36315,5.36315,5.36315,97223.33180786723,0
CDR,D,19960216,000000,5.29825,5.29825,5.29825,5.29825,101869.77783103507,0
CDR,D,19960219,000000,5.29825,5.29825,5.29825,5.29825,44145.354584804685,0
CDR,D,19960220,000000,5.27978,5.27978,5.27978,5.27978,35027.45053667394,0
CDR,D,19960221,000000,5.16855,5.16855,5.16855,5.16855,64947.31020782157,0
CDR,D,19960222,000000,5.27978,5.27978,5.27978,5.27978,32375.867693143366,0
CDR,D,19960223,000000,5.16855,5.16855,5.16855,5.16855,47331.16549347116,0
CDR,D,19960226,000000,5.27978,5.27978,5.27978,5.27978,63424.91462335755,0
CDR,D,19960227,000000,5.41871,5.41871,5.41871,5.41871,96180.60920674376,0
CDR,D,19960228,000000,5.43727,5.43727,5.43727,5.43727,73305.56047546967,0
CDR,D,19960229,000000,5.66877,5.66877,5.66877,5.66877,324869.33604951913,0
CDR,D,19960301,000000,5.76145,5.76145,5.76145,5.76145,182474.39651437305,0
CDR,D,19960304,000000,5.90047,5.90047,5.90047,5.90047,285815.10287158645,0
CDR,D,19960305,000000,5.86337,5.86337,5.86337,5.86337,214690.7163268009,0
CDR,D,19960306,000000,5.76145,5.76145,5.76145,5.76145,77015.3060376131,0
CDR,D,19960307,000000,5.76145,5.76145,5.76145,5.76145,125062.89298260341,0
CDR,D,19960308,000000,5.7429,5.7429,5.7429,5.7429,161248.3523309819,0
CDR,D,19960311,000000,5.70578,5.70578,5.70578,5.70578,205797.208652848,0
CDR,D,19960312,000000,5.63165,5.63165,5.63165,5.63165,101155.41506185874,0
CDR,D,19960313,000000,5.63165,5.63165,5.63165,5.63165,53555.59152407129,0
CDR,D,19960314,000000,5.65031,5.65031,5.65031,5.65031,82046.72565685726,0
CDR,D,19960315,000000,5.65031,5.65031,5.65031,5.65031,123292.42617713596,0
CDR,D,19960318,000000,5.82625,5.82625,5.82625,5.82625,87924.26371452516,0
CDR,D,19960319,000000,5.95595,5.95595,5.95595,5.95595,170255.0875331831,0
CDR,D,19960320,000000,5.76145,5.76145,5.76145,5.76145,57760.45018704368,0
CDR,D,19960321,000000,5.76145,5.76145,5.76145,5.76145,42147.40338166372,0
CDR,D,19960322,000000,5.52974,5.52974,5.52974,5.52974,57289.01193303029,0
CDR,D,19960325,000000,5.36315,5.36315,5.36315,5.36315,93019.50248605973,0
CDR,D,19960326,000000,5.45572,5.45572,5.45572,5.45572,72587.08034162474,0
CDR,D,19960327,000000,5.5483,5.5483,5.5483,5.5483,75646.28228687728,0
CDR,D,19960328,000000,5.45572,5.45572,5.45572,5.45572,58835.08236431287,0
CDR,D,19960329,000000,5.52974,5.52974,5.52974,5.52974,57382.68197913464,0
CDR,D,19960401,000000,5.5483,5.5483,5.5483,5.5483,67177.89251447056,0
CDR,D,19960402,000000,5.43727,5.43727,5.43727,5.43727,84801.24261698421,0
CDR,D,19960403,000000,5.45572,5.45572,5.45572,5.45572,74877.36443590057,0
CDR,D,19960404,000000,5.47427,5.47427,5.47427,5.47427,46210.21296373375,0
CDR,D,19960405,000000,5.57619,5.57619,5.57619,5.57619,42621.929659174784,0
CDR,D,19960409,000000,5.66877,5.66877,5.66877,5.66877,47101.62241346083,0
CDR,D,19960410,000000,5.7429,5.7429,5.7429,5.7429,90412.1813126666,0
CDR,D,19960411,000000,5.66877,5.66877,5.66877,5.66877,53805.721427400495,0
CDR,D,19960412,000000,5.66877,5.66877,5.66877,5.66877,75326.1571842623,0
CDR,D,19960415,000000,5.57619,5.57619,5.57619,5.57619,114864.18071020511,0
CDR,D,19960416,000000,5.63165,5.63165,5.63165,5.63165,53110.91614037315,0
CDR,D,19960417,000000,5.68733,5.68733,5.68733,5.68733,67247.88771375632,0
CDR,D,19960418,000000,5.72443,5.72443,5.72443,5.72443,58150.57048894445,0
CDR,D,19960419,000000,5.66877,5.66877,5.66877,5.66877,70651.9189496083,0
CDR,D,19960422,000000,5.76145,5.76145,5.76145,5.76145,79010.16921725539,0
CDR,D,19960423,000000,5.95595,5.95595,5.95595,5.95595,252657.96523347567,0
CDR,D,19960424,000000,6.25234,6.25234,6.25234,6.25234,467687.33480387164,0
CDR,D,19960425,000000,6.63211,6.63211,6.63211,6.63211,341333.6479991614,0
CDR,D,19960426,000000,6.53952,6.53952,6.53952,6.53952,191618.03409166017,0
CDR,D,19960429,000000,6.63211,6.63211,6.63211,6.63211,171497.50232050498,0
CDR,D,19960430,000000,6.59509,6.59509,6.59509,6.59509,153704.31092560984,0
CDR,D,19960506,000000,7.02119,7.02119,7.02119,7.02119,129293.4851747171,0
CDR,D,19960507,000000,7.46575,7.46575,7.46575,7.46575,302038.5489883835,0
CDR,D,19960508,000000,7.46575,7.46575,7.46575,7.46575,295203.7236463583,0
CDR,D,19960509,000000,7.42864,7.42864,7.42864,7.42864,148809.7936814446,0
CDR,D,19960510,000000,7.21578,7.21578,7.21578,7.21578,214796.73846688995,0
CDR,D,19960513,000000,7.17868,7.17868,7.17868,7.17868,119679.43868459856,0
CDR,D,19960514,000000,7.00273,7.00273,7.00273,7.00273,64608.656964218484,0
CDR,D,19960515,000000,6.8267,6.8267,6.8267,6.8267,211954.72750766302,0
CDR,D,19960516,000000,6.77103,6.77103,6.77103,6.77103,108102.43859097238,0
CDR,D,19960517,000000,6.73392,6.73392,6.73392,6.73392,139696.0069979744,0
CDR,D,19960520,000000,6.52097,6.52097,6.52097,6.52097,77918.03824016602,0
CDR,D,19960521,000000,6.25234,6.25234,6.25234,6.25234,126661.45981333853,0
CDR,D,19960522,000000,6.28936,6.28936,6.28936,6.28936,86997.85666515569,0
CDR,D,19960523,000000,6.30793,6.30793,6.30793,6.30793,153959.58753477354,0
CDR,D,19960524,000000,6.41905,6.41905,6.41905,6.41905,106415.34841994633,0
CDR,D,19960527,000000,6.5024,6.5024,6.5024,6.5024,112914.60854185611,0
CDR,D,19960528,000000,6.5024,6.5024,6.5024,6.5024,79996.27805425171,0
CDR,D,19960529,000000,6.38204,6.38204,6.38204,6.38204,82857.84649563862,0
CDR,D,19960530,000000,6.18745,6.18745,6.18745,6.18745,141258.54688791328,0
CDR,D,19960531,000000,6.25234,6.25234,6.25234,6.25234,116420.54455313456,0
CDR,D,19960603,000000,6.20601,6.20601,6.20601,6.20601,75278.80749062716,0
CDR,D,19960604,000000,6.27091,6.27091,6.27091,6.27091,102980.43694911052,0
CDR,D,19960605,000000,6.15044,6.15044,6.15044,6.15044,137271.9085521244,0
CDR,D,19960607,000000,6.18745,6.18745,6.18745,6.18745,120341.30505431029,0
CDR,D,19960610,000000,6.30793,6.30793,6.30793,6.30793,94106.48675732063,0
CDR,D,19960611,000000,6.41905,6.41905,6.41905,6.41905,315120.44586664444,0
CDR,D,19960612,000000,6.46539,6.46539,6.46539,6.46539,419551.22451861546,0
CDR,D,19960613,000000,6.65067,6.65067,6.65067,6.65067,152439.25063264032,0
CDR,D,19960614,000000,6.44684,6.44684,6.44684,6.44684,171134.14488892246,0
CDR,D,19960617,000000,6.46539,6.46539,6.46539,6.46539,220452.96817387664,0
CDR,D,19960618,000000,6.52097,6.52097,6.52097,6.52097,194872.8108584445,0
CDR,D,19960619,000000,6.44684,6.44684,6.44684,6.44684,105627.90242797752,0
CDR,D,19960620,000000,6.15044,6.15044,6.15044,6.15044,103908.90268082483,0
CDR,D,19960621,000000,6.75247,6.75247,6.75247,6.75247,343905.971572896,0
CDR,D,19960624,000000,7.30828,7.30828,7.30828,7.30828,404558.87043631147,0
CDR,D,19960625,000000,7.30828,7.30828,7.30828,7.30828,295026.6769658165,0
CDR,D,19960626,000000,7.44729,7.44729,7.44729,7.44729,287445.57927846827,0
CDR,D,19960627,000000,7.62323,7.62323,7.62323,7.62323,368913.81520005723,0
CDR,D,19960628,000000,7.6788,7.6788,7.6788,7.6788,229671.747656266,0
CDR,D,19960701,000000,7.66023,7.66023,7.66023,7.66023,157356.41338246324,0
CDR,D,19960702,000000,7.4843,7.4843,7.4843,7.4843,206825.52047764193,0
CDR,D,19960703,000000,7.44729,7.44729,7.44729,7.44729,98609.85435842426,0
CDR,D,19960704,000000,7.6788,7.6788,7.6788,7.6788,255909.65397676034,0
CDR,D,19960705,000000,7.6788,7.6788,7.6788,7.6788,192112.1178513192,0
CDR,D,19960708,000000,7.27126,7.27126,7.27126,7.27126,187648.89455568945,0
CDR,D,19960709,000000,7.21578,7.21578,7.21578,7.21578,76007.58103613101,0
CDR,D,19960710,000000,7.14156,7.14156,7.14156,7.14156,176921.1009239857,0
CDR,D,19960711,000000,7.12309,7.12309,7.12309,7.12309,147903.97345538798,0
CDR,D,19960712,000000,7.12309,7.12309,7.12309,7.12309,70441.93335175095,0
CDR,D,19960715,000000,7.19712,7.19712,7.19712,7.19712,76283.44446861157,0
CDR,D,19960716,000000,6.98408,6.98408,6.98408,6.98408,92210.44032961017,0
CDR,D,19960717,000000,6.71547,6.71547,6.71547,6.71547,172795.50153080118,0
CDR,D,19960718,000000,6.6969,6.6969,6.6969,6.6969,148864.34876323896,0
CDR,D,19960719,000000,6.59509,6.59509,6.59509,6.59509,90874.35549618595,0
CDR,D,19960722,000000,6.44684,6.44684,6.44684,6.44684,122783.9316411484,0
CDR,D,19960723,000000,6.44684,6.44684,6.44684,6.44684,94916.57825493612,0
CDR,D,19960724,000000,6.46539,6.46539,6.46539,6.46539,99201.72552885521,0
CDR,D,19960725,000000,6.5024,6.5024,6.5024,6.5024,84300.9828103238,0
CDR,D,19960726,000000,6.5024,6.5024,6.5024,6.5024,98993.79861332967,0
CDR,D,19960729,000000,6.75247,6.75247,6.75247,6.75247,61688.41607637163,0
CDR,D,19960730,000000,6.67845,6.67845,6.67845,6.67845,127424.2016173299,0
CDR,D,19960731,000000,6.73392,6.73392,6.73392,6.73392,90829.06448488361,0
CDR,D,19960801,000000,6.53952,6.53952,6.53952,6.53952,68433.68873695005,0
CDR,D,19960802,000000,6.41905,6.41905,6.41905,6.41905,86483.18608217276,0
CDR,D,19960805,000000,6.59509,6.59509,6.59509,6.59509,93977.8191115749,0
CDR,D,19960806,000000,6.73392,6.73392,6.73392,6.73392,138579.17183289956,0
CDR,D,19960807,000000,6.59509,6.59509,6.59509,6.59509,92085.89004852802,0
CDR,D,19960808,000000,6.59509,6.59509,6.59509,6.59509,43959.043833764896,0
CDR,D,19960809,000000,6.67845,6.67845,6.67845,6.67845,54985.346403597854,0
CDR,D,19960812,000000,6.65067,6.65067,6.65067,6.65067,69945.79090975512,0
CDR,D,19960813,000000,6.59509,6.59509,6.59509,6.59509,49717.17831618111,0
CDR,D,19960814,000000,6.61356,6.61356,6.61356,6.61356,163303.94663941994,0
CDR,D,19960816,000000,6.80815,6.80815,6.80815,6.80815,55578.246915194715,0
CDR,D,19960819,000000,6.96562,6.96562,6.96562,6.96562,111781.30391813301,0
CDR,D,19960820,000000,6.92852,6.92852,6.92852,6.92852,100563.54389142978,0
CDR,D,19960821,000000,6.8267,6.8267,6.8267,6.8267,170443.4569665637,0
CDR,D,19960822,000000,6.8267,6.8267,6.8267,6.8267,268992.5801962013,0
CDR,D,19960823,000000,6.6969,6.6969,6.6969,6.6969,153277.1343417339,0
CDR,D,19960826,000000,6.75247,6.75247,6.75247,6.75247,125667.11624702108,0
CDR,D,19960827,000000,6.75247,6.75247,6.75247,6.75247,161733.17202015192,0
CDR,D,19960828,000000,6.75247,6.75247,6.75247,6.75247,68278.25822088907,0
CDR,D,19960829,000000,6.75247,6.75247,6.75247,6.75247,151367.70647887082,0
CDR,D,19960830,000000,6.94696,6.94696,6.94696,6.94696,127641.39260333747,0
CDR,D,19960902,000000,7.14156,7.14156,7.14156,7.14156,146665.67603273568,0
CDR,D,19960903,000000,7.21578,7.21578,7.21578,7.21578,116059.24580388181,0
CDR,D,19960904,000000,6.96562,6.96562,6.96562,6.96562,63464.02958766352,0
CDR,D,19960905,000000,6.92852,6.92852,6.92852,6.92852,72117.70076994415,0
CDR,D,19960906,000000,6.84515,6.84515,6.84515,6.84515,48692.98385604473,0
CDR,D,19960909,000000,6.86371,6.86371,6.86371,6.86371,52780.49762609722,0
CDR,D,19960910,000000,6.92852,6.92852,6.92852,6.92852,137455.13127966548,0
CDR,D,19960911,000000,6.92852,6.92852,6.92852,6.92852,28877.13707002416,0
CDR,D,19960912,000000,6.98408,6.98408,6.98408,6.98408,77893.33405218256,0
CDR,D,19960913,000000,7.12309,7.12309,7.12309,7.12309,119110.21301980723,0
CDR,D,19960916,000000,7.10445,7.10445,7.10445,7.10445,109224.4204618767,0
CDR,D,19960917,000000,7.12309,7.12309,7.12309,7.12309,108930.02888840703,0
CDR,D,19960918,000000,7.12309,7.12309,7.12309,7.12309,105135.87735064827,0
CDR,D,19960919,000000,6.86371,6.86371,6.86371,6.86371,110224.9400751935,0
CDR,D,19960920,000000,6.84515,6.84515,6.84515,6.84515,42270.92432157998,0
CDR,D,19960923,000000,7.00273,7.00273,7.00273,7.00273,93956.20294708913,0
CDR,D,19960924,000000,6.90995,6.90995,6.90995,6.90995,63924.14508885107,0
CDR,D,19960925,000000,6.78958,6.78958,6.78958,6.78958,106322.70771501592,0
CDR,D,19960926,000000,6.67845,6.67845,6.67845,6.67845,71393.04458910388,0
CDR,D,19960927,000000,6.75247,6.75247,6.75247,6.75247,97380.82100625998,0
CDR,D,19960930,000000,6.63211,6.63211,6.63211,6.63211,47246.759517861865,0
CDR,D,19961001,000000,6.67845,6.67845,6.67845,6.67845,59407.39605259085,0
CDR,D,19961002,000000,6.71547,6.71547,6.71547,6.71547,72465.61808404127,0
CDR,D,19961003,000000,6.77103,6.77103,6.77103,6.77103,48882.3826305832,0
CDR,D,19961004,000000,6.8915,6.8915,6.8915,6.8915,122834.3693582832,0
CDR,D,19961007,000000,7.12309,7.12309,7.12309,7.12309,268772.30118668394,0
CDR,D,19961008,000000,7.23424,7.23424,7.23424,7.23424,163085.72631223244,0
CDR,D,19961009,000000,7.39162,7.39162,7.39162,7.39162,196812.08961512454,0
CDR,D,19961010,000000,7.42864,7.42864,7.42864,7.42864,355368.714797104,0
CDR,D,19961011,000000,7.46575,7.46575,7.46575,7.46575,301096.7018215206,0
CDR,D,19961014,000000,7.33614,7.33614,7.33614,7.33614,58508.78121470052,0
CDR,D,19961015,000000,7.33614,7.33614,7.33614,7.33614,218895.57498976725,0
CDR,D,19961016,000000,7.33614,7.33614,7.33614,7.33614,101673.17366833534,0
CDR,D,19961017,000000,7.42864,7.42864,7.42864,7.42864,94899.07945511492,0
CDR,D,19961018,000000,7.23424,7.23424,7.23424,7.23424,49342.49813176975,0
CDR,D,19961021,000000,7.33614,7.33614,7.33614,7.33614,196664.8938283897,0
CDR,D,19961022,000000,7.25279,7.25279,7.25279,7.25279,108201.25534289215,0
CDR,D,19961023,000000,7.39162,7.39162,7.39162,7.39162,190654.5707603195,0
CDR,D,19961024,000000,7.21578,7.21578,7.21578,7.21578,104282.55352405625,0
CDR,D,19961025,000000,7.21578,7.21578,7.21578,7.21578,68454.27556026893,0
CDR,D,19961028,000000,7.12309,7.12309,7.12309,7.12309,63910.76365369346,0
CDR,D,19961029,000000,7.02119,7.02119,7.02119,7.02119,97184.21684356027,0
CDR,D,19961030,000000,7.17868,7.17868,7.17868,7.17868,45974.49383672806,0
CDR,D,19961031,000000,7.39162,7.39162,7.39162,7.39162,230571.39183533326,0
CDR,D,19961104,000000,7.30828,7.30828,7.30828,7.30828,60985.37606001712,0
CDR,D,19961105,000000,7.30828,7.30828,7.30828,7.30828,38627.056594057736,0
CDR,D,19961106,000000,7.50276,7.50276,7.50276,7.50276,145745.4450303606,0
CDR,D,19961107,000000,7.56765,7.56765,7.56765,7.56765,156787.18771769197,0
CDR,D,19961108,000000,7.62323,7.62323,7.62323,7.62323,59233.43739554179,0
CDR,D,19961112,000000,7.66023,7.66023,7.66023,7.66023,106120.95684647669,0
CDR,D,19961113,000000,7.58622,7.58622,7.58622,7.58622,52613.74435721141,0
CDR,D,19961114,000000,7.62323,7.62323,7.62323,7.62323,142277.59464221817,0
CDR,D,19961115,000000,7.81771,7.81771,7.81771,7.81771,99991.2302031508,0
CDR,D,19961118,000000,7.89194,7.89194,7.89194,7.89194,108824.00674830795,0
CDR,D,19961119,000000,7.89194,7.89194,7.89194,7.89194,115856.46559419276,0
CDR,D,19961120,000000,7.92896,7.92896,7.92896,7.92896,127016.58251559189,0
CDR,D,19961121,000000,8.01221,8.01221,8.01221,8.01221,164745.02427177134,0
CDR,D,19961122,000000,8.4384,8.4384,8.4384,8.4384,275876.8139141813,0
CDR,D,19961125,000000,8.51243,8.51243,8.51243,8.51243,121470.49231337383,0
CDR,D,19961126,000000,8.39207,8.39207,8.39207,8.39207,171978.20464502546,0
CDR,D,19961127,000000,8.39207,8.39207,8.39207,8.39207,56035.274392883584,0
CDR,D,19961128,000000,8.04933,8.04933,8.04933,8.04933,61441.374196540106,0
CDR,D,19961129,000000,8.2069,8.2069,8.2069,8.2069,143180.3268447751,0
CDR,D,19961202,000000,8.31794,8.31794,8.31794,8.31794,93641.22455030362,0
CDR,D,19961203,000000,8.2069,8.2069,8.2069,8.2069,125808.13598675653,0
CDR,D,19961204,000000,8.16045,8.16045,8.16045,8.16045,80045.68643021861,0
CDR,D,19961205,000000,8.78096,8.78096,8.78096,8.78096,206417.90137592398,0
CDR,D,19961206,000000,8.74395,8.74395,8.74395,8.74395,95086.41954732059,0
CDR,D,19961209,000000,8.24391,8.24391,8.24391,8.24391,80810.48691653174,0
CDR,D,19961210,000000,8.39207,8.39207,8.39207,8.39207,126902.32564618372,0
CDR,D,19961211,000000,8.35505,8.35505,8.35505,8.35505,57851.03220964934,0
CDR,D,19961212,000000,8.39207,8.39207,8.39207,8.39207,90575.84655805572,0
CDR,D,19961213,000000,8.39207,8.39207,8.39207,8.39207,132264.1637797008,0
CDR,D,19961216,000000,8.39207,8.39207,8.39207,8.39207,86405.98549472472,0
CDR,D,19961217,000000,8.39207,8.39207,8.39207,8.39207,277684.3370016149,0
CDR,D,19961218,000000,8.66992,8.66992,8.66992,8.66992,244891.58613625655,0
CDR,D,19961219,000000,8.54945,8.54945,8.54945,8.54945,101504.36171712277,0
CDR,D,19961220,000000,8.70693,8.70693,8.70693,8.70693,194182.12293608574,0
CDR,D,19961223,000000,8.90151,8.90151,8.90151,8.90151,197601.59428942314,0
CDR,D,19961224,000000,8.78096,8.78096,8.78096,8.78096,139240.00886145144,0
CDR,D,19961230,000000,8.97554,8.97554,8.97554,8.97554,220794.70944098142,0
CDR,D,19961231,000000,9.32732,9.32732,9.32732,9.32732,500438.9120225942,0
CDR,D,19970102,000000,9.24378,9.24378,9.24378,9.24378,219843.59820362952,0
CDR,D,19970103,000000,9.32732,9.32732,9.32732,9.32732,123595.05247992474,0
CDR,D,19970106,000000,9.32732,9.32732,9.32732,9.32732,146702.73231471187,0
CDR,D,19970107,000000,9.63238,9.63238,9.63238,9.63238,120815.83133182135,0
CDR,D,19970108,000000,10.0599,10.0599,10.0599,10.0599,148259.09615765137,0
CDR,D,19970109,000000,10.2542,10.2542,10.2542,10.2542,99966.52601516835,0
CDR,D,19970110,000000,10.365,10.365,10.365,10.365,253142.78492264566,0
CDR,D,19970113,000000,10.6427,10.6427,10.6427,10.6427,136320.79731477244,0
CDR,D,19970114,000000,10.8379,10.8379,10.8379,10.8379,156173.70038276518,0
CDR,D,19970115,000000,11.143,11.143,11.143,11.143,291919.09598576697,0
CDR,D,19970116,000000,11.9222,11.9222,11.9222,11.9222,191867.13465382447,0
CDR,D,19970117,000000,13.0793,13.0793,13.0793,13.0793,349859.68087685213,0
CDR,D,19970120,000000,13.4689,13.4689,13.4689,13.4689,363385.22379765735,0
CDR,D,19970121,000000,13.0045,13.0045,13.0045,13.0045,215990.7742194168,0
CDR,D,19970122,000000,14.2374,14.2374,14.2374,14.2374,245245.67949735004,0
CDR,D,19970123,000000,15.6352,15.6352,15.6352,15.6352,189773.45472225038,0
CDR,D,19970124,000000,17.1828,17.1828,17.1828,17.1828,369279.2313139695,0
CDR,D,19970127,000000,18.8392,18.8392,18.8392,18.8392,470776.38764293306,0
CDR,D,19970128,000000,17.9513,17.9513,17.9513,17.9513,241624.45727547343,0
CDR,D,19970129,000000,16.2094,16.2094,16.2094,16.2094,395044.67003928253,0
CDR,D,19970130,000000,16.4047,16.4047,16.4047,16.4047,209595.47755526632,0
CDR,D,19970131,000000,15.7091,15.7091,15.7091,15.7091,128207.53024461909,0
CDR,D,19970203,000000,16.2094,16.7932,16.2094,16.5991,375623.0609198254,0
CDR,D,19970204,000000,16.4047,16.7184,16.2094,16.2094,388260.2824144022,0
CDR,D,19970205,000000,16.2094,16.5991,16.2094,16.5991,353163.8660196114,0
CDR,D,19970206,000000,16.9875,18.7674,16.9875,18.7674,229546.16803401895,0
CDR,D,19970207,000000,18.6449,20.3879,18.6449,20.0069,259814.97436043763,0
CDR,D,19970210,000000,20.5083,20.5083,19.5358,20.1186,530407.1507285339,0
CDR,D,19970211,000000,20.8968,22.3609,20.8968,22.1753,387364.7556000045,0
CDR,D,19970212,000000,21.9801,21.9801,20.8133,21.2767,303697.8469479224,0
CDR,D,19970213,000000,22.5552,24.1018,22.5552,23.8328,318285.66995199805,0
CDR,D,19970214,000000,24.4166,25.3793,24.1018,24.1018,419455.49579018535,0
CDR,D,19970217,000000,24.4166,24.4914,23.9172,24.2223,437852.91044949816,0
CDR,D,19970218,000000,24.4166,25.9633,22.8322,22.8322,325631.04851233057,0
CDR,D,19970219,000000,21.9801,24.611,21.9801,23.4441,1429045.6634641455,0
CDR,D,19970220,000000,23.2586,23.8328,23.139,23.139,228619.7609846545,0
CDR,D,19970221,000000,22.5552,22.5552,21.2767,21.471,99716.39611183814,0
CDR,D,19970224,000000,20.3139,21.0912,20.3139,20.7026,165056.91464505915,0
CDR,D,19970225,000000,19.9243,20.5083,19.5358,20.5083,142886.96461247536,0
CDR,D,19970226,000000,20.7026,20.7026,20.3879,20.3879,169810.412149499,0
CDR,D,19970227,000000,20.3139,20.3139,19.1559,19.6175,146790.22631382287,0
CDR,D,19970228,000000,19.5358,20.5083,19.1559,19.2287,169851.5857961247,0
CDR,D,19970303,000000,18.5341,18.7674,18.5341,18.7674,151770.1788747593,0
CDR,D,19970304,000000,19.1559,20.3879,19.1559,20.1186,59034.77455051027,0
CDR,D,19970305,000000,20.1186,20.1186,19.5358,19.7301,116169.38530864047,0
CDR,D,19970306,000000,20.7026,21.5915,20.7026,21.5915,191460.54489325636,0
CDR,D,19970307,000000,22.055,22.055,21.0912,21.2019,130208.56947126276,0
CDR,D,19970310,000000,22.4435,24.2971,22.4435,24.2971,249097.47414039282,0
CDR,D,19970311,000000,24.6857,25.3793,23.5277,25.1851,269546.36574348406,0
CDR,D,19970312,000000,25.3793,25.3793,24.1018,24.4914,388699.8110922669,0
CDR,D,19970313,000000,23.0642,23.0642,21.3973,21.3973,143944.09798992635,0
CDR,D,19970314,000000,20.8133,20.8133,19.5358,20.1186,156966.29308056348,0
CDR,D,19970317,000000,20.5083,20.8968,20.0069,20.0069,265201.5166819422,0
CDR,D,19970318,000000,20.1186,20.1186,19.2287,19.2287,342341.37300063745,0
CDR,D,19970319,000000,19.7301,20.1186,19.4231,19.9243,138682.10594949897,0
CDR,D,19970320,000000,19.5358,19.5358,19.0346,19.5358,142042.90485638237,0
CDR,D,19970321,000000,19.7301,20.0069,19.7301,20.0069,137121.6247418999,0
CDR,D,19970324,000000,20.1186,20.5083,20.0069,20.0069,91038.02074157406,0
CDR,D,19970325,000000,20.7026,20.8968,20.582,20.7026,70910.28358226565,0
CDR,D,19970326,000000,21.471,22.4435,21.471,22.2492,91554.75000688978,0
CDR,D,19970327,000000,22.6378,22.6378,21.7858,22.055,132587.37690580744,0
CDR,D,19970401,000000,20.7026,20.7026,19.5358,19.5358,151455.20047797175,0
CDR,D,19970402,000000,19.5358,20.3879,19.5358,20.2012,137205.00137633126,0
CDR,D,19970403,000000,20.2012,20.2012,19.5358,19.6175,146464.9545053764,0
CDR,D,19970404,000000,19.7301,20.7026,19.7301,20.7026,69834.62206383058,0
CDR,D,19970407,000000,21.0912,21.0912,20.7026,21.0912,113343.84380807188,0
CDR,D,19970408,000000,20.8968,20.8968,20.5083,20.582,85734.85505451493,0
CDR,D,19970409,000000,20.7026,21.2767,20.7026,21.0912,138439.18143433402,0
CDR,D,19970410,000000,20.5083,20.582,20.3879,20.5083,66976.14164594236,0
CDR,D,19970411,000000,20.5083,20.8968,20.3879,20.3879,42757.80269308278,0
CDR,D,19970414,000000,19.0346,19.9243,19.0346,19.5358,70036.37293235977,0
CDR,D,19970415,000000,19.7301,19.7301,19.5358,19.7301,57014.17784171864,0
CDR,D,19970416,000000,21.0912,21.0912,20.2012,20.3139,69263.3377167195,0
CDR,D,19970417,000000,20.5083,20.7026,20.3139,20.3879,85000.93480318061,0
CDR,D,19970418,000000,20.7026,21.0912,20.582,21.0912,153246.2541067571,0
CDR,D,19970421,000000,21.2767,21.2767,21.0076,21.0076,129500.38274907578,0
CDR,D,19970422,000000,21.0912,21.3973,20.8968,21.3973,80136.26845282326,0
CDR,D,19970423,000000,21.471,21.6662,21.0912,21.6662,186751.30905897202,0
CDR,D,19970424,000000,21.8606,21.8606,21.3973,21.3973,102966.02617279203,0
CDR,D,19970425,000000,21.0912,21.0912,20.7026,20.8133,60962.73055436546,0
CDR,D,19970428,000000,20.3139,20.3139,20.3139,20.3139,65495.94904928199,0
CDR,D,19970429,000000,20.1186,20.5083,20.1186,20.3139,56725.96231524736,0
CDR,D,19970430,000000,20.8968,21.2019,20.8968,21.2019,93408.5934467946,0
CDR,D,19970505,000000,21.8606,22.3609,21.8606,22.2492,127437.58305248854,0
CDR,D,19970506,000000,22.2492,22.2492,21.2767,21.3973,103794.6458113966,0
CDR,D,19970507,000000,21.2767,21.6662,21.2767,21.471,57923.086091266916,0
CDR,D,19970508,000000,21.0076,21.3973,21.0076,21.2767,58308.05968733721,0
CDR,D,19970509,000000,21.2767,21.471,20.8133,20.8133,104619.14808533154,0
CDR,D,19970512,000000,20.8968,21.0912,20.8968,20.8968,51957.024693324136,0
CDR,D,19970513,000000,20.582,20.7026,20.5083,20.582,72653.98751741285,0
CDR,D,19970514,000000,21.0912,21.7858,21.0912,21.3973,96664.39955474787,0
CDR,D,19970515,000000,21.7858,21.7858,21.2019,21.2019,77872.74722886269,0
CDR,D,19970516,000000,21.6662,21.6662,21.2019,21.2019,61650.33045323055,0
CDR,D,19970519,000000,21.0912,21.471,21.0912,21.2019,60672.456345562394,0
CDR,D,19970520,000000,21.471,21.471,21.2019,21.2019,68449.12885443945,0
CDR,D,19970521,000000,21.2767,21.471,21.0912,21.0912,65659.61429467011,0
CDR,D,19970522,000000,21.471,21.471,21.2019,21.2019,71525.82959951418,0
CDR,D,19970523,000000,21.0912,21.0912,20.7026,20.8133,60789.8012384833,0
CDR,D,19970526,000000,20.7026,20.7026,20.7026,20.7026,81716.30714258233,0
CDR,D,19970527,000000,20.5083,20.7026,20.5083,20.7026,54094.96629503668,0
CDR,D,19970528,000000,20.7026,20.7026,20.5083,20.5083,62506.74230331524,0
CDR,D,19970530,000000,20.5083,20.582,20.1186,20.3139,49174.71552171705,0
CDR,D,19970602,000000,20.1186,20.3879,20.1186,20.2012,18589.90145735499,0
CDR,D,19970603,000000,20.3139,20.3139,19.7301,19.7301,49433.08015437541,0
CDR,D,19970604,000000,19.9243,19.9243,19.7301,19.7301,41468.03821212577,0
CDR,D,19970605,000000,20.1186,20.1186,19.8126,20.0069,80902.09828030229,0
CDR,D,19970606,000000,20.582,20.582,20.2012,20.2012,48341.978518450924,0
CDR,D,19970609,000000,20.1186,20.1186,19.8126,19.8126,31869.431839488592,0
CDR,D,19970610,000000,19.7301,19.7301,19.7301,19.7301,31829.28753401573,0
CDR,D,19970611,000000,19.7301,20.0069,19.7301,20.0069,30306.89194955072,0
CDR,D,19970612,000000,19.7301,19.7301,19.1559,19.1559,44424.30604078192,0
CDR,D,19970613,000000,19.3502,19.4231,19.1559,19.1559,60457.32404187658,0
CDR,D,19970616,000000,18.9616,18.9616,18.5341,18.6449,55779.99778372391,0
CDR,D,19970617,000000,18.5341,18.5341,18.5341,18.5341,55449.57926944898,0
CDR,D,19970618,000000,18.5341,19.1559,18.4604,18.7674,42950.28949111692,0
CDR,D,19970619,000000,19.9243,20.5083,19.9243,20.5083,43931.25162228477,0
CDR,D,19970620,000000,19.3502,19.9243,19.3502,19.5358,55630.7433146593,0
CDR,D,19970623,000000,19.1559,19.1559,18.6449,18.6449,26847.276290738482,0
CDR,D,19970624,000000,18.7674,18.9616,18.7674,18.9616,24464.351491526213,0
CDR,D,19970625,000000,18.8392,18.8392,18.2651,18.2651,11188.938474056187,0
CDR,D,19970626,000000,18.3398,18.3398,17.5617,17.5617,23511.181571840505,0
CDR,D,19970627,000000,17.7569,18.1456,17.7569,18.1456,29129.325655686152,0
CDR,D,19970630,000000,17.9513,17.9513,17.1828,17.1828,17974.35544010747,0
CDR,D,19970701,000000,17.2926,17.2926,16.9875,16.9875,27023.29363011833,0
CDR,D,19970702,000000,16.7932,16.904,16.7184,16.7184,44501.506628228955,0
CDR,D,19970703,000000,17.2926,17.7569,17.2926,17.7569,72214.45883954517,0
CDR,D,19970704,000000,18.9616,19.0346,18.8392,18.9616,60140.28696275828,0
CDR,D,19970707,000000,18.9616,18.9616,18.9616,18.9616,68173.26542196091,0
CDR,D,19970708,000000,18.9616,19.1559,18.9616,19.1559,53585.44241788321,0
CDR,D,19970709,000000,18.5341,18.7674,18.5341,18.7674,36723.804778187005,0
CDR,D,19970710,000000,18.3398,18.3398,18.3398,18.3398,28490.10479162007,0
CDR,D,19970711,000000,17.5617,17.5617,17.5617,17.5617,29570.913015885617,0
CDR,D,19970714,000000,17.5617,17.5617,17.1828,17.1828,27629.575576872812,0
CDR,D,19970715,000000,16.7932,17.5617,16.7932,17.3771,26824.630785086814,0
CDR,D,19970716,000000,16.5991,16.5991,16.2094,16.2094,71581.41402247545,0
CDR,D,19970717,000000,15.7091,16.5991,15.7091,16.5991,76005.52235380023,0
CDR,D,19970718,000000,16.2094,16.2094,15.2467,15.2467,116695.37864445626,0
CDR,D,19970721,000000,15.7091,15.8209,15.6352,15.8209,417573.86013878934,0
CDR,D,19970722,000000,15.7091,16.2094,15.7091,16.0151,225650.11172085075,0
CDR,D,19970723,000000,16.0151,16.293,16.0151,16.0151,71475.39188238139,0
CDR,D,19970724,000000,16.4047,16.4776,16.4047,16.4776,54751.68595892295,0
CDR,D,19970725,000000,16.4047,16.7184,16.293,16.5991,44129.91446731528,0
CDR,D,19970728,000000,16.7932,17.5617,16.7932,17.5617,55198.42002495288,0
CDR,D,19970729,000000,17.5617,19.3502,17.5617,19.2287,96894.9719759231,0
CDR,D,19970730,000000,19.3502,21.0912,19.3502,21.0912,93580.49342151187,0
CDR,D,19970731,000000,21.2019,21.2019,19.9243,20.3139,375752.757906742,0
CDR,D,19970801,000000,20.1186,21.2019,20.1186,20.7026,129696.9869117755,0
CDR,D,19970804,000000,21.0076,21.8606,21.0076,21.8606,96434.85647473653,0
CDR,D,19970805,000000,22.4435,23.8328,22.4435,23.4441,188693.67583914168,0
CDR,D,19970806,000000,22.4435,22.4435,21.471,21.7858,76177.4223285155,0
CDR,D,19970807,000000,21.8606,23.2586,21.8606,22.7496,53063.56644673803,0
CDR,D,19970808,000000,22.6378,23.8328,22.6378,23.139,78625.19562118509,0
CDR,D,19970811,000000,22.4435,22.7496,22.4435,22.7496,74807.36923661479,0
CDR,D,19970812,000000,22.4435,23.3333,22.4435,22.7496,79723.50264526984,0
CDR,D,19970813,000000,22.6378,22.6378,22.6378,22.6378,115440.61176314566,0
CDR,D,19970814,000000,22.055,22.2492,21.8606,21.9801,119318.13993533578,0
CDR,D,19970818,000000,22.055,22.055,22.055,22.055,78190.81364914688,0
CDR,D,19970819,000000,22.055,22.2492,22.055,22.2492,106796.20465135708,0
CDR,D,19970820,000000,22.4435,22.4435,21.9801,21.9801,71550.53378749664,0
CDR,D,19970821,000000,22.4435,22.4435,21.9801,22.055,83961.30022555482,0
CDR,D,19970822,000000,22.4435,22.4435,22.3609,22.3609,28469.517968301196,0
CDR,D,19970825,000000,22.055,22.055,21.8606,21.8606,35809.74982280826,0
CDR,D,19970826,000000,21.471,22.055,21.471,22.055,13033.517843467971,0
CDR,D,19970827,000000,21.6662,21.6662,20.3879,21.471,54187.606999974116,0
CDR,D,19970828,000000,21.9801,22.5552,21.9801,22.4435,68477.95040708648,0
CDR,D,19970829,000000,22.055,22.055,21.6662,21.6662,71662.73197458706,0
CDR,D,19970901,000000,21.5915,21.8606,21.5915,21.8606,15953.758731314832,0
CDR,D,19970902,000000,21.2767,21.5915,21.2767,21.471,42490.173989931376,0
CDR,D,19970903,000000,21.8606,22.055,21.8606,21.8606,50970.91585632882,0
CDR,D,19970904,000000,21.8606,21.8606,21.8606,21.8606,68834.10245051177,0
CDR,D,19970905,000000,21.2767,21.9801,21.2767,21.5915,25006.814285990273,0
CDR,D,19970908,000000,21.471,21.471,21.2767,21.2767,35030.53856017161,0
CDR,D,19970909,000000,21.6662,21.6662,21.471,21.5915,38246.20036265101,0
CDR,D,19970910,000000,22.055,22.055,21.8606,21.8606,84819.7707579713,0
CDR,D,19970911,000000,22.8322,24.2223,22.8322,24.0279,120369.09726578741,0
CDR,D,19970912,000000,24.4166,25.1851,24.4166,24.6857,273879.89205219725,0
CDR,D,19970915,000000,24.4166,24.611,24.4166,24.611,304052.9696501757,0
CDR,D,19970916,000000,24.4166,24.4166,23.8328,24.0279,117362.39171999745,0
CDR,D,19970917,000000,24.2223,24.2223,23.8328,23.8328,86253.64300216243,0
CDR,D,19970918,000000,24.0279,24.0279,23.6384,23.6384,130657.36221962649,0
CDR,D,19970919,000000,23.6384,23.6384,23.139,23.139,205790.0032646787,0
CDR,D,19970922,000000,24.0279,24.0279,23.7229,23.7229,100416.34810469496,0
CDR,D,19970923,000000,23.8328,23.8328,23.2586,23.2586,57019.32454754811,0
CDR,D,19970924,000000,23.4441,23.4441,22.8322,22.9448,23898.213850244592,0
CDR,D,19970925,000000,23.0642,23.0642,22.4435,22.5552,31719.14802925709,0
CDR,D,19970926,000000,22.2492,22.9448,22.2492,22.9448,65477.4209082939,0
CDR,D,19970929,000000,22.3609,22.3609,22.3609,22.3609,34006.34410003523,0
CDR,D,19970930,000000,22.055,22.055,21.6662,21.6662,16183.30181132516,0
CDR,D,19971001,000000,21.8606,22.2492,21.8606,21.9801,44776.34071954262,0
CDR,D,19971002,000000,22.1753,22.1753,22.055,22.1753,43754.20494173802,0
CDR,D,19971003,000000,22.4435,22.4435,22.4435,22.4435,51162.37331319908,0
CDR,D,19971006,000000,22.2492,22.2492,20.8968,22.2492,59421.80682891336,0
CDR,D,19971007,000000,22.055,22.055,22.055,22.055,38105.180622913555,0
CDR,D,19971008,000000,22.055,22.4435,22.055,22.4435,53529.85799492195,0
CDR,D,19971009,000000,22.2492,22.2492,21.8606,21.8606,31855.02106316508,0
CDR,D,19971010,000000,21.8606,21.8606,21.7858,21.7858,113880.13055553657,0
CDR,D,19971013,000000,21.6662,22.2492,21.471,22.2492,83039.01054084893,0
CDR,D,19971014,000000,21.6662,22.5552,21.6662,22.4435,209798.2577649654,0
CDR,D,19971015,000000,22.6378,22.9448,22.6378,22.7496,75031.76561079566,0
CDR,D,19971016,000000,22.6378,22.7496,22.6378,22.6378,69500.08618489208,0
CDR,D,19971017,000000,22.2492,22.9448,22.2492,22.7496,49135.600557410085,0
CDR,D,19971020,000000,22.6378,22.8322,22.6378,22.8322,111410.7410983812,0
CDR,D,19971021,000000,23.0642,23.0642,22.5552,22.5552,88046.75531327553,0
CDR,D,19971022,000000,22.6378,22.6378,22.2492,22.2492,55222.094871770445,0
CDR,D,19971023,000000,21.6662,22.2492,21.471,21.471,105124.55459782947,0
CDR,D,19971024,000000,21.6662,22.1753,21.6662,21.7858,63966.348076655726,0
CDR,D,19971027,000000,20.8968,20.8968,19.7301,19.7301,81696.74966042834,0
CDR,D,19971028,000000,18.8392,18.8392,16.9875,17.1828,28173.067712502765,0
CDR,D,19971029,000000,19.7301,20.5083,19.5358,20.3139,152163.38720016877,0
CDR,D,19971030,000000,18.7674,19.1559,18.5341,18.5341,91255.21172759368,0
CDR,D,19971031,000000,19.2287,19.5358,19.2287,19.4231,100690.15285484675,0
CDR,D,19971103,000000,19.7301,20.0069,19.7301,20.0069,177124.91047485473,0
CDR,D,19971104,000000,20.1186,20.3139,19.9243,20.3139,335533.31052893953,0
CDR,D,19971105,000000,19.9243,19.9243,19.5358,19.5358,152216.91294079323,0
CDR,D,19971106,000000,19.9243,19.9243,19.5358,19.7301,148537.0182724627,0
CDR,D,19971107,000000,19.1559,19.1559,18.9616,18.9616,47772.75285367062,0
CDR,D,19971112,000000,18.2651,18.2651,17.1828,17.5617,59616.352309281305,0
CDR,D,19971113,000000,16.4776,16.7932,16.4776,16.7932,116391.72300048755,0
CDR,D,19971114,000000,16.904,17.1828,16.7932,17.1828,129918.29526246269,0
CDR,D,19971117,000000,17.1828,17.8765,17.1828,17.7569,159774.33578132393,0
CDR,D,19971118,000000,17.5617,17.5617,16.9875,16.9875,90425.56274782422,0
CDR,D,19971119,000000,16.4047,17.0982,16.4047,16.7932,63324.03918909296,0
CDR,D,19971120,000000,16.9875,16.9875,16.7184,16.7932,29191.086125643786,0
CDR,D,19971121,000000,17.2926,17.6822,17.2926,17.5617,48241.10308418533,0
CDR,D,19971124,000000,17.2926,17.2926,16.5991,16.7932,77103.82937788597,0
CDR,D,19971125,000000,17.1828,17.5617,17.1828,17.487,113126.65282204424,0
CDR,D,19971126,000000,17.3771,17.3771,16.9875,16.9875,71423.9248240827,0
CDR,D,19971127,000000,17.1828,17.1828,16.9875,16.9875,63351.831400573086,0
CDR,D,19971128,000000,17.3771,17.3771,17.0982,17.0982,61502.10532533184,0
CDR,D,19971201,000000,17.5617,18.4604,17.5617,18.3398,30408.796724982214,0
CDR,D,19971202,000000,18.5341,18.9616,18.5341,18.9616,48414.0324000685,0
CDR,D,19971203,000000,18.5341,18.7674,18.5341,18.7674,85657.6544670669,0
CDR,D,19971204,000000,18.4604,19.1559,18.4604,18.9616,100533.69299761284,0
CDR,D,19971205,000000,18.5341,18.5341,18.2651,18.3398,62179.411812538,0
CDR,D,19971208,000000,18.4604,18.4604,18.0708,18.2651,26669.200269025845,0
CDR,D,19971209,000000,18.5341,19.4231,18.5341,19.0346,372234.4698014648,0
CDR,D,19971210,000000,18.5341,18.5341,18.3398,18.4604,335813.2913260806,0
CDR,D,19971211,000000,17.3771,17.3771,17.1828,17.1828,88504.8121321313,0
CDR,D,19971212,000000,17.1828,17.3771,17.1828,17.3771,42806.18172788178,0
CDR,D,19971215,000000,17.5617,18.5341,17.5617,18.2651,64221.6246858154,0
CDR,D,19971216,000000,18.1456,18.1456,17.9513,17.9513,131701.11416191884,0
CDR,D,19971217,000000,18.1456,18.1456,17.7569,17.7569,33337.27234215722,0
CDR,D,19971218,000000,17.3771,17.7569,17.3771,17.5617,30080.43689303807,0
CDR,D,19971219,000000,16.0151,16.0151,15.8209,15.9034,78939.14467680472,0
CDR,D,19971222,000000,16.4047,16.4047,16.0151,16.0986,311065.8710139126,0
CDR,D,19971223,000000,16.5991,17.0982,16.5991,17.0982,52650.80063918559,0
CDR,D,19971229,000000,18.2651,18.4604,17.8765,18.3398,47081.03559014195,0
CDR,D,19971230,000000,17.7569,18.1456,17.5617,17.5617,89936.62569398964,0
CDR,D,19971231,000000,18.1456,18.4604,18.1456,18.4604,85909.84305272887,0
CDR,D,19980105,000000,18.1456,18.1456,17.5617,17.7569,38719.69729899518,0
CDR,D,19980106,000000,18.1456,18.1456,17.5617,17.5617,202384.94268766989,0
CDR,D,19980107,000000,17.3771,17.3771,17.3771,17.3771,46700.179358734225,0
CDR,D,19980108,000000,17.5617,17.5617,17.3771,17.3771,109572.3377759708,0
CDR,D,19980109,000000,17.5617,17.9513,17.487,17.5617,57117.11195831502,0
CDR,D,19980112,000000,15.8209,15.9034,15.7091,15.8209,93722.54250241423,0
CDR,D,19980113,000000,16.5991,16.7184,16.2094,16.7184,50685.78835335523,0
CDR,D,19980114,000000,17.487,17.5617,17.1828,17.487,94362.79270764621,0
CDR,D,19980115,000000,16.7932,17.1828,16.7184,16.9875,17219.848365454276,0
CDR,D,19980116,000000,17.3771,17.6822,17.3771,17.5617,49300.2951439651,0
CDR,D,19980119,000000,17.5617,17.5617,17.1828,17.1828,47577.17803213679,0
CDR,D,19980120,000000,17.2926,17.2926,16.904,17.0982,48169.04920256776,0
CDR,D,19980121,000000,17.7569,17.7569,17.2926,17.2926,78289.63040107969,0
CDR,D,19980122,000000,17.7569,17.9513,17.7569,17.9513,357064.03969744913,0
CDR,D,19980123,000000,17.7569,18.4604,17.7569,18.3398,45077.93768117052,0
CDR,D,19980126,000000,18.1456,18.1456,17.7569,17.7569,49249.85742683231,0
CDR,D,19980127,000000,17.9513,18.1456,17.9513,18.1456,34191.62550990913,0
CDR,D,19980128,000000,18.1456,18.4604,18.1456,18.4604,63151.10987320979,0
CDR,D,19980129,000000,18.1456,18.4604,18.1456,18.2651,82421.40584126861,0
CDR,D,19980130,000000,16.5991,17.6822,16.5991,17.5617,41945.65251313452,0
CDR,D,19980202,000000,18.2651,18.6449,18.2651,18.5341,125108.18399389871,0
CDR,D,19980203,000000,18.5341,18.7674,18.5341,18.6449,127561.1039924058,0
CDR,D,19980204,000000,18.5341,18.5341,18.0708,18.0708,56311.13782536214,0
CDR,D,19980205,000000,18.5341,19.5358,18.5341,19.5358,374074.931806215,0
CDR,D,19980206,000000,19.1559,20.1186,19.1559,19.5358,75563.93499359977,0
CDR,D,19980209,000000,20.5083,21.2019,20.5083,20.8968,191948.4526059361,0
CDR,D,19980210,000000,20.8968,21.2019,20.8968,21.0912,217794.1799421808,0
CDR,D,19980211,000000,20.8968,21.2019,20.7026,20.7026,149411.9582635325,0
CDR,D,19980212,000000,20.1186,20.1186,19.2287,19.3502,91332.41231504071,0
CDR,D,19980213,000000,18.5341,19.2287,18.5341,19.2287,142142.75094948208,0
CDR,D,19980216,000000,18.7674,18.7674,18.3398,18.3398,165367.77567718714,0
CDR,D,19980217,000000,18.3398,18.6449,18.3398,18.5341,89300.49285342325,0
CDR,D,19980218,000000,18.5341,19.1559,18.5341,19.0346,272004.43244781066,0
CDR,D,19980219,000000,19.1559,19.4231,18.6449,18.8392,193744.65294054084,0
CDR,D,19980220,000000,18.5341,18.7674,18.2651,18.3398,73210.86108820142,0
CDR,D,19980223,000000,18.7674,19.1559,18.7674,19.1559,173983.36123631865,0
CDR,D,19980224,000000,18.8392,18.8392,18.5341,18.5341,128991.88821308823,0
CDR,D,19980225,000000,18.3398,18.4604,18.2651,18.4604,93769.89219604936,0
CDR,D,19980226,000000,18.5341,18.5341,18.2651,18.2651,42056.82135905905,0
CDR,D,19980227,000000,18.5341,18.5341,18.3398,18.3398,90027.2077165953,0
CDR,D,19980302,000000,18.5341,18.6449,18.3398,18.5341,58540.69079084622,0
CDR,D,19980303,000000,17.9513,17.9513,17.6822,17.6822,246347.07454493645,0
CDR,D,19980304,000000,17.5617,17.6822,17.5617,17.6822,78198.01903730913,0
CDR,D,19980305,000000,17.5617,17.5617,17.1828,17.1828,59602.97087412368,0
CDR,D,19980306,000000,17.487,17.9513,17.487,17.6822,31537.983984047773,0
CDR,D,19980309,000000,17.7569,18.3398,17.7569,18.3398,44307.990489027914,0
CDR,D,19980310,000000,18.5341,18.5341,18.3398,18.3398,119103.00763164797,0
CDR,D,19980311,000000,18.4604,18.4604,17.6822,17.8765,49147.95265140181,0
CDR,D,19980312,000000,17.7569,18.1456,17.7569,18.1456,39128.34574188404,0
CDR,D,19980313,000000,18.1456,18.1456,17.7569,17.7569,42609.577565183055,0
CDR,D,19980316,000000,17.7569,17.8765,17.7569,17.7569,30687.748180958446,0
CDR,D,19980317,000000,17.7569,17.7569,17.3771,17.487,41952.857901296775,0
CDR,D,19980318,000000,17.5617,17.8765,17.5617,17.7569,47083.09427247274,0
CDR,D,19980319,000000,17.5617,17.5617,17.3771,17.3771,59111.97513795832,0
CDR,D,19980320,000000,17.3771,17.3771,16.904,17.1828,46519.015313523916,0
CDR,D,19980323,000000,17.3771,17.3771,16.9875,17.1828,29690.316591138308,0
CDR,D,19980324,000000,17.3771,17.3771,16.9875,16.9875,71215.99790855712,0
CDR,D,19980325,000000,17.5617,17.5617,17.3771,17.3771,61833.55318077266,0
CDR,D,19980326,000000,17.5617,17.5617,17.0982,17.0982,56279.22824921742,0
CDR,D,19980327,000000,17.3771,17.3771,17.2926,17.2926,73212.91977053221,0
CDR,D,19980330,000000,17.3771,17.3771,16.9875,16.9875,108234.19426020877,0
CDR,D,19980331,000000,17.3771,17.3771,17.3771,17.3771,78861.94408935668,0
CDR,D,19980401,000000,16.0151,16.7932,16.0151,16.5991,25812.78841894216,0
CDR,D,19980402,000000,16.5991,16.7932,16.5991,16.7184,27978.522232134826,0
CDR,D,19980406,000000,16.5991,16.904,16.4776,16.7932,43899.34204613905,0
CDR,D,19980407,000000,16.5991,16.7184,16.5991,16.7184,16832.816087050185,0
CDR,D,19980408,000000,16.5991,16.5991,16.4776,16.4776,29129.325655686152,0
CDR,D,19980409,000000,16.2094,16.5991,16.2094,16.4776,9458.615974066117,0
CDR,D,19980414,000000,16.5991,16.5991,16.5991,16.5991,5258.9040169227965,0
CDR,D,19980415,000000,16.9875,16.9875,16.5991,16.5991,58508.78121470052,0
CDR,D,19980416,000000,16.9875,16.9875,16.7932,16.7932,55841.758253682536,0
CDR,D,19980417,000000,17.1828,17.1828,17.1828,17.1828,22000.108740201325,0
CDR,D,19980420,000000,16.5991,16.5991,16.5991,16.5991,6460.1451576057225,0
CDR,D,19980421,000000,15.3204,15.8209,15.3204,15.8209,38489.12487781896,0
CDR,D,19980422,000000,15.7091,15.8209,15.5148,15.5148,57984.84656122454,0
CDR,D,19980423,000000,16.0986,16.7932,16.0986,16.5991,94515.13520020849,0
CDR,D,19980424,000000,17.5617,17.5617,17.1828,17.3771,117724.7198104201,0
CDR,D,19980427,000000,16.293,16.9875,16.293,16.7932,21504.995639372384,0
CDR,D,19980428,000000,16.4776,16.4776,16.2094,16.4776,27071.67266491834,0
CDR,D,19980429,000000,16.4776,16.4776,16.293,16.293,33768.566290696755,0
CDR,D,19980430,000000,16.2094,16.4047,15.9034,16.4047,33796.358502177885,0
CDR,D,19980504,000000,16.0986,16.4047,16.0986,16.293,122673.79213638976,0
CDR,D,19980505,000000,16.2094,16.2094,16.0986,16.0986,31767.5270640581,0
CDR,D,19980506,000000,16.2094,16.293,16.2094,16.293,33554.46332817583,0
CDR,D,19980507,000000,15.6352,15.9034,15.6352,15.9034,51856.14925905954,0
CDR,D,19980508,000000,15.6352,15.9034,15.5148,15.6352,50174.205793870984,0
CDR,D,19980511,000000,15.3204,15.441,15.1262,15.1262,30993.462507250922,0
CDR,D,19980512,000000,15.0523,15.0523,14.8571,14.9309,26328.48834309098,0
CDR,D,19980513,000000,14.552,14.8571,14.043,14.2374,34271.91412085384,0
CDR,D,19980514,000000,14.043,14.1624,14.043,14.043,74682.81895553363,0
CDR,D,19980515,000000,13.8477,14.1624,13.8477,14.1624,84050.85290699359,0
CDR,D,19980518,000000,14.552,14.552,13.8477,13.8477,225472.0356991291,0
CDR,D,19980519,000000,14.4315,14.4315,14.3567,14.4315,123708.28000818308,0
CDR,D,19980520,000000,14.3567,14.4315,14.043,14.043,32541.59162086528,0
CDR,D,19980521,000000,14.6627,15.0523,14.6627,14.9309,24652.72092489779,0
CDR,D,19980522,000000,14.552,14.552,14.4315,14.4315,56308.04980186446,0
CDR,D,19980525,000000,14.3567,14.3567,14.043,14.043,112628.45169772566,0
CDR,D,19980526,000000,14.043,14.1624,13.6631,14.1624,19362.936672995274,0
CDR,D,19980527,000000,12.6906,12.6906,12.1067,12.6906,51018.265549963944,0
CDR,D,19980528,000000,12.301,12.4954,12.1067,12.4954,27565.756424582392,0
CDR,D,19980529,000000,12.4954,12.4954,12.1067,12.1903,28203.947947481578,0
CDR,D,19980601,000000,11.9222,11.9222,11.143,11.4121,31179.77325829071,0
CDR,D,19980602,000000,10.7534,11.2168,10.7534,11.143,49150.011333734605,0
CDR,D,19980603,000000,11.3374,12.1903,11.3374,11.9951,29364.015441525953,0
CDR,D,19980604,000000,12.1067,12.6158,12.1067,12.6158,75969.49541299095,0
CDR,D,19980605,000000,12.6906,12.8101,12.4954,12.8101,74103.29987909339,0
CDR,D,19980608,000000,12.6906,12.8849,12.1903,12.1903,24255.395234834763,0
CDR,D,19980609,000000,12.4954,12.4954,11.7259,11.9222,34601.30329396388,0
CDR,D,19980610,000000,11.7259,12.1067,11.7259,12.1067,34646.594305266204,0
CDR,D,19980615,000000,10.5591,10.8379,10.5591,10.5591,50900.92065704305,0
CDR,D,19980616,000000,10.7534,11.5316,10.7534,11.5316,27437.08877883666,0
CDR,D,19980617,000000,11.8008,11.8008,11.5316,11.8008,71704.93496239171,0
CDR,D,19980618,000000,12.6906,12.6906,11.9951,12.1067,55669.858278965265,0
CDR,D,19980619,000000,12.1903,12.8849,12.1903,12.8849,50408.895579710785,0
CDR,D,19980622,000000,13.2736,14.3567,13.2736,14.043,53174.73529266357,0
CDR,D,19980623,000000,14.1624,15.2467,14.1624,14.6627,63719.30619682319,0
CDR,D,19980624,000000,14.552,14.552,14.1624,14.4315,72669.42763490225,0
CDR,D,19980625,000000,14.043,14.8571,14.043,14.4315,36711.45268419528,0
CDR,D,19980626,000000,13.8477,14.1624,13.6631,14.1624,62197.939953525085,0
CDR,D,19980629,000000,13.5786,13.6631,13.19,13.19,62182.49983603568,0
CDR,D,19980630,000000,13.6631,14.1624,13.5786,14.043,104211.5289836136,0
CDR,D,19980701,000000,13.6631,13.6631,13.2736,13.3844,53116.062846202614,0
CDR,D,19980702,000000,13.4689,13.4689,13.0045,13.0045,29790.162684236006,0
CDR,D,19980703,000000,13.0793,13.0793,13.0045,13.0045,27922.93780917356,0
CDR,D,19980706,000000,12.8849,13.0045,12.6906,12.6906,23641.90789991802,0
CDR,D,19980707,000000,12.6906,12.6906,12.6158,12.6158,48976.05267668554,0
CDR,D,19980708,000000,12.6158,12.6158,12.1903,12.1903,34394.405719605216,0
CDR,D,19980709,000000,12.6906,12.6906,12.6906,12.6906,58140.277077285515,0
CDR,D,19980710,000000,12.4954,12.4954,12.301,12.4216,20542.56164919363,0
CDR,D,19980713,000000,12.1067,12.4954,12.1067,12.4216,144311.57278616843,0
CDR,D,19980714,000000,12.4954,12.4954,12.1067,12.1067,79376.61467234061,0
CDR,D,19980715,000000,12.1903,12.1903,11.8008,11.9951,46673.41648841799,0
CDR,D,19980716,000000,11.9951,12.1903,11.7259,12.1903,67441.40385295938,0
CDR,D,19980717,000000,12.301,12.301,11.9222,12.1067,40492.2227867894,0
CDR,D,19980720,000000,12.4954,12.6158,12.1903,12.6158,27810.739622082125,0
CDR,D,19980721,000000,12.301,12.301,11.8008,11.8008,45479.380735897124,0
CDR,D,19980722,000000,11.143,11.2168,11.0323,11.0323,96625.2845904399,0
CDR,D,19980723,000000,11.3374,11.7259,11.3374,11.7259,75106.90751591089,0
CDR,D,19980724,000000,11.3374,11.5316,11.2168,11.4121,52098.044433061594,0
CDR,D,19980727,000000,11.3374,11.3374,10.6427,10.7534,21388.680087618377,0
CDR,D,19980728,000000,10.9478,10.9478,10.5591,10.5591,23693.374958216715,0
CDR,D,19980729,000000,10.5591,10.7534,10.5591,10.7534,40014.60848578165,0
CDR,D,19980730,000000,10.7534,10.9478,10.5591,10.7534,37799.46629662208,0
CDR,D,19980731,000000,10.7534,10.8379,10.7534,10.8379,30894.645755319114,0
CDR,D,19980803,000000,10.365,10.365,9.94909,10.365,28325.410205066055,0
CDR,D,19980804,000000,10.365,10.4485,10.365,10.365,89974.71131713071,0
CDR,D,19980805,000000,9.32732,9.70718,9.32732,9.59546,55971.45524059316,0
CDR,D,19980806,000000,9.94909,9.94909,9.55951,9.70718,47934.35941672696,0
CDR,D,19980807,000000,9.75479,10.1347,9.75479,10.0599,30216.30992694606,0
CDR,D,19980810,000000,9.75479,9.94909,9.75479,9.75479,39209.66369399566,0
CDR,D,19980811,000000,9.36424,9.75479,8.93834,8.93834,27661.48515301752,0
CDR,D,19980812,000000,8.97554,9.36424,8.97554,9.36424,35672.84744773438,0
CDR,D,19980813,000000,8.97554,8.97554,8.70693,8.78096,43703.767224605224,0
CDR,D,19980814,000000,8.97554,9.36424,8.97554,9.36424,78565.49383355824,0
CDR,D,19980817,000000,8.97554,9.36424,8.97554,9.20686,89315.93297091265,0
CDR,D,19980818,000000,9.17004,9.36424,9.17004,9.24378,16697.97239430909,0
CDR,D,19980819,000000,9.86452,10.2542,9.75479,10.1347,93074.0575678561,0
CDR,D,19980820,000000,10.365,10.8379,10.365,10.8379,59003.894315531456,0
CDR,D,19980821,000000,10.1347,10.1347,9.75479,9.94909,62089.859131099234,0
CDR,D,19980824,000000,10.5591,10.6427,10.365,10.4485,28309.97008757665,0
CDR,D,19980825,000000,10.365,10.5591,10.1347,10.1347,34023.84289985643,0
CDR,D,19980826,000000,9.36424,9.67026,9.36424,9.47596,17563.648314885817,0
CDR,D,19980827,000000,9.36424,9.36424,8.70693,8.78096,39755.2145119584,0
CDR,D,19980828,000000,8.4384,8.70693,8.28092,8.51243,43286.88405238821,0
CDR,D,19980831,000000,8.97554,8.97554,8.58656,8.81816,36306.92160596999,0
CDR,D,19980901,000000,8.31794,8.70693,8.31794,8.58656,79196.47996829617,0
CDR,D,19980902,000000,9.13322,9.75479,9.13322,9.24378,57931.32082059407,0
CDR,D,19980903,000000,9.13322,9.55951,9.13322,9.40115,52141.27676203213,0
CDR,D,19980904,000000,9.36424,9.52259,9.17004,9.43808,40266.797071443645,0
CDR,D,19980907,000000,9.55951,9.67026,9.52259,9.52259,48417.12042356618,0
CDR,D,19980908,000000,9.29138,9.43808,8.97554,9.43808,55258.12181257873,0
CDR,D,19980909,000000,9.55951,9.55951,9.29138,9.32732,32917.301146442536,0
CDR,D,19980910,000000,9.67026,9.67026,9.36424,9.36424,32634.232325801724,0
CDR,D,19980911,000000,9.36424,9.55951,9.0964,9.29138,31799.43664020281,0
CDR,D,19980914,000000,9.36424,9.43808,9.36424,9.40115,29276.521442418973,0
CDR,D,19980915,000000,9.17004,9.17004,8.97554,8.97554,27661.48515301752,0
CDR,D,19980916,000000,9.17004,9.17004,9.17004,9.17004,3586.224622227285,0
CDR,D,19980917,000000,8.97554,8.97554,8.39207,8.39207,19660.416269959595,0
CDR,D,19980918,000000,8.08634,8.24391,8.08634,8.24391,37181.86159704177,0
CDR,D,19980921,000000,8.01221,8.01221,7.66023,7.73446,37446.40227669549,0
CDR,D,19980922,000000,8.2069,8.39207,8.2069,8.24391,36476.76289835448,0
CDR,D,19980923,000000,8.47542,8.47542,8.24391,8.39207,31849.87435733561,0
CDR,D,19980924,000000,8.78096,8.97554,8.58656,8.6328,30277.041055738802,0
CDR,D,19980925,000000,8.58656,8.78096,8.58656,8.58656,26128.796156893575,0
CDR,D,19980928,000000,8.51243,8.97554,8.51243,8.97554,18933.70140678854,0
CDR,D,19980929,000000,8.86441,8.86441,8.78096,8.78096,15438.05880716501,0
CDR,D,19980930,000000,8.70693,8.78096,8.70693,8.78096,10645.44633842523,0
CDR,D,19981001,000000,8.2069,8.39207,8.08634,8.08634,7108.630092164551,0
CDR,D,19981002,000000,7.7807,8.24391,7.7807,8.04933,36355.300640771005,0
CDR,D,19981005,000000,8.01221,8.01221,8.01221,8.01221,13983.599739654997,0
CDR,D,19981006,000000,7.62323,7.69735,7.62323,7.69735,24637.28080740838,0
CDR,D,19981007,000000,8.01221,8.01221,7.69735,7.69735,27831.326445402006,0
CDR,D,19981008,000000,7.81771,7.81771,7.64168,7.64168,18357.27035384698,0
CDR,D,19981009,000000,7.81771,7.81771,7.6788,7.81771,14149.323667374905,0
CDR,D,19981012,000000,8.01221,8.08634,8.01221,8.04933,12368.563450252537,0
CDR,D,19981013,000000,8.01221,8.01221,8.01221,8.01221,22026.871610517566,0
CDR,D,19981014,000000,7.81771,7.81771,7.81771,7.81771,4877.018444349277,0
CDR,D,19981015,000000,7.66023,7.66023,7.56765,7.56765,11192.026497553868,0
CDR,D,19981016,000000,7.81771,7.81771,7.6788,7.71581,19935.250361273258,0
CDR,D,19981019,000000,7.62323,7.62323,7.62323,7.62323,20471.53710874095,0
CDR,D,19981020,000000,7.42864,7.62323,7.30828,7.52132,26218.34883833234,0
CDR,D,19981021,000000,7.62323,7.62323,7.39162,7.39162,20233.759299403475,0
CDR,D,19981022,000000,7.62323,7.62323,7.5492,7.60467,85519.72275082812,0
CDR,D,19981023,000000,7.52132,7.71581,7.52132,7.60467,66768.21473041679,0
CDR,D,19981026,000000,7.52132,7.52132,7.42864,7.52132,64981.27846629907,0
CDR,D,19981027,000000,7.52132,7.52132,7.27126,7.44729,75785.24334428295,0
CDR,D,19981028,000000,7.2898,7.2898,7.12309,7.16011,56371.868954154874,0
CDR,D,19981029,000000,7.25279,7.25279,7.12309,7.19712,43884.93126981554,0
CDR,D,19981030,000000,7.37315,7.42864,7.2898,7.42864,135299.69087813777,0
CDR,D,19981102,000000,7.52132,8.2069,7.52132,8.2069,342254.9083426964,0
CDR,D,19981103,000000,8.28092,8.28092,7.89194,7.9752,532183.7935810006,0
CDR,D,19981104,000000,8.39207,8.4384,8.16045,8.31794,1798344.4522601827,0
CDR,D,19981105,000000,8.31794,8.31794,7.81771,7.81771,432870.89920621185,0
CDR,D,19981106,000000,7.4843,7.4843,6.94696,7.23424,361467.5612054551,0
CDR,D,19981109,000000,7.21578,7.21578,7.00273,7.07676,357236.9690133414,0
CDR,D,19981110,000000,7.02119,7.02119,6.67845,6.6969,259532.9348809667,0
CDR,D,19981112,000000,6.63211,6.63211,6.36349,6.4005,201796.15954073056,0
CDR,D,19981113,000000,6.25234,6.67845,6.25234,6.63211,206866.6941242877,0
CDR,D,19981116,000000,6.86371,7.30828,6.86371,7.21578,341740.23775970936,0
CDR,D,19981117,000000,7.02119,7.02119,6.63211,6.73392,359255.50703979324,0
CDR,D,19981118,000000,6.92852,6.92852,6.59509,6.67845,122325.87482228561,0
CDR,D,19981119,000000,6.75247,6.75247,6.63211,6.67845,107641.2937486099,0
CDR,D,19981120,000000,6.8915,6.8915,6.6969,6.71547,68563.38572386268,0
CDR,D,19981123,000000,6.86371,6.86371,6.73392,6.78958,105248.07553774673,0
CDR,D,19981124,000000,6.86371,6.86371,6.63211,6.67845,96494.55826236338,0
CDR,D,19981125,000000,6.71547,6.78958,6.63211,6.73392,86186.73582637434,0
CDR,D,19981126,000000,6.8267,6.8267,6.77103,6.77103,52461.40186464813,0
CDR,D,19981127,000000,6.78958,6.78958,6.6969,6.6969,62800.104535615996,0
CDR,D,19981130,000000,6.65067,6.73392,6.65067,6.73392,86166.14900305547,0
CDR,D,19981201,000000,6.53952,6.53952,6.20601,6.20601,145548.84086766085,0
CDR,D,19981202,000000,6.34503,6.5024,6.34503,6.5024,63209.782319669735,0
CDR,D,19981203,000000,6.44684,6.73392,6.44684,6.67845,163762.0034582727,0
CDR,D,19981204,000000,6.8267,7.07676,6.8267,6.86371,200131.71487537224,0
CDR,D,19981207,000000,7.02119,7.02119,6.77103,6.80815,80588.14922468166,0
CDR,D,19981208,000000,6.78958,6.8267,6.77103,6.80815,98899.09922606043,0
CDR,D,19981209,000000,6.8267,6.8267,6.67845,6.77103,75510.4092529693,0
CDR,D,19981210,000000,6.73392,6.86371,6.73392,6.77103,33270.36516636913,0
CDR,D,19981211,000000,6.55808,6.61356,6.53952,6.55808,56837.1311611719,0
CDR,D,19981214,000000,6.44684,6.46539,6.4005,6.4005,55552.51338604637,0
CDR,D,19981215,000000,6.5024,6.55808,6.5024,6.5024,25593.538750590767,0
CDR,D,19981216,000000,6.53952,6.53952,6.46539,6.5024,87303.57099144817,0
CDR,D,19981217,000000,6.44684,6.44684,6.36349,6.36349,42883.382315329814,0
CDR,D,19981218,000000,6.34503,6.5024,6.34503,6.46539,82134.21965596423,0
CDR,D,19981221,000000,6.44684,6.5024,6.41905,6.41905,118758.17834105354,0
CDR,D,19981222,000000,6.53952,6.67845,6.53952,6.59509,75985.96487164624,0
CDR,D,19981223,000000,6.63211,6.73392,6.53952,6.63211,157121.72359662745,0
CDR,D,19981228,000000,6.63211,6.65067,6.59509,6.63211,339509.6554530594,0
CDR,D,19981229,000000,6.63211,6.63211,6.53952,6.59509,128257.9679617539,0
CDR,D,19981230,000000,6.53952,6.63211,6.53952,6.61356,82023.0508100397,0
CDR,D,19981231,000000,6.63211,6.8915,6.63211,6.8915,143213.2657620817,0
CDR,D,19990104,000000,7.02119,7.30828,6.98408,7.30828,344417.55413238326,0
CDR,D,19990105,000000,7.10445,7.21578,6.98408,7.03974,432796.7866422696,0
CDR,D,19990106,000000,7.10445,7.42864,7.05821,7.41017,1325608.199037322,0
CDR,D,19990107,000000,7.7807,7.7807,7.37315,7.46575,761416.012559412,0
CDR,D,19990108,000000,7.62323,8.08634,7.52132,8.08634,633138.4871155001,0
CDR,D,19990111,000000,8.01221,8.16045,7.71581,7.89194,735024.7344051835,0
CDR,D,19990112,000000,7.81771,7.9752,7.58622,7.58622,748255.8857525291,0
CDR,D,19990113,000000,7.30828,7.30828,6.6969,6.92852,494070.37822876096,0
CDR,D,19990114,000000,6.73392,7.07676,6.73392,6.8267,414610.38692197495,0
CDR,D,19990115,000000,6.78958,7.02119,6.67845,7.02119,571889.5997169862,0
CDR,D,19990118,000000,7.21578,7.27126,7.02119,7.21578,687291.0965158258,0
CDR,D,19990119,000000,7.21578,7.27126,6.96562,7.17868,302810.55486285384,0
CDR,D,19990120,000000,7.21578,7.21578,7.07676,7.12309,209868.2529642482,0
CDR,D,19990121,000000,7.19712,7.19712,6.8915,6.90995,377315.2977966708,0
CDR,D,19990122,000000,6.65067,6.80815,6.55808,6.61356,283576.2858356073,0
CDR,D,19990125,000000,6.63211,6.80815,6.63211,6.71547,209975.30444550715,0
CDR,D,19990126,000000,6.86371,6.98408,6.67845,6.75247,107460.12970340862,0
CDR,D,19990127,000000,6.8267,6.8267,6.59509,6.6969,127016.58251559189,0
CDR,D,19990128,000000,6.52097,6.73392,6.52097,6.73392,103779.20569390818,0
CDR,D,19990129,000000,6.78958,6.84515,6.71547,6.8267,280816.6221696519,0
CDR,D,19990201,000000,6.78958,6.78958,6.61356,6.63211,182409.54802091973,0
CDR,D,19990202,000000,6.59509,6.67845,6.52097,6.52097,232169.95866606836,0
CDR,D,19990203,000000,6.57654,6.61356,6.52097,6.61356,220505.46457334125,0
CDR,D,19990204,000000,6.73392,7.5492,6.73392,6.96562,573436.6994894366,0
CDR,D,19990205,000000,6.73392,7.05821,6.73392,7.00273,536049.9990003719,0
CDR,D,19990208,000000,7.41017,7.41017,7.21578,7.41017,1346831.1551972134,0
CDR,D,19990209,000000,7.41017,7.41017,7.05821,7.10445,397899.0330925082,0
CDR,D,19990210,000000,6.94696,7.07676,6.94696,7.02119,304637.6354324555,0
CDR,D,19990211,000000,7.02119,7.07676,6.96562,6.96562,307194.5188887018,0
CDR,D,19990212,000000,7.17868,7.17868,6.94696,7.03974,169601.45589280053,0
CDR,D,19990215,000000,7.02119,7.07676,6.98408,7.03974,218418.99002992638,0
CDR,D,19990216,000000,7.12309,7.14156,7.02119,7.12309,178762.5922698958,0
CDR,D,19990217,000000,7.02119,7.12309,7.02119,7.10445,283341.59604976146,0
CDR,D,19990218,000000,7.10445,7.19712,7.03974,7.16011,162132.55639255073,0
CDR,D,19990219,000000,7.21578,7.42864,7.21578,7.25279,462773.2600775383,0
CDR,D,19990222,000000,7.30828,8.2069,7.30828,8.2069,1271756.1572575055,0
CDR,D,19990223,000000,8.04933,8.6328,8.01221,8.12346,1248368.496625507,0
CDR,D,19990224,000000,7.81771,7.81771,7.4843,7.56765,587310.159724336,0
CDR,D,19990225,000000,7.58622,7.58622,7.27126,7.30828,491958.1701561988,0
CDR,D,19990226,000000,7.30828,7.44729,7.30828,7.33614,365978.1341947199,0
CDR,D,19990301,000000,7.42864,7.42864,7.25279,7.27126,171951.44177469818,0
CDR,D,19990302,000000,7.42864,7.73446,7.2898,7.58622,451986.7939993806,0
CDR,D,19990303,000000,7.46575,7.6788,7.46575,7.60467,365440.81810608535,0
CDR,D,19990304,000000,7.64168,7.66023,7.58622,7.60467,336205.47031031013,0
CDR,D,19990305,000000,7.81771,7.85473,7.69735,7.85473,404068.904041312,0
CDR,D,19990308,000000,7.81771,7.92896,7.73446,7.7807,454077.3859074651,0
CDR,D,19990309,000000,7.85473,7.9752,7.73446,7.7807,370559.7317244475,0
CDR,D,19990310,000000,7.7807,7.81771,7.64168,7.73446,149721.78995449052,0
CDR,D,19990311,000000,7.7807,7.85473,7.73446,7.7807,201829.0984580472,0
CDR,D,19990312,000000,7.81771,7.89194,7.7807,7.85473,263141.80500884453,0
CDR,D,19990315,000000,7.9752,8.01221,7.62323,7.73446,231551.32462532216,0
CDR,D,19990316,000000,7.7807,7.7807,7.62323,7.62323,233404.13872407115,0
CDR,D,19990317,000000,7.58622,7.58622,7.46575,7.4843,196799.73752113583,0
CDR,D,19990318,000000,7.44729,7.44729,7.27126,7.42864,114562.5837485762,0
CDR,D,19990319,000000,7.44729,7.69735,7.44729,7.66023,145197.83553006704,0
CDR,D,19990322,000000,7.62323,7.73446,7.62323,7.73446,177406.94995432562,0
CDR,D,19990323,000000,7.66023,7.73446,7.58622,7.66023,278314.2937951799,0
CDR,D,19990324,000000,6.8915,7.30828,6.8915,7.17868,299945.89839796926,0
CDR,D,19990325,000000,7.21578,7.60467,7.21578,7.42864,268722.892810709,0
CDR,D,19990326,000000,7.5492,7.69735,7.44729,7.56765,296568.63003243756,0
CDR,D,19990329,000000,7.56765,7.56765,7.41017,7.52132,185790.93375112105,0
CDR,D,19990330,000000,7.52132,7.52132,7.39162,7.42864,267504.1528702047,0
CDR,D,19990331,000000,7.41017,7.41017,7.27126,7.2898,139338.82561338122,0
CDR,D,19990401,000000,7.21578,7.37315,7.21578,7.30828,146330.11081263027,0
CDR,D,19990406,000000,7.42864,7.6788,7.42864,7.60467,197490.42544350462,0
CDR,D,19990407,000000,7.81771,8.51243,7.81771,8.39207,918677.7265546051,0
CDR,D,19990408,000000,8.58656,8.93834,8.58656,8.58656,1365181.220162891,0
CDR,D,19990409,000000,8.58656,8.86441,8.58656,8.74395,1186266.285400391,0
CDR,D,19990412,000000,8.78096,8.78096,8.51243,8.6328,497323.09631321556,0
CDR,D,19990413,000000,8.78096,8.81816,8.54945,8.66992,550229.1735615599,0
CDR,D,19990414,000000,8.58656,8.58656,8.35505,8.4384,235100.49296558622,0
CDR,D,19990415,000000,8.58656,8.58656,8.35505,8.39207,253330.12501484633,0
CDR,D,19990416,000000,8.54945,8.6328,8.39207,8.4384,356315.70866979635,0
CDR,D,19990419,000000,8.51243,8.74395,8.51243,8.70693,190622.66118416277,0
CDR,D,19990420,000000,8.58656,8.58656,8.4384,8.4384,319154.4338960684,0
CDR,D,19990421,000000,8.39207,8.54945,8.31794,8.51243,138329.04192957538,0
CDR,D,19990422,000000,8.58656,8.70693,8.54945,8.66992,347847.31889737956,0
CDR,D,19990423,000000,8.70693,8.74395,8.58656,8.74395,359929.7255035037,0
CDR,D,19990426,000000,8.90151,9.67026,8.90151,9.67026,627024.2005896507,0
CDR,D,19990427,000000,9.75479,9.94909,9.43808,9.75479,1136484.2585907946,0
CDR,D,19990428,000000,9.40115,9.55951,9.24378,9.55951,537073.1641193364,0
CDR,D,19990429,000000,9.29138,9.40115,9.01236,9.32732,221988.74519350834,0
CDR,D,19990430,000000,9.36424,9.55951,9.29138,9.36424,132732.51401021247,0
CDR,D,19990504,000000,9.47596,9.47596,9.17004,9.20686,139605.42497537375,0
CDR,D,19990505,000000,9.17004,9.17004,9.01236,9.04918,126666.60651917804,0
CDR,D,19990506,000000,9.29138,9.36424,9.17004,9.20686,130427.81913961013,0
CDR,D,19990507,000000,9.17004,9.29138,9.04918,9.24378,198596.9671969105,0
CDR,D,19990510,000000,9.17004,9.17004,9.0964,9.0964,108870.32710077317,0
CDR,D,19990511,000000,9.0964,9.36424,9.0964,9.32732,141345.01154585436,0
CDR,D,19990512,000000,9.32732,9.36424,9.17004,9.20686,240473.65385193215,0
CDR,D,19990513,000000,9.17004,9.29138,9.17004,9.24378,116690.23193862679,0
CDR,D,19990514,000000,9.17004,9.29138,8.90151,9.01236,148647.15777722135,0
CDR,D,19990517,000000,8.86441,8.93834,8.86441,8.93834,192796.62972668858,0
CDR,D,19990518,000000,9.04918,9.29138,9.04918,9.24378,158749.11198000962,0
CDR,D,19990519,000000,9.29138,9.43808,9.29138,9.36424,195489.3862168509,0
CDR,D,19990520,000000,9.47596,9.52259,9.36424,9.43808,217368.03269947477,0
CDR,D,19990521,000000,9.36424,9.36424,9.20686,9.20686,198677.25580785217,0
CDR,D,19990524,000000,9.20686,9.29138,9.20686,9.29138,143678.5279691037,0
CDR,D,19990525,000000,9.0964,9.0964,9.01236,9.04918,89484.74492213124,0
CDR,D,19990526,000000,8.97554,9.24378,8.97554,9.04918,90764.2159914273,0
CDR,D,19990527,000000,9.0964,9.17004,8.97554,8.97554,83322.07936148976,0
CDR,D,19990528,000000,8.90151,8.97554,8.90151,8.93834,132348.5697553121,0
CDR,D,19990531,000000,8.86441,8.90151,8.78096,8.81816,181112.5781518035,0
CDR,D,19990601,000000,8.86441,9.01236,8.86441,8.97554,77944.80111048026,0
CDR,D,19990602,000000,8.97554,9.04918,8.93834,8.97554,108969.14385271301,0
CDR,D,19990607,000000,9.0964,9.13322,9.01236,9.04918,62887.598534722965,0
CDR,D,19990608,000000,8.97554,8.97554,8.86441,8.86441,78319.48129489263,0
CDR,D,19990609,000000,8.78096,8.90151,8.78096,8.90151,244301.77364814733,0
CDR,D,19990610,000000,8.90151,9.01236,8.86441,8.90151,83398.25060777088,0
CDR,D,19990611,000000,8.90151,9.01236,8.90151,8.97554,271837.6791789178,0
CDR,D,19990614,000000,8.97554,9.17004,8.90151,9.04918,178843.9102220074,0
CDR,D,19990615,000000,9.01236,9.32732,9.01236,9.24378,233184.88905571375,0
CDR,D,19990616,000000,9.36424,9.55951,9.36424,9.52259,281440.4029162276,0
CDR,D,19990617,000000,9.55951,9.67026,9.29138,9.32732,291841.895398315,0
CDR,D,19990618,000000,9.47596,9.47596,9.24378,9.29138,251961.1012641075,0
CDR,D,19990621,000000,9.55951,9.55951,9.36424,9.47596,210114.2655029128,0
CDR,D,19990622,000000,9.17004,9.17004,9.0964,9.13322,148157.19138222188,0
CDR,D,19990623,000000,9.13322,9.13322,8.97554,9.04918,293058.57665648946,0
CDR,D,19990624,000000,8.97554,9.0964,8.81816,8.97554,198652.55161987475,0
CDR,D,19990625,000000,8.78096,9.20686,8.78096,9.0964,592622.5894818881,0
CDR,D,19990628,000000,9.0964,9.29138,9.0964,9.17004,108134.34816710907,0
CDR,D,19990629,000000,9.29138,9.29138,9.04918,9.04918,85060.63659080646,0
CDR,D,19990630,000000,9.20686,9.20686,9.01236,9.01236,193525.40327219345,0
CDR,D,19990701,000000,9.13322,9.17004,9.01236,9.13322,166101.6959285114,0
CDR,D,19990702,000000,9.17004,9.17004,9.04918,9.0964,90479.0884884547,0
CDR,D,19990705,000000,9.13322,9.17004,9.04918,9.17004,72920.58687939835,0
CDR,D,19990706,000000,9.0964,9.0964,8.93834,9.0964,60928.76229588896,0
CDR,D,19990707,000000,9.94909,9.94909,9.36424,9.43808,2510197.6876783962,0
CDR,D,19990708,000000,9.36424,9.36424,9.0964,9.13322,597359.6175276596,0
CDR,D,19990709,000000,9.17004,9.17004,9.04918,9.13322,200542.42200058987,0
CDR,D,19990712,000000,9.24378,9.32732,9.20686,9.29138,230574.4798588229,0
CDR,D,19990713,000000,9.29138,9.29138,9.04918,9.13322,137644.53005420597,0
CDR,D,19990714,000000,9.17004,9.29138,9.17004,9.24378,89223.29226597521,0
CDR,D,19990715,000000,9.17004,9.20686,9.0964,9.17004,102973.23156095127,0
CDR,D,19990716,000000,9.29138,9.59546,9.29138,9.43808,192443.56570676502,0
CDR,D,19990719,000000,9.47596,9.47596,9.24378,9.32732,114821.97772239946,0
CDR,D,19990720,000000,9.36424,9.47596,9.36424,9.40115,100411.2013988655,0
CDR,D,19990721,000000,9.29138,9.29138,9.0964,9.17004,97098.78152678507,0
CDR,D,19990722,000000,9.17004,9.24378,9.04918,9.0964,118658.33224795383,0
CDR,D,19990723,000000,9.17004,9.17004,9.0964,9.13322,122550.27119647249,0
CDR,D,19990726,000000,9.17004,9.17004,8.93834,8.93834,48458.29407020493,0
CDR,D,19990727,000000,9.01236,9.29138,8.93834,9.24378,124918.78521935824,0
CDR,D,19990728,000000,9.17004,9.32732,9.13322,9.13322,53280.75743275763,0
CDR,D,19990729,000000,9.0964,9.0964,8.86441,8.86441,70604.56925597419,0
CDR,D,19990730,000000,8.90151,9.01236,8.90151,9.01236,92329.84390486185,0
CDR,D,19990802,000000,9.0964,9.0964,8.97554,9.01236,69065.70421285387,0
CDR,D,19990803,000000,8.97554,8.97554,8.90151,8.93834,78534.61359857942,0
CDR,D,19990804,000000,8.93834,8.97554,8.86441,8.93834,83596.9134528034,0
CDR,D,19990805,000000,8.86441,8.86441,8.78096,8.78096,78604.6087978652,0
CDR,D,19990806,000000,8.78096,8.97554,8.78096,8.86441,151362.55977304134,0
CDR,D,19990809,000000,8.78096,8.81816,8.74395,8.74395,129093.7929885177,0
CDR,D,19990810,000000,8.81816,8.81816,8.66992,8.66992,67855.1990016767,0
CDR,D,19990811,000000,8.74395,8.81816,8.66992,8.78096,51058.409855435806,0
CDR,D,19990812,000000,8.81816,8.93834,8.81816,8.93834,60080.58517513243,0
CDR,D,19990813,000000,8.93834,9.20686,8.86441,9.13322,99742.12964098749,0
CDR,D,19990816,000000,9.13322,9.17004,9.0964,9.13322,100720.00374865365,0
CDR,D,19990817,000000,9.17004,9.17004,9.0964,9.13322,102183.72688666273,0
CDR,D,19990818,000000,9.43808,9.70718,9.36424,9.40115,271717.24626251025,0
CDR,D,19990819,000000,9.36424,9.47596,9.32732,9.40115,138948.70531148143,0
CDR,D,19990820,000000,9.43808,9.52259,9.40115,9.47596,137400.5761978711,0
CDR,D,19990823,000000,9.55951,10.2542,9.55951,10.2542,544781.9001112615,0
CDR,D,19990824,000000,10.1347,10.5591,10.1347,10.2542,826865.6412562127,0
CDR,D,19990825,000000,10.365,10.6427,10.365,10.4485,486909.25173712947,0
CDR,D,19990826,000000,10.4485,10.4485,10.0599,10.1347,226795.76843856258,0
CDR,D,19990827,000000,10.1347,10.6427,10.1347,10.6427,229439.11655277002,0
CDR,D,19990830,000000,10.6427,10.8379,10.5591,10.6427,334279.5729887787,0
CDR,D,19990831,000000,10.365,10.5591,10.365,10.5591,163537.60708409583,0
CDR,D,19990901,000000,10.5591,11.2168,10.5591,11.143,473139.7549599893,0
CDR,D,19990902,000000,11.143,11.143,10.8379,11.0323,472510.8275075942,0
CDR,D,19990903,000000,11.2168,11.9222,11.2168,11.8008,704245.3748604575,0
CDR,D,19990906,000000,11.7259,12.1067,11.4121,11.9222,539517.8493885043,0
CDR,D,19990907,000000,11.9951,12.301,11.7259,11.8008,393075.5403887856,0
CDR,D,19990908,000000,11.7259,11.7259,11.3374,11.3374,395357.5897537303,0
CDR,D,19990909,000000,11.4121,11.6064,11.3374,11.3374,247266.27620614166,0
CDR,D,19990910,000000,11.5316,11.7259,11.3374,11.5316,211184.78031551238,0
CDR,D,19990913,000000,11.3374,11.3374,10.9478,10.9478,280485.1743142161,0
CDR,D,19990914,000000,10.9478,10.9478,10.6427,10.7534,348363.01882153645,0
CDR,D,19990915,000000,10.5591,10.7534,9.86452,10.5591,339726.846439077,0
CDR,D,19990916,000000,10.1347,10.365,10.0599,10.1347,331715.48414435313,0
CDR,D,19990917,000000,10.365,10.6427,10.365,10.4485,355445.91538455605,0
CDR,D,19990920,000000,10.5591,10.5591,10.1347,10.1347,196896.49559073584,0
CDR,D,19990921,000000,10.0599,10.2542,9.86452,10.0599,254687.82601275633,0
CDR,D,19990922,000000,9.67026,9.67026,9.47596,9.47596,360037.80632593256,0
CDR,D,19990923,000000,9.47596,9.86452,9.47596,9.70718,133845.23181061773,0
CDR,D,19990924,000000,9.36424,9.36424,9.04918,9.24378,217599.6344618209,0
CDR,D,19990927,000000,9.36424,9.40115,9.24378,9.36424,133164.8372999179,0
CDR,D,19990928,000000,9.52259,9.52259,9.24378,9.29138,103120.42734768611,0
CDR,D,19990929,000000,9.36424,9.36424,9.04918,9.20686,95925.33259758308,0
CDR,D,19990930,000000,9.0964,9.29138,8.97554,9.20686,144528.763772186,0
CDR,D,19991001,000000,9.36424,9.36424,9.13322,9.20686,100476.0498923188,0
CDR,D,19991004,000000,9.20686,9.43808,9.20686,9.40115,182792.46293466023,0
CDR,D,19991005,000000,9.55951,9.79073,9.55951,9.59546,135617.75729841494,0
CDR,D,19991006,000000,9.55951,9.86452,9.55951,9.86452,144789.1870871792,0
CDR,D,19991007,000000,9.86452,9.90151,9.67026,9.79073,229709.83327942214,0
CDR,D,19991008,000000,9.75479,10.0599,9.75479,9.90151,274892.76375951275,0
CDR,D,19991011,000000,9.86452,9.94909,9.67026,9.75479,188770.8764266038,0
CDR,D,19991012,000000,9.75479,9.75479,9.47596,9.52259,47623.49838460501,0
CDR,D,19991013,000000,9.47596,9.47596,9.32732,9.40115,102826.03577421645,0
CDR,D,19991014,000000,9.40115,9.75479,9.40115,9.52259,171512.9424379934,0
CDR,D,19991015,000000,9.59546,9.59546,9.20686,9.36424,144605.9643596381,0
CDR,D,19991018,000000,9.29138,9.43808,9.29138,9.29138,164680.17577831802,0
CDR,D,19991019,000000,9.40115,9.59546,9.36424,9.55951,153781.5115130619,0
CDR,D,19991020,000000,9.63238,9.86452,9.63238,9.86452,177056.9739578917,0
CDR,D,19991021,000000,9.90151,9.90151,9.70718,9.75479,273739.90165363165,0
CDR,D,19991022,000000,9.90151,10.2542,9.90151,10.0599,138293.01498875907,0
CDR,D,19991025,000000,10.0599,10.0599,9.79073,9.94909,152267.35065792807,0
CDR,D,19991026,000000,9.86452,9.94909,9.75479,9.94909,69083.20301267506,0
CDR,D,19991027,000000,9.75479,10.022,9.75479,9.94909,184133.69447391192,0
CDR,D,19991028,000000,9.75479,9.94909,9.75479,9.94909,105438.50365344709,0
CDR,D,19991029,000000,9.98514,10.022,9.90151,9.94909,87784.2733159546,0
CDR,D,19991102,000000,9.86452,9.86452,9.75479,9.82761,57214.89936908194,0
CDR,D,19991103,000000,9.79073,9.98514,9.79073,9.94909,93321.09944768764,0
CDR,D,19991104,000000,9.86452,9.86452,9.52259,9.55951,73500.1059558376,0
CDR,D,19991105,000000,9.47596,9.55951,9.13322,9.47596,139385.14596585647,0
CDR,D,19991108,000000,9.40115,9.40115,9.20686,9.24378,118316.59098084905,0
CDR,D,19991109,000000,9.29138,9.47596,9.29138,9.32732,89619.58861487234,0
CDR,D,19991110,000000,8.90151,9.13322,8.90151,8.97554,80882.5407981493,0
CDR,D,19991115,000000,8.97554,9.17004,8.97554,9.17004,93175.9623432866,0
CDR,D,19991116,000000,9.20686,9.43808,9.20686,9.32732,55506.19303357715,0
CDR,D,19991117,000000,9.32732,9.43808,9.29138,9.29138,68009.60017657177,0
CDR,D,19991118,000000,9.40115,9.75479,9.40115,9.67026,113461.18870098978,0
CDR,D,19991119,000000,9.79073,10.2542,9.79073,10.2542,369146.4463035632,0
CDR,D,19991122,000000,10.4105,10.9478,10.4105,10.7534,269766.6447530014,0
CDR,D,19991123,000000,10.5591,10.9478,10.5591,10.7904,828608.315850193,0
CDR,D,19991124,000000,10.9478,11.9222,10.9478,11.8756,546473.1076469371,0
CDR,D,19991125,000000,11.7259,11.9951,11.5316,11.7259,846690.7521127384,0
CDR,D,19991126,000000,11.7259,11.8008,11.4121,11.4121,534598.6279563516,0
CDR,D,19991129,000000,11.1071,11.5316,11.1071,11.2168,588621.5403697807,0
CDR,D,19991130,000000,11.6434,11.8756,11.6434,11.8008,506474.96861982177,0
CDR,D,19991201,000000,12.0698,12.7645,12.0698,12.6906,829072.5487160552,0
CDR,D,19991202,000000,12.8101,12.847,12.4954,12.7645,731588.7935931978,0
CDR,D,19991203,000000,12.5789,12.8849,12.4954,12.8849,591829.99678409,0
CDR,D,19991206,000000,12.8101,13.1152,12.8101,13.0793,403389.53887177206,0
CDR,D,19991207,000000,13.0793,13.0793,12.6158,12.8101,250575.60805472036,0
CDR,D,19991208,000000,12.8849,12.8849,12.4954,12.6906,612010.230342869,0
CDR,D,19991209,000000,12.6906,13.0045,12.5313,12.9208,304047.82294434623,0
CDR,D,19991210,000000,13.0793,13.0793,12.8101,12.9587,457016.15493629203,0
CDR,D,19991213,000000,13.0793,14.6258,13.0793,14.552,567335.7943987558,0
CDR,D,19991214,000000,14.3198,14.588,13.3474,13.5047,1147091.6193060507,0
CDR,D,19991215,000000,13.6631,13.8108,13.0045,13.5416,437389.70692481595,0
CDR,D,19991216,000000,13.5786,13.6631,13.4222,13.5416,336858.07260953286,0
CDR,D,19991217,000000,13.8477,13.8477,13.5786,13.8477,603257.7424086614,0
CDR,D,19991220,000000,13.9681,13.9681,13.7738,13.8477,302980.3961552363,0
CDR,D,19991221,000000,13.8477,13.8477,13.5416,13.6631,496819.7484830575,0
CDR,D,19991222,000000,13.8477,14.4315,13.8477,14.4315,382966.3807978281,0
CDR,D,19991223,000000,14.4315,15.0523,14.4315,14.9309,700446.0766168793,0
CDR,D,19991227,000000,15.0154,15.5148,15.0154,15.404,578634.8723775706,0
CDR,D,19991228,000000,15.2097,15.6352,14.6627,14.6627,449882.8206561476,0
CDR,D,19991229,000000,15.3204,16.0151,15.3204,16.0151,480051.7808894666,0
CDR,D,20000103,000000,16.8311,18.1456,16.8311,18.1456,697560.8333286768,0
CDR,D,20000104,000000,17.3305,18.0708,17.3305,17.8765,756710.8940897773,0
CDR,D,20000105,000000,16.7932,17.9513,16.7932,17.3771,840112.2327210368,0
CDR,D,20000106,000000,17.9513,18.0708,17.6452,18.0708,696404.883199296,0
CDR,D,20000107,000000,18.8392,20.3139,18.8392,20.3139,1141814.187148125,0
CDR,D,20000110,000000,20.7026,23.6384,20.7026,22.8322,577860.8078207604,0
CDR,D,20000111,000000,22.7496,23.9172,21.7858,23.4441,1737099.6822263082,0
CDR,D,20000112,000000,22.7496,22.9448,22.4435,22.5552,1049509.0474312033,0
CDR,D,20000113,000000,22.4435,23.4441,22.055,22.4435,741417.9723870142,0
CDR,D,20000114,000000,22.4435,22.4435,20.7026,21.3973,586143.9161832962,0
CDR,D,20000117,000000,21.3973,21.8606,20.8968,21.8606,447518.4239979315,0
CDR,D,20000118,000000,21.6662,22.055,20.3139,20.8133,371046.6100959473,0
CDR,D,20000119,000000,19.9243,20.0069,19.0346,19.9243,640819.4308959281,0
CDR,D,20000120,000000,19.9243,19.9243,19.3502,19.5358,445466.947054153,0
CDR,D,20000121,000000,19.3872,19.7301,19.3502,19.4609,369056.8936221225,0
CDR,D,20000124,000000,19.3502,19.3502,18.2651,18.4604,479010.087629504,0
CDR,D,20000125,000000,18.3398,18.3398,17.1828,17.5617,825679.840233025,0
CDR,D,20000126,000000,17.8037,18.8033,17.8037,18.5341,865249.7733351045,0
CDR,D,20000127,000000,18.5341,19.7301,18.5341,19.7301,810669.9873509029,0
CDR,D,20000128,000000,19.4231,20.7026,19.3502,20.0069,1224778.0557838595,0
CDR,D,20000131,000000,19.5358,21.0912,19.5358,20.8968,716272.1970436173,0
CDR,D,20000201,000000,21.471,24.0279,21.471,24.0279,1009640.6053910949,0
CDR,D,20000202,000000,23.6384,25.8894,23.6384,25.5007,1401931.7878114316,0
CDR,D,20000203,000000,25.9633,29.8715,25.9633,28.8991,678042.4661396196,0
CDR,D,20000204,000000,28.5192,30.8362,26.9269,28.7048,849165.2882757132,0
CDR,D,20000207,000000,28.3998,31.2249,27.5467,30.7615,1481841.601207711,0
CDR,D,20000208,000000,31.2249,33.9762,31.2249,33.5866,1106277.2127342492,0
CDR,D,20000209,000000,34.356,39.2747,34.356,36.5233,1362860.0558336806,0
CDR,D,20000210,000000,34.356,38.07,34.356,36.913,997682.7490660279,0
CDR,D,20000211,000000,37.8009,39.469,36.5233,36.7177,1364751.9848966652,0
CDR,D,20000214,000000,34.356,36.7177,34.356,36.6069,645256.9206624205,0
CDR,D,20000215,000000,37.6901,37.6901,35.8287,36.6069,830786.4017573884,0
CDR,D,20000216,000000,37.4959,37.4959,36.3291,37.4959,449160.2231576422,0
CDR,D,20000217,000000,37.1073,38.885,36.6069,38.4596,656632.1698875175,0
CDR,D,20000218,000000,39.469,41.5994,39.469,41.2098,852315.0722435785,0
CDR,D,20000221,000000,39.0794,42.5622,39.0794,42.3679,593628.2558010344,0
CDR,D,20000222,000000,42.9508,49.3334,42.9508,48.945,1009441.9425459851,0
CDR,D,20000223,000000,47.202,56.6877,47.202,52.4277,638456.0635788818,0
CDR,D,20000224,000000,51.8438,58.6151,51.8438,58.6151,1670985.0991363262,0
CDR,D,20000225,000000,57.0675,57.0675,51.6583,53.7791,1907248.7476194524,0
CDR,D,20000228,000000,51.4639,53.5847,47.0077,52.8163,1550304.1114972609,0
CDR,D,20000229,000000,56.4934,61.3296,54.7525,60.5514,1197262.7370763868,0
CDR,D,20000301,000000,62.098,66.5533,62.098,66.3579,1246661.8489724032,0
CDR,D,20000302,000000,68.2932,70.9988,62.8761,63.6543,1417160.8903618106,0
CDR,D,20000303,000000,61.7181,67.7103,61.7181,66.9408,883494.8455018731,0
CDR,D,20000306,000000,67.7103,67.7103,61.9123,62.2923,806086.3311388455,0
CDR,D,20000307,000000,61.5238,63.8389,61.5238,62.4865,651849.8508304405,0
CDR,D,20000308,000000,59.5877,62.2923,59.5877,60.5514,609875.3767646591,0
CDR,D,20000309,000000,62.6809,66.5533,62.2923,65.9694,1023905.2152690038,0
CDR,D,20000310,000000,68.8692,73.7122,68.6828,71.193,1432782.17189656,0
CDR,D,20000313,000000,67.3216,67.3216,60.94,62.6809,1119297.3491425968,0
CDR,D,20000314,000000,64.4228,67.9056,64.0332,66.9408,624986.1050810408,0
CDR,D,20000315,000000,61.9123,63.6543,61.5238,62.098,324476.1277241197,0
CDR,D,20000316,000000,65.2009,66.3579,62.098,65.2009,323631.0386268669,0
CDR,D,20000317,000000,68.0998,68.0998,63.4591,64.2285,284765.17488230474,0
CDR,D,20000320,000000,64.2285,64.2285,62.098,62.4865,255540.12049817844,0
CDR,D,20000321,000000,61.5238,62.2923,59.199,59.9773,309302.6095966044,0
CDR,D,20000322,000000,61.9123,61.9123,59.5877,60.94,319261.48537733743,0
CDR,D,20000323,000000,61.5238,61.5238,59.9773,60.7456,182104.8630358012,0
CDR,D,20000324,000000,60.94,62.6809,60.1715,62.098,760192.1259130682,0
CDR,D,20000327,000000,63.6543,63.6543,62.4865,63.0704,265443.4118559472,0
CDR,D,20000328,000000,62.4865,62.8761,61.9123,62.2923,196336.5339964536,0
CDR,D,20000329,000000,59.5877,59.5877,55.9095,58.4306,252115.50243900158,0
CDR,D,20000330,000000,54.7525,54.7525,48.7506,49.3334,735251.1894617002,0
CDR,D,20000331,000000,49.1393,49.7231,45.8507,49.1393,498605.6554060033,0
CDR,D,20000403,000000,49.1393,49.1393,43.9146,44.3031,327129.76924998604,0
CDR,D,20000404,000000,42.1735,46.2393,40.2375,44.8868,715365.3474763908,0
CDR,D,20000405,000000,44.3031,44.3031,40.0431,40.8213,612332.4141278156,0
CDR,D,20000406,000000,41.4041,43.525,41.4041,42.7564,829011.8175872514,0
CDR,D,20000407,000000,43.3306,44.3031,42.5622,43.7202,503041.0864901559,0
CDR,D,20000410,000000,44.4984,44.4984,41.5994,42.3679,358425.85806001874,0
CDR,D,20000411,000000,40.0431,40.0431,36.7177,37.8757,339638.32309880614,0
CDR,D,20000412,000000,40.2375,41.5994,39.6633,39.6633,275090.3972633824,0
CDR,D,20000413,000000,37.3015,40.0431,37.3015,39.469,443390.7659223971,0
CDR,D,20000414,000000,39.6633,41.4041,38.6537,39.6633,415093.14792881516,0
CDR,D,20000417,000000,35.8287,35.8287,33.0862,35.1332,429215.7087258688,0
CDR,D,20000418,000000,37.4959,37.4959,35.6334,36.913,465270.4417461808,0
CDR,D,20000419,000000,37.4959,37.4959,35.5606,35.9492,381705.43786952813,0
CDR,D,20000420,000000,35.5606,36.1435,35.1332,35.9492,279597.8822291476,0
CDR,D,20000425,000000,34.1616,34.356,33.3922,33.8926,210125.58825573162,0
CDR,D,20000426,000000,33.9762,33.9762,31.8447,31.8447,322843.592634898,0
CDR,D,20000427,000000,31.2249,31.9195,28.8991,29.4829,592569.0637412537,0
CDR,D,20000428,000000,30.4467,31.8447,30.4467,31.3453,671390.8635251354,0
CDR,D,20000504,000000,29.4829,30.261,29.0934,29.4829,284261.82705213665,0
CDR,D,20000505,000000,28.594,28.594,27.0474,27.8158,506245.42553980544,0
CDR,D,20000508,000000,27.436,27.436,25.8894,26.3527,225269.25548944002,0
CDR,D,20000509,000000,26.3527,27.5467,26.0749,27.3525,246621.90863624812,0
CDR,D,20000510,000000,27.7411,29.789,27.7411,29.6772,1357388.078195385,0
CDR,D,20000511,000000,29.6772,35.8287,29.6772,34.7445,1015735.3344347765,0
CDR,D,20000512,000000,37.1073,41.2098,35.9492,41.2098,1885987.7058364952,0
CDR,D,20000515,000000,40.8213,44.6927,39.469,40.4317,1553496.098452942,0
CDR,D,20000516,000000,42.7564,44.3031,41.9783,42.3679,924397.7754138751,0
CDR,D,20000517,000000,40.8213,40.8213,38.2643,38.6537,562956.9770787273,0
CDR,D,20000518,000000,38.07,39.8576,38.07,39.2747,565836.0443199405,0
CDR,D,20000519,000000,38.2643,38.6537,36.913,37.181,476836.1190869782,0
CDR,D,20000522,000000,36.913,37.3015,35.1332,35.1332,503326.21399312647,0
CDR,D,20000523,000000,36.2173,36.2173,34.356,34.356,612284.0350930106,0
CDR,D,20000524,000000,32.615,33.3922,30.641,32.1139,553342.9305886087,0
CDR,D,20000525,000000,33.5039,34.4763,32.8093,33.8926,793566.4545371967,0
CDR,D,20000526,000000,31.2249,32.8093,31.2249,32.5023,422965.5491661234,0
CDR,D,20000529,000000,33.6983,36.5233,33.6983,36.5233,1213773.3693785844,0
CDR,D,20000530,000000,36.9858,39.469,36.4116,36.913,884893.7201464189,0
CDR,D,20000531,000000,38.07,38.07,35.9492,36.913,701309.6938551302,0
CDR,D,20000601,000000,38.07,39.0794,37.6901,38.885,1308690.9769747166,0
CDR,D,20000602,000000,37.9952,37.9952,36.7177,37.6065,744573.9324018587,0
CDR,D,20000605,000000,37.6901,37.6901,35.8287,36.1435,476654.9550417768,0
CDR,D,20000606,000000,34.865,35.0593,33.198,33.5866,868592.0441010098,0
CDR,D,20000607,000000,33.2707,36.1435,33.2707,35.7549,589316.345656809,0
CDR,D,20000608,000000,36.6069,38.07,36.6069,37.3015,852126.7028101978,0
CDR,D,20000609,000000,37.6901,38.6908,37.181,37.6065,795862.9146784798,0
CDR,D,20000612,000000,37.3015,37.3015,36.1435,36.2173,214909.96599514826,0
CDR,D,20000613,000000,36.1435,36.7177,35.3284,35.4392,369740.37615633203,0
CDR,D,20000614,000000,36.913,37.4959,36.5233,36.5233,291063.71347684524,0
CDR,D,20000615,000000,36.913,36.913,36.3291,36.5233,165547.91038122855,0
CDR,D,20000616,000000,36.6069,36.6069,35.9492,35.9492,240330.57542985686,0
CDR,D,20000619,000000,35.7549,35.7549,34.9389,35.0593,155278.17356837753,0
CDR,D,20000620,000000,37.1073,37.3015,36.6069,36.9858,261360.01545054826,0
CDR,D,20000621,000000,37.1073,37.1073,36.3291,36.7177,343927.58773738384,0
CDR,D,20000623,000000,36.4116,36.9858,36.4116,36.8012,122246.61555251382,0
CDR,D,20000626,000000,37.3015,40.8213,37.3015,40.4317,604786.3140401137,0
CDR,D,20000627,000000,41.0155,42.3679,40.2375,40.626,1254285.1496474769,0
CDR,D,20000628,000000,40.626,41.0155,39.8576,41.0155,516059.1642161335,0
CDR,D,20000629,000000,41.0155,41.0155,38.6537,39.0794,497646.3094393322,0
CDR,D,20000630,000000,39.469,39.469,37.1073,37.1073,546653.2423509886,0
CDR,D,20000703,000000,37.3754,38.579,37.3754,37.9952,446478.78942029865,0
CDR,D,20000704,000000,38.2643,38.2643,37.3015,37.6065,362631.746064165,0
CDR,D,20000705,000000,37.181,37.6901,36.1435,36.1435,457553.47102493665,0
CDR,D,20000706,000000,35.9492,35.9492,34.7445,35.5606,240690.8448379397,0
CDR,D,20000707,000000,36.3291,36.3291,35.1332,35.9492,150336.30663056715,0
CDR,D,20000710,000000,36.5233,36.5233,35.3284,35.4392,121888.40482676076,0
CDR,D,20000711,000000,35.3284,35.3284,34.0868,34.2822,171341.04246328113,0
CDR,D,20000712,000000,35.3284,36.9858,35.3284,36.5233,347353.23513772053,0
CDR,D,20000713,000000,36.913,36.913,36.0231,36.1435,212818.34474590395,0
CDR,D,20000714,000000,36.3291,36.7177,35.1332,35.5606,200757.55430427767,0
CDR,D,20000717,000000,35.7549,35.9492,35.4392,35.5606,137013.54391947103,0
CDR,D,20000718,000000,35.5606,37.3015,35.5606,36.2173,300814.66234204965,0
CDR,D,20000719,000000,36.3291,37.8009,36.2173,36.7177,269749.14595317317,0
CDR,D,20000720,000000,36.7177,36.913,36.1435,36.2173,255497.91751037282,0
CDR,D,20000721,000000,36.6069,36.6069,35.5606,35.8287,179411.07720446895,0
CDR,D,20000724,000000,35.5606,35.5606,34.9389,35.2449,107090.59622481669,0
CDR,D,20000725,000000,35.1332,35.1332,34.356,34.4763,136925.02057919014,0
CDR,D,20000726,000000,34.356,34.356,32.2332,32.4276,206254.23613053083,0
CDR,D,20000727,000000,31.8447,32.6976,30.5671,32.5023,355712.51474653854,0
CDR,D,20000728,000000,32.4276,32.8919,31.9195,32.2332,156906.59129293964,0
CDR,D,20000731,000000,31.2249,32.0388,30.641,31.456,203674.70716862686,0
CDR,D,20000801,000000,30.4467,30.9558,29.0934,29.6772,373146.4660745107,0
CDR,D,20000802,000000,30.641,31.456,30.641,31.15,163334.82687439673,0
CDR,D,20000803,000000,31.15,31.15,29.8715,30.3719,242540.57091318897,0
CDR,D,20000804,000000,31.6513,32.2332,31.6513,32.1139,207378.2766837649,0
CDR,D,20000807,000000,32.2332,32.2332,31.53,31.53,92220.7337412701,0
CDR,D,20000808,000000,32.2332,32.8919,32.2332,32.6976,204734.92856956754,0
CDR,D,20000809,000000,33.7808,34.865,33.7808,34.5504,188968.50993045335,0
CDR,D,20000810,000000,34.2822,34.2822,32.6976,33.3922,309117.3281867335,0
CDR,D,20000811,000000,33.0036,33.0036,32.0388,32.2332,255689.37496724306,0
CDR,D,20000814,000000,32.2332,32.4276,32.0388,32.308,40790.73172491961,0
CDR,D,20000816,000000,32.8093,33.5039,32.8093,33.5039,69254.07364622546,0
CDR,D,20000817,000000,32.5023,32.8093,31.53,32.0388,93420.94554078633,0
CDR,D,20000818,000000,33.0036,33.0036,31.6513,32.8919,108102.43859097238,0
CDR,D,20000821,000000,32.2332,32.4276,31.8447,32.1139,43543.190002714786,0
CDR,D,20000822,000000,32.4276,32.4276,32.0388,32.4276,57047.116759028235,0
CDR,D,20000823,000000,32.2332,32.8093,32.0388,32.2332,78161.99209649986,0
CDR,D,20000824,000000,33.0036,33.3922,32.8093,33.198,86321.57951911543,0
CDR,D,20000825,000000,33.7808,33.9762,33.5039,33.5866,146516.4215636711,0
CDR,D,20000828,000000,33.5866,33.5866,32.8093,33.0036,46970.89608538331,0
CDR,D,20000829,000000,32.8093,33.0862,32.2332,33.0862,42586.93205953139,0
CDR,D,20000830,000000,33.198,33.6983,32.615,32.8919,163053.81673608572,0
CDR,D,20000831,000000,33.198,35.4392,33.198,35.4392,383470.75796915614,0
CDR,D,20000901,000000,36.5233,37.9952,35.9492,37.4959,621745.7390905749,0
CDR,D,20000904,000000,37.4959,37.6901,36.2173,36.2173,443368.12041674944,0
CDR,D,20000905,000000,35.9492,36.7177,35.5606,36.7177,324021.1589287666,0
CDR,D,20000906,000000,36.1435,36.8012,35.9492,36.5233,125999.5934436268,0
CDR,D,20000907,000000,35.9492,36.2173,35.1332,36.1435,197547.0392076187,0
CDR,D,20000908,000000,36.0231,36.0231,34.865,35.1332,192982.9404777294,0
CDR,D,20000911,000000,34.356,34.7445,34.0868,34.2822,163184.54306417226,0
CDR,D,20000912,000000,34.5504,35.8287,34.5504,35.8287,209244.47221766246,0
CDR,D,20000913,000000,35.7549,36.1435,34.7445,35.1332,177023.00569942524,0
CDR,D,20000914,000000,35.5606,35.9492,35.1332,35.8287,120113.82065663376,0
CDR,D,20000915,000000,35.6334,35.6334,34.865,35.1332,166290.06536188198,0
CDR,D,20000918,000000,34.356,34.7445,33.9762,34.5504,96863.06239977939,0
CDR,D,20000919,000000,34.1616,34.5504,33.5866,33.7808,159415.09571440096,0
CDR,D,20000920,000000,34.1616,34.1616,32.8919,33.0036,114856.97532204587,0
CDR,D,20000921,000000,33.0036,33.0036,31.2249,31.6513,225772.60331958806,0
CDR,D,20000922,000000,29.789,30.4467,28.3998,29.6033,382212.90306434577,0
CDR,D,20000925,000000,30.9558,31.2249,30.4467,30.8362,166038.9061173879,0
CDR,D,20000926,000000,29.6772,29.8715,28.7048,29.0934,229852.9117014773,0
CDR,D,20000927,000000,28.8991,29.6033,28.7883,28.9836,195141.4689027568,0
CDR,D,20000928,000000,28.5192,28.5192,26.2692,27.3525,263094.4553151994,0
CDR,D,20000929,000000,28.325,28.8991,27.2417,28.594,329624.89223627874,0
CDR,D,20001002,000000,28.5192,30.4467,28.5192,29.8715,243058.32951966557,0
CDR,D,20001003,000000,28.5192,29.2885,27.8158,28.8991,116823.01694903307,0
CDR,D,20001004,000000,27.5467,29.2885,27.1581,28.8991,431936.25742751826,0
CDR,D,20001005,000000,29.2885,32.2332,28.8991,30.1775,1101530.920618029,0
CDR,D,20001006,000000,29.8715,30.4467,29.2148,29.6033,191065.2778855372,0
CDR,D,20001009,000000,28.7048,29.4829,28.325,29.0934,300434.8354518088,0
CDR,D,20001010,000000,29.2885,29.2885,28.5192,28.8991,287798.6432984019,0
CDR,D,20001011,000000,27.7411,27.7411,26.6588,27.3525,397023.06376026856,0
CDR,D,20001012,000000,27.8158,28.3998,27.3525,27.3525,363655.9405243094,0
CDR,D,20001013,000000,25.9633,26.547,25.3793,26.4635,321402.51500254666,0
CDR,D,20001016,000000,28.325,28.594,27.5467,28.2054,381607.65045875823,0
CDR,D,20001017,000000,28.0102,28.7883,27.6314,28.594,253824.20877450536,0
CDR,D,20001018,000000,27.2417,27.7411,25.5747,26.1575,271134.63916257035,0
CDR,D,20001019,000000,27.8158,28.8991,27.8158,27.9364,313231.60482709925,0
CDR,D,20001020,000000,29.2885,29.2885,28.594,28.9836,513461.1071132414,0
CDR,D,20001023,000000,28.5192,28.5192,28.1306,28.325,115763.8248892523,0
CDR,D,20001024,000000,27.8158,28.5192,27.8158,28.2054,163475.8466141322,0
CDR,D,20001025,000000,27.7411,27.7411,26.9269,27.2417,79531.01584723569,0
CDR,D,20001026,000000,27.3525,27.3525,26.6588,26.9269,106571.80827718023,0
CDR,D,20001027,000000,27.2417,27.2417,26.7317,26.8531,63313.74577743302,0
CDR,D,20001030,000000,26.9269,27.0474,26.3527,27.0474,64572.6300234102,0
CDR,D,20001031,000000,26.547,27.436,26.547,27.3525,103260.41774625165,0
CDR,D,20001102,000000,28.1306,28.8991,27.9364,28.8991,189478.03380762084,0
CDR,D,20001103,000000,29.4829,30.0669,29.4829,29.789,491648.3384652407,0
CDR,D,20001106,000000,29.6772,31.6513,29.6772,31.6513,447906.4856174914,0
CDR,D,20001107,000000,31.6513,31.9195,30.641,31.2249,262068.20217273527,0
CDR,D,20001108,000000,31.2249,31.2249,30.261,30.641,254034.19437236374,0
CDR,D,20001109,000000,29.9832,30.0669,29.0934,29.8715,331573.4350634578,0
CDR,D,20001110,000000,29.6772,29.6772,28.3998,29.0934,199291.77248393884,0
CDR,D,20001113,000000,27.5467,27.5467,26.1575,27.1581,587754.83510803,0
CDR,D,20001114,000000,29.2885,29.2885,27.7411,27.7411,638850.3012454511,0
CDR,D,20001115,000000,26.3527,26.3527,22.5552,22.8322,697079.1016629966,0
CDR,D,20001116,000000,23.7229,23.7229,20.582,22.9448,1263613.0392935353,0
CDR,D,20001117,000000,22.2492,23.8328,22.1753,23.139,347113.3986460553,0
CDR,D,20001120,000000,23.0642,23.6384,22.2492,22.3609,244514.84726950535,0
CDR,D,20001121,000000,22.6378,22.8322,21.9801,22.1753,225994.94101143515,0
CDR,D,20001122,000000,22.2492,22.2492,20.7026,21.471,265607.07710133033,0
CDR,D,20001123,000000,21.471,21.6662,20.8133,21.0912,200072.0130877484,0
CDR,D,20001124,000000,21.471,22.1753,21.2767,21.9801,402689.5868789243,0
CDR,D,20001127,000000,22.6378,22.8322,21.8606,21.9801,445469.00573648274,0
CDR,D,20001128,000000,21.9801,22.1753,21.2767,21.471,192567.0866466823,0
CDR,D,20001129,000000,20.8968,21.2019,20.5083,20.582,339264.67225555464,0
CDR,D,20001130,000000,20.1186,20.2012,18.9238,19.1559,399899.042977982,0
CDR,D,20001201,000000,19.3502,19.7301,18.9986,19.0346,282450.18660004344,0
CDR,D,20001204,000000,18.7295,18.8033,17.8765,17.9145,235691.33479484526,0
CDR,D,20001205,000000,18.3029,18.3398,17.8765,18.1456,308922.7827063636,0
CDR,D,20001206,000000,19.1928,19.3037,18.7295,19.1559,430122.5582930953,0
CDR,D,20001207,000000,19.4231,20.8968,19.1559,20.8133,754673.8279223272,0
CDR,D,20001208,000000,22.055,22.6378,21.6662,21.8606,657170.515317312,0
CDR,D,20001211,000000,22.4435,22.4435,21.6662,21.8606,391487.2669697095,0
CDR,D,20001212,000000,21.5915,21.9801,21.0912,21.3973,378702.8496883978,0
CDR,D,20001213,000000,21.471,22.4435,21.3973,21.6662,392897.46436708403,0
CDR,D,20001214,000000,21.6662,22.1753,21.471,21.9801,334284.71969461825,0
CDR,D,20001215,000000,21.8606,22.2492,21.471,22.1753,314236.2418050856,0
CDR,D,20001218,000000,22.2492,23.7229,22.2492,23.139,685789.2877546807,0
CDR,D,20001219,000000,23.4441,23.7229,22.8322,23.139,414378.78515962884,0
CDR,D,20001220,000000,22.8322,23.0642,22.1753,22.4435,549039.2551736925,0
CDR,D,20001221,000000,21.471,22.6378,21.471,22.2492,307282.01288781274,0
CDR,D,20001222,000000,23.0642,23.3333,22.7496,23.2586,257331.17412695373,0
CDR,D,20001227,000000,23.8328,24.88,23.7229,24.6857,414391.1372536276,0
CDR,D,20001228,000000,25.5007,25.695,24.0279,24.4914,727132.7756857274,0
CDR,D,20001229,000000,24.4166,24.611,23.8328,24.1018,257569.9812774591,0
CDR,D,20010102,000000,23.3333,24.2223,23.139,23.7229,237871.47938436046,0
CDR,D,20010103,000000,23.4441,23.6384,22.5552,22.8322,436485.9453810891,0
CDR,D,20010104,000000,24.2223,24.2971,23.2586,23.4441,584942.67504262,0
CDR,D,20010105,000000,23.8328,23.8328,23.0642,23.0642,213379.3356813561,0
CDR,D,20010108,000000,22.6378,22.9448,21.5915,21.7858,366595.7388942963,0
CDR,D,20010109,000000,22.055,22.3609,21.471,22.2492,365982.2515593895,0
CDR,D,20010110,000000,22.055,22.1753,21.5915,21.6662,108777.68639584274,0
CDR,D,20010111,000000,21.471,21.471,20.7026,20.8133,303248.02485839877,0
CDR,D,20010112,000000,21.6662,21.9801,21.3973,21.471,434717.53725797153,0
CDR,D,20010115,000000,21.6662,21.7858,20.8968,21.0912,134364.01975827425,0
CDR,D,20010116,000000,20.8968,21.3973,20.582,21.0912,112072.60746810297,0
CDR,D,20010117,000000,21.471,22.4435,21.0076,22.2492,437043.8482930516,0
CDR,D,20010118,000000,22.1753,23.139,22.055,22.4435,396224.29501548095,0
CDR,D,20010119,000000,23.4441,23.9172,23.0642,23.6384,683869.5664801587,0
CDR,D,20010122,000000,23.6384,23.6384,22.5552,22.5552,247776.829424459,0
CDR,D,20010123,000000,22.3609,22.8322,22.1753,22.4435,213400.95184584387,0
CDR,D,20010124,000000,22.8322,23.0642,22.055,22.2492,210038.09425663066,0
CDR,D,20010125,000000,22.055,22.4435,21.9801,22.2492,195312.33953630918,0
CDR,D,20010126,000000,21.6662,22.2492,21.471,22.2492,262210.2512536406,0
CDR,D,20010129,000000,22.1753,22.5552,22.055,22.4435,140244.64583943784,0
CDR,D,20010130,000000,22.6378,23.0642,22.2492,22.5552,140067.59915888606,0
CDR,D,20010131,000000,22.6378,22.6378,22.2492,22.3609,112497.72536964914,0
CDR,D,20010201,000000,22.1753,22.1753,21.8606,21.9801,138664.60714968079,0
CDR,D,20010202,000000,22.2492,22.3609,21.8606,21.8606,102458.56097797438,0
CDR,D,20010205,000000,21.5915,21.6662,20.7026,20.8133,323998.51342310896,0
CDR,D,20010206,000000,20.582,20.8968,19.9243,20.5083,216813.217811022,0
CDR,D,20010207,000000,20.0069,20.0069,18.9986,19.2667,401118.81225965626,0
CDR,D,20010208,000000,19.1928,19.9243,18.609,18.7674,290278.32616721623,0
CDR,D,20010209,000000,18.9616,18.9616,18.0339,18.0339,242737.17507588872,0
CDR,D,20010212,000000,18.1456,18.5341,17.8395,18.0708,233786.02429664176,0
CDR,D,20010213,000000,18.5341,18.7674,18.2203,18.7295,290672.5638337755,0
CDR,D,20010214,000000,18.1835,18.3778,18.1456,18.3778,113453.98331283052,0
CDR,D,20010215,000000,18.7674,18.8392,18.3029,18.609,261982.76685596406,0
CDR,D,20010216,000000,18.2203,18.3398,16.9875,17.1828,401286.59486970893,0
CDR,D,20010219,000000,17.1828,17.3771,15.8209,15.8209,358914.7951138583,0
CDR,D,20010220,000000,15.8674,16.2472,15.0154,16.0151,1361786.452997461,0
CDR,D,20010221,000000,15.9034,15.9034,15.1632,15.4779,524561.5222470167,0
CDR,D,20010222,000000,15.6352,15.9034,15.404,15.4779,509413.73764865875,0
CDR,D,20010223,000000,15.9034,16.3678,15.5148,15.9781,1041568.7096769823,0
CDR,D,20010226,000000,16.3678,16.5241,15.441,15.441,483646.2402410159,0
CDR,D,20010227,000000,15.404,15.404,13.5416,13.5416,633897.1115548119,0
CDR,D,20010228,000000,12.6906,14.7463,12.1903,14.552,2554209.2279115273,0
CDR,D,20010301,000000,13.3474,14.2374,13.3474,13.4689,884918.4243343964,0
CDR,D,20010302,000000,13.5047,13.8477,13.0793,13.3844,383009.61312680366,0
CDR,D,20010305,000000,13.4689,13.737,12.8849,12.8849,262195.84047731204,0
CDR,D,20010306,000000,13.1152,13.4689,12.4595,13.4689,683336.3677561836,0
CDR,D,20010307,000000,13.19,13.19,12.6158,12.6158,235724.2737121619,0
CDR,D,20010308,000000,12.3467,12.5789,11.7259,11.9222,333645.49883055413,0
CDR,D,20010309,000000,11.3374,11.3374,10.5591,10.5591,627956.7836860245,0
CDR,D,20010312,000000,9.79073,10.291,9.47596,9.55951,413459.5834984236,0
CDR,D,20010313,000000,9.36424,10.365,9.36424,10.365,946565.6667641292,0
CDR,D,20010314,000000,10.5232,11.5316,10.1792,11.5316,1861132.2047017878,0
CDR,D,20010315,000000,12.6158,13.0793,11.9572,13.0793,2115871.4977729996,0
CDR,D,20010316,000000,13.3094,13.5416,11.449,11.7259,3945502.7747727055,0
CDR,D,20010319,000000,10.9847,12.4954,10.9847,11.7259,599124.9376273076,0
CDR,D,20010320,000000,11.9951,12.2641,11.9222,11.9222,332379.4091964147,0
CDR,D,20010321,000000,11.7259,12.032,11.4121,11.4121,297008.1587103022,0
CDR,D,20010322,000000,11.3374,11.4121,10.8748,11.4121,198865.62524123277,0
CDR,D,20010323,000000,11.9951,11.9951,11.449,11.449,266617.8901263161,0
CDR,D,20010326,000000,11.3374,11.7259,11.3013,11.3013,140681.0864938028,0
CDR,D,20010327,000000,11.5316,11.5316,11.1799,11.2168,137341.90375141718,0
CDR,D,20010328,000000,11.3374,11.4121,11.143,11.3013,107172.94351810825,0
CDR,D,20010329,000000,11.0323,11.1799,10.9478,10.9478,76828.9952865733,0
CDR,D,20010330,000000,11.143,11.143,10.4853,10.4853,177158.87873332118,0
CDR,D,20010402,000000,10.5232,10.5232,9.94909,10.1792,76025.07983595322,0
CDR,D,20010403,000000,9.82761,9.90151,9.55951,9.79073,127369.64653552549,0
CDR,D,20010404,000000,9.59546,10.2163,9.52259,9.90151,245429.93156606104,0
CDR,D,20010405,000000,10.291,10.4485,10.0599,10.4485,227320.73243320847,0
CDR,D,20010406,000000,10.6427,10.6427,10.365,10.4105,255001.77506838398,0
CDR,D,20010409,000000,10.4485,10.7534,10.2163,10.6427,225893.0362360157,0
CDR,D,20010410,000000,10.7904,11.3013,10.5591,10.7904,399845.51723735756,0
CDR,D,20010411,000000,11.0323,11.143,10.7904,10.9847,294366.8692784346,0
CDR,D,20010412,000000,11.0323,11.0323,10.6797,10.7904,131914.1877832769,0
CDR,D,20010417,000000,10.5591,10.5591,10.1347,10.1792,112806.52771943729,0
CDR,D,20010418,000000,10.4105,10.7904,10.291,10.7904,413248.5685594054,0
CDR,D,20010419,000000,11.1799,11.2635,10.7904,10.9478,413115.7835489991,0
CDR,D,20010420,000000,10.9119,11.1071,10.7904,11.0323,224779.2890944305,0
CDR,D,20010423,000000,10.6797,10.7904,10.6797,10.6797,132839.56549147144,0
CDR,D,20010424,000000,10.7904,10.9119,10.5591,10.6059,128139.5937276661,0
CDR,D,20010425,000000,10.5591,10.7176,10.4853,10.6797,54912.26318081439,0
CDR,D,20010426,000000,10.7904,10.9119,10.7176,10.9119,112397.8792765394,0
CDR,D,20010427,000000,10.8379,11.1071,10.6797,11.1071,201740.57511777632,0
CDR,D,20010430,000000,11.1071,11.6434,11.1071,11.2635,335000.1118049544,0
CDR,D,20010502,000000,11.2635,11.5686,11.1799,11.3013,171406.92029790432,0
CDR,D,20010504,000000,11.2635,11.2635,10.8748,11.0323,146976.53706485362,0
CDR,D,20010507,000000,11.143,11.3013,10.8748,10.8748,98051.95144646977,0
CDR,D,20010508,000000,10.7534,10.7534,10.2542,10.3289,169241.18648470766,0
CDR,D,20010509,000000,9.79073,9.86452,9.40115,9.47596,308375.17320607003,0
CDR,D,20010510,000000,9.52259,9.94909,9.32732,9.94909,339326.4327255183,0
CDR,D,20010511,000000,9.79073,10.0599,9.67026,9.75479,150592.61258090075,0
CDR,D,20010514,000000,9.75479,9.75479,9.40115,9.43808,144143.79017611576,0
CDR,D,20010515,000000,9.52259,9.63238,9.20686,9.24378,279795.51573301724,0
CDR,D,20010516,000000,9.0964,9.0964,8.81816,9.04918,258877.24455824433,0
CDR,D,20010517,000000,9.43808,9.43808,9.0964,9.20686,174926.23774435144,0
CDR,D,20010518,000000,9.17004,9.29138,9.13322,9.13322,23805.573145307142,0
CDR,D,20010521,000000,9.17004,9.36424,9.17004,9.32732,76925.75335617334,0
CDR,D,20010522,000000,9.43808,9.75479,9.43808,9.55951,293142.9826321008,0
CDR,D,20010523,000000,9.43808,9.55951,9.32732,9.32732,151074.34424657104,0
CDR,D,20010524,000000,9.36424,9.36424,9.24378,9.24378,171471.76879136768,0
CDR,D,20010525,000000,9.36424,9.36424,9.01236,9.01236,79130.60213367396,0
CDR,D,20010528,000000,8.97554,9.13322,8.97554,9.04918,57409.444849448875,0
CDR,D,20010529,000000,9.04918,9.32732,9.04918,9.17004,44879.274836139004,0
CDR,D,20010530,000000,9.04918,9.13322,8.93834,8.97554,41112.915509867395,0
CDR,D,20010531,000000,8.93834,8.93834,8.78096,8.81816,153315.21996487997,0
CDR,D,20010601,000000,8.78096,8.78096,8.51243,8.70693,170840.78265662273,0
CDR,D,20010604,000000,8.54945,8.54945,8.01221,8.01221,166951.93173160375,0
CDR,D,20010605,000000,7.92896,8.01221,7.56765,7.81771,304098.26066148106,0
CDR,D,20010606,000000,7.89194,8.12346,7.73446,7.73446,317096.78090530063,0
CDR,D,20010607,000000,7.58622,7.81771,7.27126,7.58622,314783.8513053792,0
CDR,D,20010608,000000,7.64168,7.81771,7.30828,7.30828,311455.99131581234,0
CDR,D,20010611,000000,7.27126,7.2898,7.12309,7.17868,306331.9309916307,0
CDR,D,20010612,000000,7.14156,7.46575,7.14156,7.42864,229473.0848112365,0
CDR,D,20010613,000000,7.62323,7.92896,7.56765,7.81771,313934.64484345674,0
CDR,D,20010615,000000,7.9752,8.28092,7.66023,8.12346,258130.97221291123,0
CDR,D,20010618,000000,8.04933,8.39207,7.85473,8.31794,278806.31887251924,0
CDR,D,20010619,000000,8.35505,8.54945,8.08634,8.51243,226580.63613487477,0
CDR,D,20010620,000000,8.39207,9.17004,8.39207,9.04918,397221.7266053081,0
CDR,D,20010621,000000,9.20686,9.86452,9.17004,9.82761,611800.2447450105,0
CDR,D,20010622,000000,9.98514,10.365,9.75479,9.79073,665175.7015650363,0
CDR,D,20010625,000000,9.47596,10.0599,9.0964,9.94909,923144.0378737244,0
CDR,D,20010626,000000,10.0599,10.1792,9.59546,10.0599,872107.2441827774,0
CDR,D,20010627,000000,10.1347,10.1347,9.82761,10.1347,338222.9789955921,0
CDR,D,20010628,000000,10.022,10.022,9.55951,9.55951,227408.22643231947,0
CDR,D,20010629,000000,9.40115,10.022,9.13322,9.75479,956449.4006397399,0
CDR,D,20010702,000000,9.63238,9.63238,8.58656,8.86441,136897.22836771302,0
CDR,D,20010703,000000,8.81816,8.90151,8.28092,8.28092,104885.74744731405,0
CDR,D,20010704,000000,8.31794,8.31794,7.6788,7.73446,80440.95343794885,0
CDR,D,20010705,000000,7.81771,8.01221,7.73446,7.81771,75608.1966637362,0
CDR,D,20010706,000000,7.85473,8.28092,7.7807,8.16045,79758.50024491323,0
CDR,D,20010709,000000,8.28092,8.31794,8.04933,8.31794,134555.47721514452,0
CDR,D,20010710,000000,8.35505,8.39207,7.81771,7.89194,97026.7276451675,0
CDR,D,20010711,000000,7.60467,7.7807,7.39162,7.7807,97473.46171119643,0
CDR,D,20010712,000000,8.01221,8.97554,7.89194,8.97554,188553.68544057614,0
CDR,D,20010713,000000,9.17004,9.40115,8.70693,8.97554,206288.20438900735,0
CDR,D,20010716,000000,8.90151,9.13322,8.78096,9.13322,39158.19663569797,0
CDR,D,20010717,000000,8.97554,9.0964,8.39207,8.39207,64921.57667867222,0
CDR,D,20010718,000000,8.2069,8.51243,8.04933,8.51243,49747.02920999504,0
CDR,D,20010719,000000,8.51243,8.51243,8.24391,8.24391,62453.21656268476,0
CDR,D,20010720,000000,8.16045,8.28092,8.04933,8.08634,36452.05871037102,0
CDR,D,20010723,000000,8.28092,8.86441,8.28092,8.58656,77148.09104802342,0
CDR,D,20010724,000000,8.70693,8.74395,8.2069,8.28092,53345.60592621295,0
CDR,D,20010725,000000,8.39207,8.4384,8.04933,8.04933,42545.75841289264,0
CDR,D,20010726,000000,8.31794,8.66992,8.2069,8.58656,78817.68241922023,0
CDR,D,20010727,000000,8.78096,9.17004,8.78096,9.0964,147421.21244855778,0
CDR,D,20010730,000000,8.90151,9.94909,8.90151,9.40115,140249.7925452673,0
CDR,D,20010731,000000,9.36424,9.75479,9.20686,9.63238,89877.95324752969,0
CDR,D,20010801,000000,9.75479,9.75479,9.43808,9.55951,99225.40037567177,0
CDR,D,20010802,000000,9.59546,10.022,9.59546,9.82761,135511.7351583259,0
CDR,D,20010803,000000,9.75479,9.90151,9.59546,9.70718,54154.668082662516,0
CDR,D,20010806,000000,9.67026,10.022,9.67026,9.86452,57248.86762755844,0
CDR,D,20010807,000000,9.82761,9.82761,9.70718,9.79073,41419.65917732576,0
CDR,D,20010808,000000,9.67026,9.67026,9.20686,9.20686,60143.37498625695,0
CDR,D,20010809,000000,9.0964,9.36424,8.97554,9.36424,32468.508398080812,0
CDR,D,20010810,000000,9.47596,9.70718,9.43808,9.55951,72959.70184370532,0
CDR,D,20010813,000000,9.52259,9.75479,9.52259,9.75479,37203.477761526534,0
CDR,D,20010814,000000,9.75479,9.94909,9.75479,9.82761,63794.44810193845,0
CDR,D,20010816,000000,9.90151,9.90151,9.67026,9.86452,58056.90044284212,0
CDR,D,20010817,000000,9.75479,9.82761,9.63238,9.75479,69604.04964265437,0
CDR,D,20010820,000000,9.59546,9.70718,9.29138,9.43808,47127.355942610186,0
CDR,D,20010821,000000,9.40115,9.67026,9.40115,9.59546,11771.545573992104,0
CDR,D,20010822,000000,9.47596,9.86452,9.47596,9.67026,24663.014336556724,0
CDR,D,20010823,000000,9.70718,9.86452,9.59546,9.75479,24792.711323468346,0
CDR,D,20010824,000000,9.63238,10.1347,9.63238,9.98514,28896.69455217714,0
CDR,D,20010827,000000,10.1347,10.4105,9.90151,9.98514,98511.03760649044,0
CDR,D,20010828,000000,9.86452,10.0599,9.86452,9.94909,44292.55037153851,0
CDR,D,20010829,000000,9.86452,10.0599,9.82761,9.94909,35776.81090549766,0
CDR,D,20010830,000000,9.98514,10.1347,9.98514,10.1347,32268.816211884412,0
CDR,D,20010831,000000,10.0599,10.4105,10.0599,10.3289,74269.0238068143,0
CDR,D,20010903,000000,10.4485,10.8379,10.365,10.6797,234420.09845487637,0
CDR,D,20010904,000000,10.9119,11.0323,10.4853,10.6797,184730.71235017036,0
CDR,D,20010905,000000,10.5591,10.9478,10.5591,10.9478,45541.14120585575,0
CDR,D,20010906,000000,11.0323,11.1071,10.7176,10.7176,122246.61555251382,0
CDR,D,20010907,000000,10.6797,10.7904,10.4853,10.5591,70628.24410279073,0
CDR,D,20010910,000000,10.1792,10.6797,10.1792,10.4853,67713.14992077336,0
CDR,D,20010911,000000,10.6427,10.6427,9.67026,10.0599,62260.729764648604,0
CDR,D,20010912,000000,9.36424,9.86452,9.29138,9.86452,176535.0979867455,0
CDR,D,20010913,000000,9.63238,9.86452,9.59546,9.75479,45628.63520496273,0
CDR,D,20010914,000000,9.63238,9.67026,8.93834,8.93834,97591.83594528322,0
CDR,D,20010917,000000,8.90151,8.90151,8.54945,8.66992,52728.001226633634,0
CDR,D,20010918,000000,8.74395,9.17004,8.51243,9.13322,83667.93799325408,0
CDR,D,20010919,000000,9.13322,9.43808,9.13322,9.36424,50783.57576412214,0
CDR,D,20010920,000000,9.43808,9.43808,9.0964,9.24378,16960.45439163002,0
CDR,D,20010921,000000,8.86441,9.17004,8.58656,8.70693,40280.178506601274,0
CDR,D,20010924,000000,9.0964,9.17004,8.54945,8.86441,35577.118719299244,0
CDR,D,20010925,000000,8.90151,8.90151,8.54945,8.58656,126123.11438354406,0
CDR,D,20010926,000000,8.66992,8.66992,8.51243,8.58656,100497.66605680657,0
CDR,D,20010927,000000,8.70693,8.70693,8.12346,8.39207,30104.11173985563,0
CDR,D,20010928,000000,8.51243,8.70693,8.47542,8.51243,68401.77916080535,0
CDR,D,20011001,000000,8.51243,8.6328,8.51243,8.6328,16344.908374382498,0
CDR,D,20011002,000000,8.74395,8.74395,8.2069,8.39207,25536.924986462604,0
CDR,D,20011003,000000,8.39207,8.39207,8.16045,8.16045,30550.845805885565,0
CDR,D,20011004,000000,8.39207,8.39207,8.2069,8.24391,50593.14764841878,0
CDR,D,20011005,000000,8.28092,8.51243,8.28092,8.4384,24459.20478569574,0
CDR,D,20011008,000000,8.4384,8.4384,8.2069,8.31794,29107.709491200385,0
CDR,D,20011009,000000,8.39207,8.78096,8.31794,8.6328,89190.3533486646,0
CDR,D,20011010,000000,8.78096,9.17004,8.6328,9.04918,167159.85864712228,0
CDR,D,20011011,000000,9.47596,10.2163,8.97554,9.52259,326072.63587253506,0
CDR,D,20011012,000000,9.63238,9.63238,9.29138,9.59546,106232.12569241527,0
CDR,D,20011015,000000,9.47596,10.0967,9.36424,9.63238,106998.98486105617,0
CDR,D,20011016,000000,9.94909,10.6427,9.86452,10.4853,164096.53933721822,0
CDR,D,20011017,000000,11.0692,11.4947,9.94909,10.4105,227696.4419587897,0
CDR,D,20011018,000000,9.90151,10.4485,9.79073,10.1347,137151.4756357068,0
CDR,D,20011019,000000,10.1347,10.4853,9.94909,10.1792,95206.85246373818,0
CDR,D,20011022,000000,10.1347,10.4485,10.1347,10.4485,110354.63706210011,0
CDR,D,20011023,000000,10.7176,10.9478,10.1792,10.365,223634.66171787857,0
CDR,D,20011024,000000,10.1347,10.5232,10.0599,10.5232,123432.4165757015,0
CDR,D,20011025,000000,10.7904,10.9847,10.1347,10.1792,176537.15666908532,0
CDR,D,20011026,000000,10.4485,10.6797,10.365,10.5232,125636.23601204428,0
CDR,D,20011029,000000,10.7176,10.7534,10.365,10.5591,146226.14735487103,0
CDR,D,20011030,000000,10.2163,10.3289,9.94909,9.94909,97354.05813594475,0
CDR,D,20011031,000000,9.86452,10.291,9.82761,10.291,72923.67490289603,0
CDR,D,20011102,000000,10.3289,10.3289,10.0967,10.2542,38597.20570024582,0
CDR,D,20011105,000000,10.1347,10.291,10.1347,10.2163,22813.288261315472,0
CDR,D,20011106,000000,10.291,10.365,9.98514,10.022,29240.49450161069,0
CDR,D,20011107,000000,9.94909,10.1347,9.79073,9.86452,45548.346594017006,0
CDR,D,20011108,000000,9.94909,10.365,9.79073,10.365,52986.36585929099,0
CDR,D,20011109,000000,10.1792,10.6059,10.0599,10.0599,101019.54202795276,0
CDR,D,20011112,000000,10.3289,10.365,9.90151,9.94909,50544.76861361877,0
CDR,D,20011113,000000,10.1792,10.3289,10.0599,10.291,59553.562498156774,0
CDR,D,20011114,000000,10.5232,10.9119,10.2542,10.8379,270865.981118248,0
CDR,D,20011115,000000,10.8748,11.0692,10.365,10.365,190857.35097000859,0
CDR,D,20011116,000000,10.4105,10.6797,10.365,10.4485,45572.021440834564,0
CDR,D,20011119,000000,10.6059,10.6797,10.1347,10.365,70169.15794277008,0
CDR,D,20011120,000000,10.365,10.5232,10.2542,10.3289,41798.4567264017,0
CDR,D,20011121,000000,10.4105,10.4485,9.98514,9.98514,119705.1722137459,0
CDR,D,20011122,000000,9.75479,10.0967,9.67026,10.0967,108527.5564925085,0
CDR,D,20011123,000000,10.0967,10.0967,9.70718,9.86452,157633.30615611473,0
CDR,D,20011126,000000,9.90151,9.94909,9.67026,9.79073,56772.28266771659,0
CDR,D,20011127,000000,9.79073,9.90151,9.75479,9.75479,32779.36943020276,0
CDR,D,20011128,000000,9.52259,9.90151,9.52259,9.79073,55824.259453860344,0
CDR,D,20011129,000000,9.90151,9.94909,9.79073,9.79073,38772.19369845978,0
CDR,D,20011130,000000,9.79073,9.90151,9.55951,9.55951,29402.101064667026,0
CDR,D,20011203,000000,9.40115,9.43808,9.01236,9.40115,34458.22487189363,0
CDR,D,20011204,000000,9.70718,9.82761,9.55951,9.75479,45906.55731977307,0
CDR,D,20011205,000000,10.0599,10.1347,9.79073,9.90151,69789.33105252826,0
CDR,D,20011206,000000,10.0967,10.0967,9.90151,9.90151,62598.3536670868,0
CDR,D,20011207,000000,9.86452,10.022,9.86452,10.022,40113.425237714466,0
CDR,D,20011210,000000,9.90151,10.022,9.59546,9.59546,70535.6033978543,0
CDR,D,20011211,000000,9.40115,9.55951,9.32732,9.47596,86421.42561221414,0
CDR,D,20011212,000000,9.67026,9.67026,9.29138,9.36424,48808.27006663284,0
CDR,D,20011213,000000,9.36424,9.36424,8.4384,8.4384,87226.37040400013,0
CDR,D,20011214,000000,8.39207,8.66992,8.35505,8.51243,56108.35761566805,0
CDR,D,20011217,000000,8.66992,8.70693,8.31794,8.6328,103410.7015564962,0
CDR,D,20011218,000000,8.51243,9.01236,8.51243,8.97554,153754.74864274464,0
CDR,D,20011219,000000,8.93834,8.93834,8.58656,8.78096,114263.04546927707,0
CDR,D,20011220,000000,8.78096,8.78096,8.66992,8.78096,116544.06549306186,0
CDR,D,20011221,000000,8.6328,8.86441,8.51243,8.58656,49737.76513950099,0
CDR,D,20011227,000000,8.70693,8.97554,8.51243,8.97554,372562.8296334109,0
CDR,D,20011228,000000,9.59546,9.59546,8.66992,8.90151,1129382.8338868371,0
CDR,D,20011231,000000,8.90151,8.93834,8.58656,8.81816,74308.13877112127,0
CDR,D,20020102,000000,8.90151,8.90151,8.6328,8.66992,10639.270291428866,0
CDR,D,20020103,000000,8.78096,9.0964,8.74395,9.0964,63549.46490443871,0
CDR,D,20020104,000000,9.32732,9.32732,8.74395,8.78096,189364.8062793525,0
CDR,D,20020107,000000,8.78096,8.93834,8.51243,8.70693,99816.24220493584,0
CDR,D,20020108,000000,8.70693,8.70693,8.31794,8.51243,104350.49004101928,0
CDR,D,20020109,000000,8.54945,8.97554,8.4384,8.90151,127079.37232672545,0
CDR,D,20020110,000000,8.97554,9.01236,8.66992,8.81816,205160.04647111366,0
CDR,D,20020111,000000,8.78096,8.93834,8.74395,8.81816,68578.82584135208,0
CDR,D,20020114,000000,8.81816,8.81816,8.54945,8.6328,58471.724932726334,0
CDR,D,20020115,000000,8.47542,8.58656,8.47542,8.51243,54971.96496844023,0
CDR,D,20020116,000000,8.6328,8.70693,8.51243,8.51243,101313.93360142242,0
CDR,D,20020117,000000,8.66992,8.66992,8.54945,8.66992,95144.06265261465,0
CDR,D,20020118,000000,8.74395,8.74395,8.54945,8.58656,85683.38799621625,0
CDR,D,20020121,000000,8.54945,8.58656,8.39207,8.39207,44360.4868884915,0
CDR,D,20020128,000000,8.51243,8.51243,5.41871,6.38204,1226608.2243769509,0
CDR,D,20020129,000000,6.5024,6.65067,6.2339,6.28936,311103.9566370486,0
CDR,D,20020130,000000,6.2339,6.28936,5.88191,6.15044,140889.01340933138,0
CDR,D,20020131,000000,6.2339,6.2339,5.95595,6.07631,56245.259990740924,0
CDR,D,20020201,000000,6.15044,6.15044,5.65031,5.76145,141848.35937601246,0
CDR,D,20020204,000000,5.49274,5.61321,4.91849,4.97415,993976.0915273802,0
CDR,D,20020205,000000,4.99271,5.29825,4.85368,5.18719,208615.54476526735,0
CDR,D,20020206,000000,5.33536,5.38159,5.02972,5.02972,163177.33767600296,0
CDR,D,20020207,000000,5.06674,5.1501,5.01116,5.02972,57179.901769438555,0
CDR,D,20020208,000000,4.97415,5.10375,4.97415,5.10375,33267.27714287145,0
CDR,D,20020211,000000,5.27978,5.27978,4.9556,5.01116,61398.14186756956,0
CDR,D,20020212,000000,5.01116,5.04818,4.83513,4.83513,34119.57162829155,0
CDR,D,20020213,000000,4.77956,4.83513,4.64064,4.70544,67648.30142731803,0
CDR,D,20020214,000000,4.81668,4.81668,4.64064,4.64064,35618.292365938,0
CDR,D,20020215,000000,4.64064,4.70544,4.39048,4.44615,119299.6117943477,0
CDR,D,20020218,000000,4.54806,4.54806,4.08494,4.15897,173686.91098051923,0
CDR,D,20020219,000000,4.14041,4.14041,3.89035,4.00159,134712.96641352825,0
CDR,D,20020220,000000,3.96447,4.04784,3.90892,4.00159,113592.94437023619,0
CDR,D,20020221,000000,4.1034,4.33501,4.06638,4.17743,207565.61677597562,0
CDR,D,20020222,000000,4.14041,4.25156,4.1034,4.25156,73722.44364768566,0
CDR,D,20020225,000000,4.64064,5.38159,4.52951,4.9556,818212.999415105,0
CDR,D,20020226,000000,5.20566,5.20566,4.87214,4.93694,695024.5366957383,0
CDR,D,20020227,000000,4.91849,4.97415,4.70544,4.87214,292022.0301023664,0
CDR,D,20020228,000000,4.87214,4.91849,4.77956,4.91849,54382.152480342054,0
CDR,D,20020301,000000,4.93694,4.93694,4.761,4.81668,1209734.2346432607,0
CDR,D,20020304,000000,4.9556,4.99271,4.44615,4.64064,574460.8939495711,0
CDR,D,20020305,000000,4.64064,4.70544,4.52951,4.54806,74039.48072680397,0
CDR,D,20020306,000000,4.4924,4.56652,4.35346,4.44615,112659.33193270247,0
CDR,D,20020307,000000,4.51094,4.51094,4.33501,4.40903,84568.6115134752,0
CDR,D,20020308,000000,4.4924,4.4924,4.35346,4.39048,77045.15693142603,0
CDR,D,20020311,000000,4.4275,4.4275,4.37202,4.37202,24665.073018889514,0
CDR,D,20020312,000000,4.33501,4.58507,4.298,4.37202,237270.34414344246,0
CDR,D,20020313,000000,4.37202,4.4646,4.31644,4.37202,95366.40034446372,0
CDR,D,20020314,000000,4.27934,4.37202,4.27934,4.298,41756.253738596046,0
CDR,D,20020315,000000,4.33501,4.33501,4.298,4.33501,21636.751308615796,0
CDR,D,20020318,000000,4.37202,4.37202,4.298,4.33501,29500.917816599835,0
CDR,D,20020319,000000,4.31644,4.31644,4.06638,4.1034,70009.61006204554,0
CDR,D,20020320,000000,4.1034,4.14041,3.98304,3.98304,88944.34080999898,0
CDR,D,20020321,000000,4.06638,4.06638,3.94592,3.94592,65663.73165933469,0
CDR,D,20020322,000000,4.00159,4.14041,3.96447,4.1034,93121.40726149123,0
CDR,D,20020325,000000,4.15897,4.15897,3.98304,4.00159,92190.88284745617,0
CDR,D,20020326,000000,3.90892,3.96447,3.8719,3.89035,149053.74753777945,0
CDR,D,20020327,000000,3.8719,3.96447,3.83479,3.85324,95095.68361781463,0
CDR,D,20020328,000000,3.8719,3.96447,3.85324,3.8719,90617.02020469448,0
CDR,D,20020402,000000,3.85324,3.90892,3.83479,3.8719,11743.753362511974,0
CDR,D,20020403,000000,3.85324,3.85324,3.53838,3.67731,75228.36977349537,0
CDR,D,20020404,000000,3.67731,3.67731,3.40868,3.40868,148713.03561183452,0
CDR,D,20020405,000000,3.48271,3.51973,3.42725,3.44569,107539.38897318042,0
CDR,D,20020408,000000,3.44569,3.44569,3.05671,3.09382,95120.38780579809,0
CDR,D,20020409,000000,3.13084,3.13084,2.70474,2.89923,418886.270125394,0
CDR,D,20020410,000000,2.89923,2.91779,2.78809,2.8251,115684.56561947046,0
CDR,D,20020411,000000,2.84366,2.86222,2.61206,2.66774,125143.18159354512,0
CDR,D,20020412,000000,2.70474,2.70474,2.30642,2.399,447724.2922311202,0
CDR,D,20020415,000000,2.399,2.63072,2.09338,2.63072,751595.0684949147,0
CDR,D,20020416,000000,2.72329,2.89923,2.51948,2.51948,616064.8051956107,0
CDR,D,20020417,000000,2.63072,2.63072,2.399,2.399,313605.2556703407,0
CDR,D,20020418,000000,2.399,2.51948,2.399,2.41758,116598.6205748462,0
CDR,D,20020419,000000,2.45458,2.64916,2.43612,2.51948,182686.44079457122,0
CDR,D,20020422,000000,2.53793,2.76954,2.49169,2.70474,204675.2267819437,0
CDR,D,20020423,000000,2.76954,2.84366,2.59351,2.59351,326250.7118942467,0
CDR,D,20020424,000000,2.61206,2.64916,2.49169,2.53793,174948.8832499991,0
CDR,D,20020425,000000,2.55649,2.57504,2.47323,2.57504,34016.637511695175,0
CDR,D,20020426,000000,2.57504,2.64916,2.55649,2.57504,67136.71886783179,0
CDR,D,20020429,000000,2.59351,2.66774,2.55649,2.59351,101700.9658798225,0
CDR,D,20020430,000000,2.66774,2.66774,2.55649,2.61206,44667.23055594986,0
CDR,D,20020502,000000,2.64916,2.64916,2.55649,2.57504,45249.83765588679,0
CDR,D,20020506,000000,2.55649,2.57504,2.47323,2.53793,72316.36361497566,0
CDR,D,20020507,000000,2.51948,2.51948,2.45458,2.49169,66604.54948502767,0
CDR,D,20020508,000000,2.45458,2.51948,2.45458,2.47323,45574.08012316635,0
CDR,D,20020509,000000,2.55649,2.59351,2.45458,2.45458,139749.5327386089,0
CDR,D,20020510,000000,2.45458,2.45458,2.399,2.41758,82170.24659677251,0
CDR,D,20020513,000000,2.362,2.43612,2.26009,2.34345,117205.93186277359,0
CDR,D,20020514,000000,2.362,2.399,2.27854,2.399,124549.25174077634,0
CDR,D,20020515,000000,2.41758,2.45458,2.34345,2.43612,90355.56754853844,0
CDR,D,20020516,000000,2.43612,2.49169,2.399,2.47323,168277.72315336703,0
CDR,D,20020517,000000,2.55649,2.59351,2.45458,2.45458,200447.72261331964,0
CDR,D,20020520,000000,2.49169,2.53793,2.47323,2.49169,53053.273035078084,0
CDR,D,20020521,000000,2.49169,2.53793,2.49169,2.49169,37363.02564225108,0
CDR,D,20020522,000000,2.53793,2.55649,2.43612,2.43612,84799.18393465142,0
CDR,D,20020523,000000,2.47323,2.47323,2.43612,2.47323,23096.357081956277,0
CDR,D,20020524,000000,2.47323,2.61206,2.43612,2.61206,162011.09413496326,0
CDR,D,20020527,000000,2.61206,2.89923,2.59351,2.86222,778275.5915167734,0
CDR,D,20020528,000000,2.89923,3.13084,2.66774,2.66774,909238.6680626884,0
CDR,D,20020529,000000,2.68628,2.80665,2.68628,2.78809,241067.58370468084,0
CDR,D,20020531,000000,2.84366,2.89923,2.78809,2.80665,136861.2014268967,0
CDR,D,20020603,000000,2.86222,2.88078,2.80665,2.84366,118658.33224795383,0
CDR,D,20020604,000000,2.86222,2.96413,2.84366,2.96413,232490.08376869542,0
CDR,D,20020605,000000,3.05671,3.11229,2.98269,3.0197,322595.52141389356,0
CDR,D,20020606,000000,3.07517,3.07517,2.88078,2.88078,277301.4220878744,0
CDR,D,20020607,000000,2.8251,3.00114,2.80665,3.00114,218716.4696268857,0
CDR,D,20020610,000000,2.98269,3.05671,2.96413,3.00114,65058.4790537461,0
CDR,D,20020611,000000,3.00114,3.03817,2.93625,3.0197,86587.14953993604,0
CDR,D,20020612,000000,3.0197,3.05671,2.96413,3.03817,63649.310997538414,0
CDR,D,20020613,000000,3.05671,3.25121,3.05671,3.19563,636814.264419161,0
CDR,D,20020614,000000,3.19563,3.19563,3.09382,3.13084,187023.055126784,0
CDR,D,20020617,000000,3.17717,3.28823,3.17717,3.28823,254720.7649300629,0
CDR,D,20020618,000000,3.40868,3.51973,3.39023,3.42725,500649.9269616124,0
CDR,D,20020619,000000,3.39023,3.44569,3.32533,3.39023,330577.03281481063,0
CDR,D,20020620,000000,3.34388,3.50127,3.34388,3.44569,132391.80208428766,0
CDR,D,20020621,000000,3.50127,3.71441,3.48271,3.67731,274233.9854132907,0
CDR,D,20020624,000000,3.69576,3.89035,3.67731,3.73288,432429.31184601743,0
CDR,D,20020625,000000,3.83479,3.83479,3.34388,3.57549,157779.4726016696,0
CDR,D,20020626,000000,3.34388,3.44569,3.14929,3.23265,293476.4891698764,0
CDR,D,20020627,000000,3.30687,3.40868,3.26976,3.39023,176712.14466729725,0
CDR,D,20020628,000000,3.44569,3.51973,3.14929,3.40868,231620.29048345512,0
CDR,D,20020701,000000,3.32533,3.32533,3.17717,3.17717,57145.93351096206,0
CDR,D,20020702,000000,3.07517,3.13084,2.78809,2.78809,149459.3079571676,0
CDR,D,20020703,000000,2.61206,3.00114,2.53793,2.98269,474078.51410335256,0
CDR,D,20020704,000000,3.09382,3.25121,2.91779,3.09382,285114.12153755873,0
CDR,D,20020705,000000,3.14929,3.14929,3.09382,3.13084,60263.80790267353,0
CDR,D,20020708,000000,3.09382,3.17717,3.07517,3.11229,17336.16391720828,0
CDR,D,20020709,000000,3.09382,3.13084,3.05671,3.09382,17782.897983236206,0
CDR,D,20020710,000000,3.13084,3.13084,2.91779,3.0197,27824.121057239743,0
CDR,D,20020711,000000,2.89923,2.98269,2.8251,2.88078,43545.24868504657,0
CDR,D,20020712,000000,2.88078,2.91779,2.86222,2.89923,17294.990270569524,0
CDR,D,20020715,000000,2.88078,2.88078,2.75098,2.75098,29762.370472755876,0
CDR,D,20020716,000000,2.8251,2.88078,2.75098,2.8251,32140.148566137676,0
CDR,D,20020717,000000,2.78809,3.00114,2.76954,3.00114,35370.22114494059,0
CDR,D,20020718,000000,3.13084,3.25121,3.0197,3.03817,134790.1670009803,0
CDR,D,20020719,000000,2.89923,2.98269,2.88078,2.96413,31191.09601111654,0
CDR,D,20020722,000000,2.80665,2.86222,2.78809,2.8251,30613.63561700909,0
CDR,D,20020723,000000,2.91779,2.93625,2.8251,2.88078,33803.563890339145,0
CDR,D,20020724,000000,2.8251,2.84366,2.70474,2.8251,52161.86358535202,0
CDR,D,20020725,000000,3.00114,3.0197,2.75098,2.89923,94147.6604039594,0
CDR,D,20020726,000000,2.8251,2.93625,2.8251,2.86222,52167.01029118148,0
CDR,D,20020729,000000,2.89923,2.89923,2.84366,2.88078,11146.735486251539,0
CDR,D,20020730,000000,2.89923,2.89923,2.78809,2.80665,37203.477761526534,0
CDR,D,20020731,000000,2.78809,2.84366,2.66774,2.76954,71238.6434142088,0
CDR,D,20020801,000000,2.78809,2.78809,2.70474,2.78809,28089.691078060365,0
CDR,D,20020802,000000,2.70474,2.75098,2.66774,2.68628,47717.168430708356,0
CDR,D,20020805,000000,2.68628,2.68628,2.57504,2.59351,58858.75721112943,0
CDR,D,20020806,000000,2.55649,2.66774,2.53793,2.63072,41073.80054556042,0
CDR,D,20020807,000000,2.64916,2.70474,2.61206,2.61206,57000.79640656002,0
CDR,D,20020808,000000,2.61206,2.68628,2.57504,2.59351,68753.81383956604,0
CDR,D,20020809,000000,2.61206,2.63072,2.61206,2.63072,15384.533066534528,0
CDR,D,20020812,000000,2.68628,2.68628,2.68628,2.68628,2.0586823319330065,0
CDR,D,20020813,000000,2.68628,2.70474,2.61206,2.70474,9257.894446702616,0
CDR,D,20020814,000000,2.68628,2.68628,2.63072,2.66774,17243.52321227083,0
CDR,D,20020816,000000,2.70474,2.72329,2.66774,2.70474,5985.618880095157,0
CDR,D,20020819,000000,2.63072,2.72329,2.63072,2.70474,4056.633535073976,0
CDR,D,20020820,000000,2.70474,2.75098,2.66774,2.75098,16160.656305673496,0
CDR,D,20020821,000000,2.66774,2.75098,2.66774,2.75098,22021.7249046871,0
CDR,D,20020822,000000,2.76954,2.76954,2.70474,2.70474,20251.25809922467,0
CDR,D,20020823,000000,2.70474,2.72329,2.70474,2.72329,20605.351460317153,0
CDR,D,20020826,000000,2.72329,2.78809,2.66774,2.75098,8785.426851524036,0
CDR,D,20020827,000000,2.75098,2.76954,2.70474,2.72329,30041.321928732108,0
CDR,D,20020828,000000,2.70474,2.70474,2.66774,2.66774,54946.23143929089,0
CDR,D,20020829,000000,2.63072,2.66774,2.61206,2.66774,36723.804778187005,0
CDR,D,20020830,000000,2.63072,2.68628,2.63072,2.66774,23500.888160180562,0
CDR,D,20020902,000000,2.63072,2.63072,2.59351,2.61206,50430.511744196556,0
CDR,D,20020903,000000,2.59351,2.59351,2.43612,2.43612,57009.031135888166,0
CDR,D,20020904,000000,2.47323,2.47323,2.09338,2.20452,86118.79930942135,0
CDR,D,20020905,000000,2.20452,2.32498,2.09338,2.11194,120387.6254067755,0
CDR,D,20020906,000000,2.11194,2.26009,2.11194,2.24153,90041.61849291882,0
CDR,D,20020909,000000,2.22307,2.399,2.14894,2.362,31203.448105108266,0
CDR,D,20020910,000000,2.43612,2.43612,2.30642,2.32498,146307.4653069726,0
CDR,D,20020911,000000,2.30642,2.32498,2.26009,2.32498,83052.39197600655,0
CDR,D,20020912,000000,2.27854,2.30642,2.18606,2.24153,20799.896940685096,0
CDR,D,20020913,000000,2.20452,2.20452,2.14894,2.14894,17803.484806556087,0
CDR,D,20020916,000000,2.27854,2.59351,2.24153,2.55649,448081.47361570335,0
CDR,D,20020917,000000,2.68628,2.78809,2.51948,2.53793,596142.9362694952,0
CDR,D,20020918,000000,2.55649,2.55649,2.34345,2.51948,163444.9663791554,0
CDR,D,20020919,000000,2.47323,2.59351,2.43612,2.47323,55800.584607043784,0
CDR,D,20020920,000000,2.47323,2.61206,2.47323,2.51948,101543.47668142873,0
CDR,D,20020923,000000,2.57504,2.57504,2.49169,2.49169,44075.35938551991,0
CDR,D,20020924,000000,2.45458,2.53793,2.38046,2.43612,35320.81276897468,0
CDR,D,20020925,000000,2.362,2.53793,2.362,2.53793,59262.25894818881,0
CDR,D,20020926,000000,2.53793,2.57504,2.49169,2.49169,14291.37274827926,0
CDR,D,20020927,000000,2.45458,2.47323,2.41758,2.45458,23927.03540289062,0
CDR,D,20020930,000000,2.399,2.45458,2.362,2.399,44574.58985101343,0
CDR,D,20021001,000000,2.45458,2.45458,2.362,2.362,46031.10760085622,0
CDR,D,20021002,000000,2.43612,2.47323,2.362,2.399,27563.697742250602,0
CDR,D,20021003,000000,2.34345,2.38046,2.32498,2.34345,66738.36383660288,0
CDR,D,20021004,000000,2.34345,2.41758,2.32498,2.32498,27082.995417744172,0
CDR,D,20021007,000000,2.30642,2.362,2.27854,2.32498,26894.625984372597,0
CDR,D,20021008,000000,2.32498,2.32498,2.26009,2.32498,40280.178506601274,0
CDR,D,20021009,000000,2.32498,2.32498,2.26009,2.27854,133253.3606401988,0
CDR,D,20021010,000000,2.32498,2.38046,2.30642,2.38046,33477.26274072779,0
CDR,D,20021011,000000,2.399,2.45458,2.399,2.43612,98194.00052737314,0
CDR,D,20021014,000000,2.38046,2.43612,2.362,2.43612,14692.815803005862,0
CDR,D,20021015,000000,2.43612,2.49169,2.43612,2.45458,80266.99478090179,0
CDR,D,20021016,000000,2.47323,2.47323,2.399,2.43612,60414.091712905036,0
CDR,D,20021017,000000,2.41758,2.43612,2.399,2.399,41846.835761201706,0
CDR,D,20021018,000000,2.43612,2.43612,2.399,2.43612,43871.54983465692,0
CDR,D,20021021,000000,2.43612,2.43612,2.399,2.399,29157.117867166286,0
CDR,D,20021022,000000,2.41758,2.51948,2.399,2.49169,176717.29137312673,0
CDR,D,20021023,000000,2.53793,2.63072,2.43612,2.45458,125134.94686421596,0
CDR,D,20021024,000000,2.49169,2.49169,2.41758,2.45458,66092.96692554244,0
CDR,D,20021025,000000,2.43612,2.47323,2.41758,2.41758,14131.824867554715,0
CDR,D,20021028,000000,2.41758,2.53793,2.41758,2.53793,85933.51789954746,0
CDR,D,20021029,000000,2.49169,2.59351,2.47323,2.55649,245033.6352171619,0
CDR,D,20021030,000000,2.59351,2.59351,2.49169,2.53793,72814.56473930429,0
CDR,D,20021031,000000,2.53793,2.59351,2.47323,2.47323,155602.4160356541,0
CDR,D,20021104,000000,2.68628,2.98269,2.68628,2.84366,860415.9872197331,0
CDR,D,20021105,000000,2.89923,2.89923,2.72329,2.75098,193049.8476535225,0
CDR,D,20021106,000000,2.78809,2.80665,2.61206,2.61206,193624.22002413328,0
CDR,D,20021107,000000,2.55649,2.64916,2.399,2.47323,206529.0702218525,0
CDR,D,20021108,000000,2.47323,2.47323,2.362,2.38046,272210.30068099935,0
CDR,D,20021112,000000,2.399,2.41758,2.26009,2.38046,102000.50415912161,0
CDR,D,20021113,000000,2.38046,2.38046,2.32498,2.362,86214.52803785547,0
CDR,D,20021114,000000,2.362,2.43612,2.362,2.41758,74130.06274940862,0
CDR,D,20021115,000000,2.41758,2.45458,2.38046,2.399,34923.48707891065,0
CDR,D,20021118,000000,2.43612,2.49169,2.38046,2.47323,116693.31996211644,0
CDR,D,20021119,000000,2.49169,2.51948,2.43612,2.43612,44145.354584804685,0
CDR,D,20021120,000000,2.47323,2.47323,2.41758,2.41758,25482.36990466623,0
CDR,D,20021121,000000,2.49169,2.49169,2.41758,2.47323,64697.18030449136,0
CDR,D,20021122,000000,2.49169,2.59351,2.49169,2.49169,270672.46497904795,0
CDR,D,20021125,000000,2.55649,2.75098,2.55649,2.57504,861249.7535641671,0
CDR,D,20021126,000000,2.61206,2.66774,2.57504,2.59351,489495.9860872027,0
CDR,D,20021127,000000,2.59351,2.63072,2.57504,2.59351,114559.49572507651,0
CDR,D,20021128,000000,2.61206,2.63072,2.51948,2.53793,168243.75489489053,0
CDR,D,20021129,000000,2.55649,2.55649,2.47323,2.51948,143745.4351448868,0
CDR,D,20021202,000000,2.47323,2.59351,2.47323,2.57504,126965.1154572972,0
CDR,D,20021203,000000,2.57504,2.61206,2.49169,2.49169,111485.88300349344,0
CDR,D,20021204,000000,2.45458,2.53793,2.45458,2.51948,65394.044273851505,0
CDR,D,20021205,000000,2.49169,2.55649,2.49169,2.51948,52126.865985708624,0
CDR,D,20021206,000000,2.49169,2.51948,2.47323,2.51948,26024.83269913029,0
CDR,D,20021209,000000,2.49169,2.51948,2.47323,2.49169,30140.138680664917,0
CDR,D,20021210,000000,2.49169,2.51948,2.45458,2.47323,33897.233936442484,0
CDR,D,20021211,000000,2.43612,2.45458,2.41758,2.43612,39177.754117849945,0
CDR,D,20021212,000000,2.45458,2.47323,2.41758,2.47323,36877.17661191519,0
CDR,D,20021213,000000,2.43612,2.47323,2.41758,2.45458,60577.75695829316,0
CDR,D,20021216,000000,2.45458,2.51948,2.43612,2.45458,33900.32195994117,0
CDR,D,20021217,000000,2.49169,2.49169,2.41758,2.47323,37648.153145224685,0
CDR,D,20021218,000000,2.47323,2.47323,2.399,2.41758,32538.503597366594,0
CDR,D,20021219,000000,2.43612,2.43612,2.34345,2.399,47678.053466402394,0
CDR,D,20021220,000000,2.41758,2.41758,2.30642,2.38046,81764.68617738235,0
CDR,D,20021223,000000,2.362,2.43612,2.30642,2.362,24409.79640972984,0
CDR,D,20021227,000000,2.32498,2.399,2.32498,2.362,54625.076995510004,0
CDR,D,20021230,000000,2.34345,2.362,2.34345,2.34345,20067.00603051667,0
CDR,D,20021231,000000,2.32498,2.38046,2.30642,2.362,47900.39115825046,0
CDR,D,20030102,000000,2.32498,2.362,2.32498,2.362,56247.31867307372,0
CDR,D,20030103,000000,2.43612,2.45458,2.38046,2.399,75515.55595879976,0
CDR,D,20030106,000000,2.43612,2.47323,2.41758,2.47323,107984.06435688458,0
CDR,D,20030107,000000,2.47323,2.49169,2.43612,2.43612,44294.6090538703,0
CDR,D,20030108,000000,2.41758,2.43612,2.38046,2.38046,30444.8236657915,0
CDR,D,20030109,000000,2.362,2.399,2.362,2.399,44017.71628022484,0
CDR,D,20030110,000000,2.399,2.47323,2.362,2.38046,95550.65241317173,0
CDR,D,20030113,000000,2.38046,2.55649,2.38046,2.53793,258530.35658531007,0
CDR,D,20030114,000000,2.53793,2.53793,2.47323,2.49169,168043.03336752122,0
CDR,D,20030115,000000,2.49169,2.49169,2.45458,2.45458,90242.34002028212,0
CDR,D,20030116,000000,2.47323,2.47323,2.41758,2.43612,50128.914782567655,0
CDR,D,20030117,000000,2.41758,2.41758,2.38046,2.399,43682.15106012046,0
CDR,D,20030120,000000,2.399,2.55649,2.399,2.49169,221357.75905876336,0
CDR,D,20030121,000000,2.53793,2.53793,2.43612,2.43612,107250.14410555027,0
CDR,D,20030122,000000,2.45458,2.45458,2.41758,2.41758,66625.13630834654,0
CDR,D,20030123,000000,2.75098,2.75098,2.61206,2.68628,933992.2644218558,0
CDR,D,20030124,000000,2.63072,2.64916,2.51948,2.53793,183675.63765506924,0
CDR,D,20030127,000000,2.47323,2.47323,2.41758,2.47323,106242.41910406417,0
CDR,D,20030128,000000,2.49169,2.51948,2.45458,2.51948,58022.932184365614,0
CDR,D,20030129,000000,2.45458,2.51948,2.45458,2.49169,50315.22553360744,0
CDR,D,20030130,000000,2.51948,2.51948,2.43612,2.43612,47390.867281097,0
CDR,D,20030131,000000,2.43612,2.47323,2.43612,2.47323,15818.915038572737,0
CDR,D,20030203,000000,2.51948,2.51948,2.45458,2.47323,67913.87144813665,0
CDR,D,20030204,000000,2.49169,2.49169,2.43612,2.43612,71067.77278065842,0
CDR,D,20030205,000000,2.43612,2.45458,2.43612,2.43612,27162.254687524,0
CDR,D,20030206,000000,2.43612,2.47323,2.43612,2.45458,25857.050089078595,0
CDR,D,20030207,000000,2.43612,2.55649,2.43612,2.49169,157709.4774023868,0
CDR,D,20030210,000000,2.51948,2.51948,2.45458,2.45458,88041.60860744606,0
CDR,D,20030211,000000,2.49169,2.51948,2.45458,2.49169,82495.51840521899,0
CDR,D,20030212,000000,2.47323,2.68628,2.47323,2.68628,442589.9384952696,0
CDR,D,20030213,000000,2.75098,2.76954,2.55649,2.57504,545663.0161493307,0
CDR,D,20030214,000000,2.59351,2.63072,2.55649,2.61206,98186.79513921187,0
CDR,D,20030217,000000,2.64916,2.68628,2.63072,2.64916,76952.51622648958,0
CDR,D,20030218,000000,2.57504,2.63072,2.55649,2.61206,33590.49026898411,0
CDR,D,20030219,000000,2.59351,2.61206,2.57504,2.57504,52984.307176959206,0
CDR,D,20030220,000000,2.55649,2.57504,2.53793,2.57504,51922.02709368175,0
CDR,D,20030221,000000,2.53793,2.61206,2.53793,2.61206,10865.725347941512,0
CDR,D,20030224,000000,2.61206,2.61206,2.57504,2.57504,10127.687731944625,0
CDR,D,20030225,000000,2.53793,2.55649,2.49169,2.49169,69767.71488804348,0
CDR,D,20030226,000000,2.51948,2.57504,2.51948,2.57504,76733.26655813718,0
CDR,D,20030227,000000,2.59351,2.59351,2.55649,2.59351,12446.793378867476,0
CDR,D,20030228,000000,2.57504,2.61206,2.57504,2.61206,40500.45751611755,0
CDR,D,20030303,000000,2.55649,2.61206,2.55649,2.61206,17586.293820537485,0
CDR,D,20030304,000000,2.61206,2.61206,2.55649,2.57504,27519.436072114167,0
CDR,D,20030305,000000,2.57504,2.59351,2.57504,2.59351,16922.36876848895,0
CDR,D,20030306,000000,2.57504,2.61206,2.57504,2.59351,48339.91983611814,0
CDR,D,20030307,000000,2.59351,2.63072,2.57504,2.63072,53692.49389914418,0
CDR,D,20030310,000000,2.66774,2.80665,2.66774,2.75098,357159.7684258893,0
CDR,D,20030311,000000,2.72329,2.8251,2.68628,2.80665,292199.0767829081,0
CDR,D,20030312,000000,2.80665,2.84366,2.68628,2.72329,224958.39445731204,0
CDR,D,20030313,000000,2.76954,2.8251,2.72329,2.75098,59721.34510821048,0
CDR,D,20030314,000000,2.76954,2.78809,2.72329,2.72329,93478.58864608139,0
CDR,D,20030317,000000,2.72329,2.72329,2.66774,2.68628,74259.75973632025,0
CDR,D,20030318,000000,2.72329,2.78809,2.70474,2.70474,161668.32352668856,0
CDR,D,20030319,000000,2.70474,2.80665,2.70474,2.75098,118596.57177799018,0
CDR,D,20030320,000000,2.76954,2.89923,2.76954,2.86222,309888.304720044,0
CDR,D,20030321,000000,2.93625,3.09382,2.91779,3.07517,347048.550152602,0
CDR,D,20030324,000000,3.17717,3.26976,3.09382,3.14929,684450.1148977588,0
CDR,D,20030325,000000,3.13084,3.14929,2.98269,3.13084,236776.2603837734,0
CDR,D,20030326,000000,3.17717,3.21419,3.09382,3.09382,231153.99893526314,0
CDR,D,20030327,000000,3.09382,3.13084,3.09382,3.13084,35339.34090996177,0
CDR,D,20030328,000000,3.13084,3.14929,3.09382,3.11229,64413.08214268566,0
CDR,D,20030331,000000,3.05671,3.05671,2.98269,3.00114,81299.42397036533,0
CDR,D,20030401,000000,3.05671,3.07517,3.00114,3.0197,81926.29274043869,0
CDR,D,20030402,000000,3.07517,3.11229,3.0197,3.09382,128362.96076069311,0
CDR,D,20030403,000000,3.14929,3.25121,3.13084,3.25121,332413.37745488115,0
CDR,D,20030404,000000,3.26976,3.28823,3.23265,3.28823,194006.1055967039,0
CDR,D,20030407,000000,3.42725,3.51973,3.42725,3.50127,402659.73598509724,0
CDR,D,20030408,000000,3.48271,3.59395,3.36235,3.55693,321181.20665185945,0
CDR,D,20030409,000000,3.51973,3.71441,3.51973,3.67731,342989.8579351905,0
CDR,D,20030410,000000,3.71441,3.71441,3.51973,3.51973,255722.3138845597,0
CDR,D,20030411,000000,3.51973,3.59395,3.40868,3.44569,528697.4150518702,0
CDR,D,20030414,000000,3.46425,3.46425,3.21419,3.21419,315603.20687348465,0
CDR,D,20030415,000000,3.26976,3.26976,3.05671,3.14929,230853.43131480415,0
CDR,D,20030416,000000,3.19563,3.25121,3.19563,3.25121,105269.6917022345,0
CDR,D,20030417,000000,3.26976,3.26976,3.19563,3.23265,86556.26930495622,0
CDR,D,20030422,000000,3.23265,3.23265,3.14929,3.14929,85437.37545755062,0
CDR,D,20030423,000000,3.21419,3.32533,3.17717,3.32533,154972.4592420891,0
CDR,D,20030424,000000,3.32533,3.39023,3.25121,3.25121,139760.85549143775,0
CDR,D,20030425,000000,3.17717,3.25121,3.14929,3.25121,48517.99585783077,0
CDR,D,20030428,000000,3.19563,3.25121,3.17717,3.21419,55302.38348271516,0
CDR,D,20030429,000000,3.23265,3.25121,3.14929,3.14929,52988.42454162278,0
CDR,D,20030430,000000,3.17717,3.21419,3.13084,3.19563,42522.08356607608,0
CDR,D,20030502,000000,3.14929,3.23265,3.14929,3.21419,20651.67181278538,0
CDR,D,20030505,000000,3.26976,3.32533,3.23265,3.25121,117417.97614296174,0
CDR,D,20030506,000000,3.28823,3.28823,3.23265,3.25121,47453.65709222053,0
CDR,D,20030507,000000,3.28823,3.28823,3.21419,3.21419,62097.064519260486,0
CDR,D,20030508,000000,3.21419,3.21419,3.17717,3.21419,49639.97772873408,0
CDR,D,20030509,000000,3.21419,3.25121,3.17717,3.25121,84326.71633947315,0
CDR,D,20030512,000000,3.25121,3.44569,3.25121,3.44569,196831.64709728252,0
CDR,D,20030513,000000,3.46425,3.46425,3.32533,3.34388,163526.284331267,0
CDR,D,20030514,000000,3.32533,3.40868,3.26976,3.30687,428757.65190701606,0
CDR,D,20030515,000000,3.32533,3.34388,3.28823,3.32533,32685.69938410042,0
CDR,D,20030516,000000,3.17717,3.26976,3.17717,3.25121,109282.06356716072,0
CDR,D,20030519,000000,3.17717,3.21419,3.14929,3.17717,136511.22543048285,0
CDR,D,20030520,000000,3.17717,3.17717,3.00114,3.00114,268005.442018033,0
CDR,D,20030521,000000,2.91779,3.0197,2.86222,3.0197,242785.5541106837,0
CDR,D,20030522,000000,3.0197,3.17717,3.0197,3.09382,338263.123301078,0
CDR,D,20030523,000000,3.11229,3.14929,3.07517,3.11229,57047.116759028235,0
CDR,D,20030526,000000,3.11229,3.11229,3.03817,3.09382,60398.65159541563,0
CDR,D,20030527,000000,3.07517,3.07517,3.0197,3.03817,53661.61366416536,0
CDR,D,20030528,000000,3.09382,3.09382,3.0197,3.05671,24777.27120597894,0
CDR,D,20030529,000000,3.05671,3.07517,3.03817,3.03817,48840.17964277755,0
CDR,D,20030530,000000,3.0197,3.0197,2.98269,2.98269,150659.51975668382,0
CDR,D,20030602,000000,3.0197,3.07517,2.98269,3.05671,35965.180338869235,0
CDR,D,20030603,000000,3.07517,3.11229,3.05671,3.11229,38741.313463480954,0
CDR,D,20030604,000000,3.13084,3.25121,3.09382,3.09382,190538.25520856152,0
CDR,D,20030605,000000,3.13084,3.19563,3.11229,3.13084,37308.47056045571,0
CDR,D,20030606,000000,3.13084,3.13084,3.11229,3.11229,38933.800261517106,0
CDR,D,20030609,000000,3.09382,3.09382,2.88078,2.89923,634993.3598965688,0
CDR,D,20030610,000000,2.78809,2.86222,2.76954,2.8251,280743.5389468695,0
CDR,D,20030611,000000,2.78809,2.8251,2.76954,2.80665,74145.50286689804,0
CDR,D,20030612,000000,2.80665,2.88078,2.80665,2.8251,67689.4750739568,0
CDR,D,20030613,000000,2.8251,2.88078,2.80665,2.86222,64905.10722001692,0
CDR,D,20030616,000000,2.84366,2.88078,2.80665,2.86222,127298.62199508287,0
CDR,D,20030617,000000,2.88078,2.93625,2.86222,2.88078,85566.04310329634,0
CDR,D,20030618,000000,2.89923,2.89923,2.86222,2.89923,47005.89368502571,0
CDR,D,20030620,000000,2.93625,2.93625,2.88078,2.91779,63663.72177386193,0
CDR,D,20030623,000000,2.89923,2.89923,2.88078,2.89923,23161.20557541159,0
CDR,D,20030624,000000,2.88078,2.88078,2.80665,2.84366,51160.3146308663,0
CDR,D,20030625,000000,2.86222,2.88078,2.8251,2.84366,29884.862071505242,0
CDR,D,20030626,000000,2.86222,2.98269,2.86222,2.96413,183456.38798671178,0
CDR,D,20030627,000000,2.96413,3.09382,2.96413,3.03817,169654.98163343503,0
CDR,D,20030630,000000,3.03817,3.05671,2.98269,3.05671,53544.26877124445,0
CDR,D,20030701,000000,3.03817,3.05671,2.96413,2.96413,56419.21864778899,0
CDR,D,20030702,000000,2.96413,3.00114,2.93625,3.00114,12229.60239284787,0
CDR,D,20030703,000000,2.98269,3.00114,2.93625,3.00114,23347.516326452384,0
CDR,D,20030704,000000,2.96413,3.00114,2.96413,2.96413,27396.944473363797,0
CDR,D,20030707,000000,3.00114,3.03817,2.93625,2.98269,147645.60882273462,0
CDR,D,20030708,000000,3.0197,3.05671,2.98269,3.00114,245280.6770969864,0
CDR,D,20030709,000000,2.93625,2.98269,2.91779,2.96413,107189.41297675652,0
CDR,D,20030710,000000,2.98269,2.98269,2.93625,2.93625,107764.81468852717,0
CDR,D,20030711,000000,2.91779,2.93625,2.89923,2.91779,18966.64032409814,0
CDR,D,20030714,000000,2.93625,3.0197,2.93625,2.98269,139092.8130747166,0
CDR,D,20030715,000000,2.98269,3.00114,2.89923,2.96413,60657.016228072986,0
CDR,D,20030716,000000,2.93625,3.00114,2.91779,2.91779,109028.84564033685,0
CDR,D,20030717,000000,2.93625,2.93625,2.89923,2.89923,56784.63476170731,0
CDR,D,20030718,000000,2.89923,3.0197,2.89923,3.00114,156059.44351334698,0
CDR,D,20030721,000000,3.0197,3.11229,3.0197,3.07517,214992.3132884298,0
CDR,D,20030722,000000,3.09382,3.09382,3.0197,3.05671,92452.33550361222,0
CDR,D,20030723,000000,3.05671,3.07517,3.0197,3.07517,57175.78440477397,0
CDR,D,20030724,000000,3.05671,3.09382,3.0197,3.07517,103752.44282359094,0
CDR,D,20030725,000000,3.05671,3.28823,3.05671,3.28823,449206.5435101074,0
CDR,D,20030728,000000,3.34388,3.34388,3.19563,3.23265,442915.21030372614,0
CDR,D,20030729,000000,3.26976,3.26976,3.07517,3.13084,179902.0729406283,0
CDR,D,20030730,000000,3.13084,3.14929,3.07517,3.09382,83326.19672615333,0
CDR,D,20030731,000000,3.09382,3.17717,3.09382,3.14929,79735.85473926256,0
CDR,D,20030801,000000,3.17717,3.21419,3.17717,3.19563,61015.22695382904,0
CDR,D,20030804,000000,3.21419,3.21419,3.09382,3.17717,30080.43689303807,0
CDR,D,20030805,000000,3.13084,3.21419,3.11229,3.19563,52563.30664007862,0
CDR,D,20030806,000000,3.17717,3.17717,3.11229,3.13084,28490.10479162007,0
CDR,D,20030807,000000,3.13084,3.17717,3.07517,3.14929,124907.46246653942,0
CDR,D,20030808,000000,3.23265,3.30687,3.14929,3.17717,224472.54542697212,0
CDR,D,20030811,000000,3.23265,3.26976,3.14929,3.17717,159943.14773253648,0
CDR,D,20030812,000000,3.21419,3.23265,3.14929,3.23265,192196.52382694054,0
CDR,D,20030813,000000,3.25121,3.25121,3.17717,3.19563,112308.32659510867,0
CDR,D,20030814,000000,3.17717,3.25121,3.13084,3.25121,203137.39107999226,0
CDR,D,20030818,000000,3.44569,3.55693,3.40868,3.51973,765399.5628716912,0
CDR,D,20030819,000000,3.62173,3.64029,3.42725,3.42725,365715.65219740703,0
CDR,D,20030820,000000,3.48271,3.50127,3.40868,3.40868,250107.25782420867,0
CDR,D,20030821,000000,3.48271,3.55693,3.48271,3.53838,432209.03283650015,0
CDR,D,20030822,000000,3.57549,3.65875,3.57549,3.59395,832663.9200441048,0
CDR,D,20030825,000000,3.59395,3.64029,3.48271,3.53838,751492.1343783253,0
CDR,D,20030826,000000,3.55693,4.21453,3.51973,4.1034,1654678.276385188,0
CDR,D,20030827,000000,4.298,4.4646,3.78854,3.807,2365602.0167303667,0
CDR,D,20030828,000000,3.89035,3.89035,3.57549,3.59395,1226918.0560679291,0
CDR,D,20030829,000000,3.65875,3.75143,3.53838,3.62173,1061514.2534498954,0
CDR,D,20030901,000000,3.78854,3.83479,3.55693,3.62173,1350430.7612545118,0
CDR,D,20030902,000000,3.69576,3.69576,3.59395,3.69576,416779.20875867136,0
CDR,D,20030903,000000,3.76999,3.96447,3.73288,3.76999,1064927.5487563035,0
CDR,D,20030904,000000,3.75143,3.78854,3.53838,3.55693,1074676.4389392086,0
CDR,D,20030905,000000,3.57549,3.65875,3.40868,3.44569,1494712.4831469236,0
CDR,D,20030908,000000,3.51973,3.62173,3.44569,3.53838,354604.9436519628,0
CDR,D,20030909,000000,3.64029,3.64029,3.57549,3.57549,327071.0968035221,0
CDR,D,20030910,000000,3.57549,3.62173,3.53838,3.57549,202812.11927153578,0
CDR,D,20030911,000000,3.51973,3.59395,3.51973,3.57549,212686.58907665755,0
CDR,D,20030912,000000,3.62173,3.62173,3.50127,3.53838,243035.68401401793,0
CDR,D,20030915,000000,3.53838,3.53838,3.44569,3.46425,159420.24242023044,0
CDR,D,20030916,000000,3.46425,3.51973,3.42725,3.48271,194174.9175479265,0
CDR,D,20030917,000000,3.51973,3.53838,3.46425,3.48271,281049.25327315787,0
CDR,D,20030918,000000,3.48271,3.51973,3.46425,3.48271,64652.91863435492,0
CDR,D,20030919,000000,3.46425,3.48271,3.40868,3.48271,128979.5361190995,0
CDR,D,20030922,000000,3.48271,3.48271,3.32533,3.32533,83467.21646589079,0
CDR,D,20030923,000000,3.28823,3.32533,3.23265,3.30687,102019.0323001097,0
CDR,D,20030924,000000,3.32533,3.42725,3.30687,3.32533,107018.54234320414,0
CDR,D,20030925,000000,3.32533,3.32533,3.23265,3.23265,99302.60096311981,0
CDR,D,20030926,000000,3.26976,3.28823,3.23265,3.26976,38872.03979155948,0
CDR,D,20030929,000000,3.30687,3.32533,3.25121,3.28823,50911.21406870298,0
CDR,D,20030930,000000,3.25121,3.26976,3.14929,3.14929,102015.94427661001,0
CDR,D,20031001,000000,3.13084,3.14929,3.07517,3.11229,94784.8225856927,0
CDR,D,20031002,000000,3.13084,3.17717,3.13084,3.17717,61293.14906864039,0
CDR,D,20031003,000000,3.19563,3.26976,3.17717,3.26976,73419.81734489187,0
CDR,D,20031006,000000,3.28823,3.46425,3.28823,3.34388,396613.38597621076,0
CDR,D,20031007,000000,3.40868,3.40868,3.30687,3.32533,115713.3871721175,0
CDR,D,20031008,000000,3.36235,3.44569,3.32533,3.39023,184393.08844773518,0
CDR,D,20031009,000000,3.40868,3.48271,3.21419,3.30687,557366.6252063739,0
CDR,D,20031010,000000,3.34388,3.36235,3.28823,3.34388,60597.31444044714,0
CDR,D,20031013,000000,3.36235,3.39023,3.32533,3.32533,62857.747640909045,0
CDR,D,20031014,000000,3.32533,3.36235,3.25121,3.30687,74003.45378599569,0
CDR,D,20031015,000000,3.34388,3.39023,3.30687,3.32533,166288.00667956224,0
CDR,D,20031016,000000,3.32533,3.32533,3.19563,3.25121,126958.93941030787,0
CDR,D,20031017,000000,3.17717,3.19563,3.13084,3.13084,160310.6225287886,0
CDR,D,20031020,000000,3.17717,3.19563,3.13084,3.14929,71312.75597815815,0
CDR,D,20031021,000000,3.14929,3.17717,2.98269,3.00114,104098.30145535526,0
CDR,D,20031022,000000,2.96413,3.03817,2.89923,2.98269,179351.3754168351,0
CDR,D,20031023,000000,2.89923,2.93625,2.89923,2.93625,50256.553087148495,0
CDR,D,20031024,000000,2.93625,2.98269,2.91779,2.96413,25593.538750590767,0
CDR,D,20031027,000000,2.89923,3.0197,2.88078,2.89923,43768.61571806053,0
CDR,D,20031028,000000,2.91779,2.96413,2.84366,2.88078,66813.50574171913,0
CDR,D,20031029,000000,2.93625,2.98269,2.89923,2.91779,49445.43224836613,0
CDR,D,20031030,000000,3.0197,3.0197,2.93625,3.00114,32545.70898552785,0
CDR,D,20031031,000000,3.00114,3.0197,2.93625,2.93625,32288.37369403639,0
CDR,D,20031103,000000,2.93625,2.98269,2.86222,2.91779,68055.92052904001,0
CDR,D,20031104,000000,2.93625,2.96413,2.89923,2.89923,36332.65513511934,0
CDR,D,20031105,000000,2.89923,2.89923,2.80665,2.86222,43560.68880253598,0
CDR,D,20031106,000000,2.86222,2.89923,2.8251,2.86222,33435.05975292414,0
CDR,D,20031107,000000,2.93625,2.93625,2.84366,2.86222,43172.62718296699,0
CDR,D,20031110,000000,2.86222,2.86222,2.8251,2.86222,26257.4638026393,0
CDR,D,20031112,000000,2.88078,2.89923,2.80665,2.8251,70135.18968429258,0
CDR,D,20031113,000000,2.80665,2.86222,2.80665,2.84366,28008.373125947746,0
CDR,D,20031114,000000,2.8251,2.86222,2.80665,2.8251,44148.442608302365,0
CDR,D,20031117,000000,2.78809,2.78809,2.66774,2.70474,116730.37624409262,0
CDR,D,20031118,000000,2.75098,2.75098,2.45458,2.55649,123880.17998290536,0
CDR,D,20031119,000000,2.47323,2.55649,2.399,2.53793,107099.86029531575,0
CDR,D,20031120,000000,2.49169,2.53793,2.38046,2.43612,140497.86376626173,0
CDR,D,20031121,000000,2.399,2.53793,2.399,2.49169,94702.47529241518,0
CDR,D,20031124,000000,2.51948,3.07517,2.399,3.03817,810545.4370698258,0
CDR,D,20031125,000000,3.25121,3.36235,2.89923,2.91779,1913237.4545231152,0
CDR,D,20031126,000000,2.96413,2.98269,2.8251,2.91779,137496.30492631128,0
CDR,D,20031127,000000,2.89923,2.89923,2.8251,2.84366,118865.2298223125,0
CDR,D,20031128,000000,2.93625,2.93625,2.8251,2.89923,193013.82071271623,0
CDR,D,20031201,000000,2.93625,3.21419,2.93625,3.21419,643429.8400928188,0
CDR,D,20031202,000000,3.25121,3.26976,3.07517,3.13084,392091.4902341271,0
CDR,D,20031203,000000,3.13084,3.14929,2.96413,3.09382,381809.40132728737,0
CDR,D,20031204,000000,3.05671,3.07517,3.0197,3.03817,112030.40448029732,0
CDR,D,20031205,000000,3.0197,3.17717,3.0197,3.13084,307740.06970667554,0
CDR,D,20031208,000000,3.17717,3.28823,3.14929,3.19563,366294.14193266735,0
CDR,D,20031209,000000,3.25121,3.25121,3.14929,3.17717,179394.6077458006,0
CDR,D,20031210,000000,3.17717,3.21419,3.13084,3.17717,147131.9675809176,0
CDR,D,20031211,000000,3.21419,3.23265,3.17717,3.19563,137436.60313868744,0
CDR,D,20031212,000000,3.21419,3.23265,3.14929,3.17717,239734.5868947583,0
CDR,D,20031215,000000,3.17717,3.23265,3.05671,3.13084,163790.8250109197,0
CDR,D,20031216,000000,3.09382,3.09382,3.03817,3.05671,150842.74248422493,0
CDR,D,20031217,000000,3.07517,3.09382,2.98269,3.00114,143546.77229985732,0
CDR,D,20031218,000000,3.00114,3.05671,3.00114,3.03817,96839.38755296182,0
CDR,D,20031219,000000,3.05671,3.09382,3.03817,3.03817,106976.33935539848,0
CDR,D,20031222,000000,3.05671,3.11229,3.05671,3.07517,98698.37769869712,0
CDR,D,20031223,000000,3.13084,3.17717,3.09382,3.11229,171737.33881218027,0
CDR,D,20031229,000000,3.13084,3.14929,3.05671,3.09382,46778.40928734716,0
CDR,D,20031230,000000,3.09382,3.09382,3.03817,3.07517,78415.21002332775,0
CDR,D,20031231,000000,3.05671,3.09382,3.03817,3.03817,43783.026494385056,0
CDR,D,20040102,000000,3.09382,3.09382,3.05671,3.09382,21171.489101598774,0
CDR,D,20040105,000000,3.14929,3.17717,3.09382,3.17717,176750.23029044337,0
CDR,D,20040106,000000,3.21419,3.21419,3.14929,3.19563,140063.4817942265,0
CDR,D,20040107,000000,3.21419,3.36235,3.19563,3.34388,483160.391210676,0
CDR,D,20040108,000000,3.39023,3.46425,3.32533,3.32533,485166.57714314916,0
CDR,D,20040109,000000,3.32533,3.34388,3.09382,3.17717,373276.1630614274,0
CDR,D,20040112,000000,3.19563,3.23265,3.14929,3.23265,348007.89611927303,0
CDR,D,20040113,000000,3.28823,3.44569,3.21419,3.30687,613594.3863972956,0
CDR,D,20040114,000000,3.36235,3.807,3.34388,3.807,2205567.2576340395,0
CDR,D,20040115,000000,3.78854,3.90892,3.67731,3.90892,945699.9908435484,0
CDR,D,20040116,000000,4.00159,4.12196,3.8719,3.94592,959523.0133613129,0
CDR,D,20040119,000000,4.04784,4.04784,3.83479,3.8719,275073.9278047241,0
CDR,D,20040120,000000,3.89035,4.23309,3.89035,4.23309,992857.1976799755,0
CDR,D,20040121,000000,4.31644,4.39048,4.17743,4.23309,510003.5501367479,0
CDR,D,20040122,000000,4.23309,4.25156,4.06638,4.25156,337625.96111933363,0
CDR,D,20040123,000000,4.21453,4.40903,4.14041,4.25156,359184.48249934055,0
CDR,D,20040126,000000,4.25156,4.25156,4.12196,4.23309,333701.0832535084,0
CDR,D,20040127,000000,4.19599,4.25156,4.14041,4.14041,147274.01666182297,0
CDR,D,20040128,000000,4.06638,4.06638,3.57549,3.62173,769032.1078463966,0
CDR,D,20040129,000000,3.44569,3.69576,3.42725,3.64029,456095.9239339169,0
CDR,D,20040130,000000,3.67731,3.69576,3.62173,3.64029,251675.9737611369,0
CDR,D,20040202,000000,3.71441,3.71441,3.59395,3.64029,245427.87288372123,0
CDR,D,20040203,000000,3.67731,3.71441,3.62173,3.65875,191364.81616482625,0
CDR,D,20040204,000000,3.65875,3.65875,3.59395,3.62173,116409.22180031576,0
CDR,D,20040205,000000,3.62173,3.65875,3.57549,3.62173,191684.94126744324,0
CDR,D,20040206,000000,3.57549,3.78854,3.57549,3.64029,298484.23394229996,0
CDR,D,20040209,000000,3.73288,3.76999,3.65875,3.73288,499042.09606036823,0
CDR,D,20040210,000000,3.75143,3.83479,3.69576,3.76999,345779.3724949629,0
CDR,D,20040211,000000,3.85324,4.00159,3.83479,3.89035,1132380.2753620476,0
CDR,D,20040212,000000,3.98304,4.06638,3.92747,3.92747,405080.7464074576,0
CDR,D,20040213,000000,3.94592,3.98304,3.69576,3.75143,433672.75597450923,0
CDR,D,20040216,000000,3.73288,3.8719,3.65875,3.85324,569989.4359246221,0
CDR,D,20040217,000000,3.90892,3.96447,3.83479,3.8719,398498.10965109646,0
CDR,D,20040218,000000,3.8719,3.90892,3.78854,3.83479,240646.58316780426,0
CDR,D,20040219,000000,3.83479,3.98304,3.83479,3.90892,553716.5814318601,0
CDR,D,20040220,000000,3.90892,3.98304,3.89035,3.98304,282994.7080768373,0
CDR,D,20040223,000000,4.02005,4.31644,4.02005,4.23309,1375891.5149947365,0
CDR,D,20040224,000000,4.27934,4.33501,3.90892,3.94592,1147114.2648117684,0
CDR,D,20040225,000000,3.89035,4.08494,3.8719,4.02005,327394.30992963875,0
CDR,D,20040226,000000,4.06638,4.14041,4.00159,4.02005,304632.48872661596,0
CDR,D,20040227,000000,4.19599,4.23309,4.14041,4.23309,686371.8948546206,0
CDR,D,20040301,000000,4.33501,4.40903,4.08494,4.27934,1208278.7462346712,0
CDR,D,20040302,000000,4.33501,4.35346,4.23309,4.25156,570526.7520132568,0
CDR,D,20040303,000000,4.27934,4.298,4.17743,4.21453,547870.952950333,0
CDR,D,20040304,000000,4.19599,4.21453,4.14041,4.17743,178885.08386865316,0
CDR,D,20040305,000000,4.21453,4.37202,4.15897,4.27934,922135.2835310785,0
CDR,D,20040308,000000,4.298,4.70544,4.298,4.70544,1575690.7526735733,0
CDR,D,20040309,000000,4.62208,4.64064,4.51094,4.54806,795087.8207804997,0
CDR,D,20040310,000000,4.56652,4.67776,4.44615,4.64064,474933.8966122743,0
CDR,D,20040311,000000,4.52951,4.60353,4.44615,4.54806,546222.977743613,0
CDR,D,20040312,000000,4.51094,4.64064,4.4924,4.60353,375478.95315660024,0
CDR,D,20040315,000000,4.62208,4.9556,4.58507,4.74255,860255.4099978395,0
CDR,D,20040316,000000,4.761,4.85368,4.60353,4.761,288601.5294078491,0
CDR,D,20040317,000000,4.87214,4.97415,4.85368,4.91849,564665.6834142411,0
CDR,D,20040318,000000,4.99271,4.99271,4.74255,4.761,411390.607754837,0
CDR,D,20040319,000000,4.70544,4.761,4.39048,4.54806,701564.9704642838,0
CDR,D,20040322,000000,4.51094,4.54806,4.4275,4.44615,213621.23085535114,0
CDR,D,20040323,000000,4.51094,4.54806,4.44615,4.4924,139768.060879597,0
CDR,D,20040324,000000,4.52951,4.54806,4.40903,4.4646,173405.90084221822,0
CDR,D,20040325,000000,4.40903,4.4924,4.37202,4.4275,190362.23786917966,0
CDR,D,20040326,000000,4.4924,4.58507,4.44615,4.44615,317905.8430617572,0
CDR,D,20040329,000000,4.44615,4.60353,4.4275,4.54806,186353.983368903,0
CDR,D,20040330,000000,4.60353,4.60353,4.54806,4.54806,94002.52329955736,0
CDR,D,20040331,000000,4.60353,4.60353,4.44615,4.4924,93748.27603156358,0
CDR,D,20040401,000000,4.4924,4.52951,4.4646,4.4646,59409.45473492164,0
CDR,D,20040402,000000,4.52951,4.56652,4.4275,4.54806,160549.42967929397,0
CDR,D,20040405,000000,4.58507,4.77956,4.58507,4.64064,352031.5907370481,0
CDR,D,20040406,000000,4.65929,4.74255,4.62208,4.65929,273508.29989129555,0
CDR,D,20040407,000000,4.64064,4.70544,4.60353,4.62208,79439.40448346412,0
CDR,D,20040408,000000,4.64064,4.67776,4.60353,4.65929,46792.820063670675,0
CDR,D,20040413,000000,4.67776,4.91849,4.67776,4.83513,519924.3402943449,0
CDR,D,20040414,000000,4.83513,4.83513,4.761,4.81668,285859.3645417219,0
CDR,D,20040415,000000,4.83513,4.8908,4.79812,4.85368,196616.51479359472,0
CDR,D,20040416,000000,4.85368,5.0852,4.761,5.04818,827148.7100768635,0
CDR,D,20040419,000000,5.12231,5.18719,5.02972,5.04818,381440.8971898754,0
CDR,D,20040420,000000,5.0852,5.10375,4.97415,5.06674,347083.5477522484,0
CDR,D,20040421,000000,5.04818,5.3168,5.01116,5.20566,580703.8481211571,0
CDR,D,20040422,000000,5.22422,5.26123,4.8908,4.9556,360513.3619446035,0
CDR,D,20040423,000000,4.99271,5.02972,4.93694,4.93694,140022.3081475807,0
CDR,D,20040426,000000,4.91849,5.12231,4.87214,5.04818,287258.2391862676,0
CDR,D,20040427,000000,5.10375,5.18719,4.9556,5.06674,194601.06479063255,0
CDR,D,20040428,000000,5.0852,5.0852,4.97415,5.02972,96269.13254701562,0
CDR,D,20040429,000000,4.93694,5.01116,4.81668,4.83513,137160.73970619583,0
CDR,D,20040430,000000,4.83513,4.85368,4.60353,4.83513,194047.27924333964,0
CDR,D,20040504,000000,4.8908,4.99271,4.8908,4.8908,139572.48605805714,0
CDR,D,20040505,000000,4.93694,4.93694,4.72389,4.74255,179448.13348644518,0
CDR,D,20040506,000000,4.72389,4.72389,4.56652,4.58507,174705.95873483416,0
CDR,D,20040507,000000,4.56652,4.64064,4.33501,4.33501,315200.7344775962,0
CDR,D,20040510,000000,4.06638,4.12196,3.92747,4.06638,382557.73235494026,0
CDR,D,20040511,000000,4.02005,4.1034,3.83479,3.89035,383069.31491442746,0
CDR,D,20040512,000000,3.89035,4.00159,3.85324,3.94592,146954.92090036586,0
CDR,D,20040513,000000,4.06638,4.1034,3.92747,3.92747,167649.8250421318,0
CDR,D,20040514,000000,3.92747,3.98304,3.90892,3.96447,86230.99749651077,0
CDR,D,20040517,000000,3.94592,4.04784,3.8719,3.92747,149484.01214514504,0
CDR,D,20040518,000000,4.02005,4.08494,3.98304,4.08494,114847.71125153676,0
CDR,D,20040519,000000,4.17743,4.27934,4.17743,4.25156,234033.06617647628,0
CDR,D,20040520,000000,4.298,4.298,4.17743,4.25156,124265.15357896562,0
CDR,D,20040521,000000,4.27934,4.298,4.17743,4.17743,84741.54082935737,0
CDR,D,20040524,000000,4.25156,4.25156,4.15897,4.15897,40867.93231236766,0
CDR,D,20040525,000000,4.12196,4.12196,3.98304,4.02005,69584.49216050038,0
CDR,D,20040526,000000,3.98304,4.1034,3.98304,4.1034,43800.52529420625,0
CDR,D,20040527,000000,4.17743,4.17743,4.02005,4.08494,86746.69742066058,0
CDR,D,20040528,000000,4.08494,4.19599,4.08494,4.1034,100942.3414405007,0
CDR,D,20040531,000000,4.12196,4.17743,4.08494,4.14041,46915.31166242005,0
CDR,D,20040601,000000,4.17743,4.21453,4.1034,4.19599,90611.87349886502,0
CDR,D,20040602,000000,4.21453,4.298,4.19599,4.25156,123273.89803614788,0
CDR,D,20040603,000000,4.25156,4.25156,4.15897,4.15897,88179.54032368484,0
CDR,D,20040604,000000,4.23309,4.23309,4.15897,4.15897,52319.35278374478,0
CDR,D,20040607,000000,4.298,4.4275,4.27934,4.39048,405744.6714595092,0
CDR,D,20040608,000000,4.40903,4.40903,4.31644,4.33501,84698.30850038682,0
CDR,D,20040609,000000,4.37202,4.37202,4.06638,4.15897,263907.6348363155,0
CDR,D,20040611,000000,4.17743,4.19599,4.12196,4.15897,42173.13691081306,0
CDR,D,20040614,000000,4.08494,4.1034,4.04784,4.04784,80690.05400011316,0
CDR,D,20040615,000000,4.04784,4.08494,4.02005,4.06638,60595.25575811535,0
CDR,D,20040616,000000,4.06638,4.14041,4.04784,4.04784,70922.63567625638,0
CDR,D,20040617,000000,4.04784,4.04784,3.69576,3.76999,186110.02951257816,0
CDR,D,20040618,000000,3.67731,3.807,3.62173,3.73288,183291.69340014874,0
CDR,D,20040621,000000,3.83479,3.8719,3.73288,3.83479,81956.1436342516,0
CDR,D,20040622,000000,3.90892,3.90892,3.85324,3.8719,63941.64388867328,0
CDR,D,20040623,000000,3.90892,3.92747,3.8719,3.89035,63828.41636041695,0
CDR,D,20040624,000000,3.96447,4.04784,3.94592,4.02005,112727.26844965546,0
CDR,D,20040625,000000,4.00159,4.00159,3.89035,3.92747,88993.74918596487,0
CDR,D,20040628,000000,4.00159,4.12196,4.00159,4.06638,137542.62527877645,0
CDR,D,20040629,000000,4.06638,4.06638,3.96447,4.00159,32129.855154478737,0
CDR,D,20040630,000000,4.04784,4.04784,3.92747,3.92747,29491.653746105792,0
CDR,D,20040701,000000,3.94592,3.98304,3.90892,3.90892,33409.3262237748,0
CDR,D,20040702,000000,3.90892,3.90892,3.75143,3.807,76714.7384171501,0
CDR,D,20040705,000000,3.75143,3.807,3.75143,3.76999,12175.047311051496,0
CDR,D,20040706,000000,3.78854,3.90892,3.78854,3.807,38277.08059762983,0
CDR,D,20040707,000000,3.83479,3.8719,3.807,3.83479,30468.498512608057,0
CDR,D,20040708,000000,3.85324,3.89035,3.85324,3.8719,10169.890719749272,0
CDR,D,20040709,000000,3.8719,3.8719,3.807,3.83479,31351.67323300698,0
CDR,D,20040712,000000,3.85324,3.85324,3.76999,3.83479,34996.570301695116,0
CDR,D,20040713,000000,3.807,3.807,3.73288,3.73288,55441.34454012083,0
CDR,D,20040714,000000,3.73288,3.75143,3.64029,3.75143,105412.77012429974,0
CDR,D,20040715,000000,3.67731,3.75143,3.62173,3.64029,48329.6264244592,0
CDR,D,20040716,000000,3.62173,3.62173,3.40868,3.55693,158152.09410375118,0
CDR,D,20040719,000000,3.53838,3.64029,3.48271,3.55693,74049.77413846392,0
CDR,D,20040720,000000,3.50127,3.57549,3.48271,3.57549,43028.519419731856,0
CDR,D,20040721,000000,3.59395,3.71441,3.59395,3.69576,85563.98442096455,0
CDR,D,20040722,000000,3.67731,3.67731,3.62173,3.62173,23549.267194981574,0
CDR,D,20040723,000000,3.57549,3.65875,3.57549,3.59395,19264.11992106246,0
CDR,D,20040726,000000,3.62173,3.67731,3.57549,3.59395,54855.64941668623,0
CDR,D,20040727,000000,3.57549,3.59395,3.53838,3.53838,29630.61480351146,0
CDR,D,20040728,000000,3.55693,3.55693,3.50127,3.50127,74502.6842514892,0
CDR,D,20040729,000000,3.50127,3.53838,3.50127,3.53838,18129.785956167438,0
CDR,D,20040730,000000,3.55693,3.57549,3.51973,3.51973,24042.321613479733,0
CDR,D,20040802,000000,3.51973,3.55693,3.50127,3.51973,31165.362481967197,0
CDR,D,20040803,000000,3.51973,3.75143,3.51973,3.75143,158033.7198696734,0
CDR,D,20040804,000000,3.75143,3.83479,3.71441,3.76999,138300.22037692834,0
CDR,D,20040805,000000,3.78854,3.83479,3.75143,3.76999,42997.639184752035,0
CDR,D,20040806,000000,3.76999,3.76999,3.65875,3.67731,63071.85060343097,0
CDR,D,20040809,000000,3.62173,3.65875,3.55693,3.65875,35554.47321364859,0
CDR,D,20040810,000000,3.64029,3.65875,3.59395,3.59395,190478.55342093768,0
CDR,D,20040811,000000,3.65875,3.65875,3.55693,3.55693,51879.824105877095,0
CDR,D,20040812,000000,3.59395,3.62173,3.57549,3.62173,25628.536350233157,0
CDR,D,20040813,000000,3.62173,3.64029,3.59395,3.64029,19163.24448679887,0
CDR,D,20040816,000000,3.67731,3.71441,3.59395,3.65875,16166.832352668856,0
CDR,D,20040817,000000,3.65875,3.67731,3.62173,3.62173,22736.087673867427,0
CDR,D,20040818,000000,3.59395,3.67731,3.53838,3.65875,73428.05207422002,0
CDR,D,20040819,000000,3.67731,3.75143,3.64029,3.67731,43558.630120204194,0
CDR,D,20040820,000000,3.67731,3.67731,3.59395,3.59395,69345.685009997,0
CDR,D,20040823,000000,3.59395,3.64029,3.59395,3.64029,35640.93787158967,0
CDR,D,20040824,000000,3.62173,3.71441,3.62173,3.71441,44455.18627576074,0
CDR,D,20040825,000000,3.75143,3.76999,3.69576,3.69576,55839.69957134975,0
CDR,D,20040826,000000,3.69576,3.94592,3.69576,3.94592,247546.25700328278,0
CDR,D,20040827,000000,3.98304,3.98304,3.85324,3.98304,183567.5568326303,0
CDR,D,20040830,000000,4.12196,4.23309,4.1034,4.15897,413806.47147135786,0
CDR,D,20040831,000000,4.25156,4.31644,4.15897,4.25156,257502.04476051615,0
CDR,D,20040901,000000,4.25156,4.25156,4.14041,4.19599,84579.93426630103,0
CDR,D,20040902,000000,4.19599,4.19599,4.1034,4.14041,175139.3113657095,0
CDR,D,20040903,000000,4.17743,4.19599,4.08494,4.12196,81866.59095281282,0
CDR,D,20040906,000000,4.19599,4.19599,4.08494,4.12196,46282.266845351325,0
CDR,D,20040907,000000,4.14041,4.23309,4.14041,4.19599,129888.44436864577,0
CDR,D,20040908,000000,4.25156,4.25156,4.17743,4.19599,115019.61122626907,0
CDR,D,20040909,000000,4.19599,4.19599,4.1034,4.1034,51680.13191967969,0
CDR,D,20040910,000000,4.19599,4.19599,4.12196,4.12196,63784.15469027951,0
CDR,D,20040913,000000,4.15897,4.19599,4.12196,4.14041,20739.165811892355,0
CDR,D,20040914,000000,4.17743,4.17743,4.12196,4.17743,49674.97532837747,0
CDR,D,20040915,000000,4.12196,4.17743,4.1034,4.15897,36742.33291917409,0
CDR,D,20040916,000000,4.14041,4.15897,4.1034,4.15897,34605.42065862745,0
CDR,D,20040917,000000,4.14041,4.17743,4.04784,4.04784,143083.56877517508,0
CDR,D,20040920,000000,4.06638,4.08494,3.98304,4.04784,73946.84002186754,0
CDR,D,20040921,000000,4.12196,4.14041,4.02005,4.1034,71811.98644365268,0
CDR,D,20040922,000000,4.1034,4.1034,4.04784,4.04784,27906.468350517254,0
CDR,D,20040923,000000,4.02005,4.1034,4.02005,4.1034,61768.704687317346,0
CDR,D,20040924,000000,4.12196,4.12196,4.04784,4.08494,35897.24382191624,0
CDR,D,20040927,000000,4.04784,4.1034,4.02005,4.02005,63936.4971828428,0
CDR,D,20040928,000000,4.06638,4.08494,4.00159,4.02005,56802.133561528506,0
CDR,D,20040929,000000,4.08494,4.08494,4.00159,4.04784,44215.34978409047,0
CDR,D,20040930,000000,4.04784,4.06638,4.00159,4.06638,39094.377483407545,0
CDR,D,20041001,000000,4.06638,4.06638,3.98304,4.04784,39275.541528616865,0
CDR,D,20041004,000000,4.08494,4.1034,4.00159,4.04784,76673.56477051134,0
CDR,D,20041005,000000,4.06638,4.06638,3.98304,3.98304,91785.322428066,0
CDR,D,20041006,000000,3.98304,3.98304,3.8719,3.8719,141850.41805834224,0
CDR,D,20041007,000000,3.8719,3.8719,3.64029,3.75143,118092.1946066722,0
CDR,D,20041008,000000,3.73288,3.73288,3.59395,3.67731,86086.88973327563,0
CDR,D,20041011,000000,3.59395,3.65875,3.53838,3.65875,112856.96543657209,0
CDR,D,20041012,000000,3.65875,3.71441,3.57549,3.64029,112315.53198326791,0
CDR,D,20041013,000000,3.64029,3.65875,3.57549,3.59395,53189.146068986076,0
CDR,D,20041014,000000,3.62173,3.64029,3.57549,3.62173,55064.60567337768,0
CDR,D,20041015,000000,3.65875,3.69576,3.62173,3.69576,73948.8987041983,0
CDR,D,20041018,000000,3.69576,3.69576,3.62173,3.62173,41620.380704689065,0
CDR,D,20041019,000000,3.64029,3.67731,3.53838,3.53838,68167.08937496555,0
CDR,D,20041020,000000,3.48271,3.51973,3.44569,3.46425,207355.63117811727,0
CDR,D,20041021,000000,3.40868,3.51973,3.40868,3.42725,69172.75569411383,0
CDR,D,20041022,000000,3.42725,3.50127,3.42725,3.46425,52924.605389332355,0
CDR,D,20041025,000000,3.42725,3.44569,3.32533,3.42725,55206.65475428103,0
CDR,D,20041026,000000,3.36235,3.40868,3.34388,3.39023,52278.179137106024,0
CDR,D,20041027,000000,3.40868,3.64029,3.40868,3.59395,115074.1663080534,0
CDR,D,20041028,000000,3.65875,3.73288,3.57549,3.65875,131658.9111741132,0
CDR,D,20041029,000000,3.65875,3.75143,3.57549,3.75143,176619.5039623568,0
CDR,D,20041102,000000,3.75143,3.807,3.69576,3.73288,86661.26210388441,0
CDR,D,20041103,000000,3.76999,3.76999,3.67731,3.71441,42340.91952086576,0
CDR,D,20041104,000000,3.75143,3.76999,3.64029,3.64029,83470.30448938845,0
CDR,D,20041105,000000,3.67731,3.67731,3.59395,3.64029,28667.151472166814,0
CDR,D,20041108,000000,3.78854,3.78854,3.69576,3.71441,37022.31371631722,0
CDR,D,20041109,000000,3.73288,3.78854,3.71441,3.78854,111718.51410700948,0
CDR,D,20041110,000000,3.78854,3.78854,3.71441,3.71441,35956.94560954208,0
CDR,D,20041112,000000,3.73288,3.78854,3.71441,3.73288,50269.93452230611,0
CDR,D,20041115,000000,3.78854,3.78854,3.65875,3.65875,44260.6407953938,0
CDR,D,20041116,000000,3.64029,3.69576,3.57549,3.62173,56191.73425011045,0
CDR,D,20041117,000000,3.62173,3.67731,3.59395,3.65875,56332.75398984791,0
CDR,D,20041118,000000,3.64029,3.65875,3.59395,3.65875,21087.083125989477,0
CDR,D,20041119,000000,3.65875,3.65875,3.53838,3.57549,94575.86632900125,0
CDR,D,20041122,000000,3.57549,3.59395,3.48271,3.55693,54089.8195892072,0
CDR,D,20041123,000000,3.55693,3.55693,3.46425,3.48271,60511.879123671955,0
CDR,D,20041124,000000,3.53838,3.53838,3.40868,3.44569,94305.14960235216,0
CDR,D,20041125,000000,3.44569,3.53838,3.44569,3.53838,29958.9746354546,0
CDR,D,20041126,000000,3.53838,3.57549,3.48271,3.55693,44848.39460116019,0
CDR,D,20041129,000000,3.53838,3.59395,3.48271,3.57549,31387.70017381627,0
CDR,D,20041130,000000,3.57549,3.59395,3.51973,3.51973,30768.036791904167,0
CDR,D,20041201,000000,3.51973,3.55693,3.50127,3.50127,114457.59094963699,0
CDR,D,20041202,000000,3.51973,3.62173,3.51973,3.57549,91196.53928113372,0
CDR,D,20041203,000000,3.64029,3.76999,3.64029,3.71441,267650.3193157696,0
CDR,D,20041206,000000,3.75143,3.78854,3.67731,3.71441,128400.01704265925,0
CDR,D,20041207,000000,3.67731,3.71441,3.67731,3.71441,87806.91882160626,0
CDR,D,20041208,000000,3.69576,3.71441,3.64029,3.67731,82747.70699088096,0
CDR,D,20041209,000000,3.67731,3.67731,3.59395,3.62173,42344.00754436344,0
CDR,D,20041210,000000,3.59395,3.65875,3.59395,3.59395,29772.66388441481,0
CDR,D,20041213,000000,3.59395,3.59395,3.53838,3.59395,71364.22303645685,0
CDR,D,20041214,000000,3.59395,3.64029,3.53838,3.57549,104416.36787564248,0
CDR,D,20041215,000000,3.59395,3.62173,3.55693,3.57549,80768.28392872609,0
CDR,D,20041216,000000,3.57549,3.59395,3.53838,3.57549,112459.63974650305,0
CDR,D,20041217,000000,3.59395,3.67731,3.59395,3.65875,145628.1001374427,0
CDR,D,20041220,000000,3.67731,3.75143,3.65875,3.67731,198062.73913176553,0
CDR,D,20041221,000000,3.71441,3.71441,3.57549,3.59395,137607.47377222977,0
CDR,D,20041222,000000,3.59395,3.64029,3.55693,3.59395,261385.74897970565,0
CDR,D,20041223,000000,3.59395,3.59395,3.53838,3.59395,48714.6000205295,0
CDR,D,20041224,000000,3.57549,3.59395,3.55693,3.55693,67616.39185117334,0
CDR,D,20041227,000000,3.57549,3.62173,3.53838,3.55693,111147.22975989839,0
CDR,D,20041228,000000,3.57549,3.57549,3.44569,3.46425,193202.19014607678,0
CDR,D,20041229,000000,3.50127,3.57549,3.48271,3.55693,101794.63592592283,0
CDR,D,20041230,000000,3.57549,3.57549,3.53838,3.55693,56535.534199544,0
CDR,D,20041231,000000,3.53838,3.57549,3.51973,3.51973,24505.525138163965,0
CDR,D,20050103,000000,3.59395,3.59395,3.55693,3.55693,39573.02112558219,0
CDR,D,20050104,000000,3.57549,3.57549,3.53838,3.53838,24724.774806515357,0
CDR,D,20050105,000000,3.53838,3.53838,3.46425,3.51973,74034.33402097451,0
CDR,D,20050106,000000,3.51973,3.57549,3.48271,3.50127,61548.42567780107,0
CDR,D,20050107,000000,3.51973,3.55693,3.51973,3.51973,43312.61758153756,0
CDR,D,20050110,000000,3.53838,3.57549,3.48271,3.50127,69478.47002040631,0
CDR,D,20050111,000000,3.50127,3.50127,3.42725,3.44569,88971.1036803132,0
CDR,D,20050112,000000,3.44569,3.48271,3.42725,3.42725,75006.03208164629,0
CDR,D,20050113,000000,3.46425,3.48271,3.42725,3.42725,69228.3401170761,0
CDR,D,20050114,000000,3.42725,3.46425,3.40868,3.44569,59951.9175293857,0
CDR,D,20050117,000000,3.48271,3.48271,3.42725,3.44569,30558.051194047825,0
CDR,D,20050118,000000,3.42725,3.44569,3.32533,3.36235,64665.27072834665,0
CDR,D,20050119,000000,3.39023,3.39023,3.28823,3.34388,94187.80470943126,0
CDR,D,20050120,000000,3.36235,3.36235,3.26976,3.26976,70904.1075352693,0
CDR,D,20050121,000000,3.17717,3.19563,3.13084,3.14929,156037.82734886926,0
CDR,D,20050124,000000,3.13084,3.14929,2.96413,2.96413,184631.89559825062,0
CDR,D,20050125,000000,2.96413,3.21419,2.89923,3.21419,450819.52111718105,0
CDR,D,20050126,000000,3.32533,3.36235,3.21419,3.26976,242995.53970855207,0
CDR,D,20050127,000000,3.28823,3.32533,3.26976,3.26976,102585.16994139132,0
CDR,D,20050128,000000,3.32533,3.36235,3.30687,3.32533,67381.70206533253,0
CDR,D,20050131,000000,3.30687,3.34388,3.25121,3.28823,42798.97633972153,0
CDR,D,20050201,000000,3.26976,3.32533,3.26976,3.32533,57769.714257536725,0
CDR,D,20050202,000000,3.34388,3.34388,3.26976,3.28823,44532.38686320777,0
CDR,D,20050203,000000,3.28823,3.28823,3.23265,3.26976,44315.19587718917,0
CDR,D,20050204,000000,3.26976,3.26976,3.17717,3.25121,82037.46158636422,0
CDR,D,20050207,000000,3.23265,3.25121,3.19563,3.21419,100202.24514217404,0
CDR,D,20050208,000000,3.19563,3.25121,3.19563,3.23265,77352.92994004929,0
CDR,D,20050209,000000,3.21419,3.23265,3.17717,3.23265,35497.85944952042,0
CDR,D,20050210,000000,3.17717,3.23265,3.17717,3.23265,33711.95252656859,0
CDR,D,20050211,000000,3.25121,3.25121,3.17717,3.19563,34582.77515297679,0
CDR,D,20050214,000000,3.21419,3.44569,3.17717,3.34388,354217.9113735527,0
CDR,D,20050215,000000,3.42725,3.50127,3.40868,3.44569,388517.61770588567,0
CDR,D,20050216,000000,3.48271,3.50127,3.39023,3.44569,224623.85857837656,0
CDR,D,20050217,000000,3.48271,3.48271,3.39023,3.42725,149261.67445330802,0
CDR,D,20050218,000000,3.42725,3.42725,3.32533,3.39023,94178.54063893821,0
CDR,D,20050221,000000,3.34388,3.40868,3.30687,3.36235,81452.7958040945,0
CDR,D,20050222,000000,3.40868,3.50127,3.36235,3.50127,181246.3925033797,0
CDR,D,20050223,000000,3.50127,3.51973,3.44569,3.46425,156580.29014332328,0
CDR,D,20050224,000000,3.50127,3.50127,3.40868,3.40868,75382.77094839045,0
CDR,D,20050225,000000,3.42725,3.44569,3.40868,3.42725,64954.51559598282,0
CDR,D,20050228,000000,3.42725,3.42725,3.34388,3.40868,65296.256863084585,0
CDR,D,20050301,000000,3.36235,3.36235,3.30687,3.36235,58250.416582044156,0
CDR,D,20050302,000000,3.40868,3.40868,3.28823,3.34388,70456.34412807447,0
CDR,D,20050303,000000,3.36235,3.36235,3.26976,3.28823,43098.514619016634,0
CDR,D,20050304,000000,3.28823,3.32533,3.26976,3.32533,24967.699321682303,0
CDR,D,20050307,000000,3.32533,3.32533,3.23265,3.28823,42934.84937362751,0
CDR,D,20050308,000000,3.26976,3.32533,3.23265,3.30687,47060.448766822075,0
CDR,D,20050309,000000,3.28823,3.30687,3.25121,3.30687,23901.301873742275,0
CDR,D,20050310,000000,3.28823,3.30687,3.23265,3.23265,67611.24514534386,0
CDR,D,20050311,000000,3.23265,3.26976,3.21419,3.21419,27795.29950459272,0
CDR,D,20050314,000000,3.25121,3.25121,3.17717,3.19563,40125.77733170619,0
CDR,D,20050315,000000,3.19563,3.21419,3.17717,3.17717,14381.95477088392,0
CDR,D,20050316,000000,3.17717,3.21419,3.07517,3.11229,87265.48536830708,0
CDR,D,20050317,000000,3.07517,3.11229,3.05671,3.07517,52167.01029118148,0
CDR,D,20050318,000000,3.07517,3.07517,3.03817,3.07517,19370.14206115753,0
CDR,D,20050321,000000,3.07517,3.07517,3.0197,3.05671,34940.98587873285,0
CDR,D,20050322,000000,3.05671,3.05671,3.00114,3.05671,49776.88010380696,0
CDR,D,20050323,000000,3.05671,3.17717,3.05671,3.17717,56082.6240865187,0
CDR,D,20050324,000000,3.17717,3.19563,3.14929,3.17717,27496.7905664625,0
CDR,D,20050329,000000,3.17717,3.25121,3.17717,3.23265,28729.94128329034,0
CDR,D,20050330,000000,3.23265,3.25121,3.23265,3.23265,11969.179077857723,0
CDR,D,20050331,000000,3.25121,3.25121,3.17717,3.19563,27035.645724110058,0
CDR,D,20050401,000000,3.19563,3.23265,3.17717,3.23265,30600.25418185147,0
CDR,D,20050404,000000,3.23265,3.23265,3.11229,3.11229,53754.254369102804,0
CDR,D,20050405,000000,3.13084,3.19563,3.05671,3.14929,67219.0661611093,0
CDR,D,20050406,000000,3.14929,3.17717,3.11229,3.17717,15485.40850080013,0
CDR,D,20050407,000000,3.13084,3.17717,3.09382,3.11229,41746.98966810301,0
CDR,D,20050411,000000,3.11229,3.13084,3.09382,3.13084,11836.394067449422,0
CDR,D,20050412,000000,3.11229,3.17717,3.09382,3.13084,26323.34163726051,0
CDR,D,20050413,000000,3.09382,3.14929,3.09382,3.14929,4162.655675168442,0
CDR,D,20050414,000000,3.11229,3.13084,3.05671,3.07517,50853.57096340893,0
CDR,D,20050415,000000,3.07517,3.13084,3.03817,3.07517,23128.266658101995,0
CDR,D,20050418,000000,3.0197,3.0197,2.89923,2.96413,66722.92371911346,0
CDR,D,20050419,000000,2.96413,2.98269,2.93625,2.93625,59226.23200737953,0
CDR,D,20050420,000000,2.98269,2.98269,2.86222,2.89923,36123.698878428884,0
CDR,D,20050421,000000,2.89923,2.91779,2.86222,2.91779,16083.455718226456,0
CDR,D,20050422,000000,2.93625,2.98269,2.91779,2.91779,54715.65901811466,0
CDR,D,20050425,000000,2.98269,2.98269,2.86222,2.93625,34955.396655056364,0
CDR,D,20050426,000000,2.91779,2.91779,2.8251,2.84366,50797.98654044666,0
CDR,D,20050427,000000,2.80665,2.84366,2.76954,2.78809,45457.76457141235,0
CDR,D,20050428,000000,2.78809,2.8251,2.70474,2.8251,38888.50925021377,0
CDR,D,20050429,000000,2.78809,2.88078,2.78809,2.8251,56996.679041896445,0
CDR,D,20050502,000000,2.84366,2.89923,2.84366,2.89923,17423.657916315253,0
CDR,D,20050504,000000,2.89923,2.91779,2.78809,2.80665,32523.06347987719,0
CDR,D,20050505,000000,2.80665,2.89923,2.80665,2.89923,34273.97280318663,0
CDR,D,20050506,000000,2.84366,2.84366,2.72329,2.75098,103717.44522395456,0
CDR,D,20050509,000000,2.70474,2.70474,2.63072,2.64916,124413.37870687035,0
CDR,D,20050510,000000,2.66774,2.68628,2.59351,2.59351,68647.79169947097,0
CDR,D,20050511,000000,2.55649,2.63072,2.55649,2.61206,27815.886327912598,0
CDR,D,20050512,000000,2.59351,2.75098,2.59351,2.72329,68059.0085525387,0
CDR,D,20050513,000000,2.72329,2.75098,2.66774,2.70474,15657.3084755154,0
CDR,D,20050516,000000,2.66774,2.72329,2.64916,2.70474,12281.06945114556,0
CDR,D,20050517,000000,2.63072,2.63072,2.55649,2.55649,52421.25755917527,0
CDR,D,20050518,000000,2.59351,2.72329,2.55649,2.70474,124305.29788445153,0
CDR,D,20050519,000000,2.75098,2.75098,2.68628,2.70474,78151.69868483991,0
CDR,D,20050520,000000,2.70474,2.75098,2.68628,2.68628,39600.81333706332,0
CDR,D,20050523,000000,2.70474,2.70474,2.64916,2.64916,55374.43736433273,0
CDR,D,20050524,000000,2.70474,2.72329,2.66774,2.72329,40159.74559018268,0
CDR,D,20050525,000000,2.72329,2.80665,2.70474,2.80665,89655.61555568162,0
CDR,D,20050527,000000,2.80665,2.86222,2.80665,2.84366,47015.15775551975,0
CDR,D,20050530,000000,2.84366,2.84366,2.78809,2.80665,14658.847544528362,0
CDR,D,20050531,000000,2.78809,2.80665,2.70474,2.72329,64139.27739253789,0
CDR,D,20050601,000000,2.76954,2.76954,2.72329,2.75098,15297.039067427551,0
CDR,D,20050602,000000,2.76954,2.78809,2.70474,2.78809,41637.87950451026,0
CDR,D,20050603,000000,2.80665,2.80665,2.72329,2.72329,27708.83484665264,0
CDR,D,20050606,000000,2.75098,2.78809,2.75098,2.78809,20925.476562933145,0
CDR,D,20050607,000000,2.78809,2.78809,2.75098,2.76954,51117.08230189575,0
CDR,D,20050608,000000,2.76954,2.78809,2.75098,2.76954,45210.72269158083,0
CDR,D,20050609,000000,2.76954,2.8251,2.72329,2.8251,82074.5178683384,0
CDR,D,20050610,000000,2.8251,2.93625,2.8251,2.84366,261332.22323907114,0
CDR,D,20050613,000000,2.88078,2.89923,2.80665,2.80665,191250.55929540805,0
CDR,D,20050614,000000,2.80665,2.80665,2.76954,2.78809,51785.124718608866,0
CDR,D,20050615,000000,2.76954,2.80665,2.76954,2.80665,24382.004198248706,0
CDR,D,20050616,000000,2.78809,2.84366,2.76954,2.78809,23918.80067356347,0
CDR,D,20050617,000000,2.78809,2.80665,2.75098,2.76954,71468.18649421913,0
CDR,D,20050620,000000,2.75098,2.78809,2.70474,2.70474,52849.46348421711,0
CDR,D,20050621,000000,2.72329,2.78809,2.70474,2.78809,38161.794387041715,0
CDR,D,20050622,000000,2.78809,2.8251,2.72329,2.72329,45872.589061296574,0
CDR,D,20050623,000000,2.75098,2.78809,2.72329,2.76954,35615.204342440324,0
CDR,D,20050624,000000,2.76954,2.80665,2.72329,2.80665,23600.734253279268,0
CDR,D,20050627,000000,2.76954,2.8251,2.76954,2.78809,33683.13097392156,0
CDR,D,20050628,000000,2.76954,2.80665,2.75098,2.76954,38471.62607799777,0
CDR,D,20050629,000000,2.76954,2.76954,2.72329,2.75098,22511.691299687576,0
CDR,D,20050630,000000,2.78809,2.89923,2.76954,2.78809,562336.2843556514,0
CDR,D,20050701,000000,2.84366,3.11229,2.76954,3.09382,1895270.3044711177,0
CDR,D,20050704,000000,3.13084,3.21419,3.05671,3.13084,958929.0835085543,0
CDR,D,20050705,000000,3.11229,3.11229,3.03817,3.03817,152086.18661271673,0
CDR,D,20050706,000000,3.03817,3.07517,3.0197,3.03817,121340.7953264572,0
CDR,D,20050707,000000,3.0197,3.03817,2.89923,2.98269,324568.7684290501,0
CDR,D,20050708,000000,3.0197,3.09382,2.98269,3.05671,276548.973695552,0
CDR,D,20050711,000000,3.09382,3.14929,3.0197,3.0197,263235.47505493485,0
CDR,D,20050712,000000,3.05671,3.05671,3.0197,3.0197,49390.877166569764,0
CDR,D,20050713,000000,3.03817,3.05671,3.0197,3.0197,71505.24277619431,0
CDR,D,20050714,000000,3.00114,3.03817,2.98269,3.03817,78919.58719465072,0
CDR,D,20050715,000000,3.03817,3.03817,2.98269,3.0197,41707.874703797046,0
CDR,D,20050718,000000,2.98269,3.05671,2.96413,2.98269,45232.338856065595,0
CDR,D,20050719,000000,2.98269,3.00114,2.93625,2.98269,36442.79463987798,0
CDR,D,20050720,000000,2.98269,3.03817,2.98269,3.00114,48902.96945390207,0
CDR,D,20050721,000000,3.0197,3.03817,3.00114,3.00114,12236.807781009127,0
CDR,D,20050722,000000,2.98269,3.00114,2.96413,2.96413,28046.45874908882,0
CDR,D,20050725,000000,2.96413,3.00114,2.93625,2.96413,19165.303169130657,0
CDR,D,20050726,000000,2.91779,3.03817,2.89923,2.89923,141608.52288433717,0
CDR,D,20050727,000000,2.93625,3.05671,2.93625,3.05671,184158.3986618994,0
CDR,D,20050728,000000,3.07517,3.07517,3.03817,3.03817,23653.23065274486,0
CDR,D,20050729,000000,3.05671,3.05671,2.98269,3.0197,33438.14777642182,0
CDR,D,20050801,000000,2.96413,2.98269,2.88078,2.91779,157102.16611446947,0
CDR,D,20050802,000000,2.89923,2.91779,2.8251,2.86222,179820.75498851668,0
CDR,D,20050803,000000,2.86222,2.86222,2.76954,2.80665,111633.07879022828,0
CDR,D,20050804,000000,2.8251,2.89923,2.76954,2.84366,201051.9458777373,0
CDR,D,20050805,000000,2.70474,2.75098,2.64916,2.70474,296793.0264066244,0
CDR,D,20050808,000000,2.68628,2.68628,2.61206,2.64916,142968.28256458696,0
CDR,D,20050809,000000,2.59351,2.61206,2.55649,2.57504,254293.58834618697,0
CDR,D,20050810,000000,2.63072,2.66774,2.59351,2.63072,168345.65967033003,0
CDR,D,20050811,000000,2.66774,2.66774,2.59351,2.63072,45855.09026147538,0
CDR,D,20050812,000000,2.63072,2.63072,2.55649,2.57504,64580.864752737354,0
CDR,D,20050816,000000,2.55649,2.57504,2.51948,2.53793,101998.44547679185,0
CDR,D,20050817,000000,2.51948,2.51948,2.399,2.45458,157004.37870369953,0
CDR,D,20050818,000000,2.47323,2.49169,2.399,2.43612,116407.16311797594,0
CDR,D,20050819,000000,2.47323,2.57504,2.45458,2.57504,101385.98748303497,0
CDR,D,20050822,000000,2.59351,2.66774,2.53793,2.63072,121294.47497399198,0
CDR,D,20050823,000000,2.64916,2.64916,2.55649,2.59351,47476.30259787219,0
CDR,D,20050824,000000,2.57504,2.61206,2.55649,2.55649,47876.716311433906,0
CDR,D,20050825,000000,2.59351,2.75098,2.59351,2.68628,271171.6954445465,0
CDR,D,20050826,000000,2.70474,2.72329,2.64916,2.68628,64042.51932293787,0
CDR,D,20050829,000000,2.66774,2.68628,2.61206,2.64916,84319.51095131089,0
CDR,D,20050830,000000,2.64916,2.70474,2.61206,2.66774,75854.20920240284,0
CDR,D,20050831,000000,2.68628,2.68628,2.64916,2.66774,79943.78165478712,0
CDR,D,20050901,000000,2.64916,2.66774,2.63072,2.66774,64120.749251550806,0
CDR,D,20050902,000000,2.66774,2.66774,2.63072,2.63072,58574.65904932272,0
CDR,D,20050905,000000,2.59351,2.66774,2.57504,2.61206,40562.21798607518,0
CDR,D,20050906,000000,2.57504,2.61206,2.55649,2.59351,25221.946589677085,0
CDR,D,20050907,000000,2.61206,2.61206,2.55649,2.59351,21574.990838657162,0
CDR,D,20050908,000000,2.55649,2.57504,2.53793,2.57504,26292.461402281693,0
CDR,D,20050909,000000,2.57504,2.57504,2.51948,2.57504,29579.147745212766,0
CDR,D,20050912,000000,2.55649,2.57504,2.53793,2.57504,14169.910490694785,0
CDR,D,20050913,000000,2.55649,2.55649,2.53793,2.53793,11826.100655789483,0
CDR,D,20050914,000000,2.53793,2.53793,2.49169,2.49169,44620.910203481646,0
CDR,D,20050915,000000,2.49169,2.55649,2.45458,2.51948,54676.544053807695,0
CDR,D,20050916,000000,2.53793,2.53793,2.47323,2.51948,25314.58729461353,0
CDR,D,20050919,000000,2.51948,2.55649,2.51948,2.53793,47000.74697919523,0
CDR,D,20050920,000000,2.53793,2.53793,2.47323,2.53793,59197.4104547325,0
CDR,D,20050921,000000,2.53793,2.57504,2.49169,2.55649,55348.70383518338,0
CDR,D,20050922,000000,2.57504,2.59351,2.49169,2.53793,122468.95324436088,0
CDR,D,20050923,000000,2.55649,2.55649,2.49169,2.49169,30418.060795475256,0
CDR,D,20050926,000000,2.51948,2.53793,2.49169,2.51948,28780.379000423138,0
CDR,D,20050927,000000,2.53793,2.55649,2.49169,2.51948,59236.52541903947,0
CDR,D,20050928,000000,2.59351,2.66774,2.55649,2.59351,220293.42029315312,0
CDR,D,20050929,000000,2.61206,2.63072,2.59351,2.61206,68447.07017210766,0
CDR,D,20050930,000000,2.59351,2.61206,2.53793,2.55649,43189.096641622295,0
CDR,D,20051003,000000,2.63072,2.63072,2.55649,2.59351,84242.31036386284,0
CDR,D,20051004,000000,2.59351,2.88078,2.53793,2.88078,1046384.9969925757,0
CDR,D,20051005,000000,2.93625,2.93625,2.75098,2.76954,527305.7457954836,0
CDR,D,20051006,000000,2.72329,2.78809,2.66774,2.72329,207975.29456003336,0
CDR,D,20051007,000000,2.70474,2.76954,2.68628,2.76954,55864.4037593332,0
CDR,D,20051010,000000,2.76954,2.76954,2.68628,2.70474,95330.37340365443,0
CDR,D,20051011,000000,2.70474,2.88078,2.70474,2.8251,324512.154664936,0
CDR,D,20051012,000000,2.84366,2.93625,2.84366,2.84366,242149.4212701193,0
CDR,D,20051013,000000,2.84366,2.86222,2.75098,2.75098,128853.95649685245,0
CDR,D,20051014,000000,2.75098,2.78809,2.72329,2.76954,66875.26621167776,0
CDR,D,20051017,000000,2.86222,2.93625,2.84366,2.89923,257856.1381215996,0
CDR,D,20051018,000000,2.93625,2.93625,2.84366,2.88078,83610.29488796003,0
CDR,D,20051019,000000,2.86222,2.86222,2.76954,2.84366,93655.63532662713,0
CDR,D,20051020,000000,2.86222,2.89923,2.78809,2.8251,113070.03905793013,0
CDR,D,20051021,000000,2.78809,2.8251,2.76954,2.78809,31527.690572387834,0
CDR,D,20051024,000000,2.78809,2.8251,2.76954,2.8251,52578.74675756803,0
CDR,D,20051025,000000,2.8251,2.88078,2.80665,2.84366,71178.94162658295,0
CDR,D,20051026,000000,2.84366,2.96413,2.78809,2.8251,239242.56181742906,0
CDR,D,20051027,000000,2.78809,2.80665,2.75098,2.80665,96252.66308836133,0
CDR,D,20051028,000000,2.78809,2.80665,2.75098,2.80665,13636.711766723767,0
CDR,D,20051031,000000,2.78809,2.84366,2.70474,2.84366,153854.59473584435,0
CDR,D,20051102,000000,2.8251,2.86222,2.78809,2.84366,33006.8538278813,0
CDR,D,20051103,000000,2.84366,2.84366,2.80665,2.84366,17275.43278841554,0
CDR,D,20051104,000000,2.84366,2.88078,2.8251,2.84366,54950.34880395546,0
CDR,D,20051107,000000,2.80665,2.8251,2.75098,2.80665,28575.54010839526,0
CDR,D,20051108,000000,2.76954,2.76954,2.70474,2.70474,88171.30559435769,0
CDR,D,20051109,000000,2.70474,2.75098,2.66774,2.70474,103321.14887505543,0
CDR,D,20051110,000000,2.70474,2.72329,2.63072,2.64916,106371.0867498109,0
CDR,D,20051114,000000,2.63072,2.63072,2.45458,2.63072,128805.57746205745,0
CDR,D,20051115,000000,2.61206,2.64916,2.59351,2.61206,96308.2475113226,0
CDR,D,20051116,000000,2.59351,2.61206,2.55649,2.57504,50408.895579710785,0
CDR,D,20051117,000000,2.59351,2.61206,2.51948,2.61206,67919.01815396712,0
CDR,D,20051118,000000,2.63072,2.63072,2.57504,2.63072,79696.73977495558,0
CDR,D,20051121,000000,2.66774,2.66774,2.59351,2.61206,178332.32766253018,0
CDR,D,20051122,000000,2.61206,2.66774,2.61206,2.64916,69240.69221106783,0
CDR,D,20051123,000000,2.63072,2.64916,2.57504,2.61206,67648.30142731803,0
CDR,D,20051124,000000,2.57504,2.64916,2.57504,2.64916,136170.51350453796,0
CDR,D,20051125,000000,2.63072,2.63072,2.57504,2.61206,82877.4039777916,0
CDR,D,20051128,000000,2.63072,2.63072,2.57504,2.63072,46812.377545823656,0
CDR,D,20051129,000000,2.64916,2.64916,2.59351,2.63072,69248.92694039598,0
CDR,D,20051130,000000,2.59351,2.61206,2.57504,2.59351,63344.62601241184,0
CDR,D,20051201,000000,2.57504,2.59351,2.53793,2.57504,90438.94418298184,0
CDR,D,20051202,000000,2.57504,2.61206,2.55649,2.61206,78646.81178566985,0
CDR,D,20051205,000000,2.61206,2.61206,2.53793,2.57504,89580.47365056637,0
CDR,D,20051206,000000,2.55649,2.59351,2.51948,2.57504,112576.98463943097,0
CDR,D,20051207,000000,2.61206,2.61206,2.55649,2.55649,67235.53561976561,0
CDR,D,20051208,000000,2.57504,2.59351,2.55649,2.57504,113226.49891515399,0
CDR,D,20051209,000000,2.57504,2.57504,2.55649,2.57504,36685.71915504593,0
CDR,D,20051212,000000,2.59351,2.61206,2.55649,2.59351,52997.68861211682,0
CDR,D,20051213,000000,2.59351,2.66774,2.57504,2.59351,102383.4190728521,0
CDR,D,20051214,000000,2.57504,2.61206,2.57504,2.61206,69690.51430059545,0
CDR,D,20051215,000000,2.61206,2.61206,2.57504,2.59351,69978.72982706672,0
CDR,D,20051216,000000,2.57504,2.61206,2.57504,2.59351,91429.17038464172,0
CDR,D,20051219,000000,2.61206,2.76954,2.57504,2.75098,462127.8631664849,0
CDR,D,20051220,000000,2.76954,2.76954,2.66774,2.66774,228128.76524849515,0
CDR,D,20051221,000000,2.68628,2.72329,2.66774,2.72329,122204.41256470815,0
CDR,D,20051222,000000,2.66774,2.72329,2.66774,2.70474,140792.25533973135,0
CDR,D,20051223,000000,2.66774,2.70474,2.64916,2.68628,58858.75721112943,0
CDR,D,20051227,000000,2.64916,2.68628,2.55649,2.59351,323517.81109859847,0
CDR,D,20051228,000000,2.61206,2.61206,2.57504,2.61206,122080.8916247909,0
CDR,D,20051229,000000,2.64916,2.64916,2.59351,2.63072,70248.41721254891,0
CDR,D,20051230,000000,2.64916,2.64916,2.55649,2.57504,76412.11211435731,0
CDR,D,20060102,000000,2.57504,2.64916,2.55649,2.64916,82081.72325650066,0
CDR,D,20060103,000000,2.66774,2.70474,2.64916,2.66774,183892.82864107678,0
CDR,D,20060104,000000,2.68628,2.68628,2.64916,2.68628,56380.10368348202,0
CDR,D,20060105,000000,2.68628,2.84366,2.66774,2.78809,574462.9526319008,0
CDR,D,20060106,000000,2.84366,3.00114,2.84366,2.96413,823490.4315730107,0
CDR,D,20060109,000000,2.96413,3.09382,2.91779,2.98269,671594.6730760045,0
CDR,D,20060110,000000,2.93625,2.98269,2.86222,2.98269,191598.47660950213,0
CDR,D,20060111,000000,2.96413,3.05671,2.93625,2.98269,194030.80978468136,0
CDR,D,20060112,000000,3.00114,3.17717,2.96413,3.14929,859001.672457689,0
CDR,D,20060113,000000,3.21419,3.23265,3.07517,3.13084,487680.2282704399,0
CDR,D,20060116,000000,3.09382,3.36235,3.0197,3.28823,825195.020543855,0
CDR,D,20060117,000000,3.28823,3.34388,3.19563,3.21419,343560.1129411317,0
CDR,D,20060118,000000,3.14929,3.14929,3.05671,3.09382,490690.0218397195,0
CDR,D,20060119,000000,3.09382,3.13084,3.05671,3.11229,163077.49158290328,0
CDR,D,20060120,000000,3.11229,3.11229,2.98269,3.03817,194428.1354747504,0
CDR,D,20060123,000000,3.00114,3.0197,2.93625,3.00114,142314.65092419437,0
CDR,D,20060124,000000,3.09382,3.14929,3.00114,3.05671,351220.46989826177,0
CDR,D,20060125,000000,3.09382,3.09382,2.98269,3.0197,201394.716486012,0
CDR,D,20060126,000000,3.0197,3.0197,2.93625,2.98269,166383.73540799235,0
CDR,D,20060127,000000,2.98269,3.0197,2.96413,2.98269,139475.7279884571,0
CDR,D,20060130,000000,2.96413,3.05671,2.93625,3.00114,186317.95642809672,0
CDR,D,20060131,000000,3.0197,3.0197,2.88078,2.96413,260300.82339076747,0
CDR,D,20060201,000000,2.88078,2.96413,2.8251,2.91779,124604.83616374062,0
CDR,D,20060202,000000,2.91779,2.93625,2.86222,2.91779,103883.16915166745,0
CDR,D,20060203,000000,3.0197,3.21419,3.00114,3.09382,1338665.391727525,0
CDR,D,20060206,000000,3.13084,3.19563,3.07517,3.13084,406137.8797849086,0
CDR,D,20060207,000000,3.13084,3.14929,3.03817,3.07517,245437.13695422027,0
CDR,D,20060208,000000,3.03817,3.13084,3.00114,3.11229,208448.79149637453,0
CDR,D,20060209,000000,3.09382,3.11229,3.0197,3.07517,173502.65891181826,0
CDR,D,20060210,000000,3.09382,3.42725,3.03817,3.28823,1620917.944823689,0
CDR,D,20060213,000000,3.23265,3.39023,3.17717,3.25121,377272.0654677154,0
CDR,D,20060214,000000,3.26976,3.40868,3.26976,3.36235,298032.3531704366,0
CDR,D,20060215,000000,3.17717,3.25121,3.13084,3.14929,476839.2071104879,0
CDR,D,20060216,000000,3.14929,3.19563,3.05671,3.05671,210947.0025061769,0
CDR,D,20060217,000000,3.07517,3.17717,3.05671,3.09382,179742.52505990476,0
CDR,D,20060220,000000,3.17717,3.17717,3.07517,3.09382,122566.74065512077,0
CDR,D,20060221,000000,3.09382,3.13084,3.05671,3.09382,110949.59625602876,0
CDR,D,20060222,000000,3.07517,3.13084,3.05671,3.09382,88910.37255152148,0
CDR,D,20060223,000000,3.09382,3.13084,3.05671,3.07517,44824.71975434263,0
CDR,D,20060224,000000,3.09382,3.13084,3.05671,3.09382,111197.6674770332,0
CDR,D,20060227,000000,3.09382,3.13084,3.07517,3.07517,89497.09701612196,0
CDR,D,20060228,000000,3.07517,3.07517,2.98269,3.00114,137263.67382279522,0
CDR,D,20060301,000000,3.00114,3.0197,2.91779,3.00114,79136.77818066932,0
CDR,D,20060302,000000,3.0197,3.0197,2.75098,2.89923,185564.47869461443,0
CDR,D,20060303,000000,2.91779,2.91779,2.8251,2.86222,76021.99181245554,0
CDR,D,20060306,000000,2.86222,2.91779,2.84366,2.89923,21481.320792554823,0
CDR,D,20060307,000000,2.88078,2.88078,2.72329,2.76954,174920.06169735207,0
CDR,D,20060308,000000,2.70474,2.76954,2.66774,2.72329,144438.18174958538,0
CDR,D,20060309,000000,2.75098,2.78809,2.72329,2.75098,65299.344886582265,0
CDR,D,20060310,000000,2.75098,2.76954,2.70474,2.76954,34302.79435583366,0
CDR,D,20060313,000000,2.75098,2.78809,2.72329,2.76954,30354.24164318584,0
CDR,D,20060314,000000,2.72329,2.76954,2.64916,2.75098,91773.99967524018,0
CDR,D,20060315,000000,2.70474,2.84366,2.68628,2.80665,214297.5080013914,0
CDR,D,20060316,000000,2.78809,2.8251,2.76954,2.80665,60988.4640835148,0
CDR,D,20060317,000000,2.8251,2.84366,2.78809,2.84366,90741.57048577564,0
CDR,D,20060320,000000,2.84366,2.98269,2.80665,2.89923,246533.38529596722,0
CDR,D,20060321,000000,2.89923,2.89923,2.8251,2.88078,26301.72547277574,0
CDR,D,20060322,000000,2.86222,2.89923,2.8251,2.89923,83682.34876957758,0
CDR,D,20060323,000000,2.91779,3.0197,2.91779,2.96413,208002.0574303406,0
CDR,D,20060324,000000,2.98269,2.98269,2.89923,2.89923,72920.58687939835,0
CDR,D,20060327,000000,2.89923,2.96413,2.89923,2.93625,47244.70083553007,0
CDR,D,20060328,000000,2.89923,2.91779,2.84366,2.88078,157916.3749767455,0
CDR,D,20060329,000000,2.86222,2.89923,2.8251,2.89923,82327.73579516528,0
CDR,D,20060330,000000,2.93625,2.98269,2.86222,2.93625,127266.71241892611,0
CDR,D,20060331,000000,2.93625,2.98269,2.88078,2.96413,122366.01912776148,0
CDR,D,20060403,000000,3.0197,3.03817,2.96413,3.03817,220995.43096834072,0
CDR,D,20060404,000000,3.03817,3.05671,2.93625,3.00114,141567.34923770142,0
CDR,D,20060405,000000,3.0197,3.0197,2.91779,2.93625,81390.00599296998,0
CDR,D,20060406,000000,2.93625,3.00114,2.89923,2.96413,129086.58760035846,0
CDR,D,20060407,000000,2.96413,3.0197,2.89923,2.93625,198289.1941882822,0
CDR,D,20060410,000000,2.93625,2.96413,2.88078,2.96413,143577.6525348341,0
CDR,D,20060411,000000,2.98269,3.00114,2.88078,2.89923,92834.22107618583,0
CDR,D,20060412,000000,2.89923,2.89923,2.86222,2.88078,66676.60336664524,0
CDR,D,20060413,000000,2.89923,2.89923,2.8251,2.86222,120144.70089161057,0
CDR,D,20060418,000000,2.8251,2.88078,2.72329,2.86222,184270.59684899787,0
CDR,D,20060419,000000,2.84366,2.88078,2.80665,2.86222,79787.32179756025,0
CDR,D,20060420,000000,2.8251,3.0197,2.8251,3.00114,280385.3282211063,0
CDR,D,20060421,000000,3.00114,3.23265,2.89923,3.14929,915058.5630150682,0
CDR,D,20060424,000000,3.11229,3.21419,3.05671,3.07517,248394.43412403532,0
CDR,D,20060425,000000,3.00114,3.05671,2.93625,3.00114,241249.77709106207,0
CDR,D,20060426,000000,3.09382,3.09382,3.00114,3.0197,264112.4737283444,0
CDR,D,20060427,000000,3.03817,3.03817,2.98269,2.98269,52073.34024507915,0
CDR,D,20060428,000000,3.03817,3.05671,2.93625,2.96413,35453.59777938399,0
CDR,D,20060502,000000,3.23265,3.40868,3.23265,3.28823,873862.2708707463,0
CDR,D,20060504,000000,3.28823,3.76999,3.17717,3.71441,1326188.7474549022,0
CDR,D,20060505,000000,3.67731,3.96447,3.59395,3.71441,1562865.1617455957,0
CDR,D,20060508,000000,3.78854,3.78854,3.53838,3.64029,514819.83745231124,0
CDR,D,20060509,000000,3.62173,3.62173,3.48271,3.55693,360613.2080377032,0
CDR,D,20060510,000000,3.51973,3.59395,3.48271,3.48271,341239.977953051,0
CDR,D,20060511,000000,3.42725,3.51973,3.39023,3.42725,207113.7360041122,0
CDR,D,20060512,000000,3.44569,3.59395,3.36235,3.57549,203337.08326619168,0
CDR,D,20060515,000000,3.57549,3.64029,3.46425,3.53838,245652.2692579081,0
CDR,D,20060516,000000,3.53838,3.75143,3.42725,3.73288,365468.6103175625,0
CDR,D,20060517,000000,3.75143,3.78854,3.51973,3.53838,266878.3134412992,0
CDR,D,20060518,000000,3.50127,3.55693,3.46425,3.53838,111613.52130807027,0
CDR,D,20060519,000000,3.51973,3.64029,3.44569,3.50127,162995.1442896318,0
CDR,D,20060522,000000,3.51973,3.51973,3.09382,3.09382,211061.25937559514,0
CDR,D,20060523,000000,3.09382,3.13084,2.55649,3.0197,496698.28622546996,0
CDR,D,20060524,000000,2.93625,3.0197,2.75098,2.8251,146018.22043934246,0
CDR,D,20060525,000000,2.80665,2.89923,2.72329,2.88078,203645.88561597985,0
CDR,D,20060526,000000,2.93625,3.0197,2.88078,3.00114,106996.9261787264,0
CDR,D,20060529,000000,3.00114,3.00114,2.88078,2.91779,142734.62211991107,0
CDR,D,20060530,000000,2.91779,2.93625,2.78809,2.8251,91183.1578459761,0
CDR,D,20060531,000000,2.78809,2.88078,2.75098,2.88078,111056.64773729775,0
CDR,D,20060601,000000,2.88078,2.89923,2.78809,2.8251,147142.2609925765,0
CDR,D,20060602,000000,3.09382,3.23265,2.89923,3.23265,1760161.0417086703,0
CDR,D,20060605,000000,3.25121,3.46425,3.19563,3.19563,838362.3527388972,0
CDR,D,20060606,000000,3.07517,3.17717,3.03817,3.07517,175960.72561613473,0
CDR,D,20060607,000000,3.09382,3.14929,3.0197,3.13084,102714.86692829794,0
CDR,D,20060608,000000,3.05671,3.07517,2.93625,3.00114,227032.51690673816,0
CDR,D,20060609,000000,3.00114,3.0197,2.93625,2.96413,90670.54594532396,0
CDR,D,20060612,000000,2.91779,3.0197,2.66774,2.75098,314783.8513053792,0
CDR,D,20060613,000000,2.66774,2.66774,2.24153,2.61206,341010.43487304467,0
CDR,D,20060614,000000,2.61206,2.78809,2.49169,2.76954,197841.43078108836,0
CDR,D,20060616,000000,2.84366,2.88078,2.76954,2.76954,245930.19137271945,0
CDR,D,20060619,000000,2.8251,2.84366,2.72329,2.80665,61390.9364794073,0
CDR,D,20060620,000000,2.75098,2.80665,2.75098,2.80665,57708.98312874599,0
CDR,D,20060621,000000,2.75098,2.78809,2.68628,2.75098,75397.18172471297,0
CDR,D,20060622,000000,2.75098,2.80665,2.66774,2.66774,84163.05109408502,0
CDR,D,20060623,000000,2.72329,2.72329,2.57504,2.64916,68055.92052904001,0
CDR,D,20060626,000000,2.70474,2.70474,2.61206,2.64916,44613.70481531939,0
CDR,D,20060627,000000,2.64916,2.76954,2.64916,2.75098,79991.13134842123,0
CDR,D,20060628,000000,2.75098,2.75098,2.64916,2.72329,34344.997343637304,0
CDR,D,20060629,000000,2.70474,2.76954,2.66774,2.68628,38391.33746705205,0
CDR,D,20060630,000000,2.76954,2.76954,2.68628,2.75098,78277.27830708696,0
CDR,D,20060703,000000,2.76954,2.78809,2.70474,2.76954,21517.34773336411,0
CDR,D,20060704,000000,2.78809,2.93625,2.78809,2.86222,111499.26443865207,0
CDR,D,20060705,000000,2.88078,3.0197,2.8251,2.84366,170773.87548083963,0
CDR,D,20060706,000000,2.86222,3.0197,2.86222,2.98269,152078.98122454746,0
CDR,D,20060707,000000,3.00114,3.03817,2.96413,2.98269,97385.96771208946,0
CDR,D,20060710,000000,2.91779,2.98269,2.84366,2.89923,182032.80915417857,0
CDR,D,20060711,000000,2.88078,2.88078,2.70474,2.72329,450264.7062287182,0
CDR,D,20060712,000000,2.70474,2.75098,2.63072,2.66774,293966.45556486584,0
CDR,D,20060713,000000,2.63072,2.68628,2.55649,2.63072,386778.03113540506,0
CDR,D,20060714,000000,2.57504,2.75098,2.57504,2.72329,138098.46950839914,0
CDR,D,20060717,000000,2.72329,2.72329,2.59351,2.63072,138905.4729825059,0
CDR,D,20060718,000000,2.55649,2.55649,2.30642,2.399,1365913.0817318256,0
CDR,D,20060719,000000,2.34345,2.45458,2.32498,2.41758,335999.60207711137,0
CDR,D,20060720,000000,2.47323,2.47323,2.399,2.41758,134299.17126481092,0
CDR,D,20060721,000000,2.41758,2.43612,2.34345,2.43612,128564.71162921227,0
CDR,D,20060724,000000,2.45458,2.45458,2.362,2.41758,93464.17786975788,0
CDR,D,20060725,000000,2.38046,2.399,2.32498,2.38046,192209.90526208913,0
CDR,D,20060726,000000,2.38046,2.43612,2.34345,2.399,91658.71346465206,0
CDR,D,20060727,000000,2.399,2.43612,2.38046,2.399,134312.55269996956,0
CDR,D,20060728,000000,2.32498,2.34345,2.26009,2.30642,614959.2927833548,0
CDR,D,20060731,000000,2.27854,2.34345,2.22307,2.26009,268437.76530773845,0
CDR,D,20060801,000000,2.30642,2.362,2.26009,2.32498,121135.95643443834,0
CDR,D,20060802,000000,2.34345,2.362,2.27854,2.34345,57423.85562577239,0
CDR,D,20060803,000000,2.34345,2.34345,2.22307,2.26009,118833.32024616578,0
CDR,D,20060804,000000,2.24153,2.32498,2.22307,2.26009,165900.97440115214,0
CDR,D,20060807,000000,2.27854,2.30642,2.20452,2.26009,120509.08766435295,0
CDR,D,20060808,000000,2.24153,2.26009,2.14894,2.14894,233907.48655422925,0
CDR,D,20060809,000000,2.14894,2.18606,2.01003,2.04705,437324.8584313526,0
CDR,D,20060810,000000,2.02857,2.02857,1.89888,1.95445,579314.2375471105,0
CDR,D,20060811,000000,1.95445,2.04705,1.9359,2.02857,209831.19668227198,0
CDR,D,20060814,000000,2.01003,2.01003,1.9359,1.97301,127982.10452928237,0
CDR,D,20060816,000000,1.97301,2.01003,1.97301,1.99156,91531.07516007221,0
CDR,D,20060817,000000,1.99156,2.01003,1.95445,1.97301,93239.78149557703,0
CDR,D,20060818,000000,1.97301,2.01003,1.95445,1.99156,83957.18286089125,0
CDR,D,20060821,000000,2.01003,2.02857,1.97301,1.97301,90713.7782742945,0
CDR,D,20060822,000000,2.01003,2.01003,1.97301,1.97301,66305.01120573156,0
CDR,D,20060823,000000,1.97301,2.04705,1.97301,2.04705,96457.5019803882,0
CDR,D,20060824,000000,2.04705,2.13039,2.01003,2.11194,116592.4445278669,0
CDR,D,20060825,000000,2.11194,2.11194,2.02857,2.04705,59861.33550678103,0
CDR,D,20060828,000000,2.02857,2.04705,1.9359,1.97301,124716.00500966917,0
CDR,D,20060829,000000,1.97301,2.02857,1.97301,1.99156,96221.78285338251,0
CDR,D,20061023,000000,1.86187,2.01003,1.86187,1.94513,1674546.6195706592,0
CDR,D,20061024,000000,1.97301,1.97301,1.91734,1.9359,441543.0985294876,0
CDR,D,20061025,000000,1.9359,1.97301,1.89888,1.97301,388912.8847136249,0
CDR,D,20061026,000000,2.01003,2.45458,2.01003,2.45458,1787356.235313566,0
CDR,D,20061027,000000,2.45458,2.45458,2.24153,2.28797,819415.269896951,0
CDR,D,20061030,000000,2.31556,2.31556,2.21385,2.27854,189590.23199469925,0
CDR,D,20061031,000000,2.0656,2.14894,1.98214,2.08404,918186.7308184357,0
CDR,D,20061102,000000,2.0656,2.09338,2.01003,2.02857,289448.6771874518,0
CDR,D,20061103,000000,2.01003,2.17683,2.01003,2.13039,205692.2158539188,0
CDR,D,20061106,000000,2.13039,2.13039,1.97301,1.97301,536494.6743840661,0
CDR,D,20061107,000000,1.9359,2.00069,1.91734,1.98214,455504.052763498,0
CDR,D,20061108,000000,1.99156,1.99156,1.92667,1.92667,260983.27658380714,0
CDR,D,20061109,000000,1.92667,2.27854,1.90811,2.13039,1826763.532511342,0
CDR,D,20061110,000000,2.09338,2.10261,2.04705,2.0656,463175.7324734368,0
CDR,D,20061113,000000,2.05636,2.0656,1.97301,2.00069,217314.5069588503,0
CDR,D,20061114,000000,2.01003,2.14894,1.99156,2.13973,953756.6441495777,0
CDR,D,20061115,000000,2.13973,2.13973,2.03791,2.03791,148917.87450386342,0
CDR,D,20061116,000000,2.02857,2.10261,2.02857,2.0656,59616.352309281305,0
CDR,D,20061117,000000,2.05636,2.09338,2.04705,2.07492,80286.55226305377,0
CDR,D,20061120,000000,2.08404,2.08404,2.02857,2.03791,158631.76708709172,0
CDR,D,20061121,000000,2.04705,2.08404,2.01926,2.01926,94673.65373976815,0
CDR,D,20061122,000000,2.00069,2.14894,2.00069,2.11194,630951.1371378157,0
CDR,D,20061123,000000,2.10261,2.13973,2.0656,2.11194,203906.30893096296,0
CDR,D,20061124,000000,2.11194,2.11194,2.05636,2.0656,48792.82994914343,0
CDR,D,20061127,000000,2.0656,2.0656,2.03791,2.03791,95790.48890484199,0
CDR,D,20061128,000000,2.04705,2.11194,2.03791,2.09338,152323.9644220522,0
CDR,D,20061129,000000,2.07492,2.14894,2.07492,2.13973,258668.28830154584,0
CDR,D,20061130,000000,2.14894,2.14894,2.07492,2.09338,124881.72893738205,0
CDR,D,20061201,000000,2.09338,2.10261,2.05636,2.09338,76107.42712922972,0
CDR,D,20061204,000000,2.0656,2.09338,2.0656,2.0656,69070.85091868335,0
CDR,D,20061205,000000,2.0656,2.08404,2.03791,2.04705,93289.18987154291,0
CDR,D,20061206,000000,2.02857,2.02857,2.01926,2.02857,94180.59932127,0
CDR,D,20061207,000000,2.01926,2.07492,2.01926,2.04705,102019.0323001097,0
CDR,D,20061208,000000,2.04705,2.04705,2.02857,2.02857,69113.053906488,0
CDR,D,20061211,000000,2.02857,2.08404,2.01926,2.01926,148093.37222992847,0
CDR,D,20061212,000000,2.00069,2.04705,2.00069,2.02857,92613.94206666955,0
CDR,D,20061213,000000,2.01926,2.02857,2.00069,2.00069,117084.46960519615,0
CDR,D,20061214,000000,2.00069,2.00069,1.94513,1.96369,86623.17648074433,0
CDR,D,20061215,000000,1.95445,1.96369,1.81553,1.9359,131800.96025500854,0
CDR,D,20061218,000000,1.9359,1.94513,1.91734,1.94513,57256.0730157207,0
CDR,D,20061219,000000,1.94513,1.94513,1.81553,1.86187,160197.3950005303,0
CDR,D,20061220,000000,1.84322,1.92667,1.84322,1.84322,228601.23284366642,0
CDR,D,20061221,000000,1.84322,1.86187,1.78765,1.8062,271873.7061197341,0
CDR,D,20061222,000000,1.78765,1.82476,1.64873,1.66728,806681.2903327842,0
CDR,D,20061227,000000,1.66728,1.71361,1.66728,1.70439,125902.83537402678,0
CDR,D,20061228,000000,1.70439,1.7415,1.70439,1.70439,54302.89321056223,0
CDR,D,20061229,000000,1.73208,1.73208,1.6766,1.6766,50984.29729148544,0
CDR,D,20070102,000000,1.7415,1.7415,1.69507,1.72286,42719.7170699417,0
CDR,D,20070103,000000,1.72286,1.75997,1.71361,1.73208,53312.66700890235,0
CDR,D,20070104,000000,1.7415,1.7415,1.66728,1.66728,56443.92283577244,0
CDR,D,20070105,000000,1.68574,1.71361,1.6766,1.69507,45183.95982126458,0
CDR,D,20070108,000000,1.66728,1.66728,1.6395,1.64873,45289.98196135965,0
CDR,D,20070109,000000,1.64873,1.65805,1.64873,1.64873,32248.22938856453,0
CDR,D,20070110,000000,1.66728,1.66728,1.6395,1.64873,53772.78251008989,0
CDR,D,20070111,000000,1.63026,1.64873,1.62094,1.6395,69292.15926936652,0
CDR,D,20070112,000000,1.64873,1.64873,1.62094,1.63026,43612.15586083467,0
CDR,D,20070115,000000,1.62094,1.66728,1.58392,1.59326,232233.7778183618,0
CDR,D,20070116,000000,1.58392,1.60248,1.52835,1.59326,198946.9431933444,0
CDR,D,20070117,000000,1.60248,1.62094,1.56547,1.61171,65032.74552459776,0
CDR,D,20070118,000000,1.62094,1.95445,1.61171,1.86187,837773.5695919679,0
CDR,D,20070119,000000,1.86187,1.92667,1.75997,1.86187,420661.8836366909,0
CDR,D,20070122,000000,1.86187,1.9359,1.77851,1.871,211673.717369352,0
CDR,D,20070123,000000,1.9359,1.9359,1.82476,1.88033,107904.80508710274,0
CDR,D,20070124,000000,1.89888,1.90811,1.83398,1.86187,107128.68184796278,0
CDR,D,20070125,000000,1.86187,1.88033,1.78765,1.88033,118318.64966317885,0
CDR,D,20070126,000000,1.86187,1.86187,1.79698,1.86187,64020.903158451096,0
CDR,D,20070129,000000,1.81553,1.85254,1.8062,1.8062,42227.691992609434,0
CDR,D,20070130,000000,1.8062,1.86187,1.75997,1.86187,64798.05573875596,0
CDR,D,20070131,000000,1.84322,1.89888,1.8062,1.88033,101483.7748938049,0
CDR,D,20070201,000000,1.86187,1.871,1.85254,1.85254,59940.594776560865,0
CDR,D,20070202,000000,1.85254,1.86187,1.82476,1.85254,37188.03764403713,0
CDR,D,20070205,000000,1.81553,1.84322,1.81553,1.82476,17062.35916706051,0
CDR,D,20070206,000000,1.84322,1.85254,1.81553,1.85254,23502.94684251235,0
CDR,D,20070207,000000,1.81553,1.83398,1.8062,1.83398,61726.5016995127,0
CDR,D,20070208,000000,1.81553,1.83398,1.7691,1.77851,54694.0428536299,0
CDR,D,20070209,000000,1.75062,1.78765,1.7415,1.77851,71485.68529404032,0
CDR,D,20070212,000000,1.7415,1.75997,1.73208,1.7415,40656.91737334442,0
CDR,D,20070213,000000,1.7415,1.75997,1.70439,1.75062,24737.126900507083,0
CDR,D,20070214,000000,1.79698,1.79698,1.71361,1.75062,39857.11928738789,0
CDR,D,20070215,000000,1.66728,1.71361,1.64873,1.68574,107858.48473463753,0
CDR,D,20070216,000000,1.66728,1.66728,1.58392,1.65805,141382.06782783056,0
CDR,D,20070219,000000,1.66728,1.72286,1.64873,1.66728,106519.31187771563,0
CDR,D,20070220,000000,1.68574,1.69507,1.65805,1.65805,84745.65819402093,0
CDR,D,20070221,000000,1.66728,1.66728,1.62094,1.6395,91901.63797982,0
CDR,D,20070222,000000,1.65805,1.70439,1.62094,1.66728,108494.61757520192,0
CDR,D,20070223,000000,1.66728,1.70439,1.64873,1.70439,84405.97560925197,0
CDR,D,20070226,000000,1.70439,1.71361,1.66728,1.6766,41235.407108617765,0
CDR,D,20070227,000000,1.68574,1.68574,1.55614,1.55614,153282.2810475734,0
CDR,D,20070228,000000,1.58392,1.58392,1.55614,1.5746,147524.1465651572,0
CDR,D,20070301,000000,1.5746,1.5746,1.52835,1.52835,326355.7046931658,0
CDR,D,20070302,000000,1.52835,1.54692,1.52835,1.52835,50423.30635603429,0
CDR,D,20070305,000000,1.54692,1.54692,1.4727,1.48212,118644.95081279521,0
CDR,D,20070306,000000,1.49124,1.54692,1.49124,1.52835,39270.39482278739,0
CDR,D,20070307,000000,1.52835,1.56547,1.52835,1.52835,34962.60204321762,0
CDR,D,20070308,000000,1.55614,1.58392,1.52835,1.58392,35735.63725885891,0
CDR,D,20070309,000000,1.5746,1.5746,1.54692,1.5746,14764.86968462343,0
CDR,D,20070312,000000,1.5746,1.58392,1.54692,1.54692,46049.63574184331,0
CDR,D,20070313,000000,1.54692,1.54692,1.51913,1.54692,18918.261289298127,0
CDR,D,20070314,000000,1.51913,1.52835,1.50057,1.50981,54498.46803209606,0
CDR,D,20070315,000000,1.52835,1.56547,1.52835,1.56547,115603.24766735885,0
CDR,D,20070316,000000,1.5746,1.75997,1.5746,1.72286,735825.5618323109,0
CDR,D,20070319,000000,1.7415,1.7415,1.64873,1.68574,117918.23594962014,0
CDR,D,20070320,000000,1.68574,1.68574,1.64873,1.66728,45364.09452530901,0
CDR,D,20070321,000000,1.66728,1.70439,1.64873,1.68574,73533.0448731482,0
CDR,D,20070322,000000,1.68574,1.78765,1.68574,1.7415,696153.7239547919,0
CDR,D,20070323,000000,1.7691,1.7691,1.73208,1.75062,103195.56925280837,0
CDR,D,20070326,000000,1.77851,1.77851,1.73208,1.7415,158524.71560583275,0
CDR,D,20070327,000000,1.73208,1.75062,1.71361,1.71361,120880.67982527467,0
CDR,D,20070328,000000,1.71361,1.73208,1.66728,1.68574,84265.9852106814,0
CDR,D,20070329,000000,1.69507,1.72286,1.66728,1.68574,48608.577880435434,0
CDR,D,20070330,000000,1.70439,1.71361,1.69507,1.70439,39405.2385155295,0
CDR,D,20070402,000000,1.71361,1.81553,1.70439,1.78765,165475.85649960596,0
CDR,D,20070403,000000,1.8062,2.05636,1.78765,1.9359,1021229.9575786897,0
CDR,D,20070404,000000,1.99156,2.18606,1.91734,1.92667,1659981.4420721608,0
CDR,D,20070405,000000,1.94513,2.04705,1.94513,2.01003,448963.6189949424,0
CDR,D,20070410,000000,2.04705,2.04705,1.9359,2.01926,236040.2814501093,0
CDR,D,20070411,000000,2.01003,2.01003,1.95445,1.96369,108824.00674830795,0
CDR,D,20070412,000000,1.96369,1.98214,1.89888,1.89888,226963.55104861528,0
CDR,D,20070413,000000,1.9359,1.95445,1.90811,1.91734,51109.87691373349,0
CDR,D,20070416,000000,1.96369,1.99156,1.91734,1.97301,121439.61207839704,0
CDR,D,20070417,000000,1.9359,1.9359,1.89888,1.9359,116938.30315963124,0
CDR,D,20070418,000000,1.9359,1.96369,1.83398,1.871,117877.0623029844,0
CDR,D,20070419,000000,1.86187,1.88033,1.73208,1.81553,157883.4360594389,0
CDR,D,20070420,000000,1.85254,1.86187,1.81553,1.84322,58222.62437056202,0
CDR,D,20070423,000000,1.79698,1.84322,1.75062,1.75062,92034.42299022932,0
CDR,D,20070424,000000,1.75062,1.75062,1.65805,1.68574,226948.1109311269,0
CDR,D,20070425,000000,1.66728,1.7415,1.66728,1.69507,161204.09066084647,0
CDR,D,20070426,000000,1.70439,1.7415,1.69507,1.70439,104006.69009158472,0
CDR,D,20070427,000000,1.70439,1.71361,1.6766,1.6766,122899.21785172647,0
CDR,D,20070430,000000,1.68574,1.70439,1.6766,1.6766,16104.042541545332,0
CDR,D,20070502,000000,1.66728,1.73208,1.66728,1.70439,34486.01708337476,0
CDR,D,20070504,000000,1.71361,1.75997,1.71361,1.72286,47289.99184683241,0
CDR,D,20070507,000000,1.73208,1.8062,1.71361,1.79698,146100.56773262398,0
CDR,D,20070508,000000,1.78765,1.78765,1.7415,1.7415,65699.75860014297,0
CDR,D,20070509,000000,1.73208,1.73208,1.64873,1.69507,147948.2351255234,0
CDR,D,20070510,000000,1.66728,1.66728,1.58392,1.62094,57947.79027924937,0
CDR,D,20070511,000000,1.58392,1.61171,1.53758,1.61171,186390.01030971928,0
CDR,D,20070514,000000,1.61171,1.64873,1.61171,1.6395,36848.35505926816,0
CDR,D,20070515,000000,1.65805,1.65805,1.62094,1.62094,29348.57532403654,0
CDR,D,20070516,000000,1.62094,1.64873,1.58392,1.62094,45821.12200299787,0
CDR,D,20070517,000000,1.59326,1.63026,1.59326,1.60248,20336.693415999856,0
CDR,D,20070518,000000,1.60248,1.63026,1.54692,1.61171,40219.44737780853,0
CDR,D,20070521,000000,1.61171,1.6395,1.58392,1.6395,34629.09550544501,0
CDR,D,20070522,000000,1.64873,1.64873,1.61171,1.62094,146100.56773262398,0
CDR,D,20070523,000000,1.62094,1.62094,1.58392,1.58392,85346.79343494594,0
CDR,D,20070524,000000,1.58392,1.70439,1.58392,1.62094,498921.6631439607,0
CDR,D,20070525,000000,1.6395,1.66728,1.62094,1.66728,83147.09136327579,0
CDR,D,20070528,000000,1.83398,1.83398,1.7415,1.79698,560477.294209923,0
CDR,D,20070529,000000,1.81553,1.81553,1.7415,1.77851,113893.51199069519,0
CDR,D,20070530,000000,1.72286,1.77851,1.71361,1.75997,131139.09388529678,0
CDR,D,20070531,000000,1.75997,1.77851,1.72286,1.75997,85581.48322078574,0
CDR,D,20070601,000000,1.7415,1.83398,1.7415,1.7691,196512.55133583545,0
CDR,D,20070604,000000,1.81553,1.98214,1.8062,1.96369,1062162.7383844284,0
CDR,D,20070605,000000,1.96369,2.02857,1.871,1.92667,712079.6904746296,0
CDR,D,20070606,000000,1.90811,1.97301,1.89888,1.96369,320413.31814204867,0
CDR,D,20070608,000000,1.95445,2.24153,1.9359,2.2323,1402771.7302028046,0
CDR,D,20070611,000000,2.26009,2.63072,2.25085,2.59351,2515272.3396265726,0
CDR,D,20070612,000000,2.59351,2.63072,2.47323,2.47323,1181431.4699438193,0
CDR,D,20070613,000000,2.47323,2.71397,2.399,2.68628,1510312.148517165,0
CDR,D,20070614,000000,2.72329,2.79743,2.56582,2.6584,1033883.6485319149,0
CDR,D,20070615,000000,2.6584,2.70474,2.51948,2.59351,1046696.8873657733,0
CDR,D,20070618,000000,2.59351,2.64916,2.5287,2.63072,395359.6484360701,0
CDR,D,20070619,000000,2.64916,2.77876,2.63072,2.76032,523071.0362387004,0
CDR,D,20070620,000000,2.77876,2.77876,2.51948,2.58436,556123.1810778821,0
CDR,D,20070621,000000,2.75098,2.75098,2.58436,2.58436,368727.5044490164,0
CDR,D,20070622,000000,2.59351,2.94567,2.59351,2.88991,1126598.4660327737,0
CDR,D,20070625,000000,2.96413,3.0197,2.80665,2.92692,483399.19836118136,0
CDR,D,20070626,000000,2.91779,2.91779,2.75098,2.84366,491793.47556963575,0
CDR,D,20070627,000000,2.84366,2.88078,2.6584,2.70474,289041.05808572384,0
CDR,D,20070628,000000,2.56582,2.66774,2.25085,2.43612,1846441.447581183,0
CDR,D,20070629,000000,2.41758,2.60283,2.30642,2.53793,687438.2923025606,0
CDR,D,20070702,000000,2.64916,2.74175,2.61206,2.66774,714133.2261007378,0
CDR,D,20070703,000000,2.75098,3.3161,2.66774,3.19563,1463597.5583821526,0
CDR,D,20070704,000000,3.19563,3.25121,3.0197,3.0197,671840.6856146691,0
CDR,D,20070705,000000,3.09382,3.56616,3.05671,3.51973,2126487.0932175345,0
CDR,D,20070706,000000,3.51973,3.53838,3.33457,3.41801,1191400.6391362415,0
CDR,D,20070709,000000,3.51973,3.71441,3.50127,3.53838,1437800.2100805924,0
CDR,D,20070710,000000,3.39023,3.59395,3.39023,3.50127,818790.4598092055,0
CDR,D,20070711,000000,3.5106,3.5106,3.21419,3.25121,517961.38669084734,0
CDR,D,20070712,000000,3.29755,3.29755,2.98269,3.05671,980097.4845866513,0
CDR,D,20070713,000000,3.83479,4.27934,3.51973,4.08494,2263114.6341997753,0
CDR,D,20070716,000000,4.6314,5.87258,4.52027,5.02972,2443887.529766834,0
CDR,D,20070717,000000,5.55763,6.02075,5.00184,5.45572,1585734.0344298072,0
CDR,D,20070718,000000,5.46504,5.49274,5.00184,5.13153,606132.692285205,0
CDR,D,20070719,000000,5.01116,5.10375,4.75178,4.84446,467552.49111112545,0
CDR,D,20070720,000000,4.72389,5.53918,4.30711,4.90925,1260865.7277214278,0
CDR,D,20070723,000000,4.58507,5.0852,4.54806,4.68687,343564.2303058013,0
CDR,D,20070724,000000,4.64988,4.78879,4.53873,4.53873,152923.04098065043,0
CDR,D,20070725,000000,4.44615,4.53873,4.33501,4.35346,174798.59943976457,0
CDR,D,20070726,000000,4.22387,4.52027,4.17743,4.23309,202364.35586434195,0
CDR,D,20070727,000000,4.15897,4.44615,3.98304,4.33501,208424.0873083971,0
CDR,D,20070730,000000,4.26088,4.3998,4.18685,4.21453,71323.0493898181,0
CDR,D,20070731,000000,4.34423,4.77033,4.26088,4.54806,355257.54595117545,0
CDR,D,20070801,000000,4.4924,4.53873,4.14041,4.27934,229125.16749714236,0
CDR,D,20070802,000000,4.41836,4.41836,4.1682,4.21453,96664.39955474787,0
CDR,D,20070803,000000,4.21453,4.21453,3.98304,4.07562,113663.96891067884,0
CDR,D,20070806,000000,4.07562,4.07562,3.84401,3.93668,161206.1493431863,0
CDR,D,20070807,000000,4.02928,4.09407,3.7051,3.83479,117074.17619352718,0
CDR,D,20070808,000000,3.85324,3.98304,3.68662,3.90892,116000.5733574279,0
CDR,D,20070809,000000,3.97371,3.97371,3.68662,3.7051,81899.52987012343,0
CDR,D,20070810,000000,3.56616,3.56616,3.28823,3.34388,148574.07455442887,0
CDR,D,20070813,000000,3.32533,3.50127,3.32533,3.37157,86006.6011223299,0
CDR,D,20070814,000000,3.42725,3.42725,3.11229,3.3809,90656.13516900146,0
CDR,D,20070816,000000,3.13084,3.13084,2.59351,2.84366,165732.1624499295,0
CDR,D,20070817,000000,2.8251,3.14929,2.77876,3.14929,207879.56583160325,0
CDR,D,20070820,000000,3.3809,3.84401,3.3809,3.71441,323168.8644433445,0
CDR,D,20070821,000000,3.79767,3.89035,3.51973,3.7051,171052.8269368209,0
CDR,D,20070822,000000,3.79767,3.8719,3.7051,3.77912,156255.0183348768,0
CDR,D,20070823,000000,3.79767,3.98304,3.71441,3.8719,192322.1034491876,0
CDR,D,20070824,000000,3.77912,3.84401,3.7051,3.84401,102043.73648808715,0
CDR,D,20070827,000000,3.86256,4.07562,3.79767,3.89035,166956.04909627335,0
CDR,D,20070828,000000,3.8719,3.8719,3.7051,3.7051,65355.958650710425,0
CDR,D,20070829,000000,3.60318,3.75143,3.51973,3.75143,51391.916393209416,0
CDR,D,20070830,000000,3.75143,3.84401,3.62173,3.69576,84696.24981805503,0
CDR,D,20070831,000000,3.84401,3.84401,3.71441,3.71441,35085.09364196799,0
CDR,D,20070903,000000,3.65875,3.79767,3.65875,3.72364,41494.801082441016,0
CDR,D,20070904,000000,3.77912,3.807,3.72364,3.75143,111822.47756476875,0
CDR,D,20070905,000000,3.79767,3.79767,3.68662,3.68662,42215.339898617705,0
CDR,D,20070906,000000,3.7051,3.74211,3.57549,3.63097,27879.705480202014,0
CDR,D,20070907,000000,3.69576,3.73288,3.28823,3.6125,53247.81851544703,0
CDR,D,20070910,000000,3.3809,3.64951,3.3809,3.57549,12139.02037024221,0
CDR,D,20070911,000000,3.57549,3.6125,3.47358,3.53838,42746.47994025594,0
CDR,D,20070912,000000,3.56616,3.56616,3.42725,3.53838,29320.78311255541,0
CDR,D,20070913,000000,3.42725,3.78854,3.42725,3.59395,67798.58523754854,0
CDR,D,20070914,000000,3.7051,3.7051,3.51973,3.60318,32861.71672348026,0
CDR,D,20070917,000000,3.52915,3.52915,3.43647,3.5106,56124.82707432335,0
CDR,D,20070918,000000,3.5106,3.57549,3.47358,3.51973,18574.461339865582,0
CDR,D,20070919,000000,3.7051,3.7051,3.51973,3.56616,63850.03252490172,0
CDR,D,20070920,000000,3.53838,3.56616,3.42725,3.52915,82040.54960986189,0
CDR,D,20070921,000000,3.51973,3.56616,3.42725,3.48271,54068.20342472244,0
CDR,D,20070924,000000,3.49213,3.49213,3.41801,3.42725,33470.05735256553,0
CDR,D,20070925,000000,3.37157,3.41801,3.28823,3.3809,48989.43411184316,0
CDR,D,20070926,000000,3.3809,3.3809,3.28823,3.37157,15581.137229235259,0
CDR,D,20070927,000000,3.3809,3.46425,3.28823,3.35312,34178.24407475151,0
CDR,D,20070928,000000,3.33457,3.33457,3.24196,3.28823,41722.28548011955,0
CDR,D,20071001,000000,3.33457,3.33457,3.11229,3.12151,48280.218048492294,0
CDR,D,20071002,000000,3.15862,3.81612,3.14929,3.79767,490169.1752097533,0
CDR,D,20071003,000000,3.92747,5.03895,3.8719,4.74255,1957037.9798172181,0
CDR,D,20071004,000000,4.58507,4.97415,4.1682,4.1682,683050.2109120432,0
CDR,D,20071005,000000,4.07562,4.11264,3.76065,3.95516,389177.4253932776,0
CDR,D,20071008,000000,3.92747,4.72389,3.79767,4.44615,545602.285020537,0
CDR,D,20071009,000000,4.6314,4.86292,4.26088,4.4924,503043.14517249574,0
CDR,D,20071010,000000,4.54806,4.59439,4.298,4.32569,176655.53090317312,0
CDR,D,20071011,000000,4.27934,4.4924,4.13109,4.33501,142115.98807916488,0
CDR,D,20071012,000000,4.18685,4.3998,4.18685,4.33501,102367.9789553637,0
CDR,D,20071015,000000,4.24233,4.33501,4.22387,4.30711,76866.05156854748,0
CDR,D,20071016,000000,4.21453,4.30711,4.12196,4.14041,153952.38214661428,0
CDR,D,20071017,000000,4.14041,4.3998,4.14041,4.15897,68805.28089786474,0
CDR,D,20071018,000000,4.13109,4.21453,3.96447,3.97371,79605.12841118404,0
CDR,D,20071019,000000,3.89957,4.21453,3.89957,4.05706,117030.94386456166,0
CDR,D,20071022,000000,4.0386,4.14041,3.90892,4.04784,46784.585334342526,0
CDR,D,20071023,000000,3.98304,4.12196,3.95516,4.1034,21396.91481694553,0
CDR,D,20071024,000000,4.01072,4.09407,3.95516,4.00159,23295.01992698679,0
CDR,D,20071025,000000,4.07562,4.40903,4.07562,4.31644,316021.1193868716,0
CDR,D,20071026,000000,4.35346,4.3998,4.00159,4.00159,188370.46271303506,0
CDR,D,20071029,000000,4.07562,4.25156,3.90892,4.1682,144566.8493953221,0
CDR,D,20071030,000000,4.1682,4.20532,4.09407,4.17743,17101.47413136748,0
CDR,D,20071031,000000,4.1682,4.47383,4.1682,4.3998,189011.7422594289,0
CDR,D,20071102,000000,4.30711,4.52951,4.19599,4.43681,170689.4695052283,0
CDR,D,20071105,000000,4.50172,4.72389,4.44615,4.67776,297263.4353194659,0
CDR,D,20071106,000000,4.81668,4.85368,4.31644,4.43681,251210.71155412492,0
CDR,D,20071107,000000,4.47383,4.6314,4.01072,4.12196,168069.79623783845,0
CDR,D,20071108,000000,3.98304,4.14974,3.7051,3.95516,160903.52304037745,0
CDR,D,20071109,000000,3.98304,4.05706,3.62173,3.62173,140975.47806727246,0
CDR,D,20071112,000000,3.69576,3.77912,3.51973,3.6125,68858.8066384942,0
CDR,D,20071113,000000,3.7051,3.7051,3.54761,3.64951,49216.9185095227,0
CDR,D,20071114,000000,3.84401,3.86256,3.64951,3.66798,62248.37767065788,0
CDR,D,20071115,000000,3.68662,3.68662,3.3809,3.50127,101988.15206512286,0
CDR,D,20071116,000000,3.36235,3.5106,3.20487,3.42725,68565.44440619346,0
CDR,D,20071119,000000,3.51973,3.51973,3.19563,3.19563,34206.03628623164,0
CDR,D,20071120,000000,3.14929,3.14929,2.91779,2.96413,52050.69473942748,0
CDR,D,20071121,000000,2.92692,2.94567,2.72329,2.78809,72103.28999362062,0
CDR,D,20071122,000000,2.68628,2.91779,2.26941,2.8251,183582.99695011872,0
CDR,D,20071123,000000,2.84366,2.96413,2.78809,2.90846,98773.51960381237,0
CDR,D,20071126,000000,3.14929,3.19563,2.83444,2.85289,106194.04006925914,0
CDR,D,20071127,000000,2.77876,2.94567,2.77876,2.88078,44254.46474839743,0
CDR,D,20071128,000000,3.00114,3.00114,2.87144,3.00114,100383.40918738837,0
CDR,D,20071129,000000,3.10305,3.10305,2.87144,2.96413,97233.62521952717,0
CDR,D,20071130,000000,2.96413,3.04739,2.88078,2.91779,141669.2540131309,0
CDR,D,20071203,000000,2.92692,2.92692,2.77876,2.83444,48543.72938698012,0
CDR,D,20071204,000000,2.83444,2.86222,2.78809,2.81588,34937.89785523517,0
CDR,D,20071205,000000,2.8251,3.0197,2.8251,3.00114,123647.54887938933,0
CDR,D,20071206,000000,3.02892,3.02892,2.88078,2.94567,117445.7683544489,0
CDR,D,20071207,000000,2.96413,2.96413,2.86222,2.88991,82520.22259320143,0
CDR,D,20071210,000000,2.91779,3.22332,2.83444,3.22332,435822.0203290476,0
CDR,D,20071211,000000,3.33457,3.33457,3.05671,3.14006,221777.73025448006,0
CDR,D,20071212,000000,3.05671,3.26976,2.96413,3.07517,95929.44996224766,0
CDR,D,20071213,000000,3.08441,3.09382,2.96413,3.05671,57771.772939869516,0
CDR,D,20071214,000000,2.97326,3.05671,2.94567,2.97326,48384.18150625457,0
CDR,D,20071217,000000,2.96413,3.01038,2.92692,3.01038,87364.3021202399,0
CDR,D,20071218,000000,2.9918,3.10305,2.88078,3.02892,233900.28116606997,0
CDR,D,20071219,000000,3.14006,3.14006,2.97326,3.01038,166953.99041393353,0
CDR,D,20071220,000000,3.01038,3.01038,2.91779,2.92692,45783.036379857804,0
CDR,D,20071221,000000,2.88991,2.88991,2.77876,2.83444,169263.8319903553,0
CDR,D,20071227,000000,2.92692,2.92692,2.63985,2.69541,109317.06116680712,0
CDR,D,20071228,000000,2.69541,2.87144,2.6584,2.73253,139451.02380047968,0
CDR,D,20080102,000000,2.74175,2.86222,2.74175,2.8251,47120.150554447915,0
CDR,D,20080103,000000,2.77876,2.86222,2.72329,2.86222,30309.9799730484,0
CDR,D,20080104,000000,2.89923,2.94567,2.76032,2.77876,29214.760972461347,0
CDR,D,20080107,000000,2.77876,2.90846,2.77876,2.8251,30326.449431704707,0
CDR,D,20080108,000000,2.87144,3.04739,2.86222,2.95481,114941.38129764712,0
CDR,D,20080109,000000,2.77876,2.87144,2.76032,2.80665,52132.01269153809,0
CDR,D,20080110,000000,2.80665,2.85289,2.73253,2.84366,57468.11729590883,0
CDR,D,20080111,000000,2.84366,2.84366,2.77876,2.77876,30705.246980780645,0
CDR,D,20080114,000000,2.80665,2.80665,2.64916,2.72329,30166.901550980157,0
CDR,D,20080115,000000,2.73253,2.8251,2.66774,2.66774,45107.78857498344,0
CDR,D,20080116,000000,2.63072,2.63072,2.362,2.58436,59410.48407608853,0
CDR,D,20080117,000000,2.51948,2.68628,2.51025,2.59351,19828.198880012293,0
CDR,D,20080118,000000,2.68628,2.68628,2.53793,2.66774,30619.811664005454,0
CDR,D,20080121,000000,2.51948,2.59351,2.399,2.40833,23835.42403912007,0
CDR,D,20080122,000000,2.399,2.56582,2.31556,2.45458,24681.542477544815,0
CDR,D,20080123,000000,2.56582,2.56582,2.27854,2.2971,81688.51493110119,0
CDR,D,20080124,000000,2.3343,2.4268,2.31556,2.362,75914.94033119456,0
CDR,D,20080125,000000,2.40833,2.44534,2.37131,2.4268,42316.215332882304,0
CDR,D,20080128,000000,2.40833,2.40833,2.32498,2.38979,43959.043833764896,0
CDR,D,20080129,000000,2.43612,2.54726,2.43612,2.54726,41428.923247818806,0
CDR,D,20080130,000000,2.50092,2.63072,2.45458,2.45458,24270.835352324168,0
CDR,D,20080131,000000,2.59351,2.59351,2.399,2.40833,23897.184509077695,0
CDR,D,20080201,000000,2.40833,2.59351,2.40833,2.49169,78199.04837847404,0
CDR,D,20080204,000000,2.53793,2.54726,2.40833,2.40833,82763.14710837038,0
CDR,D,20080205,000000,2.41758,2.58436,2.399,2.48246,152587.475760535,0
CDR,D,20080206,000000,2.45458,2.50092,2.37131,2.50092,48564.316210299,0
CDR,D,20080207,000000,2.50092,2.51025,2.38046,2.44534,85422.9646812271,0
CDR,D,20080208,000000,2.44534,2.50092,2.38979,2.44534,45974.49383672806,0
CDR,D,20080211,000000,2.41758,2.58436,2.41758,2.51948,112870.34687172069,0
CDR,D,20080212,000000,2.45458,2.53793,2.45458,2.47323,23773.663569161432,0
CDR,D,20080213,000000,2.50092,2.50092,2.41758,2.44534,27416.501955517786,0
CDR,D,20080214,000000,2.51025,2.54726,2.45458,2.45458,29986.76684693573,0
CDR,D,20080215,000000,2.45458,2.45458,2.38979,2.4268,31905.458780296874,0
CDR,D,20080218,000000,2.45458,2.47323,2.40833,2.47323,23449.421101881868,0
CDR,D,20080219,000000,2.50092,2.50092,2.41758,2.45458,27783.97675176789,0
CDR,D,20080220,000000,2.47323,2.47323,2.40833,2.40833,10404.580505589067,0
CDR,D,20080221,000000,2.62138,2.72329,2.51025,2.55649,105840.97604933556,0
CDR,D,20080222,000000,2.55649,2.63985,2.27854,2.3343,477211.8286125594,0
CDR,D,20080225,000000,2.40833,2.40833,2.16742,2.2971,205858.96912281166,0
CDR,D,20080226,000000,2.31556,2.53793,2.26941,2.26941,205074.6111543425,0
CDR,D,20080227,000000,2.30642,2.32498,2.14894,2.19529,161388.34272954747,0
CDR,D,20080228,000000,2.13039,2.30642,2.03791,2.26009,334811.7423715939,0
CDR,D,20080229,000000,2.26941,2.28797,2.08404,2.18606,209563.5679791196,0
CDR,D,20080303,000000,2.13973,2.19529,1.99156,2.01926,56747.578479733136,0
CDR,D,20080304,000000,1.94513,2.01003,1.86187,1.88966,127523.01836924966,0
CDR,D,20080305,000000,1.88966,1.88966,1.75997,1.85254,57882.94178579305,0
CDR,D,20080306,000000,1.871,1.89888,1.8062,1.85254,58668.32909542606,0
CDR,D,20080307,000000,1.81553,1.85254,1.78765,1.81553,31485.487584583185,0
CDR,D,20080310,000000,1.84322,1.84322,1.75997,1.7691,21941.436293741375,0
CDR,D,20080311,000000,1.7415,1.81553,1.71361,1.7415,94166.18854494649,0
CDR,D,20080312,000000,1.71361,2.27854,1.71361,2.27854,519716.4133788063,0
CDR,D,20080313,000000,2.26941,2.26941,2.00069,2.00069,332828.20194477844,0
CDR,D,20080314,000000,2.03791,2.10261,1.89888,1.89888,224099.92392490062,0
CDR,D,20080317,000000,1.871,1.99156,1.82476,1.92667,78634.45969167813,0
CDR,D,20080318,000000,1.94513,1.99156,1.89888,1.94513,47659.5253254143,0
CDR,D,20080319,000000,1.96369,2.02857,1.91734,1.94513,29986.76684693573,0
CDR,D,20080320,000000,1.97301,1.97301,1.89888,1.9359,20298.607792858784,0
CDR,D,20080325,000000,1.95445,1.95445,1.84322,1.84322,121546.66355964595,0
CDR,D,20080326,000000,1.85254,2.01926,1.84322,1.88966,129046.44329489261,0
CDR,D,20080327,000000,1.89888,1.99156,1.86187,1.88966,64384.26059003863,0
CDR,D,20080328,000000,1.89888,1.92667,1.85254,1.871,53864.39387386045,0
CDR,D,20080331,000000,1.85254,1.90811,1.84322,1.86187,49537.043612137684,0
CDR,D,20080401,000000,1.91734,1.94513,1.86187,1.89888,42773.242810572185,0
CDR,D,20080402,000000,1.90811,1.9359,1.88033,1.89888,38598.23504141171,0
CDR,D,20080403,000000,1.88033,1.90811,1.86187,1.88033,29203.43821963451,0
CDR,D,20080404,000000,1.89888,1.89888,1.86187,1.86187,20842.09992848974,0
CDR,D,20080407,000000,1.86187,1.871,1.85254,1.85254,30554.963170550145,0
CDR,D,20080408,000000,1.9359,2.73253,1.9359,2.73253,2073733.3584616743,0
CDR,D,20080409,000000,2.77876,3.6125,2.77876,2.85289,3122508.485641724,0
CDR,D,20080410,000000,2.83444,3.3809,2.79743,2.9918,1444604.1551876909,0
CDR,D,20080411,000000,3.11229,3.14929,2.85289,2.85289,706866.0774690072,0
CDR,D,20080414,000000,2.86222,2.87144,2.61206,2.69541,406676.2252147031,0
CDR,D,20080415,000000,2.6584,2.6584,2.40833,2.55649,552670.770807228,0
CDR,D,20080416,000000,2.50092,2.53793,2.3343,2.34345,361168.02292615594,0
CDR,D,20080417,000000,2.40833,2.91779,2.40833,2.8251,1527018.355640742,0
CDR,D,20080418,000000,2.91779,3.05671,2.63072,2.63072,741085.4951904085,0
CDR,D,20080421,000000,2.68628,2.68628,2.43612,2.44534,226321.24216105152,0
CDR,D,20080422,000000,2.50092,2.73253,2.40833,2.50092,335753.58953845676,0
CDR,D,20080423,000000,2.45458,2.59351,2.4268,2.47323,81447.64909826402,0
CDR,D,20080424,000000,2.50092,2.54726,2.40833,2.45458,98170.32568055658,0
CDR,D,20080425,000000,2.50092,2.50092,2.37131,2.44534,89661.79160267698,0
CDR,D,20080428,000000,2.38046,2.38979,2.31556,2.34345,111037.09025513974,0
CDR,D,20080429,000000,2.34345,2.75098,2.34345,2.47323,314792.0860347083,0
CDR,D,20080430,000000,2.5287,2.5287,2.362,2.362,149936.92225817835,0
CDR,D,20080505,000000,1.8062,2.13973,1.75997,2.05636,3384614.773437545,0
CDR,D,20080506,000000,2.09338,2.14894,1.91734,1.94513,1795344.9521026523,0
CDR,D,20080507,000000,1.99156,2.16742,1.95445,2.09338,2616081.8960566367,0
CDR,D,20080508,000000,2.09338,2.21385,2.07492,2.14894,1954482.125702252,0
CDR,D,20080509,000000,2.15817,2.21385,2.09338,2.13039,496592.2640853709,0
CDR,D,20080512,000000,2.15817,2.15817,2.0656,2.07492,533534.2891907514,0
CDR,D,20080513,000000,2.10261,2.13973,2.07492,2.07492,249779.9273334224,0
CDR,D,20080514,000000,2.10261,2.13973,2.03791,2.04705,221347.4656470944,0
CDR,D,20080515,000000,2.05636,2.05636,1.9359,1.9359,423351.55210336356,0
CDR,D,20080516,000000,1.94513,2.07492,1.88966,1.97301,343636.2841874239,0
CDR,D,20080519,000000,2.04705,2.04705,1.92667,1.95445,142854.02569515872,0
CDR,D,20080520,000000,1.98214,1.98214,1.88033,1.88033,152653.35359515823,0
CDR,D,20080521,000000,1.86187,1.9359,1.86187,1.90811,122653.20531307189,0
CDR,D,20080523,000000,1.90811,1.94513,1.88033,1.90811,100595.4534675765,0
CDR,D,20080526,000000,1.94513,2.01003,1.88966,1.97301,162943.67723132708,0
CDR,D,20080527,000000,1.99156,2.01003,1.95445,1.97301,55849.99298300969,0
CDR,D,20080528,000000,1.99156,2.10261,1.95445,2.00069,238561.1379655694,0
CDR,D,20080529,000000,2.05636,2.05636,1.98214,1.99156,125050.54088860465,0
CDR,D,20080530,000000,1.99156,1.99156,1.95445,1.99156,65751.22565844166,0
CDR,D,20080602,000000,1.98214,1.98214,1.88033,1.88033,105508.49885272984,0
CDR,D,20080603,000000,1.89888,1.96369,1.89888,1.90811,94780.70522102913,0
CDR,D,20080604,000000,1.92667,1.92667,1.85254,1.871,113834.83954424126,0
CDR,D,20080605,000000,1.871,1.88033,1.78765,1.78765,187524.3442746123,0
CDR,D,20080606,000000,1.8062,1.82476,1.7415,1.7691,177605.61279935512,0
CDR,D,20080609,000000,1.7415,1.75062,1.66728,1.70439,128994.97623659794,0
CDR,D,20080610,000000,1.6766,1.69507,1.53758,1.54692,281341.58616428776,0
CDR,D,20080611,000000,1.56547,1.61171,1.44511,1.59326,447980.59818144375,0
CDR,D,20080612,000000,1.50057,1.64873,1.50057,1.62094,101748.31557345761,0
CDR,D,20080613,000000,1.62094,1.62094,1.55614,1.61171,82032.31488053376,0
CDR,D,20080616,000000,1.61171,1.70439,1.55614,1.68574,244140.167085094,0
CDR,D,20080617,000000,1.68574,1.73208,1.63026,1.64873,220472.52565602463,0
CDR,D,20080618,000000,1.61171,1.66728,1.50981,1.53758,147492.23698900043,0
CDR,D,20080619,000000,1.53758,1.58392,1.4727,1.58392,124789.08823244159,0
CDR,D,20080620,000000,1.63026,1.7691,1.63026,1.64873,661599.7703544751,0
CDR,D,20080623,000000,1.63026,1.71361,1.59326,1.6395,240713.49034359737,0
CDR,D,20080624,000000,1.62094,1.64873,1.53758,1.53758,190964.40245126752,0
CDR,D,20080625,000000,1.54692,1.56547,1.49124,1.52835,171766.1603648273,0
CDR,D,20080626,000000,1.52835,1.53758,1.49124,1.49124,83162.5314807652,0
CDR,D,20080627,000000,1.46355,1.50981,1.38934,1.4727,210304.69361861315,0
CDR,D,20080630,000000,1.45423,1.49124,1.43567,1.4727,32411.894633952652,0
CDR,D,20080701,000000,1.44511,1.48212,1.35233,1.39866,242115.45301164282,0
CDR,D,20080702,000000,1.37088,1.41722,1.35233,1.40799,67669.9175918028,0
CDR,D,20080703,000000,1.3802,1.38934,1.36164,1.38934,82406.9950649451,0
CDR,D,20080704,000000,1.37088,1.37088,1.27829,1.27829,191262.9113894068,0
CDR,D,20080707,000000,1.24118,1.25964,1.12081,1.17629,380416.70272973104,0
CDR,D,20080708,000000,1.12081,1.19484,1.07438,1.15782,445957.9427903123,0
CDR,D,20080709,000000,1.17629,1.28752,1.1486,1.18561,521107.0532940329,0
CDR,D,20080710,000000,1.18561,1.22263,1.1486,1.16716,195046.76951548655,0
CDR,D,20080711,000000,1.16716,1.18561,1.07438,1.10227,185607.71102357993,0
CDR,D,20080714,000000,1.07438,1.12081,1.04669,1.05591,174564.93899508868,0
CDR,D,20080715,000000,1.03736,1.03736,0.852196,0.852196,954297.048261702,0
CDR,D,20080716,000000,0.879884,0.907765,0.77807,0.842869,482657.04338052793,0
CDR,D,20080717,000000,0.879884,0.972662,0.82441,0.954105,959208.0349645255,0
CDR,D,20080718,000000,0.944778,1.13928,0.916994,1.05591,4712712.948755401,0
CDR,D,20080721,000000,1.06525,1.11149,1.02814,1.04669,1551327.2766162956,0
CDR,D,20080722,000000,1.04669,1.08379,0.991121,1.04669,820801.7924475081,0
CDR,D,20080723,000000,1.07438,1.17629,1.07438,1.13013,1214333.3309728669,0
CDR,D,20080724,000000,1.13013,1.1486,1.04669,1.04669,700087.8658911162,0
CDR,D,20080725,000000,1.03736,1.06525,0.981887,1.06525,625062.2763273229,0
CDR,D,20080728,000000,1.09302,1.10227,1.0189,1.04669,359466.52197882143,0
CDR,D,20080729,000000,1.0189,1.07438,1.00967,1.04669,524001.5606527344,0
CDR,D,20080730,000000,1.09302,1.13013,1.07438,1.10227,702716.8032289951,0
CDR,D,20080731,000000,1.12081,1.13013,1.05591,1.09302,784966.3090955535,0
CDR,D,20080801,000000,1.07438,1.29675,1.07438,1.23195,2788334.934793004,0
CDR,D,20080804,000000,1.22263,1.33385,1.21339,1.25964,2300499.27600651,0
CDR,D,20080805,000000,1.19484,1.27829,1.15782,1.21339,1831508.7952865532,0
CDR,D,20080806,000000,1.24118,1.28752,1.19484,1.19484,580700.7600976675,0
CDR,D,20080807,000000,1.16716,1.20417,1.10227,1.12081,452956.43337772065,0
CDR,D,20080808,000000,1.13928,1.13928,1.08379,1.13013,279583.47145281907,0
CDR,D,20080811,000000,1.17629,1.17629,1.12081,1.13013,168421.83091660216,0
CDR,D,20080812,000000,1.13013,1.17629,1.10227,1.13928,470682.7175968327,0
CDR,D,20080813,000000,1.1486,1.15782,1.11149,1.13013,101611.41319838174,0
CDR,D,20080814,000000,1.15782,1.15782,1.10227,1.12081,171103.26465394566,0
CDR,D,20080818,000000,1.15782,1.46355,1.15782,1.46355,2211092.76101305,0
CDR,D,20080819,000000,1.40799,1.63026,1.3431,1.3802,3063551.941019743,0
CDR,D,20080820,000000,1.40799,1.48212,1.32454,1.40799,2035883.4544479675,0
CDR,D,20080821,000000,1.38934,1.41722,1.29675,1.32454,676277.1460399816,0
CDR,D,20080822,000000,1.33385,1.5746,1.32454,1.51913,3561211.631894264,0
CDR,D,20080825,000000,1.49124,1.62094,1.40799,1.43567,2441219.477464589,0
CDR,D,20080826,000000,1.42645,1.49124,1.38934,1.44511,1207497.4762895615,0
CDR,D,20080827,000000,1.40799,1.45423,1.37088,1.39866,919876.9090129514,0
CDR,D,20080828,000000,1.41722,1.49124,1.41722,1.44511,1259072.615410393,0
CDR,D,20080829,000000,1.46355,1.4727,1.41722,1.43567,650287.3109404917,0
CDR,D,20080901,000000,1.38934,1.44511,1.3802,1.39866,943585.7240886564,0
CDR,D,20080902,000000,1.39866,1.43567,1.37088,1.39866,655982.6556117943,0
CDR,D,20080903,000000,1.39866,1.42645,1.39866,1.40799,152111.92014186404,0
CDR,D,20080904,000000,1.41722,1.53758,1.41722,1.44511,1671786.9559046335,0
CDR,D,20080905,000000,1.40799,1.43567,1.36164,1.3802,630652.6281996865,0
CDR,D,20080908,000000,1.40799,1.43567,1.37088,1.37088,393728.1426880183,0
CDR,D,20080909,000000,1.3802,1.38934,1.27829,1.28752,1167769.0246479986,0
CDR,D,20080910,000000,1.30608,1.30608,1.20417,1.24118,1158769.4948339968,0
CDR,D,20080911,000000,1.25051,1.25964,1.22263,1.23195,197894.95652172287,0
CDR,D,20080912,000000,1.25964,1.28752,1.22263,1.25051,204062.7687881868,0
CDR,D,20080915,000000,1.20417,1.22263,1.11149,1.13928,714694.21703619,0
CDR,D,20080916,000000,1.10227,1.17629,1.08379,1.10227,1593363.511152041,0
CDR,D,20080917,000000,1.13928,1.15782,1.09302,1.11149,534374.2315821748,0
CDR,D,20080918,000000,1.03736,1.13928,1.03736,1.11149,800408.4852673811,0
CDR,D,20080919,000000,1.15782,1.17629,1.13013,1.13928,794754.3142427241,0
CDR,D,20080922,000000,1.16716,1.17629,1.11149,1.11149,554868.4141965614,0
CDR,D,20080923,000000,1.10227,1.11149,1.07438,1.11149,333221.41027016786,0
CDR,D,20080924,000000,1.09302,1.10227,1.07438,1.08379,364590.58230300306,0
CDR,D,20080925,000000,1.07438,1.1486,1.06525,1.13013,642085.5205300774,0
CDR,D,20080926,000000,1.18561,1.24118,1.13013,1.1486,2398410.2077132133,0
CDR,D,20080929,000000,1.15782,1.16716,1.08379,1.09302,654183.3672536799,0
CDR,D,20080930,000000,1.00035,1.16716,0.991121,1.12081,1769203.803851788,0
CDR,D,20081001,000000,1.13928,1.15782,1.10227,1.11149,521115.28802336205,0
CDR,D,20081002,000000,1.12081,1.13928,1.07438,1.08379,359112.428617728,0
CDR,D,20081003,000000,1.10227,1.10227,1.07438,1.10227,208799.79683397835,0
CDR,D,20081006,000000,1.02814,1.06525,0.981887,0.991121,748585.2749256351,0
CDR,D,20081007,000000,1.0189,1.04669,0.926224,0.981887,470062.0248737567,0
CDR,D,20081008,000000,0.926224,0.944778,0.833737,0.944778,1081332.1589182818,0
CDR,D,20081009,000000,0.926224,0.972662,0.907765,0.916994,362702.7706046177,0
CDR,D,20081010,000000,0.833737,0.87075,0.750286,0.805855,1505369.2522381546,0
CDR,D,20081013,000000,0.852196,0.889209,0.833737,0.852196,782582.3549551693,0
CDR,D,20081014,000000,0.907765,0.907765,0.87075,0.889209,556157.1493363685,0
CDR,D,20081015,000000,0.879884,0.879884,0.796626,0.805855,662516.9133333405,0
CDR,D,20081016,000000,0.703945,0.796626,0.703945,0.759515,714905.2319752082,0
CDR,D,20081017,000000,0.805855,0.82441,0.694716,0.722501,760083.0157494794,0
CDR,D,20081020,000000,0.750286,0.77807,0.722501,0.731729,275887.1073258302,0
CDR,D,20081021,000000,0.74096,0.787397,0.731729,0.759515,607349.3735433696,0
CDR,D,20081022,000000,0.731729,0.74096,0.703945,0.713272,290263.9153908977,0
CDR,D,20081023,000000,0.713272,0.731729,0.639147,0.676257,764221.9965778227,0
CDR,D,20081024,000000,0.639147,0.657703,0.592807,0.62982,441767.49490366445,0
CDR,D,20081027,000000,0.602036,0.62982,0.58348,0.611363,541014.51144383,0
CDR,D,20081028,000000,0.639147,0.657703,0.620689,0.648376,697855.2249021465,0
CDR,D,20081029,000000,0.676257,0.676257,0.648376,0.666835,742482.3111526244,0
CDR,D,20081030,000000,0.685488,0.750286,0.676257,0.694716,1859602.603729286,0
CDR,D,20081031,000000,0.685488,0.703945,0.666835,0.685488,154020.31866356728,0
CDR,D,20081103,000000,0.676257,0.713272,0.648376,0.685488,620968.5865102751,0
CDR,D,20081104,000000,0.685488,0.77807,0.666835,0.768841,1480559.0421148832,0
CDR,D,20081105,000000,0.796626,0.935647,0.796626,0.82441,2491323.688059182,0
CDR,D,20081106,000000,0.815085,0.82441,0.750286,0.759515,1038516.7131199471,0
CDR,D,20081107,000000,0.77807,0.815085,0.750286,0.787397,567753.7069121427,0
CDR,D,20081110,000000,0.842869,0.852196,0.787397,0.796626,363133.0352119833,0
CDR,D,20081112,000000,0.77807,0.787397,0.722501,0.722501,659402.1269651318,0
CDR,D,20081113,000000,0.694716,0.722501,0.666835,0.694716,487152.17625229433,0
CDR,D,20081114,000000,0.74096,0.74096,0.676257,0.694716,293520.75084001187,0
CDR,D,20081117,000000,0.685488,0.703945,0.657703,0.694716,109304.70907280836,0
CDR,D,20081118,000000,0.666835,0.676257,0.648376,0.657703,136131.39854023198,0
CDR,D,20081119,000000,0.685488,0.685488,0.639147,0.657703,142242.59704257178,0
CDR,D,20081120,000000,0.611363,0.639147,0.602036,0.602036,127501.40220477192,0
CDR,D,20081121,000000,0.620689,0.639147,0.611363,0.639147,179558.2729912038,0
CDR,D,20081124,000000,0.648376,0.703945,0.639147,0.703945,439207.52342390845,0
CDR,D,20081125,000000,0.74096,0.74096,0.694716,0.703945,399129.09578583133,0
CDR,D,20081126,000000,0.694716,0.731729,0.694716,0.713272,329661.9485182549,0
CDR,D,20081127,000000,0.722501,0.787397,0.722501,0.77807,650141.1444949268,0
CDR,D,20081128,000000,0.796626,0.963238,0.759515,0.926224,3265039.298210806,0
CDR,D,20081201,000000,0.944778,1.07438,0.879884,0.898438,1720050.7044945366,0
CDR,D,20081202,000000,0.861425,1.07438,0.861425,0.954105,2928274.895647283,0
CDR,D,20081203,000000,0.972662,1.0189,0.926224,0.935647,1123997.3209064722,0
CDR,D,20081204,000000,0.935647,1.00967,0.935647,0.981887,907899.4952057664,0
CDR,D,20081205,000000,0.981887,1.13928,0.972662,1.11149,3504004.967254503,0
CDR,D,20081208,000000,1.18561,1.21339,1.13928,1.17629,1574373.195981109,0
CDR,D,20081209,000000,1.20417,1.41722,1.03736,1.3802,5837790.048544851,0
CDR,D,20081210,000000,1.3802,1.43567,1.25051,1.25051,3130748.361675224,0
CDR,D,20081211,000000,1.20417,1.24118,1.08379,1.08379,3149467.960119554,0
CDR,D,20081212,000000,1.0189,1.06525,0.944778,0.972662,3221195.540587587,0
CDR,D,20081215,000000,1.0189,1.12081,1.00035,1.06525,4581037.568122558,0
CDR,D,20081216,000000,1.09302,1.13928,1.05591,1.12081,3038073.6884797504,0
CDR,D,20081217,000000,1.1486,1.17629,1.00967,1.00967,1914105.1891260557,0
CDR,D,20081218,000000,0.981887,1.04669,0.954105,0.991121,1334790.951578885,0
CDR,D,20081219,000000,0.963238,1.02814,0.935647,0.981887,1040470.4026529256,0
CDR,D,20081222,000000,1.0189,1.0189,0.944778,0.954105,404043.17051216465,0
CDR,D,20081223,000000,0.926224,0.944778,0.889209,0.907765,734216.7015899068,0
CDR,D,20081229,000000,0.916994,0.991121,0.916994,0.972662,809936.0670995686,0
CDR,D,20081230,000000,0.972662,1.03736,0.972662,0.991121,967061.9080608456,0
CDR,D,20081231,000000,1.02814,1.02814,0.991121,1.00967,296268.0624119685,0
CDR,D,20090105,000000,1.03736,1.10227,1.0189,1.07438,1052184.3051216176,0
CDR,D,20090106,000000,1.07438,1.10227,1.04669,1.06525,649623.3858884501,0
CDR,D,20090107,000000,1.07438,1.07438,0.981887,0.981887,1052256.3590032102,0
CDR,D,20090108,000000,0.963238,1.0189,0.963238,0.991121,465689.38360072765,0
CDR,D,20090109,000000,1.0189,1.04669,1.00967,1.0189,556721.2282953104,0
CDR,D,20090112,000000,0.991121,1.04669,0.991121,1.00967,288155.8246829951,0
CDR,D,20090113,000000,1.00967,1.00967,0.972662,1.00967,310467.82379648427,0
CDR,D,20090114,000000,1.00967,1.03736,0.944778,0.954105,541370.6634872433,0
CDR,D,20090115,000000,0.954105,0.963238,0.926224,0.935647,488559.2856261793,0
CDR,D,20090116,000000,0.963238,0.981887,0.935647,0.954105,487549.5019423534,0
CDR,D,20090119,000000,0.972662,0.981887,0.926224,0.944778,267839.7180903101,0
CDR,D,20090120,000000,0.944778,0.944778,0.907765,0.926224,259393.973823551,0
CDR,D,20090121,000000,0.907765,0.907765,0.833737,0.889209,721228.4747577462,0
CDR,D,20090122,000000,0.926224,0.926224,0.842869,0.861425,372627.67812686425,0
CDR,D,20090123,000000,0.852196,0.852196,0.82441,0.852196,296690.09229002503,0
CDR,D,20090126,000000,0.842869,0.879884,0.833737,0.879884,157970.93005854991,0
CDR,D,20090127,000000,0.879884,0.879884,0.842869,0.842869,99830.65298126035,0
CDR,D,20090128,000000,0.861425,0.879884,0.842869,0.861425,107495.12730304498,0
CDR,D,20090129,000000,0.879884,0.879884,0.852196,0.861425,36218.398265696116,0
CDR,D,20090130,000000,0.861425,0.861425,0.82441,0.852196,247162.31274837235,0
CDR,D,20090202,000000,0.852196,0.861425,0.787397,0.796626,131389.223788621,0
CDR,D,20090203,000000,0.815085,0.815085,0.722501,0.74096,168432.12432826112,0
CDR,D,20090204,000000,0.759515,0.787397,0.74096,0.768841,401941.2558512614,0
CDR,D,20090205,000000,0.759515,0.815085,0.759515,0.77807,371009.5538139711,0
CDR,D,20090206,000000,0.796626,0.944778,0.796626,0.935647,1292385.1835644876,0
CDR,D,20090209,000000,0.954105,1.00967,0.935647,0.954105,991130.9925446435,0
CDR,D,20090210,000000,0.935647,0.972662,0.916994,0.926224,444303.7915366029,0
CDR,D,20090211,000000,0.898438,0.935647,0.87075,0.916994,358045.00182861806,0
CDR,D,20090212,000000,0.907765,0.981887,0.889209,0.898438,1183949.23843582,0
CDR,D,20090213,000000,0.926224,0.926224,0.861425,0.879884,455009.9690038289,0
CDR,D,20090216,000000,0.935647,1.02814,0.935647,0.935647,4477945.9623275595,0
CDR,D,20090217,000000,0.944778,0.944778,0.805855,0.82441,1359366.4719163005,0
CDR,D,20090218,000000,0.852196,0.87075,0.77807,0.833737,976267.3061080863,0
CDR,D,20090219,000000,0.852196,0.889209,0.852196,0.861425,780472.2055649369,0
CDR,D,20090220,000000,0.842869,0.842869,0.815085,0.82441,367611.6986251115,0
CDR,D,20090223,000000,0.842869,0.852196,0.815085,0.82441,222970.73666582702,0
CDR,D,20090224,000000,0.805855,0.852196,0.805855,0.82441,259370.2989767435,0
CDR,D,20090225,000000,0.852196,0.861425,0.82441,0.82441,236487.0155161332,0
CDR,D,20090226,000000,0.815085,0.833737,0.815085,0.833737,105616.57967515872,0
CDR,D,20090227,000000,0.833737,0.87075,0.805855,0.805855,612080.2255421517,0
CDR,D,20090302,000000,0.815085,0.82441,0.796626,0.805855,138702.69277281684,0
CDR,D,20090303,000000,0.796626,0.82441,0.787397,0.805855,235793.23957027475,0
CDR,D,20090304,000000,0.805855,0.815085,0.77807,0.796626,164945.74579913061,0
CDR,D,20090305,000000,0.805855,0.815085,0.787397,0.787397,103902.72663382546,0
CDR,D,20090306,000000,0.77807,0.796626,0.759515,0.768841,272534.543148286,0
CDR,D,20090309,000000,0.768841,0.77807,0.74096,0.759515,183890.769958747,0
CDR,D,20090310,000000,0.768841,0.815085,0.750286,0.815085,403055.0029928366,0
CDR,D,20090311,000000,0.82441,0.833737,0.796626,0.805855,457297.16507461306,0
CDR,D,20090312,000000,0.796626,0.805855,0.759515,0.796626,201046.79917190786,0
CDR,D,20090313,000000,0.796626,0.815085,0.787397,0.796626,231657.34676543128,0
CDR,D,20090316,000000,0.796626,0.82441,0.787397,0.805855,185487.27810716236,0
CDR,D,20090317,000000,0.805855,0.805855,0.787397,0.796626,71568.03258731782,0
CDR,D,20090318,000000,0.796626,0.805855,0.787397,0.787397,205535.75599669496,0
CDR,D,20090319,000000,0.77807,0.815085,0.77807,0.815085,244423.23590574483,0
CDR,D,20090320,000000,0.805855,0.926224,0.787397,0.907765,1807111.3509707488,0
CDR,D,20090323,000000,0.926224,0.954105,0.898438,0.907765,1168915.71070682,0
CDR,D,20090324,000000,0.926224,0.935647,0.87075,0.879884,760064.4876084914,0
CDR,D,20090325,000000,0.87075,0.935647,0.87075,0.907765,1107072.8934555973,0
CDR,D,20090326,000000,0.916994,1.04669,0.898438,0.972662,3259068.0901069115,0
CDR,D,20090327,000000,1.00035,1.0189,0.944778,0.972662,1399015.664288202,0
CDR,D,20090330,000000,0.972662,1.00035,0.944778,0.954105,509685.4837164707,0
CDR,D,20090331,000000,0.963238,0.991121,0.954105,0.954105,303682.40683043393,0
CDR,D,20090401,000000,0.981887,0.981887,0.916994,0.926224,622802.8724680259,0
CDR,D,20090402,000000,0.954105,0.981887,0.954105,0.981887,524187.87140376517,0
CDR,D,20090403,000000,0.981887,1.02814,0.963238,0.981887,730698.4134846396,0
CDR,D,20090406,000000,1.0189,1.0189,0.954105,0.963238,565389.3102539065,0
CDR,D,20090407,000000,0.963238,0.981887,0.954105,0.981887,241698.5698394258,0
CDR,D,20090408,000000,0.972662,1.04669,0.963238,1.00967,891743.9856059124,0
CDR,D,20090409,000000,1.04669,1.13013,1.02814,1.11149,2518415.9475474884,0
CDR,D,20090414,000000,1.10227,1.18561,1.08379,1.11149,1697775.7616630339,0
CDR,D,20090415,000000,1.10227,1.1486,1.08379,1.13928,387882.5142064912,0
CDR,D,20090416,000000,1.1486,1.16716,1.11149,1.15782,482327.65420741186,0
CDR,D,20090417,000000,1.17629,1.29675,1.12081,1.29675,1787365.4993840551,0
CDR,D,20090420,000000,1.45423,1.55614,1.3802,1.45423,6549009.20980477,0
CDR,D,20090421,000000,1.28752,1.36164,1.21339,1.26906,2946619.8139072116,0
CDR,D,20090422,000000,1.26906,1.32454,1.17629,1.21339,1373582.702759545,0
CDR,D,20090423,000000,1.23195,1.28752,1.20417,1.23195,1663573.8427413907,0
CDR,D,20090424,000000,1.25964,1.25964,1.18561,1.20417,642263.5965517892,0
CDR,D,20090427,000000,1.17629,1.17629,1.13013,1.13013,705588.665082049,0
CDR,D,20090428,000000,1.11149,1.11149,1.06525,1.08379,816309.7475992313,0
CDR,D,20090429,000000,1.10227,1.1486,1.10227,1.13013,437475.1422415871,0
CDR,D,20090430,000000,1.1486,1.19484,1.11149,1.12081,526071.5657374909,0
CDR,D,20090504,000000,1.13013,1.19484,1.11149,1.16716,945996.4410993479,0
CDR,D,20090505,000000,1.17629,1.35233,1.17629,1.30608,2703629.420904429,0
CDR,D,20090506,000000,1.29675,1.33385,1.24118,1.26906,1302334.795274822,0
CDR,D,20090507,000000,1.27829,1.35233,1.21339,1.21339,2196866.236758207,0
CDR,D,20090508,000000,1.23195,1.25051,1.17629,1.19484,647502.9430865488,0
CDR,D,20090511,000000,1.23195,1.23195,1.16716,1.18561,210392.18761771414,0
CDR,D,20090512,000000,1.15782,1.25051,1.13013,1.20417,973101.0526815829,0
CDR,D,20090513,000000,1.23195,1.24118,1.15782,1.15782,318545.0639258213,0
CDR,D,20090514,000000,1.16716,1.22263,1.1486,1.19484,394332.365952436,0
CDR,D,20090515,000000,1.20417,1.22263,1.16716,1.16716,153908.12047647883,0
CDR,D,20090518,000000,1.16716,1.23195,1.15782,1.22263,278403.8464766307,0
CDR,D,20090519,000000,1.25964,1.27829,1.20417,1.22263,608354.0105213559,0
CDR,D,20090520,000000,1.18561,1.20417,1.13928,1.17629,681742.9476312579,0
CDR,D,20090521,000000,1.16716,1.16716,1.13013,1.1486,260264.7964499612,0
CDR,D,20090522,000000,1.13013,1.1486,1.12081,1.12081,158150.0354214214,0
CDR,D,20090525,000000,1.13013,1.1486,1.11149,1.13013,335312.00217825227,0
CDR,D,20090526,000000,1.13013,1.13928,1.10227,1.13928,206722.58636105256,0
CDR,D,20090527,000000,1.15782,1.20417,1.1486,1.16716,394050.3264729652,0
CDR,D,20090528,000000,1.16716,1.17629,1.13013,1.13013,188850.13569636556,0
CDR,D,20090529,000000,1.13928,1.15782,1.11149,1.1486,153378.0097760035,0
CDR,D,20090601,000000,1.1486,1.15782,1.11149,1.1486,301753.42148540285,0
CDR,D,20090602,000000,1.1486,1.18561,1.13013,1.15782,536618.1953239833,0
CDR,D,20090603,000000,1.15782,1.20417,1.13013,1.16716,677749.1039073198,0
CDR,D,20090604,000000,1.16716,1.25964,1.15782,1.23195,1248781.2624330744,0
CDR,D,20090605,000000,1.25051,1.25051,1.20417,1.20417,391178.4646199113,0
CDR,D,20090608,000000,1.18561,1.21339,1.17629,1.20417,288092.00553070166,0
CDR,D,20090609,000000,1.20417,1.23195,1.19484,1.20417,105435.4156299474,0
CDR,D,20090610,000000,1.20417,1.26906,1.20417,1.22263,610204.765937765,0
CDR,D,20090612,000000,1.23195,1.25964,1.20417,1.21339,372695.6146438172,0
CDR,D,20090615,000000,1.22263,1.24118,1.20417,1.20417,457350.6908152375,0
CDR,D,20090616,000000,1.19484,1.25051,1.19484,1.22263,250999.69661509665,0
CDR,D,20090617,000000,1.21339,1.22263,1.19484,1.20417,97397.29046491529,0
CDR,D,20090618,000000,1.19484,1.24118,1.19484,1.20417,163784.64896392036,0
CDR,D,20090619,000000,1.22263,1.25964,1.21339,1.24118,333324.34438676725,0
CDR,D,20090622,000000,1.24118,1.24118,1.13013,1.15782,342817.95796046825,0
CDR,D,20090623,000000,1.11149,1.17629,1.09302,1.13928,286601.51952237537,0
CDR,D,20090624,000000,1.12081,1.19484,1.12081,1.18561,286753.86201493966,0
CDR,D,20090625,000000,1.17629,1.20417,1.13928,1.1486,114556.40770157683,0
CDR,D,20090626,000000,1.18561,1.18561,1.1486,1.17629,65932.38970365099,0
CDR,D,20090629,000000,1.17629,1.18561,1.15782,1.15782,66438.82555730676,0
CDR,D,20090630,000000,1.17629,1.23195,1.15782,1.17629,304676.7503967514,0
CDR,D,20090701,000000,1.17629,1.28752,1.17629,1.27829,1547148.1514824263,0
CDR,D,20090702,000000,1.28752,1.33385,1.24118,1.26906,1522995.690364177,0
CDR,D,20090703,000000,1.26906,1.29675,1.24118,1.27829,408009.22202463564,0
CDR,D,20090706,000000,1.25051,1.26906,1.23195,1.26906,190264.45045841977,0
CDR,D,20090707,000000,1.26906,1.29675,1.24118,1.24118,387313.28854170983,0
CDR,D,20090708,000000,1.22263,1.26906,1.21339,1.25051,281591.71606762195,0
CDR,D,20090709,000000,1.25964,1.28752,1.23195,1.25051,146662.58800923597,0
CDR,D,20090710,000000,1.25051,1.37088,1.23195,1.35233,816691.6331718119,0
CDR,D,20090713,000000,1.32454,1.3802,1.26906,1.3431,889180.9261026668,0
CDR,D,20090714,000000,1.36164,1.37088,1.33385,1.36164,284460.48989716615,0
CDR,D,20090715,000000,1.35233,1.40799,1.30608,1.33385,655311.5251715736,0
CDR,D,20090716,000000,1.32454,1.35233,1.29675,1.32454,458760.88821261213,0
CDR,D,20090717,000000,1.32454,1.3431,1.30608,1.32454,118323.7963690083,0
CDR,D,20090720,000000,1.31531,1.3802,1.30608,1.36164,407492.49275931896,0
CDR,D,20090721,000000,1.37088,1.37088,1.32454,1.3431,105161.61087980564,0
CDR,D,20090722,000000,1.35233,1.35233,1.31531,1.32454,114013.94490711276,0
CDR,D,20090723,000000,1.31531,1.37088,1.30608,1.3431,357747.52223165875,0
CDR,D,20090724,000000,1.35233,1.36164,1.33385,1.35233,183329.77902330487,0
CDR,D,20090727,000000,1.36164,1.40799,1.33385,1.36164,279853.15883831127,0
CDR,D,20090728,000000,1.37088,1.38934,1.33385,1.36164,111678.36980153361,0
CDR,D,20090729,000000,1.33385,1.37088,1.30608,1.35233,279045.12602302455,0
CDR,D,20090730,000000,1.33385,1.43567,1.33385,1.42645,666271.9499067934,0
CDR,D,20090731,000000,1.68574,1.75997,1.56547,1.62094,3476252.900078855,0
CDR,D,20090803,000000,1.60248,1.6395,1.53758,1.55614,1329297.3577760814,0
CDR,D,20090804,000000,1.55614,1.60248,1.49124,1.51913,796663.7421055973,0
CDR,D,20090805,000000,1.51913,1.52835,1.46355,1.4727,423934.15920330345,0
CDR,D,20090806,000000,1.50057,1.50981,1.46355,1.50057,207000.5084758639,0
CDR,D,20090807,000000,1.50057,1.54692,1.4727,1.50981,410352.0025183741,0
CDR,D,20090810,000000,1.52835,1.53758,1.49124,1.50057,276015.77497158694,0
CDR,D,20090811,000000,1.51913,1.56547,1.49124,1.50057,479336.38877911033,0
CDR,D,20090812,000000,1.49124,1.49124,1.43567,1.48212,298338.0674967351,0
CDR,D,20090813,000000,1.46355,1.50981,1.45423,1.48212,204985.05847290173,0
CDR,D,20090814,000000,1.48212,1.52835,1.46355,1.48212,564677.00616706,0
CDR,D,20090817,000000,1.45423,1.49124,1.41722,1.45423,215850.78382084123,0
CDR,D,20090818,000000,1.45423,1.45423,1.42645,1.45423,145947.19589888977,0
CDR,D,20090819,000000,1.42645,1.45423,1.42645,1.45423,66110.46572536363,0
CDR,D,20090820,000000,1.46355,1.48212,1.45423,1.46355,149150.50560737945,0
CDR,D,20090821,000000,1.4727,1.48212,1.44511,1.45423,162677.07786934456,0
CDR,D,20090824,000000,1.45423,1.51913,1.44511,1.48212,510735.41170576244,0
CDR,D,20090825,000000,1.46355,1.48212,1.45423,1.4727,172471.2590635146,0
CDR,D,20090826,000000,1.46355,1.4727,1.43567,1.45423,176682.29377348034,0
CDR,D,20090827,000000,1.44511,1.4727,1.43567,1.46355,117176.08096895667,0
CDR,D,20090828,000000,1.46355,1.51913,1.46355,1.46355,602897.4730005686,0
CDR,D,20090831,000000,1.36164,1.39866,1.36164,1.3802,792997.2288724254,0
CDR,D,20090901,000000,1.37088,1.38934,1.25964,1.30608,289251.0436835821,0
CDR,D,20090902,000000,1.27829,1.27829,1.15782,1.18561,540053.1067948092,0
CDR,D,20090903,000000,1.17629,1.22263,1.17629,1.20417,207416.36230692104,0
CDR,D,20090904,000000,1.19484,1.22263,1.16716,1.20417,190635.01327816152,0
CDR,D,20090907,000000,1.22263,1.28752,1.21339,1.25964,362150.01439849474,0
CDR,D,20090908,000000,1.28752,1.30608,1.25051,1.26906,183476.97481002967,0
CDR,D,20090909,000000,1.26906,1.26906,1.20417,1.25964,153513.8828099095,0
CDR,D,20090910,000000,1.25964,1.26906,1.21339,1.25051,113109.15402222607,0
CDR,D,20090911,000000,1.22263,1.24118,1.21339,1.23195,49075.898769784246,0
CDR,D,20090914,000000,1.22263,1.22263,1.19484,1.21339,161613.76844490424,0
CDR,D,20090915,000000,1.22263,1.22263,1.15782,1.17629,528933.1341788758,0
CDR,D,20090916,000000,1.20417,1.25051,1.18561,1.22263,229720.126691071,0
CDR,D,20090917,000000,1.25051,1.25051,1.19484,1.23195,221154.97884906427,0
CDR,D,20090918,000000,1.24118,1.24118,1.18561,1.23195,304221.78160139837,0
CDR,D,20090921,000000,1.22263,1.27829,1.20417,1.23195,565611.6479457535,0
CDR,D,20090922,000000,1.23195,1.26906,1.23195,1.26906,244698.06999704646,0
CDR,D,20090923,000000,1.27829,1.29675,1.25051,1.29675,298074.5561582422,0
CDR,D,20090924,000000,1.27829,1.39866,1.26906,1.3802,1286692.9269167748,0
CDR,D,20090925,000000,1.3802,1.43567,1.3431,1.36164,599118.7615803083,0
CDR,D,20090928,000000,1.29675,1.31531,1.24118,1.30608,862255.4198833134,0
CDR,D,20090929,000000,1.37088,1.5746,1.37088,1.51913,5038757.792416388,0
CDR,D,20090930,000000,1.4727,1.52835,1.44511,1.46355,1413215.4256727882,0
CDR,D,20091001,000000,1.44511,1.49124,1.41722,1.46355,503321.067287297,0
CDR,D,20091002,000000,1.49124,1.56547,1.43567,1.45423,2829907.9658040972,0
CDR,D,20091005,000000,1.48212,1.55614,1.40799,1.4727,876880.2991693652,0
CDR,D,20091006,000000,1.4727,1.49124,1.3431,1.39866,865170.5140653227,0
CDR,D,20091007,000000,1.37088,1.45423,1.32454,1.38934,721825.4926340046,0
CDR,D,20091008,000000,1.44511,1.44511,1.35233,1.3802,425535.8140575483,0
CDR,D,20091009,000000,1.39866,1.41722,1.36164,1.3802,196500.1992418367,0
CDR,D,20091012,000000,1.38934,1.41722,1.37088,1.38934,245037.75258182146,0
CDR,D,20091013,000000,1.39866,1.39866,1.35233,1.3802,147571.49625878228,0
CDR,D,20091014,000000,1.3802,1.38934,1.35233,1.37088,202653.6007319922,0
CDR,D,20091015,000000,1.36164,1.49124,1.36164,1.43567,1131637.0910402043,0
CDR,D,20091016,000000,1.44511,1.59326,1.44511,1.54692,2647481.948324449,0
CDR,D,20091019,000000,1.53758,1.56547,1.45423,1.46355,714930.9655043556,0
CDR,D,20091020,000000,1.46355,1.4727,1.38934,1.40799,560384.6535049926,0
CDR,D,20091021,000000,1.38934,1.43567,1.3802,1.41722,200253.17713294967,0
CDR,D,20091022,000000,1.46355,1.55614,1.43567,1.46355,1490190.58740486,0
CDR,D,20091023,000000,1.50981,1.52835,1.43567,1.45423,586445.5131449251,0
CDR,D,20091026,000000,1.4727,1.4727,1.42645,1.45423,108792.09717217127,0
CDR,D,20091027,000000,1.42645,1.44511,1.40799,1.42645,154188.10127361998,0
CDR,D,20091028,000000,1.39866,1.43567,1.38934,1.40799,200871.81117369587,0
CDR,D,20091029,000000,1.40799,1.43567,1.3802,1.43567,84392.59417409536,0
CDR,D,20091030,000000,1.44511,1.46355,1.41722,1.43567,33455.646576243016,0
CDR,D,20091102,000000,1.43567,1.51913,1.38934,1.44511,470251.42364829715,0
CDR,D,20091103,000000,1.44511,1.44511,1.37088,1.3802,401151.7511769628,0
CDR,D,20091104,000000,1.38934,1.41722,1.3431,1.3802,344595.63015409495,0
CDR,D,20091105,000000,1.40799,1.40799,1.37088,1.38934,149054.77687894934,0
CDR,D,20091106,000000,1.38934,1.39866,1.3431,1.3431,388357.0404840022,0
CDR,D,20091109,000000,1.37088,1.37088,1.32454,1.36164,188195.47471481306,0
CDR,D,20091110,000000,1.36164,1.3802,1.3431,1.35233,160402.23389255913,0
CDR,D,20091112,000000,1.36164,1.3802,1.3431,1.37088,226246.1002559393,0
CDR,D,20091113,000000,1.37088,1.37088,1.3431,1.37088,103609.3644015257,0
CDR,D,20091116,000000,1.37088,1.3802,1.3431,1.35233,75305.57036094341,0
CDR,D,20091117,000000,1.36164,1.40799,1.35233,1.3802,357956.47848833713,0
CDR,D,20091118,000000,1.3802,1.38934,1.36164,1.3802,119787.51950701738,0
CDR,D,20091119,000000,1.36164,1.37088,1.29675,1.33385,356971.3989925087,0
CDR,D,20091120,000000,1.31531,1.33385,1.30608,1.32454,68048.71514087875,0
CDR,D,20091123,000000,1.3431,1.3431,1.30608,1.33385,90324.68731355963,0
CDR,D,20091124,000000,1.3431,1.3431,1.31531,1.33385,29391.80765300809,0
CDR,D,20091125,000000,1.3431,1.3431,1.29675,1.32454,132728.39664554287,0
CDR,D,20091126,000000,1.30608,1.33385,1.26906,1.28752,181865.0265441259,0
CDR,D,20091127,000000,1.25051,1.28752,1.20417,1.28752,103979.92722126747,0
CDR,D,20091130,000000,1.29675,1.35233,1.29675,1.35233,252531.3562700587,0
CDR,D,20091201,000000,1.35233,1.37088,1.32454,1.33385,73344.67543977662,0
CDR,D,20091202,000000,1.35233,1.40799,1.33385,1.36164,312739.57974976994,0
CDR,D,20091203,000000,1.3802,1.3802,1.32454,1.35233,88172.33493552457,0
CDR,D,20091204,000000,1.32454,1.35233,1.31531,1.3431,52832.994025561806,0
CDR,D,20091207,000000,1.3431,1.3431,1.32454,1.3431,34372.78955511844,0
CDR,D,20091208,000000,1.33385,1.3431,1.30608,1.30608,178258.21509857784,0
CDR,D,20091209,000000,1.30608,1.30608,1.27829,1.29675,63964.289394322936,0
CDR,D,20091210,000000,1.28752,1.29675,1.26906,1.28752,38332.665020592096,0
CDR,D,20091211,000000,1.26906,1.32454,1.26906,1.31531,58765.087165027086,0
CDR,D,20091214,000000,1.29675,1.31531,1.26906,1.29675,57287.98259186541,0
CDR,D,20091215,000000,1.29675,1.29675,1.25051,1.28752,90834.21119071309,0
CDR,D,20091216,000000,1.28752,1.28752,1.25051,1.26906,49471.16577751548,0
CDR,D,20091217,000000,1.25051,1.26906,1.25051,1.25051,44891.626930130726,0
CDR,D,20091218,000000,1.25051,1.25051,1.22263,1.22263,115277.97585892242,0
CDR,D,20091221,000000,1.22263,1.22263,1.15782,1.19484,266541.7188800239,0
CDR,D,20091222,000000,1.19484,1.21339,1.13928,1.16716,271640.0456750682,0
CDR,D,20091223,000000,1.13928,1.17629,1.13928,1.16716,183924.73821722346,0
CDR,D,20091228,000000,1.16716,1.17629,1.13928,1.15782,215976.3634430883,0
CDR,D,20091229,000000,1.1486,1.22263,1.1486,1.20417,160482.52250350086,0
CDR,D,20091230,000000,1.22263,1.23195,1.18561,1.19484,51245.74994764148,0
CDR,D,20091231,000000,1.19484,1.21339,1.19484,1.20417,57890.14717395531,0
CDR,D,20100104,000000,1.23195,1.24118,1.20417,1.24118,41046.00833407929,0
CDR,D,20100105,000000,1.25051,1.30608,1.22263,1.26906,273219.05502364534,0
CDR,D,20100106,000000,1.26906,1.29675,1.23195,1.25051,102861.03337386285,0
CDR,D,20100107,000000,1.25051,1.25051,1.21339,1.21339,88065.28345426363,0
CDR,D,20100108,000000,1.24118,1.25051,1.22263,1.25051,71834.63194930334,0
CDR,D,20100111,000000,1.25964,1.26906,1.23195,1.25051,43916.84084596025,0
CDR,D,20100112,000000,1.25964,1.26906,1.22263,1.22263,45652.310051779285,0
CDR,D,20100113,000000,1.23195,1.25051,1.21339,1.25051,20074.21141867893,0
CDR,D,20100114,000000,1.25051,1.25964,1.23195,1.25051,32454.097621758305,0
CDR,D,20100115,000000,1.25051,1.27829,1.24118,1.25964,157003.34936253965,0
CDR,D,20100118,000000,1.27829,1.29675,1.24118,1.24118,303339.6362221593,0
CDR,D,20100119,000000,1.25051,1.25964,1.23195,1.25964,58482.01834438628,0
CDR,D,20100120,000000,1.25051,1.26906,1.23195,1.25051,78164.05077883064,0
CDR,D,20100121,000000,1.23195,1.24118,1.21339,1.24118,159644.63879440728,0
CDR,D,20100122,000000,1.21339,1.22263,1.19484,1.22263,101862.57244287581,0
CDR,D,20100125,000000,1.20417,1.20417,1.18561,1.20417,44368.721617819654,0
CDR,D,20100126,000000,1.18561,1.18561,1.1486,1.16716,101552.74075191777,0
CDR,D,20100127,000000,1.17629,1.21339,1.1486,1.17629,67559.77808704517,0
CDR,D,20100128,000000,1.18561,1.20417,1.15782,1.18561,75449.67812417856,0
CDR,D,20100129,000000,1.16716,1.18561,1.15782,1.18561,104717.96483727139,0
CDR,D,20100201,000000,1.16716,1.16716,1.15782,1.15782,40081.515661569756,0
CDR,D,20100202,000000,1.16716,1.18561,1.15782,1.16716,58378.05488662399,0
CDR,D,20100203,000000,1.20417,1.21339,1.16716,1.19484,101619.64792771089,0
CDR,D,20100204,000000,1.19484,1.19484,1.15782,1.15782,54929.76198063659,0
CDR,D,20100205,000000,1.1486,1.1486,1.08379,1.13928,222739.13490349092,0
CDR,D,20100208,000000,1.12081,1.15782,1.08379,1.12081,88606.71690756078,0
CDR,D,20100209,000000,1.10227,1.13928,1.09302,1.13013,78629.31298584766,0
CDR,D,20100210,000000,1.11149,1.15782,1.10227,1.11149,73154.24732407327,0
CDR,D,20100211,000000,1.13013,1.13013,1.08379,1.11149,53854.10046220151,0
CDR,D,20100212,000000,1.11149,1.11149,1.08379,1.11149,53017.2460942698,0
CDR,D,20100215,000000,1.08379,1.11149,1.08379,1.09302,69569.05204301096,0
CDR,D,20100216,000000,1.10227,1.1486,1.09302,1.12081,186890.2701163777,0
CDR,D,20100217,000000,1.13928,1.17629,1.13928,1.1486,133974.92879753438,0
CDR,D,20100218,000000,1.13928,1.15782,1.12081,1.15782,61158.3053758993,0
CDR,D,20100219,000000,1.13928,1.16716,1.13013,1.15782,118266.15326371425,0
CDR,D,20100222,000000,1.16716,1.16716,1.13013,1.15782,56318.34321352439,0
CDR,D,20100223,000000,1.15782,1.17629,1.13013,1.15782,121442.70010188667,0
CDR,D,20100224,000000,1.13013,1.15782,1.12081,1.15782,173659.1187690421,0
CDR,D,20100225,000000,1.15782,1.16716,1.12081,1.13928,66213.39984196,0
CDR,D,20100226,000000,1.12081,1.16716,1.12081,1.15782,39801.53486442663,0
CDR,D,20100301,000000,1.16716,1.18561,1.13928,1.16716,44085.652797178846,0
CDR,D,20100302,000000,1.13013,1.18561,1.12081,1.16716,153179.346930974,0
CDR,D,20100303,000000,1.17629,1.17629,1.1486,1.16716,28789.643070917184,0
CDR,D,20100304,000000,1.1486,1.15782,1.13013,1.1486,77408.51436301257,0
CDR,D,20100305,000000,1.1486,1.1486,1.13013,1.1486,48696.07187954241,0
CDR,D,20100308,000000,1.1486,1.15782,1.13928,1.1486,25910.57582970908,0
CDR,D,20100309,000000,1.1486,1.17629,1.13013,1.17629,95774.01944618669,0
CDR,D,20100310,000000,1.16716,1.23195,1.16716,1.21339,371470.6986563136,0
CDR,D,20100311,000000,1.22263,1.24118,1.18561,1.19484,306812.63331613113,0
CDR,D,20100312,000000,1.22263,1.22263,1.18561,1.19484,118290.85745170171,0
CDR,D,20100315,000000,1.20417,1.21339,1.18561,1.19484,99755.5110761451,0
CDR,D,20100316,000000,1.20417,1.27829,1.19484,1.25051,622981.9778308974,0
CDR,D,20100317,000000,1.29675,1.32454,1.26906,1.27829,536563.6402421889,0
CDR,D,20100318,000000,1.28752,1.28752,1.23195,1.23195,78461.53037579596,0
CDR,D,20100319,000000,1.26906,1.26906,1.23195,1.25051,102987.64233727982,0
CDR,D,20100322,000000,1.25964,1.28752,1.24118,1.26906,98857.92557942166,0
CDR,D,20100323,000000,1.26906,1.31531,1.25964,1.29675,210276.90140713603,0
CDR,D,20100324,000000,1.30608,1.3431,1.28752,1.30608,199823.94186674396,0
CDR,D,20100325,000000,1.32454,1.32454,1.26906,1.32454,161247.322989812,0
CDR,D,20100326,000000,1.31531,1.31531,1.18561,1.20417,1773673.203194347,0
CDR,D,20100329,000000,1.20417,1.21339,1.1486,1.15782,410938.7269829736,0
CDR,D,20100330,000000,1.16716,1.17629,1.11149,1.13013,444407.7549943722,0
CDR,D,20100331,000000,1.13928,1.16716,1.13928,1.15782,145919.4036874026,0
CDR,D,20100401,000000,1.16716,1.16716,1.1486,1.16716,71438.33560040621,0
CDR,D,20100406,000000,1.17629,1.18561,1.15782,1.16716,107061.77467216966,0
CDR,D,20100407,000000,1.17629,1.17629,1.11149,1.13928,451671.81560260314,0
CDR,D,20100408,000000,1.13928,1.1486,1.12081,1.1486,108464.766681385,0
CDR,D,20100409,000000,1.1486,1.15782,1.09302,1.13013,362852.0250736823,0
CDR,D,20100412,000000,1.10227,1.13013,1.09302,1.11149,213408.15723400313,0
CDR,D,20100413,000000,1.12081,1.13928,1.11149,1.13928,392041.0525169923,0
CDR,D,20100414,000000,1.13928,1.13928,1.11149,1.13928,263712.06001478573,0
CDR,D,20100415,000000,1.13928,1.17629,1.13928,1.15782,1185429.4310325475,0
CDR,D,20100416,000000,1.15782,1.15782,1.13928,1.1486,190461.05462110948,0
CDR,D,20100419,000000,1.13013,1.13013,1.09302,1.11149,321317.07968576543,0
CDR,D,20100420,000000,1.12081,1.13013,1.11149,1.12081,88123.95590072357,0
CDR,D,20100421,000000,1.13013,1.1486,1.12081,1.13013,120834.35947280945,0
CDR,D,20100422,000000,1.13013,1.1486,1.11149,1.11149,149491.2175333143,0
CDR,D,20100423,000000,1.13013,1.13928,1.11149,1.13013,59748.10797852471,0
CDR,D,20100426,000000,1.13928,1.1486,1.12081,1.13013,59412.54275842031,0
CDR,D,20100427,000000,1.12081,1.13013,1.12081,1.12081,70918.51831159381,0
CDR,D,20100428,000000,1.12081,1.12081,1.07438,1.11149,524464.7641774167,0
CDR,D,20100429,000000,1.11149,1.11149,1.08379,1.08379,285448.6574165042,0
CDR,D,20100430,000000,1.09302,1.11149,1.09302,1.11149,40619.861091370236,0
CDR,D,20100504,000000,1.11149,1.11149,1.07438,1.08379,145441.78938639184,0
CDR,D,20100505,000000,1.09302,1.10227,1.06525,1.08379,224912.07410484686,0
CDR,D,20100506,000000,1.07438,1.09302,1.07438,1.09302,106441.08194909368,0
CDR,D,20100507,000000,1.07438,1.08379,1.04669,1.06525,131506.5686815489,0
CDR,D,20100510,000000,1.07438,1.11149,1.07438,1.11149,174860.35990972823,0
CDR,D,20100511,000000,1.11149,1.11149,1.05591,1.08379,367392.4489567641,0
CDR,D,20100512,000000,1.09302,1.19484,1.08379,1.16716,1290536.4868304185,0
CDR,D,20100513,000000,1.18561,1.21339,1.16716,1.19484,701647.3177575654,0
CDR,D,20100514,000000,1.20417,1.20417,1.15782,1.15782,297147.1197677079,0
CDR,D,20100517,000000,1.13928,1.16716,1.12081,1.15782,174488.76774880654,0
CDR,D,20100518,000000,1.13013,1.20417,1.13013,1.19484,222158.5864858908,0
CDR,D,20100519,000000,1.16716,1.17629,1.12081,1.13013,147423.27113088756,0
CDR,D,20100520,000000,1.1486,1.16716,1.10227,1.13013,213763.2799362665,0
CDR,D,20100521,000000,1.09302,1.13928,1.09302,1.13013,118375.26342731302,0
CDR,D,20100524,000000,1.10227,1.1486,1.10227,1.13013,54209.223164459894,0
CDR,D,20100525,000000,1.10227,1.11149,1.09302,1.09302,129502.44143141559,0
CDR,D,20100526,000000,1.13928,1.17629,1.13013,1.17629,240462.3310991033,0
CDR,D,20100527,000000,1.16716,1.18561,1.1486,1.17629,201005.6255252721,0
CDR,D,20100528,000000,1.17629,1.18561,1.16716,1.18561,112192.01104335063,0
CDR,D,20100531,000000,1.18561,1.18561,1.1486,1.16716,82320.53040700502,0
CDR,D,20100601,000000,1.17629,1.17629,1.11149,1.13013,177929.85526663167,0
CDR,D,20100602,000000,1.13013,1.15782,1.11149,1.15782,78791.94889007088,0
CDR,D,20100604,000000,1.11149,1.15782,1.11149,1.13928,129786.53959321628,0
CDR,D,20100607,000000,1.13013,1.13928,1.10227,1.13928,71832.57326697155,0
CDR,D,20100608,000000,1.1486,1.22263,1.13013,1.19484,671048.0929168809,0
CDR,D,20100609,000000,1.20417,1.22263,1.17629,1.20417,256615.7820166075,0
CDR,D,20100610,000000,1.19484,1.24118,1.18561,1.24118,795216.4884262464,0
CDR,D,20100611,000000,1.24118,1.25964,1.21339,1.25051,326379.3795399934,0
CDR,D,20100614,000000,1.25051,1.25964,1.22263,1.24118,274251.4842131189,0
CDR,D,20100615,000000,1.23195,1.24118,1.20417,1.20417,120559.52538148775,0
CDR,D,20100616,000000,1.21339,1.23195,1.20417,1.22263,89565.03353307696,0
CDR,D,20100617,000000,1.20417,1.22263,1.19484,1.21339,204642.28786462705,0
CDR,D,20100618,000000,1.21339,1.24118,1.20417,1.24118,136888.99363838386,0
CDR,D,20100621,000000,1.24118,1.30608,1.24118,1.29675,1136672.628024105,0
CDR,D,20100622,000000,1.27829,1.30608,1.27829,1.28752,381648.82410539396,0
CDR,D,20100623,000000,1.26906,1.30608,1.25964,1.28752,294465.68603036436,0
CDR,D,20100624,000000,1.29675,1.44511,1.29675,1.38934,1747977.759668367,0
CDR,D,20100625,000000,1.3802,1.39866,1.36164,1.37088,264022.9210469137,0
CDR,D,20100628,000000,1.37088,1.41722,1.3431,1.36164,379473.82622170827,0
CDR,D,20100629,000000,1.42645,1.43567,1.37088,1.3802,1181876.1453275937,0
CDR,D,20100630,000000,1.38934,1.38934,1.30608,1.35233,179032.279655388,0
CDR,D,20100701,000000,1.35233,1.35233,1.26906,1.26906,565647.6748865697,0
CDR,D,20100702,000000,1.25964,1.33385,1.24118,1.32454,183935.03162888243,0
CDR,D,20100705,000000,1.32454,1.3431,1.26906,1.33385,88842.43603456748,0
CDR,D,20100706,000000,1.32454,1.3431,1.27829,1.31531,116071.59789788058,0
CDR,D,20100707,000000,1.31531,1.35233,1.27829,1.30608,261600.88128338344,0
CDR,D,20100708,000000,1.30608,1.3431,1.27829,1.31531,140975.47806727246,0
CDR,D,20100709,000000,1.31531,1.31531,1.28752,1.30608,58141.30641845141,0
CDR,D,20100712,000000,1.28752,1.31531,1.28752,1.31531,42117.5524878508,0
CDR,D,20100713,000000,1.31531,1.35233,1.27829,1.33385,139015.61248726456,0
CDR,D,20100714,000000,1.3431,1.3802,1.31531,1.35233,323652.6547913446,0
CDR,D,20100715,000000,1.32454,1.36164,1.32454,1.3431,80626.23484782274,0
CDR,D,20100716,000000,1.32454,1.33385,1.30608,1.33385,88204.2445116683,0
CDR,D,20100719,000000,1.31531,1.33385,1.29675,1.33385,164569.00693238946,0
CDR,D,20100720,000000,1.33385,1.36164,1.33385,1.36164,178768.76831689518,0
CDR,D,20100721,000000,1.37088,1.41722,1.36164,1.39866,441495.74883586256,0
CDR,D,20100722,000000,1.41722,1.41722,1.37088,1.38934,90722.01300362266,0
CDR,D,20100723,000000,1.38934,1.43567,1.36164,1.41722,645405.1457903151,0
CDR,D,20100726,000000,1.43567,1.48212,1.43567,1.46355,547419.0721784696,0
CDR,D,20100727,000000,1.46355,1.48212,1.43567,1.45423,384049.24770442647,0
CDR,D,20100728,000000,1.42645,1.45423,1.38934,1.41722,150627.61018054714,0
CDR,D,20100729,000000,1.41722,1.44511,1.38934,1.43567,100980.4270636468,0
CDR,D,20100730,000000,1.43567,1.44511,1.40799,1.43567,172329.20998260923,0
CDR,D,20100802,000000,1.43567,1.49124,1.43567,1.4727,356627.5990430842,0
CDR,D,20100803,000000,1.49124,1.49124,1.42645,1.46355,137856.57433439407,0
CDR,D,20100804,000000,1.43567,1.50057,1.43567,1.50057,220224.45443504024,0
CDR,D,20100805,000000,1.50981,1.62094,1.50057,1.50057,1260503.3996310455,0
CDR,D,20100806,000000,1.52835,1.56547,1.51913,1.56547,367775.36387050466,0
CDR,D,20100809,000000,1.5746,1.65805,1.5746,1.61171,620515.6763972518,0
CDR,D,20100810,000000,1.6395,1.66728,1.60248,1.63026,607603.6208113632,0
CDR,D,20100811,000000,1.6395,2.03791,1.62094,2.03791,1698781.4279820998,0
CDR,D,20100812,000000,2.05636,2.0656,1.78765,1.79698,3460792.1957660494,0
CDR,D,20100813,000000,1.871,2.01926,1.78765,1.83398,2638124.207784604,0
CDR,D,20100816,000000,1.94513,2.00069,1.85254,1.96369,2510855.436683418,0
CDR,D,20100817,000000,2.00069,2.00069,1.88033,1.91734,1253100.3779654892,0
CDR,D,20100818,000000,1.91734,2.28797,1.91734,2.13039,4053830.6390790353,0
CDR,D,20100819,000000,2.00069,2.19529,1.97301,2.01003,4637088.282632908,0
CDR,D,20100820,000000,2.03791,2.04705,1.91734,1.99156,1078200.9030914851,0
CDR,D,20100823,000000,2.08404,2.13039,2.00069,2.11194,1374632.6307487364,0
CDR,D,20100824,000000,2.11194,2.11194,2.01926,2.02857,885790.2763019764,0
CDR,D,20100825,000000,2.01003,2.04705,1.97301,2.02857,384141.8884093669,0
CDR,D,20100826,000000,2.05636,2.22307,2.02857,2.21385,2049506.7847795126,0
CDR,D,20100827,000000,2.18606,2.27854,2.13973,2.2323,1292364.5967411897,0
CDR,D,20100830,000000,2.26009,2.45458,2.22307,2.38979,2737180.7962091193,0
CDR,D,20100831,000000,2.35277,2.74175,2.32498,2.70474,2666795.4766215878,0
CDR,D,20100901,000000,2.77876,3.24196,2.77876,3.03817,4478912.51368235,0
CDR,D,20100902,000000,3.14929,3.32533,2.74175,2.81588,5662455.162357662,0
CDR,D,20100903,000000,2.87144,2.9918,2.62138,2.96413,2854633.7699517575,0
CDR,D,20100906,000000,3.06593,3.18631,2.94567,2.97326,1971063.7825447319,0
CDR,D,20100907,000000,3.00114,3.00114,2.77876,2.87144,1427401.805622045,0
CDR,D,20100908,000000,2.83444,3.00114,2.8251,2.92692,1550267.055215305,0
CDR,D,20100909,000000,3.01038,3.01038,2.86222,2.90846,982129.4040482718,0
CDR,D,20100910,000000,2.91779,2.91779,2.86222,2.87144,938832.2265842267,0
CDR,D,20100913,000000,2.89923,2.89923,2.66774,2.73253,1771762.7459902838,0
CDR,D,20100914,000000,2.73253,2.73253,2.48246,2.51025,2227183.42211931,0
CDR,D,20100915,000000,2.31556,2.54726,2.17683,2.38046,3871590.9323504777,0
CDR,D,20100916,000000,2.31556,2.37131,2.22307,2.24153,1690495.2315961546,0
CDR,D,20100917,000000,2.24153,2.53793,2.2323,2.45458,3666120.0248472258,0
CDR,D,20100920,000000,2.54726,2.80665,2.50092,2.80665,3821573.1864138152,0
CDR,D,20100921,000000,3.01038,3.12151,2.92692,3.11229,4316565.8543273015,0
CDR,D,20100922,000000,3.11229,3.13084,2.96413,3.00114,1902786.5536650629,0
CDR,D,20100923,000000,3.01038,3.01038,2.71397,2.72329,2628464.87028326,0
CDR,D,20100924,000000,2.6584,2.91779,2.57504,2.83444,2031244.213812976,0
CDR,D,20100927,000000,2.83444,2.9918,2.79743,2.91779,1018575.2867116736,0
CDR,D,20100928,000000,2.93625,3.01038,2.87144,2.88078,973478.8208894839,0
CDR,D,20100929,000000,2.91779,2.95481,2.80665,2.88078,704509.9155401102,0
CDR,D,20100930,000000,2.84366,2.88078,2.73253,2.8251,552658.4187132394,0
CDR,D,20101001,000000,2.8251,2.8251,2.73253,2.76954,756365.0354580128,0
CDR,D,20101004,000000,2.70474,2.74175,2.66774,2.68628,679155.1839400248,0
CDR,D,20101005,000000,2.63985,2.76032,2.58436,2.74175,1074862.749690199,0
CDR,D,20101006,000000,2.79743,2.79743,2.68628,2.72329,427817.863422493,0
CDR,D,20101007,000000,2.68628,2.73253,2.63985,2.66774,355038.29628283816,0
CDR,D,20101008,000000,2.59351,2.6584,2.55649,2.58436,523729.81458491244,0
CDR,D,20101011,000000,2.58436,2.68628,2.50092,2.59351,841976.3695726146,0
CDR,D,20101012,000000,2.61206,2.63985,2.46381,2.46381,913806.8841572473,0
CDR,D,20101013,000000,2.38979,2.5287,2.35277,2.48246,1253915.6161688245,0
CDR,D,20101014,000000,2.50092,2.5287,2.43612,2.47323,257780.99621648737,0
CDR,D,20101015,000000,2.45458,2.47323,2.4268,2.43612,197867.16431024577,0
CDR,D,20101018,000000,2.44534,2.46381,2.38046,2.40833,256921.496342906,0
CDR,D,20101019,000000,2.32498,2.38979,2.22307,2.31556,1435708.5888313882,0
CDR,D,20101020,000000,2.26941,2.45458,2.2323,2.38046,970089.2004299634,0
CDR,D,20101021,000000,2.399,2.45458,2.362,2.399,396347.8159553982,0
CDR,D,20101022,000000,2.41758,2.6584,2.40833,2.48246,1496067.0961214444,0
CDR,D,20101025,000000,2.54726,2.54726,2.37131,2.38046,690009.5865351455,0
CDR,D,20101026,000000,2.38046,2.40833,2.17683,2.17683,1999789.6064634398,0
CDR,D,20101027,000000,2.21385,2.25085,2.19529,2.25085,621082.8433796933,0
CDR,D,20101028,000000,2.26009,2.26009,2.19529,2.20452,217012.9099972214,0
CDR,D,20101029,000000,2.22307,2.26009,2.18606,2.22307,233179.74234989428,0
CDR,D,20101102,000000,2.22307,2.27854,2.21385,2.26941,252490.18262342297,0
CDR,D,20101103,000000,2.26941,2.28797,2.24153,2.26009,227392.78631483106,0
CDR,D,20101104,000000,2.2971,2.399,2.28797,2.35277,631331.9933692263,0
CDR,D,20101105,000000,2.38046,2.38046,2.31556,2.362,268237.0437803791,0
CDR,D,20101108,000000,2.50092,2.54726,2.45458,2.50092,1203746.557080808,0
CDR,D,20101109,000000,2.51948,2.51948,2.4268,2.46381,325277.984492407,0
CDR,D,20101110,000000,2.49169,2.50092,2.4268,2.46381,264915.35983780166,0
CDR,D,20101112,000000,2.44534,2.51948,2.41758,2.50092,550241.5256555486,0
CDR,D,20101115,000000,2.5287,2.5287,2.46381,2.50092,190637.0719604913,0
CDR,D,20101116,000000,2.50092,2.58436,2.46381,2.51025,454614.70199609967,0
CDR,D,20101117,000000,2.50092,2.54726,2.46381,2.54726,254069.19197201013,0
CDR,D,20101118,000000,2.55649,2.77876,2.54726,2.77876,1749693.6713919595,0
CDR,D,20101119,000000,2.88078,2.92692,2.61206,2.72329,2242409.4366463604,0
CDR,D,20101122,000000,2.81588,2.87144,2.73253,2.79743,627423.5849620495,0
CDR,D,20101123,000000,2.79743,2.79743,2.6584,2.69541,478477.91824668885,0
CDR,D,20101124,000000,2.68628,2.73253,2.63985,2.73253,358033.6790757892,0
CDR,D,20101125,000000,2.74175,2.76032,2.67686,2.70474,137115.44869490052,0
CDR,D,20101126,000000,2.67686,2.70474,2.62138,2.69541,319767.9212309852,0
CDR,D,20101129,000000,2.70474,2.71397,2.61206,2.62138,171166.05446506917,0
CDR,D,20101130,000000,2.62138,2.62138,2.50092,2.53793,340724.27802890417,0
CDR,D,20101201,000000,2.53793,2.62138,2.50092,2.60283,291611.3229771387,0
CDR,D,20101202,000000,2.63985,2.71397,2.63985,2.68628,326990.80819258036,0
CDR,D,20101203,000000,2.69541,2.69541,2.63072,2.63985,92219.7044001032,0
CDR,D,20101206,000000,2.64916,2.67686,2.55649,2.61206,170683.29345823897,0
CDR,D,20101207,000000,2.59351,2.60283,2.51948,2.58436,316178.60858526535,0
CDR,D,20101208,000000,2.57504,2.57504,2.5287,2.55649,119883.24823544749,0
CDR,D,20101209,000000,2.5287,2.57504,2.5287,2.55649,111777.18655347345,0
CDR,D,20101210,000000,2.56582,2.58436,2.50092,2.58436,196218.15976235576,0
CDR,D,20101213,000000,2.59351,2.60283,2.53793,2.57504,151110.3711873773,0
CDR,D,20101214,000000,2.59351,2.6584,2.53793,2.60283,290069.3699105177,0
CDR,D,20101215,000000,2.57504,2.61206,2.53793,2.59351,140659.47032932506,0
CDR,D,20101216,000000,2.61206,2.61206,2.55649,2.55649,62242.201623661516,0
CDR,D,20101217,000000,2.58436,2.63985,2.53793,2.59351,366299.2886385069,0
CDR,D,20101220,000000,2.59351,2.75098,2.59351,2.72329,522561.5123615429,0
CDR,D,20101221,000000,2.75098,2.91779,2.75098,2.91779,2269197.011149438,0
CDR,D,20101222,000000,2.88991,3.00114,2.83444,2.88991,967417.030763119,0
CDR,D,20101223,000000,2.88078,2.88078,2.8251,2.86222,177798.09959738524,0
CDR,D,20101227,000000,2.86222,2.96413,2.81588,2.88991,436188.4657841298,0
CDR,D,20101228,000000,2.85289,2.91779,2.83444,2.85289,412945.9422566066,0
CDR,D,20101229,000000,2.85289,2.87144,2.8251,2.86222,164970.44998711807,0
CDR,D,20101230,000000,2.87144,2.91779,2.84366,2.87144,192721.48782157636,0
CDR,D,20101231,000000,2.85289,2.87144,2.83444,2.87144,74862.95365957705,0
CDR,D,20110103,000000,2.88078,2.91779,2.81588,2.85289,200714.32197530213,0
CDR,D,20110104,000000,2.85289,3.06593,2.8251,2.9918,1262010.3550981304,0
CDR,D,20110105,000000,3.02892,3.04739,2.90846,3.02892,713409.5992610524,0
CDR,D,20110107,000000,3.04739,3.04739,2.98269,2.9918,286842.3853552205,0
CDR,D,20110110,000000,2.98269,3.01038,2.86222,2.87144,525878.0495982809,0
CDR,D,20110111,000000,2.87144,2.89923,2.85289,2.86222,158112.97913945527,0
CDR,D,20110112,000000,2.87144,2.89923,2.83444,2.89923,143974.97822490317,0
CDR,D,20110113,000000,2.90846,2.97326,2.89923,2.94567,188615.44591052976,0
CDR,D,20110114,000000,2.95481,3.24196,2.91779,3.19563,1844435.2616486999,0
CDR,D,20110117,000000,3.27908,3.807,3.19563,3.56616,4609920.88123958,0
CDR,D,20110118,000000,3.62173,3.77912,3.47358,3.56616,2216369.1638296656,0
CDR,D,20110119,000000,3.56616,3.65875,3.50127,3.5106,570579.2484127113,0
CDR,D,20110120,000000,3.46425,3.90892,3.3809,3.79767,1662051.4471569576,0
CDR,D,20110121,000000,3.89035,4.20532,3.85324,3.99217,3016481.1988413073,0
CDR,D,20110124,000000,4.07562,4.52027,4.05706,4.52027,3574185.4479500665,0
CDR,D,20110125,000000,4.6314,4.68687,4.23309,4.47383,4205994.026279103,0
CDR,D,20110126,000000,4.50172,4.6314,4.38134,4.54806,2573227.3352940264,0
CDR,D,20110127,000000,4.58507,5.18719,4.51094,4.72389,4902976.369872579,0
CDR,D,20110128,000000,4.77956,5.00184,4.60353,4.80734,4176184.3061127774,0
CDR,D,20110131,000000,4.68687,4.75178,4.38134,4.58507,1985716.454042271,0
CDR,D,20110201,000000,4.55727,4.60353,4.28857,4.45538,2278588.7199477097,0
CDR,D,20110202,000000,4.47383,4.91849,4.47383,4.90925,3644595.471725736,0
CDR,D,20110203,000000,4.99271,5.17787,4.6314,4.67776,3124538.346421035,0
CDR,D,20110204,000000,4.58507,4.74255,4.53873,4.6314,778743.9417472852,0
CDR,D,20110207,000000,4.66843,4.84446,4.64064,4.69631,522959.8673927718,0
CDR,D,20110208,000000,4.761,5.13153,4.70544,5.09442,3167626.567628291,0
CDR,D,20110209,000000,5.18719,5.68733,5.16855,5.60397,5123439.631458136,0
CDR,D,20110210,000000,5.70578,6.01161,5.18719,5.41871,5196464.181795335,0
CDR,D,20110211,000000,5.55763,5.8077,5.47427,5.70578,2140246.2965829857,0
CDR,D,20110214,000000,5.85404,5.92807,5.61321,5.86337,1673658.2981444206,0
CDR,D,20110215,000000,5.92807,6.25234,5.71511,6.16899,2784663.2748540128,0
CDR,D,20110216,000000,6.26158,6.71547,6.18745,6.71547,2755103.6845908905,0
CDR,D,20110217,000000,6.80815,7.41017,6.52097,6.99331,6141126.596743572,0
CDR,D,20110218,000000,7.11377,7.32682,6.96562,7.20636,2306242.999712518,0
CDR,D,20110221,000000,7.31759,7.5492,7.04888,7.15089,2935814.819688056,0
CDR,D,20110222,000000,6.94696,6.97485,5.55763,5.55763,8746467.317733265,0
CDR,D,20110223,000000,5.29825,6.34503,4.87214,5.9745,10632588.837921748,0
CDR,D,20110224,000000,6.1041,6.34503,5.92807,6.19687,4612760.833516478,0
CDR,D,20110225,000000,6.25234,6.28936,5.92807,6.02075,1776073.6267933191,0
CDR,D,20110228,000000,5.93749,5.93749,5.46504,5.48351,2876962.238523875,0
CDR,D,20110301,000000,5.26123,6.00218,5.1501,5.73367,3937034.385000309,0
CDR,D,20110302,000000,5.66877,5.98373,5.60397,5.61321,2367467.1829230944,0
CDR,D,20110303,000000,5.65954,5.82625,5.55763,5.65954,864772.1590341039,0
CDR,D,20110304,000000,5.66877,5.77991,5.61321,5.70578,811888.7272913972,0
CDR,D,20110307,000000,5.72443,6.02075,5.57619,5.88191,2061493.462657327,0
CDR,D,20110308,000000,5.95595,6.45607,5.88191,6.31715,4101259.5919832136,0
CDR,D,20110309,000000,6.39137,6.84515,6.34503,6.84515,6581758.728341153,0
CDR,D,20110310,000000,6.80815,6.93783,6.65989,6.73392,2535199.3552585077,0
CDR,D,20110311,000000,6.59509,6.73392,6.4005,6.5024,1704353.2517134552,0
CDR,D,20110314,000000,6.47463,6.91927,6.45607,6.79882,1744287.5715882971,0
CDR,D,20110315,000000,6.66921,6.76181,6.20601,6.5024,2824214.679815074,0
CDR,D,20110316,000000,6.66921,6.80815,6.54875,6.58577,1561871.8475204483,0
CDR,D,20110317,000000,6.65989,6.73392,6.60432,6.66921,748643.9473720992,0
CDR,D,20110318,000000,6.71547,6.72479,6.41905,6.54875,857320.7583336722,0
CDR,D,20110321,000000,6.66921,6.80815,6.62287,6.72479,740667.5826770216,0
CDR,D,20110322,000000,6.72479,6.77103,6.64143,6.74334,403764.2190561934,0
CDR,D,20110323,000000,6.72479,7.16934,6.65989,7.13224,3016215.6288204547,0
CDR,D,20110324,000000,7.21578,7.40095,7.04888,7.16934,2332277.096482253,0
CDR,D,20110325,000000,7.24337,7.31759,7.04888,7.30828,1122931.952799632,0
CDR,D,20110328,000000,7.37315,7.68802,7.36393,7.62323,2680871.717066186,0
CDR,D,20110329,000000,7.74369,7.82705,7.5492,7.7807,1627277.2145471135,0
CDR,D,20110330,000000,7.85473,7.85473,7.64168,7.69735,1060726.8074579265,0
CDR,D,20110331,000000,7.6788,7.69735,7.41951,7.59554,1226045.1747591388,0
CDR,D,20110401,000000,7.64168,7.73446,7.59554,7.68802,420674.23573068966,0
CDR,D,20110404,000000,7.72504,7.90108,7.58622,7.75292,1433371.9843846292,0
CDR,D,20110405,000000,7.85473,7.9752,7.7807,7.86406,1350256.80259754,0
CDR,D,20110406,000000,7.95664,7.96598,7.61399,7.66023,1372617.1807457642,0
CDR,D,20110407,000000,7.65101,7.92896,7.51208,7.71581,1704691.9049571103,0
CDR,D,20110408,000000,7.75292,7.92896,7.70659,7.71581,996933.3886971952,0
CDR,D,20110411,000000,7.7807,7.81771,7.59554,7.71581,367521.11660250084,0
CDR,D,20110412,000000,7.7807,7.7807,7.63255,7.69735,504755.9688726591,0
CDR,D,20110413,000000,7.69735,7.89194,7.69735,7.89194,749118.4736496002,0
CDR,D,20110414,000000,7.94751,8.0401,7.71581,7.77148,1289273.4852197785,0
CDR,D,20110415,000000,7.86406,8.38274,7.82705,8.3364,3481054.77661811,0
CDR,D,20110418,000000,8.52177,8.93834,8.07711,8.54945,5381012.700759084,0
CDR,D,20110419,000000,8.64213,8.83673,8.48455,8.71636,1219954.5630801972,0
CDR,D,20110420,000000,8.87374,9.06805,8.75336,8.96651,2252748.139317334,0
CDR,D,20110421,000000,9.00294,9.01236,8.79961,8.984,1320329.737538186,0
CDR,D,20110426,000000,9.03122,9.15206,9.03122,9.08699,965171.0083389706,0
CDR,D,20110427,000000,9.15206,9.15206,9.01236,9.04064,572596.7570980033,0
CDR,D,20110428,000000,9.10583,9.1238,8.75336,8.90151,828416.8583933228,0
CDR,D,20110429,000000,8.88296,8.89219,8.01221,8.41986,4468082.815275156,0
CDR,D,20110502,000000,8.26237,8.41052,7.7807,8.04933,2196165.2554241694,0
CDR,D,20110504,000000,7.8733,8.52177,7.63255,8.38274,3398032.2355359118,0
CDR,D,20110505,000000,8.5033,8.5033,8.22536,8.3364,572839.6816131782,0
CDR,D,20110506,000000,8.26237,8.41052,8.01221,8.24391,610065.8048803593,0
CDR,D,20110509,000000,8.24391,8.47542,8.23448,8.25305,735574.4025878168,0
CDR,D,20110510,000000,8.34573,8.36428,8.25305,8.29939,341820.52637066116,0
CDR,D,20110511,000000,8.3364,8.70693,8.31794,8.62359,1609885.466206947,0
CDR,D,20110512,000000,8.70693,8.74395,8.47542,8.5681,964027.4103035885,0
CDR,D,20110513,000000,8.61434,8.78096,8.39207,8.44754,1073979.5749698102,0
CDR,D,20110516,000000,8.60511,8.68846,7.98452,8.35505,1163289.3318937405,0
CDR,D,20110517,000000,8.35505,8.35505,7.7807,7.9752,2446297.2174363956,0
CDR,D,20110518,000000,7.66023,8.26237,7.65101,8.25305,2132271.990570238,0
CDR,D,20110519,000000,8.38274,8.5681,8.3364,8.51243,1410778.975132869,0
CDR,D,20110520,000000,8.57733,8.61434,8.3364,8.42908,678834.0294962479,0
CDR,D,20110523,000000,8.29016,8.29939,8.00299,8.01221,739521.9259592998,0
CDR,D,20110524,000000,8.05865,8.13267,7.70659,8.04933,911687.4706965259,0
CDR,D,20110525,000000,7.99375,8.01221,7.69735,7.71581,1012269.5427289638,0
CDR,D,20110526,000000,7.82705,7.95664,7.72504,7.7807,594373.4988051977,0
CDR,D,20110527,000000,7.81771,7.93809,7.73446,7.91963,396601.0338822221,0
CDR,D,20110530,000000,8.15114,8.34573,8.05865,8.07711,999469.6853301437,0
CDR,D,20110531,000000,8.16045,8.2716,7.8733,8.2716,1125793.521241037,0
CDR,D,20110601,000000,8.28092,8.28092,8.07711,8.21604,365433.6127179261,0
CDR,D,20110602,000000,7.94751,8.21604,7.91963,8.15114,545215.2527421268,0
CDR,D,20110603,000000,8.24391,8.24391,7.82705,7.8733,932348.4065797953,0
CDR,D,20110606,000000,7.7807,8.01221,7.59554,7.76215,718336.0260813745,0
CDR,D,20110607,000000,7.7807,7.80849,7.68802,7.77148,383609.71902657184,0
CDR,D,20110608,000000,7.72504,7.73446,7.33614,7.60467,906569.5864193336,0
CDR,D,20110609,000000,7.41951,7.57688,7.08599,7.08599,1257975.3377275467,0
CDR,D,20110610,000000,6.85448,7.39162,6.68778,7.31759,2303000.5750397523,0
CDR,D,20110613,000000,7.31759,7.43805,7.08599,7.43805,587726.0135553831,0
CDR,D,20110614,000000,7.39162,7.77148,7.33614,7.59554,1082724.8575158685,0
CDR,D,20110615,000000,7.61399,7.69735,7.35461,7.35461,452884.3794961081,0
CDR,D,20110616,000000,7.22491,7.30828,7.05821,7.21578,495598.9498602133,0
CDR,D,20110617,000000,7.07676,7.17868,6.96562,7.12309,433133.38120354485,0
CDR,D,20110620,000000,7.04888,7.04888,6.78035,6.78035,598496.0101748925,0
CDR,D,20110621,000000,6.77103,7.03033,6.62287,6.90073,759967.7295388913,0
CDR,D,20110622,000000,6.98408,6.98408,6.65067,6.79882,320535.809740796,0
CDR,D,20110624,000000,6.65989,6.74334,6.33571,6.57654,864134.9968523594,0
CDR,D,20110627,000000,6.40983,6.53029,6.03007,6.1041,1300460.3650116052,0
CDR,D,20110628,000000,5.94671,6.05786,5.79856,5.89106,1671981.5013850036,0
CDR,D,20110629,000000,5.9745,6.85448,5.92807,6.85448,3107116.747186981,0
CDR,D,20110630,000000,6.90073,7.05821,6.57654,6.94696,1821031.1315581435,0
CDR,D,20110701,000000,6.92852,7.01187,6.78035,6.85448,352434.0631329366,0
CDR,D,20110704,000000,6.86371,6.90995,6.64143,6.64143,297266.5233429656,0
CDR,D,20110705,000000,6.51175,6.60432,6.28013,6.29859,1186971.3840990681,0
CDR,D,20110706,000000,6.30793,6.47463,6.02075,6.06709,996325.0480681179,0
CDR,D,20110707,000000,6.03007,6.59509,6.03007,6.54875,1568192.0022793962,0
CDR,D,20110708,000000,6.57654,6.65067,6.31715,6.39137,684695.0980952636,0
CDR,D,20110711,000000,6.41905,6.70633,6.40983,6.48396,738865.2062954175,0
CDR,D,20110712,000000,6.38204,6.66921,6.17823,6.62287,1363499.2766977246,0
CDR,D,20110713,000000,6.67845,6.91927,6.66921,6.90073,1136189.8670172647,0
CDR,D,20110714,000000,6.93783,7.03974,6.79882,6.80815,841881.6701853443,0
CDR,D,20110715,000000,6.76181,6.78958,6.63211,6.65067,498982.39427274436,0
CDR,D,20110718,000000,6.54875,6.61356,6.29859,6.40983,766919.8997738245,0
CDR,D,20110719,000000,6.48396,6.65067,6.43752,6.49328,510479.10575542884,0
CDR,D,20110720,000000,6.63211,6.65067,6.43752,6.44684,227635.71082999598,0
CDR,D,20110721,000000,6.53029,6.61356,6.39137,6.53029,449891.0553854768,0
CDR,D,20110722,000000,6.63211,6.74334,6.53029,6.57654,408057.6010594407,0
CDR,D,20110725,000000,6.57654,6.65989,6.49328,6.53952,224993.39205695846,0
CDR,D,20110726,000000,6.61356,6.61356,6.53029,6.53029,140511.24520142033,0
CDR,D,20110727,000000,6.52097,6.52097,6.12264,6.31715,1144832.2154467336,0
CDR,D,20110728,000000,6.25234,6.44684,6.19687,6.41905,332917.7546262092,0
CDR,D,20110729,000000,6.31715,6.39137,6.20601,6.29859,301789.44842621917,0
CDR,D,20110801,000000,6.44684,6.44684,5.81703,5.81703,1980669.5943055614,0
CDR,D,20110802,000000,5.58552,5.69656,5.26123,5.42803,1918812.3662780004,0
CDR,D,20110803,000000,5.27978,5.51129,4.75178,4.90925,1851327.7300960491,0
CDR,D,20110804,000000,5.06674,5.22422,4.13109,4.30711,3266717.1243112325,0
CDR,D,20110805,000000,3.89035,4.81668,3.71441,4.30711,7154669.434494773,0
CDR,D,20110808,000000,4.30711,4.67776,4.08494,4.65929,7321049.052538086,0
CDR,D,20110809,000000,4.77033,4.87214,4.37202,4.85368,4930131.419171889,0
CDR,D,20110810,000000,5.18719,5.25199,4.53873,4.64064,3628127.042411343,0
CDR,D,20110811,000000,4.87214,4.96482,4.47383,4.89994,3133878.588160911,0
CDR,D,20110812,000000,4.89994,5.09442,4.74255,5.00184,2508093.7143351734,0
CDR,D,20110816,000000,5.09442,5.09442,4.79812,5.01116,1269215.7432598872,0
CDR,D,20110817,000000,4.87214,5.00184,4.84446,4.94628,816492.9703267824,0
CDR,D,20110818,000000,4.80734,4.86292,4.07562,4.26088,1963148.148978448,0
CDR,D,20110819,000000,4.13109,4.52951,4.04784,4.3998,1865431.7627521148,0
CDR,D,20110822,000000,4.44615,4.761,4.39048,4.67776,1126634.49297362,0
CDR,D,20110823,000000,4.761,4.98329,4.54806,4.74255,1694424.2268265188,0
CDR,D,20110824,000000,4.80734,4.8908,4.66843,4.77033,891993.0861680767,0
CDR,D,20110825,000000,4.87214,4.87214,4.69631,4.72389,497585.5783105285,0
CDR,D,20110826,000000,4.51094,4.80734,4.44615,4.79812,1314528.3707268245,0
CDR,D,20110829,000000,4.85368,4.98329,4.77033,4.79812,1713805.6916406108,0
CDR,D,20110830,000000,4.86292,4.91849,4.59439,4.68687,1187805.150443482,0
CDR,D,20110831,000000,4.74255,4.74255,4.54806,4.72389,893073.8943923453,0
CDR,D,20110901,000000,4.66843,4.66843,4.47383,4.53873,622461.1312009312,0
CDR,D,20110902,000000,4.4924,4.55727,4.25156,4.51094,753271.8652542818,0
CDR,D,20110905,000000,4.28857,4.41836,4.1682,4.1682,511488.88943924475,0
CDR,D,20110906,000000,4.15897,4.31644,4.07562,4.20532,770184.9699522677,0
CDR,D,20110907,000000,4.31644,4.37202,4.26088,4.35346,425031.4368862203,0
CDR,D,20110908,000000,4.37202,4.38134,4.26088,4.27011,272027.0779534583,0
CDR,D,20110909,000000,4.21453,4.22387,4.06638,4.06638,401682.89121860807,0
CDR,D,20110912,000000,3.79767,3.89035,3.64951,3.7051,1130390.5588882228,0
CDR,D,20110913,000000,3.89035,3.89035,3.50127,3.51973,1009679.7203553708,0
CDR,D,20110914,000000,3.3809,3.51973,3.35312,3.39023,678690.9510741726,0
CDR,D,20110915,000000,3.44569,3.65875,3.44569,3.65875,907368.3551641311,0
CDR,D,20110916,000000,3.77912,3.82556,3.65875,3.77912,815813.6051572324,0
CDR,D,20110919,000000,3.56616,3.64951,3.49213,3.53838,668516.9429897718,0
CDR,D,20110920,000000,3.52915,3.67731,3.50127,3.67731,434441.67382547987,0
CDR,D,20110921,000000,3.69576,3.69576,3.58463,3.6125,350069.66647471045,0
CDR,D,20110922,000000,3.49213,3.52915,3.24196,3.29755,628974.8020991595,0
CDR,D,20110923,000000,3.26054,3.28823,2.96413,3.24196,1406826.3050555768,0
CDR,D,20110926,000000,3.07517,3.3809,3.06593,3.27908,938101.394356392,0
CDR,D,20110927,000000,3.36235,3.40868,3.20487,3.20487,635342.3065518228,0
CDR,D,20110928,000000,3.14006,3.23265,3.06593,3.20487,890884.4857323411,0
CDR,D,20110929,000000,3.14929,3.35312,3.13084,3.33457,594682.3011549857,0
CDR,D,20110930,000000,3.3161,3.48271,3.26976,3.3161,618341.707854726,0
CDR,D,20111003,000000,3.21419,3.27908,3.19563,3.21419,351677.49737594463,0
CDR,D,20111004,000000,3.14929,3.17717,3.02892,3.12151,434691.8037288141,0
CDR,D,20111005,000000,3.19563,3.39023,3.14006,3.39023,686154.703868593,0
CDR,D,20111006,000000,3.44569,3.56616,3.35312,3.47358,834001.0342186969,0
CDR,D,20111007,000000,3.54761,3.58463,3.45504,3.57549,654581.7222849089,0
CDR,D,20111010,000000,3.58463,3.89035,3.58463,3.86256,914320.5253990643,0
CDR,D,20111011,000000,3.8719,3.98304,3.82556,3.8719,954625.4080936481,0
CDR,D,20111012,000000,3.84401,4.02928,3.74211,3.90892,1133618.5727847503,0
CDR,D,20111013,000000,3.88103,3.96447,3.71441,3.75143,1077529.7726512342,0
CDR,D,20111014,000000,3.78854,3.81612,3.65875,3.78854,281775.968136333,0
CDR,D,20111017,000000,3.85324,3.90892,3.69576,3.75143,652039.249604971,0
CDR,D,20111018,000000,3.66798,3.807,3.63097,3.77912,371102.1945189015,0
CDR,D,20111019,000000,3.82556,3.86256,3.75143,3.83479,287914.9588501499,0
CDR,D,20111020,000000,3.75143,3.78854,3.67731,3.67731,293693.68015589396,0
CDR,D,20111021,000000,3.76999,4.14041,3.71441,4.11264,1166013.9979600294,0
CDR,D,20111024,000000,4.32569,4.761,4.31644,4.761,2793733.8292084974,0
CDR,D,20111025,000000,4.91849,4.93694,4.4646,4.56652,3111696.2860342986,0
CDR,D,20111026,000000,4.59439,4.86292,4.52027,4.78879,1841147.545964599,0
CDR,D,20111027,000000,5.04818,5.42803,4.97415,5.32612,3978521.980694581,0
CDR,D,20111028,000000,5.37237,5.38159,5.14086,5.29825,1569747.3367812461,0
CDR,D,20111031,000000,5.23335,5.23335,5.02972,5.0574,1043925.9009470392,0
CDR,D,20111102,000000,4.62208,5.02972,4.57575,4.98329,3819183.0562264416,0
CDR,D,20111103,000000,4.82591,5.37237,4.81668,5.21488,2773503.157932644,0
CDR,D,20111104,000000,5.36315,5.49274,5.09442,5.16855,1969099.7996000543,0
CDR,D,20111107,000000,5.18719,5.30756,5.18719,5.23335,686053.8284343334,0
CDR,D,20111108,000000,5.35391,5.4465,5.26123,5.27056,901983.8715249565,0
CDR,D,20111109,000000,5.39092,5.39092,4.86292,5.00184,1770470.922826967,0
CDR,D,20111110,000000,4.84446,5.17787,4.74255,5.09442,1173256.4424037426,0
CDR,D,20111114,000000,5.38159,5.49274,5.14086,5.26123,1362794.1779990476,0
CDR,D,20111115,000000,5.28911,5.28911,5.0574,5.16855,766601.8333535473,0
CDR,D,20111116,000000,5.09442,5.36315,5.07597,5.35391,890748.6126984251,0
CDR,D,20111117,000000,5.27978,5.33536,5.16855,5.24277,897328.1614312866,0
CDR,D,20111118,000000,5.23335,5.24277,5.09442,5.12231,596269.545232902,0
CDR,D,20111121,000000,5.0852,5.0852,4.58507,4.6314,1169209.0729392401,0
CDR,D,20111122,000000,4.68687,4.77033,4.4924,4.61286,959239.9445406821,0
CDR,D,20111123,000000,4.50172,4.56652,4.28857,4.43681,806431.16042945,0
CDR,D,20111124,000000,4.3628,4.64064,4.35346,4.62208,645651.1583289899,0
CDR,D,20111125,000000,4.65929,4.81668,4.58507,4.77033,667647.1497045215,0
CDR,D,20111128,000000,4.91849,5.0852,4.8908,5.06674,894974.0581847293,0
CDR,D,20111129,000000,5.06674,5.09442,4.87214,4.88147,626568.2024531276,0
CDR,D,20111130,000000,4.87214,5.04818,4.67776,4.67776,1466696.9046328429,0
CDR,D,20111201,000000,4.82591,4.88147,4.68687,4.72389,621607.8073743291,0
CDR,D,20111202,000000,4.77033,4.84446,4.69631,4.70544,330044.86343199544,0
CDR,D,20111205,000000,4.83513,4.83513,4.70544,4.81668,232272.89278266777,0
CDR,D,20111206,000000,4.77033,4.80734,4.58507,4.6314,315833.7792946609,0
CDR,D,20111207,000000,4.58507,4.70544,4.55727,4.65929,352322.8942870081,0
CDR,D,20111208,000000,4.64988,4.71476,4.51094,4.55727,265524.7298080588,0
CDR,D,20111209,000000,4.43681,4.6314,4.43681,4.6314,363359.4902685,0
CDR,D,20111212,000000,4.65929,4.65929,4.52027,4.55727,225277.49021875914,0
CDR,D,20111213,000000,4.52027,4.66843,4.52027,4.55727,178208.8067226129,0
CDR,D,20111214,000000,4.55727,4.60353,4.52027,4.52951,129453.0330554507,0
CDR,D,20111215,000000,4.51094,4.60353,4.4924,4.58507,252509.74010557093,0
CDR,D,20111216,000000,4.61286,4.65929,4.52951,4.52951,209400.9320748863,0
CDR,D,20111219,000000,4.52951,4.85368,4.45538,4.57575,1003671.4559696204,0
CDR,D,20111220,000000,4.60353,4.79812,4.60353,4.761,629322.7194132637,0
CDR,D,20111221,000000,4.82591,4.96482,4.72389,4.87214,1145809.0602132229,0
CDR,D,20111222,000000,4.9556,5.01116,4.77033,4.79812,911365.2869115691,0
CDR,D,20111223,000000,4.77956,4.86292,4.74255,4.75178,402699.8802905732,0
CDR,D,20111227,000000,4.761,4.81668,4.60353,4.71476,600737.9152343712,0
CDR,D,20111228,000000,4.69631,4.69631,4.56652,4.67776,327382.9871768099,0
CDR,D,20111229,000000,4.61286,4.81668,4.58507,4.81668,957561.0890989853,0
CDR,D,20111230,000000,4.81668,4.89994,4.74255,4.88147,481829.45308308327,0
CDR,D,20120102,000000,4.85368,4.98329,4.85368,4.8908,536958.9072499182,0
CDR,D,20120103,000000,4.87214,4.88147,4.77033,4.77956,357071.24508561846,0
CDR,D,20120104,000000,4.77956,4.82591,4.69631,4.77033,164995.15417510553,0
CDR,D,20120105,000000,4.71476,4.77033,4.66843,4.75178,170681.23477589918,0
CDR,D,20120109,000000,4.73331,4.77033,4.65929,4.75178,185048.77877045757,0
CDR,D,20120110,000000,4.77033,4.90925,4.72389,4.84446,406762.6898726543,0
CDR,D,20120111,000000,4.87214,4.93694,4.75178,4.78879,281765.674724674,0
CDR,D,20120112,000000,4.81668,4.89994,4.77956,4.86292,284781.64434095303,0
CDR,D,20120113,000000,4.89994,4.89994,4.69631,4.75178,476256.60001053795,0
CDR,D,20120116,000000,4.65929,4.77956,4.65929,4.75178,210312.9283479423,0
CDR,D,20120117,000000,4.79812,4.89994,4.75178,4.82591,1049268.1815984885,0
CDR,D,20120118,000000,4.84446,4.8908,4.78879,4.85368,206125.56848479412,0
CDR,D,20120119,000000,4.87214,4.88147,4.79812,4.86292,217767.41707186357,0
CDR,D,20120120,000000,4.82591,4.87214,4.82591,4.85368,93418.88685845454,0
CDR,D,20120123,000000,4.84446,5.51129,4.82591,5.51129,2947214.77310103,0
CDR,D,20120124,000000,5.65031,5.7429,5.51129,5.63165,2819600.14336812,0
CDR,D,20120125,000000,5.65031,5.65031,5.41871,5.60397,1233308.2060262498,0
CDR,D,20120126,000000,5.69656,6.01161,5.55763,5.68733,2146342.054967877,0
CDR,D,20120127,000000,5.678,5.8077,5.58552,5.641,1058217.2736954056,0
CDR,D,20120130,000000,5.62252,5.63165,5.41871,5.61321,813957.7030350039,0
CDR,D,20120131,000000,5.61321,5.73367,5.5483,5.62252,638112.2636294472,0
CDR,D,20120201,000000,5.60397,5.8077,5.60397,5.70578,1028319.0301886285,0
CDR,D,20120202,000000,5.77991,5.77991,5.641,5.678,498799.1715452033,0
CDR,D,20120203,000000,5.69656,5.9096,5.641,5.75212,1572994.908159861,0
CDR,D,20120206,000000,5.75212,5.8077,5.678,5.78914,472416.12812032393,0
CDR,D,20120207,000000,5.79856,5.83558,5.65954,5.75212,561286.3563663696,0
CDR,D,20120208,000000,5.76145,5.9745,5.678,5.8077,1693526.6413297914,0
CDR,D,20120209,000000,5.83558,5.88191,5.69656,5.69656,877106.7542258819,0
CDR,D,20120210,000000,5.69656,5.69656,5.19634,5.47427,1507875.6979773464,0
CDR,D,20120213,000000,5.50215,5.61321,5.42803,5.47427,1348355.609463966,0
CDR,D,20120214,000000,5.51129,5.63165,5.46504,5.53918,574458.8352672411,0
CDR,D,20120215,000000,5.58552,5.62252,5.33536,5.38159,884603.4459376088,0
CDR,D,20120216,000000,5.3168,5.50215,5.11308,5.43727,1206470.1938059875,0
CDR,D,20120217,000000,5.51129,5.60397,5.48351,5.50215,520744.72520361026,0
CDR,D,20120220,000000,5.59464,5.60397,5.47427,5.5483,370136.6725052311,0
CDR,D,20120221,000000,5.5483,5.58552,5.46504,5.57619,251420.69715198324,0
CDR,D,20120222,000000,5.58552,5.60397,5.46504,5.5483,278878.3727541318,0
CDR,D,20120223,000000,5.48351,5.5483,5.47427,5.49274,204607.29026499068,0
CDR,D,20120224,000000,5.49274,5.53918,5.39092,5.47427,213123.02973103253,0
CDR,D,20120227,000000,5.49274,5.49274,5.33536,5.39092,141661.01928380175,0
CDR,D,20120228,000000,5.40016,5.50215,5.35391,5.46504,157776.38457817995,0
CDR,D,20120229,000000,5.51129,5.51129,5.36315,5.43727,212074.1310829107,0
CDR,D,20120301,000000,5.43727,5.43727,5.15932,5.37237,270708.49191986426,0
CDR,D,20120302,000000,5.32612,5.37237,5.26123,5.28911,238560.10862438942,0
CDR,D,20120305,000000,5.27056,5.27978,5.12231,5.1501,300346.312111538,0
CDR,D,20120306,000000,5.14086,5.14086,5.00184,5.01116,624364.3830167948,0
CDR,D,20120307,000000,4.96482,5.13153,4.9556,5.13153,250152.54883550399,0
CDR,D,20120308,000000,5.24277,5.52974,5.16855,5.52974,882143.3205509525,0
CDR,D,20120309,000000,5.65031,5.70578,5.53918,5.641,730025.224362089,0
CDR,D,20120312,000000,5.66877,5.66877,5.46504,5.50215,362124.2808693373,0
CDR,D,20120313,000000,5.55763,5.58552,5.42803,5.50215,192445.6243890948,0
CDR,D,20120314,000000,5.57619,5.66877,5.56696,5.58552,500489.349739719,0
CDR,D,20120315,000000,5.58552,5.92807,5.58552,5.92807,1733374.4965468028,0
CDR,D,20120316,000000,6.04862,6.2339,6.00218,6.09496,1634579.3607785006,0
CDR,D,20120319,000000,6.19687,6.19687,5.93749,6.14112,499409.5708566203,0
CDR,D,20120320,000000,6.11343,6.11343,5.9745,6.02075,416502.31598501984,0
CDR,D,20120321,000000,6.02075,6.1041,5.9745,6.0393,346304.3364896088,0
CDR,D,20120322,000000,6.03007,6.04862,5.52974,5.65031,1512843.2984442941,0
CDR,D,20120323,000000,5.65031,5.89106,5.65031,5.88191,744135.4330651539,0
CDR,D,20120326,000000,5.96517,6.17823,5.87258,6.11343,950279.5296909362,0
CDR,D,20120327,000000,6.26158,6.37271,6.11343,6.24312,1354207.4139925127,0
CDR,D,20120328,000000,6.11343,6.41905,6.09496,6.29859,614957.234101025,0
CDR,D,20120329,000000,6.28936,6.28936,6.11343,6.27091,366140.7700989532,0
CDR,D,20120330,000000,6.32647,6.44684,6.30793,6.40983,604502.215878303,0
CDR,D,20120402,000000,6.46539,6.48396,6.22446,6.22446,655257.9994309491,0
CDR,D,20120403,000000,6.25234,6.27091,6.06709,6.12264,569395.5060718533,0
CDR,D,20120404,000000,6.03007,6.06709,5.78914,5.83558,960248.6988833282,0
CDR,D,20120405,000000,5.84471,6.09496,5.65954,6.04862,1225144.5012389817,0
CDR,D,20120410,000000,6.06709,6.15044,5.70578,5.72443,613603.6504677846,0
CDR,D,20120411,000000,5.70578,5.91894,5.55763,5.81703,837791.0683917861,0
CDR,D,20120412,000000,5.90047,5.92807,5.7429,5.92807,325949.1149326178,0
CDR,D,20120413,000000,5.94671,5.96517,5.79856,5.88191,367610.6692839416,0
CDR,D,20120416,000000,5.79856,5.96517,5.79856,5.88191,280907.20419225254,0
CDR,D,20120417,000000,5.87258,6.08564,5.59464,5.59464,1522118.6916908477,0
CDR,D,20120418,000000,5.59464,5.71511,5.32612,5.71511,1310446.0036625853,0
CDR,D,20120419,000000,5.73367,5.73367,5.47427,5.58552,516141.51150941494,0
CDR,D,20120420,000000,5.52974,5.55763,5.41871,5.47427,431975.3723918343,0
CDR,D,20120423,000000,5.37237,5.37237,4.81668,4.81668,1900229.6702087864,0
CDR,D,20120424,000000,4.87214,5.02031,4.55727,4.96482,2430388.7497162856,0
CDR,D,20120425,000000,5.03895,5.04818,4.84446,4.9556,601757.992329846,0
CDR,D,20120426,000000,5.02972,5.02972,4.79812,4.86292,776073.8307627604,0
CDR,D,20120427,000000,4.81668,5.0852,4.80734,4.98329,693387.8842418472,0
CDR,D,20120430,000000,5.07597,5.18719,5.02972,5.14086,382326.13059260417,0
CDR,D,20120502,000000,5.21488,5.25199,4.98329,4.99271,315384.98654629715,0
CDR,D,20120504,000000,4.8908,4.90925,4.68687,4.68687,711561.9318681529,0
CDR,D,20120507,000000,4.4924,4.77033,4.41836,4.72389,1275999.1015435879,0
CDR,D,20120508,000000,4.761,4.89994,4.72389,4.86292,565193.7354323866,0
CDR,D,20120509,000000,4.89994,4.92781,4.67776,4.81668,298316.4513322473,0
CDR,D,20120510,000000,4.77956,4.85368,4.77033,4.77033,128339.2859138655,0
CDR,D,20120511,000000,4.81668,4.81668,4.67776,4.75178,132768.5409510288,0
CDR,D,20120514,000000,4.73331,4.73331,4.58507,4.6314,429464.80928803317,0
CDR,D,20120515,000000,4.54806,4.62208,4.44615,4.44615,295745.1570996624,0
CDR,D,20120516,000000,4.1682,4.47383,4.05706,4.41836,1290956.4580262552,0
CDR,D,20120517,000000,4.44615,4.4646,4.21453,4.39048,734261.9926012021,0
CDR,D,20120518,000000,4.298,4.44615,4.17743,4.44615,303603.1475606521,0
CDR,D,20120521,000000,4.4646,4.54806,4.38134,4.4275,482487.2020881354,0
CDR,D,20120522,000000,4.3998,4.43681,4.30711,4.30711,115846.17218253383,0
CDR,D,20120523,000000,4.27011,4.27011,4.0386,4.06638,704853.7154895448,0
CDR,D,20120524,000000,4.09407,4.15897,3.91814,4.07562,428653.68844925676,0
CDR,D,20120525,000000,4.02928,4.22387,4.02928,4.1682,343708.33806904644,0
CDR,D,20120528,000000,4.26088,4.28857,4.17743,4.20532,76936.04676783328,0
CDR,D,20120529,000000,4.20532,4.33501,4.12196,4.30711,208826.55970428558,0
CDR,D,20120530,000000,4.298,4.298,4.17743,4.18685,192961.32431325165,0
CDR,D,20120531,000000,4.22387,4.31644,4.1682,4.26088,328301.1594968553,0
CDR,D,20120601,000000,4.31644,4.31644,4.19599,4.298,164281.8207470891,0
CDR,D,20120604,000000,4.23309,4.3628,4.21453,4.298,190543.401914391,0
CDR,D,20120605,000000,4.298,4.30711,4.1034,4.298,262283.33447642304,0
CDR,D,20120606,000000,4.30711,4.3998,4.28857,4.3998,246702.19724718982,0
CDR,D,20120608,000000,4.39048,4.39048,4.30711,4.35346,191023.0748977315,0
CDR,D,20120611,000000,4.44615,4.4924,4.35346,4.35346,140630.64877667802,0
CDR,D,20120612,000000,4.34423,4.39048,4.13109,4.32569,2008493.7153628021,0
CDR,D,20120613,000000,4.35346,4.35346,4.20532,4.21453,388312.77881385677,0
CDR,D,20120614,000000,4.24233,4.24233,4.13109,4.20532,665203.4937765135,0
CDR,D,20120615,000000,4.21453,4.43681,4.19599,4.30711,382037.91506613384,0
CDR,D,20120618,000000,4.35346,4.48325,4.27934,4.33501,234420.09845487637,0
CDR,D,20120619,000000,4.34423,4.53873,4.27011,4.52027,453800.4931338136,0
CDR,D,20120620,000000,4.52951,4.53873,4.4275,4.4924,258155.67640089872,0
CDR,D,20120621,000000,4.4646,4.77033,4.38134,4.66843,830590.8269358486,0
CDR,D,20120622,000000,4.62208,4.761,4.56652,4.64064,237816.92430256607,0
CDR,D,20120625,000000,4.60353,4.62208,4.53873,4.54806,96642.7833902621,0
CDR,D,20120626,000000,4.53873,4.66843,4.52951,4.62208,135800.98002595606,0
CDR,D,20120627,000000,4.57575,4.62208,4.57575,4.60353,113485.89288896721,0
CDR,D,20120628,000000,4.59439,4.6314,4.37202,4.6314,271278.74692579545,0
CDR,D,20120629,000000,4.60353,4.75178,4.58507,4.75178,413094.1673845113,0
CDR,D,20120702,000000,4.72389,4.72389,4.56652,4.56652,407212.5119621778,0
CDR,D,20120703,000000,4.57575,4.6314,4.51094,4.51094,143357.37352531683,0
CDR,D,20120704,000000,4.51094,4.52027,4.37202,4.37202,327470.48117591086,0
CDR,D,20120705,000000,4.3628,4.47383,4.31644,4.37202,320420.5235302079,0
CDR,D,20120706,000000,4.3628,4.41836,4.30711,4.31644,110377.28256774777,0
CDR,D,20120709,000000,4.28857,4.48325,4.26088,4.45538,224125.65745404793,0
CDR,D,20120710,000000,4.4924,4.51094,4.37202,4.37202,149437.6917926798,0
CDR,D,20120711,000000,4.3628,4.40903,4.08494,4.08494,335834.90749055834,0
CDR,D,20120712,000000,4.08494,4.25156,4.08494,4.24233,345249.26179448754,0
CDR,D,20120713,000000,4.26088,4.38134,4.25156,4.35346,207382.3940484345,0
CDR,D,20120716,000000,4.3628,4.3628,4.22387,4.25156,91606.21706518748,0
CDR,D,20120717,000000,4.298,4.298,4.23309,4.26088,107529.09556152149,0
CDR,D,20120718,000000,4.34423,4.41836,4.30711,4.34423,200214.0621686437,0
CDR,D,20120719,000000,4.38134,4.39048,4.34423,4.3628,50426.394379532976,0
CDR,D,20120720,000000,4.3628,4.44615,4.35346,4.40903,150228.2258081383,0
CDR,D,20120723,000000,4.30711,4.33501,4.23309,4.27934,234755.66367498177,0
CDR,D,20120724,000000,4.18685,4.38134,4.18685,4.38134,126190.02155932716,0
CDR,D,20120725,000000,4.33501,4.35346,4.26088,4.27011,128139.5937276661,0
CDR,D,20120726,000000,4.28857,4.28857,4.21453,4.28857,91056.54888256115,0
CDR,D,20120727,000000,4.25156,4.30711,4.22387,4.23309,53386.7795728517,0
CDR,D,20120730,000000,4.19599,4.23309,4.17743,4.21453,192856.33151431242,0
CDR,D,20120731,000000,4.23309,4.23309,4.08494,4.15897,97202.74498454835,0
CDR,D,20120801,000000,4.14041,4.1682,4.09407,4.14974,37830.346531600895,0
CDR,D,20120802,000000,4.13109,4.22387,4.12196,4.14974,59381.662523441504,0
CDR,D,20120803,000000,4.14974,4.25156,4.14974,4.20532,45284.83525553018,0
CDR,D,20120806,000000,4.23309,4.23309,4.1682,4.21453,32286.315011704603,0
CDR,D,20120807,000000,4.19599,4.20532,4.15897,4.17743,19524.54323605261,0
CDR,D,20120808,000000,4.18685,4.18685,4.13109,4.15897,23082.97564679866,0
CDR,D,20120809,000000,4.21453,4.37202,4.21453,4.27934,169567.48763432403,0
CDR,D,20120810,000000,4.33501,4.35346,4.22387,4.25156,81812.03587101646,0
CDR,D,20120813,000000,4.21453,4.26088,4.21453,4.22387,32598.205384993442,0
CDR,D,20120814,000000,4.298,4.298,4.22387,4.22387,26266.727873132346,0
CDR,D,20120816,000000,4.22387,4.28857,4.18685,4.25156,71698.75891539635,0
CDR,D,20120817,000000,4.25156,4.26088,4.20532,4.22387,74512.97766314915,0
CDR,D,20120820,000000,4.17743,4.21453,4.17743,4.20532,26543.620646777796,0
CDR,D,20120821,000000,4.18685,4.22387,4.17743,4.18685,24496.261067669915,0
CDR,D,20120822,000000,4.18685,4.26088,4.1682,4.25156,102291.80770909159,0
CDR,D,20120823,000000,4.23309,4.25156,4.1682,4.21453,58386.289615951144,0
CDR,D,20120824,000000,4.23309,4.23309,4.17743,4.17743,54947.26078045678,0
CDR,D,20120827,000000,4.18685,4.24233,4.18685,4.22387,47143.82540126548,0
CDR,D,20120828,000000,4.24233,4.24233,4.18685,4.18685,40872.04967703123,0
CDR,D,20120829,000000,4.17743,4.17743,3.89035,4.12196,618895.4934020189,0
CDR,D,20120830,000000,4.14974,4.22387,3.99217,4.17743,249636.84891135717,0
CDR,D,20120831,000000,4.14041,4.19599,4.12196,4.12196,23575.000724129917,0
CDR,D,20120903,000000,4.12196,4.1682,4.09407,4.1034,35371.25048610648,0
CDR,D,20120904,000000,4.09407,4.09407,4.02928,4.02928,38577.64821809183,0
CDR,D,20120905,000000,4.02005,4.02005,3.91814,3.96447,117161.67019263818,0
CDR,D,20120906,000000,3.93668,4.12196,3.93668,4.09407,246976.00199733156,0
CDR,D,20120907,000000,4.09407,4.20532,4.04784,4.12196,245790.20097414387,0
CDR,D,20120910,000000,4.12196,4.14974,4.06638,4.06638,77617.470619703,0
CDR,D,20120911,000000,4.07562,4.14974,4.05706,4.12196,164730.61349545285,0
CDR,D,20120912,000000,4.1682,4.44615,4.15897,4.40903,671152.0563746401,0
CDR,D,20120913,000000,4.43681,4.43681,4.298,4.35346,111954.23323401516,0
CDR,D,20120914,000000,4.47383,4.53873,4.45538,4.51094,504688.0323556961,0
CDR,D,20120917,000000,4.53873,4.53873,4.43681,4.50172,158739.84790952058,0
CDR,D,20120918,000000,4.50172,4.50172,4.43681,4.47383,113788.51919176601,0
CDR,D,20120919,000000,4.4924,4.56652,4.44615,4.53873,304812.6234306574,0
CDR,D,20120920,000000,4.51094,4.61286,4.50172,4.57575,137144.27024754754,0
CDR,D,20120921,000000,4.6314,4.71476,4.62208,4.69631,240061.9173855446,0
CDR,D,20120924,000000,4.69631,4.74255,4.6314,4.73331,242110.30630581334,0
CDR,D,20120925,000000,4.71476,4.80734,4.71476,4.80734,157526.25467484572,0
CDR,D,20120926,000000,4.75178,4.761,4.68687,4.72389,217461.70274558515,0
CDR,D,20120927,000000,4.72389,4.9556,4.72389,4.91849,244793.7987254866,0
CDR,D,20120928,000000,4.9556,5.02031,4.81668,4.82591,268994.638878531,0
CDR,D,20121001,000000,4.78879,4.89994,4.69631,4.85368,100245.47747114458,0
CDR,D,20121002,000000,4.86292,4.90925,4.85368,4.86292,138420.6532933459,0
CDR,D,20121003,000000,4.89994,4.90925,4.86292,4.88147,258373.8967280762,0
CDR,D,20121004,000000,4.90925,5.02972,4.90925,5.00184,131452.01359975454,0
CDR,D,20121005,000000,4.96482,5.04818,4.96482,5.00184,256351.24133695476,0
CDR,D,20121008,000000,5.00184,5.00184,4.86292,4.93694,135354.2459599221,0
CDR,D,20121009,000000,4.94628,4.99271,4.92781,4.9556,405192.9445945461,0
CDR,D,20121010,000000,4.92781,4.94628,4.83513,4.91849,330255.87837102363,0
CDR,D,20121011,000000,4.88147,5.11308,4.88147,5.06674,451473.15275757364,0
CDR,D,20121012,000000,5.07597,5.11308,5.03895,5.07597,351746.4632340675,0
CDR,D,20121015,000000,5.0852,5.10375,5.03895,5.10375,247041.87983195475,0
CDR,D,20121016,000000,5.11308,5.14086,5.09442,5.10375,289811.0052778644,0
CDR,D,20121017,000000,5.12231,5.12231,5.0852,5.11308,242331.6146564905,0
CDR,D,20121018,000000,5.11308,5.23335,5.10375,5.14086,237430.9213653259,0
CDR,D,20121019,000000,5.17787,5.20566,5.11308,5.11308,162031.68095828113,0
CDR,D,20121022,000000,4.73331,5.11308,4.73331,4.87214,344828.261257611,0
CDR,D,20121023,000000,4.89994,4.89994,4.74255,4.77033,312798.2521962239,0
CDR,D,20121024,000000,4.72389,4.80734,4.71476,4.79812,110130.24068792326,0
CDR,D,20121025,000000,4.80734,4.86292,4.77033,4.83513,163356.44303888452,0
CDR,D,20121026,000000,4.84446,4.84446,4.70544,4.72389,97144.0725380874,0
CDR,D,20121029,000000,4.71476,4.83513,4.70544,4.81668,137780.40308811193,0
CDR,D,20121030,000000,4.85368,4.8908,4.77956,4.85368,22562.129016820374,0
CDR,D,20121031,000000,4.8908,4.91849,4.81668,4.88147,100297.97387060917,0
CDR,D,20121102,000000,4.90925,4.99271,4.90925,4.99271,42114.464464353114,0
CDR,D,20121105,000000,5.00184,5.00184,4.81668,4.93694,51234.42719481666,0
CDR,D,20121106,000000,4.91849,4.93694,4.86292,4.88147,52261.709678450716,0
CDR,D,20121107,000000,4.88147,4.92781,4.82591,4.86292,78834.15187787554,0
CDR,D,20121108,000000,4.83513,4.87214,4.79812,4.82591,69303.48202219134,0
CDR,D,20121109,000000,4.82591,4.86292,4.78879,4.79812,77750.25563011332,0
CDR,D,20121112,000000,4.79812,4.85368,4.77033,4.85368,237655.3177395027,0
CDR,D,20121113,000000,4.90925,5.03895,4.8908,4.8908,631147.7413005154,0
CDR,D,20121114,000000,4.92781,5.01116,4.90925,5.00184,134326.96347629806,0
CDR,D,20121115,000000,5.00184,5.02031,4.96482,4.98329,36762.91974249297,0
CDR,D,20121116,000000,4.98329,5.32612,4.9556,5.27978,634339.7282561762,0
CDR,D,20121119,000000,5.32612,5.40948,5.32612,5.40016,238680.54154081704,0
CDR,D,20121120,000000,5.37237,5.73367,5.35391,5.69656,539100.9662162974,0
CDR,D,20121121,000000,5.68733,5.68733,5.48351,5.5483,224412.8436393483,0
CDR,D,20121122,000000,5.5483,5.60397,5.51129,5.51129,74987.50394065921,0
CDR,D,20121123,000000,5.53918,5.59464,5.51129,5.59464,64912.31260817918,0
CDR,D,20121126,000000,5.60397,5.83558,5.55763,5.83558,593460.4731909818,0
CDR,D,20121127,000000,5.83558,5.9096,5.7429,5.87258,324449.3648538024,0
CDR,D,20121128,000000,5.83558,5.83558,5.62252,5.68733,185753.87746914488,0
CDR,D,20121129,000000,5.7429,5.77991,5.68733,5.73367,56056.890557369356,0
CDR,D,20121130,000000,5.73367,5.75212,5.60397,5.63165,118052.05030119634,0
CDR,D,20121203,000000,5.65031,5.678,5.40948,5.641,194769.87674185514,0
CDR,D,20121204,000000,5.65031,5.77069,5.56696,5.73367,194110.06905446318,0
CDR,D,20121205,000000,5.76145,5.78914,5.65954,5.72443,169996.72290052974,0
CDR,D,20121206,000000,5.69656,5.78914,5.69656,5.7429,275355.967284195,0
CDR,D,20121207,000000,5.72443,5.7429,5.68733,5.7429,40847.34548904777,0
CDR,D,20121210,000000,5.7429,5.77069,5.69656,5.7429,36671.30837872141,0
CDR,D,20121211,000000,5.75212,5.88191,5.75212,5.88191,265736.774088247,0
CDR,D,20121212,000000,5.89106,6.02075,5.89106,5.99297,912061.1215397674,0
CDR,D,20121213,000000,5.9745,6.00218,5.83558,5.83558,82010.69871604798,0
CDR,D,20121214,000000,5.8077,5.83558,5.69656,5.8077,167566.4484076904,0
CDR,D,20121217,000000,5.78914,5.84471,5.76145,5.78914,130792.20591236257,0
CDR,D,20121218,000000,5.78914,5.78914,5.76145,5.77069,88168.21757086,0
CDR,D,20121219,000000,5.77069,5.92807,5.76145,5.90047,311424.08173966565,0
CDR,D,20121220,000000,5.86337,5.86337,5.77069,5.8077,261821.16029290072,0
CDR,D,20121221,000000,5.75212,5.8077,5.65954,5.68733,139542.63516425024,0
CDR,D,20121227,000000,5.63165,5.79856,5.63165,5.79856,317382.93774944113,0
CDR,D,20121228,000000,5.75212,5.8077,5.7429,5.7429,82198.03880825466,0
CDR,D,20130102,000000,5.75212,6.13198,5.75212,6.11343,347487.0494892968,0
CDR,D,20130103,000000,6.11343,6.29859,5.98373,6.24312,381445.014554535,0
CDR,D,20130104,000000,6.13198,6.25234,6.09496,6.15044,169185.60206175342,0
CDR,D,20130107,000000,6.15044,6.29859,6.11343,6.20601,283613.3421175835,0
CDR,D,20130108,000000,6.11343,6.25234,6.11343,6.20601,199198.1024378385,0
CDR,D,20130109,000000,6.2339,6.36349,6.15967,6.17823,295991.1696383371,0
CDR,D,20130110,000000,6.17823,6.20601,6.09496,6.16899,216306.7819573642,0
CDR,D,20130111,000000,6.2339,6.24312,6.02075,6.02075,164401.22432233678,0
CDR,D,20130114,000000,6.07631,6.09496,5.85404,5.86337,284761.0575176351,0
CDR,D,20130115,000000,5.85404,5.88191,5.76145,5.77069,316531.672605189,0
CDR,D,20130116,000000,5.76145,6.01161,5.65031,6.01161,488142.4024539623,0
CDR,D,20130117,000000,5.98373,6.16899,5.90047,6.06709,227111.77617650997,0
CDR,D,20130118,000000,6.1041,6.21533,6.02075,6.20601,328999.0528073732,0
CDR,D,20130121,000000,6.20601,6.25234,6.13198,6.19687,68342.07737317949,0
CDR,D,20130122,000000,6.20601,6.21533,6.11343,6.17823,236169.9784370159,0
CDR,D,20130123,000000,6.18745,6.18745,6.08564,6.15967,84046.73554233002,0
CDR,D,20130124,000000,6.12264,6.18745,6.1041,6.16899,73388.93710991305,0
CDR,D,20130125,000000,6.18745,6.19687,6.1041,6.13198,92666.43846613314,0
CDR,D,20130128,000000,6.13198,6.17823,6.12264,6.14112,107440.57222125062,0
CDR,D,20130129,000000,6.15044,6.15967,6.12264,6.14112,84014.82596618531,0
CDR,D,20130130,000000,6.14112,6.19687,5.86337,6.13198,187586.10474456594,0
CDR,D,20130131,000000,6.05786,6.28936,6.02075,6.22446,116048.95239223294,0
CDR,D,20130201,000000,6.22446,6.28013,6.18745,6.25234,131144.24059112626,0
CDR,D,20130204,000000,6.29859,6.62287,6.29859,6.48396,1076718.6518123373,0
CDR,D,20130205,000000,6.53952,6.66921,6.53029,6.53952,970798.4164933203,0
CDR,D,20130206,000000,6.59509,6.61356,6.32647,6.37271,328719.07201023214,0
CDR,D,20130207,000000,6.37271,6.54875,6.28013,6.44684,212548.65736042178,0
CDR,D,20130208,000000,6.44684,6.52097,6.35426,6.43752,85167.68807206742,0
CDR,D,20130211,000000,6.39137,6.62287,6.39137,6.62287,386994.1927802628,0
CDR,D,20130212,000000,6.57654,6.84515,6.55808,6.78958,544481.3324908025,0
CDR,D,20130213,000000,6.84515,6.96562,6.74334,6.74334,475584.44022916723,0
CDR,D,20130214,000000,6.70633,6.77103,6.58577,6.63211,284862.96229306463,0
CDR,D,20130215,000000,6.66921,6.80815,6.62287,6.78035,98577.94478227853,0
CDR,D,20130218,000000,6.80815,6.92852,6.79882,6.88217,143364.5789134861,0
CDR,D,20130219,000000,6.88217,6.90073,6.76181,6.80815,162236.51985031,0
CDR,D,20130220,000000,6.80815,6.85448,6.66921,6.66921,247408.32528704702,0
CDR,D,20130221,000000,6.53029,6.65989,6.5024,6.65067,332025.31583532126,0
CDR,D,20130222,000000,6.65067,6.83583,6.62287,6.79882,77034.8635197671,0
CDR,D,20130225,000000,6.80815,6.87293,6.77103,6.80815,134657.381990574,0
CDR,D,20130226,000000,6.66921,6.71547,6.53029,6.67845,158667.794027898,0
CDR,D,20130227,000000,6.78958,6.78958,6.70633,6.74334,67400.23020632062,0
CDR,D,20130228,000000,6.76181,6.79882,6.70633,6.78958,76196.97981066948,0
CDR,D,20130301,000000,6.79882,6.79882,6.68778,6.71547,53563.826253398445,0
CDR,D,20130304,000000,6.71547,6.80815,6.67845,6.77103,117593.99348234358,0
CDR,D,20130305,000000,6.72479,7.16934,6.72479,7.03974,528060.2528701359,0
CDR,D,20130306,000000,7.04888,7.08599,7.00273,7.07676,144748.01344054347,0
CDR,D,20130307,000000,7.12309,7.26202,7.03033,7.16011,194888.25097593293,0
CDR,D,20130308,000000,7.16934,7.25279,7.08599,7.13224,219032.47736484316,0
CDR,D,20130311,000000,7.17868,7.30828,7.02119,7.13224,187519.1975687728,0
CDR,D,20130312,000000,7.13224,7.20636,7.08599,7.13224,149852.51628256706,0
CDR,D,20130313,000000,7.06743,7.12309,6.78035,6.95629,195742.60414368482,0
CDR,D,20130314,000000,6.87293,7.13224,6.87293,7.13224,145569.42769097871,0
CDR,D,20130315,000000,7.20636,7.20636,7.05821,7.07676,109357.20547228298,0
CDR,D,20130318,000000,6.90995,7.07676,6.90995,7.07676,75932.43913101577,0
CDR,D,20130319,000000,7.00273,7.07676,6.70633,6.84515,315510.5661685442,0
CDR,D,20130320,000000,6.78035,6.94696,6.71547,6.73392,341262.6234586986,0
CDR,D,20130321,000000,6.73392,6.73392,6.36349,6.59509,1077935.3330706323,0
CDR,D,20130322,000000,6.5024,6.5024,6.15967,6.46539,219342.3090558012,0
CDR,D,20130325,000000,6.48396,6.65067,6.31715,6.42839,127165.83698466653,0
CDR,D,20130326,000000,6.39137,6.41905,6.08564,6.34503,186198.55285284904,0
CDR,D,20130327,000000,6.2339,6.39137,6.15967,6.34503,103969.63380960854,0
CDR,D,20130328,000000,6.34503,6.36349,6.20601,6.36349,153428.4474931383,0
CDR,D,20130402,000000,6.29859,6.35426,6.12264,6.22446,70608.68662063676,0
CDR,D,20130403,000000,6.11343,6.15967,5.84471,6.04862,333844.1616755837,0
CDR,D,20130404,000000,5.87258,6.04862,5.87258,6.02075,91822.37871004119,0
CDR,D,20130405,000000,6.04862,6.41905,5.95595,6.30793,120177.63980891716,0
CDR,D,20130408,000000,6.45607,6.53952,6.37271,6.39137,217846.67634164542,0
CDR,D,20130409,000000,6.40983,6.41905,6.15967,6.2339,56844.336549334155,0
CDR,D,20130410,000000,6.34503,6.40983,6.18745,6.39137,104242.4092185904,0
CDR,D,20130411,000000,6.39137,6.40983,6.34503,6.40983,72190.7839927276,0
CDR,D,20130412,000000,6.43752,6.43752,6.38204,6.40983,38328.54765592752,0
CDR,D,20130415,000000,6.45607,6.45607,6.31715,6.37271,34004.285417703446,0
CDR,D,20130417,000000,6.37271,6.37271,6.19687,6.25234,124074.72546326528,0
CDR,D,20130418,000000,6.25234,6.25234,5.87258,6.16899,173565.44872294174,0
CDR,D,20130419,000000,6.14112,6.20601,6.14112,6.16899,80510.94863723461,0
CDR,D,20130422,000000,6.16899,6.25234,6.15967,6.15967,36228.69167735606,0
CDR,D,20130423,000000,6.15967,6.20601,6.07631,6.07631,85175.92280139457,0
CDR,D,20130424,000000,6.20601,6.22446,6.03007,6.22446,103312.91414572627,0
CDR,D,20130425,000000,6.20601,6.39137,6.20601,6.29859,42353.27161485649,0
CDR,D,20130426,000000,6.30793,6.68778,6.30793,6.65067,228519.9148915548,0
CDR,D,20130429,000000,6.65067,6.85448,6.65067,6.85448,212396.31486785747,0
CDR,D,20130430,000000,6.85448,6.98408,6.67845,6.98408,215093.18872268937,0
CDR,D,20130502,000000,6.98408,6.98408,6.85448,6.86371,18728.86251476066,0
CDR,D,20130506,000000,6.81736,6.87293,6.66921,6.71547,47056.3314021585,0
CDR,D,20130507,000000,6.76181,7.16011,6.71547,7.13224,442323.33913328714,0
CDR,D,20130508,000000,7.13224,7.17868,6.99331,7.14156,156494.85482655212,0
CDR,D,20130509,000000,7.13224,7.23424,7.00273,7.22491,146379.5191885952,0
CDR,D,20130510,000000,7.22491,7.33614,7.15089,7.23424,207436.94913022887,0
CDR,D,20130513,000000,7.15089,7.17868,6.95629,7.13224,90887.73693134356,0
CDR,D,20130514,000000,7.12309,7.13224,6.98408,7.12309,47422.77685724172,0
CDR,D,20130515,000000,7.12309,7.12309,6.66921,6.97485,146356.87368294754,0
CDR,D,20130516,000000,6.87293,7.01187,6.84515,7.01187,85878.96281775007,0
CDR,D,20130517,000000,7.06743,7.17868,7.01187,7.11377,202764.76957791072,0
CDR,D,20130520,000000,7.16934,7.64168,7.11377,7.41017,657019.2021659175,0
CDR,D,20130521,000000,7.50276,7.53977,7.36393,7.36393,78146.55197901044,0
CDR,D,20130522,000000,7.31759,7.53064,7.2898,7.47507,131891.54227760917,0
CDR,D,20130523,000000,7.31759,7.47507,7.30828,7.47507,93253.16293073464,0
CDR,D,20130524,000000,7.47507,7.8733,7.44729,7.7807,400671.04885245237,0
CDR,D,20130527,000000,7.8733,7.93809,7.75292,7.91963,198350.95465824584,0
CDR,D,20130528,000000,7.93809,8.0401,7.62323,7.98452,488214.45633557485,0
CDR,D,20130529,000000,7.98452,8.14201,7.90108,8.14201,189173.34882248222,0
CDR,D,20130531,000000,8.15114,8.15114,7.9752,8.14201,123451.97405785951,0
CDR,D,20130603,000000,8.13267,8.13267,7.9752,8.01221,55678.09300829342,0
CDR,D,20130604,000000,8.03076,8.19747,8.03076,8.10489,112852.8480719025,0
CDR,D,20130605,000000,8.10489,8.10489,7.86406,8.03076,127584.77883921332,0
CDR,D,20130606,000000,8.01221,8.08634,7.91963,8.04933,95957.2421737288,0
CDR,D,20130607,000000,7.99375,8.10489,7.98452,8.10489,73072.92937196165,0
CDR,D,20130610,000000,8.09566,8.29016,8.05865,8.29016,235334.1534102621,0
CDR,D,20130611,000000,8.31794,8.32718,8.19747,8.32718,112321.70803026728,0
CDR,D,20130612,000000,8.32718,8.83673,8.32718,8.81816,475147.9995748023,0
CDR,D,20130613,000000,8.81816,8.92901,8.61434,8.6328,233818.96321395837,0
CDR,D,20130614,000000,8.6328,8.85517,8.61434,8.79961,212625.85794786378,0
CDR,D,20130617,000000,8.79961,8.84586,8.61434,8.79038,100399.87864603665,0
CDR,D,20130618,000000,8.78096,8.78096,8.64213,8.66069,84055.99961282406,0
CDR,D,20130619,000000,8.67924,8.67924,8.19747,8.29939,308866.16894223937,0
CDR,D,20130620,000000,8.10489,8.14201,7.59554,7.91963,554550.3477762842,0
CDR,D,20130621,000000,7.73446,8.18824,7.60467,7.88261,212963.481850309,0
CDR,D,20130624,000000,7.91963,8.10489,7.91963,8.02154,90869.20879035647,0
CDR,D,20130625,000000,8.02154,8.3364,8.01221,8.3364,74229.90884250833,0
CDR,D,20130626,000000,8.3364,8.42908,8.05865,8.42908,142196.27669010655,0
CDR,D,20130627,000000,8.42908,8.66069,8.16969,8.51243,222827.65824376178,0
CDR,D,20130628,000000,8.55878,8.5681,8.29016,8.5681,131640.3830331151,0
CDR,D,20130701,000000,8.55878,8.55878,8.38274,8.52177,59102.71106746427,0
CDR,D,20130702,000000,8.49399,8.52177,8.30861,8.32718,67122.30809150927,0
CDR,D,20130703,000000,8.25305,8.30861,8.05865,8.30861,166854.14432084386,0
CDR,D,20130704,000000,8.2069,8.53099,8.2069,8.52177,112307.29725393874,0
CDR,D,20130705,000000,8.57733,8.59579,8.39207,8.42908,56964.76946575073,0
CDR,D,20130708,000000,8.38274,8.44754,8.3364,8.41986,76770.32284011337,0
CDR,D,20130709,000000,8.35505,8.41986,8.24391,8.38274,108889.88458293116,0
CDR,D,20130710,000000,8.4013,8.42908,8.3364,8.36428,29624.438756516098,0
CDR,D,20130711,000000,8.41052,8.78096,8.41052,8.6977,164102.7153842176,0
CDR,D,20130712,000000,8.6977,8.70693,8.62359,8.6328,87165.63927520839,0
CDR,D,20130715,000000,8.68846,8.68846,8.5681,8.60511,6309.86134737462,0
CDR,D,20130716,000000,8.60511,8.60511,8.42908,8.52177,58703.32669506945,0
CDR,D,20130717,000000,8.52177,8.54032,8.42908,8.52177,162495.91382413325,0
CDR,D,20130718,000000,8.52177,8.66069,8.44754,8.64213,103267.62313442092,0
CDR,D,20130719,000000,8.79961,9.03122,8.71636,8.89219,626227.4905272028,0
CDR,D,20130722,000000,8.99342,9.0586,8.72547,8.79038,154032.67075755598,0
CDR,D,20130723,000000,8.79961,8.92901,8.65145,8.89219,95691.67215290919,0
CDR,D,20130724,000000,8.92901,8.97554,8.7625,8.84586,59658.55529708595,0
CDR,D,20130725,000000,8.92901,8.93834,8.74395,8.85517,101686.55510349397,0
CDR,D,20130726,000000,8.95709,9.14265,8.85517,9.10583,225661.43447366956,0
CDR,D,20130729,000000,9.13322,9.98514,9.1238,9.86452,653740.7505523156,0
CDR,D,20130730,000000,9.86452,9.9948,9.50316,9.8927,373598.34684637416,0
CDR,D,20130731,000000,9.98514,9.98514,9.86452,9.91121,109220.30309720708,0
CDR,D,20130801,000000,9.921,10.189,9.54105,9.54105,508385.42582385475,0
CDR,D,20130802,000000,9.72662,9.80919,9.31857,9.6149,331425.2099355631,0
CDR,D,20130805,000000,9.44778,9.67999,9.35647,9.67999,289780.1250428876,0
CDR,D,20130806,000000,9.68969,9.79947,9.6246,9.65181,280424.4431854123,0
CDR,D,20130807,000000,9.63238,9.77131,9.63238,9.72662,119287.25970035898,0
CDR,D,20130808,000000,9.74506,9.91121,9.70718,9.81887,256426.38324206704,0
CDR,D,20130809,000000,9.82761,9.91121,9.72662,9.88396,188588.68304022256,0
CDR,D,20130812,000000,9.8927,9.90151,9.74506,9.90151,89517.68383944184,0
CDR,D,20130813,000000,9.86452,10.3736,9.86452,10.2445,486306.05781387165,0
CDR,D,20130814,000000,10.3096,10.5591,10.2542,10.4669,452687.7753334083,0
CDR,D,20130816,000000,10.495,10.5319,10.365,10.4581,152064.57044822894,0
CDR,D,20130819,000000,10.5135,10.5135,10.0967,10.2638,248372.81795954754,0
CDR,D,20130820,000000,10.2163,10.2163,9.9569,10.0967,166695.6257812802,0
CDR,D,20130821,000000,10.1055,10.9847,10.1055,10.7816,382515.5293671446,0
CDR,D,20130822,000000,10.9673,11.1799,10.7079,11.1149,489499.0741106923,0
CDR,D,20130823,000000,11.2081,11.2266,11.0877,11.1984,172048.1998442982,0
CDR,D,20130826,000000,11.1984,11.1984,10.8468,10.8555,197950.54094468715,0
CDR,D,20130827,000000,10.8468,11.1246,10.2356,10.5689,492101.248578264,0
CDR,D,20130828,000000,10.4669,11.1149,10.0967,10.9302,589432.6612085571,0
CDR,D,20130829,000000,11.1149,11.5968,11.079,11.5968,556027.4523494518,0
CDR,D,20130830,000000,11.5782,11.7259,11.3928,11.4579,244256.48263685202,0
CDR,D,20130902,000000,11.3928,11.7259,11.1616,11.2917,191382.31496465448,0
CDR,D,20130903,000000,11.4675,11.5782,11.3013,11.4772,220207.9849763719,0
CDR,D,20130904,000000,11.486,11.7541,11.1984,11.2731,1996850.8374344925,0
CDR,D,20130905,000000,11.2081,11.2081,10.1152,11.1616,1131751.3479096023,0
CDR,D,20130906,000000,11.1616,11.6434,10.9769,11.5142,160989.98769832856,0
CDR,D,20130909,000000,11.5782,11.6434,11.3743,11.5316,114119.9670472018,0
CDR,D,20130910,000000,11.5968,11.6618,11.3656,11.4393,318645.93936009094,0
CDR,D,20130911,000000,11.5316,12.1166,11.2266,11.9863,842864.6909988329,0
CDR,D,20130912,000000,11.9863,12.3944,11.8561,12.3652,405976.27322185534,0
CDR,D,20130913,000000,12.4118,12.7353,12.1806,12.7353,343893.61947891733,0
CDR,D,20130916,000000,12.7829,12.9587,12.2359,12.5886,268216.45695705124,0
CDR,D,20130917,000000,12.644,12.7451,12.2077,12.6906,316633.5773806184,0
CDR,D,20130918,000000,12.6906,12.6995,12.4595,12.5507,210021.62479797236,0
CDR,D,20130919,000000,12.7091,12.9034,12.5051,12.7353,161512.89301063464,0
CDR,D,20130920,000000,12.8005,12.8005,12.5051,12.7451,171618.96457809248,0
CDR,D,20130923,000000,12.7353,12.8198,12.6158,12.644,86868.15967824408,0
CDR,D,20130924,000000,12.7353,12.7733,12.6158,12.7267,112984.60374114892,0
CDR,D,20130925,000000,12.6906,13.5135,12.5138,13.5135,491216.0151755353,0
CDR,D,20130926,000000,13.5233,13.7088,13.3385,13.6991,212476.6034788092,0
CDR,D,20130927,000000,13.7088,13.7088,13.5601,13.7088,156016.21118438148,0
CDR,D,20130930,000000,13.7088,14.0516,13.6349,13.7642,384397.16501853056,0
CDR,D,20131001,000000,13.7456,13.802,13.6164,13.802,66171.19685415635,0
CDR,D,20131002,000000,13.8672,13.8672,13.802,13.8108,37728.4417561694,0
CDR,D,20131003,000000,13.8477,13.9866,13.6164,13.7273,146243.64615467915,0
CDR,D,20131004,000000,13.802,13.802,13.1803,13.802,276633.3796711633,0
CDR,D,20131007,000000,13.802,13.839,13.293,13.6534,197217.6500345127,0
CDR,D,20131008,000000,13.5883,13.598,13.3571,13.4775,47646.14389025667,0
CDR,D,20131009,000000,13.3844,13.394,12.4118,13.1346,1180662.552092929,0
CDR,D,20131010,000000,13.1531,13.6631,12.9675,13.6631,270998.7661286543,0
CDR,D,20131011,000000,13.7088,13.7545,13.3385,13.4037,754265.1794794394,0
CDR,D,20131014,000000,13.3385,13.5233,13.1531,13.4126,125819.45873958537,0
CDR,D,20131015,000000,13.4126,13.431,13.1996,13.1996,121187.42349273303,0
CDR,D,20131016,000000,13.2085,13.2085,12.6995,13.1434,382952.9993626695,0
CDR,D,20131017,000000,13.1531,13.1996,12.8752,12.9587,162747.07306862736,0
CDR,D,20131018,000000,12.7548,13.1996,12.4595,13.1531,290770.3512445454,0
CDR,D,20131021,000000,13.2085,13.6436,13.2085,13.5233,436560.05794504145,0
CDR,D,20131022,000000,13.7088,13.9585,13.3385,13.3385,381159.8870515544,0
CDR,D,20131023,000000,13.4126,13.5233,13.3844,13.4037,73951.98672769699,0
CDR,D,20131024,000000,13.4775,13.5698,13.3192,13.431,121294.47497399198,0
CDR,D,20131025,000000,13.431,13.8769,13.2278,13.802,187273.1850301182,0
CDR,D,20131028,000000,13.8845,14.0234,13.6252,13.8477,185951.5109730145,0
CDR,D,20131029,000000,13.8574,13.8934,13.7088,13.8845,124548.22239961647,0
CDR,D,20131030,000000,13.8934,14.5423,13.6728,14.2374,341980.07425137464,0
CDR,D,20131031,000000,14.3567,14.5802,14.2645,14.3567,266658.03443178197,0
CDR,D,20131104,000000,14.6355,14.7648,14.5151,14.6997,321280.0234037892,0
CDR,D,20131105,000000,14.8212,14.8212,14.588,14.6172,186766.74917646043,0
CDR,D,20131106,000000,14.6355,14.6997,14.4414,14.588,156172.67104160532,0
CDR,D,20131107,000000,14.588,14.6725,14.4957,14.4957,51013.118844133474,0
CDR,D,20131108,000000,14.588,14.588,14.0799,14.3567,156479.41470906368,0
CDR,D,20131112,000000,14.7745,14.8017,14.4034,14.5704,70859.84586513285,0
CDR,D,20131113,000000,14.6172,14.6172,14.0799,14.1722,169258.68528453587,0
CDR,D,20131114,000000,14.0799,14.5054,13.9963,14.4511,97298.47371298248,0
CDR,D,20131115,000000,14.4957,14.6355,14.3664,14.4511,85764.70594832784,0
CDR,D,20131118,000000,14.5423,14.588,14.3567,14.3849,78679.75070298045,0
CDR,D,20131119,000000,14.5423,14.5423,14.0516,14.1722,170187.15101624015,0
CDR,D,20131120,000000,14.0799,14.4859,13.8934,14.4034,151424.32024299496,0
CDR,D,20131121,000000,14.4783,15.1815,14.2178,15.1815,481982.8249168074,0
CDR,D,20131122,000000,15.2835,15.4692,15.0523,15.2835,132138.58415745373,0
CDR,D,20131125,000000,15.404,15.6547,14.5423,15.6547,671047.063575711,0
CDR,D,20131126,000000,15.5614,15.6993,15.2097,15.6081,995952.4265660364,0
CDR,D,20131127,000000,15.2369,15.6993,15.1262,15.6081,341733.03237155016,0
CDR,D,20131128,000000,15.6081,15.885,15.3758,15.3758,303710.1990419111,0
CDR,D,20131129,000000,15.3758,15.6081,15.2932,15.5148,66982.31769293772,0
CDR,D,20131202,000000,15.6352,15.6352,15.1913,15.2097,68401.77916080535,0
CDR,D,20131203,000000,15.1543,15.2651,15.0057,15.2282,64404.84741335751,0
CDR,D,20131204,000000,15.2739,15.2739,14.0975,15.0057,515507.43735118036,0
CDR,D,20131205,000000,15.0154,15.0154,14.8483,14.996,54667.27998331465,0
CDR,D,20131206,000000,14.996,15.3011,14.8668,15.0523,97145.1018792533,0
CDR,D,20131209,000000,15.1446,15.3758,15.1446,15.1632,50315.22553360744,0
CDR,D,20131210,000000,15.1815,15.2369,14.9124,15.2282,124276.47633180452,0
CDR,D,20131211,000000,15.1913,15.2835,15.1068,15.1446,36746.45028383867,0
CDR,D,20131212,000000,15.0057,15.0339,14.6355,14.8115,133754.6497880171,0
CDR,D,20131213,000000,14.7366,14.894,14.2645,14.4511,218503.3960055377,0
CDR,D,20131216,000000,14.4414,15.1446,14.0975,15.1446,319844.0924772673,0
CDR,D,20131217,000000,15.0981,15.3758,15.0981,15.1446,273198.4682003375,0
CDR,D,20131218,000000,15.1446,15.2835,15.1446,15.1446,266072.3393083423,0
CDR,D,20131219,000000,15.2835,15.4692,15.1913,15.3293,632405.5962053257,0
CDR,D,20131220,000000,15.4692,15.6993,15.4234,15.6547,543297.5901499445,0
CDR,D,20131223,000000,15.7284,16.0248,15.7284,16.0248,233614.12432192947,0
CDR,D,20131227,000000,16.1171,16.4415,16.1171,16.3026,238748.47805777003,0
CDR,D,20131230,000000,16.3026,16.3026,16.1268,16.2472,309628.9107462107,0
CDR,D,20140102,000000,16.2094,16.2094,16.0986,16.1171,150443.35811183613,0
CDR,D,20140103,000000,16.0704,16.0704,15.9598,16.0151,97278.91623082849,0
CDR,D,20140107,000000,16.1171,16.1171,15.6081,15.7372,221669.6494320512,0
CDR,D,20140108,000000,15.6547,15.7654,15.2932,15.6547,211867.23350855205,0
CDR,D,20140109,000000,15.746,15.746,15.5517,15.5983,87554.73023594427,0
CDR,D,20140110,000000,15.404,15.5614,15.2835,15.5614,242710.41220557145,0
CDR,D,20140113,000000,15.645,16.1073,15.5333,15.5614,173572.65411109096,0
CDR,D,20140114,000000,15.6081,15.8753,15.5051,15.7284,74372.98726457659,0
CDR,D,20140115,000000,15.7284,16.3396,15.7284,16.0704,316915.6168600893,0
CDR,D,20140116,000000,16.3026,16.534,16.1171,16.3483,382931.3831981917,0
CDR,D,20140117,000000,16.4776,16.497,15.9403,15.9879,212257.35381045178,0
CDR,D,20140120,000000,15.9781,16.2571,15.95,15.9879,179257.70537073477,0
CDR,D,20140121,000000,16.2094,16.7466,16.0248,16.6728,388702.8991157666,0
CDR,D,20140122,000000,16.6816,16.8409,16.6271,16.6728,380536.1063049787,0
CDR,D,20140123,000000,16.6728,17.0255,16.6456,16.9507,342531.8011163378,0
CDR,D,20140124,000000,17.007,17.0439,16.904,16.9973,189803.3056160573,0
CDR,D,20140127,000000,16.9507,17.0517,16.2571,16.9875,263491.78100526845,0
CDR,D,20140128,000000,16.9973,17.0342,16.7281,16.8127,132283.72126184875,0
CDR,D,20140129,000000,16.8574,16.9875,16.8127,16.9875,76428.58157301162,0
CDR,D,20140130,000000,16.9875,16.9875,16.6728,16.8768,97642.27366241603,0
CDR,D,20140131,000000,16.8768,16.9973,16.8486,16.9875,71068.80212182431,0
CDR,D,20140203,000000,16.9875,17.1264,16.766,16.8574,172515.52073365002,0
CDR,D,20140204,000000,16.6728,16.8953,16.4873,16.7835,52997.68861211682,0
CDR,D,20140205,000000,16.7835,16.7835,16.6728,16.7107,87496.05778948432,0
CDR,D,20140206,000000,16.6816,17.0439,16.3678,16.534,238329.53620321318,0
CDR,D,20140207,000000,16.6271,16.6728,16.4776,16.6174,111128.7016189103,0
CDR,D,20140210,000000,16.6728,16.9321,16.534,16.5892,115527.07642108673,0
CDR,D,20140211,000000,16.7563,16.7563,16.5427,16.6271,80666.3791532966,0
CDR,D,20140212,000000,16.6631,16.6728,15.5614,16.3483,286952.52485997917,0
CDR,D,20140213,000000,16.3298,16.3483,15.746,16.3211,282242.2596845149,0
CDR,D,20140214,000000,16.395,16.4873,16.0704,16.358,76274.18039811653,0
CDR,D,20140217,000000,16.4415,16.4776,16.1171,16.1171,77303.52156408338,0
CDR,D,20140218,000000,16.1171,16.3678,15.8392,16.358,199316.4766719263,0
CDR,D,20140219,000000,16.4513,16.4873,16.2571,16.358,91063.75427072341,0
CDR,D,20140220,000000,16.3026,16.3026,15.9326,16.2007,77552.62212624769,0
CDR,D,20140221,000000,16.2007,16.2007,15.9326,15.9781,116900.21753648514,0
CDR,D,20140224,000000,15.9694,16.0704,15.8946,16.0248,93570.20000985195,0
CDR,D,20140225,000000,16.0248,16.0248,15.8392,15.8491,88336.0001809117,0
CDR,D,20140226,000000,15.8392,15.9034,15.3758,15.5614,246272.96198097407,0
CDR,D,20140227,000000,15.4692,15.9781,15.3486,15.4779,602076.0587501233,0
CDR,D,20140228,000000,15.4876,16.2094,15.4876,16.2094,162192.25818017457,0
CDR,D,20140303,000000,15.746,15.746,14.1722,15.2369,958515.2883598369,0
CDR,D,20140304,000000,15.1913,15.885,15.1913,15.8392,187697.27359049447,0
CDR,D,20140305,000000,15.885,16.1638,15.5614,15.6081,186496.03244980835,0
CDR,D,20140306,000000,15.6547,16.0986,15.645,15.7556,170365.22703794172,0
CDR,D,20140307,000000,15.9326,16.0889,15.6993,15.6993,140614.1793180197,0
CDR,D,20140310,000000,15.6993,15.95,15.543,15.6993,226885.32112000335,0
CDR,D,20140311,000000,15.6993,15.746,15.4963,15.5148,35730.490553029435,0
CDR,D,20140312,000000,13.255,14.3198,13.1055,13.8934,2514473.570881795,0
CDR,D,20140313,000000,13.8934,14.0332,12.6906,12.9675,896366.7567822757,0
CDR,D,20140314,000000,12.7451,12.7733,12.0048,12.0048,1185947.189639024,0
CDR,D,20140317,000000,12.0417,14.1353,12.0417,13.8672,964752.0664844238,0
CDR,D,20140318,000000,13.8672,13.8672,13.255,13.293,749258.4640481756,0
CDR,D,20140319,000000,13.4222,13.6991,13.0987,13.1996,599746.6596915436,0
CDR,D,20140320,000000,13.1996,13.431,13.1531,13.431,460568.41130005574,0
CDR,D,20140321,000000,13.5329,14.3111,13.5329,13.8934,741903.821417344,0
CDR,D,20140324,000000,14.1256,14.1722,13.802,13.9866,205918.6709104355,0
CDR,D,20140325,000000,14.0799,14.0799,13.9866,14.0712,73222.18384102626,0
CDR,D,20140326,000000,14.0975,14.588,14.0712,14.2374,344661.5079887181,0
CDR,D,20140327,000000,14.4034,14.4511,14.1722,14.2829,297970.592700483,0
CDR,D,20140328,000000,14.3567,14.4957,14.2645,14.2645,429874.48707209085,0
CDR,D,20140331,000000,14.3664,14.4957,14.1906,14.1906,319576.4637741149,0
CDR,D,20140401,000000,14.4132,14.5608,14.2829,14.4511,302516.16328939423,0
CDR,D,20140402,000000,14.4957,14.8115,14.4957,14.727,122794.22505280733,0
CDR,D,20140403,000000,14.7463,14.9124,14.6822,14.8212,101991.24008862255,0
CDR,D,20140404,000000,14.8212,14.8212,14.4315,14.6073,95090.53691198416,0
CDR,D,20140407,000000,14.3567,14.4219,13.9866,14.1071,143189.59091526415,0
CDR,D,20140408,000000,14.1256,14.2557,14.043,14.0799,39345.53672790365,0
CDR,D,20140409,000000,14.0799,14.3567,14.0799,14.1353,44730.0203670734,0
CDR,D,20140410,000000,14.3111,14.3111,13.8108,13.8108,106092.13529383969,0
CDR,D,20140411,000000,13.7738,13.9585,13.6164,13.6815,122545.12449064302,0
CDR,D,20140414,000000,13.6164,13.6164,13.2736,13.5233,126421.62332167328,0
CDR,D,20140415,000000,13.431,13.4775,13.3385,13.3385,51935.40852883937,0
CDR,D,20140416,000000,13.3474,13.5047,13.1628,13.19,201092.09018321315,0
CDR,D,20140417,000000,13.2454,13.6077,13.2454,13.5416,56616.85215165461,0
CDR,D,20140422,000000,13.8477,13.9866,13.7924,13.9409,73922.13583388408,0
CDR,D,20140423,000000,14.0332,14.1353,13.802,13.9117,41546.2681407397,0
CDR,D,20140424,000000,13.8934,14.0234,13.4397,13.6164,89850.16103604957,0
CDR,D,20140425,000000,13.6164,13.802,13.4591,13.802,32542.62096203017,0
CDR,D,20140428,000000,13.802,13.9585,13.6349,13.802,53523.68194792558,0
CDR,D,20140429,000000,13.9409,13.9409,13.7088,13.8934,21740.714766378074,0
CDR,D,20140430,000000,13.8934,13.8934,13.7456,13.8845,29732.51957894195,0
CDR,D,20140502,000000,13.8769,13.8769,13.6164,13.6164,48005.38395717964,0
CDR,D,20140505,000000,13.7456,13.8672,13.2736,13.3289,192886.1824081294,0
CDR,D,20140506,000000,13.3289,13.5233,13.293,13.293,13538.92435595685,0
CDR,D,20140507,000000,13.293,13.3094,12.5138,12.9675,302412.1998316249,0
CDR,D,20140508,000000,13.0142,13.394,13.0142,13.2182,87662.81105837112,0
CDR,D,20140509,000000,13.2085,13.3094,12.9208,12.9208,340340.3337739937,0
CDR,D,20140512,000000,12.9112,12.9112,12.6906,12.8752,52539.63179326206,0
CDR,D,20140513,000000,12.8752,13.1346,12.8752,13.1346,75546.43619377857,0
CDR,D,20140514,000000,13.1531,13.2832,12.9859,13.1996,67128.48413850465,0
CDR,D,20140515,000000,13.4222,13.4222,13.1996,13.1996,30370.711101841138,0
CDR,D,20140516,000000,13.0142,13.1249,12.6158,12.9762,29822.07226038172,0
CDR,D,20140519,000000,13.0335,13.3094,12.9762,13.3094,211057.14201093558,0
CDR,D,20140520,000000,13.3571,13.431,13.1531,13.1706,32972.8855694048,0
CDR,D,20140521,000000,13.1531,13.1996,13.1531,13.1531,102279.45561509283,0
CDR,D,20140522,000000,13.1706,13.7545,13.1706,13.7545,69901.52923961869,0
CDR,D,20140523,000000,13.8845,14.144,13.5786,13.5786,70593.24650314734,0
CDR,D,20140526,000000,13.737,13.8934,13.6164,13.7924,19899.223420463968,0
CDR,D,20140527,000000,13.8477,13.8845,13.7088,13.7088,14736.0481319754,0
CDR,D,20140528,000000,13.8195,13.8195,13.6631,13.7088,15737.597086462123,0
CDR,D,20140529,000000,13.7826,13.839,13.6728,13.7924,20457.126332418444,0
CDR,D,20140530,000000,13.7924,14.0799,13.6252,14.0799,173249.44098499438,0
CDR,D,20140602,000000,14.1722,14.4414,14.1256,14.2645,57670.897505604924,0
CDR,D,20140603,000000,14.3479,14.3567,14.2178,14.247,107908.92245177235,0
CDR,D,20140604,000000,14.3479,14.3479,14.1906,14.1906,61108.89699993339,0
CDR,D,20140605,000000,14.2178,15.0892,14.2178,14.9591,565377.9875010876,0
CDR,D,20140606,000000,15.2369,15.8024,15.2195,15.2835,693394.0602888365,0
CDR,D,20140609,000000,15.6993,15.6993,15.3389,15.5148,157680.6558497398,0
CDR,D,20140610,000000,15.6993,15.6993,15.3486,15.3584,117019.62111173282,0
CDR,D,20140611,000000,15.441,15.441,15.0154,15.0708,207552.235340817,0
CDR,D,20140612,000000,15.1165,15.2835,15.0981,15.2835,39130.40442421583,0
CDR,D,20140613,000000,15.3107,15.3107,14.9037,14.9124,119731.93508406315,0
CDR,D,20140616,000000,14.8396,15.0523,14.3664,15.0523,102717.95495179763,0
CDR,D,20140617,000000,15.2282,15.2369,14.996,15.0981,73970.51486868408,0
CDR,D,20140618,000000,15.2467,15.4692,15.1632,15.4692,41853.01180819707,0
CDR,D,20140620,000000,15.4603,15.6722,15.3952,15.4963,52275.091113608345,0
CDR,D,20140623,000000,15.2835,15.3661,14.9124,15.1446,90080.73345722578,0
CDR,D,20140624,000000,15.135,15.135,14.654,14.7093,94583.0717171635,0
CDR,D,20140625,000000,14.6822,14.6822,13.9963,14.3014,184156.3399795696,0
CDR,D,20140626,000000,14.3014,14.552,14.006,14.1722,101369.51802437665,0
CDR,D,20140627,000000,14.2178,14.2178,13.7924,13.8934,160180.92554187195,0
CDR,D,20140630,000000,13.9681,14.144,13.9031,14.1158,45504.084923880575,0
CDR,D,20140701,000000,14.1256,14.2092,13.9215,13.9585,41662.58369249371,0
CDR,D,20140702,000000,14.043,14.2829,13.9963,14.0799,55283.85534172807,0
CDR,D,20140703,000000,14.1722,14.247,13.2366,13.8934,77972.59332196138,0
CDR,D,20140704,000000,14.0799,14.1256,13.7545,13.9585,30433.500912964664,0
CDR,D,20140707,000000,13.9866,14.0712,13.8934,13.8934,12890.439421397723,0
CDR,D,20140708,000000,14.0799,14.2092,14.006,14.1722,62632.32192556329,0
CDR,D,20140709,000000,14.1071,14.2645,14.0975,14.1071,28140.128795192162,0
CDR,D,20140710,000000,14.182,14.3567,13.9409,13.9681,23213.701974876178,0
CDR,D,20140711,000000,14.0799,14.1158,13.802,13.8477,44821.63173084495,0
CDR,D,20140714,000000,14.0234,14.1528,13.6349,13.6349,50982.238609154665,0
CDR,D,20140715,000000,13.7088,13.8769,13.7088,13.7545,22804.024190822427,0
CDR,D,20140716,000000,13.8477,13.8934,13.7088,13.7456,34033.106970349465,0
CDR,D,20140717,000000,13.7826,13.8292,13.7176,13.802,19016.048700065046,0
CDR,D,20140718,000000,13.5786,14.2178,13.293,14.1256,152631.73743067044,0
CDR,D,20140721,000000,14.1256,14.2275,13.8934,14.1994,91272.71052741386,0
CDR,D,20140722,000000,14.1994,14.2917,14.144,14.2829,179196.974241931,0
CDR,D,20140723,000000,14.3383,14.5976,14.1994,14.4511,79891.28525532353,0
CDR,D,20140724,000000,14.5423,14.5423,14.1722,14.3567,46152.5698584397,0
CDR,D,20140725,000000,14.4219,14.5802,14.4132,14.4783,33570.93278683113,0
CDR,D,20140728,000000,14.5054,14.5608,14.182,14.3567,31234.32834008809,0
CDR,D,20140729,000000,14.4511,14.4511,14.2092,14.3567,47948.770193051474,0
CDR,D,20140730,000000,14.2645,14.3567,14.1158,14.2742,245361.99504910802,0
CDR,D,20140731,000000,14.3014,14.3014,14.1722,14.1722,24213.192247029107,0
CDR,D,20140801,000000,14.1158,14.3761,13.8477,13.9487,124230.15597932925,0
CDR,D,20140804,000000,13.8934,14.1722,13.7088,14.1256,46101.102800141,0
CDR,D,20140805,000000,14.2178,14.3567,14.182,14.2645,87571.19969459956,0
CDR,D,20140806,000000,14.3111,14.3111,13.9215,13.9681,25859.10877141038,0
CDR,D,20140807,000000,14.0332,14.0332,13.3385,13.4037,121746.3557458554,0
CDR,D,20140808,000000,13.3658,13.431,12.8752,13.431,209962.95235151844,0
CDR,D,20140811,000000,13.5786,13.802,13.5233,13.802,48151.550402746565,0
CDR,D,20140812,000000,13.8477,13.8477,13.4397,13.6815,19966.130596252075,0
CDR,D,20140813,000000,13.6815,13.8934,13.5233,13.8934,25631.624373730836,0
CDR,D,20140814,000000,13.9409,14.1722,13.9313,14.1722,41491.71305894334,0
CDR,D,20140818,000000,14.1722,14.2917,14.0332,14.1256,127540.51716907788,0
CDR,D,20140819,000000,14.1353,14.5976,14.1353,14.5326,196189.3382097188,0
CDR,D,20140820,000000,14.5326,14.6822,14.3664,14.6822,64692.03359866189,0
CDR,D,20140821,000000,14.727,15.0252,14.727,15.0057,140443.30868446734,0
CDR,D,20140822,000000,15.0339,15.0523,14.6355,14.8668,62122.79804840983,0
CDR,D,20140825,000000,14.8853,14.894,14.4957,14.6355,37665.65194504588,0
CDR,D,20140826,000000,14.6258,14.6355,14.4957,14.5423,29090.210691378186,0
CDR,D,20140827,000000,14.6355,14.8668,14.588,14.8212,46572.54105415439,0
CDR,D,20140828,000000,14.8212,14.8668,14.0332,14.1071,107324.25666949259,0
CDR,D,20140829,000000,14.0975,14.6172,14.0886,14.3567,65974.59269145664,0
CDR,D,20140901,000000,14.3849,14.5423,14.3111,14.3111,71184.08833241243,0
CDR,D,20140902,000000,14.3383,14.4034,14.2645,14.4034,108112.73200262128,0
CDR,D,20140903,000000,14.4034,14.894,14.3567,14.6822,170349.78692045333,0
CDR,D,20140904,000000,14.7834,14.7834,14.5802,14.7181,50523.152449133,0
CDR,D,20140905,000000,14.8115,14.8212,14.727,14.8017,45173.666409604644,0
CDR,D,20140908,000000,14.8299,14.8765,14.7552,14.8212,29719.13814378433,0
CDR,D,20140909,000000,14.8212,15.5051,14.8212,15.3758,244199.86887271784,0
CDR,D,20140910,000000,15.3011,15.6081,15.3011,15.5148,95034.95248902189,0
CDR,D,20140911,000000,15.6547,15.6547,15.4692,15.6547,170752.25931635185,0
CDR,D,20140912,000000,15.6168,15.6547,15.1165,15.3856,93634.01916214237,0
CDR,D,20140915,000000,15.3856,15.5702,15.1446,15.4692,45444.38313625473,0
CDR,D,20140916,000000,15.4692,15.6993,15.4234,15.645,38107.23930524534,0
CDR,D,20140917,000000,15.7188,15.9598,15.6993,15.746,147585.90703511078,0
CDR,D,20140918,000000,15.8392,15.9326,15.5051,15.5051,129850.3587455097,0
CDR,D,20140919,000000,15.5333,15.9034,15.5245,15.5245,93911.9412769527,0
CDR,D,20140922,000000,15.746,15.7936,15.4692,15.4963,20642.407742292333,0
CDR,D,20140923,000000,15.5983,15.7372,15.3856,15.3856,55262.239177243304,0
CDR,D,20140924,000000,15.3758,15.5614,15.2835,15.3661,36503.52576866972,0
CDR,D,20140925,000000,15.3856,15.6547,15.3856,15.3856,28050.576113752395,0
CDR,D,20140926,000000,15.3758,15.3758,15.3293,15.3661,18281.099107564834,0
CDR,D,20140929,000000,15.3758,15.4692,15.3661,15.3661,21837.472835979097,0
CDR,D,20140930,000000,15.3584,15.5148,15.3584,15.3661,88285.5624637799,0
CDR,D,20141001,000000,15.4603,15.4603,15.3584,15.3661,58981.24880987979,0
CDR,D,20141002,000000,15.2835,15.4234,15.1262,15.404,73824.34842311716,0
CDR,D,20141003,000000,15.4506,15.4692,15.3758,15.4692,15390.709113530895,0
CDR,D,20141006,000000,15.5614,15.6993,15.5614,15.6993,36027.970149992754,0
CDR,D,20141007,000000,15.7284,15.7372,15.5148,15.7188,18584.75475152452,0
CDR,D,20141008,000000,15.4603,15.6644,15.4603,15.5051,11293.931272984357,0
CDR,D,20141009,000000,15.5614,15.6993,15.4603,15.6168,47130.443966107865,0
CDR,D,20141010,000000,15.4692,15.5517,14.2742,15.1913,69891.23582795874,0
CDR,D,20141013,000000,15.3661,15.3661,14.8483,14.9591,245906.51652590188,0
CDR,D,20141014,000000,14.7745,14.9503,14.2275,14.5423,197176.47638787696,0
CDR,D,20141015,000000,14.6355,14.8115,14.2645,14.3198,54637.42908950173,0
CDR,D,20141016,000000,14.3198,14.4957,14.182,14.4132,295750.3038054919,0
CDR,D,20141017,000000,14.4859,14.9591,14.4859,14.9591,43949.77976327186,0
CDR,D,20141020,000000,14.9775,15.2835,14.9591,15.0611,48267.865954500565,0
CDR,D,20141021,000000,15.1913,15.2739,15.0057,15.2467,28072.192278238166,0
CDR,D,20141022,000000,15.2932,15.4692,15.0708,15.2097,26274.9626024605,0
CDR,D,20141023,000000,15.2097,15.3758,15.2097,15.2835,77796.57598258153,0
CDR,D,20141024,000000,15.3011,15.4234,15.2369,15.4234,37086.13286860663,0
CDR,D,20141027,000000,15.4506,15.5148,15.3389,15.4692,93694.7502909341,0
CDR,D,20141028,000000,15.4692,15.543,15.3758,15.4506,86067.33225112266,0
CDR,D,20141029,000000,15.4506,15.4692,15.2835,15.441,29221.966360623603,0
CDR,D,20141030,000000,15.4603,15.4603,15.3107,15.4234,51402.20980486935,0
CDR,D,20141031,000000,15.4603,15.4692,15.3107,15.4692,25011.960991819742,0
CDR,D,20141103,000000,15.3758,15.4234,15.3389,15.4137,84843.44560478786,0
CDR,D,20141104,000000,15.4234,15.7556,15.3856,15.5983,176206.7381548094,0
CDR,D,20141105,000000,15.5614,15.6547,15.4692,15.4963,63714.15949099373,0
CDR,D,20141106,000000,15.4963,15.746,15.4692,15.6993,48360.50665943801,0
CDR,D,20141107,000000,15.6993,15.6993,15.2835,15.3486,61912.81245055249,0
CDR,D,20141110,000000,15.4692,15.4692,15.1446,15.2369,16971.77714445485,0
CDR,D,20141112,000000,15.3204,15.3204,15.0057,15.1815,48094.9366386184,0
CDR,D,20141113,000000,15.0252,15.3293,14.9222,15.0795,31875.607886484955,0
CDR,D,20141114,000000,14.9688,15.2369,14.9591,15.2282,15664.51386367766,0
CDR,D,20141117,000000,15.2282,15.4234,15.0057,15.2651,71724.4924445447,0
CDR,D,20141118,000000,15.2651,15.6906,15.2097,15.6547,211604.7515112291,0
CDR,D,20141119,000000,15.7556,16.4776,15.7556,16.4231,587758.9524726997,0
CDR,D,20141120,000000,16.4231,16.4873,16.0986,16.395,137613.64981922915,0
CDR,D,20141121,000000,16.4873,16.766,16.4687,16.6271,397872.270222191,0
CDR,D,20141124,000000,16.7379,16.8768,16.562,16.6631,161610.68042140454,0
CDR,D,20141125,000000,16.6728,16.6728,16.1443,16.6534,122927.01006321363,0
CDR,D,20141126,000000,16.6174,16.6728,16.497,16.534,73502.16463816939,0
CDR,D,20141127,000000,16.6271,16.6271,16.1356,16.2094,114117.90836487204,0
CDR,D,20141128,000000,16.4329,16.4329,16.192,16.2386,61118.16107042643,0
CDR,D,20141201,000000,16.2386,16.395,16.1268,16.1356,38462.36200750372,0
CDR,D,20141202,000000,16.3026,16.6534,16.1356,16.6534,129146.2893879823,0
CDR,D,20141203,000000,16.5805,17.0255,16.497,16.5523,300061.1846085574,0
CDR,D,20141204,000000,16.534,16.5805,15.95,16.1073,211895.02572003918,0
CDR,D,20141205,000000,16.1356,16.293,16.0248,16.1171,119246.08605372324,0
CDR,D,20141208,000000,16.395,16.4415,15.8587,16.0248,189458.47632546286,0
CDR,D,20141209,000000,14.4511,15.5614,14.4511,15.3584,1222046.1843295016,0
CDR,D,20141210,000000,15.5333,15.8306,15.4234,15.5614,110358.75442676971,0
CDR,D,20141211,000000,15.5896,15.6993,14.9591,14.9591,138087.1467555703,0
CDR,D,20141212,000000,14.9591,15.2651,14.8212,14.8212,102699.42681080954,0
CDR,D,20141215,000000,14.8212,15.0523,14.727,15.0252,101129.6815327114,0
CDR,D,20141216,000000,15.0057,15.0252,14.4587,15.0252,170808.87308048605,0
CDR,D,20141217,000000,15.0523,15.0892,14.7648,15.0057,31368.142691663284,0
CDR,D,20141218,000000,15.2467,15.3758,14.8765,15.3204,106604.74719448682,0
CDR,D,20141219,000000,15.4692,15.4692,14.996,14.996,77814.07478240273,0
CDR,D,20141222,000000,15.0708,15.2369,14.9124,14.9591,139595.13156370478,0
CDR,D,20141223,000000,14.9591,15.2369,14.9309,15.1632,164915.89490532372,0
CDR,D,20141229,000000,15.1632,15.2651,15.0981,15.1543,37391.84719489812,0
CDR,D,20141230,000000,15.1913,15.5333,15.1632,15.4692,219136.44082261247,0
CDR,D,20150102,000000,15.8306,15.8306,15.3758,15.5614,42963.67092627554,0
CDR,D,20150105,000000,15.6081,15.6081,15.3758,15.3952,39632.72291320803,0
CDR,D,20150107,000000,15.4234,15.6081,15.2835,15.5983,52947.25089498403,0
CDR,D,20150108,000000,15.6081,15.6081,15.4603,15.5799,69586.55084283216,0
CDR,D,20150109,000000,15.6547,15.7284,15.543,15.6081,43454.66666244091,0
CDR,D,20150112,000000,15.6993,15.6993,15.4779,15.6722,107481.7458678964,0
CDR,D,20150113,000000,15.6722,15.6809,15.5614,15.5702,21972.31652872019,0
CDR,D,20150114,000000,15.5148,15.6547,15.4234,15.4603,37559.62980495181,0
CDR,D,20150115,000000,15.4603,15.5614,14.8668,15.0057,209396.8147102368,0
CDR,D,20150116,000000,15.0981,15.1068,14.8017,14.8212,113566.18149991895,0
CDR,D,20150119,000000,15.0057,15.0523,14.8115,14.8115,88590.24744890648,0
CDR,D,20150120,000000,14.8668,14.8765,14.6355,14.6822,80418.30793229818,0
CDR,D,20150121,000000,14.8115,14.8571,14.7745,14.8571,84132.17085910522,0
CDR,D,20150122,000000,14.8668,15.3758,14.8668,15.0981,177647.81578716077,0
CDR,D,20150123,000000,15.3486,15.3486,15.0981,15.0981,78570.6405393877,0
CDR,D,20150126,000000,15.3661,15.3661,15.0708,15.0708,99329.36383343405,0
CDR,D,20150127,000000,15.2282,15.3661,15.0252,15.0252,96479.11814487397,0
CDR,D,20150128,000000,15.0981,15.1446,14.7745,14.8212,260543.74790593243,0
CDR,D,20150129,000000,14.8212,14.9124,14.6725,14.8668,269359.02565127343,0
CDR,D,20150130,000000,14.9688,15.1913,14.9591,15.0057,40866.902971201765,0
CDR,D,20150202,000000,15.2369,15.2369,14.7745,14.8212,71320.99070748631,0
CDR,D,20150203,000000,14.9688,15.0057,14.7745,14.8668,63934.438500511016,0
CDR,D,20150204,000000,14.8212,14.9775,14.727,14.8668,54450.088997295046,0
CDR,D,20150205,000000,14.9873,14.9873,14.727,14.8212,47569.97264397553,0
CDR,D,20150206,000000,14.9037,15.2563,14.8668,15.2,87532.0847302926,0
CDR,D,20150209,000000,15.1913,15.1913,14.9688,14.9688,40735.14730195835,0
CDR,D,20150210,000000,15.0057,15.1815,15.0057,15.0057,17637.76087883618,0
CDR,D,20150211,000000,15.1446,15.2369,15.0057,15.0981,31653.27019463488,0
CDR,D,20150212,000000,15.1262,15.2282,14.8299,14.8668,38880.27452088663,0
CDR,D,20150213,000000,15.0426,15.0981,14.9124,15.0795,33422.70765893241,0
CDR,D,20150216,000000,15.1543,15.3758,15.0795,15.2835,105988.17183607038,0
CDR,D,20150217,000000,15.2835,15.4234,15.1913,15.3584,45354.830454815965,0
CDR,D,20150218,000000,15.3293,15.5614,15.2835,15.3389,45683.1902867581,0
CDR,D,20150219,000000,15.5051,15.5051,15.2467,15.3389,24904.909510558777,0
CDR,D,20150220,000000,15.3758,15.3758,15.1913,15.2097,31758.262993564054,0
CDR,D,20150223,000000,15.2369,15.4234,15.2369,15.3758,109388.0857072598,0
CDR,D,20150224,000000,15.3584,15.5148,15.2835,15.5148,40143.27613152738,0
CDR,D,20150225,000000,15.5148,16.0704,15.4692,15.8392,152893.1900868335,0
CDR,D,20150226,000000,15.9781,16.1725,15.9326,16.0248,183970.02922852882,0
CDR,D,20150227,000000,16.0704,16.4873,15.9976,16.3483,273130.53168337443,0
CDR,D,20150302,000000,16.3483,16.8486,16.3483,16.7281,210718.48876734052,0
CDR,D,20150303,000000,16.8127,16.942,16.766,16.8409,105000.00431674228,0
CDR,D,20150304,000000,16.8574,16.8671,16.2007,16.7184,170084.21689964074,0
CDR,D,20150305,000000,16.7184,17.0439,16.5892,16.9973,124824.08583208799,0
CDR,D,20150306,000000,17.0439,17.5997,16.9507,17.415,400971.6164729214,0
CDR,D,20150309,000000,17.415,17.415,17.1634,17.2558,167132.0664356552,0
CDR,D,20150310,000000,17.415,17.5997,17.3956,17.487,213956.79607546655,0
CDR,D,20150311,000000,17.5997,17.5997,17.0517,17.1361,319063.8518734678,0
CDR,D,20150312,000000,17.108,17.3675,16.766,17.1828,181823.85289749014,0
CDR,D,20150313,000000,17.2286,17.3208,17.071,17.1459,63084.202697421686,0
CDR,D,20150316,000000,17.1459,17.487,17.0982,17.479,63463.00024649863,0
CDR,D,20150317,000000,17.487,17.487,17.247,17.3023,48725.92277335633,0
CDR,D,20150318,000000,17.3023,17.3023,16.9789,17.1828,60539.67133515409,0
CDR,D,20150319,000000,17.1546,17.2926,17.0896,17.1634,85009.16953250776,0
CDR,D,20150320,000000,17.0517,17.2751,16.9691,16.9691,300476.0090984446,0
CDR,D,20150323,000000,16.9691,17.96,16.9691,17.822,447149.91986050946,0
CDR,D,20150324,000000,17.9417,18.1738,17.7851,18.1553,290302.00101403374,0
CDR,D,20150325,000000,18.1931,18.3398,17.7851,17.8309,224722.67533030637,0
CDR,D,20150326,000000,17.7851,17.9047,17.618,17.7851,83770.87210985046,0
CDR,D,20150327,000000,17.7851,17.8395,17.516,17.7755,163506.726849109,0
CDR,D,20150330,000000,17.8765,18.2564,17.7755,18.2476,137284.2606461131,0
CDR,D,20150331,000000,18.2009,18.2476,18.1553,18.2292,87242.83986265543,0
CDR,D,20150401,000000,18.2379,19.257,18.1553,18.8867,551714.5128640466,0
CDR,D,20150402,000000,19.118,19.6369,18.9238,19.359,806744.0801439077,0
CDR,D,20150407,000000,19.4979,19.9059,19.4979,19.7301,468919.45617952454,0
CDR,D,20150408,000000,19.9156,19.971,19.6457,19.7116,317890.40294426883,0
CDR,D,20150409,000000,19.6922,19.7301,19.2755,19.5445,243376.39593994274,0
CDR,D,20150410,000000,19.6922,19.7116,18.9888,19.0811,243134.50076595775,0
CDR,D,20150413,000000,19.4065,19.6369,19.1831,19.5912,105557.90722869475,0
CDR,D,20150414,000000,19.6008,19.8214,19.3502,19.6457,151704.30104013605,0
CDR,D,20150415,000000,19.6369,19.6825,19.2667,19.6008,171072.38441895883,0
CDR,D,20150416,000000,19.6096,19.7767,19.3687,19.767,879014.1234064151,0
CDR,D,20150417,000000,19.8962,20.0818,19.6369,19.6738,173111.50926874857,0
CDR,D,20150420,000000,19.6738,19.9059,19.5163,19.6271,203869.2526489868,0
CDR,D,20150421,000000,19.7204,19.8214,19.3687,19.4426,182156.33009409584,0
CDR,D,20150422,000000,19.5445,19.5445,19.3872,19.5358,134265.20300633443,0
CDR,D,20150423,000000,19.5445,19.5445,18.0708,18.9422,282128.0028150866,0
CDR,D,20150424,000000,18.9888,19.1559,18.2009,18.5254,256991.49154218877,0
CDR,D,20150427,000000,18.5254,18.7946,18.1553,18.3029,379927.7656759015,0
CDR,D,20150428,000000,18.4147,19.3687,18.2476,19.1277,229341.3291420001,0
CDR,D,20150429,000000,19.4513,19.5533,18.8966,18.9704,100797.2043361057,0
CDR,D,20150430,000000,19.1646,19.1646,18.5341,19.1646,101247.0264256293,0
CDR,D,20150504,000000,19.22,19.5533,19.22,19.4513,135187.49269104935,0
CDR,D,20150505,000000,19.4513,19.4795,19.1277,19.22,109494.10784734883,0
CDR,D,20150506,000000,19.2667,19.3775,18.8966,19.1277,152581.2997135356,0
CDR,D,20150507,000000,18.9986,19.0811,18.8033,18.9422,100452.37504550125,0
CDR,D,20150508,000000,19.0811,19.4513,18.9422,19.2113,200872.84051486582,0
CDR,D,20150511,000000,19.5726,20.3879,19.2667,20.3879,693035.8495630835,0
CDR,D,20150512,000000,21.3039,21.6742,20.8404,21.5273,932267.0886276937,0
CDR,D,20150513,000000,22.1569,23.8425,22.0452,23.0545,1650624.7308735258,0
CDR,D,20150514,000000,23.2955,23.2955,21.813,22.6844,694576.7732885346,0
CDR,D,20150515,000000,22.666,23.1489,22.3055,22.8797,411067.3946287203,0
CDR,D,20150518,000000,23.3333,23.9814,22.6291,23.1556,938687.0894798216,0
CDR,D,20150519,000000,23.5734,23.5734,20.4519,21.6742,1683431.8925152628,0
CDR,D,20150520,000000,21.3039,22.4999,20.4985,21.8878,2026362.0486628497,0
CDR,D,20150521,000000,22.1753,22.2958,21.5817,22.2113,414661.85398026963,0
CDR,D,20150522,000000,22.1385,22.2025,21.7314,22.017,234058.79970562362,0
CDR,D,20150525,000000,21.7314,21.7683,20.9056,21.6742,316954.7318244053,0
CDR,D,20150526,000000,21.573,22.2113,21.2767,21.7683,432522.98189211776,0
CDR,D,20150527,000000,21.6838,22.2025,21.6838,21.8324,177824.86246771255,0
CDR,D,20150528,000000,21.9063,22.1753,21.9063,22.017,186311.78038109734,0
CDR,D,20150529,000000,22.017,22.4523,21.8878,22.4523,483301.41095041146,0
CDR,D,20150601,000000,22.2307,22.2307,21.7217,21.916,229921.87755961026,0
CDR,D,20150602,000000,21.8693,22.0637,20.9893,21.165,310650.01718285546,0
CDR,D,20150603,000000,20.9532,21.1563,20.5734,20.5734,362953.9298491118,0
CDR,D,20150605,000000,20.3791,20.3791,19.0908,19.6553,565976.0347185159,0
CDR,D,20150608,000000,19.0346,19.4513,18.2107,18.8217,754550.30698241,0
CDR,D,20150609,000000,18.5254,22.6941,18.4604,22.6756,1809506.627863972,0
CDR,D,20150610,000000,23.1489,23.889,21.712,21.712,2030810.8611821108,0
CDR,D,20150611,000000,21.813,22.2763,20.8599,20.9979,701931.4159193661,0
CDR,D,20150612,000000,21.0261,21.4428,20.7026,20.8968,479997.2258076622,0
CDR,D,20150615,000000,20.517,21.813,20.4053,21.6012,461712.0093354378,0
CDR,D,20150616,000000,21.7683,22.3696,21.7217,22.221,528309.3534323002,0
CDR,D,20150617,000000,22.221,22.5814,21.6742,21.9529,460631.20111116924,0
CDR,D,20150618,000000,21.8606,22.3696,21.6371,22.323,435040.7503840781,0
CDR,D,20150619,000000,22.4066,22.4066,21.9529,21.9529,220377.8262687544,0
CDR,D,20150622,000000,22.0733,22.1753,21.9529,22.12,129153.49477615157,0
CDR,D,20150623,000000,22.1841,22.2307,22.0452,22.1385,110510.06757815406,0
CDR,D,20150624,000000,22.2113,22.2113,21.7858,22.0918,195827.01011929614,0
CDR,D,20150625,000000,22.0918,23.0545,21.9625,22.6941,489570.098651155,0
CDR,D,20150626,000000,22.7854,22.87,22.4251,22.6009,99930.49907435908,0
CDR,D,20150629,000000,21.3973,22.2307,21.1194,21.7683,439387.65812795993,0
CDR,D,20150630,000000,21.8606,22.0267,21.6742,22.0267,196980.9015663371,0
CDR,D,20150701,000000,22.1287,22.87,21.9529,22.5173,232681.54122556566,0
CDR,D,20150702,000000,22.5173,22.8322,22.5173,22.6941,188235.61902029897,0
CDR,D,20150703,000000,22.6941,22.7671,22.5552,22.6941,146503.04012851245,0
CDR,D,20150706,000000,22.2307,22.6941,22.2307,22.5085,98556.32861779377,0
CDR,D,20150707,000000,22.5173,22.7854,21.8878,21.9801,239365.05341617644,0
CDR,D,20150708,000000,22.1385,22.323,21.9801,22.2492,152211.76623496375,0
CDR,D,20150709,000000,22.4153,22.8797,22.2307,22.7407,182697.76354740007,0
CDR,D,20150710,000000,22.8797,23.8046,22.8797,23.62,442583.7624482803,0
CDR,D,20150713,000000,23.9444,24.536,23.4627,24.0833,729387.0328391849,0
CDR,D,20150714,000000,24.0833,24.2126,23.7131,23.8979,155572.56514183717,0
CDR,D,20150715,000000,23.889,24.3612,23.3519,24.1941,283755.3911984788,0
CDR,D,20150716,000000,24.5458,24.8246,24.2777,24.7226,321036.0695474645,0
CDR,D,20150717,000000,24.777,24.8061,24.4439,24.7128,96110.61400745697,0
CDR,D,20150720,000000,24.8246,24.9441,24.472,24.5458,220449.88015037696,0
CDR,D,20150721,000000,24.5924,24.7867,23.8046,23.8521,259561.75643361374,0
CDR,D,20150722,000000,23.8979,24.3418,23.7131,24.0182,169283.3894725133,0
CDR,D,20150723,000000,24.1299,24.6381,23.7589,24.3612,134289.9071943219,0
CDR,D,20150724,000000,24.4069,24.4166,24.1758,24.3146,52859.75689587705,0
CDR,D,20150727,000000,24.3146,24.5458,24.0833,24.2223,179089.92276068206,0
CDR,D,20150728,000000,24.1299,24.4439,23.99,24.0551,76384.31990287516,0
CDR,D,20150729,000000,24.2408,24.3612,23.9444,24.0279,194961.3341987254,0
CDR,D,20150730,000000,24.0279,24.1758,23.99,24.0931,169354.41401297602,0
CDR,D,20150731,000000,24.1758,24.6381,24.1758,24.5458,123474.61956351719,0
CDR,D,20150803,000000,24.7323,24.7323,24.4534,24.7226,142608.01315649413,0
CDR,D,20150804,000000,24.7323,25.4726,24.6381,25.287,525541.4550370256,0
CDR,D,20150805,000000,25.4259,25.6396,24.8334,25.4162,307001.00274950167,0
CDR,D,20150806,000000,25.4162,25.5465,24.8246,24.88,191808.4622073605,0
CDR,D,20150807,000000,24.8246,25.4726,24.6954,25.1025,114085.99878873535,0
CDR,D,20150810,000000,25.324,25.4726,25.1948,25.4162,85417.81797539763,0
CDR,D,20150811,000000,25.4813,25.8894,25.4813,25.5192,220958.37468636455,0
CDR,D,20150812,000000,25.5192,25.7408,25.5105,25.5192,161478.9247521581,0
CDR,D,20150813,000000,25.6203,26.0098,25.528,25.695,284444.02043851785,0
CDR,D,20150814,000000,25.8156,25.8156,25.5747,25.6495,101285.1120487754,0
CDR,D,20150817,000000,25.695,25.7048,24.8616,25.157,179390.49038114108,0
CDR,D,20150818,000000,25.3337,25.3337,24.6381,24.88,219339.22103230152,0
CDR,D,20150819,000000,24.88,25.5007,24.8421,25.287,145371.79418711914,0
CDR,D,20150820,000000,25.287,25.3608,25.0092,25.0558,222456.0660828501,0
CDR,D,20150821,000000,25.0092,25.3152,24.7499,25.0005,244544.6981633223,0
CDR,D,20150824,000000,24.0931,24.0931,20.3879,22.971,1367151.379154528,0
CDR,D,20150825,000000,22.7952,25.0753,22.4251,24.5458,678848.4402725765,0
CDR,D,20150826,000000,24.9169,25.5007,23.4441,24.0833,1275256.946562854,0
CDR,D,20150827,000000,24.5458,24.8246,22.2307,23.343,1037577.9539766242,0
CDR,D,20150828,000000,22.971,23.1556,21.6089,21.6371,898216.482857515,0
CDR,D,20150831,000000,21.7489,22.5085,21.6742,22.5085,376705.92782643373,0
CDR,D,20150901,000000,22.5085,22.7407,22.0364,22.4902,376513.4410283835,0
CDR,D,20150902,000000,22.4902,23.0642,22.4902,22.8322,214108.10922686098,0
CDR,D,20150903,000000,23.0642,23.6656,22.8322,23.6656,261549.41422508875,0
CDR,D,20150904,000000,23.9444,23.9444,23.2032,23.7871,245255.97290900894,0
CDR,D,20150907,000000,23.7871,23.7871,22.7407,22.9991,223923.90658551874,0
CDR,D,20150908,000000,22.8797,23.5734,22.7213,23.5734,161964.77378249803,0
CDR,D,20150909,000000,23.6384,23.7589,23.0915,23.0915,211758.12334495326,0
CDR,D,20150910,000000,23.0915,23.3051,22.7213,22.7854,201333.9853572082,0
CDR,D,20150911,000000,23.074,23.2868,22.2492,22.9166,374727.5341054377,0
CDR,D,20150914,000000,23.1556,23.1556,22.5465,23.1294,226526.08105308042,0
CDR,D,20150915,000000,23.0642,23.0642,22.7126,23.0458,265763.5369585542,0
CDR,D,20150916,000000,23.0642,23.6938,22.8971,23.6938,337674.3401541387,0
CDR,D,20150917,000000,23.7589,24.6381,23.7307,24.2126,752297.0791701024,0
CDR,D,20150918,000000,24.4534,24.4534,23.5277,23.9532,356304.3859169675,0
CDR,D,20150921,000000,24.0368,24.3418,24.0368,24.2971,416581.57525480166,0
CDR,D,20150922,000000,24.3612,24.536,24.2874,24.3612,260556.0999999312,0
CDR,D,20150923,000000,24.3612,24.4534,24.1758,24.3243,301778.12567340035,0
CDR,D,20150924,000000,24.2495,24.4534,24.1758,24.4534,184743.0644441691,0
CDR,D,20150925,000000,24.3699,25.1025,24.2126,24.8246,386937.57901612855,0
CDR,D,20150928,000000,25.0092,25.0277,24.2408,24.334,206087.48286164805,0
CDR,D,20150929,000000,24.1299,24.6857,23.62,24.4069,331762.8338379983,0
CDR,D,20150930,000000,24.2874,24.981,24.2874,24.9441,245049.0753346503,0
CDR,D,20151001,000000,24.9723,24.9723,24.3515,24.3515,162793.39342109257,0
CDR,D,20151002,000000,24.3699,24.7041,24.334,24.6381,146840.66403095768,0
CDR,D,20151005,000000,24.7128,24.8246,24.5458,24.5458,170086.27558197055,0
CDR,D,20151006,000000,24.5924,25.4075,24.5924,25.2696,324832.27976754296,0
CDR,D,20151007,000000,25.3337,25.4726,23.926,23.99,1635671.491755598,0
CDR,D,20151008,000000,24.2126,24.7128,24.1018,24.6021,205956.75653357152,0
CDR,D,20151009,000000,24.7595,25.1948,24.7323,24.8334,167644.6783362923,0
CDR,D,20151012,000000,25.0092,25.1025,24.8334,25.1025,211309.33059659958,0
CDR,D,20151013,000000,25.1025,25.1025,24.6575,24.9354,64333.822872905825,0
CDR,D,20151014,000000,24.9354,24.9538,24.6673,24.7682,63933.40915934412,0
CDR,D,20151015,000000,24.7682,25.1025,24.5729,25.0092,273832.54235857213,0
CDR,D,20151016,000000,25.0092,25.0461,24.6381,25.0461,129855.50545133917,0
CDR,D,20151019,000000,25.0092,25.0092,24.5729,24.6954,96905.26538758303,0
CDR,D,20151020,000000,24.6381,24.8246,24.1844,24.7226,157191.71879591024,0
CDR,D,20151021,000000,24.7128,25.0092,24.5284,24.8246,141649.69653098294,0
CDR,D,20151022,000000,24.9538,24.981,24.6857,24.8246,134914.71728206746,0
CDR,D,20151023,000000,24.8246,24.8246,24.5924,24.5924,119018.6016560467,0
CDR,D,20151026,000000,24.5011,25.0655,24.4534,25.0005,140470.07155478458,0
CDR,D,20151027,000000,24.981,24.9908,24.8421,24.9072,155490.2178485657,0
CDR,D,20151028,000000,24.9072,24.9723,24.6478,24.9723,78531.52557508175,0
CDR,D,20151029,000000,24.9169,24.9626,24.472,24.6857,79689.53438679333,0
CDR,D,20151030,000000,24.5458,24.8246,24.5458,24.6381,98896.01120256275,0
CDR,D,20151102,000000,24.9626,24.9626,24.6954,24.9169,208843.02916294392,0
CDR,D,20151103,000000,24.9169,25.1667,24.777,24.9908,296395.70071655535,0
CDR,D,20151104,000000,24.8519,25.0558,24.74,24.9538,219002.62647102622,0
CDR,D,20151105,000000,24.8246,24.9354,24.5652,24.6857,81419.8568867839,0
CDR,D,20151106,000000,24.6857,24.6857,24.5458,24.5924,131271.8788957031,0
CDR,D,20151109,000000,24.9072,24.9072,24.5458,24.6021,88558.33787276178,0
CDR,D,20151110,000000,24.5458,24.6021,24.0833,24.3515,229675.8650209356,0
CDR,D,20151112,000000,23.1109,23.5191,22.1385,22.5271,594724.5041427914,0
CDR,D,20151113,000000,22.5271,22.6756,20.7492,20.8231,645147.8104988217,0
CDR,D,20151116,000000,20.8404,21.6012,19.8777,21.3039,709476.4866658981,0
CDR,D,20151117,000000,21.7586,22.4251,21.5817,21.9529,258875.1858759045,0
CDR,D,20151118,000000,22.221,22.221,21.0543,21.3039,199749.8293027916,0
CDR,D,20151119,000000,21.3039,21.7489,20.6646,21.0348,167196.91492909845,0
CDR,D,20151120,000000,20.9338,21.4244,20.8404,20.8404,131511.71538737838,0
CDR,D,20151123,000000,20.9434,21.0727,20.0623,20.1003,211810.61974441787,0
CDR,D,20151124,000000,20.0536,20.7026,19.7574,19.7574,361513.8815579203,0
CDR,D,20151125,000000,19.7574,22.1841,19.7574,21.0912,281790.37891265145,0
CDR,D,20151126,000000,21.0912,21.4894,20.8404,21.1096,141648.66718982309,0
CDR,D,20151127,000000,21.3691,21.5817,21.2301,21.5362,216309.8699808639,0
CDR,D,20151130,000000,21.7683,21.7683,20.925,20.925,119850.3093181409,0
CDR,D,20151201,000000,21.0261,21.2952,21.0261,21.2116,138308.45510624745,0
CDR,D,20151202,000000,21.2301,21.4623,20.8503,21.3039,130366.05866965652,0
CDR,D,20151203,000000,21.3039,21.3039,20.5908,20.7939,156492.79614421228,0
CDR,D,20151204,000000,20.656,21.2116,20.3965,21.1291,315370.57576997863,0
CDR,D,20151207,000000,21.5817,21.6187,20.9153,21.1194,239443.28334479837,0
CDR,D,20151208,000000,21.3039,21.3039,20.9338,21.0727,96651.01811958925,0
CDR,D,20151209,000000,21.2019,21.267,20.6463,20.8404,136717.0936636716,0
CDR,D,20151210,000000,20.8881,21.0261,20.8035,20.8881,65269.49399276935,0
CDR,D,20151211,000000,21.2583,21.267,20.6092,20.7492,143009.4562112227,0
CDR,D,20151214,000000,20.7492,20.8404,20.6092,20.656,113060.77498742103,0
CDR,D,20151215,000000,20.5636,21.0912,20.4335,21.0912,85630.89159675266,0
CDR,D,20151216,000000,21.1194,21.2116,20.8231,20.9338,243098.47382514144,0
CDR,D,20151217,000000,21.1194,21.1194,20.8881,21.0727,103598.04164869686,0
CDR,D,20151218,000000,21.1194,21.1194,20.9338,20.9338,161276.14454245902,0
CDR,D,20151221,000000,20.9434,22.1841,20.9434,22.0733,289944.81962944055,0
CDR,D,20151222,000000,22.1385,22.1385,21.5362,21.6012,98699.40703986301,0
CDR,D,20151223,000000,21.5817,21.6742,21.3973,21.4428,213747.83981877813,0
CDR,D,20151228,000000,21.4526,21.5176,21.0348,21.1291,284617.9790955699,0
CDR,D,20151229,000000,21.1291,21.3039,21.0261,21.0727,272149.5695522157,0
CDR,D,20151230,000000,21.0261,21.1194,20.4888,20.517,419019.05513581034,0
CDR,D,20160104,000000,20.517,20.6463,20.0623,20.3509,125685.64438799914,0
CDR,D,20160105,000000,20.656,20.8404,20.3791,20.8035,75564.96433476565,0
CDR,D,20160107,000000,20.3694,20.3965,19.5533,19.7301,521896.5579683315,0
CDR,D,20160108,000000,19.6457,19.8962,18.6449,19.1277,613021.0433678547,0
CDR,D,20160111,000000,18.7382,19.3124,18.6275,19.0811,338837.49567167874,0
CDR,D,20160112,000000,18.9986,20.3965,18.9986,20.3965,414964.48028306843,0
CDR,D,20160113,000000,20.3791,20.5636,20.0167,20.1468,164981.77273994693,0
CDR,D,20160114,000000,20.0255,20.8404,19.8311,20.8404,184031.78969848243,0
CDR,D,20160115,000000,20.656,20.7861,20.0351,20.0536,192241.81483823582,0
CDR,D,20160118,000000,19.665,20.0351,19.4795,19.8214,119625.91294396407,0
CDR,D,20160119,000000,20.0351,20.0351,19.8496,19.868,76846.49408639352,0
CDR,D,20160120,000000,19.7301,19.7301,19.1734,19.4065,115462.2279276234,0
CDR,D,20160121,000000,19.3502,19.7301,19.1734,19.3687,220086.52271879447,0
CDR,D,20160122,000000,19.6369,19.9156,19.4513,19.6825,110764.31484615788,0
CDR,D,20160125,000000,19.9428,20.9338,19.8126,20.8785,227696.4419587897,0
CDR,D,20160126,000000,20.7298,21.4428,20.4705,21.3418,579399.6728638817,0
CDR,D,20160127,000000,21.3505,21.7683,21.3136,21.3418,210709.22469683143,0
CDR,D,20160128,000000,21.1932,21.6283,20.8968,21.4894,68438.83544277953,0
CDR,D,20160129,000000,21.4894,21.6283,21.2583,21.3874,185621.09245873857,0
CDR,D,20160201,000000,21.5915,21.5915,21.165,21.3874,168080.0896494974,0
CDR,D,20160202,000000,21.3973,21.4894,21.1563,21.165,144351.71709164433,0
CDR,D,20160203,000000,21.165,21.3603,20.9803,20.9803,177052.8565932321,0
CDR,D,20160204,000000,21.1194,21.1194,20.6646,20.8404,131216.29447274885,0
CDR,D,20160205,000000,20.8599,21.063,20.7395,20.8503,166665.77488746325,0
CDR,D,20160208,000000,20.9338,21.0348,20.11,20.5548,171026.0640664936,0
CDR,D,20160209,000000,20.4151,20.5548,20.211,20.3791,89520.77186294053,0
CDR,D,20160210,000000,20.3791,21.2116,20.3509,20.5734,154498.9623057379,0
CDR,D,20160211,000000,20.8035,20.8035,19.868,20.0069,169077.52123932453,0
CDR,D,20160212,000000,20.0069,20.4606,19.868,19.9243,160793.38353561878,0
CDR,D,20160215,000000,20.2857,20.3965,19.8311,20.0167,135994.4961651661,0
CDR,D,20160216,000000,20.1275,20.1275,19.2287,19.6457,159031.15145949053,0
CDR,D,20160217,000000,19.4795,20.3597,19.4795,20.2012,160893.22962872853,0
CDR,D,20160218,000000,20.3791,21.165,20.0069,20.5083,235729.42041798134,0
CDR,D,20160219,000000,20.5636,21.0261,20.5258,20.656,154111.93002733783,0
CDR,D,20160222,000000,20.8404,21.4894,20.8404,21.4331,281848.02201794554,0
CDR,D,20160223,000000,21.3973,21.9343,21.3136,21.4146,244697.04065588658,0
CDR,D,20160224,000000,21.4146,21.7489,20.8503,21.1194,164041.98425541382,0
CDR,D,20160225,000000,21.1475,21.3505,20.5258,20.7492,159588.0250302731,0
CDR,D,20160226,000000,20.9803,21.4331,20.8404,21.3039,165999.79115309197,0
CDR,D,20160229,000000,21.6187,21.6187,21.0348,21.3039,71756.4020206894,0
CDR,D,20160301,000000,21.1747,21.5545,21.063,21.3039,174052.32709444154,0
CDR,D,20160302,000000,21.4894,21.6283,21.3321,21.4428,173790.8744382785,0
CDR,D,20160303,000000,21.4428,22.3696,21.4428,22.2307,627112.7239299214,0
CDR,D,20160304,000000,22.3424,23.0458,22.2861,22.9351,490594.2931112894,0
CDR,D,20160307,000000,22.8797,23.1652,22.6941,22.7213,271543.2876054582,0
CDR,D,20160308,000000,22.3696,22.7854,21.9063,22.2676,266406.87518728786,0
CDR,D,20160309,000000,22.2676,22.2676,21.2116,22.2307,416125.5771182787,0
CDR,D,20160310,000000,22.2676,23.2304,21.7683,23.0642,1087920.9717217127,0
CDR,D,20160311,000000,23.0642,23.139,22.6009,23.0186,431848.7634284073,0
CDR,D,20160314,000000,23.1197,23.1197,22.3327,22.4066,124779.82416195257,0
CDR,D,20160315,000000,21.9985,22.4153,21.8227,22.4153,210061.7691034382,0
CDR,D,20160316,000000,21.9985,22.7407,21.9985,22.6291,112199.21643150989,0
CDR,D,20160317,000000,22.7407,23.0186,22.6009,23.0186,164764.58175392932,0
CDR,D,20160318,000000,22.971,23.139,22.8418,23.139,282599.441069098,0
CDR,D,20160321,000000,23.1109,23.1294,22.8797,23.1012,133299.680992664,0
CDR,D,20160322,000000,23.0642,23.139,22.7854,23.0545,206769.93605468769,0
CDR,D,20160323,000000,23.0642,23.1197,22.8797,22.8797,84642.72407742456,0
CDR,D,20160324,000000,22.971,23.139,22.8797,23.139,109425.14198923597,0
CDR,D,20160329,000000,23.139,23.8046,23.0642,23.62,332417.4948195508,0
CDR,D,20160330,000000,23.7131,24.0833,23.5277,24.0833,410201.71870813955,0
CDR,D,20160331,000000,24.0833,24.1299,23.7403,23.8046,377153.6912336175,0
CDR,D,20160401,000000,23.7131,23.7131,23.4627,23.481,130204.4521066032,0
CDR,D,20160404,000000,23.5734,24.2592,23.3974,24.2592,152476.3069146165,0
CDR,D,20160405,000000,24.2223,24.2223,23.6481,23.9444,206390.10916444685,0
CDR,D,20160406,000000,23.9444,23.99,23.7491,23.7948,154604.98444583698,0
CDR,D,20160407,000000,23.99,23.99,23.8046,23.9532,153294.63314155207,0
CDR,D,20160408,000000,23.8979,24.0833,23.7307,24.0833,659964.1472417437,0
CDR,D,20160411,000000,24.0833,24.0833,23.8425,23.9814,323685.5937086512,0
CDR,D,20160412,000000,23.9444,23.9444,23.4247,23.4247,124182.80628569414,0
CDR,D,20160413,000000,23.343,23.7131,23.1848,23.7131,138064.50124992264,0
CDR,D,20160414,000000,23.7035,23.9814,23.5549,23.9629,272717.76587582706,0
CDR,D,20160415,000000,23.9444,24.0182,23.8239,23.9444,77655.55624284408,0
CDR,D,20160418,000000,23.99,24.0368,23.7948,24.0368,82043.63763335958,0
CDR,D,20160419,000000,24.0368,24.0833,23.9532,24.0833,186302.51631060828,0
CDR,D,20160420,000000,24.0736,24.0833,23.9814,24.0736,62698.19976018449,0
CDR,D,20160421,000000,23.99,24.166,23.5277,23.889,222044.32961646258,0
CDR,D,20160422,000000,23.8979,24.0279,23.5549,24.0279,90021.03166959994,0
CDR,D,20160425,000000,24.064,24.064,23.7131,23.9814,62979.20989849452,0
CDR,D,20160426,000000,23.889,24.0368,23.5734,23.5734,104020.07152674334,0
CDR,D,20160427,000000,23.7871,23.7871,23.3791,23.4909,127504.4902282716,0
CDR,D,20160428,000000,23.6656,23.9716,23.4345,23.7774,368824.2625186265,0
CDR,D,20160429,000000,23.62,23.8793,23.481,23.5734,29090.210691378186,0
CDR,D,20160502,000000,23.5462,23.8328,23.2955,23.4345,55097.54459068828,0
CDR,D,20160504,000000,23.4345,23.6849,23.3051,23.3051,120419.53498292221,0
CDR,D,20160505,000000,23.3149,23.4723,22.1666,22.7768,234299.6655384588,0
CDR,D,20160506,000000,22.7407,22.7768,22.2307,22.5552,198113.17684890036,0
CDR,D,20160509,000000,22.6009,23.1556,22.6009,22.6941,177744.57385676078,0
CDR,D,20160510,000000,22.8797,23.1556,22.7854,23.1556,179011.69283206013,0
CDR,D,20160511,000000,23.2868,23.9172,23.2032,23.7131,162949.85327832645,0
CDR,D,20160512,000000,23.7131,23.889,23.4072,23.7131,180621.5824156341,0
CDR,D,20160513,000000,23.583,23.8521,23.4723,23.7948,338340.32388852,0
CDR,D,20160516,000000,23.8046,24.7323,23.7948,24.7323,333585.79704292025,0
CDR,D,20160517,000000,24.7323,24.7323,23.99,24.435,145012.55412019618,0
CDR,D,20160518,000000,24.4439,25.0461,24.0833,25.0461,457929.18055050785,0
CDR,D,20160519,000000,25.0461,25.1025,24.6381,24.7499,80052.89181837985,0
CDR,D,20160520,000000,24.7226,25.0005,24.2874,24.5729,228189.49637727885,0
CDR,D,20160523,000000,24.5458,24.9908,24.4817,24.981,83109.00574013471,0
CDR,D,20160524,000000,24.9267,25.0005,24.5011,24.7128,116057.18712156208,0
CDR,D,20160525,000000,24.7128,25.1025,24.7128,25.1025,428439.5854867389,0
CDR,D,20160527,000000,25.1763,25.7146,25.1471,25.7048,279615.38102896576,0
CDR,D,20160530,000000,25.7048,26.0846,24.6303,24.6303,329036.10908934945,0
CDR,D,20160531,000000,24.6303,24.981,24.5458,24.8616,215605.8006233365,0
CDR,D,20160601,000000,24.8616,24.8616,24.064,24.3612,298449.2363426536,0
CDR,D,20160602,000000,24.268,24.8246,24.1299,24.6954,153077.4421555445,0
CDR,D,20160603,000000,24.4631,24.8149,24.0833,24.5924,112614.04092140716,0
CDR,D,20160606,000000,24.268,25.1948,24.268,25.1948,191737.43766690785,0
CDR,D,20160607,000000,25.1851,25.7961,25.1394,25.7408,269395.0525920797,0
CDR,D,20160608,000000,25.3512,25.7504,24.9723,25.3793,161782.5803961168,0
CDR,D,20160609,000000,25.5465,25.6495,25.287,25.6495,91162.57102265723,0
CDR,D,20160610,000000,25.6582,25.7504,24.9908,25.287,131196.73699059087,0
CDR,D,20160613,000000,25.3337,25.3337,24.2777,24.8149,142499.93233406523,0
CDR,D,20160614,000000,24.88,24.9538,23.3595,23.99,266809.3475831864,0
CDR,D,20160615,000000,23.9444,25.0092,23.2586,24.88,422978.930601282,0
CDR,D,20160616,000000,24.981,24.981,24.4069,24.4534,500811.5335246758,0
CDR,D,20160617,000000,24.4534,25.0092,24.0931,24.7323,143539.56691169806,0
CDR,D,20160620,000000,24.7323,25.0753,24.472,24.5556,255025.4499151915,0
CDR,D,20160621,000000,24.5011,24.9169,24.5011,24.8149,201748.80984710547,0
CDR,D,20160622,000000,24.8519,24.9626,24.777,24.9538,201549.11766090608,0
CDR,D,20160623,000000,24.9538,25.6115,24.6857,25.4638,252025.94975757084,0
CDR,D,20160624,000000,22.8797,24.9354,22.6941,24.9354,537026.8437668713,0
CDR,D,20160627,000000,24.6381,24.8713,24.3612,24.3612,176739.9368787744,0
CDR,D,20160628,000000,24.2874,25.157,24.2874,24.9267,197692.17631202377,0
CDR,D,20160629,000000,25.2045,25.287,24.9626,25.1948,184501.16927016404,0
CDR,D,20160630,000000,25.2598,25.6396,25.0092,25.3793,376702.83980292396,0
CDR,D,20160701,000000,25.5465,25.6115,25.2123,25.4259,140667.70505864418,0
CDR,D,20160704,000000,25.1851,25.3793,25.0092,25.3608,129165.84687014029,0
CDR,D,20160705,000000,25.287,25.3793,25.2045,25.3793,23381.48458492888,0
CDR,D,20160706,000000,25.3793,25.7504,25.222,25.5747,264330.69405552186,0
CDR,D,20160707,000000,25.4726,26.445,25.4726,26.3985,494316.3907674256,0
CDR,D,20160708,000000,26.3985,26.8161,26.2596,26.3149,234441.71461936415,0
CDR,D,20160711,000000,26.3985,26.584,26.1206,26.584,152416.60512699265,0
CDR,D,20160712,000000,26.6588,27.3253,26.6025,27.3253,483557.716900735,0
CDR,D,20160713,000000,27.5098,27.6032,26.6492,26.8628,237450.47884747383,0
CDR,D,20160714,000000,26.9076,27.3253,26.8065,27.029,69671.98615960736,0
CDR,D,20160715,000000,27.0755,28.7144,27.0755,28.7144,551736.1290285344,0
CDR,D,20160718,000000,28.5289,29.6413,28.2977,29.3625,285418.8065226873,0
CDR,D,20160719,000000,29.4092,29.5946,29.0846,29.4635,181355.50266696842,0
CDR,D,20160720,000000,29.6413,31.2151,29.5208,30.197,504865.0790362478,0
CDR,D,20160721,000000,30.3359,30.8441,30.2892,30.5671,284613.8617309003,0
CDR,D,20160722,000000,30.5671,30.8809,30.2349,30.5856,396644.26621118764,0
CDR,D,20160725,000000,30.5671,30.8441,30.5671,30.7799,232906.96694091242,0
CDR,D,20160726,000000,30.7897,30.9188,30.5487,30.706,137630.1192778774,0
CDR,D,20160727,000000,30.7799,31.0762,30.095,30.7897,307674.1918720523,0
CDR,D,20160728,000000,30.8441,31.3084,30.5671,31.2151,149660.0294845269,0
CDR,D,20160729,000000,31.3268,32.2711,31.2151,32.2332,344093.31166510674,0
CDR,D,20160801,000000,32.2332,32.8356,30.8441,31.6785,390996.2712335401,0
CDR,D,20160802,000000,31.8631,32.1788,31.1229,31.4929,224720.61664797657,0
CDR,D,20160803,000000,31.5028,31.6047,30.3359,31.0762,337085.5570072094,0
CDR,D,20160804,000000,30.8441,30.946,29.5481,30.0669,399237.17660827027,0
CDR,D,20160805,000000,29.918,30.3164,29.4635,30.1503,349583.8174443806,0
CDR,D,20160808,000000,30.3359,31.0305,30.3359,31.0305,340601.7864301468,0
CDR,D,20160809,000000,31.0305,31.9563,31.0305,31.5493,295464.14696135145,0
CDR,D,20160810,000000,31.4929,31.8088,30.9839,31.8088,227021.19415390934,0
CDR,D,20160811,000000,31.6785,32.1692,31.4929,32.1692,332832.319309428,0
CDR,D,20160812,000000,32.2906,32.9105,32.2332,32.8093,328375.2720607976,0
CDR,D,20160816,000000,32.8269,32.8453,32.0388,32.6607,260286.412614449,0
CDR,D,20160817,000000,32.5868,32.7443,32.3265,32.7443,203221.79705559352,0
CDR,D,20160818,000000,32.7529,33.2805,32.6412,33.2805,472371.86645018857,0
CDR,D,20160819,000000,33.3457,33.6788,33.161,33.6419,208638.19027091502,0
CDR,D,20160822,000000,33.6788,35.0963,33.5312,35.0593,287742.02953427774,0
CDR,D,20160823,000000,35.1973,35.1973,34.559,34.9574,470076.4356500852,0
CDR,D,20160824,000000,35.0127,35.0593,33.9674,34.2725,346789.1561787788,0
CDR,D,20160825,000000,35.6616,36.1531,34.8368,35.8559,383211.36399533285,0
CDR,D,20160826,000000,35.8559,37.9671,35.8559,37.8854,1097822.2043970814,0
CDR,D,20160829,000000,38.4401,39.7467,37.931,39.1532,731834.8061318523,0
CDR,D,20160830,000000,39.1629,39.1629,37.5784,38.5324,595645.7644863264,0
CDR,D,20160831,000000,38.5411,39.3668,38.5411,39.3668,376305.514112865,0
CDR,D,20160901,000000,39.4127,39.5516,37.6065,38.2556,392132.6638807629,0
CDR,D,20160902,000000,38.2274,39.8304,37.9767,39.6361,273581.383114078,0
CDR,D,20160905,000000,39.9586,41.2196,39.7371,40.3015,1810880.79832048,0
CDR,D,20160906,000000,40.3015,40.9407,39.8304,40.8398,169266.92001386502,0
CDR,D,20160907,000000,40.931,40.9884,39.9682,40.0159,137171.0331178648,0
CDR,D,20160908,000000,40.0159,40.0159,38.3654,38.7646,239636.79948399842,0
CDR,D,20160909,000000,38.7646,39.7371,38.7646,39.3668,287029.7254474312,0
CDR,D,20160912,000000,38.987,38.9957,36.6798,37.283,298538.78902409435,0
CDR,D,20160913,000000,37.4211,40.2005,37.4211,39.2377,156638.96258977722,0
CDR,D,20160914,000000,39.2377,40.0061,38.5324,38.8385,56627.145563314545,0
CDR,D,20160915,000000,38.579,38.6256,37.283,37.6065,134647.08857890504,0
CDR,D,20160916,000000,38.07,39.5981,37.3657,38.4401,329710.3275530599,0
CDR,D,20160919,000000,38.4401,39.3115,38.3011,38.5324,101692.73115049333,0
CDR,D,20160920,000000,38.4401,38.9035,37.6347,38.9035,132265.19312086067,0
CDR,D,20160921,000000,38.9035,39.0892,38.0797,38.3479,70902.04885293751,0
CDR,D,20160922,000000,38.3479,38.5247,37.5512,37.5697,118460.69874409423,0
CDR,D,20160923,000000,37.9767,37.9767,36.2173,36.3097,311043.2255082549,0
CDR,D,20160926,000000,36.3097,36.9488,35.4294,36.0502,123127.73159058296,0
CDR,D,20160927,000000,36.3097,36.7915,35.7549,36.3651,99140.99440006248,0
CDR,D,20160928,000000,36.6895,36.8934,36.125,36.2075,51401.18046370246,0
CDR,D,20160929,000000,36.5428,37.5055,35.4392,36.81,1311541.2226632126,0
CDR,D,20160930,000000,36.9031,37.6065,36.2357,36.9216,190328.26961069313,0
CDR,D,20161003,000000,37.6532,38.2556,37.2364,37.6999,95869.74817462082,0
CDR,D,20161004,000000,37.9767,37.9767,36.6798,36.7274,171584.99631961595,0
CDR,D,20161005,000000,36.9576,37.1441,36.1892,36.6798,515127.61046092946,0
CDR,D,20161006,000000,37.0975,37.0975,35.4761,35.8287,159934.91300321737,0
CDR,D,20161007,000000,36.0134,37.3015,36.0134,36.125,163603.48491871904,0
CDR,D,20161010,000000,36.5875,36.8566,36.4951,36.5875,60494.38032385076,0
CDR,D,20161011,000000,36.6341,37.0421,36.5875,36.5875,90485.26453545006,0
CDR,D,20161012,000000,36.5875,36.7274,36.4029,36.7274,99532.14404313015,0
CDR,D,20161013,000000,36.7274,36.9488,35.8463,36.0406,82380.23219463087,0
CDR,D,20161014,000000,36.0318,36.81,36.0318,36.6895,68673.52522862032,0
CDR,D,20161017,000000,36.125,36.7274,36.0881,36.6798,83717.34636921997,0
CDR,D,20161018,000000,36.7731,36.9956,36.5875,36.8187,76740.47194629944,0
CDR,D,20161019,000000,36.4951,36.6798,36.4951,36.5971,171255.60714650995,0
CDR,D,20161020,000000,36.5971,36.8838,36.1435,36.838,299569.1595312281,0
CDR,D,20161021,000000,37.0042,37.0421,36.7731,37.014,257840.6980041112,0
CDR,D,20161024,000000,37.051,37.727,36.5875,36.6798,104843.54445951844,0
CDR,D,20161025,000000,36.6895,36.8751,36.6069,36.6798,73242.77066434613,0
CDR,D,20161026,000000,36.569,36.8662,35.6334,36.125,172631.83628540803,0
CDR,D,20161027,000000,36.125,37.3015,36.125,37.0421,350129.36826233426,0
CDR,D,20161028,000000,37.0228,37.0228,36.6341,36.6341,98315.4627849576,0
CDR,D,20161031,000000,36.7274,37.2267,36.709,36.9401,59451.65772272729,0
CDR,D,20161102,000000,36.9488,36.9488,36.1793,36.7731,155696.08608175445,0
CDR,D,20161103,000000,36.3291,36.8662,36.2173,36.8187,104162.1206076487,0
CDR,D,20161104,000000,36.8187,36.9401,36.3737,36.6341,70782.64527768582,0
CDR,D,20161107,000000,36.5875,37.4026,36.5875,36.6721,119564.15247400041,0
CDR,D,20161108,000000,36.7818,36.9576,36.6341,36.6798,69198.48922326318,0
CDR,D,20161109,000000,36.1348,37.6435,36.1348,36.6526,131873.0141366311,0
CDR,D,20161110,000000,36.7449,37.1441,36.5875,36.6341,68630.29289964976,0
CDR,D,20161114,000000,36.7731,36.913,36.5875,36.6341,215281.55815605994,0
CDR,D,20161115,000000,36.6439,37.0421,36.6069,37.0324,99390.0949622268,0
CDR,D,20161116,000000,37.0421,37.0693,36.6526,36.7915,74438.86509919878,0
CDR,D,20161117,000000,36.7915,37.0421,36.4582,36.6992,196457.99625403105,0
CDR,D,20161118,000000,36.8662,37.051,35.4954,37.051,523259.4056720709,0
CDR,D,20161121,000000,37.051,37.2364,36.7274,37.181,115310.91477622901,0
CDR,D,20161122,000000,37.181,40.0333,37.181,40.0333,313441.5904249576,0
CDR,D,20161123,000000,40.2005,40.7562,39.5427,40.0333,556560.6510734169,0
CDR,D,20161124,000000,40.32,45.5544,40.32,45.0812,837282.5738557986,0
CDR,D,20161125,000000,45.8507,46.2576,43.554,45.3785,588109.9578102834,0
CDR,D,20161128,000000,45.397,46.1286,44.6003,45.0172,333272.87732846255,0
CDR,D,20161129,000000,45.0172,45.3873,44.1088,44.6927,427457.5940144001,0
CDR,D,20161130,000000,44.7209,45.053,43.998,44.1933,288051.86122523586,0
CDR,D,20161201,000000,44.5169,47.1292,44.1457,46.5453,653210.6398518402,0
CDR,D,20161202,000000,47.1292,50.0184,46.389,47.851,539942.9672900505,0
CDR,D,20161205,000000,48.4446,49.7415,48.4446,49.7231,235938.3766746798,0
CDR,D,20161206,000000,50.0281,50.4818,47.8413,48.7311,213492.56320961445,0
CDR,D,20161207,000000,48.769,49.0275,45.6009,47.3331,355082.5579529735,0
CDR,D,20161208,000000,47.5645,48.5748,45.7303,48.4155,305989.1603833561,0
CDR,D,20161209,000000,49.0838,49.0925,46.7776,47.7121,228952.23818127022,0
CDR,D,20161212,000000,47.9812,48.1668,47.0729,47.9812,178441.43782612897,0
CDR,D,20161213,000000,47.9812,48.9732,47.4255,48.4534,77218.0862473082,0
CDR,D,20161214,000000,48.6292,49.7036,47.9354,48.6292,178864.4970453353,0
CDR,D,20161215,000000,49.0925,49.4996,48.1668,49.0741,109416.90725990682,0
CDR,D,20161216,000000,49.0925,49.2684,47.2584,47.851,261837.62975155903,0
CDR,D,20161219,000000,47.61,47.61,46.453,46.7776,426362.3750138131,0
CDR,D,20161220,000000,46.7776,48.6292,46.453,47.4343,1734843.3663906213,0
CDR,D,20161221,000000,48.2591,48.3426,47.4993,48.1668,110248.61492201107,0
CDR,D,20161222,000000,47.8879,47.9812,47.7033,47.7684,55327.08767069861,0
CDR,D,20161223,000000,47.8413,48.5825,47.7587,48.4534,93101.84977933724,0
CDR,D,20161227,000000,48.3513,48.601,48.157,48.1668,156231.34348805924,0
CDR,D,20161228,000000,47.9812,48.8147,47.8879,48.769,86474.95135284461,0
CDR,D,20161229,000000,48.769,48.8982,48.1668,48.4621,51547.346909269385,0
CDR,D,20161230,000000,48.6292,48.6292,48.2309,48.3513,260615.80178755504,0
CDR,D,20170102,000000,48.3513,48.6845,48.3513,48.5184,30857.589473342934,0
CDR,D,20170103,000000,48.5466,48.9168,47.61,48.3056,164870.60389401836,0
CDR,D,20170104,000000,48.3513,48.4903,47.7684,48.0823,86215.55737902135,0
CDR,D,20170105,000000,47.8879,48.8147,47.7772,48.3513,84529.49654916822,0
CDR,D,20170109,000000,48.3971,48.8051,47.7314,48.8051,141108.26307767877,0
CDR,D,20170110,000000,48.3513,49.8329,48.3513,49.0925,200904.7500910125,0
CDR,D,20170111,000000,49.2684,51.7593,49.2684,50.4361,427066.44437133044,0
CDR,D,20170112,000000,50.9365,51.9916,50.5557,50.8062,291173.8529816038,0
CDR,D,20170113,000000,51.4086,51.5932,49.3248,49.9359,183904.15139390563,0
CDR,D,20170116,000000,49.9359,51.2881,49.9359,50.9365,172544.34228630707,0
CDR,D,20170117,000000,51.1763,51.3989,50.7228,51.0938,177389.45115450743,0
CDR,D,20170118,000000,51.4911,51.4911,50.7772,51.0103,154249.8617435736,0
CDR,D,20170119,000000,51.0375,52.0848,50.8617,52.0848,269838.698634624,0
CDR,D,20170120,000000,52.418,54.1784,52.1488,54.1307,260066.1336049317,0
CDR,D,20170123,000000,54.2891,56.0397,52.9922,54.7885,375387.3417928196,0
CDR,D,20170124,000000,54.8351,55.1683,53.9092,55.1129,144030.56264786745,0
CDR,D,20170125,000000,55.1129,55.7424,54.3074,55.2335,138830.33107739364,0
CDR,D,20170126,000000,55.5763,55.6696,54.6504,55.1227,259161.342720045,0
CDR,D,20170127,000000,55.2888,55.2888,54.2055,54.8826,81186.196442109,0
CDR,D,20170130,000000,54.6504,54.7981,54.4183,54.6504,115055.63816707536,0
CDR,D,20170131,000000,54.465,54.6039,53.2612,54.3251,135876.12193106828,0
CDR,D,20170201,000000,54.5572,55.1032,54.465,54.6504,122361.90176310192,0
CDR,D,20170202,000000,54.6504,55.419,53.372,54.6504,270338.9584412824,0
CDR,D,20170203,000000,54.6504,55.0021,53.9744,54.4378,105865.68023732303,0
CDR,D,20170206,000000,54.465,55.5579,54.465,55.2974,136085.07818776678,0
CDR,D,20170207,000000,55.5665,57.2443,55.4656,57.2443,232502.4358626741,0
CDR,D,20170208,000000,57.2443,61.1157,57.2443,58.8191,405029.279349163,0
CDR,D,20170209,000000,60.0218,60.291,59.3749,59.9209,199443.0856353332,0
CDR,D,20170210,000000,60.1161,62.3672,59.9209,61.7453,273546.38551443163,0
CDR,D,20170213,000000,62.0601,64.3664,62.0601,64.3208,249984.7662254513,0
CDR,D,20170214,000000,64.3752,64.9405,63.4503,64.1905,173182.53380919123,0
CDR,D,20170215,000000,64.5607,64.5607,63.5523,64.3752,117628.99108198998,0
CDR,D,20170216,000000,64.4684,64.4684,63.9137,64.3752,117987.20180774304,0
CDR,D,20170217,000000,64.3752,64.8396,64.0983,64.0983,158702.7916275444,0
CDR,D,20170220,000000,64.3664,64.7463,64.1905,64.7463,121261.5360566854,0
CDR,D,20170221,000000,64.7463,68.9606,64.7375,68.7565,342209.61733139097,0
CDR,D,20170222,000000,71.3224,72.0277,65.8771,67.2479,545903.8819821657,0
CDR,D,20170223,000000,68.0815,69.6378,67.4334,68.8595,202283.03791223033,0
CDR,D,20170224,000000,69.323,69.4696,65.2184,65.7654,342127.2700381095,0
CDR,D,20170227,000000,65.7654,67.4334,65.7557,66.8778,218966.59953021994,0
CDR,D,20170228,000000,67.1547,67.6181,61.2264,65.2563,1080026.9543198363,0
CDR,D,20170301,000000,65.7654,68.6828,65.3476,68.6371,375549.97769704286,0
CDR,D,20170302,000000,69.0073,70.3411,67.6181,68.2476,245268.32500299768,0
CDR,D,20170303,000000,68.5255,68.5448,67.1547,67.6181,150066.61924508496,0
CDR,D,20170306,000000,67.6181,67.8775,65.812,65.8577,162591.6425525734,0
CDR,D,20170307,000000,65.5808,68.4515,63.5523,67.8686,446429.38104433374,0
CDR,D,20170308,000000,68.0815,68.5448,66.7845,67.7841,247951.81742267095,0
CDR,D,20170309,000000,67.7841,67.8035,65.9315,67.1547,142304.3575125354,0
CDR,D,20170310,000000,67.1547,68.878,67.1547,67.7841,140802.5487513903,0
CDR,D,20170313,000000,68.267,68.6275,66.8593,67.6181,136054.19795278995,0
CDR,D,20170314,000000,68.0815,68.6371,67.7103,68.6371,176222.17827229778,0
CDR,D,20170315,000000,69.0073,70.3878,68.1454,68.5255,319351.0380587782,0
CDR,D,20170316,000000,69.6562,70.7676,69.3783,70.3974,197468.80927901686,0
CDR,D,20170317,000000,70.8599,71.3224,70.3974,71.3224,253110.87534648893,0
CDR,D,20170320,000000,71.3224,71.6934,70.3974,70.8501,148263.21352231092,0
CDR,D,20170321,000000,70.8501,70.8501,69.9244,70.6559,205493.5530088893,0
CDR,D,20170322,000000,69.8408,69.8408,67.1547,68.4515,300323.6666058803,0
CDR,D,20170323,000000,68.0901,70.6743,68.0901,70.174,111150.31778338805,0
CDR,D,20170324,000000,70.1652,70.6287,69.2667,70.1187,115657.80274916325,0
CDR,D,20170327,000000,69.017,70.0273,68.2205,68.6371,87511.49790697373,0
CDR,D,20170328,000000,69.1559,69.7019,67.2479,67.8035,185183.6224632037,0
CDR,D,20170329,000000,67.8035,68.5255,67.1547,67.2576,132722.22059855354,0
CDR,D,20170330,000000,69.0549,71.5914,67.6374,69.0073,416042.2004838373,0
CDR,D,20170331,000000,69.9331,70.2021,68.267,68.7293,147206.08014485994,0
CDR,D,20170403,000000,69.3687,69.3687,67.9979,68.3408,98125.03466925323,0
CDR,D,20170404,000000,67.9882,68.915,67.9882,68.2573,95426.10213208957,0
CDR,D,20170405,000000,68.3583,69.2667,67.8872,67.8958,134099.47907862155,0
CDR,D,20170406,000000,65.3029,68.0815,65.3029,66.9234,123020.68010932399,0
CDR,D,20170407,000000,66.9234,67.1274,65.7654,66.6921,123416.9764582131,0
CDR,D,20170410,000000,66.5067,66.6921,63.6252,63.8292,311312.9128937371,0
CDR,D,20170411,000000,63.9137,64.5053,60.9303,61.5044,1020630.8810201316,0
CDR,D,20170412,000000,61.0507,62.8013,61.041,61.3655,454104.14877777227,0
CDR,D,20170413,000000,61.4112,61.9494,57.6233,60.0218,548494.7336968986,0
CDR,D,20170418,000000,60.4862,63.8107,60.2357,61.5967,340294.01342152857,0
CDR,D,20170419,000000,62.0601,64.8852,61.8745,64.8852,246077.38715944425,0
CDR,D,20170420,000000,65.7654,66.5989,63.0793,63.5523,203596.47724001494,0
CDR,D,20170421,000000,63.5241,64.0983,61.6434,61.791,256682.6891924006,0
CDR,D,20170424,000000,62.339,62.848,60.9496,61.8288,141286.3390993904,0
CDR,D,20170425,000000,62.0601,62.4312,60.1161,60.9496,292533.6126618436,0
CDR,D,20170426,000000,60.6709,60.6709,58.8191,60.3007,360275.58413526806,0
CDR,D,20170427,000000,60.2075,62.644,59.9393,62.4681,182877.89825143144,0
CDR,D,20170428,000000,62.6993,63.1258,62.4312,62.7916,208259.39272183407,0
CDR,D,20170502,000000,63.4222,65.9509,62.8111,63.9137,190927.34616929136,0
CDR,D,20170504,000000,64.82,65.0989,61.1625,62.644,191809.4915485304,0
CDR,D,20170505,000000,61.3198,63.4406,61.1711,62.4399,203589.27185184567,0
CDR,D,20170508,000000,62.9859,63.4503,61.5967,61.5967,95095.68361781463,0
CDR,D,20170509,000000,61.6705,62.5137,60.7826,61.1343,208257.3340395043,0
CDR,D,20170510,000000,61.1343,63.6718,60.8098,63.6718,223855.97006856574,0
CDR,D,20170511,000000,63.8389,64.0983,62.5516,62.9957,81721.4538484118,0
CDR,D,20170512,000000,62.302,63.4406,62.1533,62.339,99614.49133640765,0
CDR,D,20170515,000000,63.7271,63.7271,61.7181,62.1533,214969.6677827721,0
CDR,D,20170516,000000,61.2354,62.5614,61.1343,61.4394,159427.44780838967,0
CDR,D,20170517,000000,61.1343,61.3655,59.745,60.7631,240874.0675654808,0
CDR,D,20170518,000000,60.7175,61.791,59.745,60.6709,212241.9136929634,0
CDR,D,20170519,000000,61.2733,61.6803,60.7263,61.3101,193619.07331829378,0
CDR,D,20170522,000000,61.5967,64.3576,61.5967,63.8204,252725.90175042866,0
CDR,D,20170523,000000,64.3664,64.3664,62.9412,63.9137,183069.35570830168,0
CDR,D,20170524,000000,65.024,67.5247,65.024,66.22,710573.7643488249,0
CDR,D,20170525,000000,68.5536,70.3042,68.1736,68.1736,546178.7160734775,0
CDR,D,20170526,000000,68.4059,68.9975,66.9972,67.6181,176956.0985236321,0
CDR,D,20170529,000000,68.4166,70.2216,67.8629,70.0146,390520.7156148591,0
CDR,D,20170530,000000,70.277,73.7647,70.0146,72.9282,642581.6629720663,0
CDR,D,20170531,000000,72.4288,74.234,71.7439,74.1785,532000.5708534595,0
CDR,D,20170601,000000,74.1495,77.0629,73.4917,77.0629,537980.013686553,0
CDR,D,20170602,000000,77.2504,77.8994,76.1234,77.0629,254561.21704934942,0
CDR,D,20170605,000000,77.5147,78.0023,75.184,75.184,208416.88192023785,0
CDR,D,20170606,000000,73.3984,75.184,72.1763,75.184,378310.6707041682,0
CDR,D,20170607,000000,75.6533,77.0444,73.886,75.3714,206935.65998240057,0
CDR,D,20170608,000000,75.729,76.922,74.7138,76.7714,250247.24822277424,0
CDR,D,20170609,000000,76.6869,77.8994,75.663,77.2699,284030.2252898005,0
CDR,D,20170612,000000,77.0531,77.0531,75.2296,76.7801,252699.13888010135,0
CDR,D,20170613,000000,75.7476,78.9417,75.6533,78.9331,425457.5841289264,0
CDR,D,20170614,000000,78.9331,79.7792,76.8181,76.8181,258932.82898119857,0
CDR,D,20170616,000000,76.4053,78.9243,76.4053,77.6263,160722.35899517612,0
CDR,D,20170619,000000,78.7543,79.412,78.4725,78.9331,171710.575941863,0
CDR,D,20170620,000000,78.9417,79.3089,77.5428,78.3502,138710.92750214596,0
CDR,D,20170621,000000,78.7348,79.1769,77.6079,77.9645,205888.82001661853,0
CDR,D,20170622,000000,77.7216,79.1118,77.5331,77.5331,221308.35068279848,0
CDR,D,20170623,000000,77.5331,78.7543,77.5331,78.5851,48785.62456098218,0
CDR,D,20170626,000000,78.3316,80.8226,78.3316,80.8226,217199.22074825218,0
CDR,D,20170627,000000,81.0101,81.6308,80.0803,80.8226,115772.05961858146,0
CDR,D,20170628,000000,80.8226,81.5357,80.3524,80.3524,119245.05671255333,0
CDR,D,20170629,000000,80.3611,80.8226,80.2018,80.8226,64118.69056921801,0
CDR,D,20170630,000000,80.7749,81.2831,79.8919,80.8594,103853.31825786055,0
CDR,D,20170703,000000,80.8594,80.9159,79.4217,80.1736,166274.6252443936,0
CDR,D,20170704,000000,80.1736,80.1736,78.1996,78.5949,75996.25828330619,0
CDR,D,20170705,000000,78.5949,78.8388,73.3226,77.7216,538483.3615167211,0
CDR,D,20170706,000000,77.7216,77.7216,75.5871,76.5927,341895.66827577335,0
CDR,D,20170707,000000,76.2167,77.0531,74.9013,74.9013,87434.29731952568,0
CDR,D,20170710,000000,75.0898,76.9588,75.0898,76.4994,91595.92365352855,0
CDR,D,20170711,000000,77.0629,77.8994,75.766,76.1516,112502.87207546856,0
CDR,D,20170712,000000,76.1516,77.909,76.1516,77.8051,91316.9721975513,0
CDR,D,20170713,000000,78.0023,78.3782,77.2504,78.3782,172651.393767556,0
CDR,D,20170714,000000,78.6609,78.6609,76.2167,76.922,84386.41812709898,0
CDR,D,20170717,000000,77.6643,77.6643,76.3585,76.9784,76030.22654178269,0
CDR,D,20170718,000000,76.2264,77.6175,76.2264,77.5331,111060.76510194728,0
CDR,D,20170719,000000,77.4291,78.1908,77.2504,78.1908,76424.46420834803,0
CDR,D,20170720,000000,78.1908,81.2831,78.1908,81.2831,240464.38978142303,0
CDR,D,20170721,000000,81.2831,82.7014,81.2831,81.7621,143670.2932397746,0
CDR,D,20170724,000000,81.7621,81.9495,81.3666,81.7621,80389.48637965115,0
CDR,D,20170725,000000,81.7621,82.8889,78.9893,81.9495,133069.1085714878,0
CDR,D,20170726,000000,82.3819,82.7014,81.4803,82.0253,79313.82486121607,0
CDR,D,20170727,000000,82.2322,83.1717,81.7621,82.1282,110725.19988185192,0
CDR,D,20170728,000000,82.7014,82.7014,80.3524,81.555,92488.36244442151,0
CDR,D,20170731,000000,82.7014,82.7014,80.6535,81.2928,117645.4605406483,0
CDR,D,20170801,000000,81.5735,82.1846,81.0761,81.9495,78263.89687193034,0
CDR,D,20170802,000000,81.9873,82.6918,80.8226,81.4705,115003.14176761078,0
CDR,D,20170803,000000,80.9159,81.2733,79.8919,80.4933,109028.84564033685,0
CDR,D,20170804,000000,79.8821,81.6396,79.8821,80.1833,81317.95211135241,0
CDR,D,20170807,000000,81.0101,81.386,80.3611,80.5398,91021.55128291876,0
CDR,D,20170808,000000,81.0004,81.555,78.9612,79.7043,119862.66141212962,0
CDR,D,20170809,000000,79.8821,79.8821,79.0651,79.1301,73573.18917862004,0
CDR,D,20170810,000000,79.1301,80.9159,79.0457,79.7315,56353.340813167786,0
CDR,D,20170811,000000,78.9417,79.3556,78.0966,78.9417,101214.08750832271,0
CDR,D,20170814,000000,78.9417,79.6762,78.2093,79.5159,40018.725850445226,0
CDR,D,20170816,000000,79.8821,81.9495,79.2624,81.7621,116526.56669324369,0
CDR,D,20170817,000000,81.7425,81.9495,80.9159,81.5735,187134.22397271256,0
CDR,D,20170818,000000,81.386,81.5735,80.3524,81.2928,36614.69461459325,0
CDR,D,20170821,000000,81.0101,81.7524,80.6244,81.2928,54083.643542211845,0
CDR,D,20170822,000000,81.2928,81.7621,79.412,79.9385,142656.39219129915,0
CDR,D,20170823,000000,80.803,80.803,79.1301,79.6101,369978.1539656675,0
CDR,D,20170824,000000,79.7878,79.8821,79.412,79.6947,58528.338696854495,0
CDR,D,20170825,000000,79.8821,80.4466,79.037,79.7878,73211.8904293663,0
CDR,D,20170828,000000,79.7878,79.8734,79.1769,79.3186,71879.92296060566,0
CDR,D,20170829,000000,79.8734,79.8734,75.2209,75.6717,355529.2920189974,0
CDR,D,20170830,000000,76.9415,77.8905,75.766,76.1331,189550.08768923342,0
CDR,D,20170831,000000,77.0629,79.0651,77.0629,78.3782,243166.41034209443,0
CDR,D,20170901,000000,79.0651,79.7131,77.8235,79.1301,229036.6441568715,0
CDR,D,20170904,000000,79.037,80.8226,78.0305,80.399,119779.28477768823,0
CDR,D,20170905,000000,80.164,81.3958,77.3631,78.7543,245334.2028376209,0
CDR,D,20170906,000000,78.7543,79.3089,76.4994,77.0725,202535.22649790437,0
CDR,D,20170907,000000,80.9159,84.5909,80.9159,84.5909,986227.2112299792,0
CDR,D,20170908,000000,85.0505,89.5155,84.7698,88.9521,926734.3798606242,0
CDR,D,20170911,000000,90.4074,94.7314,90.4074,93.9766,930846.5978186602,0
CDR,D,20170912,000000,95.3454,100.18,92.1094,98.3056,697499.0728587131,0
CDR,D,20170913,000000,98.3056,103.008,96.3742,100.559,570883.9333978499,0
CDR,D,20170914,000000,100.559,102.717,98.6747,100.18,393376.1080092547,0
CDR,D,20170915,000000,99.9958,100.559,96.3276,97.6353,1112403.8513541378,0
CDR,D,20170918,000000,97.5965,100.559,97.1787,99.6165,249018.21487061097,0
CDR,D,20170919,000000,100.132,102.91,99.6165,102.91,271876.7941432338,0
CDR,D,20170920,000000,102.435,108.545,102.251,107.049,558418.6118779853,0
CDR,D,20170921,000000,108.078,109.955,103.464,105.262,489071.8975268264,0
CDR,D,20170922,000000,105.583,107.506,103.096,107.136,373344.0995783804,0
CDR,D,20170925,000000,107.331,109.391,105.066,106.34,167874.22141630866,0
CDR,D,20170926,000000,106.718,107.506,103.61,104.368,221309.38002395834,0
CDR,D,20170927,000000,103.66,106.718,103.66,105.398,169656.0109745949,0
CDR,D,20170928,000000,105.398,107.981,105.398,107.884,305727.70772720303,0
CDR,D,20170929,000000,107.884,109.478,106.427,109.254,207763.25027984526,0
CDR,D,20171002,000000,109.254,109.905,106.757,107.652,120445.26851206955,0
CDR,D,20171003,000000,107.749,109.254,107.458,108.078,63188.16615518497,0
CDR,D,20171004,000000,107.836,108.359,106.718,106.718,135775.24649680872,0
CDR,D,20171005,000000,107.652,107.884,106.475,107.049,226405.6481366628,0
CDR,D,20171006,000000,107.089,109.02,107.089,108.74,276554.12040138146,0
CDR,D,20171009,000000,108.74,109.391,108.359,108.973,212775.1124169284,0
CDR,D,20171010,000000,109.02,109.02,108.078,108.876,295083.2907299407,0
CDR,D,20171011,000000,108.973,116.532,107.233,111.829,524752.9797038869,0
CDR,D,20171012,000000,113.062,115.869,109.955,109.955,497938.64233046205,0
CDR,D,20171013,000000,111.925,115.588,109.302,110.712,711557.8145034935,0
CDR,D,20171016,000000,112.121,112.586,109.769,110.847,349647.63659666403,0
CDR,D,20171017,000000,110.897,111.362,106.671,107.602,462107.276343167,0
CDR,D,20171018,000000,107.136,107.602,103.61,104.785,361379.0378651842,0
CDR,D,20171019,000000,104.27,106.01,104.222,105.029,200361.25795537853,0
CDR,D,20171020,000000,106.194,108.595,105.165,105.728,284405.93481538177,0
CDR,D,20171023,000000,105.728,107.136,105.728,106.475,159402.7436204022,0
CDR,D,20171024,000000,107.136,107.136,105.534,106.573,272605.56768873864,0
CDR,D,20171025,000000,106.194,107.136,106.194,106.953,216221.346640583,0
CDR,D,20171026,000000,107.136,112.16,107,110.712,430534.2947594829,0
CDR,D,20171027,000000,111.178,113.248,110.469,111.362,289769.83163121855,0
CDR,D,20171030,000000,111.362,111.829,110.1,110.847,174945.7952264994,0
CDR,D,20171031,000000,111.41,113.713,110.994,113.334,460811.33581522066,0
CDR,D,20171102,000000,114.141,114.141,111.547,112.781,262352.30033453595,0
CDR,D,20171103,000000,113.062,114.18,112.024,112.024,177968.97023093764,0
CDR,D,20171106,000000,112.024,114.559,111.362,113.713,129514.79352540431,0
CDR,D,20171107,000000,113.995,117.474,113.248,117.007,291273.69907470356,0
CDR,D,20171108,000000,117.376,120.291,117.056,118.648,556185.9708890056,0
CDR,D,20171109,000000,118.648,120.291,117.658,117.658,271318.89123128133,0
CDR,D,20171110,000000,117.658,119.348,116.161,117.376,163812.4411754075,0
CDR,D,20171113,000000,116.532,116.532,104.883,107.836,1032613.4415331059,0
CDR,D,20171114,000000,109.955,110.283,92.1094,100.938,1817645.6284633025,0
CDR,D,20171115,000000,100.327,102.435,96.9843,100.559,568406.3092113654,0
CDR,D,20171116,000000,104.319,105.63,101.969,103.378,445659.4338521932,0
CDR,D,20171117,000000,104.504,106.34,102.201,104.601,405636.5906370803,0
CDR,D,20171120,000000,105.262,108.827,104.698,106.671,486188.7129209537,0
CDR,D,20171121,000000,108.545,108.641,103.61,105.68,582340.5005750485,0
CDR,D,20171122,000000,93.0392,103.289,90.2198,99.6165,1332334.943556878,0
CDR,D,20171123,000000,98.8208,101.687,96.9455,98.49,493238.6705666567,0
CDR,D,20171124,000000,99.0537,101.025,98.49,98.6747,270538.6506274818,0
CDR,D,20171127,000000,98.6747,101.774,98.6747,100.656,1034297.4436805921,0
CDR,D,20171128,000000,101.493,102.532,98.2085,98.2085,631289.7903814208,0
CDR,D,20171129,000000,97.8295,99.569,92.0997,92.0997,1092954.4500231931,0
CDR,D,20171130,000000,91.1593,96.9455,89.4873,95.393,6827379.088022914,0
CDR,D,20171201,000000,96.2334,97.2758,86.6117,90.9718,1179919.3677710856,0
CDR,D,20171204,000000,89.2805,91.4041,85.7179,90.5492,737346.928075614,0
CDR,D,20171205,000000,89.872,93.9669,89.43,93.5657,624470.405156894,0
CDR,D,20171206,000000,93.9766,94.2593,88.9607,92.0898,891978.6753917582,0
CDR,D,20171207,000000,91.3108,92.8418,89.5806,90.1451,217058.2010085167,0
CDR,D,20171208,000000,90.9718,92.0239,87.589,88.341,431714.9490768411,0
CDR,D,20171211,000000,88.341,89.055,83.7352,84.1111,772896.2545834281,0
CDR,D,20171212,000000,83.6418,86.1512,82.7957,86.1512,453323.9081739728,0
CDR,D,20171213,000000,86.4601,93.6035,86.4047,91.2447,884456.2501508739,0
CDR,D,20171214,000000,92.0997,93.3209,88.0768,89.6088,300815.6916832196,0
CDR,D,20171215,000000,89.7962,91.3661,88.0962,90.69,344145.80806457135,0
CDR,D,20171218,000000,91.1593,92.5233,88.5382,90.1723,187812.55980107255,0
CDR,D,20171219,000000,90.1917,94.2593,89.8438,93.8853,350697.56458594574,0
CDR,D,20171220,000000,93.9766,95.6661,93.0392,93.5559,210825.54024858944,0
CDR,D,20171221,000000,93.4626,94.4011,90.5958,94.3069,334382.5071053781,0
CDR,D,20171222,000000,94.0708,95.1094,92.9925,94.1175,192339.60224900578,0
CDR,D,20171227,000000,94.2593,95.8555,93.791,95.8555,265971.4638740827,0
CDR,D,20171228,000000,96.7999,96.7999,92.6262,93.0392,322907.41178718145,0
CDR,D,20171229,000000,90.7833,93.4812,90.624,91.1593,465952.89493922045,0
CDR,D,20180103,000000,91.8179,93.9766,91.8179,92.0997,225794.21948407585,0
CDR,D,20180104,000000,93.0392,93.7435,91.3943,92.0997,204858.4495094848,0
CDR,D,20180105,000000,93.0392,93.4151,91.8646,93.0392,128552.35953522356,0
CDR,D,20180108,000000,93.4151,95.0151,92.4281,94.6373,302460.5788664199,0
CDR,D,20180109,000000,94.6373,94.7314,93.2276,93.9766,130748.97358339703,0
CDR,D,20180110,000000,93.8853,93.8853,91.8646,92.2406,108969.14385271301,0
CDR,D,20180111,000000,93.0392,100.365,92.3815,97.9267,475957.06173124886,0
CDR,D,20180112,000000,98.6747,101.872,98.0142,100.559,387996.7710759094,0
CDR,D,20180115,000000,101.969,102.814,99.3356,99.4325,139404.7034480044,0
CDR,D,20180116,000000,100.559,105.358,100.084,104.407,415236.2263508804,0
CDR,D,20180117,000000,105.262,111.829,104.785,111.829,819535.7028133787,0
CDR,D,20180118,000000,113.713,115.968,109.02,112.489,683985.8820319067,0
CDR,D,20180119,000000,112.781,114.092,109.955,113.995,356634.80443124345,0
CDR,D,20180122,000000,114.559,114.559,110.994,112.121,215279.49947373016,0
CDR,D,20180123,000000,111.547,113.334,109.11,111.178,275531.98462357686,0
CDR,D,20180124,000000,109.955,111.644,107.331,109.478,276426.4820968046,0
CDR,D,20180125,000000,109.02,109.391,105.262,105.262,219959.91375538756,0
CDR,D,20180126,000000,104.407,109.575,104.407,107.884,133673.33183590547,0
CDR,D,20180129,000000,108.078,108.827,105.816,108.827,104598.56126201368,0
CDR,D,20180130,000000,108.078,108.078,105.816,107.136,84155.84570592277,0
CDR,D,20180131,000000,107.136,111.547,106.475,109.02,341760.8245830273,0
CDR,D,20180201,000000,109.11,110.333,106.757,108.078,121907.96230890871,0
CDR,D,20180202,000000,107.233,107.787,105.912,106.573,175127.98861287063,0
CDR,D,20180205,000000,104.319,105.534,101.969,102.91,209357.69974593085,0
CDR,D,20180206,000000,96.4219,101.123,95.6661,99.6165,598644.2353027872,0
CDR,D,20180207,000000,103.289,104.601,101.687,104.601,315427.1895341028,0
CDR,D,20180208,000000,106.194,107.7,103.008,104.319,269604.00884877815,0
CDR,D,20180209,000000,102.629,104.222,99.8016,99.8016,387518.12743373873,0
CDR,D,20180212,000000,102.629,102.717,99.8982,100.277,195009.71323352042,0
CDR,D,20180213,000000,101.22,103.561,100.656,102.532,273669.90645434894,0
CDR,D,20180214,000000,102.717,104.601,101.22,102.347,300153.82531349786,0
CDR,D,20180215,000000,104.319,104.504,102.347,102.347,235300.18515177557,0
CDR,D,20180216,000000,102.91,104.98,102.91,104.125,173899.98460187725,0
CDR,D,20180219,000000,104.038,104.222,101.969,102.435,66447.0602866349,0
CDR,D,20180220,000000,102.435,102.814,100.462,102.435,40825.72932456301,0
CDR,D,20180221,000000,102.055,103.192,101.317,102.91,58864.93325812579,0
CDR,D,20180222,000000,102.91,103.096,101.404,103.096,119499.3039805471,0
CDR,D,20180223,000000,103.096,103.378,100.841,102.055,86938.15487752986,0
CDR,D,20180226,000000,103.096,103.192,99.7049,100.462,103285.12193424915,0
CDR,D,20180227,000000,100.559,101.123,98.8691,101.123,91761.64758124844,0
CDR,D,20180228,000000,100.559,101.687,97.4604,100.559,280770.30181717663,0
CDR,D,20180301,000000,99.4325,100.084,97.0815,98.49,156367.21652196525,0
CDR,D,20180302,000000,98.3929,100.365,97.6353,99.5196,135013.53403399728,0
CDR,D,20180305,000000,99.6165,100.084,98.2085,99.6165,134899.27716457908,0
CDR,D,20180306,000000,99.6165,100.365,96.0439,97.3632,159134.08557608994,0
CDR,D,20180307,000000,97.4604,103.192,93.6502,103.192,363719.75967659283,0
CDR,D,20180308,000000,103.843,104.698,101.687,101.687,144999.17268503754,0
CDR,D,20180309,000000,101.687,103.843,99.8016,102.91,354388.78200710507,0
CDR,D,20180312,000000,103.192,107.981,102.251,107.602,318528.59446716297,0
CDR,D,20180313,000000,108.078,108.545,106.01,107.418,284353.4384159172,0
CDR,D,20180314,000000,107.418,107.7,105.358,107.7,187171.28025467868,0
CDR,D,20180315,000000,107.602,107.7,106.389,106.671,265610.16512481996,0
CDR,D,20180316,000000,106.194,106.194,100.656,102.629,1008002.9235960538,0
CDR,D,20180319,000000,103.746,105.262,101.493,102.717,218942.92468340238,0
CDR,D,20180320,000000,103.66,103.66,101.687,103.192,226806.06185022154,0
CDR,D,20180321,000000,103.843,106.389,102.435,106.097,285961.26931715134,0
CDR,D,20180322,000000,106.671,109.02,102.055,105.262,372931.33377082297,0
CDR,D,20180323,000000,102.717,104.601,100.841,104.319,244569.40235130978,0
CDR,D,20180326,000000,104.785,104.785,102.055,102.435,150975.52749464125,0
CDR,D,20180327,000000,104.038,108.263,103.843,106.097,229721.15603224095,0
CDR,D,20180328,000000,104.319,105.262,102.055,102.629,189585.08528886977,0
CDR,D,20180329,000000,103.66,104.319,102.153,102.814,150651.28502735466,0
CDR,D,20180403,000000,102.347,103.66,101.22,103.008,241423.73574811415,0
CDR,D,20180404,000000,103.096,104.883,102.251,104.785,301634.0179101552,0
CDR,D,20180405,000000,105.262,109.769,105.165,107.981,433175.5841913505,0
CDR,D,20180406,000000,108.545,113.811,108.545,113.15,680205.1119293065,0
CDR,D,20180409,000000,112.781,118.416,111.46,115.869,461388.7962093211,0
CDR,D,20180410,000000,116.249,117.474,113.15,117.474,281350.8502347868,0
CDR,D,20180411,000000,117.474,119.727,114.937,117.201,312480.1857759467,0
CDR,D,20180412,000000,116.725,119.173,115.218,116.249,273645.20226636145,0
CDR,D,20180413,000000,116.532,118.221,114.753,114.753,129670.22404145825,0
CDR,D,20180416,000000,114.753,116.064,111.46,112.121,271693.5714156927,0
CDR,D,20180417,000000,111.829,113.616,110.138,112.781,219009.83185918545,0
CDR,D,20180418,000000,112.781,114.937,112.586,114.18,177175.34819198953,0
CDR,D,20180419,000000,114.18,114.655,112.489,112.684,136149.9266812301,0
CDR,D,20180420,000000,111.829,113.898,111.46,112.304,94968.04531323379,0
CDR,D,20180423,000000,112.684,114.092,112.024,112.966,137643.5007130461,0
CDR,D,20180424,000000,112.781,113.713,111.09,111.09,224967.65852781112,0
CDR,D,20180425,000000,111.09,112.489,108.448,108.74,236202.91735433252,0
CDR,D,20180426,000000,109.02,110.615,108.545,108.641,174350.83603257078,0
CDR,D,20180427,000000,109.955,110.333,108.74,109.02,159135.11491725984,0
CDR,D,20180430,000000,109.205,118.98,109.205,117.279,346943.5573536728,0
CDR,D,20180502,000000,117.279,121.981,115.588,117.279,444002.19457497395,0
CDR,D,20180504,000000,117.474,118.882,116.725,117.376,306662.3495059067,0
CDR,D,20180507,000000,118.794,121.233,117.755,120.291,165842.30195468816,0
CDR,D,20180508,000000,121.233,128.752,121.146,128.752,810756.452008834,0
CDR,D,20180509,000000,129.218,138.904,129.218,136.174,912305.0753961022,0
CDR,D,20180510,000000,137.203,138.059,134.397,136.174,349256.4869535943,0
CDR,D,20180511,000000,136.174,137.203,132.989,136.272,304192.9600487513,0
CDR,D,20180514,000000,136.748,139.088,129.685,130.636,717813.1207690584,0
CDR,D,20180515,000000,127.334,133.163,127.334,131.376,407260.89099697286,0
CDR,D,20180516,000000,132.328,136.553,131.19,136.272,243025.39060235897,0
CDR,D,20180517,000000,136.272,139.934,130.161,130.636,516977.3365361788,0
CDR,D,20180518,000000,131.472,134.863,130.636,131.57,164618.4153083644,0
CDR,D,20180521,000000,133.445,139.088,132.512,138.146,426634.12108162505,0
CDR,D,20180522,000000,138.992,139.556,135.611,137.681,307827.56370577647,0
CDR,D,20180523,000000,138.146,138.146,133.542,135.893,146918.8939595596,0
CDR,D,20180524,000000,135.795,137.02,134.484,135.99,209213.59198268567,0
CDR,D,20180525,000000,137.107,137.107,135.233,135.99,160505.16800914853,0
CDR,D,20180528,000000,136.272,137.02,135.233,136.272,162960.14668998538,0
CDR,D,20180529,000000,136.65,136.65,132.609,135.047,169258.68528453587,0
CDR,D,20180530,000000,134.397,138.438,133.92,138.34,440147.3119084315,0
CDR,D,20180601,000000,138.34,140.497,137.203,140.497,295024.61828348675,0
CDR,D,20180604,000000,141.722,148.396,141.528,148.115,344362.999050599,0
CDR,D,20180605,000000,148.95,149.329,145.103,147.552,267186.0864499275,0
CDR,D,20180606,000000,149.329,150.086,142.382,143.412,295094.61348277953,0
CDR,D,20180607,000000,143.79,146.326,140.129,143.79,301376.6826186617,0
CDR,D,20180608,000000,144.733,144.733,140.965,141.148,258982.2373571735,0
CDR,D,20180611,000000,150.183,150.183,131.949,135.135,788951.9180901725,0
CDR,D,20180612,000000,135.515,144.54,135.416,141.148,586369.3418986431,0
CDR,D,20180613,000000,147.552,149.047,142.102,145.947,970442.264449887,0
CDR,D,20180614,000000,145.947,156.945,144.258,154.779,601013.7786668427,0
CDR,D,20180615,000000,156.003,162.114,152.903,157.887,809350.3719761289,0
CDR,D,20180618,000000,158.916,162.026,153.942,161.647,390927.30537541717,0
CDR,D,20180619,000000,159.198,159.48,153.283,155.255,430746.339039671,0
CDR,D,20180620,000000,155.537,158.644,155.342,155.819,232995.49028118327,0
CDR,D,20180621,000000,156.75,157.13,151.592,154.224,267683.2582330762,0
CDR,D,20180622,000000,155.061,158.354,152.903,156.295,194820.31445897993,0
CDR,D,20180625,000000,156.945,158.169,155.537,155.819,117866.76889132545,0
CDR,D,20180626,000000,153.942,157.227,153.283,155.721,212283.08733959915,0
CDR,D,20180627,000000,154.876,155.915,154.128,154.973,225238.37525446323,0
CDR,D,20180628,000000,154.603,154.973,145.481,148.017,489206.7412195725,0
CDR,D,20180629,000000,147.735,152.437,147.638,152.058,264640.52574649005,0
CDR,D,20180702,000000,150.086,154.876,149.611,151.398,148143.80994706324,0
CDR,D,20180703,000000,152.253,153.846,151.018,152.991,74316.37350044842,0
CDR,D,20180704,000000,153.184,157.508,152.719,157.13,178668.9222238055,0
CDR,D,20180705,000000,157.412,170.012,157.324,168.223,556915.7737756803,0
CDR,D,20180706,000000,168.223,169.158,165.31,166.067,309758.60773312737,0
CDR,D,20180709,000000,166.067,170.196,165.028,165.212,174585.52581840655,0
CDR,D,20180710,000000,166.349,177.153,165.407,167.281,575719.7781955511,0
CDR,D,20180711,000000,167.281,169.633,165.689,167.845,380617.4242571003,0
CDR,D,20180712,000000,169.633,173.675,167.758,173.675,290631.3901871498,0
CDR,D,20180713,000000,171.984,180.436,171.984,180.436,368828.3798832861,0
CDR,D,20180716,000000,181.377,185.517,179.309,185.517,356412.4667393864,0
CDR,D,20180717,000000,183.263,189.655,182.408,189.082,590753.3059244909,0
CDR,D,20180718,000000,188.704,198.476,187.488,197.165,561998.6604532162,0
CDR,D,20180719,000000,196.98,196.98,181.097,190.771,561820.5844315045,0
CDR,D,20180720,000000,187.013,193.037,185.235,192.279,285468.2148986522,0
CDR,D,20180723,000000,194.533,195.853,190.588,191.345,178807.8832812112,0
CDR,D,20180724,000000,193.6,196.222,192.842,195.474,219757.13354568844,0
CDR,D,20180725,000000,194.911,199.234,193.6,197.544,213132.29380152156,0
CDR,D,20180726,000000,198.108,203.558,197.544,201.498,248842.19753123916,0
CDR,D,20180727,000000,202.431,204.878,198.855,204.499,229766.44704353623,0
CDR,D,20180730,000000,203.936,207.697,200.924,201.683,245551.39382363847,0
CDR,D,20180731,000000,201.498,201.498,183.729,185.614,568132.5044612136,0
CDR,D,20180801,000000,183.068,192.842,174.053,192.658,441610.0057052707,0
CDR,D,20180802,000000,190.967,192.463,183.642,183.642,195907.29873023782,0
CDR,D,20180803,000000,185.421,190.967,185.139,185.139,165438.8002176298,0
CDR,D,20180806,000000,187.77,188.897,185.421,186.731,68009.60017657177,0
CDR,D,20180807,000000,188.15,194.727,187.488,193.221,193822.8828691628,0
CDR,D,20180808,000000,195.474,202.237,194.347,201.867,359962.6644208103,0
CDR,D,20180809,000000,201.867,201.867,197.358,201.498,116365.98947135023,0
CDR,D,20180810,000000,199.806,201.12,190.771,190.771,209204.32791219666,0
CDR,D,20180813,000000,188.897,198.855,187.305,197.922,229196.19203759506,0
CDR,D,20180814,000000,199.234,201.867,193.784,200.167,167471.74902042016,0
CDR,D,20180816,000000,196.601,199.428,193.979,194.154,174724.48687581223,0
CDR,D,20180817,000000,195.474,196.417,190.967,190.967,160121.22375424812,0
CDR,D,20180820,000000,192.842,198.291,191.151,197.358,115715.44585444727,0
CDR,D,20180821,000000,199.234,201.683,197.544,200.167,160893.22962872853,0
CDR,D,20180822,000000,197.739,199.049,192.658,193.784,180426.00759410427,0
CDR,D,20180823,000000,194.727,196.601,191.53,196.417,120212.63740856356,0
CDR,D,20180824,000000,197.358,197.358,192.279,193.979,126852.91727020878,0
CDR,D,20180827,000000,194.727,201.12,194.727,199.234,246463.39009668445,0
CDR,D,20180828,000000,206.753,209.008,202.994,205.995,456628.09331673203,0
CDR,D,20180829,000000,204.121,206.753,203.936,206.569,193131.16560563413,0
CDR,D,20180830,000000,206.19,206.19,197.739,197.739,293596.922086294,0
CDR,D,20180831,000000,196.222,196.417,191.151,193.6,323582.6595920618,0
CDR,D,20180903,000000,193.979,196.222,185.993,189.655,264804.1909918731,0
CDR,D,20180904,000000,190.771,191.53,181.377,182.786,325822.50596920087,0
CDR,D,20180905,000000,182.31,184.205,172.83,173.577,410525.96117541613,0
CDR,D,20180906,000000,171.605,177.24,170.11,171.421,380012.1716515027,0
CDR,D,20180907,000000,172.916,177.716,162.59,163.056,508701.43356180214,0
CDR,D,20180910,000000,160.704,170.11,157.693,168.876,408388.0195737166,0
CDR,D,20180911,000000,171.887,175.841,169.447,171.605,292448.17734507244,0
CDR,D,20180912,000000,173.675,174.8,166.621,167.466,274302.9512714136,0
CDR,D,20180913,000000,167.281,171.799,166.436,169.35,195130.146149938,0
CDR,D,20180914,000000,171.421,172.362,168.321,171.042,146980.65442952322,0
CDR,D,20180917,000000,171.042,173.859,169.35,170.294,149718.70193099085,0
CDR,D,20180918,000000,170.664,179.882,169.447,178.094,303772.9888530346,0
CDR,D,20180919,000000,180.436,183.642,178.191,178.464,267170.64633243915,0
CDR,D,20180920,000000,180.436,180.815,175.743,178.28,384651.4122865143,0
CDR,D,20180921,000000,179.503,187.684,178.562,182.038,2050965.3612117325,0
CDR,D,20180924,000000,184.381,185.896,172.916,176.123,273597.8525727263,0
CDR,D,20180925,000000,176.123,176.677,172.45,175.549,163556.1352250739,0
CDR,D,20180926,000000,176.87,176.87,173.013,175.841,122183.82574139029,0
CDR,D,20180927,000000,175.18,180.912,173.956,180.815,270501.59434550564,0
CDR,D,20180928,000000,182.31,183.165,173.675,176.025,270220.58420719457,0
CDR,D,20181001,000000,177.531,181.281,176.025,181.281,156794.39310584118,0
CDR,D,20181002,000000,179.221,179.969,175.267,178.562,181611.808617302,0
CDR,D,20181003,000000,178.745,182.69,177.24,181.377,249850.95187387508,0
CDR,D,20181004,000000,180.436,181.573,169.255,169.447,333297.58151646,0
CDR,D,20181005,000000,170.566,173.393,164.465,171.324,344093.31166510674,0
CDR,D,20181008,000000,169.255,169.255,153.283,153.283,559491.1853729247,0
CDR,D,20181009,000000,152.34,156.849,147.356,154.128,608650.4607771554,0
CDR,D,20181010,000000,155.255,156.003,140.497,146.142,620645.3733841685,0
CDR,D,20181011,000000,140.693,145.189,137.864,142.849,697499.0728587131,0
CDR,D,20181012,000000,146.424,153.369,145.189,153.184,481719.3135783246,0
CDR,D,20181015,000000,156.849,156.945,147.26,149.047,232003.20539719562,0
CDR,D,20181016,000000,149.901,155.061,149.047,155.061,241548.28602920132,0
CDR,D,20181017,000000,156.945,158.644,151.679,154.603,296781.7036537855,0
CDR,D,20181018,000000,155.158,155.158,144.908,145.666,520527.5342176027,0
CDR,D,20181019,000000,148.493,149.99,143.976,147.552,266114.54229614796,0
CDR,D,20181022,000000,149.426,149.426,145.666,147.552,138801.50952474665,0
CDR,D,20181023,000000,145.287,145.287,133.638,135.611,959078.3379776188,0
CDR,D,20181024,000000,136.087,140.965,134.679,134.679,303766.8128060353,0
CDR,D,20181025,000000,129.685,142.003,126.878,141.906,673506.1596211973,0
CDR,D,20181026,000000,140.497,142.188,132.891,134.3,341683.6239955752,0
CDR,D,20181029,000000,135.416,144.258,134.863,139.274,407970.1070603297,0
CDR,D,20181030,000000,138.808,143.79,136.368,143.217,518986.61049214157,0
CDR,D,20181031,000000,145.287,150.835,145.287,148.775,622797.7257621965,0
CDR,D,20181102,000000,155.061,159.578,152.34,154.41,703302.4983524347,0
CDR,D,20181105,000000,154.128,158.266,150.835,152.34,316987.6707417119,0
CDR,D,20181106,000000,153.651,156.75,148.678,153.466,257931.28002671184,0
CDR,D,20181107,000000,154.313,156.197,152.535,155.255,195367.92395927347,0
CDR,D,20181108,000000,155.819,160.142,146.228,146.608,390665.85271926416,0
CDR,D,20181109,000000,146.705,147.075,139.088,140.789,673948.7763225617,0
CDR,D,20181113,000000,140.032,142.285,134.863,137.681,566751.1286164861,0
CDR,D,20181114,000000,130.636,140.876,130.54,137.681,369313.19957245607,0
CDR,D,20181115,000000,136.931,139.838,129.685,129.685,373716.721080462,0
CDR,D,20181116,000000,132.707,136.272,121.146,124.43,770855.0710513085,0
CDR,D,20181119,000000,124.43,128.946,122.263,125.935,475372.39594897913,0
CDR,D,20181120,000000,123.292,126.878,116.822,121.233,942115.8249036581,0
CDR,D,20181121,000000,123.117,129.315,122.456,129.218,476198.9569052539,0
CDR,D,20181122,000000,130.724,131.949,124.332,130.636,311946.98705198173,0
CDR,D,20181123,000000,132.328,132.989,127.334,131.754,229531.75725770046,0
CDR,D,20181126,000000,133.445,135.233,127.062,130.54,292216.57558272633,0
CDR,D,20181127,000000,131.288,131.288,124.622,126.683,262158.78419534594,0
CDR,D,20181128,000000,127.907,131.093,126.499,129.685,350220.9796261049,0
CDR,D,20181129,000000,131.57,135.329,130.822,132.512,263865.4318485099,0
CDR,D,20181130,000000,133.163,133.824,126.878,133.638,360455.7188393094,0
CDR,D,20181203,000000,139.838,147.172,139.652,144.733,795354.4201424923,0
CDR,D,20181204,000000,145.005,145.384,141.061,144.831,454552.94152613607,0
CDR,D,20181205,000000,140.965,141.722,136.368,139.459,462883.39958229696,0
CDR,D,20181206,000000,137.203,138.34,134.202,135.047,244158.69522609212,0
CDR,D,20181207,000000,136.272,140.693,135.047,135.329,270019.8626798253,0
CDR,D,20181210,000000,133.638,136.835,131.754,131.754,205773.53380603043,0
CDR,D,20181211,000000,133.163,135.135,131.667,131.949,219045.85880000176,0
CDR,D,20181212,000000,134.106,135.233,131.57,133.26,220953.2279805451,0
CDR,D,20181213,000000,135.135,136.456,132.133,135.329,205739.5655475439,0
CDR,D,20181214,000000,133.445,137.485,132.794,134.961,184062.66993345923,0
CDR,D,20181217,000000,135.515,135.708,130.636,130.636,219619.20182944264,0
CDR,D,20181218,000000,129.782,134.766,127.247,134.018,304495.58635154006,0
CDR,D,20181219,000000,134.202,143.79,132.707,143.79,424378.83458698756,0
CDR,D,20181220,000000,140.314,143.597,139.459,140.789,405256.7637468395,0
CDR,D,20181221,000000,141.061,147.356,140.032,141.906,690970.9911841563,0
CDR,D,20181227,000000,146.608,147.552,137.767,138.622,253165.43042829333,0
CDR,D,20181228,000000,136.272,138.059,134.582,136.835,302977.3081317467,0
CDR,D,20190102,000000,136.65,142.188,133.542,141.906,209636.65120190204,0
CDR,D,20190103,000000,141.722,141.722,138.146,139.088,237909.56500750652,0
CDR,D,20190104,000000,139.088,141.722,139.088,141.624,174453.77014916012,0
CDR,D,20190107,000000,142.849,145.287,142.382,144.451,200030.8394411026,0
CDR,D,20190108,000000,145.189,147.26,142.849,144.354,296140.4241073917,0
CDR,D,20190109,000000,144.831,155.061,144.733,155.061,507718.41274830356,0
CDR,D,20190110,000000,154.603,161.832,150.465,160.704,739598.0972055818,0
CDR,D,20190111,000000,162.59,166.436,154.128,155.158,515517.73076282925,0
CDR,D,20190114,000000,154.128,154.128,149.241,149.901,278813.52426067844,0
CDR,D,20190115,000000,151.495,154.128,149.426,152.535,332724.23848700913,0
CDR,D,20190116,000000,154.128,156.577,153.651,156.577,159439.7999023784,0
CDR,D,20190117,000000,155.061,161.647,154.692,160.792,392732.76978052093,0
CDR,D,20190118,000000,162.59,164.465,160.238,163.426,321130.7689347347,0
CDR,D,20190121,000000,163.337,163.337,160.422,162.396,129939.91142695048,0
CDR,D,20190122,000000,162.309,165.775,161.928,163.619,157962.6953292107,0
CDR,D,20190123,000000,166.806,186.449,165.407,182.884,1302648.7443303391,0
CDR,D,20190124,000000,183.068,189.276,174.8,178.562,829398.8498656616,0
CDR,D,20190125,000000,179.503,182.69,176.491,178.366,383529.43041562004,0
CDR,D,20190128,000000,176.579,180.62,174.053,176.306,256735.1855918652,0
CDR,D,20190129,000000,176.306,180.999,174.518,178.648,236474.66342214448,0
CDR,D,20190130,000000,180.436,185.799,179.503,183.35,325533.2611015707,0
CDR,D,20190131,000000,186.08,187.013,178.562,178.562,470637.42658552737,0
CDR,D,20190201,000000,178.562,180.533,176.774,178.562,232071.14191413857,0
CDR,D,20190204,000000,178.562,179.503,176.123,179.221,191835.22507767775,0
CDR,D,20190205,000000,179.969,181.377,177.619,180.067,159287.45740982416,0
CDR,D,20190206,000000,179.503,179.503,170.196,171.507,537010.3743082129,0
CDR,D,20190207,000000,170.478,172.266,166.155,167.281,380944.7547478766,0
CDR,D,20190208,000000,166.718,171.324,165.971,167.563,362906.5801554767,0
CDR,D,20190211,000000,169.537,173.859,168.69,172.634,279722.43251022475,0
CDR,D,20190212,000000,173.859,174.607,163.619,166.436,357277.1133188072,0
CDR,D,20190213,000000,168.223,170.294,162.959,166.436,304899.08808859845,0
CDR,D,20190214,000000,166.436,168.972,165.028,167.466,134984.71248135023,0
CDR,D,20190215,000000,166.902,171.984,165.689,171.507,223703.62757600145,0
CDR,D,20190218,000000,172.916,173.771,169.633,170.11,186783.2186351087,0
CDR,D,20190219,000000,170.11,172.45,164.465,166.902,207701.4898098816,0
CDR,D,20190220,000000,166.806,171.605,165.212,171.605,221478.19197518093,0
CDR,D,20190221,000000,171.507,171.507,167.281,169.158,237919.85841915544,0
CDR,D,20190222,000000,168.418,170.294,166.621,167.563,240904.9478004576,0
CDR,D,20190225,000000,167.563,171.799,167.563,171.042,141753.65998874223,0
CDR,D,20190226,000000,171.042,174.607,168.972,174.518,208432.32203772626,0
CDR,D,20190227,000000,173.771,178.843,171.421,178.094,345445.86595718726,0
CDR,D,20190228,000000,178.562,183.263,177.812,178.648,316081.8505156653,0
CDR,D,20190301,000000,180.436,181.377,178.191,181.377,139694.9776568145,0
CDR,D,20190304,000000,180.436,182.038,176.395,177.998,157664.18639109153,0
CDR,D,20190305,000000,177.24,178.562,175.841,176.306,78249.48609560683,0
CDR,D,20190306,000000,177.531,177.911,175.646,176.677,171697.1945067044,0
CDR,D,20190307,000000,176.677,177.619,173.859,174.237,140100.5380762027,0
CDR,D,20190308,000000,174.15,175.743,171.605,171.984,161444.95649368162,0
CDR,D,20190311,000000,171.042,173.198,170.664,170.945,238791.71038673553,0
CDR,D,20190312,000000,173.013,173.956,165.873,169.068,289626.75320915336,0
CDR,D,20190313,000000,169.158,173.013,167.379,172.916,260608.59639939576,0
CDR,D,20190314,000000,173.013,173.577,171.421,172.538,173621.033145896,0
CDR,D,20190315,000000,172.081,175.743,171.799,174.888,403645.8448221056,0
CDR,D,20190318,000000,174.888,178.094,172.916,177.055,203108.56952734527,0
CDR,D,20190319,000000,176.123,178.843,174.422,176.959,145362.53011663008,0
CDR,D,20190320,000000,179.309,179.309,174.518,174.888,173041.51406945576,0
CDR,D,20190321,000000,174.986,175.646,171.605,174.15,174285.98753911746,0
CDR,D,20190322,000000,175.841,177.337,173.771,174.704,148179.83688786952,0
CDR,D,20190325,000000,173.675,176.395,172.266,173.393,204067.9154940263,0
CDR,D,20190326,000000,174.335,175.082,172.081,174.607,115122.54534285844,0
CDR,D,20190327,000000,175.082,187.964,172.731,184.108,769591.040099519,0
CDR,D,20190328,000000,185.139,190.209,182.602,189.082,382963.29277433845,0
CDR,D,20190329,000000,189.84,192.279,184.292,187.964,406583.58450976264,0
CDR,D,20190401,000000,188.897,196.699,187.488,191.725,451726.3706843975,0
CDR,D,20190402,000000,192.658,200.167,192.658,199.896,348141.7104708593,0
CDR,D,20190403,000000,202.052,206.656,201.585,206.656,468156.7143755532,0
CDR,D,20190404,000000,206.753,207.229,192.279,194.533,705979.8147251186,0
CDR,D,20190405,000000,194.533,195.387,188.518,191.725,387640.6190324861,0
CDR,D,20190408,000000,192.842,195.853,190.306,191.908,368297.2398416509,0
CDR,D,20190409,000000,193.318,193.502,190.588,191.063,233067.54416279585,0
CDR,D,20190410,000000,191.063,195.387,191.063,195.387,325319.1581390428,0
CDR,D,20190411,000000,196.601,201.12,196.125,200.459,333121.5641770782,0
CDR,D,20190412,000000,201.867,201.867,195.951,195.951,238774.21158691737,0
CDR,D,20190415,000000,196.417,200.459,196.417,199.71,157209.2175957284,0
CDR,D,20190416,000000,200.167,201.402,194.436,195.193,160819.1170647762,0
CDR,D,20190417,000000,195.008,195.008,188.237,188.897,443852.9401059195,0
CDR,D,20190418,000000,188.897,190.771,184.292,189.84,249329.07590273893,0
CDR,D,20190423,000000,190.771,195.008,190.771,194.533,213150.82194250968,0
CDR,D,20190424,000000,196.883,199.614,194.075,198.476,246613.67390691894,0
CDR,D,20190425,000000,198.855,199.71,194.629,197.262,196103.90289293756,0
CDR,D,20190426,000000,195.853,199.234,195.853,198.855,122386.60595108938,0
CDR,D,20190429,000000,199.71,200.546,197.64,199.71,112414.34873519771,0
CDR,D,20190430,000000,199.234,201.965,197.358,201.965,217975.3439874022,0
CDR,D,20190502,000000,202.052,203.654,197.739,199.993,208166.75201690366,0
CDR,D,20190506,000000,197.64,199.049,195.572,197.165,131790.66684335965,0
CDR,D,20190507,000000,198.291,202.897,197.358,197.457,212814.2273812444,0
CDR,D,20190508,000000,197.922,202.333,197.922,202.052,211335.06412574693,0
CDR,D,20190509,000000,202.527,206.277,200.361,201.402,227869.37127466185,0
CDR,D,20190510,000000,202.712,202.994,198.573,199.331,157896.8174945875,0
CDR,D,20190513,000000,199.331,200.265,192.939,194.347,306562.50341279694,0
CDR,D,20190514,000000,195.474,198.671,193.882,196.795,210922.29831818945,0
CDR,D,20190515,000000,198.952,199.71,195.105,196.699,159087.7652236147,0
CDR,D,20190516,000000,196.601,200.546,196.601,199.71,292830.06291765306,0
CDR,D,20190517,000000,199.806,199.993,195.572,198.389,163163.95624084436,0
CDR,D,20190520,000000,197.739,198.671,190.588,193.882,234090.7092817703,0
CDR,D,20190521,000000,194.075,196.125,189.937,192.939,220976.90282735263,0
CDR,D,20190522,000000,193.6,195.853,190.209,191.063,486661.180516125,0
CDR,D,20190523,000000,191.725,196.883,191.725,193.6,279583.47145281907,0
CDR,D,20190524,000000,200.838,211.358,199.516,205.248,759129.8458297978,0
CDR,D,20190527,000000,205.82,208.629,202.712,203.372,174147.02648171177,0
CDR,D,20190528,000000,202.994,207.317,200.924,200.924,761526.1520641707,0
CDR,D,20190529,000000,202.052,202.149,193.697,197.077,458719.71456596634,0
CDR,D,20190530,000000,197.358,202.742,193.201,202.363,270625.1152854229,0
CDR,D,20190531,000000,199.243,201.323,194.901,196.222,445769.5733569518,0
CDR,D,20190603,000000,197.077,197.922,191.696,191.696,385785.7462514073,0
CDR,D,20190604,000000,191.696,195.464,186.4,195.464,501724.5591388816,0
CDR,D,20190605,000000,197.358,199.72,196.125,198.118,203711.76345060303,0
CDR,D,20190606,000000,198.962,200.759,196.222,200.186,215975.33410192843,0
CDR,D,20190607,000000,201.139,207.366,201.041,207.268,288398.74919816,0
CDR,D,20190610,000000,219.17,220.024,207.744,215.769,938921.7792656574,0
CDR,D,20190611,000000,216.342,216.808,207.929,209.163,622769.9335507194,0
CDR,D,20190612,000000,210.105,210.483,198.486,198.583,647642.9334851244,0
CDR,D,20190613,000000,197.358,203.781,193.58,195.096,719587.7049391954,0
CDR,D,20190614,000000,195.464,197.64,194.901,196.883,479241.6893918401,0
CDR,D,20190617,000000,196.883,198.204,192.161,192.638,269750.1752943531,0
CDR,D,20190618,000000,192.638,196.601,189.422,193.104,431238.36411699024,0
CDR,D,20190619,000000,194.523,196.795,193.58,196.038,267865.45161945745,0
CDR,D,20190621,000000,195.941,196.699,190.841,191.316,735646.4564694394,0
CDR,D,20190624,000000,193.483,194.999,190.084,190.084,411160.0353336608,0
CDR,D,20190625,000000,192.638,193.765,190.559,191.123,541246.1132061762,0
CDR,D,20190626,000000,191.502,196.883,191.22,196.883,321453.98206084134,0
CDR,D,20190627,000000,196.883,202.46,195.659,202.179,424499.26750341523,0
CDR,D,20190628,000000,202.927,206.423,202.363,203.306,773688.8472812264,0
CDR,D,20190701,000000,206.141,206.423,198.962,204.539,332921.8719908687,0
CDR,D,20190702,000000,204.344,204.344,198.019,203.024,296337.0282701014,0
CDR,D,20190703,000000,202.081,203.781,200.38,203.781,143936.89260175708,0
CDR,D,20190704,000000,203.024,203.587,199.72,201.605,119140.06391362415,0
CDR,D,20190705,000000,201.605,205.286,201.139,204.821,187075.5515262486,0
CDR,D,20190708,000000,203.684,205.286,202.081,204.908,328409.2403192841,0
CDR,D,20190709,000000,203.306,204.063,200.283,200.661,247495.81928614798,0
CDR,D,20190710,000000,201.041,204.908,200.759,203.879,176513.48182225772,0
CDR,D,20190711,000000,204.539,205.286,203.024,205.286,319817.3296069501,0
CDR,D,20190712,000000,205.384,207.366,204.441,205.102,235569.8725372678,0
CDR,D,20190715,000000,205.102,206.802,204.441,205.86,92337.04929302412,0
CDR,D,20190716,000000,205.947,206.802,205.004,205.666,91243.88897476783,0
CDR,D,20190717,000000,205.86,209.823,204.908,207.084,243315.66481115905,0
CDR,D,20190718,000000,205.86,208.686,205.2,207.366,180845.97878982098,0
CDR,D,20190719,000000,208.307,213.321,207.842,210.581,444539.5106636186,0
CDR,D,20190722,000000,210.581,213.787,210.483,212.368,170199.50311022886,0
CDR,D,20190723,000000,212.466,213.409,210.202,211.989,163989.4878559492,0
CDR,D,20190724,000000,211.989,214.264,211.524,213.983,237799.42550274788,0
CDR,D,20190725,000000,214.166,214.73,208.881,209.348,306560.4447304671,0
CDR,D,20190726,000000,209.63,212.845,207.084,211.707,207318.57489614107,0
CDR,D,20190729,000000,212.466,213.603,209.921,210.483,81844.97478832807,0
CDR,D,20190730,000000,210.863,213.321,209.921,213.321,117087.5576286858,0
CDR,D,20190731,000000,213.127,218.227,212.087,217.187,492004.490508664,0
CDR,D,20190801,000000,217.004,219.17,214.642,217.187,289925.2621472926,0
CDR,D,20190802,000000,215.303,217.09,212.651,212.942,213541.97158557933,0
CDR,D,20190805,000000,212.466,213.409,199.904,199.904,385195.93376331823,0
CDR,D,20190806,000000,199.904,209.63,199.816,205.763,341904.93234626245,0
CDR,D,20190807,000000,208.025,209.348,201.42,203.024,319026.7955914916,0
CDR,D,20190808,000000,206.141,208.124,204.441,205.763,200897.54470284324,0
CDR,D,20190809,000000,207.842,209.444,205.384,206.239,248497.3682406347,0
CDR,D,20190812,000000,207.462,211.426,205.568,207.744,140421.6925199896,0
CDR,D,20190813,000000,207.744,212.651,207.744,211.524,344204.4805110353,0
CDR,D,20190814,000000,210.96,212.466,207.462,208.025,392304.5638554851,0
CDR,D,20190816,000000,208.025,219.829,205.666,218.412,503521.78881466633,0
CDR,D,20190819,000000,218.412,225.494,218.324,222.851,398000.9378679377,0
CDR,D,20190820,000000,222.851,224.649,216.246,221.151,301584.60953419027,0
CDR,D,20190821,000000,220.209,224.833,220.209,224.746,201673.66794199325,0
CDR,D,20190822,000000,224.746,227.486,221.151,226.067,426367.5217196425,0
CDR,D,20190823,000000,226.631,228.05,222.763,227.009,217846.67634164542,0
CDR,D,20190826,000000,222.851,228.05,221.725,227.671,193884.64333911642,0
CDR,D,20190827,000000,227.573,233.149,227.009,231.536,608905.7373863091,0
CDR,D,20190828,000000,232.013,232.868,226.446,229.089,271321.97925477097,0
CDR,D,20190829,000000,228.515,234.373,227.573,234.373,349127.8193078576,0
CDR,D,20190830,000000,236.073,245.332,235.316,238.91,855316.6310835289,0
CDR,D,20190902,000000,238.91,239.756,233.81,236.073,202622.72049700536,0
CDR,D,20190903,000000,235.791,236.55,232.673,235.227,199012.8210279676,0
CDR,D,20190904,000000,236.55,240.037,236.258,237.298,304654.10489110375,0
CDR,D,20190905,000000,238.91,240.611,236.832,237.871,233206.5052202015,0
CDR,D,20190906,000000,239.192,241.456,237.015,241.271,213885.77153500385,0
CDR,D,20190909,000000,242.495,247.119,242.213,245.516,312559.4450457285,0
CDR,D,20190910,000000,245.516,246.371,233.712,235.131,436200.81787811854,0
CDR,D,20190911,000000,236.073,239.756,235.597,237.958,248742.3514381294,0
CDR,D,20190912,000000,239.853,240.514,235.131,237.015,184079.13939211756,0
CDR,D,20190913,000000,237.015,238.91,234.188,234.849,179192.85687728145,0
CDR,D,20190916,000000,234.654,239.474,233.529,236.636,273890.18546386616,0
CDR,D,20190917,000000,236.258,236.733,234.654,236.073,156349.71772214706,0
CDR,D,20190918,000000,235.888,236.258,230.875,231.731,292987.5521160368,0
CDR,D,20190919,000000,231.828,233.994,230.216,231.167,147953.3818313629,0
CDR,D,20190920,000000,232.294,233.333,227.389,230.507,459320.8498068943,0
CDR,D,20190923,000000,230.507,233.237,223.23,229.847,231649.11203609212,0
CDR,D,20190924,000000,230.128,234.654,228.807,234.654,212458.07533781108,0
CDR,D,20190925,000000,235.131,235.131,227.671,231.255,149562.24207376697,0
CDR,D,20190926,000000,231.352,234.373,231.352,234.188,92988.62225108092,0
CDR,D,20190927,000000,233.529,234.092,230.789,231.449,69710.07178274842,0
CDR,D,20190930,000000,231.915,231.915,228.515,229.847,132106.67458130704,0
CDR,D,20191001,000000,230.507,231.352,224.649,227.389,359795.9111519275,0
CDR,D,20191002,000000,226.727,226.815,220.967,221.248,229585.28299833494,0
CDR,D,20191003,000000,220.024,227.291,220.024,225.688,154649.2461159724,0
CDR,D,20191004,000000,226.155,230.41,223.424,225.406,166056.40491720606,0
CDR,D,20191007,000000,226.446,227.486,222.851,222.851,138203.46230732833,0
CDR,D,20191008,000000,224.55,224.649,218.13,220.209,223554.3731069268,0
CDR,D,20191009,000000,221.909,225.309,220.306,224.93,118226.00895824842,0
CDR,D,20191010,000000,225.688,226.155,217.187,217.664,250287.39252825011,0
CDR,D,20191011,000000,219.927,224.367,219.071,223.793,176232.4716839567,0
CDR,D,20191014,000000,224.93,229.467,220.967,229.467,145056.8157903316,0
CDR,D,20191015,000000,230.41,234.47,229.555,233.051,159985.35072033212,0
CDR,D,20191016,000000,233.149,233.149,227.389,227.573,142749.03289622956,0
CDR,D,20191017,000000,227.194,228.807,221.627,221.627,245249.7968620096,0
CDR,D,20191018,000000,221.909,225.124,219.733,221.909,110780.78430480615,0
CDR,D,20191021,000000,224.269,225.309,219.071,220.024,105335.56953685771,0
CDR,D,20191022,000000,220.024,223.793,218.227,221.529,185316.40747361,0
CDR,D,20191023,000000,221.725,223.327,220.306,222.288,103942.87093929129,0
CDR,D,20191024,000000,223.793,230.03,222.473,228.428,280441.94198524056,0
CDR,D,20191025,000000,228.428,230.875,227.107,228.894,143122.68373948103,0
CDR,D,20191028,000000,228.991,231.255,228.894,231.255,71218.05659088891,0
CDR,D,20191029,000000,231.352,234.47,230.973,232.294,251344.52590569106,0
CDR,D,20191030,000000,231.449,240.135,231.449,240.135,343061.9118168131,0
CDR,D,20191031,000000,240.135,242.68,236.354,238.056,208943.90459720348,0
CDR,D,20191104,000000,242.495,244.292,239.756,243.914,277802.7112357027,0
CDR,D,20191105,000000,244.097,245.332,239.853,240.979,226517.8463237613,0
CDR,D,20191106,000000,241.738,245.04,239.095,245.04,185575.80144743324,0
CDR,D,20191107,000000,245.332,252.977,245.04,252.598,288555.20905538386,0
CDR,D,20191108,000000,251.181,251.181,246.273,246.273,252929.7113012876,0
CDR,D,20191112,000000,248.061,249.294,242.213,245.516,323307.82550075016,0
CDR,D,20191113,000000,245.516,251.939,245.516,250.52,282027.12738082703,0
CDR,D,20191114,000000,251.375,251.56,244.196,246.458,269663.710636402,0
CDR,D,20191115,000000,246.837,250.141,246.08,247.877,189087.91350571104,0
CDR,D,20191118,000000,250.141,250.899,248.537,250.899,128380.4595605113,0
CDR,D,20191119,000000,251.181,252.598,248.819,250.714,139320.29747240315,0
CDR,D,20191120,000000,250.423,252.123,249.013,252.123,189917.5624854855,0
CDR,D,20191121,000000,252.123,252.501,245.516,248.731,206907.86777092345,0
CDR,D,20191122,000000,251.093,253.92,247.119,251.181,221782.87696030954,0
CDR,D,20191125,000000,252.123,252.977,248.916,251.181,116667.58643297914,0
CDR,D,20191126,000000,251.939,253.075,249.102,251.657,435202.3569471415,0
CDR,D,20191127,000000,252.598,253.454,250.335,253.454,139777.324950086,0
CDR,D,20191128,000000,253.075,254.201,251.939,254.201,63721.36487915599,0
CDR,D,20191129,000000,254.201,254.201,246.458,247.877,259589.54864509086,0
CDR,D,20191202,000000,249.294,250.141,239.658,243.156,364087.2344728349,0
CDR,D,20191203,000000,243.632,247.313,242.592,242.68,222574.44031692788,0
CDR,D,20191204,000000,244.953,247.499,243.632,245.798,215218.76834493643,0
CDR,D,20191205,000000,246.935,248.061,245.516,247.4,169159.86853259604,0
CDR,D,20191206,000000,246.935,249.577,243.718,246.74,143180.3268447751,0
CDR,D,20191209,000000,247.779,249.198,243.156,249.198,98769.4022391488,0
CDR,D,20191210,000000,249.294,249.294,242.68,242.777,145882.34740542644,0
CDR,D,20191211,000000,242.68,244.953,238.91,238.91,202092.60979652999,0
CDR,D,20191212,000000,241.174,244.379,238.338,243.632,229933.20031242905,0
CDR,D,20191213,000000,244.292,246.177,238.91,240.319,196833.7057796123,0
CDR,D,20191216,000000,240.795,243.437,238.435,242.116,138220.96110714652,0
CDR,D,20191217,000000,243.34,249.294,239.658,247.974,240518.94486322743,0
CDR,D,20191218,000000,249.859,253.735,246.273,253.162,287429.10981982,0
CDR,D,20191219,000000,253.541,256.844,251.375,253.735,341498.3425857043,0
CDR,D,20191220,000000,254.96,255.999,252.88,255.056,329062.8719596667,0
CDR,D,20191223,000000,256.844,264.402,255.144,264.402,300279.4049357449,0
CDR,D,20191227,000000,265.345,269.123,261.759,262.227,216171.9382646181,0
CDR,D,20191230,000000,261.759,266.947,261.663,263.926,169461.46549422495,0
CDR,D,20200102,000000,266.287,270.824,265.345,270.824,177366.8056488598,0
CDR,D,20200103,000000,271.008,273.659,265.441,270.066,258368.75002225678,0
CDR,D,20200107,000000,271.106,272.339,267.142,267.987,225423.6566643341,0
CDR,D,20200108,000000,267.705,267.987,261.855,265.441,237707.81413896728,0
CDR,D,20200109,000000,268.181,272.523,267.239,272.523,206395.25587027633,0
CDR,D,20200110,000000,273.369,276.39,268.648,269.123,280219.6042933834,0
CDR,D,20200113,000000,271.765,274.41,268.366,274.41,221452.4584460336,0
CDR,D,20200114,000000,274.32,275.546,270.26,272.426,285628.79212054564,0
CDR,D,20200115,000000,273.281,273.466,266.947,267.424,278213.4183609204,0
CDR,D,20200116,000000,266.764,270.066,263.644,266.578,262958.5822813035,0
CDR,D,20200117,000000,239.658,253.075,229.467,251.657,2959228.213849101,0
CDR,D,20200120,000000,253.735,266.86,252.22,265.82,808185.1577762591,0
CDR,D,20200121,000000,266.005,269.784,258.359,263.265,468137.1568933952,0
CDR,D,20200122,000000,266.2,268.181,259.117,260.243,526444.1872395625,0
CDR,D,20200123,000000,258.738,262.984,257.602,258.738,481909.74169402494,0
CDR,D,20200124,000000,257.795,262.042,256.096,260.623,348565.7990312355,0
CDR,D,20200127,000000,261.663,263.743,253.356,255.901,278213.4183609204,0
CDR,D,20200128,000000,256.378,260.904,256.378,260.904,260122.74736905584,0
CDR,D,20200129,000000,261.566,262.42,258.923,261.855,423047.89645939483,0
CDR,D,20200130,000000,261.566,262.897,258.738,262.42,355274.0154098438,0
CDR,D,20200131,000000,262.518,265.918,259.204,265.918,588020.4051288527,0
CDR,D,20200203,000000,264.966,277.149,263.926,277.149,624955.224846064,0
CDR,D,20200204,000000,277.149,288.009,274.128,288.009,705020.4687584275,0
CDR,D,20200205,000000,286.124,302.737,285.464,290.846,834298.5138156563,0
CDR,D,20200206,000000,292.255,296.977,288.67,296.228,350992.9855005752,0
CDR,D,20200207,000000,295.85,299.154,290.274,291.594,248165.9203851989,0
CDR,D,20200210,000000,293.586,295.946,292.731,293.392,129469.50251409897,0
CDR,D,20200211,000000,295.568,299.337,293.207,293.207,229550.28539868855,0
CDR,D,20200212,000000,293.674,298.21,291.225,295.752,248143.2748795412,0
CDR,D,20200213,000000,295.654,300.95,294.809,300.95,268186.60606324434,0
CDR,D,20200214,000000,301.513,308.595,299.814,307.837,420608.35789606645,0
CDR,D,20200217,000000,309.352,317.281,305.574,307.837,181303.00626751385,0
CDR,D,20200218,000000,307.274,312.375,305.011,310.675,121201.83426906157,0
CDR,D,20200219,000000,311.617,313.414,307.556,312.375,324149.8265745033,0
CDR,D,20200220,000000,312.18,313.414,308.411,310.199,208890.37885657902,0
CDR,D,20200221,000000,309.731,315.396,308.411,312.56,214811.14924320843,0
CDR,D,20200224,000000,309.352,311.617,301.231,302.358,423631.53290050465,0
CDR,D,20200225,000000,298.589,303.777,288.291,290.185,651518.4029749947,0
CDR,D,20200226,000000,284.804,298.968,280.451,290.653,558937.3998256419,0
CDR,D,20200227,000000,290.846,293.674,274.506,276.206,485121.28613184375,0
CDR,D,20200228,000000,260.623,270.066,247.031,262.984,1171903.8881117422,0
CDR,D,20200302,000000,271.863,281.403,256.844,268.56,717156.4011051761,0
CDR,D,20200303,000000,278.567,289.807,274.03,288.768,789504.6742962955,0
CDR,D,20200304,000000,283.569,287.446,276.206,279.13,436788.5716838879,0
CDR,D,20200305,000000,286.124,288.486,277.809,281.024,321455.0114020112,0
CDR,D,20200306,000000,278.188,278.47,267.239,276.867,385396.6552906876,0
CDR,D,20200309,000000,251.181,268.181,245.04,254.96,747857.5307213002,0
CDR,D,20200310,000000,259.68,264.402,253.075,255.241,481172.733419201,0
CDR,D,20200311,000000,255.901,256.562,228.515,237.015,844248.1255259003,0
CDR,D,20200312,000000,215.303,221.909,193.765,204.063,1411891.6929332642,0
CDR,D,20200313,000000,217.187,238.91,211.328,230.312,1309367.2541207168,0
CDR,D,20200316,000000,222.763,256.844,209.63,237.958,1040118.3679742422,0
CDR,D,20200317,000000,247.4,257.602,240.979,253.638,911808.9329541133,0
CDR,D,20200318,000000,254.483,265.539,241.076,243.914,757297.6185543766,0
CDR,D,20200319,000000,243.914,258.262,242.213,258.262,542152.9627733827,0
CDR,D,20200320,000000,265.345,267.521,242.116,251.657,989796.9663935611,0
CDR,D,20200323,000000,242.777,256.844,236.073,250.423,464913.2603615977,0
CDR,D,20200324,000000,261.663,264.966,253.356,261.196,459346.5833360417,0
CDR,D,20200325,000000,268.181,271.669,256.844,262.138,405507.9229913336,0
CDR,D,20200326,000000,260.535,266.102,258.262,265.441,312211.52773163444,0
CDR,D,20200327,000000,266.764,267.987,259.302,263.461,300789.9581540622,0
CDR,D,20200330,000000,264.402,265.258,257.981,265.258,295480.61642000976,0
CDR,D,20200331,000000,267.239,273.748,265.539,273,376045.0907978818,0
CDR,D,20200401,000000,267.705,271.863,263.461,266.384,284340.0569807586,0
CDR,D,20200402,000000,266.384,271.765,261.098,271.765,306508.9776721725,0
CDR,D,20200403,000000,272.902,281.209,269.221,280.451,438518.8941838795,0
CDR,D,20200406,000000,288.009,300.95,287.35,300.474,422552.7833585759,0
CDR,D,20200407,000000,310.675,313.133,285.834,285.834,600196.4817810671,0
CDR,D,20200408,000000,278.567,294.431,276.682,291.691,321696.9065760163,0
CDR,D,20200409,000000,312.56,315.3,301.893,310.675,729055.584983749,0
CDR,D,20200414,000000,312.56,323.702,306.517,322.945,438555.95046585565,0
CDR,D,20200415,000000,324.558,325.685,319.457,323.139,605463.6205273239,0
CDR,D,20200416,000000,323.702,325.403,314.162,315.58,441057.2494991577,0
CDR,D,20200417,000000,319.457,325.023,318.222,320.584,246807.190046119,0
CDR,D,20200420,000000,320.117,326.724,316.338,325.966,237272.40282577224,0
CDR,D,20200421,000000,323.518,325.023,317.281,317.281,198476.5342804929,0
CDR,D,20200422,000000,317.281,327.666,315.396,327.666,274983.3457821134,0
CDR,D,20200423,000000,323.897,334.943,322.945,334.943,321733.9628579825,0
CDR,D,20200424,000000,332.018,352.605,324.839,343.161,472415.09877915407,0
CDR,D,20200427,000000,347.028,353.168,345.706,347.505,347346.0297495613,0
CDR,D,20200428,000000,347.786,351.652,338.343,339.1,348211.7056701421,0
CDR,D,20200429,000000,339.1,344.763,333.718,341.082,271661.661839546,0
CDR,D,20200430,000000,342.491,347.028,331.824,337.682,345277.05400597467,0
CDR,D,20200504,000000,331.444,344.667,329.181,337.964,260463.45929499072,0
CDR,D,20200505,000000,340.227,340.888,331.639,337.586,217668.6003199338,0
CDR,D,20200506,000000,341.364,343.346,336.449,339.945,458370.76791071234,0
CDR,D,20200507,000000,339.945,342.967,334.378,335.788,208989.1956084988,0
CDR,D,20200508,000000,339.188,339.664,332.863,335.127,203447.22277095035,0
CDR,D,20200511,000000,338.061,343.346,334.378,342.782,251308.49896488478,0
CDR,D,20200512,000000,340.703,354.964,340.422,352.031,446940.96360381093,0
CDR,D,20200513,000000,350.331,358.453,349.767,358.355,292188.78337123914,0
CDR,D,20200514,000000,356.091,357.51,343.909,349.389,361468.59054662497,0
CDR,D,20200515,000000,349.485,353.731,345.891,350.429,254506.661967545,0
CDR,D,20200518,000000,354.489,363.737,350.331,363.737,259341.47742409646,0
CDR,D,20200519,000000,366.476,367.332,356.655,358.549,262237.0141239579,0
CDR,D,20200520,000000,360.532,375.259,359.017,372.996,345517.9198388098,0
CDR,D,20200521,000000,372.812,377.902,369.595,370.732,342064.48022698594,0
CDR,D,20200522,000000,368.274,374.793,367.137,371.489,238079.406299889,0
CDR,D,20200525,000000,373.375,380.642,373.375,375.356,121611.51205310928,0
CDR,D,20200526,000000,377.717,394.427,375.833,389.997,457279.66627478483,0
CDR,D,20200527,000000,389.997,390.463,359.774,360.25,750441.1770478737,0
CDR,D,20200528,000000,367.429,377.436,363.834,376.775,397759.04269394267,0
CDR,D,20200529,000000,388.103,389.9,371.199,381.302,894359.5415086427,0
CDR,D,20200601,000000,382.438,384.985,372.715,374.793,223883.76228004287,0
CDR,D,20200602,000000,373.939,375.259,364.029,366.574,512015.91211622045,0
CDR,D,20200603,000000,368.274,375.833,364.496,366.476,289783.2130663872,0
CDR,D,20200604,000000,365.069,372.335,364.496,370.732,307814.18227062793,0
CDR,D,20200605,000000,372.52,373.939,366.855,368.838,404572.2518714701,0
CDR,D,20200608,000000,364.592,366.855,350.147,350.147,492274.1778941462,0
CDR,D,20200609,000000,351.273,364.408,332.581,364.408,412108.05854751304,0
CDR,D,20200610,000000,366.855,371.296,359.774,371.296,296301.0013292851,0
CDR,D,20200612,000000,357.034,367.05,351.186,358.171,352630.6672956364,0
CDR,D,20200615,000000,354.11,360.532,352.225,352.313,317465.28504272265,0
CDR,D,20200616,000000,356.752,364.029,354.489,358.171,162043.00371110995,0
CDR,D,20200617,000000,362.416,369.595,356.47,365.817,288030.245060748,0
CDR,D,20200618,000000,365.817,374.415,364.689,365.729,196288.15496164854,0
CDR,D,20200619,000000,352.605,371.956,352.506,370.82,912357.5717955667,0
CDR,D,20200622,000000,368.274,386.219,366.39,384.421,485187.16396646696,0
CDR,D,20200623,000000,384.615,389.045,377.902,381.496,254324.46858116376,0
CDR,D,20200624,000000,387.161,389.9,382.438,384.896,203356.64074833965,0
CDR,D,20200625,000000,385.276,389.618,382.438,389.618,239476.22226210497,0
CDR,D,20200626,000000,391.881,393.3,372.996,373.278,566057.3526706275,0
CDR,D,20200629,000000,372.053,380.457,368.274,379.233,310420.47410284914,0
CDR,D,20200630,000000,377.717,382.623,371.86,372.899,310722.071064478,0
CDR,D,20200701,000000,373.472,381.593,368.274,380.738,239065.51513687728,0
CDR,D,20200702,000000,382.341,385.84,378.572,382.341,226412.85352482207,0
CDR,D,20200703,000000,384.324,386.976,381.302,383.381,114653.16577117683,0
CDR,D,20200706,000000,386.976,387.636,381.399,382.438,171325.60234579272,0
CDR,D,20200707,000000,382.438,384.703,378.096,381.875,199516.16885811568,0
CDR,D,20200708,000000,381.875,382.536,374.793,376.873,192921.1800077758,0
CDR,D,20200709,000000,376.959,378.572,364.408,364.408,465003.84238419833,0
CDR,D,20200710,000000,360.056,364.496,357.889,358.831,413820.8822476864,0
CDR,D,20200713,000000,361.668,363.932,348.165,348.913,480933.9262686856,0
CDR,D,20200714,000000,346.464,347.408,331.543,334.184,661663.5895067585,0
CDR,D,20200715,000000,337.488,358.074,337.488,344.667,597523.2827730528,0
CDR,D,20200716,000000,345.609,349.865,341.461,347.786,229639.83808012932,0
CDR,D,20200717,000000,348.825,350.904,345.803,350.331,232402.58976958442,0
CDR,D,20200720,000000,351.273,371.393,351.186,371.199,329837.96585763677,0
CDR,D,20200721,000000,374.881,375.833,358.831,359.774,433361.89494238124,0
CDR,D,20200722,000000,360.056,364.496,354.11,361.668,318586.23757245706,0
CDR,D,20200723,000000,363.651,367.992,360.814,365.913,347841.1428504003,0
CDR,D,20200724,000000,360.814,367.137,358.074,366.39,455129.37257907656,0
CDR,D,20200727,000000,366.39,378.854,361.757,376.959,532676.8479994998,0
CDR,D,20200728,000000,375.454,375.833,368.459,373.181,304278.39536553255,0
CDR,D,20200729,000000,371.578,381.117,369.411,378.659,607356.5789315287,0
CDR,D,20200730,000000,383.381,387.918,375.735,376.299,666582.8109389113,0
CDR,D,20200731,000000,377.339,382.254,375.92,379.602,251495.8390570955,0
CDR,D,20200803,000000,377.717,395.467,377.154,393.766,721226.4160754164,0
CDR,D,20200804,000000,395.661,399.44,391.124,394.242,751980.042090985,0
CDR,D,20200805,000000,393.582,396.127,385.655,387.161,362543.22272389417,0
CDR,D,20200806,000000,388.578,394.339,384.896,389.521,249868.45067369327,0
CDR,D,20200807,000000,389.045,407.562,387.345,403.209,359731.06265847414,0
CDR,D,20200810,000000,403.209,410.768,400.567,401.703,287471.3128076256,0
CDR,D,20200811,000000,403.404,405.667,389.24,393.396,237580.17583439048,0
CDR,D,20200812,000000,393.396,396.982,387.161,394.719,243366.10252829385,0
CDR,D,20200813,000000,394.719,396.506,387.821,387.821,327038.1578862055,0
CDR,D,20200814,000000,386.976,392.737,384.324,387.821,179421.37061611787,0
CDR,D,20200817,000000,387.821,391.881,384.703,385.276,340598.69840665715,0
CDR,D,20200818,000000,385.276,386.781,379.038,383.663,259488.67321082123,0
CDR,D,20200819,000000,383.381,391.881,381.496,391.881,201112.67700653104,0
CDR,D,20200820,000000,390.939,390.939,382.06,385.84,147202.99212137028,0
CDR,D,20200821,000000,390.463,392.261,386.219,386.402,189428.6254316459,0
CDR,D,20200824,000000,391.124,395.758,388.86,391.502,198059.6511082759,0
CDR,D,20200825,000000,390.939,392.823,384.324,385.276,267196.3798615764,0
CDR,D,20200826,000000,386.684,413.314,385.082,412.652,266613.77276164654,0
CDR,D,20200827,000000,410.768,436.26,408.971,435.133,672875.1734864623,0
CDR,D,20200828,000000,429.935,432.772,419.073,421.153,373716.721080462,0
CDR,D,20200831,000000,421.153,424.835,410.768,414.071,355441.7980198865,0
CDR,D,20200901,000000,414.071,422.853,412.088,416.15,296498.6348331548,0
CDR,D,20200902,000000,414.644,425.875,413.692,415.391,177236.07932077322,0
CDR,D,20200903,000000,418.704,421.912,405.861,406.609,320281.56247280224,0
CDR,D,20200904,000000,396.419,411.623,388.677,404.161,861833.3900052669,0
CDR,D,20200907,000000,406.143,414.644,401.985,412.284,161469.66068165904,0
CDR,D,20200908,000000,415.489,415.771,404.346,409.262,411064.30660522066,0
CDR,D,20200909,000000,408.883,410.108,402.84,407.931,444377.9041005653,0
CDR,D,20200910,000000,407.27,409.165,403.967,405.104,488182.5467594281,0
CDR,D,20200911,000000,406.046,408.883,403.306,406.23,448610.5549750088,0
CDR,D,20200914,000000,408.883,410.292,394.057,394.057,645739.6816692606,0
CDR,D,20200915,000000,393.96,393.96,378.193,380.554,476182.4874465855,0
CDR,D,20200916,000000,383.002,389.9,379.136,382.719,363986.3590385854,0
CDR,D,20200917,000000,379.602,383.575,374.696,381.496,347855.5536267188,0
CDR,D,20200918,000000,382.438,388.385,379.698,379.698,728239.3174391332,0
CDR,D,20200921,000000,379.602,386.402,363.834,363.834,445991.9110487989,0
CDR,D,20200922,000000,369.498,385.178,368.459,378.572,591076.5190506076,0
CDR,D,20200923,000000,378.572,386.597,378.572,384.324,340546.2020071825,0
CDR,D,20200924,000000,381.496,386.597,376.115,380.176,565702.2299683641,0
CDR,D,20200925,000000,382.06,387.161,377.814,387.161,297478.56762315374,0
CDR,D,20200928,000000,390.939,405.667,390.279,405.667,334117.9664257254,0
CDR,D,20200929,000000,405.949,410.486,400.849,407.367,330118.9759959478,0
CDR,D,20200930,000000,401.325,406.425,395.097,395.097,453981.657179035,0
CDR,D,20201001,000000,393.678,393.678,355.995,361.289,1239723.0601726088,0
CDR,D,20201002,000000,368.372,378.193,362.708,375.075,802840.8184425603,0
CDR,D,20201005,000000,380.554,387.636,373.093,376.494,411449.28020129097,0
CDR,D,20201006,000000,377.717,378.475,352.225,353.925,840556.9081047409,0
CDR,D,20201007,000000,354.392,358.646,345.327,356.091,560686.2504666114,0
CDR,D,20201008,000000,359.969,367.235,358.735,367.235,384565.97696975316,0
CDR,D,20201009,000000,368.177,368.177,352.692,357.131,389125.958334983,0
CDR,D,20201012,000000,356.946,361.377,350.331,350.331,456214.2981680047,0
CDR,D,20201013,000000,350.331,362.795,346.552,361.668,299761.6463292583,0
CDR,D,20201014,000000,361.668,375.541,358.928,367.332,449476.2308955895,0
CDR,D,20201015,000000,364.874,365.913,352.506,354.11,329828.70178714773,0
CDR,D,20201016,000000,356.946,368.274,356.946,357.51,664858.664485919,0
CDR,D,20201019,000000,360.348,362.61,351.273,351.273,328676.8690224265,0
CDR,D,20201020,000000,351.273,356.946,342.024,347.408,514300.0201635049,0
CDR,D,20201021,000000,346.745,348.825,334.943,345.424,726736.4793368281,0
CDR,D,20201022,000000,339.945,355.528,338.061,346.182,352865.3570814722,0
CDR,D,20201023,000000,346.931,349.485,333.048,333.805,828140.9949608512,0
CDR,D,20201026,000000,334.748,345.231,334.282,339.945,397021.00507794885,0
CDR,D,20201027,000000,342.967,358.831,342.403,343.822,726710.7458076709,0
CDR,D,20201028,000000,329.56,334.184,302.175,312.56,1661247.5317063304,0
CDR,D,20201029,000000,317.281,336.642,315.396,334.282,809496.5384217039,0
CDR,D,20201030,000000,332.106,332.388,314.736,316.717,616461.1015444999,0
CDR,D,20201102,000000,324.46,329.367,322.381,323.606,491022.49903633527,0
CDR,D,20201103,000000,328.142,346.085,323.897,344.667,619668.5286176591,0
CDR,D,20201104,000000,344.667,365.35,339.762,359.969,799532.5159351414,0
CDR,D,20201105,000000,366.293,374.133,349.389,350.429,809098.183390475,0
CDR,D,20201106,000000,352.225,367.332,350.807,361.757,400374.5985966629,0
CDR,D,20201109,000000,367.332,378.757,348.544,350.71,1030537.2604013499,0
CDR,D,20201110,000000,354.11,357.607,333.805,345.327,856454.0530719316,0
CDR,D,20201112,000000,350.331,357.326,346.745,351.652,470123.78534371033,0
CDR,D,20201113,000000,351.749,351.749,342.869,343.161,303334.48951632984,0
CDR,D,20201116,000000,349.389,351.186,340.324,340.324,326334.0885286881,0
CDR,D,20201117,000000,339.945,350.331,339.188,349.01,311109.1033428781,0
CDR,D,20201118,000000,350.331,357.694,349.389,353.634,327585.76738650905,0
CDR,D,20201119,000000,353.168,353.168,345.142,347.505,358445.4155421767,0
CDR,D,20201120,000000,347.591,355.15,347.505,351.468,312981.474923765,0
CDR,D,20201123,000000,356.47,367.332,351.273,351.847,345090.74325493386,0
CDR,D,20201124,000000,354.11,355.995,345.142,350.429,294773.45903899265,0
CDR,D,20201125,000000,351.468,352.692,342.869,343.725,367223.63700554153,0
CDR,D,20201126,000000,348.446,356.47,338.061,338.907,525648.5065182745,0
CDR,D,20201127,000000,339.003,343.725,332.959,342.491,405367.93259276805,0
CDR,D,20201130,000000,345.609,369.411,345.609,367.798,1117101.764435593,0
CDR,D,20201201,000000,370.537,394.903,370.537,383.381,993834.0424464848,0
CDR,D,20201202,000000,388.298,402.267,382.156,401.325,599186.6980972613,0
CDR,D,20201203,000000,402.267,404.161,394.719,397.546,510908.3410216346,0
CDR,D,20201204,000000,399.245,418.791,398.965,418.326,499331.3409280185,0
CDR,D,20201207,000000,421.63,438.338,379.515,401.422,1511854.101583786,0
CDR,D,20201208,000000,377.717,387.54,363.553,372.996,1981570.2678258184,0
CDR,D,20201209,000000,377.436,389.142,361.853,373.754,1496838.0726546545,0
CDR,D,20201210,000000,369.693,378.757,338.343,341.83,2167005.0495334864,0
CDR,D,20201211,000000,338.809,338.809,291.128,302.65,4200459.258829804,0
CDR,D,20201214,000000,250.238,281.403,225.213,279.607,5681374.452988011,0
CDR,D,20201215,000000,286.872,299.154,277.624,283.288,2812391.6671828334,0
CDR,D,20201216,000000,282.628,287.068,273.845,283.288,1186494.7991392876,0
CDR,D,20201217,000000,288.009,296.413,288.009,291.973,1136719.9777177603,0
CDR,D,20201218,000000,245.516,257.417,228.991,256.28,5758657.387728942,0
CDR,D,20201221,000000,245.516,250.52,234.188,241.738,2871074.407054582,0
CDR,D,20201222,000000,247.974,260.535,247.4,252.783,1582634.6881791172,0
CDR,D,20201223,000000,259.68,260.243,237.958,254.017,1534168.159379565,0
CDR,D,20201228,000000,250.238,258.738,242.777,258.738,1093404.272112717,0
CDR,D,20201229,000000,263.926,269.308,259.117,264.878,731109.1206098574,0
CDR,D,20201230,000000,264.878,264.878,255.338,259.398,688489.2496330122,0
CDR,D,20210104,000000,261.098,263.461,253.162,261.002,735578.5199524864,0
CDR,D,20210105,000000,260.243,260.243,248.916,250.899,960663.5233732054,0
CDR,D,20210107,000000,252.123,252.22,234.188,234.188,1613189.6513497063,0
CDR,D,20210108,000000,236.258,239.29,221.151,226.534,1611035.2402892984,0
CDR,D,20210111,000000,226.631,242.68,226.631,232.294,842896.6005749796,0
CDR,D,20210112,000000,232.294,238.813,229.467,234.654,695064.6810012042,0
CDR,D,20210113,000000,234.654,239.377,233.333,235.976,693454.7914176303,0
CDR,D,20210114,000000,239.29,261.663,237.298,250.238,1360959.8920412161,0
CDR,D,20210115,000000,250.238,252.317,237.112,241.931,805484.1665567576,0
CDR,D,20210118,000000,242.68,243.816,235.413,239.377,508562.47250439646,0
CDR,D,20210119,000000,241.076,242.68,229.273,234.373,796830.4953744799,0
CDR,D,20210120,000000,233.237,241.456,225.688,238.619,785288.4928805003,0
CDR,D,20210121,000000,240.795,245.992,237.589,239.095,954674.816469613,0
CDR,D,20210122,000000,237.958,242.68,235.976,236.17,550596.648357802,0
CDR,D,20210125,000000,237.958,261.196,236.354,260.341,1701910.625126677,0
CDR,D,20210126,000000,257.884,283.288,257.884,283.288,2837920.357439911,0
CDR,D,20210127,000000,290.846,325.782,290.846,298.21,6215551.051066427,0
CDR,D,20210128,000000,293.867,355.528,282.442,344.667,7262076.038457547,0
CDR,D,20210129,000000,334.282,338.061,281.112,288.194,3121031.3810685263,0
CDR,D,20210201,000000,288.486,298.395,275.069,288.768,1068159.6800174704,0
CDR,D,20210202,000000,288.486,288.865,266.666,267.521,1460553.796554296,0
CDR,D,20210203,000000,268.181,279.13,267.617,271.961,730743.704495935,0
CDR,D,20210204,000000,272.047,282.151,272.047,274.788,427132.32220595365,0
CDR,D,20210205,000000,276.867,281.306,272.144,277.061,459989.92156477534,0
CDR,D,20210208,000000,280.451,281.209,270.347,270.347,513198.6251159184,0
CDR,D,20210209,000000,271.008,272.144,253.454,254.96,1192223.0827278467,0
CDR,D,20210210,000000,253.92,260.157,249.674,254.483,693903.584165994,0
CDR,D,20210211,000000,253.541,256.28,253.075,255.435,371541.7231967662,0
CDR,D,20210212,000000,254.114,254.678,245.798,248.353,388608.1997284963,0
CDR,D,20210215,000000,245.516,255.522,243.914,254.96,286906.20450751396,0
CDR,D,20210216,000000,255.901,257.981,251.841,255.056,346010.974257309,0
CDR,D,20210217,000000,256.94,257.32,253.162,256.183,311611.42183186626,0
CDR,D,20210218,000000,256.183,267.705,254.201,259.68,528381.4073139228,0
CDR,D,20210219,000000,259.68,263.363,249.957,250.617,454444.86070371716,0
CDR,D,20210222,000000,251.56,253.259,243.632,243.718,494931.9367846721,0
CDR,D,20210223,000000,244.574,246.555,236.17,243.34,588998.2792365218,0
CDR,D,20210224,000000,243.816,247.692,241.738,243.816,361177.286996645,0
CDR,D,20210225,000000,240.795,241.738,235.227,237.589,812944.8313276883,0
CDR,D,20210226,000000,235.695,235.976,221.151,223.424,1565486.8936952956,0
CDR,D,20210301,000000,224.172,227.573,212.651,226.913,1153348.9842539956,0
CDR,D,20210302,000000,227.486,232.206,222.851,227.854,713909.8590677108,0
CDR,D,20210303,000000,228.331,231.634,214.351,215.585,885997.173876335,0
CDR,D,20210304,000000,215.585,224.269,213.409,221.909,563268.8674520252,0
CDR,D,20210305,000000,220.49,224.55,216.051,219.071,485493.9076339254,0
CDR,D,20210308,000000,221.811,224.269,219.071,219.071,431594.5161604235,0
CDR,D,20210309,000000,218.606,220.685,210.581,210.581,1081043.9433918116,0
CDR,D,20210310,000000,210.581,214.069,198.486,198.486,1338552.1641993371,0
CDR,D,20210311,000000,198.777,211.144,195.096,208.686,1270549.76941101,0
CDR,D,20210312,000000,210.581,222.006,208.025,213.884,896734.2315785278,0
CDR,D,20210315,000000,218.13,221.529,212.942,217.09,554778.8615151306,0
CDR,D,20210316,000000,220.024,222.948,213.884,216.712,443331.0641347732,0
CDR,D,20210317,000000,217.187,219.071,210.669,218.13,567221.5375293274,0
CDR,D,20210318,000000,218.13,218.791,208.404,208.404,671792.3065798641,0
CDR,D,20210319,000000,208.404,214.351,205.763,210.765,1017752.8431200683,0
CDR,D,20210322,000000,208.686,208.686,204.722,204.908,568070.74399126,0
CDR,D,20210323,000000,205.86,208.686,199.623,208.404,623998.9669028827,0
CDR,D,20210324,000000,207.181,210.008,203.12,205.004,509104.93529886054,0
CDR,D,20210325,000000,207.647,209.542,196.504,196.504,784142.8361627783,0
CDR,D,20210326,000000,198.301,204.821,197.826,200.186,462897.8103586255,0
CDR,D,20210329,000000,205.86,229.934,203.965,226.349,2208033.559067745,0
CDR,D,20210330,000000,236.073,237.589,204.722,205.763,1750494.498819057,0
CDR,D,20210331,000000,188.674,192.357,171.391,179.892,3737080.7461466887,0
CDR,D,20210401,000000,180.174,186.761,174.754,183.739,1117908.76790975,0
CDR,D,20210406,000000,187.897,189.802,183.215,186.1,778327.0585750681,0
CDR,D,20210407,000000,187.178,187.76,180.358,181.077,553211.1749193623,0
CDR,D,20210408,000000,181.097,181.097,171.955,172.81,1245670.593429475,0
CDR,D,20210409,000000,173.295,181.301,171.488,174.111,1124019.96641209,0
CDR,D,20210412,000000,175.354,177.619,173.168,176.113,414368.4917479699,0
CDR,D,20210413,000000,176.774,179.892,175.617,176.113,383201.0705836739,0
CDR,D,20210414,000000,177.998,179.698,173.937,175.413,579742.4434721464,0
CDR,D,20210415,000000,175.636,178.28,174.714,176.977,344206.5391933651,0
CDR,D,20210416,000000,179.417,181.776,165.251,166.912,1803943.0388618954,0
CDR,D,20210419,000000,168.972,174.79,167.234,167.613,725525.974125653,0
CDR,D,20210420,000000,168.554,171.109,162.628,163.366,605029.2385552888,0
CDR,D,20210421,000000,163.366,169.934,157.985,162.987,778628.655536697,0
CDR,D,20210422,000000,165.912,166.854,162.705,163.833,320089.0756747721,0
CDR,D,20210423,000000,167.117,169.031,158.169,161.608,750425.7369303853,0
CDR,D,20210426,000000,163.814,164.212,155.906,159.568,730446.2248989657,0
CDR,D,20210427,000000,156.75,163.688,156.75,158.926,650751.5438063438,0
CDR,D,20210428,000000,160.53,164.97,159.208,162.89,705578.37167038,0
CDR,D,20210429,000000,165.251,167.136,161.093,165.475,555461.3147081702,0
CDR,D,20210430,000000,165.971,169.73,164.309,164.415,508466.74377596634,0
CDR,D,20210504,000000,165.455,166.009,158.354,159.51,626713.3395575327,0
CDR,D,20210505,000000,158.644,159.034,147.59,152.506,817735.3851141044,0
CDR,D,20210506,000000,151.562,152.291,146.006,147.804,819406.0058264621,0
CDR,D,20210507,000000,148.25,152.467,147.444,152.467,476448.0574674081,0
CDR,D,20210510,000000,153.924,156.187,147.88,147.93,496047.7426085771,0
CDR,D,20210511,000000,148.222,148.328,142.663,145.666,816791.4792649016,0
CDR,D,20210512,000000,146.608,161.268,143.325,152.03,1020491.9199626959,0
CDR,D,20210513,000000,153.167,154.973,147.065,149.124,639836.4100824394,0
CDR,D,20210514,000000,150.592,157.47,146.463,155.692,651143.7227905834,0
CDR,D,20210517,000000,157.693,168.088,156.285,162.152,982120.1399777828,0
CDR,D,20210518,000000,164.776,166.816,157.927,160.53,991057.9093218611,0
CDR,D,20210519,000000,159.588,160.811,156.75,159.646,613028.2487560139,0
CDR,D,20210520,000000,159.791,166.496,159.772,165.728,721856.3728689814,0
CDR,D,20210521,000000,165.728,166.534,161.91,163.366,698341.0739324763,0
CDR,D,20210524,000000,162.415,162.415,158.733,158.85,490324.6057258072,0
CDR,D,20210525,000000,159.791,163.988,153.069,155.712,679804.6982157578,0
CDR,D,20210526,000000,155.809,158.81,152.602,152.602,415522.3831950209,0
CDR,D,20210527,000000,156.372,165.728,156.285,165.728,1177962.5902145775,0
CDR,D,20210528,000000,167.797,172.771,164.309,168.632,634075.1875765235,0
CDR,D,20210531,000000,170.012,170.012,163.483,163.93,541422.130545548,0
CDR,D,20210601,000000,151.67,153.496,148.25,149.007,1886843.088345417,0
CDR,D,20210602,000000,149.611,157.169,148.444,156.975,1284090.752449163,0
CDR,D,20210604,000000,160.122,166.319,157.208,166.319,531518.8391877892,0
CDR,D,20210607,000000,165.795,168.73,162.356,164.921,468013.63595347793,0
CDR,D,20210608,000000,164.455,167.291,163.211,166.126,430295.48760896747,0
CDR,D,20210609,000000,168.069,173.703,165.931,171.469,905653.4727816181,0
CDR,D,20210610,000000,172.051,173.178,167.66,169.04,292554.1994851615,0
CDR,D,20210611,000000,169.04,181.184,167.895,180.504,694500.6020422623,0
CDR,D,20210614,000000,180.892,182.544,177.453,181.456,418389.09834223526,0
CDR,D,20210615,000000,186.041,198.865,185.458,193.308,1619069.2480896197,0
CDR,D,20210616,000000,201.1,205.616,180.698,180.834,1574405.1055572156,0
CDR,D,20210617,000000,179.726,181.087,173.139,175.841,867940.4711429471,0
CDR,D,20210618,000000,176.812,178.619,173.898,178.619,915417.8030819811,0
CDR,D,20210621,000000,178.619,179.357,174.305,178.153,264349.22219652,0
CDR,D,20210622,000000,177.765,180.659,172.071,172.713,366909.6879499239,0
CDR,D,20210623,000000,172.051,173.626,168.108,172.926,591984.3979589839,0
CDR,D,20210624,000000,172.926,177.201,171.507,174.908,405868.1923994265,0
CDR,D,20210625,000000,174.87,178.853,173.898,174.597,526214.6441595561,0
CDR,D,20210628,000000,174.501,182.252,172.984,180.213,518893.9697872011,0
CDR,D,20210629,000000,179.726,187.731,179.726,182.991,687402.2653617543,0
CDR,D,20210630,000000,182.038,184.584,177.395,179.745,521123.52275269123,0
CDR,D,20210701,000000,179.824,185.517,179.824,183.38,375840.251905853,0
CDR,D,20210702,000000,184.274,187.305,183.418,184.778,271940.61329551716,0
CDR,D,20210705,000000,187.13,187.402,183.942,186.43,151240.06817429396,0
CDR,D,20210706,000000,186.43,187.013,181.981,181.981,450589.9780371647,0
CDR,D,20210707,000000,184.274,187.984,181.533,187.888,419479.17063699284,0
CDR,D,20210708,000000,186.528,188.373,181.494,182.136,329165.8060762661,0
CDR,D,20210709,000000,183.749,184.468,181.766,182.641,227310.4390215395,0
CDR,D,20210712,000000,184.778,196.241,184.68,196.096,1063001.6514347924,0
CDR,D,20210713,000000,196.728,200.275,195.562,197.65,429384.5206770914,0
CDR,D,20210714,000000,197.214,197.408,189.927,190.356,338765.44179006614,0
CDR,D,20210715,000000,190.393,192.025,187.616,189.363,411892.9262438252,0
CDR,D,20210716,000000,189.383,192.317,187.984,188.605,287317.94097389147,0
CDR,D,20210719,000000,188.082,188.471,179.377,180.989,523533.2104222127,0
CDR,D,20210720,000000,181.533,183.418,179.862,182.252,411328.84728487337,0
CDR,D,20210721,000000,182.641,188.704,175.258,179.221,428093.7268549745,0
CDR,D,20210722,000000,181.961,185.555,179.961,180.737,261591.6172128944,0
CDR,D,20210723,000000,182.156,183.69,180.562,180.97,225900.24162417493,0
CDR,D,20210726,000000,183.517,183.517,177.143,178.755,348681.08524182363,0
CDR,D,20210727,000000,179.163,179.513,176.054,177.998,326404.08372797084,0
CDR,D,20210728,000000,177.998,178.814,171.761,178.542,688762.025041994,0
CDR,D,20210729,000000,180.698,183.904,177.647,178.755,555860.6990805591,0
CDR,D,20210730,000000,177.453,179.533,173.547,179.473,316113.760091802,0
CDR,D,20210802,000000,178.25,178.25,169.623,170.012,853095.312847378,0
CDR,D,20210803,000000,171.955,172.323,169.138,170.517,423435.95807896485,0
CDR,D,20210804,000000,170.517,172.926,167.738,170.11,251288.94148273685,0
CDR,D,20210805,000000,170.867,174.655,169.759,173.158,299098.7506183766,0
CDR,D,20210806,000000,173.218,173.256,168.554,169.158,187129.07726687306,0
CDR,D,20210809,000000,170.012,170.245,165.795,167.097,236868.90108870383,0
CDR,D,20210810,000000,167.679,167.875,161.424,161.424,542488.527993488,0
CDR,D,20210811,000000,161.462,163.755,159.403,162.59,233130.33397391933,0
CDR,D,20210812,000000,162.239,163.289,160.043,162.104,180683.34288559775,0
CDR,D,20210813,000000,162.823,167.951,161.735,164.086,203287.67489021676,0
CDR,D,20210816,000000,164.086,165.639,160.296,160.296,287395.1415613335,0
CDR,D,20210817,000000,160.783,166.65,159.811,166.145,408395.2249618759,0
CDR,D,20210818,000000,165.29,165.543,161.754,161.851,221199.2405191997,0
CDR,D,20210819,000000,162.317,163.871,159.889,163.503,198573.29235009293,0
CDR,D,20210820,000000,163.483,163.503,159.694,161.016,424810.1285355331,0
CDR,D,20210823,000000,161.424,162.997,159.52,160.51,197015.89916598352,0
CDR,D,20210824,000000,161.482,162.123,160.315,161.054,184182.0735087069,0
CDR,D,20210825,000000,160.996,161.656,159.461,160.86,236665.09153785487,0
CDR,D,20210826,000000,160.278,166.027,158.548,163.25,473549.4327440471,0
CDR,D,20210827,000000,163.426,163.678,160.783,162.997,211654.15988719402,0
CDR,D,20210830,000000,163.094,165.038,159.714,162.842,453232.29681020224,0
CDR,D,20210831,000000,162.997,167.699,162.511,164.494,739099.8960812432,0
CDR,D,20210901,000000,166.126,168.943,164.572,165.503,451490.65155739186,0
CDR,D,20210902,000000,174.87,187.459,174.482,184.565,1666552.7560757233,0
CDR,D,20210903,000000,184.565,186.585,179.726,181.689,438712.41032307956,0
CDR,D,20210906,000000,182,183.807,179.745,182.641,307194.5188887018,0
CDR,D,20210907,000000,181.573,182.233,176.618,179.726,437191.0440797764,0
CDR,D,20210908,000000,179.726,179.726,173.218,173.411,479737.8318338389,0
CDR,D,20210909,000000,172.83,175.53,171.566,175.53,335210.0974028228,0
CDR,D,20210910,000000,175.549,178.619,174.073,176.249,316798.27196718147,0
CDR,D,20210913,000000,177.064,183.321,176.326,182.582,503716.3342950262,0
CDR,D,20210914,000000,183.613,184.351,178.988,183.398,440062.9059328303,0
CDR,D,20210915,000000,182.058,186.138,181.321,185.421,361138.17203234904,0
CDR,D,20210916,000000,185.555,190.899,185.555,190.763,615461.611272353,0
CDR,D,20210917,000000,191.385,193.735,186.8,189.441,1110942.1868984886,0
CDR,D,20210920,000000,186.644,186.78,178.755,179.163,395580.9567867573,0
CDR,D,20210921,000000,178.949,182.641,177.784,179.533,377870.11268513364,0
CDR,D,20210922,000000,180.892,187.188,180.504,184.68,456825.7268206017,0
CDR,D,20210923,000000,185.555,190.899,184.992,187.498,264537.5916298906,0
CDR,D,20210924,000000,187.245,187.305,178.774,178.774,373853.62345553783,0
CDR,D,20210927,000000,180.114,180.834,172.149,176.015,304497.64503387996,0
CDR,D,20210928,000000,175.16,179.726,173.898,178.581,237674.8752216607,0
CDR,D,20210929,000000,178.755,181.573,177.784,178.853,141640.43246048386,0
CDR,D,20210930,000000,180.795,186.332,179.221,186.332,374833.55624553683,0
CDR,D,20211001,000000,185.069,189.83,181.203,184.137,446535.4031844228,0
CDR,D,20211004,000000,182.757,182.757,177.298,178.853,435664.53113065386,0
CDR,D,20211005,000000,178.755,188.471,177.298,188.471,531744.2649031259,0
CDR,D,20211006,000000,187.207,188.256,182.641,187.634,386781.1191589047,0
CDR,D,20211007,000000,184.584,191.676,184.274,188.568,509271.6885677534,0
CDR,D,20211008,000000,188.353,191.093,187.168,189.306,260580.80418790862,0
CDR,D,20211011,000000,189.209,192.26,187.305,189.635,280257.6899165295,0
CDR,D,20211012,000000,189.598,198.962,189.598,198.089,636160.6327787786,0
CDR,D,20211013,000000,197.262,203.431,195.076,202.897,414343.78755999246,0
CDR,D,20211014,000000,202.848,205.957,193.619,194.299,594594.8071558748,0
CDR,D,20211015,000000,195.076,195.271,182.661,182.757,992158.2750282875,0
CDR,D,20211018,000000,183.418,186.041,180.795,183.67,344148.896088071,0
CDR,D,20211019,000000,183.71,191.89,183.71,191.851,312721.05160878185,0
CDR,D,20211020,000000,191.385,191.948,187.984,188.082,215183.77074529,0
CDR,D,20211021,000000,178.191,179.202,170.75,175.841,1297394.9870193414,0
CDR,D,20211022,000000,175.841,179.708,175.841,179.027,297994.26754730055,0
CDR,D,20211025,000000,180.213,182.33,179.436,181.865,229327.94770684146,0
CDR,D,20211026,000000,181.922,183.127,176.812,176.812,221606.8596209277,0
CDR,D,20211027,000000,176.638,177.919,171.178,172.946,358936.41127834615,0
CDR,D,20211028,000000,173.878,175.374,167.895,167.895,380865.49547809473,0
CDR,D,20211029,000000,169.138,172.149,167.66,168.923,394925.2664640349,0
CDR,D,20211102,000000,171.178,171.178,165.795,168.477,332671.7420875446,0
CDR,D,20211103,000000,168.866,172.266,168.069,168.652,418739.0743386592,0
CDR,D,20211104,000000,169.059,176.423,168.283,175.937,289661.75080879976,0
CDR,D,20211105,000000,176.812,177.978,172.362,173.723,212773.0537345986,0
CDR,D,20211108,000000,173.723,176.695,173.139,173.898,88210.42055866365,0
CDR,D,20211109,000000,173.315,177.647,173.158,176.521,200668.00162283692,0
CDR,D,20211110,000000,177.064,177.298,173.275,175.589,152835.54698153943,0
CDR,D,20211112,000000,177.298,181.941,176.89,179.533,314762.2351409014,0
CDR,D,20211115,000000,179.454,184.448,178.094,178.094,265436.2064677779,0
CDR,D,20211116,000000,178.755,182.019,177.181,177.784,254605.47871948485,0
CDR,D,20211117,000000,179.241,179.241,174.111,174.81,204752.42736938572,0
CDR,D,20211118,000000,174.79,176.695,172.926,176.17,186585.5851312491,0
CDR,D,20211119,000000,174.87,184.196,173.411,183.613,477514.4549153482,0
CDR,D,20211122,000000,183.613,191.87,181.281,188.937,622189.3851331092,0
CDR,D,20211123,000000,188.471,195.271,184.972,195.271,988052.2331172411,0
CDR,D,20211124,000000,194.184,195.271,181.184,181.223,572849.9750248372,0
CDR,D,20211125,000000,183.613,185.536,179.902,181.746,200582.5663060557,0
CDR,D,20211126,000000,179.726,181.475,175.937,180.232,570059.4311238949,0
CDR,D,20211129,000000,181.669,193.134,181.612,186.06,554693.4261983495,0
CDR,D,20211130,000000,174.87,181.184,170.303,179.241,1003710.5709338962,0
CDR,D,20211201,000000,178.309,180.309,173.023,179.726,464200.9562747411,0
CDR,D,20211202,000000,177.298,178.464,172.441,174.87,371731.12197130674,0
CDR,D,20211203,000000,176.405,178.347,174.79,176.287,640124.6256089098,0
CDR,D,20211206,000000,176.91,180.057,175.937,178.755,286826.94523773214,0
CDR,D,20211207,000000,179.629,184.274,178.173,180.29,375646.7357666429,0
CDR,D,20211208,000000,180.114,182.7,178.309,180.892,257292.05916264775,0
CDR,D,20211209,000000,178.755,181.437,173.489,175.006,328432.9151660917,0
CDR,D,20211210,000000,174.655,176.133,172.984,173.45,151710.47708713546,0
CDR,D,20211213,000000,173.567,178.347,173.567,177.415,274479.9979519654,0
CDR,D,20211214,000000,177.415,179.008,167.991,167.991,460668.2573931454,0
CDR,D,20211215,000000,168.263,176.386,168.011,173.898,381667.35224638204,0
CDR,D,20211216,000000,178.27,181.903,175.841,178.716,477974.5704165408,0
CDR,D,20211217,000000,177.512,183.67,176.91,183.573,774745.9806586774,0
CDR,D,20211220,000000,178.988,187.537,178.814,187.537,420726.73213015427,0
CDR,D,20211221,000000,185.555,187.498,181.689,185.906,227033.5462479081,0
CDR,D,20211222,000000,185.944,192.2,185.555,192.2,344169.4829113889,0
CDR,D,20211223,000000,192.2,192.22,185.769,189.034,230924.45585525682,0
CDR,D,20211227,000000,185.73,191.637,182.836,189.714,309868.747237886,0
CDR,D,20211228,000000,188.471,189.635,184.196,185.069,267638.99656294077,0
CDR,D,20211229,000000,184.099,187.984,183.146,184.7,167459.39692642138,0
CDR,D,20211230,000000,183.807,187.402,183.807,187.402,167594.24061915747,0
CDR,D,20220103,000000,187.382,196.145,186.876,194.881,669881.8493758311,0
CDR,D,20220104,000000,195.173,196.048,192.065,192.803,528921.811426047,0
CDR,D,20220105,000000,192.357,198.185,191.579,198.185,359128.89807638625,0
CDR,D,20220107,000000,194.688,195.806,190.296,192.977,546224.0070847828,0
CDR,D,20220110,000000,192.939,193.969,182.739,182.739,415174.4658809268,0
CDR,D,20220111,000000,184.099,187.596,182.836,183.185,353619.8641561344,0
CDR,D,20220112,000000,183.904,191.053,180.698,190.413,539365.5068959502,0
CDR,D,20220113,000000,187.498,192.123,186.528,187.518,303088.4769776652,0
CDR,D,20220114,000000,187.459,189.772,184.292,185.555,264232.906644762,0
CDR,D,20220117,000000,186.041,186.352,183.321,185.555,117164.75821613787,0
CDR,D,20220118,000000,184.584,202.169,181.145,188.471,1512092.9087342815,0
CDR,D,20220119,000000,186.528,186.896,181.669,182.389,557706.3077911388,0
CDR,D,20220120,000000,183.904,186.876,182.136,184.584,406188.31750203343,0
CDR,D,20220121,000000,183.613,185.555,178.91,180.698,388155.28961547307,0
CDR,D,20220124,000000,179.726,182.156,170.982,172.926,507184.18468316866,0
CDR,D,20220125,000000,172.926,175.725,167.486,167.895,530417.4441402028,0
CDR,D,20220126,000000,168.554,172.149,167.117,168.186,325398.4174088246,0
CDR,D,20220127,000000,167.059,170.71,163.755,170.399,277831.5327883497,0
CDR,D,20220128,000000,170.012,171.857,161.365,161.482,488256.65932337043,0
CDR,D,20220131,000000,164.377,174.927,161.754,174.927,539691.8080455564,0
CDR,D,20220201,000000,176.113,180.6,172.751,175.782,914238.1781057828,0
CDR,D,20220202,000000,176.812,181.281,175.782,180.543,383873.2303650446,0
CDR,D,20220203,000000,178.017,180.543,177.258,179.726,115831.7614062053,0
CDR,D,20220204,000000,177.784,182,172.81,172.81,370936.4705911887,0
CDR,D,20220207,000000,172.946,176.152,170.982,174.442,418972.73478333507,0
CDR,D,20220208,000000,174.15,174.87,168.458,173.373,509571.2268470425,0
CDR,D,20220209,000000,174.675,178.366,172.867,178.366,374633.86405933736,0
CDR,D,20220210,000000,178.562,178.755,173.082,176.306,203620.15208682246,0
CDR,D,20220211,000000,175.607,175.607,171.761,172.946,249681.1105814926,0
CDR,D,20220214,000000,168.73,175.627,167.971,173.703,480131.0401592384,0
CDR,D,20220215,000000,174.87,182.019,174.305,175.705,640543.5674634565,0
CDR,D,20220216,000000,182.156,182.641,175.062,176.618,344025.37514815375,0
CDR,D,20220217,000000,176.812,178.562,173.509,174.87,356215.8625766967,0
CDR,D,20220218,000000,174.87,177.123,169.818,169.818,282204.1740613688,0
CDR,D,20220221,000000,171.527,172.149,163.58,164.183,331853.4158605989,0
CDR,D,20220222,000000,161.268,166.223,154.663,166.223,415275.3413151864,0
CDR,D,20220223,000000,170.73,174.773,164.183,164.572,430564.1456532898,0
CDR,D,20220224,000000,155.44,159.326,145.92,155.303,785558.1802659824,0
CDR,D,20220225,000000,159.637,162.705,155.652,159.714,439587.3503141493,0
CDR,D,20220228,000000,156.819,165.155,154.506,163.599,672641.5130417965,0
CDR,D,20220301,000000,165.155,167.059,162.162,163.503,615002.5251123302,0
CDR,D,20220302,000000,162.239,170.012,161.249,167.603,598927.3041234381,0
CDR,D,20220303,000000,166.611,167.097,158.354,158.354,447135.50908419094,0
CDR,D,20220304,000000,158.354,161.152,155.012,156.683,321739.1095638219,0
CDR,D,20220307,000000,153.496,158.82,150.582,158.237,595599.4441338612,0
CDR,D,20220308,000000,157.382,160.18,151.553,153.457,450046.4859015408,0
CDR,D,20220309,000000,155.829,159.811,155.594,157.441,361546.8204752369,0
CDR,D,20220310,000000,158.082,159.694,153.496,153.496,307352.0080871055,0
CDR,D,20220311,000000,155.77,160.568,154.001,158.859,353534.4288393532,0
CDR,D,20220314,000000,158.976,161.947,155.944,158.062,308915.57731820433,0
CDR,D,20220315,000000,158.354,164.572,157.13,162.162,367107.32145378354,0
CDR,D,20220316,000000,164.183,167.447,161.327,165.446,533255.3377347701,0
CDR,D,20220317,000000,166.611,168.943,163.988,168.069,399425.5460416408,0
CDR,D,20220318,000000,168.826,169.41,163.406,165.27,523940.8295239407,0
CDR,D,20220321,000000,163.755,167.875,163.406,166.436,188524.86388792912,0
CDR,D,20220322,000000,181.612,181.806,166.786,169.215,1141265.5483066514,0
CDR,D,20220323,000000,169.895,176.229,169.331,172.886,506318.5087625979,0
CDR,D,20220324,000000,172.926,172.946,169.04,170.963,244837.03105445215,0
CDR,D,20220325,000000,171.08,173.839,169.04,170.439,225656.28776783007,0
CDR,D,20220328,000000,170.127,173.761,168.826,171.371,213123.02973103253,0
CDR,D,20220329,000000,172.188,174.501,169.527,173.218,282987.50268867804,0
CDR,D,20220330,000000,173.218,177.589,172.731,176.442,292692.13120140735,0
CDR,D,20220331,000000,175.354,176.831,168.787,168.787,461485.5542789211,0
CDR,D,20220401,000000,169.04,171.663,168.166,170.75,234273.9320093014,0
CDR,D,20220404,000000,170.012,170.886,167.194,169.158,195330.86767729727,0
CDR,D,20220405,000000,170.012,174.79,169.507,171.274,345278.0833471346,0
CDR,D,20220406,000000,173.003,173.003,168.671,170.11,192766.77883287167,0
CDR,D,20220407,000000,171.566,172.286,168.749,169.04,244091.78805029902,0
CDR,D,20220408,000000,170.982,170.982,165.639,166.009,206682.44205557668,0
CDR,D,20220411,000000,165.251,170.886,164.086,170.77,244831.88434862267,0
CDR,D,20220412,000000,169.779,169.915,163.891,163.988,260471.6940243299,0
CDR,D,20220413,000000,165.155,166.436,163.386,165.038,128028.42488174759,0
CDR,D,20220414,000000,163.036,165.407,158.314,162.239,481056.41786744294,0
CDR,D,20220419,000000,162.239,163.172,145.53,145.628,1719748.0781916275,0
CDR,D,20220420,000000,145.724,148.056,133.522,133.522,1265706.719225059,0
CDR,D,20220421,000000,134.066,135.757,124.157,124.974,1445719.9610116158,0
CDR,D,20220422,000000,125.323,128.334,122.04,123.963,1101778.9918390133,0
CDR,D,20220425,000000,123.38,127.557,122.117,126.995,949970.7273411481,0
CDR,D,20220426,000000,128.178,129.403,123.166,124.313,586303.4640640197,0
CDR,D,20220427,000000,124.351,127.189,121.437,125.439,662328.54389997,0
CDR,D,20220428,000000,126.294,126.975,118.853,119.959,660381.0304139608,0
CDR,D,20220429,000000,120.622,123.283,116.327,117.531,661468.0146852287,0
CDR,D,20220502,000000,116.404,117.765,112.207,116.016,400657.66741729376,0
CDR,D,20220504,000000,116.579,120.154,111.935,119.552,770390.8381854665,0
CDR,D,20220505,000000,121.146,121.845,115.51,116.074,429483.33742903126,0
CDR,D,20220506,000000,113.666,115.084,111.1,114.383,511677.2588726153,0
CDR,D,20220509,000000,114.383,114.636,110.887,111.78,306350.45913261885,0
CDR,D,20220510,000000,114.015,114.831,110.051,113.18,309314.9616906032,0
CDR,D,20220511,000000,114.111,117.998,112.479,117.629,419998.9879258093,0
CDR,D,20220512,000000,113.782,116.113,110.382,113.296,399850.663943177,0
CDR,D,20220513,000000,114.035,118.25,112.946,117.24,337758.74612975,0
CDR,D,20220516,000000,117.066,117.94,113.548,113.548,240046.4772680562,0
CDR,D,20220517,000000,115.103,121.825,114.055,120.602,564473.196616211,0
CDR,D,20220518,000000,121.242,121.398,115.434,115.706,442292.4588983103,0
CDR,D,20220519,000000,113.859,114.675,111.47,113.548,696592.2232914967,0
CDR,D,20220520,000000,113.666,118.212,113.314,114.986,400850.15421533387,0
CDR,D,20220523,000000,116.579,118.387,112.227,113.296,285789.36934243917,0
CDR,D,20220524,000000,112.344,113.471,107.661,107.836,581813.4778980728,0
CDR,D,20220525,000000,107.836,108.205,102.862,104.922,494473.87996581936,0
CDR,D,20220526,000000,105.407,108.419,103.581,107.468,389692.09597626457,0
CDR,D,20220527,000000,108.867,111.47,104.145,109.08,613660.2642319187,0
CDR,D,20220530,000000,110.751,114.618,109.798,109.876,351882.33626797353,0
CDR,D,20220531,000000,109.876,109.935,105.388,105.564,1218218.0645332062,0
CDR,D,20220601,000000,106.184,107.468,105.115,105.272,297227.40837865963,0
CDR,D,20220602,000000,105.951,105.951,103.424,104.863,253402.17889646892,0
CDR,D,20220603,000000,105.796,106.573,101.035,101.229,267725.4612208919,0
CDR,D,20220606,000000,101.619,105.64,100.628,103.853,283965.3767963472,0
CDR,D,20220607,000000,103.424,103.833,100.569,102.182,402028.74985037243,0
CDR,D,20220608,000000,101.307,102.842,100.084,100.433,356000.7302730088,0
CDR,D,20220609,000000,100.549,100.549,90.4947,91.2719,1136544.989719478,0
CDR,D,20220610,000000,90.5919,93.1664,87.1042,90.9611,976457.7342237966,0
CDR,D,20220613,000000,88.9889,90.1353,85.783,85.9093,611808.4794743396,0
CDR,D,20220614,000000,85.9774,89.7662,83.8984,88.7947,621251.6553309158,0
CDR,D,20220615,000000,88.8917,89.2805,87.3471,89.193,425949.6092062556,0
CDR,D,20220617,000000,87.7843,90.6988,87.4346,87.9494,873999.1732458223,0
CDR,D,20220620,000000,88.0174,90.8542,88.0174,89.8632,222322.25173127392,0
CDR,D,20220621,000000,90.5336,91.0291,88.1729,88.7655,293009.1682805246,0
CDR,D,20220622,000000,87.6192,89.0957,85.8511,88.3574,254218.44644107475,0
CDR,D,20220623,000000,87.4346,89.0861,86.5118,88.0854,212857.45971020992,0
CDR,D,20220624,000000,88.8917,91.9618,88.1049,91.7189,232694.9226607243,0
CDR,D,20220627,000000,92.0007,92.7777,90.4267,92.2726,333808.1347347673,0
CDR,D,20220628,000000,92.6806,95.0607,92.2921,94.6236,299945.89839796926,0
CDR,D,20220629,000000,93.7493,95.5466,91.5246,95.5466,321748.373634311,0
CDR,D,20220630,000000,94.2351,98.2182,92.6904,92.9527,590731.6897600031,0
CDR,D,20220701,000000,92.6806,95.4786,90.8931,95.1676,318782.8417351568,0
CDR,D,20220704,000000,96.0903,96.0903,92.3703,93.5384,264016.4108405749,0
CDR,D,20220705,000000,94.991,94.991,87.237,90.1326,379675.3967592862,0
CDR,D,20220706,000000,89.9067,97.2485,89.7595,95.6486,499797.8917847778,0
CDR,D,20220707,000000,96.0805,102,95.6977,101.862,457762.8635430064,0
CDR,D,20220708,000000,101.882,102.961,98.6422,101.882,319710.938419141,0
CDR,D,20220711,000000,102.077,104.06,100.723,102.568,441201.72669512,0
CDR,D,20220712,000000,102.568,102.568,99.0348,100.134,428702.6785960794,0
CDR,D,20220713,000000,100.134,100.625,94.4315,95.845,222720.03681071295,0
CDR,D,20220714,000000,95.845,97.0915,92.0759,93.0673,283341.6426911272,0
CDR,D,20220715,000000,93.2439,95.7665,91.2809,91.5949,343012.67701329663,0
CDR,D,20220718,000000,93.2439,93.7935,89.5731,92.0759,354301.35103818576,0
CDR,D,20220719,000000,92.066,92.2624,89.0429,92.2526,288746.5538555653,0
CDR,D,20220720,000000,93.8426,94.0193,90.1031,92.655,357264.1185530179,0
CDR,D,20220721,000000,93.2439,93.5384,89.9852,90.8392,427857.0468776142,0
CDR,D,20220722,000000,91.2809,96.9737,90.9864,96.689,400093.83684347424,0
CDR,D,20220725,000000,95.2069,95.2069,88.4345,88.4345,544818.1018760976,0
CDR,D,20220726,000000,88.0713,88.9253,85.1955,87.9732,480098.74807799223,0
CDR,D,20220727,000000,89.5141,89.5141,84.901,87.2959,372742.2355012287,0
CDR,D,20220728,000000,90.0834,90.1914,86.442,86.8641,246268.3330866462,0
CDR,D,20220729,000000,88.2382,89.1314,87.1585,89.1314,331017.9514451542,0
CDR,D,20220801,000000,87.6492,89.465,85.7844,88.6995,231761.1643645803,0
CDR,D,20220802,000000,88.3363,88.4836,84.8029,84.901,305705.03572779417,0
CDR,D,20220803,000000,84.9796,87.5413,84.9501,86.0788,257157.62442039687,0
CDR,D,20220804,000000,86.8641,91.8207,86.0788,90.7704,447506.2677480126,0
CDR,D,20220805,000000,90.7902,93.1359,90.319,90.9471,434507.99128505896,0
CDR,D,20220808,000000,91.7717,91.7717,88.4443,90.0049,338063.1843767523,0
CDR,D,20220809,000000,90.27,91.4183,86.8248,86.8641,239776.3266889304,0
CDR,D,20220810,000000,87.8456,91.0356,85.9807,90.2994,286838.2789053346,0
CDR,D,20220811,000000,90.2994,94.1272,89.7693,93.8426,347236.76027207053,0
CDR,D,20220812,000000,94.618,94.618,91.4674,92.2624,290597.7741356376,0
CDR,D,20220816,000000,93.7052,94.9027,90.1128,90.8392,301395.3704637778,0
CDR,D,20220817,000000,90.8392,92.1544,90.0049,91.7717,291759.24420679477,0
CDR,D,20220818,000000,91.7717,92.7531,89.1215,90.3975,190238.60932087104,0
CDR,D,20220819,000000,89.2883,89.7105,87.2861,87.2861,477563.89058937266,0
CDR,D,20220822,000000,86.7659,87.2861,84.1159,84.4692,505466.6807987245,0
CDR,D,20220823,000000,84.4692,84.8618,82.3491,82.4473,377020.3169299719,0
CDR,D,20220824,000000,82.4473,83.3798,81.0535,82.457,367083.63482124207,0
CDR,D,20220825,000000,83.2324,84.155,80.6315,81.3087,213073.72221976987,0
CDR,D,20220826,000000,81.3676,84.2728,80.4842,82.4473,461042.4882439235,0
CDR,D,20220829,000000,80.7983,81.3971,79.3555,81.0044,207825.71139827473,0
CDR,D,20220830,000000,81.3283,82.1234,79.9934,80.3959,374061.6247487218,0
CDR,D,20220831,000000,80.4941,84.4102,80.4842,82.565,581148.681935077,0
CDR,D,20220901,000000,82.4473,82.4473,79.7972,79.9934,376206.26904676994,0
CDR,D,20220902,000000,80.4057,80.975,78.6389,80.4842,381541.8995403036,0
CDR,D,20220905,000000,80.5333,81.8289,79.5027,80.1505,368025.0368789098,0
CDR,D,20220906,000000,80.6805,80.8669,76.9703,77.1177,423718.5456240829,0
CDR,D,20220907,000000,79.5027,82.6435,75.3902,76.4502,718238.8283333546,0
CDR,D,20220908,000000,79.5027,82.8791,77.5691,80.5922,978043.3819159016,0
CDR,D,20220909,000000,83.1344,86.177,81.4657,86.177,621526.0682419674,0
CDR,D,20220912,000000,86.3734,86.5795,81.0928,83.0755,647174.1801465263,0
CDR,D,20220913,000000,83.8214,87.8259,83.4385,84.5673,872093.8782586697,0
CDR,D,20220914,000000,84.3121,88.9743,83.4385,88.7681,665043.4990745528,0
CDR,D,20220915,000000,88.9253,90.8882,86.8641,90.0049,1054622.9752738825,0
CDR,D,20220916,000000,88.1989,89.2589,84.9109,87.129,2873823.3593865996,0
CDR,D,20220919,000000,93.3421,95.6583,86.2751,87.2664,1668669.7875577114,0
CDR,D,20220920,000000,88.14,88.9743,86.1967,87.6394,554552.0361390691,0
CDR,D,20220921,000000,86.7855,88.5621,85.117,86.2947,411244.9683599375,0
CDR,D,20220922,000000,85.0973,89.8085,84.4594,86.8542,958287.1835389577,0
CDR,D,20220923,000000,88.3363,91.8991,86.8641,88.8173,1585619.5833032574,0
CDR,D,20220926,000000,93.2144,102.077,89.4257,100.782,1503606.5514458043,0
CDR,D,20220927,000000,100.428,105.003,98.1711,102.137,1669806.805627346,0
CDR,D,20220928,000000,101.096,104.531,98.8386,103.805,853641.7866282738,0
CDR,D,20220929,000000,105.023,106.494,96.0119,96.797,923248.4842257801,0
CDR,D,20220930,000000,96.797,100.076,95.2069,98.3479,714206.2857529859,0
CDR,D,20221003,000000,98.1515,103.962,94.8143,103.393,1036101.6029726123,0
CDR,D,20221004,000000,105.023,107.476,103.766,106.397,944067.3258344997,0
CDR,D,20221005,000000,116.152,121.041,107.496,108.222,2713453.888728902,0
CDR,D,20221006,000000,110.892,110.911,106.592,109.478,842928.7534719831,0
CDR,D,20221007,000000,108.948,114.073,107.004,114.073,801219.7519168437,0
CDR,D,20221010,000000,112.776,113.993,110.911,112.56,749923.5281077255,0
CDR,D,20221011,000000,112.384,118.567,110.302,118.567,994923.413616659,0
CDR,D,20221012,000000,118.567,118.567,111.893,112.678,690296.3036215653,0
CDR,D,20221013,000000,111.893,114.739,109.223,109.988,663440.874143044,0
CDR,D,20221014,000000,112.874,115.053,110.931,111.657,507591.96726225555,0
CDR,D,20221017,000000,112.384,115.799,111.265,115.779,388655.39430941315,0
CDR,D,20221018,000000,116.996,123.553,116.152,118.98,968495.8941643501,0
CDR,D,20221019,000000,120.393,121.059,116.526,116.526,649337.1634456986,0
CDR,D,20221020,000000,117.781,118.253,114.778,116.722,693690.0376628092,0
CDR,D,20221021,000000,115.799,120.04,115.034,116.407,497025.6461149478,0
CDR,D,20221024,000000,117.781,122.553,117.291,118.764,650938.7695438245,0
CDR,D,20221025,000000,118.272,118.842,115.367,116.074,661611.0493642847,0
CDR,D,20221026,000000,116.074,121.119,115.132,120.196,635946.6361253876,0
CDR,D,20221027,000000,120.196,120.196,116.309,117.881,420380.84741961444,0
CDR,D,20221028,000000,117.291,122.395,116.349,121.708,614799.7301632401,0
CDR,D,20221031,000000,121.708,126.223,120.431,124.75,451672.2775032251,0
CDR,D,20221102,000000,125.143,133.977,123.848,133.702,935740.4004910495,0
CDR,D,20221103,000000,130.542,132.976,127.891,131.758,515351.40240427107,0
CDR,D,20221104,000000,132.504,137.413,131.444,136.608,368413.2124026952,0
CDR,D,20221107,000000,137.393,139.787,130.562,133.761,442662.73378462094,0
CDR,D,20221108,000000,133.487,134.605,129.501,133.565,439652.08110018744,0
CDR,D,20221109,000000,133.192,134.526,131.072,133.8,197789.1836167603,0
CDR,D,20221110,000000,133.387,140.356,132.426,138.197,401372.472755137,0
CDR,D,20221114,000000,138.394,146.225,138.394,142.87,729281.9635098692,0
CDR,D,20221115,000000,146.245,146.834,140.906,144.774,437702.0339807235,0
CDR,D,20221116,000000,142.81,147.443,142.32,142.497,516823.6166611251,0
CDR,D,20221117,000000,144.341,146.128,140.553,144.126,292631.3655935582,0
CDR,D,20221118,000000,144.616,150.662,142.222,142.32,430162.66685218737,0
CDR,D,20221121,000000,142.025,143.203,132.543,136.705,498997.0887357249,0
CDR,D,20221122,000000,137.413,141.181,134.605,135.391,384190.8663692498,0
CDR,D,20221123,000000,136.234,139.356,134.644,136.038,241108.96077057256,0
CDR,D,20221124,000000,137.413,140.731,137.413,138.767,255288.06513920042,0
CDR,D,20221125,000000,138.394,141.927,137.413,137.413,383614.2066672483,0
CDR,D,20221128,000000,137.413,138.354,134.801,135.959,370462.0863615407,0
CDR,D,20221129,000000,139.394,139.983,126.106,129.05,1304288.0989019617,0
CDR,D,20221130,000000,129.05,131.838,126.341,128.559,769816.2501597024,0
CDR,D,20221201,000000,130.542,132.013,121.119,121.296,1009653.7068523531,0
CDR,D,20221202,000000,121.708,127.106,119,124.967,613303.063904884,0
CDR,D,20221205,000000,126.301,130.384,125.143,125.437,470396.39765028376,0
CDR,D,20221206,000000,125.633,129.069,123.357,128.343,396955.82998457504,0
CDR,D,20221207,000000,128.343,128.343,125.712,126.125,294791.29239254136,0
CDR,D,20221208,000000,126.616,127.401,122.788,124.142,272809.9618792717,0
CDR,D,20221209,000000,125.143,129.756,124.162,128.951,270098.8462131921,0
CDR,D,20221212,000000,129.56,134.173,127.597,132.033,255114.86346191933,0
CDR,D,20221213,000000,132.976,137.215,131.327,134.487,315823.07018096914,0
CDR,D,20221214,000000,134.566,140.356,133.86,139.964,415177.6652675316,0
CDR,D,20221215,000000,138.394,138.394,127.499,127.499,931806.6847500625,0
CDR,D,20221216,000000,126.91,132.211,124.319,130.189,903684.8453606243,0
CDR,D,20221219,000000,130.542,131.111,125.831,126.361,291805.0917096,0
CDR,D,20221220,000000,124.849,127.126,124.319,125.633,203316.35478869916,0
CDR,D,20221221,000000,125.633,128.323,125.457,127.695,218340.07204239917,0
CDR,D,20221222,000000,127.597,128.225,124.476,124.75,195411.2264710837,0
CDR,D,20221223,000000,124.849,128.088,123.494,126.91,191853.46025313594,0
CDR,D,20221227,000000,127.597,127.597,124.495,124.692,148095.58473915097,0
CDR,D,20221228,000000,124.652,126.576,123.2,123.357,245935.17456623312,0
CDR,D,20221229,000000,123.671,126.91,123.671,126.478,159544.21560717208,0
CDR,D,20221230,000000,125.633,127.97,125.633,127.244,159002.19624063274,0
CDR,D,20230102,000000,126.616,129.305,126.281,126.949,157064.37512191487,0
CDR,D,20230103,000000,127.597,129.639,125.831,126.616,450768.5722811986,0
CDR,D,20230104,000000,128.185,128.185,124.357,125.143,456918.25065793423,0
CDR,D,20230105,000000,124.849,131.641,124.75,130.109,563795.9115386948,0
CDR,D,20230109,000000,130.149,133.487,128.873,131.268,515542.9430826662,0
CDR,D,20230110,000000,129.815,136.077,129.069,135.606,347062.5397613965,0
CDR,D,20230111,000000,135.783,136.803,131.818,133.25,468922.1457266337,0
CDR,D,20230112,000000,133.192,133.29,126.281,127.538,861480.6907751638,0
CDR,D,20230113,000000,127.793,131.719,127.675,129.697,294975.7012371655,0
CDR,D,20230116,000000,130.542,130.934,126.439,126.439,285781.74867393717,0
CDR,D,20230117,000000,126.616,128.735,124.849,127.008,251060.92538023752,0
CDR,D,20230118,000000,126.831,132.308,126.831,130.817,333277.723916922,0
CDR,D,20230119,000000,128.755,132.013,127.715,130.051,304633.2229954616,0
CDR,D,20230120,000000,130.444,132.112,129.168,130.07,195354.17180092537,0
CDR,D,20230123,000000,130.089,133.467,130.089,133.192,263762.7213250363,0
CDR,D,20230124,000000,133.192,134.762,130.444,131.444,230113.7107636592,0
CDR,D,20230125,000000,130.542,130.914,128.578,129.089,134059.11704592398,0
CDR,D,20230126,000000,130.894,133.093,130.089,132.171,145110.40288960267,0
CDR,D,20230127,000000,132.504,133.898,130.934,131.425,126248.74023411814,0
CDR,D,20230130,000000,131.032,131.523,128.775,130.345,327908.47192132915,0
CDR,D,20230131,000000,131.758,137.726,130.542,136.745,687168.4850966162,0
CDR,D,20230201,000000,136.921,139.218,134.644,135.724,359846.8612112388,0
CDR,D,20230202,000000,138.884,145.421,137.55,143.085,585519.4772028339,0
CDR,D,20230203,000000,144.264,145.794,141.887,144.086,480813.96912180254,0
CDR,D,20230206,000000,142.909,143.242,138.707,139.924,268495.20244828024,0
CDR,D,20230207,000000,139.356,139.356,133.505,138.669,330322.0882358609,0
CDR,D,20230208,000000,139.924,142.712,138.904,139.082,188590.1368865469,0
CDR,D,20230209,000000,140.356,141.005,138.492,138.864,146413.49080276763,0
CDR,D,20230210,000000,138.079,138.492,133.662,136.077,810925.1588447412,0
CDR,D,20230213,000000,137.02,137.785,134.467,136.333,340698.90637154947,0
CDR,D,20230214,000000,137.903,140.356,131.327,131.758,291564.64702820056,0
CDR,D,20230215,000000,131.228,135.94,130.836,135.841,129263.46825214363,0
CDR,D,20230216,000000,136.588,138.04,134.271,136.94,147883.66739283566,0
CDR,D,20230217,000000,136.43,136.765,133.31,133.31,205752.38543792706,0
CDR,D,20230220,000000,133.722,135.194,132.603,133.82,93354.68521900072,0
CDR,D,20230221,000000,133.487,133.487,128.795,128.795,359155.0733355275,0
CDR,D,20230222,000000,128.775,130.109,126.772,129.501,191219.74588097603,0
CDR,D,20230223,000000,129.619,133.349,129.619,132.013,183942.2189351525,0
CDR,D,20230224,000000,131.661,131.661,127.066,127.126,173762.03564483413,0
CDR,D,20230227,000000,127.597,130.58,126.989,129.678,135905.2431590213,0
CDR,D,20230228,000000,129.678,131.366,128.285,129.952,211490.4551227782,0
CDR,D,20230301,000000,131.386,133.093,129.462,129.815,207776.80739528043,0
CDR,D,20230302,000000,129.56,129.854,127.027,128.382,205742.19710396696,0
CDR,D,20230303,000000,129.56,131.072,127.302,128.245,239591.9178443063,0
CDR,D,20230306,000000,129.56,130.051,127.793,129.756,180742.06323909987,0
CDR,D,20230307,000000,130.051,132.308,128.971,130.993,172332.61239059636,0
CDR,D,20230308,000000,132.191,132.191,129.03,129.815,177972.87406945892,0
CDR,D,20230309,000000,129.56,131.307,129.03,129.737,136652.04803810487,0
CDR,D,20230310,000000,128.48,128.775,125.261,126.321,191254.38621642822,0
CDR,D,20230313,000000,126.341,127.636,118.567,124.732,420171.98657348816,0
CDR,D,20230314,000000,124.692,129.952,124.652,127.597,420206.6269089404,0
CDR,D,20230315,000000,127.597,130.109,126.439,126.969,262047.0058865938,0
CDR,D,20230316,000000,129.069,132.897,127.597,132.897,372752.4238351788,0
CDR,D,20230317,000000,132.701,133.78,127.872,128.578,540338.2914349891,0
CDR,D,20230320,000000,127.597,129.834,126.439,128.303,195845.24949767438,0
CDR,D,20230321,000000,123.18,125.34,112.776,114.308,1307902.9197900677,0
CDR,D,20230322,000000,113.306,114.248,110.245,110.695,808599.1622022479,0
CDR,D,20230323,000000,110.145,111.107,107.202,107.967,902313.495609948,0
CDR,D,20230324,000000,107.967,111.107,107.496,108.556,647829.2900199994,0
CDR,D,20230327,000000,109.438,112.246,108.477,111.951,362183.04618769203,0
CDR,D,20230328,000000,112.639,112.659,106.887,106.984,604417.8178605664,0
CDR,D,20230329,000000,107.967,108.791,103.569,108.143,479269.41769385507,0
CDR,D,20230330,000000,108.183,112.579,107.712,111.186,765937.5514220877,0
CDR,D,20230331,000000,117.781,122.1,109.163,109.163,1605215.8248370995,0
CDR,D,20230403,000000,108.888,108.948,104.473,106.063,614984.1390078743,0
CDR,D,20230404,000000,107.574,108.064,105.945,106.435,297628.7433996937,0
CDR,D,20230405,000000,107.084,107.084,105.023,105.847,206162.9752964186,0
CDR,D,20230406,000000,105.808,106.652,104.041,104.236,251395.10273404355,0
CDR,D,20230411,000000,105.316,105.885,102,103.687,452426.21421607974,0
CDR,D,20230412,000000,103.649,108.241,103.354,106.829,407944.9669911103,0
CDR,D,20230413,000000,106.829,108.143,106.494,107.967,290996.1379933731,0
CDR,D,20230414,000000,108.851,110.735,108.359,108.693,286910.6160764281,0
CDR,D,20230417,000000,109.733,111.107,108.104,108.888,336892.5448050382,0
CDR,D,20230418,000000,109.695,109.871,107.496,107.672,351874.4898895149,0
CDR,D,20230419,000000,107.358,107.967,105.847,107.182,237056.04152228375,0
CDR,D,20230420,000000,107.623,108.556,106.494,107.623,224291.07790695858,0
CDR,D,20230421,000000,106.984,109.832,106.445,108.751,220584.5620132319,0
CDR,D,20230424,000000,109.341,109.685,107.574,108.261,146370.6998001514,0
CDR,D,20230425,000000,108.458,110.175,108.064,108.948,174885.80888034002,0
CDR,D,20230426,000000,109.145,110.715,108.458,109.881,224778.08027012556,0
CDR,D,20230427,000000,109.537,112.384,108.851,111.893,239407.50899967217,0
CDR,D,20230428,000000,111.991,113.07,111.01,111.206,282846.4896607862,0
CDR,D,20230502,000000,111.991,114.15,109.537,109.685,312787.96549503354,0
CDR,D,20230504,000000,109.832,111.156,109.438,109.93,266476.8934913049,0
CDR,D,20230505,000000,110.126,111.599,110.077,110.812,174109.45783277927,0
CDR,D,20230508,000000,111.352,111.893,109.145,109.733,190087.82197830614,0
CDR,D,20230509,000000,110.126,110.322,108.506,109.782,101009.18052125459,0
CDR,D,20230510,000000,110.42,111.647,109.292,110.911,233508.46363829603,0
CDR,D,20230511,000000,112.384,117.389,111.304,114.543,573935.3414931828,0
CDR,D,20230512,000000,114.837,117.046,112.726,112.726,347054.38909423247,0
CDR,D,20230515,000000,114.248,114.543,112.04,112.286,221904.97009411798,0
CDR,D,20230516,000000,112.286,112.384,109.145,109.145,440815.5888381306,0
CDR,D,20230517,000000,109.145,110.175,106.544,107.132,334448.3634886362,0
CDR,D,20230518,000000,107.967,109.832,106.544,107.476,172047.33903979466,0
CDR,D,20230519,000000,108.751,112.236,108.605,111.599,481466.02249508654,0
CDR,D,20230522,000000,111.893,116.113,110.96,115.867,476539.9630266414,0
CDR,D,20230523,000000,115.819,119.057,114.298,118.764,587054.8591302242,0
CDR,D,20230524,000000,117.978,117.978,112.236,112.236,547983.6172366879,0
CDR,D,20230525,000000,112.874,113.365,111.107,112.089,222732.26281146903,0
CDR,D,20230526,000000,113.66,116.702,112.825,116.702,386786.85386160976,0
CDR,D,20230529,000000,118.812,122.983,117.291,122.69,837583.9534778924,0
CDR,D,20230530,000000,122.788,123.083,118.027,121.169,603442.7943008395,0
CDR,D,20230531,000000,120.235,120.235,117.634,118.96,581955.597984508,0
CDR,D,20230601,000000,119.352,121.904,118.862,121.708,232606.7960830555,0
CDR,D,20230602,000000,122.69,127.302,121.511,126.076,483281.5836063036,0
CDR,D,20230605,000000,127.548,129.069,125.683,128.285,488040.5543978458,0
CDR,D,20230606,000000,127.99,131.032,126.223,130.149,735416.3593856698,0
CDR,D,20230607,000000,130.345,130.542,127.695,128.578,307655.08284725813,0
CDR,D,20230609,000000,129.56,129.952,126.125,126.959,543388.6786218598,0
CDR,D,20230612,000000,131.559,141.945,131.509,139.868,1601491.0917123652,0
CDR,D,20230613,000000,141.203,141.55,137.098,138.78,445106.09635378193,0
CDR,D,20230614,000000,138.928,158.266,138.78,157.276,1367588.03117124,0
CDR,D,20230615,000000,158.167,166.574,153.568,166.427,1444012.3239198865,0
CDR,D,20230616,000000,166.427,171.125,158.068,168.158,1633876.0829011772,0
CDR,D,20230619,000000,167.168,173.945,163.212,164.003,593585.3264187749,0
CDR,D,20230620,000000,163.954,164.102,153.864,154.359,813844.5135415528,0
CDR,D,20230621,000000,154.309,158.761,151.441,153.122,586391.3575950412,0
CDR,D,20230622,000000,152.38,156.485,151.539,153.913,323645.69860795164,0
CDR,D,20230623,000000,152.183,154.705,150.352,150.352,349158.2052459343,0
CDR,D,20230626,000000,149.561,151.886,148.671,150.451,430872.83510175144,0
CDR,D,20230627,000000,151.045,151.342,144.764,145.703,453945.90290166356,0
CDR,D,20230628,000000,146.396,153.369,146.05,149.215,460111.72862622543,0
CDR,D,20230629,000000,149.858,155.991,148.919,152.974,357218.5640755696,0
CDR,D,20230630,000000,154.804,156.09,151.737,153.172,218934.83367152436,0
CDR,D,20230703,000000,153.32,155.694,152.48,153.32,273654.8941721582,0
CDR,D,20230704,000000,153.32,153.617,150.056,150.056,208120.62842875734,0
CDR,D,20230705,000000,149.808,149.808,139.225,141.797,499030.5338268263,0
CDR,D,20230706,000000,141.45,143.23,139.125,143.23,283723.01327216835,0
CDR,D,20230707,000000,143.28,144.17,141.55,143.429,196800.9447694825,0
CDR,D,20230710,000000,142.638,143.923,140.263,143.923,135057.76714988513,0
CDR,D,20230711,000000,144.368,145.555,142.192,142.983,129167.93264073842,0
CDR,D,20230712,000000,142.933,150.056,142.933,148.869,306073.2469364698,0
CDR,D,20230713,000000,150.896,156.436,149.512,152.38,390769.18849285465,0
CDR,D,20230714,000000,152.331,154.507,149.957,152.529,181085.62080025137,0
CDR,D,20230717,000000,152.133,158.859,150.551,157.771,286306.00798051973,0
CDR,D,20230718,000000,157.87,157.969,154.804,157.722,161674.23864951843,0
CDR,D,20230719,000000,158.068,159.255,154.853,158.266,234662.28912274525,0
CDR,D,20230720,000000,156.832,158.612,155.497,158.464,169117.9138110112,0
CDR,D,20230721,000000,158.266,159.057,154.754,158.019,254413.35276937226,0
CDR,D,20230724,000000,155.793,158.266,154.952,156.535,202643.2643074834,0
CDR,D,20230725,000000,156.832,157.276,154.507,156.041,185951.3560375594,0
CDR,D,20230726,000000,156.288,157.573,151.589,156.139,186122.20774233976,0
CDR,D,20230727,000000,156.288,163.706,156.288,162.519,547102.5421935567,0
CDR,D,20230728,000000,162.222,162.668,160.343,162.618,245993.0933071866,0
CDR,D,20230731,000000,162.816,163.706,160.492,161.58,307760.53389077354,0
CDR,D,20230801,000000,160.739,160.739,157.178,159.057,204284.0472474646,0
CDR,D,20230802,000000,157.87,158.661,153.518,157.573,249223.10038866996,0
CDR,D,20230803,000000,156.288,160.986,155.793,160.937,267266.6579443369,0
CDR,D,20230804,000000,161.629,163.063,160.393,161.332,210914.91311521168,0
CDR,D,20230807,000000,160.343,161.234,158.761,160.69,112077.70737860809,0
CDR,D,20230808,000000,160.492,160.937,157.524,158.117,144537.5093730756,0
CDR,D,20230809,000000,158.464,160.146,153.617,153.617,177168.16307232343,0
CDR,D,20230810,000000,154.705,159.255,154.408,157.771,146034.73644276598,0
CDR,D,20230811,000000,156.386,157.227,154.507,155.546,123399.41295154956,0
CDR,D,20230814,000000,154.952,156.188,154.507,155.546,81091.88044668073,0
CDR,D,20230816,000000,155.298,157.722,148.028,148.423,304955.1286791627,0
CDR,D,20230817,000000,148.375,151.441,146.594,147.781,185976.62995838228,0
CDR,D,20230818,000000,148.375,152.677,148.375,152.331,212238.2556096318,0
CDR,D,20230821,000000,152.875,155.941,152.331,153.913,242088.7780180817,0
CDR,D,20230822,000000,154.804,156.931,152.43,155.397,207784.99076019655,0
CDR,D,20230823,000000,155.892,158.068,153.369,158.068,240866.53120696312,0
CDR,D,20230824,000000,158.711,161.58,153.073,153.271,228133.52989513308,0
CDR,D,20230825,000000,151.836,155.397,150.451,154.408,162550.73822374304,0
CDR,D,20230828,000000,156.188,156.288,151.936,153.172,130265.83176138916,0
CDR,D,20230829,000000,153.32,154.556,150.946,154.26,129874.59146701603,0
CDR,D,20230830,000000,153.815,154.952,151.292,151.886,147038.6165779584,0
CDR,D,20230831,000000,151.539,153.913,145.802,145.95,587142.4985219747,0
CDR,D,20230901,000000,146.199,149.808,143.429,148.819,235084.8690789512,0
CDR,D,20230904,000000,149.363,159.453,149.363,154.606,459880.2195114661,0
CDR,D,20230905,000000,154.656,158.266,151.836,151.886,258738.22610101642,0
CDR,D,20230906,000000,152.034,154.21,148.968,149.363,226980.02814865997,0
CDR,D,20230907,000000,149.363,150.155,145.061,146.247,263986.1030211977,0
CDR,D,20230908,000000,147.583,152.974,147.583,152.43,273819.68013593863,0
CDR,D,20230911,000000,153.518,155.991,152.727,154.556,247863.36344827048,0
CDR,D,20230912,000000,155.644,156.782,152.875,155.002,198932.0417734818,0
CDR,D,20230913,000000,154.359,154.754,152.034,154.21,201794.0605677483,0
CDR,D,20230914,000000,154.21,156.09,152.776,153.963,212935.81582440957,0
CDR,D,20230915,000000,155.497,155.892,152.529,152.578,948092.5042681921,0
CDR,D,20230918,000000,153.271,154.705,151.193,151.639,210305.30614490237,0
CDR,D,20230919,000000,153.518,153.518,145.703,146.791,388866.5677331147,0
CDR,D,20230920,000000,148.176,152.776,146.99,151.342,251211.65247921174,0
CDR,D,20230921,000000,154.606,156.732,146.099,146.99,435612.200734925,0
CDR,D,20230922,000000,147.287,148.968,144.517,147.088,222837.1270469626,0
CDR,D,20230925,000000,149.017,154.112,147.335,147.781,398662.7394450429,0
CDR,D,20230926,000000,147.385,148.226,136.702,139.571,722967.5819081162,0
CDR,D,20230927,000000,138.483,140.461,132.943,133.537,554723.1348008298,0
CDR,D,20230928,000000,133.537,133.537,120.232,122.359,1163374.7509020874,0
CDR,D,20230929,000000,122.854,125.92,121.766,123.843,535403.7497218985,0
CDR,D,20231002,000000,124.931,125.178,119.144,119.491,370487.372508897,0
CDR,D,20231003,000000,119.144,129.234,118.7,127.701,727849.4924547473,0
CDR,D,20231004,000000,126.613,129.333,124.09,125.178,454927.54198652296,0
CDR,D,20231005,000000,125.278,127.107,116.919,117.463,619720.5824659001,0
CDR,D,20231006,000000,117.265,117.364,105.098,106.433,1265714.9220650294,0
CDR,D,20231009,000000,106.186,109.896,103.071,108.362,510146.0042058314,0
CDR,D,20231010,000000,109.599,113.951,109.154,111.082,488190.04370640306,0
CDR,D,20231011,000000,112.764,112.764,107.077,108.511,414721.78873749136,0
CDR,D,20231012,000000,109.797,110.39,104.257,104.406,501503.3342403863,0
CDR,D,20231013,000000,104.357,106.977,103.416,104.753,402136.3871232854,0
CDR,D,20231016,000000,106.83,107.077,100.4,100.548,569465.9182966911,0
CDR,D,20231017,000000,100.647,104.801,99.955,104.209,456905.98450873164,0
CDR,D,20231018,000000,104.307,106.632,102.28,103.269,492089.30421134137,0
CDR,D,20231019,000000,103.269,104.753,102.576,104.01,204109.151715351,0
CDR,D,20231020,000000,103.862,105.197,102.428,103.466,235551.93113580302,0
CDR,D,20231023,000000,103.615,104.06,101.736,102.328,261517.34643498107,0
CDR,D,20231024,000000,102.328,104.307,101.983,102.527,238945.71322423348,0
CDR,D,20231025,000000,103.269,105.049,102.378,104.456,410482.84673665895,0
CDR,D,20231026,000000,104.109,106.682,102.774,105.395,340680.3212442596,0
CDR,D,20231027,000000,105.445,107.818,105.049,105.544,258065.93980706157,0
CDR,D,20231030,000000,106.236,107.72,103.862,103.862,229243.56049778362,0
CDR,D,20231031,000000,104.357,105.544,103.862,103.862,217177.79069574186,0
CDR,D,20231102,000000,105.345,107.176,104.159,107.176,499964.65794053994,0
CDR,D,20231103,000000,107.818,109.402,105.791,108.808,343334.0829309331,0
CDR,D,20231106,000000,109.699,110.638,107.621,108.412,246083.0684653317,0
CDR,D,20231107,000000,108.314,108.808,105.642,108.314,212486.95099054743,0
CDR,D,20231108,000000,107.818,109.302,106.433,107.077,127321.92546365413,0
CDR,D,20231109,000000,107.077,109.797,105.642,108.808,192886.51991204446,0
CDR,D,20231110,000000,108.808,108.808,107.027,108.017,206270.57742433978,0
CDR,D,20231113,000000,108.314,108.906,106.236,106.533,196228.74320199588,0
CDR,D,20231114,000000,105.889,113.111,102.181,112.863,561161.9188703069,0
CDR,D,20231115,000000,113.061,115.188,110.39,112.764,429035.92653615697,0
CDR,D,20231116,000000,112.963,113.704,110.291,111.379,312834.5262356845,0
CDR,D,20231117,000000,111.379,112.419,110.787,111.923,165860.61089503832,0
CDR,D,20231120,000000,112.616,116.672,112.27,112.616,346190.03598419967,0
CDR,D,20231121,000000,113.407,114.446,111.923,111.973,188692.06001186802,0
CDR,D,20231122,000000,111.775,113.704,110.39,112.616,213351.31908278228,0
CDR,D,20231123,000000,112.616,112.764,109.203,109.203,223540.75300274027,0
CDR,D,20231124,000000,109.302,111.182,108.264,110.737,134137.7964318379,0
CDR,D,20231127,000000,111.182,112.913,108.412,108.412,201217.81517292839,0
CDR,D,20231128,000000,108.264,108.412,105.692,106.78,388334.80443895067,0
CDR,D,20231129,000000,113.754,114.396,103.021,103.071,1159262.1785052994,0
CDR,D,20231130,000000,103.862,108.808,103.713,107.67,700652.7317329609,0
CDR,D,20231201,000000,106.137,110.243,105.494,109.797,418591.73149427347,0
CDR,D,20231204,000000,109.253,109.797,104.901,105.544,675868.1140147556,0
CDR,D,20231205,000000,105.593,107.918,105.247,106.582,492285.42983695463,0
CDR,D,20231206,000000,106.682,108.709,106.582,107.324,241398.29450113716,0
CDR,D,20231207,000000,107.324,108.314,106.483,107.077,264341.9598264249,0
CDR,D,20231208,000000,107.077,110.984,107.077,110.934,385931.7600468795,0
CDR,D,20231211,000000,110.934,113.507,110.44,112.616,419892.83293837064,0
CDR,D,20231212,000000,113.111,113.358,111.132,112.072,174919.7950756895,0
CDR,D,20231213,000000,112.072,112.467,111.182,111.626,233301.54122551248,0
CDR,D,20231214,000000,112.715,113.555,111.875,112.764,284630.85250821576,0
CDR,D,20231215,000000,112.863,114.199,111.825,113.16,763391.7018330741,0
CDR,D,20231218,000000,113.16,114.099,111.082,114.051,455328.8918492293,0
CDR,D,20231219,000000,114.051,117.512,113.259,115.237,429081.4195936462,0
CDR,D,20231220,000000,115.732,117.463,114.743,114.743,262896.29155521357,0
CDR,D,20231221,000000,114.001,115.831,113.16,114.743,323919.6679097002,0
CDR,D,20231222,000000,114.743,115.534,113.457,115.237,306852.69465472613,0
CDR,D,20231227,000000,115.237,115.633,113.358,113.754,361683.9604069947,0
CDR,D,20231228,000000,114.495,116.276,113.951,114.446,271806.8650814073,0
CDR,D,20231229,000000,114.446,115.139,113.655,113.754,166051.681736475,0
CDR,D,20240102,000000,113.804,114.595,108.758,110.687,403774.1371927666,0
CDR,D,20240103,000000,110.638,110.787,107.226,110.44,394806.9500839172,0
CDR,D,20240104,000000,110.44,111.281,108.808,111.034,214196.47899518412,0
CDR,D,20240105,000000,110.835,110.835,106.483,109.896,515501.0425503242,0
CDR,D,20240108,000000,109.599,109.797,108.065,109.055,134708.98704250125,0
CDR,D,20240109,000000,109.055,110.291,108.462,110.243,227585.59129163602,0
CDR,D,20240110,000000,110.143,111.923,109.253,109.994,201554.46379832248,0
CDR,D,20240111,000000,109.994,110.588,106.433,106.433,389765.30835767224,0
CDR,D,20240112,000000,106.83,108.659,105.989,106.83,232906.25710380607,0
CDR,D,20240115,000000,106.78,106.83,104.357,105.494,261905.55385885423,0
CDR,D,20240116,000000,105.445,105.791,103.713,103.862,319306.6718806511,0
CDR,D,20240117,000000,103.763,103.961,98.9162,98.9162,658188.5009189722,0
CDR,D,20240118,000000,99.7079,100.895,96.0476,98.8172,600734.813141863,0
CDR,D,20240119,000000,99.4108,100.351,96.7004,98.1249,511601.7820453759,0
CDR,D,20240122,000000,98.9656,100.449,98.5601,100.449,251357.2302631692,0
CDR,D,20240123,000000,102.675,107.423,99.7079,102.625,471743.7979469048,0
CDR,D,20240124,000000,103.071,104.505,102.922,104.357,307924.3088977206,0
CDR,D,20240125,000000,104.357,105.841,101.537,105.197,484157.3368995071,0
CDR,D,20240126,000000,105.197,105.445,102.527,104.01,234874.59005768155,0
CDR,D,20240129,000000,104.209,104.505,102.625,103.862,187994.49979708024,0
CDR,D,20240130,000000,103.862,104.901,102.576,102.675,319681.7368656911,0
CDR,D,20240131,000000,102.824,104.06,101.439,103.615,277889.79234566726,0
CDR,D,20240201,000000,102.527,104.456,102.527,103.664,204923.9829227634,0
CDR,D,20240202,000000,103.912,105.395,102.576,103.071,227561.32832764645,0
CDR,D,20240205,000000,103.318,108.511,103.318,107.77,497018.72972912824,0
CDR,D,20240206,000000,108.264,108.264,105.939,107.176,242889.45582982767,0
CDR,D,20240207,000000,107.176,108.165,106.186,107.126,281653.5846349813,0
CDR,D,20240208,000000,107.818,109.946,106.83,108.808,498905.1751795352,0
CDR,D,20240209,000000,107.818,110.243,107.818,109.994,215069.94569890882,0
CDR,D,20240212,000000,109.896,113.061,109.797,112.122,307472.4111933686,0
CDR,D,20240213,000000,111.973,112.072,107.571,108.115,324213.856348105,0
CDR,D,20240214,000000,108.065,109.599,107.77,109.105,205346.5628789593,0
CDR,D,20240215,000000,109.105,113.804,107.818,112.517,530573.3979737466,0
CDR,D,20240216,000000,112.517,113.754,111.578,113.259,338554.2790244269,0
CDR,D,20240219,000000,112.072,114.051,111.281,112.863,332956.6110400284,0
CDR,D,20240220,000000,112.27,113.605,109.45,113.507,473554.42163483304,0
CDR,D,20240221,000000,113.754,115.089,112.171,112.27,499765.4994444368,0
CDR,D,20240222,000000,112.963,114.298,112.963,114.199,267646.77771355363,0
CDR,D,20240223,000000,114.199,114.99,112.863,113.605,224672.01369889046,0
CDR,D,20240226,000000,113.555,113.754,111.429,112.666,162543.66152591986,0
CDR,D,20240227,000000,112.666,114.495,111.875,114.051,213757.72372965515,0
CDR,D,20240228,000000,114.051,114.051,109.699,109.896,281699.0776924705,0
CDR,D,20240229,000000,109.699,110.885,108.362,108.511,367016.7577011545,0
CDR,D,20240301,000000,108.808,110.44,107.918,109.154,148783.52807174114,0
CDR,D,20240304,000000,109.154,109.946,104.753,104.753,333430.7497947034,0
CDR,D,20240305,000000,104.801,105.841,103.12,104.257,175735.6372399352,0
CDR,D,20240306,000000,104.554,106.186,104.357,105.841,152860.71697929295,0
CDR,D,20240307,000000,105.791,108.709,104.406,106.582,271848.3143115632,0
CDR,D,20240308,000000,107.324,109.896,104.456,109.5,429775.946937924,0
CDR,D,20240311,000000,110.885,116.572,110.291,115.831,931469.3410629237,0
CDR,D,20240312,000000,115.93,118.353,114.149,116.375,872576.050755593,0
CDR,D,20240313,000000,116.474,116.869,114.348,115.237,344477.47510907304,0
CDR,D,20240314,000000,115.237,117.809,114.842,116.572,463589.4201318011,0
CDR,D,20240315,000000,116.721,117.661,112.616,114.892,974132.7303730156,0
CDR,D,20240318,000000,115.633,116.622,109.946,111.281,563926.8858086051,0
CDR,D,20240319,000000,111.281,111.973,108.264,109.896,285908.7019451467,0
CDR,D,20240320,000000,110.291,112.27,109.5,111.676,237297.85358641905,0
CDR,D,20240321,000000,113.754,113.902,110.934,113.061,311588.01646057644,0
CDR,D,20240322,000000,112.764,115.336,112.023,113.655,276887.93412414147,0
CDR,D,20240325,000000,113.655,114.99,112.616,114.051,246228.64624927912,0
CDR,D,20240326,000000,113.555,114.001,111.182,111.775,528433.2023582575,0
CDR,D,20240327,000000,112.171,114.644,111.626,114.149,318731.4374426645,0
CDR,D,20240328,000000,114.446,115.732,113.358,115.633,564725.5417066844,0
CDR,D,20240402,000000,117.612,122.755,114.396,114.396,1710770.4705771655,0
CDR,D,20240403,000000,114.743,115.237,112.27,112.764,441489.9037620819,0
CDR,D,20240404,000000,112.963,116.078,112.963,115.633,358828.00735372806,0
CDR,D,20240405,000000,114.248,115.93,113.16,114.792,376147.719816951,0
CDR,D,20240408,000000,115.436,115.732,114.446,115.732,195189.47957765742,0
CDR,D,20240409,000000,116.227,118.501,115.436,115.831,377966.4311595458,0
CDR,D,20240410,000000,116.325,117.413,112.963,113.754,309353.8018596089,0
CDR,D,20240411,000000,114.001,119.688,114.001,117.413,545486.0222175651,0
CDR,D,20240412,000000,118.501,118.7,116.869,117.216,238243.09822528914,0
CDR,D,20240415,000000,116.028,118.156,114.248,114.248,320847.37009416404,0
CDR,D,20240416,000000,113.754,114.051,110.193,110.341,449975.87541841314,0
CDR,D,20240417,000000,110.538,111.923,109.846,111.231,330158.2825262408,0
CDR,D,20240418,000000,111.775,112.567,109.946,111.479,342684.0376873011,0
CDR,D,20240419,000000,110.787,112.567,110.39,111.973,197259.91917166775,0
CDR,D,20240422,000000,112.023,115.089,112.023,114.99,288726.23863875726,0
CDR,D,20240423,000000,115.039,116.474,113.804,114.495,368381.5494257205,0
CDR,D,20240424,000000,114.743,116.919,114.396,114.892,279900.585486532,0
CDR,D,20240425,000000,114.644,115.683,112.814,113.358,203249.83840729276,0
CDR,D,20240426,000000,114.348,115.534,113.655,114.892,178776.59539364855,0
CDR,D,20240429,000000,114.743,117.117,114.743,116.572,225350.36573384525,0
CDR,D,20240430,000000,116.919,118.353,116.474,117.216,247630.8433766779,0
CDR,D,20240502,000000,117.216,122.261,115.781,118.254,534674.849845298,0
CDR,D,20240506,000000,118.7,125.03,118.353,122.755,703513.739570394,0
CDR,D,20240507,000000,122.854,128.245,122.755,127.107,661247.6562956852,0
CDR,D,20240508,000000,126.613,133.388,126.217,130.371,911723.3322004632,0
CDR,D,20240509,000000,131.163,132.844,128.888,130.074,251419.90958681476,0
CDR,D,20240510,000000,131.559,132.3,129.135,130.322,314564.2733769675,0
CDR,D,20240513,000000,129.58,140.659,129.58,139.324,956648.2319460121,0
CDR,D,20240514,000000,140.461,143.33,137.493,141.5,876506.6509223641,0
CDR,D,20240515,000000,140.709,141.45,134.922,138.137,591726.1768028677,0
CDR,D,20240516,000000,138.483,142.785,138.384,141.351,487496.5273189586,0
CDR,D,20240517,000000,140.659,141.104,139.077,139.571,216420.5840278185,0
CDR,D,20240520,000000,139.472,141.747,138.828,141.104,284636.9182492057,0
CDR,D,20240521,000000,141.153,142.439,140.213,140.956,382747.2460228753,0
CDR,D,20240522,000000,141.104,147.335,139.966,143.429,627497.873382287,0
CDR,D,20240523,000000,143.429,143.429,139.175,140.609,448902.239261752,0
CDR,D,20240524,000000,139.571,140.362,135.763,137.889,379203.84232315415,0
CDR,D,20240527,000000,137.889,139.868,136.999,138.236,204486.23861406773,0
CDR,D,20240528,000000,138.284,139.966,137.296,137.692,436506.89753214933,0
CDR,D,20240529,000000,140.461,141.45,128.097,128.888,1283903.0464477802,0
CDR,D,20240531,000000,128.986,130.817,125.129,128.888,936599.9469904803,0
CDR,D,20240603,000000,130.074,134.229,129.58,132.795,529047.8641127333,0
CDR,D,20240604,000000,132.053,133.735,130.619,130.965,463728.93217475864,0
CDR,D,20240605,000000,131.064,132.103,130.124,131.756,324716.3018941129,0
CDR,D,20240606,000000,133.043,133.537,131.064,131.064,227665.45688144796,0
CDR,D,20240607,000000,131.064,136.208,130.52,133.388,378400.1316409082,0
CDR,D,20240610,000000,133.488,133.784,130.965,132.547,234424.7142669861,0
CDR,D,20240611,000000,133.537,136.06,131.806,132.993,390908.70053581224,0
CDR,D,20240612,000000,133.043,134.675,129.63,133.537,383125.34387842537,0
CDR,D,20240613,000000,132.597,134.328,130.57,131.509,245893.00858071833,0
CDR,D,20240614,000000,130.074,133.141,129.383,132.35,330033.9348357729,0
CDR,D,20240617,000000,132.35,135.96,132.35,134.576,317240.2761139639,0
CDR,D,20240618,000000,134.773,136.455,134.032,134.723,435041.0101242717,0
CDR,D,20240619,000000,134.526,137.048,134.328,136.702,277195.2650013795,0
CDR,D,20240620,000000,137.101,137.898,134.909,136.702,293240.0058274656,0
CDR,D,20240621,000000,136.254,138.147,135.208,135.457,649104.2403513894,0
CDR,D,20240624,000000,135.507,142.979,135.507,142.631,537145.0021864776,0
CDR,D,20240625,000000,142.481,144.872,140.389,143.278,372208.5389667948,0
CDR,D,20240626,000000,143.328,144.424,140.688,140.887,289990.2141304428,0
CDR,D,20240627,000000,140.887,141.186,136.104,137.997,440474.2374374856,0
CDR,D,20240628,000000,137.997,139.044,136.752,138.446,285626.380190154,0
CDR,D,20240701,000000,139.343,139.492,136.603,137.798,220047.4304448894,0
CDR,D,20240702,000000,138.496,139.891,136.503,138.346,214699.02403555202,0
CDR,D,20240703,000000,139.492,142.282,138.745,142.232,236629.5979613226,0
CDR,D,20240704,000000,142.481,142.73,139.841,141.485,140474.705025879,0
CDR,D,20240705,000000,141.485,145.072,141.485,144.474,354044.632193256,0
CDR,D,20240708,000000,144.175,146.367,142.979,145.769,220457.9198840748,0
CDR,D,20240709,000000,145.67,147.563,144.972,146.865,297215.4304451022,0
CDR,D,20240710,000000,146.865,149.406,145.819,147.114,420157.51930195984,0
CDR,D,20240711,000000,147.264,150.054,147.114,149.456,292515.37654851243,0
CDR,D,20240712,000000,149.605,158.573,148.708,157.975,775948.4879846598,0
CDR,D,20240715,000000,157.676,163.405,156.032,163.206,585039.7858719702,0
CDR,D,20240716,000000,162.907,163.106,156.978,159.918,579299.9592149989,0
CDR,D,20240717,000000,159.419,163.903,157.726,159.22,552087.2192294904,0
CDR,D,20240718,000000,160.416,162.409,157.526,161.213,295988.980335849,0
CDR,D,20240719,000000,159.419,160.615,156.58,156.929,356726.36271037924,0
CDR,D,20240722,000000,156.929,158.423,150.004,156.929,306880.49963668024,0
CDR,D,20240723,000000,156.929,158.473,154.936,156.729,216077.0240355558,0
CDR,D,20240724,000000,155.932,158.473,154.637,155.633,248431.420248318,0
CDR,D,20240725,000000,151.847,158.423,150.054,156.679,338664.8273862216,0
CDR,D,20240726,000000,156.679,158.373,154.537,154.886,152142.03933035402,0
CDR,D,20240729,000000,155.833,158.473,155.185,158.124,300511.3896585126,0
CDR,D,20240730,000000,157.925,159.818,154.986,154.986,320296.1777139204,0
CDR,D,20240731,000000,156.729,158.622,156.032,158.473,238681.04151558902,0
CDR,D,20240801,000000,156.879,161.163,154.188,159.519,333329.46831847203,0
CDR,D,20240802,000000,157.327,158.224,154.986,156.829,338124.8681728188,0
CDR,D,20240805,000000,149.406,152.794,144.474,150.9,1101274.9177015075,0
CDR,D,20240806,000000,151.249,152.644,148.36,149.904,813593.0793904447,0
CDR,D,20240807,000000,150.452,156.63,149.954,156.231,433172.7443566206,0
CDR,D,20240808,000000,155.434,163.206,153.69,163.106,749600.8871105886,0
CDR,D,20240809,000000,163.106,164.999,161.163,163.455,492455.84996494144,0
CDR,D,20240812,000000,163.405,169.881,162.458,169.832,550715.2410794502,0
CDR,D,20240813,000000,169.881,172.173,167.39,171.177,453549.6809917824,0
CDR,D,20240814,000000,170.878,174.813,170.878,173.668,680293.408596195,0
CDR,D,20240816,000000,174.365,180.941,173.369,179.197,601819.6707955416,0
CDR,D,20240819,000000,178.251,180.443,177.504,179.197,329751.485798433,0
CDR,D,20240820,000000,179.197,179.447,169.383,174.664,393992.5812101178,0
CDR,D,20240821,000000,174.664,179.646,174.365,178.948,244190.03059062242,0
CDR,D,20240822,000000,179.347,186.321,178.749,184.329,407305.8878379768,0
CDR,D,20240823,000000,184.329,185.923,180.543,180.792,271633.6081580688,0
CDR,D,20240826,000000,180.792,182.137,177.553,179.546,149728.281136611,0
CDR,D,20240827,000000,178.749,180.293,177.005,178.749,258950.5884930666,0
CDR,D,20240828,000000,178.699,179.845,176.657,179.347,275031.9388208604,0
CDR,D,20240829,000000,179.347,181.539,171.376,180.443,495142.5986903676,0
CDR,D,20240830,000000,179.347,184.827,176.956,182.436,529744.1485812132,0
CDR,D,20240902,000000,182.436,182.535,178.5,180.742,234177.70138447682,0
CDR,D,20240903,000000,180.543,182.286,174.863,175.71,331772.8201028814,0
CDR,D,20240904,000000,174.365,176.856,172.123,176.706,287734.027677414,0
CDR,D,20240905,000000,176.358,177.753,173.468,174.016,181655.1260019576,0
CDR,D,20240906,000000,172.472,174.564,166.593,170.13,340491.4552085136,0
CDR,D,20240909,000000,167.39,168.935,163.554,165.597,591741.1012397964,0
CDR,D,20240910,000000,165.198,165.746,159.918,161.611,658305.6270957702,0
CDR,D,20240911,000000,161.412,166.643,161.213,164.102,263729.9300808438,0
CDR,D,20240912,000000,167.341,170.38,165.298,167.141,351256.51566010923,0
CDR,D,20240913,000000,168.387,170.33,167.59,169.383,340518.5535333498,0
CDR,D,20240916,000000,169.383,173.618,169.134,172.273,248921.19737869082,0
CDR,D,20240917,000000,173.12,176.358,172.771,175.76,233654.80407930422,0
CDR,D,20240918,000000,176.358,177.155,171.874,175.71,217580.4792431346,0
CDR,D,20240919,000000,175.81,179.447,174.813,177.155,288140.502549957,0
CDR,D,20240920,000000,175.561,177.155,172.92,175.062,900462.279682017,0
CDR,D,20240923,000000,175.062,175.062,164.65,166.992,530393.5047356214,0
CDR,D,20240924,000000,167.39,171.326,165.647,170.928,289649.97960749944,0
CDR,D,20240925,000000,170.878,171.675,168.387,171.476,297318.805536144,0
CDR,D,20240926,000000,171.974,175.112,170.38,171.226,296945.4508384008,0
CDR,D,20240927,000000,169.383,174.365,168.885,173.618,162455.4610346796,0
CDR,D,20240930,000000,172.522,176.657,172.522,173.518,342773.736344718,0
CDR,D,20241001,000000,173.668,174.714,170.878,170.977,262562.694829566,0
CDR,D,20241002,000000,171.077,172.372,168.437,169.084,253272.9876190524,0
CDR,D,20241003,000000,167.141,171.226,163.903,167.191,269237.9155142166,0
CDR,D,20241004,000000,167.39,171.376,167.39,169.881,404396.3306638974,0
CDR,D,20241007,000000,171.177,172.721,167.341,168.138,185135.7552809184,0
CDR,D,20241008,000000,166.892,170.23,166.593,170.23,251817.70721118242,0
CDR,D,20241009,000000,169.682,172.721,168.287,170.977,269479.7931544212,0
CDR,D,20241010,000000,170.479,171.525,167.39,167.938,246602.78514270482,0
CDR,D,20241011,000000,167.938,169.084,156.181,160.565,806149.0691937745,0
CDR,D,20241014,000000,161.562,163.405,159.021,160.167,284888.703569613,0
CDR,D,20241015,000000,160.167,164.85,159.868,164.401,310443.4275318102,0
CDR,D,20241016,000000,164.003,164.351,160.366,164.351,217167.98252062802,0
CDR,D,20241017,000000,164.302,164.302,157.078,158.921,221291.9461040334,0
CDR,D,20241018,000000,157.028,160.017,151.448,159.868,334102.272397134,0
CDR,D,20241021,000000,159.868,160.765,154.737,155.833,238447.19300866922,0
CDR,D,20241022,000000,155.484,159.419,155.285,158.025,393835.0094694036,0
CDR,D,20241023,000000,158.074,160.515,157.477,160.515,255925.61252801822,0
CDR,D,20241024,000000,159.32,160.416,157.477,158.722,202656.3277500126,0
CDR,D,20241025,000000,158.772,159.419,156.879,158.124,200017.7538242952,0
CDR,D,20241028,000000,158.523,160.814,158.323,160.416,151359.19883508602,0
CDR,D,20241029,000000,159.918,162.209,159.121,162.209,200503.5163880256,0
CDR,D,20241030,000000,162.209,163.056,158.772,160.366,198013.481428077,0
CDR,D,20241031,000000,158.423,160.615,155.982,160.167,315680.429716821,0
CDR,D,20241104,000000,160.416,161.213,157.028,160.017,332332.8521494962,0
CDR,D,20241105,000000,161.213,162.608,158.722,160.864,202966.45302313802,0
CDR,D,20241106,000000,160.117,161.362,158.274,159.071,230186.2185002706,0
CDR,D,20241107,000000,159.419,162.409,159.32,162.409,181276.7530959114,0
CDR,D,20241108,000000,162.409,164.003,159.918,160.416,198647.78295757622,0
CDR,D,20241112,000000,160.416,161.711,158.971,160.814,174168.9628555422,0
CDR,D,20241113,000000,160.814,160.814,156.131,157.925,299828.9133293046,0
CDR,D,20241114,000000,158.174,161.263,157.626,161.263,194481.6664244256,0
CDR,D,20241115,000000,161.313,161.412,155.285,155.285,249179.133285465,0
CDR,D,20241118,000000,155.135,158.672,154.637,155.683,185313.3998548446,0
CDR,D,20241119,000000,156.679,157.078,149.755,153.043,244459.00655566322,0
CDR,D,20241120,000000,152.544,158.573,152.445,157.427,255468.9555724452,0
CDR,D,20241121,000000,158.573,160.217,156.48,159.419,261327.21194536742,0
CDR,D,20241122,000000,160.167,161.263,156.43,160.266,328309.25273215084,0
CDR,D,20241125,000000,160.814,165.547,160.814,164.949,607394.9002201746,0
CDR,D,20241126,000000,165.647,171.725,164.401,171.575,406283.1769858254,0
CDR,D,20241127,000000,171.575,172.372,157.427,164.003,804386.6744377608,0
CDR,D,20241128,000000,165.348,167.789,162.957,164.202,245483.7246911358,0
CDR,D,20241129,000000,164.202,167.839,164.102,166.593,264109.30662855064,0
CDR,D,20241202,000000,168.138,169.881,166.842,169.582,198503.2585584498,0
CDR,D,20241203,000000,169.582,178.799,169.383,178.799,587103.2731261639,0
CDR,D,20241204,000000,178.799,182.635,176.657,179.247,601870.8565202323,0
CDR,D,20241205,000000,179.596,192.3,179.596,192.3,643918.4238910693,0
CDR,D,20241206,000000,192.3,199.274,191.104,199.125,856519.8368559672,0
CDR,D,20241209,000000,199.125,201.267,190.407,193.595,547493.5513489242,0
CDR,D,20241210,000000,193.396,195.986,187.417,193.296,453124.136927688,0
CDR,D,20241211,000000,193.296,195.239,191.303,194.89,354261.4187919456,0
CDR,D,20241212,000000,194.94,195.887,182.884,190.307,626272.3962144001,0
CDR,D,20241213,000000,199.274,201.267,177.603,182.934,1089197.093957847,0
CDR,D,20241216,000000,183.831,189.311,183.382,188.613,251303.84268095522,0
CDR,D,20241217,000000,188.314,192.2,186.023,188.763,354420.99781598104,0
CDR,D,20241218,000000,188.763,194.791,188.763,191.204,502355.7713050998,0
CDR,D,20241219,000000,189.311,192.2,187.119,188.015,300784.3801901958,0
CDR,D,20241220,000000,187.318,188.015,182.187,186.62,808132.26511512,0
CDR,D,20241223,000000,186.62,188.663,185.475,186.62,170507.6780776734,0
CDR,D,20241227,000000,186.62,190.456,183.332,189.859,239437.7873276814,0
CDR,D,20241230,000000,189.859,193.396,188.065,190.755,196944.603059538,0
CDR,D,20250102,000000,191.303,196.584,189.56,192.798,333510.12381738,0
CDR,D,20250103,000000,192.798,198.029,192.3,195.388,293034.2592870426,0
CDR,D,20250107,000000,195.588,199.673,192.399,192.599,395568.29861725983,0
CDR,D,20250108,000000,192.599,192.947,182.535,183.831,461692.2257842302,0
CDR,D,20250109,000000,183.98,188.513,183.831,188.513,179371.8412240926,0
CDR,D,20250110,000000,188.713,191.851,186.321,191.453,249953.9446474482,0
CDR,D,20250113,000000,189.311,190.307,186.521,189.311,207024.1762569438,0
CDR,D,20250114,000000,189.41,192.15,188.314,191.303,274165.7960677626,0
CDR,D,20250115,000000,191.303,193.844,188.912,193.844,209171.96941062782,0
CDR,D,20250116,000000,194.84,208.242,193.645,206.349,779008.5914078292,0
CDR,D,20250117,000000,206.149,219.401,203.658,217.707,816918.1442120124,0
CDR,D,20250120,000000,217.707,220.696,215.316,215.914,357818.32483711204,0
CDR,D,20250121,000000,215.914,221.992,213.224,221.992,383081.99271773524,0
CDR,D,20250122,000000,221.992,223.088,208.441,211.031,549556.0349614572,0
CDR,D,20250123,000000,209.238,213.323,207.644,211.928,251514.6074296812,0
CDR,D,20250124,000000,207.245,212.825,204.555,206.349,265497.3430451604,0
CDR,D,20250127,000000,204.256,205.85,201.068,204.256,348474.420976926,0
CDR,D,20250128,000000,204.754,206.548,200.57,202.263,150897.52367121002,0
CDR,D,20250129,000000,202.363,207.445,202.363,203.758,141326.7967957284,0
CDR,D,20250130,000000,203.758,210.234,203.559,210.234,186438.4821563772,0
CDR,D,20250131,000000,211.031,211.53,207.644,210.334,204948.64530282302,0
CDR,D,20250203,000000,204.256,209.836,204.256,208.042,302540.7530962458,0
CDR,D,20250204,000000,208.64,214.419,208.042,214.021,277327.2672986526,0
CDR,D,20250205,000000,214.419,220.995,213.522,220.796,559330.5010940406,0
CDR,D,20250206,000000,221.194,223.287,214.419,218.205,359877.7975246632,0
CDR,D,20250207,000000,218.704,219.102,215.017,215.814,213302.9584856574,0
CDR,D,20250210,000000,216.213,218.803,215.316,218.205,174835.3809181806,0
CDR,D,20250211,000000,218.405,223.486,217.309,223.486,250927.4770582302,0
CDR,D,20250212,000000,223.486,235.044,222.988,228.468,610746.059724918,0
CDR,D,20250213,000000,229.863,231.059,222.689,226.077,261307.13911215542,0
CDR,D,20250214,000000,226.874,229.066,222.988,225.977,239287.2410785914,0
CDR,D,20250217,000000,225.977,230.56,224.184,229.165,124263.88492386781,0
CDR,D,20250218,000000,229.165,230.361,226.973,228.169,180398.5666428864,0
CDR,D,20250219,000000,228.468,237.934,224.981,227.472,398290.174800807,0
CDR,D,20250220,000000,228.368,229.564,223.685,224.981,204104.58266625841,0
CDR,D,20250221,000000,226.077,230.859,224.981,227.372,186802.804079175,0
CDR,D,20250224,000000,226.774,227.073,219.301,220.896,213353.1405686874,0
CDR,D,20250225,000000,220.896,222.888,217.508,219.899,232193.50182147062,0
CDR,D,20250226,000000,219.401,222.091,218.305,222.091,191742.7283326482,0
CDR,D,20250227,000000,222.191,222.789,214.718,217.209,242102.4559365744,0
CDR,D,20250228,000000,214.618,221.992,214.419,220.796,375503.4945385446,0
CDR,D,20250303,000000,218.903,221.992,216.512,220.198,242705.644574595,0
CDR,D,20250304,000000,217.508,218.903,214.718,215.216,356634.027677604,0
CDR,D,20250305,000000,218.006,224.483,215.714,218.405,211081.8994907496,0
CDR,D,20250306,000000,219.202,219.999,209.637,215.017,373765.1871823854,0
CDR,D,20250307,000000,215.017,217.906,212.028,214.718,271683.7902410988,0
CDR,D,20250310,000000,213.722,215.117,209.437,211.829,336189.847051182,0
CDR,D,20250311,000000,211.729,215.316,205.751,208.939,412969.4377287426,0
CDR,D,20250312,000000,210.035,211.928,207.644,208.939,324860.7399863292,0
CDR,D,20250313,000000,207.644,213.224,206.548,212.526,250607.31536849882,0
CDR,D,20250314,000000,213.224,215.316,210.832,215.216,251455.3925717058,0
CDR,D,20250317,000000,215.714,219.202,214.021,215.216,239230.03350393721,0
CDR,D,20250318,000000,216.013,218.006,212.825,216.412,283680.3190102506,0
CDR,D,20250319,000000,216.213,218.803,212.626,217.408,207782.9293523574,0
CDR,D,20250320,000000,216.81,221.693,214.818,221.693,252197.0837588892,0
CDR,D,20250321,000000,221.693,225.28,219.102,221.892,657176.5302275952,0
CDR,D,20250324,000000,221.892,225.28,220.796,222.988,185368.6001461776,0
CDR,D,20250325,000000,223.187,228.867,221.593,228.867,306482.05389742204,0
CDR,D,20250326,000000,218.504,219.202,199.274,210.633,1275087.5877675368,0
CDR,D,20250327,000000,210.234,213.024,205.352,209.637,344325.3663520056,0
CDR,D,20250328,000000,209.238,219.8,206.847,217.608,550757.3940291954,0
CDR,D,20250331,000000,216.013,218.305,209.437,211.031,351226.4064102912,0
CDR,D,20250401,000000,212.128,214.12,208.242,209.238,236050.49672315642,0
CDR,D,20250402,000000,208.64,218.504,203.26,215.714,520192.490897283,0
CDR,D,20250403,000000,213.224,215.714,211.231,211.629,209197.06045214282,0
CDR,D,20250404,000000,210.234,221.992,209.935,211.928,581890.3583410074,0
CDR,D,20250407,000000,204.256,209.736,194.591,204.655,653729.0211234342,0
CDR,D,20250408,000000,205.053,215.216,204.555,213.423,392071.6110717294,0
CDR,D,20250409,000000,205.85,209.736,197.331,199.872,516350.5506205062,0
CDR,D,20250410,000000,214.22,215.117,207.245,211.629,459335.6751651414,0
CDR,D,20250411,000000,210.234,213.323,206.548,209.637,219557.65331451662,0
CDR,D,20250414,000000,213.224,218.006,209.338,218.006,277254.0014574288,0
CDR,D,20250415,000000,218.106,221.693,216.512,220.497,281229.4260750654,0
CDR,D,20250416,000000,218.205,221.992,215.216,219.7,255693.7713044196,0
CDR,D,20250417,000000,219.202,221.992,216.412,220.796,154382.1675168132,0
CDR,D,20250422,000000,220.696,224.682,220.098,224.383,350850.0407875662,0
CDR,D,20250423,000000,225.678,228.667,224.483,225.18,303463.0997823372,0
CDR,D,20250424,000000,224.184,225.579,217.109,225.18,261200.7530961318,0
CDR,D,20250425,000000,225.08,226.675,222.689,223.885,83496.9643119564,0
CDR,D,20250428,000000,223.187,227.671,223.187,227.272,214662.89293577042,0
CDR,D,20250429,000000,227.173,233.549,226.575,233.051,268399.8747276156,0
CDR,D,20250430,000000,233.051,234.546,229.863,232.055,236264.27239686422,0
CDR,D,20250502,000000,232.553,256.865,231.756,256.665,719503.6809925159,0
CDR,D,20250505,000000,254.075,254.673,245.406,249.591,214816.4501098422,0
CDR,D,20250506,000000,250.089,250.488,239.229,242.318,306735.9752375538,0
CDR,D,20250507,000000,242.915,246.203,241.72,244.111,224046.94246238042,0
CDR,D,20250508,000000,244.111,246.403,240.325,244.111,171260.4093231234,0
CDR,D,20250509,000000,242.816,245.008,240.923,242.417,186191.5863078696,0
CDR,D,20250512,000000,244.808,248.097,241.122,244.111,156510.8914789458,0
CDR,D,20250513,000000,244.111,245.805,235.941,239.926,223958.62199624762,0
CDR,D,20250514,000000,239.129,239.627,230.859,233.151,275924.17625713383,0
CDR,D,20250515,000000,231.457,233.35,228.767,230.361,159936.3204665736,0
CDR,D,20250516,000000,233.649,235.443,229.265,230.76,135996.4559362818,0
CDR,D,20250519,000000,230.76,231.856,226.376,231.357,183801.91551398102,0
CDR,D,20250520,000000,231.158,232.952,228.069,229.066,175440.5768395224,0
CDR,D,20250521,000000,228.169,228.966,223.785,224.184,179649.8499640788,0
CDR,D,20250522,000000,223.287,223.287,216.81,219.202,280249.8718143198,0
CDR,D,20250523,000000,220.696,220.796,212.327,217.408,263704.8390393288,0
CDR,D,20250526,000000,219.7,220.696,217.807,219.301,138440.3233798428,0
CDR,D,20250527,000000,220.696,221.095,217.906,219.401,221579.9912606256,0
CDR,D,20250528,000000,220.696,220.796,217.807,218.305,339586.1704306524,0
CDR,D,20250529,000000,224.781,229.365,218.006,219.7,529676.904589953,0
CDR,D,20250530,000000,219.7,224.582,218.604,220.995,693241.3896595957,0
CDR,D,20250602,000000,218.803,227.173,217.608,220.696,322494.1529506344,0
CDR,D,20250603,000000,222.789,235.941,218.405,235.642,780595.3488732378,0
CDR,D,20250604,000000,236.937,259.555,233.749,256.964,1212035.8077236628,0
CDR,D,20250605,000000,254.075,262.644,249.193,258.06,935280.6161715522,0
CDR,D,20250606,000000,255.171,266.928,250.488,266.33,662883.2367097668,0
CDR,D,20250609,000000,266.33,270.515,262.345,267.028,439231.7290616628,0
CDR,D,20250610,000000,266.23,269.419,263.64,268.522,314231.1711589146,0
CDR,D,20250611,000000,265.035,267.326,260.053,267.326,288967.50327829143,0
CDR,D,20250612,000000,267.127,273.803,263.241,267.725,372952.2374372994,0
CDR,D,20250613,000000,263.042,270.017,262.345,270.017,277639.3998550992,0
CDR,D,20250616,000000,270.017,272.009,262.245,263.939,197994.41223652562,0
CDR,D,20250617,000000,263.64,266.031,256.067,265.433,192953.1201753318,0
CDR,D,20250618,000000,265.035,269.319,263.441,269.319,182414.8827390318,0
CDR,D,20250620,000000,269.22,271.711,267.227,269.519,570698.7501836568,0
CDR,D,20250623,000000,266.33,272.607,263.939,270.415,219332.8375825422,0
CDR,D,20250624,000000,274.002,277.988,273.305,274.999,330544.362710307,0
CDR,D,20250625,000000,275.497,276.991,272.607,274.201,253291.0531689432,0
CDR,D,20250626,000000,274.301,275.696,270.913,274.6,158765.0706486534,0
CDR,D,20250627,000000,278,278.6,271.1,275.3,168775,0
CDR,D,20250630,000000,276,286.6,276,280.8,301069,0
CDR,D,20250701,000000,278,282.4,274.4,276,166155,0
CDR,D,20250702,000000,275.1,275.7,267.3,269.8,197843,0
CDR,D,20250703,000000,267.7,273.8,267.6,269.5,126223,0
CDR,D,20250704,000000,269.9,270.1,267.1,269.9,142962,0
CDR,D,20250707,000000,272,278,269.2,274,150786,0
CDR,D,20250708,000000,274.5,280,272.2,274,187202,0
CDR,D,20250709,000000,274,275.7,267.4,269.4,137668,0
CDR,D,20250710,000000,272,272,266.6,267.9,155593,0
CDR,D,20250711,000000,267.9,269,263.8,269,130250,0
CDR,D,20250714,000000,269.9,269.9,266.1,269,101147,0
CDR,D,20250715,000000,269,271.1,265,266.8,128833,0
CDR,D,20250716,000000,265,266.8,262.1,265.4,83573,0
CDR,D,20250717,000000,266,267.1,260,267.1,225109,0
CDR,D,20250718,000000,268.4,272.8,265.5,269.6,215865,0
CDR,D,20250721,000000,270.1,270.9,262.2,265.2,214376,0
CDR,D,20250722,000000,265.2,265.2,253.6,255.9,395346,0
CDR,D,20250723,000000,256.2,259.6,252.4,257.1,228207,0
CDR,D,20250724,000000,258.3,262.1,252.7,253.8,229225,0
CDR,D,20250725,000000,252.3,254.4,248.9,253.3,187092,0
CDR,D,20250728,000000,255.3,256.9,248.2,249.8,210324,0
CDR,D,20250729,000000,250.7,254.9,250.7,252.1,149946,0
CDR,D,20250730,000000,252.1,254.8,249.7,254.3,103308,0
CDR,D,20250731,000000,254.3,255.5,250.2,251.2,103936,0
CDR,D,20250801,000000,250.6,251,245.5,247.1,162444,0
CDR,D,20250804,000000,247.1,248.9,241.6,247.3,203802,0
CDR,D,20250805,000000,250,252.4,243.7,246.3,181625,0
CDR,D,20250806,000000,246.3,248.9,244.8,248,145882,0
CDR,D,20250807,000000,248,252.6,247.1,248.9,178128,0
CDR,D,20250808,000000,250,257.5,247.4,256.4,197306,0
CDR,D,20250811,000000,257.9,263,254,255.8,224519,0
CDR,D,20250812,000000,256.1,257.2,251.4,252.5,125003,0
CDR,D,20250813,000000,255,259,253.5,255,218382,0
CDR,D,20250814,000000,255.1,255.1,245,246.6,156000,0
CDR,D,20250818,000000,247.8,256.7,245,255,220994,0
CDR,D,20250819,000000,254.3,257.5,251,253.8,152386,0
CDR,D,20250820,000000,253.5,256,250.6,251.9,104760,0
CDR,D,20250821,000000,253,262.7,252.2,260.9,268115,0
CDR,D,20250822,000000,259.9,265.6,254.9,257.9,276119,0
CDR,D,20250825,000000,255.6,260.3,255.6,259,81865,0
CDR,D,20250826,000000,259,265.8,255.6,260.2,393845,0
CDR,D,20250827,000000,260.4,264,255.8,257.6,137200,0
CDR,D,20250828,000000,257.9,259.4,250,254.8,150223,0
CDR,D,20250829,000000,257.7,258.2,246.2,252,325699,0
CDR,D,20250901,000000,253,257.6,242.6,245.7,272349,0
CDR,D,20250902,000000,248.8,250.6,243.9,248.9,118874,0
CDR,D,20250903,000000,250.7,252.1,245.9,245.9,166137,0
CDR,D,20250904,000000,246,252,245.5,250,193379,0
CDR,D,20250905,000000,250.4,253.5,249,250.2,191397,0
CDR,D,20250908,000000,251,256,248.5,255,191374,0
CDR,D,20250909,000000,256,256.1,251,252.5,168547,0
CDR,D,20250910,000000,252,259,252,255.3,283016,0
CDR,D,20250911,000000,255.3,257.2,253,255,171886,0
CDR,D,20250912,000000,254.4,256.9,251.5,252.3,122280,0
CDR,D,20250915,000000,254,258.1,253.9,257,283589,0
CDR,D,20250916,000000,257.6,258.4,255.1,257.1,133806,0
CDR,D,20250917,000000,256.6,257.9,255,256.7,118392,0
CDR,D,20250918,000000,257,262.6,257,262.6,295113,0
CDR,D,20250919,000000,263,263.1,252.1,255,661260,0
CDR,D,20250922,000000,255,260.8,254.8,259.5,200688,0
CDR,D,20250923,000000,259,260.9,254.5,254.5,158311,0
CDR,D,20250924,000000,255,255.7,252.5,255,186904,0
CDR,D,20250925,000000,253,255.3,251.9,253.7,123509,0
CDR,D,20250926,000000,253.7,257.7,250.8,256.3,173602,0
CDR,D,20250929,000000,258,267.8,257.8,267.8,328052,0
CDR,D,20250930,000000,267.8,270.9,262.3,270.5,327132,0
CDR,D,20251001,000000,269.9,274.8,266.9,272.2,264798,0
CDR,D,20251002,000000,272.5,272.8,269,270.4,276032,0
CDR,D,20251003,000000,270.4,273.8,270,273.5,307222,0
CDR,D,20251006,000000,273,275.6,271.5,273.5,390951,0
CDR,D,20251007,000000,272.8,274.5,269.9,274.5,283628,0
CDR,D,20251008,000000,272.1,278.6,271.1,278.6,393478,0
CDR,D,20251009,000000,278.7,285.4,273.2,275,378924,0
CDR,D,20251010,000000,275,275,259,259.9,472334,0
CDR,D,20251013,000000,258.6,259.2,252,255,341459,0
CDR,D,20251014,000000,253.6,254.7,245.7,248.8,345262,0
CDR,D,20251015,000000,248.3,252.3,248.3,251,392596,0
CDR,D,20251016,000000,251.9,257.1,251,252.5,366516,0
CDR,D,20251017,000000,251.7,261.6,243.4,256.9,397019,0
CDR,D,20251020,000000,259,261,252.5,253.2,278470,0
CDR,D,20251021,000000,253.4,262,253.4,258.2,294751,0
CDR,D,20251022,000000,260.4,263.5,258,260.9,199965,0
CDR,D,20251023,000000,260.5,262.7,259.2,260.2,287938,0
CDR,D,20251024,000000,261.1,264,258.5,259.5,159341,0
CDR,D,20251027,000000,262,262.1,253.9,254.8,212382,0
CDR,D,20251028,000000,254.6,262.8,254,259.2,212404,0
CDR,D,20251029,000000,260.4,261.9,256.2,256.8,156459,0
CDR,D,20251030,000000,256.9,259.1,254.4,257.3,135736,0
CDR,D,20251031,000000,257.5,258.7,253.8,253.8,217684,0
CDR,D,20251103,000000,256.1,258.6,253.1,255.4,207782,0
CDR,D,20251104,000000,254,254.8,250.8,252.5,152685,0
CDR,D,20251105,000000,252.4,253.6,249.5,250.2,139884,0
CDR,D,20251106,000000,251.5,253.3,248.7,250,226691,0
CDR,D,20251107,000000,251,252,240.9,242.9,283367,0
CDR,D,20251110,000000,243.2,247.2,243.2,245.6,150326,0
CDR,D,20251112,000000,245.6,246.3,242.3,243.4,203709,0
CDR,D,20251113,000000,245.2,245.7,233.8,237.4,355867,0
CDR,D,20251114,000000,233.1,236.7,230.5,236.7,223023,0
CDR,D,20251117,000000,237,238.2,228.7,230.9,307563,0
CDR,D,20251118,000000,228.8,230.3,225.8,229.8,248987,0
CDR,D,20251119,000000,230.4,230.6,226.4,229.2,212277,0
CDR,D,20251120,000000,230.2,233.2,227.4,227.8,174080,0
CDR,D,20251121,000000,226.1,228.8,223.2,228.2,218360,0
CDR,D,20251124,000000,235,235.3,225.6,230.9,382241,0
CDR,D,20251125,000000,233.7,234.3,229.8,231.5,254345,0
CDR,D,20251126,000000,234.9,243.5,233.2,243,358306,0
CDR,D,20251127,000000,245.8,257.7,240,249.3,766142,0
CDR,D,20251128,000000,249.4,256.8,247.8,256.4,305766,0
CDR,D,20251201,000000,256.8,260.7,253.7,255.8,206137,0
CDR,D,20251202,000000,255.8,258.8,253.5,255.3,174597,0
CDR,D,20251203,000000,257,258.1,251.4,251.9,150449,0
CDR,D,20251204,000000,251.9,255.2,251.1,254.6,134336,0
CDR,D,20251205,000000,255.5,255.6,238.8,238.8,360977,0
CDR,D,20251208,000000,241.1,243.9,234.1,243,315344,0
CDR,D,20251209,000000,243,253.6,239.1,252.8,320382,0
CDR,D,20251210,000000,253.9,254,245.1,245.4,184808,0
CDR,D,20251211,000000,245.4,255,242.7,253,248273,0
CDR,D,20251212,000000,250.4,251.8,244.6,247.7,256186,0
CDR,D,20251215,000000,247.6,251.9,245.2,247.3,220805,0
CDR,D,20251216,000000,246.9,247.3,243.4,244.6,219579,0
CDR,D,20251217,000000,247,247.5,240,240.3,288205,0
CDR,D,20251218,000000,241.2,242.9,238.8,242.7,260940,0
CDR,D,20251219,000000,243.4,247.7,242,242,584907,0
CDR,D,20251222,000000,242.6,248.2,242.6,245.8,205808,0
CDR,D,20251223,000000,245.1,247.3,240.1,240.1,209017,0
CDR,D,20251229,000000,241.2,242.4,238.7,241.5,115050,0
CDR,D,20251230,000000,241,244.5,240.5,241,205596,0
CDR,D,20260102,000000,246.9,247,240,241.7,224702,0
CDR,D,20260105,000000,243,245.5,238.1,239.4,245095,0
CDR,D,20260107,000000,240.7,246.1,235.4,246.1,396896,0
CDR,D,20260108,000000,246.1,246.8,233.8,235,361725,0
CDR,D,20260109,000000,238,240.8,235.7,240.6,310964,0
CDR,D,20260112,000000,241,244.8,239.3,241,171143,0
CDR,D,20260113,000000,241,254.8,240.5,253.5,436848,0
CDR,D,20260114,000000,253.5,255.2,251,254.2,291694,0
CDR,D,20260115,000000,254,274.7,253.2,274.6,595424,0
CDR,D,20260116,000000,274.5,283,274,280.6,671297,0
CDR,D,20260119,000000,277,280.1,275,276.7,285026,0
CDR,D,20260120,000000,276,276.2,265,270.3,278724,0
CDR,D,20260121,000000,271.2,273,263,265,332659,0
CDR,D,20260122,000000,267,271,265.8,270,345518,0
CDR,D,20260123,000000,270,270,267.2,269.6,175918,0
CDR,D,20260126,000000,270,270,264.1,266.4,144897,0
CDR,D,20260127,000000,268.1,268.5,262.4,265.8,237194,0
CDR,D,20260128,000000,266,286,265.3,285.6,535307,0
CDR,D,20260129,000000,286,294,280.1,282.4,518549,0
CDR,D,20260130,000000,282.4,284,257.6,259.8,831187,0
CDR,D,20260202,000000,261,263.8,254.3,259.7,625964,0
CDR,D,20260203,000000,264.7,264.8,246.9,250.7,955386,0
CDR,D,20260204,000000,255,262.7,249.8,251.9,886534,0
CDR,D,20260205,000000,252.9,255.5,248.9,249,574266,0
CDR,D,20260206,000000,245,247,240,240,726737,0
CDR,D,20260209,000000,246.2,251,242.8,248.8,536058,0
CDR,D,20260210,000000,251.5,252,245.2,247.4,562839,0
CDR,D,20260211,000000,250,252.9,241,241.2,423264,0
CDR,D,20260212,000000,243.5,249,242.5,244,319974,0
CDR,D,20260213,000000,244,244.5,238.7,240.7,521334,0
CDR,D,20260216,000000,244.5,244.8,241.2,242.9,130770,0
CDR,D,20260217,000000,243.5,245,239.6,244,262963,0
CDR,D,20260218,000000,246.4,250.5,241,243,233625,0
CDR,D,20260219,000000,244.4,245,241.8,242,176013,0
CDR,D,20260220,000000,242,245.9,241.2,244.3,155610,0
CDR,D,20260223,000000,245,245,240.8,242.2,231296,0
CDR,D,20260224,000000,242.2,243.1,239.3,240,256229,0
CDR,D,20260225,000000,240,250.8,240,249,431718,0
CDR,D,20260226,000000,249.3,251.9,246.8,249.2,220960,0
CDR,D,20260227,000000,250.8,250.8,242.3,242.7,416002,0
CDR,D,20260302,000000,240,245.2,231.7,243.9,295944,0
CDR,D,20260303,000000,243.8,243.8,233.5,235.8,523785,0
CDR,D,20260304,000000,236,247.8,236,247.8,407830,0
CDR,D,20260305,000000,248,250.6,243.7,248.5,269125,0
CDR,D,20260306,000000,249.5,253.4,244.7,245.3,319927,0
CDR,D,20260309,000000,243,252.6,240,246.8,367155,0
CDR,D,20260310,000000,251,256.5,249,249,414938,0
CDR,D,20260311,000000,252,252.1,247.4,247.4,199279,0
CDR,D,20260312,000000,249,250.9,245.6,248,200268,0
CDR,D,20260313,000000,248.4,250.9,244.4,246.9,203799,0
CDR,D,20260316,000000,248,248.7,244.7,246.3,155584,0
CDR,D,20260317,000000,246,248.4,242.6,245.4,184324,0
CDR,D,20260318,000000,247.5,247.8,238.6,238.6,313121,0
CDR,D,20260319,000000,238.5,241.7,231,234.6,465674,0
CDR,D,20260320,000000,249.9,255.8,244,244.5,1262633,0
CDR,D,20260323,000000,243.8,254,241,244,442006,0
CDR,D,20260324,000000,244,245,234.3,235.3,444331,0
CDR,D,20260325,000000,239.9,240.5,236.4,240.3,242165,0
CDR,D,20260326,000000,240,240.1,232.8,234.7,283469,0
CDR,D,20260327,000000,237.8,237.9,232,235.2,317473,0
CDR,D,20260330,000000,235.2,235.4,231.8,231.8,244352,0
CDR,D,20260331,000000,234.6,238.3,232.3,236.6,204570,0
CDR,D,20260401,000000,239.9,244.4,239,241,319225,0
CDR,D,20260402,000000,239.2,244,236.7,243.8,194156,0
CDR,D,20260407,000000,243.8,249.7,241,243.3,270314,0
CDR,D,20260408,000000,249.8,256.3,248,252.6,472208,0
CDR,D,20260409,000000,252,252.2,244,244.1,269994,0
CDR,D,20260410,000000,246,247.3,240.8,246.4,183084,0
CDR,D,20260413,000000,246.2,246.2,240.1,245.1,234347,0
CDR,D,20260414,000000,246,261,245.4,260.2,543450,0
CDR,D,20260415,000000,260.2,273.5,258.3,271,525597,0
CDR,D,20260416,000000,270,278.8,269,277.7,569337,0
CDR,D,20260417,000000,277.4,291,265.6,288.4,733013,0
CDR,D,20260420,000000,285,286.2,273,282.1,518699,0
CDR,D,20260421,000000,282.1,285,280.2,282.2,244626,0
CDR,D,20260422,000000,283.6,297,283.4,293.1,701753,0
CDR,D,20260423,000000,293,293,283,283.7,311722,0
CDR,D,20260424,000000,282.8,285.2,277,278.9,273843,0
CDR,D,20260427,000000,278,280,275.1,279.9,169897,0
CDR,D,20260428,000000,281.1,282.6,277.4,277.5,136925,0
CDR,D,20260429,000000,277.5,281,275.3,276.2,282965,0
CDR,D,20260430,000000,276,279.4,273.3,275.6,212647,0
CDR,D,20260504,000000,276,279.5,264.2,264.2,248814,0
CDR,D,20260505,000000,265,266,260.3,262.2,225070,0
CDR,D,20260506,000000,265,272,262.3,267.1,384869,0
CDR,D,20260507,000000,268.1,268.2,261.6,266,290934,0
CDR,D,20260508,000000,266.4,266.4,260,260.8,190580,0
CDR,D,20260511,000000,261,262.3,257.7,260.7,162036,0
CDR,D,20260512,000000,262,262.9,255,255.5,193262,0
CDR,D,20260513,000000,259.8,259.9,254.4,256.1,152032,0
CDR,D,20260514,000000,260,267.3,258.5,259.3,342048,0
CDR,D,20260515,000000,258,260.2,254.8,257.8,170272,0
CDR,D,20260518,000000,261,265.8,257.9,262.9,456974,0
CDR,D,20260519,000000,266.3,267.5,258.9,260.3,274602,0
CDR,D,20260520,000000,260.2,260.4,255.6,257.2,277032,0
CDR,D,20260521,000000,255,257.6,249.3,255,308796,0
CDR,D,20260522,000000,259,261.6,255.6,256,196657,0
CDR,D,20260525,000000,260,260.3,255.3,255.8,193747,0
CDR,D,20260526,000000,257.4,257.7,252,252,218979,0
CDR,D,20260527,000000,257.5,262.8,231.8,233,2024887,0
CDR,D,20260528,000000,236,236.8,228.1,228.2,628912,0
CDR,D,20260529,000000,232.5,236.9,229.1,232.6,785477,0
CDR,D,20260601,000000,238.2,238.2,225.6,225.9,576359,0
CDR,D,20260602,000000,229.6,231.4,226.2,227.4,460662,0
CDR,D,20260603,000000,227.7,228.8,223.2,227.5,450024,0
CDR,D,20260605,000000,228,230.6,227,227.8,331386,0
CDR,D,20260608,000000,225.4,227.4,223.6,227.1,316526,0
CDR,D,20260609,000000,227.1,227.6,224,225.5,272191,0
CDR,D,20260610,000000,226.8,227.3,220.2,221.4,340660,0
CDR,D,20260611,000000,221.4,224.1,218.6,220.6,444571,0
CDR,D,20260612,000000,221.5,225.4,219.1,220.9,352588,0
CDR,D,20260615,000000,225,227.5,222.2,222.5,485341,0
CDR,D,20260616,000000,222.5,229.6,220.7,222.9,548411,0
CDR,D,20260617,000000,223,228.6,223,224.7,422858,0
CDR,D,20260618,000000,225,227,220.3,223,462609,0
CDR,D,20260619,000000,224.6,227,223.1,224.1,650905,0
CDR,D,20260622,000000,226.3,232,223.5,229.5,360494,0
CDR,D,20260623,000000,230,230.5,225.9,228.7,263429,0
CDR,D,20260624,000000,228.7,228.7,222.2,226,431443,0
CDR,D,20260625,000000,227.5,228.3,221.4,223.4,385735,0
CDR,D,20260626,000000,223.4,223.4,211.3,217.4,497372,0
CDR,D,20260629,000000,217.5,223.8,213.8,221.1,317941,0
CDR,D,20260630,000000,220,226.6,219.9,224.4,283157,0
CDR,D,20260701,000000,226,226.2,221.7,224.5,237374,0
CDR,D,20260702,000000,225.4,234,224.4,232.5,331375,0
CDR,D,20260703,000000,232.9,234,230.7,233.4,180224,0
CDR,D,20260706,000000,234.4,237.2,233.2,233.3,187840,0
CDR,D,20260707,000000,232.5,238.4,230.4,237.5,408105,0
CDR,D,20260708,000000,237.3,237.5,230.2,234.5,346343,0
CDR,D,20260709,000000,236,236.6,230.6,231.5,201453,0
CDR,D,20260710,000000,232.9,235.2,232.2,233,195827,0
CDR,D,20260713,000000,233,234.2,229.8,231,179174,0
CDR,D,20260714,000000,232,232.9,225.5,231.6,235256,0
CDR,D,20260715,000000,231.6,232.8,227.5,231.9,269350,0
CDR,D,20260716,000000,232,239.8,231.3,234.6,305758,0
CDR,D,20260717,000000,233.1,235.8,231.4,232.2,305435,0
CDR,D,20260720,000000,232.4,234.5,229,230.4,152145,0
CDR,D,20260721,000000,231.9,233.2,228.5,230.9,218091,0
CDR,D,20260722,000000,232,235.5,228.7,233,212314,0
CDR,D,20260723,000000,232.8,232.9,225,226.3,300155,0
CDR,D,20260724,000000,226.5,229.8,225.2,226.2,303602,0
CDR,D,20260727,000000,229.6,235.7,228.9,234.5,247016,0
CDR,D,20260728,000000,234.5,237.9,233.3,237.7,253091,0
CDR,D,20260729,000000,238,253.3,237.8,253,797113,0
CDR,D,20260730,000000,249.8,256.7,248,252.9,306683,0
CDR,D,20260731,000000,252.5,254.6,248.3,249.9,305586,0
CDR,D,20260803,000000,250.6,255.3,249.5,253.8,266693,0
CDR,D,20260804,000000,253.3,257.3,252.5,257.3,322917,0
CDR,D,20260805,000000,257.3,258.3,250,253.5,231752,0
CDR,D,20260806,000000,255,255,248,248.5,265368,0
CDR,D,20260807,000000,248,259.6,248,256.1,320086,0
CDR,D,20260810,000000,256.6,259,253.7,257.1,267702,0
CDR,D,20260811,000000,257.1,264,256,260.5,478428,0
CDR,D,20260812,000000,260.7,268,257.2,266.4,371606,0
CDR,D,20260813,000000,266.4,269,260.6,261.2,398005,0
CDR,D,20260814,000000,263.6,266.5,258,263.1,200723,0
CDR,D,20260817,000000,263.1,264.3,255,257.8,201367,0
CDR,D,20260818,000000,257.8,265.8,255.6,258.3,240826,0
