<TICKER>,<PER>,<DATE>,<TIME>,<OPEN>,<HIGH>,<LOW>,<CLOSE>,<VOL>,<OPENINT>
DIG,D,20101130,000000,9.89856,9.89856,8.92474,9.17688,42228.09888774098,0
DIG,D,20101201,000000,9.21002,9.21002,8.26051,8.63388,17289.699565113726,0
DIG,D,20101202,000000,8.37527,8.77772,8.3292,8.4383,83462.5226573327,0
DIG,D,20101203,000000,8.63388,8.63388,8.31789,8.57083,13759.244880082186,0
DIG,D,20101206,000000,8.36396,8.37527,8.3292,8.34698,6268.939163818202,0
DIG,D,20101207,000000,8.3292,8.34698,8.2896,8.34698,1285.7141317029677,0
DIG,D,20101208,000000,8.2896,8.43264,8.07061,8.34698,6695.860603122848,0
DIG,D,20101209,000000,8.16838,8.30657,8.11586,8.30657,3644.300402180128,0
DIG,D,20101210,000000,8.11586,8.14495,8.10455,8.14495,4402.859365350406,0
DIG,D,20101213,000000,8.19748,8.49083,8.19748,8.49083,6709.472591042739,0
DIG,D,20101214,000000,8.57649,8.61691,8.57649,8.59992,8289.700643193497,0
DIG,D,20101215,000000,8.25405,8.59992,8.25405,8.59992,12146.843038301857,0
DIG,D,20101216,000000,8.55951,8.59992,8.55951,8.59992,15298.636968473273,0
DIG,D,20101217,000000,8.59992,9.45738,8.59992,9.45092,13790.181216263902,0
DIG,D,20101220,000000,9.73377,9.73377,8.81895,8.81895,1708.9232106657857,0
DIG,D,20101221,000000,9.54946,9.54946,8.59992,8.81895,19580.22589599176,0
DIG,D,20101222,000000,8.83591,8.83591,8.40437,8.80113,1711.3981175603012,0
DIG,D,20101223,000000,8.3979,8.62337,8.21445,8.52477,6720.6096720681135,0
DIG,D,20101227,000000,8.46738,8.69208,8.46738,8.52477,1742.3344537418004,0
DIG,D,20101228,000000,8.5191,8.5191,8.5191,8.5191,14210.915388331552,0
DIG,D,20101229,000000,8.5191,8.77041,8.5191,8.63465,631.1012581025077,0
DIG,D,20101230,000000,8.77686,8.80113,8.63465,8.80113,456.62032203887605,0
DIG,D,20101231,000000,8.80759,8.80759,8.74621,8.80759,13015.535358279109,0
DIG,D,20110103,000000,9.31352,9.31352,8.63388,8.64034,3280.489088685793,0
DIG,D,20110104,000000,8.74862,8.74862,8.52477,8.52477,10665.611261932374,0
DIG,D,20110105,000000,8.74458,8.74458,8.43264,8.59427,4027.910970830696,0
DIG,D,20110107,000000,8.59992,8.59992,8.37527,8.59427,8730.23407041803,0
DIG,D,20110110,000000,8.59992,8.59992,8.30657,8.5191,4067.509481143054,0
DIG,D,20110111,000000,8.59992,8.6282,8.34698,8.59992,10158.255348555807,0
DIG,D,20110112,000000,8.57649,8.57649,8.57083,8.57083,127.45770506775933,0
DIG,D,20110113,000000,8.59427,8.59427,8.59427,8.59427,1.2374534472598593,0
DIG,D,20110114,000000,8.5191,8.60557,8.38658,8.57649,3693.7985400705484,0
DIG,D,20110117,000000,8.61691,8.80682,8.57649,8.67993,6254.089722451109,0
DIG,D,20110118,000000,8.79545,8.79545,8.79545,8.79545,58.16031202121089,0
DIG,D,20110119,000000,8.79545,8.79545,8.58295,8.58295,183.1431101944579,0
DIG,D,20110120,000000,8.79545,8.80682,8.60557,8.79545,5707.135298762294,0
DIG,D,20110121,000000,8.79545,9.14133,8.34698,9.14133,5989.2746847375065,0
DIG,D,20110124,000000,9.12919,9.12919,8.74862,9.07754,222.74162050676165,0
DIG,D,20110125,000000,9.06618,9.06618,8.4383,8.53042,14283.925141719708,0
DIG,D,20110126,000000,8.40921,8.87628,8.1797,8.1797,2481.0941617559533,0
DIG,D,20110127,000000,8.57649,8.57649,8.26051,8.26051,1757.183895108894,0
DIG,D,20110128,000000,8.80682,8.80682,8.20799,8.80113,3596.0397177370196,0
DIG,D,20110131,000000,8.70902,8.70902,8.63465,8.63465,8753.745685915985,0
DIG,D,20110201,000000,8.63388,8.63388,8.63388,8.63388,2.4749068945196107,0
DIG,D,20110202,000000,8.6282,8.63388,8.51345,8.62337,10249.826903653102,0
DIG,D,20110203,000000,8.63388,8.69208,8.46173,8.69208,4783.995027106459,0
DIG,D,20110204,000000,8.66297,8.66297,8.46173,8.46173,33.41124307601479,0
DIG,D,20110207,000000,8.63388,8.63388,8.63388,8.63388,6320.912208603139,0
DIG,D,20110208,000000,8.62337,8.74862,8.46173,8.63388,13852.05388862625,0
DIG,D,20110209,000000,8.63388,8.63388,8.63388,8.63388,5350.748705951398,0
DIG,D,20110210,000000,8.6282,8.65652,8.34698,8.6282,11734.77104036539,0
DIG,D,20110211,000000,8.6282,8.6282,8.62337,8.62337,452.9079616970918,0
DIG,D,20110214,000000,8.6282,8.86415,8.60557,8.60557,5494.2933058336275,0
DIG,D,20110215,000000,8.69208,8.86415,8.69208,8.80682,5842.0177245135565,0
DIG,D,20110216,000000,8.80682,8.97976,8.80682,8.86415,7890.003179728631,0
DIG,D,20110217,000000,8.96839,9.07754,8.86415,8.86415,6318.437301708624,0
DIG,D,20110218,000000,9.06058,9.07754,8.86415,8.86415,6135.294191514144,0
DIG,D,20110221,000000,8.92234,9.17533,8.89893,9.09528,4960.950870064595,0
DIG,D,20110222,000000,9.17533,9.20357,9.17042,9.20357,7041.110114908371,0
DIG,D,20110223,000000,9.09528,9.31916,9.09528,9.21002,8908.427366823373,0
DIG,D,20110224,000000,9.21002,9.47999,9.20357,9.44686,5978.137603712133,0
DIG,D,20110225,000000,9.47999,9.54375,9.47999,9.54375,2429.1211169710173,0
DIG,D,20110228,000000,9.22052,9.76839,9.22052,9.72475,5839.542817619042,0
DIG,D,20110301,000000,9.67062,9.76839,9.46947,9.46947,6396.396868886027,0
DIG,D,20110302,000000,9.4404,9.76839,9.4404,9.72804,6835.69284266325,0
DIG,D,20110303,000000,9.75074,9.76839,9.72242,9.75074,6447.132460223651,0
DIG,D,20110304,000000,9.74502,9.76839,9.74017,9.76839,6782.482344431111,0
DIG,D,20110307,000000,9.90012,9.90012,9.5551,9.69896,2106.145767236244,0
DIG,D,20110308,000000,9.67062,9.90012,9.67062,9.90012,5220.816093989166,0
DIG,D,20110309,000000,9.90012,9.90012,9.69896,9.89527,4435.033154979216,0
DIG,D,20110310,000000,9.89527,9.89527,9.88964,9.88964,4512.992722156512,0
DIG,D,20110311,000000,9.89527,9.89527,9.88964,9.88964,3649.2502159691594,0
DIG,D,20110314,000000,10.0157,10.1305,9.84929,10.0845,19814.104597523976,0
DIG,D,20110315,000000,10.0845,10.1022,9.84929,10.0157,7109.170054507604,0
DIG,D,20110316,000000,10.0157,10.0157,9.87267,9.98741,811.7694614024391,0
DIG,D,20110317,000000,9.98431,10.1256,9.98431,10.0706,5629.175731584891,0
DIG,D,20110318,000000,10.1248,10.3608,9.87267,10.1887,9186.854392456864,0
DIG,D,20110321,000000,10.0845,10.1887,10.0845,10.1708,5420.046098998051,0
DIG,D,20110322,000000,10.1708,10.1708,10.1708,10.1708,639.7634322333232,0
DIG,D,20110323,000000,10.1482,10.1887,10.1305,10.1887,3478.481640247366,0
DIG,D,20110324,000000,10.2169,10.2169,9.70467,10.1305,4293.9634619916105,0
DIG,D,20110325,000000,9.33124,9.78624,9.32478,9.77974,8935.651342663152,0
DIG,D,20110328,000000,9.77412,9.77412,9.29009,9.7167,367.5236738361627,0
DIG,D,20110329,000000,9.63593,9.63593,9.26748,9.60687,1491.1314039480876,0
DIG,D,20110330,000000,9.58334,9.58334,9.27394,9.38218,199.23000500883094,0
DIG,D,20110331,000000,9.66416,9.66416,9.01695,9.49207,2585.0402513257172,0
DIG,D,20110401,000000,9.49207,9.49207,9.32478,9.49207,322.97534973481686,0
DIG,D,20110404,000000,9.49207,9.49771,9.49207,9.49771,118.79553093694389,0
DIG,D,20110405,000000,9.26748,9.5551,9.26748,9.5551,194.28019121978892,0
DIG,D,20110406,000000,9.5551,9.78624,9.46947,9.76267,5422.521005892567,0
DIG,D,20110407,000000,9.76267,9.78624,9.75714,9.78624,2182.867880966336,0
DIG,D,20110408,000000,9.75714,9.75714,9.40561,9.69415,741.2346149086253,0
DIG,D,20110411,000000,9.75714,9.75714,9.49771,9.69415,8747.558418679642,0
DIG,D,20110412,000000,9.72475,9.72475,9.49207,9.72475,3290.3887162638553,0
DIG,D,20110413,000000,9.78624,9.78624,9.77974,9.78624,6534.991654979118,0
DIG,D,20110414,000000,9.78624,9.78624,9.78624,9.78624,1.2374534472598593,0
DIG,D,20110415,000000,9.78624,9.78624,9.78624,9.78624,1.2374534472598593,0
DIG,D,20110418,000000,9.78624,9.78624,9.78624,9.78624,1.2374534472598593,0
DIG,D,20110419,000000,9.77974,9.78624,9.49771,9.75074,1978.6880621684195,0
DIG,D,20110420,000000,9.75714,9.75714,9.70467,9.70467,8211.7410760162,0
DIG,D,20110421,000000,9.70467,9.70467,9.70467,9.70467,173.24348261637377,0
DIG,D,20110426,000000,9.70467,9.70467,9.49771,9.49771,5173.792862993261,0
DIG,D,20110427,000000,9.49771,9.49771,9.22138,9.49771,907.0533768414415,0
DIG,D,20110428,000000,9.49771,9.68761,9.49771,9.67062,8951.738237477557,0
DIG,D,20110429,000000,9.67062,9.67062,9.67062,9.67062,49.4981378903922,0
DIG,D,20110502,000000,9.29655,9.67062,9.29655,9.5551,1493.606310842603,0
DIG,D,20110504,000000,9.53489,9.76839,9.53489,9.67062,894.6788423688527,0
DIG,D,20110505,000000,9.72475,9.78052,9.72475,9.78052,2189.0551482025708,0
DIG,D,20110506,000000,9.78052,9.78702,9.5898,9.78052,2620.9264012962476,0
DIG,D,20110509,000000,9.64156,9.78624,9.64156,9.77412,5507.90529375341,0
DIG,D,20110510,000000,9.77412,10.0149,9.77412,9.78052,14078.507869474586,0
DIG,D,20110511,000000,9.76839,9.76839,9.70059,9.70059,3673.9992849144232,0
DIG,D,20110512,000000,9.71349,9.76839,9.71349,9.76839,5979.375057159445,0
DIG,D,20110513,000000,9.78702,9.95919,9.75627,9.78052,4516.705082498339,0
DIG,D,20110516,000000,9.70709,9.89856,9.70059,9.78702,5410.14647141988,0
DIG,D,20110517,000000,9.89856,9.95919,9.76839,9.86694,11439.019666469747,0
DIG,D,20110518,000000,9.94706,9.95919,9.79342,9.89856,7616.525967884169,0
DIG,D,20110519,000000,9.95919,10.2921,9.95919,10.2921,12073.8332849137,0
DIG,D,20110520,000000,9.86054,10.6372,9.86054,10.1749,9454.144337064981,0
DIG,D,20110523,000000,10.4706,10.5878,10.2744,10.5758,2460.0574531525167,0
DIG,D,20110524,000000,10.5758,10.7357,10.3479,10.5943,11875.840733352452,0
DIG,D,20110525,000000,10.465,10.465,10.1628,10.3479,3797.7446296404205,0
DIG,D,20110526,000000,10.3479,10.4706,10.3479,10.3479,1762.1337088980335,0
DIG,D,20110527,000000,10.4399,10.5628,10.2243,10.2243,28815.340972892063,0
DIG,D,20110530,000000,10.2243,10.2679,10.2243,10.2679,1785.6453243958774,0
DIG,D,20110531,000000,9.85404,10.2857,9.85404,10.2857,1900.7284949911239,0
DIG,D,20110601,000000,10.4585,10.4585,9.85404,9.85404,67734.48934266058,0
DIG,D,20110602,000000,10.4465,10.4465,10.4335,10.4465,3206.241881850216,0
DIG,D,20110603,000000,10.3479,10.465,10.2243,10.465,13180.116666764017,0
DIG,D,20110606,000000,10.4764,10.4764,10.1564,10.465,5384.159949027413,0
DIG,D,20110607,000000,10.465,10.465,10.465,10.465,28.461429286976003,0
DIG,D,20110608,000000,10.465,10.465,10.0764,10.1628,2400.659687684034,0
DIG,D,20110609,000000,10.0764,10.3843,10.0764,10.3843,11.137081025338626,0
DIG,D,20110610,000000,10.4585,10.4585,10.4585,10.4585,7.424720683558939,0
DIG,D,20110613,000000,10.4585,10.4585,10.3778,10.3778,24.7490689451961,0
DIG,D,20110614,000000,10.4585,10.4585,10.4585,10.4585,7.424720683558939,0
DIG,D,20110615,000000,10.373,10.373,10.0764,10.0764,258.6277704773029,0
DIG,D,20110616,000000,10.3665,10.3665,10.3665,10.3665,7.424720683558939,0
DIG,D,20110617,000000,10.3479,10.3665,10.3349,10.3665,4984.462485562547,0
DIG,D,20110620,000000,10.4335,10.4335,10.4335,10.4335,51.97304478491214,0
DIG,D,20110621,000000,10.4092,10.4092,10.1313,10.255,5173.792862993261,0
DIG,D,20110622,000000,10.4465,10.4465,10.1564,10.1564,2424.171303181986,0
DIG,D,20110624,000000,10.4465,10.4465,10.2857,10.4465,1629.7261900411781,0
DIG,D,20110627,000000,10.4092,10.4092,9.72475,10.2857,4817.406270182473,0
DIG,D,20110628,000000,10.4092,10.4092,10.2243,10.3778,1629.7261900411781,0
DIG,D,20110629,000000,10.4028,10.4028,10.3479,10.4028,1060.4976043016688,0
DIG,D,20110630,000000,10.4214,10.4214,10.0149,10.4092,3881.8914640540593,0
DIG,D,20110701,000000,10.4157,10.4157,10.1628,10.3972,1810.3943933411422,0
DIG,D,20110704,000000,10.4214,10.4214,10.4214,10.4214,7.424720683558939,0
DIG,D,20110705,000000,10.4214,10.4214,9.98984,10.3665,1622.301469357631,0
DIG,D,20110706,000000,10.3665,10.3665,9.85404,10.3293,921.9028182085675,0
DIG,D,20110707,000000,10.1628,10.1628,9.95269,9.95269,2818.9189528578204,0
DIG,D,20110708,000000,10.3778,10.3778,10.1628,10.1628,34.64869652327476,0
DIG,D,20110711,000000,9.85404,10.2857,9.85404,10.1014,2429.1211169710173,0
DIG,D,20110712,000000,10.1628,10.1628,9.85404,10.1628,76.72211373010823,0
DIG,D,20110713,000000,10.1628,10.1628,9.73774,9.85404,1564.1411573364605,0
DIG,D,20110714,000000,9.85404,10.1564,9.85404,10.1564,1726.2475589273947,0
DIG,D,20110715,000000,10.1564,10.1564,10.0706,10.1313,2393.2349670004874,0
DIG,D,20110718,000000,10.1313,10.1313,9.68843,10.0335,4296.438368886126,0
DIG,D,20110719,000000,9.79342,9.79342,9.12196,9.51552,6216.966119033375,0
DIG,D,20110720,000000,9.52843,9.52843,8.8997,9.24478,4100.920724219069,0
DIG,D,20110721,000000,8.7648,9.54707,8.7648,9.54707,2337.5495618738323,0
DIG,D,20110722,000000,8.86983,10.1564,8.86983,10.1564,2352.3990032409256,0
DIG,D,20110725,000000,9.43634,10.1564,9.43634,10.1564,1627.2512831466624,0
DIG,D,20110726,000000,10.1564,10.1564,10.0706,10.1256,2130.8948361813996,0
DIG,D,20110727,000000,9.73125,10.1628,9.73125,9.73125,2021.9989328224967,0
DIG,D,20110728,000000,10.1564,10.2857,9.73125,10.2857,3005.7744233941276,0
DIG,D,20110729,000000,10.2857,10.4092,10.1014,10.4092,2276.9143429580377,0
DIG,D,20110801,000000,10.4092,10.4092,10.2243,10.3479,1726.2475589273947,0
DIG,D,20110802,000000,10.3479,10.3479,10.3479,10.3479,2.4749068945196107,0
DIG,D,20110803,000000,10.3171,10.3171,10.1628,10.2121,815.4818217442235,0
DIG,D,20110804,000000,10.3479,10.3479,9.71349,10.2243,934.2773526811671,0
DIG,D,20110805,000000,9.47915,10.082,9.23915,10.0392,2955.038832056395,0
DIG,D,20110808,000000,10.0392,10.0392,9.36197,9.36197,1654.475258986334,0
DIG,D,20110809,000000,10.2243,10.2243,8.62337,8.62337,3021.8613182084246,0
DIG,D,20110810,000000,9.48552,9.48552,9.48552,9.48552,1.2374534472598593,0
DIG,D,20110811,000000,9.23269,9.23269,9.23269,9.23269,211.60453948143063,0
DIG,D,20110812,000000,9.23269,9.23269,8.74621,8.93042,1629.7261900411781,0
DIG,D,20110816,000000,9.22621,9.22621,8.64111,8.80759,5432.42063347063,0
DIG,D,20110817,000000,9.22621,9.22621,8.62337,8.62337,4057.609853564992,0
DIG,D,20110818,000000,8.62337,8.62337,8.62337,8.62337,94.04646199174563,0
DIG,D,20110819,000000,8.62337,8.62337,8.56194,8.56194,164.58130848555837,0
DIG,D,20110822,000000,8.62337,8.62337,8.56194,8.56194,168.29366882733174,0
DIG,D,20110823,000000,8.61691,8.61691,8.16111,8.49891,184.38056364171567,0
DIG,D,20110824,000000,8.61691,8.61691,8.25324,8.25324,207.89217913964637,0
DIG,D,20110825,000000,8.25324,8.4383,8.13041,8.13041,1048.1230698290692,0
DIG,D,20110826,000000,8.42618,8.42618,8.42618,8.42618,3.7123603417794695,0
DIG,D,20110829,000000,8.31547,8.31547,8.31547,8.31547,256.1528635827873,0
DIG,D,20110830,000000,8.31547,8.31547,8.31547,8.31547,245.0157825574454,0
DIG,D,20110831,000000,8.31547,8.73408,8.19183,8.73408,5730.646914260247,0
DIG,D,20110901,000000,8.73408,8.92474,8.73408,8.80759,1540.629541838508,0
DIG,D,20110902,000000,8.80113,8.80759,8.67753,8.80759,33095.69244696433,0
DIG,D,20110905,000000,8.92474,8.93042,8.80759,8.80759,371.236034177947,0
DIG,D,20110906,000000,8.93042,8.93042,8.80759,8.80759,34.64869652327476,0
DIG,D,20110907,000000,7.94616,8.53688,7.94616,8.53042,524.6802616381634,0
DIG,D,20110908,000000,8.54255,8.80759,8.54255,8.68399,5280.213859457648,0
DIG,D,20110909,000000,8.80759,9.20761,8.80759,9.20761,1747.2842675308318,0
DIG,D,20110912,000000,9.23269,9.23269,8.62897,8.86337,1686.6490486151451,0
DIG,D,20110913,000000,8.85046,8.85046,8.39547,8.64843,783.3080321154664,0
DIG,D,20110914,000000,8.64111,8.64111,8.64111,8.64111,3.7123603417794695,0
DIG,D,20110915,000000,8.61691,8.61691,8.58619,8.58619,101.47118267530543,0
DIG,D,20110916,000000,8.57973,8.57973,8.57973,8.57973,3.7123603417794695,0
DIG,D,20110919,000000,8.54255,8.54255,8.54255,8.54255,3.7123603417794695,0
DIG,D,20110920,000000,8.42618,9.0234,8.42618,8.99835,1643.3381779610681,0
DIG,D,20110921,000000,9.0234,9.0234,8.92474,8.93042,11118.519223628946,0
DIG,D,20110922,000000,8.93042,8.93042,8.62337,8.62337,1148.356799057081,0
DIG,D,20110923,000000,8.62337,8.62337,8.25324,8.62337,1071.634685327,0
DIG,D,20110926,000000,8.59184,8.62337,8.5482,8.56194,2539.254473777124,0
DIG,D,20110927,000000,8.62337,8.93042,8.56194,8.92474,2029.423653506152,0
DIG,D,20110928,000000,8.92474,8.92474,8.86983,8.86983,773.4084045373824,0
DIG,D,20110929,000000,8.86983,8.86983,8.4383,8.86983,1221.3665524454536,0
DIG,D,20110930,000000,8.86906,8.86906,8.62579,8.86906,7188.367075132321,0
DIG,D,20111003,000000,8.93042,8.99267,8.86983,8.86983,1155.7815197406278,0
DIG,D,20111004,000000,8.99267,8.99267,8.98621,8.98621,655.850327047707,0
DIG,D,20111005,000000,8.99267,8.99267,8.99267,8.99267,4.949813789039221,0
DIG,D,20111006,000000,8.99267,8.99267,8.99267,8.99267,4.949813789039221,0
DIG,D,20111007,000000,9.1155,9.1155,8.56194,8.99267,67109.57535179405,0
DIG,D,20111010,000000,8.99267,9.1155,8.93042,9.1155,1628.4887365938662,0
DIG,D,20111011,000000,8.80759,9.05404,8.80759,9.05404,16.086894814377413,0
DIG,D,20111012,000000,9.04845,9.04845,9.04845,9.04845,3.7123603417794695,0
DIG,D,20111013,000000,8.99835,8.99835,8.54255,8.99835,200.46745845608876,0
DIG,D,20111014,000000,8.99835,8.99835,8.65402,8.65402,13646.636616381127,0
DIG,D,20111017,000000,8.62337,8.68399,8.62337,8.62337,3489.618721272632,0
DIG,D,20111018,000000,8.62337,8.62337,8.62337,8.62337,3524.2674177959584,0
DIG,D,20111019,000000,8.5482,8.99267,8.54255,8.54255,16.086894814377413,0
DIG,D,20111020,000000,8.99267,8.99267,8.99267,8.99267,3.7123603417794695,0
DIG,D,20111021,000000,8.99267,8.99267,8.99267,8.99267,3.7123603417794695,0
DIG,D,20111024,000000,8.99267,8.99267,8.99267,8.99267,12.374534472598594,0
DIG,D,20111025,000000,8.93042,8.93042,8.93042,8.93042,3.7123603417794695,0
DIG,D,20111026,000000,8.93042,8.93042,8.93042,8.93042,7.424720683558939,0
DIG,D,20111027,000000,8.93042,8.93042,8.56194,8.92474,816.7192751914811,0
DIG,D,20111028,000000,8.92474,8.92474,8.62337,8.92474,29849.852054801533,0
DIG,D,20111031,000000,9.23915,9.23915,8.92474,8.92474,220.26671361224606,0
DIG,D,20111102,000000,8.86983,8.86983,8.86983,8.86983,3.7123603417794695,0
DIG,D,20111103,000000,8.74621,9.74424,8.74621,9.73125,5563.5906988801735,0
DIG,D,20111104,000000,9.54707,10.2857,9.42416,10.2857,3191.392440483123,0
DIG,D,20111107,000000,10.1014,10.2857,10.1014,10.2857,10948.98810135479,0
DIG,D,20111108,000000,10.2857,10.545,10.1628,10.5321,1549.2917159692586,0
DIG,D,20111109,000000,10.545,10.545,10.4092,10.5385,2379.622979080597,0
DIG,D,20111110,000000,10.5385,10.5385,10.4092,10.4706,1378.5231402474653,0
DIG,D,20111114,000000,10.4706,10.4706,10.465,10.465,1321.600281673498,0
DIG,D,20111115,000000,10.4706,10.4706,9.94706,10.465,5967.000522686866,0
DIG,D,20111116,000000,10.5257,10.5257,10.4399,10.4706,10071.633607247655,0
DIG,D,20111117,000000,10.4706,10.5385,10.4028,10.4028,2133.3697430759157,0
DIG,D,20111118,000000,10.4706,10.4706,10.0092,10.0092,811.7694614024391,0
DIG,D,20111121,000000,10.5385,10.5385,10.465,10.465,325.4502566293325,0
DIG,D,20111122,000000,10.465,10.465,10.465,10.465,3.7123603417794695,0
DIG,D,20111123,000000,10.465,10.465,9.90991,10.465,18429.394190040384,0
DIG,D,20111124,000000,10.465,10.465,10.3479,10.4399,169.53112227458956,0
DIG,D,20111125,000000,10.4092,10.4092,9.94134,10.3972,3364.6359230994317,0
DIG,D,20111128,000000,10.465,10.465,9.91631,9.94706,2599.8896926929187,0
DIG,D,20111129,000000,9.94706,9.94706,9.94706,9.94706,195.51764466704674,0
DIG,D,20111130,000000,9.67303,10.1514,9.67303,10.1514,5306.200381850117,0
DIG,D,20111201,000000,10.465,10.465,10.3843,10.3843,132.40751885680137,0
DIG,D,20111202,000000,10.0092,10.3843,10.0092,10.3843,3.7123603417794695,0
DIG,D,20111205,000000,10.4585,10.4585,9.94706,10.1014,1450.295440188526,0
DIG,D,20111206,000000,10.2857,10.2857,9.85404,10.1628,1421.8340109015426,0
DIG,D,20111207,000000,10.2857,10.2857,10.0392,10.1014,1027.086361225643,0
DIG,D,20111208,000000,10.3349,10.3349,10.0392,10.0392,1253.5403420741566,0
DIG,D,20111209,000000,10.1564,10.1628,10.1564,10.1628,5571.015419563721,0
DIG,D,20111212,000000,10.3293,10.3293,9.82417,9.82417,509.8308202710482,0
DIG,D,20111213,000000,10.3293,10.3293,9.97209,9.97209,2314.0379463758795,0
DIG,D,20111214,000000,10.3293,10.3293,9.85404,9.85404,2041.7981879787299,0
DIG,D,20111215,000000,9.85404,9.85404,9.85404,9.85404,39.59851031231463,0
DIG,D,20111216,000000,10.2801,10.3099,10.1564,10.1628,13602.088292280063,0
DIG,D,20111219,000000,10.3349,10.3349,10.2857,10.2857,655.850327047707,0
DIG,D,20111220,000000,10.4521,10.4521,10.2493,10.4399,26163.4782354141,0
DIG,D,20111221,000000,10.4092,10.465,10.4092,10.4399,31535.263649968932,0
DIG,D,20111222,000000,10.4585,10.465,10.3778,10.4585,43078.22940600855,0
DIG,D,20111223,000000,10.465,10.465,10.465,10.465,60.635218915730825,0
DIG,D,20111227,000000,10.4585,10.4585,10.1628,10.4521,749.8967890394516,0
DIG,D,20111228,000000,10.4521,10.4521,10.4521,10.4521,2.4749068945196107,0
DIG,D,20111229,000000,10.4585,10.4585,10.3778,10.4028,366.28622038890495,0
DIG,D,20111230,000000,10.3487,10.4635,10.1661,10.1661,1880.9292398348907,0
DIG,D,20120102,000000,10.4585,10.4585,10.2243,10.2243,70.53484649380948,0
DIG,D,20120103,000000,10.4585,10.4585,10.4585,10.4585,3.7123603417794695,0
DIG,D,20120104,000000,10.4585,10.4585,10.2372,10.2372,56.922858573952006,0
DIG,D,20120105,000000,10.2372,10.2372,10.2372,10.2372,7.424720683558939,0
DIG,D,20120109,000000,10.4521,10.4521,10.4521,10.4521,3.7123603417794695,0
DIG,D,20120110,000000,10.4521,10.4521,10.4521,10.4521,3.7123603417794695,0
DIG,D,20120111,000000,10.2857,10.2857,10.2857,10.2857,14.849441367117445,0
DIG,D,20120112,000000,10.2857,10.2857,10.255,10.255,2003.4371311136838,0
DIG,D,20120113,000000,10.2857,10.2857,10.0706,10.0706,181.90565674718923,0
DIG,D,20120116,000000,9.88566,10.2857,9.88566,10.2857,214.07944637594625,0
DIG,D,20120117,000000,10.2857,10.2857,10.2614,10.2614,16034.921769592476,0
DIG,D,20120118,000000,10.2857,10.4465,10.2857,10.4465,2348.686642899098,0
DIG,D,20120119,000000,10.4465,10.4465,10.4465,10.4465,803.1072872716237,0
DIG,D,20120120,000000,10.4465,10.7786,10.4465,10.7786,9210.366007954815,0
DIG,D,20120123,000000,10.8409,10.9628,10.8409,10.8409,773.4084045373824,0
DIG,D,20120124,000000,10.9015,10.9015,10.8409,10.8409,14.849441367117445,0
DIG,D,20120125,000000,10.8409,10.8409,10.8409,10.8409,3.7123603417794695,0
DIG,D,20120126,000000,10.7729,11.918,10.7479,11.8874,3415.371514437056,0
DIG,D,20120127,000000,11.8809,12.1774,11.7022,12.1774,13013.060451384485,0
DIG,D,20120130,000000,12.1774,12.1774,12.0037,12.0037,4347.17396022375,0
DIG,D,20120131,000000,12.0029,12.0029,12.0029,12.0029,27.223975839716037,0
DIG,D,20120201,000000,12.0037,12.0037,11.7087,11.7087,179.43074985267364,0
DIG,D,20120202,000000,11.9003,11.9003,11.7022,11.8809,37988.58337742893,0
DIG,D,20120203,000000,11.8752,11.8752,11.4686,11.7022,82268.38008072755,0
DIG,D,20120206,000000,11.7637,11.8259,11.3943,11.8259,668.2248615203067,0
DIG,D,20120207,000000,11.8203,11.8203,11.8203,11.8203,2.4749068945196107,0
DIG,D,20120208,000000,11.7273,11.7273,11.7216,11.7216,172.006029169116,0
DIG,D,20120209,000000,11.7216,11.7216,11.2529,11.7144,589.0278408956775,0
DIG,D,20120210,000000,11.7144,11.7144,11.093,11.6353,98.99627578078548,0
DIG,D,20120213,000000,11.6353,11.6353,11.6353,11.6353,1.2374534472598593,0
DIG,D,20120214,000000,11.5116,11.7022,11.026,11.7022,41877.89956216685,0
DIG,D,20120215,000000,11.7216,11.7216,11.7216,11.7216,196.75509811431533,0
DIG,D,20120216,000000,11.8566,11.8566,11.3943,11.3943,164.58130848555837,0
DIG,D,20120217,000000,11.7216,11.7216,11.2714,11.2714,503.6435530347483,0
DIG,D,20120220,000000,11.7216,11.9495,11.3572,11.7022,2107.3832206834477,0
DIG,D,20120221,000000,11.3943,12.0102,10.5385,12.0102,5446.032621390411,0
DIG,D,20120222,000000,12.0102,12.0102,11.1729,11.8259,154232.48530611955,0
DIG,D,20120223,000000,11.8566,11.8566,11.8259,11.8259,1723.7726520328793,0
DIG,D,20120224,000000,12.0102,12.0102,10.8271,11.8203,2562.766089275077,0
DIG,D,20120227,000000,11.8138,11.8138,11.6416,11.7822,65.5850327047707,0
DIG,D,20120228,000000,11.7822,11.7822,11.7822,11.7822,2.4749068945196107,0
DIG,D,20120229,000000,11.8138,12.0441,11.7596,12.0441,1450.295440188526,0
DIG,D,20120301,000000,12.1952,12.1952,11.3943,11.4865,1617.3516555686,0
DIG,D,20120302,000000,11.4557,11.5495,11.3943,11.3943,3.7123603417794695,0
DIG,D,20120305,000000,11.3943,12.1952,11.3943,12.1952,38.361056865054664,0
DIG,D,20120306,000000,11.9609,12.1338,11.6651,11.8259,42.07341720683348,0
DIG,D,20120307,000000,12.0102,12.1952,11.7087,11.7087,150.96932056570088,0
DIG,D,20120308,000000,11.442,12.0093,11.442,12.0093,147.25696022391665,0
DIG,D,20120309,000000,12.0102,12.0102,12.0102,12.0102,65.5850327047707,0
DIG,D,20120312,000000,11.9495,11.9495,11.9495,11.9495,81.67192751914813,0
DIG,D,20120313,000000,11.9431,11.9431,11.9431,11.9431,324.2128031820747,0
DIG,D,20120314,000000,11.7022,11.9988,11.7022,11.918,3321.3250524453542,0
DIG,D,20120315,000000,11.9431,11.9431,11.9431,11.9431,163.34385503830055,0
DIG,D,20120316,000000,11.9431,12.1774,11.9431,12.0102,1430.4961850324012,0
DIG,D,20120319,000000,12.0102,12.1087,12.0102,12.0417,697.9237442545372,0
DIG,D,20120320,000000,11.598,11.9923,11.598,11.9923,87.85919475544686,0
DIG,D,20120321,000000,12.0102,12.0845,12.0102,12.0417,220.26671361224606,0
DIG,D,20120322,000000,12.0715,12.091,11.771,12.091,1232.5036334708282,0
DIG,D,20120323,000000,12.0715,12.2017,11.5923,12.2017,551.9042374778784,0
DIG,D,20120326,000000,12.2874,12.3124,12.2874,12.3124,980.063130229771,0
DIG,D,20120327,000000,12.9338,12.9338,12.2874,12.8731,348.9618721272632,0
DIG,D,20120328,000000,13.0639,13.089,12.3124,12.3189,3480.9565471418814,0
DIG,D,20120329,000000,12.3189,12.3189,12.2946,12.3189,2826.3436735414753,0
DIG,D,20120330,000000,12.3205,12.3205,12.3205,12.3205,504.88100648200617,0
DIG,D,20120402,000000,12.3802,12.3802,12.306,12.3189,1710.1606641130977,0
DIG,D,20120403,000000,12.348,12.348,12.3205,12.3205,2857.2800097228665,0
DIG,D,20120404,000000,12.3673,12.3673,11.8477,12.3205,1185.4804024749233,0
DIG,D,20120405,000000,12.3205,12.3205,12.3003,12.3205,248.72814289921882,0
DIG,D,20120410,000000,12.3189,12.3189,12.3189,12.3189,163.34385503830055,0
DIG,D,20120411,000000,12.4352,12.4352,12.3802,12.3802,1321.600281673498,0
DIG,D,20120412,000000,12.3189,12.3189,12.0966,12.3189,1562.9037038891486,0
DIG,D,20120413,000000,12.314,12.3205,12.2865,12.3205,2582.5653444312015,0
DIG,D,20120416,000000,12.3189,12.3189,12.3189,12.3189,5863.054433116994,0
DIG,D,20120417,000000,12.3205,12.3205,12.2324,12.314,2080.159244843776,0
DIG,D,20120418,000000,12.3205,12.3205,12.1993,12.2526,8410.971081024978,0
DIG,D,20120419,000000,12.314,12.314,12.2938,12.314,3025.5736785502527,0
DIG,D,20120420,000000,12.3205,12.3205,12.2865,12.314,9741.233536829226,0
DIG,D,20120423,000000,12.3205,12.348,12.2792,12.3205,16522.478427812806,0
DIG,D,20120424,000000,12.3205,12.3205,12.2268,12.2268,13713.459102533809,0
DIG,D,20120425,000000,12.2268,12.2324,11.4897,12.1588,8714.147175603626,0
DIG,D,20120426,000000,12.4966,12.4966,12.1588,12.1588,2750.859013258587,0
DIG,D,20120427,000000,12.2268,12.4288,12.1588,12.4288,8378.797291396275,0
DIG,D,20120430,000000,12.2938,12.2938,11.9286,12.2938,3424.0336885679144,0
DIG,D,20120502,000000,12.2938,12.2938,12.1588,12.1588,2680.3241667647303,0
DIG,D,20120504,000000,12.1588,12.1588,12.1524,12.1524,173.24348261637377,0
DIG,D,20120507,000000,12.1249,12.1249,12.1249,12.1249,1.2374534472598593,0
DIG,D,20120508,000000,12.1175,12.1175,11.5568,11.7467,2165.5435327047267,0
DIG,D,20120509,000000,11.6724,11.9827,11.5512,11.5512,4868.141861520097,0
DIG,D,20120510,000000,11.3888,11.4833,11.0098,11.0098,7091.845706245995,0
DIG,D,20120511,000000,10.9426,10.9426,10.6727,10.7333,2497.181056570359,0
DIG,D,20120514,000000,10.537,11.0768,10.537,10.7746,111.37081025338625,0
DIG,D,20120515,000000,10.7746,11.4768,10.7746,11.4768,313.0757221567328,0
DIG,D,20120516,000000,12.091,12.091,10.9426,11.7532,230.16634119033012,0
DIG,D,20120517,000000,11.9899,11.9899,10.8142,11.1519,2250.927820565569,0
DIG,D,20120518,000000,11.1519,11.6514,11.1519,11.6514,459.0952289333917,0
DIG,D,20120521,000000,11.6514,11.6514,11.6514,11.6514,674.4121287565956,0
DIG,D,20120522,000000,12.0845,12.0845,12.0845,12.0845,13.611987919857476,0
DIG,D,20120523,000000,12.0845,12.0845,12.0505,12.0505,9.89962757807855,0
DIG,D,20120524,000000,11.8211,11.8211,11.4833,11.5512,1905.678308780155,0
DIG,D,20120525,000000,11.5439,11.5439,11.084,11.084,538.2922495580209,0
DIG,D,20120528,000000,11.307,11.3273,11.1455,11.1455,613.7769098408659,0
DIG,D,20120529,000000,11.1923,11.2126,11.1923,11.1923,325.4502566293325,0
DIG,D,20120530,000000,10.4635,11.4833,10.4635,11.084,118.79553093694389,0
DIG,D,20120531,000000,11.084,11.084,11.084,11.084,59.397765468470865,0
DIG,D,20120601,000000,11.4154,11.4154,11.0913,11.0913,262.3401308190763,0
DIG,D,20120604,000000,11.0913,11.3144,11.0913,11.1455,155.91913435473205,0
DIG,D,20120605,000000,11.4089,11.4089,11.4089,11.4089,121.2704378314595,0
DIG,D,20120606,000000,11.4154,11.5512,11.4089,11.5512,627.3888977607235,0
DIG,D,20120608,000000,11.7467,11.7467,11.6861,11.6861,160.86894814377413,0
DIG,D,20120611,000000,11.7532,11.7532,11.7532,11.7532,170.76857572185818,0
DIG,D,20120612,000000,11.7532,11.8138,11.2796,11.8138,471.4697634059913,0
DIG,D,20120613,000000,11.6788,11.6788,11.6514,11.6788,971.4009560989554,0
DIG,D,20120614,000000,10.5442,11.5842,10.5442,11.5842,111.37081025338625,0
DIG,D,20120615,000000,11.6861,11.6861,11.307,11.5842,191.8052843252733,0
DIG,D,20120618,000000,11.6861,11.8752,11.5842,11.5842,1097.6212077194568,0
DIG,D,20120619,000000,11.4833,11.619,11.4833,11.5842,184.38056364171567,0
DIG,D,20120620,000000,11.8211,11.8211,11.4833,11.5512,774.645857984651,0
DIG,D,20120621,000000,11.5512,11.5512,11.4833,11.4833,303.17609457865956,0
DIG,D,20120622,000000,11.4897,11.4897,11.0444,11.0444,258.6277704773029,0
DIG,D,20120625,000000,11.4493,11.4493,11.4493,11.4493,98.99627578078548,0
DIG,D,20120626,000000,11.4493,11.4493,11.4493,11.4493,748.6593355921937,0
DIG,D,20120627,000000,11.4493,11.4493,11.4154,11.4154,3954.9012174423237,0
DIG,D,20120628,000000,11.4493,11.4493,11.0444,11.1042,1307.9882937536079,0
DIG,D,20120629,000000,11.2473,12.091,10.7746,12.091,3240.890578373435,0
DIG,D,20120702,000000,11.7596,11.7596,11.4897,11.4897,598.9274684737508,0
DIG,D,20120703,000000,11.4833,11.4833,10.7471,11.3475,2763.2335477311653,0
DIG,D,20120704,000000,10.7059,11.2061,10.7059,11.2061,537.054796110763,0
DIG,D,20120705,000000,11.2061,11.2061,11.2061,11.2061,11.137081025338626,0
DIG,D,20120706,000000,11.2061,11.2061,10.8068,10.8068,532.104982321721,0
DIG,D,20120709,000000,10.8142,10.8755,10.8142,10.8755,219.02926016498827,0
DIG,D,20120710,000000,10.7809,11.3418,10.7059,11.0647,850.1305182674959,0
DIG,D,20120711,000000,11.0647,11.0647,10.5718,10.5718,1769.5584295815806,0
DIG,D,20120712,000000,10.537,10.7938,10.3963,10.3963,1222.6040058926576,0
DIG,D,20120713,000000,10.646,10.646,10.2,10.2,2045.5105483204488,0
DIG,D,20120716,000000,9.99721,9.99721,9.18661,9.38937,6538.704015320836,0
DIG,D,20120717,000000,9.86869,9.86869,9.32155,9.68604,4743.159063346897,0
DIG,D,20120718,000000,9.86869,9.86869,9.52363,9.52363,2294.238691219755,0
DIG,D,20120719,000000,9.85501,10.4699,9.85501,9.86219,639.7634322333232,0
DIG,D,20120720,000000,9.86219,10.7333,9.86219,10.7333,24.7490689451961,0
DIG,D,20120723,000000,10.3963,10.3963,9.67303,9.82824,5124.294725102949,0
DIG,D,20120724,000000,9.89604,9.89604,9.89604,9.89604,7.424720683558939,0
DIG,D,20120725,000000,9.27394,10.1321,9.27394,10.1321,4869.379314967409,0
DIG,D,20120726,000000,10.8013,10.8885,10.7938,10.8068,14823.454844724976,0
DIG,D,20120727,000000,10.5718,10.8068,10.5442,10.8013,8142.443682969547,0
DIG,D,20120730,000000,10.4699,11.2126,10.1394,10.8068,21196.34009811294,0
DIG,D,20120731,000000,10.8013,10.8013,10.2063,10.2063,743.7095218031517,0
DIG,D,20120801,000000,10.234,10.2534,9.84202,10.2534,4693.660925456476,0
DIG,D,20120802,000000,10.2534,10.2534,9.94949,9.94949,3141.8943025927024,0
DIG,D,20120803,000000,9.92931,9.92931,9.70612,9.92931,939.2271664701984,0
DIG,D,20120806,000000,10.2807,10.4699,9.92931,10.2744,4826.068444313331,0
DIG,D,20120807,000000,10.2807,10.402,10.2807,10.402,2122.232662050541,0
DIG,D,20120808,000000,10.402,10.6663,10.402,10.6663,1210.2294714200793,0
DIG,D,20120809,000000,10.6663,10.6663,10.4222,10.6186,1265.9148765468428,0
DIG,D,20120810,000000,10.659,10.659,10.659,10.659,87.85919475544686,0
DIG,D,20120813,000000,10.6387,10.6387,10.3342,10.5847,2653.1001909250585,0
DIG,D,20120814,000000,10.6114,10.6114,10.4699,10.5718,674.4121287565956,0
DIG,D,20120816,000000,10.6663,10.6663,10.2396,10.659,248.72814289921882,0
DIG,D,20120817,000000,10.3414,10.6049,10.267,10.5919,1164.4436938714866,0
DIG,D,20120820,000000,10.659,10.659,10.4974,10.4974,124.98279817324374,0
DIG,D,20120821,000000,10.5038,10.5038,10.4699,10.4699,6327.099475839483,0
DIG,D,20120822,000000,10.2946,10.6315,10.2946,10.6315,310.6008152622172,0
DIG,D,20120823,000000,10.713,11.1455,10.659,10.6727,2540.491927224436,0
DIG,D,20120824,000000,11.1455,11.307,10.6727,10.8271,884.7792147907686,0
DIG,D,20120827,000000,11.3684,11.3684,10.9087,10.9426,3150.5564767234528,0
DIG,D,20120828,000000,10.9426,10.9426,10.9426,10.9426,820.4316355332545,0
DIG,D,20120829,000000,10.8755,10.8755,10.6727,10.8068,905.8159233941836,0
DIG,D,20120830,000000,10.9426,10.9426,10.1458,10.5992,4053.897493223164,0
DIG,D,20120831,000000,10.5992,10.5992,10.5782,10.5782,456.62032203887605,0
DIG,D,20120903,000000,10.6387,10.6387,10.3075,10.3075,580.3656667648511,0
DIG,D,20120904,000000,10.5038,10.5038,10.402,10.402,764.7462304065668,0
DIG,D,20120905,000000,10.4635,10.8068,10.2,10.8068,11926.576324690077,0
DIG,D,20120906,000000,10.0641,10.8416,10.0641,10.7398,466.51994961694925,0
DIG,D,20120907,000000,10.8068,10.8068,10.5241,10.8013,795.6825665880659,0
DIG,D,20120910,000000,10.7746,10.8068,10.7398,10.8068,1806.6820329993143,0
DIG,D,20120911,000000,10.9426,10.9426,10.4699,10.8691,1663.1374331171928,0
DIG,D,20120912,000000,10.9015,10.9015,10.8691,10.8755,4146.706501767661,0
DIG,D,20120913,000000,10.9015,11.139,10.9015,11.139,41877.89956216685,0
DIG,D,20120914,000000,11.1455,11.1455,11.139,11.1455,5249.27752327615,0
DIG,D,20120917,000000,11.1455,11.1455,10.6994,10.7398,3654.200029758191,0
DIG,D,20120918,000000,11.1455,11.1455,10.8013,10.8068,1859.8925312314539,0
DIG,D,20120919,000000,11.1455,11.1519,10.8821,11.1455,8227.827970830498,0
DIG,D,20120920,000000,11.1455,11.1455,10.8068,11.1455,13517.9414578661,0
DIG,D,20120921,000000,11.139,11.139,10.8068,10.8068,19237.451291101515,0
DIG,D,20120924,000000,10.9701,10.9701,10.8068,10.9426,1482.469229817229,0
DIG,D,20120925,000000,10.9426,10.9426,10.8068,10.9087,1465.1448815556198,0
DIG,D,20120926,000000,10.9015,10.9015,10.9015,10.9015,310.6008152622172,0
DIG,D,20120927,000000,10.9015,11.1455,10.7874,10.8013,31051.419352090536,0
DIG,D,20120928,000000,10.8755,10.9831,10.5782,10.9426,4567.440673835964,0
DIG,D,20121001,000000,10.9289,10.9426,10.8068,10.9426,1806.6820329993143,0
DIG,D,20121002,000000,10.9426,11.4089,10.8755,11.1722,7002.749058043324,0
DIG,D,20121003,000000,11.3952,11.619,11.2126,11.3749,7816.993426340257,0
DIG,D,20121004,000000,11.2796,11.2796,11.1785,11.1785,3702.4607142014074,0
DIG,D,20121005,000000,11.307,11.3475,11.2126,11.2796,8531.004065409148,0
DIG,D,20121008,000000,11.3015,11.3015,11.1785,11.1785,7917.227155568302,0
DIG,D,20121009,000000,11.1785,11.1785,11.1785,11.1785,4302.625636122362,0
DIG,D,20121010,000000,11.1455,11.1455,11.0768,11.0768,336.58733765467434,0
DIG,D,20121011,000000,11.1455,11.1455,11.0098,11.0098,5582.152500588985,0
DIG,D,20121012,000000,11.1455,11.2126,10.9426,11.1455,27096.51813464832,0
DIG,D,20121015,000000,11.1455,11.2126,10.6727,11.2126,946.6518871537561,0
DIG,D,20121016,000000,11.2126,11.2126,10.9225,10.9426,26146.153887152814,0
DIG,D,20121017,000000,10.8821,11.3346,10.8821,11.3346,111.37081025338625,0
DIG,D,20121018,000000,11.3418,11.5512,10.9426,11.5512,3681.4240055979703,0
DIG,D,20121019,000000,11.5512,11.5512,11.5512,11.5512,655.850327047707,0
DIG,D,20121022,000000,11.5439,11.5439,11.1455,11.5439,131.17006540954358,0
DIG,D,20121023,000000,11.5512,11.5512,11.1519,11.2126,1253.5403420741566,0
DIG,D,20121024,000000,11.2126,11.6724,11.1785,11.6724,2763.2335477311653,0
DIG,D,20121025,000000,11.6788,11.6861,11.619,11.6861,2362.298630818988,0
DIG,D,20121026,000000,11.4154,11.7944,11.4154,11.619,3352.2613886268537,0
DIG,D,20121029,000000,11.8954,11.9019,11.7192,11.7532,1243.640714496094,0
DIG,D,20121030,000000,11.956,11.956,11.7532,11.8211,3300.2883438419176,0
DIG,D,20121031,000000,11.8211,11.977,11.8211,11.956,5644.025172951985,0
DIG,D,20121102,000000,11.956,12.1588,11.956,12.1588,545.7169702415786,0
DIG,D,20121105,000000,12.1588,12.4288,12.1588,12.4288,1153.306612846112,0
DIG,D,20121106,000000,12.4288,12.8005,12.2938,12.3003,3347.3115748378223,0
DIG,D,20121107,000000,12.6316,12.6316,12.179,12.3948,762.2713235120513,0
DIG,D,20121108,000000,11.956,12.1588,11.956,12.1588,2929.0523096640354,0
DIG,D,20121109,000000,12.1588,12.1588,11.889,12.1588,653.3754201531806,0
DIG,D,20121112,000000,12.5637,12.6316,12.2938,12.2938,12869.515851501714,0
DIG,D,20121113,000000,12.1588,12.4966,12.1588,12.4966,767.2211373010823,0
DIG,D,20121114,000000,12.5637,12.5637,12.5371,12.5371,9070.533768414414,0
DIG,D,20121115,000000,12.5298,12.5565,12.5298,12.5371,1353.7740713022008,0
DIG,D,20121116,000000,12.5637,12.5637,12.3948,12.3948,357.62404625808944,0
DIG,D,20121119,000000,12.6316,12.6316,12.3067,12.3544,669.4623149675645,0
DIG,D,20121120,000000,12.327,12.3544,12.327,12.3415,1169.3935076605176,0
DIG,D,20121121,000000,12.3544,12.3544,12.3415,12.3415,160.86894814377413,0
DIG,D,20121122,000000,12.3544,12.4021,12.1726,12.3616,5787.569772834215,0
DIG,D,20121123,000000,12.415,12.4352,12.2324,12.3415,1367.3860592220908,0
DIG,D,20121126,000000,12.3415,12.4352,12.2324,12.3948,8453.044498231851,0
DIG,D,20121127,000000,12.4352,12.4352,12.4352,12.4352,3.7123603417794695,0
DIG,D,20121128,000000,12.4352,12.4352,12.3948,12.4223,598.9274684737508,0
DIG,D,20121129,000000,12.4352,12.6178,12.3673,12.6178,17253.813415143846,0
DIG,D,20121130,000000,12.6316,12.6316,12.6316,12.6316,246.25323600470324,0
DIG,D,20121203,000000,12.685,13.1043,12.685,12.8336,5182.45503712412,0
DIG,D,20121204,000000,12.8538,13.0163,12.8538,13.0163,27.223975839716037,0
DIG,D,20121205,000000,12.9968,12.9968,12.8336,12.8336,7661.074291985558,0
DIG,D,20121206,000000,12.9968,12.9968,12.6178,12.6178,441.77088067175,0
DIG,D,20121207,000000,12.6316,12.6316,12.6316,12.6316,150.96932056570088,0
DIG,D,20121210,000000,12.7665,12.7665,12.7665,12.7665,295.75137389509104,0
DIG,D,20121211,000000,12.7665,12.9968,12.7665,12.9968,25652.40996169592,0
DIG,D,20121212,000000,12.9968,13.2732,12.9088,13.2393,4026.6735173834927,0
DIG,D,20121213,000000,13.2732,13.847,13.2191,13.8001,64931.65728461706,0
DIG,D,20121214,000000,13.8001,13.847,12.6316,13.1043,278078.06376133126,0
DIG,D,20121217,000000,13.1043,13.4421,13.0841,13.4421,373.71094107246256,0
DIG,D,20121218,000000,13.131,13.4074,13.0364,13.3541,1124.8451835591286,0
DIG,D,20121219,000000,13.7258,13.7258,13.1722,13.4421,905.8159233941836,0
DIG,D,20121220,000000,13.5698,13.5698,13.4421,13.5092,1390.8976747200434,0
DIG,D,20121221,000000,13.5092,13.5092,13.1722,13.1722,739.9971614613675,0
DIG,D,20121227,000000,13.1722,13.4753,13.1722,13.4753,3083.7339905714234,0
DIG,D,20121228,000000,13.1722,13.6449,13.1722,13.6449,2383.3353394224246,0
DIG,D,20130102,000000,13.8341,13.8341,13.4493,13.4963,2448.9203721271424,0
DIG,D,20130103,000000,13.8276,13.8276,13.5092,13.8203,216.5543532704727,0
DIG,D,20130104,000000,13.6449,13.746,13.4753,13.6103,4295.200915438814,0
DIG,D,20130107,000000,13.6449,13.6449,13.5165,13.5366,647.1881529168807,0
DIG,D,20130108,000000,13.5366,13.746,13.5366,13.746,2280.6267032998644,0
DIG,D,20130109,000000,13.8276,13.8276,13.712,13.712,347.7244186800054,0
DIG,D,20130110,000000,13.8276,13.8276,13.6781,13.8276,1369.8609661166065,0
DIG,D,20130111,000000,13.847,13.847,13.152,13.7791,321.73789628754827,0
DIG,D,20130114,000000,13.712,13.712,13.5835,13.5835,7761.308021213602,0
DIG,D,20130115,000000,13.577,13.7727,13.577,13.7727,4848.342606363972,0
DIG,D,20130116,000000,13.7791,14.2866,13.5504,13.7727,6610.476315261897,0
DIG,D,20130117,000000,14.1847,14.8547,14.1847,14.82,2940.1893906893015,0
DIG,D,20130118,000000,14.82,16.1977,14.7658,14.8805,2500.8934169120785,0
DIG,D,20130121,000000,15.4616,15.6708,15.4616,15.6038,470.23230995873354,0
DIG,D,20130122,000000,15.5351,15.5351,14.9072,15.1982,1663.1374331171928,0
DIG,D,20130123,000000,14.0296,14.9282,14.0296,14.9282,1267.1523299940463,0
DIG,D,20130124,000000,14.4619,15.1982,14.4619,15.1982,8759.93295315222,0
DIG,D,20130125,000000,14.9282,14.9282,14.9282,14.9282,257.39031703004514,0
DIG,D,20130128,000000,15.1982,15.1982,14.9953,15.1642,42541.174609897906,0
DIG,D,20130129,000000,15.1982,15.3323,15.1982,15.3323,320.5004428402905,0
DIG,D,20130130,000000,15.1375,15.8737,15.1375,15.8673,4310.050356805908,0
DIG,D,20130131,000000,15.9747,15.9747,15.9408,15.9408,540.7671564525365,0
DIG,D,20130201,000000,15.7728,16.6503,15.759,16.6503,3280.489088685793,0
DIG,D,20130204,000000,16.6171,16.6171,15.9343,16.2116,1517.1179263405556,0
DIG,D,20130205,000000,16.2116,16.2116,16.0765,16.2116,2076.4468845019483,0
DIG,D,20130206,000000,16.2116,16.5493,16.2116,16.3804,69.29739304654952,0
DIG,D,20130207,000000,16.4143,16.4143,15.759,15.759,1033.273628461943,0
DIG,D,20130208,000000,15.759,15.759,15.6038,15.6038,295.75137389509104,0
DIG,D,20130211,000000,15.8737,15.8737,15.8737,15.8737,155.91913435473205,0
DIG,D,20130212,000000,15.6038,15.8737,15.6038,15.6167,1363.6736988803714,0
DIG,D,20130213,000000,15.8058,15.8737,15.6708,15.8673,452.9079616970918,0
DIG,D,20130214,000000,15.8673,15.8673,15.8673,15.8673,4.949813789039221,0
DIG,D,20130215,000000,15.7314,15.7314,15.5294,15.5294,1036.9859888037272,0
DIG,D,20130218,000000,15.5222,15.8058,15.5222,15.7994,94.04646199174563,0
DIG,D,20130219,000000,15.7994,15.7994,15.7994,15.7994,60.635218915730825,0
DIG,D,20130220,000000,15.8058,15.8058,15.7994,15.7994,194.28019121978892,0
DIG,D,20130221,000000,15.7994,15.7994,14.2252,14.8547,6163.755620801127,0
DIG,D,20130222,000000,15.468,15.468,14.1921,14.2527,1863.6048915732815,0
DIG,D,20130225,000000,14.2527,14.5024,13.4421,13.9416,3765.570840011609,0
DIG,D,20130226,000000,13.523,13.9488,13.3815,13.9488,4800.081921920864,0
DIG,D,20130227,000000,13.935,13.9416,13.3064,13.8405,1067.9223249852264,0
DIG,D,20130228,000000,13.8317,13.8317,13.3783,13.8244,2635.7758426634496,0
DIG,D,20130301,000000,13.5092,13.5092,13.1722,13.4292,3919.015067471793,0
DIG,D,20130304,000000,13.2393,13.2393,12.5637,12.5702,3586.1400901589573,0
DIG,D,20130305,000000,12.8336,13.6248,12.8336,13.6248,7210.64123718296,0
DIG,D,20130306,000000,13.9149,13.9149,13.577,13.6103,675.6495822038643,0
DIG,D,20130307,000000,13.6103,14.1847,13.3064,14.1847,2190.2926016498827,0
DIG,D,20130308,000000,14.1847,14.7254,14.1847,14.6575,579.1282133175935,0
DIG,D,20130311,000000,14.8547,14.8547,14.1847,14.1847,1862.3674381260778,0
DIG,D,20130312,000000,14.2527,14.8547,14.2527,14.7254,738.7597080141096,0
DIG,D,20130314,000000,14.0838,14.5225,13.9488,14.5225,178836.77219798556,0
DIG,D,20130315,000000,14.8603,15.1982,14.7254,15.1916,2865.9421838537255,0
DIG,D,20130318,000000,15.1916,15.1916,15.1642,15.1642,543.242063347063,0
DIG,D,20130319,000000,14.5363,14.5363,14.2188,14.3876,2072.734524160229,0
DIG,D,20130320,000000,14.719,14.719,14.719,14.719,319.2629893930326,0
DIG,D,20130321,000000,14.651,14.651,14.2454,14.2454,259.8652239245607,0
DIG,D,20130322,000000,13.847,13.9149,13.847,13.9149,18403.407667647913,0
DIG,D,20130325,000000,13.9149,14.5089,13.9149,14.0499,2619.688947849044,0
DIG,D,20130326,000000,14.5153,14.5153,13.8809,14.3125,956.5515147318401,0
DIG,D,20130327,000000,14.2527,14.2527,14.1847,14.1847,716.4855459634367,0
DIG,D,20130328,000000,14.4345,14.7117,14.1847,14.5831,2618.451494401732,0
DIG,D,20130402,000000,14.5808,14.9218,14.1872,14.7173,1569.0909711254915,0
DIG,D,20130403,000000,14.2591,14.2866,13.8599,13.8599,1621.0640159103193,0
DIG,D,20130404,000000,14.5428,14.5428,13.8543,13.8841,1707.685757218582,0
DIG,D,20130405,000000,14.0499,14.0499,13.6449,13.8809,1768.3209761342684,0
DIG,D,20130408,000000,13.746,14.0563,13.746,14.0563,633.5761649970232,0
DIG,D,20130409,000000,14.0499,14.1847,13.9819,14.1847,403.4098238067039,0
DIG,D,20130410,000000,14.1872,14.4676,14.1872,14.445,779.595671773682,0
DIG,D,20130411,000000,14.4482,14.4547,14.428,14.4345,423.20907896286127,0
DIG,D,20130412,000000,14.4368,14.7925,14.1872,14.7173,3040.423119917346,0
DIG,D,20130415,000000,15.1303,15.1303,14.327,14.327,128.69515851501714,0
DIG,D,20130417,000000,14.997,14.997,14.0288,14.5201,869.9297734236533,0
DIG,D,20130418,000000,14.5225,14.5225,14.1847,14.1847,641.000885680581,0
DIG,D,20130419,000000,14.3237,14.3237,13.8543,14.1048,584.0780271066354,0
DIG,D,20130422,000000,14.0975,14.5089,14.0975,14.3197,316.78808249851704,0
DIG,D,20130423,000000,14.3197,14.3197,14.0499,14.0499,30175.302311430496,0
DIG,D,20130424,000000,13.9755,14.0499,13.902,14.0499,471.4697634059913,0
DIG,D,20130425,000000,14.1783,14.239,14.0499,14.1105,20349.921940187305,0
DIG,D,20130426,000000,14.1112,15.4737,14.1112,15.3978,24667.397017676765,0
DIG,D,20130429,000000,15.3275,15.3323,15.0624,15.178,2488.5188824395004,0
DIG,D,20130430,000000,15.4284,15.4284,15.1036,15.1036,9423.208000883482,0
DIG,D,20130502,000000,15.1036,16.0102,15.1036,15.5335,7444.519938715064,0
DIG,D,20130506,000000,15.8366,15.8366,15.5335,15.6556,14636.599374189536,0
DIG,D,20130507,000000,15.8745,15.8745,15.6556,15.738,24651.31012286279,0
DIG,D,20130508,000000,16.1921,16.2536,15.2466,15.4358,9752.3706178546,0
DIG,D,20130509,000000,15.2466,15.5335,13.7331,14.4596,19067.920168826276,0
DIG,D,20130510,000000,15.0196,15.3905,14.7553,15.1327,3250.7902059514972,0
DIG,D,20130513,000000,15.1327,15.4204,14.7626,15.1327,1440.3958126104637,0
DIG,D,20130514,000000,15.0955,15.0955,14.6187,14.7553,921.9028182085675,0
DIG,D,20130515,000000,14.8911,14.8911,14.6042,14.7553,1692.83631585138,0
DIG,D,20130516,000000,14.8992,14.8992,14.6042,14.6042,790.732752799024,0
DIG,D,20130517,000000,14.5282,14.5282,14.0741,14.3772,1904.440855332843,0
DIG,D,20130520,000000,14.5282,14.8829,14.3772,14.8829,6037.535369180615,0
DIG,D,20130521,000000,14.8829,15.4358,14.7553,15.4131,18554.376988213477,0
DIG,D,20130522,000000,15.4131,15.4131,14.7626,15.2846,2478.619254861438,0
DIG,D,20130523,000000,15.0575,15.3678,14.7626,15.3598,3000.8246096050966,0
DIG,D,20130524,000000,15.3678,15.511,15.3598,15.3678,1002.3372922804546,0
DIG,D,20130527,000000,15.4131,15.4131,14.9137,15.2086,617.4892701826502,0
DIG,D,20130528,000000,15.262,15.2846,14.9816,14.9816,1934.1397380671388,0
DIG,D,20130529,000000,15.1263,15.1327,14.8829,15.1327,502.40609958749053,0
DIG,D,20130531,000000,15.1327,15.1327,14.9816,14.9896,644.7132460223652,0
DIG,D,20130603,000000,14.9896,14.9896,14.8685,14.9896,439.2959737772343,0
DIG,D,20130604,000000,15.0277,15.1327,15.0277,15.0955,1529.4924608131337,0
DIG,D,20130605,000000,15.2692,15.2692,15.1327,15.1327,671.9372218620802,0
DIG,D,20130606,000000,15.481,16.1921,15.4657,15.8819,4807.506642604411,0
DIG,D,20130607,000000,15.8898,15.8898,15.511,15.511,830.3312631113386,0
DIG,D,20130610,000000,15.814,15.814,15.451,15.511,1963.8386208013258,0
DIG,D,20130611,000000,15.5044,15.814,15.1327,15.814,15839.404124925852,0
DIG,D,20130612,000000,15.7768,15.7768,15.2846,15.738,82.90938096640808,0
DIG,D,20130613,000000,15.738,15.8898,15.5869,15.8819,690.4990235709797,0
DIG,D,20130614,000000,15.8819,15.8819,15.4358,15.4358,1455.2452539775572,0
DIG,D,20130617,000000,15.8745,15.8745,15.511,15.8519,5274.026592221306,0
DIG,D,20130618,000000,15.8519,16.1695,15.738,15.965,3545.3041263993955,0
DIG,D,20130619,000000,16.1169,16.1169,15.8898,15.965,332.8749773128901,0
DIG,D,20130620,000000,15.8898,16.0409,15.8898,15.8898,4671.386763405836,0
DIG,D,20130621,000000,15.8819,15.8898,15.4358,15.8898,2216.2791240423503,0
DIG,D,20130624,000000,15.4358,15.965,15.4358,15.965,571.7034926340357,0
DIG,D,20130625,000000,15.965,15.965,15.6628,15.6628,352.6742324690474,0
DIG,D,20130626,000000,15.6628,15.814,15.511,15.511,988.7253043605971,0
DIG,D,20130627,000000,15.6628,15.6628,14.9056,15.0955,2003.4371311136838,0
DIG,D,20130628,000000,15.0955,15.1327,14.8992,14.9056,3996.9746346491975,0
DIG,D,20130701,000000,14.9137,15.0277,14.9137,15.0277,330.4000704183745,0
DIG,D,20130702,000000,14.9816,15.0575,14.9816,15.0575,478.894484089549,0
DIG,D,20130703,000000,15.0503,15.0503,14.8685,15.0503,194.28019121978892,0
DIG,D,20130704,000000,15.0196,15.8066,14.997,15.8066,822.9065424277809,0
DIG,D,20130705,000000,15.8066,15.8066,15.3598,15.3598,209.12963258690422,0
DIG,D,20130708,000000,15.738,15.8898,14.997,15.8819,1512.1681125515245,0
DIG,D,20130709,000000,16.079,16.079,15.738,15.8898,878.5919475544686,0
DIG,D,20130710,000000,15.8519,16.1169,15.8519,16.1169,1502.2684849734621,0
DIG,D,20130711,000000,16.155,16.155,16.155,16.155,263.57758426634496,0
DIG,D,20130712,000000,16.155,16.155,16.155,16.155,6.187267236299079,0
DIG,D,20130715,000000,16.0409,16.1169,16.0329,16.1169,412.0719979375194,0
DIG,D,20130716,000000,16.1169,16.1169,15.7768,15.7768,201.70491190334653,0
DIG,D,20130717,000000,16.0409,16.0409,15.8898,16.0038,241.30342221566116,0
DIG,D,20130718,000000,15.9957,15.9957,15.8898,15.9279,983.775490571555,0
DIG,D,20130719,000000,15.9577,15.9577,15.738,15.8898,2439.0207445490796,0
DIG,D,20130722,000000,15.8898,15.965,15.4737,15.8898,2262.0649015909435,0
DIG,D,20130723,000000,15.965,15.965,15.965,15.965,2.4749068945196107,0
DIG,D,20130724,000000,15.8898,15.8898,15.6628,15.8519,534.5798892162367,0
DIG,D,20130725,000000,15.8519,15.8898,15.8293,15.8898,128.69515851501714,0
DIG,D,20130726,000000,15.8898,15.8898,15.814,15.814,58.16031202121089,0
DIG,D,20130729,000000,15.814,15.814,15.1327,15.3978,1487.41904360626,0
DIG,D,20130730,000000,15.5869,15.5869,15.2999,15.3598,1010.99946641127,0
DIG,D,20130731,000000,15.4358,15.738,15.4358,15.738,371.236034177947,0
DIG,D,20130801,000000,15.7314,15.8898,15.2167,15.8898,1189.1927628166425,0
DIG,D,20130802,000000,15.8898,15.8898,15.814,15.814,490.0315651148908,0
DIG,D,20130805,000000,15.814,15.8819,15.814,15.8519,492.5064720094065,0
DIG,D,20130806,000000,15.814,15.965,15.814,15.965,10458.956536239943,0
DIG,D,20130807,000000,15.965,16.0183,15.8898,16.0183,8657.224317029659,0
DIG,D,20130808,000000,16.0409,16.0862,15.8898,15.8898,8961.637865055622,0
DIG,D,20130809,000000,15.8592,15.8898,15.6628,15.8898,1186.7178559221268,0
DIG,D,20130812,000000,15.8519,15.9053,15.8519,15.8898,7799.669078078648,0
DIG,D,20130813,000000,15.8898,15.8898,15.511,15.5723,11408.08333028803,0
DIG,D,20130814,000000,15.5642,15.5642,15.0349,15.1263,5251.752430170666,0
DIG,D,20130816,000000,14.997,15.0575,14.9444,15.0196,337.82479110193214,0
DIG,D,20130819,000000,15.0575,15.1327,14.6042,15.1327,918.1904578667834,0
DIG,D,20130820,000000,15.0503,15.0503,14.3772,14.3772,1802.9696726575953,0
DIG,D,20130821,000000,14.3772,14.7553,14.0515,14.7093,16422.244698584873,0
DIG,D,20130822,000000,14.369,14.8304,14.369,14.3772,2416.7465824984397,0
DIG,D,20130823,000000,14.3772,14.3772,14.2325,14.2325,685.5492097819375,0
DIG,D,20130826,000000,14.2325,14.7472,14.2252,14.3772,4290.251101649783,0
DIG,D,20130827,000000,14.3916,14.3916,14.3772,14.3916,2492.2312427812194,0
DIG,D,20130828,000000,14.3772,14.3772,14.1872,14.3772,3209.954242191936,0
DIG,D,20130829,000000,14.3772,14.6794,13.0147,14.6794,3076.3092698878763,0
DIG,D,20130830,000000,14.3772,15.0575,14.3772,15.0575,1429.258731585089,0
DIG,D,20130902,000000,14.9743,15.0575,14.7553,14.7553,1006.049652622228,0
DIG,D,20130903,000000,14.8304,14.8304,14.7553,14.7553,985.012944018813,0
DIG,D,20130904,000000,14.7553,14.7553,14.5654,14.5654,69.29739304654952,0
DIG,D,20130905,000000,14.5282,14.5282,14.2252,14.5282,6000.411765762881,0
DIG,D,20130906,000000,14.3084,14.6042,14.3084,14.6042,860.0301458455691,0
DIG,D,20130909,000000,14.8304,14.9056,14.7553,14.9056,2718.685223629776,0
DIG,D,20130910,000000,14.8685,14.8685,14.8685,14.8685,53.21049823217211,0
DIG,D,20130911,000000,14.8685,14.8685,14.7553,14.8538,965.2136888626555,0
DIG,D,20130912,000000,14.8538,14.8538,14.5282,14.5282,773.4084045373824,0
DIG,D,20130913,000000,14.7626,14.7626,14.3772,14.5201,9461.569057748527,0
DIG,D,20130916,000000,14.445,14.5129,14.3011,14.4522,2023.2363862698087,0
DIG,D,20130917,000000,14.3837,14.4142,14.3157,14.3772,179.43074985267364,0
DIG,D,20130918,000000,14.3084,14.369,14.3011,14.3383,407.1221841484774,0
DIG,D,20130919,000000,14.361,14.4522,13.9981,14.4522,5640.312812610266,0
DIG,D,20130920,000000,14.6042,14.6414,14.2252,14.3772,2107.3832206834477,0
DIG,D,20130923,000000,14.3011,14.3011,14.3011,14.3011,558.0915047141783,0
DIG,D,20130924,000000,14.3545,14.3545,13.8091,14.2632,17143.680058337417,0
DIG,D,20130925,000000,14.2632,14.2632,14.2632,14.2632,334.11243076014796,0
DIG,D,20130926,000000,14.369,14.6042,14.0054,14.6042,127919.2752035872,0
DIG,D,20130927,000000,14.6042,14.672,14.5428,14.672,322.97534973481686,0
DIG,D,20130930,000000,14.7553,14.7553,14.3772,14.4522,1481.2317763700253,0
DIG,D,20131001,000000,14.6042,14.6042,14.6042,14.6042,452.9079616970918,0
DIG,D,20131002,000000,14.7472,14.7472,14.5282,14.5282,1119.8953697700974,0
DIG,D,20131003,000000,14.5201,14.5282,14.3772,14.3772,2833.7683942250223,0
DIG,D,20131004,000000,14.588,14.588,14.1194,14.3011,960.2638750736135,0
DIG,D,20131007,000000,14.361,14.361,14.1274,14.3545,695.4488373600217,0
DIG,D,20131008,000000,14.3772,14.3772,14.1872,14.1872,431.87125309367667,0
DIG,D,20131009,000000,14.3383,14.3383,14.1501,14.3383,825.3814493222966,0
DIG,D,20131010,000000,14.3772,14.3772,14.3772,14.3772,790.732752799024,0
DIG,D,20131011,000000,14.3772,14.3772,14.2252,14.3772,1252.302888626953,0
DIG,D,20131014,000000,14.4522,14.4522,14.2252,14.3772,335.34988420740575,0
DIG,D,20131015,000000,14.369,14.3772,14.2026,14.331,1121.1328232174092,0
DIG,D,20131016,000000,14.331,14.331,14.2026,14.2252,4102.158177666272,0
DIG,D,20131017,000000,14.3011,14.3772,14.2252,14.3772,20344.97212639914,0
DIG,D,20131018,000000,14.3772,14.5508,14.2252,14.5508,2646.9129236887156,0
DIG,D,20131021,000000,14.5508,14.5508,14.3011,14.3772,5144.093980259075,0
DIG,D,20131022,000000,14.3383,14.3772,14.2405,14.3383,1475.044509133682,0
DIG,D,20131023,000000,14.5201,14.5201,14.0741,14.3237,2924.102495874896,0
DIG,D,20131024,000000,14.3772,14.3772,14.1646,14.2632,2921.6275889803806,0
DIG,D,20131025,000000,14.2479,14.2479,14.0813,14.2252,414.54690483203495,0
DIG,D,20131028,000000,14.2632,14.3084,14.2252,14.2252,13670.148231878973,0
DIG,D,20131029,000000,14.3084,14.3157,14.0741,14.3157,467.7574030642071,0
DIG,D,20131030,000000,14.2252,14.369,14.0741,14.369,17352.80969092447,0
DIG,D,20131031,000000,14.369,14.369,14.1501,14.2179,1084.009219799567,0
DIG,D,20131104,000000,14.2252,14.2252,14.2252,14.2252,2.4749068945196107,0
DIG,D,20131105,000000,14.2632,14.2632,14.0741,14.1501,2090.0588724218383,0
DIG,D,20131106,000000,14.1501,14.1501,14.0134,14.0967,6877.766259870016,0
DIG,D,20131107,000000,14.1112,14.1112,14.0967,14.0967,3250.7902059514972,0
DIG,D,20131108,000000,14.1112,14.1112,13.1657,13.847,5441.0828076013795,0
DIG,D,20131112,000000,13.923,13.923,13.6959,13.923,3520.555057454131,0
DIG,D,20131113,000000,14.0361,14.0361,13.847,13.9601,20599.887536534578,0
DIG,D,20131114,000000,13.8841,13.8841,13.544,13.771,663.2750477312646,0
DIG,D,20131115,000000,13.7331,13.7556,13.325,13.6571,2765.7084546256806,0
DIG,D,20131118,000000,13.6571,13.6571,13.6199,13.6199,30.936336181495943,0
DIG,D,20131119,000000,13.582,13.582,13.0147,13.5286,1456.482707424761,0
DIG,D,20131120,000000,13.506,13.506,13.0292,13.3168,1270.864690335874,0
DIG,D,20131121,000000,13.3024,13.6199,13.0373,13.6199,4807.506642604411,0
DIG,D,20131122,000000,13.6199,13.6199,13.6199,13.6199,214.07944637594625,0
DIG,D,20131125,000000,13.6118,13.6571,13.6118,13.6571,2090.0588724218383,0
DIG,D,20131126,000000,13.6199,13.6199,13.6199,13.6199,2000.962224219168,0
DIG,D,20131127,000000,13.6199,14.0741,13.4534,13.6199,7330.674221567129,0
DIG,D,20131128,000000,13.6878,13.6878,13.506,13.6199,1947.7517259869203,0
DIG,D,20131129,000000,13.8017,13.8017,13.544,13.6571,310.6008152622172,0
DIG,D,20131202,000000,13.6959,13.771,13.6118,13.6118,3464.869652327476,0
DIG,D,20131203,000000,13.6046,13.6046,13.1738,13.4462,1135.982264584503,0
DIG,D,20131204,000000,13.4462,13.4462,13.1285,13.3928,1551.7666228637738,0
DIG,D,20131205,000000,13.3847,13.3847,13.0147,13.2417,3060.2223750735793,0
DIG,D,20131206,000000,13.2336,13.2417,13.2028,13.2417,1009.7620129640123,0
DIG,D,20131209,000000,13.2417,13.4688,13.2417,13.3928,2170.4933464937576,0
DIG,D,20131210,000000,13.3928,13.43,13.3928,13.3928,1926.7150173834837,0
DIG,D,20131211,000000,13.506,13.506,13.3928,13.3928,1147.1193456098774,0
DIG,D,20131212,000000,13.506,13.506,13.325,13.325,143.54459988214325,0
DIG,D,20131213,000000,13.43,13.4688,13.2417,13.4688,55503.49946994476,0
DIG,D,20131216,000000,13.4987,13.4987,13.1657,13.1657,1522.0677401295868,0
DIG,D,20131217,000000,13.2417,13.2417,13.0147,13.1657,2026.948746611528,0
DIG,D,20131218,000000,13.0825,13.2417,13.0825,13.0897,7112.882414849431,0
DIG,D,20131219,000000,13.3847,13.5667,13.3847,13.5667,1371.0984195639182,0
DIG,D,20131220,000000,13.4688,13.4688,13.3928,13.3928,704.1110114908371,0
DIG,D,20131223,000000,13.544,13.544,13.135,13.135,1158.2564266351435,0
DIG,D,20131227,000000,13.544,13.544,13.0897,13.0897,424.44653241011906,0
DIG,D,20131230,000000,13.2336,14.0741,13.2336,14.0741,1671.7996072480514,0
DIG,D,20140102,000000,14.6794,14.6794,13.9908,14.5282,3599.7520780788473,0
DIG,D,20140103,000000,14.5282,14.5282,14.1194,14.1194,27726.38193930303,0
DIG,D,20140107,000000,14.5201,14.5201,13.9981,13.9981,2061.597443134855,0
DIG,D,20140108,000000,14.1953,14.1953,13.9981,13.9981,2894.403613140709,0
DIG,D,20140109,000000,14.0741,14.3011,14.0741,14.3011,266.0524911608605,0
DIG,D,20140110,000000,14.4903,14.4903,13.9981,13.9981,147.25696022391665,0
DIG,D,20140113,000000,14.2179,14.2179,13.8543,13.9003,279.664479080718,0
DIG,D,20140114,000000,14.0054,14.0134,13.9981,13.9981,757.3215097230092,0
DIG,D,20140115,000000,14.0134,15.1327,14.0134,14.6414,31702.31986534955,0
DIG,D,20140116,000000,14.7553,15.3226,14.7553,15.1327,1352.5366178549973,0
DIG,D,20140117,000000,15.1327,15.1327,15.1263,15.1263,417.02181172656145,0
DIG,D,20140120,000000,15.3525,15.3525,15.2086,15.2086,146.01950677665886,0
DIG,D,20140121,000000,15.3452,15.3452,15.2086,15.2086,288.3266532115335,0
DIG,D,20140122,000000,15.1263,15.1263,14.6107,14.6107,662.0375942840068,0
DIG,D,20140123,000000,14.7925,14.7925,14.6107,14.7925,108.89590335885981,0
DIG,D,20140124,000000,14.9671,14.9671,14.9218,14.9218,168.29366882733174,0
DIG,D,20140127,000000,14.8992,14.9056,14.3772,14.8685,430.63379964641894,0
DIG,D,20140128,000000,14.8603,14.9671,14.6414,14.6414,12504.467084560933,0
DIG,D,20140129,000000,14.7553,14.7553,14.3772,14.7553,780.8331252209399,0
DIG,D,20140130,000000,14.7472,14.7626,14.6794,14.7553,16687.0597362988,0
DIG,D,20140131,000000,14.7553,14.7553,14.7472,14.7553,532.104982321721,0
DIG,D,20140203,000000,14.7553,14.7553,14.3916,14.7553,1612.4018417795687,0
DIG,D,20140204,000000,14.7553,14.7553,14.7553,14.7553,2.4749068945196107,0
DIG,D,20140205,000000,14.7553,14.7553,14.7472,14.7553,1077.8219525632996,0
DIG,D,20140206,000000,14.7553,14.7553,14.7553,14.7553,134.88242575131696,0
DIG,D,20140207,000000,14.7553,14.7553,14.7553,14.7553,2.4749068945196107,0
DIG,D,20140210,000000,14.4676,14.9816,14.4676,14.8685,1400.7973022981057,0
DIG,D,20140211,000000,14.7553,14.7553,14.4676,14.6794,488.79411166763305,0
DIG,D,20140212,000000,14.5282,14.6794,14.3772,14.4903,1343.8744437241387,0
DIG,D,20140213,000000,14.4522,14.6794,14.3464,14.6794,393.51019622861986,0
DIG,D,20140214,000000,14.672,14.7553,14.672,14.7553,332.8749773128901,0
DIG,D,20140217,000000,14.8304,14.8304,14.3772,14.7553,33532.51351384703,0
DIG,D,20140218,000000,14.7925,14.7925,14.672,14.7553,16930.838065408425,0
DIG,D,20140219,000000,14.3772,14.5582,13.9981,14.1953,5413.858831761709,0
DIG,D,20140220,000000,14.2026,14.2026,14.1112,14.1112,217.79180671773048,0
DIG,D,20140221,000000,14.0813,14.7319,14.0813,14.7319,454.14541514434967,0
DIG,D,20140224,000000,14.7472,14.7472,14.6866,14.6946,296.98882734235974,0
DIG,D,20140225,000000,14.6042,14.6042,14.3545,14.5282,243.77832911018763,0
DIG,D,20140226,000000,14.4522,14.4522,14.4522,14.4522,2.4749068945196107,0
DIG,D,20140227,000000,14.3772,14.3772,14.3772,14.3772,85.38428786092693,0
DIG,D,20140228,000000,14.3772,14.7553,14.3772,14.7553,1122.3702766646127,0
DIG,D,20140303,000000,14.1112,14.1565,14.1112,14.1112,408.3596375957351,0
DIG,D,20140304,000000,13.9375,14.7472,13.9375,14.3772,1030.7987215674275,0
DIG,D,20140305,000000,14.3772,14.3772,13.9981,14.369,326.6877100765903,0
DIG,D,20140306,000000,14.3772,14.3772,13.9755,14.2858,1007.2871060694966,0
DIG,D,20140307,000000,14.361,14.4903,14.0587,14.4903,2757.046280494822,0
DIG,D,20140310,000000,14.3772,14.3772,13.9294,14.0054,486.3192047731066,0
DIG,D,20140311,000000,14.369,14.369,14.0659,14.3383,564.278771950478,0
DIG,D,20140312,000000,14.3383,14.3383,13.8162,13.8162,881.0668544489951,0
DIG,D,20140313,000000,13.6199,13.9149,12.9613,12.9613,3885.6038243957782,0
DIG,D,20140314,000000,12.9386,12.9386,12.2573,12.2573,1119.8953697700974,0
DIG,D,20140317,000000,12.4093,12.6283,12.1063,12.4319,2087.5839655273226,0
DIG,D,20140318,000000,12.5524,12.5524,12.4319,12.4319,1856.1801708897349,0
DIG,D,20140319,000000,12.6364,12.6364,11.5018,11.7281,7193.316888921352,0
DIG,D,20140320,000000,11.9172,11.9172,11.1003,11.2287,3547.7790332939107,0
DIG,D,20140321,000000,11.3499,11.842,10.8044,10.8658,13629.312268119846,0
DIG,D,20140324,000000,10.8885,10.9718,10.8885,10.8885,7033.6853942248235,0
DIG,D,20140325,000000,11.3427,11.7281,10.9337,10.9337,29873.363670299375,0
DIG,D,20140326,000000,10.9257,11.2748,10.8958,10.8958,2747.1466529167596,0
DIG,D,20140327,000000,10.9257,10.9718,10.9257,10.9257,2732.297211549666,0
DIG,D,20140328,000000,10.9718,10.9718,10.9718,10.9718,1723.7726520328793,0
DIG,D,20140331,000000,10.9718,10.9718,10.9637,10.9637,1133.5073576899874,0
DIG,D,20140401,000000,10.8206,10.9637,10.8206,10.9564,310.6008152622172,0
DIG,D,20140402,000000,10.9718,10.9718,10.8958,10.9718,2118.520301708822,0
DIG,D,20140403,000000,10.9718,10.9718,10.8885,10.9718,365.0487669416471,0
DIG,D,20140404,000000,10.9718,10.9718,10.7818,10.7818,2145.7442775484933,0
DIG,D,20140407,000000,10.9337,10.9718,10.8206,10.8206,1113.7081025338628,0
DIG,D,20140408,000000,10.8206,10.9718,10.8126,10.8206,2080.159244843776,0
DIG,D,20140409,000000,10.8206,10.9718,10.6686,10.9718,5429.945726576115,0
DIG,D,20140410,000000,10.9718,10.9718,10.2905,10.2905,17300.836646139534,0
DIG,D,20140411,000000,10.4723,10.4723,9.79099,9.82174,62944.30704831746,0
DIG,D,20140414,000000,9.82174,9.98829,9.34499,9.60926,4645.400241013368,0
DIG,D,20140415,000000,9.67708,9.67708,8.71712,8.81491,50374.254931052245,0
DIG,D,20140416,000000,9.07995,9.38218,8.95066,9.07995,4196.204639658082,0
DIG,D,20140417,000000,9.23103,9.45811,8.77686,8.77686,7537.328947259562,0
DIG,D,20140422,000000,8.73976,9.22294,7.94534,9.05732,5792.519586623246,0
DIG,D,20140423,000000,9.1551,9.1551,8.70902,8.95875,1720.0602916911598,0
DIG,D,20140424,000000,9.07995,9.14865,8.77686,8.95875,4718.4099944016325,0
DIG,D,20140425,000000,8.88274,9.00395,8.79226,8.92802,1076.5844991160418,0
DIG,D,20140428,000000,8.98939,8.98939,8.823,8.92156,426.92143930463465,0
DIG,D,20140429,000000,8.98939,9.00395,8.77686,8.89083,2608.551866823669,0
DIG,D,20140430,000000,8.89083,8.89083,8.70902,8.77686,1601.2647607541944,0
DIG,D,20140502,000000,8.77686,8.96684,8.70093,8.78495,1685.4115951678332,0
DIG,D,20140505,000000,8.78495,8.92802,8.69448,8.69448,5571.015419563721,0
DIG,D,20140506,000000,8.80759,8.92802,8.62579,8.72358,1976.213155273904,0
DIG,D,20140507,000000,8.72358,8.72358,8.41406,8.70093,8688.160653211158,0
DIG,D,20140508,000000,8.65565,8.66374,8.32273,8.41406,5648.974986741015,0
DIG,D,20140509,000000,8.3987,8.3987,8.02132,8.05849,4353.3612274599855,0
DIG,D,20140512,000000,8.05849,8.31547,8.02132,8.24758,3014.4365975248784,0
DIG,D,20140513,000000,8.63302,9.00395,8.44476,8.80759,9591.501669710868,0
DIG,D,20140514,000000,8.80759,8.89083,8.48193,8.51992,13300.149651148944,0
DIG,D,20140515,000000,8.69448,8.81491,8.47385,8.80759,2404.3720480258617,0
DIG,D,20140516,000000,8.73167,8.80759,8.68639,8.76963,3588.6149970534725,0
DIG,D,20140519,000000,8.76963,9.26905,8.70093,8.77686,4134.331967295084,0
DIG,D,20140520,000000,8.78495,8.78495,8.77686,8.78495,1471.332148791963,0
DIG,D,20140521,000000,8.78495,8.78495,8.65565,8.65565,5889.040955509462,0
DIG,D,20140522,000000,8.77686,8.81491,8.77686,8.81491,638.5259787860653,0
DIG,D,20140523,000000,8.83746,9.07995,8.77686,9.06455,4560.015953152417,0
DIG,D,20140526,000000,9.06455,9.07995,8.93611,8.93611,2596.1773323510915,0
DIG,D,20140527,000000,8.89083,9.24644,8.3987,9.23103,7477.931181791079,0
DIG,D,20140528,000000,9.07995,9.65457,9.07995,9.44999,6145.1938190922065,0
DIG,D,20140529,000000,9.57207,9.79099,9.39029,9.60926,1679.2243279315983,0
DIG,D,20140530,000000,9.76839,9.79914,8.89815,9.1551,4036.573144961555,0
DIG,D,20140602,000000,9.03467,9.03467,8.70093,8.90538,1972.5007949321848,0
DIG,D,20140603,000000,8.94421,8.94421,8.23224,8.61046,15289.974794342088,0
DIG,D,20140604,000000,8.62579,8.70093,8.32273,8.43668,4027.910970830696,0
DIG,D,20140605,000000,8.5878,8.5878,8.33082,8.42861,3631.92586770755,0
DIG,D,20140606,000000,8.35344,8.47385,8.25486,8.32273,2884.5039855626464,0
DIG,D,20140609,000000,8.32273,8.32273,8.30011,8.30011,1414.4092902179957,0
DIG,D,20140610,000000,8.32273,8.60315,8.31547,8.34617,1789.3576847377053,0
DIG,D,20140611,000000,8.5878,8.5878,8.18698,8.31547,5640.312812610266,0
DIG,D,20140612,000000,8.32273,8.32273,8.24758,8.31547,2707.54814260451,0
DIG,D,20140613,000000,8.32273,8.32273,8.09646,8.31547,7563.315469652029,0
DIG,D,20140616,000000,8.24758,8.32273,8.24758,8.32273,2870.8919976427565,0
DIG,D,20140617,000000,8.32273,9.04199,8.32273,8.61847,7468.0315542130165,0
DIG,D,20140618,000000,8.61046,8.61046,8.13444,8.2096,6710.710044489942,0
DIG,D,20140620,000000,8.30818,8.30818,8.14899,8.30818,1017.1867336475698,0
DIG,D,20140623,000000,8.30818,8.30818,8.09646,8.28556,468.99485651147575,0
DIG,D,20140624,000000,8.28556,8.30818,8.28556,8.30818,435.58361343546096,0
DIG,D,20140625,000000,8.28556,8.28556,8.09646,8.17243,3906.640532999215,0
DIG,D,20140626,000000,8.24031,8.24031,8.09646,8.20233,2180.3929740718204,0
DIG,D,20140627,000000,8.30818,8.30818,8.09646,8.10375,3066.409642309814,0
DIG,D,20140630,000000,8.27021,8.28556,8.09646,8.09646,3291.626169711167,0
DIG,D,20140701,000000,8.22495,8.22495,8.09646,8.09646,4151.656315556693,0
DIG,D,20140702,000000,8.2096,8.2096,8.02132,8.09646,2047.9854552149648,0
DIG,D,20140703,000000,8.22495,8.22495,7.90738,8.05849,3198.81716116667,0
DIG,D,20140704,000000,8.02132,8.02132,7.57386,7.97525,6485.4935170886965,0
DIG,D,20140707,000000,7.94534,7.9599,7.71826,7.93726,963.9762354153978,0
DIG,D,20140708,000000,7.93726,7.93726,7.59648,7.59648,2057.885082793027,0
DIG,D,20140709,000000,7.74818,7.74818,7.12011,7.158,5339.611624926132,0
DIG,D,20140710,000000,7.11259,7.26395,6.54505,6.98394,3665.3371107835646,0
DIG,D,20140711,000000,7.10499,7.48335,6.88559,7.18071,13041.521880671577,0
DIG,D,20140714,000000,7.18071,7.18823,6.99913,6.99913,5749.20871596906,0
DIG,D,20140715,000000,6.99913,6.99913,6.59047,6.68131,6214.4912121387515,0
DIG,D,20140716,000000,6.96882,6.96882,6.29542,6.424,4495.668373894904,0
DIG,D,20140717,000000,6.68889,6.72673,6.06843,6.57536,1889.5914139657496,0
DIG,D,20140718,000000,6.7116,6.92342,6.69649,6.79476,27897.150515025583,0
DIG,D,20140721,000000,6.86288,6.86288,6.54505,6.58295,2180.3929740718204,0
DIG,D,20140722,000000,6.72673,6.72673,6.38626,6.38626,1976.213155273904,0
DIG,D,20140723,000000,6.32565,6.7116,6.2349,6.2349,2534.3046599880927,0
DIG,D,20140724,000000,6.69649,6.69649,6.43161,6.57536,2300.425958455989,0
DIG,D,20140725,000000,6.70401,7.24124,6.70401,7.16552,7110.407507954916,0
DIG,D,20140728,000000,7.18823,7.52861,7.17311,7.27147,4765.433225397537,0
DIG,D,20140729,000000,7.27147,7.36989,7.27147,7.36989,5620.51355745414,0
DIG,D,20140730,000000,7.37749,7.55899,7.26395,7.33958,2222.4663912785854,0
DIG,D,20140731,000000,7.49112,7.56683,6.89319,7.48335,28280.76108367604,0
DIG,D,20140801,000000,7.52861,7.70292,7.52861,7.70292,6028.873195049865,0
DIG,D,20140804,000000,7.94534,8.31547,7.94534,8.16435,2408.0844083675806,0
DIG,D,20140805,000000,7.95263,8.05849,7.95263,8.02132,4505.568001472965,0
DIG,D,20140806,000000,7.98252,8.2096,7.64247,8.2096,603.8772822627927,0
DIG,D,20140807,000000,8.31547,8.31547,7.71826,7.89929,1897.0161346492964,0
DIG,D,20140808,000000,7.56683,7.89929,7.33958,7.33958,223.97907395403033,0
DIG,D,20140811,000000,7.49112,7.56683,7.48335,7.48335,324.2128031820747,0
DIG,D,20140812,000000,7.56683,7.56683,7.33207,7.41548,2309.0881325868486,0
DIG,D,20140813,000000,7.41548,7.41548,7.33958,7.41548,1236.2159938125474,0
DIG,D,20140814,000000,7.45289,7.45289,7.33958,7.33958,712.7731856216526,0
DIG,D,20140818,000000,7.37749,7.45289,7.33958,7.45289,12664.098579256592,0
DIG,D,20140819,000000,7.56683,7.56683,7.47552,7.49112,6564.690537713304,0
DIG,D,20140820,000000,7.49112,7.49112,7.49112,7.49112,167.05621538007398,0
DIG,D,20140821,000000,7.56683,7.56683,7.56683,7.56683,6.187267236299079,0
DIG,D,20140822,000000,7.56683,7.56683,7.34718,7.34718,1194.1425766056736,0
DIG,D,20140825,000000,7.56683,7.56683,7.15041,7.158,4066.2720276957425,0
DIG,D,20140826,000000,7.18823,7.18823,6.78717,7.1428,3233.4658576898883,0
DIG,D,20140827,000000,7.18823,7.22605,7.17311,7.18823,11503.3672457278,0
DIG,D,20140828,000000,7.35478,7.35478,7.08988,7.08988,7454.419566293126,0
DIG,D,20140829,000000,7.18071,7.37749,7.16552,7.18071,17422.10708397069,0
DIG,D,20140901,000000,7.18823,7.18823,7.01424,7.01424,1399.5598488509022,0
DIG,D,20140902,000000,7.18823,7.18823,6.96123,6.96123,3994.4997277546818,0
DIG,D,20140903,000000,6.88559,7.07477,6.80987,6.84778,4522.892349734683,0
DIG,D,20140904,000000,6.85529,6.85529,6.80237,6.80237,369.9985807306891,0
DIG,D,20140905,000000,6.94611,6.96123,6.90831,6.90831,344.012058338232,0
DIG,D,20140908,000000,6.99913,6.99913,6.9159,6.9159,654.6128736004383,0
DIG,D,20140909,000000,7.03695,7.04456,6.80987,6.81747,653.3754201531806,0
DIG,D,20140910,000000,6.96123,6.96123,6.69649,6.71912,1828.9561950500631,0
DIG,D,20140911,000000,6.73431,6.80237,6.72673,6.72673,1515.8804728932437,0
DIG,D,20140912,000000,6.73431,6.74183,6.68889,6.68889,2942.664297583817,0
DIG,D,20140915,000000,6.73431,6.73431,6.52235,6.54505,1195.3800300529858,0
DIG,D,20140916,000000,6.63589,6.63589,6.63589,6.63589,6.187267236299079,0
DIG,D,20140917,000000,6.69649,6.9159,6.69649,6.90831,400.9349169121775,0
DIG,D,20140918,000000,6.90831,6.9159,6.80987,6.80987,227.6914342958037,0
DIG,D,20140919,000000,6.88559,6.88559,6.73431,6.80987,17590.40075279862,0
DIG,D,20140922,000000,6.80987,6.80987,6.75694,6.80237,3676.474191808939,0
DIG,D,20140923,000000,6.80987,6.80987,6.73431,6.73431,3474.769279905538,0
DIG,D,20140924,000000,6.80987,6.80987,6.47701,6.47701,2729.8223046551507,0
DIG,D,20140925,000000,6.6586,6.6586,6.6586,6.6586,91.57155509722678,0
DIG,D,20140926,000000,6.74944,6.74944,6.73431,6.73431,7.424720683558939,0
DIG,D,20140929,000000,6.80987,6.80987,6.6586,6.76445,1559.1913435473207,0
DIG,D,20140930,000000,6.74944,6.77965,6.73431,6.73431,391.03528933410433,0
DIG,D,20141001,000000,6.73431,6.80237,6.16678,6.16678,8189.466913965452,0
DIG,D,20141002,000000,6.20459,6.39377,5.85654,5.9928,6195.929410429938,0
DIG,D,20141003,000000,6.04572,6.06084,5.82623,5.82623,7953.113305538833,0
DIG,D,20141006,000000,5.9776,5.9776,5.83383,5.86405,3940.05177607523,0
DIG,D,20141007,000000,5.84135,5.84135,5.84135,5.84135,92.80900854448674,0
DIG,D,20141008,000000,5.89436,5.90196,5.40256,5.66736,12964.799766941485,0
DIG,D,20141009,000000,5.87925,5.87925,5.78843,5.82623,3310.1879714199804,0
DIG,D,20141010,000000,5.59924,5.93978,5.59924,5.93978,778.3582183264243,0
DIG,D,20141013,000000,5.90196,5.90947,5.90196,5.90947,184.38056364171567,0
DIG,D,20141014,000000,5.93978,5.93978,5.73549,5.73549,5875.428967589572,0
DIG,D,20141015,000000,5.88676,5.88676,5.46307,5.56902,636.0510718915497,0
DIG,D,20141016,000000,5.56902,5.75067,5.45548,5.63715,1248.5905282851252,0
DIG,D,20141017,000000,5.75067,5.75067,5.47818,5.73549,21.036708603417285,0
DIG,D,20141020,000000,5.52361,5.63715,5.52361,5.63715,155.91913435473205,0
DIG,D,20141021,000000,5.59924,5.63715,5.59924,5.60684,3055.2725612844397,0
DIG,D,20141022,000000,5.63715,5.75067,5.63715,5.75067,514.7806340600794,0
DIG,D,20141023,000000,5.78843,5.78843,5.66736,5.67496,5194.829571596698,0
DIG,D,20141024,000000,5.67496,5.67496,5.62195,5.62195,759.7964166175248,0
DIG,D,20141027,000000,5.67496,5.67496,5.59924,5.59924,636.0510718915497,0
DIG,D,20141028,000000,5.67496,5.86405,5.59924,5.67496,8148.63095020589,0
DIG,D,20141029,000000,5.66736,5.67496,5.56902,5.67496,5656.399707424671,0
DIG,D,20141030,000000,5.67496,5.67496,5.66736,5.66736,1409.4594764289643,0
DIG,D,20141031,000000,5.67496,5.67496,5.56902,5.67496,4688.711111667445,0
DIG,D,20141103,000000,5.50849,5.50849,4.72915,4.91073,98419.62247436195,0
DIG,D,20141104,000000,4.87283,4.87283,4.38861,4.42651,63289.55656010342,0
DIG,D,20141105,000000,4.35079,4.53997,4.23725,4.42651,7576.927457571811,0
DIG,D,20141106,000000,4.42651,4.46425,4.23725,4.35079,9763.507698879976,0
DIG,D,20141107,000000,4.41892,4.77457,4.4038,4.4038,12791.55628432431,0
DIG,D,20141110,000000,4.53997,4.53997,4.38861,4.41132,3315.1377852090113,0
DIG,D,20141112,000000,4.46425,4.5778,4.16161,4.5778,7935.788957277224,0
DIG,D,20141113,000000,4.5778,4.5778,4.25244,4.25244,8373.847477607134,0
DIG,D,20141114,000000,4.38109,4.38109,4.10117,4.16161,11399.421156157929,0
DIG,D,20141117,000000,4.16161,4.28267,4.16161,4.17673,2729.8223046551507,0
DIG,D,20141118,000000,4.19943,4.33568,4.19943,4.32808,7350.473476723362,0
DIG,D,20141119,000000,4.31298,4.53997,4.30537,4.35838,53231.53494077533,0
DIG,D,20141120,000000,4.4038,4.53997,4.4038,4.53997,6643.887558337912,0
DIG,D,20141121,000000,4.53237,4.53997,4.48696,4.53997,10183.004417501073,0
DIG,D,20141124,000000,4.69133,4.75186,4.53997,4.53997,10097.620129640123,0
DIG,D,20141125,000000,4.53997,4.53997,4.42651,4.42651,6921.0771305242015,0
DIG,D,20141126,000000,4.47935,4.67613,4.42651,4.67613,21143.129599881777,0
DIG,D,20141127,000000,4.66103,4.88042,4.66103,4.84261,9330.398992338987,0
DIG,D,20141128,000000,4.84261,5.05449,4.83501,4.85012,5797.469400412277,0
DIG,D,20141201,000000,4.85772,5.05449,4.85012,4.85012,7800.906531525852,0
DIG,D,20141202,000000,5.03938,5.03938,4.85772,4.85772,1087.7215801413945,0
DIG,D,20141203,000000,4.69133,4.84261,4.69133,4.69133,1838.8558226281255,0
DIG,D,20141204,000000,4.86531,4.86531,4.71404,4.71404,2490.9937893340157,0
DIG,D,20141205,000000,4.71404,4.82749,4.71404,4.71404,1135.982264584503,0
DIG,D,20141208,000000,4.70644,4.70644,4.61561,4.68374,3466.1071057747877,0
DIG,D,20141209,000000,4.68374,4.91073,4.23725,4.91073,4061.322213906711,0
DIG,D,20141210,000000,4.84261,4.84261,4.50967,4.50967,6598.1017807893195,0
DIG,D,20141211,000000,4.47185,4.61561,4.28267,4.50967,3902.928172657496,0
DIG,D,20141212,000000,4.38109,4.53997,4.38109,4.53997,2451.395279021658,0
DIG,D,20141215,000000,4.53237,4.91073,4.43403,4.76697,1320.3628282261861,0
DIG,D,20141216,000000,4.53997,4.53997,4.47185,4.53237,9011.13600294604,0
DIG,D,20141217,000000,4.53997,4.53997,4.53237,4.53237,2580.0904375366863,0
DIG,D,20141218,000000,4.53997,4.53997,4.47185,4.47185,1758.4213485562059,0
DIG,D,20141219,000000,4.23725,4.53237,4.23725,4.53237,2033.1360138478713,0
DIG,D,20141222,000000,4.53237,4.53237,4.38861,4.4038,4590.952289333917,0
DIG,D,20141223,000000,4.41132,4.42651,4.19943,4.41892,5949.676174425149,0
DIG,D,20141229,000000,4.50206,4.50206,4.17673,4.46425,1999.7247707718564,0
DIG,D,20141230,000000,4.38861,4.46425,4.38861,4.46425,2539.254473777124,0
DIG,D,20150102,000000,4.46425,4.76697,4.46425,4.54748,3800.2195365349357,0
DIG,D,20150105,000000,4.61561,4.69133,4.46425,4.46425,4426.370980848358,0
DIG,D,20150107,000000,4.53997,4.97886,4.50206,4.50206,1132.2699042427837,0
DIG,D,20150108,000000,4.50206,4.60801,4.46425,4.46425,1710.1606641130977,0
DIG,D,20150109,000000,4.50206,4.76697,4.38861,4.39621,13203.62828226186,0
DIG,D,20150112,000000,4.52477,4.53997,4.47935,4.47935,498.6937392457063,0
DIG,D,20150113,000000,4.53237,4.5778,4.53237,4.5778,308.1259083676908,0
DIG,D,20150114,000000,4.46425,4.46425,4.41132,4.41132,1086.4841266940825,0
DIG,D,20150115,000000,4.50206,4.50206,4.39621,4.39621,2534.3046599880927,0
DIG,D,20150116,000000,4.46425,4.46425,4.38861,4.38861,6057.334624336848,0
DIG,D,20150119,000000,4.42651,4.72915,4.36591,4.72915,1523.3051935767905,0
DIG,D,20150120,000000,4.72915,4.72915,4.53997,4.53997,100.23372922804545,0
DIG,D,20150121,000000,4.38861,4.38861,4.30537,4.38861,1440.3958126104637,0
DIG,D,20150122,000000,4.35079,4.42651,4.35079,4.42651,842.7057975839383,0
DIG,D,20150123,000000,4.50206,4.61561,4.46425,4.61561,619.9641770771658,0
DIG,D,20150126,000000,4.60801,4.60801,4.35079,4.35079,1626.0138296993505,0
DIG,D,20150127,000000,4.35079,4.35079,4.16161,4.35079,3160.456104301624,0
DIG,D,20150128,000000,4.27514,4.27514,4.27514,4.27514,157.15658780200073,0
DIG,D,20150129,000000,4.27514,4.43403,4.16913,4.31298,35926.98593429386,0
DIG,D,20150130,000000,4.23725,4.41132,4.23725,4.41132,2265.7772619327707,0
DIG,D,20150202,000000,4.38109,4.38109,4.38109,4.38109,6.187267236299079,0
DIG,D,20150203,000000,4.45665,4.45665,4.08597,4.15401,20679.08455715929,0
DIG,D,20150204,000000,4.10117,4.22973,3.97243,4.22973,7433.382857689689,0
DIG,D,20150205,000000,4.22973,4.22973,4.00273,4.00273,4204.866813788833,0
DIG,D,20150206,000000,4.22973,4.22973,4.00273,4.00273,1868.554705362313,0
DIG,D,20150209,000000,4.10868,4.10868,3.85897,3.85897,4994.36211314061,0
DIG,D,20150210,000000,3.87408,3.92702,3.87408,3.9195,2180.3929740718204,0
DIG,D,20150211,000000,3.8968,3.8968,3.86649,3.86649,1770.7958830287841,0
DIG,D,20150212,000000,3.9346,3.9346,3.87408,3.87408,2354.873910135441,0
DIG,D,20150213,000000,3.9195,3.9346,3.9195,3.9346,2993.39988892155,0
DIG,D,20150216,000000,3.9346,4.09356,3.92702,3.9346,7536.09149381225,0
DIG,D,20150217,000000,3.92702,3.92702,3.81356,3.92702,1479.9943229227133,0
DIG,D,20150218,000000,3.97243,4.08597,3.90431,4.07846,1700.2610365350351,0
DIG,D,20150219,000000,3.97243,4.07846,3.97243,3.97243,659.5626873894804,0
DIG,D,20150220,000000,4.07846,4.07846,4.07846,4.07846,12.374534472598594,0
DIG,D,20150223,000000,4.08597,4.1238,4.08597,4.1238,6463.219355038057,0
DIG,D,20150224,000000,4.16161,4.22214,4.08597,4.08597,3007.0118768413317,0
DIG,D,20150225,000000,4.16161,4.19943,4.16161,4.19943,2891.928706246193,0
DIG,D,20150226,000000,4.19943,4.22214,4.16161,4.22214,3357.211202415885,0
DIG,D,20150227,000000,4.08597,4.22214,4.01785,4.1238,4532.791977312747,0
DIG,D,20150302,000000,3.98002,3.98002,3.87408,3.9346,4656.537322038742,0
DIG,D,20150303,000000,3.9346,3.9346,3.78334,3.8892,6667.399173835865,0
DIG,D,20150304,000000,3.8968,4.16161,3.82866,4.16161,18314.311019445784,0
DIG,D,20150305,000000,4.21455,4.22973,3.95731,4.10868,2232.3660188567565,0
DIG,D,20150306,000000,4.1238,4.21455,4.1238,4.15401,1220.1290989981417,0
DIG,D,20150309,000000,4.15401,4.21455,3.98002,3.98002,1616.114202121288,0
DIG,D,20150310,000000,4.07846,4.07846,3.98762,3.98762,1966.3135276958415,0
DIG,D,20150311,000000,3.97243,3.98002,3.95731,3.95731,980.063130229771,0
DIG,D,20150312,000000,3.98002,3.98002,3.85137,3.85137,2706.310689157199,0
DIG,D,20150313,000000,3.85137,3.85137,3.81356,3.81356,6127.869470830597,0
DIG,D,20150316,000000,3.81356,3.92702,3.79085,3.92702,6061.046984678568,0
DIG,D,20150317,000000,3.9195,4.08597,3.9195,4.07085,36718.95614054101,0
DIG,D,20150318,000000,4.07846,4.07846,3.94973,4.07846,10491.130325868753,0
DIG,D,20150319,000000,4.07846,4.07846,3.91191,4.04815,10273.338519151055,0
DIG,D,20150320,000000,4.01785,4.07846,3.78334,3.78334,36857.55092663346,0
DIG,D,20150323,000000,3.76063,3.76063,3.38987,3.48061,70835.54768149329,0
DIG,D,20150324,000000,3.48813,3.82866,3.48813,3.80597,18179.428593694203,0
DIG,D,20150325,000000,3.81356,3.81356,3.73032,3.75303,39441.35372451251,0
DIG,D,20150326,000000,3.78334,3.81356,3.76823,3.80597,20274.437279904527,0
DIG,D,20150327,000000,3.74552,3.74552,3.74552,3.74552,665.7499546257802,0
DIG,D,20150330,000000,3.71521,3.71521,3.71521,3.71521,412.0719979375194,0
DIG,D,20150331,000000,3.6925,3.6925,3.6849,3.6849,3402.9969799644778,0
DIG,D,20150401,000000,3.7001,3.7001,3.57896,3.63198,7381.409812904862,0
DIG,D,20150402,000000,3.59416,3.78334,3.51843,3.78334,4391.722284325139,0
DIG,D,20150407,000000,3.78334,3.78334,3.7228,3.77573,52237.85982262607,0
DIG,D,20150408,000000,3.77573,3.84379,3.77573,3.81356,41421.27924012824,0
DIG,D,20150409,000000,3.82866,3.86649,3.6925,3.85137,20420.456786681923,0
DIG,D,20150410,000000,3.82108,3.87408,3.78334,3.78334,1685.4115951678332,0
DIG,D,20150413,000000,3.78334,3.78334,3.6925,3.77573,8688.160653211158,0
DIG,D,20150414,000000,3.77573,3.77573,3.74552,3.77573,10629.725111961843,0
DIG,D,20150415,000000,3.77573,3.77573,3.74552,3.74552,3721.02251591022,0
DIG,D,20150416,000000,3.74552,3.82108,3.74552,3.82108,5436.132993812349,0
DIG,D,20150417,000000,3.83627,3.83627,3.83627,3.83627,301.9386411313909,0
DIG,D,20150420,000000,3.83627,3.94973,3.83627,3.94973,11514.504326752525,0
DIG,D,20150421,000000,3.94221,4.10868,3.8968,4.04815,1873.504519151344,0
DIG,D,20150422,000000,4.04815,4.07085,4.04815,4.04815,940.4646199174562,0
DIG,D,20150423,000000,3.96492,3.96492,3.7228,3.87408,3813.8315244547175,0
DIG,D,20150424,000000,3.95731,4.10868,3.87408,3.97243,3021.8613182084246,0
DIG,D,20150427,000000,3.95731,3.97243,3.95731,3.97243,132.40751885680137,0
DIG,D,20150428,000000,3.85897,3.97243,3.78334,3.96492,3238.415671478919,0
DIG,D,20150429,000000,3.96492,3.97243,3.78334,3.85897,1479.9943229227133,0
DIG,D,20150430,000000,3.82108,3.85897,3.82108,3.85897,207.89217913964637,0
DIG,D,20150504,000000,3.78334,3.78334,3.73032,3.78334,1194.1425766056736,0
DIG,D,20150505,000000,3.79837,3.8968,3.79837,3.8968,201.70491190334653,0
DIG,D,20150506,000000,3.8892,3.8968,3.75303,3.75303,660.8001408367383,0
DIG,D,20150507,000000,3.76063,3.76063,3.74552,3.74552,2629.588575427106,0
DIG,D,20150508,000000,3.79837,3.79837,3.75303,3.75303,1845.0430898643604,0
DIG,D,20150511,000000,3.76823,3.77573,3.7001,3.7001,712.7731856216526,0
DIG,D,20150512,000000,3.7001,3.70761,3.65468,3.65468,3873.2292899232,0
DIG,D,20150513,000000,3.65468,3.65468,3.59416,3.59416,7782.344729817039,0
DIG,D,20150514,000000,3.67739,3.67739,3.63198,3.66219,1614.8767486740842,0
DIG,D,20150515,000000,3.82108,3.82108,3.56385,3.56385,3813.8315244547175,0
DIG,D,20150518,000000,3.52604,3.60167,3.48061,3.56385,1199.092390394813,0
DIG,D,20150519,000000,3.48813,3.51084,3.4504,3.48061,4608.276637595526,0
DIG,D,20150520,000000,3.48061,3.51843,3.4428,3.51843,1395.8474885090743,0
DIG,D,20150521,000000,3.48061,3.48061,3.19309,3.39746,11853.566571301923,0
DIG,D,20150522,000000,3.39746,3.48061,3.32934,3.32934,2043.0356414259336,0
DIG,D,20150525,000000,3.32934,3.32934,3.17798,3.21579,5210.916466411104,0
DIG,D,20150526,000000,3.24602,3.24602,3.2082,3.2082,2399.4222342368303,0
DIG,D,20150527,000000,3.19309,3.19309,2.89045,3.19309,12229.75241926851,0
DIG,D,20150528,000000,3.2082,3.32934,3.14008,3.14008,2843.668021803085,0
DIG,D,20150529,000000,3.02662,3.09474,3.02662,3.02662,4843.392792574942,0
DIG,D,20150601,000000,3.02662,3.02662,2.9888,3.01911,4004.3993553327437,0
DIG,D,20150602,000000,2.97369,2.97369,2.91316,2.9661,4425.133527401154,0
DIG,D,20150603,000000,2.9661,3.01911,2.94338,2.95097,3186.442626693983,0
DIG,D,20150605,000000,2.89797,2.9888,2.73909,2.98121,3785.370095167734,0
DIG,D,20150608,000000,2.95097,2.95097,2.91316,2.95097,671.9372218620802,0
DIG,D,20150609,000000,2.89045,2.89045,2.73909,2.75429,6611.713768709209,0
DIG,D,20150610,000000,2.73909,2.76179,2.54232,2.59533,3958.613577784151,0
DIG,D,20150611,000000,2.34562,2.57262,2.34562,2.48939,20867.177481142044,0
DIG,D,20150612,000000,2.54991,2.87526,2.38353,2.44405,8206.791262227061,0
DIG,D,20150615,000000,2.57262,2.83744,2.45166,2.83744,3379.485364466525,0
DIG,D,20150616,000000,2.83744,2.9661,2.76179,2.76179,2252.165274012881,0
DIG,D,20150617,000000,2.81473,2.81473,2.57262,2.75429,1122.3702766646127,0
DIG,D,20150618,000000,2.76179,2.76179,2.64835,2.64835,23689.808794341476,0
DIG,D,20150619,000000,2.76179,2.76179,2.49691,2.71638,325.4502566293325,0
DIG,D,20150622,000000,2.64835,2.64835,2.64835,2.64835,773.4084045373824,0
DIG,D,20150623,000000,2.68617,2.68617,2.5348,2.5348,14421.28247436592,0
DIG,D,20150624,000000,2.51961,2.62564,2.51961,2.51961,3091.1587112549705,0
DIG,D,20150625,000000,2.47427,2.54991,2.45917,2.45917,2728.584851207947,0
DIG,D,20150626,000000,2.45917,2.54232,2.45917,2.54232,653.3754201531806,0
DIG,D,20150629,000000,2.48939,2.48939,2.34562,2.38353,1482.469229817229,0
DIG,D,20150630,000000,2.38353,2.55751,2.38353,2.55751,240.06596876840337,0
DIG,D,20150701,000000,2.56504,3.09474,2.56504,2.83744,10622.300391278297,0
DIG,D,20150702,000000,2.67857,2.94338,2.58773,2.71638,4578.577754861339,0
DIG,D,20150703,000000,2.64835,2.71638,2.64835,2.70127,1314.1755609899512,0
DIG,D,20150706,000000,2.61044,2.64835,2.39863,2.64074,2893.166159693505,0
DIG,D,20150707,000000,2.64835,2.64835,2.64074,2.64074,22402.857209191192,0
DIG,D,20150708,000000,2.64835,2.64835,2.42135,2.49691,3927.6772416026515,0
DIG,D,20150709,000000,2.49691,2.49691,2.36833,2.47427,2285.5765170888963,0
DIG,D,20150710,000000,2.45917,2.49691,2.38353,2.48179,3037.9482130228307,0
DIG,D,20150713,000000,2.45917,2.50449,2.36833,2.42135,28373.570092220107,0
DIG,D,20150714,000000,2.45917,2.49691,2.30781,2.45917,21021.85916204954,0
DIG,D,20150715,000000,2.49691,2.49691,2.38353,2.49691,11139.555932233248,0
DIG,D,20150716,000000,2.64835,2.64835,2.42895,2.56504,17362.70931850297,0
DIG,D,20150717,000000,2.71638,2.71638,2.57262,2.61044,4249.415137890222,0
DIG,D,20150720,000000,2.64074,2.64074,2.54991,2.64074,4743.159063346897,0
DIG,D,20150721,000000,2.64835,2.64835,2.48179,2.55751,3989.5499139656504,0
DIG,D,20150722,000000,2.54991,2.54991,2.38353,2.40623,4651.587508249603,0
DIG,D,20150723,000000,2.40623,2.41375,2.38353,2.41375,9120.031906304834,0
DIG,D,20150724,000000,2.41375,2.63315,2.41375,2.61804,3483.4314540363976,0
DIG,D,20150727,000000,2.61804,2.70887,2.49691,2.70887,9314.312097524687,0
DIG,D,20150728,000000,2.70887,2.92067,2.57262,2.78451,15109.306591042125,0
DIG,D,20150729,000000,2.78451,2.87526,2.76939,2.76939,4170.218117265614,0
DIG,D,20150730,000000,2.77699,2.77699,2.59533,2.76179,3343.599214495995,0
DIG,D,20150731,000000,2.76179,2.76179,2.76179,2.76179,6.187267236299079,0
DIG,D,20150803,000000,2.79962,2.79962,2.78451,2.78451,144.78205332940104,0
DIG,D,20150804,000000,2.78451,2.78451,2.68617,2.70887,5239.377895698088,0
DIG,D,20150805,000000,2.72397,2.72397,2.68617,2.71638,1676.7494210370828,0
DIG,D,20150806,000000,2.72397,2.72397,2.69375,2.71638,267.28994460811833,0
DIG,D,20150807,000000,2.72397,2.86774,2.64835,2.86774,5563.5906988801735,0
DIG,D,20150810,000000,2.86774,2.86774,2.82984,2.84503,1598.7898538596787,0
DIG,D,20150811,000000,2.85255,2.85255,2.72397,2.81473,3166.6433715378585,0
DIG,D,20150812,000000,2.81473,2.83744,2.81473,2.83744,284.61429286976005,0
DIG,D,20150813,000000,2.82984,2.82984,2.82984,2.82984,180.66820329993146,0
DIG,D,20150814,000000,2.82984,2.82984,2.76179,2.76179,3237.1782180317155,0
DIG,D,20150817,000000,2.76179,2.76179,2.72397,2.72397,2090.0588724218383,0
DIG,D,20150818,000000,2.72397,2.72397,2.71638,2.71638,4628.075892751759,0
DIG,D,20150819,000000,2.71638,2.71638,2.71638,2.71638,183.1431101944579,0
DIG,D,20150820,000000,2.72397,2.72397,2.70887,2.70887,1060.4976043016688,0
DIG,D,20150821,000000,2.72397,2.72397,2.64835,2.70887,4420.183713612015,0
DIG,D,20150824,000000,2.70127,2.70127,2.49691,2.49691,4832.2557115495665,0
DIG,D,20150825,000000,2.5348,2.65585,2.5348,2.65585,5402.721750736334,0
DIG,D,20150826,000000,2.64835,2.65585,2.64835,2.65585,9197.99147348224,0
DIG,D,20150827,000000,2.67104,2.78451,2.64074,2.68617,17764.881688862024,0
DIG,D,20150828,000000,2.70127,2.78451,2.70127,2.72397,322.97534973481686,0
DIG,D,20150831,000000,2.7921,3.02662,2.7921,3.01151,9780.832047141583,0
DIG,D,20150901,000000,3.06451,3.32934,2.9964,3.08723,5423.758459339771,0
DIG,D,20150902,000000,3.08723,3.14008,3.03421,3.09474,5752.921076310887,0
DIG,D,20150903,000000,3.09474,3.37475,3.09474,3.36717,32167.602361519348,0
DIG,D,20150904,000000,3.48061,3.54874,3.4428,3.51843,12656.673858573804,0
DIG,D,20150907,000000,3.48061,3.48061,3.32934,3.4428,1150.8317059515966,0
DIG,D,20150908,000000,3.43528,3.43528,3.21579,3.28392,1833.9060088390943,0
DIG,D,20150909,000000,3.28392,3.28392,3.27633,3.27633,325.4502566293325,0
DIG,D,20150910,000000,3.27633,3.27633,3.14008,3.23092,960.2638750736135,0
DIG,D,20150911,000000,3.10234,3.23092,3.10234,3.17038,2264.539808485459,0
DIG,D,20150914,000000,3.19309,3.20059,3.17798,3.17798,1680.4617813788018,0
DIG,D,20150915,000000,3.17798,3.17798,3.17038,3.17798,11504.60469917403,0
DIG,D,20150916,000000,3.17798,3.17798,3.17798,3.17798,3372.0606437829783,0
DIG,D,20150917,000000,3.17798,3.17798,3.17038,3.17798,19606.212418384235,0
DIG,D,20150918,000000,3.18549,3.29143,3.18549,3.28392,8553.278227459896,0
DIG,D,20150921,000000,3.28392,3.29143,3.22331,3.29143,2512.0304979374528,0
DIG,D,20150922,000000,3.32934,3.42768,3.32934,3.42009,1523.3051935767905,0
DIG,D,20150923,000000,3.42009,3.42009,3.42009,3.42009,23.511615497936134,0
DIG,D,20150924,000000,3.41258,3.41258,3.17038,3.24602,4692.423472009273,0
DIG,D,20150925,000000,3.2385,3.24602,3.17798,3.24602,680.5993959928956,0
DIG,D,20150928,000000,3.21579,3.22331,3.19309,3.19309,1109.9957421920349,0
DIG,D,20150929,000000,3.2082,3.24602,3.02662,3.22331,2372.1982583970503,0
DIG,D,20150930,000000,3.24602,3.24602,3.17798,3.17798,1989.825143193794,0
DIG,D,20151001,000000,3.16279,3.17038,3.14008,3.17038,3192.6298939303265,0
DIG,D,20151002,000000,3.14008,3.41258,3.10234,3.40498,17186.99092899117,0
DIG,D,20151005,000000,3.36717,3.48061,3.29143,3.41258,4053.897493223164,0
DIG,D,20151006,000000,3.41258,3.41258,3.36717,3.41258,2831.293487330507,0
DIG,D,20151007,000000,3.41258,3.41258,3.36717,3.41258,3588.6149970534725,0
DIG,D,20151008,000000,3.41258,3.41258,3.36717,3.41258,3151.793930170765,0
DIG,D,20151009,000000,3.4428,3.77573,3.4428,3.63198,19466.38017884448,0
DIG,D,20151012,000000,3.74552,3.92702,3.73792,3.79085,3252.0276593988096,0
DIG,D,20151013,000000,3.9346,4.16161,3.9346,4.05575,28098.855426928767,0
DIG,D,20151014,000000,4.15401,4.15401,3.78334,3.86649,12932.625977312457,0
DIG,D,20151015,000000,4.15401,4.15401,3.79837,3.9346,1189.1927628166425,0
DIG,D,20151016,000000,3.8968,3.8968,3.63958,3.75303,12264.40111579216,0
DIG,D,20151019,000000,3.75303,3.8968,3.75303,3.8968,5102.020563052201,0
DIG,D,20151020,000000,3.8968,3.8968,3.78334,3.78334,21061.45767236244,0
DIG,D,20151021,000000,3.8892,3.8968,3.76823,3.8968,9796.91894195599,0
DIG,D,20151022,000000,3.8968,3.8968,3.67739,3.82866,6296.163139657982,0
DIG,D,20151023,000000,3.8968,3.8968,3.76823,3.76823,3325.037412787182,0
DIG,D,20151026,000000,3.8968,3.8968,3.7228,3.88167,3.7123603417794695,0
DIG,D,20151027,000000,3.88167,3.88167,3.78334,3.88167,14.849441367117445,0
DIG,D,20151028,000000,3.78334,3.78334,3.77573,3.77573,1685.4115951678332,0
DIG,D,20151029,000000,3.77573,3.77573,3.7228,3.77573,2248.4529136710535,0
DIG,D,20151030,000000,3.88167,3.88167,3.7228,3.85897,831.5687165585964,0
DIG,D,20151102,000000,3.85897,3.88167,3.7228,3.78334,3472.2943730110223,0
DIG,D,20151103,000000,3.78334,3.82108,3.75303,3.75303,3656.6749366527056,0
DIG,D,20151104,000000,3.88167,3.88167,3.75303,3.75303,2019.5240259279813,0
DIG,D,20151105,000000,3.88167,3.88167,3.78334,3.82108,6160.043260459408,0
DIG,D,20151106,000000,3.88167,3.88167,3.82108,3.88167,2620.9264012962476,0
DIG,D,20151109,000000,3.88167,3.88167,3.87408,3.87408,143.54459988214325,0
DIG,D,20151110,000000,3.8892,3.8892,3.82108,3.88167,1044.4107094872847,0
DIG,D,20151112,000000,3.8968,3.8968,3.82866,3.8968,2585.0402513257172,0
DIG,D,20151113,000000,3.8968,3.8968,3.82866,3.8968,847.6556113729695,0
DIG,D,20151116,000000,3.78334,3.8968,3.63198,3.7001,20284.336907483023,0
DIG,D,20151117,000000,3.70761,3.70761,3.33686,3.60926,13524.12872510266,0
DIG,D,20151118,000000,3.63958,3.63958,3.46542,3.63198,1467.6197884501353,0
DIG,D,20151119,000000,3.63198,3.70761,3.55625,3.70761,6643.887558337912,0
DIG,D,20151120,000000,3.70761,3.70761,3.59416,3.70761,9091.57047701785,0
DIG,D,20151123,000000,3.85897,3.9346,3.70761,3.9346,9269.7637734233,0
DIG,D,20151124,000000,3.92702,3.92702,3.78334,3.82108,4100.920724219069,0
DIG,D,20151125,000000,3.82108,3.82108,3.82108,3.82108,1086.4841266940825,0
DIG,D,20151126,000000,3.82108,3.92702,3.82108,3.8968,2635.7758426634496,0
DIG,D,20151127,000000,3.8968,3.8968,3.8968,3.8968,10770.79480494945,0
DIG,D,20151130,000000,3.8968,3.8968,3.8892,3.8968,1301.8010265173732,0
DIG,D,20151201,000000,3.85897,3.92702,3.83627,3.92702,9696.685212727944,0
DIG,D,20151202,000000,3.92702,3.92702,3.79085,3.8968,3007.0118768413317,0
DIG,D,20151203,000000,3.92702,3.92702,3.8968,3.8968,94.04646199174563,0
DIG,D,20151204,000000,3.9195,3.9195,3.8892,3.8892,2.4749068945196107,0
DIG,D,20151207,000000,3.79085,3.88167,3.79085,3.88167,2525.642485857234,0
DIG,D,20151208,000000,3.77573,3.85897,3.6925,3.80597,8100.370265762782,0
DIG,D,20151209,000000,3.81356,3.88167,3.6849,3.87408,6614.188675603726,0
DIG,D,20151210,000000,3.87408,3.87408,3.79085,3.87408,637.2885253388075,0
DIG,D,20151211,000000,3.87408,3.87408,3.78334,3.87408,266.0524911608605,0
DIG,D,20151214,000000,3.87408,3.87408,3.7001,3.87408,1097.6212077194568,0
DIG,D,20151215,000000,3.85897,3.85897,3.74552,3.85897,226.4539808485459,0
DIG,D,20151216,000000,3.85897,3.85897,3.85897,3.85897,266.0524911608605,0
DIG,D,20151217,000000,3.85897,3.85897,3.85137,3.85137,73.00975338832943,0
DIG,D,20151218,000000,3.85897,3.85897,3.7001,3.85897,447.9581479080498,0
DIG,D,20151221,000000,3.85897,3.85897,3.85137,3.85137,2.4749068945196107,0
DIG,D,20151222,000000,3.85137,3.85137,3.85137,3.85137,219.02926016498827,0
DIG,D,20151223,000000,3.85137,3.85137,3.7001,3.84379,1380.998047141981,0
DIG,D,20151228,000000,3.85137,4.53237,3.85137,4.24485,94336.0260984047,0
DIG,D,20151229,000000,4.33568,4.53237,4.06326,4.20704,50572.24748261458,0
DIG,D,20151230,000000,4.16161,4.16161,4.05575,4.15401,5032.723170005655,0
DIG,D,20160104,000000,4.15401,4.30537,3.90431,4.22973,10058.021619327765,0
DIG,D,20160105,000000,4.22973,4.27514,4.22973,4.23725,908.29083028871,0
DIG,D,20160107,000000,4.19943,4.27514,4.19943,4.27514,1962.6011673541223,0
DIG,D,20160108,000000,4.27514,4.27514,4.07846,4.27514,659.5626873894804,0
DIG,D,20160111,000000,4.27514,4.27514,4.23725,4.23725,70.53484649380948,0
DIG,D,20160112,000000,4.23725,4.26755,4.19943,4.26755,874.8795872126954,0
DIG,D,20160113,000000,4.26755,4.26755,4.19943,4.26755,690.4990235709797,0
DIG,D,20160114,000000,4.26755,4.26755,4.26755,4.26755,7.424720683558939,0
DIG,D,20160115,000000,4.26755,4.26755,4.07846,4.23725,518.4929944018636,0
DIG,D,20160118,000000,4.21455,4.21455,4.07846,4.10868,2265.7772619327707,0
DIG,D,20160119,000000,4.08597,4.11628,4.08597,4.11628,397.2225565704041,0
DIG,D,20160120,000000,4.21455,4.21455,3.92702,4.08597,2524.405032410031,0
DIG,D,20160121,000000,4.10117,4.10117,3.88167,4.07846,3217.378962875483,0
DIG,D,20160122,000000,4.07846,4.10117,4.01034,4.08597,532.104982321721,0
DIG,D,20160125,000000,4.08597,4.10117,4.06326,4.06326,4018.0113432526337,0
DIG,D,20160126,000000,4.06326,4.06326,4.01785,4.06326,1749.7591744253473,0
DIG,D,20160127,000000,4.08597,4.23725,4.05575,4.11628,4448.6451428989985,0
DIG,D,20160128,000000,4.19943,4.19943,4.04815,4.07846,473.94467030050697,0
DIG,D,20160129,000000,4.19943,4.19943,4.08597,4.19943,2117.28284826151,0
DIG,D,20160201,000000,4.19943,4.19943,4.08597,4.19184,558.0915047141783,0
DIG,D,20160202,000000,4.19184,4.19184,4.16161,4.19184,2645.675470241512,0
DIG,D,20160203,000000,4.19184,4.20704,4.08597,4.14642,10924.239032409634,0
DIG,D,20160204,000000,4.14642,4.14642,4.06326,4.13891,5251.752430170666,0
DIG,D,20160205,000000,4.1238,4.1238,4.03305,4.08597,4624.363532409931,0
DIG,D,20160208,000000,4.09356,4.14642,4.09356,4.14642,8381.27219829079,0
DIG,D,20160209,000000,4.14642,4.14642,4.01034,4.10868,1205.2796576310482,0
DIG,D,20160210,000000,4.1313,4.1313,4.01034,4.1313,3172.830638774202,0
DIG,D,20160211,000000,4.14642,4.14642,3.76063,3.78334,40328.60784619727,0
DIG,D,20160212,000000,3.78334,3.78334,3.55625,3.6925,9379.897130229405,0
DIG,D,20160215,000000,3.6925,3.8892,3.66979,3.85137,4800.081921920864,0
DIG,D,20160216,000000,3.85137,3.85897,3.82108,3.82866,6648.837372127052,0
DIG,D,20160217,000000,3.78334,3.85897,3.78334,3.78334,3544.066672952084,0
DIG,D,20160218,000000,3.78334,3.78334,3.78334,3.78334,216.5543532704727,0
DIG,D,20160219,000000,3.78334,3.78334,3.7001,3.78334,1326.5500954625293,0
DIG,D,20160222,000000,3.78334,3.78334,3.67739,3.74552,7479.168635238282,0
DIG,D,20160223,000000,3.74552,3.74552,3.7001,3.7001,676.8870356511221,0
DIG,D,20160224,000000,3.7001,3.7001,3.56385,3.61686,3399.2846196227583,0
DIG,D,20160225,000000,3.61686,3.6925,3.57145,3.6925,3970.9881122567294,0
DIG,D,20160226,000000,3.6925,3.7001,3.57145,3.7001,542.0046098998051,0
DIG,D,20160229,000000,3.6925,3.82108,3.63198,3.78334,7095.5580665878215,0
DIG,D,20160301,000000,3.82108,3.82108,3.78334,3.78334,1455.2452539775572,0
DIG,D,20160302,000000,3.78334,3.78334,3.78334,3.78334,108.89590335885981,0
DIG,D,20160303,000000,3.82108,3.82108,3.63198,3.78334,4035.3356915142426,0
DIG,D,20160304,000000,3.78334,3.82108,3.70761,3.74552,4555.066139363386,0
DIG,D,20160307,000000,3.90431,3.96492,3.63958,3.76823,6970.575268414514,0
DIG,D,20160308,000000,3.76823,3.76823,3.76823,3.76823,2.4749068945196107,0
DIG,D,20160309,000000,3.76823,3.76823,3.74552,3.74552,2.4749068945196107,0
DIG,D,20160310,000000,3.76823,3.76823,3.63198,3.74552,795.6825665880659,0
DIG,D,20160311,000000,3.76823,3.76823,3.63198,3.73792,121.2704378314595,0
DIG,D,20160314,000000,3.73792,3.73792,3.60167,3.73792,610.0645494990925,0
DIG,D,20160315,000000,3.73792,3.73792,3.73032,3.73792,15096.93205657009,0
DIG,D,20160316,000000,3.73792,3.73792,3.70761,3.70761,3.7123603417794695,0
DIG,D,20160317,000000,3.71521,3.71521,3.70761,3.70761,4098.445817324553,0
DIG,D,20160318,000000,3.76823,3.8892,3.70761,3.78334,12618.312801708218,0
DIG,D,20160321,000000,3.92702,3.92702,3.73032,3.78334,10741.095922215263,0
DIG,D,20160322,000000,3.90431,3.90431,3.73032,3.77573,11223.702766646129,0
DIG,D,20160323,000000,3.81356,3.8892,3.77573,3.82108,28820.290786681308,0
DIG,D,20160324,000000,3.85137,3.85137,3.85137,3.85137,262.3401308190763,0
DIG,D,20160329,000000,3.81356,3.81356,3.63958,3.74552,2910.4905079551145,0
DIG,D,20160330,000000,3.77573,3.77573,3.46542,3.60167,19252.30073246818,0
DIG,D,20160331,000000,3.63198,3.66979,3.60167,3.66979,6356.798358573669,0
DIG,D,20160401,000000,3.77573,3.77573,3.61686,3.70761,532.104982321721,0
DIG,D,20160404,000000,3.70761,3.76063,3.70761,3.76063,371.236034177947,0
DIG,D,20160405,000000,3.75303,3.75303,3.61686,3.73032,7668.4990126691055,0
DIG,D,20160406,000000,3.75303,3.75303,3.60926,3.73032,6135.294191514144,0
DIG,D,20160407,000000,3.73032,4.1238,3.59416,4.1238,14819.742484383041,0
DIG,D,20160408,000000,4.08597,4.41132,4.08597,4.38861,38802.82774572662,0
DIG,D,20160411,000000,4.38861,4.38861,4.19184,4.38861,10326.549017383195,0
DIG,D,20160412,000000,4.38861,4.38861,4.31298,4.31298,1694.0737692986918,0
DIG,D,20160413,000000,4.38861,4.38861,4.32056,4.38109,2096.2461396581816,0
DIG,D,20160414,000000,4.38861,4.38861,4.35079,4.35079,2.4749068945196107,0
DIG,D,20160415,000000,4.38861,4.45665,4.23725,4.23725,44606.484413374914,0
DIG,D,20160418,000000,4.35079,4.44914,4.25244,4.44914,4897.840744254393,0
DIG,D,20160419,000000,4.44914,5.00907,4.42651,4.72915,71384.97701207706,0
DIG,D,20160420,000000,4.72915,4.91824,4.69133,4.91824,54706.57944990944,0
DIG,D,20160421,000000,5.02427,5.36473,4.99396,5.14524,45710.29288833061,0
DIG,D,20160422,000000,5.14524,5.14524,4.97886,5.11494,11142.030839127874,0
DIG,D,20160425,000000,5.0696,5.44036,5.0696,5.28148,15110.544044489436,0
DIG,D,20160426,000000,5.28148,5.52361,5.14524,5.25119,52482.875605183,0
DIG,D,20160427,000000,5.2739,5.28148,5.14524,5.28148,2701.360875368167,0
DIG,D,20160428,000000,5.29661,5.41014,5.29661,5.40256,1390.8976747200434,0
DIG,D,20160429,000000,5.40256,5.40256,5.19066,5.29661,5033.960623452967,0
DIG,D,20160502,000000,5.29661,5.29661,5.16795,5.28909,1721.2977451383636,0
DIG,D,20160504,000000,5.37232,5.37232,5.15284,5.15284,6875.291352975501,0
DIG,D,20160505,000000,5.28909,5.28909,5.12254,5.21337,6313.487487919592,0
DIG,D,20160506,000000,5.24368,5.24368,5.13765,5.24368,4076.171655273805,0
DIG,D,20160509,000000,5.13013,5.23608,5.13013,5.23608,59.397765468470865,0
DIG,D,20160510,000000,5.23608,5.29661,5.14524,5.29661,10048.121991749702,0
DIG,D,20160511,000000,5.29661,5.29661,5.12254,5.29661,1722.5351985856757,0
DIG,D,20160512,000000,5.29661,5.29661,5.29661,5.29661,2.4749068945196107,0
DIG,D,20160513,000000,5.03179,5.03179,4.53997,4.74426,69752.7759151419,0
DIG,D,20160516,000000,4.74426,4.74426,4.17673,4.17673,19428.019121978894,0
DIG,D,20160517,000000,4.23725,4.51726,3.97243,4.45665,25510.102815261547,0
DIG,D,20160518,000000,4.47185,4.53997,4.32808,4.52477,6156.330900117581,0
DIG,D,20160519,000000,4.52477,4.52477,4.18433,4.45665,14788.806148202408,0
DIG,D,20160520,000000,4.38861,4.38861,4.34327,4.34327,528.3926219799368,0
DIG,D,20160523,000000,4.38861,4.69884,4.25244,4.69133,2615.9765875072158,0
DIG,D,20160524,000000,4.69133,4.72915,4.50967,4.61561,5517.8049213314725,0
DIG,D,20160525,000000,4.65342,4.65342,4.6232,4.65342,115.08317059515964,0
DIG,D,20160527,000000,4.64591,4.67613,4.6232,4.67613,9913.23956599844,0
DIG,D,20160530,000000,4.67613,4.67613,4.61561,4.61561,195.51764466704674,0
DIG,D,20160531,000000,4.67613,4.67613,4.41132,4.53997,2237.3158326457874,0
DIG,D,20160601,000000,4.53997,4.53997,4.25244,4.35079,24979.23528638638,0
DIG,D,20160602,000000,4.38861,4.38861,4.26755,4.38861,431.87125309367667,0
DIG,D,20160603,000000,4.38861,4.38861,4.25244,4.35079,8319.39952592779,0
DIG,D,20160606,000000,4.34327,4.34327,4.25244,4.34327,2645.675470241512,0
DIG,D,20160607,000000,4.34327,4.34327,4.23725,4.34327,649.6630598114073,0
DIG,D,20160608,000000,4.34327,4.53997,4.1238,4.53997,5712.085112551325,0
DIG,D,20160609,000000,4.53997,4.53997,4.35838,4.53237,1655.712712433646,0
DIG,D,20160610,000000,4.52477,4.52477,4.16161,4.50206,5227.003361225509,0
DIG,D,20160613,000000,4.47185,4.47185,4.06326,4.07085,8599.06400500849,0
DIG,D,20160614,000000,4.16161,4.16161,4.01785,4.11628,1587.6527728343046,0
DIG,D,20160615,000000,4.27514,4.27514,3.92702,4.11628,1475.044509133682,0
DIG,D,20160616,000000,4.27514,4.27514,3.85897,3.85897,2544.2042875661555,0
DIG,D,20160617,000000,3.85897,4.02544,3.85897,3.95731,110.13335680612846,0
DIG,D,20160620,000000,4.27514,4.27514,3.95731,4.01034,845.1807044784539,0
DIG,D,20160621,000000,3.87408,4.47185,3.70761,4.46425,9320.499364760924,0
DIG,D,20160622,000000,4.46425,4.46425,4.1238,4.24485,3165.4059180906547,0
DIG,D,20160623,000000,4.22973,4.22973,3.9346,3.9346,6218.203572480579,0
DIG,D,20160624,000000,3.8968,3.98762,3.55625,3.98762,24713.182795226225,0
DIG,D,20160627,000000,4.00273,4.00273,3.99515,3.99515,2.4749068945196107,0
DIG,D,20160628,000000,3.99515,3.99515,3.8892,3.8892,3.7123603417794695,0
DIG,D,20160629,000000,3.97243,3.97243,3.92702,3.92702,201.70491190334653,0
DIG,D,20160630,000000,3.9195,3.9195,3.78334,3.91191,2316.512853270395,0
DIG,D,20160701,000000,3.9195,3.9195,3.74552,3.85137,1554.2415297582895,0
DIG,D,20160704,000000,3.84379,3.84379,3.66219,3.83627,1327.7875489097328,0
DIG,D,20160705,000000,3.83627,3.83627,3.66219,3.81356,2618.451494401732,0
DIG,D,20160706,000000,3.82866,3.82866,3.81356,3.81356,2.4749068945196107,0
DIG,D,20160707,000000,3.82108,3.82108,3.65468,3.80597,4697.373285798304,0
DIG,D,20160708,000000,3.81356,3.81356,3.70761,3.80597,1395.8474885090743,0
DIG,D,20160711,000000,3.81356,3.92702,3.78334,3.85897,3363.398469652228,0
DIG,D,20160712,000000,3.95731,4.14642,3.8968,3.92702,3622.026240129487,0
DIG,D,20160713,000000,3.92702,3.92702,3.9195,3.9195,2.4749068945196107,0
DIG,D,20160714,000000,3.92702,3.92702,3.9195,3.9195,2.4749068945196107,0
DIG,D,20160715,000000,3.9195,4.06326,3.8892,4.04815,10377.284608720818,0
DIG,D,20160718,000000,4.04815,4.04815,3.8968,4.04815,2596.1773323510915,0
DIG,D,20160719,000000,4.04815,4.05575,3.90431,4.05575,2509.555591042937,0
DIG,D,20160720,000000,4.05575,4.05575,4.04055,4.04055,2.4749068945196107,0
DIG,D,20160721,000000,4.04055,4.04055,4.01034,4.01034,266.0524911608605,0
DIG,D,20160722,000000,4.01034,4.01034,3.9195,4.00273,206.65472569238858,0
DIG,D,20160725,000000,3.9195,4.04055,3.9195,4.04055,2872.129451090069,0
DIG,D,20160726,000000,4.04055,4.04055,3.9346,4.01034,2116.0453948143063,0
DIG,D,20160727,000000,4.07846,4.07846,4.01034,4.04815,6943.351292574842,0
DIG,D,20160728,000000,4.08597,4.08597,4.04815,4.06326,811.7694614024391,0
DIG,D,20160729,000000,4.06326,4.06326,3.97243,4.06326,4932.489440777611,0
DIG,D,20160801,000000,4.06326,4.06326,4.01034,4.01034,111.37081025338625,0
DIG,D,20160802,000000,4.05575,4.05575,4.05575,4.05575,2.4749068945196107,0
DIG,D,20160803,000000,4.05575,4.05575,4.05575,4.05575,2.4749068945196107,0
DIG,D,20160804,000000,4.06326,4.14642,4.04815,4.14642,3796.5071761931085,0
DIG,D,20160805,000000,4.19943,4.19943,4.14642,4.16161,610.0645494990925,0
DIG,D,20160808,000000,4.19943,4.20704,3.99515,4.16161,5809.843934884855,0
DIG,D,20160809,000000,4.16161,4.16161,4.04815,4.16161,31086.068048614186,0
DIG,D,20160810,000000,4.16161,4.16161,4.16161,4.16161,12.374534472598594,0
DIG,D,20160811,000000,4.16161,4.53997,4.16161,4.53997,3118.3826870947496,0
DIG,D,20160812,000000,4.53237,4.53237,4.52477,4.52477,2394.472420447799,0
DIG,D,20160816,000000,4.53237,4.53237,4.32056,4.32056,264.81503771360275,0
DIG,D,20160817,000000,4.52477,4.52477,4.32056,4.39621,1832.6685553917823,0
DIG,D,20160818,000000,4.52477,4.52477,4.19943,4.19943,252.44050324100309,0
DIG,D,20160819,000000,4.38861,4.38861,4.27514,4.38861,1686.6490486151451,0
DIG,D,20160822,000000,4.38861,4.38861,4.19943,4.38861,241.30342221566116,0
DIG,D,20160823,000000,4.38861,4.38861,4.01034,4.38861,8290.938096640808,0
DIG,D,20160824,000000,4.38109,4.38861,4.14642,4.38861,5001.786833824157,0
DIG,D,20160825,000000,4.38861,4.38861,4.13891,4.32056,4475.8691187387785,0
DIG,D,20160826,000000,4.31298,4.31298,4.31298,4.31298,2.4749068945196107,0
DIG,D,20160829,000000,4.17673,4.17673,3.78334,3.88167,14318.573838243361,0
DIG,D,20160830,000000,3.88167,4.1313,3.88167,4.07846,5870.479153800541,0
DIG,D,20160831,000000,4.08597,4.08597,3.92702,4.04815,1592.6025866233356,0
DIG,D,20160901,000000,4.04815,4.04815,4.04055,4.04055,283.37683942250226,0
DIG,D,20160902,000000,4.04055,4.07085,4.01034,4.05575,5025.298449322108,0
DIG,D,20160905,000000,4.05575,4.05575,3.94973,4.04815,2221.2289378313817,0
DIG,D,20160906,000000,3.8892,4.00273,3.8892,3.99515,3515.6052436651,0
DIG,D,20160907,000000,3.98762,3.99515,3.9346,3.99515,4911.452732174174,0
DIG,D,20160908,000000,3.99515,3.99515,3.79085,3.95731,472.7072168532491,0
DIG,D,20160909,000000,3.95731,3.96492,3.95731,3.96492,1863.6048915732815,0
DIG,D,20160912,000000,3.96492,3.96492,3.96492,3.96492,2.4749068945196107,0
DIG,D,20160913,000000,3.96492,3.96492,3.78334,3.96492,893.441388921584,0
DIG,D,20160914,000000,3.96492,3.96492,3.63198,3.81356,5947.201267530633,0
DIG,D,20160915,000000,3.79837,3.80597,3.70761,3.71521,5179.980130229605,0
DIG,D,20160916,000000,3.66219,3.82108,3.66219,3.81356,4089.783643193695,0
DIG,D,20160919,000000,3.82108,3.98762,3.78334,3.95731,3052.797654389924,0
DIG,D,20160920,000000,3.95731,3.95731,3.79085,3.8968,85.38428786092693,0
DIG,D,20160921,000000,3.92702,3.92702,3.78334,3.81356,4636.738066882509,0
DIG,D,20160922,000000,3.92702,3.92702,3.71521,3.8892,2306.6132256923324,0
DIG,D,20160923,000000,3.92702,3.92702,3.8892,3.8892,21.036708603417285,0
DIG,D,20160926,000000,3.8892,3.8892,3.8892,3.8892,2.4749068945196107,0
DIG,D,20160927,000000,3.8892,3.8892,3.8892,3.8892,2.4749068945196107,0
DIG,D,20160928,000000,3.8892,3.8892,3.87408,3.87408,2.4749068945196107,0
DIG,D,20160929,000000,3.8892,3.8892,3.71521,3.71521,3520.555057454131,0
DIG,D,20160930,000000,3.78334,3.78334,3.60167,3.76823,2112.3330344724786,0
DIG,D,20161003,000000,3.76823,3.76823,3.63198,3.74552,1064.209964643442,0
DIG,D,20161004,000000,3.76063,3.9346,3.70761,3.85137,5110.6827371830595,0
DIG,D,20161005,000000,3.85137,3.9195,3.82108,3.8968,6195.929410429938,0
DIG,D,20161006,000000,3.90431,3.91191,3.90431,3.90431,1982.4004225102472,0
DIG,D,20161007,000000,3.90431,3.90431,3.88167,3.88167,2.4749068945196107,0
DIG,D,20161010,000000,3.90431,3.90431,3.78334,3.90431,3407.9467937535087,0
DIG,D,20161011,000000,3.78334,3.90431,3.78334,3.90431,1845.0430898643604,0
DIG,D,20161012,000000,3.90431,3.98762,3.90431,3.94973,2119.7577551560253,0
DIG,D,20161013,000000,3.94973,3.94973,3.9346,3.9346,663.2750477312646,0
DIG,D,20161014,000000,3.94973,3.94973,3.90431,3.9346,574.1783995285514,0
DIG,D,20161017,000000,3.9346,3.9346,3.8968,3.8968,398.4600100176619,0
DIG,D,20161018,000000,3.8968,3.9346,3.81356,3.92702,175.7183895108894,0
DIG,D,20161019,000000,3.94221,4.33568,3.94221,4.32808,9778.357140247068,0
DIG,D,20161020,000000,4.31298,4.31298,4.29786,4.29786,80.43447407188815,0
DIG,D,20161021,000000,4.32808,4.32808,4.28267,4.28267,1946.5142725397166,0
DIG,D,20161024,000000,4.28267,4.28267,4.17673,4.28267,1231.2661800235162,0
DIG,D,20161025,000000,4.28267,4.28267,4.1313,4.27514,95.28391543900558,0
DIG,D,20161026,000000,4.27514,4.27514,4.23725,4.23725,2.4749068945196107,0
DIG,D,20161027,000000,4.23725,4.23725,4.13891,4.16161,627.3888977607235,0
DIG,D,20161028,000000,4.28267,4.28267,4.28267,4.28267,2.4749068945196107,0
DIG,D,20161031,000000,4.23725,4.23725,4.23725,4.23725,68.05993959928956,0
DIG,D,20161102,000000,4.23725,4.23725,4.23725,4.23725,2.4749068945196107,0
DIG,D,20161103,000000,4.19943,4.19943,4.13891,4.19943,268.5273980553761,0
DIG,D,20161104,000000,4.16161,4.16161,4.03305,4.16161,1361.1987919857477,0
DIG,D,20161107,000000,4.08597,4.08597,4.08597,4.08597,3.7123603417794695,0
DIG,D,20161108,000000,4.08597,4.08597,4.08597,4.08597,2.4749068945196107,0
DIG,D,20161109,000000,4.08597,4.08597,4.04815,4.08597,134.88242575131696,0
DIG,D,20161110,000000,4.23725,4.23725,4.04815,4.23725,1234.9785403653439,0
DIG,D,20161114,000000,3.92702,3.96492,3.59416,3.87408,13067.508403064045,0
DIG,D,20161115,000000,3.85897,3.85897,3.60167,3.60167,8195.654181201795,0
DIG,D,20161116,000000,3.60167,3.62438,3.51843,3.51843,2424.171303181986,0
DIG,D,20161117,000000,3.52604,3.62438,3.51843,3.60926,6452.082274012683,0
DIG,D,20161118,000000,3.6925,3.6925,3.60926,3.66979,102.70863612256431,0
DIG,D,20161121,000000,3.6849,3.76823,3.61686,3.70761,7387.597080141097,0
DIG,D,20161122,000000,3.70761,3.70761,3.36717,3.62438,5077.271494107044,0
DIG,D,20161123,000000,3.61686,3.61686,3.54874,3.61686,863.7425061873533,0
DIG,D,20161124,000000,3.71521,3.71521,3.38987,3.54114,4151.656315556693,0
DIG,D,20161125,000000,3.7001,3.77573,3.55625,3.76823,9449.194523275952,0
DIG,D,20161128,000000,3.73792,3.78334,3.63198,3.63198,19442.868563346638,0
DIG,D,20161129,000000,3.63198,3.78334,3.63198,3.74552,3628.213507365831,0
DIG,D,20161130,000000,3.8968,3.8968,3.51843,3.77573,37660.658213905335,0
DIG,D,20161201,000000,3.77573,3.77573,3.59416,3.66979,8993.811654684323,0
DIG,D,20161202,000000,3.75303,3.75303,3.74552,3.74552,2.4749068945196107,0
DIG,D,20161205,000000,3.74552,3.74552,3.62438,3.70761,5757.870890099918,0
DIG,D,20161206,000000,3.70761,3.70761,3.70761,3.70761,2895.6410665880207,0
DIG,D,20161207,000000,3.74552,3.76823,3.71521,3.71521,11420.457864761149,0
DIG,D,20161208,000000,3.70761,3.92702,3.70761,3.79085,12940.050697996328,0
DIG,D,20161209,000000,3.85897,3.85897,3.76823,3.78334,1497.3186711844307,0
DIG,D,20161212,000000,3.85897,3.85897,3.76063,3.78334,1862.3674381260778,0
DIG,D,20161213,000000,3.8968,3.8968,3.78334,3.8968,87.85919475544686,0
DIG,D,20161214,000000,3.8968,3.8968,3.74552,3.74552,738.7597080141096,0
DIG,D,20161215,000000,3.8968,3.8968,3.74552,3.78334,2738.4844787860097,0
DIG,D,20161216,000000,3.85897,3.85897,3.74552,3.85897,612.5394563936081,0
DIG,D,20161219,000000,3.8968,3.8968,3.74552,3.85897,441.77088067175,0
DIG,D,20161220,000000,3.85897,3.8968,3.82108,3.8968,3055.2725612844397,0
DIG,D,20161221,000000,3.8968,3.94973,3.8968,3.9346,1359.9613385385442,0
DIG,D,20161222,000000,3.9346,3.94973,3.87408,3.94973,5948.438720977945,0
DIG,D,20161223,000000,3.94973,3.94973,3.74552,3.92702,12044.134402179296,0
DIG,D,20161227,000000,3.92702,3.92702,3.8968,3.8968,2.4749068945196107,0
DIG,D,20161228,000000,3.92702,3.92702,3.85897,3.91191,11937.713405715886,0
DIG,D,20161229,000000,3.91191,3.92702,3.91191,3.92702,1087.7215801413945,0
DIG,D,20161230,000000,3.9346,3.9346,3.92702,3.92702,2.4749068945196107,0
DIG,D,20170102,000000,4.23725,4.23725,3.9195,4.01034,5485.6311317027685,0
DIG,D,20170103,000000,4.01034,4.08597,4.01034,4.01034,5335.899264584305,0
DIG,D,20170104,000000,3.9346,4.00273,3.92702,4.00273,2785.5077097818057,0
DIG,D,20170105,000000,4.01034,4.1238,4.00273,4.1238,447.9581479080498,0
DIG,D,20170109,000000,4.1238,4.1238,4.01034,4.08597,3451.2576644075857,0
DIG,D,20170110,000000,4.1238,4.1238,4.08597,4.1238,241.30342221566116,0
DIG,D,20170111,000000,4.04815,4.04815,3.92702,4.03305,2784.270256334602,0
DIG,D,20170112,000000,4.01034,4.01034,3.92702,4.00273,388.56038243957784,0
DIG,D,20170113,000000,3.9346,3.99515,3.92702,3.99515,1179.2931352385804,0
DIG,D,20170116,000000,3.99515,3.99515,3.99515,3.99515,12.374534472598594,0
DIG,D,20170117,000000,3.99515,4.00273,3.9195,3.9346,820.4316355332545,0
DIG,D,20170118,000000,4.00273,4.00273,3.94221,3.94221,180.66820329993146,0
DIG,D,20170119,000000,4.00273,4.00273,3.85897,3.96492,1324.0751885680136,0
DIG,D,20170120,000000,3.99515,3.99515,3.97243,3.98002,873.6421337654266,0
DIG,D,20170123,000000,3.97243,3.97243,3.96492,3.97243,332.8749773128901,0
DIG,D,20170124,000000,3.83627,3.9346,3.83627,3.9346,512.3057271655638,0
DIG,D,20170125,000000,3.9346,3.97243,3.9346,3.97243,1941.5644587506854,0
DIG,D,20170126,000000,3.97243,3.97243,3.9346,3.97243,857.5552389510535,0
DIG,D,20170127,000000,4.00273,4.00273,3.9346,3.97243,211.60453948143063,0
DIG,D,20170130,000000,3.98762,4.00273,3.97243,3.97243,5551.216164407487,0
DIG,D,20170131,000000,3.97243,3.97243,3.81356,3.97243,1056.7852439598844,0
DIG,D,20170201,000000,3.97243,3.97243,3.96492,3.97243,848.8930648202381,0
DIG,D,20170202,000000,3.97243,3.99515,3.97243,3.99515,1895.778681202093,0
DIG,D,20170203,000000,4.01034,4.01034,3.66979,3.85137,7528.6667731287025,0
DIG,D,20170206,000000,3.85897,3.85897,3.70761,3.85137,5936.064186505367,0
DIG,D,20170207,000000,3.97243,3.97243,3.71521,3.71521,701.6361045963215,0
DIG,D,20170208,000000,3.85897,3.85897,3.66979,3.85897,7210.64123718296,0
DIG,D,20170209,000000,3.85897,3.85897,3.48813,3.73032,41406.4297987605,0
DIG,D,20170210,000000,3.85137,3.85137,3.60167,3.6925,16567.026751914957,0
DIG,D,20170213,000000,3.7001,3.76823,3.6849,3.76823,6099.408041543613,0
DIG,D,20170214,000000,3.78334,3.78334,3.57145,3.6849,4710.985273718085,0
DIG,D,20170215,000000,3.78334,3.78334,3.7001,3.7001,3.7123603417794695,0
DIG,D,20170216,000000,3.77573,3.77573,3.40498,3.63198,29474.903660281172,0
DIG,D,20170217,000000,3.62438,3.63198,3.62438,3.63198,5853.154805538932,0
DIG,D,20170220,000000,3.63198,3.99515,3.63198,3.8968,19387.183158219763,0
DIG,D,20170221,000000,3.85137,3.92702,3.74552,3.8968,3952.426310547808,0
DIG,D,20170222,000000,3.8968,3.8968,3.74552,3.82108,1461.4325212137921,0
DIG,D,20170223,000000,3.8968,3.8968,3.60167,3.77573,34839.26435415322,0
DIG,D,20170224,000000,3.77573,3.85897,3.67739,3.78334,141903.73661106825,0
DIG,D,20170227,000000,3.6849,3.81356,3.63198,3.77573,10087.720502062062,0
DIG,D,20170228,000000,3.77573,3.77573,3.64709,3.64709,1722.5351985856757,0
DIG,D,20170301,000000,3.77573,3.77573,3.70761,3.75303,3015.6740509721903,0
DIG,D,20170302,000000,3.75303,3.85897,3.75303,3.85897,1602.5022142015064,0
DIG,D,20170303,000000,3.85897,3.85897,3.70761,3.85137,1218.8916455509384,0
DIG,D,20170306,000000,3.85137,3.85137,3.6925,3.84379,4157.843582793036,0
DIG,D,20170307,000000,3.84379,4.11628,3.67739,3.9346,184892.86936887683,0
DIG,D,20170308,000000,4.01034,4.01034,3.9195,3.9195,861.2675992928379,0
DIG,D,20170309,000000,3.92702,3.92702,3.73792,3.8968,3265.639647318699,0
DIG,D,20170310,000000,3.7228,3.8968,3.7228,3.8892,5844.492631408074,0
DIG,D,20170313,000000,3.87408,3.90431,3.85897,3.87408,4357.073587801813,0
DIG,D,20170314,000000,3.8968,3.8968,3.85897,3.87408,4704.798006481851,0
DIG,D,20170315,000000,3.86649,3.95731,3.81356,3.9346,16344.285131407469,0
DIG,D,20170316,000000,4.01034,4.08597,4.01034,4.04815,3208.716788744732,0
DIG,D,20170317,000000,4.04815,4.1238,3.8892,3.8968,2420.4589428401587,0
DIG,D,20170320,000000,4.08597,4.08597,3.99515,4.04815,769.6960441956089,0
DIG,D,20170321,000000,4.04815,4.04815,3.94973,4.04055,3487.143814378116,0
DIG,D,20170322,000000,4.01034,4.01034,3.79085,3.95731,88252.70495167583,0
DIG,D,20170323,000000,3.92702,3.95731,3.82108,3.95731,767.2211373010823,0
DIG,D,20170324,000000,3.95731,3.95731,3.82108,3.9346,6.187267236299079,0
DIG,D,20170327,000000,3.95731,3.95731,3.83627,3.9346,352.6742324690474,0
DIG,D,20170328,000000,3.9346,3.9346,3.9195,3.9195,179.43074985267364,0
DIG,D,20170329,000000,4.04055,4.04055,3.95731,3.95731,2.4749068945196107,0
DIG,D,20170330,000000,4.03305,4.04055,3.85897,4.03305,8872.541216852842,0
DIG,D,20170331,000000,4.01034,4.01034,4.01034,4.01034,97.75882233352553,0
DIG,D,20170403,000000,4.01034,4.01034,3.86649,3.99515,266.0524911608605,0
DIG,D,20170404,000000,3.99515,3.99515,3.85897,3.92702,1324.0751885680136,0
DIG,D,20170405,000000,3.92702,4.19943,3.92702,4.16161,18598.925312314543,0
DIG,D,20170406,000000,4.19184,5.06209,4.16161,5.00907,66568.80819534147,0
DIG,D,20170407,000000,5.19825,5.19825,4.84261,5.18306,21411.65699793656,0
DIG,D,20170410,000000,5.18306,5.18306,4.91824,4.99396,15896.326983500037,0
DIG,D,20170411,000000,4.91824,4.91824,4.68374,4.69133,17748.79479404805,0
DIG,D,20170412,000000,4.78208,4.78208,4.53997,4.60801,6942.11383912753,0
DIG,D,20170413,000000,4.5929,4.76697,4.4038,4.74426,36318.02122362819,0
DIG,D,20170418,000000,4.65342,4.69133,4.21455,4.22214,24763.918386563844,0
DIG,D,20170419,000000,4.22214,4.44914,4.16161,4.38109,4104.633084560788,0
DIG,D,20170420,000000,4.41132,4.41132,4.07085,4.27514,9452.90688361778,0
DIG,D,20170421,000000,4.27514,4.27514,4.26755,4.26755,1874.7419725986558,0
DIG,D,20170424,000000,4.26755,4.26755,4.00273,4.05575,12256.97639510829,0
DIG,D,20170425,000000,4.05575,4.05575,4.05575,4.05575,1509.6932056570085,0
DIG,D,20170426,000000,4.05575,4.05575,3.9346,4.05575,9697.922666175149,0
DIG,D,20170427,000000,4.05575,4.27514,4.01034,4.02544,14595.763410429325,0
DIG,D,20170428,000000,4.07846,4.07846,4.07846,4.07846,3217.378962875483,0
DIG,D,20170502,000000,4.07846,4.07846,4.07846,4.07846,1700.2610365350351,0
DIG,D,20170504,000000,4.07846,4.23725,4.07085,4.16161,9487.555580140997,0
DIG,D,20170505,000000,4.22973,4.22973,4.22973,4.22973,1890.828867412953,0
DIG,D,20170508,000000,4.22973,4.22973,4.1238,4.16161,13055.133868590925,0
DIG,D,20170509,000000,4.16161,4.22973,4.08597,4.22973,22505.565845313755,0
DIG,D,20170510,000000,4.22973,4.22973,4.06326,4.22214,8163.480391572984,0
DIG,D,20170511,000000,4.22973,4.23725,4.16161,4.22973,10736.146108426121,0
DIG,D,20170512,000000,4.22973,4.22973,4.15401,4.15401,6922.314583971405,0
DIG,D,20170515,000000,4.16161,4.16161,4.05575,4.05575,2924.102495874896,0
DIG,D,20170516,000000,4.24485,4.44162,4.07846,4.16161,78062.27581349078,0
DIG,D,20170517,000000,4.16161,4.16161,3.8968,4.07085,19324.07303240902,0
DIG,D,20170518,000000,4.07085,4.14642,3.9346,4.1238,18685.547053623126,0
DIG,D,20170519,000000,4.1238,4.1238,3.9346,4.07846,3381.9602713610407,0
DIG,D,20170522,000000,4.14642,4.16913,3.9346,4.14642,10195.378951973651,0
DIG,D,20170523,000000,4.14642,4.14642,4.01034,4.01034,336.58733765467434,0
DIG,D,20170524,000000,4.14642,4.14642,4.02544,4.08597,1788.1202312903933,0
DIG,D,20170525,000000,4.08597,4.38861,4.02544,4.38861,9644.712167943011,0
DIG,D,20170526,000000,4.41892,4.60801,4.08597,4.60801,28721.294510900687,0
DIG,D,20170529,000000,4.6005,4.6005,4.19943,4.3735,18555.61444166079,0
DIG,D,20170530,000000,4.32808,4.39621,4.31298,4.39621,2361.061177371784,0
DIG,D,20170531,000000,4.43403,4.43403,4.35079,4.35079,189.33037743074686,0
DIG,D,20170601,000000,4.34327,4.4038,4.34327,4.39621,7512.579878314297,0
DIG,D,20170602,000000,4.42651,4.42651,4.38109,4.38861,4402.859365350406,0
DIG,D,20170605,000000,4.47185,4.47185,4.25997,4.41132,1394.6100350617623,0
DIG,D,20170606,000000,4.41892,4.41892,4.16913,4.33568,20103.66870418306,0
DIG,D,20170607,000000,4.4038,4.4038,4.27514,4.29786,8006.3238037709725,0
DIG,D,20170608,000000,4.34327,4.34327,4.19943,4.32056,2276.9143429580377,0
DIG,D,20170609,000000,4.31298,4.31298,4.31298,4.31298,2.4749068945196107,0
DIG,D,20170612,000000,4.31298,4.31298,4.31298,4.31298,262.3401308190763,0
DIG,D,20170613,000000,4.31298,4.31298,4.17673,4.29786,1218.8916455509384,0
DIG,D,20170614,000000,4.29027,4.38861,4.27514,4.38861,8073.146289923003,0
DIG,D,20170616,000000,4.44914,4.44914,4.31298,4.38109,769.6960441956089,0
DIG,D,20170619,000000,4.44914,4.44914,4.44162,4.44162,2.4749068945196107,0
DIG,D,20170620,000000,4.44162,4.45665,4.44162,4.44914,795.6825665880659,0
DIG,D,20170621,000000,4.44914,4.44914,4.38861,4.44914,30968.509971123884,0
DIG,D,20170622,000000,4.44914,4.44914,4.38861,4.44914,39650.48335709957,0
DIG,D,20170623,000000,4.44914,4.44914,4.44914,4.44914,1324.0751885680136,0
DIG,D,20170626,000000,4.50206,4.50206,4.45665,4.46425,241.30342221566116,0
DIG,D,20170627,000000,4.46425,4.64591,4.42651,4.64591,13692.422393929504,0
DIG,D,20170628,000000,4.64591,4.88802,4.61561,4.84261,8962.875318502824,0
DIG,D,20170629,000000,4.86531,4.86531,4.69133,4.83501,1895.778681202093,0
DIG,D,20170630,000000,4.87283,5.0696,4.83501,4.84261,14814.792670594876,0
DIG,D,20170703,000000,4.80479,4.82749,4.72915,4.82749,6875.291352975501,0
DIG,D,20170704,000000,4.81989,4.81989,4.81989,4.81989,115.08317059515964,0
DIG,D,20170705,000000,4.78208,4.78208,4.75945,4.75945,306.88845492043293,0
DIG,D,20170706,000000,4.69133,4.8123,4.69133,4.8123,5491.818398939113,0
DIG,D,20170707,000000,4.8123,4.95615,4.8123,4.91824,2417.984035945643,0
DIG,D,20170710,000000,4.91824,4.91824,4.91824,4.91824,321.73789628754827,0
DIG,D,20170711,000000,4.91824,4.91824,4.74426,4.91073,2070.2596172657136,0
DIG,D,20170712,000000,4.91073,4.91073,4.73674,4.83501,853.8428786092693,0
DIG,D,20170713,000000,4.82749,4.90313,4.73674,4.90313,1737.384639952769,0
DIG,D,20170714,000000,4.91073,4.91073,4.91073,4.91073,2.4749068945196107,0
DIG,D,20170717,000000,4.90313,4.91824,4.90313,4.90313,4062.559667354023,0
DIG,D,20170718,000000,4.90313,4.90313,4.7896,4.90313,663.2750477312646,0
DIG,D,20170719,000000,4.90313,4.95615,4.88042,4.91824,791.9702062462818,0
DIG,D,20170720,000000,4.91824,4.91824,4.84261,4.91824,1363.6736988803714,0
DIG,D,20170721,000000,4.91824,4.91824,4.91824,4.91824,2.4749068945196107,0
DIG,D,20170724,000000,4.91824,4.91824,4.7896,4.91824,2333.837201532004,0
DIG,D,20170725,000000,4.95615,4.95615,4.88042,4.95615,150.96932056570088,0
DIG,D,20170726,000000,4.95615,4.95615,4.88042,4.95615,2039.3232810842144,0
DIG,D,20170727,000000,4.95615,4.97886,4.94095,4.97126,9532.103904242387,0
DIG,D,20170728,000000,4.97886,5.05449,4.97886,5.05449,5994.224498526538,0
DIG,D,20170731,000000,5.05449,5.05449,5.05449,5.05449,398.4600100176619,0
DIG,D,20170801,000000,5.05449,5.05449,4.99396,5.05449,2651.8627374777466,0
DIG,D,20170802,000000,5.05449,5.05449,4.99396,5.05449,1702.7359434295506,0
DIG,D,20170803,000000,5.05449,5.05449,5.04698,5.04698,2.4749068945196107,0
DIG,D,20170804,000000,5.04698,5.04698,4.99396,5.04698,1392.1351281672469,0
DIG,D,20170807,000000,5.03938,5.04698,5.03938,5.04698,398.4600100176619,0
DIG,D,20170808,000000,5.03179,5.03179,4.99396,5.03179,6694.6231496756445,0
DIG,D,20170809,000000,4.99396,5.02427,4.99396,5.02427,3848.4802209780446,0
DIG,D,20170810,000000,5.01667,5.01667,4.99396,5.01667,2778.082989098259,0
DIG,D,20170811,000000,4.99396,5.25878,4.99396,5.25878,19539.389932232632,0
DIG,D,20170814,000000,5.29661,5.29661,5.18306,5.29661,1564.1411573364605,0
DIG,D,20170816,000000,5.29661,6.35596,5.24368,6.1743,14403.958126104635,0
DIG,D,20170817,000000,6.197,6.197,5.75819,6.08355,8174.617472598358,0
DIG,D,20170818,000000,6.01542,6.07603,5.67496,5.9852,8036.022686505267,0
DIG,D,20170821,000000,5.9928,5.9928,5.48578,5.93217,5400.246843841818,0
DIG,D,20170822,000000,5.93217,5.93217,5.45548,5.4933,9872.403602238768,0
DIG,D,20170823,000000,5.87925,5.87925,5.65225,5.65225,1015.949280200312,0
DIG,D,20170824,000000,5.65225,5.74309,5.52361,5.74309,1817.8191140246886,0
DIG,D,20170825,000000,5.74309,5.74309,5.53871,5.73549,1785.6453243958774,0
DIG,D,20170828,000000,5.73549,5.73549,5.53871,5.66736,663.2750477312646,0
DIG,D,20170829,000000,5.66736,5.66736,5.53871,5.53871,1689.123955509661,0
DIG,D,20170830,000000,5.58413,5.93217,5.58413,5.93217,3605.9393453150815,0
DIG,D,20170831,000000,6.80987,7.26395,6.44671,6.54505,125757.44403122201,0
DIG,D,20170901,000000,6.52235,6.80237,6.43161,6.60566,17615.149821743773,0
DIG,D,20170904,000000,6.58295,7.24124,6.37106,6.67379,10498.5550465523,0
DIG,D,20170905,000000,6.6586,6.95372,6.29542,6.56776,22099.681114612762,0
DIG,D,20170906,000000,6.56776,6.56776,6.06843,6.09865,21920.25036476011,0
DIG,D,20170907,000000,6.21971,6.31813,6.11376,6.21219,10158.255348555807,0
DIG,D,20170908,000000,6.06084,6.26512,6.05332,6.24242,3920.2525209191053,0
DIG,D,20170911,000000,6.24242,6.24242,5.90196,6.24242,7084.420985562448,0
DIG,D,20170912,000000,6.24242,6.24242,5.86405,6.16678,15432.28194077755,0
DIG,D,20170913,000000,6.16678,6.1743,5.93978,6.1743,3718.5476090157044,0
DIG,D,20170914,000000,6.15159,6.15159,6.02301,6.14406,824.1439958750389,0
DIG,D,20170915,000000,6.15159,6.15918,5.94737,6.13648,3155.506290512484,0
DIG,D,20170918,000000,6.12888,6.1743,6.12888,6.1743,4654.062415144119,0
DIG,D,20170919,000000,6.15918,6.1743,6.06084,6.1743,1757.183895108894,0
DIG,D,20170920,000000,6.18188,6.424,6.18188,6.40897,15698.334431937705,0
DIG,D,20170921,000000,6.40897,6.62078,6.40897,6.58295,3850.95512787256,0
DIG,D,20170922,000000,6.58295,6.58295,6.05332,6.4543,3013.199144077674,0
DIG,D,20170925,000000,6.56776,6.56776,6.21219,6.44671,352.6742324690474,0
DIG,D,20170926,000000,6.44671,6.44671,6.44671,6.44671,2.4749068945196107,0
DIG,D,20170927,000000,6.44671,6.44671,6.39377,6.43161,13890.414945491835,0
DIG,D,20170928,000000,6.56776,6.58295,6.37106,6.58295,257.39031703004514,0
DIG,D,20170929,000000,6.59047,6.60566,6.40897,6.58295,4280.351474071721,0
DIG,D,20171002,000000,6.58295,6.71912,6.50724,6.6586,1738.6220934000812,0
DIG,D,20171003,000000,6.62078,6.62078,6.35596,6.52995,4588.477382439401,0
DIG,D,20171004,000000,6.52995,6.57536,6.35596,6.57536,4188.779918974427,0
DIG,D,20171005,000000,6.57536,6.58295,6.43161,6.58295,4281.588927518925,0
DIG,D,20171006,000000,6.7116,6.7116,6.58295,6.65108,2245.9780067765378,0
DIG,D,20171009,000000,6.58295,6.58295,6.43161,6.54505,2061.597443134855,0
DIG,D,20171010,000000,6.53755,6.53755,6.22729,6.25753,5553.69107130211,0
DIG,D,20171011,000000,6.5853,6.5853,6.32774,6.55403,3124.5699543309847,0
DIG,D,20171012,000000,6.54627,6.54627,6.54627,6.54627,342.77460489097416,0
DIG,D,20171013,000000,6.54627,6.54627,6.54627,6.54627,2.4749068945196107,0
DIG,D,20171016,000000,6.53067,6.53843,6.22633,6.31217,13413.995368296228,0
DIG,D,20171017,000000,6.44485,6.44485,6.16395,6.2732,7740.271312610165,0
DIG,D,20171018,000000,6.28096,6.31217,6.17172,6.2732,624.9139908662078,0
DIG,D,20171019,000000,6.26538,6.26538,6.09372,6.24193,3547.7790332939107,0
DIG,D,20171020,000000,6.23417,6.23417,6.23417,6.23417,295.75137389509104,0
DIG,D,20171023,000000,6.29656,6.29656,6.2732,6.29656,836.5185303476384,0
DIG,D,20171024,000000,6.29656,6.29656,6.10148,6.24193,210.36708603417281,0
DIG,D,20171025,000000,6.24193,6.24193,6.24193,6.24193,514.7806340600794,0
DIG,D,20171026,000000,6.29656,6.31999,6.16395,6.31999,1335.212269593388,0
DIG,D,20171027,000000,6.35119,6.35902,6.31217,6.35902,441.77088067175,0
DIG,D,20171030,000000,6.40583,6.42925,6.35902,6.42925,2434.0709307600487,0
DIG,D,20171031,000000,6.43701,6.43701,6.3044,6.43701,1773.2707899232996,0
DIG,D,20171102,000000,6.43701,6.43701,6.39798,6.39798,50.735591337652174,0
DIG,D,20171103,000000,6.39798,6.42925,6.39022,6.39022,152.2067740129587,0
DIG,D,20171106,000000,6.39022,6.39022,6.24193,6.31217,292.0390135533177,0
DIG,D,20171107,000000,6.31217,6.31217,6.24977,6.31217,40.83596375957352,0
DIG,D,20171108,000000,6.31217,6.43701,6.14836,6.43701,7632.612862698575,0
DIG,D,20171109,000000,6.42925,6.43701,6.24193,6.24977,913.2406440777413,0
DIG,D,20171110,000000,6.42925,6.42925,6.24193,6.42925,1180.530588685892,0
DIG,D,20171113,000000,6.17954,6.42141,6.17954,6.42141,3264.4021938713868,0
DIG,D,20171114,000000,6.42141,6.42141,6.40583,6.40583,2.4749068945196107,0
DIG,D,20171115,000000,6.69448,6.7803,6.43701,6.43701,14407.670486446574,0
DIG,D,20171116,000000,6.61649,6.61649,6.52282,6.5697,2684.0365271065575,0
DIG,D,20171117,000000,6.5853,6.5853,6.40583,6.54627,5351.98615939871,0
DIG,D,20171120,000000,6.54627,6.54627,6.39798,6.47604,1676.7494210370828,0
DIG,D,20171121,000000,6.47604,6.67888,6.42141,6.67112,6231.815560400469,0
DIG,D,20171122,000000,6.63209,6.63992,6.6009,6.63992,1212.704378314595,0
DIG,D,20171123,000000,6.63992,6.68672,6.63992,6.67888,2559.053728933249,0
DIG,D,20171124,000000,6.6477,6.68672,6.61649,6.68672,8109.032439893532,0
DIG,D,20171127,000000,6.68672,6.68672,6.63209,6.63209,1153.306612846112,0
DIG,D,20171128,000000,6.63209,6.63209,6.51507,6.63209,1484.9441367117445,0
DIG,D,20171129,000000,6.85835,6.85835,6.63992,6.85835,5943.488907188914,0
DIG,D,20171130,000000,6.85835,6.8662,6.65552,6.8662,2549.1541013551864,0
DIG,D,20171201,000000,6.8662,6.8662,6.71006,6.8662,1515.8804728932437,0
DIG,D,20171204,000000,6.8662,7.41232,6.8662,7.38112,8105.320079551813,0
DIG,D,20171205,000000,7.38112,7.38112,7.17829,7.33433,4287.776194755268,0
DIG,D,20171206,000000,7.40456,7.40456,7.28746,7.28746,2.4749068945196107,0
DIG,D,20171207,000000,7.29531,7.29531,7.17829,7.21724,8126.35678815525,0
DIG,D,20171208,000000,7.31874,7.75544,7.17829,7.64643,9742.470990276537,0
DIG,D,20171211,000000,7.49814,7.64643,7.49814,7.64643,2216.2791240423503,0
DIG,D,20171212,000000,7.60739,8.34859,7.60739,8.34859,21287.911653210776,0
DIG,D,20171213,000000,8.46577,8.65325,8.11424,8.65325,6655.024639363286,0
DIG,D,20171214,000000,8.65325,8.97244,8.34859,8.81646,5876.6664210368845,0
DIG,D,20171215,000000,8.97244,8.97244,8.12233,8.34859,8956.688051266587,0
DIG,D,20171218,000000,8.34859,8.34859,7.99787,8.12233,5307.437835297321,0
DIG,D,20171219,000000,8.12233,8.12233,7.75544,8.03666,1991.0625966409975,0
DIG,D,20171220,000000,8.03666,8.03666,7.75544,7.95828,1878.4543329403753,0
DIG,D,20171221,000000,7.95828,7.95828,7.37329,7.80232,2718.685223629776,0
DIG,D,20171222,000000,7.95828,7.95828,7.33433,7.63084,6124.157110488878,0
DIG,D,20171227,000000,7.63084,7.88798,7.27187,7.79504,3801.4569899821395,0
DIG,D,20171228,000000,7.79504,7.79504,7.45136,7.45136,6681.011161755754,0
DIG,D,20171229,000000,7.43576,7.43576,7.28746,7.41232,7849.167215969069,0
DIG,D,20180103,000000,7.42791,7.58396,7.41232,7.55277,6551.078549793524,0
DIG,D,20180104,000000,7.64643,8.30981,7.61516,8.11424,3973.463019151245,0
DIG,D,20180105,000000,8.11424,8.66056,8.11424,8.42698,3862.092208897934,0
DIG,D,20180108,000000,8.42698,8.42698,8.07545,8.19263,3716.0727021211887,0
DIG,D,20180109,000000,8.42698,8.66056,8.19263,8.58295,2255.8776343546006,0
DIG,D,20180110,000000,8.58295,8.58295,8.23142,8.42698,2484.8065220976728,0
DIG,D,20180111,000000,8.42698,8.42698,7.95828,8.27021,6273.888977607235,0
DIG,D,20180112,000000,8.27021,8.27021,7.88069,8.19263,1785.6453243958774,0
DIG,D,20180115,000000,7.8411,8.19263,7.8411,8.19263,852.6054251620116,0
DIG,D,20180116,000000,8.15383,8.15383,7.72473,8.11424,10606.213496463892,0
DIG,D,20180117,000000,7.74009,8.27021,7.74009,8.11424,8604.013818797519,0
DIG,D,20180118,000000,8.11424,8.11424,7.74009,8.07545,3969.7506588095252,0
DIG,D,20180119,000000,8.11424,8.11424,8.03666,8.07545,196.75509811431533,0
DIG,D,20180122,000000,8.03666,8.03666,8.03666,8.03666,258.6277704773029,0
DIG,D,20180123,000000,7.99787,8.42698,7.8411,8.42698,6565.927991160617,0
DIG,D,20180124,000000,8.34859,8.38738,8.07545,8.34859,1807.9194864466263,0
DIG,D,20180125,000000,8.34859,8.34859,7.99787,8.27021,1989.825143193794,0
DIG,D,20180126,000000,8.27021,8.30981,7.80232,8.27021,9009.898549498728,0
DIG,D,20180129,000000,8.34859,8.34859,8.07545,8.23142,5532.654362698673,0
DIG,D,20180130,000000,8.23142,8.30981,8.11424,8.30981,3782.895188273218,0
DIG,D,20180131,000000,8.30981,8.34859,8.30981,8.34859,16073.282826458064,0
DIG,D,20180201,000000,8.34859,8.50455,8.03666,8.50455,10713.871946375482,0
DIG,D,20180202,000000,8.42698,8.42698,8.19263,8.42698,2453.870185916174,0
DIG,D,20180205,000000,8.42698,9.12919,8.42698,8.85606,16908.563903357892,0
DIG,D,20180206,000000,8.50455,8.50455,7.88069,8.46577,11216.278045963341,0
DIG,D,20180207,000000,8.19263,8.7389,8.19263,8.38738,4646.637694460572,0
DIG,D,20180208,000000,8.38738,8.38738,7.99787,8.19263,787.0203924572397,0
DIG,D,20180209,000000,8.15383,8.15383,7.63084,7.8411,9366.285142309516,0
DIG,D,20180212,000000,7.80232,7.99787,7.70857,7.99787,982.5380371242973,0
DIG,D,20180213,000000,7.95828,7.95828,7.63084,7.80232,5574.727779905438,0
DIG,D,20180214,000000,7.80232,7.99787,7.80232,7.95828,157.15658780200073,0
DIG,D,20180215,000000,8.11424,8.11424,7.69322,7.72473,4444.93278255728,0
DIG,D,20180216,000000,7.66202,7.80232,7.56836,7.78696,5220.816093989166,0
DIG,D,20180219,000000,7.64643,7.74009,7.56836,7.72473,1851.2303571007037,0
DIG,D,20180220,000000,7.72473,7.72473,7.56836,7.64643,1171.8684145550335,0
DIG,D,20180221,000000,7.72473,7.95828,7.41232,7.80232,5088.408575132419,0
DIG,D,20180222,000000,7.80232,7.80232,7.64643,7.72473,898.391202710626,0
DIG,D,20180223,000000,7.69322,7.78696,7.64643,7.78696,517.2555409546057,0
DIG,D,20180226,000000,7.99787,7.99787,7.64643,7.72473,6470.644075721603,0
DIG,D,20180227,000000,7.99787,7.99787,7.64643,7.80232,643.4757925751072,0
DIG,D,20180228,000000,7.99787,7.99787,7.72473,7.72473,643.4757925751072,0
DIG,D,20180301,000000,7.95828,7.95828,7.66202,7.80232,767.2211373010823,0
DIG,D,20180302,000000,7.80232,7.80232,7.49039,7.72473,256.1528635827873,0
DIG,D,20180305,000000,7.72473,7.72473,7.72473,7.72473,53.21049823217211,0
DIG,D,20180306,000000,7.72473,7.72473,7.72473,7.72473,14.849441367117445,0
DIG,D,20180307,000000,7.72473,7.72473,7.45911,7.61516,684.3117563346797,0
DIG,D,20180308,000000,7.61516,7.61516,7.33433,7.58396,194.28019121978892,0
DIG,D,20180309,000000,7.56836,7.56836,7.27187,7.49039,1200.329843842017,0
DIG,D,20180312,000000,7.41232,7.41232,7.06904,7.24067,3641.8254952856123,0
DIG,D,20180313,000000,7.24067,7.24067,6.97538,6.97538,5251.752430170666,0
DIG,D,20180314,000000,6.95978,6.95978,6.61649,6.63209,12393.096274307189,0
DIG,D,20180315,000000,6.63209,6.63209,6.3044,6.47604,13829.779726575716,0
DIG,D,20180316,000000,6.35119,6.94417,6.35119,6.94417,9996.148946964766,0
DIG,D,20180319,000000,7.17829,7.20949,6.78814,7.05343,3472.2943730110223,0
DIG,D,20180320,000000,6.78814,6.78814,6.55403,6.78814,6254.089722451109,0
DIG,D,20180321,000000,6.67888,6.67888,6.41365,6.53843,3787.8450020622495,0
DIG,D,20180322,000000,6.47604,6.47604,6.33559,6.33559,1810.3943933411422,0
DIG,D,20180323,000000,6.2888,6.38238,6.24193,6.36679,6103.1204018854405,0
DIG,D,20180326,000000,6.31999,7.61516,6.31999,7.55277,21839.815890688085,0
DIG,D,20180327,000000,7.64643,7.64643,7.13142,7.27187,2215.041670595039,0
DIG,D,20180328,000000,7.31874,7.36553,7.13142,7.27187,1624.776376252147,0
DIG,D,20180329,000000,7.17829,8.03666,7.10022,7.99787,26016.221275190477,0
DIG,D,20180403,000000,8.03666,8.38738,8.03666,8.38738,13761.719786976808,0
DIG,D,20180404,000000,8.38738,8.38738,8.19263,8.30981,816.7192751914811,0
DIG,D,20180405,000000,8.19263,8.50455,7.99787,8.38738,11436.544759575123,0
DIG,D,20180406,000000,8.38738,8.38738,8.03666,8.30981,3255.740019740528,0
DIG,D,20180409,000000,8.97244,9.0896,8.66056,9.01204,14842.016646434657,0
DIG,D,20180410,000000,9.12919,9.12919,8.89488,8.89488,6069.709158809426,0
DIG,D,20180411,000000,8.85606,8.85606,8.77772,8.81646,2525.642485857234,0
DIG,D,20180412,000000,8.81646,8.97244,8.7389,8.97244,1682.9366882733177,0
DIG,D,20180413,000000,8.97244,8.97244,8.81646,8.81646,2327.6499342957695,0
DIG,D,20180416,000000,8.81646,8.81646,8.58295,8.77772,2088.8214189745263,0
DIG,D,20180417,000000,8.62174,8.62174,8.54335,8.54335,3115.9077802002344,0
DIG,D,20180418,000000,8.62174,8.62174,8.50455,8.58295,663.2750477312646,0
DIG,D,20180419,000000,8.66056,8.66056,8.50455,8.66056,112.60826370064405,0
DIG,D,20180420,000000,8.66056,8.66056,8.30981,8.58295,1119.8953697700974,0
DIG,D,20180423,000000,8.58295,8.58295,8.34859,8.42698,540.7671564525365,0
DIG,D,20180424,000000,8.42698,8.54335,8.11424,8.54335,4267.9769395991425,0
DIG,D,20180425,000000,8.50455,8.50455,7.91949,8.19263,3180.2553594577485,0
DIG,D,20180426,000000,7.88069,8.19263,7.72473,8.11424,132403.80649645725,0
DIG,D,20180427,000000,8.19263,8.19263,7.64643,7.99787,1868.554705362313,0
DIG,D,20180430,000000,8.03666,8.03666,7.95828,7.95828,2.4749068945196107,0
DIG,D,20180502,000000,7.99787,7.99787,7.91949,7.91949,498.6937392457063,0
DIG,D,20180504,000000,8.54335,8.54335,7.91949,8.19263,1549.2917159692586,0
DIG,D,20180507,000000,8.58295,8.58295,7.99787,8.11424,1413.1718367706835,0
DIG,D,20180508,000000,8.19263,8.19263,7.99787,8.11424,765.9836838538246,0
DIG,D,20180509,000000,8.27021,8.9337,8.15383,8.58295,4807.506642604411,0
DIG,D,20180510,000000,8.66056,8.85606,8.50455,8.85606,2794.1698839126643,0
DIG,D,20180511,000000,8.9337,8.9337,8.58295,8.81646,1875.9794260458598,0
DIG,D,20180514,000000,8.85606,8.85606,8.19263,8.58295,2201.429682675257,0
DIG,D,20180515,000000,8.81646,8.81646,8.34859,8.7389,1312.9381075426393,0
DIG,D,20180516,000000,8.7389,8.7389,8.34859,8.70016,986.2503974660707,0
DIG,D,20180517,000000,8.70016,8.70016,8.58295,8.66056,1174.343321449549,0
DIG,D,20180518,000000,8.66056,9.3628,8.66056,9.3628,26106.555376839915,0
DIG,D,20180521,000000,9.3628,9.3628,9.05086,9.32395,4569.9155807304805,0
DIG,D,20180522,000000,9.32395,10.4941,9.05086,10.4553,24788.667455509,0
DIG,D,20180523,000000,10.4165,11.2748,10.4165,11.2748,15778.768906009733,0
DIG,D,20180524,000000,11.2748,11.2748,10.8061,11.2352,8606.488725692036,0
DIG,D,20180525,000000,11.2352,11.2352,10.8456,11.2352,2166.78098615193,0
DIG,D,20180528,000000,11.2748,11.6643,11.0404,11.6643,9534.578811136902,0
DIG,D,20180529,000000,11.6255,11.6255,11.3919,11.548,7647.462304065668,0
DIG,D,20180530,000000,11.548,11.548,11.1577,11.4695,113.84571714790185,0
DIG,D,20180601,000000,11.1577,12.2501,11.1577,12.2501,28384.70717324591,0
DIG,D,20180604,000000,12.2501,12.3277,12.0942,12.3277,1611.164388332257,0
DIG,D,20180605,000000,12.289,12.3277,11.9374,12.3277,1840.093276075329,0
DIG,D,20180606,000000,12.1718,12.1718,12.0159,12.0159,1674.274514142567,0
DIG,D,20180607,000000,11.9374,11.9374,11.548,11.6643,7631.375409251263,0
DIG,D,20180608,000000,11.6255,13.1084,11.6255,13.1084,22094.731300823514,0
DIG,D,20180611,000000,13.1472,13.6546,12.7956,13.5763,8779.732208308453,0
DIG,D,20180612,000000,13.8995,13.8995,13.253,13.7379,21944.99943370527,0
DIG,D,20180613,000000,13.7379,13.7379,12.9298,12.9298,22354.596524748194,0
DIG,D,20180614,000000,13.253,13.253,12.6065,13.2126,12541.590687978125,0
DIG,D,20180615,000000,13.5763,13.5763,12.7682,13.0106,2111.095581025275,0
DIG,D,20180618,000000,13.4147,13.4147,12.1216,12.1216,7180.942354448773,0
DIG,D,20180619,000000,12.8489,12.8489,12.1216,12.4046,282.1393859752336,0
DIG,D,20180620,000000,12.2024,12.7278,12.2024,12.7278,1178.0556817913764,0
DIG,D,20180621,000000,12.8086,12.8086,12.4046,12.5257,1342.636990276935,0
DIG,D,20180622,000000,12.6873,12.6873,11.6368,11.6368,5167.605595757026,0
DIG,D,20180625,000000,12.1216,12.1216,11.6772,12.0813,332.8749773128901,0
DIG,D,20180626,000000,12.0409,12.0409,11.4751,12.0005,3546.5415798465992,0
DIG,D,20180627,000000,12.0005,12.0005,11.354,11.3943,2331.3622946374885,0
DIG,D,20180628,000000,11.2327,11.96,11.1519,11.8389,2012.0993052444342,0
DIG,D,20180629,000000,11.8792,11.8792,11.3943,11.7175,757.3215097230092,0
DIG,D,20180702,000000,11.8389,11.8389,11.3135,11.5157,1640.8632710665524,0
DIG,D,20180703,000000,11.5157,11.5157,11.4751,11.4751,25.98652239245607,0
DIG,D,20180704,000000,11.3135,11.4751,11.0711,11.3135,3781.6577348260143,0
DIG,D,20180705,000000,11.2327,11.3135,11.1116,11.3135,567.9911322922515,0
DIG,D,20180706,000000,11.4751,11.4751,11.3135,11.4751,1241.1658076015785,0
DIG,D,20180709,000000,11.4751,12.2833,11.1923,12.2833,4912.690185621487,0
DIG,D,20180710,000000,12.2833,12.7682,11.5964,12.7682,3604.7018918678787,0
DIG,D,20180711,000000,12.6873,12.6873,12.1622,12.6873,747.4218821449251,0
DIG,D,20180712,000000,12.7682,12.7682,12.2024,12.3641,287.0891997642757,0
DIG,D,20180713,000000,12.3641,12.7682,12.1622,12.7682,1519.5928332350713,0
DIG,D,20180716,000000,12.7682,12.9298,12.7278,12.8086,3195.1048008248417,0
DIG,D,20180717,000000,12.8086,12.8086,11.96,12.8086,1222.6040058926576,0
DIG,D,20180718,000000,12.7682,12.7682,12.2833,12.2833,810.5320079551814,0
DIG,D,20180719,000000,12.7682,12.7682,12.2833,12.5662,619.9641770771658,0
DIG,D,20180720,000000,12.7682,12.7682,12.2833,12.2833,1269.627236888562,0
DIG,D,20180723,000000,12.7682,12.7682,12.6873,12.6873,262.3401308190763,0
DIG,D,20180724,000000,12.6873,12.6873,11.7581,12.5662,1549.2917159692586,0
DIG,D,20180725,000000,12.6873,12.6873,12.2833,12.647,881.0668544489951,0
DIG,D,20180726,000000,12.2833,12.2833,12.1216,12.2833,782.0705786682087,0
DIG,D,20180727,000000,12.6065,12.6065,11.4751,11.9197,2598.652239245607,0
DIG,D,20180730,000000,12.1216,12.1216,12.1216,12.1216,1241.1658076015785,0
DIG,D,20180731,000000,12.1216,12.3641,12.1216,12.3237,308.1259083676908,0
DIG,D,20180801,000000,12.3237,12.3237,11.7983,11.7983,477.65703064229115,0
DIG,D,20180802,000000,12.2833,12.2833,11.7983,12.0409,84.14683441366805,0
DIG,D,20180803,000000,12.0005,12.0005,11.5964,11.8389,2870.8919976427565,0
DIG,D,20180806,000000,11.7581,12.0813,11.4751,12.0813,841.4683441366805,0
DIG,D,20180807,000000,12.0813,12.2024,11.96,12.2024,994.912571596897,0
DIG,D,20180808,000000,12.2833,12.2833,12.1622,12.1622,50.735591337652174,0
DIG,D,20180809,000000,12.1216,12.1216,11.6772,12.1216,1298.0886661755458,0
DIG,D,20180810,000000,12.0409,12.0409,11.6368,11.7175,1295.61375928103,0
DIG,D,20180813,000000,12.1216,12.1216,11.354,11.7175,1015.949280200312,0
DIG,D,20180814,000000,11.7983,11.7983,11.7983,11.7983,27.223975839716037,0
DIG,D,20180816,000000,11.7983,11.96,11.7581,11.96,115.08317059515964,0
DIG,D,20180817,000000,12.0409,12.0813,11.8792,12.0813,170.76857572185818,0
DIG,D,20180820,000000,12.0813,12.2429,11.8792,12.2429,220.26671361224606,0
DIG,D,20180821,000000,12.2429,12.2429,11.8792,12.2429,133.64497230405917,0
DIG,D,20180822,000000,11.8792,12.2429,11.8792,12.1216,940.4646199174562,0
DIG,D,20180823,000000,12.2024,12.2024,12.2024,12.2024,2.4749068945196107,0
DIG,D,20180824,000000,12.1216,12.1216,11.5964,12.1216,84.14683441366805,0
DIG,D,20180827,000000,12.2429,12.2429,11.5559,12.1622,810.5320079551814,0
DIG,D,20180828,000000,12.2429,12.3641,12.2429,12.3237,219.02926016498827,0
DIG,D,20180829,000000,12.4046,12.4046,11.8389,12.2429,105.18354301708425,0
DIG,D,20180830,000000,12.2429,12.2429,11.7983,12.1216,176.95584295815803,0
DIG,D,20180831,000000,12.2429,12.2429,11.7983,12.2024,34.64869652327476,0
DIG,D,20180903,000000,11.7983,12.2429,11.6772,12.2024,454.14541514434967,0
DIG,D,20180904,000000,12.2429,12.2429,11.6772,12.0409,1247.3530748379217,0
DIG,D,20180905,000000,11.96,12.0005,11.4348,12.0005,2197.71732233343,0
DIG,D,20180906,000000,12.0409,12.0409,11.4348,11.4751,1093.9088473776294,0
DIG,D,20180907,000000,11.7175,11.7175,10.5458,10.9903,5205.966652622072,0
DIG,D,20180910,000000,10.6267,10.9903,10.5863,10.667,1895.778681202093,0
DIG,D,20180911,000000,10.4246,11.1519,10.4246,11.0307,2104.9083137889315,0
DIG,D,20180912,000000,11.1116,11.1116,10.8691,11.0711,264.81503771360275,0
DIG,D,20180913,000000,11.354,11.8792,11.3135,11.4751,1436.683452268636,0
DIG,D,20180914,000000,11.6772,11.6772,11.0711,11.3943,1645.8130848555836,0
DIG,D,20180917,000000,11.3135,11.5559,11.0307,11.5559,539.5297030052787,0
DIG,D,20180918,000000,11.4751,11.4751,11.1519,11.3135,128.69515851501714,0
DIG,D,20180919,000000,11.5559,11.5559,11.0711,11.3135,150.96932056570088,0
DIG,D,20180920,000000,11.4348,11.5559,10.9903,11.4751,2917.915228638661,0
DIG,D,20180921,000000,11.5559,11.5559,11.4348,11.4348,438.05852032997655,0
DIG,D,20180924,000000,11.7175,12.2833,11.4348,11.96,4413.996446375781,0
DIG,D,20180925,000000,11.96,12.1216,11.9197,12.1216,1174.343321449549,0
DIG,D,20180926,000000,12.1216,12.1216,12.0813,12.1216,164.58130848555837,0
DIG,D,20180927,000000,11.7175,12.1216,11.7175,12.1216,271.00230494990257,0
DIG,D,20180928,000000,12.1216,12.1216,11.5157,12.0409,532.104982321721,0
DIG,D,20181001,000000,11.3943,11.7175,11.2327,11.5559,1583.9404124925854,0
DIG,D,20181002,000000,12.0409,12.0409,11.2327,11.6772,465.2824961696915,0
DIG,D,20181003,000000,12.0005,12.0005,11.3135,12.0005,2010.8618517972307,0
DIG,D,20181004,000000,11.9197,11.9197,11.3135,11.9197,992.4376647023705,0
DIG,D,20181005,000000,11.9197,11.9197,11.5157,11.9197,1058.0226974071422,0
DIG,D,20181008,000000,11.96,11.96,11.6368,11.6368,1498.5561246316345,0
DIG,D,20181009,000000,11.9197,11.9197,11.5157,11.5964,1327.7875489097328,0
DIG,D,20181010,000000,12.0005,12.0005,11.4751,11.4751,397.2225565704041,0
DIG,D,20181011,000000,11.1116,11.5964,11.1116,11.4348,456.62032203887605,0
DIG,D,20181012,000000,11.4348,11.4348,11.2327,11.3135,593.9776546847086,0
DIG,D,20181015,000000,11.2732,11.3135,11.1923,11.3135,423.20907896286127,0
DIG,D,20181016,000000,11.3135,11.3135,11.1923,11.3135,242.540875662919,0
DIG,D,20181017,000000,11.3135,11.3943,11.3135,11.3943,624.9139908662078,0
DIG,D,20181018,000000,11.3943,11.3943,11.3135,11.3135,530.8675288744633,0
DIG,D,20181019,000000,11.3135,11.3943,11.2732,11.3943,527.155168532679,0
DIG,D,20181022,000000,11.3135,11.3135,10.9903,11.0711,1974.9757018267005,0
DIG,D,20181023,000000,11.1519,11.1519,10.667,11.1116,887.2541216852841,0
DIG,D,20181024,000000,11.2327,11.2327,10.6267,10.8287,1505.9808453151813,0
DIG,D,20181025,000000,11.0711,11.0711,10.5055,10.5055,2561.528635827873,0
DIG,D,20181026,000000,10.9903,10.9903,10.9095,10.9095,254.91541013551867,0
DIG,D,20181029,000000,10.9095,11.0711,10.9095,11.0711,1868.554705362313,0
DIG,D,20181030,000000,11.0711,11.0711,10.5055,10.9095,683.0743028874219,0
DIG,D,20181031,000000,10.9095,10.9095,10.465,10.9095,909.5282837359678,0
DIG,D,20181102,000000,10.9095,10.9903,10.465,10.9903,986.2503974660707,0
DIG,D,20181105,000000,11.0307,11.0307,10.7883,11.0307,483.844297878591,0
DIG,D,20181106,000000,11.0307,11.0307,10.6267,11.0307,172.006029169116,0
DIG,D,20181107,000000,11.0307,11.0307,11.0307,11.0307,1.2374534472598593,0
DIG,D,20181108,000000,11.0307,11.0307,10.465,10.9095,275.95211873894465,0
DIG,D,20181109,000000,11.0307,11.0307,10.9095,10.9095,2.4749068945196107,0
DIG,D,20181113,000000,10.9095,10.9095,10.3438,10.8691,1197.8549369475015,0
DIG,D,20181114,000000,10.8287,10.8287,10.0205,10.5055,1737.384639952769,0
DIG,D,20181115,000000,10.5055,10.5055,10.1014,10.5055,37.1236034177947,0
DIG,D,20181116,000000,10.5055,10.5055,10.4246,10.5055,987.4878509133393,0
DIG,D,20181119,000000,10.5055,10.5055,10.5055,10.5055,7.424720683558939,0
DIG,D,20181120,000000,10.5055,10.5055,10.0205,10.5055,269.7648515026448,0
DIG,D,20181121,000000,10.465,10.465,10.4246,10.4246,3.7123603417794695,0
DIG,D,20181122,000000,10.4246,10.9903,10.4246,10.9095,2645.675470241512,0
DIG,D,20181123,000000,10.9095,11.354,10.4246,11.354,3780.4202813787024,0
DIG,D,20181126,000000,11.4751,11.7175,11.2327,11.7175,1023.3740008838697,0
DIG,D,20181127,000000,11.6368,11.7175,11.6368,11.7175,603.8772822627927,0
DIG,D,20181128,000000,11.7175,11.7175,11.6368,11.6368,30.936336181495943,0
DIG,D,20181129,000000,11.7175,11.7175,11.2732,11.6772,632.3387115497654,0
DIG,D,20181130,000000,11.6368,11.6368,11.1923,11.1923,1085.2466732468788,0
DIG,D,20181203,000000,11.1923,11.1923,10.7075,11.1519,2622.1638547435596,0
DIG,D,20181204,000000,11.1519,11.1519,10.5055,10.5055,2779.320442545571,0
DIG,D,20181205,000000,10.5055,10.5055,10.3034,10.465,2127.1824758395724,0
DIG,D,20181206,000000,10.465,10.465,9.53572,10.2226,5783.857412492386,0
DIG,D,20181207,000000,10.1014,10.1014,10.0205,10.1014,993.6751181496282,0
DIG,D,20181210,000000,10.2226,10.2226,9.77809,10.0205,1253.5403420741566,0
DIG,D,20181211,000000,10.0205,10.0205,9.21243,9.89934,2711.2605029462293,0
DIG,D,20181212,000000,9.81854,9.81854,9.4953,9.65697,2120.9952086033377,0
DIG,D,20181213,000000,9.61646,9.65697,9.29322,9.65697,403.4098238067039,0
DIG,D,20181214,000000,9.65697,9.65697,9.33374,9.53572,858.7926923983113,0
DIG,D,20181217,000000,9.53572,9.61646,9.53572,9.53572,1543.1044487330237,0
DIG,D,20181218,000000,9.29322,9.53572,9.29322,9.45488,835.2810769003806,0
DIG,D,20181219,000000,9.45488,9.53572,9.2529,9.4953,1660.6625262226771,0
DIG,D,20181220,000000,9.53572,9.57614,9.29322,9.29322,784.5454855627241,0
DIG,D,20181221,000000,9.65697,9.65697,9.05086,9.09123,2659.2874581612937,0
DIG,D,20181227,000000,9.29322,9.29322,9.17206,9.29322,175.7183895108894,0
DIG,D,20181228,000000,9.29322,9.4953,8.97002,9.4953,730.0975338832942,0
DIG,D,20190102,000000,9.6973,9.6973,9.05086,9.6973,2041.7981879787299,0
DIG,D,20190103,000000,10.1014,10.1014,10.061,10.061,415.7843582793036,0
DIG,D,20190104,000000,10.1822,10.1822,9.65697,10.0205,936.7522595756828,0
DIG,D,20190107,000000,10.0205,10.1417,10.0205,10.1014,1123.6077301119249,0
DIG,D,20190108,000000,10.1822,10.263,9.93969,10.263,933.0398992338985,0
DIG,D,20190109,000000,10.1822,10.263,10.1014,10.263,782.0705786682087,0
DIG,D,20190110,000000,10.263,10.263,9.6973,9.6973,1197.8549369475015,0
DIG,D,20190111,000000,9.6973,10.2226,9.4953,10.2226,2733.534664996978,0
DIG,D,20190114,000000,10.2226,10.2226,9.4953,10.1822,4484.531292869528,0
DIG,D,20190115,000000,9.98023,9.98023,9.37406,9.53572,5045.097704478234,0
DIG,D,20190116,000000,9.53572,9.77809,9.53572,9.6973,744.9469752504094,0
DIG,D,20190117,000000,9.85899,9.85899,9.33374,9.6973,1046.8856163818004,0
DIG,D,20190118,000000,9.6973,9.6973,9.33374,9.61646,1557.9538901001172,0
DIG,D,20190121,000000,9.61646,9.61646,9.61646,9.61646,542.0046098998051,0
DIG,D,20190122,000000,9.61646,9.61646,9.61646,9.61646,382.3731152032888,0
DIG,D,20190123,000000,9.61646,9.61646,9.21243,9.57614,1595.0774935178513,0
DIG,D,20190124,000000,9.61646,9.61646,9.33374,9.57614,425.68398585737685,0
DIG,D,20190125,000000,9.61646,9.61646,9.57614,9.57614,371.236034177947,0
DIG,D,20190128,000000,9.6973,9.6973,9.61646,9.61646,377.4233014142468,0
DIG,D,20190129,000000,9.57614,9.81854,9.53572,9.81854,2752.096466705791,0
DIG,D,20190130,000000,9.85899,10.263,9.85899,10.1014,4260.552218915596,0
DIG,D,20190131,000000,10.263,10.263,10.1014,10.1014,441.77088067175,0
DIG,D,20190201,000000,10.263,10.263,10.1417,10.263,268.5273980553761,0
DIG,D,20190204,000000,10.263,10.263,10.263,10.263,451.67050824983403,0
DIG,D,20190205,000000,10.263,10.465,10.1014,10.465,1173.1058680023455,0
DIG,D,20190206,000000,10.465,10.465,9.77809,9.93969,3539.116859163052,0
DIG,D,20190207,000000,10.061,10.061,9.6973,9.93969,1025.8489077783854,0
DIG,D,20190208,000000,9.93969,10.1822,9.89934,10.1822,491.26901856214863,0
DIG,D,20190211,000000,10.1822,10.1822,9.29322,9.37406,3133.232128461844,0
DIG,D,20190212,000000,9.37406,9.37406,9.13169,9.37406,5868.004246906025,0
DIG,D,20190213,000000,9.37406,9.37406,9.13169,9.37406,794.4451131407974,0
DIG,D,20190214,000000,9.37406,9.37406,9.29322,9.37406,498.6937392457063,0
DIG,D,20190215,000000,9.33374,9.33374,9.33374,9.33374,746.1844286976673,0
DIG,D,20190218,000000,9.29322,9.45488,9.29322,9.45488,10333.973738066741,0
DIG,D,20190219,000000,9.61646,9.61646,9.33374,9.4953,1262.2025162050154,0
DIG,D,20190220,000000,9.93969,9.93969,9.53572,9.6973,1936.6146449616544,0
DIG,D,20190221,000000,9.6973,9.6973,9.6973,9.6973,940.4646199174562,0
DIG,D,20190222,000000,9.6973,9.6973,9.37406,9.53572,3607.176798762394,0
DIG,D,20190225,000000,9.57614,9.57614,9.13169,9.21243,6307.300220683248,0
DIG,D,20190226,000000,9.13169,9.29322,8.97002,9.2529,2572.6657168531387,0
DIG,D,20190227,000000,9.37406,9.37406,8.80845,9.05086,6766.395449616706,0
DIG,D,20190228,000000,9.05086,9.05086,9.05086,9.05086,6.187267236299079,0
DIG,D,20190301,000000,9.05086,9.09123,8.80845,9.09123,1580.2280521507575,0
DIG,D,20190304,000000,9.41447,9.41447,8.8892,9.2529,858.7926923983113,0
DIG,D,20190305,000000,9.2529,9.2529,9.2529,9.2529,883.5417613435108,0
DIG,D,20190306,000000,9.29322,9.29322,9.21243,9.21243,794.4451131407974,0
DIG,D,20190307,000000,8.92965,9.29322,8.80845,9.21243,35628.759653504676,0
DIG,D,20190308,000000,9.2529,9.45488,9.05086,9.45488,6208.303944902517,0
DIG,D,20190311,000000,9.53572,9.53572,9.21243,9.45488,5650.2124401883275,0
DIG,D,20190312,000000,9.29322,9.33374,8.92965,9.33374,3385.672631702869,0
DIG,D,20190313,000000,9.45488,9.45488,9.29322,9.29322,1008.5245595167545,0
DIG,D,20190314,000000,9.29322,9.29322,8.8892,9.21243,5488.106038597285,0
DIG,D,20190315,000000,9.21243,9.21243,8.97002,9.17206,3327.5123196816976,0
DIG,D,20190318,000000,9.17206,9.17206,9.0104,9.13169,1117.420462875582,0
DIG,D,20190319,000000,9.17206,9.17206,8.72762,8.97002,13110.819273717798,0
DIG,D,20190320,000000,8.8892,8.8892,8.72762,8.8892,3331.224680023417,0
DIG,D,20190321,000000,8.8892,9.0104,8.60639,8.8892,15652.548654389328,0
DIG,D,20190322,000000,8.8892,8.8892,8.76799,8.8892,502.40609958749053,0
DIG,D,20190325,000000,8.8892,8.8892,8.8892,8.8892,6.187267236299079,0
DIG,D,20190326,000000,8.8892,9.6973,8.8892,9.37406,25174.75293105409,0
DIG,D,20190327,000000,9.53572,9.53572,9.2529,9.45488,3583.6651832644416,0
DIG,D,20190328,000000,9.45488,9.45488,8.97002,9.21243,6789.907065114658,0
DIG,D,20190329,000000,9.21243,9.37406,8.80845,9.05086,5661.349521213702,0
DIG,D,20190401,000000,9.13169,9.13169,8.84882,9.13169,1654.475258986334,0
DIG,D,20190402,000000,9.09123,9.21243,9.09123,9.13169,3066.409642309814,0
DIG,D,20190403,000000,9.37406,9.53572,9.2529,9.53572,5738.0716349437935,0
DIG,D,20190404,000000,9.61646,9.81854,9.37406,9.81854,8185.754553623732,0
DIG,D,20190405,000000,9.81854,10.5863,9.81854,10.263,3629.4509608130343,0
DIG,D,20190408,000000,10.3438,10.465,10.0205,10.3034,9398.458931938327,0
DIG,D,20190409,000000,10.3438,10.3843,9.85899,10.1822,8016.2234313491435,0
DIG,D,20190410,000000,10.1014,10.263,10.1014,10.1822,3115.9077802002344,0
DIG,D,20190411,000000,10.1822,10.1822,9.93969,10.1822,2847.380382144804,0
DIG,D,20190412,000000,10.1822,10.1822,9.93969,10.1417,2289.288877430615,0
DIG,D,20190415,000000,9.93969,10.1822,9.93969,10.1822,293.2764670005755,0
DIG,D,20190416,000000,10.1822,10.1822,9.93969,10.061,1811.6318467883457,0
DIG,D,20190417,000000,10.061,10.5055,9.93969,10.5055,5528.942002356846,0
DIG,D,20190418,000000,10.5055,10.9095,10.5055,10.8287,3818.781338243749,0
DIG,D,20190423,000000,10.8287,10.8287,10.5055,10.7479,1757.183895108894,0
DIG,D,20190424,000000,10.667,10.7479,10.3843,10.4246,6340.711463759264,0
DIG,D,20190425,000000,10.4246,10.5055,9.93969,10.1014,5458.407155863097,0
DIG,D,20190426,000000,10.5055,10.5055,10.1014,10.3843,2171.730799940962,0
DIG,D,20190429,000000,10.3843,10.3843,9.37406,10.263,15452.081195933457,0
DIG,D,20190430,000000,10.3034,10.3034,10.0205,10.263,2177.9180671773047,0
DIG,D,20190502,000000,10.263,10.263,10.1014,10.1014,50.735591337652174,0
DIG,D,20190506,000000,10.2226,10.2226,9.81854,10.061,2186.580241308055,0
DIG,D,20190507,000000,10.0205,10.061,9.6973,10.061,1595.0774935178513,0
DIG,D,20190508,000000,10.061,10.1014,9.37406,10.0205,2797.882244254492,0
DIG,D,20190509,000000,10.0205,10.0205,9.13169,9.45488,5613.088836770486,0
DIG,D,20190510,000000,9.4953,9.53572,9.21243,9.21243,2483.569068650469,0
DIG,D,20190513,000000,9.37406,9.37406,9.09123,9.2529,2539.254473777124,0
DIG,D,20190514,000000,9.29322,9.29322,9.09123,9.29322,968.9260492044399,0
DIG,D,20190515,000000,9.29322,9.45488,9.05086,9.45488,402.1723703594354,0
DIG,D,20190516,000000,9.37406,9.37406,9.05086,9.37406,415.7843582793036,0
DIG,D,20190517,000000,9.37406,9.37406,8.92965,9.2529,3274.3018214494496,0
DIG,D,20190520,000000,9.2529,9.2529,8.92965,9.13169,378.6607548615046,0
DIG,D,20190521,000000,9.13169,9.13169,8.80845,9.13169,5601.95175574522,0
DIG,D,20190522,000000,9.13169,9.13169,8.72762,8.8892,2601.127146140123,0
DIG,D,20190523,000000,8.76799,8.8892,8.6468,8.68717,4510.5178152619965,0
DIG,D,20190524,000000,8.8892,8.97002,8.28314,8.68717,5218.341187094651,0
DIG,D,20190527,000000,8.68717,8.68717,8.32355,8.68717,1805.4445795521108,0
DIG,D,20190528,000000,8.8892,8.8892,8.32355,8.68717,1387.1853143782155,0
DIG,D,20190529,000000,8.6468,8.6468,8.20233,8.32355,4324.89979817311,0
DIG,D,20190530,000000,8.0003,8.8892,8.0003,8.8892,5820.981015910229,0
DIG,D,20190531,000000,7.98414,7.98414,7.12755,7.12755,31086.068048614186,0
DIG,D,20190603,000000,7.12755,7.12755,6.41641,6.46489,14514.091482909986,0
DIG,D,20190604,000000,6.46489,6.64267,6.30327,6.46489,9618.725645550541,0
DIG,D,20190605,000000,6.46489,6.46489,5.99618,6.25477,10497.317593104986,0
DIG,D,20190606,000000,6.25477,6.52954,6.10932,6.52954,11127.181397760129,0
DIG,D,20190607,000000,6.73965,6.73965,6.52954,6.70733,5045.097704478234,0
DIG,D,20190610,000000,6.83663,6.83663,6.41641,6.64267,4206.104267236145,0
DIG,D,20190611,000000,6.62651,6.62651,6.2871,6.36792,10789.35660665837,0
DIG,D,20190612,000000,6.36792,6.36792,6.17397,6.33559,996.1500250441547,0
DIG,D,20190613,000000,6.30327,6.30327,6.01234,6.22245,5452.219888626754,0
DIG,D,20190614,000000,6.06084,6.2871,6.06084,6.2871,8743.846058337922,0
DIG,D,20190617,000000,6.30327,6.35176,5.98002,6.35176,5402.721750736334,0
DIG,D,20190618,000000,6.35176,6.43256,6.14164,6.35176,9355.14806128425,0
DIG,D,20190619,000000,6.61035,6.61035,6.22245,6.44873,9512.304649086262,0
DIG,D,20190621,000000,6.40024,6.40024,6.38408,6.38408,226.4539808485459,0
DIG,D,20190624,000000,6.43256,6.43256,6.06084,6.2063,10497.317593104986,0
DIG,D,20190625,000000,6.06084,6.30327,6.06084,6.30327,8655.986863582453,0
DIG,D,20190626,000000,6.35176,6.35176,6.2871,6.2871,674.4121287565956,0
DIG,D,20190627,000000,6.2871,6.77198,6.14164,6.73965,6824.5557616378765,0
DIG,D,20190628,000000,6.73965,6.73965,6.46489,6.69116,1247.3530748379217,0
DIG,D,20190701,000000,6.69116,7.03058,6.69116,6.91743,5634.125545373922,0
DIG,D,20190702,000000,7.03058,7.03058,6.86894,6.86894,5519.0423747787845,0
DIG,D,20190703,000000,6.78814,7.01441,6.70733,7.01441,1825.2438347082355,0
DIG,D,20190704,000000,7.01441,7.01441,7.01441,7.01441,6.187267236299079,0
DIG,D,20190705,000000,6.91743,6.91743,6.86894,6.86894,414.54690483203495,0
DIG,D,20190708,000000,6.86894,6.90127,6.75581,6.88511,758.5589631702669,0
DIG,D,20190709,000000,6.85278,6.91743,6.73965,6.91743,1873.504519151344,0
DIG,D,20190710,000000,6.91743,6.91743,6.86894,6.86894,165.81876193281616,0
DIG,D,20190711,000000,6.90127,6.90127,6.86894,6.88511,633.5761649970232,0
DIG,D,20190712,000000,6.90127,6.90127,6.69116,6.88511,1841.330729522641,0
DIG,D,20190715,000000,6.88511,6.88511,6.86894,6.86894,129.93261196228576,0
DIG,D,20190716,000000,6.85278,6.85278,6.56186,6.73965,3031.7609457865956,0
DIG,D,20190717,000000,6.73965,6.73965,6.73965,6.73965,6.187267236299079,0
DIG,D,20190718,000000,6.73965,6.73965,6.62651,6.73965,367.5236738361627,0
DIG,D,20190719,000000,6.73965,6.73965,6.73965,6.73965,6.187267236299079,0
DIG,D,20190722,000000,6.64267,6.64267,6.62651,6.62651,217.79180671773048,0
DIG,D,20190723,000000,6.51338,6.52954,6.46489,6.51338,2012.0993052444342,0
DIG,D,20190724,000000,6.61035,6.61035,6.27094,6.46489,655.850327047707,0
DIG,D,20190725,000000,6.61035,6.61035,6.2871,6.51338,909.5282837359678,0
DIG,D,20190726,000000,6.2871,6.46489,6.2871,6.46489,219.02926016498827,0
DIG,D,20190729,000000,6.46489,6.46489,6.36792,6.36792,561.8038650559516,0
DIG,D,20190730,000000,6.35176,6.46489,6.19013,6.46489,9570.464961107433,0
DIG,D,20190731,000000,6.46489,6.46489,6.14164,6.14164,4567.440673835964,0
DIG,D,20190801,000000,6.22245,6.22245,6.22245,6.22245,123.74534472598592,0
DIG,D,20190802,000000,6.12549,6.12549,5.8992,6.06084,13438.744437241385,0
DIG,D,20190805,000000,5.91537,6.17397,5.91537,6.14164,6919.83967707689,0
DIG,D,20190806,000000,5.93153,6.14164,5.85072,6.12549,714.0106390689102,0
DIG,D,20190807,000000,6.06084,6.14164,5.88306,6.14164,3343.599214495995,0
DIG,D,20190808,000000,6.14164,6.14164,5.98002,6.14164,189.33037743074686,0
DIG,D,20190809,000000,6.14164,6.14164,5.91537,5.93153,15299.874421920584,0
DIG,D,20190812,000000,6.06084,6.06084,5.8992,6.06084,2914.202868296834,0
DIG,D,20190813,000000,6.06084,6.06084,5.85072,6.04467,2801.5946045962114,0
DIG,D,20190814,000000,5.8992,6.04467,5.8992,6.04467,4155.36867589852,0
DIG,D,20190816,000000,5.86689,6.04467,5.85072,5.98002,5583.389954036297,0
DIG,D,20190819,000000,5.86689,5.99618,5.85072,5.98002,2399.4222342368303,0
DIG,D,20190820,000000,5.96385,5.96385,5.86689,5.86689,373.71094107246256,0
DIG,D,20190821,000000,5.94769,5.94769,5.94769,5.94769,178.19329640541585,0
DIG,D,20190822,000000,5.94769,5.99618,5.85072,5.99618,11761.995016204086,0
DIG,D,20190823,000000,6.06084,6.06084,6.06084,6.06084,415.7843582793036,0
DIG,D,20190826,000000,6.06084,6.06084,5.98002,6.04467,353.91168591630526,0
DIG,D,20190827,000000,5.98002,5.98002,5.86689,5.96385,1128.557543900956,0
DIG,D,20190828,000000,5.98002,6.06084,5.8184,6.02851,6078.371332940176,0
DIG,D,20190829,000000,5.98002,5.98002,5.41435,5.80224,15355.559827047457,0
DIG,D,20190830,000000,5.86689,5.86689,5.65677,5.8184,1055.5477905126268,0
DIG,D,20190902,000000,5.8184,5.8184,5.52748,5.64061,4736.971796110553,0
DIG,D,20190903,000000,5.78607,5.78607,5.51133,5.6891,967.688595757182,0
DIG,D,20190904,000000,5.78607,5.78607,5.6891,5.6891,216.5543532704727,0
DIG,D,20190905,000000,5.78607,5.78607,5.6891,5.6891,202.9423653506152,0
DIG,D,20190906,000000,5.76991,5.76991,5.25272,5.55981,11112.33195639347,0
DIG,D,20190909,000000,5.41435,5.49516,5.41435,5.49516,538.2922495580209,0
DIG,D,20190910,000000,5.49516,5.49516,5.41435,5.41435,1739.8595468472847,0
DIG,D,20190911,000000,5.479,5.479,5.26889,5.479,1269.627236888562,0
DIG,D,20190912,000000,5.479,5.479,5.17191,5.23657,7230.440492339086,0
DIG,D,20190913,000000,5.10726,5.25272,5.10726,5.25272,10030.797643488093,0
DIG,D,20190916,000000,5.44668,5.44668,5.25272,5.44668,3057.7474681789554,0
DIG,D,20190917,000000,5.25272,5.57597,5.25272,5.57597,2289.288877430615,0
DIG,D,20190918,000000,5.57597,5.57597,5.25272,5.25272,1727.4850123747067,0
DIG,D,20190919,000000,5.49516,5.57597,5.479,5.57597,2114.8079413669943,0
DIG,D,20190920,000000,5.62445,5.78607,5.60828,5.78607,2021.9989328224967,0
DIG,D,20190923,000000,5.78607,5.78607,5.51133,5.73759,748.6593355921937,0
DIG,D,20190924,000000,5.78607,5.78607,5.51133,5.57597,1936.6146449616544,0
DIG,D,20190925,000000,5.76991,5.76991,5.65677,5.75375,25.98652239245607,0
DIG,D,20190926,000000,5.73759,5.73759,5.51133,5.70526,2254.6401809073964,0
DIG,D,20190927,000000,5.70526,5.70526,5.31737,5.34969,3191.392440483123,0
DIG,D,20190930,000000,5.30121,5.41435,5.25272,5.39819,1348.8242575131694,0
DIG,D,20191001,000000,4.3638,4.52542,4.12137,4.25067,33830.73979463622,0
DIG,D,20191002,000000,4.2345,4.2345,3.95975,4.16985,9720.196828225899,0
DIG,D,20191003,000000,4.18602,4.18602,4.04055,4.16985,2174.205706835477,0
DIG,D,20191004,000000,4.15369,4.50926,4.04055,4.50926,2252.165274012881,0
DIG,D,20191007,000000,4.39612,4.44461,4.13752,4.44461,1239.928354154375,0
DIG,D,20191008,000000,4.44461,4.44461,4.20217,4.44461,230.16634119033012,0
DIG,D,20191009,000000,4.41228,4.41228,4.20217,4.29915,1060.4976043016688,0
DIG,D,20191010,000000,4.29915,4.33147,4.29915,4.33147,124.98279817324374,0
DIG,D,20191011,000000,4.33147,4.68704,4.33147,4.68704,5082.221307896077,0
DIG,D,20191014,000000,4.68704,4.68704,4.54159,4.67088,688.0241166764531,0
DIG,D,20191015,000000,4.54159,4.91333,4.54159,4.84867,4599.614463464775,0
DIG,D,20191016,000000,4.84867,4.91333,4.7032,4.91333,395.98510312314636,0
DIG,D,20191017,000000,4.91333,4.91333,4.54159,4.68704,9831.567638479206,0
DIG,D,20191018,000000,4.81634,4.81634,4.62239,4.73553,1731.1973727165346,0
DIG,D,20191021,000000,4.73553,4.76786,4.62239,4.76786,601.4023753682661,0
DIG,D,20191022,000000,4.76786,4.76786,4.76786,4.76786,6.187267236299079,0
DIG,D,20191023,000000,4.76786,4.76786,4.44461,4.60624,4451.120049793514,0
DIG,D,20191024,000000,4.62239,4.62239,4.44461,4.60624,610.0645494990925,0
DIG,D,20191025,000000,4.60624,4.60624,4.44461,4.60624,836.5185303476384,0
DIG,D,20191028,000000,4.60624,4.60624,4.41228,4.41228,2915.440321744146,0
DIG,D,20191029,000000,4.60624,4.73553,4.46077,4.73553,6509.00513258665,0
DIG,D,20191030,000000,4.73553,4.73553,4.55775,4.71937,3854.6674882142793,0
DIG,D,20191031,000000,4.71937,4.71937,4.71937,4.71937,6.187267236299079,0
DIG,D,20191104,000000,4.71937,4.71937,4.55775,4.67088,2038.0858276369024,0
DIG,D,20191105,000000,4.60624,4.91333,4.60624,4.91333,5526.467095462331,0
DIG,D,20191106,000000,4.91333,4.91333,4.91333,4.91333,6.187267236299079,0
DIG,D,20191107,000000,4.86483,4.86483,4.86483,4.86483,6.187267236299079,0
DIG,D,20191108,000000,4.86483,4.86483,4.86483,4.86483,6.187267236299079,0
DIG,D,20191112,000000,4.84867,4.84867,4.84867,4.84867,371.236034177947,0
DIG,D,20191113,000000,4.86483,4.86483,4.86483,4.86483,222.74162050676165,0
DIG,D,20191114,000000,4.84867,4.84867,4.68704,4.68704,450.4330548025762,0
DIG,D,20191115,000000,4.68704,4.68704,4.47694,4.63855,3181.492812904952,0
DIG,D,20191118,000000,4.63855,4.63855,4.52542,4.52542,55.68540512669204,0
DIG,D,20191119,000000,4.59007,4.59007,4.52542,4.59007,2478.619254861438,0
DIG,D,20191120,000000,4.59007,4.59007,4.37995,4.52542,6850.5422840303445,0
DIG,D,20191121,000000,4.47694,4.52542,4.47694,4.52542,155.91913435473205,0
DIG,D,20191122,000000,4.63855,4.63855,4.37995,4.37995,4956.001056275564,0
DIG,D,20191125,000000,4.63855,4.63855,4.44461,4.52542,3385.672631702869,0
DIG,D,20191126,000000,4.63855,4.63855,4.63855,4.63855,6.187267236299079,0
DIG,D,20191127,000000,4.63855,4.63855,4.37995,4.44461,5584.627407483502,0
DIG,D,20191128,000000,4.63855,4.63855,4.37995,4.42845,3670.2869245725965,0
DIG,D,20191129,000000,4.37995,4.47694,4.37995,4.37995,4480.818932527811,0
DIG,D,20191202,000000,4.15369,4.44461,4.12137,4.44461,31437.50482763562,0
DIG,D,20191203,000000,4.46077,4.46077,4.3638,4.46077,251.20304979374527,0
DIG,D,20191204,000000,4.20217,4.52542,4.20217,4.52542,1239.928354154375,0
DIG,D,20191205,000000,4.52542,4.52542,4.34763,4.34763,692.9739304654951,0
DIG,D,20191206,000000,4.33147,4.4931,4.33147,4.4931,1525.780100471306,0
DIG,D,20191209,000000,4.44461,4.44461,4.20217,4.26682,2680.3241667647303,0
DIG,D,20191210,000000,4.41228,4.41228,4.41228,4.41228,6.187267236299079,0
DIG,D,20191211,000000,4.41228,4.41228,4.41228,4.41228,6.187267236299079,0
DIG,D,20191212,000000,4.41228,4.41228,4.18602,4.34763,193.0427377725311,0
DIG,D,20191213,000000,4.34763,4.3638,4.20217,4.25067,6156.330900117581,0
DIG,D,20191216,000000,4.3638,4.3638,4.2345,4.33147,543.242063347063,0
DIG,D,20191217,000000,4.28299,4.28299,4.20217,4.28299,5936.064186505367,0
DIG,D,20191218,000000,4.33147,4.33147,4.20217,4.29915,5439.845354154177,0
DIG,D,20191219,000000,4.29915,4.29915,4.18602,4.20217,4829.780804655052,0
DIG,D,20191220,000000,4.28299,4.29915,4.16985,4.26682,5673.72405568628,0
DIG,D,20191223,000000,4.2345,4.29915,4.18602,4.29915,4479.581479080498,0
DIG,D,20191227,000000,4.29915,4.29915,4.20217,4.21834,17029.83434119013,0
DIG,D,20191230,000000,4.20217,4.29915,4.20217,4.28299,20606.07480377005,0
DIG,D,20200102,000000,4.29915,4.42845,4.29915,4.42845,2759.521187389446,0
DIG,D,20200103,000000,4.29915,4.47694,4.29915,4.44461,6093.220774307379,0
DIG,D,20200107,000000,4.41228,4.47694,4.34763,4.47694,1363.6736988803714,0
DIG,D,20200108,000000,4.52542,4.52542,4.52542,4.52542,30.936336181495943,0
DIG,D,20200109,000000,4.52542,4.52542,4.52542,4.52542,174.4809360636316,0
DIG,D,20200110,000000,4.52542,4.52542,4.3638,4.52542,11615.975509427773,0
DIG,D,20200113,000000,4.34763,4.52542,4.34763,4.52542,2056.6476293458236,0
DIG,D,20200114,000000,4.52542,4.52542,4.44461,4.50926,1416.8841971125112,0
DIG,D,20200115,000000,4.52542,4.52542,4.3638,4.50926,811.7694614024391,0
DIG,D,20200116,000000,4.52542,4.52542,4.37995,4.4931,1306.7508403064044,0
DIG,D,20200117,000000,4.39612,4.46077,4.3638,4.46077,3822.493698585576,0
DIG,D,20200120,000000,4.46077,4.4931,4.37995,4.4931,5204.729199174761,0
DIG,D,20200121,000000,4.47694,4.4931,4.44461,4.4931,2366.010991160815,0
DIG,D,20200122,000000,4.4931,4.4931,4.39612,4.47694,4795.132108131833,0
DIG,D,20200123,000000,4.47694,4.47694,4.46077,4.46077,589.0278408956775,0
DIG,D,20200124,000000,4.44461,4.44461,4.3638,4.42845,3651.725122863675,0
DIG,D,20200127,000000,4.42845,4.42845,4.29915,4.3638,6017.736114024489,0
DIG,D,20200128,000000,4.37995,4.37995,4.28299,4.3638,1320.3628282261861,0
DIG,D,20200129,000000,4.31531,4.31531,3.95975,4.12137,29290.523096640358,0
DIG,D,20200130,000000,4.12137,4.13752,4.04055,4.1052,14605.66303800782,0
DIG,D,20200131,000000,4.16985,4.16985,4.04055,4.13752,75972.21694106968,0
DIG,D,20200203,000000,4.18602,4.18602,4.12137,4.15369,1195.3800300529858,0
DIG,D,20200204,000000,4.15369,4.16985,4.12137,4.16985,4306.337996464188,0
DIG,D,20200205,000000,4.18602,4.29915,4.15369,4.29915,3342.3617610487913,0
DIG,D,20200206,000000,4.29915,4.29915,4.29915,4.29915,1531.9673677076491,0
DIG,D,20200207,000000,4.29915,4.29915,4.20217,4.20217,2562.766089275077,0
DIG,D,20200210,000000,4.16985,4.26682,4.12137,4.25067,4470.919304949747,0
DIG,D,20200211,000000,4.2345,4.2345,4.13752,4.21834,1163.2062404241744,0
DIG,D,20200212,000000,4.21834,4.21834,4.1052,4.21834,5323.524730111726,0
DIG,D,20200213,000000,4.16985,4.16985,4.15369,4.15369,14.849441367117445,0
DIG,D,20200214,000000,4.12137,4.18602,4.04055,4.18602,11628.350043900893,0
DIG,D,20200217,000000,4.18602,4.18602,4.05671,4.16985,1432.9710919269169,0
DIG,D,20200218,000000,4.18602,4.18602,4.07288,4.15369,789.4952993517661,0
DIG,D,20200219,000000,4.05671,4.15369,4.05671,4.15369,856.3177855037959,0
DIG,D,20200220,000000,4.15369,4.15369,4.12137,4.15369,652.1379667059226,0
DIG,D,20200221,000000,4.12137,4.12137,4.12137,4.12137,3.7123603417794695,0
DIG,D,20200224,000000,4.12137,4.12137,3.91126,3.91126,10513.404487919393,0
DIG,D,20200225,000000,4.01631,4.01631,3.79812,3.99207,11634.53731113637,0
DIG,D,20200226,000000,4.05671,4.05671,3.79812,3.95975,7929.6016900408795,0
DIG,D,20200227,000000,4.05671,4.05671,3.88702,3.97591,13608.275559516624,0
DIG,D,20200228,000000,3.86278,4.00823,3.68499,3.95975,13569.914502651038,0
DIG,D,20200302,000000,3.87894,3.96783,3.87894,3.95975,1444.108172952183,0
DIG,D,20200303,000000,3.95975,4.00823,3.79812,4.00823,16143.817672951594,0
DIG,D,20200304,000000,3.95975,4.13752,3.95975,4.13752,8581.739656746879,0
DIG,D,20200305,000000,4.13752,4.13752,4.13752,4.13752,6.187267236299079,0
DIG,D,20200306,000000,4.20217,4.20217,4.15369,4.15369,58.16031202121089,0
DIG,D,20200309,000000,4.04055,4.04055,3.65267,4.04055,13859.478609310121,0
DIG,D,20200310,000000,3.95975,3.95975,3.70115,3.94359,9962.737703888752,0
DIG,D,20200311,000000,3.79812,3.79812,3.47487,3.56377,8371.37257071262,0
DIG,D,20200312,000000,3.39407,3.39407,3.15163,3.23244,9739.996083382022,0
DIG,D,20200313,000000,2.74757,3.14355,2.74757,3.14355,5583.389954036297,0
DIG,D,20200316,000000,3.13547,3.13547,2.66677,2.7799,11632.062404241746,0
DIG,D,20200317,000000,2.66677,2.78798,2.66677,2.78798,6250.377362109391,0
DIG,D,20200318,000000,2.78798,2.78798,2.5213,2.6506,19139.69246876712,0
DIG,D,20200319,000000,2.6506,2.6506,2.63444,2.6506,1070.397231879742,0
DIG,D,20200320,000000,2.62636,2.9981,2.62636,2.97385,7699.435348850605,0
DIG,D,20200323,000000,2.94961,2.94961,2.66677,2.85263,6890.140794342703,0
DIG,D,20200324,000000,2.74757,2.85263,2.66677,2.85263,3987.0750070711347,0
DIG,D,20200325,000000,2.81222,2.94152,2.69909,2.94152,14340.848000293892,0
DIG,D,20200326,000000,2.99001,3.18396,2.81222,2.99001,2521.9301255155156,0
DIG,D,20200327,000000,2.98193,3.07082,2.92537,3.07082,1332.7373626988726,0
DIG,D,20200330,000000,3.03041,3.03041,2.99001,2.99001,559.328958161436,0
DIG,D,20200331,000000,2.99001,3.15163,2.89304,3.14355,1367.3860592220908,0
DIG,D,20200401,000000,3.14355,3.14355,2.9981,3.14355,2670.424539186668,0
DIG,D,20200402,000000,3.15163,3.15163,3.15163,3.15163,6.187267236299079,0
DIG,D,20200403,000000,3.12739,3.15163,2.99001,3.15163,3542.82921950488,0
DIG,D,20200406,000000,3.12739,3.43448,2.95769,3.27285,14658.87353624007,0
DIG,D,20200407,000000,3.31326,3.95975,3.31326,3.92743,5303.725474955602,0
DIG,D,20200408,000000,3.92743,3.92743,3.71731,3.92743,2629.588575427106,0
DIG,D,20200409,000000,3.92743,4.04055,3.62034,3.70115,9711.534654095038,0
DIG,D,20200414,000000,3.70115,3.70115,3.55569,3.55569,4047.710225986821,0
DIG,D,20200415,000000,3.5961,3.5961,3.53145,3.55569,3427.746048909742,0
DIG,D,20200416,000000,3.5961,3.5961,3.44255,3.55569,295.75137389509104,0
DIG,D,20200417,000000,3.55569,3.5961,3.44255,3.5961,2676.611806423011,0
DIG,D,20200420,000000,3.5961,3.5961,3.43448,3.54761,965.2136888626555,0
DIG,D,20200421,000000,3.43448,3.43448,3.19204,3.31326,2705.0732357099946,0
DIG,D,20200422,000000,3.31326,3.31326,3.15971,3.31326,457.85777548613385,0
DIG,D,20200423,000000,3.31326,3.31326,3.31326,3.31326,6.187267236299079,0
DIG,D,20200424,000000,3.31326,3.64459,3.31326,3.39407,10851.229279021478,0
DIG,D,20200427,000000,3.39407,3.39407,3.15971,3.30518,10231.26510194418,0
DIG,D,20200428,000000,3.31326,3.31326,3.15163,3.29709,636.0510718915497,0
DIG,D,20200429,000000,3.29709,3.29709,3.15163,3.29709,916.9530044195255,0
DIG,D,20200430,000000,3.29709,3.29709,3.11123,3.23244,4396.672098114171,0
DIG,D,20200504,000000,3.23244,3.23244,3.10315,3.23244,981.3005836770395,0
DIG,D,20200505,000000,3.11123,3.23244,3.11123,3.23244,503.6435530347483,0
DIG,D,20200506,000000,3.29709,3.29709,3.03041,3.0385,5677.436416027999,0
DIG,D,20200507,000000,2.99001,3.21629,2.99001,3.21629,3488.3812678254285,0
DIG,D,20200508,000000,3.06274,3.29709,2.88496,3.29709,9994.911493517562,0
DIG,D,20200511,000000,3.43448,3.43448,3.39407,3.39407,30.936336181495943,0
DIG,D,20200512,000000,3.39407,3.42639,3.23244,3.31326,3286.6763559220276,0
DIG,D,20200513,000000,3.39407,3.39407,3.15163,3.23244,9447.957069828748,0
DIG,D,20200514,000000,3.23244,3.23244,3.0789,3.0789,5738.0716349437935,0
DIG,D,20200515,000000,3.29709,3.29709,3.21629,3.22436,5183.692490571324,0
DIG,D,20200518,000000,3.29709,3.29709,3.11123,3.11123,285.85174631701784,0
DIG,D,20200519,000000,3.0789,3.23244,3.0789,3.18396,3739.584317619141,0
DIG,D,20200520,000000,3.23244,3.23244,3.17588,3.18396,2864.704730406522,0
DIG,D,20200521,000000,3.17588,3.23244,3.17588,3.23244,775.8833114319086,0
DIG,D,20200522,000000,3.23244,3.23244,3.23244,3.23244,6.187267236299079,0
DIG,D,20200525,000000,3.22436,3.22436,3.08698,3.19204,1279.5268644666246,0
DIG,D,20200526,000000,3.1678,3.1678,3.0789,3.1678,848.8930648202381,0
DIG,D,20200527,000000,3.18396,3.19204,3.17588,3.19204,1017.1867336475698,0
DIG,D,20200528,000000,3.19204,3.39407,3.08698,3.39407,4430.083341190186,0
DIG,D,20200529,000000,3.31326,3.3779,3.19204,3.19204,952.8391543900559,0
DIG,D,20200601,000000,3.23244,3.30518,3.23244,3.30518,742.472068355894,0
DIG,D,20200602,000000,3.30518,3.30518,3.23244,3.30518,967.688595757182,0
DIG,D,20200603,000000,3.31326,3.31326,3.31326,3.31326,325.4502566293325,0
DIG,D,20200604,000000,3.30518,3.79812,3.24861,3.79812,4767.908132292052,0
DIG,D,20200605,000000,4.02438,4.50926,3.87894,4.07288,38822.62700088252,0
DIG,D,20200608,000000,4.07288,4.07288,3.96783,4.04055,2541.72938067164,0
DIG,D,20200609,000000,4.04055,4.04055,3.31326,3.74964,20676.60965026467,0
DIG,D,20200610,000000,3.63651,3.74156,3.56377,3.74156,3174.068092221405,0
DIG,D,20200612,000000,3.57186,3.65267,3.31326,3.62842,9051.971966705602,0
DIG,D,20200615,000000,3.62034,4.34763,3.3779,4.18602,15667.398095757071,0
DIG,D,20200616,000000,4.18602,4.18602,3.87894,4.00823,13641.686802591881,0
DIG,D,20200617,000000,4.00823,4.04055,3.73347,3.87894,22712.22057100619,0
DIG,D,20200618,000000,3.7658,3.91935,3.73347,3.86278,10217.653114024291,0
DIG,D,20200619,000000,3.86278,3.95975,3.74156,3.87894,11252.164195933221,0
DIG,D,20200622,000000,3.95167,3.95167,3.74964,3.87894,2516.9803117264837,0
DIG,D,20200623,000000,3.79812,3.87894,3.74964,3.82237,16909.801356805205,0
DIG,D,20200624,000000,3.82237,3.82237,3.64459,3.71731,15072.182987624932,0
DIG,D,20200625,000000,3.70923,3.70923,3.57994,3.70115,1413.1718367706835,0
DIG,D,20200626,000000,3.63651,3.69306,3.57994,3.69306,12909.114361814612,0
DIG,D,20200629,000000,3.70115,3.70115,3.63651,3.68499,3416.6089678843673,0
DIG,D,20200630,000000,3.68499,3.83853,3.64459,3.83853,3304.000704183745,0
DIG,D,20200701,000000,3.87894,3.87894,3.66074,3.71731,2484.8065220976728,0
DIG,D,20200702,000000,3.87894,3.87894,3.5961,3.66074,377.4233014142468,0
DIG,D,20200703,000000,3.66074,3.7658,3.66074,3.75772,383.6105686505466,0
DIG,D,20200706,000000,3.87894,3.95167,3.75772,3.78196,5692.285857395202,0
DIG,D,20200707,000000,4.00014,4.00014,3.78196,3.87894,7132.681670005557,0
DIG,D,20200708,000000,4.00014,4.00014,3.78196,3.87894,10263.438891572885,0
DIG,D,20200709,000000,4.00014,4.00014,3.8062,3.87894,905.8159233941836,0
DIG,D,20200710,000000,4.04055,4.04055,3.75772,3.90319,8264.95157424834,0
DIG,D,20200713,000000,3.95975,3.95975,3.87894,3.87894,886.0166682380263,0
DIG,D,20200714,000000,3.90319,3.90319,3.77388,3.77388,1234.9785403653439,0
DIG,D,20200715,000000,3.8062,3.94359,3.8062,3.83853,3660.3872969945337,0
DIG,D,20200716,000000,3.94359,3.94359,3.83853,3.83853,1447.8205332940104,0
DIG,D,20200717,000000,3.8951,3.8951,3.88702,3.88702,264.81503771360275,0
DIG,D,20200720,000000,4.04055,4.04055,3.8062,3.88702,899.6286561578837,0
DIG,D,20200721,000000,3.8951,3.8951,3.50721,3.71731,37577.74883293869,0
DIG,D,20200722,000000,3.8951,3.8951,3.69306,3.70923,315.55062905124845,0
DIG,D,20200723,000000,3.83853,3.83853,3.70115,3.83046,1307.9882937536079,0
DIG,D,20200724,000000,3.83853,3.83853,3.74156,3.79812,1444.108172952183,0
DIG,D,20200727,000000,3.87894,3.87894,3.69306,3.69306,732.5724407778099,0
DIG,D,20200728,000000,3.69306,3.83853,3.69306,3.83853,3141.8943025927024,0
DIG,D,20200729,000000,3.83853,3.83853,3.62034,3.83853,6015.2612071299745,0
DIG,D,20200730,000000,3.83853,3.83853,3.68499,3.68499,3822.493698585576,0
DIG,D,20200731,000000,3.70115,3.95975,3.3375,3.87894,17450.568513257782,0
DIG,D,20200803,000000,3.87894,3.87894,3.53145,3.71731,10336.448644961256,0
DIG,D,20200804,000000,3.63651,3.73347,3.63651,3.73347,4482.056385975014,0
DIG,D,20200805,000000,3.83853,3.83853,3.53953,3.70115,2765.7084546256806,0
DIG,D,20200806,000000,3.71731,3.71731,3.69306,3.69306,272.23975839716036,0
DIG,D,20200807,000000,3.69306,3.69306,3.67691,3.67691,372.4734876252047,0
DIG,D,20200810,000000,3.69306,3.71731,3.69306,3.70115,425.68398585737685,0
DIG,D,20200811,000000,3.54761,3.70115,3.54761,3.70115,1536.9171814966805,0
DIG,D,20200812,000000,3.71731,3.71731,3.70115,3.71731,1819.056567471892,0
DIG,D,20200813,000000,3.71731,3.71731,3.71731,3.71731,30.936336181495943,0
DIG,D,20200814,000000,3.71731,3.83853,3.71731,3.83853,868.6923199763953,0
DIG,D,20200817,000000,3.83853,3.83853,3.7254,3.83853,1022.1365474366119,0
DIG,D,20200818,000000,3.83853,3.83853,3.64459,3.79005,421.9716255155926,0
DIG,D,20200819,000000,3.83853,3.83853,3.64459,3.79005,28.461429286976003,0
DIG,D,20200820,000000,3.83853,3.83853,3.79005,3.79005,65.5850327047707,0
DIG,D,20200821,000000,3.64459,3.64459,3.64459,3.64459,68.05993959928956,0
DIG,D,20200824,000000,3.64459,3.67691,3.64459,3.67691,300.70118768413306,0
DIG,D,20200825,000000,3.83853,3.83853,3.64459,3.64459,214.07944637594625,0
DIG,D,20200826,000000,3.83853,3.83853,3.63651,3.71731,148.49441367117444,0
DIG,D,20200827,000000,3.71731,3.71731,3.63651,3.71731,1778.2206037123306,0
DIG,D,20200828,000000,3.77388,3.77388,3.63651,3.77388,457.85777548613385,0
DIG,D,20200831,000000,3.77388,3.77388,3.44255,3.63651,9179.429671773316,0
DIG,D,20200901,000000,3.77388,3.77388,3.66074,3.66074,43.31087065409344,0
DIG,D,20200902,000000,3.77388,3.77388,3.66074,3.70115,90.3341016499668,0
DIG,D,20200903,000000,3.77388,3.77388,3.77388,3.77388,6.187267236299079,0
DIG,D,20200904,000000,3.63651,3.63651,3.55569,3.62034,7628.900502356746,0
DIG,D,20200907,000000,3.71731,3.71731,3.71731,3.71731,376.185847966989,0
DIG,D,20200908,000000,3.71731,3.71731,3.55569,3.55569,624.9139908662078,0
DIG,D,20200909,000000,3.67691,3.7254,3.66882,3.7254,3714.835248673985,0
DIG,D,20200910,000000,3.7254,3.91126,3.71731,3.79005,7003.986511490529,0
DIG,D,20200911,000000,3.83853,3.83853,3.83853,3.83853,247.49068945196103,0
DIG,D,20200914,000000,3.7254,3.8951,3.64459,3.71731,4478.344025633293,0
DIG,D,20200916,000000,3.77388,3.77388,3.47487,3.63651,6763.9205427221905,0
DIG,D,20200917,000000,3.70923,3.74964,3.63651,3.74964,6323.387115497654,0
DIG,D,20200918,000000,3.74964,3.82237,3.71731,3.71731,13628.074814672533,0
DIG,D,20200921,000000,4.04055,4.12137,3.71731,3.75772,8754.983139363188,0
DIG,D,20200922,000000,3.75772,3.75772,3.75772,3.75772,160.86894814377413,0
DIG,D,20200923,000000,3.87894,3.87894,3.75772,3.75772,1329.0250023570447,0
DIG,D,20200924,000000,4.04055,4.04055,3.65267,3.82237,9174.479857984286,0
DIG,D,20200925,000000,3.99207,3.99207,3.7254,3.87894,1996.0124104301374,0
DIG,D,20200928,000000,3.71731,3.71731,3.34558,3.69306,35295.88467619183,0
DIG,D,20200929,000000,3.91935,3.91935,3.5961,3.75772,133.64497230405917,0
DIG,D,20200930,000000,3.75772,3.75772,3.63651,3.63651,18018.55964555014,0
DIG,D,20201001,000000,3.83853,3.95975,3.64459,3.87894,11706.309611078297,0
DIG,D,20201002,000000,3.94359,4.08903,3.8951,3.99207,10519.591755155738,0
DIG,D,20201005,000000,4.00014,4.00014,3.87894,3.91126,11378.384447553624,0
DIG,D,20201006,000000,4.12137,4.12137,3.79812,4.04055,2571.4282634059355,0
DIG,D,20201007,000000,4.04055,4.04055,3.87894,3.95975,4770.383039186569,0
DIG,D,20201008,000000,4.04055,4.04055,3.87894,3.87894,769.6960441956089,0
DIG,D,20201009,000000,4.04055,4.04055,3.87894,4.02438,1428.0212781377775,0
DIG,D,20201012,000000,4.02438,4.03247,3.88702,4.03247,3087.4463509132506,0
DIG,D,20201013,000000,4.03247,4.20217,3.91935,4.20217,4040.2855053032745,0
DIG,D,20201014,000000,4.2345,4.57391,4.2345,4.44461,14943.487829109905,0
DIG,D,20201015,000000,4.52542,4.55775,4.04055,4.04055,8992.57420123712,0
DIG,D,20201016,000000,4.34763,4.3638,4.04055,4.04055,9096.520290806882,0
DIG,D,20201019,000000,4.34763,4.34763,3.95975,3.95975,2427.883663523814,0
DIG,D,20201020,000000,4.25067,4.25067,3.97591,4.04055,18403.407667647913,0
DIG,D,20201021,000000,4.20217,4.20217,3.99207,3.99207,1934.1397380671388,0
DIG,D,20201022,000000,4.20217,4.20217,3.87894,3.97591,9431.870175014341,0
DIG,D,20201023,000000,4.12137,4.12137,3.91126,4.04055,1148.356799057081,0
DIG,D,20201026,000000,4.18602,4.18602,4.04055,4.12137,320.5004428402905,0
DIG,D,20201027,000000,4.1052,4.1052,3.84661,3.95975,5193.592118149495,0
DIG,D,20201028,000000,3.95975,3.95975,3.56377,3.70923,7059.671916617292,0
DIG,D,20201029,000000,3.70923,3.70923,3.35366,3.51528,7956.825665880661,0
DIG,D,20201030,000000,3.53953,3.53953,3.3779,3.47487,1988.5876897464818,0
DIG,D,20201102,000000,3.47487,3.64459,3.47487,3.57186,6563.4530842661015,0
DIG,D,20201103,000000,3.74156,3.74156,3.47487,3.74156,4220.953708603239,0
DIG,D,20201104,000000,3.74156,3.74156,3.55569,3.55569,2983.500261343379,0
DIG,D,20201105,000000,3.71731,3.81429,3.55569,3.81429,8298.362817324354,0
DIG,D,20201106,000000,3.8062,4.12137,3.8062,4.12137,1051.8354301708425,0
DIG,D,20201109,000000,4.1052,4.1052,3.82237,4.1052,9054.446873600116,0
DIG,D,20201110,000000,4.04055,4.20217,3.8062,4.20217,11594.938800824553,0
DIG,D,20201112,000000,4.28299,4.28299,4.00823,4.00823,4068.7469345902578,0
DIG,D,20201113,000000,4.12137,4.12137,3.91126,4.04055,263.57758426634496,0
DIG,D,20201116,000000,4.12137,4.12137,3.91126,3.91126,352.6742324690474,0
DIG,D,20201117,000000,4.12137,4.12137,3.79812,3.95975,2912.96541484963,0
DIG,D,20201118,000000,4.04055,4.04055,3.82237,4.04055,144.78205332940104,0
DIG,D,20201119,000000,4.04055,4.04055,3.84661,3.84661,1454.007800530245,0
DIG,D,20201123,000000,4.04055,4.04055,3.71731,3.71731,2253.402727460085,0
DIG,D,20201124,000000,3.71731,3.71731,3.71731,3.71731,247.49068945196103,0
DIG,D,20201125,000000,3.79812,3.79812,3.73347,3.73347,3968.5132053622133,0
DIG,D,20201126,000000,3.94359,3.94359,3.75772,3.75772,167.05621538007398,0
DIG,D,20201127,000000,3.94359,3.94359,3.75772,3.79812,18.56180170889735,0
DIG,D,20201130,000000,3.87894,3.87894,3.87894,3.87894,1009.7620129640123,0
DIG,D,20201201,000000,3.87894,3.87894,3.7658,3.7658,1971.2633414848726,0
DIG,D,20201202,000000,3.75772,3.7658,3.7254,3.7658,3420.3213282260867,0
DIG,D,20201203,000000,3.93551,3.93551,3.75772,3.90319,18.56180170889735,0
DIG,D,20201204,000000,3.90319,3.93551,3.74964,3.93551,5121.819818208433,0
DIG,D,20201207,000000,3.93551,3.93551,3.75772,3.75772,388.56038243957784,0
DIG,D,20201208,000000,3.93551,3.93551,3.71731,3.83046,4411.521539481265,0
DIG,D,20201209,000000,3.73347,3.83046,3.7254,3.73347,15575.826540659236,0
DIG,D,20201210,000000,3.75772,3.75772,3.74156,3.75772,706.5859183853527,0
DIG,D,20201211,000000,3.87894,3.93551,3.73347,3.88702,1239.928354154375,0
DIG,D,20201214,000000,3.88702,3.88702,3.73347,3.73347,636.0510718915497,0
DIG,D,20201215,000000,3.7254,4.05671,3.7254,3.93551,6876.528806422812,0
DIG,D,20201216,000000,3.93551,3.93551,3.93551,3.93551,24.7490689451961,0
DIG,D,20201217,000000,3.77388,3.87894,3.77388,3.77388,2383.3353394224246,0
DIG,D,20201218,000000,3.87894,3.94359,3.7658,3.7658,2357.3488170299565,0
DIG,D,20201221,000000,3.97591,3.97591,3.97591,3.97591,6.187267236299079,0
DIG,D,20201222,000000,3.95975,3.95975,3.67691,3.79812,12987.073928992018,0
DIG,D,20201223,000000,3.95975,3.95975,3.74964,3.92743,3904.165626104699,0
DIG,D,20201228,000000,3.75772,3.92743,3.75772,3.92743,2052.935269003996,0
DIG,D,20201229,000000,3.95975,3.95975,3.67691,3.83853,10142.168453741511,0
DIG,D,20201230,000000,3.87894,3.87894,3.65267,3.68499,5597.001941956188,0
DIG,D,20210104,000000,3.68499,3.83046,3.68499,3.75772,2055.4101758985116,0
DIG,D,20210105,000000,3.83046,3.83046,3.75772,3.75772,1095.1463008249414,0
DIG,D,20210107,000000,3.75772,3.83046,3.75772,3.79812,3304.000704183745,0
DIG,D,20210108,000000,3.83853,3.84661,3.7658,3.84661,1520.8302866822748,0
DIG,D,20210111,000000,3.84661,3.84661,3.7658,3.77388,1858.6550777842501,0
DIG,D,20210112,000000,3.87894,3.87894,3.77388,3.87894,1303.038479964577,0
DIG,D,20210113,000000,3.87894,3.87894,3.71731,3.87894,648.4256063641494,0
DIG,D,20210114,000000,3.87894,3.97591,3.7254,3.97591,3942.5266829697453,0
DIG,D,20210115,000000,3.95975,4.07288,3.91126,4.00014,4576.102847966823,0
DIG,D,20210118,000000,3.94359,4.44461,3.94359,4.44461,15742.882756039851,0
DIG,D,20210119,000000,4.47694,4.68704,4.2345,4.52542,12077.545645255635,0
DIG,D,20210120,000000,4.52542,4.75169,4.33147,4.60624,6542.416375662665,0
DIG,D,20210121,000000,4.68704,4.68704,4.3638,4.57391,3691.3236331760327,0
DIG,D,20210122,000000,4.39612,4.57391,4.39612,4.57391,44.548324101353415,0
DIG,D,20210125,000000,4.59007,4.81634,4.44461,4.81634,9882.30322981694,0
DIG,D,20210126,000000,4.83251,5.49516,4.83251,5.12343,15115.493858278685,0
DIG,D,20210127,000000,5.12343,5.20424,5.02645,5.13959,15594.388342367833,0
DIG,D,20210128,000000,5.25272,5.49516,4.92948,5.09111,10425.545293163927,0
DIG,D,20210129,000000,5.46284,5.46284,5.09111,5.23657,8189.466913965452,0
DIG,D,20210201,000000,5.25272,5.30121,5.15576,5.23657,3289.1512628165433,0
DIG,D,20210202,000000,5.26889,5.479,5.10726,5.30121,14007.973022981058,0
DIG,D,20210203,000000,5.31737,5.31737,4.80018,5.09111,5870.479153800541,0
DIG,D,20210204,000000,5.09111,5.09111,4.71937,4.94564,11577.614452563268,0
DIG,D,20210205,000000,4.9618,5.01029,4.94564,5.01029,1423.0714643487463,0
DIG,D,20210208,000000,5.01029,5.51133,5.01029,5.51133,41417.566879786296,0
DIG,D,20210209,000000,5.51133,6.46489,5.44668,6.14164,36247.48637713465,0
DIG,D,20210210,000000,6.40024,6.86894,5.93153,6.46489,49623.120688566385,0
DIG,D,20210211,000000,6.69116,6.75581,6.33559,6.52954,37895.77436888486,0
DIG,D,20210212,000000,6.48106,6.48106,5.83456,6.36792,15005.360501472253,0
DIG,D,20210215,000000,6.36792,6.36792,5.73759,5.8184,4405.3342722449215,0
DIG,D,20210216,000000,5.8184,6.09316,5.8184,5.88306,2733.534664996978,0
DIG,D,20210217,000000,5.8184,5.8184,5.62445,5.62445,8725.284256629,0
DIG,D,20210218,000000,5.65677,5.88306,5.62445,5.86689,3534.167045374021,0
DIG,D,20210219,000000,6.06084,6.06084,5.73759,5.99618,5219.578640541963,0
DIG,D,20210222,000000,5.99618,5.99618,5.73759,5.73759,1296.851212728342,0
DIG,D,20210223,000000,5.94769,5.94769,5.43051,5.76991,10215.178207129777,0
DIG,D,20210224,000000,5.76991,5.76991,5.65677,5.65677,1689.123955509661,0
DIG,D,20210225,000000,5.76991,5.76991,5.65677,5.65677,508.59336682377955,0
DIG,D,20210226,000000,5.76991,5.76991,5.41435,5.46284,6956.963280494732,0
DIG,D,20210301,000000,5.34969,5.57597,5.26889,5.57597,4253.127498231941,0
DIG,D,20210302,000000,5.10726,6.30327,5.10726,6.30327,72872.3960556832,0
DIG,D,20210303,000000,6.44873,6.70733,6.22245,6.61035,31870.613534176395,0
DIG,D,20210304,000000,6.61035,6.61035,6.22245,6.46489,5846.967538302589,0
DIG,D,20210305,000000,6.46489,7.0629,6.46489,6.99825,29544.201053328477,0
DIG,D,20210308,000000,7.09522,7.67706,7.09522,7.35381,21254.50041013444,0
DIG,D,20210309,000000,7.41846,7.59624,7.19219,7.59624,18640.998729522067,0
DIG,D,20210310,000000,7.64473,7.64473,7.19219,7.19219,10697.785051561075,0
DIG,D,20210311,000000,7.59624,7.67706,7.12755,7.12755,8939.36370300487,0
DIG,D,20210312,000000,7.15987,7.36997,7.11138,7.11138,2692.698701237308,0
DIG,D,20210315,000000,7.11138,7.19219,7.03058,7.03058,4975.800311431689,0
DIG,D,20210316,000000,6.98208,7.51543,6.86894,7.33764,3410.4217006480244,0
DIG,D,20210317,000000,7.32149,7.32149,6.70733,7.09522,6343.186370653779,0
DIG,D,20210318,000000,7.09522,7.25683,6.93359,7.17602,3974.7004725985566,0
DIG,D,20210319,000000,7.15987,7.15987,6.93359,7.14371,1750.9966278726592,0
DIG,D,20210322,000000,7.11138,7.11138,6.83663,7.03058,1262.2025162050154,0
DIG,D,20210323,000000,7.03058,7.03058,6.62651,6.99825,4296.438368886126,0
DIG,D,20210324,000000,6.98208,6.98208,6.70733,6.93359,3181.492812904952,0
DIG,D,20210325,000000,6.85278,6.90127,6.23862,6.83663,18580.36351060594,0
DIG,D,20210326,000000,6.51338,6.94976,6.49722,6.77198,15977.998911018292,0
DIG,D,20210329,000000,6.70733,7.11138,6.5457,6.86894,9890.96540394769,0
DIG,D,20210330,000000,6.94976,7.273,6.62651,7.19219,2877.0792648790994,0
DIG,D,20210331,000000,7.17602,7.17602,6.75581,6.94976,6263.989350029171,0
DIG,D,20210401,000000,6.72349,6.8043,6.46489,6.8043,3352.2613886268537,0
DIG,D,20210406,000000,6.78814,6.8043,6.5457,6.77198,2693.9361546846203,0
DIG,D,20210407,000000,6.77198,7.25683,6.77198,7.25683,8232.77778461953,0
DIG,D,20210408,000000,7.273,7.273,6.77198,6.77198,3878.1791037122316,0
DIG,D,20210409,000000,6.77198,6.94976,6.675,6.675,2045.5105483204488,0
DIG,D,20210412,000000,7.15987,7.15987,6.48106,6.78814,2086.3465120800106,0
DIG,D,20210413,000000,6.77198,6.77198,6.52954,6.77198,223.97907395403033,0
DIG,D,20210414,000000,6.77198,6.77198,6.49722,6.72349,1015.949280200312,0
DIG,D,20210415,000000,6.73965,6.73965,6.46489,6.70733,2239.7907395403026,0
DIG,D,20210416,000000,6.62651,6.62651,6.46489,6.62651,3341.1243076014794,0
DIG,D,20210419,000000,6.70733,6.75581,6.07699,6.22245,12775.469389510337,0
DIG,D,20210420,000000,6.69116,6.69116,6.30327,6.33559,2713.735409840745,0
DIG,D,20210421,000000,6.65884,6.65884,6.22245,6.22245,1434.2085453741204,0
DIG,D,20210422,000000,6.12549,6.30327,6.07699,6.30327,4180.1177448436765,0
DIG,D,20210423,000000,6.31942,6.31942,5.49516,5.76991,11931.526138479327,0
DIG,D,20210426,000000,5.94769,5.94769,5.479,5.54365,3728.4472365938755,0
DIG,D,20210427,000000,5.51133,5.59212,5.49516,5.49516,3748.2464917499997,0
DIG,D,20210428,000000,5.479,6.15781,5.01029,6.15781,25012.646529462716,0
DIG,D,20210429,000000,6.17397,6.17397,5.55981,5.91537,29419.218255155385,0
DIG,D,20210430,000000,6.07699,6.07699,5.62445,6.06084,1621.0640159103193,0
DIG,D,20210504,000000,6.02851,6.02851,5.57597,5.60828,11338.78593724181,0
DIG,D,20210505,000000,5.49516,5.55981,5.12343,5.18808,18259.86306776623,0
DIG,D,20210506,000000,5.12343,5.23657,4.97797,5.20424,13661.486057748873,0
DIG,D,20210507,000000,5.23657,5.23657,4.71937,4.92948,23627.936121979124,0
DIG,D,20210510,000000,4.99412,5.22041,4.92948,5.22041,2669.187085739464,0
DIG,D,20210511,000000,5.20424,5.20424,4.81634,4.99412,2388.2851532114555,0
DIG,D,20210512,000000,5.13959,5.13959,4.73553,4.88099,1846.2805433116723,0
DIG,D,20210513,000000,4.89716,5.01029,4.73553,5.01029,6898.802968473453,0
DIG,D,20210514,000000,5.07494,5.07494,4.7032,4.78402,9779.59459369438,0
DIG,D,20210517,000000,4.80018,4.80018,4.68704,4.68704,5658.874614319186,0
DIG,D,20210518,000000,4.78402,4.99412,4.62239,4.99412,669.4623149675645,0
DIG,D,20210519,000000,4.89716,4.89716,4.60624,4.76786,2661.7623650559176,0
DIG,D,20210520,000000,4.78402,4.78402,4.78402,4.78402,4.949813789039221,0
DIG,D,20210521,000000,4.80018,4.80018,4.65472,4.80018,2742.1968391277283,0
DIG,D,20210524,000000,4.80018,4.80018,4.44461,4.59007,15817.12996287532,0
DIG,D,20210525,000000,4.55775,4.55775,4.39612,4.50926,1157.0189731879398,0
DIG,D,20210526,000000,4.50926,4.68704,4.3638,4.44461,8376.32238450165,0
DIG,D,20210527,000000,4.28299,4.44461,4.25067,4.29915,7076.9962648789015,0
DIG,D,20210528,000000,4.25067,4.47694,4.2345,4.41228,57306.469142602466,0
DIG,D,20210531,000000,4.47694,5.39819,4.47694,5.31737,39638.108822626455,0
DIG,D,20210601,000000,5.46284,5.46284,4.75169,4.76786,31375.632155272186,0
DIG,D,20210602,000000,4.89716,4.89716,4.47694,4.88099,6860.441911608406,0
DIG,D,20210604,000000,4.84867,4.84867,4.52542,4.73553,4561.253406599729,0
DIG,D,20210607,000000,4.94564,4.94564,4.47694,4.60624,16299.736807306404,0
DIG,D,20210608,000000,4.60624,4.62239,4.60624,4.60624,866.217413081869,0
DIG,D,20210609,000000,4.80018,4.80018,4.59007,4.60624,4857.004780494831,0
DIG,D,20210610,000000,4.78402,4.78402,4.50926,4.76786,822.9065424277809,0
DIG,D,20210611,000000,4.78402,4.83251,4.68704,4.78402,1479.9943229227133,0
DIG,D,20210614,000000,4.83251,4.83251,4.60624,4.78402,164.58130848555837,0
DIG,D,20210615,000000,4.83251,4.83251,4.60624,4.76786,1572.8033314672107,0
DIG,D,20210616,000000,4.76786,4.76786,4.71937,4.73553,1729.9599192692226,0
DIG,D,20210617,000000,4.76786,4.76786,4.59007,4.59007,3341.1243076014794,0
DIG,D,20210618,000000,4.75169,4.75169,4.44461,4.52542,5199.779385385729,0
DIG,D,20210621,000000,4.52542,4.60624,4.28299,4.28299,2901.828333824256,0
DIG,D,20210622,000000,4.60624,4.71937,4.60624,4.60624,2903.0657872715674,0
DIG,D,20210623,000000,4.62239,4.75169,4.46077,4.75169,3042.898026811861,0
DIG,D,20210624,000000,4.75169,4.75169,4.31531,4.60624,12610.888081024346,0
DIG,D,20210625,000000,4.52542,4.67088,4.20217,4.44461,11352.397925161158,0
DIG,D,20210628,000000,4.65472,5.05877,4.65472,4.83251,8805.718730700812,0
DIG,D,20210629,000000,4.83251,4.83251,4.60624,4.81634,7528.6667731287025,0
DIG,D,20210630,000000,4.81634,4.81634,4.68704,4.80018,1008.5245595167545,0
DIG,D,20210701,000000,4.80018,4.80018,4.62239,4.75169,1632.2010969356934,0
DIG,D,20210702,000000,4.75169,4.92948,4.68704,4.92948,2247.2154602238497,0
DIG,D,20210705,000000,4.92948,4.92948,4.92948,4.92948,1113.7081025338628,0
DIG,D,20210706,000000,4.9618,4.9618,4.71937,4.92948,5545.028897171252,0
DIG,D,20210707,000000,4.92948,4.92948,4.89716,4.89716,334.11243076014796,0
DIG,D,20210708,000000,4.84867,4.89716,4.84867,4.89716,3774.2330141424677,0
DIG,D,20210709,000000,4.84867,4.91333,4.84867,4.91333,144.78205332940104,0
DIG,D,20210712,000000,4.92948,4.92948,4.7032,4.91333,1264.6774230995309,0
DIG,D,20210713,000000,4.91333,4.91333,4.91333,4.91333,2.4749068945196107,0
DIG,D,20210714,000000,4.91333,4.91333,4.68704,4.84867,4956.001056275564,0
DIG,D,20210715,000000,4.89716,4.91333,4.68704,4.84867,4607.039184148322,0
DIG,D,20210716,000000,4.84867,4.84867,4.62239,4.83251,2474.9068945196104,0
DIG,D,20210719,000000,4.97797,4.97797,4.67088,4.67088,68.05993959928956,0
DIG,D,20210720,000000,4.67088,4.67088,4.44461,4.57391,2460.0574531525167,0
DIG,D,20210721,000000,4.57391,4.57391,4.12137,4.25067,12652.961498231869,0
DIG,D,20210722,000000,4.25067,4.3638,3.95167,4.3638,11254.639102827845,0
DIG,D,20210723,000000,4.25067,4.50926,4.25067,4.50926,2182.867880966336,0
DIG,D,20210726,000000,4.54159,4.54159,4.26682,4.4931,902.1035630524103,0
DIG,D,20210727,000000,4.4931,4.4931,4.31531,4.4931,519.7304478491214,0
DIG,D,20210728,000000,4.28299,4.4931,4.28299,4.4931,940.4646199174562,0
DIG,D,20210729,000000,4.4931,4.60624,4.31531,4.60624,3844.767860636217,0
DIG,D,20210730,000000,4.59007,4.59007,4.29915,4.50926,3703.6981676486107,0
DIG,D,20210802,000000,4.47694,4.47694,4.28299,4.39612,2679.0867133175266,0
DIG,D,20210803,000000,4.39612,4.39612,4.28299,4.37995,1337.6871764879036,0
DIG,D,20210804,000000,4.37995,4.37995,4.20217,4.3638,206.65472569238858,0
DIG,D,20210805,000000,4.39612,4.39612,4.3638,4.3638,60.635218915730825,0
DIG,D,20210806,000000,4.39612,4.39612,4.3638,4.3638,1030.7987215674275,0
DIG,D,20210809,000000,4.39612,4.41228,4.39612,4.39612,313.0757221567328,0
DIG,D,20210810,000000,4.39612,4.52542,4.3638,4.52542,3456.207478196617,0
DIG,D,20210811,000000,4.52542,4.52542,4.29915,4.31531,3045.372933706377,0
DIG,D,20210812,000000,4.26682,4.44461,4.26682,4.42845,107.6584499116042,0
DIG,D,20210813,000000,4.42845,4.42845,4.42845,4.42845,311.83826870947496,0
DIG,D,20210816,000000,4.42845,4.54159,4.28299,4.54159,589.0278408956775,0
DIG,D,20210817,000000,4.54159,4.59007,4.39612,4.59007,8555.75313435441,0
DIG,D,20210818,000000,4.57391,4.57391,4.39612,4.57391,1390.8976747200434,0
DIG,D,20210819,000000,4.55775,4.76786,4.52542,4.76786,10484.943058632409,0
DIG,D,20210820,000000,4.57391,4.76786,4.57391,4.76786,8055.821941661392,0
DIG,D,20210823,000000,4.76786,4.76786,4.76786,4.76786,408.3596375957351,0
DIG,D,20210824,000000,4.55775,4.62239,4.47694,4.62239,1520.8302866822748,0
DIG,D,20210825,000000,4.60624,4.76786,4.50926,4.76786,7755.120753977259,0
DIG,D,20210826,000000,4.63855,4.76786,4.60624,4.76786,2227.4162050677255,0
DIG,D,20210827,000000,4.76786,4.86483,4.60624,4.78402,2827.5811269886794,0
DIG,D,20210830,000000,4.78402,4.78402,4.57391,4.63855,4015.5364363581184,0
DIG,D,20210831,000000,4.63855,4.71937,4.55775,4.55775,4829.780804655052,0
DIG,D,20210901,000000,4.55775,4.60624,4.54159,4.60624,3404.23443341179,0
DIG,D,20210902,000000,4.60624,4.60624,4.52542,4.60624,960.2638750736135,0
DIG,D,20210903,000000,4.60624,4.60624,4.60624,4.60624,18.56180170889735,0
DIG,D,20210906,000000,4.60624,4.60624,4.60624,4.60624,12.374534472598594,0
DIG,D,20210907,000000,4.60624,4.60624,4.52542,4.60624,710.2982787271369,0
DIG,D,20210908,000000,4.4931,4.60624,4.44461,4.60624,504.88100648200617,0
DIG,D,20210909,000000,4.46077,4.60624,4.46077,4.60624,217.79180671773048,0
DIG,D,20210910,000000,4.46077,4.67088,4.46077,4.67088,981.3005836770395,0
DIG,D,20210913,000000,4.75169,4.75169,4.42845,4.60624,3489.618721272632,0
DIG,D,20210914,000000,4.44461,4.59007,4.44461,4.59007,626.1514443134656,0
DIG,D,20210915,000000,4.52542,4.60624,4.52542,4.60624,12.374534472598594,0
DIG,D,20210916,000000,4.44461,4.60624,4.44461,4.60624,1090.1964870359102,0
DIG,D,20210917,000000,4.65472,4.65472,4.60624,4.60624,1316.650467884467,0
DIG,D,20210920,000000,4.44461,4.67088,4.44461,4.67088,1043.1732560400271,0
DIG,D,20210921,000000,4.46077,4.63855,4.46077,4.63855,2224.941298173101,0
DIG,D,20210922,000000,4.76786,4.76786,4.67088,4.76786,160.86894814377413,0
DIG,D,20210923,000000,4.68704,4.97797,4.68704,4.97797,8712.909722156423,0
DIG,D,20210924,000000,5.01029,5.09111,5.01029,5.01029,1821.531474366408,0
DIG,D,20210927,000000,5.05877,5.05877,4.84867,5.04261,1736.1471865055653,0
DIG,D,20210928,000000,5.05877,5.05877,4.84867,5.01029,2026.948746611528,0
DIG,D,20210929,000000,5.04261,5.25272,5.01029,5.25272,3021.8613182084246,0
DIG,D,20210930,000000,5.33354,5.33354,5.04261,5.22041,2759.521187389446,0
DIG,D,20211001,000000,5.25272,5.65677,5.25272,5.60828,13713.459102533809,0
DIG,D,20211004,000000,5.73759,5.8992,5.65677,5.65677,17183.278568650316,0
DIG,D,20211005,000000,5.64061,5.73759,5.09111,5.65677,17542.14006835562,0
DIG,D,20211006,000000,5.73759,5.73759,5.39819,5.73759,2073.9719776074326,0
DIG,D,20211007,000000,5.73759,5.73759,5.18808,5.65677,2764.4710011784778,0
DIG,D,20211008,000000,5.8992,5.8992,5.49516,5.8184,233.87870153210355,0
DIG,D,20211011,000000,5.98002,5.98002,5.57597,5.8184,389.7978358868465,0
DIG,D,20211012,000000,5.60828,5.88306,5.49516,5.88306,4895.365837359876,0
DIG,D,20211013,000000,5.8184,5.8184,5.36586,5.49516,2860.992370064694,0
DIG,D,20211014,000000,5.49516,5.65677,5.49516,5.65677,1793.0700450794245,0
DIG,D,20211015,000000,5.39819,5.57597,5.38202,5.57597,571.7034926340357,0
DIG,D,20211018,000000,5.73759,5.73759,5.20424,5.57597,779.595671773682,0
DIG,D,20211019,000000,5.57597,5.72142,5.57597,5.72142,4625.600985857243,0
DIG,D,20211020,000000,5.73759,5.78607,5.55981,5.78607,2629.588575427106,0
DIG,D,20211021,000000,5.80224,6.86894,5.31737,5.65677,44377.55552563195,0
DIG,D,20211022,000000,5.44668,5.86689,5.25272,5.67293,10853.704185916102,0
DIG,D,20211025,000000,5.65677,5.73759,5.64061,5.64061,3761.8584796698897,0
DIG,D,20211026,000000,5.64061,5.73759,5.64061,5.64061,4765.433225397537,0
DIG,D,20211027,000000,5.64061,5.6891,5.57597,5.6891,7244.052480258974,0
DIG,D,20211028,000000,5.65677,5.65677,5.65677,5.65677,3867.042022686965,0
DIG,D,20211029,000000,5.80224,5.80224,5.75375,5.75375,43.31087065409344,0
DIG,D,20211102,000000,5.65677,5.65677,5.57597,5.57597,11017.048040953698,0
DIG,D,20211103,000000,5.57597,5.65677,5.25272,5.65677,34224.24999086517,0
DIG,D,20211104,000000,5.65677,5.65677,5.36586,5.59212,851.3679717147537,0
DIG,D,20211105,000000,5.59212,5.59212,5.43051,5.55981,3131.99467501464,0
DIG,D,20211108,000000,5.54365,5.54365,5.25272,5.44668,14304.961850324013,0
DIG,D,20211109,000000,5.54365,5.54365,5.09111,5.41435,15961.91201620432,0
DIG,D,20211110,000000,5.55981,5.85072,5.46284,5.73759,11968.649741896515,0
DIG,D,20211112,000000,5.73759,5.85072,5.67293,5.73759,8401.071453446915,0
DIG,D,20211115,000000,5.73759,5.8184,5.67293,5.8184,3901.6907192101835,0
DIG,D,20211116,000000,5.73759,5.86689,5.6891,5.86689,3339.8868541542756,0
DIG,D,20211117,000000,5.93153,6.01234,5.86689,6.01234,5535.12926959319,0
DIG,D,20211118,000000,6.01234,6.01234,5.8184,5.98002,2929.0523096640354,0
DIG,D,20211119,000000,5.98002,5.98002,5.8184,5.98002,173.24348261637377,0
DIG,D,20211122,000000,5.98002,5.98002,5.91537,5.98002,1077.8219525632996,0
DIG,D,20211123,000000,6.01234,6.01234,5.70526,5.8992,1348.8242575131694,0
DIG,D,20211124,000000,5.75375,5.75375,5.33354,5.6891,6419.90848438398,0
DIG,D,20211125,000000,5.6891,5.70526,5.46284,5.70526,954.0766078373136,0
DIG,D,20211126,000000,5.75375,5.75375,5.60828,5.73759,720.1979063052102,0
DIG,D,20211129,000000,5.73759,5.76991,5.64061,5.76991,1378.5231402474653,0
DIG,D,20211130,000000,5.76991,6.06084,5.76991,5.78607,7585.58963170267,0
DIG,D,20211201,000000,5.76991,5.86689,5.76991,5.86689,2422.933849734674,0
DIG,D,20211202,000000,5.86689,5.8992,5.83456,5.8992,2175.443160282789,0
DIG,D,20211203,000000,5.88306,6.01234,5.86689,6.01234,12964.799766941485,0
DIG,D,20211206,000000,6.06084,6.38408,6.06084,6.35176,6113.020029463504,0
DIG,D,20211207,000000,6.38408,6.38408,6.12549,6.27094,967.688595757182,0
DIG,D,20211208,000000,6.27094,6.27094,6.06084,6.27094,110.13335680612846,0
DIG,D,20211209,000000,6.27094,6.27094,5.94769,6.22245,2549.1541013551864,0
DIG,D,20211210,000000,5.96385,6.02851,5.96385,6.02851,160.86894814377413,0
DIG,D,20211213,000000,6.2063,6.22245,6.2063,6.22245,1119.8953697700974,0
DIG,D,20211214,000000,6.22245,6.22245,6.22245,6.22245,18.56180170889735,0
DIG,D,20211215,000000,6.22245,6.22245,6.17397,6.17397,18.56180170889735,0
DIG,D,20211216,000000,6.22245,6.22245,5.96385,6.15781,92.80900854448674,0
DIG,D,20211217,000000,6.06084,6.06084,5.93153,6.06084,5321.04982321721,0
DIG,D,20211220,000000,6.06084,6.06084,6.06084,6.06084,2481.0941617559533,0
DIG,D,20211221,000000,6.06084,6.06084,5.86689,6.02851,5068.609319976185,0
DIG,D,20211222,000000,6.17397,6.17397,6.17397,6.17397,6.187267236299079,0
DIG,D,20211223,000000,6.07699,6.22245,5.80224,6.17397,4461.019677371685,0
DIG,D,20211227,000000,6.22245,6.22245,5.91537,5.98002,300.70118768413306,0
DIG,D,20211228,000000,5.91537,5.98002,5.65677,5.98002,2697.648515026448,0
DIG,D,20211229,000000,5.98002,5.98002,5.98002,5.98002,1239.928354154375,0
DIG,D,20211230,000000,5.99618,6.19013,5.96385,6.19013,1553.004076311086,0
DIG,D,20220103,000000,6.19013,6.19013,6.17397,6.17397,327.9251635238481,0
DIG,D,20220104,000000,6.22245,6.22245,5.99618,6.22245,813.0069148496968,0
DIG,D,20220105,000000,6.14164,6.22245,6.14164,6.2063,709.0608252798792,0
DIG,D,20220107,000000,6.04467,6.27094,5.98002,6.27094,1163.2062404241744,0
DIG,D,20220110,000000,6.27094,6.27094,5.98002,6.25477,1132.2699042427837,0
DIG,D,20220111,000000,6.25477,6.25477,6.25477,6.25477,30.936336181495943,0
DIG,D,20220112,000000,6.22245,6.22245,5.99618,5.99618,1921.7652035944523,0
DIG,D,20220113,000000,5.99618,5.99618,5.60828,5.8992,5446.032621390411,0
DIG,D,20220114,000000,5.8992,5.99618,5.76991,5.99618,1630.9636434884899,0
DIG,D,20220117,000000,5.99618,6.06084,5.99618,6.01234,5536.366723040393,0
DIG,D,20220118,000000,5.78607,5.98002,5.78607,5.8992,11046.746923688102,0
DIG,D,20220119,000000,5.98002,5.98002,5.8184,5.98002,4651.587508249603,0
DIG,D,20220120,000000,5.98002,6.06084,5.83456,6.02851,1331.4999092515604,0
DIG,D,20220121,000000,6.14164,6.14164,5.80224,6.04467,6578.302525633196,0
DIG,D,20220124,000000,6.14164,6.14164,5.96385,5.98002,19827.716585444407,0
DIG,D,20220125,000000,6.14164,6.17397,6.06084,6.17397,4308.812903358704,0
DIG,D,20220126,000000,6.19013,6.41641,6.14164,6.41641,5301.250568061086,0
DIG,D,20220127,000000,6.43256,6.62651,6.43256,6.62651,5771.4828780198095,0
DIG,D,20220128,000000,6.62651,7.20835,6.62651,7.11138,6669.87408073038,0
DIG,D,20220131,000000,7.25683,7.273,7.15987,7.15987,5287.638580141196,0
DIG,D,20220201,000000,7.17602,7.17602,6.82047,7.01441,2727.347397760635,0
DIG,D,20220202,000000,7.01441,7.20835,7.01441,7.20835,2611.026773718185,0
DIG,D,20220203,000000,7.19219,7.19219,6.93359,7.09522,1248.5905282851252,0
DIG,D,20220204,000000,7.19219,7.19219,6.85278,7.15987,3034.2358526811113,0
DIG,D,20220207,000000,7.15987,7.15987,6.46489,6.93359,3683.898912492486,0
DIG,D,20220208,000000,6.90127,6.93359,6.70733,6.93359,841.4683441366805,0
DIG,D,20220209,000000,6.93359,6.93359,6.70733,6.93359,38.361056865054664,0
DIG,D,20220210,000000,6.86894,7.11138,6.86894,7.11138,4249.415137890222,0
DIG,D,20220211,000000,7.11138,7.14371,6.98208,7.14371,2023.2363862698087,0
DIG,D,20220214,000000,7.14371,7.15987,6.88511,7.15987,9293.27538892125,0
DIG,D,20220215,000000,7.15987,7.273,7.15987,7.24067,1602.5022142015064,0
DIG,D,20220216,000000,7.24067,7.41846,6.5457,7.33764,11739.720854153553,0
DIG,D,20220217,000000,7.19219,7.273,6.94976,7.273,5342.086531820648,0
DIG,D,20220218,000000,7.35381,7.35381,6.91743,7.35381,1184.2429490276113,0
DIG,D,20220221,000000,7.35381,7.35381,6.78814,7.19219,7417.295962875392,0
DIG,D,20220222,000000,6.78814,6.94976,6.75581,6.94976,4258.077312021081,0
DIG,D,20220223,000000,7.01441,7.19219,7.01441,7.19219,1862.3674381260778,0
DIG,D,20220224,000000,6.86894,6.86894,5.65677,6.41641,3801.4569899821395,0
DIG,D,20220225,000000,6.04467,6.30327,6.04467,6.30327,538.2922495580209,0
DIG,D,20220228,000000,6.04467,6.30327,6.04467,6.30327,2728.584851207947,0
DIG,D,20220301,000000,6.40024,6.40024,6.01234,6.12549,5754.158529758199,0
DIG,D,20220302,000000,6.12549,6.12549,5.80224,5.8184,3249.552752504294,0
DIG,D,20220303,000000,5.86689,6.06084,5.78607,6.06084,1703.9733968767544,0
DIG,D,20220304,000000,6.07699,6.46489,6.07699,6.12549,4639.212973777025,0
DIG,D,20220307,000000,6.62651,6.62651,5.83456,5.83456,638.5259787860653,0
DIG,D,20220308,000000,5.83456,6.33559,5.83456,6.33559,6627.800663523615,0
DIG,D,20220309,000000,6.61035,6.86894,6.59419,6.86894,5635.362998821233,0
DIG,D,20220310,000000,6.86894,7.273,6.86894,7.2245,551.9042374778784,0
DIG,D,20220311,000000,7.35381,7.35381,6.94976,7.273,1991.0625966409975,0
DIG,D,20220314,000000,7.11138,7.54775,7.11138,7.46695,8595.35164466666,0
DIG,D,20220315,000000,7.46695,7.82251,7.46695,7.82251,9241.302344136315,0
DIG,D,20220316,000000,7.82251,7.82251,7.59624,7.74171,1310.4632006481238,0
DIG,D,20220317,000000,7.67706,7.75787,7.59624,7.75787,587.7903874484088,0
DIG,D,20220318,000000,7.80635,7.80635,7.40229,7.62857,204.17981879787297,0
DIG,D,20220321,000000,7.43462,8.01646,7.36997,7.75787,3983.362646729307,0
DIG,D,20220322,000000,8.0003,8.0003,7.51543,7.83867,211.60453948143063,0
DIG,D,20220323,000000,7.83867,7.83867,7.51543,7.75787,538.2922495580209,0
DIG,D,20220324,000000,7.83867,8.60639,7.67706,8.60639,42839.400890687095,0
DIG,D,20220325,000000,8.56598,11.0711,8.48516,10.5458,43888.761413964305,0
DIG,D,20220328,000000,10.5458,10.7075,9.89934,10.5055,9124.981720093867,0
DIG,D,20220329,000000,10.5055,11.3135,9.77809,11.1519,33643.884324099694,0
DIG,D,20220330,000000,10.9095,11.96,10.5055,11.1519,10317.886843252334,0
DIG,D,20220331,000000,11.8389,11.8389,10.7075,10.9095,4953.526149381048,0
DIG,D,20220401,000000,10.7479,11.1519,10.3034,10.5863,3571.2906487918635,0
DIG,D,20220404,000000,10.667,11.1116,10.667,10.7075,214.07944637594625,0
DIG,D,20220405,000000,10.9903,10.9903,9.81854,9.81854,5744.258902180029,0
DIG,D,20220406,000000,10.0205,10.9903,9.77809,10.5055,7303.4502457274575,0
DIG,D,20220407,000000,10.9903,11.1519,10.5863,10.5863,2848.6178355921165,0
DIG,D,20220408,000000,10.5055,10.9903,10.5055,10.9095,3515.6052436651,0
DIG,D,20220411,000000,10.5863,11.2732,10.1417,10.8691,4734.496889216039,0
DIG,D,20220412,000000,10.3843,11.0711,10.3843,10.667,35991.333513551916,0
DIG,D,20220413,000000,11.1519,11.1923,10.667,11.1116,1183.0054955804076,0
DIG,D,20220414,000000,11.0711,11.0711,10.667,10.8287,37.1236034177947,0
DIG,D,20220419,000000,10.5055,10.8287,10.1014,10.8287,1432.9710919269169,0
DIG,D,20220420,000000,10.8287,10.9095,10.5055,10.5055,2202.6671361224608,0
DIG,D,20220421,000000,10.8691,10.8691,10.3843,10.8287,1991.0625966409975,0
DIG,D,20220422,000000,10.8287,10.8287,10.263,10.667,1973.7382483793886,0
DIG,D,20220425,000000,10.8287,10.8287,10.263,10.263,892.203935474326,0
DIG,D,20220426,000000,10.8287,11.7983,10.263,11.3135,3958.613577784151,0
DIG,D,20220427,000000,11.7983,12.0409,10.6267,11.6368,11460.056375072967,0
DIG,D,20220428,000000,11.6368,11.7983,10.5458,11.6772,8642.374875662566,0
DIG,D,20220429,000000,11.7175,12.0813,11.1519,11.6772,4024.198610488977,0
DIG,D,20220502,000000,11.1519,11.1519,10.8691,10.9903,2773.133175309228,0
DIG,D,20220504,000000,10.9499,11.0711,10.5055,10.5055,2598.652239245607,0
DIG,D,20220505,000000,10.5863,10.667,10.5863,10.667,511.06827371830593,0
DIG,D,20220506,000000,10.667,10.667,9.6973,10.2226,3827.4435123746075,0
DIG,D,20220509,000000,10.3034,10.7479,10.3034,10.5458,1345.1118971714504,0
DIG,D,20220510,000000,10.5863,10.5863,9.77809,9.85899,1195.3800300529858,0
DIG,D,20220511,000000,9.77809,9.77809,9.6973,9.6973,1509.6932056570085,0
DIG,D,20220512,000000,9.61646,9.6973,9.4953,9.6973,2248.4529136710535,0
DIG,D,20220513,000000,9.53572,9.6973,8.76799,9.45488,11305.374694165468,0
DIG,D,20220516,000000,9.2529,9.2529,7.70938,8.76799,16531.140601943993,0
DIG,D,20220517,000000,8.97002,9.0104,8.76799,8.76799,954.0766078373136,0
DIG,D,20220518,000000,8.76799,8.8892,8.60639,8.8892,795.6825665880659,0
DIG,D,20220519,000000,8.97002,8.97002,8.60639,8.84882,68.05993959928956,0
DIG,D,20220520,000000,8.84882,8.84882,8.60639,8.80845,934.2773526811671,0
DIG,D,20220523,000000,8.84882,8.8892,8.20233,8.68717,2968.650819976285,0
DIG,D,20220524,000000,8.84882,8.84882,8.40437,8.44476,1253.5403420741566,0
DIG,D,20220525,000000,8.80845,8.80845,8.80845,8.80845,6.187267236299079,0
DIG,D,20220526,000000,8.80845,8.80845,8.44476,8.76799,2650.625284030543,0
DIG,D,20220527,000000,8.80845,9.61646,8.52557,9.61646,7520.004598997953,0
DIG,D,20220530,000000,9.65697,9.65697,8.76799,9.33374,1562.9037038891486,0
DIG,D,20220531,000000,9.6973,9.6973,8.84882,8.84882,2534.3046599880927,0
DIG,D,20220601,000000,9.13169,9.98023,9.05086,9.4953,19664.37273040573,0
DIG,D,20220602,000000,9.61646,9.6973,9.33374,9.6973,618.726723629908,0
DIG,D,20220603,000000,9.89934,9.89934,9.61646,9.61646,124.98279817324374,0
DIG,D,20220606,000000,9.61646,9.89934,9.41447,9.89934,2021.9989328224967,0
DIG,D,20220607,000000,9.89934,10.263,9.89934,10.263,2054.172722451308,0
DIG,D,20220608,000000,10.3843,10.3843,9.6973,10.1014,3938.8143226280267,0
DIG,D,20220609,000000,10.3843,10.3843,9.6973,9.6973,7.424720683558939,0
DIG,D,20220610,000000,9.6973,9.6973,9.37406,9.37406,878.5919475544686,0
DIG,D,20220613,000000,9.2529,9.2529,8.48516,8.80845,4260.552218915596,0
DIG,D,20220614,000000,8.8892,8.8892,8.6468,8.6468,409.59709104300373,0
DIG,D,20220615,000000,9.21243,9.21243,9.21243,9.21243,2.4749068945196107,0
DIG,D,20220617,000000,9.21243,9.21243,9.05086,9.05086,3.7123603417794695,0
DIG,D,20220620,000000,9.05086,9.05086,9.05086,9.05086,18.56180170889735,0
DIG,D,20220621,000000,9.21243,9.21243,9.05086,9.05086,134.88242575131696,0
DIG,D,20220622,000000,9.21243,9.21243,8.52557,8.92965,248.72814289921882,0
DIG,D,20220623,000000,9.21243,9.21243,8.52557,8.52557,3.7123603417794695,0
DIG,D,20220624,000000,8.48516,8.92965,8.48516,8.60639,248.72814289921882,0
DIG,D,20220627,000000,9.21243,9.21243,8.52557,8.56598,1259.7276093105,0
DIG,D,20220628,000000,8.56598,8.8892,8.56598,8.8892,2242.2656464348183,0
DIG,D,20220629,000000,9.21243,9.21243,9.21243,9.21243,6.187267236299079,0
DIG,D,20220630,000000,9.21243,9.21243,8.8892,9.13169,69.29739304654952,0
DIG,D,20220701,000000,9.21243,9.21243,8.8892,9.05086,638.5259787860653,0
DIG,D,20220704,000000,9.05086,9.05086,8.8892,8.8892,363.8113134943893,0
DIG,D,20220705,000000,8.8892,8.8892,8.52557,8.52557,389.7978358868465,0
DIG,D,20220706,000000,8.8892,8.8892,8.8892,8.8892,1126.0826370064406,0
DIG,D,20220707,000000,9.05086,9.05086,8.8892,9.05086,2925.339949322208,0
DIG,D,20220708,000000,9.21243,9.21243,8.76799,9.17206,1900.7284949911239,0
DIG,D,20220711,000000,9.21243,9.21243,8.8892,9.17206,2010.8618517972307,0
DIG,D,20220712,000000,8.76799,8.8892,8.48516,8.8892,2332.599748084801,0
DIG,D,20220713,000000,8.8892,8.8892,8.48516,8.8892,7232.9153992336005,0
DIG,D,20220714,000000,9.17206,9.17206,8.6468,8.84882,11957.512660871793,0
DIG,D,20220715,000000,9.17206,9.17206,8.60639,8.8892,1888.3539605184376,0
DIG,D,20220718,000000,8.8892,9.0104,8.8892,9.0104,5197.304478491214,0
DIG,D,20220719,000000,9.21243,9.21243,8.48516,8.8892,3728.4472365938755,0
DIG,D,20220720,000000,9.21243,9.53572,8.8892,8.8892,1794.3074985267363,0
DIG,D,20220721,000000,9.09123,10.1014,8.8892,10.1014,9043.309792574742,0
DIG,D,20220722,000000,10.1014,10.1014,9.85899,10.061,13324.898720094101,0
DIG,D,20220725,000000,10.3438,10.3438,9.73774,9.73774,410.8345444902616,0
DIG,D,20220726,000000,9.73774,10.4246,9.65697,10.1014,2562.766089275077,0
DIG,D,20220727,000000,10.4246,10.5055,10.1014,10.1014,128.69515851501714,0
DIG,D,20220728,000000,10.5055,10.5055,9.89934,9.89934,851.3679717147537,0
DIG,D,20220729,000000,10.5055,10.5055,9.61646,10.1822,3078.784176782392,0
DIG,D,20220801,000000,10.5055,10.5055,9.53572,10.3034,3174.068092221405,0
DIG,D,20220802,000000,10.5055,10.5055,9.85899,10.263,195.51764466704674,0
DIG,D,20220803,000000,10.4246,10.4246,9.93969,10.1014,259.8652239245607,0
DIG,D,20220804,000000,10.3843,10.3843,10.3034,10.3034,699.1611977017951,0
DIG,D,20220805,000000,10.3843,10.3843,9.81854,9.81854,253.67795668826085,0
DIG,D,20220808,000000,9.85899,9.85899,9.85899,9.85899,12.374534472598594,0
DIG,D,20220809,000000,10.2226,10.2226,9.81854,9.81854,194.28019121978892,0
DIG,D,20220810,000000,10.2226,10.2226,9.81854,10.1822,38.361056865054664,0
DIG,D,20220811,000000,10.2226,10.2226,9.53572,9.85899,2340.024468768347,0
DIG,D,20220812,000000,10.1014,10.1014,9.6973,9.6973,39.59851031231463,0
DIG,D,20220816,000000,9.61646,9.6973,9.61646,9.6973,118.79553093694389,0
DIG,D,20220817,000000,10.0205,10.0205,9.61646,9.61646,991.2002112551127,0
DIG,D,20220818,000000,9.6973,9.6973,9.6973,9.6973,12.374534472598594,0
DIG,D,20220819,000000,9.6973,9.6973,9.0104,9.0104,3772.9955606951557,0
DIG,D,20220822,000000,9.0104,9.0104,8.8892,8.8892,1257.252702415984,0
DIG,D,20220823,000000,9.6973,9.6973,8.8892,8.8892,1487.41904360626,0
DIG,D,20220824,000000,8.92965,8.97002,8.56598,8.97002,464.0450427224337,0
DIG,D,20220825,000000,8.92965,8.92965,8.56598,8.8892,111.37081025338625,0
DIG,D,20220826,000000,8.8892,8.8892,8.60639,8.8892,237.59106187388778,0
DIG,D,20220829,000000,8.8892,8.8892,8.8892,8.8892,1674.274514142567,0
DIG,D,20220830,000000,8.97002,9.6973,8.8892,8.8892,4722.122354743459,0
DIG,D,20220831,000000,9.09123,9.13169,8.72762,8.72762,749.8967890394516,0
DIG,D,20220902,000000,9.09123,9.09123,8.72762,8.72762,1309.22574720092,0
DIG,D,20220905,000000,8.8892,8.8892,8.8892,8.8892,2.4749068945196107,0
DIG,D,20220906,000000,8.8892,8.8892,8.8892,8.8892,2.4749068945196107,0
DIG,D,20220907,000000,8.8892,9.13169,8.8892,9.13169,1233.7410869180317,0
DIG,D,20220908,000000,9.57614,9.57614,9.13169,9.13169,14.849441367117445,0
DIG,D,20220909,000000,9.57614,9.57614,8.8892,8.8892,668.2248615203067,0
DIG,D,20220912,000000,9.57614,9.57614,8.12152,8.80845,2440.258197996392,0
DIG,D,20220913,000000,8.80845,8.80845,8.40437,8.76799,1899.4910415438117,0
DIG,D,20220914,000000,8.80845,8.80845,8.80845,8.80845,2.4749068945196107,0
DIG,D,20220915,000000,8.80845,8.80845,8.80845,8.80845,2.4749068945196107,0
DIG,D,20220916,000000,8.80845,8.80845,8.80845,8.80845,1.2374534472598593,0
DIG,D,20220919,000000,8.80845,8.80845,8.44476,8.44476,3.7123603417794695,0
DIG,D,20220920,000000,8.72762,8.72762,8.72762,8.72762,2.4749068945196107,0
DIG,D,20220921,000000,8.72762,8.72762,8.36396,8.36396,2577.6155306421706,0
DIG,D,20220922,000000,8.72762,8.72762,8.32355,8.56598,1061.7350577489267,0
DIG,D,20220923,000000,8.72762,8.72762,8.56598,8.56598,7.424720683558939,0
DIG,D,20220926,000000,8.72762,8.72762,7.7902,8.12152,3310.1879714199804,0
DIG,D,20220927,000000,8.72762,8.72762,8.08112,8.56598,2290.526330877927,0
DIG,D,20220928,000000,8.72762,8.72762,8.48516,8.48516,3.7123603417794695,0
DIG,D,20220929,000000,8.72762,8.72762,8.48516,8.48516,3.7123603417794695,0
DIG,D,20220930,000000,8.72762,8.72762,8.08112,8.48516,1228.7912731290005,0
DIG,D,20221003,000000,8.08112,8.08112,7.83867,8.08112,1368.6235126694028,0
DIG,D,20221004,000000,8.72762,8.72762,7.91949,8.08112,1653.2378055391302,0
DIG,D,20221005,000000,8.72762,8.72762,8.12152,8.12152,1481.2317763700253,0
DIG,D,20221006,000000,8.80845,8.80845,7.77403,8.06495,1837.6183691808137,0
DIG,D,20221007,000000,7.75787,8.40437,7.273,7.80635,3015.6740509721903,0
DIG,D,20221010,000000,7.58007,8.08112,7.35381,8.08112,2865.9421838537255,0
DIG,D,20221011,000000,8.08112,8.08112,7.45079,7.80635,516.018087507348,0
DIG,D,20221012,000000,7.91949,7.91949,7.48311,7.54775,397.2225565704041,0
DIG,D,20221013,000000,7.54775,7.80635,7.46695,7.80635,853.8428786092693,0
DIG,D,20221014,000000,7.91949,7.91949,7.80635,7.80635,118.79553093694389,0
DIG,D,20221017,000000,7.72554,7.72554,7.48311,7.66089,1164.4436938714866,0
DIG,D,20221018,000000,7.7902,7.7902,7.46695,7.67706,353.91168591630526,0
DIG,D,20221019,000000,7.67706,7.67706,7.45079,7.67706,455.3828685916074,0
DIG,D,20221020,000000,7.91949,7.91949,7.80635,7.80635,1107.5208352975194,0
DIG,D,20221021,000000,7.80635,7.80635,7.80635,7.80635,6.187267236299079,0
DIG,D,20221024,000000,7.80635,7.80635,7.35381,7.35381,2487.281428992188,0
DIG,D,20221025,000000,7.36997,7.43462,7.33764,7.43462,2127.1824758395724,0
DIG,D,20221026,000000,7.36997,7.67706,7.35381,7.67706,393.51019622861986,0
DIG,D,20221027,000000,7.67706,7.69322,7.67706,7.67706,1105.0459284030037,0
DIG,D,20221028,000000,7.83867,7.91949,7.36997,7.75787,5978.137603712133,0
DIG,D,20221031,000000,7.75787,8.08112,7.59624,8.08112,3672.7618314671117,0
DIG,D,20221102,000000,8.08112,8.08112,7.75787,8.08112,1390.8976747200434,0
DIG,D,20221103,000000,8.56598,8.56598,7.59624,7.83867,1941.5644587506854,0
DIG,D,20221104,000000,8.06495,8.08112,8.06495,8.08112,9231.402716558254,0
DIG,D,20221107,000000,8.44476,8.44476,7.75787,7.75787,1362.4362454330596,0
DIG,D,20221108,000000,8.08112,8.08112,7.69322,7.75787,581.6031202121089,0
DIG,D,20221109,000000,8.08112,8.08112,7.70938,8.04879,283.37683942250226,0
DIG,D,20221110,000000,8.04879,8.04879,7.77403,8.04879,2759.521187389446,0
DIG,D,20221114,000000,7.83867,7.90332,7.77403,7.90332,377.4233014142468,0
DIG,D,20221115,000000,8.08112,8.72762,8.06495,8.56598,8823.04307896253,0
DIG,D,20221116,000000,8.60639,8.60639,8.32355,8.60639,3951.188857100604,0
DIG,D,20221117,000000,8.80845,8.80845,8.80845,8.80845,6.187267236299079,0
DIG,D,20221118,000000,8.76799,9.57614,8.68717,9.13169,2989.6875285797223,0
DIG,D,20221121,000000,9.29322,9.6973,9.29322,9.61646,616.2518167353925,0
DIG,D,20221122,000000,9.61646,9.61646,9.21243,9.57614,2229.8911119622408,0
DIG,D,20221123,000000,9.61646,9.89934,9.53572,9.89934,3874.466743370512,0
DIG,D,20221124,000000,10.0205,10.3438,9.4953,10.263,7265.089188862411,0
DIG,D,20221125,000000,10.263,10.263,10.1822,10.1822,702.8735580435792,0
DIG,D,20221128,000000,10.263,10.263,10.061,10.061,842.7057975839383,0
DIG,D,20221129,000000,10.263,10.3438,10.263,10.3438,743.7095218031517,0
DIG,D,20221130,000000,9.98023,10.3438,9.98023,10.3438,16.086894814377413,0
DIG,D,20221201,000000,10.3843,10.3843,10.3843,10.3843,1.2374534472598593,0
DIG,D,20221202,000000,10.3438,10.3438,10.0205,10.1014,2018.2865724807775,0
DIG,D,20221205,000000,10.1822,10.1822,9.98023,10.0205,2069.0221638184016,0
DIG,D,20221206,000000,10.1822,10.1822,10.1822,10.1822,1.2374534472598593,0
DIG,D,20221207,000000,10.1822,10.1822,10.1822,10.1822,29.698882734235973,0
DIG,D,20221208,000000,10.1822,10.3843,10.0205,10.3843,1253.5403420741566,0
DIG,D,20221209,000000,10.3843,10.3843,10.0205,10.0205,190.5678308780155,0
DIG,D,20221212,000000,10.3843,10.3843,10.3843,10.3843,2.4749068945196107,0
DIG,D,20221213,000000,10.3843,10.3843,10.3843,10.3843,1.2374534472598593,0
DIG,D,20221214,000000,10.1822,10.465,10.1822,10.465,79.19702062462818,0
DIG,D,20221215,000000,10.5055,10.7075,10.4246,10.4246,3562.628474661005,0
DIG,D,20221216,000000,10.7075,10.7075,10.3438,10.7075,841.4683441366805,0
DIG,D,20221219,000000,10.7075,10.7075,10.7075,10.7075,1.2374534472598593,0
DIG,D,20221220,000000,10.5055,10.5055,10.5055,10.5055,1.2374534472598593,0
DIG,D,20221221,000000,10.3438,10.667,10.3438,10.667,24.7490689451961,0
DIG,D,20221222,000000,10.7075,10.7075,10.5055,10.5055,183.1431101944579,0
DIG,D,20221223,000000,10.5055,10.5055,10.5055,10.5055,1.2374534472598593,0
DIG,D,20221227,000000,10.7075,10.7075,10.667,10.667,47.02323099587335,0
DIG,D,20221228,000000,10.7075,10.7075,10.1417,10.6267,1003.5747457277124,0
DIG,D,20221229,000000,10.6267,10.6267,10.6267,10.6267,8.66217413081869,0
DIG,D,20221230,000000,10.7075,10.7075,10.7075,10.7075,1.2374534472598593,0
DIG,D,20230102,000000,10.667,10.667,10.6267,10.6267,310.6008152622172,0
DIG,D,20230103,000000,10.667,10.667,10.1822,10.1822,1129.7949973481598,0
DIG,D,20230104,000000,10.1822,10.263,10.1822,10.263,971.4009560989554,0
DIG,D,20230105,000000,10.263,10.4246,10.263,10.4246,514.7806340600794,0
DIG,D,20230109,000000,10.3438,10.5863,10.3438,10.5863,1744.809360636316,0
DIG,D,20230110,000000,10.667,10.667,10.1822,10.5458,632.3387115497654,0
DIG,D,20230111,000000,10.667,10.667,10.1014,10.5458,1061.7350577489267,0
DIG,D,20230112,000000,10.5458,10.5863,10.1822,10.5863,733.8098942250676,0
DIG,D,20230113,000000,10.7075,10.7075,10.7075,10.7075,6.187267236299079,0
DIG,D,20230116,000000,10.7075,10.7075,10.7075,10.7075,2.4749068945196107,0
DIG,D,20230117,000000,10.7075,10.7075,10.1822,10.5055,137.3573326458434,0
DIG,D,20230118,000000,10.5055,10.5055,10.5055,10.5055,7.424720683558939,0
DIG,D,20230119,000000,10.5863,10.5863,10.3438,10.3438,497.4562857984485,0
DIG,D,20230120,000000,10.3438,10.5863,10.1417,10.5863,3946.239043311573,0
DIG,D,20230123,000000,10.5055,10.5055,10.5055,10.5055,42.07341720683348,0
DIG,D,20230124,000000,10.5055,10.5055,10.5055,10.5055,6.187267236299079,0
DIG,D,20230125,000000,10.5055,10.5055,10.263,10.263,915.7155509722677,0
DIG,D,20230126,000000,10.4246,10.667,10.263,10.667,3510.655429876069,0
DIG,D,20230127,000000,10.7075,10.7075,10.5055,10.5055,2342.499375662863,0
DIG,D,20230130,000000,10.7075,10.7075,10.5055,10.5055,735.0473476723362,0
DIG,D,20230131,000000,10.7075,10.7075,10.5055,10.5055,2518.2177651736874,0
DIG,D,20230201,000000,10.7075,10.7075,10.7075,10.7075,12.374534472598594,0
DIG,D,20230202,000000,10.9903,10.9903,10.5055,10.5055,779.595671773682,0
DIG,D,20230203,000000,10.9903,10.9903,10.5055,10.5055,97.75882233352553,0
DIG,D,20230206,000000,10.5055,10.5055,10.5055,10.5055,6.187267236299079,0
DIG,D,20230207,000000,10.9903,10.9903,10.5055,10.5055,68.05993959928956,0
DIG,D,20230208,000000,10.5055,10.7075,10.5055,10.5055,5504.19293341169,0
DIG,D,20230209,000000,10.9499,10.9903,10.5055,10.5055,4145.469048320349,0
DIG,D,20230210,000000,10.9903,10.9903,10.667,10.667,252.44050324100309,0
DIG,D,20230213,000000,10.667,10.667,10.5055,10.5055,778.3582183264243,0
DIG,D,20230214,000000,10.5055,10.5055,10.5055,10.5055,204.17981879787297,0
DIG,D,20230215,000000,10.5055,10.5055,10.3843,10.3843,768.4585907483511,0
DIG,D,20230216,000000,10.4246,10.4246,10.4246,10.4246,102.70863612256431,0
DIG,D,20230217,000000,10.4246,10.4246,10.4246,10.4246,6.187267236299079,0
DIG,D,20230220,000000,10.4246,10.4246,10.4246,10.4246,6.187267236299079,0
DIG,D,20230221,000000,10.4246,10.9903,10.4246,10.5055,2104.9083137889315,0
DIG,D,20230222,000000,11.0711,11.0711,11.0711,11.0711,6.187267236299079,0
DIG,D,20230223,000000,11.0711,11.0711,10.3438,10.3843,748.6593355921937,0
DIG,D,20230224,000000,10.9903,10.9903,10.667,10.667,139.832239540359,0
DIG,D,20230227,000000,10.667,10.667,10.5055,10.5055,1239.928354154375,0
DIG,D,20230228,000000,10.667,10.667,10.5863,10.5863,1178.0556817913764,0
DIG,D,20230301,000000,10.5863,11.3135,10.3438,10.9903,5172.555409546058,0
DIG,D,20230302,000000,11.3135,11.3135,10.1822,10.7075,26533.47681614521,0
DIG,D,20230303,000000,11.0711,11.0711,10.3843,10.7479,563.0413185032203,0
DIG,D,20230306,000000,10.7075,10.7075,10.3034,10.6267,6345.6612775482945,0
DIG,D,20230307,000000,10.7075,10.7075,10.5055,10.5055,163.34385503830055,0
DIG,D,20230308,000000,10.7075,10.7075,10.7075,10.7075,2.4749068945196107,0
DIG,D,20230309,000000,10.667,10.667,10.667,10.667,621.2016305244235,0
DIG,D,20230310,000000,10.6267,10.6267,10.5055,10.5055,6188.504689746392,0
DIG,D,20230313,000000,10.667,10.667,10.4246,10.5055,2146.9817309958053,0
DIG,D,20230314,000000,10.667,10.667,10.667,10.667,1.2374534472598593,0
DIG,D,20230315,000000,10.667,10.667,10.5863,10.5863,397.2225565704041,0
DIG,D,20230316,000000,10.667,10.667,10.5055,10.5055,3.7123603417794695,0
DIG,D,20230317,000000,10.667,10.667,10.5055,10.5458,825.3814493222966,0
DIG,D,20230320,000000,10.667,10.667,10.5055,10.5055,331.6375238656323,0
DIG,D,20230321,000000,10.5055,10.5055,10.5055,10.5055,272.23975839716036,0
DIG,D,20230322,000000,10.5458,10.5458,10.5458,10.5458,2.4749068945196107,0
DIG,D,20230323,000000,10.6267,10.667,10.5863,10.667,261.1026773718185,0
DIG,D,20230324,000000,10.667,10.667,10.5055,10.5055,619.9641770771658,0
DIG,D,20230327,000000,10.5055,10.5055,10.5055,10.5055,327.9251635238481,0
DIG,D,20230328,000000,10.667,10.7883,10.667,10.7075,1435.4459988214323,0
DIG,D,20230329,000000,11.0711,11.0711,10.7075,10.7075,51.97304478491214,0
DIG,D,20230330,000000,11.0711,11.0711,10.5055,10.5055,19842.56602681107,0
DIG,D,20230331,000000,10.5055,10.5458,10.5055,10.5458,4.949813789039221,0
DIG,D,20230403,000000,11.0711,11.0711,10.667,10.7075,978.825676782513,0
DIG,D,20230404,000000,10.7479,10.8287,10.7075,10.8287,4671.386763405836,0
DIG,D,20230405,000000,11.0711,11.0711,10.4246,10.667,1859.8925312314539,0
DIG,D,20230406,000000,10.667,10.7479,10.667,10.7075,1032.036175014685,0
DIG,D,20230411,000000,10.7075,10.7883,10.7075,10.7883,280.9019325279758,0
DIG,D,20230412,000000,10.7883,10.7883,10.7883,10.7883,6.187267236299079,0
DIG,D,20230413,000000,10.7479,10.7479,10.5055,10.5055,1338.9246299351073,0
DIG,D,20230414,000000,10.7479,10.7479,10.5863,10.5863,2039.3232810842144,0
DIG,D,20230417,000000,10.7883,10.7883,10.6267,10.7883,3349.786481732338,0
DIG,D,20230418,000000,10.9095,10.9095,10.7479,10.8287,2213.804217147835,0
DIG,D,20230419,000000,10.9095,10.9095,10.7075,10.7075,290.80156010605987,0
DIG,D,20230420,000000,10.9095,10.9095,10.7075,10.7075,92.80900854448674,0
DIG,D,20230421,000000,10.9095,10.9095,10.5458,10.5458,7839.267588390898,0
DIG,D,20230424,000000,10.4246,10.8691,10.4246,10.8691,3862.092208897934,0
DIG,D,20230425,000000,10.9095,10.9095,10.667,10.667,253.67795668826085,0
DIG,D,20230426,000000,10.9095,10.9095,10.9095,10.9095,6.187267236299079,0
DIG,D,20230427,000000,10.9095,11.2327,10.7479,11.2327,3775.4704675896714,0
DIG,D,20230428,000000,11.2327,11.6368,10.9095,11.1116,5739.309088390998,0
DIG,D,20230502,000000,11.3135,11.7175,11.0711,11.1519,7460.606833529469,0
DIG,D,20230504,000000,11.4751,11.4751,11.0711,11.0711,1934.1397380671388,0
DIG,D,20230505,000000,11.4751,11.4751,11.4751,11.4751,6.187267236299079,0
DIG,D,20230508,000000,11.4751,11.4751,11.0711,11.3135,688.0241166764531,0
DIG,D,20230509,000000,11.4751,11.4751,11.0307,11.1519,3696.273446965064,0
DIG,D,20230510,000000,11.4348,11.4348,10.9499,11.1519,4077.4091087211164,0
DIG,D,20230511,000000,11.1923,11.1923,11.1923,11.1923,12.374534472598594,0
DIG,D,20230512,000000,11.2327,11.2327,11.2327,11.2327,2.4749068945196107,0
DIG,D,20230515,000000,11.1116,11.1116,11.1116,11.1116,12.374534472598594,0
DIG,D,20230516,000000,11.1116,11.1116,10.6267,11.0307,1324.0751885680136,0
DIG,D,20230517,000000,10.9903,10.9903,10.667,10.667,759.7964166175248,0
DIG,D,20230518,000000,10.8287,10.8287,10.8287,10.8287,12.374534472598594,0
DIG,D,20230519,000000,10.8287,10.8287,10.8287,10.8287,6.187267236299079,0
DIG,D,20230522,000000,10.8287,10.8287,10.8287,10.8287,6.187267236299079,0
DIG,D,20230523,000000,10.7479,10.7479,9.6973,10.4246,1066.6848715379579,0
DIG,D,20230524,000000,10.7479,10.7479,10.0205,10.465,159.6314946965163,0
DIG,D,20230525,000000,10.7075,10.7075,10.0205,10.0205,124.98279817324374,0
DIG,D,20230526,000000,10.0205,10.0205,9.33374,10.0205,7237.865213022632,0
DIG,D,20230529,000000,10.0205,10.0205,9.98023,9.98023,615.0143632881237,0
DIG,D,20230530,000000,9.98023,9.98023,9.98023,9.98023,1.2374534472598593,0
DIG,D,20230531,000000,9.98023,9.98023,9.73774,9.93969,778.3582183264243,0
DIG,D,20230601,000000,9.93969,9.93969,9.93969,9.93969,1.2374534472598593,0
DIG,D,20230602,000000,9.93969,9.93969,9.93969,9.93969,2.4749068945196107,0
DIG,D,20230605,000000,9.93969,9.93969,9.93969,9.93969,2.4749068945196107,0
DIG,D,20230606,000000,9.89934,9.89934,9.89934,9.89934,2.4749068945196107,0
DIG,D,20230607,000000,9.89934,10.4246,9.6973,9.93969,4191.254825869051,0
DIG,D,20230609,000000,9.93969,10.263,9.57614,10.263,1718.8228382438479,0
DIG,D,20230612,000000,10.263,10.263,9.57614,10.1014,2865.9421838537255,0
DIG,D,20230613,000000,10.263,10.263,9.61646,10.0205,3967.2757519150096,0
DIG,D,20230614,000000,9.98023,10.8287,9.61646,10.7883,3681.4240055979703,0
DIG,D,20230615,000000,10.5863,10.5863,9.65697,9.65697,1051.8354301708425,0
DIG,D,20230616,000000,9.85899,9.85899,9.65697,9.65697,621.2016305244235,0
DIG,D,20230619,000000,9.65697,9.65697,9.57614,9.57614,777.1207648791664,0
DIG,D,20230620,000000,9.98023,9.98023,9.57614,9.89934,874.8795872126954,0
DIG,D,20230621,000000,9.89934,9.89934,9.89934,9.89934,4.949813789039221,0
DIG,D,20230622,000000,9.77809,9.85899,9.77809,9.85899,497.4562857984485,0
DIG,D,20230623,000000,9.85899,9.85899,9.85899,9.85899,535.8173426635053,0
DIG,D,20230626,000000,9.98023,9.98023,9.89934,9.89934,32.173789628754825,0
DIG,D,20230627,000000,9.98023,9.98023,9.98023,9.98023,2.4749068945196107,0
DIG,D,20230628,000000,9.98023,9.98023,9.89934,9.89934,212.84199292868843,0
DIG,D,20230629,000000,9.98023,9.98023,9.6973,9.6973,1645.8130848555836,0
DIG,D,20230630,000000,9.89934,9.89934,9.89934,9.89934,2.4749068945196107,0
DIG,D,20230703,000000,9.98023,9.98023,9.89934,9.89934,1291.9013989392024,0
DIG,D,20230704,000000,10.1576,10.4158,10.1576,10.4158,1296.4471463018217,0
DIG,D,20230705,000000,10.4158,10.4158,10.0284,10.4158,759.745908316659,0
DIG,D,20230706,000000,10.4158,10.5019,10.4158,10.5019,243.955108175074,0
DIG,D,20230707,000000,10.5019,10.5019,10.5019,10.5019,11.61690991309876,0
DIG,D,20230710,000000,10.5019,10.5019,10.5019,10.5019,67.37807749597282,0
DIG,D,20230711,000000,10.5019,10.5019,10.5019,10.5019,11.61690991309876,0
DIG,D,20230712,000000,10.5019,10.5019,10.1146,10.1146,141.7263009398049,0
DIG,D,20230713,000000,10.5019,10.545,10.4589,10.545,1765.7703067910118,0
DIG,D,20230714,000000,10.545,10.545,10.545,10.545,762.0692902992787,0
DIG,D,20230717,000000,10.545,10.545,10.3297,10.3297,1777.3872167041104,0
DIG,D,20230718,000000,11.1045,11.1045,10.631,10.8463,1710.0091392081374,0
DIG,D,20230719,000000,11.1045,11.1045,11.1045,11.1045,11.61690991309876,0
DIG,D,20230720,000000,11.1045,11.1045,10.7602,10.7602,1510.198288702839,0
DIG,D,20230721,000000,11.664,12.2665,11.4489,11.7501,11539.076616680999,0
DIG,D,20230724,000000,11.7931,11.7931,11.621,11.7071,3814.9932154616326,0
DIG,D,20230725,000000,12.0514,12.0514,11.5349,11.8363,5716.6813682359,0
DIG,D,20230726,000000,11.8363,12.4818,11.8363,12.3097,10881.55951559961,0
DIG,D,20230727,000000,12.3957,12.3957,11.8363,12.3957,3569.876416295249,0
DIG,D,20230728,000000,12.3957,12.4818,12.0514,12.2665,3450.2222441903323,0
DIG,D,20230731,000000,12.2665,13.4286,12.2665,13.4286,9793.055056742254,0
DIG,D,20230801,000000,13.3426,14.5047,13.3426,14.2895,8163.202595934499,0
DIG,D,20230802,000000,14.4617,14.4617,13.7731,13.7731,647.0618821596009,0
DIG,D,20230803,000000,13.7731,13.7731,13.2995,13.3426,828.2856768039417,0
DIG,D,20230804,000000,13.3426,13.3426,12.611,12.611,4369.119818316444,0
DIG,D,20230807,000000,12.4388,13.6009,12.4388,13.6009,2279.237724949977,0
DIG,D,20230808,000000,13.6009,14.0312,13.6009,13.7731,1296.4471463018217,0
DIG,D,20230809,000000,13.7731,13.8591,13.5578,13.5578,2453.491373646458,0
DIG,D,20230810,000000,13.5578,13.6869,13.5578,13.6869,120.8158630962271,0
DIG,D,20230811,000000,13.8591,14.2035,13.8591,14.2035,2623.0982583777004,0
DIG,D,20230814,000000,14.2895,14.2895,13.5148,14.1173,1169.8228282490454,0
DIG,D,20230816,000000,13.7731,13.9452,13.3426,13.9452,1715.8175941646869,0
DIG,D,20230817,000000,14.2895,14.2895,13.9452,13.9452,116.1690991309876,0
DIG,D,20230818,000000,13.9882,13.9882,13.9452,13.9452,63.893004522043185,0
DIG,D,20230821,000000,14.1173,14.1173,13.3426,13.9452,593.6240965593466,0
DIG,D,20230822,000000,13.3426,13.8591,13.3426,13.8591,648.2235731509109,0
DIG,D,20230823,000000,13.8591,13.8591,13.2565,13.7299,1565.959456285713,0
DIG,D,20230824,000000,13.6439,13.6869,13.6439,13.6869,708.6315046990243,0
DIG,D,20230825,000000,13.6869,13.6869,12.9983,13.6439,1703.0389932602784,0
DIG,D,20230828,000000,13.0413,13.7299,13.0413,13.7299,1737.8897229995748,0
DIG,D,20230829,000000,13.7299,13.7299,13.6869,13.7299,1789.004126617209,0
DIG,D,20230830,000000,13.7731,13.7731,13.2565,13.7731,647.0618821596009,0
DIG,D,20230831,000000,13.7299,13.7299,13.7299,13.7299,2.323381982619752,0
DIG,D,20230901,000000,14.1173,14.1173,13.9452,13.9452,404.2684649758368,0
DIG,D,20230904,000000,13.9452,14.0743,13.816,13.9882,1118.7084246314107,0
DIG,D,20230905,000000,13.9452,14.0312,13.9452,14.0312,302.03965774056775,0
DIG,D,20230906,000000,14.0312,14.1173,14.0312,14.1173,1144.2656264402278,0
DIG,D,20230907,000000,14.2895,14.2895,13.7731,14.1173,2603.3495115254323,0
DIG,D,20230908,000000,14.1604,14.4186,13.8591,14.4186,1469.5391040069933,0
DIG,D,20230911,000000,13.9882,14.4617,13.9882,14.4617,1914.4667536786758,0
DIG,D,20230912,000000,14.2895,14.2895,14.0743,14.0743,106.87557120050859,0
DIG,D,20230913,000000,14.1173,14.2895,13.9452,14.2895,4324.975560646669,0
DIG,D,20230914,000000,14.2895,14.2895,13.9882,14.2035,119.65417210491724,0
DIG,D,20230915,000000,14.2035,14.2035,14.0312,14.0312,1274.375017466934,0
DIG,D,20230918,000000,14.2035,14.2035,14.0312,14.0312,199.81085050529867,0
DIG,D,20230919,000000,14.0312,14.1173,13.9882,14.1173,700.4996677598552,0
DIG,D,20230920,000000,14.1173,14.2035,14.1173,14.2035,807.3752389603638,0
DIG,D,20230921,000000,14.2035,14.2035,13.9022,14.1173,67.37807749597282,0
DIG,D,20230922,000000,14.1173,14.1173,14.1173,14.1173,2.323381982619752,0
DIG,D,20230925,000000,14.1173,14.1173,14.1173,14.1173,52.276094608944426,0
DIG,D,20230926,000000,14.1173,14.2035,13.9452,14.2035,851.5194966301392,0
DIG,D,20230927,000000,14.2035,14.2035,13.9452,14.2035,508.8206541937257,0
DIG,D,20230928,000000,14.2035,14.2035,13.9452,14.2035,1741.3747959735042,0
DIG,D,20230929,000000,14.2035,14.2035,14.2035,14.2035,2.323381982619752,0
DIG,D,20231002,000000,14.4617,15.4946,14.4617,15.2794,11816.72076360406,0
DIG,D,20231003,000000,15.0642,15.4086,15.0642,15.4086,2532.48636105553,0
DIG,D,20231004,000000,15.3225,15.3225,15.1073,15.2794,13.940291895718513,0
DIG,D,20231005,000000,15.4946,15.4946,15.0642,15.4086,1316.1958931540896,0
DIG,D,20231006,000000,15.4946,15.4946,14.9352,15.3656,2305.956617750104,0
DIG,D,20231009,000000,15.3656,15.4516,15.0642,15.4516,1255.787961605976,0
DIG,D,20231010,000000,15.4086,15.4086,15.1073,15.3225,1583.384821155361,0
DIG,D,20231011,000000,15.4086,15.4086,15.0642,15.0642,485.5868343675282,0
DIG,D,20231012,000000,15.4516,15.4516,15.3225,15.3225,1873.80756898283,0
DIG,D,20231013,000000,15.4516,15.4516,14.9352,15.4516,29.0422747827469,0
DIG,D,20231016,000000,15.0642,15.1503,14.8491,15.0642,15196.079857324488,0
DIG,D,20231017,000000,15.0642,15.0642,14.8491,15.0642,1038.5517462310293,0
DIG,D,20231018,000000,15.0642,15.0642,14.8491,15.0642,1315.0342021627798,0
DIG,D,20231019,000000,15.0642,15.0642,14.3326,14.3326,950.2632308914787,0
DIG,D,20231020,000000,14.8491,14.8491,14.8491,14.8491,2.323381982619752,0
DIG,D,20231023,000000,14.7629,14.9352,14.7629,14.9352,41.820875687155535,0
DIG,D,20231024,000000,14.9352,15.4086,14.6769,15.3656,2305.956617750104,0
DIG,D,20231025,000000,15.4086,15.4086,15.0642,15.0642,11685.449681586042,0
DIG,D,20231026,000000,15.4086,15.5807,15.3225,15.5807,6906.252943337213,0
DIG,D,20231027,000000,15.839,15.839,15.5807,15.839,913.0891191695625,0
DIG,D,20231030,000000,15.839,16.1833,15.5807,16.1833,13899.632711022667,0
DIG,D,20231031,000000,16.1833,17.0011,16.1833,16.7428,4661.865948126533,0
DIG,D,20231102,000000,17.1302,17.1302,16.4846,16.4846,135.91784598325552,0
DIG,D,20231103,000000,17.0441,17.0871,16.0541,16.7428,3265.5133765720616,0
DIG,D,20231106,000000,16.6998,16.7428,16.0541,16.7428,770.201127238448,0
DIG,D,20231107,000000,16.6998,16.6998,16.6998,16.6998,11.61690991309876,0
DIG,D,20231108,000000,16.6998,16.6998,16.6998,16.6998,48.79102163501479,0
DIG,D,20231109,000000,16.6998,16.7428,16.0541,16.7428,5368.174070842938,0
DIG,D,20231110,000000,16.915,16.915,16.1833,16.6998,183.5471766269604,0
DIG,D,20231113,000000,17.0871,17.4746,16.2694,17.4746,15.101982887028388,0
DIG,D,20231114,000000,17.3024,17.3024,16.872,16.958,698.1762857772356,0
DIG,D,20231115,000000,17.2163,17.2163,16.3124,17.0871,978.1438146829156,0
DIG,D,20231116,000000,17.2163,17.2163,17.0871,17.0871,702.823049742475,0
DIG,D,20231117,000000,17.2163,17.2163,17.1733,17.1733,238.1466532185246,0
DIG,D,20231120,000000,17.1733,17.4746,17.1733,17.3884,4400.485475081811,0
DIG,D,20231121,000000,17.6467,19.1101,17.5606,18.5075,4121.67963716744,0
DIG,D,20231122,000000,18.5075,19.024,18.3354,18.3354,1054.8154201093676,0
DIG,D,20231123,000000,19.1101,22.209,18.9379,21.0039,30281.79907047454,0
DIG,D,20231124,000000,21.5203,23.0698,21.5203,21.9507,20810.53241832512,0
DIG,D,20231127,000000,22.7255,23.8445,21.6925,22.3811,9353.935862027123,0
DIG,D,20231128,000000,21.9507,22.123,20.8317,21.2622,2045.7378356966917,0
DIG,D,20231129,000000,21.9507,21.9507,20.9177,21.3482,1108.2532057096216,0
DIG,D,20231130,000000,21.4343,21.7786,21.2622,21.2622,555.2882938461207,0
DIG,D,20231201,000000,22.5533,22.5533,21.0039,21.8647,1330.136185049808,0
DIG,D,20231204,000000,21.7786,22.209,21.3482,22.209,1618.2355508946573,0
DIG,D,20231205,000000,22.209,22.209,20.7457,21.5203,5825.880321419028,0
DIG,D,20231206,000000,22.209,22.209,21.0039,21.6925,399.62170101059735,0
DIG,D,20231207,000000,22.209,22.209,21.0899,21.2622,586.6539506114874,0
DIG,D,20231208,000000,22.209,22.209,20.9177,21.7786,2150.2900249145805,0
DIG,D,20231211,000000,21.7786,21.7786,21.176,21.5203,6421.827799960995,0
DIG,D,20231212,000000,21.6925,21.9507,21.2622,21.5203,3206.2671360152576,0
DIG,D,20231213,000000,21.5203,21.7786,21.5203,21.7786,843.38765969097,0
DIG,D,20231214,000000,21.9507,23.3281,21.5203,23.2419,5353.0720879559085,0
DIG,D,20231215,000000,23.4141,25.394,23.4141,24.5332,13429.147859542167,0
DIG,D,20231218,000000,24.4471,25.0497,23.8445,24.1028,3662.8116956000395,0
DIG,D,20231219,000000,24.5332,25.8245,24.1889,25.1358,7310.5214083130495,0
DIG,D,20231220,000000,25.8245,25.8245,25.0497,25.3079,1861.0289680784215,0
DIG,D,20231221,000000,25.3079,25.48,24.1889,24.1889,818.9921488734626,0
DIG,D,20231222,000000,25.6523,25.7383,24.1889,24.6193,3176.0631702412015,0
DIG,D,20231227,000000,24.7053,26.6853,24.7053,26.2548,7489.421820974771,0
DIG,D,20231228,000000,26.5992,27.9764,26.2548,26.2548,2160.74524383637,0
DIG,D,20231229,000000,27.2879,27.2879,25.9966,26.6853,6086.099103472441,0
DIG,D,20240102,000000,29.0955,29.0955,26.8574,27.9764,9373.684608879392,0
DIG,D,20240103,000000,28.3208,28.8373,25.8245,27.546,9852.30129729906,0
DIG,D,20240104,000000,27.546,28.4068,26.6853,27.8904,2328.0287465849915,0
DIG,D,20240105,000000,28.4068,28.4068,26.1687,27.2879,3571.0381072865594,0
DIG,D,20240108,000000,28.3208,28.7512,27.2879,28.0626,2598.702747560193,0
DIG,D,20240109,000000,28.7512,31.0754,28.7512,29.6981,5210.184096024795,0
DIG,D,20240110,000000,30.5589,32.1944,30.5589,31.1615,5789.867900688423,0
DIG,D,20240111,000000,32.0223,32.0223,29.5259,30.2146,7405.78006960046,0
DIG,D,20240112,000000,30.5589,30.9893,30.2146,30.645,1039.713437222339,0
DIG,D,20240115,000000,30.645,32.711,30.5589,32.0223,5831.6887763755785,0
DIG,D,20240116,000000,31.8502,32.1944,31.3336,31.5057,1762.285233817082,0
DIG,D,20240117,000000,31.3336,32.1083,29.8702,31.4197,3397.9461495813875,0
DIG,D,20240118,000000,31.2476,32.711,30.9893,32.6249,2874.0235125006334,0
DIG,D,20240119,000000,32.711,33.3996,32.711,33.3136,3964.8513533406067,0
DIG,D,20240122,000000,33.3136,34.2604,32.4527,33.7439,5286.855701451245,0
DIG,D,20240123,000000,33.7439,34.3465,32.3666,33.9161,2173.5238447407783,0
DIG,D,20240124,000000,34.1743,34.6908,32.797,33.6578,7190.867236208133,0
DIG,D,20240125,000000,34.2604,34.2604,31.9362,32.6249,2441.8744637333593,0
DIG,D,20240126,000000,32.9691,33.3996,31.2476,32.6249,3928.838932610001,0
DIG,D,20240129,000000,33.0553,33.0553,31.1615,31.3336,2175.847226723398,0
DIG,D,20240130,000000,33.5718,35.2073,31.8502,34.1743,22201.076534923042,0
DIG,D,20240131,000000,34.1743,35.8099,34.0021,34.4325,3957.8812073927484,0
DIG,D,20240201,000000,34.3465,36.2403,33.83,35.3795,3697.662425339336,0
DIG,D,20240202,000000,36.2403,37.8759,35.5516,37.8759,7348.857211026276,0
DIG,D,20240205,000000,38.5644,40.4582,37.9619,38.3923,12219.827537588586,0
DIG,D,20240206,000000,38.6506,38.6506,34.9491,38.2201,7477.804911061673,0
DIG,D,20240207,000000,38.5644,38.5644,36.4125,37.6176,2038.7676897488325,0
DIG,D,20240208,000000,38.048,38.134,36.4985,38.048,821.3155308560824,0
DIG,D,20240209,000000,38.7367,38.7367,36.1542,37.1872,2143.3198789667217,0
DIG,D,20240212,000000,38.048,38.7367,35.5516,36.4125,2907.71255124862,0
DIG,D,20240213,000000,36.2403,36.4125,35.1212,35.7238,1581.0614391727413,0
DIG,D,20240214,000000,35.2933,37.5314,34.6047,37.5314,5156.74631042454,0
DIG,D,20240215,000000,36.8429,37.5314,34.9491,35.3795,6843.52162980648,0
DIG,D,20240216,000000,34.9491,35.3795,34.0021,34.6908,7110.710557807751,0
DIG,D,20240219,000000,34.6908,34.6908,33.0553,33.83,11635.496968959718,0
DIG,D,20240220,000000,33.83,34.2604,33.2274,33.5718,2588.2475286384038,0
DIG,D,20240221,000000,33.5718,34.0021,32.8831,33.9161,2015.533869922635,0
DIG,D,20240222,000000,33.9161,33.9161,32.797,33.6578,937.48462998707,0
DIG,D,20240223,000000,33.6578,33.83,32.1944,33.3996,7721.760019236745,0
DIG,D,20240226,000000,33.2274,33.2274,31.8502,32.0223,2063.16320056634,0
DIG,D,20240227,000000,32.0223,32.8831,31.9362,32.6249,3356.1252738942317,0
DIG,D,20240228,000000,32.3666,34.9491,32.1944,34.2604,8409.481086092193,0
DIG,D,20240229,000000,33.7439,34.6908,33.7439,34.6047,1891.232933852478,0
DIG,D,20240301,000000,34.6047,34.6908,33.0553,33.1413,1790.165817608519,0
DIG,D,20240304,000000,33.3136,34.0021,33.0553,33.6578,2123.5711321144536,0
DIG,D,20240305,000000,34.2604,34.2604,32.9691,34.0021,1306.9023652236106,0
DIG,D,20240306,000000,33.6578,36.3264,33.6578,36.0681,4078.697070488975,0
DIG,D,20240307,000000,36.3264,37.8759,35.5516,37.4454,2920.4911521530285,0
DIG,D,20240308,000000,37.8759,38.5644,37.5314,37.6176,3057.570689127594,0
DIG,D,20240311,000000,38.048,38.048,36.7567,37.015,633.1215902638825,0
DIG,D,20240312,000000,37.015,38.4784,36.3264,38.048,2145.6432609493413,0
DIG,D,20240313,000000,38.6506,39.9418,38.048,39.3393,21667.860369911807,0
DIG,D,20240314,000000,39.5114,40.4582,39.081,40.4582,25902.224033236304,0
DIG,D,20240315,000000,40.6304,42.4382,40.5443,42.0938,16282.260934199223,0
DIG,D,20240318,000000,42.266,42.3521,40.9748,40.9748,14934.699384279767,0
DIG,D,20240319,000000,41.4912,41.4912,38.5644,39.2531,5299.634302355656,0
DIG,D,20240320,000000,38.7367,39.081,37.9619,37.9619,3596.5953090953763,0
DIG,D,20240321,000000,37.7897,38.6506,36.6707,38.134,4150.721911950187,0
DIG,D,20240322,000000,38.3923,39.7696,38.3062,39.7696,2149.1283339232705,0
DIG,D,20240325,000000,39.7696,40.114,39.6835,40.114,2429.095862828951,0
DIG,D,20240326,000000,40.0278,40.0278,38.9948,39.9418,1870.3224960089005,0
DIG,D,20240327,000000,40.0278,40.4582,38.3923,39.9418,985.113960630775,0
DIG,D,20240328,000000,39.4253,39.4253,38.3923,39.081,1133.8104075184392,0
DIG,D,20240402,000000,38.7367,38.7367,37.015,38.134,3716.2494812002933,0
DIG,D,20240403,000000,39.081,39.8557,39.081,39.8557,2633.553477299489,0
DIG,D,20240404,000000,39.8557,39.8557,38.3062,39.8557,2030.6358528096634,0
DIG,D,20240405,000000,40.6304,42.1799,40.6304,42.0938,7959.90667245527,0
DIG,D,20240408,000000,42.1799,42.3521,41.319,41.9216,3170.254715284652,0
DIG,D,20240409,000000,41.8356,41.8356,40.9748,41.4052,2038.7676897488325,0
DIG,D,20240410,000000,41.4912,41.8356,40.4582,40.8887,2017.8572519052548,0
DIG,D,20240411,000000,41.4912,41.4912,39.5975,40.5443,3666.296768573969,0
DIG,D,20240412,000000,39.8557,41.4912,39.8557,40.8887,3173.7397882585815,0
DIG,D,20240415,000000,40.6304,41.319,40.5443,41.233,3711.602717235054,0
DIG,D,20240416,000000,40.9748,41.319,39.9418,39.9418,1938.862264496183,0
DIG,D,20240417,000000,39.8557,40.4582,39.4253,40.4582,1071.0790939877058,0
DIG,D,20240418,000000,40.6304,40.6304,39.6835,40.4582,1022.288072352691,0
DIG,D,20240419,000000,41.233,41.319,40.4582,40.9748,11461.243320263238,0
DIG,D,20240422,000000,41.0608,44.2458,41.0608,42.5242,26965.17129028484,0
DIG,D,20240423,000000,41.9216,43.0407,41.233,43.0407,4893.042455397198,0
DIG,D,20240424,000000,43.0407,43.0407,42.4382,43.0407,7366.282575895924,0
DIG,D,20240425,000000,42.6964,43.0407,42.6104,42.6104,1845.926985191393,0
DIG,D,20240426,000000,42.6964,42.6964,42.5242,42.6964,3151.6676594236937,0
DIG,D,20240429,000000,42.6964,42.8686,42.6104,42.8686,1888.9095518698587,0
DIG,D,20240430,000000,42.8686,42.8686,41.7495,42.5242,2312.926763697963,0
DIG,D,20240502,000000,42.5242,42.8686,42.1799,42.8686,2303.633235767484,0
DIG,D,20240506,000000,42.8686,43.9016,42.7824,43.7294,19360.742061170393,0
DIG,D,20240507,000000,44.0737,44.2458,43.0407,44.2458,12514.897049381294,0
DIG,D,20240508,000000,44.2458,45.2788,43.7294,44.7624,8211.993617569515,0
DIG,D,20240509,000000,44.9345,46.3118,44.418,46.3118,11915.4644978654,0
DIG,D,20240510,000000,45.2788,46.3118,45.2788,46.1397,2246.7103771933002,0
DIG,D,20240513,000000,46.3118,47.0005,45.7953,47.0005,6654.16599822297,0
DIG,D,20240514,000000,47.0005,47.5169,43.9016,47.5169,9034.470839416907,0
DIG,D,20240515,000000,47.5169,47.5169,46.3118,47.3447,3143.5358224845245,0
DIG,D,20240516,000000,47.5169,48.3778,47.3447,48.3778,12776.277522426019,0
DIG,D,20240517,000000,48.3778,51.6489,48.3778,51.3045,20162.308845174208,0
DIG,D,20240520,000000,51.6489,55.6085,51.1323,51.3045,53308.8379002189,0
DIG,D,20240521,000000,51.6736,51.6736,49.6436,49.8281,21516.27918787188,0
DIG,D,20240522,000000,51.3045,52.5964,47.9827,48.9054,14532.754301871762,0
DIG,D,20240523,000000,49.8281,50.3818,46.6908,47.0599,28024.04873170036,0
DIG,D,20240524,000000,47.7981,47.7981,46.0449,46.5063,19524.392356638455,0
DIG,D,20240527,000000,47.6135,50.0127,47.6135,48.7208,15314.120137192383,0
DIG,D,20240528,000000,48.7208,49.8281,46.8754,47.9827,17790.43211182154,0
DIG,D,20240529,000000,47.9827,47.9827,46.1371,47.0599,14424.381786570704,0
DIG,D,20240531,000000,47.6135,47.7981,46.5063,47.2444,3333.538570660517,0
DIG,D,20240603,000000,48.5363,51.1199,47.2444,50.5664,12452.002008091464,0
DIG,D,20240604,000000,50.5664,50.5664,49.0899,49.8281,5227.890138122996,0
DIG,D,20240605,000000,50.0127,50.5664,49.6436,50.0127,7880.849312692874,0
DIG,D,20240606,000000,50.7509,51.3045,49.2745,50.0127,3253.3429093377354,0
DIG,D,20240607,000000,49.8281,49.8281,48.7208,49.8281,4575.487596010632,0
DIG,D,20240610,000000,49.8281,49.8281,48.1672,48.9054,6250.926682564976,0
DIG,D,20240611,000000,48.7208,48.7208,44.6608,46.3217,27760.703519518796,0
DIG,D,20240612,000000,46.3217,47.0599,45.3067,46.1371,13874.933133994344,0
DIG,D,20240613,000000,46.0449,46.0449,44.0149,45.2144,29721.162321314918,0
DIG,D,20240614,000000,45.7681,45.7681,44.4762,45.0298,12597.22117859488,0
DIG,D,20240617,000000,45.6758,48.5363,45.2144,48.1672,8993.835044834732,0
DIG,D,20240618,000000,43.9226,45.2144,42.4461,42.9076,88357.19545010489,0
DIG,D,20240619,000000,43.369,44.0149,41.8002,43.369,44360.121688181716,0
DIG,D,20240620,000000,43.369,43.369,42.4461,43.369,12781.454454606677,0
DIG,D,20240621,000000,44.1071,44.6608,42.9076,43.369,17724.324877487896,0
DIG,D,20240624,000000,43.369,43.9226,42.8153,43.369,6902.245499524329,0
DIG,D,20240625,000000,43.2766,43.9226,43.2766,43.738,3229.5009559715027,0
DIG,D,20240626,000000,43.738,44.0149,43.1844,44.0149,5717.733907283774,0
DIG,D,20240627,000000,44.0149,44.1071,42.5385,42.8153,6327.871168428726,0
DIG,D,20240628,000000,42.4461,43.8303,42.4461,43.4612,2283.4088973932735,0
DIG,D,20240701,000000,43.5534,44.0149,43.4612,43.6458,4045.5459961884626,0
DIG,D,20240702,000000,43.6458,44.2917,43.2766,43.738,8818.271570047018,0
DIG,D,20240703,000000,43.8303,47.0599,43.8303,45.3067,14739.74580609678,0
DIG,D,20240704,000000,46.1371,47.9827,45.6758,47.9827,8408.623462209023,0
DIG,D,20240705,000000,47.7981,47.7981,45.4912,45.8603,6010.339698596628,0
DIG,D,20240708,000000,45.9527,48.1672,45.8603,47.6135,10836.167804952702,0
DIG,D,20240709,000000,47.6135,47.6135,46.8754,47.429,2716.8989585975023,0
DIG,D,20240710,000000,47.429,47.429,46.0449,46.3217,1510.7128632967363,0
DIG,D,20240711,000000,46.3217,47.429,46.1371,46.3217,3959.9317091006274,0
DIG,D,20240712,000000,46.3217,47.9827,46.3217,47.7981,1459.7777811052395,0
DIG,D,20240715,000000,47.9827,47.9827,46.1371,47.0599,2663.7964260999843,0
DIG,D,20240716,000000,47.0599,47.0599,45.7681,46.5063,6794.956709376283,0
DIG,D,20240717,000000,46.5063,46.6908,45.0298,46.1371,4422.682349436141,0
DIG,D,20240718,000000,46.8754,47.429,45.7681,46.3217,1335.1493885090238,0
DIG,D,20240719,000000,47.0599,47.0599,45.8603,45.8603,1356.8238915692352,0
DIG,D,20240722,000000,46.0449,46.0449,44.753,45.2144,6136.051816345855,0
DIG,D,20240723,000000,45.8603,45.8603,43.369,44.1071,6929.338628349593,0
DIG,D,20240724,000000,43.8303,44.1071,43.738,43.738,2085.0871943923394,0
DIG,D,20240725,000000,43.738,44.2917,42.8153,44.2917,15127.719410874564,0
DIG,D,20240726,000000,44.2917,45.8603,43.9226,45.8603,3785.4519594659255,0
DIG,D,20240729,000000,45.399,46.5063,45.0298,45.6758,1398.005447383637,0
DIG,D,20240730,000000,43.9226,45.6758,38.2016,40.9698,57127.48771579925,0
DIG,D,20240731,000000,39.678,40.4161,39.3089,39.3089,7977.300851310815,0
DIG,D,20240801,000000,39.3089,39.5857,37.8325,38.7552,8972.16054177452,0
DIG,D,20240802,000000,38.4784,38.5707,36.6329,38.4784,12328.45734064826,0
DIG,D,20240805,000000,37.0943,37.8325,35.1565,36.356,9870.568693620284,0
DIG,D,20240806,000000,36.9097,38.7552,35.987,35.987,11472.314469769908,0
DIG,D,20240807,000000,37.8325,37.8325,35.5257,35.8025,14065.668760924205,0
DIG,D,20240808,000000,35.8025,36.1715,35.3411,35.8947,3579.544180393917,0
DIG,D,20240809,000000,36.2638,36.2638,35.6179,35.7101,3384.4736528520143,0
DIG,D,20240812,000000,35.8025,35.8025,34.6952,35.3411,5299.415998221694,0
DIG,D,20240813,000000,35.3411,35.3411,33.6801,34.1415,14154.534223471072,0
DIG,D,20240814,000000,34.0493,34.7874,33.7724,34.1415,4052.0483471065263,0
DIG,D,20240816,000000,34.0493,35.4333,33.9569,34.4183,13559.569114468268,0
DIG,D,20240819,000000,34.7874,35.4333,34.6028,34.8797,4024.9552182812618,0
DIG,D,20240820,000000,35.0642,37.9248,35.0642,37.3711,11257.736889473816,0
DIG,D,20240821,000000,37.6479,38.017,37.0943,37.7402,3030.0955278175575,0
DIG,D,20240822,000000,37.2789,37.8325,37.002,37.7402,2152.2781538789945,0
DIG,D,20240823,000000,37.7402,37.8325,37.1865,37.7402,971.0177370974718,0
DIG,D,20240826,000000,37.8325,37.8325,37.002,37.0943,1854.2537368010876,0
DIG,D,20240827,000000,37.7402,37.8325,37.0943,37.6479,2497.986477689367,0
DIG,D,20240828,000000,37.6479,37.6479,36.0793,36.0793,2175.0363820922166,0
DIG,D,20240829,000000,37.2789,37.2789,35.987,37.2789,1861.8398128721615,0
DIG,D,20240830,000000,37.2789,37.2789,35.8025,37.2789,3716.0935496732486,0
DIG,D,20240902,000000,36.8174,37.2789,35.6179,37.2789,2807.9318714503906,0
DIG,D,20240903,000000,38.1093,40.047,38.1093,38.9397,23176.54612228408,0
DIG,D,20240904,000000,39.0321,39.5857,37.6479,38.5707,6930.422353502603,0
DIG,D,20240905,000000,38.9397,39.2166,37.6479,38.017,5618.031193206802,0
DIG,D,20240906,000000,38.7552,38.9397,38.017,38.1093,665.4072439484908,0
DIG,D,20240909,000000,38.1093,39.0321,37.4633,39.0321,4178.844190008763,0
DIG,D,20240910,000000,39.0321,39.9548,38.9397,39.5857,7063.720547322904,0
DIG,D,20240911,000000,39.678,39.678,38.8475,39.1243,6356.048022407001,0
DIG,D,20240912,000000,39.0321,39.678,39.0321,39.5857,6727.765749889627,0
DIG,D,20240913,000000,39.678,39.9548,38.8475,39.9548,3890.573299307951,0
DIG,D,20240916,000000,39.9548,41.4312,39.9548,41.1543,7491.791982762079,0
DIG,D,20240917,000000,41.1543,41.708,40.6007,41.4312,4917.944744361973,0
DIG,D,20240918,000000,41.4312,42.0771,41.0621,41.8926,2455.7211967219546,0
DIG,D,20240919,000000,41.8926,41.9848,41.5234,41.9848,2085.0871943923394,0
DIG,D,20240920,000000,42.0771,42.0771,39.9548,40.1394,3849.3917434935493,0
DIG,D,20240923,000000,40.6929,40.7853,39.4011,40.1394,2275.8228213221996,0
DIG,D,20240924,000000,39.4011,39.678,38.2938,39.678,6045.018903492966,0
DIG,D,20240925,000000,39.9548,40.6929,39.8625,40.6007,4736.962643809207,0
DIG,D,20240926,000000,40.6007,43.0921,40.6007,42.6307,12028.26547326433,0
DIG,D,20240927,000000,42.723,42.9998,41.0621,41.3389,5002.4753062967975,0
DIG,D,20240930,000000,42.723,43.6458,41.8002,42.8153,20086.84571105094,0
DIG,D,20241001,000000,42.8153,43.2766,42.5385,42.9998,4623.171502743097,0
DIG,D,20241002,000000,42.9998,42.9998,41.8926,42.3539,4467.1150807095755,0
DIG,D,20241003,000000,42.2617,42.2617,40.7853,42.0771,3108.1237388343184,0
DIG,D,20241004,000000,41.4312,41.5234,40.2316,40.2316,5053.410388488293,0
DIG,D,20241007,000000,40.6007,41.0621,39.678,40.7853,10507.7990835905,0
DIG,D,20241008,000000,40.1394,40.7853,39.4934,40.6007,4565.734069633537,0
DIG,D,20241009,000000,39.9548,40.8775,39.7702,40.6007,2481.730600394208,0
DIG,D,20241010,000000,40.2316,40.7853,39.678,40.7853,2807.9318714503906,0
DIG,D,20241011,000000,40.7853,41.3389,40.2316,40.8775,2113.264048370614,0
DIG,D,20241014,000000,41.2466,41.2466,40.6929,41.0621,2038.4870128128846,0
DIG,D,20241015,000000,41.0621,42.6307,40.9698,42.0771,9330.873567421018,0
DIG,D,20241016,000000,42.0771,42.3539,41.2466,42.1694,4037.9599201173887,0
DIG,D,20241017,000000,42.1694,42.2617,40.9698,41.1543,2721.233859209545,0
DIG,D,20241018,000000,41.708,41.8926,40.8775,41.3389,5929.060312120836,0
DIG,D,20241021,000000,41.8926,41.9848,40.9698,40.9698,5504.240052140693,0
DIG,D,20241022,000000,41.1543,41.1543,40.5084,40.9698,3311.864067600306,0
DIG,D,20241023,000000,41.1543,41.5234,40.7853,41.3389,1163.9208143333535,0
DIG,D,20241024,000000,41.4312,41.9848,40.3239,41.5234,4007.6156158330928,0
DIG,D,20241025,000000,41.4312,41.9848,41.2466,41.2466,3603.3861337601497,0
DIG,D,20241028,000000,40.8775,41.9848,40.8775,41.9848,2704.977981914386,0
DIG,D,20241029,000000,42.0771,43.369,40.9698,41.9848,6012.5071489026495,0
DIG,D,20241030,000000,41.8002,43.1844,41.0621,41.8002,4084.560101696843,0
DIG,D,20241031,000000,42.9076,42.9076,41.1543,41.8926,1964.7937024081657,0
DIG,D,20241104,000000,41.9848,42.4461,41.5234,41.9848,2778.671292319105,0
DIG,D,20241105,000000,42.1694,42.9076,41.6158,42.9076,1949.621550266018,0
DIG,D,20241106,000000,42.9076,43.1844,42.1694,42.9998,1444.6056289630917,0
DIG,D,20241107,000000,42.9998,43.2766,42.6307,43.1844,4676.274035240615,0
DIG,D,20241108,000000,43.1844,43.6458,42.723,43.6458,4647.013456109329,0
DIG,D,20241112,000000,43.6458,44.1071,43.6458,44.1071,3445.1622614206062,0
DIG,D,20241113,000000,44.2917,44.2917,43.8303,43.8303,6863.231394015947,0
DIG,D,20241114,000000,44.0149,44.2917,40.5084,43.5534,7446.275526335635,0
DIG,D,20241115,000000,43.5534,43.5534,42.9998,43.369,2409.1210151425,0
DIG,D,20241118,000000,43.369,44.0149,42.9998,43.4612,3506.9345951422088,0
DIG,D,20241119,000000,43.4612,44.0149,40.6929,42.2617,7924.198318813297,0
DIG,D,20241120,000000,42.2617,43.6458,42.2617,43.5534,2457.888647027976,0
DIG,D,20241121,000000,43.6458,43.9226,43.0921,43.369,2141.440902348889,0
DIG,D,20241122,000000,43.8303,43.9226,42.9076,43.5534,4859.423586099402,0
DIG,D,20241125,000000,43.8303,44.4762,43.6458,44.3839,7710.704463670215,0
DIG,D,20241126,000000,44.3839,45.8603,44.3839,45.4912,10708.288236897455,0
DIG,D,20241127,000000,45.3942,47.5282,44.4243,47.4312,4720.8012901601005,0
DIG,D,20241128,000000,46.5582,48.0131,46.2672,47.3342,7327.087741683301,0
DIG,D,20241129,000000,46.5582,47.5282,46.3642,47.5282,11433.432257671,0
DIG,D,20241202,000000,47.5282,48.4981,47.0432,48.4981,6038.3780643083,0
DIG,D,20241203,000000,48.4981,48.4981,47.9161,48.4981,4910.499354669701,0
DIG,D,20241204,000000,48.6921,51.602,48.6921,50.438,7698.2361287673,0
DIG,D,20241205,000000,50.438,51.408,49.4681,51.02,9496.243870640901,0
DIG,D,20241206,000000,51.02,51.408,48.6921,50.0501,6931.1961287937,0
DIG,D,20241209,000000,50.0501,50.0501,48.6921,50.0501,3947.5754837351,0
DIG,D,20241210,000000,50.438,50.438,49.2741,50.0501,5640.4245159349,0
DIG,D,20241211,000000,50.0501,50.438,49.0801,50.0501,4241.4012901766,0
DIG,D,20241212,000000,50.438,50.438,50.0501,50.438,1612.4335483316002,0
DIG,D,20241213,000000,50.438,50.826,47.8191,50.438,9487.996128705701,0
DIG,D,20241216,000000,50.438,51.408,50.0501,51.408,14211.890322091502,0
DIG,D,20241217,000000,51.408,52.378,50.826,51.99,10912.793548011501,0
DIG,D,20241218,000000,51.99,52.184,51.602,51.99,3640.3470966489003,0
DIG,D,20241219,000000,51.796,52.184,51.408,51.602,5462.0670965862,0
DIG,D,20241220,000000,51.602,51.602,49.8561,51.408,4892.9729030574,0
DIG,D,20241223,000000,51.408,51.796,50.2441,51.214,3981.5974192178,0
DIG,D,20241227,000000,51.796,52.184,50.632,52.184,3465.0825805259,0
DIG,D,20241230,000000,52.184,53.3479,51.02,52.378,3453.7419353650002,0
DIG,D,20250102,000000,52.378,54.3179,52.378,53.7359,7068.3148384664,0
DIG,D,20250103,000000,53.7359,55.2879,53.3479,55.0939,5213.6038707883,0
DIG,D,20250107,000000,55.0939,58.3917,53.7359,57.2278,23876.1819346621,0
DIG,D,20250108,000000,58.1977,58.3917,55.4819,56.8398,7924.018064243401,0
DIG,D,20250109,000000,57.2278,58.3917,56.8398,58.3917,5296.081290140301,0
DIG,D,20250110,000000,58.1977,61.1076,58.1977,59.9437,19507.971612231802,0
DIG,D,20250113,000000,59.9437,61.1076,58.7797,59.5557,13894.3522575863,0
DIG,D,20250114,000000,59.5557,61.6896,59.5557,61.1076,7329.149677167101,0
DIG,D,20250115,000000,61.4956,64.5995,61.3016,64.5995,12822.145806010301,0
DIG,D,20250116,000000,64.5995,64.7935,62.4656,63.4355,11245.796128645201,0
DIG,D,20250117,000000,63.2416,63.4355,62.2716,62.2716,7171.4116126564,0
DIG,D,20250120,000000,62.6596,63.4355,59.9437,60.7196,11039.6025802652,0
DIG,D,20250121,000000,60.7196,62.0776,58.7797,61.1076,8554.9703222862,0
DIG,D,20250122,000000,60.9136,61.4956,59.3617,59.9437,3720.7625805171,0
DIG,D,20250123,000000,60.1377,62.4656,60.1377,62.0776,3427.9677418175,0
DIG,D,20250124,000000,62.0776,63.0476,61.1076,62.8536,3293.9419353705002,0
DIG,D,20250127,000000,62.6596,62.8536,60.3317,61.8836,4251.7109675956,0
DIG,D,20250128,000000,62.0776,62.2716,61.1076,61.6896,4843.486451446201,0
DIG,D,20250129,000000,62.2716,63.0476,61.1076,61.8836,11416.9367738006,0
DIG,D,20250130,000000,60.9136,61.6896,59.9437,61.1076,5048.6490320843,0
DIG,D,20250131,000000,61.1076,61.8836,60.3317,61.4956,4787.8141933836005,0
DIG,D,20250203,000000,60.5257,61.1076,60.3317,61.1076,6437.362580423601,0
DIG,D,20250204,000000,61.1076,61.8836,60.3317,61.6896,2512.4683870103004,0
DIG,D,20250205,000000,61.3016,62.0776,60.5257,61.4956,1780.4812902613,0
DIG,D,20250206,000000,61.4956,62.0776,60.5257,61.4956,2414.5264515298,0
DIG,D,20250207,000000,61.1076,62.0776,60.5257,61.8836,2509.3754837846,0
DIG,D,20250210,000000,62.0776,62.8536,61.3016,61.4956,3609.4180643919003,0
DIG,D,20250211,000000,62.4656,62.6596,61.4956,62.0776,2265.0361289543002,0
DIG,D,20250212,000000,62.0776,62.8536,61.3016,61.3016,3009.3948386061,0
DIG,D,20250213,000000,61.4956,62.0776,61.1076,61.4956,4171.2954837274,0
DIG,D,20250214,000000,61.6896,62.4656,61.6896,62.0776,3099.0890321514003,0
DIG,D,20250217,000000,62.0776,62.8536,61.6896,62.4656,5286.802580463201,0
DIG,D,20250218,000000,63.6295,69.8373,63.6295,69.8373,49390.571611203304,0
DIG,D,20250219,000000,69.6433,69.6433,65.3755,67.7034,6667.2683868673,0
DIG,D,20250220,000000,66.9274,66.9274,63.4355,64.5995,9139.5290319435,0
DIG,D,20250221,000000,64.5995,65.3755,64.0175,64.4055,20488.4219347787,0
DIG,D,20250224,000000,64.4055,65.9574,64.0175,65.5695,4276.4541934012,0
DIG,D,20250225,000000,64.5995,65.5695,64.2115,64.9875,3061.9741934430003,0
DIG,D,20250226,000000,64.9875,65.5695,64.4055,65.1815,1602.1238709126,0
DIG,D,20250227,000000,65.5695,65.5695,64.5995,65.3755,1759.8619354233,0
DIG,D,20250228,000000,64.4055,65.3755,63.0476,64.7935,2411.4335483041,0
DIG,D,20250303,000000,64.7935,64.7935,58.3917,62.8536,11857.1599995919,0
DIG,D,20250304,000000,62.4656,62.6596,58.9737,60.1377,7553.9006449013,0
DIG,D,20250305,000000,60.9136,64.0175,60.7196,62.8536,3542.4051611684004,0
DIG,D,20250306,000000,63.0476,63.4355,60.9136,61.6896,3278.477419242,0
DIG,D,20250307,000000,61.6896,63.4355,61.6896,62.8536,2226.8903225040003,0
DIG,D,20250310,000000,63.0476,63.4355,61.1076,62.0776,3093.9341934419003,0
DIG,D,20250311,000000,62.0776,62.6596,61.1076,62.0776,2407.3096773365,0
DIG,D,20250312,000000,62.0776,63.0476,61.3016,62.0776,2311.4296773398,0
DIG,D,20250313,000000,61.6896,62.0776,61.4956,61.8836,3461.9896773002,0
DIG,D,20250314,000000,62.0776,62.0776,61.4956,61.6896,2274.3148386314,0
DIG,D,20250317,000000,61.6896,61.8836,60.7196,61.1076,2910.4219353837,0
DIG,D,20250318,000000,60.9136,61.8836,60.7196,60.9136,1763.9858063909,0
DIG,D,20250319,000000,60.5257,61.6896,58.9737,60.1377,3058.8812902173004,0
DIG,D,20250320,000000,59.9437,59.9437,58.9737,59.1677,2084.6167741218,0
DIG,D,20250321,000000,58.7797,60.1377,58.7797,60.1377,2343.3896773387,0
DIG,D,20250324,000000,59.3617,59.9437,58.5857,58.9737,5731.149677222101,0
DIG,D,20250325,000000,58.5857,59.7497,58.5857,58.9737,2669.1754837791,0
DIG,D,20250326,000000,59.1677,59.7497,58.3917,58.5857,3964.0709676055003,0
DIG,D,20250327,000000,58.5857,59.5557,58.1977,59.3617,3431.0606450432,0
DIG,D,20250328,000000,58.9737,59.9437,58.3917,59.1677,3017.6425805413,0
DIG,D,20250331,000000,59.1677,59.1677,55.8698,57.2278,5897.135483668,0
DIG,D,20250401,000000,56.2578,61.3986,55.4819,58.6827,3783.651612773,0
DIG,D,20250402,000000,58.6827,59.1677,57.2278,59.0707,1323.7625805996001,0
DIG,D,20250403,000000,58.1008,58.9737,57.2278,58.2947,3873.3458063183,0
DIG,D,20250404,000000,58.8767,59.1677,54.5119,56.5488,8290.0116126179,0
DIG,D,20250407,000000,54.8999,56.5488,48.4981,54.3179,13497.4296769548,0
DIG,D,20250408,000000,54.8029,57.2278,53.3479,56.5488,6587.8838707410005,0
DIG,D,20250409,000000,56.2578,56.2578,53.4449,53.8329,5249.6877417548,0
DIG,D,20250410,000000,56.7428,58.1977,54.0269,55.8698,7661.121290058901,0
DIG,D,20250411,000000,57.8098,59.3617,56.2578,57.5188,8718.894193248301,0
DIG,D,20250414,000000,57.5188,59.1677,56.9368,59.1677,7076.562580401601,0
DIG,D,20250415,000000,59.6527,62.7566,59.1677,61.5926,8979.729031949,0
DIG,D,20250416,000000,62.0776,65.9574,62.0776,65.4725,8980.759999690901,0
DIG,D,20250417,000000,63.2416,65.7635,63.1446,65.1815,2557.8309676539,0
DIG,D,20250422,000000,64.0175,64.7935,62.4656,63.8235,3466.1135482678,0
DIG,D,20250423,000000,64.5995,65.3755,63.6295,64.8905,4745.5445159657,0
DIG,D,20250424,000000,63.7265,64.6965,63.1446,64.2115,1256.7496773761002,0
DIG,D,20250425,000000,64.2115,64.7935,63.2416,63.7265,1523.7703225282,0
DIG,D,20250428,000000,63.7265,64.3085,63.3385,64.2115,1294.8954838264,0
DIG,D,20250429,000000,64.1145,64.2115,63.2416,63.9205,1751.6141934881002,0
DIG,D,20250430,000000,63.9205,64.2115,62.2716,64.0175,6096.1122578547,0
DIG,D,20250502,000000,64.2115,67.8974,64.0175,67.3154,9569.442580315801,0
DIG,D,20250505,000000,67.7034,68.7703,66.9274,67.8004,5595.0619352913,0
DIG,D,20250506,000000,67.8974,68.1884,65.0845,66.8304,4764.1019353199,0
DIG,D,20250507,000000,66.8304,66.9274,66.1514,66.9274,3568.1793547159004,0
DIG,D,20250508,000000,66.0544,66.3454,65.0845,65.7635,4341.4051611409,0
DIG,D,20250509,000000,65.7635,65.7635,63.1446,64.1145,8311.6619351978,0
DIG,D,20250512,000000,64.5995,67.8974,64.5995,66.5394,5479.593548198501,0
DIG,D,20250513,000000,67.2184,67.6064,66.6364,66.9274,1943.3741934815,0
DIG,D,20250514,000000,68.8673,74.6871,68.8673,71.5832,15145.947096252901,0
DIG,D,20250515,000000,71.2922,72.3592,67.8974,71.0013,14360.349676925101,0
DIG,D,20250516,000000,71.4862,73.1352,71.3892,72.6502,2766.0864515177,0
DIG,D,20250519,000000,72.6502,76.1421,72.6502,75.6571,7588.953548125901,0
DIG,D,20250520,000000,75.6571,76.821,74.2991,75.2691,3991.9070966368004,0
DIG,D,20250521,000000,76.1421,78.567,76.1421,77.694,18781.139354192303,0
DIG,D,20250522,000000,77.597,78.082,75.0751,76.724,9903.4761286914,0
DIG,D,20250523,000000,76.724,78.179,75.0751,75.9481,4328.002580496201,0
DIG,D,20250526,000000,76.627,77.597,76.239,77.209,5946.6219352792,0
DIG,D,20250527,000000,77.597,78.082,75.9481,76.53,2411.4335483041,0
DIG,D,20250528,000000,77.015,78.082,76.0451,76.821,2402.154838627,0
DIG,D,20250529,000000,76.627,78.082,76.627,78.082,4624.9212901634,0
DIG,D,20250530,000000,78.082,81.3798,78.082,80.2159,4588.837419196901,0
DIG,D,20250602,000000,79.5369,82.4468,79.5369,82.4468,3505.2903224600004,0
DIG,D,20250603,000000,82.4468,83.7078,81.1859,82.3498,4974.419354667501,0
DIG,D,20250604,000000,82.2528,82.9318,80.6039,82.4468,4012.5264514748,0
DIG,D,20250605,000000,82.4468,82.4468,80.0219,80.5069,2276.3767741152,0
DIG,D,20250606,000000,80.0219,80.5069,78.082,79.9249,2419.6812902393003,0
DIG,D,20250609,000000,79.9249,79.9249,74.6871,79.9249,6003.325161083701,0
DIG,D,20250610,000000,79.9249,81.2829,79.2459,80.7009,2173.2799999252,0
DIG,D,20250611,000000,79.4399,79.4399,76.433,77.112,9316.8554835503,0
DIG,D,20250612,000000,76.918,77.306,75.0751,76.627,6605.4103223533,0
DIG,D,20250613,000000,76.433,76.433,73.9111,75.6571,3347.5522579493004,0
DIG,D,20250616,000000,75.5601,75.5601,74.2991,75.5601,4482.6477417812,0
DIG,D,20250617,000000,75.5601,76.239,72.9412,75.5601,8012.6812900468,0
DIG,D,20250618,000000,75.5601,75.8511,73.5232,75.8511,24723.637418503902,0
DIG,D,20250620,000000,75.7541,77.112,74.6871,77.015,3980.5664514759,0
DIG,D,20250623,000000,75.5601,77.5,73.2322,73.2322,5097.104515953601,0
DIG,D,20250624,000000,74.4931,77.597,73.7171,77.5,6747.6838707355,0
DIG,D,20250625,000000,78.1,82.4,76.1,80.2,42243,0
DIG,D,20250626,000000,80.3,83.8,80.3,83,5137,0
DIG,D,20250627,000000,83.8,84.2,80,83.2,2898,0
DIG,D,20250630,000000,83.1,83.1,80.2,82,1999,0
DIG,D,20250701,000000,82.4,83,81,82.8,2748,0
DIG,D,20250702,000000,82.8,83.4,81.1,83.4,5199,0
DIG,D,20250703,000000,83.4,83.4,80,82.9,2724,0
DIG,D,20250704,000000,82.9,83.2,81.1,82.8,2000,0
DIG,D,20250707,000000,82.8,83.8,82,83.6,2109,0
DIG,D,20250708,000000,83.6,84,82.3,84,3232,0
DIG,D,20250709,000000,84,84.4,82.8,84.4,2206,0
DIG,D,20250710,000000,84.4,84.4,83.2,83.2,2816,0
DIG,D,20250711,000000,84.2,84.2,80.3,82.5,3695,0
DIG,D,20250714,000000,82.1,82.5,80,80.5,3742,0
DIG,D,20250715,000000,80.5,80.8,78,80.8,3887,0
DIG,D,20250716,000000,80.8,82,79.7,82,3221,0
DIG,D,20250717,000000,82.2,82.2,79.2,82.1,2763,0
DIG,D,20250718,000000,82.1,82.1,80.5,81.5,2326,0
DIG,D,20250721,000000,81.5,81.9,80.1,81.9,3101,0
DIG,D,20250722,000000,81.8,84.9,81,84.9,10564,0
DIG,D,20250723,000000,84.9,84.9,83,84.5,2874,0
DIG,D,20250724,000000,84.9,87,83.4,84.5,5617,0
DIG,D,20250725,000000,84.4,84.5,78.1,83.7,7118,0
DIG,D,20250728,000000,83.2,83.3,81.3,81.7,2487,0
DIG,D,20250729,000000,82.4,83.8,81.8,83.8,1831,0
DIG,D,20250730,000000,84,85.5,83,84.7,7717,0
DIG,D,20250731,000000,84.7,85,84.1,85,2275,0
DIG,D,20250801,000000,84.5,86.9,84.5,86.3,7192,0
DIG,D,20250804,000000,86.3,93,85.6,89,9913,0
DIG,D,20250805,000000,90,91.8,89.5,90.8,6019,0
DIG,D,20250806,000000,90.8,92,89.4,89.5,3770,0
DIG,D,20250807,000000,89,89.3,87.4,88.5,3468,0
DIG,D,20250808,000000,89,89.1,88.1,88.4,1733,0
DIG,D,20250811,000000,89,93,88.3,92.7,4636,0
DIG,D,20250812,000000,92.7,93,92.2,93,2929,0
DIG,D,20250813,000000,93,93.9,92,93.8,4317,0
DIG,D,20250814,000000,93.6,94.4,92,94.4,2978,0
DIG,D,20250818,000000,94.4,98.5,94.4,98.1,5391,0
DIG,D,20250819,000000,98.5,99.5,97.3,98.6,4614,0
DIG,D,20250820,000000,98.6,98.7,97,97.9,2473,0
DIG,D,20250821,000000,96.7,98.3,96.3,98,3140,0
DIG,D,20250822,000000,98,98.3,96.4,97.8,3083,0
DIG,D,20250825,000000,97.8,98.4,96.6,98.4,2302,0
DIG,D,20250826,000000,98.4,98.7,96.9,98,3277,0
DIG,D,20250827,000000,98,98.6,92,94.9,4417,0
DIG,D,20250828,000000,94.9,95.7,94.1,95.5,1462,0
DIG,D,20250829,000000,95.5,96,86.1,96,8652,0
DIG,D,20250901,000000,96,98.9,96,98.9,4475,0
DIG,D,20250902,000000,98.9,99,94,98.7,5938,0
DIG,D,20250903,000000,99,101,93,98,9433,0
DIG,D,20250904,000000,98.4,98.4,94.5,98.3,6401,0
DIG,D,20250905,000000,98.9,100.8,98.1,100,5503,0
DIG,D,20250908,000000,100.4,101,100,100.2,3896,0
DIG,D,20250909,000000,102,102.2,98.7,99.5,11668,0
DIG,D,20250910,000000,99.8,101,97.5,99.6,4599,0
DIG,D,20250911,000000,100,101.4,98.8,99.7,4646,0
DIG,D,20250912,000000,99.7,100,97.6,99.3,4912,0
DIG,D,20250915,000000,99.2,99.9,97.6,99,3884,0
DIG,D,20250916,000000,99,99.1,94.7,97.8,3335,0
DIG,D,20250917,000000,97.9,97.9,95,96.9,6385,0
DIG,D,20250918,000000,98,99.4,96.6,98.6,5739,0
DIG,D,20250919,000000,98.6,99.4,97.3,98.8,2756,0
DIG,D,20250922,000000,98.8,99.3,97,98.4,2800,0
DIG,D,20250923,000000,98.7,98.9,97.9,98.8,1839,0
DIG,D,20250924,000000,98.8,98.9,96.6,98,2099,0
DIG,D,20250925,000000,97.6,97.9,96.7,97.8,3111,0
DIG,D,20250926,000000,96.7,97.5,95.7,97.4,2515,0
DIG,D,20250929,000000,97.5,99.3,96.9,97.3,5280,0
DIG,D,20250930,000000,97.4,97.4,95.8,96,2754,0
DIG,D,20251001,000000,97.9,97.9,95.4,96.9,3861,0
DIG,D,20251002,000000,96.9,97,94.5,95.6,5993,0
DIG,D,20251003,000000,95.5,96.2,95.1,96,2423,0
DIG,D,20251006,000000,96,96.2,94.6,95,6311,0
DIG,D,20251007,000000,95,95,92.4,92.6,6079,0
DIG,D,20251008,000000,92.3,94,91.2,91.6,15616,0
DIG,D,20251009,000000,91.5,91.6,89,90.5,10617,0
DIG,D,20251010,000000,90.4,90.6,89,89.3,6227,0
DIG,D,20251013,000000,89.3,89.3,87.2,88.5,6889,0
DIG,D,20251014,000000,88.5,88.7,87.2,87.6,7669,0
DIG,D,20251015,000000,87.6,92,87.5,89.6,10664,0
DIG,D,20251016,000000,90,91.9,89.4,89.5,8711,0
DIG,D,20251017,000000,89.5,89.5,89,89.5,3215,0
DIG,D,20251020,000000,89.5,90.4,89.2,89.5,10259,0
DIG,D,20251021,000000,89.5,91.9,89.2,90.6,5372,0
DIG,D,20251022,000000,91.3,95.5,90.7,93.4,5331,0
DIG,D,20251023,000000,94.2,94.8,91.7,92.2,5465,0
DIG,D,20251024,000000,92.2,92.2,91.4,91.5,5042,0
DIG,D,20251027,000000,92.5,94.7,91.3,93,10842,0
DIG,D,20251028,000000,93,94.8,92.3,93,8997,0
DIG,D,20251029,000000,93,96.6,92.5,96.6,9674,0
DIG,D,20251030,000000,98.7,98.7,96.1,98.6,6851,0
DIG,D,20251031,000000,99.3,99.3,97,98.5,3805,0
DIG,D,20251103,000000,113,114.2,102.4,104.4,78414,0
DIG,D,20251104,000000,105,107,104,106.4,34312,0
DIG,D,20251105,000000,106.8,107,104.6,105.8,14931,0
DIG,D,20251106,000000,105.8,106,104.2,105,5927,0
DIG,D,20251107,000000,104.4,105,101.6,103.8,7684,0
DIG,D,20251110,000000,106.2,107.4,104,105.6,15831,0
DIG,D,20251112,000000,105.4,107,105.4,106.8,10412,0
DIG,D,20251113,000000,107,107,105,106.2,6277,0
DIG,D,20251114,000000,107.2,109.8,106.8,108,43787,0
DIG,D,20251117,000000,108.8,113,108,108.6,27715,0
DIG,D,20251118,000000,107.8,111.2,105.4,108.8,34904,0
DIG,D,20251119,000000,108.8,109.8,107.8,108,19242,0
DIG,D,20251120,000000,108.8,112.8,108.6,111,19321,0
DIG,D,20251121,000000,111,111.8,109,111,26890,0
DIG,D,20251124,000000,116,124.8,114,124.8,27973,0
DIG,D,20251125,000000,126,136.4,125.4,134,30894,0
DIG,D,20251126,000000,137,138,128.6,129.8,17098,0
DIG,D,20251127,000000,128.2,129,123,125.2,20978,0
DIG,D,20251128,000000,125.2,132.2,125,132.2,7796,0
DIG,D,20251201,000000,136,147,135.2,143.2,34827,0
DIG,D,20251202,000000,143.2,143.2,140,140.8,15514,0
DIG,D,20251203,000000,141,142.6,141,142.6,5856,0
DIG,D,20251204,000000,142.4,142.4,133.2,135,18813,0
DIG,D,20251205,000000,133,138,126.2,137,29211,0
DIG,D,20251208,000000,137,137,133.4,137,13817,0
DIG,D,20251209,000000,138.6,143.8,135.6,143.6,11441,0
DIG,D,20251210,000000,144,153.6,144,152.8,18836,0
DIG,D,20251211,000000,150.4,152.8,145.8,150.6,13785,0
DIG,D,20251212,000000,150.6,157.8,150.6,156.6,12541,0
DIG,D,20251215,000000,157,162.4,154.2,155.4,20022,0
DIG,D,20251216,000000,155.4,158,149.6,153,14080,0
DIG,D,20251217,000000,153.4,155.8,146,148.8,14005,0
DIG,D,20251218,000000,149.8,161,149,159.6,19040,0
DIG,D,20251219,000000,162.4,163,155.6,160.8,11308,0
DIG,D,20251222,000000,162.6,165,158.6,163,15278,0
DIG,D,20251223,000000,165.2,169.8,162.6,164,18057,0
DIG,D,20251229,000000,166.6,166.6,160.2,161.6,11931,0
DIG,D,20251230,000000,165,165,155.2,163.8,9420,0
DIG,D,20260102,000000,166,166,156.2,160.2,18849,0
DIG,D,20260105,000000,159.6,162.8,155.6,160.8,21577,0
DIG,D,20260107,000000,160.8,163.6,155.2,157.6,20546,0
DIG,D,20260108,000000,157.2,157.2,151.2,156.4,20830,0
DIG,D,20260109,000000,156.6,159.2,154.2,156.6,10356,0
DIG,D,20260112,000000,156.6,156.8,150,154,18078,0
DIG,D,20260113,000000,154,154.4,149.8,153.6,13785,0
DIG,D,20260114,000000,152.8,159.8,150.4,158,19493,0
DIG,D,20260115,000000,158.6,158.6,154.6,156,5704,0
DIG,D,20260116,000000,158,159.8,155.2,158,10499,0
DIG,D,20260119,000000,158.8,158.8,154.6,155.4,5240,0
DIG,D,20260120,000000,154.8,155,150.2,153.8,6049,0
DIG,D,20260121,000000,154,154.6,151.2,154.6,5627,0
DIG,D,20260122,000000,154.6,156,152,155.8,5779,0
DIG,D,20260123,000000,155.8,155.8,153.2,155,4328,0
DIG,D,20260126,000000,153.8,161.8,152.8,160,25612,0
DIG,D,20260127,000000,160.4,160.4,155.2,157.6,8118,0
DIG,D,20260128,000000,157.2,157.6,152,153.2,15020,0
DIG,D,20260129,000000,155,160.8,154.4,158.8,12437,0
DIG,D,20260130,000000,159.2,159.8,155.2,158,6342,0
DIG,D,20260202,000000,158,163.8,155.4,162.4,29595,0
DIG,D,20260203,000000,162.4,163,157.4,159.6,13647,0
DIG,D,20260204,000000,159.6,159.6,153,153,9877,0
DIG,D,20260205,000000,153.4,156.6,143.6,151.4,17139,0
DIG,D,20260206,000000,150.2,154.2,147.2,153,9345,0
DIG,D,20260209,000000,153.2,159,153,159,7567,0
DIG,D,20260210,000000,159,159,152.8,156.6,6744,0
DIG,D,20260211,000000,158,158,154,155.6,6278,0
DIG,D,20260212,000000,155.4,155.8,152,153.4,5043,0
DIG,D,20260213,000000,156.6,156.8,153.4,156,2695,0
DIG,D,20260216,000000,155.8,157,152.2,153.8,5824,0
DIG,D,20260217,000000,153.6,155.2,151,155,4376,0
DIG,D,20260218,000000,154.8,156,152.4,156,4668,0
DIG,D,20260219,000000,156,158.2,154.6,155.8,11774,0
DIG,D,20260220,000000,157,161.8,154,158.8,30814,0
DIG,D,20260223,000000,158.8,158.8,152,152.2,12297,0
DIG,D,20260224,000000,153.8,155.4,151,153.4,7264,0
DIG,D,20260225,000000,151.2,155,150.6,153.6,5788,0
DIG,D,20260226,000000,154,155.2,152,155.2,4066,0
DIG,D,20260227,000000,156.8,158.6,154.8,157.8,6726,0
DIG,D,20260302,000000,153.2,159.8,152.2,159.2,12256,0
DIG,D,20260303,000000,158.2,159.2,151,151,13068,0
DIG,D,20260304,000000,151,159.6,151,158,8368,0
DIG,D,20260305,000000,158,160,155,160,5526,0
DIG,D,20260306,000000,160,161.4,155.6,161.2,10674,0
DIG,D,20260309,000000,160.6,172.8,154,171,36704,0
DIG,D,20260310,000000,173.4,179,172.4,176,13100,0
DIG,D,20260311,000000,177.4,178,170,173.8,9043,0
DIG,D,20260312,000000,174,174.2,167.2,170,7184,0
DIG,D,20260313,000000,169.6,180,166.6,176.8,9423,0
DIG,D,20260316,000000,176.8,179,173,175.8,5602,0
DIG,D,20260317,000000,172.4,174.2,163.2,167.4,18908,0
DIG,D,20260318,000000,167.6,181,167.4,178.8,11371,0
DIG,D,20260319,000000,178.2,178.2,169,175.8,6501,0
DIG,D,20260320,000000,175,176.2,170,173.6,4428,0
DIG,D,20260323,000000,167,173.6,160.4,171,21052,0
DIG,D,20260324,000000,170.8,175.2,164,174.4,6303,0
DIG,D,20260325,000000,171.2,176.8,168.6,171.6,6285,0
DIG,D,20260326,000000,170.8,171.6,167,169.4,4249,0
DIG,D,20260327,000000,168.2,168.8,157.8,159.2,16285,0
DIG,D,20260330,000000,158,158.8,155,157.6,7241,0
DIG,D,20260331,000000,157.4,164,155,162.8,5619,0
DIG,D,20260401,000000,162.8,170.2,162.8,169,8681,0
DIG,D,20260402,000000,168.8,173,164,169.6,7848,0
DIG,D,20260407,000000,169.6,172,160.4,160.8,13989,0
DIG,D,20260408,000000,163.8,171.2,163,169,7636,0
DIG,D,20260409,000000,168.9,171.2,165.6,169.7,4358,0
DIG,D,20260410,000000,169.5,175,166.1,174.7,11744,0
DIG,D,20260413,000000,177.8,180.9,175,179,9988,0
DIG,D,20260414,000000,182.7,192,180.1,192,16606,0
DIG,D,20260415,000000,193.1,198,189.9,196.2,16718,0
DIG,D,20260416,000000,196.3,197,190.1,194,6185,0
DIG,D,20260417,000000,195,202,192.2,199.8,10278,0
DIG,D,20260420,000000,212.6,215,203.6,211,26035,0
DIG,D,20260421,000000,211.6,213.6,207,210.8,6871,0
DIG,D,20260422,000000,210,212.4,207,210.8,6979,0
DIG,D,20260423,000000,210.8,210.8,202,204.6,8434,0
DIG,D,20260424,000000,203,203,195.2,200.8,16532,0
DIG,D,20260427,000000,199,208.6,196.2,203,7501,0
DIG,D,20260428,000000,202.6,211,200.8,202,21353,0
DIG,D,20260429,000000,199.8,202,194.4,195.8,11224,0
DIG,D,20260430,000000,199.7,199.7,193.1,199,6264,0
DIG,D,20260504,000000,199,205.6,195.3,203.6,14468,0
DIG,D,20260505,000000,203.2,203.6,188.9,191.5,19789,0
DIG,D,20260506,000000,191.6,194.9,186.8,190.9,26848,0
DIG,D,20260507,000000,194,202.8,190.9,200,9678,0
DIG,D,20260508,000000,198.9,199.9,195.1,199.8,4330,0
DIG,D,20260511,000000,199.8,204,195.2,199.9,7782,0
DIG,D,20260512,000000,211.8,211.8,199.2,202.8,8543,0
DIG,D,20260513,000000,202.4,204.4,198.9,203.4,5981,0
DIG,D,20260514,000000,202.8,208.4,200.4,203.8,8074,0
DIG,D,20260515,000000,198.3,203.4,196.1,200.4,7485,0
DIG,D,20260518,000000,200.2,203.4,195.4,199.1,7504,0
DIG,D,20260519,000000,198.8,198.8,193,195,5290,0
DIG,D,20260520,000000,194.3,195,191.5,194.9,2624,0
DIG,D,20260521,000000,193,198.9,192.8,197.5,3407,0
DIG,D,20260522,000000,197.5,197.5,191.7,196.5,4904,0
DIG,D,20260525,000000,194,202.2,193.8,202.2,4958,0
DIG,D,20260526,000000,202.6,203,195,201.2,3780,0
DIG,D,20260527,000000,201,201.2,192.5,194.7,5459,0
DIG,D,20260528,000000,196.9,214.6,195.6,206.8,24576,0
DIG,D,20260529,000000,208.2,214.2,205,213.8,7555,0
DIG,D,20260601,000000,211.8,212.2,204,210.4,11649,0
DIG,D,20260602,000000,212.6,219.6,207.4,215,22679,0
DIG,D,20260603,000000,216.8,221.4,215,218,9539,0
DIG,D,20260605,000000,220,229,217.2,227,9434,0
DIG,D,20260608,000000,227,227,216.4,216.4,13057,0
DIG,D,20260609,000000,220.8,227.2,218,222.8,79828,0
DIG,D,20260610,000000,227.6,234.8,220.6,225.6,11028,0
DIG,D,20260611,000000,225.8,236,224,231.6,11465,0
DIG,D,20260612,000000,233.8,240.6,227,239,10934,0
DIG,D,20260615,000000,240,249.4,240,242.2,10140,0
DIG,D,20260616,000000,245.6,252,243.4,246,9138,0
DIG,D,20260617,000000,250,256,235.2,252,14726,0
DIG,D,20260618,000000,252.6,255,247.4,248.6,13047,0
DIG,D,20260619,000000,253.6,262,251.4,261,21586,0
DIG,D,20260622,000000,261.2,280,252.2,270,16685,0
DIG,D,20260623,000000,268,271.8,255.4,266.8,10868,0
DIG,D,20260624,000000,265.8,265.8,254,259,11739,0
DIG,D,20260625,000000,261.6,280,255.4,273.8,16367,0
DIG,D,20260626,000000,275,275,266.6,271,9255,0
DIG,D,20260629,000000,272.6,276,264.2,266,9143,0
DIG,D,20260630,000000,270.2,273.2,266,271,6908,0
DIG,D,20260701,000000,271,274.6,268,270,7631,0
DIG,D,20260702,000000,272.2,282,267,279.4,14527,0
DIG,D,20260703,000000,283,295,271.6,285.6,12615,0
DIG,D,20260706,000000,290.6,300,289.6,299.4,17875,0
DIG,D,20260707,000000,299.4,313.8,291.2,307,21907,0
DIG,D,20260708,000000,310,314.6,301,307,19122,0
DIG,D,20260709,000000,307,310,293.4,299.8,9898,0
DIG,D,20260710,000000,302.8,311,292.4,306.8,17082,0
DIG,D,20260713,000000,308,316.8,300.2,314.2,12517,0
DIG,D,20260714,000000,314.4,314.8,308,313.6,9343,0
DIG,D,20260715,000000,313.4,316.8,310,315.6,10906,0
DIG,D,20260716,000000,316.2,317,302.2,304,10468,0
DIG,D,20260717,000000,302,302.2,285.4,292,20092,0
DIG,D,20260720,000000,291.8,299,291.4,294,4535,0
DIG,D,20260721,000000,296,297.6,287,291.4,6660,0
DIG,D,20260722,000000,291,294,277.2,287,6550,0
DIG,D,20260723,000000,294,305.6,293,297,12642,0
DIG,D,20260724,000000,295,305.6,290.6,296.8,5818,0
DIG,D,20260727,000000,298.8,310.6,296.8,306.4,9198,0
DIG,D,20260728,000000,307.4,314.8,304,307.6,8375,0
DIG,D,20260729,000000,309,314.8,303.2,310.4,11612,0
DIG,D,20260730,000000,307.4,310,295.2,304.8,7548,0
DIG,D,20260731,000000,305,308.4,298.2,300,3200,0
DIG,D,20260803,000000,300.4,309,295,301.4,6824,0
DIG,D,20260804,000000,301.6,315,297,309,9878,0
DIG,D,20260805,000000,314.4,314.6,309,311,8180,0
DIG,D,20260806,000000,314.6,314.8,306,312,4373,0
DIG,D,20260807,000000,314.2,325,308,311,11830,0
DIG,D,20260810,000000,312,317,296,307,15995,0
DIG,D,20260811,000000,307.4,312,306,310.4,5042,0
DIG,D,20260812,000000,310.4,311.8,301,305.8,5610,0
DIG,D,20260813,000000,301.6,308.8,300.2,307.6,4158,0
DIG,D,20260814,000000,309,309,300.8,303.6,4149,0
DIG,D,20260817,000000,303,305.6,300,300,4276,0
DIG,D,20260818,000000,301,304.8,294.6,295,4729,0
