<TICKER>,<PER>,<DATE>,<TIME>,<OPEN>,<HIGH>,<LOW>,<CLOSE>,<VOL>,<OPENINT>
ETL,D,20061229,000000,3.96361,3.96612,3.68074,3.84735,1422153.4102902,0
ETL,D,20070102,000000,3.94188,3.96612,3.82815,3.88411,316851.26003231,0
ETL,D,20070103,000000,3.89096,3.89096,3.63247,3.68794,110695.68456229,0
ETL,D,20070104,000000,3.68074,3.68074,3.44153,3.58161,105574.1447562,0
ETL,D,20070105,000000,3.54542,3.66649,3.49225,3.60571,59566.170343899,0
ETL,D,20070108,000000,3.56714,3.60843,3.51167,3.60843,53197.883424593,0
ETL,D,20070109,000000,3.62051,3.62051,3.57203,3.60843,10771.265243376,0
ETL,D,20070110,000000,3.60571,3.60571,3.53095,3.59363,6376.8753035534,0
ETL,D,20070111,000000,3.5552,3.63247,3.46571,3.63247,57881.415634072,0
ETL,D,20070112,000000,3.6347,3.70492,3.59635,3.63247,75934.199321707,0
ETL,D,20070115,000000,3.69289,3.69289,3.58419,3.60843,52018.411987977,0
ETL,D,20070116,000000,3.67843,3.67843,3.60347,3.62051,29934.813293651,0
ETL,D,20070117,000000,3.62275,3.67584,3.59865,3.62051,40754.74604776,0
ETL,D,20070118,000000,3.59635,3.59635,3.57441,3.59635,48736.217808168,0
ETL,D,20070119,000000,3.67096,3.67096,3.53822,3.66649,33586.307996089,0
ETL,D,20070122,000000,3.68074,3.70492,3.60843,3.65182,28132.68399911,0
ETL,D,20070123,000000,3.65656,3.65656,3.58419,3.58419,10371.905375881,0
ETL,D,20070124,000000,3.60843,3.68074,3.58419,3.63247,30278.348663539,0
ETL,D,20070125,000000,3.60843,3.7508,3.60843,3.7508,132651.88889028,0
ETL,D,20070126,000000,3.72677,3.7508,3.63247,3.7316,20481.865032221,0
ETL,D,20070129,000000,3.78706,3.82325,3.72677,3.82325,52834.308491462,0
ETL,D,20070130,000000,3.78706,3.79916,3.71693,3.78218,56029.187431424,0
ETL,D,20070131,000000,3.70749,3.82325,3.70492,3.82102,137750.52633838,0
ETL,D,20070201,000000,3.78706,3.82325,3.77498,3.77498,62646.537493899,0
ETL,D,20070202,000000,3.82584,4.52649,3.77498,4.3964,1572475.8997691,0
ETL,D,20070205,000000,4.3964,4.49267,4.11835,4.26583,384586.41519269,0
ETL,D,20070206,000000,4.22964,4.27316,4.0165,4.18088,203627.72770659,0
ETL,D,20070207,000000,4.18088,4.18088,3.99965,4.06254,75129.753997218,0
ETL,D,20070208,000000,4.01936,4.08684,3.99029,4.05052,72693.51566576,0
ETL,D,20070209,000000,4.00929,4.21002,3.85218,4.21002,136022.82970732,0
ETL,D,20070212,000000,4.27799,4.4203,4.24145,4.33325,83368.877285042,0
ETL,D,20070213,000000,4.30412,4.4203,4.26834,4.4203,55277.703809793,0
ETL,D,20070214,000000,4.37935,4.75444,4.37935,4.63526,155350.98845565,0
ETL,D,20070215,000000,4.65985,4.65985,4.44425,4.53879,21349.29184119,0
ETL,D,20070216,000000,4.5802,4.77799,4.4203,4.77799,178475.21304127,0
ETL,D,20070219,000000,4.78037,4.85093,4.65985,4.78037,80435.944064619,0
ETL,D,20070220,000000,4.73698,4.78037,4.68382,4.77799,29525.433644533,0
ETL,D,20070221,000000,4.73419,4.89892,4.73419,4.8387,22324.073453248,0
ETL,D,20070222,000000,4.94238,5.08978,4.8387,5.08517,106839.50003529,0
ETL,D,20070223,000000,5.01712,5.01712,4.8744,5.01251,30574.647920068,0
ETL,D,20070226,000000,5.01712,5.01712,4.78037,4.91066,89389.334642336,0
ETL,D,20070227,000000,4.78037,4.78037,4.33584,4.37203,76983.413597241,0
ETL,D,20070228,000000,4.25312,4.63289,4.13491,4.35022,132511.61194758,0
ETL,D,20070301,000000,4.43245,4.53879,4.18088,4.2993,55138.858264463,0
ETL,D,20070302,000000,4.25793,4.3454,4.25619,4.2993,40283.816311539,0
ETL,D,20070305,000000,4.30412,4.30412,4.08684,4.13491,40519.996878337,0
ETL,D,20070306,000000,4.21749,4.27799,3.94188,4.0165,127882.47283833,0
ETL,D,20070307,000000,4.09893,4.31145,4.09893,4.27799,31243.110493975,0
ETL,D,20070308,000000,4.25312,4.3598,4.16698,4.3598,38404.391558774,0
ETL,D,20070309,000000,4.4203,4.4203,4.18396,4.18396,29718.672290095,0
ETL,D,20070312,000000,4.22964,4.3023,4.14253,4.26102,31500.762021391,0
ETL,D,20070313,000000,4.18396,4.20527,4.11109,4.13491,11757.49803443,0
ETL,D,20070314,000000,4.09174,4.36937,3.96612,4.20527,26467.968852527,0
ETL,D,20070315,000000,4.25312,4.25312,4.13491,4.13491,7042.4750827122,0
ETL,D,20070316,000000,4.09174,4.147,4.08684,4.11109,15958.64932869,0
ETL,D,20070319,000000,4.19311,4.25312,4.147,4.22964,25679.268899158,0
ETL,D,20070320,000000,4.22964,4.25312,4.18088,4.22964,19952.248003643,0
ETL,D,20070321,000000,4.31411,4.3454,4.23181,4.24145,61527.184747012,0
ETL,D,20070322,000000,4.3023,4.44425,4.24145,4.24145,61405.515970176,0
ETL,D,20070323,000000,4.24145,4.58685,4.21749,4.53172,156786.68002232,0
ETL,D,20070326,000000,4.54067,4.69604,4.5049,4.58685,81873.067028653,0
ETL,D,20070327,000000,4.58489,4.64993,4.58489,4.58489,27351.141032615,0
ETL,D,20070328,000000,4.54067,4.57504,4.54067,4.56519,43547.402325479,0
ETL,D,20070329,000000,4.56519,4.99253,4.56519,4.99253,343055.85176793,0
ETL,D,20070330,000000,4.99253,5.1363,4.82361,5.1363,75656.508231047,0
ETL,D,20070402,000000,5.1143,5.37699,4.92553,5.37699,120994.58867207,0
ETL,D,20070403,000000,5.37699,5.37699,5.19814,5.25402,66063.283026914,0
ETL,D,20070404,000000,5.35393,5.399,5.13833,5.23245,167334.64727527,0
ETL,D,20070405,000000,5.1813,5.25402,5.01712,5.22525,123256.19652383,0
ETL,D,20070410,000000,5.1741,5.20841,5.01712,5.20841,20444.648700484,0
ETL,D,20070411,000000,5.15727,5.15727,4.99253,5.01454,54519.063201289,0
ETL,D,20070412,000000,4.96696,5.01454,4.54067,4.89892,21453.783849531,0
ETL,D,20070413,000000,4.88663,4.88663,4.68382,4.81424,39923.104173156,0
ETL,D,20070416,000000,4.76814,4.8387,4.76814,4.78037,2174.2926119187,0
ETL,D,20070417,000000,4.61088,4.75584,4.61088,4.75584,30102.286786471,0
ETL,D,20070418,000000,4.70827,5.13833,4.58685,4.61088,106443.00296255,0
ETL,D,20070419,000000,4.65985,4.65985,4.55576,4.65985,8020.1194895196,0
ETL,D,20070420,000000,4.61555,4.69325,4.54067,4.69325,73198.798938971,0
ETL,D,20070423,000000,4.78784,4.78784,4.54067,4.54639,65787.023333629,0
ETL,D,20070424,000000,4.65985,4.75444,4.56798,4.75444,10470.671794724,0
ETL,D,20070425,000000,4.70547,5.04165,4.70547,5.01712,32947.904767047,0
ETL,D,20070426,000000,4.9685,4.98079,4.78037,4.98079,48988.143746085,0
ETL,D,20070427,000000,4.93015,4.98388,4.8387,4.92295,36911.444097134,0
ETL,D,20070430,000000,5.02014,5.02014,4.81424,4.89892,6322.4822033211,0
ETL,D,20070502,000000,4.8744,5.04165,4.8744,5.04165,13616.883223952,0
ETL,D,20070504,000000,5.04165,5.25647,5.04165,5.20841,40146.402163583,0
ETL,D,20070507,000000,5.25402,5.67453,5.1741,5.67453,58587.094539718,0
ETL,D,20070508,000000,5.67453,5.67453,5.30405,5.33227,148757.97214855,0
ETL,D,20070509,000000,5.37699,5.37699,4.97108,5.01712,40787.668187375,0
ETL,D,20070510,000000,5.1143,5.1143,4.61088,4.61088,37993.580512283,0
ETL,D,20070511,000000,4.61088,4.80942,4.38634,4.80942,57656.68624627,0
ETL,D,20070514,000000,4.80942,4.80942,4.56994,4.59858,50346.53985452,0
ETL,D,20070515,000000,4.65985,4.78037,4.44425,4.75584,45202.09769044,0
ETL,D,20070516,000000,4.70827,4.75584,4.54067,4.7323,47785.769951476,0
ETL,D,20070517,000000,4.7323,4.7323,4.56519,4.72713,9319.8283055974,0
ETL,D,20070518,000000,4.72524,4.72524,4.58685,4.63289,5218.8748275546,0
ETL,D,20070521,000000,4.7323,4.7323,4.58685,4.61088,16652.87705534,0
ETL,D,20070522,000000,4.70547,4.70827,4.54067,4.54067,14670.391691609,0
ETL,D,20070523,000000,4.63107,4.69325,4.55108,4.69325,6631.6640362207,0
ETL,D,20070524,000000,4.56519,4.68382,4.56519,4.58489,3476.8642227455,0
ETL,D,20070525,000000,4.58685,4.67627,4.54067,4.65699,6807.7259132885,0
ETL,D,20070528,000000,4.66216,4.7323,4.65985,4.71294,7012.415737847,0
ETL,D,20070529,000000,4.72,4.72,4.65985,4.66691,52678.286177637,0
ETL,D,20070530,000000,4.64281,4.64281,4.58489,4.63994,2510.6709949344,0
ETL,D,20070531,000000,4.58971,4.82361,4.54354,4.82361,24519.837025785,0
ETL,D,20070601,000000,4.78037,4.78037,4.64805,4.64993,7474.7570898218,0
ETL,D,20070604,000000,4.64805,4.6551,4.64805,4.64805,22507.292317188,0
ETL,D,20070605,000000,4.68144,4.68144,4.61555,4.63526,3630.0237418208,0
ETL,D,20070606,000000,4.62115,4.62115,4.53879,4.54067,8906.1544643568,0
ETL,D,20070608,000000,4.49505,4.54067,4.4203,4.46641,24257.891306244,0
ETL,D,20070611,000000,4.4203,4.63107,4.4203,4.63107,11263.665940216,0
ETL,D,20070612,000000,4.65985,4.65985,4.51706,4.61409,35753.443621135,0
ETL,D,20070613,000000,4.58685,4.65699,4.58685,4.64805,65892.946739344,0
ETL,D,20070614,000000,4.65699,4.82361,4.61088,4.78037,82066.305674215,0
ETL,D,20070615,000000,4.8723,4.8723,4.70827,4.77799,88361.591327421,0
ETL,D,20070618,000000,4.80195,4.89892,4.78037,4.78037,104590.7747599,0
ETL,D,20070619,000000,4.86218,4.86218,4.7323,4.77799,1981.0539663564,0
ETL,D,20070620,000000,4.8723,4.8723,4.54067,4.54067,44253.081231125,0
ETL,D,20070621,000000,4.54067,4.65699,4.54067,4.65699,6263.7949109652,0
ETL,D,20070622,000000,4.63289,5.25137,4.63289,5.01712,288790.14590193,0
ETL,D,20070625,000000,5.11892,5.30971,5.02014,5.02014,46381.569127058,0
ETL,D,20070626,000000,4.97108,5.30405,4.97108,5.25647,31469.271279152,0
ETL,D,20070627,000000,5.28051,5.56861,5.20121,5.56861,78900.054681744,0
ETL,D,20070628,000000,5.52013,5.52013,5.35784,5.35784,18852.934820001,0
ETL,D,20070629,000000,5.31635,5.31635,5.04165,5.20841,65799.905909999,0
ETL,D,20070702,000000,5.15727,5.25402,5.01712,5.19814,33657.877864815,0
ETL,D,20070703,000000,5.14505,5.22993,5.06624,5.18438,16775.97722955,0
ETL,D,20070704,000000,5.28721,5.37699,5.01712,5.20841,1266.7866764635,0
ETL,D,20070705,000000,5.03194,5.20841,5.03194,5.03194,7861.2343809462,0
ETL,D,20070706,000000,5.13833,5.24935,4.97108,4.97108,16836.09591928,0
ETL,D,20070709,000000,5.06624,5.1695,5.01712,5.07798,14826.414005434,0
ETL,D,20070710,000000,5.02474,5.02474,4.78037,4.81424,19018.976915446,0
ETL,D,20070711,000000,4.89892,4.89892,4.75871,4.88663,2745.4201643581,0
ETL,D,20070712,000000,4.95467,4.98388,4.95467,4.95467,4224.0536522528,0
ETL,D,20070713,000000,5.0028,5.0028,4.90604,4.95167,768.66039012529,0
ETL,D,20070716,000000,4.9015,4.96696,4.67627,4.96696,4131.012822908,0
ETL,D,20070717,000000,4.91582,5.0028,4.68849,4.99253,7756.7423726052,0
ETL,D,20070718,000000,4.94238,4.95467,4.72524,4.95467,2570.7896846649,0
ETL,D,20070719,000000,4.90352,5.0028,4.90352,5.0028,1636.0871990935,0
ETL,D,20070720,000000,4.95167,4.95167,4.8118,4.83108,4461.6656164256,0
ETL,D,20070723,000000,4.83108,4.87747,4.78504,4.87747,15990.140070931,0
ETL,D,20070724,000000,4.73887,4.90604,4.73887,4.83402,25662.092130664,0
ETL,D,20070725,000000,4.78504,4.83402,4.78504,4.83402,8154.6708427259,0
ETL,D,20070726,000000,4.88159,4.95167,4.73698,4.85756,21460.940836404,0
ETL,D,20070727,000000,4.80664,4.80664,4.62771,4.7972,6110.6353918899,0
ETL,D,20070730,000000,4.74927,4.93015,4.66453,4.90604,10430.592668237,0
ETL,D,20070731,000000,4.85561,4.95467,4.76109,4.95167,4032.2464040651,0
ETL,D,20070801,000000,4.8387,4.8387,4.78504,4.83402,44658.166688117,0
ETL,D,20070802,000000,4.83402,4.83402,4.83402,4.83402,5.72558949814,0
ETL,D,20070806,000000,4.82877,4.82877,4.68849,4.82647,7659.4073511368,0
ETL,D,20070807,000000,4.80942,4.98079,4.80942,4.88159,218219.39254261,0
ETL,D,20070808,000000,4.97877,4.97877,4.88159,4.97877,45222.137253684,0
ETL,D,20070809,000000,5.04934,5.04934,4.59858,4.80942,53746.10861904,0
ETL,D,20070810,000000,4.90604,4.90604,4.61555,4.7949,22680.491399507,0
ETL,D,20070813,000000,4.87894,4.89892,4.59858,4.89892,17504.558493188,0
ETL,D,20070814,000000,4.84813,4.94503,4.60424,4.92756,8343.6152961645,0
ETL,D,20070816,000000,4.54639,4.87894,4.37461,4.54354,12278.526678761,0
ETL,D,20070817,000000,4.49784,4.51943,4.22964,4.51706,41089.693033402,0
ETL,D,20070820,000000,4.47122,4.63994,4.03641,4.60892,26559.578284497,0
ETL,D,20070821,000000,4.70072,4.70072,4.36455,4.37636,9991.1536742543,0
ETL,D,20070822,000000,4.60892,4.60892,4.43469,4.59202,9659.0694833622,0
ETL,D,20070823,000000,4.54354,4.67627,4.5026,4.59202,58595.682923965,0
ETL,D,20070824,000000,4.62771,4.68144,4.37461,4.54354,17069.41369133,0
ETL,D,20070827,000000,4.54354,4.75871,4.54354,4.59383,57965.86807917,0
ETL,D,20070828,000000,4.59202,4.69835,4.54354,4.69835,50037.35802162,0
ETL,D,20070829,000000,4.64805,4.75584,4.59202,4.75584,6598.7418966063,0
ETL,D,20070830,000000,4.71532,4.77282,4.71016,4.76109,14925.180424276,0
ETL,D,20070831,000000,4.78358,4.83402,4.69087,4.78504,5390.6425124988,0
ETL,D,20070903,000000,4.83402,4.86218,4.71294,4.86218,38919.694613607,0
ETL,D,20070904,000000,4.93993,5.0028,4.8387,5.0028,13522.410997232,0
ETL,D,20070905,000000,4.95467,5.05394,4.84527,4.99107,20440.35450836,0
ETL,D,20070906,000000,4.94238,4.94238,4.74215,4.94238,40269.502337793,0
ETL,D,20070907,000000,4.83402,4.83583,4.53172,4.70547,13601.137852831,0
ETL,D,20070910,000000,4.65699,4.65699,4.54354,4.63289,3511.2177597344,0
ETL,D,20070911,000000,4.63812,4.63812,4.49505,4.54354,8741.5437662852,0
ETL,D,20070912,000000,4.6551,4.83402,4.59202,4.70072,14812.100031688,0
ETL,D,20070913,000000,4.59383,4.80664,4.59202,4.63107,6225.1471818527,0
ETL,D,20070914,000000,4.76109,4.76109,4.59383,4.62771,3317.9791141721,0
ETL,D,20070917,000000,4.56798,4.60892,4.49505,4.5802,5161.6189325732,0
ETL,D,20070918,000000,4.47122,4.47122,4.39857,4.459,4557.5692405194,0
ETL,D,20070919,000000,4.56798,4.56798,4.42246,4.54354,3697.2994184239,0
ETL,D,20070920,000000,4.51943,4.5802,4.45167,4.5802,4238.3676259981,0
ETL,D,20070921,000000,4.5802,4.5802,4.45425,4.55576,1117.9213495118,0
ETL,D,20070924,000000,4.54354,4.55108,4.54354,4.55108,518.16584958167,0
ETL,D,20070925,000000,4.55576,4.71294,4.55289,4.71294,6306.7368322012,0
ETL,D,20070926,000000,4.78504,4.78504,4.68849,4.71294,6014.7317677961,0
ETL,D,20070927,000000,4.72524,4.72524,4.70072,4.72524,4022.2266224433,0
ETL,D,20070928,000000,4.54877,4.5802,4.54067,4.5802,5433.5844337349,0
ETL,D,20071001,000000,4.5341,4.62771,4.5341,4.62771,1666.1465439587,0
ETL,D,20071002,000000,4.58971,4.59202,4.42547,4.58685,1036.3316991633,0
ETL,D,20071003,000000,4.42547,4.54067,4.26102,4.54067,4511.7645245343,0
ETL,D,20071004,000000,4.56798,4.56798,4.47122,4.56519,7418.9325922149,0
ETL,D,20071005,000000,4.44685,4.56519,4.44685,4.56519,13493.783049741,0
ETL,D,20071008,000000,4.54354,4.56519,4.47618,4.49505,2157.1158434242,0
ETL,D,20071009,000000,4.56798,4.56798,4.44685,4.56798,8196.1813665874,0
ETL,D,20071010,000000,4.59202,4.59202,4.49505,4.58971,11461.198777902,0
ETL,D,20071011,000000,4.65231,4.65231,4.65231,4.65231,207.55261930757,0
ETL,D,20071012,000000,4.60424,4.61555,4.48562,4.61555,5144.4421640788,0
ETL,D,20071015,000000,4.64993,4.6739,4.55576,4.59202,209507.90812119,0
ETL,D,20071016,000000,4.49784,4.66216,4.49784,4.66216,9684.8346361038,0
ETL,D,20071017,000000,4.64993,4.64993,4.64993,4.64993,1338.3565451902,0
ETL,D,20071018,000000,4.59202,4.60424,4.56994,4.59202,25196.88798394,0
ETL,D,20071019,000000,4.59202,4.63994,4.52181,4.63994,46003.68022018,0
ETL,D,20071022,000000,4.59202,4.66453,4.59202,4.66453,62476.201206329,0
ETL,D,20071023,000000,4.66453,4.88159,4.66453,4.88159,8118.8859083625,0
ETL,D,20071024,000000,4.88159,5.24474,4.88159,5.19353,129478.48091093,0
ETL,D,20071025,000000,5.31529,5.41366,5.22064,5.22064,73774.220683534,0
ETL,D,20071026,000000,5.22064,5.30405,5.19618,5.22064,2673.8502956314,0
ETL,D,20071029,000000,5.0749,5.29225,5.0749,5.29077,1699.068683573,0
ETL,D,20071030,000000,5.31635,5.43783,5.28051,5.34401,14776.315097325,0
ETL,D,20071031,000000,5.34093,5.399,5.24474,5.37028,5744.197664009,0
ETL,D,20071102,000000,5.31529,5.36748,5.24474,5.36748,2915.7564519278,0
ETL,D,20071105,000000,5.38711,5.38711,5.02634,5.06624,27800.599808218,0
ETL,D,20071106,000000,5.06778,5.29225,5.06778,5.13833,4391.5271450734,0
ETL,D,20071107,000000,5.12813,5.12813,4.83402,5.0749,104682.38419187,0
ETL,D,20071108,000000,4.97877,5.03857,4.73698,5.03857,15164.223785823,0
ETL,D,20071109,000000,4.98793,5.19618,4.98793,5.0749,15194.283130689,0
ETL,D,20071112,000000,5.0749,5.53417,5.0749,5.52914,102752.86053099,0
ETL,D,20071113,000000,5.52914,5.55841,5.31635,5.55841,74106.304874426,0
ETL,D,20071114,000000,5.60689,5.67955,5.55841,5.67955,20222.782107431,0
ETL,D,20071115,000000,5.67955,5.80069,5.23245,5.67955,59815.233487069,0
ETL,D,20071116,000000,5.3658,5.67955,5.31635,5.41366,97051.604788222,0
ETL,D,20071119,000000,5.52236,5.96976,5.52236,5.92407,148979.83874161,0
ETL,D,20071120,000000,5.92128,6.07155,5.8728,6.00595,31685.412282707,0
ETL,D,20071121,000000,5.8728,5.96976,5.80069,5.80069,8196.1813665874,0
ETL,D,20071122,000000,5.61647,5.79336,5.61647,5.79336,169650.64822727,0
ETL,D,20071123,000000,5.80069,5.80069,5.67955,5.71561,64045.01272882,0
ETL,D,20071126,000000,5.72748,5.81194,5.43783,5.60689,385133.20898976,0
ETL,D,20071127,000000,5.55841,5.55841,5.51049,5.55841,60277.574839044,0
ETL,D,20071128,000000,5.61416,5.61416,5.52236,5.55841,31628.156387726,0
ETL,D,20071129,000000,5.65308,5.67955,5.58266,5.67955,174248.29659426,0
ETL,D,20071130,000000,5.79336,5.7979,5.67955,5.7522,172404.65677587,0
ETL,D,20071203,000000,5.7522,5.7522,5.7522,5.7522,1757.755975929,0
ETL,D,20071204,000000,5.72748,5.72748,5.55841,5.55841,2224.3915200274,0
ETL,D,20071205,000000,5.56121,5.56121,5.56121,5.56121,273.39689853618,0
ETL,D,20071206,000000,5.55841,5.63107,5.55841,5.63107,5457.918189102,0
ETL,D,20071207,000000,5.65532,5.79049,5.65532,5.79049,4614.8251355008,0
ETL,D,20071210,000000,5.74942,5.79049,5.60689,5.7038,10595.203366308,0
ETL,D,20071211,000000,5.74942,5.74942,5.74942,5.74942,164.61069807152,0
ETL,D,20071212,000000,5.61927,5.61927,5.55841,5.55841,1585.9882909848,0
ETL,D,20071213,000000,5.55841,5.55841,5.55841,5.55841,4317.0944815976,0
ETL,D,20071214,000000,5.50323,5.55841,5.34093,5.55841,7191.3404096638,0
ETL,D,20071217,000000,5.55841,5.66775,5.34093,5.38941,11034.64236029,0
ETL,D,20071218,000000,5.37985,5.53417,5.29225,5.53417,4697.8461832239,0
ETL,D,20071219,000000,5.3658,5.55841,5.26876,5.55841,11903.500566633,0
ETL,D,20071220,000000,5.50323,5.58266,5.41366,5.58266,2068.3692062031,0
ETL,D,20071221,000000,5.60689,5.60689,5.27848,5.58266,13984.752349207,0
ETL,D,20071227,000000,5.67955,5.67955,5.43783,5.55394,4458.8028216765,0
ETL,D,20071228,000000,5.49869,5.65532,5.48632,5.65532,12122.504364937,0
ETL,D,20080102,000000,5.65532,5.65532,5.38941,5.65532,11007.445810174,0
ETL,D,20080103,000000,5.50769,5.53194,5.38941,5.53194,2791.2248803432,0
ETL,D,20080104,000000,5.53194,5.53194,5.53194,5.53194,1241.0215237218,0
ETL,D,20080107,000000,5.41366,5.55841,5.41366,5.48632,10791.304806619,0
ETL,D,20080108,000000,5.48632,5.48632,5.48632,5.48632,9073.6279571774,0
ETL,D,20080109,000000,5.31635,5.31635,4.95676,5.28051,20350.176473764,0
ETL,D,20080110,000000,5.05394,5.19618,4.86218,4.86218,3780.3204661469,0
ETL,D,20080111,000000,4.84813,5.0749,4.82172,5.0749,9743.5219284597,0
ETL,D,20080114,000000,4.82172,5.04374,4.56798,5.04374,11389.628909175,0
ETL,D,20080115,000000,5.0028,5.0028,5.0028,5.0028,2066.9378088285,0
ETL,D,20080116,000000,4.95467,4.95467,4.63994,4.71294,16003.022647301,0
ETL,D,20080117,000000,4.88159,5.1363,4.83583,5.03857,3936.3427799712,0
ETL,D,20080118,000000,5.07288,5.07288,4.84051,5.07288,999.11536742543,0
ETL,D,20080121,000000,4.59383,5.02167,4.59383,4.80942,4198.2884995112,0
ETL,D,20080122,000000,4.97877,4.97877,4.35022,4.80195,38551.825488351,0
ETL,D,20080123,000000,4.59202,4.77093,4.59202,4.77093,911.80012757879,0
ETL,D,20080124,000000,4.77282,4.83402,4.56044,4.83402,12320.037202623,0
ETL,D,20080125,000000,4.83402,4.85756,4.71294,4.71294,5646.8626425406,0
ETL,D,20080128,000000,4.94957,4.94957,4.94957,4.94957,164.61069807152,0
ETL,D,20080129,000000,4.94698,5.19618,4.83402,5.1695,18933.093072974,0
ETL,D,20080130,000000,5.14755,5.14755,4.97877,5.14755,1554.497548745,0
ETL,D,20080131,000000,4.83402,5.05087,4.71294,4.71294,4759.3962703289,0
ETL,D,20080201,000000,5.14755,5.14755,4.83402,4.99253,2479.1802526946,0
ETL,D,20080204,000000,5.15518,5.15727,4.76339,5.07029,2068.3692062031,0
ETL,D,20080205,000000,4.95167,4.95167,4.95167,4.95167,207.55261930757,0
ETL,D,20080206,000000,4.83402,5.01454,4.71294,5.01454,6459.8963512765,0
ETL,D,20080208,000000,4.78973,5.0028,4.73698,4.74403,2351.785886361,0
ETL,D,20080211,000000,4.74403,4.88159,4.74403,4.88159,591.16711568295,0
ETL,D,20080212,000000,4.71294,4.87894,4.71294,4.87894,2705.3410378711,0
ETL,D,20080213,000000,4.87894,4.95467,4.87894,4.95467,12413.078031968,0
ETL,D,20080214,000000,5.08517,5.08517,5.08517,5.08517,121.66877683547,0
ETL,D,20080215,000000,5.08517,5.1164,5.08517,5.1164,38.647729112445,0
ETL,D,20080218,000000,5.07288,5.07288,5.07029,5.07029,5171.638714195,0
ETL,D,20080219,000000,5.14755,5.14755,4.95676,5.07288,24992.198159381,0
ETL,D,20080220,000000,5.05087,5.05087,5.05087,5.05087,503.85187583632,0
ETL,D,20080222,000000,4.78504,4.94957,4.78504,4.94957,682.77654765319,0
ETL,D,20080225,000000,4.94957,4.94957,4.79999,4.79999,2274.4904281361,0
ETL,D,20080226,000000,4.94698,4.94698,4.80195,4.80474,18805.698706641,0
ETL,D,20080227,000000,4.96696,4.9757,4.83402,4.93015,320.63301189584,0
ETL,D,20080228,000000,4.83402,4.83402,4.83402,4.83402,416.53663598968,0
ETL,D,20080229,000000,4.89389,4.89389,4.73698,4.83108,65.84427922861,0
ETL,D,20080303,000000,4.82877,4.90604,4.82877,4.90604,518.16584958167,0
ETL,D,20080304,000000,4.68849,4.90352,4.68849,4.89892,1939.5434424949,0
ETL,D,20080305,000000,4.78504,4.78504,4.78504,4.78504,1657.5581597115,0
ETL,D,20080306,000000,4.90604,5.15985,4.83402,4.83402,1271.0808685871,0
ETL,D,20080307,000000,4.73698,4.80942,4.66453,4.80942,5423.5646521131,0
ETL,D,20080310,000000,4.85093,4.85093,4.71721,4.71721,442.30178873131,0
ETL,D,20080311,000000,4.83402,4.95467,4.76109,4.88159,5171.638714195,0
ETL,D,20080312,000000,4.93015,4.93015,4.64281,4.80942,3123.3090712354,0
ETL,D,20080313,000000,4.78504,4.78504,4.76109,4.76109,1525.8696012543,0
ETL,D,20080314,000000,4.76109,4.76109,4.71294,4.71294,259.08292479083,0
ETL,D,20080317,000000,4.71532,4.80942,4.71532,4.80942,150.29672432617,0
ETL,D,20080318,000000,4.76109,5.14755,4.76109,5.12095,8515.3829811087,0
ETL,D,20080319,000000,5.02634,5.02634,4.76109,4.95467,37904.833875062,0
ETL,D,20080320,000000,5.14505,5.14505,4.76814,4.76814,167.47349282059,0
ETL,D,20080325,000000,4.78784,4.94238,4.76109,4.76109,23046.929127389,0
ETL,D,20080326,000000,4.76109,4.76109,4.76109,4.76109,691.3649319004,0
ETL,D,20080327,000000,4.83402,5.07288,4.77282,4.88159,64671.964778866,0
ETL,D,20080328,000000,5.05087,5.05087,4.82172,4.83108,323793.53729881,0
ETL,D,20080331,000000,4.83108,4.83108,4.83108,4.83108,1551.6347539959,0
ETL,D,20080403,000000,4.74927,4.74927,4.74215,4.74215,621.22646054819,0
ETL,D,20080404,000000,4.6447,5.06317,4.6447,4.80942,1684.7547098277,0
ETL,D,20080407,000000,4.80942,4.83108,4.80942,4.83108,2274.4904281361,0
ETL,D,20080408,000000,4.72713,4.72713,4.72524,4.72524,3310.8221272995,0
ETL,D,20080409,000000,4.76109,4.76109,4.73698,4.73698,4976.9686712582,0
ETL,D,20080410,000000,4.73698,4.73698,4.73698,4.73698,3310.8221272995,0
ETL,D,20080411,000000,4.81704,4.81704,4.81704,4.81704,5.72558949814,0
ETL,D,20080414,000000,4.57504,4.80664,4.47122,4.80664,12092.445020072,0
ETL,D,20080416,000000,4.76109,4.80942,4.45167,4.80664,9318.3969082228,0
ETL,D,20080417,000000,4.71294,4.71294,4.63994,4.68849,2655.2421297624,0
ETL,D,20080418,000000,4.54354,4.59202,4.54354,4.59202,865.99541159367,0
ETL,D,20080421,000000,4.68612,4.68612,4.59202,4.59202,2486.3372395673,0
ETL,D,20080422,000000,4.59202,4.63994,4.45167,4.58489,5303.3272726522,0
ETL,D,20080423,000000,4.5802,4.5802,4.31411,4.35022,6361.1299324335,0
ETL,D,20080424,000000,4.3023,4.44685,4.25312,4.28015,18151.550106479,0
ETL,D,20080425,000000,4.3023,4.32585,4.25312,4.25312,15353.168239263,0
ETL,D,20080428,000000,4.46382,4.56519,4.23929,4.56519,20692.280446278,0
ETL,D,20080429,000000,4.44685,4.56519,4.44685,4.56519,22305.465287379,0
ETL,D,20080430,000000,4.56519,4.56519,4.56323,4.56323,21521.059526134,0
ETL,D,20080505,000000,4.5802,4.5802,4.56519,4.56519,2.86279474907,0
ETL,D,20080506,000000,4.56519,4.56519,4.55576,4.55576,292.00506440514,0
ETL,D,20080507,000000,4.5802,4.5802,4.42246,4.49505,422.26222548782,0
ETL,D,20080508,000000,4.49505,4.49505,4.49505,4.49505,2.86279474907,0
ETL,D,20080509,000000,4.5802,4.5802,4.44685,4.44685,68284.811752192,0
ETL,D,20080512,000000,4.5802,4.66453,4.56798,4.56798,1052.0770702832,0
ETL,D,20080513,000000,4.56798,4.56798,4.56798,4.56798,2.86279474907,0
ETL,D,20080514,000000,4.61555,4.65231,4.61555,4.61555,219.00379830385,0
ETL,D,20080515,000000,4.42246,4.56798,4.35022,4.47122,19147.802679154,0
ETL,D,20080516,000000,4.55576,4.57266,4.35022,4.57266,4835.2603311792,0
ETL,D,20080519,000000,4.37461,4.51706,4.37461,4.51706,1275.3750607107,0
ETL,D,20080520,000000,4.48799,4.55576,4.27799,4.47122,21273.427780339,0
ETL,D,20080521,000000,4.49267,4.49267,4.46864,4.46864,27.196550116165,0
ETL,D,20080523,000000,4.49267,4.49267,4.49267,4.49267,1.431397374535,0
ETL,D,20080526,000000,4.44685,4.49267,4.35022,4.49267,2752.5771512308,0
ETL,D,20080527,000000,4.49267,4.49267,4.44685,4.44685,426.55641761143,0
ETL,D,20080528,000000,4.47122,4.52887,4.47122,4.49037,420.83082811329,0
ETL,D,20080529,000000,4.53172,4.53172,4.3211,4.42246,7015.278532596,0
ETL,D,20080530,000000,4.42246,4.42246,4.32585,4.32585,49330.2477186,0
ETL,D,20080602,000000,4.35022,4.35022,4.35022,4.35022,22631.823888773,0
ETL,D,20080603,000000,4.35022,4.4495,4.31411,4.4495,26009.921692676,0
ETL,D,20080604,000000,4.45425,4.45425,4.35022,4.35022,4143.8953992788,0
ETL,D,20080605,000000,4.45425,4.45425,4.29183,4.35022,6517.1522462579,0
ETL,D,20080606,000000,4.34065,4.34065,4.25312,4.25312,5818.6303274848,0
ETL,D,20080609,000000,4.31145,4.31145,4.22964,4.31145,2157.1158434242,0
ETL,D,20080610,000000,4.3211,4.3211,4.10864,4.10864,3439.6478910076,0
ETL,D,20080611,000000,4.10864,4.459,4.10864,4.18088,3214.9185032056,0
ETL,D,20080612,000000,4.338,4.338,4.26834,4.26834,91.60943197024,0
ETL,D,20080613,000000,4.33584,4.338,4.20044,4.33325,1487.2218721419,0
ETL,D,20080616,000000,4.459,4.459,4.15699,4.45425,7908.4704943059,0
ETL,D,20080617,000000,4.459,4.459,4.22706,4.22964,5790.0023799941,0
ETL,D,20080618,000000,4.24145,4.24145,4.22706,4.22964,10411.984502368,0
ETL,D,20080619,000000,4.14253,4.22964,4.13777,4.22964,8911.8800538549,0
ETL,D,20080620,000000,4.22964,4.22964,4.22964,4.22964,2.86279474907,0
ETL,D,20080623,000000,4.22964,4.25312,4.22706,4.25312,2341.7661047393,0
ETL,D,20080624,000000,4.25312,4.25312,4.10864,4.20261,5191.6782774384,0
ETL,D,20080625,000000,4.20261,4.20527,4.08439,4.10584,2426.2185498368,0
ETL,D,20080626,000000,4.10584,4.10584,4.10584,4.10584,2.86279474907,0
ETL,D,20080627,000000,4.08559,4.10543,3.79308,4.10543,6601.6046913554,0
ETL,D,20080630,000000,4.08559,4.08559,3.86747,4.0582,1107.9015678901,0
ETL,D,20080701,000000,4.0582,4.0582,4.03354,4.03354,2.86279474907,0
ETL,D,20080702,000000,4.03354,4.03354,4.03354,4.03354,38.647729112445,0
ETL,D,20080703,000000,3.86747,3.86747,3.60235,3.74376,49204.284749641,0
ETL,D,20080704,000000,4.06057,4.06057,3.61737,3.80062,2915.7564519278,0
ETL,D,20080707,000000,3.71623,4.01363,3.59251,3.71127,2066.9378088285,0
ETL,D,20080708,000000,3.70414,3.7659,3.54297,3.71392,13349.211914914,0
ETL,D,20080709,000000,3.76115,3.76115,3.59251,3.76115,10842.835112103,0
ETL,D,20080710,000000,3.73887,3.73887,3.6419,3.71127,35.784934363375,0
ETL,D,20080711,000000,3.71623,3.71623,3.44377,3.69178,2665.2619113842,0
ETL,D,20080714,000000,3.54297,3.54297,3.12171,3.25794,86668.248233345,0
ETL,D,20080715,000000,3.19603,3.24564,3.09691,3.09691,15540.681295326,0
ETL,D,20080716,000000,3.24313,3.24564,2.9905,3.19359,44693.95162248,0
ETL,D,20080717,000000,3.19359,3.7659,3.19359,3.7659,2855.6377621973,0
ETL,D,20080718,000000,3.71623,3.71623,3.32242,3.71623,5944.5932964439,0
ETL,D,20080721,000000,3.46857,3.76115,3.36943,3.48841,13744.277590285,0
ETL,D,20080722,000000,3.3447,3.50825,3.28526,3.28526,13561.058726344,0
ETL,D,20080723,000000,3.46857,3.46857,3.3447,3.46619,18128.647748486,0
ETL,D,20080724,000000,3.46619,3.46619,3.41897,3.41897,595.46130780656,0
ETL,D,20080725,000000,3.46619,3.46619,3.3076,3.44377,3564.1794625921,0
ETL,D,20080728,000000,3.44377,3.44377,3.22084,3.22084,523.89143907981,0
ETL,D,20080729,000000,3.22084,3.22084,3.12673,3.20596,1414.2206060406,0
ETL,D,20080730,000000,3.22084,3.46857,3.22084,3.46857,9308.3771266011,0
ETL,D,20080731,000000,3.46857,3.46857,3.41897,3.41897,103.06061096652,0
ETL,D,20080801,000000,3.46857,3.46857,3.46857,3.46857,1.431397374535,0
ETL,D,20080804,000000,3.44377,3.44377,3.41897,3.41897,2.86279474907,0
ETL,D,20080805,000000,3.22084,3.44132,3.09691,3.3447,2620.8885927736,0
ETL,D,20080806,000000,3.44132,3.44132,3.22084,3.41897,655.57999753703,0
ETL,D,20080807,000000,3.39416,3.39416,3.09691,3.3447,6225.1471818527,0
ETL,D,20080808,000000,3.19359,3.34225,3.1565,3.34225,3262.1546165653,0
ETL,D,20080811,000000,3.22084,3.3373,3.22084,3.3373,854.54423259739,0
ETL,D,20080812,000000,3.30006,3.30006,3.22824,3.22824,2.86279474907,0
ETL,D,20080813,000000,3.24815,3.24815,3.22084,3.22084,2.86279474907,0
ETL,D,20080814,000000,3.33234,3.33234,3.21832,3.21832,4.294192123605,0
ETL,D,20080818,000000,3.09691,3.09691,3.09691,3.09691,2775.4795092234,0
ETL,D,20080819,000000,3.29021,3.29021,2.97059,3.14406,3319.4105115467,0
ETL,D,20080820,000000,2.99784,3.14406,2.89877,3.14406,3625.7295496972,0
ETL,D,20080821,000000,3.1391,3.1391,2.96808,3.0721,58203.480043342,0
ETL,D,20080822,000000,3.14406,3.14406,2.96067,3.09691,23473.485544999,0
ETL,D,20080825,000000,3.1391,3.1391,2.89877,3.12171,3247.8406428199,0
ETL,D,20080826,000000,2.94831,3.08454,2.94831,2.94831,3491.1781964909,0
ETL,D,20080827,000000,3.09195,3.09195,2.94831,2.97304,3339.4500747902,0
ETL,D,20080828,000000,3.0721,3.0721,3.02264,3.02264,1245.3157158454,0
ETL,D,20080829,000000,3.0721,3.0721,3.06966,3.06966,38.647729112445,0
ETL,D,20080901,000000,3.0721,3.0721,3.0721,3.0721,38.647729112445,0
ETL,D,20080902,000000,3.09195,3.09195,2.84925,3.06966,824.48488773216,0
ETL,D,20080903,000000,3.06966,3.06966,3.06966,3.06966,2.86279474907,0
ETL,D,20080904,000000,3.06966,3.06966,2.65105,2.97304,28769.655830778,0
ETL,D,20080905,000000,2.9954,2.9954,2.76247,2.76247,1794.9723076669,0
ETL,D,20080908,000000,2.76247,2.98303,2.76247,2.98303,2225.8229174019,0
ETL,D,20080909,000000,2.98303,3.01774,2.87649,2.92358,9268.2980001141,0
ETL,D,20080910,000000,2.97304,2.97304,2.82438,2.92358,5907.3769647059,0
ETL,D,20080911,000000,2.84925,2.84925,2.6361,2.6361,12513.275848185,0
ETL,D,20080912,000000,2.97304,2.97304,2.90367,2.90367,1324.0425714449,0
ETL,D,20080915,000000,2.90122,2.90122,2.52711,2.86168,9962.5257267636,0
ETL,D,20080916,000000,2.89123,2.89123,2.82438,2.82438,2347.4916942374,0
ETL,D,20080917,000000,2.89382,2.89382,2.82438,2.82438,19305.256390353,0
ETL,D,20080918,000000,2.55192,2.71043,2.37838,2.71043,13725.669424416,0
ETL,D,20080919,000000,2.70805,2.70805,2.47758,2.59656,11273.685721838,0
ETL,D,20080922,000000,2.60144,2.60144,2.44537,2.52956,17414.380458593,0
ETL,D,20080923,000000,2.52222,2.52222,2.31655,2.40073,30246.8579213,0
ETL,D,20080924,000000,2.42798,2.43042,2.22978,2.22978,19847.755995303,0
ETL,D,20080925,000000,2.27428,2.27428,2.09355,2.20993,8582.6586577119,0
ETL,D,20080926,000000,2.3512,2.3512,2.10843,2.20505,16774.545832175,0
ETL,D,20080929,000000,2.20505,2.20505,1.97953,1.97953,16744.486487311,0
ETL,D,20080930,000000,1.73425,2.15307,1.73425,2.09852,26450.792084032,0
ETL,D,20081001,000000,2.20254,2.20254,1.93747,2.096,12574.82593529,0
ETL,D,20081002,000000,1.93992,2.14307,1.93992,2.13568,29572.669757893,0
ETL,D,20081003,000000,2.2645,2.2645,1.98197,1.98197,65.84427922861,0
ETL,D,20081006,000000,2.1407,2.1407,1.85818,2.04646,4778.0044361978,0
ETL,D,20081007,000000,2.04646,2.04646,1.97471,1.97471,4.294192123605,0
ETL,D,20081008,000000,1.97471,1.97471,1.73425,1.85573,18569.518139843,0
ETL,D,20081009,000000,1.85573,1.85573,1.7318,1.73425,19325.295953598,0
ETL,D,20081010,000000,1.67976,1.73425,1.49902,1.72432,28524.886879734,0
ETL,D,20081013,000000,1.85818,2.04646,1.85322,2.01671,38116.680686492,0
ETL,D,20081014,000000,2.03158,2.03158,1.97953,2.00685,19379.689053829,0
ETL,D,20081015,000000,1.98197,2.02914,1.89535,2.02418,9787.8952470703,0
ETL,D,20081016,000000,2.00685,2.00685,1.93252,1.98197,2599.4176321556,0
ETL,D,20081017,000000,2.00685,2.0786,1.93747,2.0786,9885.2302685387,0
ETL,D,20081020,000000,2.22978,2.45033,2.16048,2.21749,31712.608832823,0
ETL,D,20081021,000000,2.2893,2.2893,2.27931,2.27931,986.23279105461,0
ETL,D,20081022,000000,2.27931,2.27931,2.10584,2.10584,6406.9346484187,0
ETL,D,20081023,000000,2.10584,2.10584,1.85818,2.10354,1694.7744914494,0
ETL,D,20081024,000000,2.10584,2.10584,2.08112,2.08112,2.86279474907,0
ETL,D,20081027,000000,2.08112,2.08112,1.85818,2.07622,6157.8715052496,0
ETL,D,20081028,000000,2.07622,2.27693,1.93511,2.27693,1145.117899628,0
ETL,D,20081029,000000,2.30418,2.30418,2.22978,2.22978,1882.2875475135,0
ETL,D,20081030,000000,2.22978,2.22978,1.91023,2.03158,3140.4858397298,0
ETL,D,20081031,000000,2.02418,2.05639,1.98197,2.05639,8825.9962113828,0
ETL,D,20081103,000000,2.10584,2.10584,2.10584,2.10584,2.86279474907,0
ETL,D,20081104,000000,1.94489,2.13812,1.92016,2.10584,5686.9417690276,0
ETL,D,20081105,000000,2.18032,2.22726,2.03905,2.22726,8267.7512353142,0
ETL,D,20081106,000000,2.15544,2.15544,2.15544,2.15544,292.00506440514,0
ETL,D,20081107,000000,2.22978,2.22978,2.13072,2.13072,413.67384124061,0
ETL,D,20081110,000000,2.22978,2.22978,2.15544,2.20254,469.49833884748,0
ETL,D,20081112,000000,2.13072,2.13072,1.98197,1.98197,7271.4986626378,0
ETL,D,20081113,000000,1.98197,2.22726,1.98197,2.00685,8933.3510144729,0
ETL,D,20081114,000000,1.98457,2.20016,1.98457,2.20016,83609.352043964,0
ETL,D,20081117,000000,2.02669,2.18032,2.02669,2.15544,99380.48831659,0
ETL,D,20081118,000000,2.18032,2.18032,2.03158,2.18032,82707.571698007,0
ETL,D,20081119,000000,2.18032,2.18032,2.06882,2.15544,212208.95496694,0
ETL,D,20081120,000000,2.20016,2.20016,2.18032,2.18032,118.8059820864,0
ETL,D,20081121,000000,2.20016,2.20016,2.20016,2.20016,2.86279474907,0
ETL,D,20081124,000000,2.20016,2.20254,2.10584,2.19506,5589.6067475592,0
ETL,D,20081125,000000,2.20254,2.29174,2.16795,2.16795,4736.4939123363,0
ETL,D,20081126,000000,2.07133,2.18032,2.07133,2.13072,40255.188364048,0
ETL,D,20081127,000000,2.2819,2.2819,2.15796,2.15796,43233.926300455,0
ETL,D,20081128,000000,2.18032,2.18032,2.18032,2.18032,4.294192123605,0
ETL,D,20081201,000000,2.18032,2.18269,2.06882,2.17536,30035.011109868,0
ETL,D,20081202,000000,2.22978,2.22978,2.06882,2.20254,14976.71072976,0
ETL,D,20081203,000000,2.22978,2.22978,2.20254,2.20254,227.59218255106,0
ETL,D,20081204,000000,2.10584,2.20016,2.10584,2.19757,6864.9818082699,0
ETL,D,20081205,000000,2.19757,2.25206,2.19757,2.25206,1614.6162384755,0
ETL,D,20081208,000000,2.25458,2.25458,2.20016,2.22978,6824.9026817829,0
ETL,D,20081209,000000,2.2967,2.2967,2.22978,2.22978,2559.3385056686,0
ETL,D,20081210,000000,2.2967,2.2967,2.15544,2.2967,5635.4114635443,0
ETL,D,20081211,000000,2.29174,2.29174,2.27931,2.27931,2.86279474907,0
ETL,D,20081212,000000,2.27931,2.27931,2.27931,2.27931,1.431397374535,0
ETL,D,20081215,000000,2.28672,2.28672,2.26701,2.26701,1052.0770702832,0
ETL,D,20081216,000000,2.27931,2.27931,2.27931,2.27931,608.34388417737,0
ETL,D,20081217,000000,2.28672,2.28672,2.15544,2.15544,48348.309119668,0
ETL,D,20081218,000000,2.15544,2.15544,2.03158,2.10584,6704.6653023219,0
ETL,D,20081219,000000,2.05639,2.10584,2.05639,2.10584,4033.6778014396,0
ETL,D,20081222,000000,2.22978,2.2645,2.08112,2.2645,7267.2044705142,0
ETL,D,20081223,000000,2.26198,2.26198,2.10584,2.22726,183632.53778172,0
ETL,D,20081229,000000,2.24718,2.24718,2.18032,2.24718,814.46510611041,0
ETL,D,20081230,000000,2.24718,2.24718,2.24718,2.24718,2.86279474907,0
ETL,D,20081231,000000,2.2448,2.2448,2.2448,2.2448,2237.2740963982,0
ETL,D,20090105,000000,2.28672,2.28672,2.23725,2.2645,413.67384124061,0
ETL,D,20090106,000000,2.26946,2.31655,2.26701,2.30418,11555.671004621,0
ETL,D,20090107,000000,2.30418,2.33632,2.30418,2.33632,11461.198777902,0
ETL,D,20090108,000000,2.35365,2.59899,2.27931,2.59899,26420.732739167,0
ETL,D,20090109,000000,2.70044,2.70044,2.42798,2.47018,23260.207336194,0
ETL,D,20090112,000000,2.56183,2.56183,2.40821,2.47514,9272.5921922377,0
ETL,D,20090113,000000,2.55192,2.55192,2.41561,2.42798,7579.2490981628,0
ETL,D,20090114,000000,2.54702,2.54702,2.2819,2.35365,283601.33041924,0
ETL,D,20090115,000000,2.54444,2.54444,2.35365,2.40821,16525.482689007,0
ETL,D,20090116,000000,2.47262,2.47262,2.32891,2.40317,22332.661837495,0
ETL,D,20090119,000000,2.42798,2.42798,2.20756,2.25458,25800.937675993,0
ETL,D,20090120,000000,2.47758,2.47758,2.22978,2.35365,17457.322379829,0
ETL,D,20090121,000000,2.35365,2.44782,2.20505,2.44782,17724.993688867,0
ETL,D,20090122,000000,2.45277,2.45277,2.44041,2.44041,16962.05888824,0
ETL,D,20090123,000000,2.42553,2.42553,2.42064,2.42064,20030.974859242,0
ETL,D,20090126,000000,2.42064,2.42064,2.34365,2.41561,18167.295477598,0
ETL,D,20090127,000000,2.45277,2.45277,2.36608,2.36608,33884.038649992,0
ETL,D,20090128,000000,2.42798,2.42798,2.33143,2.3512,16189.104305991,0
ETL,D,20090129,000000,2.42308,2.42308,2.40821,2.41072,14525.820556781,0
ETL,D,20090130,000000,2.41072,2.41072,2.35365,2.3934,14889.395489913,0
ETL,D,20090202,000000,2.35365,2.40821,2.35365,2.40317,15307.363523277,0
ETL,D,20090203,000000,2.40317,2.40317,2.27931,2.39082,20657.926909289,0
ETL,D,20090204,000000,2.39082,2.39082,2.34135,2.38599,16561.26762337,0
ETL,D,20090205,000000,2.39082,2.39082,2.22978,2.34135,22502.998125065,0
ETL,D,20090206,000000,2.33883,2.33883,2.3264,2.32891,14902.278066284,0
ETL,D,20090209,000000,2.33632,2.33632,2.32891,2.32891,2.86279474907,0
ETL,D,20090210,000000,2.22978,2.33632,2.22978,2.33632,68.70707397768,0
ETL,D,20090211,000000,2.33632,2.33632,2.32891,2.32891,2019.7016954689,0
ETL,D,20090212,000000,2.32891,2.32891,2.23962,2.32891,2675.2816930059,0
ETL,D,20090213,000000,2.42553,2.42553,2.41813,2.41813,6066.2620732793,0
ETL,D,20090216,000000,2.42308,2.42308,2.30907,2.38347,8483.8922388689,0
ETL,D,20090217,000000,2.35365,2.35365,2.26946,2.32891,4262.7013813652,0
ETL,D,20090218,000000,2.38599,2.38599,2.27931,2.35616,4488.8621665418,0
ETL,D,20090219,000000,2.36112,2.36112,2.35616,2.35867,7026.7297115923,0
ETL,D,20090220,000000,2.36112,2.36112,2.35365,2.35365,6066.2620732793,0
ETL,D,20090223,000000,2.35867,2.35867,2.32891,2.34365,94457.912745565,0
ETL,D,20090224,000000,2.34365,2.34365,2.30907,2.30907,6066.2620732793,0
ETL,D,20090225,000000,2.31411,2.31411,2.24969,2.27931,9783.6010549467,0
ETL,D,20090226,000000,2.34875,2.34875,2.27931,2.30418,6150.7145183769,0
ETL,D,20090227,000000,2.3264,2.3264,2.13072,2.26701,42276.321456891,0
ETL,D,20090302,000000,2.32143,2.34135,2.22978,2.33883,57316.01367113,0
ETL,D,20090303,000000,2.33883,2.33883,2.33143,2.33143,6066.2620732793,0
ETL,D,20090304,000000,2.33387,2.33387,2.27931,2.33143,6628.8012414716,0
ETL,D,20090305,000000,2.39082,2.39082,2.27693,2.3264,10535.084676578,0
ETL,D,20090306,000000,2.32396,2.32396,2.23236,2.23236,5323.3668358957,0
ETL,D,20090309,000000,2.32396,2.32396,2.25954,2.25954,6197.9506317365,0
ETL,D,20090310,000000,2.31144,2.31144,2.24969,2.3016,8471.0096624981,0
ETL,D,20090311,000000,2.3016,2.33387,2.25702,2.32143,12629.219035522,0
ETL,D,20090312,000000,2.33632,2.33632,2.22978,2.27693,12020.875151345,0
ETL,D,20090313,000000,2.27693,2.27693,2.2348,2.2348,6786.2549526704,0
ETL,D,20090316,000000,2.32891,2.32891,2.24222,2.32396,6027.6143441669,0
ETL,D,20090317,000000,2.33143,2.33143,2.25458,2.32396,8386.5572174006,0
ETL,D,20090318,000000,2.32891,2.32891,2.27191,2.31655,9017.8034595705,0
ETL,D,20090319,000000,2.3264,2.3264,2.2893,2.32396,9056.4511886829,0
ETL,D,20090320,000000,2.32396,2.32396,2.26946,2.27931,11180.644892493,0
ETL,D,20090323,000000,2.31411,2.31411,2.25206,2.25206,8569.776081341,0
ETL,D,20090324,000000,2.25206,2.30907,2.25206,2.25954,7271.4986626378,0
ETL,D,20090325,000000,2.30663,2.30663,2.25702,2.27931,7675.1527222567,0
ETL,D,20090326,000000,2.27931,2.31411,2.27931,2.3016,11711.693318445,0
ETL,D,20090327,000000,2.3016,2.30663,2.27931,2.30418,8270.6140300632,0
ETL,D,20090330,000000,2.30418,2.30418,2.26946,2.29922,7952.8438129165,0
ETL,D,20090331,000000,2.30418,2.30418,2.27931,2.3016,4255.5443944926,0
ETL,D,20090401,000000,2.30418,2.30418,2.25458,2.2967,4215.4652680056,0
ETL,D,20090402,000000,2.29427,2.30418,2.27428,2.2893,6770.5095815505,0
ETL,D,20090403,000000,2.32891,2.32891,2.27931,2.31655,13845.906803877,0
ETL,D,20090406,000000,2.30418,2.31144,2.30418,2.31144,8498.2062126143,0
ETL,D,20090407,000000,2.31655,2.31655,2.3016,2.3016,5208.8550459329,0
ETL,D,20090408,000000,2.31144,2.33632,2.25458,2.33632,35935.231087701,0
ETL,D,20090409,000000,2.34135,2.34135,2.27931,2.33387,9968.2513162617,0
ETL,D,20090414,000000,2.37838,2.37838,2.30418,2.36364,80484.611575354,0
ETL,D,20090415,000000,2.41072,2.47514,2.31411,2.47514,64351.33176697,0
ETL,D,20090416,000000,2.60144,2.69562,2.37838,2.67578,95873.564748979,0
ETL,D,20090417,000000,2.70044,2.70044,2.52711,2.65105,3214.9185032056,0
ETL,D,20090420,000000,2.67578,2.67578,2.65105,2.65105,400.7912648698,0
ETL,D,20090421,000000,2.60144,2.60144,2.44041,2.57657,8637.0517579442,0
ETL,D,20090422,000000,2.66342,2.66342,2.49001,2.49001,412.24244386608,0
ETL,D,20090423,000000,2.60389,2.60389,2.52711,2.59899,12838.203052204,0
ETL,D,20090424,000000,2.43042,2.59899,2.43042,2.59656,51060.807144412,0
ETL,D,20090427,000000,2.65105,2.65105,2.53955,2.60144,186267.74034824,0
ETL,D,20090428,000000,2.65105,2.65105,2.46758,2.56183,108243.70085971,0
ETL,D,20090429,000000,2.56183,2.62373,2.56183,2.62373,7437.5407580839,0
ETL,D,20090430,000000,2.64847,2.68563,2.63868,2.66837,44532.203719159,0
ETL,D,20090504,000000,2.67578,2.67578,2.55192,2.57657,27089.195313075,0
ETL,D,20090505,000000,2.63868,2.63868,2.55192,2.59656,1162.2946681224,0
ETL,D,20090506,000000,2.60144,2.60647,2.53955,2.60144,72133.839292316,0
ETL,D,20090507,000000,2.65105,2.65105,2.55192,2.62373,4891.0848287861,0
ETL,D,20090508,000000,2.53955,2.56924,2.53955,2.56924,19900.71769816,0
ETL,D,20090511,000000,2.61877,2.62121,2.55192,2.61381,376630.70858503,0
ETL,D,20090512,000000,2.61381,2.65105,2.57923,2.65105,57944.397118552,0
ETL,D,20090513,000000,2.70044,2.72531,2.60144,2.63868,28911.364170858,0
ETL,D,20090514,000000,2.81704,2.81704,2.542,2.71294,16229.183432478,0
ETL,D,20090515,000000,2.72531,2.83681,2.72531,2.75011,39752.767885586,0
ETL,D,20090518,000000,2.84421,2.84421,2.66342,2.75011,12434.548992586,0
ETL,D,20090519,000000,2.71399,2.79538,2.67606,2.79538,8396.5769990223,0
ETL,D,20090520,000000,2.66342,2.92846,2.66342,2.92358,27829.227755709,0
ETL,D,20090521,000000,2.97304,3.10941,2.92358,2.97304,28436.140242513,0
ETL,D,20090522,000000,3.2156,3.22104,2.99868,3.02307,99376.194124467,0
ETL,D,20090525,000000,3.02005,3.09446,2.88641,3.09446,25749.40737051,0
ETL,D,20090526,000000,3.06106,3.06106,2.91191,2.9933,42744.388398364,0
ETL,D,20090527,000000,3.0204,3.0204,2.89836,3.00951,37037.407066093,0
ETL,D,20090528,000000,2.9743,2.9743,2.87663,2.92274,31645.33315622,0
ETL,D,20090529,000000,2.94181,2.97164,2.92274,2.96339,26794.32745392,0
ETL,D,20090601,000000,2.9743,3.04207,2.9743,3.01774,121061.86434867,0
ETL,D,20090602,000000,3.22377,3.22377,2.9824,3.1099,28700.948756802,0
ETL,D,20090603,000000,3.11256,3.11256,2.9852,3.06379,21415.136120419,0
ETL,D,20090604,000000,3.08817,3.09356,2.9852,3.06379,22409.95729572,0
ETL,D,20090605,000000,3.03669,3.03669,2.84421,3.02307,85936.804174957,0
ETL,D,20090608,000000,3.0204,3.02307,2.79266,2.95536,33148.300399482,0
ETL,D,20090609,000000,2.9662,2.9662,2.87398,2.8876,5246.0713776708,0
ETL,D,20090610,000000,2.96339,2.96339,2.84694,2.95536,17573.265567166,0
ETL,D,20090612,000000,2.95536,2.95536,2.84421,2.93909,195538.9011431,0
ETL,D,20090615,000000,2.8876,2.96892,2.8876,2.92818,60101.512961976,0
ETL,D,20090616,000000,2.92818,2.92818,2.84694,2.91471,3379.5292012771,0
ETL,D,20090617,000000,2.91191,2.91191,2.81439,2.81439,21823.084372161,0
ETL,D,20090618,000000,2.86315,2.86315,2.71399,2.71665,17806.583339215,0
ETL,D,20090619,000000,2.60292,2.71665,2.60292,2.71665,39586.72579014,0
ETL,D,20090622,000000,2.71665,2.71665,2.60292,2.70861,5403.5250888696,0
ETL,D,20090623,000000,2.70861,2.71665,2.53242,2.65433,14812.100031688,0
ETL,D,20090624,000000,2.53779,2.64357,2.53779,2.64357,2178.5868040423,0
ETL,D,20090625,000000,2.64357,2.64357,2.64357,2.64357,2051.1924377087,0
ETL,D,20090626,000000,2.64357,2.64357,2.64357,2.64357,1365.5530953064,0
ETL,D,20090629,000000,2.64357,2.64357,2.54863,2.64357,1268.218073838,0
ETL,D,20090630,000000,2.71665,2.71665,2.55135,2.55135,1882.2875475135,0
ETL,D,20090701,000000,2.44285,2.57574,2.44285,2.55135,5798.5907642413,0
ETL,D,20090702,000000,2.55135,2.57574,2.55135,2.57574,104.49200834105,0
ETL,D,20090703,000000,2.57574,2.57574,2.52152,2.57574,1402.7694270443,0
ETL,D,20090706,000000,2.52424,2.57574,2.52152,2.57574,5201.6980590602,0
ETL,D,20090707,000000,2.57574,2.61912,2.57574,2.61912,3976.4219064582,0
ETL,D,20090708,000000,2.67068,2.67068,2.62716,2.64615,2735.4003827364,0
ETL,D,20090709,000000,2.71126,2.73572,2.65433,2.65712,12835.340257455,0
ETL,D,20090710,000000,2.72489,2.72489,2.64357,2.72489,3369.5094196554,0
ETL,D,20090713,000000,2.72489,2.72489,2.62716,2.72217,5353.4261807609,0
ETL,D,20090714,000000,2.72217,2.76827,2.72217,2.76827,12957.009034291,0
ETL,D,20090715,000000,2.76827,2.76827,2.74117,2.76548,1985.34815848,0
ETL,D,20090716,000000,2.76827,2.84421,2.75193,2.84142,2535.0047503015,0
ETL,D,20090717,000000,2.83869,2.83869,2.75737,2.83869,4398.6841319461,0
ETL,D,20090720,000000,2.76275,2.83869,2.76275,2.83331,269.10270641258,0
ETL,D,20090721,000000,2.83869,2.83869,2.75472,2.80893,11121.957600137,0
ETL,D,20090722,000000,2.74382,2.80349,2.73837,2.73837,1815.0118709104,0
ETL,D,20090723,000000,2.78993,2.78993,2.78993,2.78993,27.196550116165,0
ETL,D,20090724,000000,2.78993,2.78993,2.66523,2.78721,10566.575418817,0
ETL,D,20090727,000000,2.78721,2.78721,2.76548,2.76548,2.86279474907,0
ETL,D,20090728,000000,2.78721,2.78721,2.71126,2.73837,363.57493313189,0
ETL,D,20090729,000000,2.75193,2.75193,2.65985,2.65985,1604.5964568537,0
ETL,D,20090730,000000,2.72489,2.72489,2.67068,2.70861,5553.8218131958,0
ETL,D,20090731,000000,2.76548,2.84694,2.71126,2.80614,20071.05398573,0
ETL,D,20090803,000000,2.83058,2.83058,2.75193,2.83058,2713.9294221184,0
ETL,D,20090804,000000,2.83058,2.83058,2.76827,2.81969,2902.873875557,0
ETL,D,20090805,000000,2.81969,2.81969,2.7791,2.79804,6717.5478786928,0
ETL,D,20090806,000000,2.76827,2.76827,2.71126,2.76548,3117.5834817372,0
ETL,D,20090807,000000,2.75472,2.76827,2.71399,2.74117,6187.9308501148,0
ETL,D,20090810,000000,2.74117,2.81969,2.73837,2.81969,7424.658181713,0
ETL,D,20090811,000000,2.81969,2.81969,2.78182,2.81969,17158.160328551,0
ETL,D,20090812,000000,2.81711,2.81711,2.81439,2.81711,2250.156672769,0
ETL,D,20090813,000000,2.83058,2.86057,2.79266,2.86057,5868.7292355935,0
ETL,D,20090814,000000,2.88222,3.00951,2.88222,2.97164,18344.788752041,0
ETL,D,20090817,000000,3.06106,3.06106,2.92274,2.95536,4068.0313384285,0
ETL,D,20090818,000000,3.00951,3.00951,2.90108,2.95264,5913.1025542041,0
ETL,D,20090819,000000,2.95264,2.95264,2.84694,2.90108,1102.1759783919,0
ETL,D,20090820,000000,2.95536,2.95536,2.8876,2.89836,2887.1285044371,0
ETL,D,20090821,000000,2.95536,2.95536,2.84953,2.84953,7596.4258666572,0
ETL,D,20090824,000000,2.95264,2.95264,2.84953,2.90108,2187.1751882895,0
ETL,D,20090825,000000,2.91471,2.94181,2.86057,2.94181,9394.2609690732,0
ETL,D,20090826,000000,3.00678,3.00678,2.86057,2.92818,1356.9647110592,0
ETL,D,20090827,000000,2.97164,2.9743,2.97164,2.97164,13725.669424416,0
ETL,D,20090828,000000,2.8876,3.00147,2.8876,2.99596,5038.5187583632,0
ETL,D,20090831,000000,3.00951,3.00951,2.95536,3.00951,28984.365436959,0
ETL,D,20090901,000000,3.01223,3.01223,2.91729,3.00951,10291.747122907,0
ETL,D,20090902,000000,3.00951,3.00951,2.87398,2.9824,16017.336621047,0
ETL,D,20090903,000000,2.9824,2.9824,2.9824,2.9824,2.86279474907,0
ETL,D,20090904,000000,2.9824,2.9824,2.87398,2.9743,10430.592668237,0
ETL,D,20090907,000000,2.93909,3.01223,2.93909,3.01223,9268.2980001141,0
ETL,D,20090908,000000,2.9824,3.0909,2.9824,3.0909,19900.71769816,0
ETL,D,20090909,000000,3.0909,3.0909,3.06379,3.06379,4934.0267500221,0
ETL,D,20090910,000000,3.06106,3.06106,2.92818,2.92818,9968.2513162617,0
ETL,D,20090911,000000,2.9824,2.9824,2.9824,2.9824,807.30811923774,0
ETL,D,20090914,000000,2.97695,2.97695,2.8686,2.87398,679.91375290412,0
ETL,D,20090915,000000,2.87398,2.97695,2.86315,2.97695,658.4427922861,0
ETL,D,20090916,000000,2.97695,2.97695,2.87663,2.97695,52.961702857795,0
ETL,D,20090917,000000,2.95536,2.9824,2.92818,2.95536,9487.301798418,0
ETL,D,20090918,000000,2.96892,3.00951,2.96892,2.9824,8735.8181767871,0
ETL,D,20090921,000000,3.02585,3.02585,2.92818,2.99868,1757.755975929,0
ETL,D,20090922,000000,3.02585,3.02585,2.91471,2.96892,13682.72750318,0
ETL,D,20090923,000000,2.9824,3.02307,2.9824,3.01774,3491.1781964909,0
ETL,D,20090924,000000,3.06106,3.08006,2.9824,3.06379,2443.3953183312,0
ETL,D,20090925,000000,3.099,3.099,3.06379,3.06379,928.97689607321,0
ETL,D,20090928,000000,3.11256,3.11528,2.84953,2.84953,54081.055604681,0
ETL,D,20090929,000000,2.86057,2.92818,2.84694,2.84694,10454.926423604,0
ETL,D,20090930,000000,2.90108,2.96892,2.90108,2.96892,37564.161299922,0
ETL,D,20091001,000000,2.96339,2.96892,2.84694,2.84694,16465.363999276,0
ETL,D,20091002,000000,2.92547,2.93909,2.77366,2.93909,7159.8496674241,0
ETL,D,20091005,000000,2.92547,2.92547,2.83331,2.90108,2214.3717384056,0
ETL,D,20091006,000000,2.90108,2.90108,2.79266,2.87398,6993.807571978,0
ETL,D,20091007,000000,2.7791,2.87398,2.7791,2.87398,4765.121859827,0
ETL,D,20091008,000000,2.87398,2.87398,2.79266,2.87398,2775.4795092234,0
ETL,D,20091009,000000,2.87398,2.87398,2.79804,2.8686,2719.6550116165,0
ETL,D,20091012,000000,2.8686,2.8686,2.81711,2.86057,9856.602321048,0
ETL,D,20091013,000000,2.86057,2.86057,2.79804,2.84694,930.40829344775,0
ETL,D,20091014,000000,2.8686,2.8686,2.78182,2.84953,4108.1104649154,0
ETL,D,20091015,000000,2.85769,2.85769,2.76548,2.85769,18542.321589726,0
ETL,D,20091016,000000,2.85769,2.85769,2.80614,2.85769,1850.7968052738,0
ETL,D,20091019,000000,2.85769,2.85769,2.78721,2.78721,933.27108819682,0
ETL,D,20091020,000000,2.85769,2.85769,2.7791,2.85769,3214.9185032056,0
ETL,D,20091021,000000,2.79804,2.85769,2.79804,2.85769,835.93606672844,0
ETL,D,20091022,000000,2.85769,2.85769,2.81969,2.84694,15025.378240494,0
ETL,D,20091023,000000,2.85769,2.85769,2.80614,2.84694,21465.235028527,0
ETL,D,20091026,000000,2.9444,2.9444,2.80614,2.87125,35282.513884913,0
ETL,D,20091027,000000,2.87125,2.87125,2.79266,2.84694,32519.91695206,0
ETL,D,20091028,000000,2.94719,2.94719,2.84694,2.90108,31357.622283938,0
ETL,D,20091029,000000,2.71944,2.92274,2.71944,2.92274,18701.2066983,0
ETL,D,20091030,000000,2.95536,2.9743,2.87398,2.89836,18402.044647022,0
ETL,D,20091102,000000,2.94998,2.94998,2.84694,2.92818,585.44152618481,0
ETL,D,20091103,000000,2.92818,2.92818,2.75193,2.76548,20516.21856921,0
ETL,D,20091104,000000,2.76548,2.84694,2.76548,2.84694,1753.4617838054,0
ETL,D,20091105,000000,2.87398,2.87398,2.76548,2.7791,28317.334260426,0
ETL,D,20091106,000000,2.81969,2.8686,2.7791,2.84694,12461.745542702,0
ETL,D,20091109,000000,2.81969,2.90108,2.79266,2.90108,5323.3668358957,0
ETL,D,20091110,000000,2.9038,2.9038,2.89571,2.90108,35686.167944533,0
ETL,D,20091112,000000,2.90108,2.91471,2.90108,2.91471,918.95711445147,0
ETL,D,20091113,000000,2.91471,3.00951,2.90108,3.00951,352979.72976558,0
ETL,D,20091116,000000,3.03669,3.20478,3.02307,3.20478,29566.944168395,0
ETL,D,20091117,000000,3.19932,3.22377,3.0909,3.1588,85012.121471009,0
ETL,D,20091118,000000,3.1588,3.19932,3.06651,3.13421,20657.926909289,0
ETL,D,20091119,000000,3.14238,3.19932,3.03669,3.1588,6517.1522462579,0
ETL,D,20091120,000000,3.08272,3.10445,3.00951,3.10445,1505.8300380108,0
ETL,D,20091123,000000,3.10445,3.2156,3.03669,3.2156,1885.1503422626,0
ETL,D,20091124,000000,3.19932,3.35393,3.19932,3.35393,34748.602664212,0
ETL,D,20091125,000000,3.3512,3.47045,3.33492,3.47045,14832.139594931,0
ETL,D,20091126,000000,3.47045,3.47045,3.36748,3.4678,7126.9275278098,0
ETL,D,20091127,000000,3.49225,3.49225,3.28888,3.4678,18552.341371349,0
ETL,D,20091130,000000,3.49484,3.52202,3.47045,3.52202,7008.1215457234,0
ETL,D,20091201,000000,3.52202,3.70637,3.52202,3.70071,25561.894314446,0
ETL,D,20091202,000000,3.66041,4.01293,3.66041,3.85016,76273.440499472,0
ETL,D,20091203,000000,3.85016,3.86916,3.68752,3.83918,7751.016783107,0
ETL,D,20091204,000000,3.85532,3.85532,3.82856,3.82856,535.34261807609,0
ETL,D,20091207,000000,3.72825,3.83381,3.72825,3.81488,9192.4339392638,0
ETL,D,20091208,000000,3.83381,3.83381,3.69806,3.80663,4122.4244386608,0
ETL,D,20091209,000000,3.68752,3.76863,3.63323,3.7659,5257.5225566671,0
ETL,D,20091210,000000,3.76863,3.82856,3.63323,3.78218,1680.4605177041,0
ETL,D,20091211,000000,3.78218,3.78218,3.63323,3.77952,2962.9925652874,0
ETL,D,20091214,000000,3.78218,3.78218,3.60613,3.7659,1259.6296895908,0
ETL,D,20091215,000000,3.7659,3.7659,3.68752,3.68752,2.86279474907,0
ETL,D,20091216,000000,3.68752,3.71999,3.41624,3.71999,28937.1293236,0
ETL,D,20091217,000000,3.74145,3.74145,3.55184,3.72825,1349.8077241865,0
ETL,D,20091218,000000,3.69018,3.69018,3.66041,3.69018,1850.7968052738,0
ETL,D,20091221,000000,3.69018,3.72825,3.50839,3.72825,16234.909021976,0
ETL,D,20091222,000000,3.72825,3.77952,3.57895,3.77952,28841.225699505,0
ETL,D,20091223,000000,3.78218,3.78218,3.63323,3.76863,375.02611212817,0
ETL,D,20091228,000000,3.77952,3.81759,3.76863,3.81488,13350.643312288,0
ETL,D,20091229,000000,3.81488,3.91799,3.79581,3.91799,12103.896199068,0
ETL,D,20091230,000000,3.83646,4.00727,3.79581,3.91799,62493.377974823,0
ETL,D,20091231,000000,3.9859,3.9859,3.79874,3.90422,81410.725676678,0
ETL,D,20100104,000000,4.06708,4.06708,3.87719,3.87719,1192.3540129877,0
ETL,D,20100105,000000,3.8744,4.02628,3.71469,4.02628,25987.019334683,0
ETL,D,20100106,000000,4.03996,4.03996,3.93944,3.93944,657.01139491156,0
ETL,D,20100107,000000,4.03996,4.06708,3.8906,3.8906,1886.5817396371,0
ETL,D,20100108,000000,3.93133,4.17306,3.75807,4.05366,262080.27089312,0
ETL,D,20100111,000000,4.17306,4.17306,3.92888,4.13449,2540.7303397996,0
ETL,D,20100112,000000,4.13449,4.13449,4.02628,4.11835,222195.81444907,0
ETL,D,20100113,000000,4.10745,4.10745,3.93133,4.06708,76005.769190433,0
ETL,D,20100114,000000,4.06708,4.06708,3.93133,4.03711,82790.592745729,0
ETL,D,20100115,000000,4.03711,4.03711,3.99916,4.0343,174931.07314193,0
ETL,D,20100118,000000,4.12122,4.12122,3.93133,3.97737,1710.5198625693,0
ETL,D,20100119,000000,4.17306,4.17306,3.93133,3.97737,113847.62158102,0
ETL,D,20100120,000000,4.06708,4.06708,3.95836,4.03711,3146.2114292279,0
ETL,D,20100121,000000,4.03711,4.03996,3.87964,4.01007,44326.082497225,0
ETL,D,20100122,000000,4.01007,4.01007,3.99114,3.99114,2.86279474907,0
ETL,D,20100125,000000,3.99114,3.99114,3.93133,3.93133,2.86279474907,0
ETL,D,20100126,000000,3.93133,3.93133,3.74445,3.83646,19996.621322254,0
ETL,D,20100127,000000,3.93133,3.93133,3.79874,3.90422,54159.782460281,0
ETL,D,20100128,000000,3.92888,3.92888,3.79874,3.92888,2218.6659305292,0
ETL,D,20100129,000000,3.92973,3.92973,3.8308,3.89179,672.75676603145,0
ETL,D,20100201,000000,3.99114,3.99114,3.93133,3.93133,111.64899521373,0
ETL,D,20100202,000000,3.95592,3.95592,3.93133,3.93133,2.86279474907,0
ETL,D,20100203,000000,3.95592,3.95592,3.91799,3.91799,2.86279474907,0
ETL,D,20100204,000000,3.95592,3.95592,3.76863,3.79308,19379.689053829,0
ETL,D,20100205,000000,3.74145,3.78218,3.64686,3.78218,18224.551372579,0
ETL,D,20100208,000000,3.67396,3.86916,3.67396,3.86916,12722.259864867,0
ETL,D,20100209,000000,3.86916,3.86916,3.76863,3.76863,300.59344865235,0
ETL,D,20100210,000000,3.86916,3.86916,3.71469,3.76863,3870.4985007426,0
ETL,D,20100211,000000,3.84735,3.84735,3.66041,3.83646,1726.2652336892,0
ETL,D,20100212,000000,3.84205,3.84735,3.66041,3.69806,41302.971242207,0
ETL,D,20100215,000000,3.6683,3.76863,3.66041,3.76863,15788.313041121,0
ETL,D,20100216,000000,3.84735,3.84735,3.75241,3.82291,1837.9142289029,0
ETL,D,20100217,000000,3.83646,3.83646,3.74145,3.83116,375.02611212817,0
ETL,D,20100218,000000,3.83646,3.83646,3.83646,3.83646,2.86279474907,0
ETL,D,20100219,000000,3.83646,3.95836,3.83381,3.93133,4966.9488896364,0
ETL,D,20100222,000000,3.95836,3.95836,3.67396,3.93944,7690.8980933766,0
ETL,D,20100223,000000,3.93133,3.97206,3.72825,3.97206,7384.5790552261,0
ETL,D,20100224,000000,3.97206,3.99114,3.8744,3.99114,40.07912648698,0
ETL,D,20100225,000000,4.02628,4.02628,3.82291,3.82291,372.1633173791,0
ETL,D,20100226,000000,4.02628,4.20218,4.01817,4.06987,210192.11606622,0
ETL,D,20100301,000000,4.20218,4.20218,4.17306,4.20002,6089.1644312719,0
ETL,D,20100302,000000,4.20002,4.20002,4.14818,4.17306,1040.6258912869,0
ETL,D,20100303,000000,4.17529,4.17529,4.06708,4.08035,1444.2799509058,0
ETL,D,20100304,000000,4.16782,4.16782,4.0343,4.12122,936.13388294589,0
ETL,D,20100305,000000,4.14818,4.20218,4.09411,4.20218,15124.144659337,0
ETL,D,20100308,000000,4.20218,4.39243,4.20218,4.338,16851.841290401,0
ETL,D,20100309,000000,4.50063,4.55478,4.50063,4.55478,58.687292355935,0
ETL,D,20100310,000000,4.59579,4.77988,4.59579,4.77988,9976.8397005089,0
ETL,D,20100311,000000,4.77226,4.77988,4.55478,4.77988,10566.575418817,0
ETL,D,20100312,000000,4.85281,4.85281,4.77226,4.79916,18523.713423858,0
ETL,D,20100315,000000,4.77226,4.8123,4.5035,4.8123,74694.60919536,0
ETL,D,20100316,000000,4.8123,4.82599,4.5035,4.82599,4398.6841319461,0
ETL,D,20100317,000000,4.79916,4.82599,4.79916,4.82074,52784.209583353,0
ETL,D,20100318,000000,4.82074,4.82074,4.79916,4.82074,112536.46158594,0
ETL,D,20100319,000000,4.82074,4.82074,4.82074,4.82074,2.86279474907,0
ETL,D,20100322,000000,4.82074,4.82074,4.52802,4.78504,3156.2312108497,0
ETL,D,20100323,000000,4.7666,4.78504,4.58217,4.78504,5759.9430351288,0
ETL,D,20100324,000000,4.78504,4.93476,4.69604,4.87998,5041.3815531123,0
ETL,D,20100325,000000,4.93476,4.95879,4.61172,4.95879,145528.7396716,0
ETL,D,20100326,000000,5.09691,5.09691,4.74781,5.09691,79516.986950168,0
ETL,D,20100329,000000,5.09691,5.09691,4.77226,5.09439,10464.946205225,0
ETL,D,20100330,000000,5.07029,5.07029,5.04374,5.04374,135.98275058082,0
ETL,D,20100331,000000,5.08209,5.08461,4.93427,5.04374,3887.6752692371,0
ETL,D,20100401,000000,4.79916,5.13778,4.79916,4.87998,9941.0547661456,0
ETL,D,20100406,000000,4.87998,4.9291,4.87998,4.87998,6471.3475302727,0
ETL,D,20100407,000000,4.87998,4.9291,4.87998,4.9291,4236.9362286236,0
ETL,D,20100408,000000,4.8123,4.90765,4.60935,4.90765,6376.8753035534,0
ETL,D,20100409,000000,4.89389,5.09998,4.5035,4.93476,4378.6445687026,0
ETL,D,20100412,000000,4.92099,5.09691,4.92099,5.09691,131.68855845722,0
ETL,D,20100413,000000,5.15168,5.15168,5.13778,5.13778,864.56401421914,0
ETL,D,20100414,000000,5.15168,5.15168,4.93728,5.15168,1311.1599950741,0
ETL,D,20100415,000000,5.1486,5.15168,4.96187,5.15168,3771.7320818997,0
ETL,D,20100416,000000,5.15168,5.15168,5.15168,5.15168,1232.4331394746,0
ETL,D,20100419,000000,5.15168,5.15168,4.75018,5.1486,1827.8944472812,0
ETL,D,20100420,000000,5.1486,5.1486,4.87998,4.87998,1981.0539663564,0
ETL,D,20100421,000000,5.01552,5.1245,4.87998,5.1245,1953.8574162403,0
ETL,D,20100422,000000,5.1245,5.1245,4.87998,4.87998,2371.8254496045,0
ETL,D,20100423,000000,4.96284,5.01251,4.74878,5.01251,11975.07043536,0
ETL,D,20100426,000000,5.08405,5.08405,5.07846,5.07846,873.15239846635,0
ETL,D,20100427,000000,5.08405,5.08405,4.75871,4.9859,695.65912402401,0
ETL,D,20100428,000000,4.75871,4.92658,4.75871,4.92344,5785.7081878705,0
ETL,D,20100429,000000,4.95879,4.95879,4.74453,4.74781,10218.745856805,0
ETL,D,20100430,000000,4.87593,5.04374,4.87593,5.04374,5676.9219874058,0
ETL,D,20100504,000000,5.04374,5.04374,4.74781,5.0406,784.40576124518,0
ETL,D,20100505,000000,5.04374,5.04374,4.78504,4.78504,6720.4106734418,0
ETL,D,20100506,000000,4.87998,4.87998,4.338,4.71491,48548.704752103,0
ETL,D,20100507,000000,4.60935,4.69884,4.48701,4.69884,2081.2517825739,0
ETL,D,20100510,000000,4.85281,4.85281,4.52802,4.8123,2547.8873266723,0
ETL,D,20100511,000000,4.8123,4.8123,4.66349,4.80992,1857.9537921464,0
ETL,D,20100512,000000,4.8123,4.8123,4.8123,4.8123,850.25004047379,0
ETL,D,20100513,000000,4.82599,4.82599,4.82599,4.82599,2.86279474907,0
ETL,D,20100514,000000,4.82599,4.82599,4.8123,4.82599,1106.4701705156,0
ETL,D,20100517,000000,4.82599,4.82599,4.58489,4.82599,1756.3245785544,0
ETL,D,20100518,000000,4.61172,4.87489,4.53361,4.74453,7099.7309776936,0
ETL,D,20100519,000000,4.74453,4.74453,4.50063,4.66069,6905.0609347568,0
ETL,D,20100520,000000,4.69087,4.82311,4.55478,4.60935,8140.3568689805,0
ETL,D,20100521,000000,4.47333,4.64763,4.47333,4.60935,1527.3009986288,0
ETL,D,20100524,000000,4.63673,4.63673,4.42204,4.63673,5084.3234743483,0
ETL,D,20100525,000000,4.63673,4.63673,4.63673,4.63673,2.86279474907,0
ETL,D,20100526,000000,4.63631,4.6391,4.47381,4.6391,132252.52902279,0
ETL,D,20100527,000000,4.63631,4.73139,4.63631,4.69087,10593.771968934,0
ETL,D,20100528,000000,4.76618,4.76897,4.69087,4.69087,16492.560549392,0
ETL,D,20100531,000000,4.8213,4.82361,4.69087,4.79825,31890.102107265,0
ETL,D,20100601,000000,4.82361,5.02991,4.82361,4.98388,32859.158129826,0
ETL,D,20100602,000000,4.98946,5.01454,4.87894,5.01454,32539.956515304,0
ETL,D,20100604,000000,4.96284,5.13373,4.96033,5.11116,31195.874380615,0
ETL,D,20100607,000000,4.92247,4.96648,4.79251,4.80664,17809.446133964,0
ETL,D,20100608,000000,4.89333,4.89333,4.80664,4.81557,9387.1039822005,0
ETL,D,20100609,000000,4.96648,4.96648,4.77799,4.81557,3486.8840043673,0
ETL,D,20100610,000000,4.79251,4.79251,4.47667,4.77226,14983.867716633,0
ETL,D,20100611,000000,4.83304,4.83304,4.55199,4.60424,1850.7968052738,0
ETL,D,20100614,000000,4.63289,4.63289,4.37817,4.42469,13014.264929272,0
ETL,D,20100615,000000,4.40157,4.63289,4.40157,4.42469,5111.5200244645,0
ETL,D,20100616,000000,4.6245,4.6245,4.37502,4.42469,6389.7578799242,0
ETL,D,20100617,000000,4.56939,4.56939,4.35805,4.42469,4942.6151342694,0
ETL,D,20100618,000000,4.42469,4.42469,4.10019,4.38683,6041.9283179122,0
ETL,D,20100621,000000,4.38683,4.57224,4.38683,4.44468,2205.7833541584,0
ETL,D,20100622,000000,4.51762,4.51762,4.40157,4.51762,1182.3342313659,0
ETL,D,20100623,000000,4.6245,4.6245,4.58971,4.58971,2.86279474907,0
ETL,D,20100624,000000,4.60145,4.60145,4.58971,4.58971,1464.3195141493,0
ETL,D,20100625,000000,4.60424,4.60424,4.43035,4.43035,2698.1840509985,0
ETL,D,20100628,000000,4.54639,4.54639,4.53172,4.53172,103.06061096652,0
ETL,D,20100629,000000,4.54639,4.54639,4.35505,4.51425,459.47855722573,0
ETL,D,20100630,000000,4.48939,4.48939,4.34806,4.48939,1726.2652336892,0
ETL,D,20100701,000000,4.52887,4.52887,4.52606,4.52606,2.86279474907,0
ETL,D,20100702,000000,4.52606,4.52606,4.52606,4.52606,176.0618770678,0
ETL,D,20100705,000000,4.5026,4.5026,4.48841,4.48841,2.86279474907,0
ETL,D,20100706,000000,4.53172,4.54297,4.48841,4.48841,1016.2921359198,0
ETL,D,20100707,000000,4.48841,4.48841,4.48841,4.48841,2.86279474907,0
ETL,D,20100708,000000,4.56939,4.56939,4.48841,4.48841,30.059344865235,0
ETL,D,20100709,000000,4.56939,4.56939,4.34316,4.43035,161.74790332245,0
ETL,D,20100712,000000,4.40157,4.40157,4.34316,4.40157,1296.8460213287,0
ETL,D,20100713,000000,4.40157,4.40157,4.19045,4.38417,3392.4117776479,0
ETL,D,20100714,000000,4.40157,4.40157,4.39291,4.39291,682.77654765319,0
ETL,D,20100715,000000,4.28833,4.40157,4.28833,4.40157,2593.6920426574,0
ETL,D,20100716,000000,4.40157,4.40157,4.40157,4.40157,2.86279474907,0
ETL,D,20100719,000000,4.40157,4.40157,4.38683,4.38683,2.86279474907,0
ETL,D,20100720,000000,4.40157,4.56939,4.35805,4.48841,3804.654221514,0
ETL,D,20100721,000000,4.48841,4.54297,4.34316,4.54297,5452.1925996038,0
ETL,D,20100722,000000,4.54297,4.54297,4.54297,4.54297,2.86279474907,0
ETL,D,20100723,000000,4.57504,4.57504,4.54639,4.54639,353.55515151014,0
ETL,D,20100726,000000,4.54639,4.54639,4.54639,4.54639,2.86279474907,0
ETL,D,20100727,000000,4.54639,4.57504,4.54639,4.54639,340.67257513933,0
ETL,D,20100728,000000,4.57504,4.57504,4.54639,4.54639,886.03497483716,0
ETL,D,20100729,000000,4.54639,4.54639,4.36629,4.36629,2328.8835283684,0
ETL,D,20100730,000000,4.48841,4.54297,4.3489,4.54297,767.22899275076,0
ETL,D,20100802,000000,4.54297,4.54297,4.38983,4.44468,1040.6258912869,0
ETL,D,20100803,000000,4.54297,4.54297,4.48513,4.52887,403.65405961887,0
ETL,D,20100804,000000,4.54297,4.54297,4.54297,4.54297,2.86279474907,0
ETL,D,20100805,000000,4.54297,4.61877,4.54297,4.61877,3411.0199435169,0
ETL,D,20100806,000000,4.63289,4.63289,4.43294,4.61555,9158.0804022749,0
ETL,D,20100809,000000,4.61877,4.61877,4.61555,4.61877,671.32536865691,0
ETL,D,20100810,000000,4.61877,4.61877,4.57504,4.61877,5271.8365304124,0
ETL,D,20100811,000000,4.60424,4.60424,4.39549,4.47947,9319.8283055974,0
ETL,D,20100812,000000,4.6245,4.6245,4.47381,4.59858,1076.4108256503,0
ETL,D,20100813,000000,4.60424,4.60424,4.51762,4.51762,306.31903815049,0
ETL,D,20100816,000000,4.60145,4.60145,4.60145,4.60145,2.86279474907,0
ETL,D,20100817,000000,4.60424,4.60424,4.37502,4.60424,3408.1571487678,0
ETL,D,20100818,000000,4.60424,4.60424,4.60424,4.60424,2.86279474907,0
ETL,D,20100819,000000,4.60424,4.60424,4.56044,4.56044,64.412881854075,0
ETL,D,20100820,000000,4.56044,4.56044,4.48841,4.48841,362.14353575735,0
ETL,D,20100823,000000,4.37244,4.48841,4.37244,4.48841,4460.2342190511,0
ETL,D,20100824,000000,4.271,4.48841,4.271,4.48841,3622.8667549481,0
ETL,D,20100825,000000,4.48841,4.48841,4.40157,4.40157,400.7912648698,0
ETL,D,20100826,000000,4.40157,4.48513,4.271,4.48513,5771.3942141251,0
ETL,D,20100827,000000,4.48841,4.48841,4.46522,4.46522,3456.824659502,0
ETL,D,20100830,000000,4.48841,4.48841,4.20436,4.48275,7831.175036081,0
ETL,D,20100831,000000,4.48275,4.48275,4.27666,4.48275,4229.7792417509,0
ETL,D,20100901,000000,4.51762,4.61877,4.51762,4.61877,6791.9805421686,0
ETL,D,20100902,000000,4.61877,4.63289,4.60424,4.60424,30431.508182614,0
ETL,D,20100903,000000,4.51762,4.60424,4.34673,4.57504,10238.785420049,0
ETL,D,20100906,000000,4.58971,4.58971,4.48841,4.58971,5569.5671843157,0
ETL,D,20100907,000000,4.459,4.48841,4.37502,4.48513,8641.3459500678,0
ETL,D,20100908,000000,4.43035,4.54297,4.43035,4.54297,8117.454510988,0
ETL,D,20100909,000000,4.57224,4.57224,4.40723,4.40723,2626.6141822717,0
ETL,D,20100910,000000,4.43035,4.54067,4.38683,4.54067,16906.234390633,0
ETL,D,20100913,000000,4.53501,4.53501,4.41589,4.48841,1523.0068065052,0
ETL,D,20100914,000000,4.48841,4.63289,4.33151,4.60424,285757.0148653,0
ETL,D,20100915,000000,4.60424,4.63289,4.54639,4.63009,72116.662523822,0
ETL,D,20100916,000000,4.64805,4.66216,4.37244,4.63289,5005.5966187489,0
ETL,D,20100917,000000,4.66216,4.89333,4.63289,4.77799,12549.060782548,0
ETL,D,20100920,000000,4.89333,4.89333,4.77799,4.86461,2348.9230916119,0
ETL,D,20100921,000000,4.89333,4.89333,4.8387,4.86461,3312.253524674,0
ETL,D,20100922,000000,4.86461,4.86461,4.77799,4.86461,523.89143907981,0
ETL,D,20100923,000000,4.86461,4.86461,4.56658,4.80664,1666.1465439587,0
ETL,D,20100924,000000,4.8505,4.8505,4.8505,4.8505,2.86279474907,0
ETL,D,20100927,000000,4.8505,4.8505,4.83542,4.83542,1040.6258912869,0
ETL,D,20100928,000000,4.83542,4.83542,4.83542,4.83542,1.431397374535,0
ETL,D,20100929,000000,4.83542,4.83542,4.83542,4.83542,2.86279474907,0
ETL,D,20100930,000000,4.83542,4.83542,4.69366,4.83542,3946.362561593,0
ETL,D,20101001,000000,4.83542,4.83542,4.69087,4.83542,711.40449514389,0
ETL,D,20101004,000000,4.83542,4.83542,4.83542,4.83542,543.9310023233,0
ETL,D,20101005,000000,4.83542,4.83542,4.83542,4.83542,2078.3889878248,0
ETL,D,20101006,000000,4.83542,4.83542,4.74878,4.74878,346.39816463747,0
ETL,D,20101007,000000,4.74878,4.77799,4.74878,4.77799,1971.0341847347,0
ETL,D,20101008,000000,4.77799,4.83542,4.77799,4.83542,936.13388294589,0
ETL,D,20101011,000000,4.83542,4.87894,4.63289,4.87593,4082.3453121738,0
ETL,D,20101012,000000,4.87593,4.87593,4.63631,4.85846,4116.6988491627,0
ETL,D,20101013,000000,4.86218,4.91995,4.74878,4.91995,9076.4907519264,0
ETL,D,20101014,000000,4.90765,4.90765,4.77799,4.83542,283.41668015793,0
ETL,D,20101015,000000,4.83304,4.83304,4.63631,4.72,1982.485363731,0
ETL,D,20101018,000000,4.7893,4.7893,4.67956,4.77799,4148.1895914024,0
ETL,D,20101019,000000,4.7893,4.7893,4.63289,4.7893,1431.397374535,0
ETL,D,20101020,000000,4.79251,4.79251,4.79251,4.79251,135.98275058082,0
ETL,D,20101021,000000,4.79251,4.79251,4.67054,4.77799,1067.8224414031,0
ETL,D,20101022,000000,4.74878,4.74878,4.66216,4.74878,1043.488686036,0
ETL,D,20101025,000000,4.69087,4.79251,4.69087,4.79251,817.32790085948,0
ETL,D,20101026,000000,4.79251,4.79251,4.56379,4.56379,659.87418966063,0
ETL,D,20101027,000000,4.56379,4.56379,4.41589,4.56044,2280.2160176343,0
ETL,D,20101028,000000,4.55764,4.58398,4.43643,4.46207,4312.800289474,0
ETL,D,20101029,000000,4.5049,4.79399,4.5049,4.79399,4614.8251355008,0
ETL,D,20101102,000000,4.79251,4.79251,4.67627,4.77799,695.65912402401,0
ETL,D,20101103,000000,4.79251,4.79251,4.64805,4.77799,1585.9882909848,0
ETL,D,20101104,000000,4.86461,4.86461,4.70827,4.83304,2702.4782431221,0
ETL,D,20101105,000000,4.83304,4.83304,4.70261,4.81795,1631.7930069699,0
ETL,D,20101108,000000,4.82737,4.82737,4.69366,4.79825,456.61576247666,0
ETL,D,20101109,000000,4.80055,4.80055,4.50581,4.77799,5084.3234743483,0
ETL,D,20101110,000000,4.80055,4.80055,4.79251,4.80055,4195.4257047621,0
ETL,D,20101112,000000,4.80055,4.80055,4.63289,4.63289,31218.776738608,0
ETL,D,20101115,000000,4.77799,4.77799,4.67627,4.77799,177.49327444234,0
ETL,D,20101116,000000,4.77799,4.77799,4.63289,4.77463,2987.3263206545,0
ETL,D,20101117,000000,4.77799,4.77799,4.63289,4.70547,2139.9390749298,0
ETL,D,20101118,000000,4.70547,4.70547,4.63289,4.70261,353.55515151014,0
ETL,D,20101119,000000,4.70547,4.70547,4.60424,4.70261,867.42680896821,0
ETL,D,20101122,000000,4.70547,4.77799,4.70547,4.77799,1382.7298638008,0
ETL,D,20101123,000000,4.77799,4.77799,4.63289,4.73419,3193.4475425876,0
ETL,D,20101124,000000,4.73419,4.77463,4.60424,4.77463,821.62209298309,0
ETL,D,20101125,000000,4.6391,4.74878,4.60424,4.74878,1200.9423972349,0
ETL,D,20101126,000000,4.63631,4.73419,4.63631,4.73419,692.79632927494,0
ETL,D,20101129,000000,4.77799,4.77799,4.63631,4.77226,399.35986749526,0
ETL,D,20101130,000000,4.77226,4.77226,4.36063,4.76897,13671.276324184,0
ETL,D,20101201,000000,4.77226,4.77226,4.60424,4.60424,2699.615448373,0
ETL,D,20101202,000000,4.77226,4.77226,4.60424,4.70547,1049.2142755342,0
ETL,D,20101203,000000,4.77226,4.77226,4.63289,4.73419,498.12628633818,0
ETL,D,20101206,000000,4.74878,4.77226,4.6099,4.77226,890.32916696077,0
ETL,D,20101207,000000,4.69087,4.77226,4.63289,4.66216,845.95584835018,0
ETL,D,20101208,000000,4.66216,4.76052,4.60424,4.76052,6554.3685779958,0
ETL,D,20101209,000000,4.77226,4.77799,4.66216,4.77799,4235.5048312491,0
ETL,D,20101210,000000,4.70547,4.77799,4.63289,4.63289,3438.2164936331,0
ETL,D,20101213,000000,4.63289,4.63289,4.60424,4.61877,2855.6377621973,0
ETL,D,20101214,000000,4.66216,4.67627,4.6245,4.67054,4687.8264016021,0
ETL,D,20101215,000000,4.67054,4.69653,4.54067,4.54067,2091.2715641956,0
ETL,D,20101216,000000,4.67627,4.67627,4.57504,4.67347,6132.1063525079,0
ETL,D,20101217,000000,4.55199,4.70547,4.55199,4.65363,20656.495511915,0
ETL,D,20101220,000000,4.63289,4.66216,4.56939,4.66216,3353.7640485355,0
ETL,D,20101221,000000,4.55199,4.68807,4.55199,4.67627,1397.0438375462,0
ETL,D,20101222,000000,4.55199,4.67627,4.53738,4.63289,2165.7042276715,0
ETL,D,20101223,000000,4.63009,4.63009,4.51762,4.51762,346.39816463747,0
ETL,D,20101227,000000,4.51762,4.66775,4.51762,4.63289,2629.4769770208,0
ETL,D,20101228,000000,4.52328,4.63009,4.52048,4.63009,5636.8428609188,0
ETL,D,20101229,000000,4.63058,4.63058,4.53598,4.63058,403.65405961887,0
ETL,D,20101230,000000,4.63344,4.63344,4.5332,4.63344,5830.0815064811,0
ETL,D,20101231,000000,4.52048,4.64615,4.51762,4.63344,18496.516873741,0
ETL,D,20110103,000000,4.52887,4.63289,4.49121,4.49121,16277.850943212,0
ETL,D,20110104,000000,4.54639,4.54639,4.48841,4.5026,1404.2008244188,0
ETL,D,20110105,000000,4.55199,4.56044,4.40157,4.54067,3655.7888945624,0
ETL,D,20110107,000000,4.55199,4.55199,4.40157,4.54297,867.42680896821,0
ETL,D,20110110,000000,4.54297,4.54877,4.40416,4.54067,1604.5964568537,0
ETL,D,20110111,000000,4.54067,4.54067,4.40157,4.52328,1040.6258912869,0
ETL,D,20110112,000000,4.54067,4.54067,4.52328,4.53501,1389.8868506735,0
ETL,D,20110113,000000,4.53172,4.53172,4.43035,4.52887,1492.94746164,0
ETL,D,20110114,000000,4.40416,4.52606,4.40416,4.51762,4.294192123605,0
ETL,D,20110117,000000,4.4386,4.48841,4.40157,4.48513,2378.9824364772,0
ETL,D,20110118,000000,4.48275,4.48275,4.25095,4.41289,6710.3908918201,0
ETL,D,20110119,000000,4.30013,4.41289,4.30013,4.41289,821.62209298309,0
ETL,D,20110120,000000,4.42469,4.42469,4.39857,4.41589,1784.9525260451,0
ETL,D,20110121,000000,4.48513,4.48513,4.45648,4.45648,2.86279474907,0
ETL,D,20110124,000000,4.48513,4.48513,4.39857,4.39857,229.0235799256,0
ETL,D,20110125,000000,4.40157,4.40157,4.34316,4.34316,956.17344618938,0
ETL,D,20110126,000000,4.39549,4.39549,4.0974,4.12933,7277.2242521359,0
ETL,D,20110127,000000,4.36629,4.36629,4.05415,4.08279,8184.7301875911,0
ETL,D,20110128,000000,4.2244,4.2279,4.06589,4.2279,19903.580492909,0
ETL,D,20110131,000000,4.36678,4.36678,3.99638,4.34149,14495.761211916,0
ETL,D,20110201,000000,4.34065,4.45648,4.02502,4.28532,12654.984188264,0
ETL,D,20110202,000000,4.19611,4.19611,4.05974,4.0682,5864.4350434699,0
ETL,D,20110203,000000,4.14036,4.2244,4.08279,4.1987,4932.5953526476,0
ETL,D,20110204,000000,4.2279,4.2279,4.01056,4.12073,2871.3831333172,0
ETL,D,20110207,000000,4.11144,4.14951,4.01056,4.14951,13259.033880318,0
ETL,D,20110208,000000,4.07147,4.2244,4.01056,4.09174,8584.0900550864,0
ETL,D,20110209,000000,4.15567,4.15567,4.01056,4.14644,14575.91946489,0
ETL,D,20110210,000000,4.12646,4.12646,4.06589,4.06589,247.63174579455,0
ETL,D,20110211,000000,4.08279,4.08279,4.06589,4.07434,1215.2563709802,0
ETL,D,20110214,000000,4.07434,4.33765,4.01614,4.33765,5452.1925996038,0
ETL,D,20110215,000000,4.34065,4.34065,4.07434,4.1382,11787.557379296,0
ETL,D,20110216,000000,4.16956,4.16956,4.08279,4.14644,2374.6882443536,0
ETL,D,20110217,000000,4.16956,4.16956,4.15217,4.15217,382.18309900084,0
ETL,D,20110218,000000,4.15217,4.15217,4.15217,4.15217,2.86279474907,0
ETL,D,20110221,000000,4.1382,4.16698,4.1382,4.16698,1036.3316991633,0
ETL,D,20110222,000000,4.14036,4.14036,4.08845,4.11144,1168.0202576206,0
ETL,D,20110223,000000,4.18479,4.271,4.18479,4.271,10724.029130016,0
ETL,D,20110224,000000,4.2279,4.44209,4.2279,4.44209,8820.2706218847,0
ETL,D,20110225,000000,4.30845,4.45648,4.30845,4.44468,6299.5798453285,0
ETL,D,20110228,000000,4.44509,4.44509,4.42945,4.44509,75.864060850355,0
ETL,D,20110301,000000,4.44468,4.49121,4.23356,4.45648,6258.069321467,0
ETL,D,20110302,000000,4.45648,4.45648,4.31411,4.38417,2735.4003827364,0
ETL,D,20110303,000000,4.43035,4.43035,4.28275,4.40157,306.31903815049,0
ETL,D,20110304,000000,4.43035,4.44209,4.43035,4.44209,450.89017297852,0
ETL,D,20110307,000000,4.43035,4.43035,4.28532,4.42469,2078.3889878248,0
ETL,D,20110308,000000,4.41289,4.41289,4.32926,4.40157,4547.5494588977,0
ETL,D,20110309,000000,4.32926,4.42721,4.32926,4.42721,1789.2467181687,0
ETL,D,20110310,000000,4.40416,4.43035,4.30013,4.42721,15877.059678342,0
ETL,D,20110311,000000,4.37244,4.43035,4.37244,4.40157,496.69488896364,0
ETL,D,20110314,000000,4.43035,4.43035,4.38683,4.38683,353.55515151014,0
ETL,D,20110315,000000,4.43035,4.43035,4.2418,4.34065,1857.9537921464,0
ETL,D,20110316,000000,4.34065,4.34673,4.2397,4.34673,469.49833884748,0
ETL,D,20110317,000000,4.34806,4.34806,4.24704,4.32536,6325.3449980702,0
ETL,D,20110318,000000,4.32585,4.34065,4.32019,4.34065,177.49327444234,0
ETL,D,20110321,000000,4.36937,4.36937,4.23356,4.32926,1010.5665464217,0
ETL,D,20110322,000000,4.34316,4.34316,4.21259,4.29706,2039.7412587124,0
ETL,D,20110323,000000,4.34065,4.34065,4.21616,4.28275,787.26855599425,0
ETL,D,20110324,000000,4.29706,4.29706,4.21259,4.29706,445.16458348038,0
ETL,D,20110325,000000,4.29706,4.30013,4.17529,4.30013,1306.8658029505,0
ETL,D,20110328,000000,4.16125,4.25703,4.15567,4.25703,6658.8605863368,0
ETL,D,20110329,000000,4.28532,4.34673,4.19045,4.2279,14623.15557825,0
ETL,D,20110330,000000,4.30845,4.30845,4.15776,4.26834,30915.320495207,0
ETL,D,20110331,000000,4.19701,4.41687,4.17215,4.41687,29442.41259681,0
ETL,D,20110401,000000,4.26528,4.41589,4.26528,4.40157,1680.4605177041,0
ETL,D,20110404,000000,4.40157,4.40157,4.271,4.37244,3425.3339172623,0
ETL,D,20110405,000000,4.39549,4.40157,4.2279,4.40157,6777.6665684232,0
ETL,D,20110406,000000,4.28833,4.38417,4.2279,4.38417,7391.7360420987,0
ETL,D,20110407,000000,4.36063,4.36063,4.24529,4.34065,4609.0995460027,0
ETL,D,20110408,000000,4.34065,4.36063,4.2536,4.36063,3817.5367978848,0
ETL,D,20110411,000000,4.36063,4.36063,4.25095,4.33765,2822.715622583,0
ETL,D,20110412,000000,4.33151,4.34316,4.23006,4.34316,4441.6260531821,0
ETL,D,20110413,000000,4.40157,4.45648,4.35805,4.44468,9248.2584368706,0
ETL,D,20110414,000000,4.44468,4.45648,4.3489,4.45648,508.14606795992,0
ETL,D,20110415,000000,4.40157,4.48841,4.40157,4.48841,2758.3027407289,0
ETL,D,20110418,000000,4.48513,4.48513,4.40416,4.47088,1199.5109998603,0
ETL,D,20110419,000000,4.47088,4.47667,4.47088,4.47667,556.81357869411,0
ETL,D,20110420,000000,4.47667,4.72,4.47088,4.47088,36393.278247552,0
ETL,D,20110421,000000,4.58971,4.6419,4.4386,4.6419,5887.3374014625,0
ETL,D,20110426,000000,4.63289,4.67627,4.63289,4.67627,18280.375870187,0
ETL,D,20110427,000000,4.66216,4.71672,4.56044,4.71672,2557.907108294,0
ETL,D,20110428,000000,4.72,4.72,4.63289,4.70547,642.69742116621,0
ETL,D,20110429,000000,4.73377,4.73377,4.63344,4.66216,8920.4684381021,0
ETL,D,20110502,000000,4.65937,4.65937,4.57224,4.63009,24714.507068722,0
ETL,D,20110504,000000,4.63289,4.66216,4.55199,4.66216,5961.7700649383,0
ETL,D,20110505,000000,4.63344,4.63344,4.57414,4.63058,5377.759936128,0
ETL,D,20110506,000000,4.63289,4.63289,4.56044,4.6273,3114.7206869882,0
ETL,D,20110509,000000,4.55199,4.63009,4.55199,4.63009,1223.8447552274,0
ETL,D,20110510,000000,4.63289,4.63289,4.53501,4.6245,3307.9593325504,0
ETL,D,20110511,000000,4.63058,4.63058,4.57414,4.61794,2702.4782431221,0
ETL,D,20110512,000000,4.60424,4.61555,4.51425,4.6099,3214.9185032056,0
ETL,D,20110513,000000,4.63289,4.63289,4.60424,4.63289,5568.1357869411,0
ETL,D,20110516,000000,4.65595,4.65595,4.63289,4.63289,1769.2071549253,0
ETL,D,20110517,000000,4.63289,5.09634,4.63289,4.92247,60044.257066994,0
ETL,D,20110518,000000,4.95167,5.06729,4.90507,4.92247,31722.628614444,0
ETL,D,20110519,000000,5.04374,5.04374,4.92247,5.00336,23673.881177434,0
ETL,D,20110520,000000,5.04165,5.21099,5.03809,5.10766,36615.144840605,0
ETL,D,20110523,000000,5.10815,5.24117,5.02991,5.03809,7334.4801471173,0
ETL,D,20110524,000000,5.09634,5.09634,4.96284,4.98031,824.48488773216,0
ETL,D,20110525,000000,5.05289,5.05289,4.94287,5.05289,9295.4945502303,0
ETL,D,20110526,000000,5.04989,5.15419,5.04989,5.15112,13283.367635685,0
ETL,D,20110527,000000,5.15168,5.15168,5.03194,5.03809,5782.8453931214,0
ETL,D,20110530,000000,5.12499,5.12499,5.03809,5.03809,58786.058774777,0
ETL,D,20110531,000000,5.1266,5.1266,5.04423,5.09537,4481.7051796691,0
ETL,D,20110601,000000,5.13373,5.13373,5.04374,5.13373,4169.6605520205,0
ETL,D,20110602,000000,5.12499,5.12499,5.02634,5.12499,10181.529525067,0
ETL,D,20110603,000000,5.1296,5.1296,5.02278,5.02278,10864.306072721,0
ETL,D,20110606,000000,5.06729,5.09634,5.06729,5.06729,2701.0468457475,0
ETL,D,20110607,000000,5.09537,5.11989,5.06673,5.11689,10062.723542981,0
ETL,D,20110608,000000,5.1266,5.13275,5.05449,5.05449,17213.984826158,0
ETL,D,20110609,000000,5.12346,5.12346,5.03809,5.12346,43294.044990186,0
ETL,D,20110610,000000,5.12346,5.1762,5.05758,5.1266,19770.460537077,0
ETL,D,20110613,000000,5.1762,5.55674,5.06673,5.497,28214.27364946,0
ETL,D,20110614,000000,5.47165,5.47165,5.22685,5.3556,6202.2448238602,0
ETL,D,20110615,000000,5.3556,5.3556,5.21099,5.29839,13095.85457962,0
ETL,D,20110616,000000,5.29839,5.29839,5.18947,5.22377,47449.39156846,0
ETL,D,20110617,000000,5.3373,5.3373,5.18947,5.2708,2397.5906023461,0
ETL,D,20110620,000000,5.2708,5.3373,5.2017,5.20485,8326.4385276701,0
ETL,D,20110621,000000,5.20485,5.27443,5.2017,5.23293,4205.4454863838,0
ETL,D,20110622,000000,5.02278,5.2708,5.02278,5.20791,4835.2603311792,0
ETL,D,20110624,000000,5.23963,5.23963,5.02278,5.02278,9105.1186994171,0
ETL,D,20110627,000000,5.1296,5.1296,4.8723,4.8723,6216.5587976055,0
ETL,D,20110628,000000,4.86874,4.86874,4.81844,4.83443,1010.5665464217,0
ETL,D,20110629,000000,4.83443,4.83443,4.73377,4.73698,3974.9905090837,0
ETL,D,20110630,000000,4.7812,5.17976,4.73698,5.17976,5857.2780565972,0
ETL,D,20110701,000000,5.1762,5.17976,4.89026,5.07644,3874.7926928662,0
ETL,D,20110704,000000,5.07644,5.21455,5.07644,5.14804,7172.7322437949,0
ETL,D,20110705,000000,5.10152,5.16446,5.01664,5.1363,3369.5094196554,0
ETL,D,20110706,000000,4.92861,5.13275,4.92861,5.1296,1487.2218721419,0
ETL,D,20110707,000000,5.1296,5.1296,5.01349,5.1143,420.83082811329,0
ETL,D,20110708,000000,4.96033,5.08873,4.96033,5.03557,27.196550116165,0
ETL,D,20110711,000000,4.79021,5.08259,4.79021,5.05449,2868.5203385681,0
ETL,D,20110712,000000,4.8533,4.8533,4.8505,4.8505,4297.0549183541,0
ETL,D,20110713,000000,4.8505,5.00336,4.83443,5.00336,6713.2536865691,0
ETL,D,20110714,000000,4.8533,5.01349,4.8533,4.98842,166863.71753904,0
ETL,D,20110715,000000,4.98541,4.98541,4.97521,4.97521,2.86279474907,0
ETL,D,20110718,000000,4.97311,4.97311,4.97311,4.97311,2.86279474907,0
ETL,D,20110719,000000,4.97311,4.97311,4.97311,4.97311,2.86279474907,0
ETL,D,20110720,000000,4.78784,4.96648,4.78784,4.86623,2250.156672769,0
ETL,D,20110721,000000,4.78358,4.8723,4.77178,4.86623,4277.0153551106,0
ETL,D,20110722,000000,4.94139,4.94139,4.92553,4.92553,2.86279474907,0
ETL,D,20110725,000000,4.91883,4.91883,4.74033,4.86623,412.24244386608,0
ETL,D,20110726,000000,4.75584,4.83443,4.75584,4.83443,22.90235799256,0
ETL,D,20110727,000000,4.92553,4.92553,4.83443,4.83443,2.86279474907,0
ETL,D,20110728,000000,4.83108,4.83108,4.83108,4.83108,2.86279474907,0
ETL,D,20110729,000000,4.83108,4.83108,4.83108,4.83108,2.86279474907,0
ETL,D,20110801,000000,4.83108,4.83108,4.80942,4.80942,767.22899275076,0
ETL,D,20110802,000000,4.76856,4.76856,4.76856,4.76856,161.74790332245,0
ETL,D,20110803,000000,4.81606,4.81606,4.81606,4.81606,1.431397374535,0
ETL,D,20110804,000000,4.70876,4.70876,4.39507,4.70261,4736.4939123363,0
ETL,D,20110805,000000,3.9745,4.39207,3.61332,4.36986,68395.029350031,0
ETL,D,20110808,000000,4.08406,4.30103,4.08118,4.15042,19708.910449972,0
ETL,D,20110809,000000,4.08118,4.40115,4.08118,4.13777,23026.889564144,0
ETL,D,20110810,000000,4.15042,4.22266,3.92449,3.93342,18064.234866632,0
ETL,D,20110811,000000,4.04968,4.05297,4.04968,4.05297,399.35986749526,0
ETL,D,20110812,000000,4.30712,4.30712,4.14386,4.17529,3823.262387383,0
ETL,D,20110816,000000,4.17872,4.39507,4.17872,4.39507,3651.4947024388,0
ETL,D,20110817,000000,4.39507,4.39507,4.24095,4.39507,353.55515151014,0
ETL,D,20110818,000000,4.24095,4.30363,4.08406,4.08406,4151.0523861515,0
ETL,D,20110819,000000,4.1595,4.1595,4.15643,4.15643,2.86279474907,0
ETL,D,20110822,000000,4.1595,4.23796,4.1595,4.23796,3459.6874542511,0
ETL,D,20110823,000000,4.23796,4.23796,4.17529,4.17529,641.26602379168,0
ETL,D,20110824,000000,4.11227,4.11227,4.0654,4.0654,279.12248803432,0
ETL,D,20110825,000000,4.14386,4.14386,4.14386,4.14386,638.40322904261,0
ETL,D,20110826,000000,4.30103,4.30103,4.17529,4.30103,3844.733348001,0
ETL,D,20110829,000000,4.39507,4.39507,4.17529,4.24445,3338.0186774156,0
ETL,D,20110830,000000,4.24445,4.24445,4.19045,4.19045,711.40449514389,0
ETL,D,20110831,000000,4.30712,4.30712,4.26925,4.30103,5377.759936128,0
ETL,D,20110901,000000,4.30103,4.30103,4.03396,4.19045,10742.637295885,0
ETL,D,20110902,000000,4.17215,4.17215,4.07147,4.17215,1766.3443601762,0
ETL,D,20110905,000000,4.08118,4.08118,4.03396,4.08118,1892.3073291353,0
ETL,D,20110906,000000,4.08118,4.1595,4.06868,4.1595,20118.290099089,0
ETL,D,20110907,000000,4.16216,4.16865,4.08406,4.08406,1279.6692528343,0
ETL,D,20110908,000000,4.11227,4.17215,4.11227,4.17215,386.47729112445,0
ETL,D,20110909,000000,4.16865,4.16865,4.01817,4.16607,1265.3552790889,0
ETL,D,20110912,000000,4.16607,4.16607,3.92449,4.04968,3126.1718659844,0
ETL,D,20110913,000000,4.01817,4.07469,3.92449,4.07469,363.57493313189,0
ETL,D,20110914,000000,3.97737,3.97737,3.79838,3.88327,1232.4331394746,0
ETL,D,20110915,000000,3.93015,4.01209,3.8614,4.01209,817.32790085948,0
ETL,D,20110916,000000,4.01209,4.01209,4.01209,4.01209,2.86279474907,0
ETL,D,20110919,000000,4.01209,4.01817,4.01209,4.01817,244.76895104548,0
ETL,D,20110920,000000,4.01817,4.01817,4.01817,4.01817,98.766418842915,0
ETL,D,20110921,000000,4.08118,4.08118,3.98988,4.08118,52.961702857795,0
ETL,D,20110922,000000,4.08118,4.31977,4.08118,4.31977,9060.7453808065,0
ETL,D,20110923,000000,4.2353,4.31368,4.08406,4.23796,4238.3676259981,0
ETL,D,20110926,000000,4.23796,4.23796,4.07797,4.23796,382.18309900084,0
ETL,D,20110927,000000,4.23796,4.24095,4.07797,4.24095,5532.3508525778,0
ETL,D,20110928,000000,4.08118,4.22266,4.08118,4.21874,1787.8153207942,0
ETL,D,20110929,000000,4.21874,4.21874,4.21874,4.21874,31.49074223977,0
ETL,D,20110930,000000,4.21874,4.21874,4.08118,4.21874,1188.059820864,0
ETL,D,20111003,000000,4.19045,4.19045,4.19045,4.19045,4.294192123605,0
ETL,D,20111004,000000,4.19045,4.19045,4.03711,4.08118,1223.8447552274,0
ETL,D,20111005,000000,4.1878,4.1878,3.97087,4.06226,2303.1183756268,0
ETL,D,20111006,000000,4.17872,4.17872,4.01817,4.01817,300.59344865235,0
ETL,D,20111007,000000,4.1595,4.1595,4.14386,4.14386,40.07912648698,0
ETL,D,20111010,000000,4.1595,4.1595,4.1595,4.1595,2.86279474907,0
ETL,D,20111011,000000,4.1595,4.1595,4.08118,4.08118,314.9074223977,0
ETL,D,20111012,000000,4.1595,4.31662,4.1595,4.31662,1487.2218721419,0
ETL,D,20111013,000000,4.31662,4.31662,4.207,4.207,745.75803213273,0
ETL,D,20111014,000000,4.207,4.26925,4.207,4.26925,58.687292355935,0
ETL,D,20111017,000000,4.31368,4.31368,4.16607,4.31019,3433.9223015095,0
ETL,D,20111018,000000,4.31368,4.31368,4.1595,4.1595,2702.4782431221,0
ETL,D,20111019,000000,4.147,4.31019,4.147,4.27275,3081.7985473739,0
ETL,D,20111020,000000,4.2353,4.2353,4.08118,4.20351,4465.9598085492,0
ETL,D,20111021,000000,4.207,4.207,4.05297,4.18479,186.08165868955,0
ETL,D,20111024,000000,4.20044,4.20044,4.06868,4.19436,3901.9892429824,0
ETL,D,20111025,000000,4.08118,4.19045,4.05576,4.17215,3160.5254029733,0
ETL,D,20111026,000000,4.16865,4.16865,4.07797,4.15643,8370.8118462807,0
ETL,D,20111027,000000,4.17215,4.17215,4.05297,4.14036,11368.157948557,0
ETL,D,20111028,000000,4.14036,4.14036,4.05297,4.13777,9684.8346361038,0
ETL,D,20111031,000000,4.14036,4.14036,4.14036,4.14036,1.431397374535,0
ETL,D,20111102,000000,4.04647,4.13777,3.96487,4.12198,10802.755985616,0
ETL,D,20111103,000000,4.12198,4.12198,3.99309,4.10298,1585.9882909848,0
ETL,D,20111104,000000,4.10941,4.10941,3.98666,4.10941,485.24370996736,0
ETL,D,20111107,000000,3.98666,4.11227,3.98666,4.08118,2079.8203851994,0
ETL,D,20111108,000000,4.11227,4.11227,4.08118,4.11227,1218.1191657293,0
ETL,D,20111109,000000,4.11227,4.12198,4.04968,4.11227,3587.0818205847,0
ETL,D,20111110,000000,4.11227,4.11227,4.08118,4.08118,967.62462518566,0
ETL,D,20111114,000000,4.11227,4.11227,4.11227,4.11227,2.86279474907,0
ETL,D,20111115,000000,4.12471,4.26311,4.08118,4.26311,20735.222367515,0
ETL,D,20111116,000000,4.26925,4.31662,4.26925,4.31662,279.12248803432,0
ETL,D,20111117,000000,4.31662,4.31662,4.29147,4.31662,1149.4120917516,0
ETL,D,20111118,000000,4.31662,4.31662,4.20966,4.30103,3213.4871058311,0
ETL,D,20111121,000000,4.32284,4.32284,4.1595,4.26925,12838.203052204,0
ETL,D,20111122,000000,4.26925,4.26925,4.26925,4.26925,1.431397374535,0
ETL,D,20111123,000000,4.26925,4.26925,4.09697,4.207,3551.2968862213,0
ETL,D,20111124,000000,4.28833,4.28833,4.12471,4.207,94.47222671931,0
ETL,D,20111125,000000,4.26925,4.26925,4.11227,4.22266,32.922139614305,0
ETL,D,20111128,000000,4.22524,4.22524,4.14386,4.22266,808.73951661227,0
ETL,D,20111129,000000,4.22524,4.22524,4.1595,4.22524,2371.8254496045,0
ETL,D,20111130,000000,4.21874,4.21874,4.20527,4.21874,509.57746533446,0
ETL,D,20111201,000000,4.21874,4.29147,4.21874,4.21874,4131.012822908,0
ETL,D,20111202,000000,4.23796,4.24095,4.147,4.24095,2237.2740963982,0
ETL,D,20111205,000000,4.24095,4.24095,4.11877,4.23796,247.63174579455,0
ETL,D,20111206,000000,4.23796,4.23796,4.207,4.207,133.11995583175,0
ETL,D,20111207,000000,4.23796,4.23796,4.20351,4.20351,2.86279474907,0
ETL,D,20111208,000000,4.24095,4.24095,4.0654,4.207,12798.123925718,0
ETL,D,20111209,000000,4.22266,4.22266,4.11877,4.11877,13034.304492516,0
ETL,D,20111212,000000,4.17215,4.17215,4.04968,4.14386,3011.6600760216,0
ETL,D,20111213,000000,4.17215,4.17215,4.08118,4.14386,3315.1163194231,0
ETL,D,20111214,000000,4.08118,4.14386,4.08118,4.12813,37008.779118602,0
ETL,D,20111215,000000,4.12471,4.12813,4.05297,4.12813,104.49200834105,0
ETL,D,20111216,000000,4.12813,4.12813,4.11227,4.11227,2.86279474907,0
ETL,D,20111219,000000,4.12471,4.23796,4.05297,4.23796,1162.2946681224,0
ETL,D,20111220,000000,4.23796,4.23796,4.23796,4.23796,2.86279474907,0
ETL,D,20111221,000000,4.23796,4.23796,4.19436,4.23796,38550.394090976,0
ETL,D,20111222,000000,4.21259,4.21259,4.08406,4.21259,71.56986872675,0
ETL,D,20111223,000000,4.21259,4.21259,4.20966,4.20966,234.74916942374,0
ETL,D,20111227,000000,4.20966,4.28833,4.11227,4.28833,31297.503594208,0
ETL,D,20111228,000000,4.147,4.38593,4.147,4.36028,8668.542500184,0
ETL,D,20111229,000000,4.36028,4.38593,4.12471,4.37935,82545.823794685,0
ETL,D,20111230,000000,4.3846,4.3846,4.20826,4.29804,67693.644636509,0
ETL,D,20120102,000000,4.39207,4.39207,4.39207,4.39207,1.431397374535,0
ETL,D,20120103,000000,4.30363,4.36371,4.30363,4.36371,283.41668015793,0
ETL,D,20120104,000000,4.36371,4.61507,4.36371,4.53598,5131.559587708,0
ETL,D,20120105,000000,4.5332,4.5332,4.5049,4.52984,1374.1414795536,0
ETL,D,20120109,000000,4.52984,4.61507,4.40115,4.40115,1697.6372861985,0
ETL,D,20120110,000000,4.52984,4.52984,4.31019,4.39507,486.6751073419,0
ETL,D,20120111,000000,4.26925,4.43594,4.23796,4.39507,3776.0262740233,0
ETL,D,20120112,000000,4.41988,4.55199,4.30103,4.46697,3025.974049767,0
ETL,D,20120113,000000,4.42645,4.45774,4.19045,4.45774,6993.807571978,0
ETL,D,20120116,000000,4.55199,4.55199,4.34149,4.36028,1268.218073838,0
ETL,D,20120117,000000,4.36028,4.61507,4.19701,4.61507,2421.9243577132,0
ETL,D,20120118,000000,4.61507,4.8505,4.39822,4.61507,3897.6950508588,0
ETL,D,20120119,000000,4.8505,4.8505,4.8505,4.8505,1.431397374535,0
ETL,D,20120120,000000,4.55199,4.55199,4.55199,4.55199,458.0471598512,0
ETL,D,20120123,000000,4.52048,4.52048,4.52048,4.52048,2.86279474907,0
ETL,D,20120124,000000,4.61507,4.61507,4.39507,4.48939,1617.4790332245,0
ETL,D,20120125,000000,4.55199,4.61507,4.53598,4.61507,553.95078394504,0
ETL,D,20120126,000000,4.61507,4.83443,4.53598,4.83443,475.22392834562,0
ETL,D,20120127,000000,4.83443,4.8505,4.63344,4.77178,4268.4269708634,0
ETL,D,20120130,000000,4.8505,4.8505,4.56428,4.8505,146.00253220257,0
ETL,D,20120131,000000,4.84995,4.99107,4.73271,4.99107,3870.4985007426,0
ETL,D,20120201,000000,5.08566,5.08566,4.77178,4.94447,2135.6448828062,0
ETL,D,20120202,000000,4.86623,4.89438,4.86623,4.89438,2583.6722610357,0
ETL,D,20120203,000000,4.91331,4.91331,4.91331,4.91331,2.86279474907,0
ETL,D,20120206,000000,4.94447,5.05449,4.89689,5.05449,4538.9610746505,0
ETL,D,20120207,000000,5.05449,5.18947,4.96033,5.14804,14112.14671554,0
ETL,D,20120208,000000,5.17054,5.17976,4.96033,5.14505,7413.2070027168,0
ETL,D,20120209,000000,5.17976,5.17976,5.02278,5.02278,986.23279105461,0
ETL,D,20120210,000000,5.07895,5.07895,4.80286,4.80286,2837.0295963284,0
ETL,D,20120213,000000,4.80286,4.86218,4.80286,4.86218,10413.415899742,0
ETL,D,20120214,000000,4.96033,5.02014,4.83443,5.02014,961.89903568752,0
ETL,D,20120215,000000,5.02278,5.05758,4.83443,5.05087,2749.7143564817,0
ETL,D,20120216,000000,4.89689,5.05758,4.89689,5.05087,1176.6086418678,0
ETL,D,20120217,000000,5.05758,5.05758,4.74033,4.82501,1726.2652336892,0
ETL,D,20120220,000000,5.13275,5.13275,4.89689,5.02278,2881.402914939,0
ETL,D,20120221,000000,5.05449,5.05449,4.9511,5.05449,306.31903815049,0
ETL,D,20120222,000000,5.05758,5.05758,4.86623,4.86623,15991.571468305,0
ETL,D,20120223,000000,4.91331,5.16446,4.91331,5.09125,8783.0542901468,0
ETL,D,20120224,000000,5.07895,5.47507,5.02278,5.47507,35437.104801363,0
ETL,D,20120227,000000,5.09125,5.47507,5.02278,5.03809,26447.929289283,0
ETL,D,20120228,000000,5.03809,5.14804,5.03809,5.14804,323.49580664491,0
ETL,D,20120229,000000,5.18081,5.33576,5.06051,5.33576,7680.8783117548,0
ETL,D,20120301,000000,5.18284,5.32095,5.18284,5.27443,1402.7694270443,0
ETL,D,20120302,000000,5.33066,5.33066,5.17976,5.30251,323.49580664491,0
ETL,D,20120305,000000,5.2708,5.2708,5.21099,5.2708,469.49833884748,0
ETL,D,20120306,000000,5.30509,5.30509,5.14505,5.14804,2894.2854913098,0
ETL,D,20120307,000000,5.10152,5.47165,5.10152,5.47165,227.59218255106,0
ETL,D,20120308,000000,5.47165,5.47165,5.25808,5.27443,803.01392711413,0
ETL,D,20120309,000000,5.27443,5.27443,5.17976,5.25808,360.71213838282,0
ETL,D,20120312,000000,5.28623,5.28623,5.17976,5.17976,161.74790332245,0
ETL,D,20120313,000000,5.17976,5.2708,5.10152,5.2708,737.16964788552,0
ETL,D,20120314,000000,5.27443,5.27443,5.27443,5.27443,1.431397374535,0
ETL,D,20120315,000000,5.27443,5.27443,5.24271,5.24271,482.38091521829,0
ETL,D,20120316,000000,5.27443,5.27443,5.27443,5.27443,1.431397374535,0
ETL,D,20120319,000000,5.24271,5.24271,5.02634,5.17976,4649.1786724897,0
ETL,D,20120320,000000,5.22064,5.22064,5.05449,5.20791,78.726855599425,0
ETL,D,20120321,000000,5.2017,5.2017,5.08566,5.1987,1533.026588127,0
ETL,D,20120322,000000,5.1987,5.24271,5.02278,5.23963,6011.868973047,0
ETL,D,20120323,000000,5.23293,5.3373,5.05758,5.3373,7438.9721554584,0
ETL,D,20120326,000000,5.27443,5.33325,5.14804,5.33325,1209.5307814821,0
ETL,D,20120327,000000,5.33325,5.33325,5.16132,5.18284,675.61956078052,0
ETL,D,20120328,000000,5.17976,5.25501,5.14804,5.25501,4418.7236951895,0
ETL,D,20120329,000000,5.24271,5.24271,5.17976,5.17976,1598.8708673556,0
ETL,D,20120330,000000,5.23559,5.28721,5.08405,5.27443,3830.4193742557,0
ETL,D,20120402,000000,5.27443,5.27443,5.18284,5.27443,3439.6478910076,0
ETL,D,20120403,000000,5.27443,5.27443,5.27443,5.27443,2.86279474907,0
ETL,D,20120404,000000,5.18081,5.21148,5.18081,5.21148,234.74916942374,0
ETL,D,20120405,000000,5.18081,5.30405,5.18081,5.30405,4.294192123605,0
ETL,D,20120410,000000,5.17976,5.17976,5.17976,5.17976,579.71593668667,0
ETL,D,20120411,000000,5.17976,5.17976,5.11689,5.17976,7383.1476578515,0
ETL,D,20120412,000000,5.18284,5.18284,5.18284,5.18284,459.47855722573,0
ETL,D,20120413,000000,5.29636,5.29636,5.18591,5.21099,931.83969082228,0
ETL,D,20120416,000000,5.27443,5.27443,5.08566,5.11689,9842.2883473027,0
ETL,D,20120417,000000,5.11892,5.2017,5.02167,5.2017,412.24244386608,0
ETL,D,20120418,000000,5.2017,5.20485,5.2017,5.2017,878.87798796449,0
ETL,D,20120419,000000,5.20485,5.20485,5.2017,5.20485,2630.9083743953,0
ETL,D,20120420,000000,5.20485,5.20485,5.1762,5.1762,3289.3511666814,0
ETL,D,20120423,000000,5.2017,5.2017,5.2017,5.2017,1.431397374535,0
ETL,D,20120424,000000,5.1762,5.17976,5.11689,5.17976,3209.1929137075,0
ETL,D,20120425,000000,5.2017,5.2017,5.2017,5.2017,6099.1842128936,0
ETL,D,20120426,000000,5.21099,5.21099,5.11689,5.1762,835.93606672844,0
ETL,D,20120427,000000,5.14959,5.18081,5.14959,5.18081,996.25257267636,0
ETL,D,20120430,000000,5.18081,5.21148,5.18081,5.21148,151.72812170071,0
ETL,D,20120502,000000,5.21099,5.21455,5.21099,5.21455,322.06440927037,0
ETL,D,20120504,000000,5.21148,5.21148,5.18081,5.21148,1457.1625272766,0
ETL,D,20120507,000000,5.11689,5.17976,5.11689,5.17976,413.67384124061,0
ETL,D,20120508,000000,5.21099,5.21099,5.17976,5.20791,4013.6382381961,0
ETL,D,20120509,000000,5.20841,5.20841,5.12499,5.18081,2630.9083743953,0
ETL,D,20120510,000000,5.2017,5.20841,5.13226,5.20841,7081.1228118246,0
ETL,D,20120511,000000,5.20841,5.20841,5.18081,5.20841,535.34261807609,0
ETL,D,20120514,000000,5.20841,5.30405,5.14959,5.20841,12885.439165564,0
ETL,D,20120515,000000,5.2258,5.49421,5.2258,5.29385,11499.846507014,0
ETL,D,20120516,000000,5.30405,5.38097,5.18081,5.27694,27917.97439293,0
ETL,D,20120517,000000,5.34289,5.34289,5.23559,5.23908,3982.1474959564,0
ETL,D,20120518,000000,5.24271,5.27443,5.07749,5.23908,11982.227422232,0
ETL,D,20120521,000000,5.13226,5.34289,5.13226,5.23908,15294.480946906,0
ETL,D,20120522,000000,5.24271,5.24271,4.82549,4.89075,11298.019477205,0
ETL,D,20120523,000000,4.74313,4.77093,4.55708,4.55708,5241.7771855472,0
ETL,D,20120524,000000,4.48135,4.48135,4.03641,4.48135,15380.364789379,0
ETL,D,20120525,000000,4.48135,4.53263,4.44642,4.44642,2091.2715641956,0
ETL,D,20120528,000000,4.41205,4.41205,4.13288,4.21874,10034.09559549,0
ETL,D,20120529,000000,4.21874,4.37719,4.21874,4.37419,4958.3605053892,0
ETL,D,20120530,000000,4.37419,4.37419,4.30496,4.37419,3451.0990700039,0
ETL,D,20120531,000000,4.38068,4.44293,4.38068,4.3846,366.43772788096,0
ETL,D,20120601,000000,4.3846,4.3846,4.3846,4.3846,226.16078517653,0
ETL,D,20120604,000000,4.3846,4.3846,4.3846,4.3846,393.63427799712,0
ETL,D,20120605,000000,4.38068,4.38068,4.38068,4.38068,233.3177720492,0
ETL,D,20120606,000000,4.38068,4.38068,4.38068,4.38068,1.431397374535,0
ETL,D,20120608,000000,4.37719,4.37719,3.94307,4.12241,15383.227584127,0
ETL,D,20120611,000000,4.1878,4.1878,4.03278,4.0501,2769.7539197252,0
ETL,D,20120612,000000,4.06708,4.18088,4.03278,4.18088,7584.974687661,0
ETL,D,20120613,000000,4.18088,4.37719,4.18088,4.37419,1604.5964568537,0
ETL,D,20120614,000000,4.47381,4.47709,4.47381,4.47709,1173.7458471187,0
ETL,D,20120615,000000,4.60186,4.60186,4.5496,4.55345,927.54549869868,0
ETL,D,20120618,000000,4.56379,4.82549,4.56379,4.64615,3319.4105115467,0
ETL,D,20120619,000000,4.68423,4.69087,4.68423,4.69087,702.81611089668,0
ETL,D,20120620,000000,4.68759,4.68759,4.68759,4.68759,1.431397374535,0
ETL,D,20120621,000000,4.75626,4.7666,4.75626,4.7666,824.48488773216,0
ETL,D,20120622,000000,4.7666,4.86315,4.7666,4.86315,2064.0750140795,0
ETL,D,20120625,000000,4.86001,4.86001,4.86001,4.86001,1.431397374535,0
ETL,D,20120626,000000,4.77372,5.04934,4.77372,5.04934,4643.4530829915,0
ETL,D,20120627,000000,5.10509,5.10509,4.77372,4.9117,6902.1981400078,0
ETL,D,20120628,000000,4.87747,4.92198,4.87747,4.92198,2570.7896846649,0
ETL,D,20120629,000000,5.11892,5.11892,5.11892,5.11892,1.431397374535,0
ETL,D,20120702,000000,5.11892,5.11892,5.11892,5.11892,582.57873143574,0
ETL,D,20120703,000000,4.97723,4.97723,4.86001,4.86001,6110.6353918899,0
ETL,D,20120704,000000,4.92553,4.92553,4.92553,4.92553,1.431397374535,0
ETL,D,20120705,000000,4.89075,4.89075,4.89075,4.89075,2.86279474907,0
ETL,D,20120706,000000,4.89075,4.89075,4.89075,4.89075,506.71467058539,0
ETL,D,20120709,000000,4.89487,4.89487,4.89487,4.89487,22.90235799256,0
ETL,D,20120710,000000,4.89487,4.89487,4.89487,4.89487,966.19322781112,0
ETL,D,20120711,000000,4.82549,4.99763,4.82549,4.9117,3011.6600760216,0
ETL,D,20120712,000000,4.98031,5.19108,4.98031,4.99763,6794.8433369176,0
ETL,D,20120716,000000,5.03606,5.03606,5.03606,5.03606,1.431397374535,0
ETL,D,20120717,000000,4.9634,4.9634,4.9634,4.9634,120.23737946094,0
ETL,D,20120718,000000,4.96997,4.96997,4.96997,4.96997,55.824497606865,0
ETL,D,20120719,000000,4.89487,4.89487,4.80523,4.80523,3442.5106857567,0
ETL,D,20120720,000000,4.80523,4.80523,4.70491,4.70491,609.77528155191,0
ETL,D,20120723,000000,4.70491,4.75626,4.70491,4.75626,1451.4369377785,0
ETL,D,20120724,000000,4.75626,4.75626,4.75626,4.75626,229.0235799256,0
ETL,D,20120725,000000,4.80809,4.89075,4.80809,4.89075,754.34641637994,0
ETL,D,20120726,000000,4.89075,4.89075,4.89075,4.89075,2.86279474907,0
ETL,D,20120727,000000,4.89075,4.89075,4.71162,4.76004,784.40576124518,0
ETL,D,20120730,000000,4.76004,4.88767,4.70827,4.70827,3713.0447895438,0
ETL,D,20120802,000000,4.67766,4.67766,4.67766,4.67766,2.86279474907,0
ETL,D,20120803,000000,4.68759,4.86001,4.68759,4.86001,322.06440927037,0
ETL,D,20120806,000000,4.86001,4.86001,4.85658,4.85658,2.86279474907,0
ETL,D,20120807,000000,4.85658,4.85658,4.85658,4.85658,2.86279474907,0
ETL,D,20120808,000000,4.85658,4.85658,4.85658,4.85658,2.86279474907,0
ETL,D,20120809,000000,4.85658,4.85658,4.85658,4.85658,2.86279474907,0
ETL,D,20120810,000000,4.85658,4.85658,4.85658,4.85658,566.83336031586,0
ETL,D,20120813,000000,4.86315,4.86315,4.86001,4.86001,333.51558826665,0
ETL,D,20120816,000000,4.67766,4.85658,4.67766,4.85658,582.57873143574,0
ETL,D,20120817,000000,4.85658,4.85658,4.85658,4.85658,2.86279474907,0
ETL,D,20120820,000000,4.86001,4.86001,4.68759,4.68759,347.829562012,0
ETL,D,20120821,000000,4.69415,4.70491,4.69415,4.70491,2.86279474907,0
ETL,D,20120822,000000,4.68759,4.86001,4.68423,4.86001,1062.096851905,0
ETL,D,20120823,000000,4.86001,4.86001,4.86001,4.86001,2.86279474907,0
ETL,D,20120824,000000,4.86001,4.86001,4.86001,4.86001,2.86279474907,0
ETL,D,20120827,000000,4.86001,4.86001,4.86001,4.86001,2.86279474907,0
ETL,D,20120828,000000,4.86001,4.86001,4.68101,4.82549,1923.798071375,0
ETL,D,20120829,000000,4.82549,4.82549,4.82549,4.82549,612.63807630098,0
ETL,D,20120830,000000,4.8429,4.87335,4.8429,4.8429,6216.5587976055,0
ETL,D,20120831,000000,4.87747,4.87747,4.86001,4.87747,10446.338039356,0
ETL,D,20120903,000000,4.89487,4.89487,4.88055,4.88055,900.34894858251,0
ETL,D,20120904,000000,4.88055,4.96033,4.88055,4.96033,31.49074223977,0
ETL,D,20120905,000000,4.9291,4.9634,4.9291,4.9634,117791.12134786,0
ETL,D,20120907,000000,4.82877,4.86001,4.82877,4.86001,71.56986872675,0
ETL,D,20120910,000000,4.86001,4.9634,4.86001,4.9634,386.47729112445,0
ETL,D,20120913,000000,5.01454,5.01454,5.01454,5.01454,98.766418842915,0
ETL,D,20120914,000000,4.99763,4.99763,4.99763,4.99763,2.86279474907,0
ETL,D,20120917,000000,4.99763,4.99763,4.99763,4.99763,1.431397374535,0
ETL,D,20120918,000000,4.9634,5.03606,4.9634,4.99763,1461.4567194002,0
ETL,D,20120919,000000,4.99763,5.06365,4.99763,5.06365,984.80139368008,0
ETL,D,20120920,000000,5.16999,5.16999,5.16999,5.16999,6236.598360849,0
ETL,D,20120921,000000,5.21868,5.21868,5.21868,5.21868,436.57619923317,0
ETL,D,20120924,000000,5.16999,5.22175,5.16999,5.22175,476.65532572015,0
ETL,D,20120925,000000,5.26982,5.26982,5.16999,5.26317,1040.6258912869,0
ETL,D,20120926,000000,5.27443,5.27443,5.16999,5.16999,616.93226842458,0
ETL,D,20120927,000000,5.16999,5.16999,5.14959,5.14959,496.69488896364,0
ETL,D,20120928,000000,4.99763,5.08405,4.97409,5.08405,2599.4176321556,0
ETL,D,20121001,000000,5.16999,5.26982,5.16999,5.26982,584.01012881028,0
ETL,D,20121002,000000,5.07749,5.1363,5.07029,5.1363,2263.0392491398,0
ETL,D,20121003,000000,5.10152,5.1363,5.01454,5.1363,2099.8599484428,0
ETL,D,20121004,000000,5.2017,5.2017,5.16999,5.19108,2032.5842718397,0
ETL,D,20121005,000000,5.16999,5.18081,5.16999,5.18081,347.829562012,0
ETL,D,20121008,000000,5.20485,5.20485,5.01454,5.12199,1382.7298638008,0
ETL,D,20121009,000000,5.12199,5.12199,4.95271,4.99763,2993.0519101527,0
ETL,D,20121010,000000,5.03194,5.03194,5.03194,5.03194,621.22646054819,0
ETL,D,20121011,000000,5.02886,5.03194,4.9291,5.03194,878.87798796449,0
ETL,D,20121012,000000,4.99763,4.99763,4.89487,4.89487,890.32916696077,0
ETL,D,20121015,000000,4.8672,4.8672,4.48135,4.81844,7257.1846888924,0
ETL,D,20121017,000000,4.6565,4.8429,4.6565,4.8227,306.31903815049,0
ETL,D,20121018,000000,4.8227,4.8227,4.8227,4.8227,219.00379830385,0
ETL,D,20121022,000000,4.82549,4.89487,4.72566,4.72566,372.1633173791,0
ETL,D,20121023,000000,4.89487,4.89487,4.89487,4.89487,1.431397374535,0
ETL,D,20121024,000000,4.89487,4.89487,4.89487,4.89487,1.431397374535,0
ETL,D,20121026,000000,4.89487,4.89487,4.8227,4.8429,585.44152618481,0
ETL,D,20121029,000000,4.75626,4.75626,4.72566,4.73887,584.01012881028,0
ETL,D,20121030,000000,4.73887,4.73887,4.73887,4.73887,256.22013004176,0
ETL,D,20121031,000000,4.73887,4.89487,4.73887,4.89487,1614.6162384755,0
ETL,D,20121102,000000,4.9015,4.9015,4.86001,4.86001,2064.0750140795,0
ETL,D,20121105,000000,4.86001,4.86001,4.86001,4.86001,292.00506440514,0
ETL,D,20121106,000000,4.86001,4.86001,4.86001,4.86001,292.00506440514,0
ETL,D,20121107,000000,4.86001,4.89487,4.86001,4.89487,585.44152618481,0
ETL,D,20121108,000000,4.89487,4.89487,4.89487,4.89487,2.86279474907,0
ETL,D,20121109,000000,4.89487,4.89487,4.86001,4.89487,40.07912648698,0
ETL,D,20121112,000000,4.89487,4.89487,4.82549,4.82549,458.0471598512,0
ETL,D,20121113,000000,4.82549,4.89487,4.82549,4.89487,310.61323027409,0
ETL,D,20121114,000000,4.89487,4.98031,4.89487,4.98031,4261.2699839907,0
ETL,D,20121115,000000,5.00168,5.48345,5.00168,5.23908,7138.378706806,0
ETL,D,20121116,000000,5.23908,5.31529,5.23908,5.23908,2572.2210820394,0
ETL,D,20121119,000000,5.2979,5.2979,5.23908,5.23908,641.26602379168,0
ETL,D,20121120,000000,5.16999,5.16999,5.16999,5.16999,436.57619923317,0
ETL,D,20121121,000000,5.23908,5.23908,5.23908,5.23908,346.39816463747,0
ETL,D,20121122,000000,5.23908,5.23908,5.23908,5.23908,176.0618770678,0
ETL,D,20121123,000000,5.23908,5.25285,5.20485,5.25285,6857.8248213972,0
ETL,D,20121126,000000,5.15622,5.16341,5.15622,5.16341,824.48488773216,0
ETL,D,20121127,000000,5.16999,5.17361,5.16999,5.16999,482.38091521829,0
ETL,D,20121129,000000,5.16999,5.26982,5.16999,5.26982,1942.406237244,0
ETL,D,20121130,000000,5.23908,5.23908,5.23908,5.23908,582.57873143574,0
ETL,D,20121203,000000,5.33576,5.33576,5.33576,5.33576,167.47349282059,0
ETL,D,20121204,000000,5.33884,5.33884,5.23908,5.23908,4224.0536522528,0
ETL,D,20121205,000000,5.23908,5.44294,5.23908,5.44294,13227.543138078,0
ETL,D,20121206,000000,5.24991,5.4108,5.24991,5.4108,375.02611212817,0
ETL,D,20121207,000000,5.42826,5.42826,5.25955,5.25955,193.23864556222,0
ETL,D,20121210,000000,5.37699,5.45586,5.37699,5.45586,44967.348521017,0
ETL,D,20121211,000000,5.44579,5.79049,5.44579,5.7877,32121.98848194,0
ETL,D,20121212,000000,5.79049,6.03222,5.75619,5.92861,49088.341562303,0
ETL,D,20121213,000000,5.89361,5.91506,5.80803,5.91506,35209.512618812,0
ETL,D,20121214,000000,6.02844,6.02844,5.87678,5.96285,29907.616743534,0
ETL,D,20121217,000000,6.06589,6.06589,5.75619,5.75619,4221.1908575037,0
ETL,D,20121218,000000,5.7703,5.81809,5.701,5.79049,31588.077261239,0
ETL,D,20121219,000000,5.94224,6.06589,5.72127,6.06589,40681.74478166,0
ETL,D,20121220,000000,6.00783,6.00783,5.81194,5.92861,13319.152570048,0
ETL,D,20121221,000000,5.96285,6.03222,5.96285,6.03222,3952.0881510911,0
ETL,D,20121227,000000,5.82493,6.14274,5.82493,6.10089,3602.8271917046,0
ETL,D,20121228,000000,6.13897,6.20079,5.96285,5.96285,16625.680505224,0
ETL,D,20130102,000000,5.99784,6.20457,5.92861,6.20457,3614.2783707009,0
ETL,D,20130103,000000,6.27261,6.27261,6.14274,6.20457,1365.5530953064,0
ETL,D,20130104,000000,6.23887,6.34255,6.2214,6.30817,8618.4435920752,0
ETL,D,20130107,000000,6.17641,6.36001,6.17641,6.36001,6813.4515027866,0
ETL,D,20130108,000000,6.37685,6.37685,6.23887,6.23887,1601.7336621047,0
ETL,D,20130109,000000,6.23887,6.23887,6.16642,6.17019,4093.7964911701,0
ETL,D,20130110,000000,6.17019,6.17019,6.13519,6.13519,1067.8224414031,0
ETL,D,20130111,000000,6.17019,6.17019,6.13519,6.17019,6385.4636878006,0
ETL,D,20130114,000000,6.17019,6.17019,6.10089,6.10089,3050.3078051341,0
ETL,D,20130115,000000,6.17019,6.17019,6.10089,6.10089,1024.8805201671,0
ETL,D,20130116,000000,6.16642,6.16642,6.10089,6.16642,2218.6659305292,0
ETL,D,20130117,000000,6.16642,6.16642,6.16642,6.16642,521.02864433074,0
ETL,D,20130118,000000,6.16642,6.16642,6.13519,6.13519,584.01012881028,0
ETL,D,20130121,000000,6.17019,6.17019,6.10773,6.17019,3468.2758384983,0
ETL,D,20130122,000000,6.17019,6.17019,6.10773,6.10773,259.08292479083,0
ETL,D,20130123,000000,6.17019,6.17019,5.98037,5.98037,2472.0232658219,0
ETL,D,20130124,000000,5.98346,5.98346,5.76633,5.90828,8637.0517579442,0
ETL,D,20130125,000000,5.90828,5.90828,5.65252,5.86602,17842.368273579,0
ETL,D,20130128,000000,5.87398,5.87398,5.87398,5.87398,234.74916942374,0
ETL,D,20130129,000000,5.87398,5.87398,5.87398,5.87398,1.431397374535,0
ETL,D,20130130,000000,5.87398,5.87398,5.72127,5.87398,375.02611212817,0
ETL,D,20130131,000000,5.87678,5.94601,5.82493,5.94601,1458.5939246512,0
ETL,D,20130201,000000,5.96285,6.04905,5.96285,6.04905,1392.7496454226,0
ETL,D,20130204,000000,5.86322,6.08336,5.86322,6.08336,1461.4567194002,0
ETL,D,20130205,000000,6.13212,6.13212,6.02097,6.02097,292.00506440514,0
ETL,D,20130206,000000,6.02097,6.17019,6.02097,6.02097,717.13008464203,0
ETL,D,20130207,000000,6.16272,6.16272,6.16272,6.16272,1.431397374535,0
ETL,D,20130208,000000,6.16642,6.17019,6.16642,6.17019,292.00506440514,0
ETL,D,20130211,000000,6.17019,6.20079,6.17019,6.20079,528.18563120341,0
ETL,D,20130212,000000,6.20457,6.20457,6.20457,6.20457,1.431397374535,0
ETL,D,20130213,000000,6.20457,6.20457,6.00406,6.04905,3375.2350091535,0
ETL,D,20130214,000000,6.06589,6.06589,5.85644,5.85644,1265.3552790889,0
ETL,D,20130215,000000,5.8531,5.8531,5.8531,5.8531,55.824497606865,0
ETL,D,20130218,000000,5.88068,5.88068,5.87678,5.88068,768.66039012529,0
ETL,D,20130219,000000,5.88068,5.88068,5.88068,5.88068,247.63174579455,0
ETL,D,20130220,000000,5.94601,5.94601,5.94601,5.94601,1.431397374535,0
ETL,D,20130221,000000,5.94601,5.94601,5.94601,5.94601,1.431397374535,0
ETL,D,20130222,000000,5.94601,5.94601,5.86322,5.86322,167.47349282059,0
ETL,D,20130225,000000,5.94601,5.94601,5.94601,5.94601,1.431397374535,0
ETL,D,20130226,000000,5.94601,5.94601,5.94601,5.94601,582.57873143574,0
ETL,D,20130227,000000,5.86602,5.86602,5.85924,5.85924,2925.7762335495,0
ETL,D,20130228,000000,5.94475,6.20143,5.9416,6.20143,4616.2565328754,0
ETL,D,20130301,000000,6.20457,6.20457,6.10089,6.13212,5191.6782774384,0
ETL,D,20130304,000000,6.20457,6.20457,6.17019,6.17019,219.00379830385,0
ETL,D,20130305,000000,6.20457,6.20457,6.17955,6.17955,322.06440927037,0
ETL,D,20130306,000000,6.17641,6.17641,6.09775,6.09775,563.97056556679,0
ETL,D,20130307,000000,6.09775,6.23887,6.09775,6.23887,36124.17554114,0
ETL,D,20130308,000000,6.26947,6.36253,6.26947,6.36253,6405.5032510441,0
ETL,D,20130311,000000,6.36253,6.36253,6.27261,6.32508,3408.1571487678,0
ETL,D,20130312,000000,6.32508,6.32508,6.17019,6.17019,740.03244263459,0
ETL,D,20130313,000000,6.32131,6.32131,6.16272,6.2557,8173.2790085948,0
ETL,D,20130314,000000,6.3007,6.37315,6.17019,6.17019,4394.3899398224,0
ETL,D,20130315,000000,6.36001,6.7214,6.36001,6.7214,8562.6190944684,0
ETL,D,20130318,000000,7.03228,7.04207,6.61794,6.75564,4958.3605053892,0
ETL,D,20130319,000000,6.61794,6.61794,6.31508,6.54864,3947.7939589675,0
ETL,D,20130320,000000,6.65224,6.65224,6.27694,6.52112,3753.1239160308,0
ETL,D,20130321,000000,6.62793,6.62793,6.37685,6.51426,7484.7768714435,0
ETL,D,20130322,000000,6.51426,6.79057,6.51426,6.58293,19259.451674368,0
ETL,D,20130325,000000,6.7214,6.75564,6.55233,6.55611,12458.882747953,0
ETL,D,20130326,000000,6.71791,6.71791,6.31132,6.52866,3747.3983265326,0
ETL,D,20130327,000000,6.52866,6.52866,6.52866,6.52866,1.431397374535,0
ETL,D,20130328,000000,6.52488,6.52488,6.52112,6.52488,443.73318610585,0
ETL,D,20130402,000000,6.51426,6.55919,6.51426,6.55919,1742.0106048091,0
ETL,D,20130403,000000,6.58293,6.71512,6.58293,6.70045,672.75676603145,0
ETL,D,20130404,000000,6.54864,6.54864,6.52488,6.54549,3777.4576713979,0
ETL,D,20130405,000000,6.54864,6.54864,6.53864,6.53864,1397.0438375462,0
ETL,D,20130408,000000,6.54172,6.54172,6.53864,6.53864,616.93226842458,0
ETL,D,20130409,000000,6.54549,6.54549,6.51426,6.51426,780.11156912157,0
ETL,D,20130410,000000,6.54549,6.54549,6.52112,6.53864,888.89776958623,0
ETL,D,20130411,000000,6.54864,6.54864,6.53487,6.53864,930.40829344775,0
ETL,D,20130412,000000,6.54864,6.54864,6.39375,6.39375,15643.741906292,0
ETL,D,20130415,000000,6.52866,6.52866,6.28386,6.40807,11245.057774347,0
ETL,D,20130417,000000,6.4087,6.4312,6.39313,6.41248,2993.0519101527,0
ETL,D,20130418,000000,6.47682,6.53172,6.46927,6.53172,4295.6235209795,0
ETL,D,20130419,000000,6.54549,6.54549,6.40437,6.51426,591.16711568295,0
ETL,D,20130422,000000,6.51426,6.51426,6.51426,6.51426,1.431397374535,0
ETL,D,20130423,000000,6.51112,6.51112,6.39375,6.39375,4236.9362286236,0
ETL,D,20130424,000000,6.39375,6.51112,6.39375,6.51112,2.86279474907,0
ETL,D,20130425,000000,6.53487,6.53487,6.47927,6.53487,2642.3595533916,0
ETL,D,20130426,000000,6.54424,6.54424,6.47927,6.47927,2486.3372395673,0
ETL,D,20130429,000000,6.48681,6.48681,6.48681,6.48681,691.3649319004,0
ETL,D,20130430,000000,6.53236,6.53676,6.30321,6.30321,7965.7263892873,0
ETL,D,20130502,000000,6.32626,6.44622,6.32626,6.44622,595.46130780656,0
ETL,D,20130506,000000,6.4006,6.47927,6.4006,6.47927,6282.4030768341,0
ETL,D,20130507,000000,6.47927,6.47927,6.42742,6.47927,5416.4076652404,0
ETL,D,20130508,000000,6.47927,6.49113,6.47927,6.49113,1581.6940988612,0
ETL,D,20130509,000000,6.49924,6.51364,6.49113,6.51364,3478.29562012,0
ETL,D,20130510,000000,6.51364,6.51364,6.49554,6.49554,3601.3957943301,0
ETL,D,20130513,000000,6.50678,6.51364,6.49924,6.51364,7834.03783083,0
ETL,D,20130514,000000,6.51364,6.51803,6.50239,6.51803,35774.914581753,0
ETL,D,20130515,000000,6.548,6.65363,6.52112,6.63163,23882.865194116,0
ETL,D,20130516,000000,6.62353,6.62353,6.47927,6.51364,25298.517197531,0
ETL,D,20130517,000000,6.51364,6.51364,6.30629,6.43867,46491.786724897,0
ETL,D,20130520,000000,6.51364,6.51364,6.4087,6.4087,11535.631441378,0
ETL,D,20130521,000000,6.40437,6.40437,6.14456,6.14456,24345.206546092,0
ETL,D,20130522,000000,6.14085,6.40123,5.9866,6.03844,13662.687939937,0
ETL,D,20130523,000000,6.03844,6.03844,5.92574,5.956,4838.1231259283,0
ETL,D,20130524,000000,5.88125,6.36001,5.88125,6.29196,9733.502146838,0
ETL,D,20130527,000000,6.19701,6.28819,6.19701,6.22014,528.18563120341,0
ETL,D,20130528,000000,6.22014,6.22014,6.05401,6.18207,4317.0944815976,0
ETL,D,20130529,000000,6.18207,6.18207,6.00098,6.00098,5165.9131246968,0
ETL,D,20130531,000000,6.0047,6.08336,5.75619,5.956,10384.787952251,0
ETL,D,20130603,000000,5.956,6.02719,5.956,6.02719,320.63301189584,0
ETL,D,20130604,000000,6.03222,6.22014,6.03222,6.22014,15211.459899183,0
ETL,D,20130605,000000,6.1521,6.34066,6.14456,6.33255,10035.526992865,0
ETL,D,20130606,000000,6.32942,6.32942,6.29511,6.29511,1909.4840976297,0
ETL,D,20130607,000000,6.29511,6.29511,6.25759,6.29511,966.19322781112,0
ETL,D,20130610,000000,6.14456,6.28386,6.14456,6.28386,5105.7944349663,0
ETL,D,20130611,000000,6.28386,6.28386,6.27694,6.27694,2.86279474907,0
ETL,D,20130612,000000,6.25759,6.28386,6.22014,6.28386,1120.7841442609,0
ETL,D,20130613,000000,6.33255,6.46557,6.20143,6.46557,5267.5423382888,0
ETL,D,20130614,000000,6.46557,6.46557,6.41248,6.45747,40027.596181496,0
ETL,D,20130617,000000,6.46557,6.46557,6.41625,6.44622,3379.5292012771,0
ETL,D,20130618,000000,6.48429,6.48429,6.29511,6.29511,1963.877197862,0
ETL,D,20130619,000000,6.29511,6.29511,5.89927,6.27694,6895.0411531351,0
ETL,D,20130620,000000,6.25759,6.25759,6.22014,6.22014,705.67890564575,0
ETL,D,20130621,000000,6.04968,6.18207,5.9416,6.03222,4176.8175388931,0
ETL,D,20130625,000000,6.10712,6.10712,6.10712,6.10712,25.76515274163,0
ETL,D,20130626,000000,5.98974,6.10712,5.93727,6.10712,3262.1546165653,0
ETL,D,20130627,000000,5.89927,6.10712,5.89927,6.10712,1816.4432682849,0
ETL,D,20130628,000000,6.10712,6.10712,6.10712,6.10712,100.19781621745,0
ETL,D,20130701,000000,6.10334,6.10712,6.10334,6.10712,158.88510857338,0
ETL,D,20130702,000000,6.03222,6.03222,5.956,5.956,3290.782564056,0
ETL,D,20130703,000000,5.956,5.956,5.88125,5.91841,3946.362561593,0
ETL,D,20130704,000000,5.91841,5.91841,5.91841,5.91841,2682.4386798786,0
ETL,D,20130705,000000,5.956,6.29511,5.956,6.29511,11229.312403227,0
ETL,D,20130708,000000,6.44622,6.44622,6.25759,6.25759,2062.6436167049,0
ETL,D,20130709,000000,6.37126,6.37126,6.29196,6.29196,2.86279474907,0
ETL,D,20130710,000000,6.27694,6.4087,6.27261,6.27694,10818.501356736,0
ETL,D,20130711,000000,6.29511,6.4087,6.29511,6.4087,16850.409893026,0
ETL,D,20130712,000000,6.36749,6.4087,6.18207,6.4087,10665.34183766,0
ETL,D,20130715,000000,6.4087,6.4087,6.4087,6.4087,2.86279474907,0
ETL,D,20130716,000000,6.25759,6.40437,6.19701,6.38565,943.29086981856,0
ETL,D,20130717,000000,6.36749,6.36749,6.36749,6.36749,91.60943197024,0
ETL,D,20130718,000000,6.37126,6.37126,6.35191,6.35191,768.66039012529,0
ETL,D,20130719,000000,6.37126,6.37126,6.36749,6.36749,2.86279474907,0
ETL,D,20130722,000000,6.38565,6.38565,6.10712,6.26884,1739.14781006,0
ETL,D,20130723,000000,6.26884,6.4087,6.03591,6.4087,3050.3078051341,0
ETL,D,20130724,000000,6.4087,6.4087,6.40437,6.4087,2658.1049245115,0
ETL,D,20130725,000000,6.4087,6.69137,6.33751,6.33751,39725.57133547,0
ETL,D,20130726,000000,6.59796,6.59796,6.4087,6.59293,310.61323027409,0
ETL,D,20130729,000000,6.4087,6.4087,6.4087,6.4087,1870.8363685172,0
ETL,D,20130730,000000,6.52112,6.52112,6.52112,6.52112,2.86279474907,0
ETL,D,20130731,000000,6.52112,6.52112,6.41248,6.51364,8386.5572174006,0
ETL,D,20130801,000000,6.52112,6.52112,6.52112,6.52112,1.431397374535,0
ETL,D,20130802,000000,6.52112,6.52112,6.52112,6.52112,1.431397374535,0
ETL,D,20130805,000000,6.41248,6.64246,6.41248,6.63478,3942.0683694694,0
ETL,D,20130806,000000,6.63478,6.68367,6.63478,6.6725,3368.0780222809,0
ETL,D,20130807,000000,6.70953,6.78498,6.6725,6.78498,5702.6871401474,0
ETL,D,20130808,000000,6.78498,6.78498,6.60418,6.78498,4142.4640019043,0
ETL,D,20130809,000000,6.78498,6.78498,6.74865,6.78498,3265.0174113143,0
ETL,D,20130812,000000,6.78498,7.1245,6.78498,7.1245,10328.963454645,0
ETL,D,20130813,000000,7.1245,7.35016,7.1245,7.27471,42712.897656124,0
ETL,D,20130814,000000,7.26353,7.988,7.26353,7.988,27879.326663818,0
ETL,D,20130816,000000,8.10117,8.63703,7.55765,7.55765,14222.36431338,0
ETL,D,20130819,000000,7.53949,7.53949,7.30545,7.31383,737.16964788552,0
ETL,D,20130820,000000,7.40745,7.40745,6.91003,7.35506,4775.1416414488,0
ETL,D,20130821,000000,7.16224,7.22232,7.16224,7.22232,14488.604225043,0
ETL,D,20130822,000000,7.23418,7.53949,7.23418,7.53949,1371.2786848045,0
ETL,D,20130823,000000,7.44168,7.69039,7.44168,7.69039,6216.5587976055,0
ETL,D,20130826,000000,7.67222,7.91602,7.67222,7.89718,12884.00776819,0
ETL,D,20130827,000000,7.89718,7.89718,7.72742,7.89718,3871.9298981172,0
ETL,D,20130828,000000,7.89366,7.89366,7.89366,7.89366,2.86279474907,0
ETL,D,20130829,000000,7.84059,7.9021,7.57721,7.9021,4304.2119052267,0
ETL,D,20130830,000000,7.72742,7.91602,7.35016,7.91602,29731.554866467,0
ETL,D,20130902,000000,7.57721,7.65266,7.52062,7.64148,6647.4094073405,0
ETL,D,20130903,000000,7.61424,7.61424,7.61424,7.61424,1.431397374535,0
ETL,D,20130904,000000,7.57721,7.57721,7.31383,7.51644,940.42807506949,0
ETL,D,20130905,000000,7.53949,7.53949,7.28589,7.53529,296.29925652874,0
ETL,D,20130906,000000,7.38439,7.38439,7.34807,7.34807,216.14100355478,0
ETL,D,20130909,000000,7.332,7.332,7.10634,7.27192,323.49580664491,0
ETL,D,20130910,000000,7.27192,7.27192,7.27192,7.27192,68.70707397768,0
ETL,D,20130911,000000,7.27192,7.27192,7.09027,7.09446,655.57999753703,0
ETL,D,20130912,000000,7.27471,7.27471,7.05325,7.07211,1862.24798427,0
ETL,D,20130913,000000,7.27471,7.27471,7.06722,7.27471,1684.7547098277,0
ETL,D,20130916,000000,7.27471,7.27471,7.1245,7.27192,848.81864309925,0
ETL,D,20130917,000000,7.27192,7.27192,7.05604,7.23768,543.9310023233,0
ETL,D,20130918,000000,7.23069,7.23069,6.80454,6.80454,1976.7597742328,0
ETL,D,20130919,000000,6.86462,7.04486,6.86462,6.9743,1485.7904747673,0
ETL,D,20130920,000000,7.01133,7.01133,7.01133,7.01133,372.1633173791,0
ETL,D,20130923,000000,7.04207,7.04207,6.9778,6.9778,1356.9647110592,0
ETL,D,20130924,000000,7.03787,7.03787,6.9778,6.9778,400.7912648698,0
ETL,D,20130925,000000,7.05325,7.23768,7.03089,7.23768,4354.3108133355,0
ETL,D,20130926,000000,7.0763,7.23768,7.0763,7.23768,8949.0963855928,0
ETL,D,20130927,000000,7.31383,7.53949,7.07211,7.53949,5674.0591926567,0
ETL,D,20130930,000000,7.57721,7.99152,7.56184,7.99152,11242.194979598,0
ETL,D,20131001,000000,8.10469,8.10469,7.54647,7.54647,3108.99509749,0
ETL,D,20131002,000000,7.56953,7.65266,7.56953,7.65266,601.1868973047,0
ETL,D,20131003,000000,7.67851,7.72742,7.67851,7.72742,1120.7841442609,0
ETL,D,20131004,000000,7.76584,7.76584,7.76584,7.76584,261.9457195399,0
ETL,D,20131007,000000,7.80357,7.80357,7.80357,7.80357,1756.3245785544,0
ETL,D,20131008,000000,7.84059,7.84059,7.57721,7.7358,966.19322781112,0
ETL,D,20131009,000000,7.73859,7.74348,7.45286,7.46473,2821.2842252085,0
ETL,D,20131010,000000,7.67502,7.67502,7.46054,7.47172,3535.5515151014,0
ETL,D,20131011,000000,7.53949,7.53949,6.82689,7.5318,6992.3761746035,0
ETL,D,20131014,000000,7.44168,7.44168,7.09866,7.43749,976.21300943287,0
ETL,D,20131015,000000,7.35016,7.35016,7.35016,7.35016,140.27694270443,0
ETL,D,20131016,000000,7.35016,7.35016,7.14337,7.29077,1850.7968052738,0
ETL,D,20131017,000000,7.29077,7.29427,7.29077,7.29427,10192.980704064,0
ETL,D,20131018,000000,7.35016,7.53949,7.27471,7.53949,21438.03847841,0
ETL,D,20131021,000000,7.53949,7.68271,7.4829,7.68271,5591.0381449337,0
ETL,D,20131022,000000,7.68271,7.72392,7.50175,7.68271,6352.5415481863,0
ETL,D,20131023,000000,7.67851,7.67851,7.61424,7.65266,3979.2847012073,0
ETL,D,20131024,000000,7.65266,7.65266,7.53949,7.53949,2.86279474907,0
ETL,D,20131025,000000,7.53949,7.53949,7.16224,7.25724,7225.6939466527,0
ETL,D,20131028,000000,7.25724,7.3278,7.23069,7.3278,2268.764838638,0
ETL,D,20131029,000000,7.332,7.50945,7.23418,7.3278,13055.775453134,0
ETL,D,20131030,000000,7.33689,7.37042,7.18458,7.31383,11113.36921589,0
ETL,D,20131031,000000,7.36623,7.36623,7.14337,7.34387,15084.06553285,0
ETL,D,20131104,000000,7.34387,7.54368,7.34387,7.53949,10974.52367056,0
ETL,D,20131105,000000,7.74348,7.74348,7.53949,7.53949,20408.86376612,0
ETL,D,20131106,000000,7.53949,7.53949,7.46473,7.46473,1518.7126143816,0
ETL,D,20131107,000000,7.57721,7.57721,7.53529,7.53529,216.14100355478,0
ETL,D,20131108,000000,7.25724,7.42212,7.25236,7.31383,1792.1095129178,0
ETL,D,20131112,000000,7.23768,7.23768,7.23768,7.23768,768.66039012529,0
ETL,D,20131113,000000,7.35016,7.61005,7.30894,7.61005,1461.4567194002,0
ETL,D,20131114,000000,7.53529,7.53529,7.51294,7.51294,2.86279474907,0
ETL,D,20131115,000000,7.16573,7.16573,6.52112,7.04975,29196.21224839,0
ETL,D,20131118,000000,7.04486,7.04975,6.78498,6.96662,10467.808999974,0
ETL,D,20131119,000000,6.70953,6.96312,6.54046,6.78219,22895.201005687,0
ETL,D,20131120,000000,6.74865,6.74865,6.57043,6.72839,3330.8616905429,0
ETL,D,20131121,000000,6.69137,6.69137,6.54046,6.55919,2417.6301655896,0
ETL,D,20131122,000000,6.73957,6.73957,6.16335,6.29511,13038.598684639,0
ETL,D,20131125,000000,6.40437,6.40437,6.11088,6.28386,13075.815016377,0
ETL,D,20131126,000000,6.3744,6.37873,6.16021,6.37873,3111.8578922391,0
ETL,D,20131127,000000,6.39313,6.4087,6.19701,6.19701,10493.574152716,0
ETL,D,20131128,000000,6.4087,6.4087,6.09901,6.09901,5187.3840853148,0
ETL,D,20131129,000000,6.21637,6.21637,6.03222,6.21637,3956.3823432147,0
ETL,D,20131202,000000,6.22014,6.23887,6.09587,6.09587,2125.6251011845,0
ETL,D,20131203,000000,6.20826,6.20826,6.03222,6.10712,6562.956962243,0
ETL,D,20131204,000000,6.10712,6.10712,5.73363,5.80573,5774.2570088742,0
ETL,D,20131205,000000,5.82381,5.91841,5.82381,5.91506,2426.2185498368,0
ETL,D,20131206,000000,5.9822,5.9822,5.84289,5.84289,323.49580664491,0
ETL,D,20131209,000000,5.84289,5.98974,5.81697,5.98974,3631.4551391953,0
ETL,D,20131210,000000,6.03222,6.03222,5.79399,5.90716,4013.6382381961,0
ETL,D,20131211,000000,5.94852,5.9641,5.82381,5.9641,2911.4622598042,0
ETL,D,20131212,000000,5.9641,5.9641,5.71504,5.91841,6239.4611555981,0
ETL,D,20131213,000000,5.94852,5.94852,5.74096,5.86546,553.95078394504,0
ETL,D,20131216,000000,5.94475,5.94475,5.88803,5.88803,3985.0102907054,0
ETL,D,20131217,000000,5.95286,6.03222,5.88125,6.03222,6512.8580541342,0
ETL,D,20131218,000000,6.03222,6.14085,6.03222,6.14085,6439.856788033,0
ETL,D,20131219,000000,6.14085,6.14085,5.91052,5.91052,9030.6860359413,0
ETL,D,20131220,000000,5.91052,6.03222,5.85421,6.03222,5403.5250888696,0
ETL,D,20131223,000000,6.03222,6.10334,6.03222,6.03222,26450.792084032,0
ETL,D,20131227,000000,6.03222,6.03222,6.03222,6.03222,4378.6445687026,0
ETL,D,20131230,000000,6.03222,6.10334,5.956,6.03222,6206.5390159838,0
ETL,D,20140102,000000,6.03591,6.16335,5.71107,5.71107,14173.696802645,0
ETL,D,20140103,000000,5.88125,5.88125,5.84289,5.88125,1686.1861072022,0
ETL,D,20140107,000000,5.88803,5.91052,5.84289,5.91052,2058.3494245813,0
ETL,D,20140108,000000,5.91052,5.91052,5.91052,5.91052,266.23991166351,0
ETL,D,20140109,000000,5.91841,5.91841,5.91841,5.91841,366.43772788096,0
ETL,D,20140110,000000,5.92574,5.92574,5.74096,5.74096,2351.785886361,0
ETL,D,20140113,000000,5.91841,5.92184,5.71107,5.71107,5694.0987559002,0
ETL,D,20140114,000000,5.92184,5.92184,5.73363,5.76744,984.80139368008,0
ETL,D,20140115,000000,5.91841,5.91841,5.54102,5.54102,9530.243719654,0
ETL,D,20140116,000000,5.64351,5.64351,5.46207,5.46207,14478.584443422,0
ETL,D,20140117,000000,5.6018,5.6018,5.46606,5.46997,2330.314925743,0
ETL,D,20140120,000000,5.50435,5.50435,5.13421,5.2135,26811.504222416,0
ETL,D,20140121,000000,5.38711,5.38711,5.15321,5.15321,9379.9469953278,0
ETL,D,20140122,000000,5.15321,5.26619,5.15321,5.22839,5054.2641294831,0
ETL,D,20140123,000000,5.3714,5.3714,5.22475,5.31117,6603.03608873,0
ETL,D,20140124,000000,5.38711,5.38711,5.22119,5.22119,3093.2497263701,0
ETL,D,20140127,000000,5.38711,5.38711,5.36804,5.36804,393.63427799712,0
ETL,D,20140128,000000,5.3714,5.3714,5.3714,5.3714,323.49580664491,0
ETL,D,20140129,000000,5.3714,5.40178,5.1834,5.37587,8048.7474370103,0
ETL,D,20140130,000000,5.3714,5.39053,5.36804,5.39053,960.46763831298,0
ETL,D,20140131,000000,5.46606,5.5297,5.08517,5.38711,10369.042581132,0
ETL,D,20140203,000000,5.41646,5.5793,5.41646,5.5793,3771.7320818997,0
ETL,D,20140204,000000,5.65084,5.65084,5.27443,5.61703,14252.423658245,0
ETL,D,20140205,000000,5.64693,5.65084,5.4277,5.4435,8194.7499692129,0
ETL,D,20140206,000000,5.46606,5.46606,5.45475,5.45475,543.9310023233,0
ETL,D,20140207,000000,5.45872,5.45872,5.40178,5.4052,1372.7100821791,0
ETL,D,20140210,000000,5.45475,5.45475,5.27443,5.27443,2775.4795092234,0
ETL,D,20140211,000000,5.27443,5.27443,5.14553,5.19814,5887.3374014625,0
ETL,D,20140212,000000,5.20226,5.31529,5.20226,5.31529,2287.3730045069,0
ETL,D,20140213,000000,5.31942,5.39053,5.31117,5.31529,7111.1821566899,0
ETL,D,20140214,000000,5.31529,5.39053,5.19814,5.19814,23403.347073647,0
ETL,D,20140217,000000,5.35672,5.35672,5.21714,5.21714,8091.6893582464,0
ETL,D,20140218,000000,5.33066,5.8621,5.24013,5.84289,205076.30184963,0
ETL,D,20140219,000000,5.83954,6.29511,5.76744,6.10712,25272.75204479,0
ETL,D,20140220,000000,6.10712,6.10712,6.03222,6.05401,75048.16434687,0
ETL,D,20140221,000000,6.08776,6.14456,6.03222,6.11088,7428.9523738366,0
ETL,D,20140224,000000,6.14456,6.14456,5.99784,5.99784,5603.9207213045,0
ETL,D,20140225,000000,6.10712,6.35568,6.10712,6.23887,30385.703466629,0
ETL,D,20140226,000000,6.25759,6.36001,6.17452,6.17452,17199.670852413,0
ETL,D,20140227,000000,6.25759,6.36749,6.25759,6.31006,7420.3639895894,0
ETL,D,20140228,000000,6.32942,6.32942,6.31446,6.31446,9211.0421051327,0
ETL,D,20140303,000000,6.29511,6.29511,5.72971,5.9335,19998.052719629,0
ETL,D,20140304,000000,5.93727,6.12583,5.93727,6.10334,8194.7499692129,0
ETL,D,20140305,000000,6.14896,6.17452,6.10334,6.11459,2376.1196417281,0
ETL,D,20140306,000000,6.10334,6.11088,6.02719,6.03222,1600.3022647301,0
ETL,D,20140307,000000,6.02404,6.02404,5.73363,5.74886,18698.343903551,0
ETL,D,20140310,000000,5.9335,5.9335,5.5793,5.5793,20735.222367515,0
ETL,D,20140311,000000,5.7979,5.7979,5.46207,5.46207,11219.292621605,0
ETL,D,20140312,000000,5.53417,5.53417,5.25856,5.25856,10497.86834484,0
ETL,D,20140313,000000,5.24013,5.33374,5.20945,5.20945,14922.317629527,0
ETL,D,20140314,000000,5.2135,5.33066,4.91938,5.13421,19169.273639772,0
ETL,D,20140317,000000,5.14553,5.27443,5.1266,5.1266,22996.83021928,0
ETL,D,20140318,000000,5.2775,5.30817,5.07029,5.07029,23968.749036589,0
ETL,D,20140319,000000,5.1266,5.20226,5.00637,5.00637,34072.983103431,0
ETL,D,20140320,000000,5.00944,5.02886,4.93825,4.9757,10454.926423604,0
ETL,D,20140321,000000,5.03194,5.09279,4.9757,4.9757,14429.916932688,0
ETL,D,20140324,000000,4.94188,5.31942,4.94188,5.31529,20247.115862798,0
ETL,D,20140325,000000,5.31529,5.37587,5.2775,5.33374,35837.896066233,0
ETL,D,20140326,000000,5.38264,5.39843,5.31529,5.31529,84440.993918568,0
ETL,D,20140327,000000,5.3714,5.3714,5.31529,5.33374,14132.186278784,0
ETL,D,20140328,000000,5.33374,5.36462,5.2775,5.2775,5194.5410721875,0
ETL,D,20140331,000000,5.3714,5.46606,5.3714,5.46207,8990.6069094543,0
ETL,D,20140401,000000,5.46606,5.61304,5.46606,5.54102,2837.0295963284,0
ETL,D,20140402,000000,5.61304,5.62436,5.54102,5.54102,6915.0807163786,0
ETL,D,20140403,000000,5.62436,5.62436,5.5601,5.5601,1009.1351490472,0
ETL,D,20140404,000000,5.5601,5.5601,5.27443,5.46997,1623.2046227227,0
ETL,D,20140407,000000,5.2775,5.2775,5.26619,5.26619,372.1633173791,0
ETL,D,20140408,000000,5.26619,5.26619,5.26619,5.26619,1.431397374535,0
ETL,D,20140409,000000,5.2775,5.2775,5.2775,5.2775,2503.5140080617,0
ETL,D,20140410,000000,5.33066,5.33374,5.2775,5.2775,1062.096851905,0
ETL,D,20140411,000000,5.2775,5.2775,5.25856,5.25856,468.06694147294,0
ETL,D,20140414,000000,5.13421,5.13421,5.1266,5.1266,2263.0392491398,0
ETL,D,20140415,000000,5.27443,5.27443,5.13421,5.13421,1524.4382038798,0
ETL,D,20140416,000000,5.10815,5.16446,5.0893,5.0893,1976.7597742328,0
ETL,D,20140417,000000,5.16446,5.24013,5.16446,5.24013,658.4427922861,0
ETL,D,20140422,000000,5.24013,5.24013,5.24013,5.24013,1.431397374535,0
ETL,D,20140423,000000,5.27443,5.2775,5.16446,5.2775,2658.1049245115,0
ETL,D,20140424,000000,5.0893,5.29225,5.0893,5.2775,5744.197664009,0
ETL,D,20140425,000000,5.2775,5.39053,5.16446,5.38264,8704.3274345473,0
ETL,D,20140428,000000,5.39053,5.39053,5.39053,5.39053,1.431397374535,0
ETL,D,20140429,000000,5.38264,5.46606,5.31942,5.43958,7751.016783107,0
ETL,D,20140430,000000,5.47339,5.50435,5.39053,5.50435,9168.1001838967,0
ETL,D,20140502,000000,5.54102,5.56806,5.28106,5.28106,3738.8099422854,0
ETL,D,20140505,000000,5.50435,5.50435,5.39053,5.50435,2749.7143564817,0
ETL,D,20140506,000000,5.49987,5.50435,5.49987,5.50435,2287.3730045069,0
ETL,D,20140507,000000,5.49987,5.49987,5.49987,5.49987,1.431397374535,0
ETL,D,20140508,000000,5.48456,5.48456,5.48456,5.48456,533.91122070155,0
ETL,D,20140509,000000,5.48456,5.48456,5.28106,5.46606,8830.2904035064,0
ETL,D,20140512,000000,5.48456,5.49987,5.39053,5.39053,1472.9078983965,0
ETL,D,20140513,000000,5.49987,5.49987,5.3,5.49588,2709.6352299948,0
ETL,D,20140514,000000,5.49987,5.6542,5.49987,5.6542,3979.2847012073,0
ETL,D,20140515,000000,5.6542,5.83954,5.65084,5.71107,8692.876255551,0
ETL,D,20140516,000000,5.27443,5.27443,4.84436,4.86672,64600.39491014,0
ETL,D,20140519,000000,5.03194,5.03194,4.86672,4.93063,10470.671794724,0
ETL,D,20140520,000000,4.89333,4.89333,4.85889,4.86266,5566.7043895666,0
ETL,D,20140521,000000,4.86266,5.0893,4.82877,4.90102,13231.837330201,0
ETL,D,20140522,000000,4.91938,4.91938,4.7949,4.7949,2437.6697288331,0
ETL,D,20140523,000000,4.7949,4.81048,4.75724,4.75724,6502.8382725125,0
ETL,D,20140526,000000,4.76109,4.88159,4.75724,4.75724,2011.1133112217,0
ETL,D,20140527,000000,4.75724,4.91582,4.75724,4.90102,2314.5695546231,0
ETL,D,20140528,000000,4.91938,4.97262,4.80238,4.80238,26712.737803572,0
ETL,D,20140529,000000,4.7652,4.79916,4.75724,4.76109,8711.48442142,0
ETL,D,20140530,000000,4.75724,4.80238,4.75724,4.7949,3008.7972812726,0
ETL,D,20140602,000000,4.79916,4.89333,4.78358,4.78358,4378.6445687026,0
ETL,D,20140603,000000,4.75724,4.80621,4.75724,4.80621,1010.5665464217,0
ETL,D,20140604,000000,4.89333,4.89333,4.81753,4.81753,1933.8178529968,0
ETL,D,20140605,000000,4.82877,4.82877,4.81753,4.81753,10349.003017888,0
ETL,D,20140606,000000,4.82172,4.82501,4.78358,4.78358,5479.38914972,0
ETL,D,20140609,000000,4.88977,5.05136,4.88977,5.05136,1998.2307348509,0
ETL,D,20140610,000000,5.04011,5.04011,4.85889,4.85889,3108.99509749,0
ETL,D,20140611,000000,4.86672,4.86672,4.75395,4.75395,7023.8669168432,0
ETL,D,20140612,000000,5.00224,5.00224,4.75724,4.75724,4467.3912059237,0
ETL,D,20140613,000000,4.75395,4.75395,4.63673,4.74592,2872.8145306917,0
ETL,D,20140616,000000,4.74977,4.74977,4.52754,4.5802,953.31065144031,0
ETL,D,20140617,000000,4.66306,4.66306,4.61794,4.61794,2463.4348815747,0
ETL,D,20140618,000000,4.66306,4.66306,4.66306,4.66306,256.22013004176,0
ETL,D,20140623,000000,4.71204,4.71204,4.69325,4.71204,296.29925652874,0
ETL,D,20140624,000000,4.71204,4.71204,4.59152,4.71204,918.95711445147,0
ETL,D,20140625,000000,4.71204,4.71204,4.5802,4.5802,2084.114577323,0
ETL,D,20140626,000000,4.71204,4.71204,4.52328,4.56896,3338.0186774156,0
ETL,D,20140627,000000,4.5802,4.64043,4.57644,4.64043,1721.9710415656,0
ETL,D,20140630,000000,4.64043,4.64043,4.46697,4.58398,1510.1242301344,0
ETL,D,20140701,000000,4.5802,4.5802,4.37286,4.37286,3747.3983265326,0
ETL,D,20140702,000000,4.37636,4.46697,4.33541,4.46697,5973.2212439346,0
ETL,D,20140703,000000,4.41819,4.58776,4.41819,4.42945,745.75803213273,0
ETL,D,20140704,000000,4.56141,4.58776,4.41422,4.58776,9681.9718413547,0
ETL,D,20140707,000000,4.58776,4.58776,4.33541,4.38417,14206.61894226,0
ETL,D,20140708,000000,4.42945,4.42945,4.42945,4.42945,197.53283768583,0
ETL,D,20140709,000000,4.42547,4.42547,4.14644,4.14644,10069.880529854,0
ETL,D,20140710,000000,4.52328,4.52328,4.10145,4.10145,9521.6553354068,0
ETL,D,20140711,000000,4.18479,4.2031,3.95836,4.08643,7424.658181713,0
ETL,D,20140714,000000,4.09411,4.25619,4.09411,4.09411,7527.7187926796,0
ETL,D,20140715,000000,4.09411,4.21832,4.06749,4.06749,3949.2253563421,0
ETL,D,20140716,000000,4.21441,4.21441,4.18479,4.18479,3717.3389816674,0
ETL,D,20140717,000000,4.17704,4.21441,3.85658,4.21441,8929.0568223493,0
ETL,D,20140718,000000,3.99965,4.14644,3.99232,4.14644,7519.1304084324,0
ETL,D,20140721,000000,4.14644,4.14644,4.07147,4.07147,191.80724818769,0
ETL,D,20140722,000000,4.07147,4.07147,3.88292,4.03354,4400.1155293206,0
ETL,D,20140723,000000,3.99232,3.99232,3.96208,3.96208,6654.5663942132,0
ETL,D,20140724,000000,3.99232,3.99588,3.99232,3.99588,3388.1175855243,0
ETL,D,20140725,000000,3.99232,3.99232,3.82626,3.83381,10749.794282758,0
ETL,D,20140728,000000,3.83765,3.9168,3.7659,3.7659,10411.984502368,0
ETL,D,20140729,000000,3.80739,3.80739,3.69806,3.70561,3237.8208611982,0
ETL,D,20140730,000000,3.69429,3.75473,3.5473,3.69059,41815.411502291,0
ETL,D,20140731,000000,3.65656,4.24054,3.57741,4.21832,26277.593001714,0
ETL,D,20140801,000000,4.15085,4.54639,4.08279,4.50063,14034.851257316,0
ETL,D,20140804,000000,4.5953,4.61794,4.26311,4.54256,6434.1311985348,0
ETL,D,20140805,000000,4.54256,4.54256,4.19961,4.33541,7081.1228118246,0
ETL,D,20140806,000000,4.36504,4.50063,4.10145,4.10145,14374.09243508,0
ETL,D,20140807,000000,4.10145,4.31628,4.10145,4.31628,4206.8768837584,0
ETL,D,20140808,000000,3.91309,4.31977,3.90912,4.31977,16080.318105526,0
ETL,D,20140811,000000,4.32409,4.32409,4.15085,4.16216,3894.8322561097,0
ETL,D,20140812,000000,4.14644,4.21832,4.14644,4.21832,178.92467181687,0
ETL,D,20140813,000000,4.21832,4.21832,4.21832,4.21832,669.89397128238,0
ETL,D,20140814,000000,4.14644,4.21832,4.14644,4.21441,2706.7724352457,0
ETL,D,20140818,000000,4.21441,4.21441,3.92044,3.92044,14757.706931456,0
ETL,D,20140819,000000,3.92449,3.99588,3.8906,3.8906,3771.7320818997,0
ETL,D,20140820,000000,3.9882,3.9882,3.7886,3.81488,14179.422392144,0
ETL,D,20140821,000000,3.90549,3.90549,3.84526,3.8978,4480.2737822945,0
ETL,D,20140822,000000,3.8978,3.99232,3.8941,3.99232,2287.3730045069,0
ETL,D,20140825,000000,3.9882,3.9882,3.85658,3.92449,7102.5937724427,0
ETL,D,20140826,000000,3.95431,3.95431,3.86797,3.94307,3160.5254029733,0
ETL,D,20140827,000000,3.94307,4.22224,3.94307,4.21832,17905.349758058,0
ETL,D,20140828,000000,4.22224,4.22224,3.9882,4.14644,11451.17899628,0
ETL,D,20140829,000000,4.16216,4.59858,4.12813,4.59858,12912.635715681,0
ETL,D,20140901,000000,4.59858,4.71204,4.29356,4.29356,15142.752825205,0
ETL,D,20140902,000000,4.27882,4.27882,4.00364,4.00364,20049.583025111,0
ETL,D,20140903,000000,4.04116,4.24054,4.04116,4.24054,40457.015393857,0
ETL,D,20140904,000000,4.24054,4.24054,4.18822,4.22224,2389.0022180989,0
ETL,D,20140905,000000,4.24054,4.4029,4.14644,4.4029,6369.7183166807,0
ETL,D,20140908,000000,4.33541,4.71204,4.33541,4.62164,13616.883223952,0
ETL,D,20140909,000000,4.62164,4.82501,4.55764,4.55764,28327.354042048,0
ETL,D,20140910,000000,4.69325,4.69325,4.63673,4.63673,5496.5659182144,0
ETL,D,20140911,000000,4.63289,4.63289,4.44425,4.44818,24522.699820533,0
ETL,D,20140912,000000,4.42945,4.52328,4.25969,4.45942,55372.176036511,0
ETL,D,20140915,000000,4.45942,4.47478,4.41031,4.41031,3362.3524327827,0
ETL,D,20140916,000000,4.44425,4.44425,4.41031,4.41031,2.86279474907,0
ETL,D,20140917,000000,4.42163,4.42547,4.33541,4.41031,11547.082620374,0
ETL,D,20140918,000000,4.51999,4.51999,4.37286,4.39207,3555.5910783449,0
ETL,D,20140919,000000,4.41031,4.44818,4.41031,4.42945,28905.638581359,0
ETL,D,20140922,000000,4.46347,4.46347,4.44818,4.44818,535.34261807609,0
ETL,D,20140923,000000,4.52328,4.55764,4.46697,4.47478,20725.202585892,0
ETL,D,20140924,000000,4.29706,4.46697,4.29706,4.41422,28301.588889306,0
ETL,D,20140925,000000,4.41422,4.46347,4.41422,4.41819,798.71973499053,0
ETL,D,20140926,000000,4.41422,4.44818,4.35372,4.35372,2351.785886361,0
ETL,D,20140929,000000,4.35372,4.46697,4.35372,4.44818,22153.737165678,0
ETL,D,20140930,000000,4.45942,4.45942,4.44818,4.44818,4158.2093730242,0
ETL,D,20141001,000000,4.47478,4.47478,4.47478,4.47478,4.294192123605,0
ETL,D,20141002,000000,4.48233,4.48233,4.31628,4.33541,5307.6214647758,0
ETL,D,20141003,000000,4.24837,4.36937,4.22964,4.22964,17245.475568398,0
ETL,D,20141006,000000,4.22573,4.69702,4.0376,4.46697,180662.38822956,0
ETL,D,20141007,000000,4.35372,4.71204,4.32409,4.56141,20285.76359191,0
ETL,D,20141008,000000,4.52328,4.77988,4.52328,4.70072,192683.26338091,0
ETL,D,20141009,000000,4.88977,5.01405,4.82172,4.82172,5422.1332547386,0
ETL,D,20141010,000000,4.82172,5.00224,4.82172,5.00224,8980.5871278326,0
ETL,D,20141013,000000,5.08517,5.08517,4.87035,5.0816,3953.5195484657,0
ETL,D,20141014,000000,5.0816,5.0816,4.67438,4.75395,36447.671347785,0
ETL,D,20141015,000000,4.75395,4.94188,4.75395,4.75395,11320.921835197,0
ETL,D,20141016,000000,4.93063,4.96802,4.67054,4.67054,9348.4562530881,0
ETL,D,20141017,000000,4.67054,4.67054,4.48603,4.52328,32087.634944951,0
ETL,D,20141020,000000,4.52328,4.76856,4.52328,4.70827,8151.8080479768,0
ETL,D,20141021,000000,4.78358,4.9757,4.71204,4.71204,21385.076775553,0
ETL,D,20141022,000000,4.84009,4.84009,4.74271,4.78784,6939.4144717457,0
ETL,D,20141023,000000,4.78784,4.78784,4.63673,4.71204,23713.960303921,0
ETL,D,20141024,000000,4.77988,4.77988,4.67438,4.68186,5553.8218131958,0
ETL,D,20141027,000000,4.69325,4.77988,4.69325,4.74977,6946.5714586184,0
ETL,D,20141028,000000,4.74977,4.84436,4.74977,4.74977,27208.001295162,0
ETL,D,20141029,000000,4.76856,4.95725,4.76856,4.90102,8825.9962113828,0
ETL,D,20141030,000000,4.95725,4.9757,4.93063,4.93063,7507.6792294361,0
ETL,D,20141031,000000,4.93825,4.93825,4.7949,4.85141,13485.194665495,0
ETL,D,20141103,000000,4.88977,4.90102,4.79112,4.79112,37733.066190118,0
ETL,D,20141104,000000,4.90765,4.90765,4.79112,4.82501,11011.740002298,0
ETL,D,20141105,000000,4.82501,4.84436,4.73139,4.73139,93496.013709877,0
ETL,D,20141106,000000,4.73467,4.77988,4.73139,4.77988,7041.0436853377,0
ETL,D,20141107,000000,4.84009,4.84009,4.81376,4.81753,682.77654765319,0
ETL,D,20141110,000000,4.84436,4.90458,4.78358,4.78358,5203.1294564347,0
ETL,D,20141112,000000,4.90765,4.90765,4.76856,4.76856,3760.2809029034,0
ETL,D,20141113,000000,4.80621,4.80621,4.63673,4.65552,11634.39786022,0
ETL,D,20141114,000000,4.65937,4.71204,4.65937,4.69325,49198.559160143,0
ETL,D,20141117,000000,5.05904,5.08517,4.88159,4.90102,17488.813122069,0
ETL,D,20141118,000000,4.99107,4.99107,4.89641,4.97262,14398.426190447,0
ETL,D,20141119,000000,5.03194,5.1266,4.92344,5.1266,96696.618239337,0
ETL,D,20141120,000000,5.12297,5.14553,4.91938,4.91938,43002.03992578,0
ETL,D,20141121,000000,4.92708,4.95725,4.91938,4.92344,11758.929431805,0
ETL,D,20141124,000000,5.05136,5.05136,4.88516,4.88516,21891.791446138,0
ETL,D,20141125,000000,4.90765,4.96802,4.90458,4.9532,7290.1068285068,0
ETL,D,20141126,000000,4.9532,5.04374,4.9532,4.99512,9162.3745943985,0
ETL,D,20141127,000000,5.04779,5.1266,5.01405,5.0893,14880.807105666,0
ETL,D,20141128,000000,5.1266,5.15321,5.07029,5.13421,15656.624482664,0
ETL,D,20141201,000000,5.14553,5.22839,5.02886,5.07029,11774.674802925,0
ETL,D,20141202,000000,5.0893,5.14189,5.0816,5.0893,5274.6993251615,0
ETL,D,20141203,000000,5.1266,5.1266,5.01762,5.07029,15712.44898027,0
ETL,D,20141204,000000,5.07392,5.11529,5.01762,5.11529,30332.741763772,0
ETL,D,20141205,000000,5.0893,5.16446,5.0893,5.1266,9772.1498759504,0
ETL,D,20141208,000000,5.22839,5.2775,5.14189,5.24725,22143.717384056,0
ETL,D,20141209,000000,5.24725,5.39053,5.20226,5.34506,16634.268889472,0
ETL,D,20141210,000000,5.40968,5.45872,5.40968,5.40968,3531.2573229778,0
ETL,D,20141211,000000,5.44748,5.47339,5.38711,5.38711,3776.0262740233,0
ETL,D,20141212,000000,5.38711,5.38711,5.23607,5.36804,14989.59330613,0
ETL,D,20141215,000000,5.3714,5.3714,5.24013,5.24013,3436.7850962585,0
ETL,D,20141216,000000,5.23607,5.33835,5.0893,5.09279,16170.496140122,0
ETL,D,20141217,000000,5.1266,5.25137,5.05136,5.05136,21327.820880571,0
ETL,D,20141218,000000,5.20226,5.2775,5.1266,5.25856,6986.6505851053,0
ETL,D,20141219,000000,5.2775,5.31529,5.20582,5.31529,6717.5478786928,0
ETL,D,20141222,000000,5.35337,5.3714,5.2775,5.29692,23187.206070092,0
ETL,D,20141223,000000,5.3496,5.35337,5.31117,5.31942,4448.7830400548,0
ETL,D,20141229,000000,5.38264,5.4277,5.32249,5.4277,8471.0096624981,0
ETL,D,20141230,000000,5.4277,5.46606,5.4277,5.46207,5702.6871401474,0
ETL,D,20150102,000000,5.52236,5.65084,5.51845,5.65084,38129.563262864,0
ETL,D,20150105,000000,5.66544,5.83954,5.65084,5.71107,26240.376669975,0
ETL,D,20150107,000000,5.65084,5.71107,5.65084,5.6542,7095.43678557,0
ETL,D,20150108,000000,5.63561,5.63561,5.54102,5.57141,17968.331242538,0
ETL,D,20150109,000000,5.63561,5.67341,5.61703,5.63561,16807.46797179,0
ETL,D,20150112,000000,5.63226,5.69255,5.61703,5.61703,12574.82593529,0
ETL,D,20150113,000000,5.61703,5.61703,5.54102,5.54549,13332.035146418,0
ETL,D,20150114,000000,5.63561,5.63561,5.54549,5.54549,15622.270945674,0
ETL,D,20150115,000000,5.5793,5.60969,5.54102,5.5793,14719.059202344,0
ETL,D,20150116,000000,5.59845,5.65084,5.58266,5.65084,24644.368597369,0
ETL,D,20150119,000000,5.64295,5.64295,5.35162,5.53753,4952.6349158911,0
ETL,D,20150120,000000,5.61473,5.61473,5.60235,5.61473,5589.6067475592,0
ETL,D,20150121,000000,5.61473,5.61473,5.46941,5.46941,12892.596152436,0
ETL,D,20150122,000000,5.46096,5.53417,5.40856,5.48856,11196.390263613,0
ETL,D,20150123,000000,5.59397,5.59397,5.48856,5.5742,1392.7496454226,0
ETL,D,20150126,000000,5.58656,5.58656,5.44461,5.53417,1992.5051453527,0
ETL,D,20150127,000000,5.4655,5.53417,5.4655,5.53417,68.70707397768,0
ETL,D,20150128,000000,5.52914,5.53417,5.47284,5.47284,5304.7586700267,0
ETL,D,20150129,000000,5.61026,5.61473,5.55786,5.55786,2543.5931345487,0
ETL,D,20150130,000000,5.55786,5.61473,5.53417,5.61473,2842.7551858265,0
ETL,D,20150202,000000,5.61473,5.63897,5.5742,5.61473,6394.0520720478,0
ETL,D,20150203,000000,5.63449,5.71561,5.61473,5.71561,9219.6304893799,0
ETL,D,20150204,000000,5.7353,5.7353,5.61473,5.69534,2958.6983731638,0
ETL,D,20150205,000000,5.63897,5.66264,5.63897,5.63897,2360.3742706082,0
ETL,D,20150206,000000,5.65475,5.71958,5.65475,5.71162,3086.0927394975,0
ETL,D,20150209,000000,5.67508,5.67508,5.63449,5.65475,13092.991784871,0
ETL,D,20150210,000000,5.65475,5.69534,5.65475,5.69534,369.30052263003,0
ETL,D,20150211,000000,5.65475,5.69534,5.65475,5.69534,15818.372385987,0
ETL,D,20150212,000000,5.70771,5.7353,5.70771,5.7353,7667.995735384,0
ETL,D,20150213,000000,5.7353,5.7522,5.7314,5.7314,754.34641637994,0
ETL,D,20150216,000000,5.7353,5.74774,5.7353,5.7353,717.13008464203,0
ETL,D,20150217,000000,5.69534,5.77142,5.66264,5.67508,5326.2296306447,0
ETL,D,20150218,000000,5.77142,5.77142,5.69534,5.69534,5201.6980590602,0
ETL,D,20150219,000000,5.68291,5.7353,5.68291,5.7314,2081.2517825739,0
ETL,D,20150220,000000,5.7314,5.7314,5.66264,5.70771,2268.764838638,0
ETL,D,20150223,000000,5.66264,5.67508,5.65475,5.67508,657.01139491156,0
ETL,D,20150224,000000,5.70771,5.70771,5.53753,5.56973,5178.7957010676,0
ETL,D,20150225,000000,5.54158,5.71162,5.54158,5.71162,4055.1487620577,0
ETL,D,20150226,000000,5.65475,5.71561,5.65475,5.71561,3767.4378897761,0
ETL,D,20150227,000000,5.70324,5.81194,5.69534,5.81194,5921.6909384513,0
ETL,D,20150302,000000,5.83618,5.95788,5.83618,5.92973,10701.126772024,0
ETL,D,20150303,000000,5.92973,6.3007,5.92973,6.24453,51734.995307819,0
ETL,D,20150304,000000,6.24453,6.24453,6.15147,6.17955,3292.2139614305,0
ETL,D,20150305,000000,6.17955,6.32131,6.17955,6.32131,7556.3467401703,0
ETL,D,20150306,000000,6.17955,6.33318,6.17955,6.32942,18014.135958523,0
ETL,D,20150309,000000,6.33318,6.33318,6.29692,6.29692,3996.4614697017,0
ETL,D,20150310,000000,6.09901,6.09901,5.857,5.97787,5538.0764420759,0
ETL,D,20150311,000000,6.05904,6.08776,5.98597,6.08776,5727.0208955145,0
ETL,D,20150312,000000,6.09901,6.17955,6.09901,6.17641,11624.378078599,0
ETL,D,20150313,000000,6.09901,6.21637,6.09901,6.21637,15137.027235708,0
ETL,D,20150316,000000,6.23698,6.23698,6.11962,6.21204,3959.2451379638,0
ETL,D,20150317,000000,6.21204,6.24013,6.08279,6.24013,3167.682389846,0
ETL,D,20150318,000000,6.23698,6.23698,6.17955,6.23698,6876.4329872661,0
ETL,D,20150319,000000,6.16021,6.29692,6.16021,6.17955,6484.2301066435,0
ETL,D,20150320,000000,6.23698,6.31753,6.17955,6.3132,34669.875808613,0
ETL,D,20150323,000000,6.26513,6.40248,6.26513,6.40248,5198.8352643111,0
ETL,D,20150324,000000,5.81642,6.44244,5.73984,6.44244,128914.51034537,0
ETL,D,20150325,000000,6.26513,6.40996,6.26074,6.40996,4236.9362286236,0
ETL,D,20150326,000000,6.3007,6.3007,6.26074,6.26074,49763.961123084,0
ETL,D,20150327,000000,6.4187,6.4187,6.3007,6.3007,840.23025885204,0
ETL,D,20150330,000000,6.26074,6.26074,6.26074,6.26074,987.66418842915,0
ETL,D,20150331,000000,6.3007,6.3007,6.24013,6.26074,62725.264349499,0
ETL,D,20150401,000000,5.97787,6.09901,5.65475,5.6711,187228.20798656,0
ETL,D,20150402,000000,5.62269,5.8531,5.61815,5.70771,40703.215742278,0
ETL,D,20150407,000000,5.63449,5.6711,5.55786,5.55786,6852.099231899,0
ETL,D,20150408,000000,5.55394,5.61473,5.55394,5.61473,5403.5250888696,0
ETL,D,20150409,000000,5.59397,5.61473,5.37195,5.56973,11219.292621605,0
ETL,D,20150410,000000,5.54997,5.60235,5.46096,5.60235,1202.3737946094,0
ETL,D,20150413,000000,5.6908,5.6908,5.5742,5.5742,8544.0109285994,0
ETL,D,20150414,000000,5.70324,5.7353,5.63449,5.63449,37157.644445554,0
ETL,D,20150415,000000,5.74327,5.74327,5.65867,5.7353,15023.94684312,0
ETL,D,20150416,000000,5.71162,6.01845,5.67508,5.7353,15569.309242817,0
ETL,D,20150417,000000,5.73984,5.77645,5.71162,5.7353,6634.5268309697,0
ETL,D,20150420,000000,5.7353,5.84464,5.71561,5.83618,1647.5383780898,0
ETL,D,20150421,000000,5.83618,5.90493,5.77645,5.77645,1550.2033566214,0
ETL,D,20150422,000000,5.79623,5.84464,5.79623,5.84464,1497.2416537636,0
ETL,D,20150423,000000,5.83618,5.83618,5.83618,5.83618,62.98148447954,0
ETL,D,20150424,000000,5.75564,5.81194,5.69534,5.80803,11824.773711034,0
ETL,D,20150427,000000,5.65867,5.7314,5.53417,5.6711,8369.3804489061,0
ETL,D,20150428,000000,5.6711,5.81194,5.45306,5.81194,21658.47367409,0
ETL,D,20150429,000000,5.80461,5.80461,5.80461,5.80461,22.90235799256,0
ETL,D,20150430,000000,5.61473,5.7601,5.61473,5.7601,148.86532695164,0
ETL,D,20150504,000000,5.79623,5.79623,5.79623,5.79623,25.76515274163,0
ETL,D,20150505,000000,5.6908,5.80461,5.56973,5.77142,7138.378706806,0
ETL,D,20150506,000000,5.51733,5.67955,5.4931,5.6711,648.42301066435,0
ETL,D,20150507,000000,5.55394,5.66718,5.4931,5.63449,1721.9710415656,0
ETL,D,20150508,000000,5.4655,5.599,5.25088,5.33576,19730.38141059,0
ETL,D,20150511,000000,5.35162,5.56576,5.35162,5.48856,4062.3057489303,0
ETL,D,20150512,000000,5.4655,5.4655,5.45306,5.45306,3588.5132179592,0
ETL,D,20150513,000000,5.45306,5.54605,5.41247,5.41247,1830.7572420303,0
ETL,D,20150514,000000,5.41247,5.41247,5.41247,5.41247,496.69488896364,0
ETL,D,20150515,000000,5.52181,5.56973,5.52181,5.56973,6187.9308501148,0
ETL,D,20150518,000000,6.0784,6.45055,5.94538,6.05904,76126.006569895,0
ETL,D,20150519,000000,6.05904,6.05904,5.89759,5.95788,13065.795234756,0
ETL,D,20150520,000000,5.9541,6.0909,5.89305,6.01845,21406.547736171,0
ETL,D,20150521,000000,6.05904,6.0909,6.01845,6.05904,4961.2233001383,0
ETL,D,20150522,000000,6.0909,6.0909,5.97787,5.97787,989.09558580368,0
ETL,D,20150525,000000,6.01845,6.0909,5.95788,5.95788,16396.656925298,0
ETL,D,20150526,000000,5.89759,5.89759,5.6711,5.84862,14115.00951029,0
ETL,D,20150527,000000,5.84862,5.87678,5.84862,5.87678,936.13388294589,0
ETL,D,20150528,000000,5.9741,5.9741,5.81642,5.857,1969.6027873602,0
ETL,D,20150529,000000,5.95788,5.97787,5.857,5.9741,5376.3285387535,0
ETL,D,20150601,000000,5.81642,5.97787,5.81642,5.93791,1739.14781006,0
ETL,D,20150602,000000,5.87678,5.9173,5.81642,5.8322,1388.4554532989,0
ETL,D,20150603,000000,5.8322,5.8322,5.8322,5.8322,247.63174579455,0
ETL,D,20150605,000000,5.81642,5.8322,5.7353,5.7353,5341.9750017646,0
ETL,D,20150608,000000,5.69926,5.71162,5.69926,5.71162,584.01012881028,0
ETL,D,20150609,000000,5.77645,5.77645,5.73984,5.74327,1382.7298638008,0
ETL,D,20150610,000000,5.84464,5.84464,5.69534,5.71561,2337.4719126157,0
ETL,D,20150611,000000,5.7235,5.7235,5.7235,5.7235,886.03497483716,0
ETL,D,20150612,000000,5.7235,5.7235,5.7235,5.7235,387.90868849898,0
ETL,D,20150615,000000,5.71561,5.7353,5.71561,5.7353,5310.4842595248,0
ETL,D,20150616,000000,5.74327,5.74327,5.7353,5.7353,538.20541282516,0
ETL,D,20150617,000000,5.7353,5.84121,5.7353,5.81642,2068.3692062031,0
ETL,D,20150618,000000,5.83618,5.84121,5.81194,5.83618,4840.9859206774,0
ETL,D,20150619,000000,5.83618,5.97787,5.83618,5.97787,6462.7591460255,0
ETL,D,20150623,000000,5.9741,5.9741,5.97039,5.97039,250.49454054362,0
ETL,D,20150624,000000,5.83618,5.857,5.83618,5.857,1930.9550582477,0
ETL,D,20150625,000000,5.84464,5.9173,5.81642,5.82438,1905.1899055061,0
ETL,D,20150626,000000,5.81642,5.81642,5.75564,5.75564,470.92973622201,0
ETL,D,20150629,000000,5.7353,5.7353,5.57812,5.599,13363.525888659,0
ETL,D,20150630,000000,6.00281,6.00281,5.65929,5.94663,9537.4007065267,0
ETL,D,20150701,000000,5.95104,5.95104,5.94663,5.94663,868.85820634274,0
ETL,D,20150702,000000,5.98534,6.04716,5.98534,6.04716,1943.8376346185,0
ETL,D,20150703,000000,6.04716,6.04716,6.04716,6.04716,400.7912648698,0
ETL,D,20150706,000000,6.07217,6.18207,6.07217,6.09901,23275.952707314,0
ETL,D,20150707,000000,6.07217,6.07217,6.07217,6.07217,2828.4412120812,0
ETL,D,20150708,000000,6.07217,6.13772,6.07217,6.13772,1862.24798427,0
ETL,D,20150709,000000,6.0946,6.11647,5.9991,6.11647,1883.7189448881,0
ETL,D,20150710,000000,6.11647,6.13772,6.11647,6.13772,8566.913286592,0
ETL,D,20150713,000000,6.15517,6.15517,6.0946,6.0946,271.96550116165,0
ETL,D,20150715,000000,6.0297,6.14707,5.9641,6.14707,14495.761211916,0
ETL,D,20150716,000000,6.16021,6.16021,5.87224,5.93791,4882.4964445389,0
ETL,D,20150717,000000,6.04277,6.05094,5.94663,5.94663,1419.9461955387,0
ETL,D,20150720,000000,6.17271,6.17271,6.11214,6.11214,191.80724818769,0
ETL,D,20150721,000000,6.15085,6.15085,5.8818,5.8818,435.14480185864,0
ETL,D,20150722,000000,6.05094,6.12961,6.05094,6.05094,2768.3225223507,0
ETL,D,20150724,000000,6.05094,6.05094,6.05094,6.05094,344.96676726293,0
ETL,D,20150727,000000,6.12961,6.14707,6.12961,6.14707,688.50213715133,0
ETL,D,20150728,000000,5.96851,5.96851,5.96851,5.96851,573.99034718853,0
ETL,D,20150730,000000,6.08964,6.08964,5.96851,6.08587,1438.5543614077,0
ETL,D,20150731,000000,5.98974,5.98974,5.98974,5.98974,45.80471598512,0
ETL,D,20150803,000000,5.9604,5.9641,5.9604,5.9641,390.77148324805,0
ETL,D,20150804,000000,6.05094,6.05094,6.05094,6.05094,22.90235799256,0
ETL,D,20150805,000000,6.05094,6.52984,6.05094,6.52984,76529.660629514,0
ETL,D,20150806,000000,6.52984,6.55172,6.29511,6.54738,9407.143545444,0
ETL,D,20150807,000000,6.54738,6.78707,6.53425,6.78707,16879.037840516,0
ETL,D,20150810,000000,6.74796,6.87789,6.74796,6.85623,6664.586175835,0
ETL,D,20150811,000000,6.89955,6.89955,6.87021,6.89955,2629.4769770208,0
ETL,D,20150812,000000,6.90863,6.91283,6.74796,6.87789,6638.8210230933,0
ETL,D,20150813,000000,6.91283,7.2265,6.91283,7.11823,14039.14544944,0
ETL,D,20150814,000000,7.13918,7.24816,7.13079,7.24327,2328.8835283684,0
ETL,D,20150817,000000,7.26632,7.26632,6.9743,6.99945,7878.4111494406,0
ETL,D,20150818,000000,7.00924,7.26982,7.00924,7.26982,24704.487287099,0
ETL,D,20150819,000000,7.16084,7.26982,7.13918,7.26982,9126.5896600352,0
ETL,D,20150820,000000,7.26982,7.99706,7.26982,7.55696,38417.274135144,0
ETL,D,20150821,000000,7.55696,8.22763,7.55696,7.83988,9641.8927148678,0
ETL,D,20150824,000000,7.5318,7.66104,6.79057,7.66104,38036.522433519,0
ETL,D,20150825,000000,7.11823,7.83567,7.11823,7.44866,13037.167287265,0
ETL,D,20150826,000000,7.44866,7.66104,7.26982,7.66104,3675.8284578059,0
ETL,D,20150827,000000,7.5318,7.5318,7.40466,7.5318,5392.0739098733,0
ETL,D,20150828,000000,7.5318,7.5318,7.48779,7.5318,3193.4475425876,0
ETL,D,20150831,000000,7.40116,7.40116,7.40116,7.40116,344.96676726293,0
ETL,D,20150901,000000,7.48779,7.78819,7.4829,7.56114,18062.803469257,0
ETL,D,20150902,000000,7.53529,7.63939,7.44866,7.63939,18974.603596836,0
ETL,D,20150903,000000,7.44378,7.62681,7.44378,7.46613,5155.8933430751,0
ETL,D,20150904,000000,7.36623,7.44866,7.13569,7.42631,9762.1300943287,0
ETL,D,20150907,000000,7.34946,7.34946,7.18808,7.26632,1192.3540129877,0
ETL,D,20150908,000000,7.26982,7.26982,7.03089,7.07002,10678.224414031,0
ETL,D,20150909,000000,7.08748,7.43958,7.0784,7.43958,15851.2945256,0
ETL,D,20150910,000000,7.43958,7.43958,7.28309,7.28309,16100.35766877,0
ETL,D,20150911,000000,7.28729,7.43608,7.28309,7.43608,6876.4329872661,0
ETL,D,20150914,000000,7.40116,7.40116,7.40116,7.40116,115.94318733733,0
ETL,D,20150915,000000,7.42631,7.48779,7.42631,7.46613,790.13135074332,0
ETL,D,20150916,000000,7.44866,7.44866,7.2265,7.43958,1575.968509363,0
ETL,D,20150917,000000,7.26982,7.39138,7.25724,7.39138,3675.8284578059,0
ETL,D,20150918,000000,7.23069,7.23069,7.16573,7.16573,8173.2790085948,0
ETL,D,20150921,000000,7.36623,7.36623,7.36623,7.36623,11.45117899628,0
ETL,D,20150922,000000,7.21323,7.36623,7.21323,7.36623,584.01012881028,0
ETL,D,20150923,000000,7.36133,7.4312,7.36133,7.4312,792.99414549239,0
ETL,D,20150925,000000,7.39138,7.43608,7.39138,7.43608,1836.4828315284,0
ETL,D,20150928,000000,7.40116,7.40116,7.18808,7.31383,2610.8688111518,0
ETL,D,20150929,000000,7.41862,7.55276,7.41862,7.55276,3645.7691129406,0
ETL,D,20150930,000000,7.46613,7.55276,7.45286,7.55276,668.46257390784,0
ETL,D,20151001,000000,7.44378,7.61424,7.44378,7.61424,2702.4782431221,0
ETL,D,20151006,000000,7.44378,7.57022,7.44378,7.57022,841.66165622658,0
ETL,D,20151007,000000,7.57022,7.59677,7.44378,7.54927,4633.4333013698,0
ETL,D,20151008,000000,7.57441,7.5835,7.57441,7.5835,173.19908231873,0
ETL,D,20151009,000000,7.57861,7.59677,7.57861,7.59677,1278.2378554598,0
ETL,D,20151012,000000,7.46124,7.50945,7.46124,7.50945,51.53030548326,0
ETL,D,20151013,000000,7.46124,7.46124,7.18249,7.44378,253526.24018289,0
ETL,D,20151014,000000,7.50945,7.54368,7.45705,7.54368,1076.4108256503,0
ETL,D,20151015,000000,7.54368,7.60935,7.54368,7.60935,6571.5453464902,0
ETL,D,20151016,000000,7.57441,7.60935,7.57441,7.60935,767.22899275076,0
ETL,D,20151019,000000,7.57441,7.59188,7.57441,7.59188,770.09178749983,0
ETL,D,20151020,000000,7.40116,7.56604,7.36623,7.56604,2698.1840509985,0
ETL,D,20151021,000000,7.36623,7.48779,7.36623,7.48779,3837.5763611283,0
ETL,D,20151022,000000,7.36623,7.58769,7.36623,7.58769,2316.0009519976,0
ETL,D,20151026,000000,7.57441,7.57441,7.36623,7.54927,2009.6819138471,0
ETL,D,20151027,000000,7.41374,7.51783,7.36623,7.51434,46527.57165926,0
ETL,D,20151028,000000,7.36623,7.36623,7.36623,7.36623,60659.757938044,0
ETL,D,20151029,000000,7.36623,7.37881,7.09586,7.25724,12590.57130641,0
ETL,D,20151030,000000,7.38789,7.38789,7.10005,7.37391,1361.2589031828,0
ETL,D,20151102,000000,7.37391,7.37391,7.37391,7.37391,124.53157158454,0
ETL,D,20151103,000000,7.20903,7.20903,7.13569,7.13569,2522.1221739307,0
ETL,D,20151104,000000,7.13918,7.13918,6.91283,6.91283,6341.09036919,0
ETL,D,20151105,000000,6.85623,6.91283,6.55981,6.55981,4939.7523395203,0
ETL,D,20151106,000000,6.57358,6.70394,6.57358,6.70394,140.27694270443,0
ETL,D,20151109,000000,6.59482,6.62604,6.35568,6.62604,6522.877835756,0
ETL,D,20151110,000000,6.74796,6.74796,6.60418,6.61228,2648.0851428897,0
ETL,D,20151112,000000,6.74376,6.96521,6.69066,6.95195,6929.3946901239,0
ETL,D,20151113,000000,7.00924,7.13569,6.96521,6.98688,6240.8925529726,0
ETL,D,20151116,000000,6.73816,6.87371,6.31194,6.85204,7187.0462175402,0
ETL,D,20151117,000000,6.83458,6.83458,6.48618,6.61668,17178.199891795,0
ETL,D,20151118,000000,6.53425,6.71652,6.44308,6.71652,7834.03783083,0
ETL,D,20151119,000000,6.7214,6.72629,6.65154,6.65154,3010.2286786471,0
ETL,D,20151120,000000,6.68229,6.70394,6.68229,6.70394,688.50213715133,0
ETL,D,20151123,000000,6.79057,6.79057,6.70394,6.70394,1942.406237244,0
ETL,D,20151124,000000,6.52984,6.61668,6.52984,6.61668,5436.4472284839,0
ETL,D,20151125,000000,6.69066,6.69066,6.69066,6.69066,11.45117899628,0
ETL,D,20151126,000000,6.68229,6.69066,6.68229,6.69066,814.46510611041,0
ETL,D,20151130,000000,6.49491,6.6739,6.48618,6.6739,7733.8400146126,0
ETL,D,20151202,000000,6.52984,6.64736,6.39871,6.64736,772.9545822489,0
ETL,D,20151203,000000,6.44308,6.60858,6.44308,6.60858,1208.0993841075,0
ETL,D,20151204,000000,6.52984,6.52984,6.31628,6.52984,1895.1701238843,0
ETL,D,20151207,000000,6.51678,6.51678,6.20331,6.35568,9156.6490049004,0
ETL,D,20151208,000000,6.1252,6.35568,6.0946,6.35568,701.38471352215,0
ETL,D,20151209,000000,6.35127,6.41625,6.11647,6.31194,4056.5801594322,0
ETL,D,20151211,000000,6.35127,6.35568,6.13772,6.35568,16555.542033872,0
ETL,D,20151214,000000,6.30817,6.30817,6.30817,6.30817,234.74916942374,0
ETL,D,20151215,000000,6.14274,6.30817,6.14274,6.30817,186.08165868955,0
ETL,D,20151216,000000,6.31194,6.31194,6.31194,6.31194,11.45117899628,0
ETL,D,20151217,000000,6.31194,6.39061,6.26884,6.39061,1344.0821346884,0
ETL,D,20151218,000000,6.39061,6.39061,6.39061,6.39061,11.45117899628,0
ETL,D,20151221,000000,6.18207,6.38628,6.13772,6.38628,5283.2877094087,0
ETL,D,20151222,000000,6.38187,6.39871,6.37747,6.39501,12152.563709802,0
ETL,D,20151223,000000,6.39501,6.42994,6.27261,6.42121,8187.5929823402,0
ETL,D,20151228,000000,6.42994,6.42994,6.22951,6.42121,6156.440107875,0
ETL,D,20151229,000000,6.42121,6.52112,6.42121,6.51237,4866.751073419,0
ETL,D,20151230,000000,6.51237,6.51678,6.51237,6.51678,3443.9420831312,0
ETL,D,20160104,000000,6.57358,6.57358,6.52984,6.52984,1427.1031824114,0
ETL,D,20160107,000000,6.31628,6.49491,6.31628,6.49491,3697.2994184239,0
ETL,D,20160108,000000,6.32131,6.48241,6.32131,6.48241,3084.6613421229,0
ETL,D,20160111,000000,6.48241,6.50364,6.3257,6.3257,482.38091521829,0
ETL,D,20160112,000000,6.50804,6.50804,6.50804,6.50804,4603.3739565046,0
ETL,D,20160113,000000,6.50364,6.50364,6.22573,6.43372,6832.0596686556,0
ETL,D,20160115,000000,6.31194,6.31194,6.31194,6.31194,782.97436387064,0
ETL,D,20160118,000000,6.28197,6.28197,5.9641,6.0946,5018.4791951197,0
ETL,D,20160119,000000,6.05094,6.39061,6.05094,6.31628,2230.1171095255,0
ETL,D,20160120,000000,6.18207,6.30817,6.13772,6.30817,1953.8574162403,0
ETL,D,20160122,000000,6.12087,6.22077,6.12087,6.22077,1173.7458471187,0
ETL,D,20160125,000000,6.03781,6.1252,5.70268,5.83786,5250.3655697944,0
ETL,D,20160126,000000,6.08154,6.08154,5.84177,5.9604,2875.6773254408,0
ETL,D,20160127,000000,5.9604,5.9604,5.9604,5.9604,229.0235799256,0
ETL,D,20160129,000000,6.02467,6.02467,5.94224,5.94224,835.93606672844,0
ETL,D,20160201,000000,5.92072,5.92072,5.92072,5.92072,416.53663598968,0
ETL,D,20160202,000000,5.92072,5.92462,5.92072,5.92462,253.35733529269,0
ETL,D,20160203,000000,6.03341,6.31194,6.03341,6.31194,3834.7135663793,0
ETL,D,20160204,000000,6.31194,6.31194,6.31194,6.31194,158.88510857338,0
ETL,D,20160205,000000,6.03781,6.26884,6.03781,6.26884,68.70707397768,0
ETL,D,20160208,000000,6.10773,6.20331,6.07217,6.20331,2151.3902539261,0
ETL,D,20160209,000000,6.20331,6.20331,6.20331,6.20331,115.94318733733,0
ETL,D,20160210,000000,5.96851,6.11647,5.96851,6.11647,200.3956324349,0
ETL,D,20160211,000000,6.18207,6.18207,6.16021,6.16021,243.33755367095,0
ETL,D,20160212,000000,6.0946,6.18207,6.0946,6.18207,11738.889868562,0
ETL,D,20160215,000000,6.21637,6.79057,6.21637,6.63897,4367.1933897063,0
ETL,D,20160216,000000,6.78707,6.79057,6.78707,6.79057,306.31903815049,0
ETL,D,20160217,000000,6.78707,6.96521,6.76961,6.96521,4329.9770579684,0
ETL,D,20160218,000000,6.89955,7.11333,6.59104,6.85204,4778.0044361978,0
ETL,D,20160223,000000,6.63897,6.89955,6.63897,6.86532,3831.8507716302,0
ETL,D,20160225,000000,6.669,6.78707,6.66062,6.78707,1046.3514807851,0
ETL,D,20160226,000000,6.85623,6.85623,6.85623,6.85623,11.45117899628,0
ETL,D,20160229,000000,6.74796,6.87789,6.74796,6.87789,476.65532572015,0
ETL,D,20160301,000000,6.88279,6.88279,6.88279,6.88279,1438.5543614077,0
ETL,D,20160302,000000,6.87789,6.87789,6.87789,6.87789,873.15239846635,0
ETL,D,20160303,000000,6.66062,6.85204,6.63897,6.85204,500.98908108725,0
ETL,D,20160304,000000,6.91702,6.91702,6.91702,6.91702,11.45117899628,0
ETL,D,20160308,000000,6.70394,6.91702,6.70394,6.91702,585.44152618481,0
ETL,D,20160309,000000,6.91702,7.39138,6.91702,7.39138,3695.8680210494,0
ETL,D,20160310,000000,7.38789,7.40116,7.07351,7.35295,1729.1280284383,0
ETL,D,20160311,000000,7.13918,7.26632,7.13918,7.26632,194.67004293676,0
ETL,D,20160315,000000,6.98688,7.13079,6.53425,7.13079,2685.3014746277,0
ETL,D,20160316,000000,6.79057,6.83458,6.54297,6.83458,2261.6078517653,0
ETL,D,20160317,000000,6.80804,7.02111,6.80804,7.02111,4783.730025696,0
ETL,D,20160318,000000,6.99945,6.99945,6.99945,6.99945,273.39689853618,0
ETL,D,20160321,000000,6.96521,7.35645,6.79057,7.35645,4245.5246128708,0
ETL,D,20160322,000000,7.35645,7.36623,7.35645,7.35645,1784.9525260451,0
ETL,D,20160323,000000,7.31383,7.35645,7.31383,7.35645,8714.3472161691,0
ETL,D,20160324,000000,7.35645,7.40116,7.35645,7.40116,1346.9449294374,0
ETL,D,20160329,000000,7.40884,7.48779,7.40466,7.48779,5868.7292355935,0
ETL,D,20160330,000000,7.48779,7.57441,7.40466,7.57441,3253.5662323181,0
ETL,D,20160331,000000,7.5318,7.57441,7.5318,7.57441,506.71467058539,0
ETL,D,20160404,000000,7.57441,7.57441,7.57441,7.57441,4.294192123605,0
ETL,D,20160405,000000,7.57441,7.57441,7.57441,7.57441,243.33755367095,0
ETL,D,20160406,000000,7.43608,7.5318,7.26982,7.5318,2791.2248803432,0
ETL,D,20160407,000000,7.5318,7.5318,7.5318,7.5318,390.77148324805,0
ETL,D,20160408,000000,7.5318,7.5318,7.35645,7.50525,470.92973622201,0
ETL,D,20160411,000000,7.50525,7.83152,7.26982,7.7833,23021.163974647,0
ETL,D,20160412,000000,7.78819,7.8273,7.72671,7.8273,2159.9786381733,0
ETL,D,20160413,000000,7.8273,7.8273,7.8273,7.8273,27.196550116165,0
ETL,D,20160414,000000,7.66664,7.79658,7.66104,7.66104,1501.5358458872,0
ETL,D,20160415,000000,7.7833,7.7833,7.7833,7.7833,11.45117899628,0
ETL,D,20160418,000000,7.77911,7.77911,7.77072,7.77072,827.34768248123,0
ETL,D,20160419,000000,7.77911,7.92235,7.77911,7.83567,5880.1804145898,0
ETL,D,20160420,000000,7.83567,7.8574,7.83567,7.83567,850.25004047379,0
ETL,D,20160421,000000,7.83988,7.92719,7.66664,7.92719,3881.9496797389,0
ETL,D,20160422,000000,7.96635,8.05365,7.72671,7.83567,14167.971213148,0
ETL,D,20160425,000000,7.83567,7.83567,7.40116,7.48779,3860.4787191209,0
ETL,D,20160426,000000,7.48779,7.67921,7.48779,7.53529,4902.5360077824,0
ETL,D,20160427,000000,7.53529,7.78819,7.53529,7.78819,22.90235799256,0
ETL,D,20160428,000000,7.78819,7.78819,7.78819,7.78819,11.45117899628,0
ETL,D,20160429,000000,7.78819,7.78819,7.48779,7.48779,5500.860110338,0
ETL,D,20160502,000000,7.61843,7.78819,7.61843,7.78819,2295.9613887541,0
ETL,D,20160506,000000,7.82246,7.82246,7.82246,7.82246,918.95711445147,0
ETL,D,20160509,000000,7.66104,7.82246,7.66104,7.82246,688.50213715133,0
ETL,D,20160510,000000,7.81404,7.92235,7.81404,7.92235,10693.969785151,0
ETL,D,20160511,000000,7.8574,8.05365,7.8574,8.05365,5031.3617714905,0
ETL,D,20160512,000000,8.1186,8.1934,7.87905,8.1759,4458.8028216765,0
ETL,D,20160513,000000,7.88389,8.1759,7.88389,8.1759,1067.8224414031,0
ETL,D,20160516,000000,8.18433,8.18433,7.96635,8.17941,1053.5084676578,0
ETL,D,20160517,000000,7.96635,8.17941,7.93977,8.17941,55574.003066321,0
ETL,D,20160518,000000,8.17941,8.27164,7.96635,7.96635,4007.912648698,0
ETL,D,20160519,000000,8.05787,8.3108,8.05365,8.3108,1670.4407360823,0
ETL,D,20160520,000000,8.22763,8.22763,8.14033,8.14033,1182.3342313659,0
ETL,D,20160523,000000,8.01036,8.05365,7.79239,8.05365,3346.6070616628,0
ETL,D,20160524,000000,8.04459,8.04459,8.04459,8.04459,299.16205127781,0
ETL,D,20160525,000000,8.01036,8.01036,8.01036,8.01036,130.25716108268,0
ETL,D,20160527,000000,8.03622,8.03622,7.87905,7.94955,3678.6912525549,0
ETL,D,20160530,000000,7.79239,7.87482,7.79239,7.87482,103.06061096652,0
ETL,D,20160531,000000,7.87482,7.95728,7.87482,7.95728,2320.2951441212,0
ETL,D,20160601,000000,7.83567,7.93977,7.83567,7.93977,4195.4257047621,0
ETL,D,20160602,000000,7.9447,7.9447,7.9447,7.9447,115.94318733733,0
ETL,D,20160606,000000,7.9447,7.9447,7.93977,7.93977,217.57240092932,0
ETL,D,20160607,000000,7.79239,7.93141,7.79239,7.93141,642.69742116621,0
ETL,D,20160610,000000,7.70926,7.91883,7.24816,7.91883,2995.9147049018,0
ETL,D,20160613,000000,7.91883,7.91883,7.5318,7.83152,1815.0118709104,0
ETL,D,20160614,000000,7.5318,7.89647,7.5318,7.89647,3386.6861881498,0
ETL,D,20160615,000000,7.57861,7.83567,7.57861,7.83567,243.33755367095,0
ETL,D,20160620,000000,7.83152,7.83152,7.57861,7.57861,117.37458471187,0
ETL,D,20160621,000000,7.83567,7.91398,7.8273,7.91398,5185.9526879403,0
ETL,D,20160623,000000,7.91398,8.06201,7.91398,8.06201,2914.3250545533,0
ETL,D,20160624,000000,7.57861,7.74907,7.57861,7.74907,1800.697897165,0
ETL,D,20160627,000000,7.77072,7.83152,7.59677,7.83152,2308.843965125,0
ETL,D,20160628,000000,7.83152,7.83152,7.64358,7.64358,562.53916819225,0
ETL,D,20160629,000000,7.64358,7.83152,7.57861,7.8273,1667.5779413333,0
ETL,D,20160630,000000,7.58769,7.83152,7.58769,7.83152,1497.2416537636,0
ETL,D,20160701,000000,7.83152,7.9014,7.83152,7.87905,1647.5383780898,0
ETL,D,20160704,000000,7.87905,7.87905,7.87905,7.87905,2502.0826106872,0
ETL,D,20160705,000000,7.92235,8.1186,7.87905,8.1186,6910.786524255,0
ETL,D,20160706,000000,8.20176,8.20176,8.18433,8.18433,1173.7458471187,0
ETL,D,20160707,000000,8.18433,8.18433,8.09695,8.09695,787.26855599425,0
ETL,D,20160708,000000,8.05365,8.16682,8.05365,8.13189,1232.4331394746,0
ETL,D,20160711,000000,8.12282,8.12282,8.06201,8.11446,10234.491227925,0
ETL,D,20160712,000000,8.16198,8.16198,8.04951,8.05787,11123.388997511,0
ETL,D,20160713,000000,8.14033,8.18433,8.01036,8.09281,8967.7045514618,0
ETL,D,20160714,000000,8.00339,8.17316,7.93211,8.00339,2224.3915200274,0
ETL,D,20160715,000000,8.00339,8.00339,7.90413,7.90413,247.63174579455,0
ETL,D,20160718,000000,7.90413,8.00339,7.90413,8.00339,247.63174579455,0
ETL,D,20160719,000000,8.00339,8.00339,8.00339,8.00339,436.57619923317,0
ETL,D,20160720,000000,8.00339,8.00339,8.00339,8.00339,198.96423506036,0
ETL,D,20160721,000000,7.91398,7.99847,7.91398,7.99847,253.35733529269,0
ETL,D,20160725,000000,7.99847,7.99847,7.99847,7.99847,213.27820880571,0
ETL,D,20160726,000000,7.91398,7.91398,7.81544,7.90906,1352.6705189356,0
ETL,D,20160727,000000,7.8853,8.00339,7.8853,8.00339,6447.0137749056,0
ETL,D,20160729,000000,8.00339,8.00339,8.00339,8.00339,2192.9007777876,0
ETL,D,20160801,000000,7.81544,7.81544,7.81544,7.81544,2197.1949699112,0
ETL,D,20160802,000000,7.81544,7.95095,7.62612,7.94681,3146.2114292279,0
ETL,D,20160804,000000,7.83848,7.83848,7.83848,7.83848,300.59344865235,0
ETL,D,20160805,000000,7.83848,7.83848,7.83848,7.83848,616.93226842458,0
ETL,D,20160808,000000,7.86224,7.86224,7.81544,7.81544,80.15825297396,0
ETL,D,20160809,000000,7.81544,7.81544,7.81544,7.81544,133.11995583175,0
ETL,D,20160810,000000,7.81544,7.81544,7.76794,7.76794,293.43646177967,0
ETL,D,20160811,000000,7.81055,7.81055,7.76794,7.76794,198.96423506036,0
ETL,D,20160812,000000,7.76794,7.76794,7.58489,7.76794,616.93226842458,0
ETL,D,20160816,000000,7.76794,7.76794,7.76304,7.76304,538.20541282516,0
ETL,D,20160817,000000,7.72112,7.85669,7.72112,7.85669,296.29925652874,0
ETL,D,20160818,000000,7.86224,7.86224,7.85669,7.85669,173.19908231873,0
ETL,D,20160819,000000,7.83848,7.95588,7.83848,7.95588,4485.9993717927,0
ETL,D,20160822,000000,7.95588,8.68588,7.95588,8.68588,112261.63329003,0
ETL,D,20160823,000000,8.68588,8.68588,8.68588,8.68588,22.90235799256,0
ETL,D,20160824,000000,8.64328,8.64328,8.30939,8.56786,867.42680896821,0
ETL,D,20160825,000000,8.56786,8.56786,8.56364,8.56364,340.67257513933,0
ETL,D,20160829,000000,8.56364,8.56364,8.56364,8.56364,104.49200834105,0
ETL,D,20160830,000000,8.37989,8.5441,8.37989,8.5441,271.96550116165,0
ETL,D,20160901,000000,8.11587,8.11587,8.11587,8.11587,1113.6271573882,0
ETL,D,20160902,000000,8.00339,8.23388,8.00339,8.23388,135.98275058082,0
ETL,D,20160905,000000,7.95588,8.18222,7.95588,8.18222,396.49707274619,0
ETL,D,20160906,000000,8.09765,8.09765,8.09765,8.09765,365.00633050642,0
ETL,D,20160907,000000,8.23388,8.23388,7.98941,7.98941,240.47475892188,0
ETL,D,20160908,000000,7.8853,7.8853,7.62612,7.8853,754.34641637994,0
ETL,D,20160909,000000,7.88037,7.88037,7.81544,7.81544,200.3956324349,0
ETL,D,20160912,000000,7.72112,7.74418,7.72112,7.74418,372.1633173791,0
ETL,D,20160913,000000,7.81544,7.81544,7.64497,7.76304,377.88890687724,0
ETL,D,20160914,000000,7.76304,7.76304,7.55556,7.76304,913.23152495333,0
ETL,D,20160915,000000,7.62612,7.67851,7.62612,7.67292,573.99034718853,0
ETL,D,20160916,000000,7.76304,7.76304,7.76304,7.76304,423.69362286236,0
ETL,D,20160920,000000,7.76304,7.76794,7.48499,7.76794,558.24497606865,0
ETL,D,20160923,000000,7.48499,7.67292,7.46124,7.67292,2212.9403410311,0
ETL,D,20160926,000000,7.67292,7.67292,7.67292,7.67292,4.294192123605,0
ETL,D,20160927,000000,7.67292,7.67292,7.67292,7.67292,4.294192123605,0
ETL,D,20160929,000000,7.64918,7.64918,7.64918,7.64918,347.829562012,0
ETL,D,20161003,000000,7.64918,7.64918,7.64918,7.64918,956.17344618938,0
ETL,D,20161004,000000,7.53739,7.76304,7.5325,7.76304,377.88890687724,0
ETL,D,20161005,000000,7.76794,7.76794,7.76794,7.76794,4.294192123605,0
ETL,D,20161006,000000,7.5325,7.76304,7.5325,7.76304,403.65405961887,0
ETL,D,20161007,000000,7.76794,7.76794,7.48499,7.76304,1774.9327444234,0
ETL,D,20161010,000000,7.76304,7.76304,7.72112,7.72112,253.35733529269,0
ETL,D,20161012,000000,7.70227,7.70227,7.69667,7.69667,658.4427922861,0
ETL,D,20161014,000000,7.5325,7.5325,7.40116,7.41443,1882.2875475135,0
ETL,D,20161017,000000,7.76304,7.76304,7.40116,7.76304,1014.8607385453,0
ETL,D,20161019,000000,7.76304,7.76794,7.39557,7.76794,6826.3340791574,0
ETL,D,20161021,000000,7.5325,7.67292,7.5325,7.67292,333.51558826665,0
ETL,D,20161027,000000,7.67292,8.16753,7.67292,7.81544,5450.7612022293,0
ETL,D,20161028,000000,8.00824,8.00824,7.81544,7.81544,1265.3552790889,0
ETL,D,20161031,000000,7.97964,8.21505,7.97964,8.21505,6374.0125088044,0
ETL,D,20161103,000000,8.19129,8.19129,8.19129,8.19129,128.82576370815,0
ETL,D,20161104,000000,8.16338,8.16753,8.16338,8.16753,423.69362286236,0
ETL,D,20161107,000000,8.19129,8.19129,8.19129,8.19129,803.01392711413,0
ETL,D,20161108,000000,8.21505,8.23811,8.21505,8.23811,1594.576675232,0
ETL,D,20161109,000000,8.00339,8.19129,8.00339,8.19129,1074.9794282758,0
ETL,D,20161110,000000,8.22904,8.22904,8.22904,8.22904,4.294192123605,0
ETL,D,20161114,000000,8.23811,8.26186,8.23811,8.26186,1059.2340571559,0
ETL,D,20161115,000000,8.47352,8.85009,8.37989,8.85009,6302.4426400776,0
ETL,D,20161116,000000,8.85009,8.86963,8.6622,8.6908,928.97689607321,0
ETL,D,20161117,000000,8.47845,8.56786,8.47845,8.56786,416.53663598968,0
ETL,D,20161121,000000,8.80328,8.80328,8.7327,8.80328,151.72812170071,0
ETL,D,20161122,000000,8.77951,8.77951,8.75575,8.75575,518.16584958167,0
ETL,D,20161123,000000,8.52104,8.75575,8.4267,8.75575,1079.2736203994,0
ETL,D,20161128,000000,8.63422,8.63422,8.63422,8.63422,553.95078394504,0
ETL,D,20161129,000000,8.78443,8.78443,8.78443,8.78443,2293.0985940051,0
ETL,D,20161130,000000,8.79421,8.82704,8.79421,8.80328,2755.4399459799,0
ETL,D,20161201,000000,8.54965,8.75161,8.52104,8.74739,3243.5464506963,0
ETL,D,20161207,000000,8.47352,8.85009,8.47352,8.85009,43578.893067718,0
ETL,D,20161208,000000,8.85009,8.93951,8.75161,8.93951,9100.8245072935,0
ETL,D,20161209,000000,8.80328,8.93951,8.6908,8.93951,808.73951661227,0
ETL,D,20161212,000000,8.47352,8.82704,8.47352,8.82704,197.53283768583,0
ETL,D,20161213,000000,8.62515,8.82704,8.56786,8.82704,33988.530658334,0
ETL,D,20161214,000000,8.68588,8.82704,8.57763,8.68103,2023.9958875925,0
ETL,D,20161215,000000,8.68103,8.82211,8.68103,8.82211,233.3177720492,0
ETL,D,20161216,000000,8.70894,8.70894,8.70894,8.70894,616.93226842458,0
ETL,D,20161219,000000,8.82211,8.82211,8.6908,8.6908,299.16205127781,0
ETL,D,20161220,000000,8.7048,8.7048,8.68588,8.68588,984.80139368008,0
ETL,D,20161221,000000,8.79913,8.89761,8.77537,8.89761,2360.3742706082,0
ETL,D,20161222,000000,8.69987,8.80328,8.69987,8.80328,293.43646177967,0
ETL,D,20161228,000000,8.80328,8.80328,8.80328,8.80328,2125.6251011845,0
ETL,D,20161229,000000,8.80328,8.85009,8.68588,8.85009,2679.5758851295,0
ETL,D,20161230,000000,8.80328,8.93951,8.80328,8.93951,2762.5969328525,0
ETL,D,20170102,000000,8.93951,8.94443,8.93114,8.94443,2314.5695546231,0
ETL,D,20170103,000000,8.82211,8.94443,8.82211,8.94443,1998.2307348509,0
ETL,D,20170104,000000,8.94443,8.99125,8.94443,8.99125,594.02991043202,0
ETL,D,20170105,000000,8.94443,8.99125,8.94443,8.99125,541.06820757423,0
ETL,D,20170109,000000,9.35933,9.35933,9.34468,9.35451,423.69362286236,0
ETL,D,20170110,000000,9.32166,9.3496,9.32166,9.3496,104.49200834105,0
ETL,D,20170111,000000,9.3496,9.45851,9.3496,9.45851,7272.9300600123,0
ETL,D,20170112,000000,9.45851,9.51029,9.41593,9.41593,677.05095815505,0
ETL,D,20170113,000000,9.41111,9.41111,9.41111,9.41111,80.15825297396,0
ETL,D,20170116,000000,9.41593,9.41593,9.41593,9.41593,11.45117899628,0
ETL,D,20170117,000000,9.19382,9.41111,9.19382,9.41111,246.20034842002,0
ETL,D,20170118,000000,9.41111,9.51029,9.41111,9.51029,1095.0189915193,0
ETL,D,20170119,000000,9.2274,9.50537,9.20428,9.20428,543.9310023233,0
ETL,D,20170120,000000,9.41593,9.50537,9.41593,9.50537,217.57240092932,0
ETL,D,20170123,000000,9.50537,9.7778,9.50537,9.76879,20016.660885497,0
ETL,D,20170124,000000,9.76879,9.83867,9.55642,9.78763,669.89397128238,0
ETL,D,20170125,000000,9.78763,10,9.78763,9.98044,692.79632927494,0
ETL,D,20170126,000000,9.98044,10.0182,9.98044,10.0182,251.92593791816,0
ETL,D,20170127,000000,10.0084,10.0084,10.0084,10.0084,64.412881854075,0
ETL,D,20170130,000000,9.97625,10.0182,9.79254,10.0182,677.05095815505,0
ETL,D,20170131,000000,9.88617,10.357,9.88617,10.357,4246.9560102453,0
ETL,D,20170201,000000,10.3102,11.0116,10.1363,10.8237,1478.6334878947,0
ETL,D,20170202,000000,10.8279,10.8279,10.8279,10.8279,250.49454054362,0
ETL,D,20170203,000000,10.7573,10.7573,10.362,10.6867,1442.8485535313,0
ETL,D,20170206,000000,10.4136,10.6344,10.4136,10.6344,561.10777081772,0
ETL,D,20170207,000000,10.6344,10.6392,10.5875,10.5875,811.60231136134,0
ETL,D,20170208,000000,10.7573,10.7573,9.69818,10.3054,2257.3136596417,0
ETL,D,20170209,000000,10.3102,10.6114,10.0419,10.6114,1806.4234866632,0
ETL,D,20170210,000000,10.1265,10.5645,10.0748,10.5645,10693.969785151,0
ETL,D,20170216,000000,10.5645,10.5833,10.5645,10.5833,470.92973622201,0
ETL,D,20170220,000000,10.5457,10.5457,10.5457,10.5457,21.470960618025,0
ETL,D,20170221,000000,10.5931,10.6064,10.1265,10.6064,1229.5703447256,0
ETL,D,20170222,000000,10.6392,10.6392,10.6344,10.6344,264.80851428897,0
ETL,D,20170223,000000,10.6344,10.6344,10.6344,10.6344,4.294192123605,0
ETL,D,20170224,000000,10.6344,10.6344,10.6302,10.6302,360.71213838282,0
ETL,D,20170227,000000,10.6344,10.6344,10.2627,10.6302,528.18563120341,0
ETL,D,20170228,000000,10.2963,10.7573,10.2963,10.7573,2278.7846202597,0
ETL,D,20170301,000000,10.7573,10.7573,10.7573,10.7573,11.45117899628,0
ETL,D,20170302,000000,10.4087,10.7573,10.4038,10.626,1574.5371119885,0
ETL,D,20170303,000000,10.3857,10.4939,10.3857,10.4939,121.66877683547,0
ETL,D,20170306,000000,10.4939,10.5457,10.4744,10.5457,2078.3889878248,0
ETL,D,20170307,000000,10.2159,10.5457,9.88617,10.5457,2260.1764543908,0
ETL,D,20170308,000000,10.5219,10.5219,10.5219,10.5219,213.27820880571,0
ETL,D,20170309,000000,10.1265,10.4982,10.1265,10.357,489.53790209097,0
ETL,D,20170310,000000,10.362,10.362,10.357,10.357,296.29925652874,0
ETL,D,20170313,000000,10.3521,10.3521,10.1216,10.2389,1614.6162384755,0
ETL,D,20170314,000000,10.3102,10.3102,9.98044,10.2627,130.25716108268,0
ETL,D,20170315,000000,9.98044,10.0978,9.89027,10.0978,193.23864556222,0
ETL,D,20170316,000000,9.98044,10.3102,9.93294,10.3102,3236.3894638236,0
ETL,D,20170317,000000,10.348,10.348,10.348,10.348,113.08039258826,0
ETL,D,20170320,000000,10.348,10.4982,10.348,10.4982,3047.445010385,0
ETL,D,20170321,000000,10.4939,10.4939,10.4939,10.4939,203.25842718397,0
ETL,D,20170323,000000,10.3332,10.3332,10.3102,10.3102,946.15366456763,0
ETL,D,20170324,000000,10.3102,10.3102,10.3102,10.3102,200.3956324349,0
ETL,D,20170328,000000,10.3102,10.3102,10.3102,10.3102,3217.7812979547,0
ETL,D,20170329,000000,10.3102,10.357,10.3102,10.357,506.71467058539,0
ETL,D,20170330,000000,10.357,10.4982,10.357,10.4744,619.79506317365,0
ETL,D,20170331,000000,10.4982,10.4982,10.357,10.4744,1447.1427456549,0
ETL,D,20170403,000000,10.4506,10.4506,10.4506,10.4506,1345.5135320629,0
ETL,D,20170404,000000,10.4506,10.4506,10.4506,10.4506,21.470960618025,0
ETL,D,20170405,000000,10.357,10.4506,10.357,10.4506,224.72938780199,0
ETL,D,20170406,000000,10.357,10.4276,10.1963,10.4276,2427.6499472114,0
ETL,D,20170407,000000,10.4276,10.4276,10.4276,10.4276,227.59218255106,0
ETL,D,20170410,000000,10.4464,10.4464,10.3947,10.3947,506.71467058539,0
ETL,D,20170412,000000,10.357,10.357,10.357,10.357,191.80724818769,0
ETL,D,20170413,000000,10.357,10.357,10.357,10.357,12418.803621466,0
ETL,D,20170418,000000,10.3102,10.357,10.3102,10.357,224.72938780199,0
ETL,D,20170419,000000,10.357,10.357,10.357,10.357,4.294192123605,0
ETL,D,20170420,000000,10.357,10.4276,10.357,10.4276,9713.4625835945,0
ETL,D,20170421,000000,10.4276,10.5931,10.357,10.4898,4480.2737822945,0
ETL,D,20170424,000000,10.4087,10.649,10.4087,10.4982,6311.0310243248,0
ETL,D,20170425,000000,10.4744,10.7336,10.4744,10.5931,984.80139368008,0
ETL,D,20170426,000000,10.4744,10.7336,10.4744,10.6867,3213.4871058311,0
ETL,D,20170427,000000,10.7385,10.7385,10.7245,10.7245,2559.3385056686,0
ETL,D,20170428,000000,10.6867,10.8279,10.6867,10.6867,4382.9387608262,0
ETL,D,20170502,000000,10.8279,10.8279,10.4793,10.8181,3275.0371929361,0
ETL,D,20170504,000000,10.8181,10.8181,10.4506,10.626,11037.505155039,0
ETL,D,20170505,000000,10.4556,10.5931,10.3332,10.4464,8387.9886147751,0
ETL,D,20170508,000000,10.4464,10.4744,10.357,10.4506,9208.1793103836,0
ETL,D,20170509,000000,10.357,10.4464,10.3521,10.4227,1524.4382038798,0
ETL,D,20170510,000000,10.5267,10.5267,10.357,10.4276,3572.7678468394,0
ETL,D,20170511,000000,10.4939,10.503,10.348,10.503,1922.3666740005,0
ETL,D,20170512,000000,10.4982,10.4982,10.357,10.4939,1986.7795558546,0
ETL,D,20170515,000000,10.4506,10.4506,10.357,10.4038,5536.6450447014,0
ETL,D,20170516,000000,10.4373,10.4373,10.3332,10.357,1540.1835749997,0
ETL,D,20170517,000000,10.357,10.4276,10.3332,10.3332,3024.5426523925,0
ETL,D,20170518,000000,10.4464,10.4464,10.3151,10.3668,3232.0952717,0
ETL,D,20170519,000000,10.3996,10.3996,10.357,10.3905,3559.8852704685,0
ETL,D,20170522,000000,10.3996,10.4423,10.357,10.4423,3176.2707740932,0
ETL,D,20170523,000000,10.4373,10.4373,10.357,10.3905,2347.4916942374,0
ETL,D,20170524,000000,10.357,10.357,10.357,10.357,3657.2202919369,0
ETL,D,20170525,000000,10.357,10.3801,10.343,10.3801,6240.8925529726,0
ETL,D,20170526,000000,10.357,10.3801,10.357,10.3801,3412.4513408914,0
ETL,D,20170529,000000,10.3801,10.4038,10.357,10.4038,9402.8493533204,0
ETL,D,20170530,000000,10.4373,10.4373,10.357,10.4276,25594.816454061,0
ETL,D,20170531,000000,10.4276,10.4506,10.357,10.357,10935.875941447,0
ETL,D,20170601,000000,10.357,10.4506,10.3521,10.4506,9253.9840263688,0
ETL,D,20170602,000000,10.4506,10.5785,10.4506,10.4506,17757.915828482,0
ETL,D,20170605,000000,10.6162,10.8279,10.5457,10.626,7868.3913678189,0
ETL,D,20170606,000000,10.8328,10.9788,10.7811,10.9788,5708.4127296456,0
ETL,D,20170607,000000,11.0542,11.0633,10.8328,11.0165,6521.4464383815,0
ETL,D,20170608,000000,10.8279,11.1577,10.8279,11.1577,5009.8908108725,0
ETL,D,20170609,000000,11.2003,11.2512,11.2003,11.2094,8679.9936791802,0
ETL,D,20170612,000000,11.2792,11.2792,11.1814,11.2275,26603.951603108,0
ETL,D,20170613,000000,11.7654,11.7654,11.4328,11.4532,28157.017754478,0
ETL,D,20170614,000000,11.4532,11.4532,11.2079,11.4071,5088.6176664719,0
ETL,D,20170616,000000,11.2128,11.2128,10.7427,11.1722,2914.3250545533,0
ETL,D,20170619,000000,10.8956,11.2128,10.8956,11.2024,2974.4437442837,0
ETL,D,20170620,000000,10.8035,11.2024,10.8035,11.2024,659.87418966063,0
ETL,D,20170621,000000,11.2024,11.2079,10.8083,11.2079,197.53283768583,0
ETL,D,20170623,000000,10.9005,11.0186,10.8188,11.0186,940.42807506949,0
ETL,D,20170626,000000,11.0235,11.0235,10.7167,10.8188,1510.1242301344,0
ETL,D,20170627,000000,10.691,10.7427,10.4863,10.7427,3136.1916476062,0
ETL,D,20170628,000000,10.8293,10.9976,10.8188,10.9976,3482.5898122437,0
ETL,D,20170629,000000,10.9927,10.9976,10.8447,10.9927,3720.2017764165,0
ETL,D,20170630,000000,10.9927,10.9976,10.9418,10.9418,3837.5763611283,0
ETL,D,20170703,000000,10.9215,10.9215,10.9005,10.9215,2655.2421297624,0
ETL,D,20170704,000000,10.8447,10.9467,10.8447,10.8956,4027.9522119415,0
ETL,D,20170705,000000,10.9976,10.9976,10.9215,10.9467,2121.3309090609,0
ETL,D,20170706,000000,10.9467,10.9976,10.9467,10.9467,210.41541405664,0
ETL,D,20170707,000000,10.9467,10.9467,10.7727,10.9418,592.59851305749,0
ETL,D,20170710,000000,10.7427,10.8447,10.6392,10.8447,4133.8756176571,0
ETL,D,20170711,000000,10.8447,10.9927,10.8447,10.9725,1006.2723542981,0
ETL,D,20170712,000000,10.7427,10.9418,10.6658,10.9418,525.32283645434,0
ETL,D,20170713,000000,10.7427,10.9418,10.6609,10.7427,10254.530791169,0
ETL,D,20170714,000000,10.7427,10.7427,10.5938,10.7427,1779.226936547,0
ETL,D,20170717,000000,10.7427,10.9005,10.7427,10.9005,784.40576124518,0
ETL,D,20170718,000000,10.9005,10.9005,10.7427,10.7427,363.57493313189,0
ETL,D,20170719,000000,10.7427,10.8391,10.7427,10.8391,1348.376326812,0
ETL,D,20170720,000000,10.8391,10.8391,10.8237,10.8237,699.95331614761,0
ETL,D,20170721,000000,10.7524,10.7936,10.7524,10.7936,717.13008464203,0
ETL,D,20170724,000000,10.8391,10.8391,10.8391,10.8391,379.32030425177,0
ETL,D,20170725,000000,10.8391,10.8391,10.7782,10.8188,1070.6852361522,0
ETL,D,20170726,000000,10.8188,10.8188,10.8188,10.8188,594.02991043202,0
ETL,D,20170728,000000,10.8188,10.8188,10.7671,10.8188,180.35606919141,0
ETL,D,20170731,000000,10.8188,10.8391,10.8188,10.8341,1689.0489019513,0
ETL,D,20170801,000000,10.7936,10.8341,10.7936,10.8341,279.12248803432,0
ETL,D,20170802,000000,10.8341,10.8341,10.8341,10.8341,22.90235799256,0
ETL,D,20170803,000000,10.7936,10.7936,10.7621,10.7621,516.73445220713,0
ETL,D,20170804,000000,10.7427,10.7427,10.4863,10.4863,3166.2509924714,0
ETL,D,20170807,000000,10.4863,10.7427,10.4863,10.4961,1352.6705189356,0
ETL,D,20170808,000000,10.6392,10.8447,10.6141,10.8447,6172.1854789949,0
ETL,D,20170809,000000,10.8698,10.9976,10.8698,10.9976,6973.7680087345,0
ETL,D,20170810,000000,10.9976,11.0025,10.9976,10.9976,446.59598085492,0
ETL,D,20170811,000000,10.9976,10.9976,10.9976,10.9976,97.33502146838,0
ETL,D,20170814,000000,11.1004,11.1004,11.1004,11.1004,194.67004293676,0
ETL,D,20170816,000000,11.0745,11.1004,11.0745,11.1004,194.67004293676,0
ETL,D,20170817,000000,11.1004,11.1004,11.1004,11.1004,150.29672432617,0
ETL,D,20170818,000000,11.0493,11.0493,10.983,10.983,104.49200834105,0
ETL,D,20170821,000000,10.983,10.983,10.983,10.983,324.92720401944,0
ETL,D,20170823,000000,10.8956,11.0438,10.8956,10.8956,148.86532695164,0
ETL,D,20170824,000000,10.8188,10.8956,10.8188,10.8956,200.3956324349,0
ETL,D,20170825,000000,10.8956,10.8956,10.7427,10.7427,292.00506440514,0
ETL,D,20170828,000000,10.8956,10.8956,10.4863,10.4863,7073.965824952,0
ETL,D,20170829,000000,10.4863,10.5372,10.3996,10.5372,1120.7841442609,0
ETL,D,20170830,000000,10.5372,10.8188,10.5372,10.8188,1558.7917408686,0
ETL,D,20170831,000000,10.9215,10.9215,10.4863,10.4863,13804.396280015,0
ETL,D,20170901,000000,10.4863,10.7427,10.4863,10.7427,329.22139614305,0
ETL,D,20170904,000000,10.7427,10.7427,9.82111,10.7427,5618.2346950499,0
ETL,D,20170905,000000,10.691,10.691,10.691,10.691,194.67004293676,0
ETL,D,20170906,000000,10.3332,10.6141,10.2823,10.5994,3333.724485292,0
ETL,D,20170907,000000,10.5994,10.691,10.4863,10.4863,2816.9900330849,0
ETL,D,20170908,000000,10.691,10.691,10.5072,10.5072,539.63681019969,0
ETL,D,20170911,000000,10.4095,10.4611,10.1789,10.4611,3114.7206869882,0
ETL,D,20170912,000000,10.5372,10.5372,10.2103,10.4304,10394.807733873,0
ETL,D,20170913,000000,10.4095,10.4095,10.174,10.3843,3043.1508182614,0
ETL,D,20170914,000000,10.4813,10.4813,10.4095,10.4095,379.32030425177,0
ETL,D,20170915,000000,10.4813,10.5372,10.4813,10.5372,429.4192123605,0
ETL,D,20170918,000000,10.5372,10.6658,10.4863,10.6609,5963.2014623128,0
ETL,D,20170919,000000,10.6609,10.6609,10.5994,10.6553,3051.7392025086,0
ETL,D,20170920,000000,10.589,10.589,10.517,10.5833,914.66292232786,0
ETL,D,20170921,000000,10.5681,10.5681,10.517,10.517,754.34641637994,0
ETL,D,20170922,000000,10.517,10.517,10.4863,10.4863,455.18436510213,0
ETL,D,20170925,000000,10.3891,10.4667,10.2306,10.4667,11184.939084616,0
ETL,D,20170926,000000,10.2871,10.4667,10.1789,10.2306,1700.5000809476,0
ETL,D,20170927,000000,10.2306,10.4143,10.2306,10.4143,751.48362163087,0
ETL,D,20170928,000000,10.4045,10.4045,10.2459,10.3536,1817.8746656594,0
ETL,D,20170929,000000,10.3786,10.3786,10.2306,10.3738,3912.0090246042,0
ETL,D,20171002,000000,10.3738,10.3843,10.3738,10.3843,462.3413519748,0
ETL,D,20171003,000000,10.3786,10.3786,10.1901,10.3486,6046.2225100358,0
ETL,D,20171004,000000,10.3486,10.3891,10.2103,10.2306,5958.9072701892,0
ETL,D,20171005,000000,10.2306,10.3075,10.0258,10.2306,4335.7026474665,0
ETL,D,20171006,000000,10.2306,10.2306,10.1278,10.1278,4433.0376689349,0
ETL,D,20171009,000000,10.0461,10.2306,10.0258,10.2152,4958.3605053892,0
ETL,D,20171010,000000,10.22,10.22,9.97971,10.0776,4669.2182357332,0
ETL,D,20171011,000000,10.1439,10.1439,9.97489,10.0517,13648.373966191,0
ETL,D,20171012,000000,10.0258,10.2103,10.0258,10.2103,566.83336031586,0
ETL,D,20171013,000000,10.2005,10.2103,10.0776,10.1901,7612.1712377771,0
ETL,D,20171016,000000,10.3227,10.3227,10.1278,10.2766,1183.7656287404,0
ETL,D,20171017,000000,10.2718,10.3018,10.1278,10.2055,2832.7354042048,0
ETL,D,20171018,000000,10.1544,10.1544,9.96515,9.96515,7490.5024609417,0
ETL,D,20171019,000000,9.88335,9.94905,9.82675,9.83167,28208.548059961,0
ETL,D,20171020,000000,9.83167,10.1278,9.82111,10.1278,5161.6189325732,0
ETL,D,20171023,000000,10.0517,10.1544,10.0517,10.0776,1076.4108256503,0
ETL,D,20171024,000000,10.0258,10.0566,9.85678,10.021,2701.0468457475,0
ETL,D,20171025,000000,10.0112,10.0112,9.97489,10.0112,2845.6179805756,0
ETL,D,20171026,000000,10.0056,10.0112,9.83722,10.0112,996.25257267636,0
ETL,D,20171027,000000,9.96997,9.97489,9.96997,9.97489,7025.2983142178,0
ETL,D,20171030,000000,10.0161,10.0258,9.97489,9.97489,3516.9433492325,0
ETL,D,20171031,000000,10.2306,10.2823,10.1278,10.2257,12790.966938845,0
ETL,D,20171102,000000,10.2306,10.589,10.2306,10.2921,14520.094967283,0
ETL,D,20171103,000000,10.5581,10.5581,10.2306,10.2306,22447.173627458,0
ETL,D,20171106,000000,10.3786,10.5581,10.2823,10.5581,2812.6958409613,0
ETL,D,20171107,000000,10.5372,10.8698,10.445,10.6658,45892.031224967,0
ETL,D,20171108,000000,10.7887,10.7887,10.3381,10.3381,15756.822298882,0
ETL,D,20171109,000000,10.3786,10.4611,10.3786,10.4611,2051.1924377087,0
ETL,D,20171110,000000,10.5581,10.5581,10.3584,10.3584,4557.5692405194,0
ETL,D,20171113,000000,10.3843,10.4961,10.3843,10.4716,8960.5475645891,0
ETL,D,20171114,000000,10.4716,10.4716,10.3633,10.4611,1676.1663255805,0
ETL,D,20171115,000000,10.445,10.4549,10.343,10.343,4546.1180615232,0
ETL,D,20171116,000000,10.6449,10.8956,10.6449,10.691,84870.413130929,0
ETL,D,20171117,000000,10.8391,10.983,10.691,10.8391,21263.407998717,0
ETL,D,20171120,000000,11.0493,11.1513,11.0438,11.0947,5487.9775339672,0
ETL,D,20171121,000000,11.1059,11.2785,11.1059,11.2785,13916.045275229,0
ETL,D,20171122,000000,11.2785,11.7137,11.2785,11.7137,15971.531905062,0
ETL,D,20171123,000000,11.7088,11.7088,11.4071,11.6173,3315.1163194231,0
ETL,D,20171124,000000,11.5146,11.6068,11.458,11.5607,6481.3673118945,0
ETL,D,20171127,000000,11.5607,11.7137,11.5607,11.7137,2602.2804269046,0
ETL,D,20171128,000000,11.7088,11.8422,11.7088,11.7654,14593.096233384,0
ETL,D,20171129,000000,11.8115,11.8667,11.7654,11.8667,15655.193085289,0
ETL,D,20171130,000000,11.8667,11.8667,10.9976,11.5551,20991.442497556,0
ETL,D,20171201,000000,11.7654,11.7654,11.3148,11.7137,1199.5109998603,0
ETL,D,20171204,000000,11.5091,11.6837,11.3553,11.6677,3297.9395509286,0
ETL,D,20171205,000000,11.6677,11.7606,11.6627,11.7396,3129.0346607335,0
ETL,D,20171206,000000,11.7549,11.7654,11.6117,11.7654,12868.26239707,0
ETL,D,20171207,000000,11.7654,11.7654,11.6173,11.7654,7320.166173372,0
ETL,D,20171208,000000,11.4175,12.0163,11.4175,11.806,5014.1850029961,0
ETL,D,20171211,000000,11.8165,11.9646,11.8165,11.908,14776.315097325,0
ETL,D,20171212,000000,11.9442,12.0826,11.9289,12.0462,9893.8186527859,0
ETL,D,20171213,000000,12.0728,12.0728,11.8115,12.0728,6415.5230326659,0
ETL,D,20171214,000000,12.0728,12.0728,11.6117,11.7654,12383.018687102,0
ETL,D,20171215,000000,12.0462,12.0462,11.7703,12.0163,1070.6852361522,0
ETL,D,20171218,000000,12.0163,12.0163,11.7962,11.9442,1305.4344055759,0
ETL,D,20171219,000000,11.9701,11.9701,11.7906,11.9701,5526.6252630796,0
ETL,D,20171220,000000,11.9701,11.9701,11.8165,11.8317,1060.6654545304,0
ETL,D,20171221,000000,11.8317,11.8619,11.7654,11.8569,7175.595038544,0
ETL,D,20171222,000000,11.7137,11.852,11.7137,11.852,166.04209544606,0
ETL,D,20171227,000000,11.7193,11.9192,11.7137,11.7396,4879.6336497898,0
ETL,D,20171228,000000,11.7654,12.0462,11.7654,11.7654,1226.7075499765,0
ETL,D,20171229,000000,11.7751,12.0568,11.7751,12.0568,3050.3078051341,0
ETL,D,20180103,000000,12.0728,12.3788,12.0212,12.0212,6746.1758261835,0
ETL,D,20180104,000000,12.0212,12.0212,11.9192,11.9192,3814.6740031358,0
ETL,D,20180105,000000,12.0212,12.0212,11.9192,11.9701,3030.2682418906,0
ETL,D,20180108,000000,11.9701,12.0212,11.8165,11.9701,8236.2604930744,0
ETL,D,20180109,000000,12.0212,12.0212,11.8165,11.9701,5476.5263549709,0
ETL,D,20180110,000000,11.8667,11.9701,11.7654,11.8667,1633.2244043444,0
ETL,D,20180111,000000,11.9192,11.9701,11.7654,11.9701,3008.7972812726,0
ETL,D,20180112,000000,11.9701,11.9701,11.7654,11.9192,4122.4244386608,0
ETL,D,20180115,000000,12.0212,12.0212,11.8165,11.8667,1471.476501022,0
ETL,D,20180116,000000,11.9701,12.0728,11.9701,12.0212,8687.1506660529,0
ETL,D,20180117,000000,11.9192,12.0728,11.9192,12.0728,13966.144183338,0
ETL,D,20180118,000000,12.1232,12.1741,11.9192,12.1232,14281.051605735,0
ETL,D,20180119,000000,12.0728,12.0728,11.9192,11.9192,2122.7623064354,0
ETL,D,20180122,000000,11.9192,11.9192,11.9192,11.9192,904.64314070612,0
ETL,D,20180123,000000,11.9192,12.0212,11.9192,11.9192,2081.2517825739,0
ETL,D,20180124,000000,12.0728,12.0728,11.8667,11.9701,1276.8064580852,0
ETL,D,20180125,000000,11.9701,11.9701,11.9192,11.9701,214.70960618025,0
ETL,D,20180126,000000,11.9701,11.9701,11.8165,11.9192,16389.499938426,0
ETL,D,20180129,000000,11.8667,11.8667,11.8165,11.8165,774.38597962343,0
ETL,D,20180130,000000,11.8165,11.9701,11.7654,11.9701,553.95078394504,0
ETL,D,20180131,000000,11.8165,11.9192,11.8165,11.9192,1322.6111740703,0
ETL,D,20180201,000000,11.9192,11.9192,11.7654,11.9192,1973.8969794838,0
ETL,D,20180202,000000,11.9192,11.9192,11.7654,11.9192,833.07327197937,0
ETL,D,20180205,000000,11.8667,11.9701,11.8165,11.8165,2328.8835283684,0
ETL,D,20180206,000000,11.6117,11.8165,11.5091,11.8165,71323.66837833,0
ETL,D,20180207,000000,11.8165,12.0212,11.7654,11.8667,3212.0557084565,0
ETL,D,20180208,000000,11.9701,11.9701,11.7137,11.8667,1829.3258446557,0
ETL,D,20180209,000000,11.5607,11.8165,11.5607,11.8165,206.12122193304,0
ETL,D,20180212,000000,11.8165,11.8165,11.7137,11.8165,933.27108819682,0
ETL,D,20180213,000000,11.7654,11.8165,11.7654,11.8165,561.10777081772,0
ETL,D,20180214,000000,11.7654,11.8165,11.5607,11.8165,784.40576124518,0
ETL,D,20180215,000000,11.8165,11.8165,11.7137,11.8165,229.0235799256,0
ETL,D,20180216,000000,11.8165,11.8165,11.8165,11.8165,313.47602502316,0
ETL,D,20180219,000000,11.8165,11.9701,11.8165,11.9701,1923.798071375,0
ETL,D,20180220,000000,11.9192,11.9192,11.8165,11.8667,589.73571830842,0
ETL,D,20180221,000000,11.8165,11.9701,11.7654,11.9701,7444.6977449565,0
ETL,D,20180222,000000,11.9701,12.1232,11.8667,12.1232,1739.14781006,0
ETL,D,20180223,000000,12.1232,12.1232,11.9701,12.1232,3163.3881977223,0
ETL,D,20180226,000000,12.1232,12.1232,12.1232,12.1232,400.7912648698,0
ETL,D,20180227,000000,12.1741,12.3788,12.1741,12.3788,5533.7822499523,0
ETL,D,20180228,000000,12.6345,12.7889,12.3278,12.6855,8124.6114978607,0
ETL,D,20180301,000000,12.4305,12.7372,12.4305,12.5842,4435.900463684,0
ETL,D,20180302,000000,12.7372,12.7372,12.6855,12.7372,824.48488773216,0
ETL,D,20180305,000000,12.7372,12.7372,12.6855,12.6855,1014.8607385453,0
ETL,D,20180306,000000,12.7372,12.7889,12.6855,12.7372,5502.2915077125,0
ETL,D,20180307,000000,12.7889,13.1458,12.7889,13.1458,1275.3750607107,0
ETL,D,20180308,000000,13.0956,13.0956,12.9929,12.9929,360.71213838282,0
ETL,D,20180309,000000,13.0438,13.0438,12.8902,13.0438,148.86532695164,0
ETL,D,20180312,000000,13.1458,13.1458,13.0438,13.0438,984.80139368008,0
ETL,D,20180313,000000,13.0438,13.0438,12.7372,12.9929,1145.117899628,0
ETL,D,20180314,000000,12.9929,12.9929,12.3278,12.7889,2111.3111274391,0
ETL,D,20180315,000000,12.8398,12.9929,12.7889,12.7889,1239.5901263473,0
ETL,D,20180316,000000,12.7889,12.8398,12.6345,12.8398,1487.2218721419,0
ETL,D,20180319,000000,12.8398,12.8398,12.5842,12.8398,1024.8805201671,0
ETL,D,20180320,000000,12.8398,12.8398,12.5842,12.7889,436.57619923317,0
ETL,D,20180321,000000,12.7889,12.7889,12.5842,12.7372,475.22392834562,0
ETL,D,20180322,000000,12.6855,12.7372,12.6855,12.7372,115.94318733733,0
ETL,D,20180323,000000,12.7372,12.8398,12.4815,12.7889,1377.0042743027,0
ETL,D,20180326,000000,12.8398,12.8398,12.6345,12.6345,684.20794502773,0
ETL,D,20180327,000000,12.8398,12.8398,12.7372,12.7372,320.63301189584,0
ETL,D,20180328,000000,12.5325,12.5325,12.5325,12.5325,1100.7445810174,0
ETL,D,20180329,000000,12.7372,12.7372,12.5325,12.6855,273.39689853618,0
ETL,D,20180403,000000,12.4815,12.7372,12.2768,12.6855,498.12628633818,0
ETL,D,20180404,000000,12.6855,12.6855,12.4815,12.4815,264.80851428897,0
ETL,D,20180405,000000,12.6855,12.7889,12.5325,12.5325,3851.8903348737,0
ETL,D,20180406,000000,12.5325,12.6855,12.3788,12.6855,360.71213838282,0
ETL,D,20180409,000000,12.7889,12.7889,12.4305,12.4305,907.50593545519,0
ETL,D,20180410,000000,12.4815,12.5842,12.1741,12.2768,3491.1781964909,0
ETL,D,20180411,000000,12.2258,12.2258,12.1741,12.2258,890.32916696077,0
ETL,D,20180412,000000,12.3788,12.3788,12.1741,12.1741,300.59344865235,0
ETL,D,20180413,000000,12.2768,12.2768,12.2258,12.2768,2550.7501214214,0
ETL,D,20180416,000000,12.2768,12.2768,12.2258,12.2768,1079.2736203994,0
ETL,D,20180417,000000,12.2768,12.2768,12.1741,12.2768,1209.5307814821,0
ETL,D,20180418,000000,12.2768,12.2768,12.2768,12.2768,97.33502146838,0
ETL,D,20180419,000000,12.1232,12.2768,12.0728,12.2768,1256.7668948417,0
ETL,D,20180420,000000,12.2768,12.5325,12.1741,12.5325,8466.7154703745,0
ETL,D,20180423,000000,12.5325,12.5325,12.5325,12.5325,11.45117899628,0
ETL,D,20180424,000000,12.4815,12.5842,12.3278,12.5842,3631.4551391953,0
ETL,D,20180425,000000,12.4305,12.8902,12.3788,12.8902,11016.034194421,0
ETL,D,20180426,000000,12.7889,12.9929,12.5325,12.9929,13427.938770513,0
ETL,D,20180427,000000,12.5325,12.8902,12.2258,12.8902,36738.245014816,0
ETL,D,20180430,000000,12.7889,13.1458,12.7372,13.0438,13654.099555689,0
ETL,D,20180502,000000,13.0956,13.0956,12.6855,12.7889,8518.2457758578,0
ETL,D,20180504,000000,12.7889,12.7889,12.6855,12.7372,1312.5913924486,0
ETL,D,20180507,000000,12.5842,12.6345,12.3278,12.3278,3934.9113825967,0
ETL,D,20180508,000000,12.5325,12.5325,12.2768,12.2768,558.24497606865,0
ETL,D,20180509,000000,12.3788,12.3788,12.2258,12.3788,2839.8923910774,0
ETL,D,20180510,000000,12.3788,12.3788,12.3788,12.3788,1928.0922634986,0
ETL,D,20180511,000000,12.3788,12.3788,12.2768,12.3788,2128.4878959335,0
ETL,D,20180514,000000,12.3788,12.3788,11.9701,12.0212,10432.024065611,0
ETL,D,20180515,000000,12.1741,12.1741,11.8165,12.0212,20952.794768444,0
ETL,D,20180516,000000,11.9192,12.0212,11.7654,11.9192,1027.7433149161,0
ETL,D,20180517,000000,11.7654,11.9701,11.6117,11.9701,2039.7412587124,0
ETL,D,20180518,000000,11.9192,11.9192,11.4071,11.6117,17908.212552808,0
ETL,D,20180521,000000,11.6627,11.7654,11.5091,11.7654,12448.862966331,0
ETL,D,20180522,000000,11.8165,11.8165,11.458,11.6627,9122.2954679115,0
ETL,D,20180523,000000,11.6627,11.6627,11.458,11.6117,2413.335973466,0
ETL,D,20180524,000000,11.5607,11.5607,11.254,11.458,8491.0492257416,0
ETL,D,20180525,000000,11.458,11.5091,11.254,11.3553,3358.0582406591,0
ETL,D,20180528,000000,11.3051,11.4071,11.254,11.4071,3728.7901606637,0
ETL,D,20180529,000000,11.4071,11.4071,9.92384,11.0493,49547.820119529,0
ETL,D,20180530,000000,11.0493,11.0493,10.3843,10.9976,10439.181052484,0
ETL,D,20180601,000000,11.0493,11.9192,11.0493,11.7654,10167.215551322,0
ETL,D,20180604,000000,11.8165,12.2258,11.7654,12.2258,4925.4383657749,0
ETL,D,20180605,000000,12.4815,12.4815,12.0728,12.2258,9430.0459034366,0
ETL,D,20180606,000000,12.3949,12.3949,12.0568,12.1692,3247.8406428199,0
ETL,D,20180607,000000,12.1692,12.2258,12.1133,12.1133,589.73571830842,0
ETL,D,20180608,000000,12.2258,12.2258,11.8877,12.0568,1024.8805201671,0
ETL,D,20180611,000000,11.8877,12.0568,11.662,11.662,2328.8835283684,0
ETL,D,20180612,000000,11.8317,11.8317,11.493,11.6062,2430.5127419604,0
ETL,D,20180613,000000,11.5496,11.5496,11.2673,11.493,2608.0060164028,0
ETL,D,20180614,000000,11.493,11.493,11.2673,11.493,2348.9230916119,0
ETL,D,20180615,000000,11.662,11.662,11.493,11.493,463.77274934934,0
ETL,D,20180618,000000,11.662,11.662,11.493,11.6062,210.41541405664,0
ETL,D,20180619,000000,11.6062,11.6062,11.6062,11.6062,131.68855845722,0
ETL,D,20180620,000000,11.5496,11.662,11.5496,11.662,1070.6852361522,0
ETL,D,20180621,000000,11.662,11.662,11.662,11.662,511.00886270899,0
ETL,D,20180622,000000,11.7186,11.7186,11.6062,11.6062,664.16838178424,0
ETL,D,20180625,000000,11.7745,11.8317,11.7745,11.8317,177.49327444234,0
ETL,D,20180626,000000,11.5496,11.7745,11.5496,11.7745,124.53157158454,0
ETL,D,20180627,000000,11.7745,11.7745,11.5496,11.5496,229.0235799256,0
ETL,D,20180628,000000,11.5496,11.7186,11.5496,11.662,1022.017725418,0
ETL,D,20180629,000000,11.7186,11.7186,11.6062,11.7186,403.65405961887,0
ETL,D,20180702,000000,11.7186,11.7186,11.5496,11.7186,2569.3582872903,0
ETL,D,20180703,000000,11.7186,11.7186,11.6062,11.6062,184.65026131501,0
ETL,D,20180704,000000,11.662,11.7186,11.493,11.7186,346.39816463747,0
ETL,D,20180705,000000,11.493,11.7186,11.493,11.662,787.26855599425,0
ETL,D,20180706,000000,11.7186,11.7186,11.5496,11.5496,143.1397374535,0
ETL,D,20180709,000000,11.7186,11.8317,11.6062,11.6062,2950.1099889166,0
ETL,D,20180710,000000,11.662,11.7186,11.6062,11.7186,619.79506317365,0
ETL,D,20180711,000000,11.7745,12.0568,11.7745,12.0568,2888.5599018116,0
ETL,D,20180712,000000,12.0568,12.2258,11.9436,12.1133,541.06820757423,0
ETL,D,20180713,000000,11.8877,12.0568,11.8877,12.0568,435.14480185864,0
ETL,D,20180716,000000,12.1133,12.1133,12.1133,12.1133,187.51305606408,0
ETL,D,20180717,000000,12.0568,12.0568,11.8877,12.0568,920.388511826,0
ETL,D,20180718,000000,11.3246,11.5496,10.9578,11.2673,9905.2698317822,0
ETL,D,20180719,000000,11.2393,11.2393,10.7043,10.9299,4319.9572763466,0
ETL,D,20180720,000000,10.5638,10.8733,10.2257,10.3381,6469.9161328982,0
ETL,D,20180723,000000,10.2536,10.3668,10.1691,10.2536,2741.1259722345,0
ETL,D,20180724,000000,10.197,10.5918,10.1411,10.5918,2695.3212562494,0
ETL,D,20180725,000000,10.3102,10.8175,10.2536,10.6762,5988.9666150544,0
ETL,D,20180726,000000,10.9858,11.2673,10.9858,11.2673,1036.3316991633,0
ETL,D,20180727,000000,11.2673,11.2673,10.9858,11.2673,2466.2976763238,0
ETL,D,20180730,000000,11.2673,11.3246,11.2673,11.3246,3326.5674984193,0
ETL,D,20180731,000000,11.2673,11.493,11.2673,11.3246,1883.7189448881,0
ETL,D,20180801,000000,11.2673,11.2673,11.1549,11.2673,329.22139614305,0
ETL,D,20180803,000000,11.2673,11.2673,11.2673,11.2673,45.80471598512,0
ETL,D,20180806,000000,11.071,11.1834,11.071,11.071,297.73065390328,0
ETL,D,20180807,000000,11.043,11.043,11.043,11.043,314.9074223977,0
ETL,D,20180808,000000,11.043,11.1834,10.8175,10.8175,2942.953002044,0
ETL,D,20180809,000000,10.8175,10.9858,10.8175,10.9299,2553.6129161704,0
ETL,D,20180810,000000,10.8175,10.9299,10.5918,10.5918,5582.4497606865,0
ETL,D,20180813,000000,10.5638,10.5638,10.3668,10.3668,904.64314070612,0
ETL,D,20180814,000000,10.3947,10.5918,10.3102,10.5918,1757.755975929,0
ETL,D,20180816,000000,10.5358,10.5358,10.2536,10.5358,5476.5263549709,0
ETL,D,20180817,000000,10.4785,10.4785,10.2823,10.2823,176.0618770678,0
ETL,D,20180820,000000,10.3102,10.3668,10.197,10.3102,2155.6844460497,0
ETL,D,20180821,000000,10.3668,10.4227,10.2536,10.3947,1617.4790332245,0
ETL,D,20180822,000000,10.3381,10.3947,10.1691,10.3947,436.57619923317,0
ETL,D,20180823,000000,10.4227,10.5072,10.3102,10.5072,964.76183043659,0
ETL,D,20180824,000000,10.4785,10.4785,10.4785,10.4785,277.69109065979,0
ETL,D,20180827,000000,10.4227,10.4227,10.2536,10.4227,5512.3112893343,0
ETL,D,20180828,000000,10.3947,10.5358,10.3947,10.4227,1969.6027873602,0
ETL,D,20180829,000000,10.5072,10.6484,10.5072,10.5072,3846.1647453755,0
ETL,D,20180830,000000,10.4506,10.7043,10.3102,10.5918,11104.780831643,0
ETL,D,20180831,000000,10.5918,10.5918,10.197,10.5638,546.79379707237,0
ETL,D,20180903,000000,10.5358,10.5358,10.1691,10.5072,622.65785792272,0
ETL,D,20180904,000000,10.4785,10.4785,10.0845,10.3947,1747.7361943072,0
ETL,D,20180905,000000,10.3668,10.3668,10.3102,10.3381,107.35480309012,0
ETL,D,20180906,000000,10.1411,10.1411,9.8596,10.0287,2440.5325235822,0
ETL,D,20180907,000000,9.74641,9.77498,9.35242,9.57808,6686.057136453,0
ETL,D,20180910,000000,9.35242,9.52148,9.35242,9.52148,867.42680896821,0
ETL,D,20180911,000000,9.49282,9.49282,9.32439,9.32439,798.71973499053,0
ETL,D,20180912,000000,9.29655,9.29655,8.45046,9.07089,6004.7119861743,0
ETL,D,20180913,000000,9.0143,9.29655,8.90176,9.29655,1076.4108256503,0
ETL,D,20180914,000000,9.26789,9.52148,9.26789,9.52148,2131.3506906826,0
ETL,D,20180917,000000,9.52148,9.54941,9.38035,9.54941,582.57873143574,0
ETL,D,20180918,000000,9.57808,9.69054,9.57808,9.57808,2218.6659305292,0
ETL,D,20180919,000000,9.57808,9.57808,9.57808,9.57808,5941.7305016948,0
ETL,D,20180920,000000,9.57808,9.63394,9.57808,9.63394,887.4663722117,0
ETL,D,20180921,000000,9.60601,9.69054,9.60601,9.69054,107.35480309012,0
ETL,D,20180924,000000,9.69054,9.69054,9.43695,9.69054,253.35733529269,0
ETL,D,20180925,000000,9.69054,9.69054,9.69054,9.69054,462.3413519748,0
ETL,D,20180926,000000,9.69054,9.69054,9.69054,9.69054,10.019781621745,0
ETL,D,20180927,000000,9.69054,9.69054,9.69054,9.69054,4.294192123605,0
ETL,D,20180928,000000,9.69054,10.3102,9.69054,9.69054,7554.9153427957,0
ETL,D,20181001,000000,9.74641,10.1132,9.69054,10.1132,2200.0577646603,0
ETL,D,20181002,000000,10.0845,10.0845,9.57808,9.9435,4108.1104649154,0
ETL,D,20181003,000000,9.88754,9.88754,9.88754,9.88754,1016.2921359198,0
ETL,D,20181004,000000,9.88754,9.88754,9.52148,9.88754,2227.2543147765,0
ETL,D,20181005,000000,9.80301,9.8596,9.52148,9.52148,5311.9156568994,0
ETL,D,20181008,000000,9.66188,9.71847,9.66188,9.71847,1618.9104305991,0
ETL,D,20181009,000000,9.66188,9.66188,9.12676,9.29655,8546.8737233485,0
ETL,D,20181010,000000,9.18336,9.35242,9.12676,9.29655,5767.1000220015,0
ETL,D,20181011,000000,9.26789,9.29655,9.07089,9.21129,3346.6070616628,0
ETL,D,20181012,000000,9.23923,9.23923,8.95772,9.0143,5112.951421839,0
ETL,D,20181015,000000,8.76138,8.92974,8.732,8.92974,6581.5651281119,0
ETL,D,20181016,000000,9.18336,9.18336,8.87315,8.87315,1527.3009986288,0
ETL,D,20181017,000000,8.90176,9.74641,8.90176,9.52148,24309.421611728,0
ETL,D,20181018,000000,9.52148,9.52148,9.29655,9.52148,3443.9420831312,0
ETL,D,20181019,000000,9.57808,9.71847,9.57808,9.71847,7241.4393177726,0
ETL,D,20181022,000000,9.77498,9.77498,9.46488,9.71847,2990.1891154036,0
ETL,D,20181023,000000,9.71847,9.71847,9.57808,9.57808,1037.7630965379,0
ETL,D,20181024,000000,9.71847,9.71847,9.40829,9.57808,1218.1191657293,0
ETL,D,20181025,000000,9.46488,9.71847,9.29655,9.40829,3874.7926928662,0
ETL,D,20181026,000000,9.71847,9.71847,9.23923,9.23923,273.39689853618,0
ETL,D,20181029,000000,9.63394,9.63394,9.23923,9.23923,3614.2783707009,0
ETL,D,20181030,000000,9.40829,9.40829,9.23923,9.40829,3293.645358805,0
ETL,D,20181031,000000,9.43695,9.43695,9.18336,9.38035,1402.7694270443,0
ETL,D,20181102,000000,9.40829,9.40829,9.40829,9.40829,8665.6797054349,0
ETL,D,20181105,000000,9.57808,9.57808,9.40829,9.46488,1011.9979437962,0
ETL,D,20181106,000000,9.40829,9.40829,9.40829,9.40829,506.71467058539,0
ETL,D,20181107,000000,9.40829,9.43695,9.23923,9.43695,187.51305606408,0
ETL,D,20181108,000000,9.43695,9.43695,9.40829,9.40829,160.31650594792,0
ETL,D,20181109,000000,9.43695,9.43695,9.23923,9.40829,621.22646054819,0
ETL,D,20181113,000000,9.63394,9.63394,9.18336,9.52148,11495.552314891,0
ETL,D,20181114,000000,9.57808,9.60601,9.46488,9.52148,369.30052263003,0
ETL,D,20181115,000000,9.52148,9.57808,9.40829,9.57808,758.64060850355,0
ETL,D,20181116,000000,9.57808,9.57808,9.40829,9.57808,2619.457195399,0
ETL,D,20181119,000000,9.60601,9.60601,9.57808,9.57808,72974.069551169,0
ETL,D,20181120,000000,9.57808,9.57808,9.52148,9.57808,30830.868050109,0
ETL,D,20181121,000000,9.57808,9.57808,9.57808,9.57808,2343.1975021138,0
ETL,D,20181122,000000,9.57808,9.63394,9.57808,9.57808,4956.9291080147,0
ETL,D,20181123,000000,9.57808,9.69054,9.54941,9.69054,187879.49379196,0
ETL,D,20181126,000000,9.71847,10.9299,9.71847,10.5358,32187.832761168,0
ETL,D,20181127,000000,10.5918,10.8175,10.2536,10.8175,3547.0026940977,0
ETL,D,20181128,000000,10.8175,10.9019,10.4227,10.7043,4706.4345674711,0
ETL,D,20181129,000000,10.6762,10.8175,10.6762,10.8175,5470.8007654728,0
ETL,D,20181130,000000,10.8733,10.9299,10.8733,10.8733,38664.905880939,0
ETL,D,20181203,000000,10.8733,10.9858,10.197,10.8733,4319.9572763466,0
ETL,D,20181204,000000,10.9858,10.9858,10.7043,10.8733,1255.3354974672,0
ETL,D,20181205,000000,10.8733,10.8733,10.4785,10.7043,1699.068683573,0
ETL,D,20181206,000000,10.7043,10.7043,10.3668,10.6484,1268.218073838,0
ETL,D,20181207,000000,10.6484,10.6484,10.4227,10.5918,453.75296772759,0
ETL,D,20181210,000000,10.5918,10.6762,10.4227,10.6762,894.62335908437,0
ETL,D,20181211,000000,10.6762,10.6762,10.6762,10.6762,84.452445097565,0
ETL,D,20181212,000000,10.6484,10.6484,10.6484,10.6484,42.94192123605,0
ETL,D,20181213,000000,10.6484,10.6484,10.6484,10.6484,151.72812170071,0
ETL,D,20181214,000000,10.6484,10.6484,10.6484,10.6484,10.019781621745,0
ETL,D,20181217,000000,10.6484,10.6484,10.3668,10.4785,1442.8485535313,0
ETL,D,20181218,000000,10.2536,10.4785,10.2536,10.4785,924.68270394961,0
ETL,D,20181219,000000,10.4785,10.5918,10.4785,10.5918,687.0707397768,0
ETL,D,20181220,000000,10.7043,10.7043,10.5638,10.6762,1554.497548745,0
ETL,D,20181221,000000,10.4785,10.6196,10.4785,10.4785,350.69235676107,0
ETL,D,20181227,000000,10.7043,10.8175,10.7043,10.8175,1643.2441859662,0
ETL,D,20181228,000000,10.8175,11.2115,10.5918,10.9019,6021.8887546687,0
ETL,D,20190102,000000,10.9858,10.9858,10.8733,10.8733,1077.8422230249,0
ETL,D,20190103,000000,10.9858,10.9858,10.8175,10.9299,808.73951661227,0
ETL,D,20190104,000000,10.9578,10.9858,10.8175,10.9858,1009.1351490472,0
ETL,D,20190107,000000,10.9858,10.9858,10.9858,10.9858,274.82829591072,0
ETL,D,20190108,000000,11.043,11.043,10.8733,10.8733,1441.4171561567,0
ETL,D,20190109,000000,10.8733,10.9858,10.8733,10.9858,649.85440803889,0
ETL,D,20190110,000000,11.1549,11.1549,10.8175,10.9299,1505.8300380108,0
ETL,D,20190111,000000,10.7043,10.9019,10.5918,10.7043,3159.0940055987,0
ETL,D,20190114,000000,11.0137,11.0137,10.6196,10.7043,407.94825174247,0
ETL,D,20190115,000000,10.9858,10.9858,10.9578,10.9578,269.10270641258,0
ETL,D,20190116,000000,10.9578,10.9578,10.9578,10.9578,10.019781621745,0
ETL,D,20190117,000000,10.9858,11.0137,10.9858,11.0137,1208.0993841075,0
ETL,D,20190118,000000,11.0137,11.0137,10.7043,10.7043,871.72100109181,0
ETL,D,20190121,000000,10.9858,10.9858,10.9578,10.9578,727.14986626378,0
ETL,D,20190122,000000,11.0137,11.0137,10.9019,10.9019,496.69488896364,0
ETL,D,20190123,000000,10.8733,10.8733,10.7043,10.8733,897.48615383344,0
ETL,D,20190124,000000,10.8733,10.9019,10.6196,10.9019,1259.6296895908,0
ETL,D,20190125,000000,10.9019,10.9019,10.7043,10.8733,353.55515151014,0
ETL,D,20190128,000000,10.7894,10.9578,10.7894,10.9578,1331.1995583175,0
ETL,D,20190129,000000,10.9019,10.9578,10.8733,10.8733,1958.1516083639,0
ETL,D,20190130,000000,10.9019,10.9019,10.8733,10.8733,526.75423382888,0
ETL,D,20190131,000000,10.9578,11.099,10.9299,11.043,5174.501508944,0
ETL,D,20190201,000000,11.043,11.043,10.8733,11.043,1445.7113482803,0
ETL,D,20190204,000000,11.043,11.099,11.043,11.099,2970.1495521601,0
ETL,D,20190205,000000,10.9299,11.6062,10.9299,11.4371,4421.5864899386,0
ETL,D,20190206,000000,11.5496,11.5496,11.493,11.493,725.71846888924,0
ETL,D,20190207,000000,11.2673,11.4371,11.2393,11.4371,3559.8852704685,0
ETL,D,20190208,000000,11.4371,11.4371,11.2115,11.4371,622.65785792272,0
ETL,D,20190211,000000,11.2673,11.4371,11.2673,11.4371,701.38471352215,0
ETL,D,20190212,000000,11.4371,11.4371,11.3246,11.4371,264.80851428897,0
ETL,D,20190213,000000,11.4371,11.8877,11.4371,11.8317,5685.510371653,0
ETL,D,20190214,000000,11.8877,12.3949,11.8877,11.9436,3114.7206869882,0
ETL,D,20190215,000000,12.2818,12.4508,12.1133,12.3949,5553.8218131958,0
ETL,D,20190218,000000,12.3383,12.3383,12.2818,12.3383,1581.6940988612,0
ETL,D,20190219,000000,12.2818,12.2818,12.1133,12.2818,443.73318610585,0
ETL,D,20190220,000000,12.2818,12.2818,11.493,12.2258,2174.2926119187,0
ETL,D,20190221,000000,12.1692,12.1692,12.1692,12.1692,50.098908108725,0
ETL,D,20190222,000000,12.1692,12.1692,11.7186,11.8317,1928.0922634986,0
ETL,D,20190225,000000,12.1133,12.1133,11.8317,11.8317,790.13135074332,0
ETL,D,20190226,000000,11.8317,12.0568,11.7186,11.7745,888.89776958623,0
ETL,D,20190227,000000,12.0568,12.0568,12.0568,12.0568,363.57493313189,0
ETL,D,20190228,000000,12.0568,12.0568,12.0568,12.0568,104.49200834105,0
ETL,D,20190301,000000,12.1692,12.2258,12.1692,12.2258,213.27820880571,0
ETL,D,20190304,000000,12.1692,12.3949,12.1692,12.1692,576.8531419376,0
ETL,D,20190305,000000,12.1692,12.1692,12.1692,12.1692,553.95078394504,0
ETL,D,20190306,000000,12.1133,12.1133,11.8317,12.1133,1943.8376346185,0
ETL,D,20190307,000000,12.0002,12.2818,11.8877,12.2818,851.68143784832,0
ETL,D,20190308,000000,11.9436,12.1133,11.8877,12.0002,1933.8178529968,0
ETL,D,20190311,000000,12.2258,12.2258,11.9436,12.0568,240179.89106273,0
ETL,D,20190312,000000,12.2258,12.2258,11.8317,12.1133,1282.5320475834,0
ETL,D,20190313,000000,12.1133,12.1133,11.9436,12.0568,124.53157158454,0
ETL,D,20190314,000000,12.0568,12.0568,11.7745,12.0568,1120.7841442609,0
ETL,D,20190315,000000,12.0568,12.2258,11.9436,12.1133,1633.2244043444,0
ETL,D,20190318,000000,12.1133,12.1133,11.8317,12.0568,5824.3559169829,0
ETL,D,20190319,000000,12.0002,12.1133,11.9436,12.0568,346.39816463747,0
ETL,D,20190320,000000,12.0568,12.0568,12.0568,12.0568,453.75296772759,0
ETL,D,20190321,000000,11.9436,13.127,11.8317,12.7323,11525.611659756,0
ETL,D,20190322,000000,12.5073,12.9579,12.5073,12.9579,2794.0876750923,0
ETL,D,20190325,000000,12.4508,12.9021,12.4508,12.7323,1110.7643626392,0
ETL,D,20190326,000000,12.7889,12.7889,12.0002,12.2818,2766.8911249762,0
ETL,D,20190327,000000,12.3949,12.3949,12.0568,12.2258,1092.1561967702,0
ETL,D,20190328,000000,12.2258,12.2258,12.0568,12.2258,551.08798919597,0
ETL,D,20190329,000000,12.0002,12.1133,12.0002,12.1133,1524.4382038798,0
ETL,D,20190401,000000,12.1133,12.2818,12.1133,12.2818,1606.0278542283,0
ETL,D,20190402,000000,12.2818,12.3949,11.9436,12.3949,1050.6456729087,0
ETL,D,20190403,000000,12.3949,12.3949,12.2818,12.2818,130.25716108268,0
ETL,D,20190404,000000,12.3383,12.3949,12.3383,12.3949,186.08165868955,0
ETL,D,20190405,000000,12.3949,12.3949,12.2258,12.3383,611.20667892644,0
ETL,D,20190408,000000,12.1133,12.3949,12.1133,12.3949,187.51305606408,0
ETL,D,20190409,000000,12.1692,12.3383,12.1133,12.2258,605.4810894283,0
ETL,D,20190410,000000,12.1692,12.1692,12.0002,12.1692,1369.84728743,0
ETL,D,20190411,000000,12.0568,12.0568,11.5496,11.7745,8511.0887889851,0
ETL,D,20190412,000000,11.7745,11.7745,11.4371,11.5496,4279.8781498596,0
ETL,D,20190415,000000,11.3805,11.7186,11.3805,11.7186,1205.2365893585,0
ETL,D,20190416,000000,11.7186,11.7186,11.5496,11.5496,1428.5345797859,0
ETL,D,20190417,000000,11.6062,11.6062,11.6062,11.6062,790.13135074332,0
ETL,D,20190418,000000,11.493,11.493,11.493,11.493,266.23991166351,0
ETL,D,20190423,000000,11.6062,11.662,11.6062,11.662,2337.4719126157,0
ETL,D,20190424,000000,11.662,11.7186,11.662,11.662,1299.7088160778,0
ETL,D,20190425,000000,11.8317,11.8317,11.5496,11.662,161.74790332245,0
ETL,D,20190426,000000,11.662,11.8877,11.662,11.8877,97.33502146838,0
ETL,D,20190429,000000,11.8877,11.8877,11.8877,11.8877,546.79379707237,0
ETL,D,20190430,000000,11.6062,12.1133,11.6062,12.1133,1424.2403876623,0
ETL,D,20190502,000000,12.2818,12.9579,12.2818,12.8455,6824.9026817829,0
ETL,D,20190506,000000,12.9579,12.9579,12.4508,12.5639,6185.0680553657,0
ETL,D,20190507,000000,12.4508,12.6198,12.4508,12.6198,927.54549869868,0
ETL,D,20190508,000000,12.5639,12.6764,12.5639,12.6198,785.83715861971,0
ETL,D,20190509,000000,12.6198,12.7889,12.3949,12.6764,2205.7833541584,0
ETL,D,20190510,000000,12.6764,12.6764,12.3949,12.5073,3952.0881510911,0
ETL,D,20190513,000000,12.5073,12.5639,12.3949,12.5639,1590.2824831084,0
ETL,D,20190514,000000,12.5639,12.6764,12.5639,12.6764,947.58506194217,0
ETL,D,20190515,000000,12.6764,12.7889,12.5639,12.5639,1437.1229640331,0
ETL,D,20190516,000000,12.6764,12.6764,12.3949,12.3949,4407.2725161933,0
ETL,D,20190517,000000,12.7323,12.9021,12.5073,12.6764,14415.602958942,0
ETL,D,20190520,000000,12.7889,12.9579,12.7889,12.7889,3465.4130437492,0
ETL,D,20190521,000000,12.7889,12.7889,12.4508,12.6764,5483.6833418436,0
ETL,D,20190522,000000,12.7889,12.8455,12.6764,12.8455,2144.2332670534,0
ETL,D,20190523,000000,12.8455,12.8455,12.6764,12.8455,1484.3590773928,0
ETL,D,20190524,000000,12.8455,12.8455,12.6198,12.7889,251.92593791816,0
ETL,D,20190527,000000,12.8455,12.8455,12.6764,12.7889,1279.6692528343,0
ETL,D,20190528,000000,12.6198,12.7889,12.6198,12.7889,281.98528278339,0
ETL,D,20190529,000000,12.7889,12.7889,12.6198,12.7889,1608.8906489773,0
ETL,D,20190530,000000,12.7889,12.7889,12.6764,12.7889,871.72100109181,0
ETL,D,20190531,000000,12.6764,12.7889,12.6764,12.7889,2951.5413862912,0
ETL,D,20190603,000000,12.7889,12.8455,12.7889,12.7889,3340.8814721647,0
ETL,D,20190604,000000,12.7323,12.7889,12.6764,12.7323,4694.9833884748,0
ETL,D,20190605,000000,12.7323,12.7323,12.5073,12.6764,9762.1300943287,0
ETL,D,20190606,000000,12.9258,12.9258,12.7386,12.8637,903.21174333158,0
ETL,D,20190607,000000,12.8637,12.9887,12.7386,12.9887,3505.4921702362,0
ETL,D,20190610,000000,12.9887,13.176,12.9258,13.176,2138.5076775553,0
ETL,D,20190611,000000,12.9258,13.1137,12.8637,12.9887,2062.6436167049,0
ETL,D,20190612,000000,13.1137,13.1137,12.8637,12.9887,3608.5527812027,0
ETL,D,20190613,000000,13.0509,13.0509,13.0509,13.0509,10.019781621745,0
ETL,D,20190614,000000,12.9887,13.0509,12.9258,13.0509,632.67763954447,0
ETL,D,20190617,000000,13.0509,13.0509,12.9887,13.0509,1409.926413917,0
ETL,D,20190618,000000,13.176,13.176,12.7386,13.1137,1445.7113482803,0
ETL,D,20190619,000000,13.1137,13.301,13.1137,13.1137,920.388511826,0
ETL,D,20190621,000000,13.301,13.301,13.301,13.301,95.903624093845,0
ETL,D,20190624,000000,12.9258,13.176,12.9258,13.176,536.77401545062,0
ETL,D,20190625,000000,13.176,13.176,13.176,13.176,329.22139614305,0
ETL,D,20190626,000000,13.176,13.176,12.8637,13.1137,4600.5111617555,0
ETL,D,20190627,000000,13.1137,13.1137,12.6764,12.8637,3260.7232191907,0
ETL,D,20190628,000000,12.9887,13.176,12.9887,13.176,897.48615383344,0
ETL,D,20190701,000000,12.9258,13.0509,12.9258,12.9887,1895.1701238843,0
ETL,D,20190702,000000,13.2381,13.2381,12.9887,12.9887,346.39816463747,0
ETL,D,20190703,000000,13.176,13.176,12.8637,13.0509,1810.7176787868,0
ETL,D,20190704,000000,13.176,13.176,12.8015,13.0509,1628.9302122208,0
ETL,D,20190705,000000,13.176,13.176,12.9258,13.176,810.17091398681,0
ETL,D,20190708,000000,13.1137,13.1137,12.7386,12.7386,2877.1087228153,0
ETL,D,20190709,000000,13.0509,13.0509,12.8637,12.9258,845.95584835018,0
ETL,D,20190710,000000,12.9258,12.9258,12.9258,12.9258,4.294192123605,0
ETL,D,20190711,000000,12.9258,12.9258,12.8015,12.9258,840.23025885204,0
ETL,D,20190712,000000,12.8015,12.9258,12.6135,12.9258,2181.4495987913,0
ETL,D,20190715,000000,12.9258,13.1137,12.8637,12.9258,3452.5304673784,0
ETL,D,20190716,000000,13.0509,13.0509,12.7386,12.9887,1531.5951907524,0
ETL,D,20190717,000000,12.9887,12.9887,12.9258,12.9258,21.470960618025,0
ETL,D,20190718,000000,12.9258,12.9258,12.8015,12.9258,1690.4802993258,0
ETL,D,20190719,000000,12.9887,12.9887,12.9887,12.9887,4.294192123605,0
ETL,D,20190723,000000,12.9258,12.9258,12.7386,12.7386,2105.585537941,0
ETL,D,20190724,000000,12.6764,12.8637,12.6764,12.8637,317.77021714677,0
ETL,D,20190725,000000,12.7386,12.8637,12.6764,12.8637,513.87165745806,0
ETL,D,20190726,000000,12.9258,12.9258,12.7386,12.8637,346.39816463747,0
ETL,D,20190729,000000,12.6764,12.7386,12.6764,12.7386,553.95078394504,0
ETL,D,20190730,000000,12.8015,12.8015,12.7386,12.8015,782.97436387064,0
ETL,D,20190731,000000,12.8015,12.9258,12.6764,12.9258,717.13008464203,0
ETL,D,20190801,000000,12.9258,12.9258,12.8015,12.9258,244.76895104548,0
ETL,D,20190802,000000,12.8015,12.8637,12.8015,12.8637,100.19781621745,0
ETL,D,20190805,000000,12.8637,12.8637,12.5514,12.5514,1133.6667206317,0
ETL,D,20190806,000000,12.5514,12.5514,12.5514,12.5514,28.6279474907,0
ETL,D,20190807,000000,12.8637,12.8637,12.7386,12.7386,569.69615506493,0
ETL,D,20190808,000000,12.8015,12.8015,12.8015,12.8015,260.51432216537,0
ETL,D,20190809,000000,12.8637,12.8637,12.7386,12.7386,1618.9104305991,0
ETL,D,20190812,000000,12.8637,12.8637,12.8637,12.8637,727.14986626378,0
ETL,D,20190813,000000,12.8637,12.8637,12.8015,12.8015,442.30178873131,0
ETL,D,20190814,000000,12.7386,12.8637,12.7386,12.8637,536.77401545062,0
ETL,D,20190816,000000,12.8637,12.8637,12.6135,12.8015,1384.1612611753,0
ETL,D,20190819,000000,12.8015,13.1137,12.8015,12.8637,3721.633173791,0
ETL,D,20190820,000000,13.0509,13.0509,13.0509,13.0509,28.6279474907,0
ETL,D,20190821,000000,13.0509,13.0509,12.6135,12.8637,1769.2071549253,0
ETL,D,20190822,000000,12.8015,13.0509,12.8015,13.0509,163.17930069699,0
ETL,D,20190823,000000,13.0509,13.0509,13.0509,13.0509,4.294192123605,0
ETL,D,20190826,000000,12.8015,13.0509,12.6764,12.8015,697.09052139854,0
ETL,D,20190827,000000,12.8637,12.9258,12.8637,12.9258,14.31397374535,0
ETL,D,20190828,000000,12.9258,12.9258,12.6764,12.8637,1291.1204318306,0
ETL,D,20190829,000000,12.8637,12.9258,12.7386,12.9258,104.49200834105,0
ETL,D,20190830,000000,12.9258,13.0509,12.6764,13.0509,936.13388294589,0
ETL,D,20190902,000000,13.0509,13.0509,13.0509,13.0509,363.57493313189,0
ETL,D,20190903,000000,13.0509,13.0509,13.0509,13.0509,183.21886394048,0
ETL,D,20190904,000000,12.9258,12.9887,12.8015,12.9258,483.81231259283,0
ETL,D,20190905,000000,12.9258,12.9258,12.6764,12.9258,1253.9041000927,0
ETL,D,20190906,000000,12.9258,12.9258,12.8015,12.9258,51.53030548326,0
ETL,D,20190909,000000,12.9258,12.9887,12.8015,12.8637,1928.0922634986,0
ETL,D,20190910,000000,12.8015,12.9887,12.8015,12.9887,3622.8667549481,0
ETL,D,20190911,000000,12.8015,12.9258,12.6764,12.9258,7855.5087914481,0
ETL,D,20190912,000000,12.9258,12.9258,12.8015,12.9258,2340.3347073647,0
ETL,D,20190913,000000,12.9887,13.1137,12.8015,12.8015,13155.973269352,0
ETL,D,20190916,000000,12.8015,12.9258,12.8015,12.9258,621.22646054819,0
ETL,D,20190917,000000,12.8637,12.8637,12.7386,12.7386,741.46384000913,0
ETL,D,20190918,000000,12.7386,12.9258,12.7386,12.9258,4992.7140423781,0
ETL,D,20190919,000000,12.9258,12.9258,12.9258,12.9258,432.28200710957,0
ETL,D,20190920,000000,12.9258,12.9258,12.4892,12.4892,10575.163803065,0
ETL,D,20190923,000000,12.6764,12.6764,12.3641,12.4892,3140.4858397298,0
ETL,D,20190924,000000,12.7386,12.7386,12.4892,12.4892,3140.4858397298,0
ETL,D,20190925,000000,12.7386,12.7386,12.3641,12.3641,3370.9408170299,0
ETL,D,20190926,000000,12.4892,12.5514,12.4892,12.4892,608.34388417737,0
ETL,D,20190927,000000,12.4892,12.4892,12.4892,12.4892,4169.6605520205,0
ETL,D,20190930,000000,12.4892,12.4892,12.4892,12.4892,6980.9249956072,0
ETL,D,20191001,000000,12.4892,12.6135,12.3641,12.6135,1082.1364151485,0
ETL,D,20191002,000000,12.5514,12.7386,12.5514,12.7386,2072.6633983267,0
ETL,D,20191003,000000,12.7386,12.8015,12.7386,12.8015,795.85694024146,0
ETL,D,20191004,000000,12.6135,12.8015,12.6135,12.8015,475.22392834562,0
ETL,D,20191007,000000,12.7386,12.8015,12.5514,12.7386,499.55768371271,0
ETL,D,20191008,000000,12.7386,12.8015,12.7386,12.8015,203.25842718397,0
ETL,D,20191009,000000,12.8015,12.8015,12.8015,12.8015,621.22646054819,0
ETL,D,20191010,000000,12.8015,12.8015,12.7386,12.8015,88.74663722117,0
ETL,D,20191011,000000,12.8015,12.8637,12.8015,12.8637,1488.6532695164,0
ETL,D,20191014,000000,12.9258,12.9887,12.8015,12.9887,256.22013004176,0
ETL,D,20191015,000000,12.8015,12.9887,12.7386,12.9887,1013.4293411708,0
ETL,D,20191016,000000,12.9258,12.9887,12.8637,12.9887,539.63681019969,0
ETL,D,20191017,000000,13.0509,13.1137,12.9887,13.1137,1441.4171561567,0
ETL,D,20191018,000000,13.1137,13.1137,13.0509,13.1137,518.16584958167,0
ETL,D,20191021,000000,13.1137,13.6133,13.1137,13.5504,5193.109674813,0
ETL,D,20191022,000000,13.5504,13.5504,13.3631,13.5504,780.11156912157,0
ETL,D,20191023,000000,13.4882,13.5504,13.4882,13.5504,460.90995460027,0
ETL,D,20191024,000000,13.4882,13.4882,13.2381,13.301,1471.476501022,0
ETL,D,20191025,000000,13.4254,13.4254,13.2381,13.4254,702.81611089668,0
ETL,D,20191028,000000,13.3631,13.4254,13.2381,13.4254,1647.5383780898,0
ETL,D,20191029,000000,13.4254,13.4882,13.3631,13.4882,460.90995460027,0
ETL,D,20191030,000000,13.4882,13.6133,13.4882,13.4882,2482.0430474437,0
ETL,D,20191031,000000,13.6755,13.6755,13.4254,13.4254,800.15113236506,0
ETL,D,20191104,000000,13.4254,13.9877,13.4254,13.8005,2381.8452312262,0
ETL,D,20191105,000000,13.8005,13.9255,13.5504,13.7376,3831.8507716302,0
ETL,D,20191106,000000,13.7376,13.9877,13.4882,13.6133,2921.4820414259,0
ETL,D,20191107,000000,13.6133,13.6133,13.3631,13.4882,1670.4407360823,0
ETL,D,20191108,000000,13.7376,13.7376,13.3631,13.4254,2135.6448828062,0
ETL,D,20191112,000000,13.7376,13.7376,13.7376,13.7376,403.65405961887,0
ETL,D,20191113,000000,13.9877,13.9877,13.4882,13.9877,4667.7868383586,0
ETL,D,20191114,000000,14.0499,14.0499,13.4882,13.9255,2719.6550116165,0
ETL,D,20191115,000000,14.3622,14.9246,14.3622,14.4251,26658.344703339,0
ETL,D,20191118,000000,14.7374,14.8616,14.6745,14.8616,1434.2601692841,0
ETL,D,20191119,000000,14.8616,15.1118,14.8616,15.0489,4046.5603778104,0
ETL,D,20191120,000000,15.0489,15.0489,14.5495,14.6745,1223.8447552274,0
ETL,D,20191121,000000,14.6122,15.174,14.5495,14.6122,15262.990204667,0
ETL,D,20191122,000000,14.6122,14.6122,14.1749,14.2371,8658.5227185622,0
ETL,D,20191125,000000,14.6122,14.6122,14.1749,14.3001,2948.6785915421,0
ETL,D,20191126,000000,14.3622,14.6122,14.3622,14.6122,3488.3154017418,0
ETL,D,20191127,000000,14.2371,14.3622,14.2371,14.3622,7431.8151685857,0
ETL,D,20191128,000000,14.3622,14.3622,14.0499,14.3622,2228.685712151,0
ETL,D,20191129,000000,14.3622,14.3622,13.4254,13.4254,40698.921550154,0
ETL,D,20191202,000000,13.6755,13.6755,13.3631,13.6755,21797.319219419,0
ETL,D,20191203,000000,13.6755,13.6755,13.176,13.5504,6381.169495677,0
ETL,D,20191204,000000,13.5504,13.5504,13.1137,13.301,12350.096547488,0
ETL,D,20191205,000000,13.301,13.3631,12.8015,13.2381,24083.260826551,0
ETL,D,20191206,000000,13.2381,13.2381,13.0509,13.176,2721.086408991,0
ETL,D,20191209,000000,13.176,13.4882,13.176,13.4882,23051.223319511,0
ETL,D,20191210,000000,13.4882,13.8005,13.4254,13.8005,5822.9245196084,0
ETL,D,20191211,000000,13.8627,14.0499,13.5504,14.0499,1978.1911716074,0
ETL,D,20191212,000000,14.0499,14.2371,13.9255,14.2371,3559.8852704685,0
ETL,D,20191213,000000,14.2371,14.2371,14.0499,14.1749,1512.9870248835,0
ETL,D,20191216,000000,14.1128,14.1749,13.9877,14.0499,4974.1058765091,0
ETL,D,20191217,000000,13.9877,14.1749,13.9255,14.1749,2502.0826106872,0
ETL,D,20191218,000000,14.1128,14.1749,13.9877,14.1749,2802.6760593395,0
ETL,D,20191219,000000,14.1128,14.6122,14.1128,14.3622,7735.2714119871,0
ETL,D,20191220,000000,14.4872,14.4872,14.3622,14.3622,2882.8343123135,0
ETL,D,20191223,000000,14.3622,14.3622,13.7376,14.0499,13251.876893445,0
ETL,D,20191227,000000,14.1749,14.1749,13.6755,13.9255,9596.0879988826,0
ETL,D,20191230,000000,13.9255,14.0499,13.7376,13.7376,7248.5963046452,0
ETL,D,20200102,000000,13.7376,13.9877,13.6755,13.9255,11987.953011731,0
ETL,D,20200103,000000,13.9877,14.0499,13.8005,14.0499,9734.9335442125,0
ETL,D,20200107,000000,13.9255,14.5495,13.7376,14.4872,9328.4166898446,0
ETL,D,20200108,000000,14.5495,14.6122,14.3001,14.6122,9676.2462518566,0
ETL,D,20200109,000000,14.7374,15.8607,14.7374,15.6736,18573.812331967,0
ETL,D,20200110,000000,15.6736,16.0487,15.4862,15.6113,25297.085800157,0
ETL,D,20200113,000000,15.6113,16.2359,15.299,15.5492,39004.147058704,0
ETL,D,20200114,000000,15.5492,15.7986,15.4862,15.5492,6482.798709269,0
ETL,D,20200115,000000,15.7363,15.8607,15.6113,15.8607,40998.083601431,0
ETL,D,20200116,000000,15.9858,16.3603,15.9858,16.1109,10908.679391331,0
ETL,D,20200117,000000,16.173,16.7976,16.0487,16.3603,18500.811065865,0
ETL,D,20200120,000000,16.5482,16.8604,16.3603,16.8604,5878.7490172152,0
ETL,D,20200121,000000,16.8604,17.1099,16.7976,16.9227,9922.4466002766,0
ETL,D,20200122,000000,17.1099,17.1099,16.6103,16.7354,7795.3901017176,0
ETL,D,20200123,000000,16.8604,16.8604,16.4853,16.6726,4835.2603311792,0
ETL,D,20200124,000000,16.4853,16.5482,16.3603,16.4231,4161.0721677732,0
ETL,D,20200127,000000,16.3603,16.4231,16.173,16.3603,24946.393443396,0
ETL,D,20200128,000000,16.2981,16.2981,16.1109,16.2359,8738.6809715362,0
ETL,D,20200129,000000,16.2981,16.5482,16.2359,16.3603,6146.4203262533,0
ETL,D,20200130,000000,16.2981,16.2981,16.0487,16.2359,4063.7371463049,0
ETL,D,20200131,000000,16.2359,16.6726,16.2359,16.5482,1567.3801251158,0
ETL,D,20200203,000000,16.5482,16.6726,16.2359,16.2981,7935.667044422,0
ETL,D,20200204,000000,16.3603,16.6103,16.2359,16.4853,21918.987996255,0
ETL,D,20200205,000000,16.4853,16.7976,16.4853,16.6726,7553.4839454212,0
ETL,D,20200206,000000,16.8604,17.36,16.8604,17.1721,7109.7507593153,0
ETL,D,20200207,000000,17.2971,17.6722,17.1721,17.6722,5778.5512009978,0
ETL,D,20200210,000000,17.4843,17.8594,17.1721,17.7967,11927.834322,0
ETL,D,20200211,000000,17.9838,17.9838,17.2349,17.6722,8114.5917162389,0
ETL,D,20200212,000000,17.8594,17.9217,17.4843,17.7344,9278.3177817359,0
ETL,D,20200213,000000,17.7967,17.7967,17.4843,17.6722,2755.4399459799,0
ETL,D,20200214,000000,17.7967,18.0467,17.36,18.0467,7446.1291423311,0
ETL,D,20200217,000000,18.1088,18.234,17.5472,18.234,5798.5907642413,0
ETL,D,20200218,000000,18.1088,18.5461,17.7344,18.4211,12630.650432897,0
ETL,D,20200219,000000,18.4211,18.5461,17.9838,18.5461,12551.923577297,0
ETL,D,20200220,000000,18.5461,18.7334,18.359,18.6084,6381.169495677,0
ETL,D,20200221,000000,18.5461,18.6713,18.2961,18.6713,3575.6306415884,0
ETL,D,20200224,000000,18.359,18.359,17.1721,18.0467,29949.127267396,0
ETL,D,20200225,000000,17.7967,17.7967,16.0487,17.6722,46869.675631774,0
ETL,D,20200226,000000,17.2971,17.6094,16.5482,17.36,15915.707407454,0
ETL,D,20200227,000000,17.2349,17.2349,16.0487,16.2359,25385.832437378,0
ETL,D,20200228,000000,15.7986,15.9858,14.5495,15.5492,30528.843204083,0
ETL,D,20200302,000000,15.5492,16.7354,15.4862,15.9858,20544.846516701,0
ETL,D,20200303,000000,16.5482,17.1721,16.2981,16.4853,18566.655345094,0
ETL,D,20200304,000000,16.2359,16.9848,15.9858,16.8604,8874.663722117,0
ETL,D,20200305,000000,16.8604,16.8604,16.173,16.3603,9601.8135883808,0
ETL,D,20200306,000000,16.4231,16.4231,15.3612,15.7986,11917.814540378,0
ETL,D,20200309,000000,14.9246,14.9868,13.7376,14.6745,37436.766933588,0
ETL,D,20200310,000000,14.6745,15.4242,14.3622,14.6745,7357.3825051099,0
ETL,D,20200311,000000,14.6745,14.6745,13.176,14.0499,20225.64490218,0
ETL,D,20200312,000000,13.1137,13.3631,12.2706,12.4892,18835.758051506,0
ETL,D,20200313,000000,12.4892,13.5504,11.5524,12.0518,42183.280627546,0
ETL,D,20200316,000000,10.9277,11.4273,10.241,11.24,13662.687939937,0
ETL,D,20200317,000000,11.3023,12.177,10.6784,11.5524,15602.231382431,0
ETL,D,20200318,000000,11.24,11.6145,11.0842,11.365,7824.0180492083,0
ETL,D,20200319,000000,11.8646,13.0509,11.8332,12.5514,18311.866612427,0
ETL,D,20200320,000000,12.2391,12.4264,11.5524,11.7081,21486.705989145,0
ETL,D,20200323,000000,11.5209,11.5209,10.8027,10.8656,6892.178358386,0
ETL,D,20200324,000000,10.9277,11.5524,10.9277,11.5524,4783.730025696,0
ETL,D,20200325,000000,11.7081,11.7081,11.24,11.365,3409.5885461424,0
ETL,D,20200326,000000,11.2715,11.646,11.24,11.24,1398.4752349207,0
ETL,D,20200327,000000,11.5524,11.8018,11.24,11.5524,3824.6937847575,0
ETL,D,20200330,000000,11.5524,11.6145,11.0215,11.5524,2293.0985940051,0
ETL,D,20200331,000000,11.24,11.5838,11.0529,11.3337,5837.2384933537,0
ETL,D,20200401,000000,11.0842,11.2086,10.9277,10.9906,3237.8208611982,0
ETL,D,20200402,000000,10.9906,10.9906,10.5533,10.8656,9359.9074320844,0
ETL,D,20200403,000000,10.7721,10.8341,10.5533,10.8341,4068.0313384285,0
ETL,D,20200406,000000,10.9592,11.2715,10.9592,11.115,4206.8768837584,0
ETL,D,20200407,000000,11.5524,12.177,11.5524,11.8646,11303.745066703,0
ETL,D,20200408,000000,11.7396,11.7396,10.9592,11.4588,7560.6409322939,0
ETL,D,20200409,000000,11.9582,11.9582,11.5524,11.771,2762.5969328525,0
ETL,D,20200414,000000,11.8961,13.301,11.8646,12.9887,17657.718012264,0
ETL,D,20200415,000000,13.301,13.301,12.6764,12.9258,5830.0815064811,0
ETL,D,20200416,000000,12.9258,12.9258,12.4892,12.5514,971.91881730926,0
ETL,D,20200417,000000,12.7386,12.9887,11.9268,12.6135,7390.3046447242,0
ETL,D,20200420,000000,12.4892,12.4892,11.8646,12.114,10369.042581132,0
ETL,D,20200421,000000,12.0205,12.0833,11.2715,11.771,8035.8648606395,0
ETL,D,20200422,000000,11.771,12.0518,11.2715,12.0518,1620.3418279736,0
ETL,D,20200423,000000,12.0833,12.114,11.8018,12.114,1213.8249736057,0
ETL,D,20200424,000000,12.114,12.114,11.7396,12.0518,2991.6205127781,0
ETL,D,20200427,000000,11.8646,11.9268,11.3337,11.6145,8638.4831553187,0
ETL,D,20200428,000000,11.6145,12.302,11.6145,11.8646,4792.3184099432,0
ETL,D,20200429,000000,11.8646,13.176,11.6145,12.7386,16153.319371627,0
ETL,D,20200430,000000,12.8015,12.8637,12.4892,12.4892,6487.0929013926,0
ETL,D,20200504,000000,12.4264,12.4264,11.8646,12.1455,5744.197664009,0
ETL,D,20200505,000000,12.177,12.3327,12.1455,12.2706,4434.4690663094,0
ETL,D,20200506,000000,12.3641,12.3641,12.177,12.177,284.84807753246,0
ETL,D,20200507,000000,12.2391,12.2391,11.9582,11.9582,2068.3692062031,0
ETL,D,20200508,000000,11.9582,12.302,11.9582,12.2706,1235.2959342237,0
ETL,D,20200511,000000,12.2391,12.4264,12.2391,12.3641,2341.7661047393,0
ETL,D,20200512,000000,12.3641,12.3641,12.177,12.2391,1196.6482051113,0
ETL,D,20200513,000000,12.2391,12.2391,11.9897,12.114,2606.5746190282,0
ETL,D,20200514,000000,12.114,12.114,11.7081,11.8646,2278.7846202597,0
ETL,D,20200515,000000,12.0205,12.2706,12.0205,12.2391,2022.564490218,0
ETL,D,20200518,000000,12.2391,12.2391,12.0833,12.114,689.93353452587,0
ETL,D,20200519,000000,12.0833,12.4892,12.0833,12.177,2021.1330928434,0
ETL,D,20200520,000000,12.3641,13.3631,12.3641,13.3631,12423.097813589,0
ETL,D,20200521,000000,13.3631,13.8627,12.8637,13.8627,7958.5694024146,0
ETL,D,20200522,000000,13.9255,13.9255,12.9258,12.9887,8817.4078271356,0
ETL,D,20200525,000000,13.4254,13.4254,12.9258,12.9258,3117.5834817372,0
ETL,D,20200526,000000,12.9258,13.3631,12.8015,13.3631,4433.0376689349,0
ETL,D,20200527,000000,13.3631,13.6755,13.1137,13.5504,4600.5111617555,0
ETL,D,20200528,000000,13.6755,13.6755,13.1137,13.301,3104.7009053664,0
ETL,D,20200529,000000,13.176,13.4254,13.1137,13.4254,682.77654765319,0
ETL,D,20200601,000000,13.301,13.4254,13.1137,13.4254,2502.0826106872,0
ETL,D,20200602,000000,13.4254,13.4254,13.1137,13.3631,1242.4529210964,0
ETL,D,20200603,000000,13.3631,13.4254,13.2381,13.4254,5951.7502833165,0
ETL,D,20200604,000000,13.7376,14.2371,13.6755,14.1749,8668.542500184,0
ETL,D,20200605,000000,14.1749,14.6122,13.9877,14.4872,8785.9170848958,0
ETL,D,20200608,000000,14.5495,14.6745,14.3001,14.4872,3597.1016022065,0
ETL,D,20200609,000000,14.4872,14.4872,14.1128,14.3001,2006.8191190981,0
ETL,D,20200610,000000,14.3622,14.3622,14.3001,14.3001,1188.059820864,0
ETL,D,20200612,000000,14.0499,14.0499,12.8015,13.4254,18648.244995442,0
ETL,D,20200615,000000,13.4882,13.6133,13.176,13.3631,2132.7820880571,0
ETL,D,20200616,000000,13.176,13.5504,13.1137,13.4254,26529.518939631,0
ETL,D,20200617,000000,13.4254,13.4254,12.8637,13.0509,4329.9770579684,0
ETL,D,20200618,000000,13.176,13.176,12.8015,12.8015,6942.2772664947,0
ETL,D,20200619,000000,12.8637,12.9887,12.8015,12.9258,5392.0739098733,0
ETL,D,20200622,000000,12.9887,12.9887,12.2391,12.6764,13904.594096232,0
ETL,D,20200623,000000,12.8015,12.8015,12.4892,12.6764,1953.8574162403,0
ETL,D,20200624,000000,12.6764,12.6764,12.3641,12.3641,2417.6301655896,0
ETL,D,20200625,000000,12.2706,12.6764,12.2706,12.6135,2709.6352299948,0
ETL,D,20200626,000000,12.6135,12.8015,12.6135,12.6135,1428.5345797859,0
ETL,D,20200629,000000,12.3641,12.4892,12.3641,12.4264,661.30558703517,0
ETL,D,20200630,000000,12.4892,12.4892,12.2391,12.4892,1339.7879425648,0
ETL,D,20200701,000000,12.4578,12.8637,12.4578,12.8637,2892.8540939352,0
ETL,D,20200702,000000,12.8637,12.9887,12.4892,12.9887,2794.0876750923,0
ETL,D,20200703,000000,12.9887,13.0509,12.5514,12.8637,2653.8107323879,0
ETL,D,20200706,000000,12.8637,13.1137,12.4264,13.0509,8624.1691815734,0
ETL,D,20200707,000000,13.1137,13.176,12.7386,12.7386,4395.821337197,0
ETL,D,20200708,000000,12.8637,13.1137,12.8637,13.0509,1069.2538387776,0
ETL,D,20200709,000000,12.9887,13.2381,12.9887,13.2381,3555.5910783449,0
ETL,D,20200710,000000,13.4254,13.4254,13.1137,13.4254,1545.9091644978,0
ETL,D,20200713,000000,13.2381,13.3631,13.2381,13.3631,1213.8249736057,0
ETL,D,20200714,000000,13.3631,13.3631,12.9887,13.2381,1282.5320475834,0
ETL,D,20200715,000000,13.2381,13.2381,12.9258,13.2381,2318.8637467467,0
ETL,D,20200716,000000,13.301,13.301,12.9258,13.301,984.80139368008,0
ETL,D,20200717,000000,12.8637,13.301,12.7386,13.301,5329.0924253938,0
ETL,D,20200720,000000,13.301,13.301,12.6135,12.9258,3950.6567537166,0
ETL,D,20200721,000000,12.9887,12.9887,12.6135,12.6135,3409.5885461424,0
ETL,D,20200722,000000,12.7386,12.7386,12.3956,12.4892,4690.6891963512,0
ETL,D,20200723,000000,12.8637,12.8637,12.302,12.3641,4202.5826916348,0
ETL,D,20200724,000000,12.302,12.5514,12.302,12.5514,1251.0413053436,0
ETL,D,20200727,000000,12.5514,12.5514,11.9897,12.2076,16157.613563751,0
ETL,D,20200728,000000,12.3641,12.3641,12.177,12.177,1721.9710415656,0
ETL,D,20200729,000000,12.0205,12.177,12.0205,12.177,1392.7496454226,0
ETL,D,20200730,000000,12.4892,12.4892,11.771,11.8646,4591.9227775083,0
ETL,D,20200731,000000,11.8646,12.2391,11.5524,12.114,1993.9365427273,0
ETL,D,20200803,000000,12.2391,12.2391,11.9582,12.177,468.06694147294,0
ETL,D,20200804,000000,11.9268,12.114,11.8018,12.114,5807.1791484885,0
ETL,D,20200805,000000,11.9897,12.2076,11.9897,12.114,1782.0897312961,0
ETL,D,20200806,000000,12.177,12.177,12.0518,12.114,2081.2517825739,0
ETL,D,20200807,000000,12.114,12.1455,12.114,12.1455,1716.2454520675,0
ETL,D,20200810,000000,12.177,12.177,12.114,12.114,1092.1561967702,0
ETL,D,20200811,000000,12.177,12.302,12.1455,12.302,3641.474920817,0
ETL,D,20200812,000000,12.2706,12.3641,12.2076,12.302,2022.564490218,0
ETL,D,20200813,000000,12.177,12.3956,12.114,12.177,3475.432825371,0
ETL,D,20200814,000000,12.3956,12.3956,12.177,12.177,147.4339295771,0
ETL,D,20200817,000000,12.177,12.177,11.9268,12.114,1156.5690786243,0
ETL,D,20200818,000000,11.9897,12.3641,11.9897,12.2391,4765.121859827,0
ETL,D,20200819,000000,12.2391,12.2391,12.177,12.177,456.61576247666,0
ETL,D,20200820,000000,12.114,12.3327,12.114,12.177,399.35986749526,0
ETL,D,20200821,000000,12.1455,12.2706,12.1455,12.1455,346.39816463747,0
ETL,D,20200824,000000,12.302,12.3641,12.1455,12.177,1106.4701705156,0
ETL,D,20200825,000000,12.177,12.3641,12.177,12.177,292.00506440514,0
ETL,D,20200826,000000,12.177,12.302,12.177,12.302,395.06567537166,0
ETL,D,20200827,000000,12.302,12.302,12.177,12.302,502.42047846178,0
ETL,D,20200828,000000,12.3327,12.3956,12.2706,12.3641,1102.1759783919,0
ETL,D,20200831,000000,12.3956,12.4892,12.177,12.177,2670.9875008823,0
ETL,D,20200901,000000,12.3956,12.3956,12.3956,12.3956,702.81611089668,0
ETL,D,20200902,000000,12.3956,12.4578,12.3956,12.4578,435.14480185864,0
ETL,D,20200903,000000,12.4578,12.4578,12.177,12.3327,1899.4643160079,0
ETL,D,20200904,000000,12.177,12.177,11.9582,11.9582,1394.1810427971,0
ETL,D,20200907,000000,12.177,12.177,11.9268,12.177,522.46004170527,0
ETL,D,20200908,000000,12.302,12.302,11.3337,11.6774,6641.6838178424,0
ETL,D,20200909,000000,11.8332,11.9582,11.8332,11.9582,615.50087105005,0
ETL,D,20200910,000000,11.9897,12.8637,11.9897,12.4892,6464.1905434001,0
ETL,D,20200911,000000,13.7376,15.3612,13.7376,14.9246,86087.100899284,0
ETL,D,20200914,000000,14.6745,14.9246,14.0499,14.3001,42847.44900933,0
ETL,D,20200915,000000,14.4872,14.4872,14.2371,14.3001,6266.6577057142,0
ETL,D,20200916,000000,14.3001,14.6745,14.3001,14.3001,13941.810427971,0
ETL,D,20200917,000000,14.3001,14.3001,14.0499,14.1749,6958.0226376146,0
ETL,D,20200918,000000,14.1749,14.3001,14.1749,14.3001,1480.0648852692,0
ETL,D,20200921,000000,14.1749,14.3001,13.9877,14.1128,8934.7824118475,0
ETL,D,20200922,000000,14.1749,14.6122,14.1128,14.6122,6651.7035994641,0
ETL,D,20200923,000000,14.6122,14.6122,13.9255,13.9255,5727.0208955145,0
ETL,D,20200924,000000,13.8627,14.0499,13.6133,13.8627,4312.800289474,0
ETL,D,20200925,000000,13.4882,13.8627,13.4882,13.8005,4219.7594601292,0
ETL,D,20200928,000000,13.8005,14.1749,13.6133,14.1128,2449.1209078294,0
ETL,D,20200929,000000,14.1749,14.4872,14.0499,14.4251,2235.8426990237,0
ETL,D,20200930,000000,14.4251,14.4872,14.1128,14.2371,4591.9227775083,0
ETL,D,20201001,000000,14.3622,14.3622,14.0499,14.3622,1593.1452778575,0
ETL,D,20201002,000000,14.3622,14.3622,14.0499,14.2371,1998.2307348509,0
ETL,D,20201005,000000,14.1128,14.3622,14.1128,14.3622,7013.8471352215,0
ETL,D,20201006,000000,14.3622,14.4872,14.3001,14.3622,5432.1530363603,0
ETL,D,20201007,000000,14.3622,14.3622,14.3001,14.3622,1129.3725285081,0
ETL,D,20201008,000000,14.1749,14.3622,13.8005,13.8627,8383.6944226515,0
ETL,D,20201009,000000,14.1749,14.1749,13.8627,14.1749,1359.8275058082,0
ETL,D,20201012,000000,14.1749,14.3001,14.0499,14.3001,2165.7042276715,0
ETL,D,20201013,000000,14.3001,14.3001,13.8005,14.0499,1346.9449294374,0
ETL,D,20201014,000000,13.8627,14.2371,13.7376,13.9255,10466.3776026,0
ETL,D,20201015,000000,14.0499,14.0499,13.3631,13.6755,7700.9178749983,0
ETL,D,20201016,000000,13.4254,13.6755,13.301,13.3631,3557.0224757195,0
ETL,D,20201019,000000,13.3631,13.7376,13.1137,13.4254,14482.878635545,0
ETL,D,20201020,000000,13.4254,13.7376,13.4254,13.4882,2337.4719126157,0
ETL,D,20201021,000000,13.6755,14.0499,13.6133,13.6133,3750.2611212817,0
ETL,D,20201022,000000,13.5504,13.6755,13.176,13.4882,5797.1593668667,0
ETL,D,20201023,000000,13.4882,13.4882,13.1137,13.301,3073.2101631266,0
ETL,D,20201026,000000,13.301,13.301,13.1137,13.176,2194.3321751622,0
ETL,D,20201027,000000,13.2381,13.4882,13.1137,13.4882,6447.0137749056,0
ETL,D,20201028,000000,13.3631,13.3631,12.8637,13.1137,5218.8748275546,0
ETL,D,20201029,000000,12.8015,13.2381,12.8015,13.2381,1648.9697754643,0
ETL,D,20201030,000000,12.9887,13.301,12.8637,13.1137,1315.4541871977,0
ETL,D,20201102,000000,13.1137,13.5504,12.8637,13.5504,2566.4954925413,0
ETL,D,20201103,000000,13.4882,13.4882,13.301,13.301,4268.4269708634,0
ETL,D,20201104,000000,13.4254,13.4254,12.9887,13.2381,1417.0834007896,0
ETL,D,20201105,000000,13.0509,13.7376,13.0509,13.7376,5287.5819015323,0
ETL,D,20201106,000000,13.6755,13.9877,13.4254,13.9877,5120.1084087117,0
ETL,D,20201109,000000,13.9877,14.4872,13.5504,14.4872,5316.209849023,0
ETL,D,20201110,000000,14.4872,14.9868,14.4872,14.6745,8489.6178283671,0
ETL,D,20201112,000000,14.6745,14.8616,14.4872,14.6745,3008.7972812726,0
ETL,D,20201113,000000,14.6745,14.6745,14.6122,14.6745,1324.0425714449,0
ETL,D,20201116,000000,14.8616,15.2368,14.7374,15.2368,7079.6914144501,0
ETL,D,20201117,000000,14.9246,14.9246,14.1749,14.6122,12463.176940076,0
ETL,D,20201118,000000,14.3622,14.6745,14.1749,14.6745,4238.3676259981,0
ETL,D,20201119,000000,14.7374,15.6113,14.4251,15.5492,12059.522880457,0
ETL,D,20201120,000000,15.4862,15.5492,15.174,15.5492,2079.8203851994,0
ETL,D,20201123,000000,15.6113,15.6113,15.299,15.299,17583.285348787,0
ETL,D,20201124,000000,15.4242,15.4242,15.174,15.4242,535.34261807609,0
ETL,D,20201125,000000,15.4242,15.4242,14.8616,14.8616,1809.2862814122,0
ETL,D,20201126,000000,14.9868,15.2368,14.6745,15.2368,2290.235799256,0
ETL,D,20201127,000000,15.174,15.299,14.7996,15.1118,3342.3128695392,0
ETL,D,20201130,000000,14.9868,14.9868,14.6745,14.9246,2940.0902072949,0
ETL,D,20201201,000000,14.9868,15.299,14.7996,15.299,1442.8485535313,0
ETL,D,20201202,000000,15.1118,15.5492,15.1118,15.5492,3755.9867107798,0
ETL,D,20201203,000000,15.5492,15.5492,15.2368,15.299,1006.2723542981,0
ETL,D,20201204,000000,15.299,15.9236,15.299,15.9236,2141.3704723044,0
ETL,D,20201207,000000,15.9236,16.7976,15.6113,16.7354,12388.7442766,0
ETL,D,20201208,000000,16.7976,16.8604,16.2359,16.8604,6796.2747342922,0
ETL,D,20201209,000000,17.1099,17.1099,16.4231,16.6726,8533.9911469777,0
ETL,D,20201210,000000,16.7354,16.8604,16.4231,16.8604,1278.2378554598,0
ETL,D,20201211,000000,16.9848,16.9848,16.8604,16.9848,2658.1049245115,0
ETL,D,20201214,000000,16.9848,17.1099,16.6103,16.7976,19362.512285335,0
ETL,D,20201215,000000,16.6103,16.7976,16.6103,16.7976,1658.9895570861,0
ETL,D,20201216,000000,16.7354,16.8604,16.5482,16.7976,7725.2516303654,0
ETL,D,20201217,000000,16.7976,17.1099,16.5482,16.6726,3932.0485878476,0
ETL,D,20201218,000000,16.6726,16.7976,16.5482,16.7354,1942.406237244,0
ETL,D,20201221,000000,16.5482,16.7354,16.2981,16.4231,6432.6998011603,0
ETL,D,20201222,000000,16.4231,16.7354,16.4231,16.6726,455.18436510213,0
ETL,D,20201223,000000,16.6726,16.8604,16.6726,16.8604,24373.834493582,0
ETL,D,20201228,000000,16.9848,17.4843,16.9848,17.1721,6995.2389693525,0
ETL,D,20201229,000000,17.4843,17.4843,17.1721,17.4221,1869.4049711427,0
ETL,D,20201230,000000,17.4843,17.4843,17.2349,17.4843,760.07200587808,0
ETL,D,20210104,000000,17.7967,17.9838,17.6094,17.6722,1525.8696012543,0
ETL,D,20210105,000000,17.6094,17.8594,17.6094,17.7967,1024.8805201671,0
ETL,D,20210107,000000,17.7344,18.2961,17.6094,17.9217,3661.5144840605,0
ETL,D,20210108,000000,18.359,18.4211,17.5472,18.1088,7162.7124621731,0
ETL,D,20210111,000000,18.1717,19.0457,18.1088,18.9835,22042.088170464,0
ETL,D,20210112,000000,18.7334,18.8585,18.484,18.8585,2952.9727836657,0
ETL,D,20210113,000000,18.7956,18.9207,18.484,18.7956,2709.6352299948,0
ETL,D,20210114,000000,18.7956,18.7956,18.4211,18.7956,200.3956324349,0
ETL,D,20210115,000000,18.4211,18.6713,18.4211,18.6713,1046.3514807851,0
ETL,D,20210118,000000,18.4211,18.9207,17.4843,18.9207,9923.8779976511,0
ETL,D,20210119,000000,18.9207,18.9207,18.4211,18.7334,1073.5480309012,0
ETL,D,20210120,000000,18.9207,18.9207,18.4211,18.7956,1896.6015212589,0
ETL,D,20210121,000000,18.8585,19.358,18.7956,19.358,6552.9371806212,0
ETL,D,20210122,000000,19.0457,19.5452,18.9207,19.5452,4169.6605520205,0
ETL,D,20210125,000000,19.5452,19.7953,19.358,19.7953,4304.2119052267,0
ETL,D,20210126,000000,19.5452,20.4192,19.5452,20.232,4322.8200710957,0
ETL,D,20210127,000000,19.9826,20.0447,19.358,20.0447,8576.9330682137,0
ETL,D,20210128,000000,19.4831,20.4192,19.358,20.4192,9966.8199188872,0
ETL,D,20210129,000000,19.9826,21.0438,19.9826,20.9816,5058.5583216067,0
ETL,D,20210201,000000,20.9186,21.231,20.2948,21.231,3901.9892429824,0
ETL,D,20210202,000000,21.231,21.4812,20.7315,21.4812,3098.9753158683,0
ETL,D,20210203,000000,21.5433,22.4801,21.231,22.4801,6561.5255648684,0
ETL,D,20210204,000000,22.4801,23.417,20.9816,21.6062,13393.585233524,0
ETL,D,20210205,000000,21.9185,23.2919,21.0438,22.9797,5128.6967929589,0
ETL,D,20210208,000000,22.8546,22.8546,22.0427,22.2929,2254.4508648926,0
ETL,D,20210209,000000,22.2929,22.2929,21.4812,21.7933,834.5046693539,0
ETL,D,20210210,000000,21.7933,21.7933,21.6062,21.6062,1011.9979437962,0
ETL,D,20210211,000000,21.6062,23.417,21.6062,22.4801,16956.333298742,0
ETL,D,20210212,000000,22.4801,22.7303,22.2929,22.7303,3551.2968862213,0
ETL,D,20210215,000000,22.6052,23.0425,22.4179,23.0425,7292.9696232558,0
ETL,D,20210216,000000,23.0425,23.542,22.9174,23.4791,4810.9265758121,0
ETL,D,20210217,000000,23.417,23.417,22.6052,23.1047,2075.5261930757,0
ETL,D,20210218,000000,23.417,23.6042,22.8546,22.9174,3398.1373671461,0
ETL,D,20210219,000000,22.8546,23.417,22.4801,23.2297,2938.6588099204,0
ETL,D,20210222,000000,22.7303,22.7924,21.9806,22.4179,6050.5167021594,0
ETL,D,20210223,000000,22.3551,22.3551,21.6683,21.9185,1238.1587289728,0
ETL,D,20210224,000000,21.6683,22.6673,21.231,22.6052,5685.510371653,0
ETL,D,20210225,000000,21.6062,23.1669,21.6062,23.1669,15265.852999416,0
ETL,D,20210226,000000,22.6052,23.417,22.4801,23.417,9421.4575191894,0
ETL,D,20210301,000000,23.4791,24.6661,23.3541,24.6661,9747.8161205833,0
ETL,D,20210302,000000,24.3538,24.3538,23.4791,23.4791,1285.3948423324,0
ETL,D,20210303,000000,23.9164,24.1038,23.4791,24.1038,2175.7240092932,0
ETL,D,20210304,000000,24.0415,24.0415,23.0425,23.1047,2431.944139335,0
ETL,D,20210305,000000,23.1047,23.1047,22.8546,22.9797,575.42174456307,0
ETL,D,20210308,000000,22.8546,24.2288,22.5423,24.2288,4759.3962703289,0
ETL,D,20210309,000000,23.7293,23.7293,23.3541,23.4791,795.85694024146,0
ETL,D,20210310,000000,23.7293,24.0415,23.2919,23.542,1551.6347539959,0
ETL,D,20210311,000000,23.2297,23.9787,23.2297,23.8544,1372.7100821791,0
ETL,D,20210312,000000,23.417,23.7293,23.417,23.7293,1550.2033566214,0
ETL,D,20210315,000000,23.7293,23.7293,23.3541,23.6042,1618.9104305991,0
ETL,D,20210316,000000,23.6042,23.6042,23.1047,23.2297,735.73825051099,0
ETL,D,20210317,000000,23.2297,23.9787,22.6673,23.9787,6488.5242987672,0
ETL,D,20210318,000000,23.2919,24.6032,23.2919,24.6032,3691.5738289258,0
ETL,D,20210319,000000,23.9787,24.2288,23.7914,23.9787,2006.8191190981,0
ETL,D,20210322,000000,23.9787,23.9787,23.417,23.7293,735.73825051099,0
ETL,D,20210323,000000,23.7293,23.7293,23.3541,23.417,1311.1599950741,0
ETL,D,20210324,000000,23.3541,23.417,23.3541,23.417,148.86532695164,0
ETL,D,20210325,000000,23.3541,23.417,21.9806,22.4801,5795.7279694922,0
ETL,D,20210326,000000,22.3551,22.4801,21.2939,21.8556,10947.327120444,0
ETL,D,20210329,000000,21.8556,21.8556,21.0438,21.1066,6892.178358386,0
ETL,D,20210330,000000,21.0438,21.2939,19.5452,20.5442,26632.579550599,0
ETL,D,20210331,000000,22.1679,22.7303,22.1679,22.6673,8194.7499692129,0
ETL,D,20210401,000000,22.6673,24.1658,22.3551,24.1658,4659.1984541114,0
ETL,D,20210406,000000,23.7293,24.1658,23.4791,23.6664,1511.555627509,0
ETL,D,20210407,000000,23.6042,24.4782,23.6042,24.4782,5432.1530363603,0
ETL,D,20210408,000000,24.3538,24.3538,23.9164,24.0415,715.6986872675,0
ETL,D,20210409,000000,23.9787,23.9787,23.542,23.9787,2894.2854913098,0
ETL,D,20210412,000000,24.1038,24.1038,23.542,23.542,916.0943197024,0
ETL,D,20210413,000000,23.542,23.6042,23.417,23.6042,792.99414549239,0
ETL,D,20210414,000000,23.7293,24.3538,23.417,24.3538,5745.6290613835,0
ETL,D,20210415,000000,24.1658,24.1658,23.8544,24.1658,890.32916696077,0
ETL,D,20210416,000000,23.9164,24.3538,23.6664,24.0415,3285.0569745578,0
ETL,D,20210419,000000,27.6632,27.6632,26.6013,27.1636,31686.843680081,0
ETL,D,20210420,000000,27.1636,27.6632,26.8514,27.4759,9646.1869069914,0
ETL,D,20210421,000000,27.6632,27.6632,26.8514,26.8514,4241.2304207472,0
ETL,D,20210422,000000,27.5382,27.8503,27.4759,27.8503,5423.5646521131,0
ETL,D,20210423,000000,28.1627,28.1627,27.6009,28.0376,1992.5051453527,0
ETL,D,20210426,000000,28.0376,28.4749,28.0376,28.4128,5171.638714195,0
ETL,D,20210427,000000,28.4128,28.4128,28.2877,28.2877,1441.4171561567,0
ETL,D,20210428,000000,28.4128,28.4128,28.1627,28.3499,3270.7430008125,0
ETL,D,20210429,000000,28.3499,28.4128,28.0376,28.3499,2303.1183756268,0
ETL,D,20210430,000000,28.3499,29.7241,28.3499,29.3489,4883.9278419134,0
ETL,D,20210504,000000,29.6612,30.0985,29.6612,30.0357,12179.760259918,0
ETL,D,20210505,000000,30.1608,30.8475,30.0985,30.7231,5489.4089313417,0
ETL,D,20210506,000000,30.5981,30.7853,30.348,30.348,3630.0237418208,0
ETL,D,20210507,000000,30.9104,30.9725,30.348,30.7231,3973.5591117092,0
ETL,D,20210510,000000,30.7231,30.9104,30.5981,30.8475,4493.1563586654,0
ETL,D,20210511,000000,30.8475,30.9104,30.5981,30.5981,2849.9121726992,0
ETL,D,20210512,000000,30.6602,30.7853,30.6602,30.7231,1222.4133578529,0
ETL,D,20210513,000000,30.7231,30.7231,29.8484,30.473,6070.5562654029,0
ETL,D,20210514,000000,30.5359,31.0354,30.5359,30.8475,5078.5978848502,0
ETL,D,20210517,000000,31.0354,32.471,31.0354,31.8472,7730.9772198635,0
ETL,D,20210518,000000,31.9715,32.2216,30.4108,31.2226,13436.52715476,0
ETL,D,20210519,000000,31.0975,31.4721,31.0975,31.4721,3635.7493313189,0
ETL,D,20210520,000000,31.2226,31.8472,31.0354,31.5971,8695.7390503001,0
ETL,D,20210521,000000,31.5971,32.2216,31.4721,32.2216,4956.9291080147,0
ETL,D,20210524,000000,32.2216,32.2216,31.0354,32.2216,11014.602797047,0
ETL,D,20210525,000000,32.2216,32.3467,31.9715,32.3467,6220.8529897291,0
ETL,D,20210526,000000,32.471,33.8453,32.471,33.8453,12016.580959221,0
ETL,D,20210527,000000,33.8453,34.4698,33.4708,34.4698,11756.066637056,0
ETL,D,20210528,000000,34.5941,35.9684,34.0947,35.7182,14497.192609291,0
ETL,D,20210531,000000,36.0934,37.3418,35.9684,36.4678,34357.831180964,0
ETL,D,20210601,000000,36.7473,36.7473,33.1145,33.394,26960.369549367,0
ETL,D,20210602,000000,33.1843,33.1843,31.2282,32.1365,15792.607233245,0
ETL,D,20210604,000000,31.4378,31.7173,30.3899,30.5995,9670.5206623585,0
ETL,D,20210607,000000,30.5296,31.4378,30.3899,31.1584,5110.0886270899,0
ETL,D,20210608,000000,31.1584,32.835,30.5995,31.9967,6846.3736424009,0
ETL,D,20210609,000000,32.346,32.346,31.2981,31.2981,3944.9311642185,0
ETL,D,20210610,000000,31.4378,31.8569,30.7392,31.4378,3710.1819947947,0
ETL,D,20210611,000000,31.5775,32.0666,31.1584,31.2981,2754.0085486053,0
ETL,D,20210614,000000,31.2981,31.5775,30.7392,30.8091,5605.3521186791,0
ETL,D,20210615,000000,30.8091,30.8091,27.7351,28.3639,89257.646083879,0
ETL,D,20210616,000000,28.9228,28.9228,27.316,27.8748,13405.03641252,0
ETL,D,20210617,000000,27.5255,27.8748,27.1064,27.2462,6713.2536865691,0
ETL,D,20210618,000000,27.1763,27.5954,27.1064,27.3858,6999.5331614761,0
ETL,D,20210621,000000,27.0365,27.5255,26.8968,27.2462,1912.3468923788,0
ETL,D,20210622,000000,27.1064,29.0625,27.1064,28.294,7155.5554753005,0
ETL,D,20210623,000000,27.9447,28.4338,27.7351,27.7351,4458.8028216765,0
ETL,D,20210624,000000,27.9447,28.1543,27.5954,27.7351,3605.6899864537,0
ETL,D,20210625,000000,27.3858,27.8748,27.0365,27.2462,10215.883062056,0
ETL,D,20210628,000000,27.1763,27.7351,26.9666,27.2462,2356.0800784846,0
ETL,D,20210629,000000,27.5255,27.7351,27.2462,27.7351,1321.1797766958,0
ETL,D,20210630,000000,27.8049,27.8049,27.1064,27.3858,1752.0303864308,0
ETL,D,20210701,000000,27.5954,28.783,27.2462,28.6433,4948.3407237675,0
ETL,D,20210702,000000,28.9228,30.0406,28.6433,29.831,4152.483783526,0
ETL,D,20210705,000000,29.0625,29.831,28.8529,29.5516,5181.6584958167,0
ETL,D,20210706,000000,29.6214,29.9009,29.2721,29.831,3675.8284578059,0
ETL,D,20210707,000000,29.831,29.831,29.4118,29.6913,2340.3347073647,0
ETL,D,20210708,000000,29.342,29.342,28.6433,29.0625,1318.3169819467,0
ETL,D,20210709,000000,29.2022,29.9009,29.2022,29.6214,1332.6309556921,0
ETL,D,20210712,000000,29.6214,30.32,29.4817,30.32,1441.4171561567,0
ETL,D,20210713,000000,30.32,31.2981,30.1104,30.32,5344.8377965137,0
ETL,D,20210714,000000,30.3899,31.0186,30.3899,30.7392,443.73318610585,0
ETL,D,20210715,000000,30.7392,31.2981,30.3899,30.7392,857.40702734646,0
ETL,D,20210716,000000,31.1584,31.1584,30.3899,30.7392,1279.6692528343,0
ETL,D,20210719,000000,31.0186,31.3679,29.342,30.3899,30236.838139677,0
ETL,D,20210720,000000,29.342,29.9707,28.0146,28.7132,7698.0550802492,0
ETL,D,20210721,000000,28.8529,29.0625,27.9447,28.0845,5695.5301532748,0
ETL,D,20210722,000000,28.3639,28.5735,28.294,28.4338,1305.4344055759,0
ETL,D,20210723,000000,28.5735,28.6433,28.0845,28.294,4224.0536522528,0
ETL,D,20210726,000000,28.294,28.4338,27.9447,27.9447,4892.5162261606,0
ETL,D,20210727,000000,28.0845,28.0845,27.8748,27.8748,1502.9672432617,0
ETL,D,20210728,000000,27.9447,27.9447,26.6173,27.1064,18019.861548021,0
ETL,D,20210729,000000,26.827,28.1543,26.827,28.0146,6501.406875138,0
ETL,D,20210730,000000,28.1543,30.4597,27.9447,29.342,5538.0764420759,0
ETL,D,20210802,000000,28.6433,29.6913,28.6433,29.0625,3219.2126953292,0
ETL,D,20210803,000000,29.0625,29.831,29.0625,29.4817,1170.8830523696,0
ETL,D,20210804,000000,29.831,30.0406,29.4817,29.9707,1133.6667206317,0
ETL,D,20210805,000000,29.6214,29.9707,29.2022,29.9707,1935.2492503713,0
ETL,D,20210806,000000,29.9009,29.9707,29.4118,29.9707,359.28074100828,0
ETL,D,20210809,000000,29.9707,29.9707,29.4118,29.9707,794.42554286692,0
ETL,D,20210810,000000,29.9009,30.2501,29.5516,30.1803,357.84934363375,0
ETL,D,20210811,000000,30.1104,30.1803,29.5516,29.9009,762.93480062715,0
ETL,D,20210812,000000,29.9009,30.1104,29.4118,29.6913,954.74204881484,0
ETL,D,20210813,000000,30.0406,30.0406,30.0406,30.0406,261.9457195399,0
ETL,D,20210816,000000,30.0406,30.0406,28.3639,29.6913,1475.7706931456,0
ETL,D,20210817,000000,29.6913,29.6913,29.2721,29.6913,114.5117899628,0
ETL,D,20210818,000000,29.9009,30.0406,29.342,29.342,1251.0413053436,0
ETL,D,20210819,000000,29.2721,29.2721,28.6433,29.0625,2006.8191190981,0
ETL,D,20210820,000000,29.342,29.342,27.8049,28.1543,8521.1085706068,0
ETL,D,20210823,000000,27.9447,28.4338,27.8748,28.0845,1862.24798427,0
ETL,D,20210824,000000,28.1543,28.6433,28.0845,28.2242,695.65912402401,0
ETL,D,20210825,000000,28.3639,28.5735,28.294,28.5735,292.00506440514,0
ETL,D,20210826,000000,28.5735,28.783,28.2242,28.5037,3426.7653146368,0
ETL,D,20210827,000000,28.1543,28.5037,28.1543,28.294,1019.1549306689,0
ETL,D,20210830,000000,28.294,28.8529,28.294,28.294,2011.1133112217,0
ETL,D,20210831,000000,28.294,28.294,28.0845,28.0845,267.67130903804,0
ETL,D,20210901,000000,28.0845,28.6433,28.0845,28.6433,1189.4912182386,0
ETL,D,20210902,000000,28.6433,28.6433,27.8748,28.2242,3147.6428266025,0
ETL,D,20210903,000000,27.9447,28.3639,27.8748,27.9447,971.91881730926,0
ETL,D,20210906,000000,28.2242,28.783,28.2242,28.5037,1405.6322217934,0
ETL,D,20210907,000000,29.0625,29.6214,28.4338,28.6433,1983.9167611055,0
ETL,D,20210908,000000,28.9228,29.342,28.5037,29.2721,1945.2690319931,0
ETL,D,20210909,000000,29.2721,29.6913,29.1323,29.342,1815.0118709104,0
ETL,D,20210910,000000,27.9447,28.2242,27.5954,27.9447,12713.67148062,0
ETL,D,20210913,000000,27.5954,27.8049,27.4557,27.5954,4493.1563586654,0
ETL,D,20210914,000000,27.6653,27.8049,26.827,27.6653,6697.5083154493,0
ETL,D,20210915,000000,27.316,27.6653,27.316,27.5255,253.35733529269,0
ETL,D,20210916,000000,27.6653,27.8748,27.6653,27.6653,1140.8237075044,0
ETL,D,20210917,000000,27.5954,27.9447,27.2462,27.4557,1043.488686036,0
ETL,D,20210920,000000,27.9447,27.9447,26.6872,26.8968,5303.3272726522,0
ETL,D,20210921,000000,26.6872,27.2462,26.6872,27.1064,844.52445097565,0
ETL,D,20210922,000000,27.2462,27.3858,27.1763,27.1763,599.75549993016,0
ETL,D,20210923,000000,26.9666,27.4557,26.9666,27.2462,689.93353452587,0
ETL,D,20210924,000000,27.2462,27.3858,27.2462,27.2462,697.09052139854,0
ETL,D,20210927,000000,27.2462,27.2462,26.827,27.2462,488.10650471643,0
ETL,D,20210928,000000,27.2462,27.5954,26.4078,26.5474,4569.0204195157,0
ETL,D,20210929,000000,26.4078,27.0365,26.4078,26.9666,997.68397005089,0
ETL,D,20210930,000000,26.8968,26.8968,26.7571,26.8968,1180.9028339914,0
ETL,D,20211001,000000,27.0365,27.0365,26.4078,26.9666,1554.497548745,0
ETL,D,20211004,000000,26.268,27.1763,26.1981,26.1981,3091.8183289956,0
ETL,D,20211005,000000,26.1981,26.5474,25.1502,25.8489,8116.0231136134,0
ETL,D,20211006,000000,25.5694,25.9887,25.4996,25.8489,1640.3813912171,0
ETL,D,20211007,000000,25.9188,25.9887,25.2201,25.9887,6020.4573572942,0
ETL,D,20211008,000000,26.1283,26.8968,26.1283,26.5474,2134.2134854317,0
ETL,D,20211011,000000,26.5474,26.827,26.5474,26.6872,1140.8237075044,0
ETL,D,20211012,000000,26.827,27.0365,26.6872,27.0365,1501.5358458872,0
ETL,D,20211013,000000,27.0365,27.7351,26.6872,27.6653,1793.5409102924,0
ETL,D,20211014,000000,27.2462,27.7351,27.2462,27.2462,353.55515151014,0
ETL,D,20211015,000000,27.6653,27.6653,27.5954,27.5954,87.315239846635,0
ETL,D,20211018,000000,27.2462,27.2462,26.9666,27.2462,744.3266347582,0
ETL,D,20211019,000000,27.0365,27.2462,26.6872,27.1064,1819.306063034,0
ETL,D,20211020,000000,26.8968,27.1763,26.5474,26.8968,3053.1705998832,0
ETL,D,20211021,000000,26.8968,26.8968,26.1981,26.827,1988.2109532291,0
ETL,D,20211022,000000,26.6173,26.7571,26.6173,26.6173,762.93480062715,0
ETL,D,20211025,000000,26.7571,26.8968,26.7571,26.827,677.05095815505,0
ETL,D,20211026,000000,26.3379,26.827,26.1283,26.7571,1467.1823088984,0
ETL,D,20211027,000000,26.7571,26.7571,26.268,26.5474,841.66165622658,0
ETL,D,20211028,000000,26.5474,26.5474,26.1283,26.4776,1146.5492970025,0
ETL,D,20211029,000000,26.4776,26.5474,26.1283,26.5474,1504.3986406363,0
ETL,D,20211102,000000,26.6173,26.7571,26.268,26.5474,2702.4782431221,0
ETL,D,20211103,000000,26.7571,26.7571,26.5474,26.5474,233.3177720492,0
ETL,D,20211104,000000,26.5474,26.7571,26.4078,26.5474,1491.5160642655,0
ETL,D,20211105,000000,26.6872,27.4557,26.5474,27.4557,2251.5880701436,0
ETL,D,20211108,000000,27.5255,27.5954,27.4557,27.4557,2324.5893362448,0
ETL,D,20211109,000000,27.5954,27.5954,27.2462,27.316,648.42301066435,0
ETL,D,20211110,000000,27.316,27.4557,27.2462,27.4557,672.75676603145,0
ETL,D,20211112,000000,27.5954,27.5954,27.1064,27.4557,1127.9411311336,0
ETL,D,20211115,000000,27.4557,27.5954,27.1763,27.5255,688.50213715133,0
ETL,D,20211116,000000,27.2462,27.6653,27.1763,27.4557,6547.2115911231,0
ETL,D,20211117,000000,27.4557,27.6653,27.1064,27.5255,1189.4912182386,0
ETL,D,20211118,000000,27.5255,27.5255,26.8968,27.3858,3846.1647453755,0
ETL,D,20211119,000000,27.4557,27.5954,26.6872,27.2462,2848.4807753246,0
ETL,D,20211122,000000,26.5474,27.1763,25.9887,26.4078,4463.0970138001,0
ETL,D,20211123,000000,26.5474,26.5474,26.0585,26.4776,403.65405961887,0
ETL,D,20211124,000000,26.4776,26.4776,26.0585,26.4078,642.69742116621,0
ETL,D,20211125,000000,26.4078,26.6173,26.0585,26.5474,1959.5830057384,0
ETL,D,20211126,000000,26.5474,26.5474,25.9188,26.1981,4288.4665341069,0
ETL,D,20211129,000000,25.9188,26.0585,25.5694,26.0585,2743.9887669836,0
ETL,D,20211130,000000,26.0585,26.3379,25.6393,26.268,1438.5543614077,0
ETL,D,20211201,000000,26.5474,26.827,26.0585,26.5474,349.26095938654,0
ETL,D,20211202,000000,26.5474,26.6173,26.1283,26.1283,495.26349158911,0
ETL,D,20211203,000000,26.5474,26.5474,26.268,26.268,770.09178749983,0
ETL,D,20211206,000000,26.4078,26.4078,25.9188,25.9887,2011.1133112217,0
ETL,D,20211207,000000,26.1283,26.1981,26.0585,26.1981,823.05349035762,0
ETL,D,20211208,000000,26.1981,27.5255,26.1981,26.5474,5310.4842595248,0
ETL,D,20211209,000000,26.4078,26.6872,26.3379,26.4078,1471.476501022,0
ETL,D,20211210,000000,26.4078,26.4078,26.0585,26.0585,1097.8817862683,0
ETL,D,20211213,000000,26.268,26.268,26.0585,26.0585,1527.3009986288,0
ETL,D,20211214,000000,25.9887,26.268,25.7091,25.779,3664.3772788096,0
ETL,D,20211215,000000,26.1283,26.1283,25.7091,25.7091,382.18309900084,0
ETL,D,20211216,000000,25.7091,26.0585,25.7091,26.0585,664.16838178424,0
ETL,D,20211217,000000,25.9887,26.1283,25.9887,26.0585,784.40576124518,0
ETL,D,20211220,000000,25.9887,25.9887,25.5694,25.779,1062.096851905,0
ETL,D,20211221,000000,25.8489,25.8489,25.4996,25.779,2268.764838638,0
ETL,D,20211222,000000,25.6393,25.779,25.4996,25.7091,2424.7871524623,0
ETL,D,20211223,000000,25.7091,25.8489,25.7091,25.7091,5645.431245166,0
ETL,D,20211227,000000,25.779,25.9887,25.779,25.9188,336.37838301572,0
ETL,D,20211228,000000,25.9887,25.9887,25.0804,25.4297,6826.3340791574,0
ETL,D,20211229,000000,25.4996,25.4996,25.2201,25.4297,2480.6116500692,0
ETL,D,20211230,000000,25.7091,26.5474,25.4297,25.7091,6365.4241245571,0
ETL,D,20220103,000000,25.9188,26.6173,25.7091,25.9887,3996.4614697017,0
ETL,D,20220104,000000,26.0585,26.6173,25.9887,26.1981,2482.0430474437,0
ETL,D,20220105,000000,26.1981,26.3379,25.8489,26.0585,4769.4160519506,0
ETL,D,20220107,000000,26.0585,26.1283,25.779,25.9887,2394.7278075971,0
ETL,D,20220110,000000,26.0585,26.1981,25.7091,25.7091,1434.2601692841,0
ETL,D,20220111,000000,26.0585,26.1283,25.779,25.9887,1517.2812170071,0
ETL,D,20220112,000000,25.9887,26.1283,25.9887,26.1283,2722.5178063656,0
ETL,D,20220113,000000,26.3379,26.3379,25.9188,26.1981,1023.4491227925,0
ETL,D,20220114,000000,26.1981,26.268,26.1283,26.1981,1691.9116967004,0
ETL,D,20220117,000000,26.1981,26.1981,25.779,25.9887,4141.0326045298,0
ETL,D,20220118,000000,25.9887,25.9887,25.7091,25.7091,1253.9041000927,0
ETL,D,20220119,000000,25.779,25.779,25.5694,25.779,1807.8548840377,0
ETL,D,20220120,000000,25.779,25.779,25.1502,25.6393,5685.510371653,0
ETL,D,20220121,000000,25.2899,25.2899,24.5914,24.9406,4497.450550789,0
ETL,D,20220124,000000,25.0804,25.0804,23.8228,24.242,8380.8316279024,0
ETL,D,20220125,000000,23.8927,24.3119,22.5653,22.5653,9484.4390036689,0
ETL,D,20220126,000000,23.264,25.1502,23.264,24.5914,5880.1804145898,0
ETL,D,20220127,000000,24.5215,24.5215,23.9626,24.5215,505.28327321085,0
ETL,D,20220128,000000,24.5215,24.5215,23.9626,24.4516,1358.3961084337,0
ETL,D,20220131,000000,23.9626,24.801,23.9626,24.4516,867.42680896821,0
ETL,D,20220201,000000,24.8708,24.9406,24.5215,24.8708,873.15239846635,0
ETL,D,20220202,000000,24.8708,25.4297,24.4516,25.0105,15278.735575786,0
ETL,D,20220203,000000,25.4297,25.4297,24.5215,24.801,2387.5708207244,0
ETL,D,20220204,000000,25.0105,29.7612,25.0105,26.5474,55193.251364695,0
ETL,D,20220207,000000,26.9666,27.5954,25.779,26.4776,22839.376508081,0
ETL,D,20220208,000000,26.827,27.1763,26.4776,26.7571,4070.8941331775,0
ETL,D,20220209,000000,27.1064,27.1064,26.1981,26.5474,2085.5459746975,0
ETL,D,20220210,000000,26.6173,26.6173,26.1981,26.5474,3305.0965378013,0
ETL,D,20220211,000000,26.1283,27.2462,26.1283,26.9666,1077.8422230249,0
ETL,D,20220214,000000,27.1064,27.5255,26.5474,27.2462,40379.719935632,0
ETL,D,20220215,000000,27.316,27.6653,26.8968,27.2462,4788.0242178196,0
ETL,D,20220216,000000,27.8049,28.0146,27.5954,27.5954,1458.5939246512,0
ETL,D,20220217,000000,27.8748,28.0146,26.8968,27.5954,1590.2824831084,0
ETL,D,20220218,000000,26.8968,27.5954,26.8968,27.5954,3137.6230449807,0
ETL,D,20220221,000000,27.5255,27.5255,26.5474,27.1763,5861.5722487208,0
ETL,D,20220222,000000,26.8968,27.4557,26.8968,26.9666,1286.826239707,0
ETL,D,20220223,000000,27.1763,27.2462,26.5474,27.2462,2816.9900330849,0
ETL,D,20220224,000000,26.4776,26.4776,24.801,25.2899,22243.915200274,0
ETL,D,20220225,000000,25.9188,27.4557,25.9188,26.1981,3405.2943540188,0
ETL,D,20220228,000000,26.7571,27.2462,26.7571,27.0365,5812.9047379866,0
ETL,D,20220301,000000,27.2462,27.2462,27.0365,27.2462,1968.1713899856,0
ETL,D,20220302,000000,27.2462,27.2462,26.8968,27.1763,3229.232476951,0
ETL,D,20220303,000000,26.9666,27.9447,26.9666,27.9447,3733.0843527873,0
ETL,D,20220304,000000,27.9447,27.9447,26.7571,27.1763,3254.9976296926,0
ETL,D,20220307,000000,27.0365,27.1064,25.3598,26.268,12898.321741935,0
ETL,D,20220308,000000,26.268,26.9666,26.268,26.268,2466.2976763238,0
ETL,D,20220309,000000,26.9666,27.5255,26.8968,27.4557,1500.1044485127,0
ETL,D,20220310,000000,27.4557,27.4557,26.7571,27.4557,883.17218008809,0
ETL,D,20220311,000000,27.3858,27.3858,26.7571,27.2462,1316.8855845722,0
ETL,D,20220314,000000,26.8968,27.2462,26.6173,27.2462,2134.2134854317,0
ETL,D,20220315,000000,27.2462,27.4557,26.6173,27.2462,3330.8616905429,0
ETL,D,20220316,000000,27.2462,27.2462,26.7571,27.2462,2281.6474150088,0
ETL,D,20220317,000000,27.2462,27.2462,27.2462,27.2462,360.71213838282,0
ETL,D,20220318,000000,27.2462,27.2462,26.7571,27.2462,7466.1687055746,0
ETL,D,20220321,000000,26.8968,27.2462,26.827,27.2462,2735.4003827364,0
ETL,D,20220322,000000,27.2462,27.5954,26.8968,27.2462,11992.247203854,0
ETL,D,20220323,000000,27.5954,28.5735,27.5954,28.5037,7720.9574382418,0
ETL,D,20220324,000000,28.9228,29.0625,28.783,28.783,561.10777081772,0
ETL,D,20220325,000000,29.0625,29.2022,28.6433,28.9926,1656.126762337,0
ETL,D,20220328,000000,29.2022,29.2022,28.6433,29.1323,1374.1414795536,0
ETL,D,20220329,000000,29.1323,29.2022,28.7132,29.1323,528.18563120341,0
ETL,D,20220330,000000,29.2022,29.2022,28.8529,29.2022,267.67130903804,0
ETL,D,20220331,000000,28.783,29.831,28.783,29.831,2002.5249269745,0
ETL,D,20220401,000000,30.7392,31.5076,30.4597,31.5076,9065.0395729301,0
ETL,D,20220404,000000,31.3679,32.0666,31.0186,31.4378,3297.9395509286,0
ETL,D,20220405,000000,31.6474,32.0666,31.0885,31.7872,1706.2256704457,0
ETL,D,20220406,000000,32.0666,32.0666,31.1584,31.6474,316.33881977223,0
ETL,D,20220407,000000,30.9488,31.7872,30.5995,31.6474,1229.5703447256,0
ETL,D,20220408,000000,31.7173,31.8569,30.6693,31.8569,2748.2829591072,0
ETL,D,20220411,000000,31.8569,32.346,31.6474,32.1365,1246.74711322,0
ETL,D,20220412,000000,32.0666,32.0666,31.0186,31.7872,2427.6499472114,0
ETL,D,20220413,000000,31.8569,33.5337,31.0885,33.2542,4095.2278885446,0
ETL,D,20220414,000000,33.1145,33.1145,32.4858,32.835,1948.1318267421,0
ETL,D,20220419,000000,32.835,33.5337,32.6952,33.2542,2380.4138338517,0
ETL,D,20220420,000000,33.2542,33.5337,33.2542,33.2542,1815.0118709104,0
ETL,D,20220421,000000,33.394,33.394,33.0447,33.2542,803.01392711413,0
ETL,D,20220422,000000,33.2542,33.2542,32.6952,33.1145,601.1868973047,0
ETL,D,20220425,000000,33.1843,33.1843,31.4378,32.0666,2190.0379830385,0
ETL,D,20220426,000000,32.0666,32.346,31.7872,32.0666,940.42807506949,0
ETL,D,20220427,000000,32.0666,32.0666,28.9228,30.9488,4106.6790675409,0
ETL,D,20220428,000000,32.0666,32.4858,31.7872,32.4858,611.20667892644,0
ETL,D,20220429,000000,32.4858,32.5556,31.4378,31.5775,1046.3514807851,0
ETL,D,20220502,000000,31.3679,31.3679,29.7612,31.0885,1855.0909973974,0
ETL,D,20220504,000000,30.9488,31.3679,30.9488,30.9488,876.01519321542,0
ETL,D,20220505,000000,31.0885,31.9967,31.0885,31.7872,1182.3342313659,0
ETL,D,20220506,000000,31.9967,31.9967,30.9488,31.4378,314.9074223977,0
ETL,D,20220509,000000,31.4378,31.4378,30.3899,31.0885,2702.4782431221,0
ETL,D,20220510,000000,31.0885,32.6952,31.0885,31.2981,2327.4521309939,0
ETL,D,20220511,000000,31.2981,31.2981,29.4817,31.0186,3844.733348001,0
ETL,D,20220512,000000,31.7173,31.7173,29.6214,31.3679,3715.9075842929,0
ETL,D,20220513,000000,32.0666,32.0666,31.5775,32.0666,2901.4424781824,0
ETL,D,20220516,000000,32.0666,32.1365,31.9967,32.0666,4566.1576247666,0
ETL,D,20220517,000000,32.0666,32.6952,31.9967,32.346,5903.0827725823,0
ETL,D,20220518,000000,32.6952,32.9049,32.4159,32.4858,9600.3821910062,0
ETL,D,20220519,000000,32.5556,33.1843,32.0666,32.1365,4294.192123605,0
ETL,D,20220520,000000,32.835,32.835,31.9967,32.1365,2912.8936571787,0
ETL,D,20220523,000000,32.6255,32.6952,31.4378,32.4159,17510.284082687,0
ETL,D,20220524,000000,32.5556,33.883,32.2761,32.9049,17597.599322533,0
ETL,D,20220525,000000,33.1394,33.2957,31.2636,31.967,7684.3428404712,0
ETL,D,20220526,000000,31.8889,32.0451,31.4981,32.0451,2425.8265110778,0
ETL,D,20220527,000000,32.0451,32.2796,30.5601,31.967,4640.5447023625,0
ETL,D,20220530,000000,32.0451,32.2014,31.2636,31.5762,3683.5203193001,0
ETL,D,20220531,000000,31.7326,32.4359,31.7326,32.4359,1308.8715827176,0
ETL,D,20220601,000000,32.0451,32.6704,32.0451,32.4359,2648.4498301324,0
ETL,D,20220602,000000,31.6544,31.967,31.5762,31.6544,290.4338702609,0
ETL,D,20220603,000000,32.4359,32.4359,31.6544,31.6544,327.53775677,0
ETL,D,20220606,000000,32.2796,32.6704,31.6544,32.5922,1427.8599084192,0
ETL,D,20220607,000000,32.6704,32.6704,31.8889,32.4359,394.06886361391,0
ETL,D,20220608,000000,32.4359,32.4359,31.5762,31.6544,1857.7532141798,0
ETL,D,20220609,000000,32.2796,32.2796,31.4981,31.4981,683.22328951242,0
ETL,D,20220610,000000,31.8107,32.6704,31.5762,32.4359,6923.0734448534,0
ETL,D,20220613,000000,32.4359,32.5922,31.2636,32.0451,1844.958770556,0
ETL,D,20220614,000000,31.8889,31.8889,31.4981,31.4981,52.457218857695,0
ETL,D,20220615,000000,31.3418,31.4981,30.8728,31.1854,1931.960987198,0
ETL,D,20220617,000000,31.8889,31.8889,29.7004,30.1693,4036.6469633178,0
ETL,D,20220620,000000,29.6222,30.4038,29.3877,30.4038,2207.0415251104,0
ETL,D,20220621,000000,29.7004,31.1073,29.7004,31.1073,1023.5554899063,0
ETL,D,20220622,000000,30.5601,30.6383,30.482,30.482,965.98049359902,0
ETL,D,20220623,000000,30.0912,30.3257,28.9188,29.8567,3940.6886361391,0
ETL,D,20220624,000000,30.1693,30.482,29.9349,29.9349,908.4054972918,0
ETL,D,20220627,000000,30.482,30.7946,28.9188,30.7946,3581.1647703095,0
ETL,D,20220628,000000,30.7165,30.7165,29.7004,30.7165,660.19329098953,0
ETL,D,20220629,000000,30.8728,30.8728,29.9349,30.5601,1422.7421309697,0
ETL,D,20220630,000000,30.5601,31.1854,29.8567,30.8728,6632.6395745925,0
ETL,D,20220701,000000,30.013,30.6383,30.013,30.6383,94.678882816328,0
ETL,D,20220704,000000,30.4038,30.6383,29.9349,29.9349,321.14053495809,0
ETL,D,20220705,000000,30.013,30.013,29.8567,29.8567,10279.056007384,0
ETL,D,20220706,000000,29.8567,31.8107,29.8567,30.482,2382.3254027568,0
ETL,D,20220707,000000,30.1693,31.7326,30.1693,31.1073,606.45662776945,0
ETL,D,20220708,000000,30.0912,31.8107,30.0912,31.6544,2428.3853998026,0
ETL,D,20220711,000000,31.5762,31.6544,30.0912,30.0912,510.49830059074,0
ETL,D,20220712,000000,30.2475,30.2475,30.2475,30.2475,34.544997784336,0
ETL,D,20220713,000000,30.0912,30.7946,30.0912,30.6383,1068.3360425896,0
ETL,D,20220714,000000,30.7946,30.7946,30.6383,30.6383,298.1105364352,0
ETL,D,20220715,000000,30.7946,30.7946,30.482,30.482,1408.6682429835,0
ETL,D,20220718,000000,30.7946,30.7946,30.4038,30.7946,116.42943697684,0
ETL,D,20220719,000000,30.7946,31.1073,30.3257,31.0291,2116.2009753812,0
ETL,D,20220720,000000,31.0291,31.6544,30.7165,31.6544,642.28106991617,0
ETL,D,20220721,000000,30.7946,31.5762,30.7946,31.5762,31.98610905957,0
ETL,D,20220722,000000,31.5762,31.5762,30.7946,31.4981,452.92330428352,0
ETL,D,20220725,000000,31.2636,32.3578,30.7165,32.3578,1476.4787941898,0
ETL,D,20220726,000000,32.3578,32.3578,31.967,32.0451,255.88887247656,0
ETL,D,20220727,000000,31.8107,32.3578,30.8728,32.3578,980.05438158524,0
ETL,D,20220728,000000,32.2796,32.5141,32.0451,32.5141,1426.5804640568,0
ETL,D,20220729,000000,32.1233,32.6704,32.1233,32.4359,1310.15102708,0
ETL,D,20220801,000000,32.8267,32.8267,30.7946,31.6544,2205.762080748,0
ETL,D,20220802,000000,31.8107,31.8107,30.6383,31.2636,2601.1103887243,0
ETL,D,20220803,000000,31.6544,31.6544,30.6383,31.4199,1019.7171568191,0
ETL,D,20220804,000000,31.8889,31.8889,30.7165,31.0291,1688.8665583453,0
ETL,D,20220805,000000,31.8107,31.8107,30.482,30.482,3510.7953303784,0
ETL,D,20220808,000000,30.482,30.7946,30.482,30.7165,676.82606770051,0
ETL,D,20220809,000000,30.5601,30.6383,30.4038,30.6383,779.18161669113,0
ETL,D,20220810,000000,30.482,30.7946,30.482,30.6383,237.9766514032,0
ETL,D,20220811,000000,30.6383,30.9509,30.6383,30.9509,440.12886065969,0
ETL,D,20220812,000000,30.9509,31.0291,30.6383,30.8728,744.6366189068,0
ETL,D,20220816,000000,30.8728,30.9509,30.3257,30.7165,1774.589330625,0
ETL,D,20220817,000000,30.7165,30.9509,30.482,30.7946,543.7638540127,0
ETL,D,20220818,000000,30.4038,30.8728,30.1693,30.7946,2598.5514999995,0
ETL,D,20220819,000000,30.8728,30.8728,30.482,30.482,1531.4949017722,0
ETL,D,20220822,000000,30.5601,30.5601,29.7785,30.3257,1723.4115561297,0
ETL,D,20220823,000000,30.3257,30.482,29.8567,30.2475,992.84882520906,0
ETL,D,20220824,000000,30.2475,30.482,30.2475,30.2475,437.56997193492,0
ETL,D,20220825,000000,30.3257,30.3257,30.0912,30.1693,459.32052609543,0
ETL,D,20220826,000000,30.4038,30.6383,30.4038,30.482,2589.5953894628,0
ETL,D,20220829,000000,30.0912,30.482,29.9349,30.0912,1101.6015960116,0
ETL,D,20220830,000000,30.6383,33.921,30.6383,32.8267,37666.84202855,0
ETL,D,20220831,000000,33.6865,33.6865,31.7326,32.3578,3794.8319788274,0
ETL,D,20220901,000000,31.8889,34.7808,31.7326,33.9991,15445.452342685,0
ETL,D,20220902,000000,34.1555,34.1555,32.0451,33.7647,3567.0908823233,0
ETL,D,20220905,000000,33.3739,35.9531,33.2175,35.7968,6266.718486951,0
ETL,D,20220906,000000,35.7968,35.9531,33.7647,35.9531,4847.8146890685,0
ETL,D,20220907,000000,36.0312,36.6565,34.1555,36.6565,6530.2840256019,0
ETL,D,20220908,000000,36.6565,37.5163,35.5623,37.4382,4241.358061299,0
ETL,D,20220909,000000,37.4382,38.0634,37.1255,38.0634,5030.7752328892,0
ETL,D,20220912,000000,38.1415,38.7668,36.891,38.4542,6280.7923749372,0
ETL,D,20220913,000000,39.8611,39.8611,37.7508,38.5323,13718.202453469,0
ETL,D,20220914,000000,38.6886,40.33,38.4542,40.33,7084.2834345136,0
ETL,D,20220915,000000,40.33,40.33,38.6886,39.7047,8420.0233488413,0
ETL,D,20220916,000000,39.8611,39.8611,38.6105,39.5484,2718.8192700635,0
ETL,D,20220919,000000,39.3921,39.8611,38.5323,39.8611,2112.362642294,0
ETL,D,20220920,000000,39.8611,41.1116,39.0794,41.1116,2288.9259643029,0
ETL,D,20220921,000000,41.1116,41.2679,40.6427,41.2679,3679.681986213,0
ETL,D,20220922,000000,41.4242,41.8932,41.1116,41.5805,2608.7870548986,0
ETL,D,20220923,000000,41.5805,41.5805,40.1737,41.4242,1905.092655588,0
ETL,D,20220926,000000,40.9553,41.4242,37.36,38.7668,9485.8005027062,0
ETL,D,20220927,000000,38.2197,39.0013,37.5163,38.6886,3284.3336782367,0
ETL,D,20220928,000000,38.2978,41.2679,38.2978,41.2679,1702.9404463315,0
ETL,D,20220929,000000,40.1737,40.1737,37.9853,38.845,1095.2043741997,0
ETL,D,20220930,000000,37.9853,38.6886,37.2818,38.6886,3730.8597607083,0
ETL,D,20221003,000000,37.5945,38.5323,37.5945,38.1415,463.15885918258,0
ETL,D,20221004,000000,38.2978,38.6886,37.4382,37.9071,2215.997635647,0
ETL,D,20221005,000000,38.2978,39.0013,37.6726,37.9071,733.12161964535,0
ETL,D,20221006,000000,38.6886,38.6886,37.9071,38.6105,262.28609428848,0
ETL,D,20221007,000000,38.6105,38.6105,38.6105,38.6105,29.427220334805,0
ETL,D,20221010,000000,39.0794,39.0794,38.0634,38.6105,1974.1826511567,0
ETL,D,20221011,000000,38.0634,38.376,37.9071,38.376,234.13831831605,0
ETL,D,20221012,000000,38.4542,38.6105,38.376,38.376,395.34830797629,0
ETL,D,20221013,000000,37.9853,38.376,37.9071,38.2978,1638.9682282124,0
ETL,D,20221014,000000,38.2197,38.9231,37.9853,38.9231,968.53938232379,0
ETL,D,20221017,000000,38.9231,39.0013,38.9231,38.9231,221.34387469223,0
ETL,D,20221018,000000,39.0013,39.0013,38.2978,39.0013,973.65715977332,0
ETL,D,20221019,000000,38.0634,38.9231,38.0634,38.9231,387.67164180199,0
ETL,D,20221020,000000,39.0013,39.0013,38.6886,38.9231,873.86049950746,0
ETL,D,20221021,000000,38.1415,38.9231,37.9853,38.9231,791.97606031496,0
ETL,D,20221024,000000,39.0013,39.0013,37.6726,38.845,1807.8548840469,0
ETL,D,20221025,000000,37.9853,38.6886,37.6726,38.5323,1975.4620955191,0
ETL,D,20221026,000000,38.5323,38.5323,38.0634,38.2978,620.53051575566,0
ETL,D,20221027,000000,38.2197,38.2978,37.6726,38.2197,1818.090438946,0
ETL,D,20221028,000000,37.7508,38.5323,37.7508,38.4542,808.60883702594,0
ETL,D,20221031,000000,38.5323,39.0013,38.376,39.0013,8160.2961432776,0
ETL,D,20221102,000000,39.0013,39.0794,38.0634,38.9231,844.43327917266,0
ETL,D,20221103,000000,39.0013,39.0013,37.7508,38.7668,3968.8364121115,0
ETL,D,20221104,000000,38.845,40.4864,38.376,40.1737,8692.5449980288,0
ETL,D,20221107,000000,41.1116,42.3621,40.799,41.7368,3666.8875425891,0
ETL,D,20221108,000000,41.4242,41.4242,40.6427,41.2679,1073.4538200392,0
ETL,D,20221109,000000,41.4242,41.5805,41.2679,41.5805,1206.516033727,0
ETL,D,20221110,000000,41.7368,41.7368,40.33,40.9553,4137.723067946,0
ETL,D,20221114,000000,41.1116,42.5185,40.9553,42.2058,5376.2252107326,0
ETL,D,20221115,000000,42.2058,43.6127,41.8932,43.6127,1381.7999113734,0
ETL,D,20221116,000000,42.9874,44.0817,42.9874,44.0817,6275.6745974877,0
ETL,D,20221117,000000,44.5506,44.8632,43.1437,44.3942,2429.664844165,0
ETL,D,20221118,000000,43.4564,44.7069,43.1437,44.3942,1003.0843801081,0
ETL,D,20221121,000000,44.3942,44.7069,44.3942,44.3942,474.67385844402,0
ETL,D,20221122,000000,43.9254,44.8632,43.769,44.7069,2530.7409487932,0
ETL,D,20221123,000000,44.5506,44.7069,44.5506,44.7069,555.27885327414,0
ETL,D,20221124,000000,44.5506,45.0195,44.3942,44.8632,2214.7181912847,0
ETL,D,20221125,000000,44.5506,45.0195,44.3942,44.8632,701.13551058578,0
ETL,D,20221128,000000,45.0195,47.3643,44.5506,46.7391,9432.0638394861,0
ETL,D,20221129,000000,47.3643,47.9896,44.8632,46.5827,4621.3530369267,0
ETL,D,20221130,000000,46.8954,47.6769,46.1138,47.5206,1884.6215457899,0
ETL,D,20221201,000000,46.4264,47.208,46.1138,46.8954,898.16994239274,0
ETL,D,20221202,000000,46.8954,46.8954,45.9575,46.1138,2566.5653909399,0
ETL,D,20221205,000000,46.7391,46.8954,46.1138,46.8954,4375.6997193492,0
ETL,D,20221206,000000,47.208,48.4585,47.208,48.4585,1443.2132407678,0
ETL,D,20221207,000000,47.6769,48.7712,46.8954,48.6148,1825.7671051203,0
ETL,D,20221208,000000,48.7712,48.7712,47.208,48.1459,2111.0831979316,0
ETL,D,20221209,000000,48.1459,48.4585,46.2701,48.4585,3865.2014187585,0
ETL,D,20221212,000000,48.4585,49.3965,47.5206,49.2401,3042.5186937463,0
ETL,D,20221213,000000,49.2401,49.2401,48.1459,49.2401,4218.3280627761,0
ETL,D,20221214,000000,49.2401,50.0218,49.2401,49.5528,1802.7371065974,0
ETL,D,20221215,000000,49.5528,49.8654,48.3022,48.4585,3941.9680805014,0
ETL,D,20221216,000000,49.0838,49.7091,47.8332,48.4585,2247.9837447066,0
ETL,D,20221219,000000,47.6769,49.0838,46.8954,48.1459,3249.7886804523,0
ETL,D,20221220,000000,48.7712,48.7712,47.6769,47.8332,1559.6426777446,0
ETL,D,20221221,000000,48.6148,48.6148,47.3643,47.6769,953.1860499752,0
ETL,D,20221222,000000,47.6769,47.8332,47.0517,47.208,2538.4176149675,0
ETL,D,20221223,000000,47.3643,47.5206,46.8954,47.208,496.42441260453,0
ETL,D,20221227,000000,47.3643,47.5206,46.4264,47.5206,1371.5643564744,0
ETL,D,20221228,000000,47.6769,48.4585,46.8954,47.0517,3010.5325846868,0
ETL,D,20221229,000000,47.0517,51.5849,47.0517,50.8033,9343.7821784817,0
ETL,D,20221230,000000,50.0218,50.8033,49.5528,50.8033,2071.4204226978,0
ETL,D,20230102,000000,50.8033,50.8033,49.5528,50.4906,3815.3030886256,0
ETL,D,20230103,000000,50.647,51.8975,50.0218,51.8975,1774.589330625,0
ETL,D,20230104,000000,51.4286,51.5849,50.3343,51.4286,2599.8309443619,0
ETL,D,20230105,000000,51.4286,51.5849,50.0218,51.4286,1408.6682429835,0
ETL,D,20230109,000000,51.2722,52.3665,50.9596,51.4286,3538.9431063509,0
ETL,D,20230110,000000,51.4286,52.3665,51.4286,52.3665,1481.5965716393,0
ETL,D,20230111,000000,52.2102,53.1481,51.5849,53.1481,2443.7387321512,0
ETL,D,20230112,000000,53.1481,54.3986,53.1481,54.086,2447.5770652383,0
ETL,D,20230113,000000,53.9296,54.3986,53.3044,53.9296,1141.2643712455,0
ETL,D,20230116,000000,53.9296,56.2745,53.9296,56.2745,3675.8436531258,0
ETL,D,20230117,000000,54.8676,56.2745,53.4607,55.4929,5405.6524310674,0
ETL,D,20230118,000000,55.3365,55.4929,54.3986,55.0239,1192.4421457408,0
ETL,D,20230119,000000,54.7112,54.7112,52.8355,53.4607,2004.8893158539,0
ETL,D,20230120,000000,53.3044,55.0239,53.1481,54.7112,8243.4600268325,0
ETL,D,20230123,000000,54.7112,55.0239,53.7733,54.7112,4811.9902469218,0
ETL,D,20230124,000000,55.0239,57.9939,54.8676,57.056,4041.7647407673,0
ETL,D,20230125,000000,57.8376,60.1824,57.056,60.1824,2549.9326142289,0
ETL,D,20230126,000000,59.2445,59.4008,57.8376,58.1502,3061.7103591821,0
ETL,D,20230127,000000,58.1502,58.4629,56.4307,58.1502,1403.5504655339,0
ETL,D,20230130,000000,58.4629,58.4629,57.056,57.8376,1732.3676666663,0
ETL,D,20230131,000000,57.8376,58.4629,57.8376,58.3066,994.12826957145,0
ETL,D,20230201,000000,58.4629,59.0882,57.9939,57.9939,3537.6636619885,0
ETL,D,20230202,000000,58.6192,59.2445,53.9296,59.0882,6988.3251073349,0
ETL,D,20230203,000000,59.0882,59.2445,57.8376,58.9319,506.65996750359,0
ETL,D,20230206,000000,57.9939,59.4008,57.9939,59.4008,5987.7996159516,0
ETL,D,20230207,000000,59.5571,60.964,59.5571,60.1824,3299.6870105853,0
ETL,D,20230208,000000,60.1824,60.8076,59.7134,60.3387,1404.8299098963,0
ETL,D,20230209,000000,60.3387,60.964,60.3387,60.8076,2826.2925965036,0
ETL,D,20230210,000000,60.8076,60.8076,56.587,57.3686,4329.6397223034,0
ETL,D,20230213,000000,57.3686,58.9319,57.3686,57.8376,223.90276341699,0
ETL,D,20230214,000000,58.9319,60.026,57.3686,59.5571,724.16550910867,0
ETL,D,20230215,000000,59.4008,59.5571,57.8376,58.6192,716.48884293438,0
ETL,D,20230216,000000,58.1502,58.6192,56.8997,57.056,1539.1715679465,0
ETL,D,20230217,000000,57.056,58.4629,57.056,57.8376,1056.8210433282,0
ETL,D,20230220,000000,57.8376,58.1502,57.8376,57.8376,529.68996602648,0
ETL,D,20230221,000000,57.2123,57.8376,53.1481,55.4929,8769.3116597718,0
ETL,D,20230222,000000,55.4929,55.4929,51.8975,55.0239,10875.277080254,0
ETL,D,20230223,000000,55.3365,58.4629,53.9296,58.1502,3442.9847791722,0
ETL,D,20230224,000000,56.8997,58.3066,56.8997,58.3066,1615.9382296895,0
ETL,D,20230227,000000,58.3066,58.3066,57.6813,58.3066,747.19550763156,0
ETL,D,20230228,000000,57.056,58.3066,57.056,58.3066,744.6366189068,0
ETL,D,20230301,000000,57.525,58.3066,57.056,58.3066,2244.1454116195,0
ETL,D,20230302,000000,57.2123,58.7755,57.2123,57.8376,1842.3998818313,0
ETL,D,20230303,000000,57.6813,59.4008,57.6813,59.4008,676.82606770051,0
ETL,D,20230306,000000,60.026,60.026,59.4008,60.026,1471.3610167402,0
ETL,D,20230307,000000,59.5571,60.026,57.6813,60.026,1168.1327028555,0
ETL,D,20230308,000000,60.026,60.026,57.6813,58.6192,2053.5082016244,0
ETL,D,20230309,000000,58.6192,58.6192,57.3686,58.4629,771.50495051684,0
ETL,D,20230310,000000,58.4629,58.4629,57.8376,58.4629,252.05053938941,0
ETL,D,20230313,000000,58.4629,58.6192,57.8376,58.3066,2104.6859761197,0
ETL,D,20230314,000000,58.3066,60.026,58.3066,59.8697,4476.7758239775,0
ETL,D,20230315,000000,59.7134,59.8697,58.7755,59.0882,804.77050393879,0
ETL,D,20230316,000000,59.7134,60.1824,58.1502,58.6192,3776.9197577541,0
ETL,D,20230317,000000,58.6192,60.026,57.9939,59.4008,1763.0743313635,0
ETL,D,20230320,000000,59.2445,59.4008,57.9939,59.4008,942.95049507613,0
ETL,D,20230321,000000,59.4008,59.5571,58.9319,59.4008,358.24442146719,0
ETL,D,20230322,000000,59.4008,59.4008,58.6192,58.6192,704.97384367293,0
ETL,D,20230323,000000,58.1502,58.6192,57.8376,58.4629,752.31328508109,0
ETL,D,20230324,000000,58.4629,60.026,58.4629,59.2445,3375.1742279659,0
ETL,D,20230327,000000,59.5571,62.3709,59.5571,62.2145,4914.3457959124,0
ETL,D,20230328,000000,62.2145,62.3709,60.964,62.2145,2144.3487513536,0
ETL,D,20230329,000000,61.7456,62.3709,60.8076,61.7456,1452.1693513045,0
ETL,D,20230330,000000,61.7456,62.2145,60.8076,61.7456,557.83774199891,0
ETL,D,20230331,000000,61.2766,62.5271,60.964,62.5271,1981.859317331,0
ETL,D,20230403,000000,62.5271,62.5271,56.7433,59.7134,16170.897296156,0
ETL,D,20230404,000000,59.7134,61.5893,59.7134,60.495,8293.3583569654,0
ETL,D,20230405,000000,60.495,60.495,58.9319,59.2445,3205.0081277689,0
ETL,D,20230406,000000,59.8697,59.8697,57.8376,59.4008,2878.7498153613,0
ETL,D,20230411,000000,59.5571,60.1824,58.6192,59.2445,6323.0140388959,0
ETL,D,20230412,000000,58.7755,58.7755,57.056,58.1502,6558.4318015743,0
ETL,D,20230413,000000,57.8376,58.4629,57.8376,58.1502,2227.5126349085,0
ETL,D,20230414,000000,57.6813,58.6192,57.2123,58.4629,8445.612236089,0
ETL,D,20230417,000000,58.1502,60.1824,57.8376,60.1824,6421.5312547993,0
ETL,D,20230418,000000,60.1824,60.964,60.026,60.495,6349.8823705059,0
ETL,D,20230419,000000,60.495,60.964,59.8697,60.964,5003.9069012792,0
ETL,D,20230420,000000,60.964,61.2766,60.1824,61.2766,4155.6352890194,0
ETL,D,20230421,000000,61.4329,61.7456,60.964,61.5893,7250.6112016234,0
ETL,D,20230424,000000,61.2766,61.7456,60.6513,60.8076,5000.068568192,0
ETL,D,20230425,000000,60.8076,61.5893,60.6513,61.4329,2484.6809517474,0
ETL,D,20230426,000000,61.7456,61.7456,60.6513,61.7456,5747.2640758236,0
ETL,D,20230427,000000,61.7456,62.2145,61.5893,62.2145,6743.9512341198,0
ETL,D,20230428,000000,62.2145,62.9961,61.5893,62.8397,5334.003546774,0
ETL,D,20230502,000000,62.9961,63.3087,60.8076,62.0582,11284.699276216,0
ETL,D,20230504,000000,62.5271,62.8397,61.4329,62.2145,23152.825181679,0
ETL,D,20230505,000000,61.9019,62.3709,60.1824,60.1824,15838.241761937,0
ETL,D,20230508,000000,60.026,61.5893,58.6192,60.964,22065.297473654,0
ETL,D,20230509,000000,61.3279,61.6919,60.0541,60.6,6744.623762437,0
ETL,D,20230510,000000,59.8721,61.8739,58.5982,61.8739,7043.554455509,0
ETL,D,20230511,000000,61.6919,63.3297,61.6919,62.7838,2823.356435669,0
ETL,D,20230512,000000,62.7838,63.5117,62.4198,63.3297,3094.811881216,0
ETL,D,20230515,000000,63.5117,65.1495,63.1477,64.2396,2166.148514871,0
ETL,D,20230516,000000,63.6937,64.7856,62.6018,62.7838,1190.227722783,0
ETL,D,20230517,000000,63.5117,63.5117,61.3279,61.3279,949.544554464,0
ETL,D,20230518,000000,61.3279,61.3279,60.0541,61.3279,1406.73267328,0
ETL,D,20230519,000000,61.6919,62.9658,60.964,61.6919,1406.73267328,0
ETL,D,20230522,000000,61.6919,62.7838,61.6919,62.4198,808.871287136,0
ETL,D,20230523,000000,54.5946,55.8685,51.3189,54.4126,19310.702970471,0
ETL,D,20230524,000000,53.3207,53.8667,48.7712,48.9532,28961.108911152,0
ETL,D,20230525,000000,48.9532,52.2288,47.6793,49.1351,14269.544554584,0
ETL,D,20230526,000000,49.1351,50.591,48.7712,49.3171,4690.574257468,0
ETL,D,20230529,000000,50.409,50.409,48.4072,48.4072,3825.653465381,0
ETL,D,20230530,000000,48.4072,48.9532,45.6775,45.8595,13445.287128834,0
ETL,D,20230531,000000,46.0414,46.5874,45.4045,45.4045,5404.930693118,0
ETL,D,20230601,000000,45.4045,46.7694,44.3126,44.7676,6170.940594115,0
ETL,D,20230602,000000,43.4937,44.7676,43.4027,43.8577,15243.26732687,0
ETL,D,20230605,000000,44.1306,44.9495,43.9486,44.4036,3018.980198047,0
ETL,D,20230606,000000,44.9495,45.4045,44.4946,45.2225,3678.386138647,0
ETL,D,20230607,000000,45.2225,47.1333,45.2225,46.0414,4355.376237663,0
ETL,D,20230609,000000,46.5874,47.6793,46.0414,47.3153,4524.623762417,0
ETL,D,20230612,000000,47.4973,48.9532,47.4973,48.9532,6478.663366395,0
ETL,D,20230613,000000,48.9532,48.9532,48.5892,48.9532,1500.148514865,0
ETL,D,20230614,000000,49.1351,49.8631,47.8613,47.8613,5068.633663412,0
ETL,D,20230615,000000,48.2252,48.7712,47.1333,48.4072,2065.039603979,0
ETL,D,20230616,000000,48.4072,48.4072,47.3153,48.2252,1857.32673269,0
ETL,D,20230619,000000,48.2252,48.9532,47.1333,47.6793,2474.970297052,0
ETL,D,20230620,000000,47.6793,48.4072,46.2234,48.4072,2267.257425763,0
ETL,D,20230621,000000,48.5892,49.8631,48.5892,48.7712,1475.970297043,0
ETL,D,20230622,000000,49.8631,49.8631,48.4072,48.5892,982.514851494,0
ETL,D,20230623,000000,49.4991,49.4991,48.9532,48.9532,1173.742574268,0
ETL,D,20230626,000000,48.9532,48.9532,46.5874,48.0432,880.306930701,0
ETL,D,20230627,000000,47.8613,47.8613,44.1306,46.2234,5626.93069312,0
ETL,D,20230628,000000,46.7694,46.7694,44.7676,45.2225,2609.049504974,0
ETL,D,20230629,000000,45.4955,46.7694,45.4955,46.4054,616.544554461,0
ETL,D,20230630,000000,46.5874,46.5874,45.4955,46.2234,2268.356435664,0
ETL,D,20230703,000000,46.2234,46.2234,44.1306,44.6766,7848.029703041,0
ETL,D,20230704,000000,44.4946,45.0405,44.2216,44.5856,2634.326732697,0
ETL,D,20230705,000000,44.5856,45.0405,44.4036,44.9495,2082.623762395,0
ETL,D,20230706,000000,44.9495,45.4045,44.9495,45.4045,3288.237623792,0
ETL,D,20230707,000000,45.4045,45.4045,44.4036,44.5856,1654.009901005,0
ETL,D,20230710,000000,44.5856,44.9495,44.5856,44.5856,871.514851493,0
ETL,D,20230711,000000,44.5856,44.8586,44.5856,44.8586,885.801980206,0
ETL,D,20230712,000000,44.8586,44.8586,42.0378,43.3117,13466.168316953,0
ETL,D,20230713,000000,43.2207,43.4937,42.5838,42.7658,4361.970297069,0
ETL,D,20230714,000000,42.7658,43.2207,40.673,41.8559,9498.742574343,0
ETL,D,20230717,000000,41.8559,41.8559,40.309,40.9459,5388.445544603,0
ETL,D,20230718,000000,41.4009,45.0405,41.4009,44.0396,6090.712871342,0
ETL,D,20230719,000000,44.5856,47.4973,44.5856,47.3153,4369.663366376,0
ETL,D,20230720,000000,47.3153,47.6793,45.3135,45.8595,4903.782178262,0
ETL,D,20230721,000000,45.8595,46.0414,45.1315,45.8595,1996.900990117,0
ETL,D,20230724,000000,45.6775,45.6775,44.6766,45.4045,1139.673267337,0
ETL,D,20230725,000000,45.4045,45.6775,44.5856,44.8586,2234.287128733,0
ETL,D,20230726,000000,44.5856,44.9495,44.5856,44.9495,546.207920797,0
ETL,D,20230727,000000,44.9495,45.0405,44.4036,44.4036,3043.158415869,0
ETL,D,20230728,000000,44.5856,44.9495,44.5856,44.7676,2002.396039622,0
ETL,D,20230731,000000,44.4036,44.7676,43.7667,44.4036,1517.732673281,0
ETL,D,20230801,000000,44.4036,44.5856,43.9486,44.4946,1362.77227724,0
ETL,D,20230802,000000,44.6766,44.6766,41.8559,44.3126,3216.801980227,0
ETL,D,20230803,000000,44.3126,44.5856,43.4027,44.3126,1547.405940608,0
ETL,D,20230804,000000,44.3126,44.7676,44.3126,44.7676,586.871287134,0
ETL,D,20230807,000000,44.7676,44.7676,43.4937,44.5856,1478.168316845,0
ETL,D,20230808,000000,44.5856,44.5856,43.9486,44.2216,2595.861386162,0
ETL,D,20230809,000000,44.5856,44.7676,44.2216,44.6766,1601.257425757,0
ETL,D,20230810,000000,44.6766,44.7676,44.3126,44.4036,581.376237629,0
ETL,D,20230811,000000,44.7676,44.7676,44.4036,44.5856,716.554455452,0
ETL,D,20230814,000000,44.8586,45.0405,44.2216,44.4946,1702.366336649,0
ETL,D,20230816,000000,44.5856,44.5856,42.3108,43.6757,3643.217821815,0
ETL,D,20230817,000000,43.6757,45.0405,43.4027,44.8586,18946.93069324,0
ETL,D,20230818,000000,44.8586,44.8586,43.4937,43.6757,1188.029702981,0
ETL,D,20230821,000000,43.6757,43.6757,43.3117,43.6757,1007.792079217,0
ETL,D,20230822,000000,44.3126,44.3126,44.2216,44.3126,404.435643568,0
ETL,D,20230823,000000,44.3126,45.0405,43.6757,44.4946,978.11881189,0
ETL,D,20230824,000000,44.4946,44.4946,43.6757,44.1306,1473.772277241,0
ETL,D,20230825,000000,44.1306,44.1306,43.6757,44.0396,2879.40594062,0
ETL,D,20230828,000000,44.2216,44.4946,43.4027,44.0396,5600.554455496,0
ETL,D,20230829,000000,43.4937,44.1306,43.4027,43.6757,10807.663366434,0
ETL,D,20230830,000000,43.5847,44.0396,43.5847,44.0396,626.43564357,0
ETL,D,20230831,000000,44.0396,44.4036,43.5847,44.4036,2635.425742598,0
ETL,D,20230901,000000,44.5856,44.5856,43.5847,43.5847,1202.316831694,0
ETL,D,20230904,000000,43.5847,44.0396,43.2207,43.6757,1673.792079223,0
ETL,D,20230905,000000,43.7667,43.7667,41.8559,42.6748,3095.910891117,0
ETL,D,20230906,000000,42.5838,43.6757,41.9468,41.9468,4145.465346572,0
ETL,D,20230907,000000,41.9468,43.1297,41.7649,42.4928,1473.772277241,0
ETL,D,20230908,000000,43.0387,43.0387,41.4009,42.2198,2816.762376263,0
ETL,D,20230911,000000,42.2198,43.1297,40.9459,41.4009,5722.544554507,0
ETL,D,20230912,000000,41.4009,42.1288,40.9459,42.0378,1680.386138629,0
ETL,D,20230913,000000,42.0378,42.7658,40.9459,41.2189,4242.17821786,0
ETL,D,20230914,000000,41.2189,41.7649,40.491,41.7649,1899.089108928,0
ETL,D,20230915,000000,41.7649,41.7649,40.855,40.855,6559.990099069,0
ETL,D,20230918,000000,40.855,40.9459,39.5811,40.036,6145.663366392,0
ETL,D,20230919,000000,39.945,40.036,39.5811,40.036,3466.277227754,0
ETL,D,20230920,000000,40.036,40.036,39.7631,40.036,3506.940594091,0
ETL,D,20230921,000000,40.036,40.036,39.6721,40.036,535.217821787,0
ETL,D,20230922,000000,39.945,39.945,38.8532,39.1261,8714.049505029,0
ETL,D,20230925,000000,39.0351,39.0351,38.3982,38.5802,4966.425742619,0
ETL,D,20230926,000000,36.3964,36.3964,33.0297,34.1216,27982.990099262,0
ETL,D,20230927,000000,34.1216,34.1216,32.7568,32.8477,24359.554455665,0
ETL,D,20230928,000000,32.4838,32.5748,31.9378,32.4838,9562.485148601,0
ETL,D,20230929,000000,32.3928,35.3045,32.1198,34.8495,9505.336633749,0
ETL,D,20231002,000000,34.8495,34.8495,33.5757,34.1216,2734.336633688,0
ETL,D,20231003,000000,34.3946,34.4856,33.4847,34.2126,3228.891089138,0
ETL,D,20231004,000000,34.2126,34.5766,32.3018,34.5766,2487.059405963,0
ETL,D,20231005,000000,34.7586,35.8505,34.1216,34.3036,2047.455445563,0
ETL,D,20231006,000000,34.5766,34.5766,34.0306,34.0306,4487.257425783,0
ETL,D,20231009,000000,33.9396,35.1225,33.9396,34.5766,1188.029702981,0
ETL,D,20231010,000000,35.0315,37.4883,34.5766,37.2153,4150.960396077,0
ETL,D,20231011,000000,37.3063,38.2162,36.3054,37.6703,1960.633663384,0
ETL,D,20231012,000000,37.7613,38.1252,37.3063,37.4883,1404.534653478,0
ETL,D,20231013,000000,37.7613,37.7613,36.4874,37.3063,2100.207920811,0
ETL,D,20231016,000000,37.3063,38.2162,36.3054,36.9423,4694.970297072,0
ETL,D,20231017,000000,37.8523,38.3982,36.3964,37.3063,3430.009901021,0
ETL,D,20231018,000000,37.9432,38.2162,36.8514,37.3063,1910.079207938,0
ETL,D,20231019,000000,36.9423,37.3063,36.3054,36.7604,1012.188118821,0
ETL,D,20231020,000000,36.7604,36.7604,36.3964,36.3964,628.633663372,0
ETL,D,20231023,000000,36.7604,37.3063,36.3054,36.3964,586.871287134,0
ETL,D,20231024,000000,37.2153,37.3063,36.3054,36.3054,3166.247524781,0
ETL,D,20231025,000000,37.4883,37.4883,36.9423,37.2153,1552.900990113,0
ETL,D,20231026,000000,37.4883,37.4883,37.0333,37.4883,1570.485148529,0
ETL,D,20231027,000000,37.4883,38.0342,37.0333,38.0342,1589.168316846,0
ETL,D,20231030,000000,37.9432,38.0342,37.1243,37.3063,4602.653465388,0
ETL,D,20231031,000000,38.0342,38.0342,37.3063,37.6703,1323.207920804,0
ETL,D,20231102,000000,37.7613,38.3982,37.7613,37.7613,1952.940594077,0
ETL,D,20231103,000000,38.3982,38.3982,37.7613,38.2162,1957.336633681,0
ETL,D,20231106,000000,38.2162,39.1261,37.8523,38.3982,3530.019802012,0
ETL,D,20231107,000000,38.4892,38.9441,38.4892,38.8532,1182.534653476,0
ETL,D,20231108,000000,39.1261,39.5811,38.3982,39.4901,2370.564356457,0
ETL,D,20231109,000000,39.4901,39.7631,38.7622,38.8532,1029.772277237,0
ETL,D,20231110,000000,39.3991,39.3991,38.5802,38.7622,564.891089114,0
ETL,D,20231113,000000,38.7622,39.6721,38.5802,39.5811,1053.950495059,0
ETL,D,20231114,000000,39.5811,39.5811,38.8532,39.1261,529.722772282,0
ETL,D,20231115,000000,39.5811,39.945,38.9441,39.7631,1052.851485158,0
ETL,D,20231116,000000,39.7631,39.7631,38.3982,38.9441,1694.673267342,0
ETL,D,20231117,000000,38.3982,38.8532,38.2162,38.8532,3539.910891121,0
ETL,D,20231120,000000,38.6712,38.6712,37.3063,38.1252,1486.960396053,0
ETL,D,20231121,000000,36.4874,36.4874,33.8486,34.6676,24268.336633882,0
ETL,D,20231122,000000,34.6676,35.3955,34.3036,34.7586,5553.297029753,0
ETL,D,20231123,000000,34.7586,35.0315,34.1216,34.3036,8426.108910967,0
ETL,D,20231124,000000,34.3036,34.5766,34.0306,34.3036,3934.45544558,0
ETL,D,20231127,000000,34.4856,34.4856,33.6667,34.1216,6570.980198079,0
ETL,D,20231128,000000,34.0306,34.1216,33.6667,33.6667,6014.881188173,0
ETL,D,20231129,000000,33.6667,34.0306,33.1207,33.6667,1557.297029717,0
ETL,D,20231130,000000,33.8486,34.4856,33.8486,34.3946,1482.564356449,0
ETL,D,20231201,000000,34.3036,34.9405,34.1216,34.1216,2882.702970323,0
ETL,D,20231204,000000,34.1216,34.1216,33.1207,34.0306,3147.564356464,0
ETL,D,20231205,000000,34.0306,34.0306,33.2117,33.6667,6067.633663421,0
ETL,D,20231206,000000,34.1216,34.1216,33.5757,33.5757,2727.742574282,0
ETL,D,20231207,000000,33.9396,34.0306,33.3027,33.7577,1644.118811896,0
ETL,D,20231208,000000,34.1216,34.1216,33.1207,34.0306,5567.584158466,0
ETL,D,20231211,000000,34.0306,34.1216,33.3937,34.0306,4318.009901029,0
ETL,D,20231212,000000,34.0306,34.5766,33.8486,34.5766,3517.930693101,0
ETL,D,20231213,000000,34.8495,35.0315,34.5766,34.7586,2565.089108934,0
ETL,D,20231214,000000,35.0315,35.3955,34.5766,35.3955,2937.653465373,0
ETL,D,20231215,000000,35.3955,36.3054,35.1225,35.3955,5043.356435689,0
ETL,D,20231218,000000,35.9414,36.3964,35.7595,36.3964,5642.316831734,0
ETL,D,20231219,000000,36.5784,39.3991,36.5784,39.1261,9038.257425824,0
ETL,D,20231220,000000,39.2171,39.6721,37.5793,38.0342,5724.742574309,0
ETL,D,20231221,000000,38.0342,38.6712,37.7613,38.2162,2600.257425766,0
ETL,D,20231222,000000,38.2162,39.1261,36.5784,37.9432,3289.336633693,0
ETL,D,20231227,000000,38.2162,38.5802,36.5784,37.4883,7002.891089172,0
ETL,D,20231228,000000,37.7613,37.7613,35.2135,36.3964,4665.297029745,0
ETL,D,20231229,000000,36.3964,36.8514,35.9414,36.7604,2800.277227748,0
ETL,D,20240102,000000,36.7604,39.3991,36.5784,38.6712,3914.673267362,0
ETL,D,20240103,000000,39.1261,40.491,38.8532,40.127,8784.386138693,0
ETL,D,20240104,000000,40.218,41.4009,40.218,41.3099,3998.198019838,0
ETL,D,20240105,000000,41.4009,41.4009,40.4,41.4009,1722.148514867,0
ETL,D,20240108,000000,41.7649,42.1288,40.9459,41.4009,3357.475247555,0
ETL,D,20240109,000000,41.4009,42.3108,41.4009,41.8559,2429.910891111,0
ETL,D,20240110,000000,42.5838,43.2207,42.3108,42.9477,1910.079207938,0
ETL,D,20240111,000000,43.2207,44.4036,43.2207,43.8577,3894.891089144,0
ETL,D,20240112,000000,43.8577,43.8577,40.582,40.673,11848.425742681,0
ETL,D,20240115,000000,40.855,41.7649,40.673,41.4009,4175.138613899,0
ETL,D,20240116,000000,41.4919,41.4919,40.218,40.9459,4630.128712913,0
ETL,D,20240117,000000,40.9459,43.4027,40.491,40.491,5249.970297077,0
ETL,D,20240118,000000,40.582,42.7658,40.491,42.2198,4497.148514892,0
ETL,D,20240119,000000,42.4928,42.4928,40.673,41.4009,739.633663373,0
ETL,D,20240122,000000,41.1279,41.9468,41.1279,41.8559,1438.603960409,0
ETL,D,20240123,000000,41.9468,42.0378,40.127,40.491,3325.603960426,0
ETL,D,20240124,000000,40.491,40.582,39.2171,40.218,1707.861386154,0
ETL,D,20240125,000000,40.218,40.4,37.9432,38.3982,5692.87128718,0
ETL,D,20240126,000000,38.3982,39.3081,37.9432,38.3982,447.297029707,0
ETL,D,20240129,000000,39.1261,40.9459,38.6712,40.673,4083.920792116,0
ETL,D,20240130,000000,40.764,40.9459,39.7631,40.764,986.910891098,0
ETL,D,20240131,000000,40.9459,40.9459,39.6721,40.4,696.772277234,0
ETL,D,20240201,000000,39.8541,40.9459,39.7631,40.9459,1492.455445558,0
ETL,D,20240202,000000,40.9459,40.9459,40.218,40.855,435.207920796,0
ETL,D,20240205,000000,40.855,40.855,40.218,40.764,3726.742574291,0
ETL,D,20240206,000000,40.764,40.764,40.309,40.309,1648.5148515,0
ETL,D,20240207,000000,40.764,40.764,40.218,40.491,1779.297029719,0
ETL,D,20240208,000000,40.673,40.673,40.127,40.309,1118.792079218,0
ETL,D,20240209,000000,40.309,40.673,40.036,40.673,674.792079214,0
ETL,D,20240212,000000,40.036,40.673,39.5811,39.945,1493.554455459,0
ETL,D,20240213,000000,39.7631,39.8541,38.5802,38.7622,1202.316831694,0
ETL,D,20240214,000000,39.3991,39.3991,38.1252,38.8532,1258.366336645,0
ETL,D,20240215,000000,39.1261,40.036,38.9441,39.8541,1469.376237637,0
ETL,D,20240216,000000,39.8541,40.036,39.1261,39.2171,927.564356444,0
ETL,D,20240219,000000,39.2171,40.036,39.2171,40.036,690.178217828,0
ETL,D,20240220,000000,40.036,40.036,39.2171,39.6721,1522.128712885,0
ETL,D,20240221,000000,39.8541,40.036,39.3991,40.036,1782.594059422,0
ETL,D,20240222,000000,40.036,40.127,39.8541,40.127,2413.425742596,0
ETL,D,20240223,000000,40.127,40.673,40.036,40.673,3139.871287157,0
ETL,D,20240226,000000,40.673,40.673,40.218,40.218,1895.792079225,0
ETL,D,20240227,000000,40.218,40.673,40.036,40.4,675.891089115,0
ETL,D,20240228,000000,40.491,40.673,40.036,40.673,968.227722781,0
ETL,D,20240229,000000,40.673,40.673,40.036,40.036,1097.910891099,0
ETL,D,20240301,000000,40.491,40.491,39.3081,40.4,1216.603960407,0
ETL,D,20240304,000000,40.4,40.491,39.4901,40.491,1104.504950505,0
ETL,D,20240305,000000,40.491,40.491,38.4892,39.1261,4467.475247565,0
ETL,D,20240306,000000,39.6721,39.6721,38.3982,39.0351,1418.821782191,0
ETL,D,20240307,000000,39.3081,39.5811,37.9432,39.3991,2027.673267345,0
ETL,D,20240308,000000,39.3991,39.4901,37.8523,38.9441,1913.376237641,0
ETL,D,20240311,000000,39.1261,39.1261,38.8532,39.1261,1871.613861403,0
ETL,D,20240312,000000,38.9441,39.1261,38.7622,38.8532,526.425742579,0
ETL,D,20240313,000000,39.1261,39.1261,38.6712,39.1261,824.25742575,0
ETL,D,20240314,000000,39.1261,39.3081,38.1252,38.9441,3561.891089141,0
ETL,D,20240315,000000,38.9441,38.9441,36.3964,38.2162,4749.920792122,0
ETL,D,20240318,000000,38.2162,38.8532,37.3063,38.2162,426.415841588,0
ETL,D,20240319,000000,38.2162,39.0351,37.3063,38.9441,5623.633663417,0
ETL,D,20240320,000000,38.2162,38.9441,38.2162,38.7622,349.485148518,0
ETL,D,20240321,000000,38.3072,38.3072,37.3063,37.3063,2163.950495069,0
ETL,D,20240322,000000,38.0342,38.0342,36.3964,36.3964,4718.049504993,0
ETL,D,20240325,000000,36.6694,38.2162,36.6694,38.2162,1540.811881202,0
ETL,D,20240326,000000,38.2162,38.2162,37.3063,38.1252,1412.227722785,0
ETL,D,20240327,000000,38.2162,38.2162,37.7613,38.1252,319.811881191,0
ETL,D,20240328,000000,38.1252,38.1252,37.1243,38.1252,1168.247524763,0
ETL,D,20240402,000000,38.1252,38.2162,36.0324,36.4874,5419.217821831,0
ETL,D,20240403,000000,36.4874,37.5793,36.3964,36.7604,1029.772277237,0
ETL,D,20240404,000000,36.7604,37.2153,36.3964,36.7604,4041.059405977,0
ETL,D,20240405,000000,36.7604,37.1243,35.9414,36.3964,2898.089108937,0
ETL,D,20240408,000000,36.6694,38.9441,36.1234,38.9441,5145.564356482,0
ETL,D,20240409,000000,38.7622,38.7622,36.9423,38.2162,1800.178217838,0
ETL,D,20240410,000000,38.2162,38.2162,36.3964,37.4883,5116.990099056,0
ETL,D,20240411,000000,37.3973,37.3973,36.8514,37.2153,833.049504958,0
ETL,D,20240412,000000,37.2153,37.9432,36.3964,37.7613,1861.722772294,0
ETL,D,20240415,000000,37.3063,37.6703,36.7604,37.5793,1153.96039605,0
ETL,D,20240416,000000,37.6703,38.6712,36.3964,37.4883,3850.930693104,0
ETL,D,20240417,000000,38.7622,38.9441,37.3063,37.8523,9127.277227805,0
ETL,D,20240418,000000,37.8523,38.3982,37.4883,38.2162,6995.198019865,0
ETL,D,20240419,000000,38.5802,38.5802,38.3072,38.5802,6141.267326788,0
ETL,D,20240422,000000,38.5802,40.218,38.2162,39.5811,14410.217821912,0
ETL,D,20240423,000000,40.218,41.4919,39.3991,41.2189,17725.930693229,0
ETL,D,20240424,000000,41.6739,44.5856,41.3099,42.7658,14012.37623775,0
ETL,D,20240425,000000,42.7658,43.6757,42.7658,42.7658,3003.594059433,0
ETL,D,20240426,000000,42.9477,43.4937,42.7658,43.1297,2728.841584183,0
ETL,D,20240429,000000,43.3117,43.3117,42.9477,43.1297,1559.495049519,0
ETL,D,20240430,000000,43.1297,43.3117,42.7658,43.3117,3247.574257455,0
ETL,D,20240502,000000,43.3117,43.3117,41.4919,42.3108,3253.06930696,0
ETL,D,20240506,000000,42.3108,44.4036,42.3108,43.2207,9706.455445632,0
ETL,D,20240507,000000,43.4027,43.4027,42.3108,42.7658,5241.178217869,0
ETL,D,20240508,000000,43.0387,43.4027,42.4018,42.8568,23417.702970508,0
ETL,D,20240509,000000,42.8568,43.3117,42.8568,42.9477,1485.861386152,0
ETL,D,20240510,000000,43.2207,43.2207,42.4928,42.6748,4058.643564393,0
ETL,D,20240513,000000,42.4018,43.3117,42.3108,42.3108,9685.574257513,0
ETL,D,20240514,000000,42.3108,42.7658,41.9468,41.9468,1786.990099026,0
ETL,D,20240515,000000,42.2198,42.6748,41.8559,42.4018,2524.425742597,0
ETL,D,20240516,000000,42.4018,42.7658,42.4018,42.6748,1415.524752488,0
ETL,D,20240517,000000,42.6748,43.2207,42.5838,42.7658,5566.485148565,0
ETL,D,20240520,000000,42.8568,42.8568,41.0369,42.4928,19939.336633843,0
ETL,D,20240521,000000,42.7658,42.7658,41.7649,42.6748,4177.336633701,0
ETL,D,20240522,000000,42.7658,42.7658,42.4018,42.4018,2222.198019822,0
ETL,D,20240523,000000,42.6748,42.6748,41.3099,42.3108,6718.247524813,0
ETL,D,20240524,000000,42.3108,42.4928,40.036,40.036,40894.15841621,0
ETL,D,20240527,000000,40.036,40.4,37.7613,38.0342,31234.960396321,0
ETL,D,20240528,000000,39.1261,40.673,38.9441,40.036,12053.940594168,0
ETL,D,20240529,000000,40.036,40.218,38.3072,39.1261,12453.980198132,0
ETL,D,20240531,000000,39.0351,40.9459,38.6712,39.5811,17469.861386296,0
ETL,D,20240603,000000,39.945,40.582,39.5811,40.4,33209.881188418,0
ETL,D,20240604,000000,40.4,40.4,38,39.8,19239,0
ETL,D,20240605,000000,40,40,39,39.7,4599,0
ETL,D,20240606,000000,39.7,39.9,38.3,39.4,6345,0
ETL,D,20240607,000000,39.4,39.4,38.3,38.5,1743,0
ETL,D,20240610,000000,38.5,38.8,37.4,37.9,4019,0
ETL,D,20240611,000000,37.9,37.9,37.1,37.7,4364,0
ETL,D,20240612,000000,37.2,37.7,37.1,37.5,3535,0
ETL,D,20240613,000000,37.6,38.8,37.5,38.8,3270,0
ETL,D,20240614,000000,38.8,38.9,37.7,38.7,1232,0
ETL,D,20240617,000000,38.9,38.9,38.4,38.8,1925,0
ETL,D,20240618,000000,38.9,39,38.6,38.9,3156,0
ETL,D,20240619,000000,38.8,38.9,38.6,38.6,448,0
ETL,D,20240620,000000,38.6,38.9,35.1,38,15616,0
ETL,D,20240621,000000,38.2,38.4,36.9,37.7,7319,0
ETL,D,20240624,000000,36.7,37.6,36.5,37,11335,0
ETL,D,20240625,000000,37.2,37.8,36.5,37,6541,0
ETL,D,20240626,000000,37,37.3,35.9,36.8,5353,0
ETL,D,20240627,000000,37.2,38,37.2,37.5,4440,0
ETL,D,20240628,000000,37.6,38.1,37,37.5,5540,0
ETL,D,20240701,000000,37.5,37.9,36.5,36.6,6011,0
ETL,D,20240702,000000,36.6,37.3,35.5,36,8341,0
ETL,D,20240703,000000,36,36.3,34.5,35.6,16084,0
ETL,D,20240704,000000,35.8,37.2,34.7,35.3,13249,0
ETL,D,20240705,000000,35.4,36.3,35,35.3,8005,0
ETL,D,20240708,000000,35.3,35.8,35.3,35.7,1717,0
ETL,D,20240709,000000,35.7,36,34.9,35.6,2912,0
ETL,D,20240710,000000,35.8,35.8,35.1,35.6,1760,0
ETL,D,20240711,000000,35.6,36,34.9,35.3,5490,0
ETL,D,20240712,000000,35.6,35.6,34.8,34.8,2209,0
ETL,D,20240715,000000,34.8,35.5,34.7,35.2,2910,0
ETL,D,20240716,000000,35.5,35.5,34.5,34.9,6006,0
ETL,D,20240717,000000,34.9,35.2,34.5,35,1422,0
ETL,D,20240718,000000,35.2,35.2,34.5,34.8,1851,0
ETL,D,20240719,000000,34.9,35.5,34.5,35.4,22399,0
ETL,D,20240722,000000,35.5,36,35.2,35.4,2579,0
ETL,D,20240723,000000,35.6,35.6,35.2,35.2,625,0
ETL,D,20240724,000000,35.5,35.6,35.3,35.3,625,0
ETL,D,20240725,000000,35.2,35.5,34.8,35.3,2464,0
ETL,D,20240726,000000,35,35.4,34.6,35.4,2603,0
ETL,D,20240729,000000,35.4,36,35.3,35.5,1612,0
ETL,D,20240730,000000,35.7,35.7,35,35.5,385,0
ETL,D,20240731,000000,35.5,35.7,35.1,35.5,682,0
ETL,D,20240801,000000,35.5,35.8,35.4,35.4,665,0
ETL,D,20240802,000000,35.4,36,35.4,35.8,486,0
ETL,D,20240805,000000,35.3,35.3,34.2,34.5,7294,0
ETL,D,20240806,000000,34.9,35.9,34.8,35.8,2358,0
ETL,D,20240807,000000,35.9,36.2,35.9,35.9,3021,0
ETL,D,20240808,000000,36,36.1,35.3,35.5,486,0
ETL,D,20240809,000000,35.5,35.9,35.4,35.6,566,0
ETL,D,20240812,000000,35.6,36.2,35.4,36.2,1276,0
ETL,D,20240813,000000,36.2,36.2,35.4,35.7,972,0
ETL,D,20240814,000000,35.6,35.9,35.6,35.9,284,0
ETL,D,20240816,000000,36,36.4,35.6,36.4,1769,0
ETL,D,20240819,000000,36.2,36.3,35,36.2,3021,0
ETL,D,20240820,000000,36.2,36.3,35.6,35.8,988,0
ETL,D,20240821,000000,35.8,36,35.5,35.9,1202,0
ETL,D,20240822,000000,35.7,36.2,35.5,36,1705,0
ETL,D,20240823,000000,36.2,36.4,35.8,35.8,1518,0
ETL,D,20240826,000000,36,36.9,35.6,36,1931,0
ETL,D,20240827,000000,36.2,36.2,35.9,35.9,504,0
ETL,D,20240828,000000,36.1,36.5,35.9,36.5,566,0
ETL,D,20240829,000000,36,36.6,35.9,36.6,1040,0
ETL,D,20240830,000000,36.6,37,36.5,36.6,1289,0
ETL,D,20240902,000000,36.8,37.1,36.6,37.1,894,0
ETL,D,20240903,000000,37.2,37.4,36.8,36.8,1016,0
ETL,D,20240904,000000,37.3,37.4,36.6,37,2051,0
ETL,D,20240905,000000,37,37.6,36.7,37,1598,0
ETL,D,20240906,000000,37.7,37.7,37,37,2257,0
ETL,D,20240909,000000,37,37.9,37,37.4,1607,0
ETL,D,20240910,000000,37.4,37.5,37.1,37.5,1241,0
ETL,D,20240911,000000,37.1,37.4,36.6,37.1,3102,0
ETL,D,20240912,000000,36.7,37.1,36.6,37.1,258,0
ETL,D,20240913,000000,37.1,37.5,36.7,37.4,425,0
ETL,D,20240916,000000,37.4,37.4,36,36.6,3053,0
ETL,D,20240917,000000,36.7,37.1,36.6,37,549,0
ETL,D,20240918,000000,37,37.4,36.6,37.4,1661,0
ETL,D,20240919,000000,37.2,37.9,37.2,37.8,1222,0
ETL,D,20240920,000000,37.8,37.9,36.9,37.5,1742,0
ETL,D,20240923,000000,37.5,37.5,36.8,37.5,1075,0
ETL,D,20240924,000000,37,37.7,36.9,37.7,1419,0
ETL,D,20240925,000000,37.1,37.7,37,37.7,1546,0
ETL,D,20240926,000000,37.7,37.7,37.1,37.1,1039,0
ETL,D,20240927,000000,37.3,37.3,37.1,37.2,1216,0
ETL,D,20240930,000000,37.5,37.5,37,37.3,662,0
ETL,D,20241001,000000,37,38.8,37,38.1,1669,0
ETL,D,20241002,000000,38.6,38.7,37.6,38.6,494,0
ETL,D,20241003,000000,38.5,38.6,37.2,37.9,1720,0
ETL,D,20241004,000000,37.7,38,37.1,37.2,588,0
ETL,D,20241007,000000,37.1,37.1,36.1,36.2,1729,0
ETL,D,20241008,000000,37.1,37.1,36.4,36.5,385,0
ETL,D,20241009,000000,36.5,37.4,36.5,36.8,869,0
ETL,D,20241010,000000,36.8,36.9,36.2,36.8,1139,0
ETL,D,20241011,000000,36.7,37,36.4,36.8,297,0
ETL,D,20241014,000000,36.6,37.4,36.1,36.7,1081,0
ETL,D,20241015,000000,36.2,36.8,36.2,36.8,578,0
ETL,D,20241016,000000,36.7,37.2,36.3,37.1,660,0
ETL,D,20241017,000000,36.8,37.2,36.7,36.7,163,0
ETL,D,20241018,000000,37.1,37.4,36.7,37.4,559,0
ETL,D,20241021,000000,37.3,37.4,36.7,37.3,774,0
ETL,D,20241022,000000,37.3,37.3,36.3,36.4,782,0
ETL,D,20241023,000000,36.3,37,36.1,36.4,834,0
ETL,D,20241024,000000,36.4,36.9,36.3,36.7,178,0
ETL,D,20241025,000000,36.4,36.7,36.2,36.5,319,0
ETL,D,20241028,000000,36.5,36.5,36.1,36.5,405,0
ETL,D,20241029,000000,36.4,36.5,36.2,36.5,366,0
ETL,D,20241030,000000,36.3,37,36.2,37,2103,0
ETL,D,20241031,000000,37.1,37.3,36.6,36.6,830,0
ETL,D,20241104,000000,36.8,37,36.4,37,495,0
ETL,D,20241105,000000,37,37,36,36.8,660,0
ETL,D,20241106,000000,36.8,36.9,36.5,36.8,849,0
ETL,D,20241107,000000,36.8,36.8,36.2,36.8,1596,0
ETL,D,20241108,000000,36.9,37,36.6,37,421,0
ETL,D,20241112,000000,36.7,37,35.8,36.4,1894,0
ETL,D,20241113,000000,36.2,36.6,35.9,36.2,649,0
ETL,D,20241114,000000,36,36.4,33.3,35.2,6966,0
ETL,D,20241115,000000,35,35.1,34.4,34.6,1431,0
ETL,D,20241118,000000,34.4,34.8,33.8,34.3,2470,0
ETL,D,20241119,000000,33.9,34,32.8,34,5047,0
ETL,D,20241120,000000,34,34,33.4,33.8,1255,0
ETL,D,20241121,000000,33.8,33.9,33.1,33.4,2350,0
ETL,D,20241122,000000,33.4,33.5,33.2,33.4,1719,0
ETL,D,20241125,000000,33.4,33.5,33.2,33.4,1937,0
ETL,D,20241126,000000,33.3,33.6,33.3,33.5,833,0
ETL,D,20241127,000000,33.5,34.1,33.4,33.8,1618,0
ETL,D,20241128,000000,33.9,34.5,33.9,33.9,1347,0
ETL,D,20241129,000000,34.4,34.4,33.6,33.6,1687,0
ETL,D,20241202,000000,33.5,34.1,33.4,33.5,2413,0
ETL,D,20241203,000000,33.7,33.9,33.1,33.6,1525,0
ETL,D,20241204,000000,33.6,33.8,33.4,33.8,771,0
ETL,D,20241205,000000,33.6,33.9,33.4,33.8,1389,0
ETL,D,20241206,000000,33.8,33.9,33.2,33.4,2752,0
ETL,D,20241209,000000,33.4,34.3,32.9,33.8,4796,0
ETL,D,20241210,000000,33.8,33.9,33.3,33.8,666,0
ETL,D,20241211,000000,33.7,33.7,33.3,33.4,843,0
ETL,D,20241212,000000,33.3,33.5,32.6,33,3753,0
ETL,D,20241213,000000,32.7,33.5,32.6,33.2,3459,0
ETL,D,20241216,000000,33,33.1,32.5,32.6,1604,0
ETL,D,20241217,000000,32.8,32.8,31.6,32,4229,0
ETL,D,20241218,000000,31.6,31.9,31,31.1,4253,0
ETL,D,20241219,000000,31.5,31.5,30.8,30.8,5742,0
ETL,D,20241220,000000,30.6,30.7,29.4,30,14194,0
ETL,D,20241223,000000,30,32,29.8,30.4,5484,0
ETL,D,20241227,000000,30.8,32.6,30.6,31.5,4587,0
ETL,D,20241230,000000,31.5,32.5,30.8,32.5,1161,0
ETL,D,20250102,000000,32.5,34,32.2,34,2778,0
ETL,D,20250103,000000,34.5,35.3,34.5,34.5,2219,0
ETL,D,20250107,000000,35.1,36,35,36,2288,0
ETL,D,20250108,000000,35.5,36,35.5,35.9,1316,0
ETL,D,20250109,000000,35,35,34.5,34.8,1609,0
ETL,D,20250110,000000,34.9,35,34.2,34.6,704,0
ETL,D,20250113,000000,34.3,35.6,34,35.6,3277,0
ETL,D,20250114,000000,35.6,35.6,33.8,34.1,3171,0
ETL,D,20250115,000000,34.2,34.8,33.8,34.8,1497,0
ETL,D,20250116,000000,33.8,34.1,33.5,34.1,1541,0
ETL,D,20250117,000000,34.1,34.6,33.7,34.6,804,0
ETL,D,20250120,000000,34.8,35.1,34,34.8,1377,0
ETL,D,20250121,000000,35.1,35.5,34.8,35.4,739,0
ETL,D,20250122,000000,35.4,35.5,34.8,35.3,1108,0
ETL,D,20250123,000000,35.3,35.3,34.2,35.3,713,0
ETL,D,20250124,000000,35.3,35.9,35,35.9,1538,0
ETL,D,20250127,000000,35.9,36,34.8,35.5,1540,0
ETL,D,20250128,000000,36,36,34.8,35,2325,0
ETL,D,20250129,000000,35,35.4,34.5,34.8,646,0
ETL,D,20250130,000000,35,35.3,34.8,34.9,444,0
ETL,D,20250131,000000,34.9,35.4,30,30,12552,0
ETL,D,20250203,000000,28.5,28.5,25.7,26.1,51952,0
ETL,D,20250204,000000,26.5,28,26.5,27.7,14869,0
ETL,D,20250205,000000,27.7,27.7,26.8,27.1,9348,0
ETL,D,20250206,000000,27.1,27.1,26.5,26.5,8162,0
ETL,D,20250207,000000,26.5,27.3,26.5,26.8,5768,0
ETL,D,20250210,000000,27,27.4,26.5,27,10069,0
ETL,D,20250211,000000,26.9,27.1,26.6,27,5102,0
ETL,D,20250212,000000,27,27.1,26.8,26.9,2520,0
ETL,D,20250213,000000,27,27.1,26.6,26.9,5243,0
ETL,D,20250214,000000,26.9,26.9,26.3,26.6,5415,0
ETL,D,20250217,000000,26.8,26.8,26.3,26.3,3528,0
ETL,D,20250218,000000,26.3,26.8,26.3,26.5,4075,0
ETL,D,20250219,000000,26.5,26.8,26,26.3,5268,0
ETL,D,20250220,000000,26.3,26.8,26.1,26.5,4169,0
ETL,D,20250221,000000,26.7,26.7,26,26.3,4430,0
ETL,D,20250224,000000,26.5,26.5,25.9,26.1,10424,0
ETL,D,20250225,000000,26.1,26.5,25.7,25.8,4768,0
ETL,D,20250226,000000,25.8,26.1,25.6,26,3598,0
ETL,D,20250227,000000,26,26.3,25,25.4,8154,0
ETL,D,20250228,000000,25.4,26,25.3,25.4,4009,0
ETL,D,20250303,000000,25.4,26,24.6,25,2834,0
ETL,D,20250304,000000,25.2,25.5,23.7,25,7294,0
ETL,D,20250305,000000,24.4,25.1,24.4,24.9,2990,0
ETL,D,20250306,000000,24.9,25,24,24.6,2739,0
ETL,D,20250307,000000,24.6,25,23.5,23.9,12448,0
ETL,D,20250310,000000,23.9,23.9,23.2,23.4,4590,0
ETL,D,20250311,000000,23.5,24,22.1,22.2,19300,0
ETL,D,20250312,000000,22.1,22.1,19.45,21,66808,0
ETL,D,20250313,000000,21.3,21.5,19.9,20.8,15718,0
ETL,D,20250314,000000,20.8,21,20.3,20.5,7801,0
ETL,D,20250317,000000,20.6,21,20.5,20.9,5756,0
ETL,D,20250318,000000,20.9,21.1,20.1,20.8,9571,0
ETL,D,20250319,000000,20.8,20.8,20.2,20.6,4652,0
ETL,D,20250320,000000,20.8,20.8,20.1,20.1,3149,0
ETL,D,20250321,000000,20.2,20.7,19.9,19.9,4746,0
ETL,D,20250324,000000,20.1,20.5,19.9,20.2,6769,0
ETL,D,20250325,000000,20.2,20.5,20,20.5,4951,0
ETL,D,20250326,000000,20.4,20.7,20,20.2,3703,0
ETL,D,20250327,000000,20,20.4,20,20.4,4067,0
ETL,D,20250328,000000,20.1,20.6,20.1,20.6,1708,0
ETL,D,20250331,000000,20.7,20.8,20,20.2,5761,0
ETL,D,20250401,000000,20.2,20.3,20,20.3,2411,0
ETL,D,20250402,000000,20.3,20.5,20.1,20.2,1738,0
ETL,D,20250403,000000,20.3,20.3,19.9,20.2,2605,0
ETL,D,20250404,000000,20,20.3,19.5,19.75,6501,0
ETL,D,20250407,000000,19.5,19.75,18.3,19.7,10412,0
ETL,D,20250408,000000,20,20,19.3,19.3,2676,0
ETL,D,20250409,000000,19.3,19.9,19.3,19.55,3077,0
ETL,D,20250410,000000,20.2,20.4,19.55,20,8256,0
ETL,D,20250411,000000,19.5,20.3,17.55,18.2,43179,0
ETL,D,20250414,000000,18.2,18.3,17.8,18,8638,0
ETL,D,20250415,000000,17.9,18,17.75,17.9,7495,0
ETL,D,20250416,000000,17.95,18,17.8,17.8,2300,0
ETL,D,20250417,000000,17.8,18,17.75,17.85,2936,0
ETL,D,20250422,000000,17.85,17.95,17.05,17.8,19942,0
ETL,D,20250423,000000,17.8,18.1,17.55,17.95,6894,0
ETL,D,20250424,000000,17.95,18.2,17.95,18.2,2521,0
ETL,D,20250425,000000,18.2,18.2,17.8,18.15,2622,0
ETL,D,20250428,000000,18.2,18.95,18.2,18.9,4212,0
ETL,D,20250429,000000,18.85,18.85,18.45,18.6,3800,0
ETL,D,20250430,000000,18.6,19,18,18.5,3309,0
ETL,D,20250502,000000,18.5,18.75,18.1,18.6,2087,0
ETL,D,20250505,000000,18.5,19,18,18,10723,0
ETL,D,20250506,000000,18.1,18.1,17.7,18,6777,0
ETL,D,20250507,000000,18.1,18.5,18,18.5,4930,0
ETL,D,20250508,000000,18.7,18.7,18.1,18.35,3092,0
ETL,D,20250509,000000,18.35,18.4,18.1,18.2,2341,0
ETL,D,20250512,000000,18.2,18.4,18.1,18.35,4102,0
ETL,D,20250513,000000,18.2,18.4,18.15,18.3,1687,0
ETL,D,20250514,000000,18.3,18.75,18.3,18.65,2450,0
ETL,D,20250515,000000,18.75,18.85,18.45,18.45,3367,0
ETL,D,20250516,000000,18.45,18.7,18.4,18.7,2556,0
ETL,D,20250519,000000,18.8,19.1,18.7,18.95,3789,0
ETL,D,20250520,000000,18.95,19.35,18.55,19,5975,0
ETL,D,20250521,000000,19,19.4,19,19.4,5447,0
ETL,D,20250522,000000,19.4,19.55,19.1,19.2,4525,0
ETL,D,20250523,000000,20.9,22.9,19.75,22.2,26264,0
ETL,D,20250526,000000,22.6,22.9,22,22.7,7355,0
ETL,D,20250527,000000,22.7,23,21.5,22,4732,0
ETL,D,20250528,000000,22.3,22.3,20.5,21.2,7837,0
ETL,D,20250529,000000,21.7,22.2,21.3,21.7,8774,0
ETL,D,20250530,000000,21.8,21.9,21.5,21.9,4345,0
ETL,D,20250602,000000,21.9,21.9,20.6,21.5,6968,0
ETL,D,20250603,000000,21.5,21.5,21,21,4309,0
ETL,D,20250604,000000,21,21.2,20.8,21.1,4398,0
ETL,D,20250605,000000,21.2,21.3,21,21.3,3942,0
ETL,D,20250606,000000,21.3,21.4,21,21.1,3311,0
ETL,D,20250609,000000,21.1,21.4,21.1,21.3,3647,0
ETL,D,20250610,000000,21.2,21.4,21,21.2,1789,0
ETL,D,20250611,000000,21.2,21.3,20.8,21.2,5352,0
ETL,D,20250612,000000,21.2,21.2,20.8,21,2119,0
ETL,D,20250613,000000,21.2,21.2,20.9,20.9,1312,0
ETL,D,20250616,000000,20.9,21,20.9,21,1421,0
ETL,D,20250617,000000,21,21.2,20.8,20.8,7278,0
ETL,D,20250618,000000,21,21.2,20.9,21.2,644,0
ETL,D,20250620,000000,21.2,21.2,20.8,20.9,1470,0
ETL,D,20250623,000000,20.9,21,20.8,20.9,3135,0
ETL,D,20250624,000000,21,21.3,20.8,20.8,3170,0
ETL,D,20250625,000000,20.8,21.1,20.8,20.8,1609,0
ETL,D,20250626,000000,20.9,21.2,20.8,20.8,967,0
ETL,D,20250627,000000,20.9,21.1,20.8,21.1,628,0
ETL,D,20250630,000000,21,21.1,20.8,20.8,3608,0
ETL,D,20250701,000000,20.9,21,20.8,21,930,0
ETL,D,20250702,000000,21.5,23.1,21.5,22.6,23849,0
ETL,D,20250703,000000,22.6,23.3,21.9,23.2,8807,0
ETL,D,20250704,000000,23,23,22.3,22.9,3556,0
ETL,D,20250707,000000,22.5,23,22.4,22.6,5249,0
ETL,D,20250708,000000,22.6,23.3,22.5,22.7,2658,0
ETL,D,20250709,000000,22.7,23.1,22.5,22.9,625,0
ETL,D,20250710,000000,22.9,22.9,22.5,22.9,1356,0
ETL,D,20250711,000000,22.9,23,22.5,22.9,1992,0
ETL,D,20250714,000000,22.8,23,22.6,22.7,1404,0
ETL,D,20250715,000000,22.7,24,22.5,23.7,10432,0
ETL,D,20250716,000000,23.4,24.2,23.4,24.2,10740,0
ETL,D,20250717,000000,24.2,24.8,23.7,24.6,3619,0
ETL,D,20250718,000000,24.6,24.6,24,24.3,1173,0
ETL,D,20250721,000000,24,24.8,24,24.6,2355,0
ETL,D,20250722,000000,24.3,24.7,24.3,24.4,1227,0
ETL,D,20250723,000000,24.5,24.5,23.9,24.4,2475,0
ETL,D,20250724,000000,24.4,24.4,24,24.1,534,0
ETL,D,20250725,000000,24.1,24.1,23.6,23.7,2778,0
ETL,D,20250728,000000,24,24.2,23.7,23.7,1645,0
ETL,D,20250729,000000,23.6,24,23.6,24,931,0
ETL,D,20250730,000000,24.1,24.2,23.6,23.6,2049,0
ETL,D,20250731,000000,23.7,23.9,23.6,23.9,1859,0
ETL,D,20250801,000000,23.9,23.9,23.3,23.8,2032,0
ETL,D,20250804,000000,23.8,23.8,23.5,23.6,398,0
ETL,D,20250805,000000,23.5,23.7,23.4,23.6,490,0
ETL,D,20250806,000000,23.6,23.6,22.9,23.1,2132,0
ETL,D,20250807,000000,23.1,23.6,23.1,23.3,1320,0
ETL,D,20250808,000000,23.2,23.7,23,23.1,2432,0
ETL,D,20250811,000000,23.2,23.5,23.2,23.4,506,0
ETL,D,20250812,000000,23.4,23.4,23,23.2,2205,0
ETL,D,20250813,000000,23.1,23.4,23,23.1,887,0
ETL,D,20250814,000000,23.4,23.4,23.1,23.1,593,0
ETL,D,20250818,000000,23.1,23.3,22.9,23.1,1815,0
ETL,D,20250819,000000,23.1,23.3,22.9,23,1384,0
ETL,D,20250820,000000,23,23.3,23,23.3,641,0
ETL,D,20250821,000000,23.4,23.5,23.4,23.5,426,0
ETL,D,20250822,000000,23.5,23.5,22.9,23.1,1189,0
ETL,D,20250825,000000,23.4,23.4,23.1,23.3,940,0
ETL,D,20250826,000000,23.3,23.4,23,23.2,1946,0
ETL,D,20250827,000000,23.4,23.5,23,23,2587,0
ETL,D,20250828,000000,22.6,23,22.2,22.8,3276,0
ETL,D,20250829,000000,22.7,23,22.5,22.5,888,0
ETL,D,20250901,000000,22.3,23,22,22.9,8112,0
ETL,D,20250902,000000,22.5,23,22.3,22.5,2599,0
ETL,D,20250903,000000,22.5,23.2,22.3,23,4637,0
ETL,D,20250904,000000,24.9,30.4,24.9,28.3,106860,0
ETL,D,20250905,000000,29.3,32.3,28.8,31.7,74866,0
ETL,D,20250908,000000,32.5,34.9,31.8,32.6,62506,0
ETL,D,20250909,000000,32.9,32.9,30.6,31.6,28875,0
ETL,D,20250910,000000,31.4,31.9,30,31.9,18471,0
ETL,D,20250911,000000,31.9,32.6,30.9,31.3,11901,0
ETL,D,20250912,000000,31.5,31.5,31,31.4,6334,0
ETL,D,20250915,000000,31.3,31.9,31.3,31.8,3626,0
ETL,D,20250916,000000,31.8,31.9,30.8,31.1,6404,0
ETL,D,20250917,000000,30.8,30.9,30.6,30.6,4246,0
ETL,D,20250918,000000,30.5,30.5,29.4,29.8,7144,0
ETL,D,20250919,000000,29.7,31.8,29.3,31.7,8701,0
ETL,D,20250922,000000,31.7,33,31.4,32.4,7087,0
ETL,D,20250923,000000,32,33.5,32,33,5088,0
ETL,D,20250924,000000,32.5,32.5,31,31.4,9260,0
ETL,D,20250925,000000,31.4,31.4,30.5,30.5,5642,0
ETL,D,20250926,000000,31,31.4,30.3,30.6,2882,0
ETL,D,20250929,000000,30.7,32.2,30.6,32,4670,0
ETL,D,20250930,000000,32.2,33.1,32.2,32.5,5564,0
ETL,D,20251001,000000,32.8,32.8,32.1,32.6,4256,0
ETL,D,20251002,000000,32.8,32.8,31.7,32,5801,0
ETL,D,20251003,000000,32,32,30.8,31.2,3995,0
ETL,D,20251006,000000,31.8,32.5,31.1,32.2,4214,0
ETL,D,20251007,000000,32.2,32.3,31.2,31.6,1630,0
ETL,D,20251008,000000,31.5,31.8,31.3,31.5,1418,0
ETL,D,20251009,000000,31.5,32.3,30.7,31.5,5159,0
ETL,D,20251010,000000,31.5,31.9,31.1,31.5,2122,0
ETL,D,20251013,000000,31.3,31.7,30.6,30.9,3584,0
ETL,D,20251014,000000,30.8,30.8,29.3,30.2,8109,0
ETL,D,20251015,000000,30,30,28.2,29,24882,0
ETL,D,20251016,000000,28.9,28.9,26.7,27.2,30811,0
ETL,D,20251017,000000,26.7,26.8,26,26.8,15657,0
ETL,D,20251020,000000,27.2,28.6,27.1,28.1,10195,0
ETL,D,20251021,000000,28.2,29.7,28.1,28.4,7733,0
ETL,D,20251022,000000,29,29,28.4,28.8,2696,0
ETL,D,20251023,000000,28.8,29,27.7,27.7,5935,0
ETL,D,20251024,000000,29,29,28,28.3,1193,0
ETL,D,20251027,000000,28.5,29.8,28.5,29.2,9653,0
ETL,D,20251028,000000,29.2,29.8,29.2,29.4,4804,0
ETL,D,20251029,000000,29.8,29.8,29.4,29.6,2837,0
ETL,D,20251030,000000,29.8,29.8,29.5,29.7,1189,0
ETL,D,20251031,000000,29.8,29.8,29.6,29.8,2209,0
ETL,D,20251103,000000,29.8,30,29.6,29.6,2368,0
ETL,D,20251104,000000,29.6,30,29.5,29.7,1565,0
ETL,D,20251105,000000,29.8,29.8,29.1,29.1,2993,0
ETL,D,20251106,000000,28.5,29.4,25.7,28,25637,0
ETL,D,20251107,000000,28,28.3,27.5,28.2,1617,0
ETL,D,20251110,000000,28.1,28.1,27.6,27.8,4420,0
ETL,D,20251112,000000,28,28.4,27.9,28.2,1644,0
ETL,D,20251113,000000,28.4,28.4,28,28.3,3597,0
ETL,D,20251114,000000,28.4,28.4,27.6,28.2,970,0
ETL,D,20251117,000000,28.2,28.2,27.7,28.1,431,0
ETL,D,20251118,000000,28,28,27.3,27.3,2023,0
ETL,D,20251119,000000,27.3,27.8,27.2,27.3,993,0
ETL,D,20251120,000000,27.5,27.9,26.9,27.6,3957,0
ETL,D,20251121,000000,27.5,27.5,26.5,26.7,4950,0
ETL,D,20251124,000000,26.9,27.8,26.6,27.3,3499,0
ETL,D,20251125,000000,27,27.8,27,27.5,1965,0
ETL,D,20251126,000000,27.5,27.8,26.8,27,3889,0
ETL,D,20251127,000000,27.4,27.4,26.8,26.8,1755,0
ETL,D,20251128,000000,27,27.5,26.6,27.5,4673,0
ETL,D,20251201,000000,28.4,28.4,27.8,27.8,7788,0
ETL,D,20251202,000000,28.2,28.9,28,28.3,4780,0
ETL,D,20251203,000000,29.7,29.8,29.2,29.6,26492,0
ETL,D,20251204,000000,29.6,29.8,29.3,29.8,11166,0
ETL,D,20251205,000000,29.8,29.8,29.1,29.3,8007,0
ETL,D,20251208,000000,29.3,29.3,28.2,29,6834,0
ETL,D,20251209,000000,29,29,28.5,29,1899,0
ETL,D,20251210,000000,28.9,29,28.5,28.7,2068,0
ETL,D,20251211,000000,28.4,28.5,27.5,27.8,5321,0
ETL,D,20251212,000000,27.8,28,27.6,27.8,1218,0
ETL,D,20251215,000000,28,30.6,28,29.9,19189,0
ETL,D,20251216,000000,29.5,29.9,28.1,29.2,5393,0
ETL,D,20251217,000000,29,29.4,28.6,28.6,1423,0
ETL,D,20251218,000000,28.6,29,28.1,29,4717,0
ETL,D,20251219,000000,28.8,29.9,28.3,28.8,3945,0
ETL,D,20251222,000000,28.8,29.1,28.5,28.9,4109,0
ETL,D,20251223,000000,28.8,29.3,28.5,28.8,7660,0
ETL,D,20251229,000000,29.3,29.4,28.7,29.4,4103,0
ETL,D,20251230,000000,29,29.3,29,29.3,1867,0
ETL,D,20260102,000000,30.1,32.4,30,31.3,8512,0
ETL,D,20260105,000000,31.4,31.4,30.6,30.9,3481,0
ETL,D,20260107,000000,31,31.4,30,31.4,5963,0
ETL,D,20260108,000000,31.8,32.1,31,31.4,5355,0
ETL,D,20260109,000000,31.4,32.5,31.4,32.5,6154,0
ETL,D,20260112,000000,32.1,32.5,30.8,32.4,5322,0
ETL,D,20260113,000000,32.4,32.6,31.3,31.6,3531,0
ETL,D,20260114,000000,32.3,32.4,31.1,32,4792,0
ETL,D,20260115,000000,32.4,32.4,31.5,32,4820,0
ETL,D,20260116,000000,32.4,32.4,31.6,31.8,1439,0
ETL,D,20260119,000000,31.8,32,31.3,31.5,1453,0
ETL,D,20260120,000000,31.5,31.8,30.8,31.8,3486,0
ETL,D,20260121,000000,31.9,31.9,31.4,31.9,2243,0
ETL,D,20260122,000000,31.9,31.9,31.2,31.5,6118,0
ETL,D,20260123,000000,31.5,32,31.4,31.6,2727,0
ETL,D,20260126,000000,31.5,31.5,31,31.3,2648,0
ETL,D,20260127,000000,31.3,32,30.9,31.6,2361,0
ETL,D,20260128,000000,31.7,32,31.2,31.3,1301,0
ETL,D,20260129,000000,31.2,31.5,31,31,857,0
ETL,D,20260130,000000,31,31,30.5,30.7,2598,0
ETL,D,20260202,000000,30.5,31.2,30.4,30.6,3560,0
ETL,D,20260203,000000,30.8,30.9,30.5,30.5,6952,0
ETL,D,20260204,000000,30.5,30.9,30.2,30.4,1744,0
ETL,D,20260205,000000,30.4,30.8,29.7,30.4,2936,0
ETL,D,20260206,000000,30.3,30.3,29.4,30.1,4376,0
ETL,D,20260209,000000,30.1,30.5,30,30.1,1658,0
ETL,D,20260210,000000,30.1,30.2,29.8,30.1,1165,0
ETL,D,20260211,000000,30.1,30.1,29.6,29.9,1183,0
ETL,D,20260212,000000,30,30.2,29.7,30,1391,0
ETL,D,20260213,000000,30,30.2,29.5,30.2,3549,0
ETL,D,20260216,000000,29.9,29.9,29.5,29.5,2297,0
ETL,D,20260217,000000,29.4,29.8,29.3,29.8,1911,0
ETL,D,20260218,000000,29.5,29.9,29.5,29.9,355,0
ETL,D,20260219,000000,29.6,29.9,29.3,29.6,2003,0
ETL,D,20260220,000000,29.3,29.5,28.5,29,4221,0
ETL,D,20260223,000000,28.4,29.5,28.4,29.5,1282,0
ETL,D,20260224,000000,29.2,29.3,28.8,29,1738,0
ETL,D,20260225,000000,29.3,29.5,28.1,29.3,2601,0
ETL,D,20260226,000000,29.3,31.3,29.2,29.5,4176,0
ETL,D,20260227,000000,29.9,29.9,29.6,29.8,1459,0
ETL,D,20260302,000000,29.8,29.8,28.9,29.2,2961,0
ETL,D,20260303,000000,29,29,27.5,28.2,3305,0
ETL,D,20260304,000000,28,28.9,27.8,28.5,3093,0
ETL,D,20260305,000000,28.3,29.1,28,29.1,1432,0
ETL,D,20260306,000000,29.2,29.2,28.7,29,1462,0
ETL,D,20260309,000000,29,29,27.6,28.5,1284,0
ETL,D,20260310,000000,28,28.9,28,28.4,3404,0
ETL,D,20260311,000000,27,27.4,26,27.2,9940,0
ETL,D,20260312,000000,27.3,27.3,26.7,27,3956,0
ETL,D,20260313,000000,26.7,27.4,26.4,27,2430,0
ETL,D,20260316,000000,26.5,26.7,25,26,14476,0
ETL,D,20260317,000000,26.2,26.5,26,26.4,2424,0
ETL,D,20260318,000000,26.4,28,26.4,27.2,4679,0
ETL,D,20260319,000000,27.1,27.4,26.8,26.9,1712,0
ETL,D,20260320,000000,26.9,27.6,26.9,27.4,1229,0
ETL,D,20260323,000000,27.3,28,27.2,27.6,5058,0
ETL,D,20260324,000000,27.9,28.2,27.4,27.8,2633,0
ETL,D,20260325,000000,28.2,29,28.2,28.5,1978,0
ETL,D,20260326,000000,28.5,28.5,27.6,28.2,1033,0
ETL,D,20260327,000000,28.1,28.3,26.5,27,4105,0
ETL,D,20260330,000000,26.5,27,26.1,26.6,3147,0
ETL,D,20260331,000000,26.2,26.7,25.4,26.7,7174,0
ETL,D,20260401,000000,26.6,27.7,26.4,27.5,3673,0
ETL,D,20260402,000000,27.8,27.8,27,27.4,2326,0
ETL,D,20260407,000000,27.5,28,27.4,27.4,1956,0
ETL,D,20260408,000000,27.9,28.1,27.65,28,4838,0
ETL,D,20260409,000000,28.2,28.9,28.1,28.1,252,0
ETL,D,20260410,000000,27.6,27.8,27,27,1410,0
ETL,D,20260413,000000,27,27,26.5,26.85,2591,0
ETL,D,20260414,000000,27,28.4,27,28.3,1345,0
ETL,D,20260415,000000,27.9,28.65,27.85,28.6,4688,0
ETL,D,20260416,000000,28.4,28.45,28.05,28.4,1985,0
ETL,D,20260417,000000,28.1,28.5,26.55,27.8,5525,0
ETL,D,20260420,000000,27.9,28.4,26.65,27.6,4932,0
ETL,D,20260421,000000,27.2,27.85,27.2,27.2,1798,0
ETL,D,20260422,000000,27.2,27.35,27.05,27.05,875,0
ETL,D,20260423,000000,27.1,27.3,26.1,27,3644,0
ETL,D,20260424,000000,26.5,27,26.5,26.5,1246,0
ETL,D,20260427,000000,26.5,27,25.7,25.75,3756,0
ETL,D,20260428,000000,25.75,26.3,25.75,25.85,624,0
ETL,D,20260429,000000,25.9,26.25,25.1,25.75,1876,0
ETL,D,20260430,000000,25,26.4,23.9,24.8,23393,0
ETL,D,20260504,000000,24.4,25.45,24,24.25,7440,0
ETL,D,20260505,000000,24.2,24.2,23.6,23.8,3829,0
ETL,D,20260506,000000,23.85,24.7,23.7,24.1,1348,0
ETL,D,20260507,000000,24.1,24.7,23.3,23.7,3263,0
ETL,D,20260508,000000,23.5,24.6,23.05,24,2528,0
ETL,D,20260511,000000,24,24.5,23.6,23.6,1857,0
ETL,D,20260512,000000,23.55,23.55,23,23.4,2522,0
ETL,D,20260513,000000,23,23.55,22.7,22.7,1377,0
ETL,D,20260514,000000,23,23,21.7,22.2,4231,0
ETL,D,20260515,000000,22.8,22.8,22,22.6,3329,0
ETL,D,20260518,000000,22.8,22.9,22.7,22.7,1527,0
ETL,D,20260519,000000,22.9,23.6,22.7,22.95,1853,0
ETL,D,20260520,000000,23.6,23.6,22.95,23.35,258,0
ETL,D,20260521,000000,23.6,23.6,22.55,23,2441,0
ETL,D,20260522,000000,26.55,29.2,26.5,28.25,44550,0
ETL,D,20260525,000000,28,28,26.4,27.4,13213,0
ETL,D,20260526,000000,27.4,28.5,27.4,28,6142,0
ETL,D,20260527,000000,28.2,30,28.2,29.3,14619,0
ETL,D,20260528,000000,29.3,29.4,27.65,28.1,7170,0
ETL,D,20260529,000000,28.2,29,28.2,28.55,4545,0
ETL,D,20260601,000000,28.95,29.6,28.9,29.5,9879,0
ETL,D,20260602,000000,29.6,31,29.6,30.9,12512,0
ETL,D,20260603,000000,31,31,30.05,30.8,6596,0
ETL,D,20260605,000000,30.4,30.45,29.8,30.25,4348,0
ETL,D,20260608,000000,29.9,30.8,29.9,29.95,6692,0
ETL,D,20260609,000000,30,30.3,29.9,30.2,2176,0
ETL,D,20260610,000000,30.2,30.5,28.8,30.3,6505,0
ETL,D,20260611,000000,30.3,30.3,29.8,30.3,3352,0
ETL,D,20260612,000000,30.8,31.35,30.05,30.95,7774,0
ETL,D,20260615,000000,31,31.4,30,30.1,4146,0
ETL,D,20260616,000000,30.5,30.6,29.55,29.65,5229,0
ETL,D,20260617,000000,30.45,30.95,29.9,30.8,4485,0
ETL,D,20260618,000000,30.95,31.2,30.25,31,3706,0
ETL,D,20260619,000000,30.5,30.85,29.95,30.85,7890,0
ETL,D,20260622,000000,30.9,31,30.2,30.65,3130,0
ETL,D,20260623,000000,30.3,30.65,30.25,30.25,1433,0
ETL,D,20260624,000000,30.25,30.4,29.15,30.3,1547,0
ETL,D,20260625,000000,30.35,30.35,29.2,30.3,2173,0
ETL,D,20260626,000000,29.55,30.3,29.45,30.3,1498,0
ETL,D,20260629,000000,29.95,30,29.6,29.7,2625,0
ETL,D,20260630,000000,29.6,30.3,29.6,30.15,4413,0
ETL,D,20260701,000000,30,30.15,29.9,30.15,1579,0
ETL,D,20260702,000000,30.25,30.4,29.9,30.4,3451,0
ETL,D,20260703,000000,30.4,30.4,29.95,30,2980,0
ETL,D,20260706,000000,30.3,30.35,30.2,30.3,3018,0
ETL,D,20260707,000000,30.3,31,30,30.2,9530,0
ETL,D,20260708,000000,30.2,30.75,30.2,30.5,556,0
ETL,D,20260709,000000,30.7,31.05,30.4,30.8,14785,0
ETL,D,20260710,000000,30.9,31.4,30.55,31.1,3333,0
ETL,D,20260713,000000,31.05,32,30.4,30.7,5460,0
ETL,D,20260714,000000,31.2,31.2,30.75,30.95,299,0
ETL,D,20260715,000000,30.95,30.95,30.7,30.7,1593,0
ETL,D,20260716,000000,30.9,31.1,30.6,31.1,2584,0
ETL,D,20260717,000000,30.9,31.1,30.8,30.9,2374,0
ETL,D,20260720,000000,31.1,31.3,31,31.15,1757,0
ETL,D,20260721,000000,31.15,31.5,30.35,31,4751,0
ETL,D,20260722,000000,31.1,31.4,31,31.35,726,0
ETL,D,20260723,000000,31.35,31.4,30.75,31.15,939,0
ETL,D,20260724,000000,31.25,31.5,31.25,31.35,1411,0
ETL,D,20260727,000000,31.2,32.7,31.2,32.35,7008,0
ETL,D,20260728,000000,32.45,33,32.45,32.9,2060,0
ETL,D,20260729,000000,32.9,32.95,31.2,31.65,4514,0
ETL,D,20260730,000000,32,32.8,31.95,32.7,3512,0
ETL,D,20260731,000000,32.4,32.55,32,32.1,2363,0
ETL,D,20260803,000000,32.1,32.35,32,32.15,1954,0
ETL,D,20260804,000000,32.1,32.45,31.4,31.7,2461,0
ETL,D,20260805,000000,31.9,32.45,31.2,32,2853,0
ETL,D,20260806,000000,32,32.75,31.65,32.75,2650,0
ETL,D,20260807,000000,32.75,32.75,31.5,32,4579,0
ETL,D,20260810,000000,31.7,31.85,31.55,31.65,2131,0
ETL,D,20260811,000000,32.35,32.5,31.75,31.9,3246,0
ETL,D,20260812,000000,31.85,31.9,31.65,31.9,755,0
ETL,D,20260813,000000,31.9,31.9,31.55,31.7,1862,0
ETL,D,20260814,000000,31.55,32.3,31.55,31.9,1570,0
ETL,D,20260817,000000,32.05,32.05,31.85,32,869,0
ETL,D,20260818,000000,32,32,31.65,31.65,1166,0
