<TICKER>,<PER>,<DATE>,<TIME>,<OPEN>,<HIGH>,<LOW>,<CLOSE>,<VOL>,<OPENINT>
LSI,D,20061221,000000,9.71938,10.3027,9.49101,9.84689,341255.32091455394,0
LSI,D,20061222,000000,9.9287,9.9287,9.25311,9.25311,107021.5275047515,0
LSI,D,20061227,000000,9.30831,9.74601,9.30831,9.64611,16926.675866014604,0
LSI,D,20061228,000000,9.69179,9.69179,9.35398,9.40822,17713.792040574812,0
LSI,D,20061229,000000,9.6366,9.6366,9.38158,9.47293,18570.266916765384,0
LSI,D,20070102,000000,9.49101,9.84689,9.44533,9.58236,10164.202457073896,0
LSI,D,20070103,000000,9.71938,9.71938,9.44533,9.58236,12244.963505979014,0
LSI,D,20070104,000000,9.52717,9.7099,9.32638,9.64611,19240.73436585649,0
LSI,D,20070105,000000,9.58236,9.58236,9.39966,9.57284,15403.937098406243,0
LSI,D,20070108,000000,9.32638,9.47293,9.32638,9.38158,8304.128186083326,0
LSI,D,20070109,000000,9.32638,9.47293,9.31782,9.39966,7850.143957231389,0
LSI,D,20070110,000000,9.32638,9.53668,9.32638,9.38158,8190.632128870342,0
LSI,D,20070111,000000,9.35398,9.49101,9.30831,9.44533,6489.242160094221,0
LSI,D,20070112,000000,9.4539,9.71938,9.4539,9.67371,23564.09343413606,0
LSI,D,20070115,000000,9.71938,9.76411,9.49101,9.64611,9700.760223454212,0
LSI,D,20070116,000000,9.6823,10.2942,9.41774,9.98388,41992.490279385216,0
LSI,D,20070117,000000,10.1391,10.1391,9.92018,10.0296,28556.86906208892,0
LSI,D,20070118,000000,10.0382,10.4854,10.0382,10.3941,68832.20603141864,0
LSI,D,20070119,000000,10.3579,10.4769,10.0382,10.2113,25315.926095007253,0
LSI,D,20070122,000000,10.3484,10.4769,9.9468,10.2209,35187.98129369937,0
LSI,D,20070123,000000,10.2304,10.3579,10.0382,10.1752,14111.34311348059,0
LSI,D,20070124,000000,9.9925,10.12,9.76411,10.12,9605.129286358086,0
LSI,D,20070125,000000,9.89259,10.0382,9.80981,9.9925,12960.61920007117,0
LSI,D,20070126,000000,9.80981,10.0382,9.80981,10.0382,9880.462314041435,0
LSI,D,20070129,000000,10.12,10.1476,9.95629,10.0382,5583.375481227627,0
LSI,D,20070130,000000,9.9925,10.0838,9.67371,9.85551,20843.340729280568,0
LSI,D,20070131,000000,9.90111,9.90111,9.85551,9.85551,2316.1602786797835,0
LSI,D,20070201,000000,10.002,10.1391,9.95629,9.95629,23036.54694598003,0
LSI,D,20070202,000000,9.9925,10.12,9.91069,10.0562,16095.422335871153,0
LSI,D,20070205,000000,10.0382,10.0562,9.9468,9.9925,5795.655143792652,0
LSI,D,20070206,000000,9.9925,9.9925,9.80981,9.85551,10220.950485680389,0
LSI,D,20070207,000000,9.85551,10.0382,9.80981,10.0106,4886.635796670142,0
LSI,D,20070208,000000,9.85551,9.9468,9.82878,9.89259,13303.209150547606,0
LSI,D,20070209,000000,9.98388,9.9925,9.85551,9.9925,5343.772693777994,0
LSI,D,20070212,000000,9.9925,9.9925,9.80981,9.8193,2682.920685784704,0
LSI,D,20070213,000000,9.90111,9.98388,9.8193,9.98388,2311.9567210052287,0
LSI,D,20070214,000000,9.9468,10.1295,9.9468,10.1114,12467.752062729807,0
LSI,D,20070215,000000,10.1476,10.3122,10.1114,10.1752,20555.39702857376,0
LSI,D,20070216,000000,10.239,10.6767,10.1657,10.6767,61376.14560617678,0
LSI,D,20070219,000000,10.768,10.9051,10.5035,10.6862,32995.82596641876,0
LSI,D,20070220,000000,10.6767,10.6767,10.4036,10.5863,10699.105171161222,0
LSI,D,20070221,000000,10.5863,10.5863,10.1476,10.3579,20194.941957981082,0
LSI,D,20070222,000000,10.2209,10.5406,10.2209,10.4949,10224.103153936303,0
LSI,D,20070223,000000,10.3122,10.4036,10.0838,10.3484,18967.50311701042,0
LSI,D,20070226,000000,10.0382,10.376,9.9925,10.3027,14646.245827568537,0
LSI,D,20070227,000000,10.0838,10.2666,9.49101,9.96491,17037.01925497167,0
LSI,D,20070228,000000,9.44533,9.84689,9.44533,9.74601,16202.613056571685,0
LSI,D,20070301,000000,9.9468,9.9468,9.62804,9.76411,15971.41738447116,0
LSI,D,20070302,000000,9.58236,9.8374,9.48149,9.50909,32886.53346688053,0
LSI,D,20070305,000000,9.32638,9.32638,8.7425,8.86107,20127.68503518738,0
LSI,D,20070306,000000,8.91587,8.94328,8.80635,8.93414,11153.089400012537,0
LSI,D,20070307,000000,8.93414,9.11704,8.93414,8.96146,7110.317806509716,0
LSI,D,20070308,000000,8.98886,9.29879,8.96146,9.29879,23108.007426447053,0
LSI,D,20070309,000000,9.29879,9.47293,9.04377,9.12561,19137.747202830305,0
LSI,D,20070312,000000,9.26263,9.29879,9.03454,9.12561,5486.6936547128635,0
LSI,D,20070313,000000,9.11704,9.11704,8.76981,8.89761,4434.753346655484,0
LSI,D,20070314,000000,8.80635,8.88847,8.67855,8.69682,12492.97340877693,0
LSI,D,20070315,000000,8.76077,9.03454,8.67855,8.94328,4814.124426784069,0
LSI,D,20070316,000000,8.89761,8.97972,8.76077,8.94328,11531.409590722484,0
LSI,D,20070319,000000,8.94328,9.0254,8.85202,8.98886,15087.619383396808,0
LSI,D,20070320,000000,9.11704,9.39014,8.98886,9.12561,15596.24986201775,0
LSI,D,20070321,000000,9.24455,9.39966,9.22647,9.27215,12155.63790539472,0
LSI,D,20070322,000000,9.40822,9.4539,9.30831,9.30831,7894.281312814217,0
LSI,D,20070323,000000,9.39966,9.39966,9.07993,9.21695,9001.91876005945,0
LSI,D,20070326,000000,9.27215,9.49101,9.27215,9.27215,29046.58353117478,0
LSI,D,20070327,000000,9.48149,10.9051,9.48149,10.2113,141532.73601284565,0
LSI,D,20070328,000000,10.3579,10.3579,9.90111,9.9468,25066.865302789458,0
LSI,D,20070329,000000,10.0382,10.3665,9.58236,10.1933,21672.492480586327,0
LSI,D,20070330,000000,10.2209,10.2209,9.9925,10.0382,8067.678066889609,0
LSI,D,20070402,000000,9.9468,10.3122,9.9468,10.2209,23140.584998425064,0
LSI,D,20070403,000000,10.4036,11.4075,10.4036,10.9507,135181.16036659642,0
LSI,D,20070404,000000,11.143,11.3162,10.9507,11.0878,60615.30166708254,0
LSI,D,20070405,000000,11.1515,11.1515,10.7776,11.1059,20207.55263100413,0
LSI,D,20070410,000000,11.1335,11.143,10.8137,10.9507,25031.135062555946,0
LSI,D,20070411,000000,10.9507,11.0421,10.8137,10.9327,14165.989363250219,0
LSI,D,20070412,000000,11.7633,11.7633,10.632,11.0145,215642.50870466948,0
LSI,D,20070413,000000,11.3066,12.0004,11.1335,11.8814,117179.4246253086,0
LSI,D,20070416,000000,12.1916,13.0042,12.1468,12.7758,135543.71721602057,0
LSI,D,20070417,000000,13.1412,13.1412,12.5113,12.6483,37417.96864005119,0
LSI,D,20070418,000000,12.6388,12.6388,11.517,11.6806,46358.93581382918,0
LSI,D,20070419,000000,11.4437,11.4437,10.768,11.3799,32034.262148364305,0
LSI,D,20070420,000000,11.3066,11.5901,10.8232,11.1154,83823.14358830027,0
LSI,D,20070423,000000,11.143,11.2981,10.4493,10.7776,46968.451676639655,0
LSI,D,20070424,000000,10.4949,10.7956,10.4578,10.7776,31151.515036707762,0
LSI,D,20070425,000000,10.768,11.3523,10.5672,10.9507,28238.449568241795,0
LSI,D,20070426,000000,10.9507,11.4075,10.5863,10.7138,32268.610488721362,0
LSI,D,20070427,000000,10.5406,10.887,10.1847,10.768,34106.616081920314,0
LSI,D,20070430,000000,10.9327,10.9327,10.4949,10.5863,10707.512286509918,0
LSI,D,20070502,000000,10.6767,10.6767,10.5863,10.5948,7348.869704540711,0
LSI,D,20070504,000000,10.5492,10.6501,10.4493,10.6501,11653.312763284785,0
LSI,D,20070507,000000,10.6681,10.6681,10.0477,10.4854,12668.471941690015,0
LSI,D,20070508,000000,10.376,10.5863,10.1476,10.2666,15243.151017354927,0
LSI,D,20070509,000000,10.4493,10.4493,10.1295,10.2942,1267.3726388783207,0
LSI,D,20070510,000000,10.1476,10.2209,9.85551,9.90111,10983.896203612527,0
LSI,D,20070511,000000,9.60044,10.3027,9.47293,10.3027,27562.727672056466,0
LSI,D,20070514,000000,10.4121,10.9327,10.3027,10.7595,14409.79570837482,0
LSI,D,20070515,000000,10.8508,10.9422,10.6767,10.9051,21940.469282339207,0
LSI,D,20070516,000000,11.0145,11.1239,10.6957,11.1239,30476.84402994231,0
LSI,D,20070517,000000,11.261,11.2705,10.7871,10.8594,11863.490647012532,0
LSI,D,20070518,000000,10.7776,10.9507,10.3027,10.9507,15911.516687609372,0
LSI,D,20070521,000000,10.9688,11.4988,10.9688,11.4798,36867.302584684694,0
LSI,D,20070522,000000,11.4532,11.6264,11.3799,11.5807,19011.640472593655,0
LSI,D,20070523,000000,11.4075,11.7082,11.4075,11.5901,16037.623417846022,0
LSI,D,20070524,000000,11.398,11.5988,11.2248,11.5901,16753.27911193921,0
LSI,D,20070525,000000,11.3618,11.5445,11.0421,11.4075,44800.46680598835,0
LSI,D,20070528,000000,11.1154,11.6806,11.1154,11.4894,23531.515862159085,0
LSI,D,20070529,000000,11.5901,11.7082,11.4988,11.5901,13128.76150705337,0
LSI,D,20070530,000000,11.6082,11.6082,11.4075,11.5901,23840.477351238667,0
LSI,D,20070531,000000,11.6806,12.1735,11.6806,12.046,63636.60874566891,0
LSI,D,20070601,000000,12.1373,12.1373,11.8633,12.046,21582.115990584225,0
LSI,D,20070604,000000,12.046,12.046,11.7539,11.9908,13161.339079031375,0
LSI,D,20070605,000000,12.0004,12.1373,11.8633,11.8728,13359.957179153891,0
LSI,D,20070606,000000,12.0279,12.0365,11.7263,12.0365,10476.316614409396,0
LSI,D,20070608,000000,11.6806,11.909,11.6721,11.909,3123.243352194336,0
LSI,D,20070611,000000,11.7177,12.9404,11.7177,12.7035,48249.48587796006,0
LSI,D,20070612,000000,12.7035,14.0995,12.6388,13.6884,118894.47615652744,0
LSI,D,20070613,000000,13.6798,13.6884,13.0775,13.6884,14748.182101175873,0
LSI,D,20070614,000000,13.6884,14.1452,13.597,14.1452,48749.70924123231,0
LSI,D,20070615,000000,14.601,14.6466,14.1537,14.5924,44964.405555296195,0
LSI,D,20070618,000000,14.601,14.875,14.0538,14.5096,27971.523655907764,0
LSI,D,20070619,000000,14.5096,14.601,14.0995,14.108,13345.244727293155,0
LSI,D,20070620,000000,14.5096,14.5096,13.46,13.8987,8589.970107953062,0
LSI,D,20070621,000000,13.4419,13.6342,13.3239,13.46,12868.140931231375,0
LSI,D,20070622,000000,13.2868,13.6427,12.7853,13.0042,19770.382632850207,0
LSI,D,20070625,000000,12.8215,13.1869,12.6121,13.1412,14556.920226984243,0
LSI,D,20070626,000000,13.479,13.479,13.1412,13.3506,3275.6223178969535,0
LSI,D,20070627,000000,13.2326,13.2326,12.7758,13.0403,7360.429488145737,0
LSI,D,20070628,000000,13.4419,13.4419,12.9585,12.9585,3313.454336967948,0
LSI,D,20070629,000000,13.2231,13.2231,12.7939,12.8672,3174.7369337076343,0
LSI,D,20070702,000000,12.7758,13.0403,12.7758,13.0403,10137.930221607927,0
LSI,D,20070703,000000,13.2231,13.5885,12.6388,13.0403,7651.525857108668,0
LSI,D,20070704,000000,13.0499,13.342,12.8672,12.8672,2742.821382647112,0
LSI,D,20070705,000000,12.9128,13.1688,12.8215,13.1688,1083.4669906165411,0
LSI,D,20070706,000000,13.3506,13.3601,12.831,12.831,6330.557857879771,0
LSI,D,20070709,000000,12.7758,12.7758,12.183,12.3657,15271.525031658588,0
LSI,D,20070710,000000,12.3657,12.3657,11.8633,12.046,10899.825050121426,0
LSI,D,20070711,000000,12.3657,12.6664,12.32,12.6483,20287.42022682088,0
LSI,D,20070712,000000,12.7577,12.7577,12.1916,12.1916,11795.182834801015,0
LSI,D,20070713,000000,12.1279,12.6578,12.1279,12.6388,3172.635154870357,0
LSI,D,20070716,000000,12.5932,12.5932,11.8633,11.9728,6638.468457540923,0
LSI,D,20070717,000000,12.3019,12.3019,11.9547,12.3019,3933.479093964805,0
LSI,D,20070718,000000,11.9366,12.3019,11.9366,12.3019,655.754997230574,0
LSI,D,20070719,000000,12.2649,12.32,11.8909,12.1373,4293.9341645578925,0
LSI,D,20070720,000000,12.0004,12.1373,11.6806,12.1373,8599.428112720812,0
LSI,D,20070723,000000,12.2649,12.9309,11.8633,12.9309,50378.58784012236,0
LSI,D,20070724,000000,12.9309,12.9585,12.7758,12.9128,8580.512103185314,0
LSI,D,20070725,000000,12.6844,12.6844,12.32,12.4114,2121.7457362316163,0
LSI,D,20070726,000000,12.5932,12.7673,12.1373,12.4018,13810.788739750738,0
LSI,D,20070727,000000,11.8728,12.3467,11.8728,12.2743,9843.68118438908,0
LSI,D,20070730,000000,12.2743,12.2743,11.8814,12.2743,6302.183843576525,0
LSI,D,20070731,000000,12.3019,12.5665,11.9271,12.32,8777.028424470758,0
LSI,D,20070801,000000,11.8728,12.2743,11.8728,12.1649,3045.477535215069,0
LSI,D,20070802,000000,12.183,12.2563,11.9641,12.2563,4875.076013065116,0
LSI,D,20070803,000000,12.2563,12.2563,11.8633,12.2192,16049.183201451255,0
LSI,D,20070806,000000,11.8814,12.2649,11.8633,12.183,7999.370254678091,0
LSI,D,20070807,000000,12.1554,12.7035,12.1554,12.7035,22159.054281416684,0
LSI,D,20070808,000000,12.7673,13.2231,12.7673,13.2231,15650.896111786344,0
LSI,D,20070809,000000,13.2411,13.2507,12.8215,12.8215,17771.590958599943,0
LSI,D,20070810,000000,12.046,12.5932,11.8633,12.046,47138.69576245954,0
LSI,D,20070813,000000,12.3105,12.3105,10.9422,12.0279,27787.618007645982,0
LSI,D,20070814,000000,12.046,12.32,11.8633,12.1192,6320.048963693384,0
LSI,D,20070816,000000,11.8176,11.8176,9.05234,9.07993,43963.958828751696,0
LSI,D,20070817,000000,9.8831,10.4036,9.21695,10.3855,14495.968640702577,0
LSI,D,20070820,000000,10.3122,10.768,9.58236,9.58236,8725.53484295746,0
LSI,D,20070821,000000,10.3941,10.3941,9.07993,9.13512,41606.81386274542,0
LSI,D,20070822,000000,9.55477,9.84689,9.49101,9.84689,9412.816522747196,0
LSI,D,20070823,000000,10.2113,10.2209,9.93828,9.9468,6743.557399404796,0
LSI,D,20070824,000000,9.9468,9.96491,9.90111,9.96491,947.9022556121437,0
LSI,D,20070827,000000,10.0382,10.239,10.0382,10.1295,15082.364936303613,0
LSI,D,20070828,000000,10.1295,10.239,9.76411,9.9925,2177.4428754194696,0
LSI,D,20070829,000000,9.76411,9.85551,9.30831,9.85551,6196.044012294013,0
LSI,D,20070830,000000,10.0753,10.0753,9.1532,9.84689,2450.6741242655426,0
LSI,D,20070831,000000,9.58236,9.84689,9.49101,9.84689,4431.600678399567,0
LSI,D,20070903,000000,9.84689,10.0382,9.67371,10.0382,575.8874014140297,0
LSI,D,20070904,000000,9.90111,10.3855,9.76411,10.3484,3897.7488537310874,0
LSI,D,20070905,000000,10.4121,10.7224,10.3665,10.3665,32546.045295241784,0
LSI,D,20070906,000000,10.0562,10.3027,10.0382,10.3027,12094.686319113056,0
LSI,D,20070907,000000,10.2666,10.3027,9.85551,10.1295,15483.804694222992,0
LSI,D,20070910,000000,9.85551,10.0382,9.46341,9.90111,12219.742159930858,0
LSI,D,20070911,000000,9.54525,10.1571,9.54525,10.1571,1182.2505959685827,0
LSI,D,20070912,000000,9.86499,10.1295,9.69179,10.12,1041.4314138709917,0
LSI,D,20070913,000000,10.1114,10.1114,10.1114,10.1114,364.6586282676429,0
LSI,D,20070914,000000,9.76411,10.0382,9.76411,10.0382,1057.1947551505727,0
LSI,D,20070917,000000,10.1295,10.1295,9.73749,10.0838,17.865120116858584,0
LSI,D,20070918,000000,9.76411,9.90111,9.76411,9.90111,1939.9418668071146,0
LSI,D,20070919,000000,9.9468,10.0382,9.76411,9.9468,4802.564643179043,0
LSI,D,20070920,000000,9.7279,10.0382,9.7279,9.9468,7117.674032440188,0
LSI,D,20070921,000000,9.7279,9.9468,9.60044,9.9468,2297.244269144286,0
LSI,D,20070924,000000,9.9468,9.9468,9.76411,9.91069,2763.8391710198866,0
LSI,D,20070925,000000,9.90111,9.90111,9.90111,9.90111,54.64624976921449,0
LSI,D,20070926,000000,9.93828,9.9468,9.54525,9.61852,1686.677516915178,0
LSI,D,20070927,000000,9.9287,9.9287,9.9287,9.9287,5.2544470931937015,0
LSI,D,20070928,000000,9.58236,9.67371,9.49101,9.65468,3467.9350815078424,0
LSI,D,20071001,000000,9.58236,9.80981,9.46341,9.80981,527.5464881566476,0
LSI,D,20071002,000000,9.47293,9.80119,9.46341,9.80119,985.7342746831383,0
LSI,D,20071003,000000,9.53668,9.59092,9.16271,9.53668,3146.3629194043883,0
LSI,D,20071004,000000,9.17128,10.0382,9.17128,9.9925,23392.798458898356,0
LSI,D,20071005,000000,10.0296,10.0382,10.0296,10.0382,316.3177150102608,0
LSI,D,20071008,000000,9.80981,10.0201,9.80981,10.0201,222.78855675141293,0
LSI,D,20071009,000000,9.82878,10.2209,9.82878,10.2209,5112.577021677472,0
LSI,D,20071010,000000,10.2209,10.3855,10.0382,10.2209,9071.277461689606,0
LSI,D,20071011,000000,10.3484,10.3484,9.95629,10.3122,13.661562442303623,0
LSI,D,20071012,000000,9.73749,10.2209,9.71938,10.2209,5046.370988303231,0
LSI,D,20071015,000000,10.0477,10.2028,10.0382,10.0382,1118.1463414316197,0
LSI,D,20071016,000000,9.8831,10.0106,9.71938,10.0106,3459.527966158733,0
LSI,D,20071017,000000,9.76411,10.0201,9.71938,9.80981,1919.9749678529786,0
LSI,D,20071018,000000,9.59092,9.82878,9.58236,9.80981,4014.397579199988,0
LSI,D,20071019,000000,9.7917,9.80119,9.7917,9.80119,712.5030258370659,0
LSI,D,20071022,000000,9.80981,9.80981,9.40822,9.53668,2231.0382357700455,0
LSI,D,20071023,000000,9.7917,9.7917,9.40822,9.67371,897.4595635174841,0
LSI,D,20071024,000000,9.53668,9.7099,8.95241,9.7099,5974.306344961238,0
LSI,D,20071025,000000,9.7736,9.7736,9.49957,9.6823,1056.1438657319338,0
LSI,D,20071026,000000,9.52717,9.52717,9.35398,9.39966,1341.9857876016713,0
LSI,D,20071029,000000,9.26263,9.9287,9.26263,9.59092,38231.35705007737,0
LSI,D,20071030,000000,9.9468,9.9468,9.67371,9.84689,491.8162479229305,0
LSI,D,20071031,000000,9.90111,9.90111,9.90111,9.90111,274.2821382647112,0
LSI,D,20071102,000000,9.44533,9.85551,9.44533,9.85551,2301.4478268188413,0
LSI,D,20071105,000000,9.80981,9.8193,9.30831,9.8193,5870.2682925160025,0
LSI,D,20071106,000000,9.91069,10.1752,9.82878,9.8374,14479.15441000415,0
LSI,D,20071107,000000,10.0201,10.3855,9.40822,9.6642,33999.42536121875,0
LSI,D,20071108,000000,9.13512,10.0201,9.01627,9.14368,21965.69062838736,0
LSI,D,20071109,000000,9.30831,9.49101,8.66951,8.67855,5284.922886334224,0
LSI,D,20071112,000000,8.67855,9.12561,8.40479,8.62384,3972.3620024544384,0
LSI,D,20071113,000000,8.62384,8.7425,8.40479,8.55999,7695.663212691495,0
LSI,D,20071114,000000,8.85202,9.21695,8.76981,8.96146,6818.170548128147,0
LSI,D,20071115,000000,9.26263,9.31782,8.58729,9.31782,43891.447458865834,0
LSI,D,20071116,000000,9.35398,10.0106,9.12561,9.85551,22779.07903841354,0
LSI,D,20071119,000000,9.9925,10.1295,9.27215,9.8374,18735.256555491047,0
LSI,D,20071120,000000,9.67371,9.67371,9.13512,9.56333,15053.990921999954,0
LSI,D,20071121,000000,9.30831,9.64611,9.17128,9.53668,1471.2451860942365,0
LSI,D,20071122,000000,9.18079,9.49101,8.80635,9.44533,6710.979827426995,0
LSI,D,20071123,000000,9.58236,9.6642,9.12561,9.12561,12395.240692843941,0
LSI,D,20071126,000000,9.62804,9.92018,9.49101,9.52717,6886.4783603396645,0
LSI,D,20071127,000000,9.57284,9.75559,9.32638,9.58236,7647.322299434113,0
LSI,D,20071128,000000,9.67371,9.67371,9.3359,9.53668,2279.3791490274275,0
LSI,D,20071129,000000,9.53668,9.75559,9.39966,9.62804,4525.129836658416,0
LSI,D,20071130,000000,9.41774,9.67371,9.39966,9.6642,6168.720887409405,0
LSI,D,20071203,000000,9.31782,9.75559,9.31782,9.75559,16.814230698219845,0
LSI,D,20071204,000000,9.75559,9.80981,9.71938,9.80981,8271.550614105525,0
LSI,D,20071205,000000,9.84689,10.8508,9.44533,10.5406,20177.076837863813,0
LSI,D,20071206,000000,10.7224,10.7224,10.2209,10.5406,2089.1681642538156,0
LSI,D,20071207,000000,10.5863,10.5863,10.3122,10.5406,1118.1463414316197,0
LSI,D,20071210,000000,10.3579,11.1335,10.3122,10.9051,15208.471666540263,0
LSI,D,20071211,000000,10.9422,11.4894,10.9422,11.2248,14399.286814188432,0
LSI,D,20071212,000000,11.2981,11.3618,11.0421,11.3618,9232.063542741333,0
LSI,D,20071213,000000,11.398,11.398,10.5948,11.1239,4820.4297632959015,0
LSI,D,20071214,000000,10.9603,10.9603,10.5863,10.8594,1692.9828534270107,0
LSI,D,20071217,000000,10.8594,10.8594,10.1295,10.3941,18583.928479207276,0
LSI,D,20071218,000000,9.80981,10.8594,9.80981,10.376,2611.46020531727,0
LSI,D,20071219,000000,10.1295,10.2942,10.0382,10.2942,4819.378873877263,0
LSI,D,20071220,000000,10.3941,10.3941,9.9925,10.2761,5800.909590885846,0
LSI,D,20071221,000000,9.8831,10.2666,9.84689,10.2666,6748.811846497991,0
LSI,D,20071227,000000,9.86499,10.5311,9.86499,10.2666,2401.2823215895214,0
LSI,D,20071228,000000,10.0477,10.4493,10.0477,10.2846,352.047955243978,0
LSI,D,20080102,000000,10.1391,10.1391,9.9468,9.9468,7814.413716997673,0
LSI,D,20080103,000000,9.85551,10.0296,9.85551,10.0296,1364.054465393085,0
LSI,D,20080104,000000,9.85551,9.9468,9.70031,9.93828,2202.6642214667995,0
LSI,D,20080107,000000,9.7736,9.7736,9.44533,9.49101,3532.039336044806,0
LSI,D,20080108,000000,9.39966,9.39966,8.21314,8.21314,10220.950485680389,0
LSI,D,20080109,000000,9.03454,9.03454,8.3044,8.40479,27777.109113459595,0
LSI,D,20080110,000000,8.85202,8.85202,8.3044,8.487,4079.55272315559,0
LSI,D,20080111,000000,8.35921,8.487,8.35007,8.44132,4154.16587187894,0
LSI,D,20080114,000000,8.21314,8.21314,7.49223,7.76599,9079.684577038715,0
LSI,D,20080115,000000,7.92119,8.12188,7.49223,7.89379,3017.103520911823,0
LSI,D,20080116,000000,7.30971,7.56521,7.02681,7.48309,19104.118741433453,0
LSI,D,20080117,000000,7.48309,8.35921,7.48309,8.10371,2794.3149641604105,0
LSI,D,20080118,000000,7.75686,8.03062,7.74772,8.03062,4850.905556436425,0
LSI,D,20080121,000000,8.16756,8.16756,7.60175,7.75686,739.8261507216732,0
LSI,D,20080122,000000,7.07248,7.65646,7.03594,7.65646,8447.049147018193,0
LSI,D,20080123,000000,7.93033,7.93033,7.75686,7.76599,3438.510177785958,0
LSI,D,20080124,000000,7.93033,8.21314,7.80254,8.21314,2668.2082339237613,0
LSI,D,20080125,000000,8.40479,8.40479,8.25882,8.39574,1155.9783605026144,0
LSI,D,20080128,000000,8.44132,8.44132,7.76599,8.3044,5.2544470931937015,0
LSI,D,20080129,000000,8.62384,8.66951,8.21314,8.3044,982.5816064272221,0
LSI,D,20080130,000000,8.21314,8.21314,7.90293,8.0763,3199.958279754964,0
LSI,D,20080131,000000,8.12188,8.22227,8.12188,8.12188,1435.5149458605192,0
LSI,D,20080201,000000,8.21314,8.21314,8.12188,8.21314,1289.4413166697343,0
LSI,D,20080204,000000,8.487,8.487,8.19496,8.28622,1983.0283329713027,0
LSI,D,20080206,000000,8.16756,8.16756,7.54703,8.10371,1350.3929029507813,0
LSI,D,20080207,000000,8.2041,8.2041,7.87552,8.12188,1791.766458779052,0
LSI,D,20080208,000000,8.16756,8.16756,7.93937,8.13101,409.8468732691087,0
LSI,D,20080211,000000,7.76599,8.11284,7.76599,8.11284,100.88538418931905,0
LSI,D,20080212,000000,7.84812,8.15842,7.77513,8.15842,1339.8840087643937,0
LSI,D,20080213,000000,7.59261,8.15842,7.59261,8.15842,5662.192187625532,0
LSI,D,20080214,000000,8.21314,8.35921,8.21314,8.3044,1993.5372271576903,0
LSI,D,20080215,000000,8.18583,8.21314,8.13101,8.18583,635.7880982764378,0
LSI,D,20080218,000000,7.86639,8.21314,7.75686,8.14929,10206.238033819445,0
LSI,D,20080219,000000,8.12188,8.14929,7.90293,8.0763,1707.6953052879528,0
LSI,D,20080220,000000,7.90293,7.95764,7.77513,7.95764,1573.1814597021942,0
LSI,D,20080221,000000,7.95764,7.95764,7.80254,7.80254,1206.4210525972737,0
LSI,D,20080222,000000,7.76599,8.12188,7.75686,7.94851,16478.996973674293,0
LSI,D,20080225,000000,7.76599,8.02158,7.75686,8.02158,2328.7709517034486,0
LSI,D,20080227,000000,7.78426,8.02158,7.76599,7.95764,1678.2704015660681,0
LSI,D,20080228,000000,7.76599,7.94851,7.76599,7.94851,279.5365853579049,0
LSI,D,20080229,000000,7.77513,7.84812,7.52876,7.82994,2199.511553210883,0
LSI,D,20080303,000000,7.51049,7.72955,7.48309,7.49223,5016.9460845813455,0
LSI,D,20080304,000000,7.64743,7.71128,7.48309,7.56521,2741.7704932284732,0
LSI,D,20080305,000000,7.75686,8.39574,7.75686,8.39574,19006.386025500466,0
LSI,D,20080306,000000,8.66951,9.30831,8.22227,8.94328,25788.826333394685,0
LSI,D,20080307,000000,9.11704,9.12561,8.68769,8.92501,9159.552172855261,0
LSI,D,20080310,000000,8.94328,8.94328,8.73337,8.91587,2734.414267298002,0
LSI,D,20080311,000000,8.6147,8.93414,8.38661,8.487,8954.628736220706,0
LSI,D,20080312,000000,8.89761,9.11704,8.66951,8.85202,3400.6781587149635,0
LSI,D,20080313,000000,9.07993,9.07993,8.50517,8.50517,414.0504309436636,0
LSI,D,20080314,000000,9.04377,9.07993,8.89761,9.07136,5446.7598568045905,0
LSI,D,20080317,000000,8.91587,9.07136,8.85202,9.03454,3411.187052901351,0
LSI,D,20080318,000000,9.03454,9.03454,8.85202,9.0254,1338.8331193457552,0
LSI,D,20080319,000000,8.69682,9.26263,8.69682,9.23504,1581.588575051304,0
LSI,D,20080320,000000,9.03454,9.20744,8.90674,9.20744,441.3735558282709,0
LSI,D,20080325,000000,9.20744,9.29879,9.07993,9.29879,6161.364661478935,0
LSI,D,20080326,000000,9.39966,9.39966,9.12561,9.38158,482.35824315518175,0
LSI,D,20080327,000000,9.35398,9.76411,9.21695,9.76411,8236.871263290446,0
LSI,D,20080328,000000,9.76411,10.4036,9.76411,10.2209,17443.713459984243,0
LSI,D,20080331,000000,10.4769,10.4949,10.002,10.376,8977.748303430759,0
LSI,D,20080401,000000,10.3941,10.4036,10.1391,10.4036,676.7727856033487,0
LSI,D,20080402,000000,10.1019,10.4854,10.1019,10.4854,2591.4933063631333,0
LSI,D,20080403,000000,10.4854,10.4854,10.1933,10.3579,1017.2609572423006,0
LSI,D,20080404,000000,10.0296,10.3122,10.0201,10.3027,2572.5772968276365,0
LSI,D,20080407,000000,10.0562,10.2113,9.9468,10.2113,2376.0609755421915,0
LSI,D,20080408,000000,10.2113,10.2846,10.0201,10.0201,5958.543003681657,0
LSI,D,20080409,000000,9.76411,9.8831,9.64611,9.8831,3574.074912790356,0
LSI,D,20080410,000000,9.76411,9.80981,9.67371,9.80981,1150.7239134094207,0
LSI,D,20080411,000000,9.85551,9.85551,9.12561,9.12561,11754.19814747431,0
LSI,D,20080414,000000,9.08945,9.12561,9.07993,9.10752,1446.0238400469066,0
LSI,D,20080415,000000,9.30831,9.30831,9.30831,9.30831,2.1017788372774806,0
LSI,D,20080416,000000,9.35398,9.35398,9.07993,9.35398,545.4116082735062,0
LSI,D,20080417,000000,9.12561,9.12561,8.92501,9.098,1793.8682376163297,0
LSI,D,20080418,000000,9.098,9.26263,8.89761,9.098,1035.1260773591591,0
LSI,D,20080421,000000,8.78808,9.07136,8.73337,9.07136,586.396295600417,0
LSI,D,20080422,000000,8.81549,8.81549,8.71509,8.71509,3360.7443608066915,0
LSI,D,20080423,000000,8.62384,8.94328,8.05803,8.12188,12019.022280971685,0
LSI,D,20080424,000000,8.83376,8.83376,8.2041,8.35007,1847.4635979669054,0
LSI,D,20080425,000000,8.35007,8.35007,7.94851,8.21314,7684.103429086469,0
LSI,D,20080428,000000,8.21314,8.21314,8.2041,8.2041,5775.688244838517,0
LSI,D,20080429,000000,8.03976,8.03976,8.03062,8.03062,3202.060058592241,0
LSI,D,20080430,000000,7.98504,8.28622,7.89379,8.28622,3268.266091966482,0
LSI,D,20080505,000000,8.4322,8.82462,8.19496,8.21314,11497.781129326664,0
LSI,D,20080506,000000,8.21314,8.50517,8.19496,8.34094,2251.005134724182,0
LSI,D,20080507,000000,8.22227,8.51431,8.14929,8.51431,2487.455253917898,0
LSI,D,20080508,000000,8.49604,8.49604,8.487,8.49604,526.4955987380089,0
LSI,D,20080509,000000,8.41392,8.487,8.39574,8.487,4518.824500146583,0
LSI,D,20080512,000000,8.39574,8.65124,8.35921,8.65124,4649.134788057787,0
LSI,D,20080513,000000,8.65124,8.76077,8.65124,8.66951,3607.7033741867954,0
LSI,D,20080514,000000,8.82462,8.89761,8.51431,8.66951,4169.929213158521,0
LSI,D,20080515,000000,8.88847,8.88847,8.55999,8.80635,2017.7076837863813,0
LSI,D,20080516,000000,8.80635,8.80635,8.40479,8.63297,4545.096735612552,0
LSI,D,20080519,000000,8.6147,8.63297,8.3318,8.57826,711.4521364184271,0
LSI,D,20080520,000000,8.57826,8.57826,8.34094,8.56912,583.2436273445007,0
LSI,D,20080521,000000,8.38661,8.55999,8.21314,8.55999,1573.1814597021942,0
LSI,D,20080523,000000,8.24968,8.24968,7.81167,8.01245,15658.25233771723,0
LSI,D,20080526,000000,8.01245,8.12188,7.88466,8.12188,1066.6527599183212,0
LSI,D,20080527,000000,7.93937,8.22227,7.85725,8.12188,8312.535301432436,0
LSI,D,20080528,000000,7.93937,8.12188,7.90293,8.12188,170.2440858194759,0
LSI,D,20080529,000000,7.93937,8.12188,7.93937,8.10371,1498.5683109788436,0
LSI,D,20080530,000000,7.98504,8.11284,7.94851,8.11284,438.2208875723547,0
LSI,D,20080602,000000,8.11284,8.2041,8.11284,8.2041,712.5030258370659,0
LSI,D,20080603,000000,8.2041,8.26795,8.2041,8.21314,412.99954152502494,0
LSI,D,20080604,000000,8.21314,8.21314,7.93937,8.16756,509.68136803978905,0
LSI,D,20080606,000000,7.93937,8.12188,7.82081,7.82081,488.6635796670142,0
LSI,D,20080609,000000,7.82081,8.06716,7.6656,8.04889,1091.874105965651,0
LSI,D,20080610,000000,8.03062,8.03062,7.39184,7.65646,1925.2294149461723,0
LSI,D,20080611,000000,7.65646,7.65646,7.30058,7.43751,3045.477535215069,0
LSI,D,20080612,000000,7.43751,7.57434,7.11806,7.57434,1688.7792957524555,0
LSI,D,20080613,000000,7.57434,7.57434,7.255,7.56521,1020.4136254982168,0
LSI,D,20080616,000000,7.30971,7.30971,7.20018,7.30058,3067.5462130064825,0
LSI,D,20080617,000000,7.48309,7.48309,7.48309,7.48309,3.1526682559162205,0
LSI,D,20080618,000000,7.43751,7.43751,7.20932,7.43751,1854.8198238973764,0
LSI,D,20080619,000000,7.30058,7.39184,7.30058,7.39184,172.3458646567534,0
LSI,D,20080620,000000,7.3827,7.3827,6.99036,6.99036,839.6606454923535,0
LSI,D,20080623,000000,7.02681,7.3827,7.02681,7.30058,213.3305519836643,0
LSI,D,20080624,000000,7.29144,7.29144,7.29144,7.29144,1.0508894186387403,0
LSI,D,20080625,000000,7.29144,7.29144,7.29144,7.29144,2.1017788372774806,0
LSI,D,20080626,000000,7.10893,7.10893,7.10893,7.10893,339.43728222031314,0
LSI,D,20080627,000000,6.8443,7.20932,6.75304,7.20018,8634.10746353589,0
LSI,D,20080630,000000,6.8443,7.02681,6.8443,7.02681,357.30240233717166,0
LSI,D,20080701,000000,6.8443,6.8443,6.53408,6.83516,9049.208783898192,0
LSI,D,20080702,000000,6.75304,6.75304,6.75304,6.75304,109.29249953842898,0
LSI,D,20080703,000000,6.41543,6.4337,6.38802,6.38802,594.803410949527,0
LSI,D,20080704,000000,6.42456,6.42456,5.93174,6.38802,5647.47973576459,0
LSI,D,20080707,000000,6.38802,6.38802,6.34244,6.38802,492.86713734156916,0
LSI,D,20080708,000000,5.71268,6.28763,5.71268,5.84048,816.5410782823012,0
LSI,D,20080709,000000,6.28763,6.28763,6.023,6.023,2305.651384493396,0
LSI,D,20080710,000000,6.15992,6.37888,6.11425,6.2055,4391.666880491296,0
LSI,D,20080711,000000,6.38802,6.41543,6.38802,6.41543,577.9891802513072,0
LSI,D,20080714,000000,6.19637,6.42456,6.19637,6.42456,2136.458188092559,0
LSI,D,20080715,000000,6.4337,6.47014,6.41543,6.47014,709.3503575811498,0
LSI,D,20080716,000000,6.21464,6.47928,6.21464,6.38802,5703.1768749524435,0
LSI,D,20080717,000000,6.47928,6.60707,6.47928,6.60707,368.8621859421978,0
LSI,D,20080718,000000,6.60707,6.69833,6.60707,6.66178,1616.2679258663825,0
LSI,D,20080721,000000,6.66178,6.66178,6.66178,6.66178,1797.0209058722457,0
LSI,D,20080722,000000,6.70746,6.70746,6.70746,6.70746,172.3458646567534,0
LSI,D,20080723,000000,7.27327,7.27327,7.27327,7.27327,5150.4090407484655,0
LSI,D,20080724,000000,6.8443,7.27327,6.76218,7.27327,4024.906473386375,0
LSI,D,20080725,000000,7.255,7.27327,7.255,7.27327,175.49853291266962,0
LSI,D,20080728,000000,7.56521,7.57434,6.85343,7.56521,1363.003575974446,0
LSI,D,20080729,000000,8.03062,8.03062,7.30058,7.74772,1980.9265541340255,0
LSI,D,20080730,000000,7.74772,8.03062,7.62002,8.00331,1461.7871813264876,0
LSI,D,20080731,000000,8.00331,8.00331,7.98504,7.98504,186.00742709905703,0
LSI,D,20080801,000000,7.41924,7.72955,7.255,7.72955,564.3276178090035,0
LSI,D,20080804,000000,7.33712,7.62002,7.33712,7.62002,461.340454782407,0
LSI,D,20080805,000000,7.6656,7.6656,7.30058,7.64743,690.4343480456523,0
LSI,D,20080807,000000,7.34626,7.34626,7.34626,7.34626,109.29249953842898,0
LSI,D,20080808,000000,7.14547,7.30058,7.02681,7.30058,1338.8331193457552,0
LSI,D,20080811,000000,7.52876,7.52876,7.52876,7.52876,2.1017788372774806,0
LSI,D,20080812,000000,7.07248,7.30058,7.07248,7.30058,176.54942233130836,0
LSI,D,20080813,000000,7.30058,7.48309,7.30058,7.48309,219.63588849549672,0
LSI,D,20080814,000000,7.29144,7.48309,7.29144,7.48309,651.551439556019,0
LSI,D,20080818,000000,7.51963,7.51963,7.30058,7.30058,1027.769851428688,0
LSI,D,20080819,000000,7.51049,7.51049,7.09075,7.50136,6.305336511832441,0
LSI,D,20080820,000000,6.9995,7.20932,6.75304,7.20932,1095.0267742215674,0
LSI,D,20080821,000000,7.11806,7.255,7.11806,7.255,699.8923528134011,0
LSI,D,20080822,000000,7.11806,7.48309,7.11806,7.48309,943.6986979375888,0
LSI,D,20080825,000000,7.48309,7.6656,7.48309,7.6656,2053.4379240200983,0
LSI,D,20080826,000000,7.48309,7.62002,7.20932,7.62002,3403.8308269708796,0
LSI,D,20080827,000000,7.34626,7.52876,7.255,7.255,1311.509994461148,0
LSI,D,20080828,000000,7.20932,7.6656,6.95383,7.52876,3358.642581969414,0
LSI,D,20080829,000000,7.30971,7.55617,7.14547,7.14547,1186.4541536431377,0
LSI,D,20080901,000000,7.37366,7.52876,7.30058,7.52876,3288.2329909206182,0
LSI,D,20080902,000000,7.43751,7.62916,7.43751,7.62916,1281.0342013206243,0
LSI,D,20080903,000000,7.62916,7.64743,7.59261,7.59261,709.3503575811498,0
LSI,D,20080904,000000,7.59261,7.82081,7.59261,7.82081,1701.3899687761204,0
LSI,D,20080905,000000,7.67474,7.89379,7.67474,7.85725,1818.0386942450207,0
LSI,D,20080908,000000,7.85725,8.03062,7.76599,8.03062,2297.244269144286,0
LSI,D,20080909,000000,7.80254,8.01245,7.67474,8.00331,2417.0456628691027,0
LSI,D,20080910,000000,8.00331,8.00331,7.67474,7.96678,378.32019070994653,0
LSI,D,20080911,000000,7.68387,7.83908,7.45578,7.7934,2958.253713468054,0
LSI,D,20080912,000000,7.84812,8.46873,7.84812,8.3044,17193.601778348635,0
LSI,D,20080915,000000,8.36834,8.39574,7.95764,8.12188,3743.2681091911927,0
LSI,D,20080916,000000,7.75686,8.36834,7.57434,7.75686,4291.832385720615,0
LSI,D,20080917,000000,7.58348,7.67474,7.48309,7.48309,3000.2892902136036,0
LSI,D,20080918,000000,7.20932,7.56521,7.11806,7.56521,2421.2492205436574,0
LSI,D,20080919,000000,7.43751,7.68387,7.35539,7.64743,4493.6031540992535,0
LSI,D,20080922,000000,7.75686,7.75686,7.02681,7.54703,5174.579497377156,0
LSI,D,20080923,000000,7.05421,7.39184,7.02681,7.39184,9217.351090880391,0
LSI,D,20080924,000000,7.52876,7.52876,7.20018,7.20018,2665.0555656678453,0
LSI,D,20080925,000000,7.47396,7.47396,7.02681,7.02681,4547.198514449829,0
LSI,D,20080926,000000,7.20018,7.20018,6.76218,7.09979,5047.421877721869,0
LSI,D,20080929,000000,7.10893,7.10893,6.63438,6.98122,774.5055015367516,0
LSI,D,20080930,000000,6.97209,6.97209,6.48841,6.95383,574.8365119953909,0
LSI,D,20081001,000000,6.49754,6.92642,6.49754,6.91729,2420.1983311250187,0
LSI,D,20081002,000000,6.90825,6.90825,6.89911,6.89911,4.203557674554961,0
LSI,D,20081003,000000,6.89911,6.89911,6.66178,6.75304,1128.655235618007,0
LSI,D,20081006,000000,6.88084,6.88084,6.47928,6.74391,1191.7086007363316,0
LSI,D,20081007,000000,6.74391,6.74391,6.25118,6.67092,47.290023838743316,0
LSI,D,20081008,000000,6.2055,6.52495,6.023,6.52495,2782.7551805553844,0
LSI,D,20081009,000000,6.67092,6.82603,6.25118,6.80785,1026.7189620100492,0
LSI,D,20081010,000000,6.38802,6.65265,5.93174,6.56139,3482.647533368785,0
LSI,D,20081013,000000,6.57053,6.60707,6.29676,6.29676,575.8874014140297,0
LSI,D,20081014,000000,6.39716,6.66178,6.35158,6.6162,4361.191087350772,0
LSI,D,20081015,000000,6.66178,6.66178,6.34244,6.34244,1213.777278527745,0
LSI,D,20081016,000000,6.11425,6.49754,5.72182,5.74922,6661.588024750975,0
LSI,D,20081017,000000,6.28763,6.28763,5.06476,5.3842,5153.561709004382,0
LSI,D,20081020,000000,5.74922,5.74922,5.11043,5.11043,720.9101411861758,0
LSI,D,20081021,000000,5.36593,5.47546,4.74541,5.19255,7013.635979994952,0
LSI,D,20081022,000000,5.20169,5.20169,4.69059,4.9735,3568.820465697162,0
LSI,D,20081023,000000,4.90965,4.90965,3.83285,4.10661,5319.602237149303,0
LSI,D,20081024,000000,4.86407,4.86407,3.92411,4.19787,5340.620025522077,0
LSI,D,20081027,000000,3.93324,4.09748,3.7689,4.09748,4651.236566895064,0
LSI,D,20081028,000000,4.34384,4.34384,3.97882,4.32557,14094.528882783197,0
LSI,D,20081029,000000,4.65415,4.69973,4.38952,4.66329,2900.454795442923,0
LSI,D,20081030,000000,4.69973,5.00091,4.4351,4.69059,10184.169356028031,0
LSI,D,20081031,000000,4.70887,4.79099,4.51722,4.67242,2695.5313588083686,0
LSI,D,20081103,000000,4.88225,4.88225,4.4351,4.67242,4186.743443856741,0
LSI,D,20081104,000000,4.47164,4.66329,4.39866,4.63588,3683.367412328784,0
LSI,D,20081105,000000,4.67242,4.67242,4.47164,4.47164,1622.5732623782148,0
LSI,D,20081106,000000,4.60848,4.60848,4.38039,4.58116,1210.6246102718287,0
LSI,D,20081107,000000,4.69973,5.64883,4.69973,5.47546,32601.742434429227,0
LSI,D,20081110,000000,5.80394,5.80394,5.33852,5.61239,7582.167155478511,0
LSI,D,20081112,000000,5.61239,5.61239,5.33852,5.50286,3834.6954886127633,0
LSI,D,20081113,000000,5.30208,5.44805,5.15601,5.44805,2569.42462857172,0
LSI,D,20081114,000000,5.42075,5.46633,5.42075,5.46633,6303.2347329951635,0
LSI,D,20081117,000000,5.0739,5.3842,5.0739,5.3842,166.04052814492096,0
LSI,D,20081118,000000,5.37507,5.37507,4.65415,4.65415,5815.622042746788,0
LSI,D,20081119,000000,4.87311,4.87311,4.4351,4.55377,3852.560608729622,0
LSI,D,20081120,000000,4.19787,4.54463,4.19787,4.5355,1471.2451860942365,0
LSI,D,20081121,000000,4.5355,4.64501,4.19787,4.55377,1846.4127085482667,0
LSI,D,20081124,000000,4.78185,5.01005,4.56289,4.59935,7233.2718684904485,0
LSI,D,20081125,000000,4.69973,4.83667,4.59935,4.83667,3645.53539325779,0
LSI,D,20081126,000000,4.92792,4.92792,4.5903,4.69059,2730.210709623447,0
LSI,D,20081127,000000,4.82753,4.82753,4.60848,4.80926,823.8973042127723,0
LSI,D,20081128,000000,4.80926,4.80926,4.61761,4.79099,877.4926645633481,0
LSI,D,20081201,000000,4.78185,4.78185,4.47164,4.50809,2210.020447397271,0
LSI,D,20081202,000000,4.59935,4.59935,4.47164,4.55377,1844.310929710989,0
LSI,D,20081203,000000,4.56289,4.56289,4.38039,4.50809,1870.5831651769577,0
LSI,D,20081204,000000,4.38039,4.47164,4.33471,4.38039,2866.826334046483,0
LSI,D,20081205,000000,4.21614,4.42597,4.21614,4.42597,2494.8114798483693,0
LSI,D,20081208,000000,4.49905,4.49905,4.28913,4.49905,1653.0490555187384,0
LSI,D,20081209,000000,4.50809,4.5355,4.38039,4.5355,4562.96185572941,0
LSI,D,20081210,000000,4.73627,4.74541,4.48992,4.65415,5570.764808203962,0
LSI,D,20081211,000000,4.72714,4.72714,4.42597,4.56289,1868.48138633968,0
LSI,D,20081212,000000,4.56289,4.56289,4.38039,4.47164,745.0805978148668,0
LSI,D,20081215,000000,4.47164,4.47164,4.31644,4.38039,1284.1868695765406,0
LSI,D,20081216,000000,4.38039,4.38039,4.25259,4.37125,1167.5381441076404,0
LSI,D,20081217,000000,4.36212,4.36212,4.17046,4.28913,3983.9217860594645,0
LSI,D,20081218,000000,4.28913,4.28913,4.19787,4.28913,842.8133137482697,0
LSI,D,20081219,000000,4.28913,4.28913,4.15219,4.28913,2508.4730422906728,0
LSI,D,20081222,000000,4.32557,4.32557,3.98796,4.27999,5082.101228536948,0
LSI,D,20081223,000000,4.27999,4.47164,4.27999,4.47164,220.68677791413546,0
LSI,D,20081230,000000,4.06094,4.38039,4.06094,4.38039,135.5647350043975,0
LSI,D,20081231,000000,4.38039,4.38039,4.24345,4.38039,1309.4082156238703,0
LSI,D,20090105,000000,4.50809,4.50809,4.28913,4.50809,248.0099027987427,0
LSI,D,20090106,000000,4.50809,4.50809,4.37125,4.37125,953.1567027053375,0
LSI,D,20090107,000000,4.37125,4.46251,4.37125,4.46251,548.5642765294224,0
LSI,D,20090108,000000,4.23431,4.24345,4.10661,4.23431,1556.3672290039742,0
LSI,D,20090109,000000,4.41683,4.41683,4.41683,4.41683,1.0508894186387403,0
LSI,D,20090112,000000,4.42597,4.42597,4.19787,4.27999,3470.03686034512,0
LSI,D,20090113,000000,4.32557,4.32557,3.99709,4.15219,2642.9868878764314,0
LSI,D,20090114,000000,4.10661,4.10661,4.10661,4.10661,110.34338895706773,0
LSI,D,20090115,000000,4.09748,4.10661,4.09748,4.10661,1644.6419401696285,0
LSI,D,20090116,000000,4.10661,4.10661,4.06094,4.09748,2267.8193654224015,0
LSI,D,20090119,000000,4.10661,4.10661,3.96055,4.08834,471.8493489687944,0
LSI,D,20090120,000000,4.08834,4.08834,4.07008,4.07008,62.002475699685675,0
LSI,D,20090121,000000,4.07922,4.07922,3.74159,4.05181,610.566752229108,0
LSI,D,20090122,000000,4.07008,4.07008,3.65033,3.83285,5747.31423053527,0
LSI,D,20090123,000000,3.83285,3.83285,3.77804,3.77804,550.6660553666999,0
LSI,D,20090126,000000,3.77804,3.77804,3.55908,3.71418,2899.4039060242844,0
LSI,D,20090127,000000,3.71418,3.71418,3.71418,3.71418,2.1017788372774806,0
LSI,D,20090128,000000,3.71418,3.71418,3.42215,3.42215,4849.854667017787,0
LSI,D,20090129,000000,3.42215,3.42215,3.1028,3.37657,5796.7060332112915,0
LSI,D,20090130,000000,3.36743,3.36743,3.01155,3.26704,2411.791215775909,0
LSI,D,20090202,000000,3.28531,3.28531,2.92029,3.03886,2972.9661653289963,0
LSI,D,20090203,000000,3.13011,3.13011,2.92029,2.96587,1262.118191785127,0
LSI,D,20090204,000000,2.96587,3.18492,2.92029,3.18492,3992.328901408574,0
LSI,D,20090205,000000,3.17578,3.3583,3.1028,3.3583,6052.072161940506,0
LSI,D,20090206,000000,3.44956,3.44956,3.2031,3.3583,719.8592517675371,0
LSI,D,20090209,000000,3.3583,3.37657,3.33089,3.37657,1358.8000182998912,0
LSI,D,20090210,000000,3.37657,3.37657,3.11184,3.27618,1929.432972620727,0
LSI,D,20090211,000000,3.32176,3.72332,3.17578,3.72332,5380.55382343035,0
LSI,D,20090212,000000,3.66852,3.73246,3.63206,3.65033,1065.6018704996827,0
LSI,D,20090213,000000,3.72332,3.73246,3.72332,3.73246,422.4575462927736,0
LSI,D,20090216,000000,3.73246,3.73246,3.70505,3.70505,2.1017788372774806,0
LSI,D,20090217,000000,3.60467,3.60467,3.43129,3.51341,1393.4793691149694,0
LSI,D,20090218,000000,3.56821,3.56821,3.24877,3.45869,1788.6137905231358,0
LSI,D,20090219,000000,3.2579,3.37657,3.19405,3.34916,2885.7423435819805,0
LSI,D,20090220,000000,3.34916,3.34916,3.19405,3.19405,3091.716669635174,0
LSI,D,20090223,000000,3.34003,3.34003,3.11184,3.19405,1543.7565559803095,0
LSI,D,20090224,000000,3.34003,3.34003,3.16665,3.16665,549.6151659480611,0
LSI,D,20090225,000000,3.34003,3.34003,3.16665,3.30348,302.6561525679572,0
LSI,D,20090226,000000,3.28531,3.28531,3.03886,3.19405,1233.744177481881,0
LSI,D,20090227,000000,3.31262,3.31262,3.05713,3.28531,1580.5376856326652,0
LSI,D,20090302,000000,3.1028,3.30348,3.02972,3.17578,5815.622042746788,0
LSI,D,20090303,000000,3.00241,3.05713,2.73768,3.05713,8774.92664563348,0
LSI,D,20090304,000000,3.01155,3.01155,2.78335,2.9476,1753.9344397080577,0
LSI,D,20090305,000000,2.9476,2.9476,2.74681,2.92029,4462.076471540091,0
LSI,D,20090306,000000,2.92029,2.92029,2.75595,2.88375,862.7802127024057,0
LSI,D,20090309,000000,2.88375,2.88375,2.82903,2.87461,2373.959196704914,0
LSI,D,20090310,000000,2.87461,2.87461,2.77422,2.85634,3189.4493855685764,0
LSI,D,20090311,000000,2.87461,2.96587,2.82903,2.96587,5199.800843424487,0
LSI,D,20090312,000000,2.96587,2.96587,2.83807,2.90202,2450.6741242655426,0
LSI,D,20090313,000000,2.90202,2.91115,2.85634,2.91115,2129.101962162088,0
LSI,D,20090316,000000,2.90202,2.90202,2.77422,2.89288,1228.4897303886873,0
LSI,D,20090317,000000,2.89288,2.89288,2.77422,2.85634,1509.077205165231,0
LSI,D,20090318,000000,2.85634,2.85634,2.85634,2.85634,2.1017788372774806,0
LSI,D,20090319,000000,2.85634,2.85634,2.85634,2.85634,2.1017788372774806,0
LSI,D,20090320,000000,2.85634,2.85634,2.82903,2.85634,1922.0767466902557,0
LSI,D,20090323,000000,2.85634,2.85634,2.80163,2.85634,3521.5304418584183,0
LSI,D,20090324,000000,2.91115,3.01155,2.89288,3.00241,6297.98028590197,0
LSI,D,20090325,000000,3.04799,3.2031,2.96587,3.2031,15361.901521660691,0
LSI,D,20090326,000000,3.19405,3.28531,3.14838,3.28531,7133.437373719768,0
LSI,D,20090327,000000,3.28531,3.34003,3.19405,3.19405,5171.426829121241,0
LSI,D,20090330,000000,3.23963,3.23963,2.92933,3.01155,3979.7182283849093,0
LSI,D,20090331,000000,3.09366,3.09366,2.93846,3.08453,1298.899321437483,0
LSI,D,20090401,000000,3.08453,3.08453,2.92029,3.03886,5576.019255297156,0
LSI,D,20090402,000000,3.08453,3.08453,2.92029,3.08453,4482.043370494227,0
LSI,D,20090403,000000,3.08453,3.18492,3.01155,3.1028,9178.468182390758,0
LSI,D,20090406,000000,3.17578,3.80544,3.17578,3.53168,27867.4856034617,0
LSI,D,20090407,000000,3.53168,3.60467,3.36743,3.52254,9286.709792510548,0
LSI,D,20090408,000000,3.6138,3.69591,3.34916,3.63206,16932.98120252561,0
LSI,D,20090409,000000,3.65033,4.01536,3.6412,3.87843,41641.49321356008,0
LSI,D,20090414,000000,3.92411,4.25259,3.79631,4.06094,29560.468456888917,0
LSI,D,20090415,000000,4.19787,4.19787,3.91497,4.14306,14383.523472908852,0
LSI,D,20090416,000000,4.19787,4.38039,3.93324,4.04267,9997.111039510335,0
LSI,D,20090417,000000,4.01536,4.07008,3.82371,3.87843,10724.326517208345,0
LSI,D,20090420,000000,4.06094,4.06094,3.57726,3.65033,4046.9751511777886,0
LSI,D,20090421,000000,3.65033,3.65033,3.55908,3.63206,1898.9571794802036,0
LSI,D,20090422,000000,3.65033,3.82371,3.65033,3.81458,10280.851182542796,0
LSI,D,20090423,000000,3.81458,4.10661,3.70505,3.96969,22442.794424449145,0
LSI,D,20090424,000000,3.69591,3.96055,3.67764,3.96055,21229.0171459214,0
LSI,D,20090427,000000,3.96969,3.99709,3.75073,3.75976,24130.522830783164,0
LSI,D,20090428,000000,3.75976,3.75976,3.69591,3.72332,5428.894736687732,0
LSI,D,20090429,000000,3.74159,3.84198,3.63206,3.82371,7677.798092574636,0
LSI,D,20090430,000000,3.75976,3.75976,3.6412,3.74159,2257.310471236014,0
LSI,D,20090504,000000,3.73246,3.73246,3.46783,3.49514,14874.288831412523,0
LSI,D,20090505,000000,3.59553,3.59553,3.486,3.55908,2967.7117182358024,0
LSI,D,20090506,000000,3.42215,3.51341,3.38571,3.51341,2664.0046762492066,0
LSI,D,20090507,000000,3.51341,3.55908,3.47696,3.54081,5025.353199930456,0
LSI,D,20090508,000000,3.57726,3.57726,3.44956,3.57726,4087.9598385046993,0
LSI,D,20090511,000000,3.57726,3.57726,3.486,3.56821,1714.0006417997852,0
LSI,D,20090512,000000,3.55908,3.83285,3.52254,3.65033,54670.420225842776,0
LSI,D,20090513,000000,3.70505,3.78717,3.62293,3.62293,26539.16137830254,0
LSI,D,20090514,000000,3.69591,3.69591,3.65033,3.65033,1871.6340545955964,0
LSI,D,20090515,000000,3.69591,3.73246,3.47696,3.47696,10689.647166393679,0
LSI,D,20090518,000000,3.38571,3.51341,3.19405,3.28531,45408.931779379964,0
LSI,D,20090519,000000,3.37657,3.37657,3.1028,3.24877,13601.661745440802,0
LSI,D,20090520,000000,3.24877,3.24877,2.97501,3.09366,9490.582339726463,0
LSI,D,20090521,000000,3.14838,3.14838,2.97501,3.01155,9082.837245294633,0
LSI,D,20090522,000000,3.08453,3.08453,2.98414,3.03886,6347.372088577991,0
LSI,D,20090525,000000,3.06626,3.06626,2.99328,3.04799,4536.689620263442,0
LSI,D,20090526,000000,3.06626,3.06626,2.99328,2.99328,3766.387676401245,0
LSI,D,20090527,000000,3.05713,3.13011,3.02972,3.11184,3087.513111960619,0
LSI,D,20090528,000000,3.14838,3.14838,3.13011,3.14838,483.40913257382056,0
LSI,D,20090529,000000,3.14838,3.17578,3.06626,3.17578,8117.069869565629,0
LSI,D,20090601,000000,3.16665,3.16665,3.06626,3.14838,7561.149367105736,0
LSI,D,20090602,000000,3.16665,3.16665,3.01155,3.1028,6840.23922591956,0
LSI,D,20090603,000000,3.1028,3.3583,2.96587,3.16665,42063.95075985327,0
LSI,D,20090604,000000,3.19405,3.2579,3.14838,3.19405,37709.0650090135,0
LSI,D,20090605,000000,3.19405,3.23963,3.19405,3.22136,14246.907848485815,0
LSI,D,20090608,000000,3.2579,3.2579,3.02972,3.12098,6462.969924628253,0
LSI,D,20090609,000000,3.13011,3.15751,3.13011,3.15751,2702.88758473884,0
LSI,D,20090610,000000,3.19405,3.19405,3.15751,3.18492,2665.0555656678453,0
LSI,D,20090612,000000,3.13011,3.19405,3.09366,3.19405,3282.9785438274243,0
LSI,D,20090615,000000,3.21223,3.21223,3.14838,3.17578,3732.7592150048054,0
LSI,D,20090616,000000,3.19405,3.19405,3.09366,3.13925,5168.274160865325,0
LSI,D,20090617,000000,3.13011,3.16665,3.05713,3.13925,10783.176324652319,0
LSI,D,20090618,000000,3.13925,3.13925,2.95673,3.06626,3106.4291214961163,0
LSI,D,20090619,000000,3.1028,3.1028,3.00241,3.09366,848.0677608414634,0
LSI,D,20090622,000000,3.05713,3.05713,2.92933,2.97501,13146.62662717064,0
LSI,D,20090623,000000,2.97501,3.1028,2.79249,2.80163,28085.01971312033,0
LSI,D,20090624,000000,2.77422,2.98414,2.77422,2.91115,7216.457637792229,0
LSI,D,20090625,000000,2.97501,2.97501,2.93846,2.93846,2930.9305885834465,0
LSI,D,20090626,000000,2.97501,2.97501,2.97501,2.97501,332.0810562898419,0
LSI,D,20090629,000000,2.99328,2.99328,2.95673,2.98414,1567.9270126090003,0
LSI,D,20090630,000000,2.98414,3.01155,2.98414,3.00241,1163.3345864330854,0
LSI,D,20090701,000000,3.02059,3.03886,3.02059,3.03886,2191.1044378617735,0
LSI,D,20090702,000000,3.00241,3.00241,3.00241,3.00241,642.0934347882703,0
LSI,D,20090703,000000,3.00241,3.00241,2.90202,2.96587,1645.6928295882674,0
LSI,D,20090706,000000,2.88375,3.04799,2.87461,3.03886,16368.653584717224,0
LSI,D,20090707,000000,3.14838,3.92411,3.1028,3.59553,140165.52887919956,0
LSI,D,20090708,000000,3.56821,4.18873,3.56821,3.92411,103233.07115055781,0
LSI,D,20090709,000000,3.66852,3.92411,3.66852,3.67764,29026.616632220852,0
LSI,D,20090710,000000,3.65947,4.18873,3.65947,4.01536,84663.85512321125,0
LSI,D,20090713,000000,3.99709,4.28913,3.88756,4.23431,74803.35970812438,0
LSI,D,20090714,000000,4.23431,4.33471,4.03363,4.06094,90612.94012212538,0
LSI,D,20090715,000000,4.18873,4.27999,3.90584,4.09748,40136.61956606899,0
LSI,D,20090716,000000,4.09748,4.09748,3.80544,3.83285,65797.23739039036,0
LSI,D,20090717,000000,3.91497,3.91497,3.55908,3.66852,37007.070877363236,0
LSI,D,20090720,000000,3.52254,3.60467,3.42215,3.50427,23948.718961358045,0
LSI,D,20090721,000000,3.60467,3.60467,3.46783,3.55908,3291.385659176535,0
LSI,D,20090722,000000,3.57726,3.57726,3.34916,3.34916,24207.23775834338,0
LSI,D,20090723,000000,3.42215,3.44956,3.37657,3.43129,13227.545112406237,0
LSI,D,20090724,000000,3.486,3.59553,3.43129,3.53168,14442.373280351794,0
LSI,D,20090727,000000,3.54081,3.67764,3.37657,3.37657,27451.333393681583,0
LSI,D,20090728,000000,3.37657,3.42215,3.29435,3.42215,8641.463689466362,0
LSI,D,20090729,000000,3.42215,3.42215,3.19405,3.33089,37220.40142934649,0
LSI,D,20090730,000000,3.23963,3.51341,3.23963,3.51341,30892.99623972346,0
LSI,D,20090731,000000,3.63206,3.63206,3.36743,3.44042,15904.160461678488,0
LSI,D,20090803,000000,3.45869,4.17046,3.31262,3.92411,204388.53392046227,0
LSI,D,20090804,000000,4.00623,4.23431,3.92411,4.00623,118444.69548535874,0
LSI,D,20090805,000000,3.84198,4.00623,3.75976,3.7689,39482.966347676316,0
LSI,D,20090806,000000,3.81458,3.98796,3.57726,3.6412,67915.83045836628,0
LSI,D,20090807,000000,3.65033,3.65033,3.55908,3.6412,14696.688519662783,0
LSI,D,20090810,000000,3.6412,3.74159,3.59553,3.62293,35503.24811929099,0
LSI,D,20090811,000000,3.63206,3.72332,3.54995,3.54995,31353.285805086816,0
LSI,D,20090812,000000,3.52254,3.54995,3.42215,3.54995,37821.51017680826,0
LSI,D,20090813,000000,3.55908,3.73246,3.55908,3.57726,26347.89950411091,0
LSI,D,20090814,000000,3.65033,3.92411,3.56821,3.80544,56793.21685149302,0
LSI,D,20090817,000000,3.71418,3.92411,3.60467,3.60467,75369.78910477045,0
LSI,D,20090818,000000,3.6138,3.75976,3.57726,3.65947,34109.76875017581,0
LSI,D,20090819,000000,3.66852,3.66852,3.47696,3.59553,19198.69878911094,0
LSI,D,20090820,000000,3.6138,3.69591,3.57726,3.67764,19224.97102457691,0
LSI,D,20090821,000000,3.70505,3.8967,3.70505,3.84198,43627.6742147873,0
LSI,D,20090824,000000,3.99709,4.14306,3.96969,4.07008,60621.60700359458,0
LSI,D,20090825,000000,4.06094,4.36212,3.96969,4.29826,102706.5755518196,0
LSI,D,20090826,000000,4.32557,4.32557,4.19787,4.24345,64528.813862093004,0
LSI,D,20090827,000000,4.26172,4.26172,4.1796,4.1796,14022.017512896298,0
LSI,D,20090828,000000,4.12488,4.17046,4.01536,4.10661,17584.532642081627,0
LSI,D,20090831,000000,3.97882,4.06094,3.97882,3.97882,9513.701906936516,0
LSI,D,20090901,000000,3.8967,3.92411,3.81458,3.86929,6178.178892177154,0
LSI,D,20090902,000000,3.69591,3.77804,3.66852,3.77804,8086.594076425105,0
LSI,D,20090903,000000,3.65947,3.77804,3.55908,3.65033,28930.98569512452,0
LSI,D,20090904,000000,3.72332,3.87843,3.70505,3.87843,31278.67265636326,0
LSI,D,20090907,000000,3.84198,3.90584,3.70505,3.87843,4275.018155022395,0
LSI,D,20090908,000000,3.72332,3.87843,3.72332,3.72332,7824.92261118406,0
LSI,D,20090909,000000,3.72332,3.72332,3.47696,3.6138,17308.148724980052,0
LSI,D,20090910,000000,3.65033,3.65033,3.49514,3.58639,21186.98156917585,0
LSI,D,20090911,000000,3.52254,3.55908,3.44956,3.55908,19383.655326791562,0
LSI,D,20090914,000000,3.46783,3.54081,3.46783,3.54081,2758.584723926693,0
LSI,D,20090915,000000,3.63206,3.63206,3.46783,3.55908,8230.565926778614,0
LSI,D,20090916,000000,3.52254,3.63206,3.52254,3.63206,8030.896937237253,0
LSI,D,20090917,000000,3.65033,3.79631,3.65033,3.78717,13695.190903700475,0
LSI,D,20090918,000000,3.69591,3.78717,3.66852,3.78717,3747.471666865748,0
LSI,D,20090921,000000,3.58639,3.75976,3.55908,3.67764,3924.021089197056,0
LSI,D,20090922,000000,3.68678,3.92411,3.68678,3.82371,27792.872454739176,0
LSI,D,20090923,000000,3.73246,3.80544,3.72332,3.78717,2646.139556132348,0
LSI,D,20090924,000000,3.7689,3.87843,3.67764,3.84198,12040.04006934446,0
LSI,D,20090925,000000,3.67764,3.82371,3.65947,3.81458,3620.31404721046,0
LSI,D,20090928,000000,3.74159,3.74159,3.69591,3.74159,4368.547313281244,0
LSI,D,20090929,000000,3.78717,3.86016,3.78717,3.86016,9510.5492386806,0
LSI,D,20090930,000000,3.75073,3.96055,3.70505,3.86929,27752.938656830283,0
LSI,D,20091001,000000,3.86929,4.00623,3.85102,3.86929,31770.488904286805,0
LSI,D,20091002,000000,3.98796,3.98796,3.73246,3.87843,36178.97001547632,0
LSI,D,20091005,000000,3.83285,4.06094,3.69591,3.7689,40802.88345748679,0
LSI,D,20091006,000000,3.78717,3.84198,3.51341,3.73246,29689.7278553821,0
LSI,D,20091007,000000,3.69591,3.81458,3.51341,3.68678,15638.285438763301,0
LSI,D,20091008,000000,3.60467,3.7689,3.60467,3.7689,5945.932330657993,0
LSI,D,20091009,000000,3.75976,3.75976,3.65033,3.73246,2145.9161928603075,0
LSI,D,20091012,000000,3.73246,3.73246,3.65947,3.66852,2301.4478268188413,0
LSI,D,20091013,000000,3.72332,3.72332,3.6412,3.6412,13681.529341257552,0
LSI,D,20091014,000000,3.6138,3.65033,3.60467,3.65033,2432.8090041486835,0
LSI,D,20091015,000000,3.60467,3.69591,3.53168,3.67764,2549.457729617584,0
LSI,D,20091016,000000,3.55908,3.55908,3.54081,3.54081,1317.8153309729803,0
LSI,D,20091019,000000,3.63206,3.65033,3.51341,3.51341,4930.773152252969,0
LSI,D,20091020,000000,3.56821,3.62293,3.54081,3.54081,11779.419493521435,0
LSI,D,20091021,000000,3.52254,3.55908,3.51341,3.51341,7157.607830348459,0
LSI,D,20091022,000000,3.43129,3.51341,3.43129,3.51341,793.4215110722489,0
LSI,D,20091023,000000,3.51341,3.55908,3.51341,3.55908,5489.8463229687795,0
LSI,D,20091026,000000,3.54995,3.62293,3.54995,3.62293,766.0983861876417,0
LSI,D,20091027,000000,3.44042,3.62293,3.44042,3.62293,3802.1179166349625,0
LSI,D,20091028,000000,3.54081,3.54081,3.53168,3.54081,2468.5392443824007,0
LSI,D,20091029,000000,3.37657,3.54081,3.37657,3.54081,5835.588941700925,0
LSI,D,20091030,000000,3.44956,3.6412,3.44956,3.56821,3898.799743149726,0
LSI,D,20091102,000000,3.55908,3.69591,3.55908,3.6412,13743.531816957033,0
LSI,D,20091103,000000,3.6412,3.82371,3.60467,3.81458,20194.941957981082,0
LSI,D,20091104,000000,3.81458,3.81458,3.67764,3.77804,1291.543095507012,0
LSI,D,20091105,000000,3.69591,3.77804,3.67764,3.77804,9865.749862180493,0
LSI,D,20091106,000000,3.78717,3.78717,3.60467,3.73246,8274.70328236144,0
LSI,D,20091109,000000,3.65947,3.83285,3.65947,3.81458,4701.679258989724,0
LSI,D,20091110,000000,3.81458,3.90584,3.70505,3.70505,6229.6724736904525,0
LSI,D,20091112,000000,3.86929,3.88756,3.83285,3.86929,15665.608563648115,0
LSI,D,20091113,000000,3.87843,3.94238,3.87843,3.94238,14643.093159311999,0
LSI,D,20091116,000000,3.93324,3.96969,3.93324,3.96969,6193.942233456734,0
LSI,D,20091117,000000,3.83285,3.91497,3.83285,3.91497,4562.96185572941,0
LSI,D,20091118,000000,3.78717,3.87843,3.65947,3.65947,5028.505868186372,0
LSI,D,20091119,000000,3.69591,3.73246,3.69591,3.73246,2410.74032635727,0
LSI,D,20091120,000000,3.66852,3.75976,3.65033,3.75976,6356.830093345739,0
LSI,D,20091123,000000,3.75976,3.75976,3.75976,3.75976,560.1240601344485,0
LSI,D,20091124,000000,3.65033,3.74159,3.65033,3.74159,3455.3244084841776,0
LSI,D,20091125,000000,3.60467,3.74159,3.60467,3.74159,1212.7263891091063,0
LSI,D,20091126,000000,3.59553,3.65033,3.58639,3.58639,1455.4818448146552,0
LSI,D,20091127,000000,3.60467,3.72332,3.50427,3.51341,10133.726663933372,0
LSI,D,20091130,000000,3.50427,3.6138,3.50427,3.6138,1367.207133649001,0
LSI,D,20091201,000000,3.6138,3.63206,3.55908,3.63206,5385.808270523543,0
LSI,D,20091202,000000,3.63206,3.63206,3.63206,3.63206,658.9076654864901,0
LSI,D,20091203,000000,3.6412,3.72332,3.58639,3.69591,7391.956170704899,0
LSI,D,20091204,000000,3.58639,3.73246,3.58639,3.73246,1076.11076468607,0
LSI,D,20091207,000000,3.6138,3.71418,3.59553,3.71418,560.1240601344485,0
LSI,D,20091208,000000,3.58639,3.60467,3.56821,3.56821,4081.654501992867,0
LSI,D,20091209,000000,3.58639,3.58639,3.55908,3.56821,2798.5185218349657,0
LSI,D,20091210,000000,3.55908,3.55908,3.53168,3.53168,5026.404089349095,0
LSI,D,20091211,000000,3.53168,3.6412,3.53168,3.6412,341.53906105759063,0
LSI,D,20091214,000000,3.60467,3.63206,3.51341,3.63206,519.1393728075377,0
LSI,D,20091215,000000,3.52254,3.52254,3.51341,3.51341,1378.7669172540272,0
LSI,D,20091216,000000,3.486,3.57726,3.486,3.57726,559.0731707158099,0
LSI,D,20091218,000000,3.54081,3.54081,3.54081,3.54081,708.299468162511,0
LSI,D,20091221,000000,3.53168,3.56821,3.51341,3.56821,5114.678800514749,0
LSI,D,20091222,000000,3.49514,3.54995,3.49514,3.51341,12111.50054981148,0
LSI,D,20091223,000000,3.486,3.51341,3.43129,3.44956,29461.684851537084,0
LSI,D,20091228,000000,3.44956,3.44956,3.31262,3.36743,5925.965431703856,0
LSI,D,20091229,000000,3.50427,3.50427,3.42215,3.46783,5439.403630874119,0
LSI,D,20091230,000000,3.50427,3.57726,3.50427,3.54995,1370.3598019049173,0
LSI,D,20091231,000000,3.53168,3.53168,3.42215,3.53168,2541.050614268474,0
LSI,D,20100104,000000,3.54081,3.54081,3.39474,3.46783,10073.825967070965,0
LSI,D,20100105,000000,3.49514,3.74159,3.49514,3.72332,34498.59783507215,0
LSI,D,20100106,000000,3.90584,3.90584,3.65033,3.80544,37657.571427500414,0
LSI,D,20100107,000000,3.79631,3.80544,3.65033,3.65033,15520.585823875348,0
LSI,D,20100108,000000,3.65947,3.83285,3.65033,3.83285,26606.41830109521,0
LSI,D,20100111,000000,3.86016,3.86016,3.71418,3.72332,2612.5110947359085,0
LSI,D,20100112,000000,3.73246,3.73246,3.68678,3.68678,5989.018796822181,0
LSI,D,20100113,000000,3.74159,3.74159,3.57726,3.63206,6771.931413708043,0
LSI,D,20100114,000000,3.65033,3.65033,3.6138,3.65033,8546.883641788874,0
LSI,D,20100115,000000,3.68678,3.68678,3.62293,3.68678,747.1823766521443,0
LSI,D,20100118,000000,3.65033,3.75976,3.65033,3.75073,11083.730698383206,0
LSI,D,20100119,000000,3.74159,3.77804,3.74159,3.77804,2348.737850657584,0
LSI,D,20100120,000000,3.67764,3.77804,3.67764,3.77804,800.7777370027201,0
LSI,D,20100121,000000,3.65033,3.74159,3.65033,3.74159,4354.885750838939,0
LSI,D,20100122,000000,3.68678,3.74159,3.65033,3.70505,4496.75582235517,0
LSI,D,20100125,000000,3.63206,3.69591,3.63206,3.69591,900.6122317734004,0
LSI,D,20100127,000000,3.63206,3.63206,3.63206,3.63206,547.5133871107837,0
LSI,D,20100128,000000,3.68678,3.74159,3.65947,3.65947,4566.114523985326,0
LSI,D,20100129,000000,3.65033,3.72332,3.65033,3.69591,5544.492572737994,0
LSI,D,20100201,000000,3.63206,3.83285,3.63206,3.81458,6032.105262986369,0
LSI,D,20100202,000000,3.74159,3.81458,3.57726,3.72332,5260.752429705533,0
LSI,D,20100203,000000,3.65033,3.70505,3.65033,3.70505,138.71740326031372,0
LSI,D,20100204,000000,3.60467,3.60467,3.51341,3.51341,1678.2704015660681,0
LSI,D,20100205,000000,3.51341,3.60467,3.46783,3.60467,3105.3782320774776,0
LSI,D,20100208,000000,3.60467,3.60467,3.49514,3.55908,1136.011461548478,0
LSI,D,20100209,000000,3.49514,3.55908,3.41301,3.55908,3817.8812579145433,0
LSI,D,20100210,000000,3.6138,3.6138,3.6138,3.6138,328.92838803392567,0
LSI,D,20100211,000000,3.58639,3.58639,3.43129,3.58639,3156.8718135907757,0
LSI,D,20100215,000000,3.56821,3.56821,3.56821,3.56821,581.1418485072234,0
LSI,D,20100216,000000,3.55908,3.55908,3.55908,3.55908,220.68677791413546,0
LSI,D,20100217,000000,3.55908,3.56821,3.55908,3.55908,642.0934347882703,0
LSI,D,20100218,000000,3.55908,3.57726,3.49514,3.57726,1980.9265541340255,0
LSI,D,20100219,000000,3.55908,3.58639,3.55908,3.58639,3272.469649641037,0
LSI,D,20100222,000000,3.6138,3.63206,3.60467,3.63206,1665.6597285424034,0
LSI,D,20100223,000000,3.66852,3.66852,3.66852,3.66852,279.5365853579049,0
LSI,D,20100224,000000,3.58639,3.69591,3.58639,3.69591,2008.2496790186326,0
LSI,D,20100225,000000,3.65033,3.65033,3.65033,3.65033,1902.1098477361197,0
LSI,D,20100226,000000,3.65033,3.70505,3.55908,3.70505,1514.3316522584246,0
LSI,D,20100301,000000,3.78717,3.83285,3.78717,3.83285,9899.378323576933,0
LSI,D,20100302,000000,3.69591,3.73246,3.59553,3.69591,20686.7582059036,0
LSI,D,20100303,000000,3.60467,3.72332,3.59553,3.72332,2491.6588115924533,0
LSI,D,20100304,000000,3.62293,3.72332,3.56821,3.68678,16080.709884010415,0
LSI,D,20100305,000000,3.68678,3.68678,3.68678,3.68678,767.1492756062803,0
LSI,D,20100308,000000,3.74159,3.74159,3.71418,3.73246,3351.2863560389424,0
LSI,D,20100309,000000,3.65947,3.73246,3.65947,3.73246,1622.5732623782148,0
LSI,D,20100310,000000,3.65947,3.71418,3.65033,3.71418,25742.587198974787,0
LSI,D,20100311,000000,3.68678,3.70505,3.68678,3.68678,16719.650650542357,0
LSI,D,20100312,000000,3.70505,3.71418,3.60467,3.69591,21164.91289138423,0
LSI,D,20100315,000000,3.6138,3.72332,3.6138,3.72332,4079.55272315559,0
LSI,D,20100316,000000,3.70505,3.70505,3.63206,3.63206,10574.049330343416,0
LSI,D,20100317,000000,3.6412,3.65033,3.62293,3.62293,14664.110947684774,0
LSI,D,20100318,000000,3.67764,3.68678,3.6138,3.67764,4469.432697470563,0
LSI,D,20100319,000000,3.65033,3.72332,3.62293,3.70505,7471.823766521443,0
LSI,D,20100322,000000,3.69591,3.69591,3.60467,3.67764,2110.1859526265903,0
LSI,D,20100323,000000,3.63206,3.68678,3.62293,3.68678,9591.467723915783,0
LSI,D,20100324,000000,3.68678,3.68678,3.65033,3.67764,3256.7063083614557,0
LSI,D,20100325,000000,3.67764,3.78717,3.65033,3.78717,12635.894369712007,0
LSI,D,20100326,000000,3.77804,3.77804,3.70505,3.70505,7138.691820812963,0
LSI,D,20100329,000000,3.69591,3.70505,3.68678,3.68678,5276.5157709851155,0
LSI,D,20100330,000000,3.69591,3.71418,3.66852,3.69591,5049.523656559147,0
LSI,D,20100331,000000,3.69591,3.71418,3.69591,3.71418,14549.564001053359,0
LSI,D,20100401,000000,3.74159,3.80544,3.71418,3.78717,24621.28818928684,0
LSI,D,20100406,000000,3.82371,3.92411,3.81458,3.92411,70407.4892699579,0
LSI,D,20100407,000000,3.87843,3.87843,3.7689,3.86016,4035.4153675727625,0
LSI,D,20100408,000000,3.86016,3.86016,3.55908,3.65033,15731.814597021941,0
LSI,D,20100409,000000,3.65033,3.69591,3.65033,3.69591,6301.132954157886,0
LSI,D,20100412,000000,3.65033,3.68678,3.6138,3.68678,13445.079222063836,0
LSI,D,20100413,000000,3.71418,3.72332,3.63206,3.72332,18736.307444909893,0
LSI,D,20100414,000000,3.72332,3.72332,3.65947,3.71418,1669.8632862169582,0
LSI,D,20100415,000000,3.74159,3.74159,3.67764,3.68678,1718.2041994743404,0
LSI,D,20100416,000000,3.65947,3.70505,3.62293,3.68678,8440.743810506361,0
LSI,D,20100419,000000,3.65033,3.65033,3.39474,3.54995,9450.648541818191,0
LSI,D,20100420,000000,3.57726,3.68678,3.57726,3.68678,10914.537501982162,0
LSI,D,20100421,000000,3.68678,3.68678,3.68678,3.68678,1096.077663640206,0
LSI,D,20100422,000000,3.58639,3.63206,3.55908,3.63206,8137.036768519766,0
LSI,D,20100423,000000,3.63206,3.63206,3.63206,3.63206,2191.1044378617735,0
LSI,D,20100426,000000,3.56821,3.6412,3.54081,3.6412,5240.785530751397,0
LSI,D,20100427,000000,3.63206,3.63206,3.60467,3.6138,1904.2116265733973,0
LSI,D,20100428,000000,3.60467,3.60467,3.49514,3.59553,3392.2710433658535,0
LSI,D,20100429,000000,3.54995,3.57726,3.51341,3.57726,1224.2861727141324,0
LSI,D,20100430,000000,3.57726,3.66852,3.47696,3.66852,2159.577755302611,0
LSI,D,20100504,000000,3.54995,3.65947,3.486,3.55908,5284.922886334224,0
LSI,D,20100505,000000,3.47696,3.59553,3.44956,3.59553,10635.00091662405,0
LSI,D,20100506,000000,3.49514,3.52254,3.49514,3.52254,439.27177699099343,0
LSI,D,20100507,000000,3.53168,3.54081,3.37657,3.54081,10558.285989063836,0
LSI,D,20100510,000000,3.54081,3.58639,3.54081,3.58639,8172.7670087534825,0
LSI,D,20100511,000000,3.52254,3.57726,3.52254,3.57726,548.5642765294224,0
LSI,D,20100512,000000,3.55908,3.58639,3.51341,3.58639,686.2307903710974,0
LSI,D,20100513,000000,3.55908,3.55908,3.55908,3.55908,1096.077663640206,0
LSI,D,20100514,000000,3.53168,3.55908,3.486,3.55908,5254.447093193701,0
LSI,D,20100518,000000,3.54995,3.55908,3.46783,3.54995,1162.2836970144467,0
LSI,D,20100519,000000,3.49514,3.51341,3.42215,3.51341,6630.061342191812,0
LSI,D,20100520,000000,3.44956,3.44956,3.37657,3.44956,5655.8868511137,0
LSI,D,20100524,000000,3.43129,3.50427,3.42215,3.50427,2548.406840198945,0
LSI,D,20100525,000000,3.44956,3.49514,3.42215,3.49514,1978.824775296748,0
LSI,D,20100526,000000,3.42215,3.49514,3.42215,3.49514,16812.128919382154,0
LSI,D,20100527,000000,3.46783,3.49514,3.46783,3.49514,1097.1285530588448,0
LSI,D,20100528,000000,3.42215,3.50427,3.42215,3.50427,164.9896387262822,0
LSI,D,20100531,000000,3.46783,3.62293,3.46783,3.62293,23493.68384308788,0
LSI,D,20100604,000000,3.54081,3.62293,3.54081,3.56821,1367.207133649001,0
LSI,D,20100607,000000,3.56821,3.60467,3.56821,3.60467,876.4417751447094,0
LSI,D,20100608,000000,3.486,3.58639,3.486,3.58639,27.323124884607246,0
LSI,D,20100609,000000,3.486,3.58639,3.486,3.58639,280.5874747765436,0
LSI,D,20100611,000000,3.58639,3.58639,3.58639,3.58639,547.5133871107837,0
LSI,D,20100614,000000,3.55908,3.83285,3.55908,3.71418,12880.751604255453,0
LSI,D,20100615,000000,3.70505,3.85102,3.70505,3.81458,10630.797358949703,0
LSI,D,20100616,000000,3.78717,3.8967,3.78717,3.8967,20259.04621251722,0
LSI,D,20100617,000000,3.81458,3.88756,3.65033,3.84198,5329.060241917052,0
LSI,D,20100618,000000,3.60467,3.92411,3.60467,3.92411,32335.86741151404,0
LSI,D,20100621,000000,3.92411,4.47164,3.92411,4.19787,243128.5214491616,0
LSI,D,20100622,000000,4.28913,4.37125,3.88756,4.13393,89440.14753092434,0
LSI,D,20100623,000000,3.84198,4.16133,3.71418,3.71418,83983.92966935263,0
LSI,D,20100624,000000,3.74159,3.78717,3.57726,3.73246,94727.17219609606,0
LSI,D,20100625,000000,3.65033,3.65033,3.56821,3.6138,20230.672198214597,0
LSI,D,20100628,000000,3.56821,3.6412,3.50427,3.55908,23079.633412144427,0
LSI,D,20100629,000000,3.55908,3.55908,3.53168,3.55908,30342.33018435593,0
LSI,D,20100701,000000,3.51341,3.74159,3.51341,3.69591,1581.588575051304,0
LSI,D,20100702,000000,3.69591,3.71418,3.6138,3.69591,3726.4538784929728,0
LSI,D,20100705,000000,3.59553,3.65033,3.55908,3.65033,4215.117458159987,0
LSI,D,20100706,000000,3.60467,3.65033,3.60467,3.65033,4766.8344029453265,0
LSI,D,20100707,000000,3.65033,3.65033,3.65033,3.65033,547.5133871107837,0
LSI,D,20100708,000000,3.65033,3.65033,3.58639,3.6412,5061.083440164173,0
LSI,D,20100709,000000,3.65033,3.65033,3.59553,3.59553,9709.167338803321,0
LSI,D,20100712,000000,3.60467,3.72332,3.60467,3.72332,3947.1406564071085,0
LSI,D,20100713,000000,3.69591,3.72332,3.69591,3.72332,449.78067117738084,0
LSI,D,20100714,000000,3.71418,3.79631,3.71418,3.72332,2366.6029707744433,0
LSI,D,20100715,000000,3.65033,3.68678,3.60467,3.68678,2515.829268221144,0
LSI,D,20100719,000000,3.60467,3.65033,3.55908,3.65033,4345.42774607119,0
LSI,D,20100720,000000,3.55908,3.65033,3.54995,3.65033,3660.247845118732,0
LSI,D,20100721,000000,3.65033,3.69591,3.65033,3.69591,4955.9944983003,0
LSI,D,20100722,000000,3.62293,3.67764,3.62293,3.67764,1470.1942966755976,0
LSI,D,20100726,000000,3.6412,3.70505,3.6412,3.70505,2720.752704855698,0
LSI,D,20100727,000000,3.69591,3.69591,3.65033,3.69591,2631.4271042714054,0
LSI,D,20100728,000000,3.60467,3.67764,3.59553,3.67764,2358.1958554253333,0
LSI,D,20100729,000000,3.60467,3.67764,3.60467,3.67764,2110.1859526265903,0
LSI,D,20100730,000000,3.65947,3.67764,3.60467,3.66852,4364.343755606688,0
LSI,D,20100802,000000,3.66852,3.66852,3.65947,3.66852,7068.282229764167,0
LSI,D,20100803,000000,3.65033,3.69591,3.62293,3.69591,5722.092884487941,0
LSI,D,20100804,000000,3.63206,3.85102,3.63206,3.84198,18272.86521129,0
LSI,D,20100805,000000,3.75073,3.84198,3.67764,3.67764,2677.6662386915104,0
LSI,D,20100806,000000,3.74159,3.77804,3.6138,3.77804,4548.249403868468,0
LSI,D,20100809,000000,3.77804,3.77804,3.65033,3.77804,1327.273335740729,0
LSI,D,20100810,000000,3.79631,3.79631,3.60467,3.78717,11775.215935847084,0
LSI,D,20100811,000000,3.66852,3.7689,3.66852,3.7689,1030.9225196846041,0
LSI,D,20100812,000000,3.68678,3.68678,3.63206,3.63206,7014.686869413592,0
LSI,D,20100813,000000,3.63206,3.69591,3.63206,3.69591,3554.1080138362195,0
LSI,D,20100816,000000,3.69591,3.71418,3.65033,3.71418,3616.110489535905,0
LSI,D,20100817,000000,3.71418,3.78717,3.71418,3.71418,5331.16202075433,0
LSI,D,20100818,000000,3.75976,3.97882,3.75073,3.97882,17556.158627779,0
LSI,D,20100819,000000,3.92411,3.99709,3.84198,3.96969,4010.1940215254326,0
LSI,D,20100820,000000,3.7689,3.87843,3.7689,3.79631,4476.788923401033,0
LSI,D,20100823,000000,3.87843,3.94238,3.78717,3.85102,9008.22409657128,0
LSI,D,20100824,000000,3.94238,3.94238,3.7689,3.90584,4533.536952007525,0
LSI,D,20100825,000000,3.88756,3.88756,3.88756,3.88756,1305.2046579493156,0
LSI,D,20100826,000000,3.92411,3.98796,3.84198,3.94238,4339.122409559359,0
LSI,D,20100827,000000,3.94238,3.96969,3.87843,3.96969,9737.541353106568,0
LSI,D,20100830,000000,3.96969,4.33471,3.96969,4.24345,68171.19658709508,0
LSI,D,20100831,000000,4.15219,4.15219,3.88756,4.07008,14709.299192686862,0
LSI,D,20100901,000000,4.06094,4.06094,3.8967,4.01536,16428.554281579014,0
LSI,D,20100902,000000,4.01536,4.15219,3.93324,4.14306,13804.483403238697,0
LSI,D,20100903,000000,4.01536,4.0245,3.99709,4.0245,6144.550430780714,0
LSI,D,20100906,000000,4.01536,4.04267,3.94238,3.97882,8674.041261444163,0
LSI,D,20100907,000000,3.98796,4.01536,3.98796,4.01536,952.1058132866987,0
LSI,D,20100908,000000,3.88756,4.09748,3.65033,3.92411,16897.2509622921,0
LSI,D,20100909,000000,3.91497,3.98796,3.91497,3.98796,1487.0085273738173,0
LSI,D,20100910,000000,3.93324,3.98796,3.93324,3.98796,4868.770676553284,0
LSI,D,20100913,000000,3.97882,4.06094,3.96969,4.06094,4758.427287596216,0
LSI,D,20100914,000000,4.07008,4.27999,4.06094,4.27999,18164.623601170624,0
LSI,D,20100915,000000,4.27999,4.38039,4.10661,4.10661,33794.5019245842,0
LSI,D,20100916,000000,4.18873,4.28913,4.01536,4.05181,7276.3583346546375,0
LSI,D,20100917,000000,4.18873,4.33471,4.10661,4.33471,24046.451677292065,0
LSI,D,20100920,000000,4.47164,5.40247,4.47164,5.40247,159977.94708879737,0
LSI,D,20100921,000000,5.9226,5.9226,5.06476,5.54845,171348.57059846233,0
LSI,D,20100922,000000,5.47546,5.47546,5.04658,5.47546,78243.97166474741,0
LSI,D,20100923,000000,5.47546,5.58498,5.32035,5.37507,39195.022646969504,0
LSI,D,20100924,000000,5.26554,5.64883,5.11956,5.64883,54637.842653865795,0
LSI,D,20100927,000000,5.50286,5.68537,5.4846,5.58498,25622.785805250176,0
LSI,D,20100928,000000,5.56671,5.62142,5.26554,5.53931,46710.983769073166,0
LSI,D,20100929,000000,5.56671,5.7949,5.56671,5.65797,50392.249402565285,0
LSI,D,20100930,000000,5.74009,5.78577,5.70364,5.77663,13684.682009514088,0
LSI,D,20101001,000000,5.77663,5.77663,5.52104,5.72182,6515.51439556019,0
LSI,D,20101004,000000,5.60325,5.74009,5.56671,5.74009,6864.409682548251,0
LSI,D,20101005,000000,5.49373,5.7949,5.34766,5.46633,31995.379239875292,0
LSI,D,20101006,000000,5.3842,5.47546,5.16514,5.44805,7806.0066016485625,0
LSI,D,20101007,000000,5.60325,5.60325,5.32949,5.56671,17202.008893697333,0
LSI,D,20101008,000000,5.56671,5.56671,5.11956,5.11956,29955.602878297294,0
LSI,D,20101011,000000,5.0739,5.32035,5.02831,5.06476,13548.066385091053,0
LSI,D,20101012,000000,5.17428,5.17428,4.92792,5.00091,21850.0927923371,0
LSI,D,20101013,000000,4.88225,4.98264,4.79099,4.8458,21233.220703595747,0
LSI,D,20101014,000000,4.83667,4.85494,4.79099,4.83667,3232.535851732765,0
LSI,D,20101015,000000,4.83667,4.83667,4.74541,4.82753,8873.710250985523,0
LSI,D,20101018,000000,4.82753,4.82753,4.74541,4.81839,6426.188794975897,0
LSI,D,20101019,000000,4.73627,4.80926,4.48992,4.48992,8182.225013521232,0
LSI,D,20101020,000000,4.55377,4.74541,4.48992,4.718,10594.016229297347,0
LSI,D,20101021,000000,4.70887,4.70887,4.62674,4.69059,5826.130936933176,0
LSI,D,20101022,000000,4.63588,4.65415,4.63588,4.65415,1759.1888868012513,0
LSI,D,20101025,000000,4.69059,4.74541,4.64501,4.68156,4403.226664096322,0
LSI,D,20101026,000000,4.61761,4.61761,4.59935,4.59935,22474.321107008305,0
LSI,D,20101027,000000,4.59935,4.62674,4.55377,4.60848,13633.188427999963,0
LSI,D,20101028,000000,4.62674,4.64501,4.47164,4.59935,2975.0679441662733,0
LSI,D,20101029,000000,4.59935,4.59935,4.48992,4.56289,10539.36997952772,0
LSI,D,20101102,000000,4.55377,4.56289,4.49905,4.56289,7382.498165937151,0
LSI,D,20101103,000000,4.51722,4.61761,4.51722,4.61761,765.0474967690029,0
LSI,D,20101104,000000,4.61761,4.81839,4.61761,4.80926,7131.335594882491,0
LSI,D,20101105,000000,4.80926,5.26554,4.80926,5.20169,12649.55593215493,0
LSI,D,20101108,000000,5.11956,5.34766,5.01918,5.28381,30889.843571466925,0
LSI,D,20101109,000000,5.29295,5.29295,5.04658,5.11043,15621.471208064873,0
LSI,D,20101110,000000,4.88225,5.23823,4.87311,5.13784,2345.585182401668,0
LSI,D,20101112,000000,5.02831,5.19255,5.01918,5.17428,1359.8509077185297,0
LSI,D,20101115,000000,5.17428,5.40247,5.13784,5.20169,36591.969557000935,0
LSI,D,20101116,000000,5.13784,5.3842,5.11043,5.23823,23620.841462743378,0
LSI,D,20101117,000000,5.20169,5.22909,5.15601,5.20169,4573.470749915798,0
LSI,D,20101118,000000,5.11043,5.19255,5.01918,5.14697,1955.7052080866956,0
LSI,D,20101119,000000,5.05571,5.11043,4.90052,5.05571,1326.2224463220903,0
LSI,D,20101122,000000,4.91879,5.14697,4.81839,5.14697,13806.585182075358,0
LSI,D,20101123,000000,5.01918,5.01918,4.90052,4.92792,5171.426829121241,0
LSI,D,20101124,000000,5.11043,5.11043,4.85494,5.01005,1302.051989693399,0
LSI,D,20101126,000000,5.09216,5.09216,4.90052,5.02831,16290.887767738166,0
LSI,D,20101129,000000,5.02831,5.02831,4.82753,4.99177,612.6685310663856,0
LSI,D,20101130,000000,4.96437,5.01918,4.80926,4.80926,16653.44461716853,0
LSI,D,20101201,000000,4.83667,4.98264,4.83667,4.98264,659.9585549051288,0
LSI,D,20101202,000000,4.96437,4.96437,4.87311,4.96437,1319.9171098102577,0
LSI,D,20101203,000000,4.96437,4.96437,4.87311,4.92792,1022.5154043354943,0
LSI,D,20101206,000000,4.87311,5.16514,4.87311,5.08303,4392.717769909935,0
LSI,D,20101207,000000,5.06476,5.22909,5.06476,5.20169,5151.459930167104,0
LSI,D,20101208,000000,5.24727,5.24727,4.92792,5.24727,4698.526590733807,0
LSI,D,20101209,000000,5.03744,5.32949,4.73627,5.18342,13455.588116250225,0
LSI,D,20101210,000000,5.01918,5.20169,5.01918,5.20169,7412.973959077674,0
LSI,D,20101213,000000,4.9735,5.20169,4.92792,4.92792,4385.361543979463,0
LSI,D,20101214,000000,4.92792,5.16514,4.92792,5.16514,4516.722721309306,0
LSI,D,20101215,000000,5.18342,5.18342,4.9735,5.18342,233.29745093780033,0
LSI,D,20101216,000000,5.19255,5.20169,5.01918,5.18342,7036.755547205005,0
LSI,D,20101217,000000,5.18342,5.36593,5.18342,5.28381,12388.935356331902,0
LSI,D,20101220,000000,5.28381,5.33852,4.94619,5.06476,5919.6600951920245,0
LSI,D,20101221,000000,5.0739,5.11956,4.98264,5.11956,6082.547955081028,0
LSI,D,20101222,000000,5.11956,5.11956,5.09216,5.10129,1912.6187419225073,0
LSI,D,20101223,000000,5.00091,5.13784,5.00091,5.13784,1394.5302585336083,0
LSI,D,20101227,000000,5.1287,5.1287,4.95533,5.11956,4478.890702238311,0
LSI,D,20101228,000000,4.99177,5.11956,4.94619,5.11043,8381.894003062593,0
LSI,D,20101229,000000,5.10129,5.11043,4.76368,5.01005,4689.06858596606,0
LSI,D,20101230,000000,4.83667,4.99177,4.81839,4.99177,6925.361268829299,0
LSI,D,20101231,000000,4.88225,4.96437,4.88225,4.96437,163.9387493076435,0
LSI,D,20110103,000000,4.65415,4.95533,4.65415,4.73627,24889.264991039716,0
LSI,D,20110104,000000,4.83667,4.89138,4.61761,4.89138,3437.4592883673195,0
LSI,D,20110105,000000,4.73627,4.88225,4.718,4.74541,4483.094259912866,0
LSI,D,20110107,000000,4.8458,5.01005,4.77281,4.99177,9070.226572270967,0
LSI,D,20110111,000000,4.99177,5.22909,4.85494,4.88225,3720.1485419811406,0
LSI,D,20110112,000000,5.1287,5.1287,4.83667,4.83667,14391.930588257546,0
LSI,D,20110113,000000,4.83667,5.01005,4.83667,5.01005,4657.541903406897,0
LSI,D,20110114,000000,5.00091,5.03744,4.87311,5.03744,1964.1123234358056,0
LSI,D,20110117,000000,4.92792,4.92792,4.92792,4.92792,1146.5203557348655,0
LSI,D,20110118,000000,4.92792,5.01918,4.92792,4.92792,3592.990922325853,0
LSI,D,20110119,000000,4.92792,4.92792,4.76368,4.92792,5623.3092791358995,0
LSI,D,20110120,000000,4.92792,4.92792,4.92792,4.92792,10.508894186387403,0
LSI,D,20110121,000000,4.80926,4.92792,4.76368,4.92792,1314.662662717064,0
LSI,D,20110125,000000,4.91879,5.06476,4.83667,5.06476,6276.962497529195,0
LSI,D,20110126,000000,5.06476,5.0739,5.06476,5.06476,15229.489454913037,0
LSI,D,20110127,000000,5.09216,5.11043,5.02831,5.06476,3669.705849886481,0
LSI,D,20110128,000000,5.06476,5.11043,5.06476,5.11043,1096.077663640206,0
LSI,D,20110131,000000,5.10129,5.17428,5.01005,5.11043,2967.7117182358024,0
LSI,D,20110201,000000,5.11043,5.33852,5.11043,5.33852,20307.38712577481,0
LSI,D,20110202,000000,5.36593,5.56671,5.33852,5.56671,63189.98074274745,0
LSI,D,20110203,000000,5.56671,5.6397,5.33852,5.49373,16919.31964008372,0
LSI,D,20110204,000000,5.3842,5.47546,5.34766,5.47546,12509.787639475357,0
LSI,D,20110207,000000,5.47546,5.47546,5.30208,5.42978,18837.192829099422,0
LSI,D,20110208,000000,5.47546,5.47546,5.3568,5.46633,1167.5381441076404,0
LSI,D,20110209,000000,5.46633,5.56671,5.3842,5.56671,6816.06876929087,0
LSI,D,20110210,000000,5.47546,5.59412,5.31122,5.42978,9755.406473223426,0
LSI,D,20110211,000000,5.39334,5.46633,5.03744,5.16514,30231.98679539887,0
LSI,D,20110214,000000,5.20169,5.20169,4.96437,4.96437,9110.16037017924,0
LSI,D,20110215,000000,4.95533,5.01918,4.8458,5.01918,11438.931321882688,0
LSI,D,20110216,000000,4.90052,4.90052,4.83667,4.83667,1914.7205207597847,0
LSI,D,20110217,000000,5.01005,5.01005,5.01005,5.01005,383.57463780314015,0
LSI,D,20110218,000000,5.01005,5.19255,5.01005,5.11043,4695.373922477891,0
LSI,D,20110221,000000,4.99177,5.15601,4.99177,5.13784,587.4471850190557,0
LSI,D,20110222,000000,5.13784,5.13784,5.01918,5.01918,5469.879424014643,0
LSI,D,20110223,000000,5.01918,5.13784,5.01918,5.13784,1250.558408180101,0
LSI,D,20110224,000000,5.06476,5.1287,5.00091,5.1287,2513.7274893838667,0
LSI,D,20110225,000000,5.24727,5.37507,5.15601,5.33852,36681.29515758523,0
LSI,D,20110228,000000,5.42075,5.45719,5.26554,5.40247,5572.866587041239,0
LSI,D,20110301,000000,5.37507,5.37507,4.98264,5.01005,13318.972491827188,0
LSI,D,20110302,000000,5.01005,5.01005,4.87311,5.00091,5834.538052282286,0
LSI,D,20110303,000000,4.99177,5.17428,4.89138,5.17428,5076.8467814437545,0
LSI,D,20110304,000000,4.94619,5.15601,4.93706,5.15601,918.477351890259,0
LSI,D,20110307,000000,4.9735,5.15601,4.94619,5.13784,1604.7081422613564,0
LSI,D,20110308,000000,4.95533,5.1287,4.95533,5.1287,677.8236750219875,0
LSI,D,20110309,000000,4.95533,4.95533,4.93706,4.93706,547.5133871107837,0
LSI,D,20110310,000000,4.95533,5.01005,4.89138,5.01005,3574.074912790356,0
LSI,D,20110311,000000,5.06476,5.06476,4.89138,4.89138,2434.9107829859613,0
LSI,D,20110314,000000,4.88225,5.06476,4.81839,4.99177,18152.012928146545,0
LSI,D,20110315,000000,4.8458,4.90965,4.62674,4.88225,13348.397395549693,0
LSI,D,20110316,000000,4.70887,4.86407,4.70887,4.85494,755.5894920012543,0
LSI,D,20110317,000000,4.70887,4.86407,4.70887,4.86407,1742.3746561030314,0
LSI,D,20110318,000000,4.86407,5.01918,4.74541,5.01918,9377.08628251348,0
LSI,D,20110321,000000,5.04658,5.04658,4.87311,5.03744,1985.1301118085803,0
LSI,D,20110322,000000,5.00091,5.00091,4.83667,4.92792,1403.988263301357,0
LSI,D,20110323,000000,4.83667,4.93706,4.78185,4.92792,7596.879607339453,0
LSI,D,20110324,000000,4.91879,4.93706,4.91879,4.93706,1313.6117732984253,0
LSI,D,20110325,000000,4.93706,5.11043,4.93706,5.0739,7890.077755139662,0
LSI,D,20110328,000000,5.0739,5.10129,4.91879,5.06476,15752.832385394715,0
LSI,D,20110329,000000,4.93706,5.04658,4.93706,5.04658,220.68677791413546,0
LSI,D,20110330,000000,4.90965,5.01918,4.80926,5.01918,2042.929029833711,0
LSI,D,20110331,000000,4.85494,5.00091,4.85494,5.00091,618.973867578218,0
LSI,D,20110401,000000,4.85494,5.00091,4.8458,5.00091,1574.2323491208329,0
LSI,D,20110404,000000,4.92792,5.17428,4.92792,5.11043,19972.153401229258,0
LSI,D,20110405,000000,5.17428,5.30208,5.17428,5.29295,5074.745002606476,0
LSI,D,20110406,000000,5.27467,5.29295,5.26554,5.29295,6135.092426012965,0
LSI,D,20110407,000000,5.29295,5.32035,5.28381,5.29295,28194.312212658555,0
LSI,D,20110408,000000,5.24727,5.32949,5.24727,5.32035,9856.291857412745,0
LSI,D,20110411,000000,5.2564,5.29295,5.15601,5.29295,6903.292591037885,0
LSI,D,20110412,000000,5.29295,5.29295,5.20169,5.20169,2048.183476926905,0
LSI,D,20110413,000000,5.08303,5.29295,5.0739,5.28381,3729.6065467488893,0
LSI,D,20110414,000000,5.04658,5.04658,4.9735,4.9735,2507.422152872034,0
LSI,D,20110415,000000,4.98264,5.06476,4.9735,5.06476,1019.3627360795781,0
LSI,D,20110418,000000,4.92792,5.10129,4.89138,5.10129,1465.9907390010428,0
LSI,D,20110420,000000,4.89138,5.10129,4.89138,5.10129,2123.847515068894,0
LSI,D,20110421,000000,4.91879,5.04658,4.90965,5.04658,635.7880982764378,0
LSI,D,20110426,000000,4.90052,5.04658,4.89138,5.04658,1809.6315788959107,0
LSI,D,20110427,000000,4.92792,5.01005,4.89138,5.01005,7622.100953386783,0
LSI,D,20110428,000000,4.92792,5.00091,4.92792,5.00091,284.79103245109866,0
LSI,D,20110429,000000,5.00091,5.00091,4.92792,5.00091,356.25151291853297,0
LSI,D,20110502,000000,4.89138,4.89138,4.88225,4.89138,1406.0900421386345,0
LSI,D,20110504,000000,4.89138,4.92792,4.86407,4.92792,483.40913257382056,0
LSI,D,20110505,000000,4.90052,4.9735,4.82753,4.9735,3315.5561158052255,0
LSI,D,20110506,000000,4.8458,4.8458,4.80926,4.81839,3022.357968005017,0
LSI,D,20110509,000000,4.79099,4.93706,4.79099,4.83667,739.8261507216732,0
LSI,D,20110510,000000,4.8458,4.91879,4.83667,4.91879,2217.376673327742,0
LSI,D,20110511,000000,4.8458,4.8458,4.78185,4.78185,1706.6444158693143,0
LSI,D,20110512,000000,4.79099,4.8458,4.65415,4.8458,1810.6824683145494,0
LSI,D,20110513,000000,4.86407,4.95533,4.85494,4.95533,3708.5887583761146,0
LSI,D,20110516,000000,4.89138,4.89138,4.89138,4.89138,8827.471116565419,0
LSI,D,20110517,000000,4.79099,4.87311,4.76368,4.83667,636.8389876950765,0
LSI,D,20110518,000000,4.76368,4.76368,4.58116,4.73627,4484.145149331504,0
LSI,D,20110519,000000,4.60848,4.78185,4.60848,4.78185,221.7376673327742,0
LSI,D,20110520,000000,4.74541,4.87311,4.74541,4.87311,7821.769942928143,0
LSI,D,20110523,000000,4.65415,4.85494,4.65415,4.85494,4273.9672656037565,0
LSI,D,20110524,000000,4.62674,4.66329,4.62674,4.66329,1252.6601870173786,0
LSI,D,20110525,000000,4.61761,4.73627,4.56289,4.73627,2579.9335227581073,0
LSI,D,20110526,000000,4.60848,4.60848,4.56289,4.56289,2617.765541829102,0
LSI,D,20110527,000000,4.56289,4.61761,4.56289,4.61761,244.8572345428265,0
LSI,D,20110530,000000,4.56289,4.66329,4.51722,4.66329,1382.9704749285822,0
LSI,D,20110531,000000,4.68156,4.68156,4.68156,4.68156,6.305336511832441,0
LSI,D,20110602,000000,4.67242,4.67242,4.67242,4.67242,5.2544470931937015,0
LSI,D,20110606,000000,4.47164,4.65415,4.38039,4.60848,4064.840271294647,0
LSI,D,20110607,000000,4.60848,4.92792,4.60848,4.83667,4103.723179784281,0
LSI,D,20110608,000000,4.83667,4.9735,4.718,4.91879,3571.973133953078,0
LSI,D,20110609,000000,4.72714,4.89138,4.56289,4.82753,5251.294424937785,0
LSI,D,20110610,000000,4.38952,4.76368,4.38952,4.66329,2798.5185218349657,0
LSI,D,20110613,000000,4.47164,4.56289,4.32557,4.56289,3075.953328355593,0
LSI,D,20110615,000000,4.38039,4.42597,4.19787,4.19787,11594.462955840807,0
LSI,D,20110616,000000,4.12488,4.27999,4.11575,4.19787,3133.7522463807236,0
LSI,D,20110617,000000,4.28913,4.31644,4.28913,4.31644,2035.5728039032397,0
LSI,D,20110620,000000,4.20701,4.44424,4.19787,4.4351,2494.8114798483693,0
LSI,D,20110621,000000,4.4351,4.80926,4.4351,4.74541,6915.90326406155,0
LSI,D,20110622,000000,4.55377,4.73627,4.54463,4.65415,1945.1963139003083,0
LSI,D,20110624,000000,4.56289,4.64501,4.56289,4.64501,1139.1641298043946,0
LSI,D,20110627,000000,4.63588,4.63588,4.47164,4.47164,1808.5806894772718,0
LSI,D,20110628,000000,4.26172,4.38039,4.26172,4.38039,1975.6721070408316,0
LSI,D,20110629,000000,4.38952,4.47164,4.38039,4.47164,1435.5149458605192,0
LSI,D,20110701,000000,4.25259,4.46251,4.25259,4.46251,2620.918210085018,0
LSI,D,20110704,000000,4.37125,4.58116,4.32557,4.58116,4541.944067356635,0
LSI,D,20110705,000000,4.57203,4.73627,4.57203,4.73627,1096.077663640206,0
LSI,D,20110707,000000,4.3074,4.36212,4.3074,4.36212,1244.2530716682686,0
LSI,D,20110708,000000,4.27999,4.27999,4.27999,4.27999,284.79103245109866,0
LSI,D,20110711,000000,4.27086,4.27086,4.10661,4.10661,1671.9650650542358,0
LSI,D,20110712,000000,4.10661,4.10661,4.10661,4.10661,2028.2165779727686,0
LSI,D,20110713,000000,4.10661,4.10661,4.01536,4.01536,15018.260681766444,0
LSI,D,20110714,000000,4.01536,4.01536,4.01536,4.01536,410.89776268774744,0
LSI,D,20110715,000000,3.92411,4.01536,3.92411,4.01536,2791.162295904494,0
LSI,D,20110718,000000,3.8967,4.18873,3.8967,4.10661,9860.4954150873,0
LSI,D,20110719,000000,4.10661,4.10661,3.97882,3.97882,288.9945901256536,0
LSI,D,20110720,000000,4.09748,4.09748,4.05181,4.05181,13.661562442303623,0
LSI,D,20110721,000000,4.05181,4.10661,4.01536,4.10661,959.4620392171698,0
LSI,D,20110722,000000,4.10661,4.11575,3.96969,4.07922,2597.798642874966,0
LSI,D,20110725,000000,3.94238,3.94238,3.92411,3.92411,1823.2931413382144,0
LSI,D,20110726,000000,3.92411,3.92411,3.92411,3.92411,424.5593251300511,0
LSI,D,20110727,000000,3.82371,3.84198,3.82371,3.84198,2372.9083072862754,0
LSI,D,20110728,000000,3.86929,4.10661,3.86016,4.10661,8715.025948771072,0
LSI,D,20110729,000000,4.10661,4.10661,3.99709,4.09748,1687.7284063338168,0
LSI,D,20110801,000000,4.09748,4.09748,4.01536,4.09748,1104.484778989316,0
LSI,D,20110802,000000,4.08834,4.08834,3.97882,4.06094,460.2895653637682,0
LSI,D,20110803,000000,3.8967,3.8967,3.51341,3.74159,15724.458371091057,0
LSI,D,20110804,000000,3.65033,3.65033,3.37657,3.37657,13562.778836951788,0
LSI,D,20110805,000000,3.17578,3.3583,3.16665,3.34003,20148.702823560154,0
LSI,D,20110808,000000,3.19405,3.19405,3.1028,3.17578,13632.137538582152,0
LSI,D,20110809,000000,3.15751,3.68678,3.15751,3.52254,26448.7848882994,0
LSI,D,20110810,000000,3.68678,3.69591,3.38571,3.54081,9940.363010903844,0
LSI,D,20110811,000000,3.34916,3.74159,3.34916,3.74159,12621.18191785127,0
LSI,D,20110812,000000,3.49514,3.86929,3.49514,3.82371,17392.21987847115,0
LSI,D,20110816,000000,3.59553,3.81458,3.55908,3.81458,2688.175132877898,0
LSI,D,20110817,000000,3.54995,3.66852,3.54995,3.66852,625.2792040900505,0
LSI,D,20110818,000000,3.62293,3.62293,3.2031,3.37657,4247.695030137788,0
LSI,D,20110819,000000,3.26704,3.44956,3.24877,3.44956,3818.932147333182,0
LSI,D,20110822,000000,3.37657,3.37657,3.36743,3.36743,390.9308637336114,0
LSI,D,20110823,000000,3.3583,3.44956,3.28531,3.44956,3007.6455161440745,0
LSI,D,20110824,000000,3.50427,3.50427,3.36743,3.36743,661.0094443237676,0
LSI,D,20110825,000000,3.49514,3.49514,3.33089,3.39474,2642.9868878764314,0
LSI,D,20110826,000000,3.40388,3.40388,3.40388,3.40388,2.1017788372774806,0
LSI,D,20110829,000000,3.40388,3.40388,3.34003,3.40388,2918.3199155597817,0
LSI,D,20110830,000000,3.37657,3.65947,3.37657,3.6412,17048.57903857587,0
LSI,D,20110831,000000,3.6412,3.74159,3.51341,3.51341,1754.9853291266961,0
LSI,D,20110902,000000,3.57726,3.57726,3.51341,3.51341,380.42196954722397,0
LSI,D,20110905,000000,3.46783,3.46783,3.46783,3.46783,22.068677791413545,0
LSI,D,20110906,000000,3.46783,3.46783,3.3583,3.3583,4424.244452469096,0
LSI,D,20110907,000000,3.3583,3.36743,3.23963,3.31262,1231.6423986446036,0
LSI,D,20110908,000000,3.40388,3.40388,3.40388,3.40388,14.712451860942362,0
LSI,D,20110909,000000,3.46783,3.46783,3.46783,3.46783,13.661562442303623,0
LSI,D,20110912,000000,3.46783,3.46783,3.46783,3.46783,10.508894186387403,0
LSI,D,20110913,000000,3.2579,3.46783,3.15751,3.46783,4527.231615495693,0
LSI,D,20110914,000000,3.13011,3.44956,3.13011,3.44956,5583.375481227627,0
LSI,D,20110915,000000,3.29435,3.44956,3.29435,3.44956,446.6280029214646,0
LSI,D,20110916,000000,3.44956,3.44956,3.44956,3.44956,10.508894186387403,0
LSI,D,20110919,000000,3.19405,3.24877,3.11184,3.19405,2580.984412176746,0
LSI,D,20110920,000000,3.24877,3.24877,3.24877,3.24877,416.1522097809411,0
LSI,D,20110921,000000,3.24877,3.37657,3.24877,3.37657,13.661562442303623,0
LSI,D,20110922,000000,3.34003,3.42215,3.1028,3.42215,6021.596368799982,0
LSI,D,20110923,000000,3.17578,3.37657,3.1028,3.37657,2394.9769850776893,0
LSI,D,20110926,000000,3.37657,3.37657,3.37657,3.37657,10.508894186387403,0
LSI,D,20110927,000000,3.1028,3.3583,3.1028,3.3583,1427.1078305114092,0
LSI,D,20110928,000000,3.2579,3.2579,3.08453,3.08453,8409.2171279472,0
LSI,D,20110929,000000,2.91115,2.99328,2.91115,2.99328,5096.81368039789,0
LSI,D,20110930,000000,2.89288,2.95673,2.81076,2.93846,34693.01237752032,0
LSI,D,20111003,000000,2.92029,2.92029,2.79249,2.87461,2125.9492939061715,0
LSI,D,20111004,000000,2.82903,2.87461,2.82903,2.87461,1616.2679258663825,0
LSI,D,20111005,000000,2.87461,2.87461,2.72864,2.87461,1818.0386942450207,0
LSI,D,20111006,000000,3.1028,3.1028,2.96587,2.96587,3079.105996611509,0
LSI,D,20111007,000000,2.96587,3.05713,2.87461,3.05713,3783.2019070994647,0
LSI,D,20111010,000000,3.05713,3.1028,3.05713,3.1028,807.0830735145524,0
LSI,D,20111011,000000,3.15751,3.15751,3.00241,3.09366,2429.6563358927674,0
LSI,D,20111012,000000,3.05713,3.19405,3.05713,3.19405,3816.830368495904,0
LSI,D,20111013,000000,3.19405,3.42215,3.19405,3.37657,2894.1494589310905,0
LSI,D,20111014,000000,3.37657,3.37657,3.34916,3.34916,417.20309919957987,0
LSI,D,20111017,000000,3.34916,3.34916,3.12098,3.24877,2043.9799192523496,0
LSI,D,20111018,000000,3.24877,3.24877,3.24877,3.24877,2.1017788372774806,0
LSI,D,20111019,000000,3.24877,3.2579,3.24877,3.2579,46.23913442010458,0
LSI,D,20111020,000000,3.2579,3.2579,3.2579,3.2579,2.1017788372774806,0
LSI,D,20111021,000000,3.24877,3.28531,3.24877,3.28531,1098.1794424774837,0
LSI,D,20111024,000000,3.28531,3.28531,3.28531,3.28531,2.1017788372774806,0
LSI,D,20111025,000000,3.28531,3.28531,3.14838,3.28531,2940.388593351195,0
LSI,D,20111026,000000,3.24877,3.24877,3.08453,3.19405,627.3809829273279,0
LSI,D,20111027,000000,3.18492,3.18492,3.18492,3.18492,139.76829267895246,0
LSI,D,20111028,000000,3.21223,3.21223,3.21223,3.21223,2193.206216699051,0
LSI,D,20111031,000000,3.2305,3.2305,3.05713,3.21223,3130.5995781248075,0
LSI,D,20111102,000000,3.02059,3.15751,2.97501,3.1028,3065.4444341692056,0
LSI,D,20111103,000000,3.14838,3.16665,2.92029,3.16665,4846.7019987618705,0
LSI,D,20111104,000000,3.23963,3.23963,3.13011,3.13011,2.1017788372774806,0
LSI,D,20111107,000000,3.22136,3.22136,3.02059,3.19405,44.13735558282709,0
LSI,D,20111108,000000,3.19405,3.19405,3.14838,3.14838,2.1017788372774806,0
LSI,D,20111109,000000,3.14838,3.17578,3.06626,3.17578,903.7649000293165,0
LSI,D,20111110,000000,3.13925,3.13925,3.12098,3.12098,2.1017788372774806,0
LSI,D,20111114,000000,3.13925,3.13925,3.03886,3.12098,26.272235465968503,0
LSI,D,20111115,000000,3.13925,3.13925,3.00241,3.12098,3766.387676401245,0
LSI,D,20111116,000000,3.13011,3.13925,3.13011,3.13925,2.1017788372774806,0
LSI,D,20111117,000000,3.18492,3.18492,3.14838,3.14838,2.1017788372774806,0
LSI,D,20111118,000000,3.18492,3.18492,3.18492,3.18492,1.0508894186387403,0
LSI,D,20111121,000000,3.00241,3.00241,2.88375,2.92933,1592.0974692376915,0
LSI,D,20111122,000000,2.92933,2.92933,2.82903,2.92029,6060.479277289614,0
LSI,D,20111123,000000,2.92029,3.14838,2.77422,3.14838,2303.5496056561187,0
LSI,D,20111124,000000,3.1028,3.1028,3.1028,3.1028,1.0508894186387403,0
LSI,D,20111125,000000,3.18492,3.18492,2.84721,2.84721,67.25692279287938,0
LSI,D,20111128,000000,2.92029,2.92029,2.92029,2.92029,1.0508894186387403,0
LSI,D,20111129,000000,2.92029,2.92029,2.85634,2.92029,4.203557674554961,0
LSI,D,20111130,000000,2.92029,3.21223,2.92029,3.21223,18049.02576512036,0
LSI,D,20111201,000000,3.14838,3.14838,3.01155,3.01155,2501.116816360202,0
LSI,D,20111202,000000,3.02059,3.1028,2.82903,3.1028,9089.142581806464,0
LSI,D,20111205,000000,3.1028,3.1028,2.89288,3.1028,244.8572345428265,0
LSI,D,20111206,000000,3.1028,3.1028,3.1028,3.1028,2.1017788372774806,0
LSI,D,20111207,000000,3.1028,3.16665,3.01155,3.09366,12024.276728064879,0
LSI,D,20111208,000000,3.01155,3.2579,2.97501,3.2579,13983.134604407283,0
LSI,D,20111209,000000,3.28531,3.28531,3.2579,3.2579,2.1017788372774806,0
LSI,D,20111212,000000,3.14838,3.14838,2.82903,2.88375,29678.16807177687,0
LSI,D,20111213,000000,2.92029,2.92029,2.92029,2.92029,1150.7239134094207,0
LSI,D,20111214,000000,2.88375,2.99328,2.82903,2.99328,12893.362277278498,0
LSI,D,20111215,000000,2.99328,2.99328,2.93846,2.99328,56.74802860649197,0
LSI,D,20111216,000000,2.98414,2.98414,2.87461,2.97501,3813.6777002399886,0
LSI,D,20111219,000000,2.95673,2.95673,2.83807,2.95673,909.0193471225103,0
LSI,D,20111220,000000,2.95673,2.95673,2.82903,2.92029,15.763341279581104,0
LSI,D,20111221,000000,2.91115,2.98414,2.91115,2.98414,10260.884283588659,0
LSI,D,20111222,000000,2.98414,2.98414,2.86548,2.98414,1703.4917476133978,0
LSI,D,20111223,000000,2.98414,2.98414,2.82903,2.95673,85.12204290973796,0
LSI,D,20111227,000000,2.92029,2.92029,2.64643,2.64643,45870.27223416216,0
LSI,D,20111228,000000,2.76508,2.76508,2.60085,2.72864,5244.989088425953,0
LSI,D,20111229,000000,2.73768,3.00241,2.73768,3.00241,7035.704657786366,0
LSI,D,20111230,000000,2.99328,3.2579,2.99328,3.23963,11509.340912931897,0
LSI,D,20120102,000000,3.24877,3.42215,3.1028,3.42215,10045.451952767718,0
LSI,D,20120103,000000,3.51341,3.51341,3.19405,3.46783,4479.94159165695,0
LSI,D,20120104,000000,3.19405,3.44956,3.12098,3.42215,14509.6302031455,0
LSI,D,20120105,000000,3.42215,3.42215,3.1028,3.2579,9785.88226636395,0
LSI,D,20120109,000000,3.2579,3.2579,3.0754,3.2579,606.3631945545532,0
LSI,D,20120110,000000,3.14838,3.14838,2.86548,2.99328,15077.11048921042,0
LSI,D,20120111,000000,2.98414,2.99328,2.87461,2.87461,9797.442049968975,0
LSI,D,20120112,000000,2.87461,2.97501,2.87461,2.93846,771.3528332808353,0
LSI,D,20120113,000000,2.92933,2.99328,2.92933,2.99328,7632.60984757317,0
LSI,D,20120116,000000,2.99328,2.99328,2.93846,2.99328,2284.6335961206214,0
LSI,D,20120117,000000,2.99328,3.2579,2.99328,3.23963,2751.228497996222,0
LSI,D,20120118,000000,3.23963,3.23963,3.23963,3.23963,11.559783605026144,0
LSI,D,20120119,000000,3.21223,3.21223,2.97501,2.98414,673.6201173474325,0
LSI,D,20120120,000000,3.14838,3.2305,3.05713,3.2305,4273.9672656037565,0
LSI,D,20120123,000000,3.2031,3.2031,3.19405,3.19405,2.1017788372774806,0
LSI,D,20120124,000000,3.2031,3.2031,3.06626,3.15751,1864.2778286651253,0
LSI,D,20120125,000000,3.15751,3.19405,3.15751,3.19405,221.7376673327742,0
LSI,D,20120126,000000,3.18492,3.19405,3.05713,3.14838,4504.11204828564,0
LSI,D,20120127,000000,3.14838,3.33089,3.05713,3.28531,11875.050430617765,0
LSI,D,20120130,000000,3.28531,3.34916,3.14838,3.34916,3728.5556573302506,0
LSI,D,20120131,000000,3.3583,3.3583,3.23963,3.3583,1138.1132403857557,0
LSI,D,20120201,000000,3.36743,3.36743,3.34916,3.34916,623.1774252527729,0
LSI,D,20120202,000000,3.23963,3.36743,3.23963,3.36743,3.1526682559162205,0
LSI,D,20120203,000000,3.36743,3.60467,3.23963,3.59553,11325.435264670117,0
LSI,D,20120206,000000,3.59553,3.91497,3.46783,3.83285,5891.286080888778,0
LSI,D,20120207,000000,3.87843,4.06094,3.60467,3.69591,10149.490005212952,0
LSI,D,20120208,000000,3.69591,3.69591,3.53168,3.69591,3259.8589766173723,0
LSI,D,20120209,000000,3.69591,3.69591,3.55908,3.69591,1338.8331193457552,0
LSI,D,20120210,000000,3.87843,3.87843,3.43129,3.55908,4433.702457236845,0
LSI,D,20120213,000000,3.57726,3.57726,3.57726,3.57726,187.05831651769577,0
LSI,D,20120214,000000,3.57726,3.83285,3.43129,3.83285,3749.573445703025,0
LSI,D,20120215,000000,3.77804,3.77804,3.63206,3.75976,298.4525948934022,0
LSI,D,20120216,000000,3.7689,3.7689,3.74159,3.74159,384.62552722177895,0
LSI,D,20120217,000000,3.6138,3.69591,3.60467,3.69591,4674.356134105116,0
LSI,D,20120220,000000,3.65033,3.68678,3.52254,3.52254,4391.666880491296,0
LSI,D,20120221,000000,3.486,3.56821,3.44042,3.56821,7761.869246065736,0
LSI,D,20120222,000000,3.56821,3.56821,3.54995,3.54995,2.1017788372774806,0
LSI,D,20120223,000000,3.54995,3.54995,3.54081,3.54995,769.2510544435579,0
LSI,D,20120224,000000,3.53168,3.53168,3.53168,3.53168,440.3226664096321,0
LSI,D,20120227,000000,3.53168,3.53168,3.53168,3.53168,2.1017788372774806,0
LSI,D,20120228,000000,3.53168,3.54081,3.42215,3.54081,1502.7718686533985,0
LSI,D,20120229,000000,3.52254,3.52254,3.42215,3.51341,3508.9197688347535,0
LSI,D,20120301,000000,3.42215,3.42215,3.19405,3.26704,25299.111864308827,0
LSI,D,20120302,000000,3.30348,3.30348,2.72864,2.92029,132241.8226626655,0
LSI,D,20120305,000000,2.95673,2.95673,2.71037,2.86548,64978.594533271,0
LSI,D,20120306,000000,2.83807,2.84721,2.68296,2.70123,29724.407206196767,0
LSI,D,20120307,000000,2.77422,2.81076,2.63738,2.81076,14294.197872324557,0
LSI,D,20120308,000000,2.81076,2.81076,2.7195,2.80163,6028.952594730453,0
LSI,D,20120309,000000,2.77422,2.77422,2.73768,2.77422,943.6986979375888,0
LSI,D,20120312,000000,2.80163,2.80163,2.64643,2.7195,16206.816614247065,0
LSI,D,20120313,000000,2.7195,2.73768,2.64643,2.72864,19658.98835447533,0
LSI,D,20120314,000000,2.72864,2.78335,2.6921,2.75595,35097.60480369623,0
LSI,D,20120315,000000,2.75595,2.75595,2.64643,2.71037,15406.038877243933,0
LSI,D,20120316,000000,2.73768,2.74681,2.71037,2.73768,1286.2886484138182,0
LSI,D,20120319,000000,2.73768,2.76508,2.63738,2.76508,23927.70117298527,0
LSI,D,20120320,000000,2.76508,2.76508,2.6921,2.73768,6689.96203905422,0
LSI,D,20120321,000000,2.73768,2.73768,2.64643,2.70123,7633.660736991808,0
LSI,D,20120322,000000,2.70123,2.7195,2.60085,2.64643,14254.264074415667,0
LSI,D,20120323,000000,2.7195,2.7195,2.60998,2.60998,1973.5703282035543,0
LSI,D,20120326,000000,2.60998,2.73768,2.60998,2.73768,3728.5556573302506,0
LSI,D,20120327,000000,2.76508,2.82903,2.76508,2.8199,14427.660828491058,0
LSI,D,20120328,000000,2.77422,2.8199,2.73768,2.73768,5853.454061817783,0
LSI,D,20120329,000000,2.73768,2.73768,2.67383,2.68296,5205.05529051768,0
LSI,D,20120330,000000,2.7195,2.77422,2.6921,2.77422,2247.8524664682654,0
LSI,D,20120402,000000,2.75595,2.79249,2.7195,2.79249,2277.27737019015,0
LSI,D,20120403,000000,2.8199,2.83807,2.80163,2.80163,11528.25692246698,0
LSI,D,20120404,000000,2.82903,2.83807,2.75595,2.83807,1906.313405410675,0
LSI,D,20120405,000000,2.81076,2.81076,2.72864,2.80163,6282.216944622389,0
LSI,D,20120410,000000,2.82903,2.82903,2.73768,2.73768,304.7579314052347,0
LSI,D,20120411,000000,2.73768,2.80163,2.6647,2.80163,9379.188061350756,0
LSI,D,20120412,000000,2.68296,2.72864,2.62825,2.72864,2720.752704855698,0
LSI,D,20120413,000000,2.65556,2.72864,2.63738,2.72864,4958.096277137577,0
LSI,D,20120417,000000,2.65556,2.72864,2.63738,2.72864,2390.773427403134,0
LSI,D,20120418,000000,2.64643,2.64643,2.64643,2.64643,767.1492756062803,0
LSI,D,20120419,000000,2.62825,2.6921,2.62825,2.6921,2280.430038446066,0
LSI,D,20120420,000000,2.62825,2.62825,2.61911,2.62825,1643.5910507509898,0
LSI,D,20120423,000000,2.62825,2.62825,2.51873,2.51873,5656.9377405323385,0
LSI,D,20120424,000000,2.537,2.537,2.46391,2.46391,296.35081605612476,0
LSI,D,20120425,000000,2.50959,2.50959,2.50959,2.50959,2.1017788372774806,0
LSI,D,20120426,000000,2.50959,2.50959,2.50959,2.50959,2.1017788372774806,0
LSI,D,20120427,000000,2.50959,2.50959,2.46391,2.49132,126.10673023664883,0
LSI,D,20120430,000000,2.48218,2.48218,2.45488,2.45488,1375.614248998111,0
LSI,D,20120502,000000,2.4092,2.45488,2.32707,2.45488,6224.418026597258,0
LSI,D,20120504,000000,2.50959,2.50959,2.50959,2.50959,1.0508894186387403,0
LSI,D,20120507,000000,2.42747,2.42747,2.26322,2.35448,9730.185127176095,0
LSI,D,20120508,000000,2.37265,2.37265,2.2814,2.29053,10026.53594323222,0
LSI,D,20120509,000000,2.29053,2.33621,2.29053,2.33621,111.39427837570646,0
LSI,D,20120510,000000,2.36362,2.36362,2.36362,2.36362,2.1017788372774806,0
LSI,D,20120511,000000,2.36362,2.39093,2.29967,2.39093,3849.4079404737054,0
LSI,D,20120514,000000,2.40006,2.46391,2.37265,2.46391,10223.052264517666,0
LSI,D,20120516,000000,2.49132,2.49132,2.37265,2.39093,9471.666330190965,0
LSI,D,20120517,000000,2.39093,2.56431,2.39093,2.49132,34078.24206761665,0
LSI,D,20120518,000000,2.49132,2.57344,2.46391,2.55517,20771.880248813548,0
LSI,D,20120521,000000,2.50959,2.60085,2.49132,2.49132,10980.743535355989,0
LSI,D,20120522,000000,2.54613,2.73768,2.54613,2.73768,15867.379332026132,0
LSI,D,20120523,000000,2.64643,2.64643,2.64643,2.64643,2848.961213929625,0
LSI,D,20120524,000000,2.60085,2.60085,2.46391,2.46391,18574.470474439735,0
LSI,D,20120525,000000,2.46391,2.46391,2.46391,2.46391,2398.1296533336053,0
LSI,D,20120528,000000,2.4092,2.72864,2.4092,2.6921,8688.753713305103,0
LSI,D,20120529,000000,2.73768,2.73768,2.6921,2.73768,1906.313405410675,0
LSI,D,20120530,000000,2.6921,2.6921,2.6921,2.6921,2848.961213929625,0
LSI,D,20120531,000000,2.72864,2.72864,2.60085,2.60085,4054.33137710826,0
LSI,D,20120601,000000,2.60085,2.7195,2.60085,2.7195,584.2945167631395,0
LSI,D,20120604,000000,2.7195,2.7195,2.60998,2.7195,356.25151291853297,0
LSI,D,20120605,000000,2.60085,2.64643,2.60085,2.64643,5765.179350652129,0
LSI,D,20120606,000000,2.64643,2.64643,2.64643,2.64643,690.4343480456523,0
LSI,D,20120608,000000,2.67383,2.67383,2.67383,2.67383,1.0508894186387403,0
LSI,D,20120611,000000,2.6647,2.6647,2.6647,2.6647,2.1017788372774806,0
LSI,D,20120612,000000,2.6647,2.6647,2.64643,2.64643,2.1017788372774806,0
LSI,D,20120613,000000,2.55517,2.68296,2.55517,2.68296,724.062809442092,0
LSI,D,20120614,000000,2.64643,2.7195,2.64643,2.71037,6043.665046591395,0
LSI,D,20120615,000000,2.72864,2.72864,2.60998,2.70123,333.13194570848066,0
LSI,D,20120618,000000,2.71037,2.71037,2.55517,2.55517,604.2614157172757,0
LSI,D,20120619,000000,2.59171,2.68296,2.59171,2.68296,664.1621125796838,0
LSI,D,20120620,000000,2.68296,2.68296,2.68296,2.68296,1.0508894186387403,0
LSI,D,20120621,000000,2.56431,2.6647,2.56431,2.60085,2441.2161194977934,0
LSI,D,20120622,000000,2.60085,2.60085,2.60085,2.60085,316.3177150102608,0
LSI,D,20120625,000000,2.55517,2.55517,2.55517,2.55517,3022.357968005017,0
LSI,D,20120626,000000,2.537,2.537,2.50046,2.50959,3306.098111037477,0
LSI,D,20120627,000000,2.55517,2.68296,2.55517,2.55517,7134.488263138407,0
LSI,D,20120628,000000,2.55517,2.61911,2.54613,2.61911,1296.7975426002056,0
LSI,D,20120629,000000,2.59171,2.63738,2.59171,2.63738,4234.033467695484,0
LSI,D,20120702,000000,2.63738,2.63738,2.63738,2.63738,2608.3075370613533,0
LSI,D,20120704,000000,2.64643,2.65556,2.60085,2.65556,1315.7135521357027,0
LSI,D,20120705,000000,2.65556,2.65556,2.60998,2.62825,331.03016687120316,0
LSI,D,20120706,000000,2.65556,2.6921,2.60998,2.6921,6248.588483225949,0
LSI,D,20120709,000000,2.71037,2.71037,2.6921,2.6921,2.1017788372774806,0
LSI,D,20120710,000000,2.6921,2.6921,2.56431,2.6921,6692.063817891498,0
LSI,D,20120711,000000,2.68296,2.68296,2.57344,2.57344,654.7041078119352,0
LSI,D,20120712,000000,2.57344,2.57344,2.56431,2.56431,3316.6070052238642,0
LSI,D,20120713,000000,2.56431,2.56431,2.55517,2.55517,1482.8049696992625,0
LSI,D,20120716,000000,2.51873,2.51873,2.45488,2.45488,12488.769851102583,0
LSI,D,20120717,000000,2.50046,2.50046,2.26322,2.35448,11733.180359101534,0
LSI,D,20120718,000000,2.36362,2.50959,2.36362,2.50959,592.7016321122495,0
LSI,D,20120719,000000,2.52786,2.73768,2.52786,2.73768,11734.23124852038,0
LSI,D,20120720,000000,2.6921,2.72864,2.6921,2.72864,4384.310654560824,0
LSI,D,20120723,000000,2.72864,2.72864,2.56431,2.71037,5601.240601344485,0
LSI,D,20120724,000000,2.60085,2.60085,2.60085,2.60085,12054.752521205197,0
LSI,D,20120725,000000,2.63738,2.63738,2.63738,2.63738,426.6611039673286,0
LSI,D,20120726,000000,2.6921,2.6921,2.537,2.64643,10631.84824836855,0
LSI,D,20120727,000000,2.64643,2.64643,2.64643,2.64643,1.0508894186387403,0
LSI,D,20120730,000000,2.55517,2.55517,2.55517,2.55517,102.98716302659653,0
LSI,D,20120731,000000,2.52786,2.52786,2.52786,2.52786,2191.1044378617735,0
LSI,D,20120801,000000,2.52786,2.64643,2.52786,2.64643,23.11956721005229,0
LSI,D,20120802,000000,2.52786,2.52786,2.52786,2.52786,90.37649000293166,0
LSI,D,20120806,000000,2.52786,2.52786,2.52786,2.52786,2.1017788372774806,0
LSI,D,20120807,000000,2.52786,2.52786,2.52786,2.52786,2.1017788372774806,0
LSI,D,20120808,000000,2.52786,2.52786,2.52786,2.52786,2.1017788372774806,0
LSI,D,20120809,000000,2.52786,2.55517,2.52786,2.52786,2411.791215775909,0
LSI,D,20120813,000000,2.55517,2.55517,2.55517,2.55517,865.932880958322,0
LSI,D,20120814,000000,2.55517,2.55517,2.55517,2.55517,768.2001650249191,0
LSI,D,20120816,000000,2.56431,2.6647,2.56431,2.6647,410.89776268774744,0
LSI,D,20120817,000000,2.56431,2.56431,2.55517,2.55517,1096.077663640206,0
LSI,D,20120820,000000,2.60085,2.6647,2.60085,2.6647,3808.4232531467947,0
LSI,D,20120821,000000,2.6647,2.6647,2.62825,2.6647,2834.2487620686825,0
LSI,D,20120822,000000,2.70123,2.92029,2.70123,2.91115,40066.20997502082,0
LSI,D,20120823,000000,2.91115,2.91115,2.78335,2.84721,7459.213093497779,0
LSI,D,20120824,000000,2.86548,2.86548,2.75595,2.75595,5469.879424014643,0
LSI,D,20120827,000000,2.78335,2.89288,2.78335,2.89288,118.75050430617765,0
LSI,D,20120828,000000,2.90202,3.1028,2.89288,3.08453,27420.857600540236,0
LSI,D,20120829,000000,3.08453,3.09366,2.95673,3.09366,17843.051439066967,0
LSI,D,20120830,000000,3.09366,3.2305,3.09366,3.19405,40665.216943644904,0
LSI,D,20120831,000000,3.19405,3.19405,3.01155,3.1028,5990.0696862408195,0
LSI,D,20120903,000000,3.1028,3.1028,3.1028,3.1028,210.17788372774802,0
LSI,D,20120904,000000,3.1028,3.1028,2.92933,3.00241,7014.686869413592,0
LSI,D,20120905,000000,2.92933,3.04799,2.92933,3.04799,13199.171098102577,0
LSI,D,20120906,000000,3.05713,3.09366,3.01155,3.09366,4932.874931090247,0
LSI,D,20120907,000000,3.09366,3.09366,3.05713,3.05713,554.8696130412549,0
LSI,D,20120910,000000,2.95673,3.01155,2.93846,3.01155,11391.641298043944,0
LSI,D,20120911,000000,2.92933,2.92933,2.92933,2.92933,443.4753346655484,0
LSI,D,20120912,000000,2.92933,2.92933,2.84721,2.84721,1256.8637446919333,0
LSI,D,20120913,000000,2.92029,2.92029,2.92029,2.92029,1.0508894186387403,0
LSI,D,20120914,000000,2.87461,2.87461,2.73768,2.73768,4256.102145486898,0
LSI,D,20120917,000000,2.88375,2.88375,2.83807,2.83807,1479.6523014433465,0
LSI,D,20120918,000000,2.88375,2.88375,2.88375,2.88375,1.0508894186387403,0
LSI,D,20120919,000000,2.82903,2.82903,2.80163,2.80163,1914.7205207597847,0
LSI,D,20120920,000000,2.78335,2.87461,2.78335,2.87461,3390.1692645285757,0
LSI,D,20120921,000000,2.87461,2.90202,2.77422,2.89288,15379.766641777964,0
LSI,D,20120924,000000,2.90202,2.90202,2.78335,2.87461,5821.927379258621,0
LSI,D,20120925,000000,2.87461,2.93846,2.87461,2.93846,9394.951402630337,0
LSI,D,20120926,000000,2.93846,2.93846,2.87461,2.87461,7343.615257447516,0
LSI,D,20120927,000000,2.92933,2.92933,2.87461,2.92029,4055.382266526899,0
LSI,D,20120928,000000,2.92933,2.92933,2.86548,2.87461,4653.338345732342,0
LSI,D,20121001,000000,2.92933,2.92933,2.92933,2.92933,1.0508894186387403,0
LSI,D,20121002,000000,2.92933,2.92933,2.82903,2.89288,2411.791215775909,0
LSI,D,20121003,000000,2.83807,2.83807,2.83807,2.83807,1643.5910507509898,0
LSI,D,20121004,000000,2.92933,2.92933,2.83807,2.86548,1567.9270126090003,0
LSI,D,20121005,000000,2.92933,2.92933,2.83807,2.91115,4707.984595501556,0
LSI,D,20121008,000000,2.91115,2.91115,2.84721,2.89288,4079.55272315559,0
LSI,D,20121009,000000,2.92029,3.0754,2.89288,3.00241,20951.582339400975,0
LSI,D,20121010,000000,3.01155,3.1028,3.00241,3.05713,8877.913808660078,0
LSI,D,20121011,000000,3.00241,3.01155,2.87461,3.01155,5951.186777751186,0
LSI,D,20121012,000000,3.08453,3.08453,2.9476,2.9476,1588.9448009817752,0
LSI,D,20121015,000000,2.97501,3.03886,2.96587,2.96587,1483.8558591179012,0
LSI,D,20121016,000000,2.97501,3.03886,2.97501,3.02059,9831.070511365415,0
LSI,D,20121017,000000,3.02059,3.06626,2.99328,3.06626,3175.787823126273,0
LSI,D,20121018,000000,3.01155,3.01155,2.95673,3.01155,8281.008618873273,0
LSI,D,20121019,000000,2.98414,3.05713,2.98414,3.05713,2686.07335404062,0
LSI,D,20121022,000000,3.05713,3.06626,3.01155,3.06626,1097.1285530588448,0
LSI,D,20121023,000000,3.01155,3.05713,3.01155,3.05713,109.29249953842898,0
LSI,D,20121024,000000,3.05713,3.05713,2.93846,2.99328,1664.6088391237645,0
LSI,D,20121025,000000,2.99328,2.99328,2.9476,2.96587,931.0880249139238,0
LSI,D,20121026,000000,2.99328,2.99328,2.92933,2.92933,799.7268475840814,0
LSI,D,20121029,000000,2.88375,2.92029,2.87461,2.92029,3287.1821015019796,0
LSI,D,20121030,000000,2.92029,2.92029,2.83807,2.92029,6281.16605520375,0
LSI,D,20121031,000000,2.92029,2.92029,2.92029,2.92029,2.1017788372774806,0
LSI,D,20121102,000000,2.92029,2.92029,2.92029,2.92029,2915.1672473038657,0
LSI,D,20121105,000000,2.92029,3.01155,2.92029,3.01155,2.1017788372774806,0
LSI,D,20121106,000000,3.00241,3.01155,3.00241,3.01155,4362.241976769411,0
LSI,D,20121107,000000,3.05713,3.05713,2.91115,2.91115,1152.825692246698,0
LSI,D,20121108,000000,2.92933,3.00241,2.92933,3.00241,439.27177699099343,0
LSI,D,20121109,000000,2.88375,2.96587,2.88375,2.96587,1222.184393876855,0
LSI,D,20121112,000000,2.96587,2.96587,2.90202,2.90202,143.97185035350742,0
LSI,D,20121113,000000,2.91115,2.91115,2.91115,2.91115,2.1017788372774806,0
LSI,D,20121114,000000,2.92029,3.06626,2.92029,3.06626,2741.7704932284732,0
LSI,D,20121115,000000,2.88375,2.88375,2.65556,2.8199,25703.70429048474,0
LSI,D,20121116,000000,2.60998,2.92933,2.60998,2.6921,8447.049147018193,0
LSI,D,20121119,000000,2.89288,2.89288,2.60998,2.73768,4525.129836658416,0
LSI,D,20121120,000000,2.73768,2.73768,2.73768,2.73768,4.203557674554961,0
LSI,D,20121121,000000,2.61911,2.61911,2.50046,2.54613,14964.665321415661,0
LSI,D,20121122,000000,2.50959,2.55517,2.50959,2.55517,4492.552264680615,0
LSI,D,20121123,000000,2.50959,2.50959,2.50959,2.50959,4114.232073970668,0
LSI,D,20121126,000000,2.50959,2.50959,2.50959,2.50959,22265.194112699402,0
LSI,D,20121127,000000,2.55517,2.60085,2.55517,2.56431,1111.8410049197873,0
LSI,D,20121128,000000,2.57344,2.57344,2.55517,2.55517,2613.5619841545467,0
LSI,D,20121129,000000,2.51873,2.51873,2.51873,2.51873,728.266367116647,0
LSI,D,20121130,000000,2.51873,2.54613,2.50959,2.50959,4254.00036664962,0
LSI,D,20121203,000000,2.537,2.537,2.537,2.537,574.8365119953909,0
LSI,D,20121204,000000,2.51873,2.51873,2.50959,2.50959,2882.5896753260645,0
LSI,D,20121205,000000,2.55517,2.55517,2.50959,2.50959,768.2001650249191,0
LSI,D,20121206,000000,2.52786,2.60085,2.50959,2.60085,2578.8826333394686,0
LSI,D,20121207,000000,2.63738,2.63738,2.63738,2.63738,753.4877131639767,0
LSI,D,20121210,000000,2.64643,2.64643,2.64643,2.64643,548.5642765294224,0
LSI,D,20121211,000000,2.64643,2.64643,2.64643,2.64643,1.0508894186387403,0
LSI,D,20121212,000000,2.57344,2.63738,2.57344,2.57344,3747.471666865748,0
LSI,D,20121213,000000,2.63738,2.65556,2.63738,2.64643,5993.2223544967355,0
LSI,D,20121214,000000,2.64643,2.64643,2.57344,2.57344,1097.1285530588448,0
LSI,D,20121217,000000,2.58258,2.58258,2.47305,2.47305,3603.49981651224,0
LSI,D,20121218,000000,2.47305,2.47305,2.44574,2.45488,2972.9661653289963,0
LSI,D,20121219,000000,2.46391,2.46391,2.45488,2.46391,1580.5376856326652,0
LSI,D,20121220,000000,2.47305,2.58258,2.47305,2.58258,5042.167430628675,0
LSI,D,20121221,000000,2.58258,2.60085,2.58258,2.60085,3103.2764532402,0
LSI,D,20121227,000000,2.60085,2.60085,2.60085,2.60085,477.103796061988,0
LSI,D,20121228,000000,2.62825,2.62825,2.48218,2.60085,988.8869429390546,0
LSI,D,20130102,000000,2.59171,2.59171,2.55517,2.55517,852.2713185160184,0
LSI,D,20130103,000000,2.57344,2.57344,2.57344,2.57344,1.0508894186387403,0
LSI,D,20130104,000000,2.60085,2.60085,2.52786,2.52786,2052.3870346014596,0
LSI,D,20130107,000000,2.58258,2.58258,2.49132,2.49132,1352.4946817880589,0
LSI,D,20130108,000000,2.62825,2.62825,2.60085,2.60085,220.68677791413546,0
LSI,D,20130109,000000,2.62825,2.62825,2.56431,2.56431,143.97185035350742,0
LSI,D,20130110,000000,2.56431,2.96587,2.56431,2.92933,49066.02695624278,0
LSI,D,20130111,000000,3.03886,3.19405,2.92029,2.96587,26665.26810853919,0
LSI,D,20130114,000000,2.96587,3.01155,2.90202,2.92933,7616.846506293589,0
LSI,D,20130115,000000,2.93846,3.12098,2.93846,3.09366,9544.177700077038,0
LSI,D,20130116,000000,3.08453,3.08453,2.78335,2.93846,40301.60920479569,0
LSI,D,20130117,000000,2.93846,2.98414,2.80163,2.91115,7690.408765598301,0
LSI,D,20130118,000000,2.91115,2.92029,2.76508,2.79249,15162.232532119331,0
LSI,D,20130121,000000,2.77422,2.77422,2.70123,2.74681,10106.403539048764,0
LSI,D,20130122,000000,2.74681,2.78335,2.74681,2.78335,1101.3321107333998,0
LSI,D,20130123,000000,2.7195,2.78335,2.6921,2.73768,8405.013570272644,0
LSI,D,20130124,000000,2.77422,2.77422,2.70123,2.70123,2313.0076104238674,0
LSI,D,20130125,000000,2.76508,2.8199,2.73768,2.8199,9125.92371145882,0
LSI,D,20130129,000000,2.81076,2.8199,2.77422,2.77422,5188.241059819461,0
LSI,D,20130130,000000,2.8199,2.90202,2.77422,2.87461,3037.0704198659596,0
LSI,D,20130131,000000,2.88375,2.88375,2.81076,2.87461,586.396295600417,0
LSI,D,20130201,000000,2.83807,2.87461,2.64643,2.68296,16778.500457986334,0
LSI,D,20130204,000000,2.6921,2.6921,2.60085,2.60085,3483.6984227874236,0
LSI,D,20130205,000000,2.61911,2.6647,2.60085,2.6647,1783.359343429942,0
LSI,D,20130206,000000,2.6647,2.6647,2.55517,2.57344,6651.079130564587,0
LSI,D,20130207,000000,2.60085,2.60998,2.55517,2.55517,3046.528424633708,0
LSI,D,20130208,000000,2.56431,2.63738,2.55517,2.60998,4599.742985381766,0
LSI,D,20130211,000000,2.60998,2.63738,2.60998,2.60998,1785.4611222672197,0
LSI,D,20130212,000000,2.63738,2.64643,2.60998,2.60998,647.347881881464,0
LSI,D,20130213,000000,2.62825,2.62825,2.62825,2.62825,264.82413349696253,0
LSI,D,20130214,000000,2.61911,2.61911,2.61911,2.61911,658.9076654864901,0
LSI,D,20130215,000000,2.55517,2.56431,2.55517,2.56431,1834.8529249432404,0
LSI,D,20130218,000000,2.57344,2.60085,2.54613,2.54613,6332.659636717049,0
LSI,D,20130219,000000,2.55517,2.56431,2.54613,2.55517,3744.3189986098314,0
LSI,D,20130220,000000,2.56431,2.56431,2.49132,2.50959,4051.178708852344,0
LSI,D,20130221,000000,2.52786,2.52786,2.52786,2.52786,1314.662662717064,0
LSI,D,20130225,000000,2.55517,2.59171,2.55517,2.59171,5325.907573661136,0
LSI,D,20130226,000000,2.60998,2.60998,2.60998,2.60998,32.57757197780094,0
LSI,D,20130227,000000,2.60998,2.60998,2.54613,2.60085,694.6379057202073,0
LSI,D,20130228,000000,2.55517,2.58258,2.50959,2.58258,3230.4340728954876,0
LSI,D,20130301,000000,2.49132,2.49132,2.49132,2.49132,58.84980744376945,0
LSI,D,20130304,000000,2.55517,2.65556,2.50959,2.65556,6925.361268829299,0
LSI,D,20130305,000000,2.72864,2.72864,2.65556,2.6921,1739.221987847115,0
LSI,D,20130306,000000,2.6921,2.6921,2.6647,2.6921,3004.4928478881584,0
LSI,D,20130307,000000,2.7195,2.73768,2.71037,2.73768,4164.674766065327,0
LSI,D,20130308,000000,2.7195,2.73768,2.7195,2.73768,1453.3800659773776,0
LSI,D,20130311,000000,2.77422,2.77422,2.77422,2.77422,3.1526682559162205,0
LSI,D,20130312,000000,2.80163,2.80163,2.73768,2.73768,2094.4226113470095,0
LSI,D,20130313,000000,2.73768,2.73768,2.6647,2.6921,1973.5703282035543,0
LSI,D,20130314,000000,2.6921,2.73768,2.67383,2.67383,2015.6059049491037,0
LSI,D,20130315,000000,2.68296,2.73768,2.67383,2.67383,4176.234549670354,0
LSI,D,20130318,000000,2.72864,2.73768,2.72864,2.73768,4493.6031540992535,0
LSI,D,20130319,000000,2.73768,2.73768,2.67383,2.72864,1097.1285530588448,0
LSI,D,20130320,000000,2.73768,2.73768,2.68296,2.68296,1238.998624575075,0
LSI,D,20130321,000000,2.73768,2.73768,2.73768,2.73768,1.0508894186387403,0
LSI,D,20130322,000000,2.67383,2.73768,2.64643,2.73768,3333.421235922084,0
LSI,D,20130325,000000,2.57344,2.57344,2.57344,2.57344,547.5133871107837,0
LSI,D,20130326,000000,2.57344,2.6921,2.57344,2.6921,7061.976893252335,0
LSI,D,20130327,000000,2.73768,2.73768,2.64643,2.7195,689.3834586270136,0
LSI,D,20130328,000000,2.71037,2.71037,2.71037,2.71037,1.0508894186387403,0
LSI,D,20130402,000000,2.71037,2.71037,2.60085,2.60085,1589.9956904004139,0
LSI,D,20130403,000000,2.60998,2.73768,2.60998,2.73768,9018.732990757668,0
LSI,D,20130404,000000,2.80163,2.80163,2.64643,2.64643,2882.5896753260645,0
LSI,D,20130405,000000,2.73768,2.73768,2.73768,2.73768,1.0508894186387403,0
LSI,D,20130408,000000,2.73768,2.73768,2.57344,2.6921,1567.9270126090003,0
LSI,D,20130409,000000,2.59171,2.70123,2.59171,2.70123,922.680909564814,0
LSI,D,20130410,000000,2.70123,2.70123,2.60085,2.60085,1238.998624575075,0
LSI,D,20130411,000000,2.70123,2.70123,2.70123,2.70123,1.0508894186387403,0
LSI,D,20130412,000000,2.70123,2.70123,2.60085,2.70123,945.8004767748662,0
LSI,D,20130415,000000,2.55517,2.62825,2.55517,2.62825,1617.3188152850212,0
LSI,D,20130417,000000,2.67383,2.67383,2.56431,2.56431,1664.6088391237645,0
LSI,D,20130418,000000,2.57344,2.57344,2.57344,2.57344,1425.0060516741319,0
LSI,D,20130419,000000,2.64643,2.64643,2.4366,2.57344,1428.158719930048,0
LSI,D,20130423,000000,2.47305,2.55517,2.47305,2.55517,1808.5806894772718,0
LSI,D,20130425,000000,2.48218,2.56431,2.47305,2.56431,2761.7373921826093,0
LSI,D,20130426,000000,2.52786,2.537,2.52786,2.537,1762.3415550571674,0
LSI,D,20130430,000000,2.47305,2.47305,2.47305,2.47305,995.192279450887,0
LSI,D,20130506,000000,2.47305,2.47305,2.47305,2.47305,770.3019438621966,0
LSI,D,20130507,000000,2.48218,2.51873,2.45488,2.51873,8188.530350033065,0
LSI,D,20130508,000000,2.537,2.537,2.48218,2.48218,2817.4345313704625,0
LSI,D,20130509,000000,2.45488,2.45488,2.39093,2.4092,7453.958646404584,0
LSI,D,20130510,000000,2.42747,2.42747,2.34535,2.37265,2632.4779936900445,0
LSI,D,20130513,000000,2.38179,2.41833,2.37265,2.41833,5239.734641332759,0
LSI,D,20130514,000000,2.46391,2.46391,2.44574,2.44574,384.62552722177895,0
LSI,D,20130515,000000,2.46391,2.46391,2.36362,2.37265,8388.199339574425,0
LSI,D,20130516,000000,2.38179,2.50959,2.38179,2.4366,6094.107738686054,0
LSI,D,20130517,000000,2.50046,2.50046,2.42747,2.42747,154.48074453989483,0
LSI,D,20130520,000000,2.47305,2.47305,2.47305,2.47305,2072.3539335555956,0
LSI,D,20130521,000000,2.49132,2.54613,2.49132,2.54613,2061.8450393692083,0
LSI,D,20130522,000000,2.54613,2.54613,2.54613,2.54613,670.4674490915162,0
LSI,D,20130523,000000,2.54613,2.54613,2.537,2.537,276.3839171019887,0
LSI,D,20130524,000000,2.537,2.537,2.42747,2.47305,1644.6419401696285,0
LSI,D,20130527,000000,2.537,2.537,2.44574,2.44574,505.477810365234,0
LSI,D,20130528,000000,2.537,2.537,2.48218,2.48218,378.32019070994653,0
LSI,D,20130529,000000,2.52786,2.52786,2.42747,2.46391,3383.8639280167436,0
LSI,D,20130531,000000,2.48218,2.50046,2.48218,2.50046,1934.6874197139207,0
LSI,D,20130603,000000,2.52786,2.537,2.46391,2.537,645.2461030441865,0
LSI,D,20130604,000000,2.55517,2.55517,2.55517,2.55517,2.1017788372774806,0
LSI,D,20130605,000000,2.55517,2.55517,2.50959,2.50959,4273.9672656037565,0
LSI,D,20130606,000000,2.55517,2.81076,2.55517,2.81076,25958.01952979573,0
LSI,D,20130607,000000,2.80163,2.90202,2.80163,2.90202,2324.5673940288934,0
LSI,D,20130610,000000,2.90202,2.92029,2.90202,2.92029,1553.2145607480581,0
LSI,D,20130611,000000,2.92029,2.92029,2.87461,2.87461,1644.6419401696285,0
LSI,D,20130612,000000,2.88375,2.88375,2.88375,2.88375,1.0508894186387403,0
LSI,D,20130613,000000,2.88375,2.88375,2.88375,2.88375,1.0508894186387403,0
LSI,D,20130617,000000,2.88375,2.88375,2.78335,2.78335,1091.874105965651,0
LSI,D,20130618,000000,2.87461,2.87461,2.82903,2.82903,220.68677791413546,0
LSI,D,20130619,000000,2.87461,2.87461,2.84721,2.84721,220.68677791413546,0
LSI,D,20130620,000000,2.86548,2.86548,2.70123,2.70123,2850.0121033482637,0
LSI,D,20130621,000000,2.70123,2.89288,2.70123,2.77422,8804.351549355366,0
LSI,D,20130624,000000,2.75595,2.77422,2.75595,2.77422,3945.038877569831,0
LSI,D,20130625,000000,2.80163,2.80163,2.70123,2.73768,4.203557674554961,0
LSI,D,20130626,000000,2.73768,2.78335,2.73768,2.73768,7560.098477687097,0
LSI,D,20130627,000000,2.78335,2.78335,2.78335,2.78335,329.9792774525644,0
LSI,D,20130628,000000,2.77422,3.00241,2.77422,3.00241,5760.975792977573,0
LSI,D,20130701,000000,3.00241,3.00241,2.92029,2.95673,1473.3469649315139,0
LSI,D,20130702,000000,2.95673,2.95673,2.9476,2.9476,302.6561525679572,0
LSI,D,20130703,000000,2.9476,2.9476,2.92029,2.92029,440.3226664096321,0
LSI,D,20130704,000000,2.92029,2.92029,2.92029,2.92029,329.9792774525644,0
LSI,D,20130705,000000,2.92029,2.92029,2.82903,2.82903,2191.1044378617735,0
LSI,D,20130708,000000,2.92029,2.92029,2.87461,2.92029,8748.654410167514,0
LSI,D,20130709,000000,2.92933,2.9476,2.92029,2.9476,7314.190353725632,0
LSI,D,20130710,000000,2.9476,3.00241,2.89288,2.99328,914.273794215704,0
LSI,D,20130711,000000,2.99328,2.99328,2.98414,2.99328,1316.7644415543416,0
LSI,D,20130712,000000,2.99328,3.04799,2.96587,3.03886,16750.126443682675,0
LSI,D,20130715,000000,3.08453,3.19405,3.08453,3.18492,8274.70328236144,0
LSI,D,20130716,000000,3.1028,3.1028,3.05713,3.06626,9435.93608995725,0
LSI,D,20130717,000000,3.06626,3.06626,2.92029,3.06626,5284.922886334224,0
LSI,D,20130718,000000,2.92029,2.92029,2.92029,2.92029,2520.032825895699,0
LSI,D,20130719,000000,2.92029,3.01155,2.92029,3.01155,988.8869429390546,0
LSI,D,20130722,000000,3.01155,3.01155,3.01155,3.01155,990.988721776332,0
LSI,D,20130723,000000,3.01155,3.05713,3.01155,3.02972,3829.4410415195694,0
LSI,D,20130724,000000,3.00241,3.02059,3.00241,3.02059,1770.7486704062774,0
LSI,D,20130725,000000,2.96587,3.01155,2.96587,3.01155,1750.7817714521414,0
LSI,D,20130726,000000,3.1028,3.1028,3.02972,3.02972,988.8869429390546,0
LSI,D,20130729,000000,3.02972,3.02972,2.96587,2.99328,855.4239867719346,0
LSI,D,20130730,000000,3.02059,3.02972,2.99328,3.02972,1012.0065101491068,0
LSI,D,20130731,000000,3.02972,3.02972,3.02972,3.02972,1087.670548291096,0
LSI,D,20130801,000000,3.02059,3.02059,3.01155,3.01155,574.8365119953909,0
LSI,D,20130802,000000,3.02059,3.02059,3.01155,3.01155,877.4926645633481,0
LSI,D,20130805,000000,3.01155,3.01155,2.90202,2.90202,2412.8421051945475,0
LSI,D,20130806,000000,2.90202,2.90202,2.82903,2.89288,1191.7086007363316,0
LSI,D,20130807,000000,2.91115,2.91115,2.82903,2.89288,77.76581697926679,0
LSI,D,20130808,000000,2.89288,2.90202,2.89288,2.90202,736.6734824657569,0
LSI,D,20130809,000000,2.90202,2.96587,2.90202,2.96587,7151.302493836627,0
LSI,D,20130812,000000,3.01155,3.28531,3.01155,3.22136,11362.216394322473,0
LSI,D,20130813,000000,3.21223,3.23963,3.21223,3.2305,1643.5910507509898,0
LSI,D,20130814,000000,3.23963,3.23963,3.19405,3.22136,777.6581697926678,0
LSI,D,20130816,000000,3.27618,3.27618,3.14838,3.26704,554.8696130412549,0
LSI,D,20130819,000000,3.28531,3.28531,3.19405,3.27618,836.5079772364372,0
LSI,D,20130820,000000,3.14838,3.16665,3.14838,3.16665,985.7342746831383,0
LSI,D,20130821,000000,3.18492,3.18492,3.18492,3.18492,1.0508894186387403,0
LSI,D,20130822,000000,3.19405,3.19405,3.18492,3.18492,439.27177699099343,0
LSI,D,20130823,000000,3.17578,3.17578,3.17578,3.17578,234.34834035643905,0
LSI,D,20130826,000000,3.27618,3.27618,3.13011,3.13011,2625.1217677595732,0
LSI,D,20130827,000000,3.2031,3.23963,3.2031,3.23963,2139.6108563484754,0
LSI,D,20130828,000000,3.23963,3.23963,3.21223,3.21223,55.69713918785323,0
LSI,D,20130829,000000,3.22136,3.22136,3.14838,3.22136,4416.8882265386255,0
LSI,D,20130830,000000,3.22136,3.22136,3.11184,3.22136,9753.304694386148,0
LSI,D,20130902,000000,3.22136,3.44042,3.22136,3.37657,26655.810103771644,0
LSI,D,20130903,000000,3.37657,3.37657,3.23963,3.28531,9411.765633328558,0
LSI,D,20130904,000000,3.36743,3.37657,3.23963,3.23963,9472.717219609605,0
LSI,D,20130905,000000,3.23963,3.27618,2.92933,3.27618,22327.19658839888,0
LSI,D,20130906,000000,3.22136,3.37657,3.22136,3.24877,6519.7179532347445,0
LSI,D,20130909,000000,3.37657,3.37657,3.23963,3.23963,2740.7196038098346,0
LSI,D,20130910,000000,3.37657,3.37657,3.26704,3.26704,1206.4210525972737,0
LSI,D,20130911,000000,3.37657,3.37657,3.28531,3.28531,7036.755547205005,0
LSI,D,20130912,000000,3.36743,3.36743,3.19405,3.32176,6198.14579113129,0
LSI,D,20130913,000000,3.22136,3.22136,3.16665,3.22136,5960.644782518934,0
LSI,D,20130916,000000,3.36743,3.36743,3.19405,3.22136,8986.155418779867,0
LSI,D,20130917,000000,3.36743,3.36743,3.19405,3.23963,2302.49871623748,0
LSI,D,20130918,000000,3.36743,3.36743,3.19405,3.19405,3990.2271225712966,0
LSI,D,20130919,000000,3.28531,3.28531,3.15751,3.27618,31942.834768943354,0
LSI,D,20130920,000000,3.28531,3.28531,3.13925,3.23963,4461.025582121452,0
LSI,D,20130923,000000,3.19405,3.28531,3.19405,3.23963,7870.110856185526,0
LSI,D,20130924,000000,3.28531,3.39474,3.28531,3.39474,14333.080780813572,0
LSI,D,20130925,000000,3.39474,3.44042,3.39474,3.42215,4813.073537365431,0
LSI,D,20130926,000000,3.44042,3.62293,3.43129,3.60467,18802.513478284756,0
LSI,D,20130927,000000,3.62293,3.62293,3.486,3.54995,11849.829084570641,0
LSI,D,20130930,000000,3.59553,3.59553,3.44042,3.57726,5112.577021677472,0
LSI,D,20131001,000000,3.51341,3.7689,3.51341,3.68678,70337.07967890974,0
LSI,D,20131002,000000,3.78717,3.86016,3.70505,3.86016,69043.43480456523,0
LSI,D,20131003,000000,3.83285,3.96055,3.69591,3.82371,31943.885658362204,0
LSI,D,20131004,000000,3.72332,3.96055,3.60467,3.96055,188374.030069836,0
LSI,D,20131007,000000,4.01536,4.01536,3.84198,3.96969,2056.590592276015,0
LSI,D,20131008,000000,4.00623,4.39866,4.00623,4.39866,30611.35787552766,0
LSI,D,20131009,000000,4.4351,4.56289,4.42597,4.5355,28117.59728509834,0
LSI,D,20131010,000000,4.40769,4.86407,4.40769,4.86407,20943.175224051247,0
LSI,D,20131011,000000,4.87311,4.87311,4.48078,4.83667,21201.694021036583,0
LSI,D,20131014,000000,4.83667,4.92792,4.74541,4.92792,1835.903814361879,0
LSI,D,20131015,000000,4.88225,4.95533,4.70887,4.91879,5989.018796822181,0
LSI,D,20131016,000000,4.91879,4.91879,4.83667,4.88225,17377.507426610413,0
LSI,D,20131017,000000,4.88225,4.88225,4.83667,4.87311,12547.619658546559,0
LSI,D,20131018,000000,4.87311,5.2564,4.83667,5.2564,34788.643314616646,0
LSI,D,20131021,000000,5.2564,5.26554,5.11043,5.24727,2265.7175865851236,0
LSI,D,20131022,000000,5.2564,5.2564,4.88225,5.06476,10388.041903243948,0
LSI,D,20131023,000000,5.11043,5.46633,5.01918,5.42978,63028.14377227729,0
LSI,D,20131024,000000,5.47546,5.64883,5.47546,5.52104,14173.345589181103,0
LSI,D,20131025,000000,5.65797,5.93174,5.64883,5.93174,64488.88006418514,0
LSI,D,20131028,000000,5.95915,6.12338,5.90433,6.12338,6883.325692083748,0
LSI,D,20131029,000000,6.12338,6.21464,5.65797,6.21464,25820.35301595385,0
LSI,D,20131030,000000,6.15992,6.3333,6.14165,6.19637,15736.01815469629,0
LSI,D,20131031,000000,6.27849,6.32417,6.08684,6.27849,33626.359617602,0
LSI,D,20131104,000000,6.36975,6.57053,6.36061,6.54313,29811.63102794337,0
LSI,D,20131105,000000,6.57053,6.82603,6.57053,6.74391,31027.510085308808,0
LSI,D,20131106,000000,6.74391,6.74391,6.40629,6.40629,30401.179991799912,0
LSI,D,20131107,000000,6.39716,6.39716,6.023,6.34244,30326.56684307635,0
LSI,D,20131108,000000,6.38802,6.57053,6.12338,6.54313,65003.81587931812,0
LSI,D,20131112,000000,6.65265,6.75304,6.45187,6.70746,56495.81514601868,0
LSI,D,20131113,000000,6.70746,6.70746,6.54313,6.69833,10250.375389402272,0
LSI,D,20131114,000000,6.68919,6.68919,6.48841,6.48841,6500.801943699247,0
LSI,D,20131115,000000,6.66178,6.70746,6.1781,6.4337,15692.931688531895,0
LSI,D,20131118,000000,6.4337,6.4337,5.93174,6.29676,15122.298734211472,0
LSI,D,20131119,000000,6.29676,6.52495,6.06867,6.47928,24826.211625921394,0
LSI,D,20131120,000000,6.52495,6.52495,6.22378,6.41543,14940.494864787383,0
LSI,D,20131121,000000,6.34244,6.34244,6.21464,6.27849,3559.3624609294134,0
LSI,D,20131122,000000,6.39716,6.39716,6.21464,6.36061,3462.6806344146494,0
LSI,D,20131125,000000,6.3333,6.3333,6.023,6.05039,21306.78296290046,0
LSI,D,20131126,000000,6.04126,6.2055,6.04126,6.06867,27243.257288790493,0
LSI,D,20131127,000000,6.19637,6.2055,6.11425,6.11425,1762.3415550571674,0
LSI,D,20131128,000000,6.11425,6.38802,6.11425,6.36975,11040.644232218812,0
LSI,D,20131129,000000,6.36975,6.57053,6.34244,6.57053,13102.489271587401,0
LSI,D,20131202,000000,6.70746,6.70746,6.39716,6.6162,2070.2521547183183,0
LSI,D,20131203,000000,6.6162,6.6162,6.26935,6.29676,4345.42774607119,0
LSI,D,20131204,000000,6.26032,6.38802,6.25118,6.38802,16905.658077641827,0
LSI,D,20131205,000000,6.56139,6.56139,6.47928,6.47928,2.1017788372774806,0
LSI,D,20131206,000000,6.55226,6.55226,6.11425,6.47928,12246.014395396827,0
LSI,D,20131209,000000,6.52495,6.52495,6.29676,6.38802,1969.3667705289993,0
LSI,D,20131210,000000,6.38802,6.47014,6.25118,6.38802,5642.225288671397,0
LSI,D,20131211,000000,6.4337,6.6162,6.4337,6.57053,15468.041352943412,0
LSI,D,20131212,000000,6.49754,6.60707,6.29676,6.60707,5867.115624260086,0
LSI,D,20131213,000000,6.6162,7.24586,6.47928,7.24586,19502.405831097327,0
LSI,D,20131216,000000,7.30058,7.61088,7.30058,7.57434,13749.83715346907,0
LSI,D,20131217,000000,7.57434,7.61088,7.52876,7.57434,9934.057674392012,0
LSI,D,20131218,000000,7.40097,7.61088,7.40097,7.61088,5163.019713772131,0
LSI,D,20131219,000000,7.61088,7.75686,7.48309,7.72955,37704.86145133916,0
LSI,D,20131220,000000,7.72955,7.75686,7.49223,7.74772,13380.974967526667,0
LSI,D,20131223,000000,7.74772,7.91206,7.60175,7.84812,11219.295433387399,0
LSI,D,20131227,000000,7.84812,8.02158,7.82081,7.98504,12605.41857657169,0
LSI,D,20131230,000000,7.84812,8.06716,7.83908,7.93937,18217.168072102562,0
LSI,D,20140102,000000,7.80254,8.08544,7.71128,7.75686,5477.235649945114,0
LSI,D,20140103,000000,7.93937,7.93937,7.42838,7.70214,7563.251145943013,0
LSI,D,20140107,000000,7.57434,7.57434,7.30058,7.47396,4887.68668608878,0
LSI,D,20140108,000000,7.26413,7.61088,7.26413,7.47396,8850.59068377547,0
LSI,D,20140109,000000,7.70214,7.70214,7.255,7.43751,7795.497707462175,0
LSI,D,20140110,000000,7.48309,7.48309,7.11806,7.11806,2303.5496056561187,0
LSI,D,20140113,000000,7.11806,7.30058,7.11806,7.30058,12315.373097027192,0
LSI,D,20140114,000000,7.30058,7.30058,7.10893,7.30058,8091.8485235183,0
LSI,D,20140115,000000,7.29144,7.30058,6.88998,7.02681,67954.71336685529,0
LSI,D,20140116,000000,7.20932,7.46491,7.20932,7.45578,3356.5408031321363,0
LSI,D,20140117,000000,7.46491,7.46491,7.11806,7.24586,2667.1573445051226,0
LSI,D,20140120,000000,7.48309,7.48309,7.29144,7.45578,9940.363010903844,0
LSI,D,20140121,000000,7.48309,7.65646,7.29144,7.65646,7151.302493836627,0
LSI,D,20140122,000000,7.70214,7.88466,7.58348,7.84812,20489.190995199933,0
LSI,D,20140123,000000,7.84812,7.93937,7.84812,7.93937,4887.68668608878,0
LSI,D,20140124,000000,7.98504,8.03062,7.68387,7.96678,10945.01329512248,0
LSI,D,20140127,000000,7.97591,7.97591,7.58348,7.97591,11386.386850950752,0
LSI,D,20140128,000000,7.76599,8.12188,7.75686,8.11284,17049.629927994716,0
LSI,D,20140129,000000,8.13101,8.28622,8.13101,8.14015,13520.74326020624,0
LSI,D,20140130,000000,8.14015,8.21314,7.93937,8.21314,6984.211076273068,0
LSI,D,20140131,000000,8.28622,8.29536,7.97591,8.29536,1209.57372085319,0
LSI,D,20140203,000000,8.27709,8.28622,8.27709,8.27709,3246.1974141750684,0
LSI,D,20140204,000000,8.27709,8.27709,8.21314,8.21314,616.8720887409405,0
LSI,D,20140205,000000,8.24968,8.24968,7.52876,8.04889,8994.562534128978,0
LSI,D,20140206,000000,8.04889,8.04889,8.03062,8.04889,1868.48138633968,0
LSI,D,20140207,000000,8.05803,8.05803,7.68387,7.71128,3745.3698880284705,0
LSI,D,20140210,000000,8.02158,8.17669,8.02158,8.11284,2332.974509378003,0
LSI,D,20140211,000000,8.0763,8.0763,7.92119,7.93937,5168.274160865325,0
LSI,D,20140212,000000,8.03062,8.03062,7.93937,7.93937,2592.544195781772,0
LSI,D,20140213,000000,7.89379,8.28622,7.82081,8.28622,16709.14175635597,0
LSI,D,20140214,000000,8.28622,8.28622,8.15842,8.21314,2086.0154959978995,0
LSI,D,20140217,000000,8.21314,8.21314,8.15842,8.15842,2.1017788372774806,0
LSI,D,20140218,000000,8.2041,8.2041,7.96678,7.96678,2497.9641481042854,0
LSI,D,20140219,000000,8.18583,8.18583,8.18583,8.18583,1.0508894186387403,0
LSI,D,20140220,000000,8.18583,8.21314,8.05803,8.21314,7369.887492913485,0
LSI,D,20140221,000000,8.21314,8.21314,8.04889,8.2041,3272.469649641037,0
LSI,D,20140224,000000,8.2041,8.28622,8.03062,8.03062,16019.758297728751,0
LSI,D,20140225,000000,8.2041,8.21314,8.03062,8.15842,2740.7196038098346,0
LSI,D,20140226,000000,8.15842,8.25882,8.03062,8.25882,6575.415092422598,0
LSI,D,20140227,000000,8.25882,8.66038,7.93937,8.66038,28516.935264181062,0
LSI,D,20140228,000000,8.52344,8.79722,8.31353,8.79722,12439.378048427181,0
LSI,D,20140303,000000,8.71509,8.71509,7.85725,8.03062,6254.893819737782,0
LSI,D,20140304,000000,8.29536,8.57826,8.03062,8.39574,2678.717128110149,0
LSI,D,20140305,000000,8.2041,8.44132,8.17669,8.25882,2075.506601811512,0
LSI,D,20140306,000000,8.44132,8.44132,8.25882,8.3318,1434.4640564418803,0
LSI,D,20140307,000000,8.38661,8.38661,8.17669,8.25882,7350.971483377988,0
LSI,D,20140310,000000,8.24968,8.24968,7.57434,7.84812,14931.036860018807,0
LSI,D,20140311,000000,7.71128,8.01245,7.71128,7.75686,4144.707867111191,0
LSI,D,20140312,000000,8.03062,8.03062,7.70214,7.70214,1878.9902805260676,0
LSI,D,20140313,000000,7.72041,7.72041,7.6656,7.6656,6547.041078119351,0
LSI,D,20140314,000000,7.30058,7.48309,6.75304,7.30058,14374.065468140276,0
LSI,D,20140317,000000,7.255,7.30058,7.1272,7.15461,8759.1633043539,0
LSI,D,20140318,000000,7.03594,7.46491,7.03594,7.46491,2167.9848706517214,0
LSI,D,20140319,000000,7.47396,7.47396,7.20018,7.20018,8580.512103185314,0
LSI,D,20140320,000000,7.3827,7.3827,7.10893,7.11806,12608.571244827193,0
LSI,D,20140321,000000,7.03594,7.255,7.03594,7.255,630.5336511832442,0
LSI,D,20140324,000000,7.20932,7.20932,6.94469,6.94469,18484.093984436597,0
LSI,D,20140325,000000,6.94469,7.20018,6.56139,7.20018,9662.928204383217,0
LSI,D,20140326,000000,6.85343,7.30058,6.85343,7.30058,3957.649550593496,0
LSI,D,20140327,000000,7.30058,7.30058,7.29144,7.30058,492.86713734156916,0
LSI,D,20140328,000000,7.30058,7.30058,7.06335,7.255,1261.0673023664883,0
LSI,D,20140331,000000,7.30058,7.30058,7.04508,7.30058,5257.599761449617,0
LSI,D,20140401,000000,7.30058,7.30058,6.95383,7.28241,2029.2674673914073,0
LSI,D,20140402,000000,7.30058,7.30058,7.255,7.30058,479.20557489926557,0
LSI,D,20140403,000000,7.30058,7.30058,6.96296,7.11806,2007.198789599994,0
LSI,D,20140404,000000,7.10893,7.10893,7.10893,7.10893,1.0508894186387403,0
LSI,D,20140407,000000,7.10893,7.10893,7.10893,7.10893,2.1017788372774806,0
LSI,D,20140408,000000,7.07248,7.07248,6.38802,6.75304,30216.22345411929,0
LSI,D,20140409,000000,6.8443,7.29144,6.8443,6.98122,7974.148908630761,0
LSI,D,20140410,000000,6.98122,6.98122,6.8443,6.8443,1724.5095359861728,0
LSI,D,20140411,000000,6.8443,6.8443,6.77131,6.77131,12221.843938768548,0
LSI,D,20140414,000000,6.6162,7.27327,6.023,6.98122,10033.892169162691,0
LSI,D,20140415,000000,6.98122,7.15461,6.67092,7.15461,2215.2748944904642,0
LSI,D,20140416,000000,7.14547,7.14547,6.8443,7.11806,2203.715110885438,0
LSI,D,20140417,000000,7.10893,7.10893,6.67092,6.67092,2738.617824972557,0
LSI,D,20140422,000000,6.82603,6.94469,6.67092,6.8443,4869.821565971923,0
LSI,D,20140423,000000,6.83516,6.8443,6.68005,6.8443,5480.38831820103,0
LSI,D,20140424,000000,6.8443,6.8443,6.67092,6.8443,3109.5817897520324,0
LSI,D,20140425,000000,6.67092,6.79872,6.67092,6.67092,1325.1715569034516,0
LSI,D,20140428,000000,6.67092,6.67092,6.29676,6.29676,9311.931138557877,0
LSI,D,20140429,000000,6.28763,6.57053,5.6671,6.57053,40733.524755856415,0
LSI,D,20140430,000000,6.57053,6.89911,6.15992,6.8443,17502.56326742822,0
LSI,D,20140502,000000,6.8443,6.8443,6.8443,6.8443,2.1017788372774806,0
LSI,D,20140505,000000,6.8443,6.8443,6.1781,6.29676,4773.139739457158,0
LSI,D,20140506,000000,6.34244,6.34244,6.34244,6.34244,1000.4467265440808,0
LSI,D,20140507,000000,6.37888,6.37888,6.1781,6.18723,3146.3629194043883,0
LSI,D,20140508,000000,5.98646,6.24205,5.98646,6.24205,1363.003575974446,0
LSI,D,20140509,000000,6.11425,6.36975,5.84048,6.15992,6154.008435548463,0
LSI,D,20140512,000000,6.34244,6.34244,6.34244,6.34244,1.0508894186387403,0
LSI,D,20140513,000000,6.08684,6.08684,6.08684,6.08684,933.1898037512013,0
LSI,D,20140514,000000,6.08684,6.11425,5.74922,6.023,3928.224646871611,0
LSI,D,20140515,000000,5.83135,6.023,5.83135,5.97741,1994.5881165763292,0
LSI,D,20140516,000000,6.023,6.70746,6.023,6.70746,17969.158169303613,0
LSI,D,20140519,000000,6.8443,7.09979,6.53408,6.8443,15945.145149005193,0
LSI,D,20140520,000000,7.11806,7.11806,6.75304,6.8443,12683.18439355075,0
LSI,D,20140521,000000,6.8443,6.8443,6.66178,6.66178,4697.475701315168,0
LSI,D,20140522,000000,6.8443,6.8443,6.62534,6.8443,3658.1460662814548,0
LSI,D,20140523,000000,6.8443,6.8443,6.78958,6.78958,5809.316706234957,0
LSI,D,20140526,000000,6.6162,7.06335,6.5888,7.06335,10452.146157781117,0
LSI,D,20140527,000000,7.07248,7.07248,6.8443,7.07248,9548.381257751593,0
LSI,D,20140528,000000,7.07248,7.255,7.07248,7.255,3317.657894642503,0
LSI,D,20140529,000000,7.255,7.255,6.75304,7.06335,15492.211809572722,0
LSI,D,20140530,000000,6.98122,7.20932,6.88084,7.20932,3033.917751610043,0
LSI,D,20140602,000000,7.20932,7.20932,7.00854,7.00854,879.5944434006257,0
LSI,D,20140603,000000,7.07248,7.07248,6.70746,6.70746,1560.5707866785292,0
LSI,D,20140604,000000,6.70746,6.70746,6.1781,6.19637,4132.097194087526,0
LSI,D,20140605,000000,6.36975,6.52495,6.19637,6.52495,5605.44415901904,0
LSI,D,20140606,000000,6.38802,6.38802,6.38802,6.38802,388.8290848963339,0
LSI,D,20140609,000000,6.59793,6.59793,6.38802,6.54313,2137.5090775111976,0
LSI,D,20140610,000000,6.37888,6.47928,6.1781,6.1781,2575.729965083552,0
LSI,D,20140611,000000,6.1781,6.1781,5.81308,5.93174,9691.302218686464,0
LSI,D,20140612,000000,5.95001,6.13252,5.65797,5.65797,16578.831468444972,0
LSI,D,20140613,000000,5.95915,5.95915,5.65797,5.9226,5590.731707158098,0
LSI,D,20140616,000000,5.6671,5.88616,5.6671,5.74922,1332.5277828339226,0
LSI,D,20140617,000000,5.84962,5.84962,5.6671,5.6671,1278.932422483347,0
LSI,D,20140618,000000,5.90433,6.41543,5.70364,6.41543,126747.77278202053,0
LSI,D,20140620,000000,6.36975,6.66178,6.18723,6.65265,13808.686960913048,0
LSI,D,20140623,000000,6.38802,6.52495,6.22378,6.52495,8327.247753293377,0
LSI,D,20140624,000000,6.56139,6.56139,6.3059,6.47928,2545.254171943029,0
LSI,D,20140625,000000,6.25118,6.6162,6.24205,6.6162,11784.673940614626,0
LSI,D,20140626,000000,6.6162,6.6162,6.31503,6.6162,9534.71969530929,0
LSI,D,20140627,000000,6.3333,7.20932,6.3333,7.15461,30157.37364667634,0
LSI,D,20140630,000000,7.11806,7.30058,7.11806,7.30058,6049.9703831032275,0
LSI,D,20140701,000000,7.29144,7.29144,6.9995,6.9995,2155.374197628056,0
LSI,D,20140702,000000,7.07248,7.07248,6.75304,6.83516,1789.6646799417747,0
LSI,D,20140703,000000,6.68919,6.68919,6.67092,6.67092,3329.217678247529,0
LSI,D,20140704,000000,6.67092,6.67092,6.41543,6.41543,2998.1875113763263,0
LSI,D,20140707,000000,6.37888,6.37888,6.37888,6.37888,5.2544470931937015,0
LSI,D,20140708,000000,6.37888,6.38802,6.08684,6.38802,2499.015037522924,0
LSI,D,20140709,000000,6.38802,6.4337,6.023,6.38802,4909.755363880194,0
LSI,D,20140710,000000,6.023,6.1781,5.93174,6.15992,6393.611222998095,0
LSI,D,20140711,000000,6.15992,6.64351,5.80394,6.38802,35907.84054546691,0
LSI,D,20140714,000000,6.36061,6.57966,6.29676,6.50667,9102.804144248768,0
LSI,D,20140715,000000,6.2055,7.11806,6.2055,7.11806,14708.248303268014,0
LSI,D,20140716,000000,7.11806,7.20018,6.93556,6.97209,2170.086649488999,0
LSI,D,20140717,000000,6.8443,6.8443,6.74391,6.75304,2877.335228232871,0
LSI,D,20140718,000000,6.57053,6.57053,6.3059,6.39716,5030.607647023649,0
LSI,D,20140721,000000,6.59793,6.59793,6.38802,6.57966,1473.3469649315139,0
LSI,D,20140722,000000,6.59793,6.66178,6.59793,6.66178,328.92838803392567,0
LSI,D,20140723,000000,6.68005,6.69833,6.48841,6.68919,460.2895653637682,0
LSI,D,20140724,000000,6.56139,6.68005,6.56139,6.68005,829.1517513059661,0
LSI,D,20140725,000000,6.69833,7.13633,6.69833,7.13633,19235.479918763293,0
LSI,D,20140728,000000,7.27327,7.27327,7.11806,7.11806,6343.1685309034365,0
LSI,D,20140729,000000,7.27327,7.27327,7.27327,7.27327,1.0508894186387403,0
LSI,D,20140730,000000,7.27327,7.30058,7.22759,7.30058,8578.410324348037,0
LSI,D,20140731,000000,7.30058,7.30058,6.95383,7.09979,18459.923527808318,0
LSI,D,20140801,000000,6.98122,7.02681,6.8443,7.02681,4662.796350500091,0
LSI,D,20140804,000000,7.08162,7.08162,6.75304,7.06335,7872.212635022803,0
LSI,D,20140805,000000,7.07248,7.15461,7.07248,7.07248,1535.3494406311995,0
LSI,D,20140806,000000,7.15461,7.15461,6.8443,6.8443,1587.8939115631365,0
LSI,D,20140807,000000,6.83516,6.8443,6.64351,6.64351,2068.150375881041,0
LSI,D,20140808,000000,6.66178,6.66178,6.28763,6.28763,1559.5198972598905,0
LSI,D,20140811,000000,6.28763,6.56139,6.28763,6.53408,731.4190353725633,0
LSI,D,20140812,000000,6.49754,6.50667,6.49754,6.50667,337.33550338303564,0
LSI,D,20140813,000000,6.50667,6.51581,6.38802,6.38802,1778.1048963367484,0
LSI,D,20140814,000000,6.26935,6.29676,6.26032,6.27849,1694.0337428456492,0
LSI,D,20140818,000000,6.38802,6.38802,6.08684,6.38802,4696.42481189653,0
LSI,D,20140819,000000,6.38802,6.38802,6.38802,6.38802,37.83201907099465,0
LSI,D,20140820,000000,6.34244,6.34244,6.34244,6.34244,23.11956721005229,0
LSI,D,20140821,000000,6.05953,6.38802,6.05953,6.38802,5972.204566123961,0
LSI,D,20140822,000000,6.38802,6.52495,6.34244,6.51581,5809.316706234957,0
LSI,D,20140825,000000,6.57053,6.57053,6.46101,6.46101,3025.5106362609336,0
LSI,D,20140826,000000,6.41543,6.41543,6.41543,6.41543,1.0508894186387403,0
LSI,D,20140827,000000,6.38802,6.47928,6.29676,6.47014,7415.075737914952,0
LSI,D,20140828,000000,6.47014,6.47928,6.47014,6.47014,4383.259765142186,0
LSI,D,20140829,000000,6.21464,6.69833,6.21464,6.69833,5972.204566123961,0
LSI,D,20140901,000000,6.68919,6.68919,6.41543,6.51581,5886.031633795585,0
LSI,D,20140902,000000,6.57053,6.57053,6.3059,6.3059,2000.8934530881616,0
LSI,D,20140903,000000,6.51581,6.51581,5.96828,5.96828,1913.669631341146,0
LSI,D,20140904,000000,5.96828,5.96828,5.96828,5.96828,218.58499907685797,0
LSI,D,20140905,000000,5.97741,5.97741,5.96828,5.96828,1295.7466531815667,0
LSI,D,20140908,000000,5.94088,5.94088,5.55758,5.7675,15719.203923997864,0
LSI,D,20140909,000000,5.77663,5.77663,5.29295,5.29295,5114.678800514749,0
LSI,D,20140910,000000,5.30208,5.83135,5.30208,5.70364,5670.599302974642,0
LSI,D,20140911,000000,5.70364,5.96828,5.56671,5.84048,1366.1562442303625,0
LSI,D,20140912,000000,5.88616,5.97741,5.63056,5.97741,661.0094443237676,0
LSI,D,20140915,000000,5.87702,5.87702,5.71268,5.83135,406.6942050131925,0
LSI,D,20140916,000000,5.84048,5.84048,5.84048,5.84048,1.0508894186387403,0
LSI,D,20140917,000000,5.84048,5.87702,5.70364,5.87702,2642.9868878764314,0
LSI,D,20140918,000000,5.87702,5.87702,5.68537,5.68537,220.68677791413546,0
LSI,D,20140919,000000,5.87702,5.87702,5.87702,5.87702,1.0508894186387403,0
LSI,D,20140922,000000,5.86789,5.86789,5.86789,5.86789,1.0508894186387403,0
LSI,D,20140923,000000,5.87702,5.87702,5.87702,5.87702,1.0508894186387403,0
LSI,D,20140924,000000,5.87702,5.87702,5.87702,5.87702,1.0508894186387403,0
LSI,D,20140925,000000,5.87702,5.98646,5.87702,5.98646,1642.5401613323509,0
LSI,D,20140926,000000,5.91347,5.9226,5.91347,5.9226,506.5286997838728,0
LSI,D,20140929,000000,5.9226,6.15992,5.80394,6.023,9491.633229145102,0
LSI,D,20140930,000000,6.023,6.25118,5.75836,6.2055,4689.06858596606,0
LSI,D,20141001,000000,6.11425,6.11425,5.75836,6.023,1732.9166513352827,0
LSI,D,20141002,000000,5.74922,5.83135,5.56671,5.71268,9308.77847030196,0
LSI,D,20141003,000000,5.71268,5.71268,5.26554,5.29295,6517.616174397467,0
LSI,D,20141006,000000,5.29295,5.4846,4.91879,5.24727,8831.674674239974,0
LSI,D,20141007,000000,5.3842,5.3842,5.24727,5.33852,4768.936181782604,0
LSI,D,20141008,000000,5.3842,5.3842,5.00091,5.11043,4194.099669787212,0
LSI,D,20141009,000000,5.10129,5.11043,5.10129,5.11043,1643.5910507509898,0
LSI,D,20141010,000000,5.21082,5.24727,5.01918,5.24727,3562.5151291853294,0
LSI,D,20141013,000000,5.23823,5.23823,4.74541,5.11956,5139.900146562079,0
LSI,D,20141014,000000,5.15601,5.15601,4.95533,5.14697,882.7471116565418,0
LSI,D,20141015,000000,5.20169,5.29295,5.20169,5.29295,4125.791857575694,0
LSI,D,20141016,000000,5.32949,5.32949,4.96437,5.29295,8319.891527362906,0
LSI,D,20141017,000000,5.29295,5.29295,5.06476,5.26554,5260.752429705533,0
LSI,D,20141020,000000,5.24727,5.24727,5.23823,5.24727,3288.2329909206182,0
LSI,D,20141021,000000,5.24727,5.36593,5.11043,5.36593,4384.310654560824,0
LSI,D,20141022,000000,5.14697,5.20169,5.14697,5.15601,5629.614615647731,0
LSI,D,20141023,000000,5.28381,5.28381,5.1287,5.23823,3955.5477717562185,0
LSI,D,20141024,000000,5.27467,5.27467,5.27467,5.27467,1.0508894186387403,0
LSI,D,20141027,000000,5.3568,5.3568,5.10129,5.11043,6365.23720869485,0
LSI,D,20141028,000000,5.26554,5.27467,5.24727,5.27467,4384.310654560824,0
LSI,D,20141029,000000,5.27467,5.3842,5.04658,5.3842,12078.922977833474,0
LSI,D,20141030,000000,5.42978,5.42978,5.24727,5.32035,1222.184393876855,0
LSI,D,20141031,000000,5.32035,5.32035,5.10129,5.29295,6630.061342191812,0
LSI,D,20141103,000000,5.33852,5.33852,5.28381,5.28381,11.559783605026144,0
LSI,D,20141104,000000,5.28381,5.7949,5.08303,5.33852,11446.287547813572,0
LSI,D,20141105,000000,5.46633,5.46633,5.46633,5.46633,220.68677791413546,0
LSI,D,20141106,000000,5.33852,5.33852,5.33852,5.33852,1.0508894186387403,0
LSI,D,20141107,000000,5.33852,5.33852,5.32949,5.32949,2156.4250870466954,0
LSI,D,20141110,000000,5.41161,5.41161,5.32949,5.32949,1287.3395378324567,0
LSI,D,20141112,000000,5.37507,5.37507,5.32949,5.32949,1206.4210525972737,0
LSI,D,20141113,000000,5.37507,5.37507,5.21082,5.32949,9783.780487526672,0
LSI,D,20141114,000000,5.31122,5.31122,4.65415,4.79099,15635.132770506763,0
LSI,D,20141117,000000,4.95533,5.32949,4.718,5.29295,7148.149825580712,0
LSI,D,20141118,000000,5.29295,5.29295,5.29295,5.29295,1.0508894186387403,0
LSI,D,20141119,000000,5.31122,5.31122,5.31122,5.31122,1.0508894186387403,0
LSI,D,20141120,000000,5.31122,5.31122,5.31122,5.31122,2.1017788372774806,0
LSI,D,20141121,000000,5.31122,5.31122,5.0739,5.24727,2030.3183568100462,0
LSI,D,20141124,000000,5.0739,5.3568,5.00091,5.14697,14766.047221293145,0
LSI,D,20141125,000000,5.24727,5.24727,5.23823,5.24727,1316.7644415543416,0
LSI,D,20141126,000000,5.20169,5.20169,5.04658,5.04658,10675.985603950756,0
LSI,D,20141127,000000,5.3568,5.3568,5.09216,5.24727,2030.3183568100462,0
LSI,D,20141128,000000,5.24727,5.47546,5.0739,5.33852,7097.707133486051,0
LSI,D,20141201,000000,5.47546,5.65797,5.47546,5.47546,1495.4156427229273,0
LSI,D,20141202,000000,5.64883,5.64883,5.28381,5.3568,3890.3926278006165,0
LSI,D,20141203,000000,5.42978,5.42978,5.27467,5.3842,7486.536218382385,0
LSI,D,20141204,000000,5.40247,5.40247,5.06476,5.30208,10815.753896630327,0
LSI,D,20141205,000000,5.33852,5.33852,4.89138,4.89138,1955.7052080866956,0
LSI,D,20141208,000000,4.96437,4.96437,4.77281,4.80012,6114.07463764019,0
LSI,D,20141209,000000,5.00091,5.00091,4.67242,4.72714,6936.921052434324,0
LSI,D,20141210,000000,4.81839,4.81839,4.60848,4.60848,4447.364019679149,0
LSI,D,20141211,000000,4.58116,4.58116,4.35298,4.45337,7631.558958154531,0
LSI,D,20141212,000000,4.45337,4.45337,4.27086,4.28913,4339.122409559359,0
LSI,D,20141215,000000,4.38039,4.38039,4.01536,4.01536,19201.851457367477,0
LSI,D,20141216,000000,3.79631,3.98796,3.79631,3.95142,14573.734457681636,0
LSI,D,20141217,000000,4.00623,4.00623,3.79631,3.80544,11250.82211594656,0
LSI,D,20141218,000000,3.80544,4.15219,3.80544,3.80544,33239.632311543355,0
LSI,D,20141219,000000,3.91497,4.13393,3.88756,3.94238,24827.26251534024,0
LSI,D,20141222,000000,3.8967,4.15219,3.8967,4.10661,23390.696680060668,0
LSI,D,20141223,000000,4.15219,4.74541,4.15219,4.73627,28205.871996263788,0
LSI,D,20141229,000000,4.8458,4.8458,4.27086,4.3074,22597.275168988417,0
LSI,D,20141230,000000,4.28913,4.28913,3.8967,4.01536,20678.351090554905,0
LSI,D,20150102,000000,4.03363,4.04267,4.01536,4.04267,18149.91114930989,0
LSI,D,20150105,000000,4.38039,4.38039,3.96969,3.96969,24.170456628691028,0
LSI,D,20150107,000000,4.24345,4.24345,3.91497,4.06094,14543.25866454132,0
LSI,D,20150108,000000,3.92411,4.45337,3.7689,4.45337,17020.205024273244,0
LSI,D,20150109,000000,4.16133,4.38039,3.94238,4.0245,18698.475425838693,0
LSI,D,20150112,000000,4.21614,4.21614,4.00623,4.00623,1809.6315788959107,0
LSI,D,20150113,000000,4.19787,4.19787,3.70505,3.72332,16694.429304495236,0
LSI,D,20150114,000000,3.72332,3.96969,3.72332,3.8967,5045.320098884592,0
LSI,D,20150115,000000,3.83285,4.01536,3.75073,4.01536,5900.744085656526,0
LSI,D,20150116,000000,4.00623,4.00623,3.93324,3.93324,1482.8049696992625,0
LSI,D,20150119,000000,3.88756,4.00623,3.69591,3.69591,2828.9943149754886,0
LSI,D,20150120,000000,3.69591,3.92411,3.57726,3.7689,2148.017971697585,0
LSI,D,20150121,000000,3.83285,3.83285,3.56821,3.74159,6777.185860801235,0
LSI,D,20150122,000000,3.87843,3.87843,3.75976,3.75976,6.305336511832441,0
LSI,D,20150123,000000,3.86929,4.00623,3.58639,3.96969,6915.90326406155,0
LSI,D,20150126,000000,4.00623,4.00623,3.65947,3.75976,5544.492572737994,0
LSI,D,20150127,000000,3.84198,3.84198,3.74159,3.83285,2029.2674673914073,0
LSI,D,20150128,000000,3.82371,3.83285,3.74159,3.83285,5081.050339118309,0
LSI,D,20150129,000000,3.83285,3.92411,3.73246,3.92411,1749.7308820335024,0
LSI,D,20150130,000000,4.01536,4.01536,3.81458,3.82371,9452.750320655468,0
LSI,D,20150202,000000,3.96055,3.96055,3.73246,3.73246,2948.795708700305,0
LSI,D,20150203,000000,3.83285,3.86929,3.74159,3.86929,331.03016687120316,0
LSI,D,20150204,000000,3.86929,3.86929,3.71418,3.71418,1097.1285530588448,0
LSI,D,20150205,000000,3.82371,3.82371,3.55908,3.73246,8847.438015519554,0
LSI,D,20150206,000000,3.54995,3.82371,3.47696,3.6138,20988.363469053333,0
LSI,D,20150209,000000,3.6138,3.6138,3.6138,3.6138,548.5642765294224,0
LSI,D,20150210,000000,3.59553,3.74159,3.55908,3.69591,906.9175682852328,0
LSI,D,20150211,000000,3.67764,3.67764,3.50427,3.50427,3.1526682559162205,0
LSI,D,20150212,000000,3.65033,3.65033,3.46783,3.46783,4156.267650716218,0
LSI,D,20150213,000000,3.56821,3.73246,3.46783,3.69591,4955.9944983003,0
LSI,D,20150216,000000,3.73246,3.73246,3.37657,3.54995,20704.623326020872,0
LSI,D,20150217,000000,3.54081,3.55908,3.49514,3.54081,14533.800659773777,0
LSI,D,20150218,000000,3.55908,3.55908,3.30348,3.40388,15220.031450144463,0
LSI,D,20150219,000000,3.44956,3.45869,3.21223,3.30348,26724.117915983166,0
LSI,D,20150220,000000,3.13011,3.24877,3.13011,3.22136,770.3019438621966,0
LSI,D,20150223,000000,3.2031,3.30348,3.17578,3.24877,1172.792591200834,0
LSI,D,20150224,000000,3.27618,3.27618,3.14838,3.14838,8581.562992603953,0
LSI,D,20150225,000000,3.13011,3.13011,3.01155,3.08453,16291.938657155975,0
LSI,D,20150226,000000,3.01155,3.31262,3.01155,3.19405,17811.5247565078,0
LSI,D,20150227,000000,3.26704,3.45869,3.21223,3.33089,14502.273977214616,0
LSI,D,20150302,000000,3.43129,3.65033,3.33089,3.54995,13769.804052423,0
LSI,D,20150303,000000,3.53168,3.53168,3.2031,3.29435,11118.410049197872,0
LSI,D,20150304,000000,3.21223,3.31262,3.21223,3.31262,1142.3167980603107,0
LSI,D,20150305,000000,3.32176,3.32176,3.30348,3.30348,21677.746927679524,0
LSI,D,20150306,000000,3.30348,3.32176,3.29435,3.32176,7841.73684188228,0
LSI,D,20150309,000000,3.32176,3.32176,3.28531,3.28531,164.9896387262822,0
LSI,D,20150310,000000,3.2579,3.2579,3.1028,3.1028,15185.352099329797,0
LSI,D,20150311,000000,3.15751,3.26704,3.12098,3.12098,18259.20364884811,0
LSI,D,20150312,000000,3.11184,3.11184,2.97501,2.97501,15472.24491061776,0
LSI,D,20150313,000000,3.06626,3.06626,2.88375,2.92029,1692.9828534270107,0
LSI,D,20150316,000000,2.90202,2.95673,2.78335,2.90202,7157.607830348459,0
LSI,D,20150317,000000,2.92933,3.04799,2.92029,2.99328,1657.2526131932934,0
LSI,D,20150318,000000,3.00241,3.01155,2.98414,3.01155,4553.503850961662,0
LSI,D,20150319,000000,3.01155,3.01155,2.90202,2.9476,1426.0569410927706,0
LSI,D,20150320,000000,3.00241,3.00241,2.87461,2.88375,7541.1824681516,0
LSI,D,20150323,000000,2.95673,2.95673,2.8199,2.90202,10714.868512440802,0
LSI,D,20150324,000000,2.87461,2.87461,2.75595,2.75595,10865.145699305729,0
LSI,D,20150325,000000,2.74681,3.02059,2.61911,3.01155,23777.423986120342,0
LSI,D,20150326,000000,3.02059,3.60467,3.02059,3.59553,22559.44314991825,0
LSI,D,20150327,000000,3.57726,3.91497,3.57726,3.80544,37264.538784929726,0
LSI,D,20150330,000000,3.82371,3.87843,3.42215,3.42215,20170.771501351774,0
LSI,D,20150331,000000,3.42215,3.42215,3.19405,3.24877,20257.99532309941,0
LSI,D,20150401,000000,3.42215,3.42215,3.2031,3.40388,441.3735558282709,0
LSI,D,20150402,000000,3.28531,3.28531,3.14838,3.19405,2183.748211931302,0
LSI,D,20150407,000000,3.19405,3.28531,3.19405,3.28531,5093.6610121419735,0
LSI,D,20150408,000000,3.28531,3.28531,3.1028,3.1028,5264.955987380089,0
LSI,D,20150409,000000,3.27618,3.28531,3.18492,3.28531,11231.906106410443,0
LSI,D,20150410,000000,3.2579,3.27618,3.2579,3.27618,534.9027140871189,0
LSI,D,20150413,000000,3.12098,3.12098,2.81076,2.92933,51806.746560052205,0
LSI,D,20150414,000000,2.92029,2.92029,2.79249,2.85634,30657.597009947556,0
LSI,D,20150415,000000,2.90202,3.05713,2.90202,3.02972,18308.595451524547,0
LSI,D,20150416,000000,3.02972,3.0754,2.9476,3.0754,2103.880616114758,0
LSI,D,20150417,000000,3.0754,3.0754,3.03886,3.03886,3016.0526314931844,0
LSI,D,20150420,000000,3.09366,3.09366,3.02972,3.02972,3842.0517145432345,0
LSI,D,20150421,000000,3.08453,3.08453,3.00241,3.00241,720.9101411861758,0
LSI,D,20150422,000000,3.02059,3.02059,2.96587,2.96587,888.0015587497355,0
LSI,D,20150423,000000,3.02059,3.02059,2.96587,3.00241,3363.8970290626075,0
LSI,D,20150424,000000,3.00241,3.06626,2.97501,3.04799,3418.543278831822,0
LSI,D,20150427,000000,3.04799,3.04799,2.92933,3.02972,7388.803502448983,0
LSI,D,20150428,000000,3.02059,3.02059,2.92933,2.97501,779.7599486299453,0
LSI,D,20150429,000000,3.02059,3.02059,3.02059,3.02059,1.0508894186387403,0
LSI,D,20150430,000000,3.01155,3.0754,3.01155,3.01155,6378.898771137153,0
LSI,D,20150504,000000,3.05713,3.05713,2.93846,3.05713,718.8083623488983,0
LSI,D,20150505,000000,3.02972,3.02972,3.02059,3.02059,2.1017788372774806,0
LSI,D,20150506,000000,3.02059,3.02059,3.02059,3.02059,1.0508894186387403,0
LSI,D,20150507,000000,3.02059,3.02059,2.90202,3.01155,1598.4028057495238,0
LSI,D,20150508,000000,2.99328,2.99328,2.89288,2.95673,478.1546854806268,0
LSI,D,20150511,000000,2.98414,2.98414,2.95673,2.95673,575.8874014140297,0
LSI,D,20150512,000000,2.97501,2.98414,2.97501,2.98414,3837.8481568686793,0
LSI,D,20150513,000000,3.01155,3.01155,2.98414,2.98414,2306.702273912035,0
LSI,D,20150514,000000,3.0754,3.0754,2.90202,2.90202,12213.436823419852,0
LSI,D,20150515,000000,3.06626,3.06626,2.90202,2.92029,6685.758481379666,0
LSI,D,20150518,000000,3.09366,3.09366,2.92933,2.96587,11801.488171313053,0
LSI,D,20150519,000000,3.05713,3.05713,2.96587,2.97501,11227.702548736093,0
LSI,D,20150520,000000,3.05713,3.05713,2.90202,2.9476,3185.2458278940217,0
LSI,D,20150521,000000,2.98414,2.98414,2.97501,2.97501,2706.0402529947564,0
LSI,D,20150522,000000,2.98414,3.01155,2.95673,2.95673,18776.241242818785,0
LSI,D,20150525,000000,3.03886,3.03886,2.90202,2.90202,1712.9497523811467,0
LSI,D,20150526,000000,3.00241,3.00241,3.00241,3.00241,1.0508894186387403,0
LSI,D,20150527,000000,3.00241,3.00241,2.92029,2.92029,1058.2456445692114,0
LSI,D,20150528,000000,2.98414,2.98414,2.79249,2.85634,8553.188978300708,0
LSI,D,20150529,000000,2.89288,2.89288,2.81076,2.85634,4310.748395256112,0
LSI,D,20150601,000000,2.89288,2.99328,2.74681,2.89288,10998.608655473263,0
LSI,D,20150602,000000,2.93846,2.93846,2.81076,2.93846,507.57958920251156,0
LSI,D,20150603,000000,2.93846,2.93846,2.81076,2.93846,3401.729048133602,0
LSI,D,20150605,000000,2.89288,2.89288,2.89288,2.89288,2.1017788372774806,0
LSI,D,20150608,000000,2.89288,2.89288,2.83807,2.89288,552.7678342039774,0
LSI,D,20150609,000000,2.87461,2.87461,2.82903,2.82903,220.68677791413546,0
LSI,D,20150610,000000,2.82903,3.02972,2.82903,2.82903,1800.173574128162,0
LSI,D,20150611,000000,2.83807,2.83807,2.75595,2.78335,7779.734366182594,0
LSI,D,20150612,000000,2.78335,2.78335,2.78335,2.78335,12054.752521205197,0
LSI,D,20150615,000000,2.78335,2.87461,2.77422,2.87461,3478.44397569423,0
LSI,D,20150616,000000,2.86548,2.86548,2.86548,2.86548,1.0508894186387403,0
LSI,D,20150617,000000,2.83807,2.83807,2.80163,2.8199,3121.1415733570584,0
LSI,D,20150618,000000,2.82903,2.82903,2.73768,2.81076,3704.3852007015594,0
LSI,D,20150619,000000,2.78335,2.78335,2.77422,2.77422,55.69713918785323,0
LSI,D,20150622,000000,2.76508,2.76508,2.75595,2.76508,1081.3652117792637,0
LSI,D,20150623,000000,2.80163,2.80163,2.73768,2.73768,1162.2836970144467,0
LSI,D,20150624,000000,2.78335,2.78335,2.78335,2.78335,1.0508894186387403,0
LSI,D,20150625,000000,2.78335,2.79249,2.73768,2.73768,4964.401613649408,0
LSI,D,20150626,000000,2.77422,2.77422,2.76508,2.76508,2.1017788372774806,0
LSI,D,20150629,000000,2.73768,2.73768,2.73768,2.73768,838.6097560737147,0
LSI,D,20150630,000000,2.73768,2.73768,2.7195,2.7195,479.20557489926557,0
LSI,D,20150701,000000,2.73768,2.73768,2.73768,2.73768,3299.7927745256443,0
LSI,D,20150702,000000,2.81076,2.81076,2.77422,2.77422,2.1017788372774806,0
LSI,D,20150703,000000,2.81076,2.91115,2.77422,2.91115,3975.5146707103545,0
LSI,D,20150706,000000,2.90202,2.90202,2.90202,2.90202,1.0508894186387403,0
LSI,D,20150708,000000,3.03886,3.03886,2.87461,3.03886,5398.418943547209,0
LSI,D,20150709,000000,3.03886,3.16665,2.91115,3.16665,5023.251421093179,0
LSI,D,20150710,000000,3.16665,3.46783,3.13925,3.28531,10667.57848860206,0
LSI,D,20150713,000000,3.3583,3.42215,3.28531,3.28531,2269.921144259679,0
LSI,D,20150714,000000,3.30348,3.30348,3.22136,3.22136,1096.077663640206,0
LSI,D,20150715,000000,3.27618,3.27618,3.14838,3.19405,549.6151659480611,0
LSI,D,20150716,000000,3.19405,3.30348,3.19405,3.30348,28850.067209888923,0
LSI,D,20150717,000000,3.33089,3.39474,3.33089,3.39474,734.5717036284794,0
LSI,D,20150720,000000,3.36743,3.36743,3.28531,3.28531,439.27177699099343,0
LSI,D,20150721,000000,3.33089,3.33089,3.33089,3.33089,932.1389143325626,0
LSI,D,20150722,000000,3.32176,3.32176,3.14838,3.14838,2585.187969851301,0
LSI,D,20150723,000000,3.27618,3.27618,3.27618,3.27618,1.0508894186387403,0
LSI,D,20150724,000000,3.27618,3.27618,3.19405,3.19405,658.9076654864901,0
LSI,D,20150727,000000,3.26704,3.26704,3.23963,3.23963,438.2208875723547,0
LSI,D,20150728,000000,3.26704,3.27618,3.2579,3.2579,23622.943241580033,0
LSI,D,20150729,000000,3.19405,3.50427,3.19405,3.40388,3342.879240689833,0
LSI,D,20150730,000000,3.42215,3.50427,3.27618,3.47696,2264.6666971664854,0
LSI,D,20150731,000000,3.51341,3.51341,3.46783,3.46783,1461.7871813264876,0
LSI,D,20150803,000000,3.46783,3.46783,3.46783,3.46783,54.64624976921449,0
LSI,D,20150804,000000,3.46783,4.10661,3.38571,4.10661,23901.428937519304,0
LSI,D,20150805,000000,3.87843,4.07922,3.87843,4.07922,3232.535851732765,0
LSI,D,20150806,000000,4.00623,4.36212,3.8967,4.27999,5688.464423091501,0
LSI,D,20150807,000000,4.10661,4.10661,4.08834,4.08834,3337.624793596639,0
LSI,D,20150810,000000,4.08834,4.08834,4.08834,4.08834,1.0508894186387403,0
LSI,D,20150811,000000,4.10661,4.10661,4.10661,4.10661,514.9358151329827,0
LSI,D,20150812,000000,4.10661,4.10661,4.06094,4.06094,11.559783605026144,0
LSI,D,20150813,000000,4.10661,4.10661,3.86929,3.86929,439.27177699099343,0
LSI,D,20150814,000000,4.10661,4.50809,4.01536,4.31644,15803.275077488963,0
LSI,D,20150817,000000,4.49905,4.55377,4.49905,4.55377,7532.77535280249,0
LSI,D,20150818,000000,4.55377,4.55377,4.46251,4.46251,439.27177699099343,0
LSI,D,20150819,000000,4.55377,4.55377,4.27999,4.48992,1338.8331193457552,0
LSI,D,20150820,000000,4.48078,4.48078,4.27999,4.27999,275.33302768334994,0
LSI,D,20150821,000000,4.27999,4.27999,4.04267,4.19787,3497.3599852297275,0
LSI,D,20150824,000000,3.97882,4.01536,3.65033,3.65033,40056.75197025327,0
LSI,D,20150825,000000,3.65033,3.77804,3.65033,3.75976,1361.9526865558073,0
LSI,D,20150826,000000,3.74159,3.74159,3.74159,3.74159,1.0508894186387403,0
LSI,D,20150827,000000,3.74159,3.75073,3.74159,3.75073,357.30240233717166,0
LSI,D,20150828,000000,3.65033,3.77804,3.65033,3.77804,3219.9251787091002,0
LSI,D,20150831,000000,4.19787,4.54463,4.19787,4.19787,7049.36622022867,0
LSI,D,20150901,000000,4.15219,4.15219,3.99709,4.15219,963.6655968917248,0
LSI,D,20150902,000000,4.13393,4.13393,3.95142,4.09748,669.4165596728776,0
LSI,D,20150903,000000,4.10661,4.10661,3.77804,3.92411,4527.231615495693,0
LSI,D,20150904,000000,4.09748,4.09748,3.83285,3.94238,3508.9197688347535,0
LSI,D,20150907,000000,4.09748,4.10661,3.94238,3.96969,2472.742802056956,0
LSI,D,20150908,000000,4.09748,4.09748,3.96969,4.01536,431.9155510605222,0
LSI,D,20150909,000000,4.08834,4.09748,4.08834,4.09748,485.510911411098,0
LSI,D,20150910,000000,4.10661,4.10661,4.09748,4.10661,3982.8708966408253,0
LSI,D,20150911,000000,4.10661,4.10661,4.10661,4.10661,1.0508894186387403,0
LSI,D,20150914,000000,4.10661,4.10661,4.10661,4.10661,1.0508894186387403,0
LSI,D,20150915,000000,4.10661,4.10661,3.96055,4.09748,146.07362919078489,0
LSI,D,20150916,000000,4.10661,4.19787,4.09748,4.19787,560.1240601344485,0
LSI,D,20150917,000000,4.37125,4.46251,4.37125,4.38039,308.96148907978966,0
LSI,D,20150918,000000,4.45337,4.46251,4.1796,4.41683,444.5262240841871,0
LSI,D,20150921,000000,4.44424,4.44424,4.44424,4.44424,1.0508894186387403,0
LSI,D,20150922,000000,4.44424,4.44424,4.24345,4.37125,4001.786906176323,0
LSI,D,20150923,000000,4.47164,4.47164,4.21614,4.41683,560.1240601344485,0
LSI,D,20150924,000000,4.45337,4.46251,4.21614,4.44424,2720.752704855698,0
LSI,D,20150925,000000,4.34384,4.34384,4.34384,4.34384,499.1724738534016,0
LSI,D,20150928,000000,4.34384,4.34384,4.15219,4.28913,121.90317256209387,0
LSI,D,20150929,000000,4.28913,4.28913,3.86016,4.28913,5899.693196237888,0
LSI,D,20150930,000000,4.32557,4.32557,4.32557,4.32557,1.0508894186387403,0
LSI,D,20151001,000000,4.32557,4.32557,4.01536,4.32557,659.9585549051288,0
LSI,D,20151002,000000,4.1796,4.1796,4.1796,4.1796,1.0508894186387403,0
LSI,D,20151005,000000,4.18873,4.18873,3.96055,4.18873,3201.0091691736025,0
LSI,D,20151006,000000,4.10661,4.10661,4.10661,4.10661,1.0508894186387403,0
LSI,D,20151007,000000,4.10661,4.10661,4.10661,4.10661,1.0508894186387403,0
LSI,D,20151008,000000,4.10661,4.10661,4.10661,4.10661,1.0508894186387403,0
LSI,D,20151009,000000,4.10661,4.10661,3.94238,4.10661,2123.847515068894,0
LSI,D,20151012,000000,4.10661,4.18873,3.74159,4.01536,1215.8790573650224,0
LSI,D,20151013,000000,3.83285,4.1796,3.83285,4.1796,3726.4538784929728,0
LSI,D,20151014,000000,4.1796,4.1796,4.1796,4.1796,35.73024023371717,0
LSI,D,20151015,000000,4.1796,4.1796,4.01536,4.01536,822.8464147941337,0
LSI,D,20151016,000000,4.1796,4.18873,4.06094,4.06094,2839.5032091618764,0
LSI,D,20151019,000000,4.06094,4.06094,4.00623,4.00623,1874.7867228515124,0
LSI,D,20151020,000000,4.01536,4.06094,3.87843,3.98796,3131.650467543446,0
LSI,D,20151021,000000,3.98796,3.98796,3.69591,3.69591,5185.088391563544,0
LSI,D,20151022,000000,3.69591,4.00623,3.6412,3.75976,4734.256830967525,0
LSI,D,20151023,000000,3.82371,3.82371,3.65033,3.65033,1315.7135521357027,0
LSI,D,20151026,000000,3.96969,3.96969,3.45869,3.56821,6613.2471114935925,0
LSI,D,20151027,000000,3.65033,3.91497,3.62293,3.8967,2325.618283447532,0
LSI,D,20151028,000000,3.8967,3.8967,3.67764,3.83285,2741.7704932284732,0
LSI,D,20151029,000000,3.86016,3.86016,3.486,3.486,35.73024023371717,0
LSI,D,20151030,000000,3.49514,3.58639,3.49514,3.58639,2256.2595818173754,0
LSI,D,20151102,000000,3.60467,3.6138,3.47696,3.51341,6606.94177498176,0
LSI,D,20151103,000000,3.486,3.54081,3.486,3.486,1638.336603657796,0
LSI,D,20151104,000000,3.47696,3.47696,3.37657,3.37657,4181.488996763547,0
LSI,D,20151105,000000,3.37657,3.37657,3.19405,3.19405,5473.032092270559,0
LSI,D,20151106,000000,3.51341,3.51341,3.30348,3.51341,13.661562442303623,0
LSI,D,20151109,000000,3.51341,3.51341,3.51341,3.51341,11.559783605026144,0
LSI,D,20151110,000000,3.19405,3.38571,3.19405,3.38571,3305.047221618838,0
LSI,D,20151112,000000,3.45869,3.45869,3.31262,3.32176,3306.098111037477,0
LSI,D,20151113,000000,3.3583,3.3583,3.16665,3.16665,3361.7952502253297,0
LSI,D,20151116,000000,3.19405,3.37657,3.19405,3.37657,39087.83192626794,0
LSI,D,20151117,000000,3.36743,3.37657,3.22136,3.22136,6886.4783603396645,0
LSI,D,20151118,000000,3.28531,3.37657,3.28531,3.37657,4714.289932013389,0
LSI,D,20151119,000000,3.37657,3.37657,3.37657,3.37657,603.2105262986369,0
LSI,D,20151120,000000,3.37657,3.39474,3.26704,3.26704,10149.490005212952,0
LSI,D,20151123,000000,3.26704,3.33089,3.26704,3.33089,440.3226664096321,0
LSI,D,20151124,000000,3.33089,3.33089,3.33089,3.33089,1.0508894186387403,0
LSI,D,20151125,000000,3.31262,3.31262,3.19405,3.19405,7682.001650249192,0
LSI,D,20151126,000000,3.29435,3.33089,3.2031,3.23963,70282.4334291401,0
LSI,D,20151127,000000,3.21223,3.23963,3.21223,3.23963,2024.0130202982136,0
LSI,D,20151130,000000,3.28531,3.6138,3.28531,3.31262,42441.22006114437,0
LSI,D,20151201,000000,3.46783,3.46783,3.36743,3.45869,64640.208140468916,0
LSI,D,20151202,000000,3.46783,3.65033,3.46783,3.6138,2727.058041367531,0
LSI,D,20151203,000000,3.55908,3.6412,3.486,3.6412,550.6660553666999,0
LSI,D,20151204,000000,3.34003,3.6412,3.34003,3.57726,5499.304327736528,0
LSI,D,20151207,000000,3.58639,3.60467,3.51341,3.59553,3043.3757563777917,0
LSI,D,20151208,000000,3.6138,3.6138,3.44956,3.44956,562.225838971726,0
LSI,D,20151209,000000,3.45869,3.45869,3.29435,3.34003,1386.1231431844985,0
LSI,D,20151210,000000,3.34003,3.34003,3.34003,3.34003,105.08894186387401,0
LSI,D,20151211,000000,3.54081,3.54081,3.34003,3.34003,2082.8628277419834,0
LSI,D,20151214,000000,3.49514,3.49514,3.34916,3.34916,2.1017788372774806,0
LSI,D,20151215,000000,3.46783,3.50427,3.34916,3.34916,3289.283880339257,0
LSI,D,20151216,000000,3.60467,3.60467,3.38571,3.38571,150.27718686533984,0
LSI,D,20151217,000000,3.46783,3.46783,3.31262,3.31262,1229.540619807326,0
LSI,D,20151218,000000,3.45869,3.45869,3.33089,3.33089,2.1017788372774806,0
LSI,D,20151221,000000,3.46783,3.46783,3.33089,3.33089,254.31523931057515,0
LSI,D,20151222,000000,3.37657,3.37657,3.33089,3.33089,1061.3983128251275,0
LSI,D,20151223,000000,3.33089,3.33089,3.33089,3.33089,1255.8128552732946,0
LSI,D,20151228,000000,3.31262,3.33089,3.31262,3.33089,2848.961213929625,0
LSI,D,20151229,000000,3.30348,3.31262,3.30348,3.30348,1350.3929029507813,0
LSI,D,20151230,000000,3.30348,3.30348,3.30348,3.30348,29.424903721884725,0
LSI,D,20160104,000000,3.33089,3.33089,3.33089,3.33089,1233.744177481881,0
LSI,D,20160105,000000,3.44042,3.44042,3.44042,3.44042,1.0508894186387403,0
LSI,D,20160107,000000,3.40388,3.40388,3.24877,3.38571,1585.7921327258591,0
LSI,D,20160108,000000,3.44042,3.44042,3.44042,3.44042,1.0508894186387403,0
LSI,D,20160111,000000,3.26704,3.36743,3.26704,3.36743,110.34338895706773,0
LSI,D,20160112,000000,3.34916,3.34916,3.34003,3.34916,478.1546854806268,0
LSI,D,20160113,000000,3.34916,3.37657,3.34916,3.34916,2204.766000304077,0
LSI,D,20160114,000000,3.37657,4.07922,3.37657,3.7689,29193.708049784203,0
LSI,D,20160115,000000,3.85102,4.07008,3.85102,3.92411,9018.732990757668,0
LSI,D,20160118,000000,3.99709,3.99709,3.78717,3.78717,2991.882174864493,0
LSI,D,20160119,000000,3.91497,3.91497,3.83285,3.83285,950.0040344494212,0
LSI,D,20160120,000000,3.8967,3.8967,3.51341,3.7689,9834.223179621331,0
LSI,D,20160121,000000,3.73246,3.73246,3.65033,3.70505,341.53906105759063,0
LSI,D,20160122,000000,3.74159,3.74159,3.60467,3.6138,387.77819547769514,0
LSI,D,20160125,000000,3.71418,3.71418,3.55908,3.55908,4365.394645025327,0
LSI,D,20160126,000000,3.62293,3.62293,3.47696,3.486,141.87007151622993,0
LSI,D,20160127,000000,3.60467,3.60467,3.486,3.486,6.305336511832441,0
LSI,D,20160128,000000,3.62293,3.70505,3.51341,3.70505,3454.2735190655394,0
LSI,D,20160129,000000,3.77804,3.83285,3.65947,3.82371,1147.5712451535044,0
LSI,D,20160201,000000,3.81458,3.87843,3.65033,3.65033,5361.637813894852,0
LSI,D,20160202,000000,3.72332,3.80544,3.72332,3.7689,789.2179533976939,0
LSI,D,20160203,000000,3.72332,3.83285,3.72332,3.83285,498.1215844347629,0
LSI,D,20160204,000000,3.79631,3.80544,3.65033,3.65033,7588.472491990343,0
LSI,D,20160205,000000,3.72332,3.83285,3.65947,3.83285,2828.9943149754886,0
LSI,D,20160208,000000,3.83285,4.21614,3.83285,4.21614,2013.5041261118263,0
LSI,D,20160209,000000,3.96969,4.27999,3.96969,4.09748,5268.108655636005,0
LSI,D,20160210,000000,4.24345,4.24345,4.10661,4.24345,3098.0220061470063,0
LSI,D,20160211,000000,4.24345,4.24345,4.06094,4.06094,735.6225930471182,0
LSI,D,20160212,000000,4.23431,4.24345,4.12488,4.24345,5598.08793308857,0
LSI,D,20160215,000000,4.69973,5.08303,4.69973,4.92792,40408.79992549725,0
LSI,D,20160216,000000,5.10129,5.14697,4.75454,5.05571,15519.534934456502,0
LSI,D,20160217,000000,5.04658,5.54845,4.88225,5.4846,23695.454611465902,0
LSI,D,20160218,000000,5.52104,5.53931,5.0739,5.29295,6168.720887409405,0
LSI,D,20160219,000000,5.14697,5.52104,5.14697,5.42075,11323.333485832427,0
LSI,D,20160222,000000,5.53018,5.54845,5.23823,5.54845,8576.30854551076,0
LSI,D,20160223,000000,5.54845,5.6397,5.42075,5.63056,5308.042453544276,0
LSI,D,20160224,000000,5.4846,5.95915,5.4846,5.95915,15456.481569338179,0
LSI,D,20160225,000000,5.99559,6.10511,5.65797,5.65797,13446.130111482682,0
LSI,D,20160226,000000,6.00473,6.00473,5.23823,5.46633,9834.223179621331,0
LSI,D,20160229,000000,5.46633,5.59412,5.03744,5.3568,4257.153034905537,0
LSI,D,20160301,000000,5.37507,5.37507,5.1287,5.34766,5227.1239683090935,0
LSI,D,20160302,000000,5.47546,5.59412,5.39334,5.52104,2283.5827067019827,0
LSI,D,20160303,000000,5.52104,5.74009,5.52104,5.71268,4449.465798516427,0
LSI,D,20160304,000000,5.70364,5.70364,5.70364,5.70364,11.559783605026144,0
LSI,D,20160307,000000,5.67624,5.97741,5.4846,5.95001,12470.904730986344,0
LSI,D,20160308,000000,5.9226,5.95915,5.54845,5.90433,9916.192554275154,0
LSI,D,20160309,000000,5.93174,5.93174,5.60325,5.81308,1714.0006417997852,0
LSI,D,20160310,000000,5.78577,5.83135,5.43892,5.60325,7777.632587345316,0
LSI,D,20160311,000000,5.67624,5.68537,5.47546,5.47546,5851.352282980506,0
LSI,D,20160314,000000,5.6671,5.6671,5.42075,5.59412,1984.0792223899416,0
LSI,D,20160315,000000,5.56671,5.56671,5.47546,5.53931,797.6250687468038,0
LSI,D,20160316,000000,5.55758,5.55758,5.54845,5.54845,275.33302768334994,0
LSI,D,20160317,000000,5.47546,5.74009,5.47546,5.71268,7138.691820812963,0
LSI,D,20160318,000000,5.69451,5.69451,5.47546,5.6671,5094.711901560612,0
LSI,D,20160321,000000,5.69451,5.69451,5.47546,5.68537,2359.2467448439716,0
LSI,D,20160322,000000,5.64883,5.93174,5.57584,5.84048,3379.660370342189,0
LSI,D,20160323,000000,5.83135,5.9226,5.83135,5.87702,6883.325692083748,0
LSI,D,20160324,000000,5.87702,5.87702,5.33852,5.52104,16798.467356940262,0
LSI,D,20160329,000000,5.56671,5.74009,5.42978,5.63056,9979.245919393477,0
LSI,D,20160330,000000,5.60325,5.69451,5.47546,5.52104,10715.919401859646,0
LSI,D,20160331,000000,5.60325,5.60325,5.21082,5.42075,16056.539427381107,0
LSI,D,20160401,000000,5.43892,5.43892,4.90052,5.06476,28450.729230806202,0
LSI,D,20160404,000000,5.15601,5.26554,4.99177,5.14697,8598.377223302172,0
LSI,D,20160405,000000,5.14697,5.30208,5.11956,5.14697,2434.9107829859613,0
LSI,D,20160406,000000,5.0739,5.37507,5.0739,5.37507,8678.244819118718,0
LSI,D,20160407,000000,5.37507,5.3842,5.24727,5.37507,9993.958371254419,0
LSI,D,20160408,000000,5.46633,5.7675,5.42978,5.74922,36640.31047025852,0
LSI,D,20160411,000000,5.65797,5.93174,5.65797,5.87702,13369.415183922467,0
LSI,D,20160412,000000,5.93174,5.99559,5.88616,5.98646,13194.96754042823,0
LSI,D,20160413,000000,5.94088,6.00473,5.85875,5.93174,10083.283971838713,0
LSI,D,20160414,000000,5.91347,5.93174,5.7949,5.93174,10005.518154859445,0
LSI,D,20160415,000000,5.93174,5.93174,5.70364,5.85875,47246.93737257891,0
LSI,D,20160418,000000,5.84962,5.86789,5.65797,5.86789,2520.032825895699,0
LSI,D,20160419,000000,5.93174,6.18723,5.93174,6.18723,27610.01769589521,0
LSI,D,20160420,000000,6.26935,6.47928,6.23291,6.47928,21747.105629309885,0
LSI,D,20160421,000000,6.55226,6.66178,6.42456,6.6162,20748.760681603082,0
LSI,D,20160422,000000,6.60707,6.60707,6.22378,6.29676,40158.68824386062,0
LSI,D,20160425,000000,6.51581,6.51581,6.21464,6.47014,8598.377223302172,0
LSI,D,20160426,000000,6.51581,6.60707,6.40629,6.47928,5291.228222846057,0
LSI,D,20160427,000000,6.63438,6.8443,6.6162,6.82603,5196.648175168571,0
LSI,D,20160428,000000,6.93556,7.00854,6.82603,6.92642,16661.851732517225,0
LSI,D,20160429,000000,6.88084,6.88084,6.67092,6.86257,2287.7862643765375,0
LSI,D,20160502,000000,6.93556,6.93556,6.70746,6.92642,9111.211259597878,0
LSI,D,20160504,000000,6.88084,6.93556,6.79872,6.93556,8685.601045049189,0
LSI,D,20160505,000000,6.92642,6.97209,6.88998,6.97209,7554.844030593903,0
LSI,D,20160506,000000,6.98122,7.27327,6.98122,7.09979,21865.85613361668,0
LSI,D,20160509,000000,7.09979,7.14547,6.98122,7.14547,2109.1350632079516,0
LSI,D,20160510,000000,6.99036,6.9995,6.75304,6.99036,8478.575829577356,0
LSI,D,20160511,000000,6.89911,6.89911,6.78045,6.78045,11966.477810039749,0
LSI,D,20160512,000000,6.92642,7.20932,6.40629,6.75304,22786.43526434339,0
LSI,D,20160513,000000,6.57053,6.57053,6.40629,6.47928,8716.076838189712,0
LSI,D,20160516,000000,6.52495,6.5888,6.21464,6.38802,10625.542911856508,0
LSI,D,20160517,000000,6.57966,7.62002,6.57966,7.11806,78159.9005112563,0
LSI,D,20160518,000000,7.29144,7.39184,7.18201,7.33712,46654.23574046687,0
LSI,D,20160519,000000,7.33712,7.83908,7.30058,7.51049,58260.25847991292,0
LSI,D,20160520,000000,7.52876,7.87552,7.52876,7.81167,44081.65844363965,0
LSI,D,20160523,000000,7.84812,8.40479,7.84812,8.40479,77244.57582762175,0
LSI,D,20160524,000000,8.39574,8.39574,7.68387,7.75686,81943.10241835577,0
LSI,D,20160525,000000,7.89379,8.11284,7.89379,8.0763,16725.955987054396,0
LSI,D,20160527,000000,8.10371,8.35921,8.10371,8.35921,14650.449385242884,0
LSI,D,20160530,000000,8.36834,8.56912,8.36834,8.54171,9549.432147170233,0
LSI,D,20160531,000000,8.57826,9.0254,8.56912,8.8702,75763.87263675997,0
LSI,D,20160601,000000,9.07136,9.07136,8.35007,8.35007,33351.02658991927,0
LSI,D,20160602,000000,8.39574,8.76077,8.34094,8.71509,17661.247569642874,0
LSI,D,20160603,000000,8.75164,8.92501,8.7425,8.89761,14048.289748362267,0
LSI,D,20160606,000000,8.92501,9.30831,8.85202,9.30831,27827.55180555384,0
LSI,D,20160607,000000,9.49101,9.56333,9.1532,9.39014,24571.896386611435,0
LSI,D,20160608,000000,9.39966,9.39966,8.86107,9.21695,23485.276727738154,0
LSI,D,20160609,000000,9.21695,9.21695,8.57826,8.84289,35174.319731257485,0
LSI,D,20160610,000000,8.84289,8.85202,8.75164,8.82462,4250.847698393704,0
LSI,D,20160613,000000,8.83376,8.83376,8.32267,8.41392,11264.48367838845,0
LSI,D,20160614,000000,8.35007,8.487,8.27709,8.3044,5748.365119953909,0
LSI,D,20160615,000000,8.25882,8.57826,8.25882,8.44132,15658.25233771723,0
LSI,D,20160616,000000,8.44132,8.44132,8.03976,8.17669,9484.27700321463,0
LSI,D,20160617,000000,8.04889,8.21314,7.81167,7.84812,6188.687786363541,0
LSI,D,20160620,000000,7.85725,8.03976,7.50136,7.83908,24741.089583011446,0
LSI,D,20160621,000000,7.83908,8.12188,7.72041,8.02158,11553.478268514104,0
LSI,D,20160622,000000,8.0763,8.0763,7.89379,8.03976,1180.1488171313051,0
LSI,D,20160623,000000,8.03062,8.03062,7.85725,8.02158,2888.895011837897,0
LSI,D,20160624,000000,7.26413,7.74772,6.88998,7.70214,27726.666421364316,0
LSI,D,20160627,000000,7.73868,7.73868,7.34626,7.34626,10928.199064424052,0
LSI,D,20160628,000000,7.39184,7.97591,7.39184,7.84812,18836.141939680572,0
LSI,D,20160629,000000,7.98504,7.98504,7.84812,7.98504,4965.452503068047,0
LSI,D,20160630,000000,8.03976,8.55999,8.03976,8.47786,15647.743443530842,0
LSI,D,20160701,000000,8.53258,8.56912,8.487,8.487,3796.8634695417686,0
LSI,D,20160704,000000,8.487,8.6147,8.29536,8.6147,11656.465431541319,0
LSI,D,20160705,000000,8.58729,8.59643,8.39574,8.50517,7402.465064891287,0
LSI,D,20160706,000000,8.50517,8.54171,8.42306,8.42306,3847.306161636428,0
LSI,D,20160707,000000,8.54171,8.55085,8.487,8.487,1752.8835502894187,0
LSI,D,20160708,000000,8.39574,8.47786,8.24054,8.47786,6207.603795899039,0
LSI,D,20160711,000000,8.487,8.487,8.09457,8.32267,12988.99321437483,0
LSI,D,20160712,000000,8.32267,8.32267,8.21314,8.31353,6706.77626975244,0
LSI,D,20160713,000000,8.27709,8.32267,8.17669,8.32267,1231.6423986446036,0
LSI,D,20160714,000000,8.32267,8.32267,8.22227,8.31353,2130.1528515807267,0
LSI,D,20160715,000000,8.26795,8.26795,8.03062,8.24054,4952.841830044383,0
LSI,D,20160718,000000,7.99418,7.99418,7.68387,7.76599,28606.260864765354,0
LSI,D,20160719,000000,7.76599,7.93937,7.76599,7.93937,4692.221254221975,0
LSI,D,20160720,000000,7.98504,8.34094,7.98504,8.3318,12260.726847258595,0
LSI,D,20160721,000000,8.34094,8.62384,8.34094,8.62384,16401.23115669523,0
LSI,D,20160722,000000,8.62384,8.70596,8.39574,8.57826,8415.522464459033,0
LSI,D,20160725,000000,8.57826,8.65124,8.35921,8.57826,11730.027690846033,0
LSI,D,20160726,000000,8.57826,8.57826,8.51431,8.56912,1970.417659947638,0
LSI,D,20160727,000000,8.57826,8.65124,8.487,8.62384,3302.945442781561,0
LSI,D,20160728,000000,8.50517,8.50517,8.37748,8.49604,5205.05529051768,0
LSI,D,20160729,000000,8.41392,8.46873,8.26795,8.34094,6289.573170552861,0
LSI,D,20160801,000000,8.16756,8.57826,8.16756,8.44132,909.0193471225103,0
LSI,D,20160802,000000,8.4322,8.57826,8.28622,8.57826,2155.374197628056,0
LSI,D,20160803,000000,8.49604,8.49604,8.26795,8.39574,3739.0645515166375,0
LSI,D,20160804,000000,8.41392,8.51431,8.41392,8.51431,2970.864386491719,0
LSI,D,20160805,000000,8.51431,8.57826,8.487,8.487,8161.207225148457,0
LSI,D,20160808,000000,8.56912,8.56912,8.36834,8.487,2768.042728694442,0
LSI,D,20160809,000000,8.487,8.487,8.36834,8.37748,1198.013937248164,0
LSI,D,20160810,000000,8.47786,8.55085,8.35921,8.35921,3919.817531522501,0
LSI,D,20160811,000000,8.39574,8.487,8.39574,8.39574,1078.2125435233477,0
LSI,D,20160812,000000,8.39574,8.53258,8.35921,8.53258,7774.4799190894,0
LSI,D,20160816,000000,8.36834,8.56912,8.36834,8.55999,2255.2086923987363,0
LSI,D,20160817,000000,8.44132,8.47786,8.35007,8.47786,1247.4057399241847,0
LSI,D,20160818,000000,8.39574,8.39574,8.3044,8.34094,3102.225563821561,0
LSI,D,20160819,000000,8.32267,8.38661,8.31353,8.38661,1639.3874930764348,0
LSI,D,20160822,000000,8.38661,8.38661,8.25882,8.25882,4084.807170248783,0
LSI,D,20160823,000000,8.25882,8.39574,8.21314,8.3044,3411.187052901351,0
LSI,D,20160824,000000,8.27709,8.35007,8.25882,8.34094,1887.3973958751776,0
LSI,D,20160825,000000,8.26795,8.56912,7.76599,8.487,10582.456445692114,0
LSI,D,20160826,000000,8.3044,8.3044,7.76599,7.90293,23704.912616234476,0
LSI,D,20160829,000000,7.84812,7.90293,7.77513,7.89379,5341.670914940716,0
LSI,D,20160830,000000,7.75686,7.75686,7.39184,7.5379,10574.049330343416,0
LSI,D,20160831,000000,7.39184,7.54703,7.1272,7.54703,5508.762332504277,0
LSI,D,20160901,000000,7.41011,7.48309,7.39184,7.39184,6950.582614876628,0
LSI,D,20160902,000000,7.43751,7.43751,7.39184,7.40097,2565.2210708971647,0
LSI,D,20160905,000000,7.40097,7.43751,7.40097,7.43751,3533.0902254634448,0
LSI,D,20160906,000000,7.40097,7.48309,7.39184,7.39184,8163.309003985734,0
LSI,D,20160907,000000,7.36453,7.3827,6.98122,6.9995,19211.309462135017,0
LSI,D,20160908,000000,7.04508,7.19105,6.98122,6.98122,11810.946176080595,0
LSI,D,20160909,000000,7.02681,7.02681,6.62534,6.81699,11921.289565037661,0
LSI,D,20160912,000000,6.75304,6.79872,6.6162,6.78045,14632.584265125613,0
LSI,D,20160913,000000,6.80785,7.255,6.79872,7.255,14222.737391856503,0
LSI,D,20160914,000000,7.24586,7.24586,7.1272,7.19105,1416.598936325022,0
LSI,D,20160915,000000,7.20018,7.48309,7.20018,7.48309,14816.489913387393,0
LSI,D,20160916,000000,7.43751,7.54703,7.36453,7.37366,958.4111497985311,0
LSI,D,20160919,000000,7.37366,7.62002,7.37366,7.62002,4798.361085504487,0
LSI,D,20160920,000000,7.52876,7.6656,7.51049,7.62002,4752.121951084383,0
LSI,D,20160921,000000,7.6656,7.6656,7.62002,7.62002,932.1389143325626,0
LSI,D,20160922,000000,7.62002,7.62002,7.62002,7.62002,1417.6498257436606,0
LSI,D,20160923,000000,7.62002,7.74772,7.62002,7.74772,5872.37007135328,0
LSI,D,20160926,000000,7.51963,7.6656,7.51963,7.57434,3642.3827250018735,0
LSI,D,20160927,000000,7.70214,7.70214,7.5379,7.62002,7864.856409092332,0
LSI,D,20160928,000000,7.5379,7.62002,7.5379,7.62002,3962.9039976866893,0
LSI,D,20160929,000000,7.73868,7.75686,7.64743,7.75686,3978.6673389662706,0
LSI,D,20160930,000000,7.74772,7.74772,7.74772,7.74772,13.661562442303623,0
LSI,D,20161003,000000,7.73868,7.73868,7.6656,7.6656,1260.0164129478494,0
LSI,D,20161004,000000,7.71128,7.71128,7.59261,7.6656,3879.883733614229,0
LSI,D,20161005,000000,7.68387,7.68387,7.48309,7.6656,9930.905006136094,0
LSI,D,20161006,000000,7.57434,7.6656,7.57434,7.6656,3801.067027216324,0
LSI,D,20161007,000000,7.6656,7.75686,7.57434,7.57434,2675.5644598542326,0
LSI,D,20161010,000000,7.57434,7.62002,7.57434,7.62002,799.7268475840814,0
LSI,D,20161011,000000,7.62002,7.62002,7.62002,7.62002,200.7198789599994,0
LSI,D,20161012,000000,7.65646,7.93033,7.64743,7.84812,7131.335594882491,0
LSI,D,20161013,000000,7.84812,8.2041,7.84812,7.94851,19789.298642386326,0
LSI,D,20161014,000000,7.94851,7.94851,7.93937,7.93937,1354.596460625336,0
LSI,D,20161017,000000,7.93033,7.93033,7.84812,7.84812,3623.4667154663766,0
LSI,D,20161018,000000,7.84812,7.84812,7.7934,7.83908,3033.917751610043,0
LSI,D,20161019,000000,7.78426,7.78426,7.62002,7.62002,6518.667063816106,0
LSI,D,20161020,000000,7.62002,7.62002,7.49223,7.49223,4619.709884335902,0
LSI,D,20161021,000000,7.57434,7.57434,7.46491,7.46491,380.42196954722397,0
LSI,D,20161024,000000,7.49223,7.49223,7.42838,7.42838,3318.708784061142,0
LSI,D,20161025,000000,7.43751,7.48309,7.41924,7.48309,1992.4863377390516,0
LSI,D,20161026,000000,7.57434,7.84812,7.57434,7.84812,3915.613973847946,0
LSI,D,20161027,000000,7.84812,7.95764,7.84812,7.94851,2558.9157343853326,0
LSI,D,20161028,000000,8.02158,8.09457,8.02158,8.02158,1808.5806894772718,0
LSI,D,20161031,000000,8.11284,8.71509,8.11284,8.64211,32230.778469650162,0
LSI,D,20161102,000000,8.66951,8.67855,8.21314,8.21314,9411.765633328558,0
LSI,D,20161103,000000,8.06716,8.55085,8.06716,8.42306,2285.68448553926,0
LSI,D,20161104,000000,8.44132,8.45046,8.12188,8.22227,3771.6421234944387,0
LSI,D,20161107,000000,8.22227,8.46873,8.22227,8.4322,3163.177150102608,0
LSI,D,20161108,000000,8.4322,8.487,8.32267,8.32267,6481.885934163749,0
LSI,D,20161109,000000,8.21314,8.44132,8.14929,8.44132,3406.9834952267956,0
LSI,D,20161110,000000,8.76077,8.80635,8.41392,8.45959,21566.352649304637,0
LSI,D,20161114,000000,8.45959,8.64211,8.39574,8.39574,5129.391252375691,0
LSI,D,20161115,000000,8.53258,8.58729,8.45959,8.58729,1698.2373005202044,0
LSI,D,20161116,000000,8.58729,8.62384,8.487,8.62384,5234.480194239565,0
LSI,D,20161117,000000,8.66038,8.66038,8.53258,8.57826,4993.826517371293,0
LSI,D,20161118,000000,8.51431,8.51431,7.89379,8.39574,7292.121675934219,0
LSI,D,20161121,000000,8.26795,8.34094,7.76599,8.21314,7802.8539333926465,0
LSI,D,20161122,000000,8.3318,8.39574,8.21314,8.39574,2619.8673206663793,0
LSI,D,20161123,000000,8.39574,8.39574,8.0763,8.24968,8333.553089805211,0
LSI,D,20161124,000000,8.3318,8.487,8.3318,8.45959,6185.535118107626,0
LSI,D,20161125,000000,8.39574,8.39574,8.31353,8.31353,767.1492756062803,0
LSI,D,20161128,000000,8.39574,8.46873,8.39574,8.46873,27.323124884607246,0
LSI,D,20161129,000000,8.46873,8.46873,8.40479,8.40479,657.8567760678513,0
LSI,D,20161130,000000,8.41392,8.44132,8.40479,8.44132,1786.5120116858584,0
LSI,D,20161201,000000,8.47786,8.47786,8.44132,8.44132,2755.432055670777,0
LSI,D,20161202,000000,8.45046,8.53258,8.45046,8.52344,1059.2965339878501,0
LSI,D,20161205,000000,8.487,8.50517,8.487,8.487,385.67641664041764,0
LSI,D,20161206,000000,8.45046,8.45046,8.44132,8.44132,470.7984595501556,0
LSI,D,20161207,000000,8.39574,8.39574,7.72041,8.04889,15222.133228982153,0
LSI,D,20161208,000000,8.04889,8.11284,8.04889,8.10371,5051.625435396424,0
LSI,D,20161209,000000,8.06716,8.06716,7.85725,8.02158,6657.384467076419,0
LSI,D,20161212,000000,8.03062,8.03062,7.91206,7.98504,1914.7205207597847,0
LSI,D,20161213,000000,7.98504,8.0763,7.98504,8.03062,2990.8312854458545,0
LSI,D,20161214,000000,8.03976,8.10371,8.03062,8.10371,2814.281863114546,0
LSI,D,20161215,000000,8.0763,8.37748,8.06716,8.37748,6644.773794052754,0
LSI,D,20161216,000000,8.36834,8.36834,8.25882,8.3318,3831.5428203568467,0
LSI,D,20161219,000000,8.3044,8.3044,8.13101,8.13101,906.9175682852328,0
LSI,D,20161220,000000,8.14015,8.35007,8.14015,8.21314,3174.7369337076343,0
LSI,D,20161221,000000,8.21314,8.29536,8.21314,8.29536,1267.3726388783207,0
LSI,D,20161222,000000,8.16756,8.24054,8.16756,8.24054,4.203557674554961,0
LSI,D,20161223,000000,8.24054,8.25882,8.16756,8.25882,1264.2199706224046,0
LSI,D,20161227,000000,8.25882,8.25882,8.15842,8.25882,2673.4626810169552,0
LSI,D,20161228,000000,8.16756,8.32267,8.12188,8.24968,5449.912525060507,0
LSI,D,20161229,000000,8.3044,8.3044,8.17669,8.26795,2111.2368420452294,0
LSI,D,20161230,000000,8.3044,8.32267,8.25882,8.3044,1085.5687694538187,0
LSI,D,20170102,000000,8.3044,8.3044,8.23141,8.23141,985.7342746831383,0
LSI,D,20170103,000000,8.29536,8.35007,8.29536,8.35007,2434.9107829859613,0
LSI,D,20170104,000000,8.35007,8.76077,8.35007,8.76077,12698.947734830332,0
LSI,D,20170105,000000,8.86107,9.39966,8.86107,9.35398,18633.32028188371,0
LSI,D,20170109,000000,9.35398,9.74601,9.30831,9.55477,27146.575462276352,0
LSI,D,20170110,000000,9.56333,9.57284,9.04377,9.098,33087.253345840734,0
LSI,D,20170111,000000,8.98886,9.19888,8.97059,9.00713,9465.360993679133,0
LSI,D,20170112,000000,9.00713,9.07993,9.00713,9.00713,5624.360168554538,0
LSI,D,20170113,000000,9.03454,9.07993,8.94328,9.07993,2743.872272065751,0
LSI,D,20170116,000000,9.07993,9.56333,8.98886,9.56333,5532.932789132968,0
LSI,D,20170117,000000,9.56333,9.56333,9.35398,9.44533,1314.662662717064,0
LSI,D,20170118,000000,9.3635,9.39966,9.30831,9.31782,3739.0645515166375,0
LSI,D,20170119,000000,9.31782,9.31782,9.18936,9.18936,1701.3899687761204,0
LSI,D,20170120,000000,9.18936,9.31782,8.96146,9.12561,7182.82917639579,0
LSI,D,20170123,000000,9.17128,9.17128,9.13512,9.13512,1953.6034292494182,0
LSI,D,20170124,000000,9.14368,9.47293,9.13512,9.47293,7349.920593959349,0
LSI,D,20170125,000000,9.44533,9.44533,9.35398,9.35398,8092.8994129369385,0
LSI,D,20170126,000000,9.39966,9.56333,9.39966,9.51861,17255.604254048118,0
LSI,D,20170127,000000,9.53668,9.53668,9.47293,9.49101,1139.1641298043946,0
LSI,D,20170130,000000,9.59092,10.2485,9.59092,10.0658,33640.02118004492,0
LSI,D,20170131,000000,10.12,10.4949,10.0658,10.257,21619.94800965439,0
LSI,D,20170201,000000,10.4036,10.4036,10.1295,10.2209,6132.9906471756885,0
LSI,D,20170202,000000,10.4493,10.7414,10.3303,10.3303,10821.00834372352,0
LSI,D,20170203,000000,10.3303,10.3303,10.1114,10.2209,10438.484595338194,0
LSI,D,20170206,000000,10.2209,10.3122,10.0382,10.0382,15618.31853980937,0
LSI,D,20170207,000000,10.0382,10.0382,9.85551,10.0382,9303.524023208767,0
LSI,D,20170208,000000,10.0382,10.2209,10.0382,10.2209,4493.6031540992535,0
LSI,D,20170209,000000,10.257,10.513,10.257,10.513,6555.448193468462,0
LSI,D,20170210,000000,10.5311,10.6767,10.5311,10.5406,6304.285622413802,0
LSI,D,20170213,000000,10.6501,10.768,10.3208,10.3208,8066.62717747097,0
LSI,D,20170214,000000,10.5216,10.6586,10.3665,10.4493,4535.638730844803,0
LSI,D,20170215,000000,10.2209,10.4312,10.2209,10.376,5358.485145638937,0
LSI,D,20170216,000000,10.4217,10.4949,10.2761,10.4493,1524.8405464448122,0
LSI,D,20170217,000000,10.4949,10.4949,10.2209,10.4949,7767.123693158929,0
LSI,D,20170220,000000,10.6129,10.6129,10.3122,10.3122,3771.6421234944387,0
LSI,D,20170221,000000,10.3122,10.5492,10.2209,10.5492,5621.207500298622,0
LSI,D,20170222,000000,10.6225,10.7224,10.4949,10.7043,8266.296167012331,0
LSI,D,20170223,000000,10.7043,10.7043,10.4493,10.4949,6831.83211057045,0
LSI,D,20170224,000000,10.4949,10.4949,9.9468,10.1752,12742.034200994725,0
LSI,D,20170227,000000,10.0934,10.4854,10.0934,10.2209,3117.9889051011423,0
LSI,D,20170228,000000,10.1019,10.1019,9.22647,9.67371,26251.21767759573,0
LSI,D,20170301,000000,9.67371,9.9468,9.67371,9.92018,3400.6781587149635,0
LSI,D,20170302,000000,9.92018,10.0201,9.92018,10.0201,6956.88795138846,0
LSI,D,20170303,000000,9.92018,10.0382,9.76411,10.0382,1452.3291765587392,0
LSI,D,20170306,000000,9.8831,9.8831,9.62804,9.67371,4776.292407713074,0
LSI,D,20170307,000000,9.6823,9.6823,9.32638,9.32638,4616.557216079986,0
LSI,D,20170308,000000,9.31782,9.48149,9.18079,9.43582,12079.97386725232,0
LSI,D,20170309,000000,9.49957,9.609,9.17128,9.48149,9405.460296816726,0
LSI,D,20170310,000000,9.39966,9.44533,9.21695,9.42725,1868.48138633968,0
LSI,D,20170313,000000,9.21695,9.62804,9.21695,9.62804,5276.5157709851155,0
LSI,D,20170314,000000,9.62804,10.2028,9.62804,10.1019,3037.0704198659596,0
LSI,D,20170315,000000,10.1571,10.3027,10.1295,10.1752,2518.9819364770606,0
LSI,D,20170316,000000,10.1752,10.2942,10.1295,10.2666,2246.8015770496268,0
LSI,D,20170317,000000,10.2666,10.2942,9.97439,10.2761,3376.5077020862723,0
LSI,D,20170320,000000,10.3027,10.3122,10.0562,10.0562,1871.6340545955964,0
LSI,D,20170321,000000,9.97439,9.9925,9.78318,9.9925,4144.707867111191,0
LSI,D,20170322,000000,9.90111,9.9468,9.87448,9.9468,511.78314687706654,0
LSI,D,20170324,000000,9.86499,9.91069,9.85551,9.91069,1576.3341279581105,0
LSI,D,20170327,000000,9.67371,9.67371,9.39966,9.53668,4411.633779445431,0
LSI,D,20170328,000000,9.53668,9.90111,9.53668,9.90111,1185.403264224499,0
LSI,D,20170329,000000,10.0106,10.2761,10.0106,10.257,9528.414358797458,0
LSI,D,20170330,000000,10.2485,10.2761,10.0382,10.2761,7319.444800818826,0
LSI,D,20170331,000000,10.0658,10.2761,10.0658,10.2666,2355.043187169417,0
LSI,D,20170403,000000,10.3665,10.6681,10.2942,10.6681,9111.211259597878,0
LSI,D,20170404,000000,10.75,10.9507,10.7414,10.9507,12301.711534585302,0
LSI,D,20170405,000000,11.0421,11.1239,11.0421,11.1059,8240.023931546362,0
LSI,D,20170406,000000,11.1239,11.1335,10.9507,11.0878,6155.059324967102,0
LSI,D,20170407,000000,10.9879,11.024,10.5863,10.75,10757.954978605196,0
LSI,D,20170410,000000,10.9507,11.0145,10.9507,11.0145,1848.514487385544,0
LSI,D,20170411,000000,11.0145,11.3066,11.0145,11.0973,10723.275627789499,0
LSI,D,20170412,000000,11.1791,11.2705,11.1154,11.2705,4802.564643179043,0
LSI,D,20170413,000000,11.3066,11.535,11.3066,11.4988,22789.587932599927,0
LSI,D,20170418,000000,11.4075,11.5901,11.4075,11.5901,4258.203924324176,0
LSI,D,20170419,000000,11.4341,11.6806,11.4341,11.4988,4804.66642201632,0
LSI,D,20170420,000000,11.4988,11.6806,11.4617,11.6806,5257.599761449617,0
LSI,D,20170421,000000,11.6625,11.7082,11.4617,11.6539,7545.386025826156,0
LSI,D,20170424,000000,11.5901,11.5901,11.4256,11.4256,630.5336511832442,0
LSI,D,20170425,000000,11.5712,11.5712,11.4075,11.4617,1212.7263891091063,0
LSI,D,20170426,000000,11.4617,11.4617,11.1887,11.1972,5983.764349728986,0
LSI,D,20170427,000000,11.1335,11.1335,10.9879,11.0421,2739.668714391196,0
LSI,D,20170428,000000,10.9051,10.9051,10.6957,10.768,22008.777094550725,0
LSI,D,20170502,000000,10.9422,11.1791,10.8594,11.1791,2974.0170547476346,0
LSI,D,20170504,000000,11.1791,11.1791,11.0602,11.0602,964.7164863103635,0
LSI,D,20170505,000000,11.0878,11.2248,11.0878,11.2248,755.5894920012543,0
LSI,D,20170508,000000,11.2248,11.2248,11.1154,11.1791,1020.4136254982168,0
LSI,D,20170509,000000,11.1335,11.2248,11.0973,11.0973,8321.993306200184,0
LSI,D,20170510,000000,11.2981,11.2981,11.1335,11.1335,409.8468732691087,0
LSI,D,20170511,000000,11.1059,11.1059,11.1059,11.1059,2169.03576007036,0
LSI,D,20170512,000000,11.0973,11.0973,10.9422,10.9422,1777.0540069181097,0
LSI,D,20170515,000000,10.9422,10.9422,10.239,10.6681,5923.863652866578,0
LSI,D,20170516,000000,10.5035,10.6681,10.4949,10.6681,201.7707683786381,0
LSI,D,20170517,000000,10.6681,10.6681,10.632,10.632,1249.507518761462,0
LSI,D,20170518,000000,10.4949,10.4949,10.2028,10.3122,4659.643682244175,0
LSI,D,20170519,000000,10.3579,10.5035,10.3579,10.4949,1287.3395378324567,0
LSI,D,20170522,000000,10.6681,10.6681,10.6586,10.6681,605.3123051359144,0
LSI,D,20170523,000000,10.6767,10.6767,10.3398,10.6681,337.33550338303564,0
LSI,D,20170524,000000,10.6681,10.7224,10.3855,10.7224,693.5870163015685,0
LSI,D,20170525,000000,10.6767,11.3162,10.6767,11.2705,14385.625251745509,0
LSI,D,20170526,000000,11.2705,11.2705,11.1154,11.1154,811.2866311891074,0
LSI,D,20170529,000000,10.9603,11.2981,10.9507,11.2981,1541.6547771430319,0
LSI,D,20170530,000000,11.279,11.5807,11.279,11.4075,5751.517788209825,0
LSI,D,20170531,000000,11.4075,11.4988,11.2705,11.4075,3721.1994313997793,0
LSI,D,20170601,000000,11.3618,11.5901,10.9603,11.3342,10504.690628713053,0
LSI,D,20170602,000000,11.3162,11.3162,11.2248,11.3162,847.0168714228246,0
LSI,D,20170605,000000,11.3162,11.3162,11.2248,11.2524,1137.062350967117,0
LSI,D,20170606,000000,11.2248,11.2248,11.2248,11.2248,131.36117732984252,0
LSI,D,20170607,000000,11.0783,11.1696,11.0783,11.0973,890.103337587013,0
LSI,D,20170608,000000,11.0973,11.0973,11.024,11.0783,1621.5223729595762,0
LSI,D,20170609,000000,11.024,11.0783,10.9603,10.9603,1065.6018704996827,0
LSI,D,20170612,000000,10.9507,10.9507,10.8775,10.8775,3100.1237849842837,0
LSI,D,20170613,000000,10.7956,10.9051,10.7956,10.8594,2593.595085200411,0
LSI,D,20170614,000000,10.8594,11.2334,10.3579,10.9688,13335.786722525614,0
LSI,D,20170616,000000,10.9964,11.0602,10.7224,11.0421,1609.9625893545501,0
LSI,D,20170619,000000,11.0336,11.0336,11.0336,11.0336,162.88785988900474,0
LSI,D,20170620,000000,11.0336,11.0336,10.9507,10.9507,186.00742709905703,0
LSI,D,20170621,000000,11.0336,11.0421,10.9507,10.9507,719.8592517675371,0
LSI,D,20170623,000000,10.8137,10.8594,10.7595,10.8594,897.4595635174841,0
LSI,D,20170626,000000,10.8965,11.0421,10.8965,11.0421,3306.098111037477,0
LSI,D,20170627,000000,10.8232,11.024,10.8232,11.024,136.61562442303622,0
LSI,D,20170628,000000,10.9964,10.9964,10.8594,10.9507,1303.102879112038,0
LSI,D,20170629,000000,10.9783,10.9783,10.8594,10.8594,1357.7491288812525,0
LSI,D,20170630,000000,10.8232,10.8232,10.5863,10.6767,13945.302585336083,0
LSI,D,20170703,000000,10.513,10.7224,10.513,10.6767,224.89033558869042,0
LSI,D,20170704,000000,10.768,10.9051,10.768,10.8594,4651.236566895064,0
LSI,D,20170705,000000,10.7043,10.8594,10.7043,10.768,197.56721070408315,0
LSI,D,20170706,000000,10.9051,11.0421,10.9051,11.0421,10029.688611488136,0
LSI,D,20170707,000000,11.0421,11.1239,11.0421,11.0878,366.7604071049203,0
LSI,D,20170710,000000,10.7776,10.7776,10.7776,10.7776,49.39180267602079,0
LSI,D,20170711,000000,10.7776,11.7263,10.6767,11.2886,18191.94672605544,0
LSI,D,20170712,000000,11.2886,11.3618,11.2334,11.2705,4256.102145486898,0
LSI,D,20170713,000000,11.2334,11.3162,11.1791,11.1791,20564.855033341304,0
LSI,D,20170714,000000,11.1791,11.2886,11.006,11.2886,11616.531633632429,0
LSI,D,20170717,000000,11.4161,11.4161,11.1696,11.3618,1258.965523529211,0
LSI,D,20170718,000000,11.3799,11.398,10.8594,11.2981,4689.06858596606,0
LSI,D,20170719,000000,11.3066,11.3066,11.0973,11.0973,4381.157986304908,0
LSI,D,20170720,000000,11.2248,11.2248,11.1335,11.1335,624.2283146714117,0
LSI,D,20170721,000000,11.2248,11.2705,11.0878,11.0878,1542.7056665616706,0
LSI,D,20170724,000000,11.1154,11.1154,11.0421,11.0421,2022.962130879575,0
LSI,D,20170725,000000,11.2153,11.2153,11.2067,11.2067,811.2866311891074,0
LSI,D,20170726,000000,11.2981,11.2981,11.2981,11.2981,1291.543095507012,0
LSI,D,20170728,000000,11.0516,11.2981,11.0516,11.2705,690.4343480456523,0
LSI,D,20170731,000000,11.0516,11.2248,11.0421,11.2248,3111.6835685893097,0
LSI,D,20170801,000000,11.0878,11.0878,11.0878,11.0878,22.068677791413545,0
LSI,D,20170802,000000,11.0878,11.0878,11.0783,11.0783,204.92343663455435,0
LSI,D,20170803,000000,11.0697,11.0697,10.9507,10.9507,1736.0693195911988,0
LSI,D,20170804,000000,10.9507,10.9507,10.9507,10.9507,1435.5149458605192,0
LSI,D,20170807,000000,11.0602,11.0602,10.9507,11.0421,1483.8558591179012,0
LSI,D,20170808,000000,10.8965,10.8965,10.8052,10.8328,2769.0936181130805,0
LSI,D,20170809,000000,10.8328,10.9507,10.8328,10.9507,952.1058132866987,0
LSI,D,20170810,000000,10.9507,10.9507,10.9507,10.9507,350.99706582533923,0
LSI,D,20170811,000000,10.8328,10.887,10.768,10.768,2257.310471236014,0
LSI,D,20170814,000000,10.768,10.768,10.6957,10.768,219.63588849549672,0
LSI,D,20170816,000000,10.768,10.8689,10.7043,10.8689,468.6966807128781,0
LSI,D,20170817,000000,10.8689,11.3162,10.768,11.3162,8463.863377716414,0
LSI,D,20170818,000000,11.1059,11.1059,11.0783,11.0783,383.57463780314015,0
LSI,D,20170821,000000,11.2524,11.2524,10.9879,11.0783,3624.5176048850153,0
LSI,D,20170822,000000,11.0973,11.1059,10.9507,10.9507,6048.919493684589,0
LSI,D,20170823,000000,10.9507,11.0421,10.9051,11.0421,904.8157894479554,0
LSI,D,20170824,000000,10.887,11.0421,10.8594,11.0421,3375.4568126676336,0
LSI,D,20170825,000000,11.0336,11.0336,10.8594,10.8594,2236.2926828632394,0
LSI,D,20170828,000000,10.8594,10.8594,10.7776,10.7776,1065.6018704996827,0
LSI,D,20170829,000000,10.8137,10.8413,10.8137,10.8232,2384.468090891302,0
LSI,D,20170830,000000,10.8508,10.8594,10.7043,10.768,3558.3115715107747,0
LSI,D,20170831,000000,10.768,10.8137,10.7043,10.768,1504.8736474906761,0
LSI,D,20170901,000000,10.768,10.768,10.7224,10.7224,485.510911411098,0
LSI,D,20170904,000000,10.7224,11.006,10.7138,10.7319,1737.1202090098377,0
LSI,D,20170905,000000,10.7956,10.7956,10.7956,10.7956,109.29249953842898,0
LSI,D,20170906,000000,10.8137,10.8137,10.7871,10.7871,370.9639647794753,0
LSI,D,20170907,000000,10.7871,10.7871,10.6957,10.6957,1976.7229964594703,0
LSI,D,20170908,000000,10.75,10.75,10.0296,10.1752,12766.204657623004,0
LSI,D,20170911,000000,10.1752,10.4769,10.1476,10.4769,4589.234091195379,0
LSI,D,20170912,000000,10.3208,10.4769,10.3122,10.4397,7195.439849419455,0
LSI,D,20170913,000000,10.3122,10.3208,10.3122,10.3122,1560.5707866785292,0
LSI,D,20170914,000000,10.4673,10.4673,10.3122,10.4673,163.9387493076435,0
LSI,D,20170915,000000,10.4673,10.6129,10.3122,10.5948,5193.4955069126545,0
LSI,D,20170918,000000,10.6225,10.6767,10.3208,10.5863,12930.143406930854,0
LSI,D,20170919,000000,10.5863,10.5863,10.3484,10.5768,1231.6423986446036,0
LSI,D,20170920,000000,10.5672,10.9422,10.5672,10.6225,10165.253346492535,0
LSI,D,20170921,000000,10.6767,10.6767,10.4949,10.6767,235.3992297750778,0
LSI,D,20170922,000000,10.4949,10.4949,10.4036,10.4854,900.6122317734004,0
LSI,D,20170925,000000,10.3579,10.4949,10.3122,10.4949,2502.1677057788406,0
LSI,D,20170926,000000,10.3303,10.4769,10.3122,10.4493,544.3607188548674,0
LSI,D,20170927,000000,10.3303,10.3303,10.2209,10.2666,1750.7817714521414,0
LSI,D,20170928,000000,10.2666,10.2666,10.2666,10.2666,87.22382174701544,0
LSI,D,20170929,000000,10.239,10.4036,10.239,10.4036,340.4881716389518,0
LSI,D,20171002,000000,10.4217,10.4769,10.4217,10.4769,3066.4953235878443,0
LSI,D,20171003,000000,10.4949,10.5406,10.4949,10.5406,1430.2604987673255,0
LSI,D,20171004,000000,10.4121,10.5311,10.4121,10.4121,3446.917293135068,0
LSI,D,20171005,000000,10.4217,10.4854,10.4217,10.4854,1707.6953052879528,0
LSI,D,20171006,000000,10.4949,10.4949,10.4036,10.4036,4801.513753760404,0
LSI,D,20171009,000000,10.4036,10.4036,10.3665,10.3665,3607.7033741867954,0
LSI,D,20171010,000000,10.376,10.6405,10.376,10.4949,6728.844947543854,0
LSI,D,20171011,000000,10.4949,10.6501,10.4673,10.6405,1929.432972620727,0
LSI,D,20171012,000000,10.7224,10.8413,10.6405,10.6501,2441.2161194977934,0
LSI,D,20171013,000000,11.3162,11.3618,11.0421,11.1696,26635.843204817716,0
LSI,D,20171016,000000,11.1887,11.279,11.1696,11.2524,5186.139280982183,0
LSI,D,20171017,000000,11.1059,11.2524,11.0878,11.0878,6040.512378335479,0
LSI,D,20171018,000000,10.9688,10.9964,10.9507,10.9964,904.8157894479554,0
LSI,D,20171019,000000,10.9964,11.279,10.9964,11.279,7076.689345113276,0
LSI,D,20171020,000000,11.2886,11.535,11.2067,11.4894,19006.386025500466,0
LSI,D,20171023,000000,11.4894,11.7082,11.3704,11.6349,19334.26352411513,0
LSI,D,20171024,000000,11.6901,11.9004,11.4894,11.4988,20536.481019038674,0
LSI,D,20171025,000000,11.4075,11.6169,11.1791,11.4075,5767.281129489406,0
LSI,D,20171026,000000,11.5255,11.5255,11.3162,11.3162,2025.0639097168525,0
LSI,D,20171027,000000,11.2248,11.3704,11.2248,11.2334,2609.358426479992,0
LSI,D,20171030,000000,11.261,11.5074,11.2334,11.5074,3165.2789289398856,0
LSI,D,20171031,000000,11.5074,11.7263,11.5074,11.7177,6408.323674859038,0
LSI,D,20171102,000000,11.7263,11.7263,11.6082,11.6806,6132.9906471756885,0
LSI,D,20171103,000000,11.6721,11.6806,11.5074,11.6082,1150.7239134094207,0
LSI,D,20171106,000000,11.6806,11.7082,11.5901,11.5901,3207.314505685435,0
LSI,D,20171107,000000,11.5074,11.5074,11.3162,11.3618,3361.7952502253297,0
LSI,D,20171108,000000,11.3799,11.4256,11.3704,11.4256,954.207592123976,0
LSI,D,20171109,000000,11.6349,11.7263,11.4617,11.6445,4867.719787134645,0
LSI,D,20171110,000000,11.5901,11.5901,11.4988,11.5901,1224.2861727141324,0
LSI,D,20171113,000000,11.4437,11.4437,11.3618,11.4075,2123.847515068894,0
LSI,D,20171114,000000,11.3618,11.3618,11.3247,11.3247,494.96891617884665,0
LSI,D,20171115,000000,11.2334,11.3162,11.2334,11.3162,1298.899321437483,0
LSI,D,20171116,000000,11.2705,11.3247,11.2705,11.3247,1497.5174215602049,0
LSI,D,20171117,000000,11.3618,11.5074,11.3618,11.5074,4418.990005375903,0
LSI,D,20171120,000000,11.5712,11.5712,11.5074,11.5074,507.57958920251156,0
LSI,D,20171121,000000,11.3162,11.3162,11.2248,11.2248,6378.898771137153,0
LSI,D,20171122,000000,11.2524,11.2705,11.2248,11.2248,14215.381165926652,0
LSI,D,20171123,000000,11.261,11.2705,11.261,11.2705,3447.968182553707,0
LSI,D,20171124,000000,11.2705,11.2705,10.9507,11.1515,6838.137447082283,0
LSI,D,20171127,000000,11.143,11.143,10.8594,10.8594,5541.339904482078,0
LSI,D,20171128,000000,10.9507,10.9507,10.8594,10.8775,6412.527232533593,0
LSI,D,20171129,000000,10.887,10.9422,10.768,10.8594,13494.47102474027,0
LSI,D,20171130,000000,10.9507,11.398,10.9507,11.3162,63443.2450926396,0
LSI,D,20171201,000000,11.143,11.2886,10.9964,11.1239,3755.8787822148574,0
LSI,D,20171204,000000,11.0878,11.1239,10.9422,10.9507,9522.109022285626,0
LSI,D,20171205,000000,10.9422,10.9422,10.9051,10.9051,11686.941224681636,0
LSI,D,20171206,000000,10.9964,10.9964,10.9964,10.9964,553.8187236226161,0
LSI,D,20171207,000000,10.9964,10.9964,10.8775,10.9964,814.4392994450237,0
LSI,D,20171208,000000,10.9688,10.9688,10.9688,10.9688,232.2465615191616,0
LSI,D,20171211,000000,10.9964,10.9964,10.8775,10.8775,4437.9060149114,0
LSI,D,20171212,000000,10.8775,10.8775,10.6767,10.8137,2075.506601811512,0
LSI,D,20171213,000000,10.8052,10.8137,10.2304,10.4036,11696.399229449178,0
LSI,D,20171214,000000,10.3665,10.6957,10.3208,10.3208,5518.220337272025,0
LSI,D,20171215,000000,10.3208,10.6586,10.3208,10.6129,1880.0411699447063,0
LSI,D,20171218,000000,10.4949,10.8052,10.4949,10.768,7212.254080117674,0
LSI,D,20171219,000000,10.768,11.0336,10.768,10.9507,135688.73995579645,0
LSI,D,20171220,000000,11.0336,11.4341,10.9964,11.4341,43496.31303745746,0
LSI,D,20171221,000000,11.4532,11.6806,11.4341,11.6721,12538.161653779018,0
LSI,D,20171222,000000,11.7263,11.8909,11.7177,11.8909,42805.87868941139,0
LSI,D,20171227,000000,11.9004,12.4018,11.9004,12.183,11928.645790968547,0
LSI,D,20171228,000000,12.183,12.5389,12.1373,12.5389,17712.74115115597,0
LSI,D,20171229,000000,12.6844,12.7758,12.5665,12.7758,18751.019896770627,0
LSI,D,20180103,000000,13.6884,13.6884,12.9128,13.4153,9118.567485528349,0
LSI,D,20180104,000000,13.3239,13.597,13.2326,13.2326,7439.246194543643,0
LSI,D,20180105,000000,13.4153,13.5513,13.3239,13.46,8383.99578189987,0
LSI,D,20180108,000000,13.46,13.46,13.2326,13.2326,3198.9073903363255,0
LSI,D,20180109,000000,13.2783,13.5057,13.0042,13.5057,22041.354666528732,0
LSI,D,20180110,000000,13.597,13.6884,13.5057,13.597,13494.47102474027,0
LSI,D,20180111,000000,13.5513,13.5513,13.1412,13.4153,3310.3016687120316,0
LSI,D,20180112,000000,13.597,13.597,13.2783,13.2783,3024.4597468422944,0
LSI,D,20180115,000000,13.3239,13.3239,13.3239,13.3239,1771.799559824916,0
LSI,D,20180116,000000,13.2783,13.4153,13.2326,13.4153,3698.079864189727,0
LSI,D,20180117,000000,13.3696,13.3696,13.0499,13.2326,6666.842471844168,0
LSI,D,20180118,000000,13.2326,13.3239,13.2326,13.3239,1873.735833432874,0
LSI,D,20180119,000000,13.2783,13.3239,13.2326,13.2326,1018.3118466609393,0
LSI,D,20180122,000000,13.2326,13.2326,13.0499,13.0499,2823.739867882295,0
LSI,D,20180123,000000,13.0499,13.1412,13.0499,13.1412,2879.4370070701484,0
LSI,D,20180124,000000,13.1412,13.1869,13.0955,13.1412,1072.9580964301538,0
LSI,D,20180125,000000,13.1412,13.1412,13.1412,13.1412,482.35824315518175,0
LSI,D,20180126,000000,13.1412,13.46,13.1412,13.46,3624.5176048850153,0
LSI,D,20180129,000000,13.6427,13.6427,13.4153,13.4153,5855.555840655061,0
LSI,D,20180131,000000,13.1869,13.1869,13.1412,13.1869,1753.9344397080577,0
LSI,D,20180201,000000,13.2326,13.3696,12.9128,12.9128,1764.4433338944448,0
LSI,D,20180202,000000,12.9585,12.9585,11.7263,12.7758,4835.142215156844,0
LSI,D,20180205,000000,12.8672,12.8672,12.4114,12.6844,2336.1271776339195,0
LSI,D,20180206,000000,11.909,12.457,11.8633,12.0916,14583.192462450212,0
LSI,D,20180207,000000,12.4114,12.4114,12.1373,12.1373,1875.8376122701513,0
LSI,D,20180208,000000,12.2286,12.2286,12.0004,12.0004,2353.992297750778,0
LSI,D,20180209,000000,11.8633,11.8633,11.5901,11.8176,5567.612139948046,0
LSI,D,20180212,000000,11.8176,12.046,11.8176,12.0004,1752.8835502894187,0
LSI,D,20180213,000000,12.046,12.4114,12.046,12.1373,3371.253254993079,0
LSI,D,20180214,000000,12.3657,12.6388,12.3657,12.6388,2685.0224646219813,0
LSI,D,20180215,000000,12.6388,12.8672,12.6388,12.6388,7918.451769442908,0
LSI,D,20180216,000000,12.8672,12.9128,12.32,12.32,2545.254171943029,0
LSI,D,20180219,000000,12.32,12.32,11.9547,12.1373,5455.166972153701,0
LSI,D,20180220,000000,12.1373,12.1373,11.9547,12.1373,950.0040344494212,0
LSI,D,20180221,000000,12.1373,12.183,11.9547,12.183,1149.6730239907818,0
LSI,D,20180222,000000,12.2286,12.2286,11.909,11.909,3543.599119649832,0
LSI,D,20180223,000000,12.046,12.046,11.8633,11.8633,912.1720153784265,0
LSI,D,20180226,000000,11.8633,12.1373,11.8633,12.1373,561.1749495530872,0
LSI,D,20180227,000000,12.183,12.2286,12.1373,12.2286,1241.100403412352,0
LSI,D,20180228,000000,12.2286,12.32,12.183,12.32,1318.866220391619,0
LSI,D,20180301,000000,12.2743,12.32,11.909,12.32,1119.1972308502582,0
LSI,D,20180302,000000,12.32,12.32,11.8633,11.8633,3800.0161377976847,0
LSI,D,20180305,000000,11.909,12.2286,11.909,12.2286,2855.266550441457,0
LSI,D,20180306,000000,12.2286,12.32,12.1373,12.1373,3414.3397211572674,0
LSI,D,20180307,000000,12.183,12.4114,12.1373,12.4114,1097.1285530588448,0
LSI,D,20180308,000000,12.457,12.5932,12.457,12.5475,4364.343755606688,0
LSI,D,20180309,000000,12.5475,12.6388,12.5475,12.6388,755.5894920012543,0
LSI,D,20180312,000000,12.3657,12.6388,12.3657,12.6388,3483.6984227874236,0
LSI,D,20180313,000000,12.457,12.7301,12.457,12.6844,2824.790757300934,0
LSI,D,20180314,000000,12.6388,12.6844,12.6388,12.6388,1402.9373738827182,0
LSI,D,20180315,000000,12.6388,12.6388,12.6388,12.6388,219.63588849549672,0
LSI,D,20180316,000000,12.457,12.5027,12.4114,12.5027,2351.8905189135007,0
LSI,D,20180319,000000,12.5027,12.5027,12.1373,12.32,3356.5408031321363,0
LSI,D,20180320,000000,12.2286,12.2743,12.1373,12.2743,2356.094076588056,0
LSI,D,20180321,000000,12.046,12.2286,12.046,12.2286,921.6300201461752,0
LSI,D,20180322,000000,12.2286,12.5027,12.2286,12.5027,1002.5485053813582,0
LSI,D,20180323,000000,12.4114,12.4114,12.046,12.32,293.1981478002085,0
LSI,D,20180326,000000,12.2743,12.32,12.2743,12.32,1101.3321107333998,0
LSI,D,20180327,000000,12.046,12.32,11.9547,12.32,1085.5687694538187,0
LSI,D,20180328,000000,12.183,12.32,11.909,11.909,4674.356134105116,0
LSI,D,20180329,000000,11.909,11.909,10.7224,11.909,12643.25059564289,0
LSI,D,20180403,000000,11.6806,11.6806,11.6806,11.6806,40.98468732691087,0
LSI,D,20180404,000000,11.772,11.772,11.4988,11.772,1778.1048963367484,0
LSI,D,20180405,000000,11.772,11.772,11.772,11.772,1358.8000182998912,0
LSI,D,20180406,000000,11.772,11.772,11.6806,11.6806,975.225380496751,0
LSI,D,20180409,000000,11.6806,12.2286,11.6806,12.2286,1696.1355216829268,0
LSI,D,20180410,000000,12.2286,12.2286,11.8633,12.046,969.9709334035573,0
LSI,D,20180411,000000,12.183,12.183,12.0916,12.0916,1508.0263157465922,0
LSI,D,20180412,000000,12.1373,12.2286,11.909,12.2286,1641.4892719137122,0
LSI,D,20180413,000000,11.8633,12.2286,11.8633,12.2286,136.61562442303622,0
LSI,D,20180416,000000,12.183,12.5932,11.8633,12.0916,3739.0645515166375,0
LSI,D,20180417,000000,11.9547,11.9547,11.8633,11.8633,1151.7748028280594,0
LSI,D,20180418,000000,12.046,12.046,11.9547,11.9547,230.1447826818841,0
LSI,D,20180419,000000,12.0916,12.0916,12.046,12.0916,1190.6577113176927,0
LSI,D,20180420,000000,12.0916,12.0916,11.9547,11.9547,3368.1005867371623,0
LSI,D,20180423,000000,11.909,11.909,11.772,11.772,1019.3627360795781,0
LSI,D,20180424,000000,11.772,11.772,11.4988,11.6806,2141.712635185753,0
LSI,D,20180425,000000,11.6806,11.6806,11.5445,11.5445,475.0020172247106,0
LSI,D,20180426,000000,11.6806,11.6806,11.3162,11.6806,4121.588299901139,0
LSI,D,20180427,000000,11.4075,11.6806,11.4075,11.6806,624.2283146714117,0
LSI,D,20180430,000000,11.3618,11.772,11.3618,11.772,1572.1305702835555,0
LSI,D,20180502,000000,11.8633,11.8633,11.4075,11.7263,2631.4271042714054,0
LSI,D,20180504,000000,11.4075,11.4532,11.1335,11.1791,1117.095452012981,0
LSI,D,20180507,000000,11.1791,12.2743,11.1791,11.9547,5120.984137026581,0
LSI,D,20180508,000000,11.909,12.32,11.4988,11.8633,3967.1075553612445,0
LSI,D,20180509,000000,11.4988,11.8176,11.4988,11.772,785.0143957231389,0
LSI,D,20180510,000000,11.7263,11.772,11.7263,11.772,3034.9686410286818,0
LSI,D,20180511,000000,11.772,11.772,11.3162,11.772,2034.5219144846012,0
LSI,D,20180514,000000,11.8633,12.5027,11.8633,12.2743,3483.6984227874236,0
LSI,D,20180515,000000,12.2286,12.2286,11.8633,11.8633,1107.6374472452321,0
LSI,D,20180516,000000,12.183,12.183,11.6806,11.6806,427.7119933859673,0
LSI,D,20180517,000000,11.5901,11.5901,11.5445,11.5445,1314.662662717064,0
LSI,D,20180518,000000,11.4988,11.5445,11.3162,11.5445,40677.82761666794,0
LSI,D,20180521,000000,11.4532,12.183,11.4075,12.183,50260.88822523544,0
LSI,D,20180522,000000,11.8633,12.046,11.6349,11.8633,3611.90693186135,0
LSI,D,20180523,000000,11.6806,11.8176,11.6806,11.8176,798.6759581654426,0
LSI,D,20180524,000000,11.8176,11.8176,11.6806,11.6806,1423.955162255493,0
LSI,D,20180525,000000,11.6806,11.6806,11.6806,11.6806,821.7955253754949,0
LSI,D,20180528,000000,11.772,11.8633,11.5901,11.8633,998.3449477068032,0
LSI,D,20180529,000000,11.772,11.8633,11.4988,11.8633,10049.655510442271,0
LSI,D,20180530,000000,11.6806,11.6806,11.6806,11.6806,547.5133871107837,0
LSI,D,20180601,000000,11.8633,12.183,11.8633,12.1373,14130.259123016707,0
LSI,D,20180604,000000,11.909,11.9547,11.8633,11.9547,629.4827617646055,0
LSI,D,20180605,000000,12.1373,12.1373,11.8633,12.0004,2805.8747477654365,0
LSI,D,20180606,000000,12.046,12.0916,11.772,11.8176,5445.708967385952,0
LSI,D,20180607,000000,11.8176,11.8176,11.6349,11.8176,1124.451677943452,0
LSI,D,20180608,000000,11.8176,11.8176,11.6349,11.8176,856.4748761905734,0
LSI,D,20180611,000000,11.8176,11.8176,11.8176,11.8176,84.07115349109922,0
LSI,D,20180612,000000,11.8176,11.8176,11.6349,11.7263,531.7500458312026,0
LSI,D,20180613,000000,11.8633,11.8633,11.6349,11.6349,394.0835319895276,0
LSI,D,20180614,000000,11.909,11.9547,11.5445,11.5445,15314.611497821948,0
LSI,D,20180615,000000,11.4988,11.5445,11.3618,11.5445,586.396295600417,0
LSI,D,20180618,000000,11.4988,11.5445,11.3162,11.3162,2658.7502291560127,0
LSI,D,20180619,000000,11.3162,11.3162,10.6767,11.0421,4062.73849245737,0
LSI,D,20180620,000000,10.9051,11.0421,10.8137,11.0421,624.2283146714117,0
LSI,D,20180621,000000,10.9964,11.0421,10.9507,11.0421,690.4343480456523,0
LSI,D,20180622,000000,10.9507,11.1335,10.7224,10.9051,3204.161837429519,0
LSI,D,20180625,000000,10.9051,11.1791,10.1752,10.9507,19916.45626204182,0
LSI,D,20180626,000000,10.7224,11.4075,10.7224,11.0878,11341.198605949698,0
LSI,D,20180627,000000,11.2705,11.2705,10.768,11.2705,13538.608380322477,0
LSI,D,20180628,000000,11.1791,11.1791,10.768,11.0878,3375.4568126676336,0
LSI,D,20180629,000000,10.8594,11.0878,10.8594,11.0878,6514.46350614155,0
LSI,D,20180702,000000,10.9507,11.0421,10.8594,11.0421,5831.38538402637,0
LSI,D,20180703,000000,10.9964,11.0421,10.768,10.9964,15224.235007819843,0
LSI,D,20180704,000000,10.8137,10.9964,10.4036,10.4949,24588.710617308832,0
LSI,D,20180705,000000,10.3579,10.7224,10.2209,10.7224,8689.804602723743,0
LSI,D,20180706,000000,10.5406,10.6767,10.5406,10.6767,438.2208875723547,0
LSI,D,20180709,000000,10.7224,10.8594,10.4036,10.6767,8255.787272825944,0
LSI,D,20180710,000000,10.4493,10.5863,10.4036,10.4493,5896.5405279819715,0
LSI,D,20180711,000000,10.4036,10.632,10.4036,10.4036,28401.337428130802,0
LSI,D,20180712,000000,10.632,10.7224,10.4949,10.7224,2093.3717219283703,0
LSI,D,20180713,000000,10.7224,10.7224,10.4036,10.632,25619.63313699364,0
LSI,D,20180716,000000,10.5406,10.5406,10.3122,10.4949,43136.90885628259,0
LSI,D,20180717,000000,10.5863,10.5863,10.2666,10.5863,5654.835961695061,0
LSI,D,20180718,000000,10.5406,10.5406,10.2666,10.3122,57446.87006988673,0
LSI,D,20180719,000000,10.2666,10.4949,10.0382,10.3579,6441.952136255478,0
LSI,D,20180720,000000,10.2666,10.4036,10.2666,10.4036,1318.866220391619,0
LSI,D,20180723,000000,10.3122,10.5406,10.1752,10.4949,12623.28369668896,0
LSI,D,20180724,000000,10.4949,10.5863,10.3122,10.4949,49324.545753228114,0
LSI,D,20180725,000000,10.4036,10.4949,10.2209,10.4493,44692.22519586793,0
LSI,D,20180726,000000,10.4493,10.4949,10.2666,10.4493,990.988721776332,0
LSI,D,20180727,000000,10.4493,10.4493,10.2209,10.3122,4355.936640257578,0
LSI,D,20180730,000000,10.3122,10.3122,9.85551,9.90111,13207.578213451276,0
LSI,D,20180731,000000,10.0382,10.0382,9.39966,9.80981,4695.373922477891,0
LSI,D,20180801,000000,9.58236,10.2209,9.58236,10.2209,5636.970841578202,0
LSI,D,20180802,000000,10.1752,10.2209,10.1752,10.2209,2892.047680093813,0
LSI,D,20180803,000000,10.2209,10.2666,9.80981,9.80981,10302.919860334208,0
LSI,D,20180806,000000,10.0838,10.1295,9.85551,10.0382,1742.3746561030314,0
LSI,D,20180807,000000,9.85551,9.9925,9.80981,9.9925,993.0905006136096,0
LSI,D,20180808,000000,9.85551,10.0382,9.85551,10.0382,3318.708784061142,0
LSI,D,20180809,000000,9.85551,9.85551,9.39966,9.67371,6136.143315431604,0
LSI,D,20180810,000000,9.67371,9.76411,9.67371,9.76411,390.9308637336114,0
LSI,D,20180813,000000,9.76411,9.76411,8.79722,9.53668,6118.278195314746,0
LSI,D,20180814,000000,9.58236,9.67371,9.58236,9.67371,220.68677791413546,0
LSI,D,20180816,000000,9.58236,9.58236,9.03454,9.03454,36949.271959338104,0
LSI,D,20180817,000000,9.10752,9.80981,9.10752,9.80981,13623.730423232422,0
LSI,D,20180820,000000,9.85551,10.6767,9.85551,10.6767,20016.2907568125,0
LSI,D,20180821,000000,10.6767,10.9507,10.4036,10.632,4665.949018756006,0
LSI,D,20180822,000000,10.4036,10.4036,10.2209,10.3122,3845.2043827991506,0
LSI,D,20180823,000000,10.0382,10.4036,9.80981,10.4036,3780.0492388435487,0
LSI,D,20180824,000000,10.1295,10.8137,10.0382,10.4036,5144.103704236634,0
LSI,D,20180827,000000,10.4949,10.8594,10.1295,10.768,1473.3469649315139,0
LSI,D,20180828,000000,10.5406,11.3618,10.5406,10.9507,10433.230148245,0
LSI,D,20180829,000000,10.9507,10.9507,10.9507,10.9507,44.13735558282709,0
LSI,D,20180830,000000,10.768,10.9507,10.6767,10.9051,1369.3089124862786,0
LSI,D,20180831,000000,10.8594,10.9051,10.5406,10.8594,671.518338510155,0
LSI,D,20180903,000000,10.8137,10.8594,10.3579,10.5863,2957.202824049415,0
LSI,D,20180904,000000,10.3579,10.4493,10.3122,10.4493,609.5158628104693,0
LSI,D,20180905,000000,10.4493,10.8594,10.3579,10.4949,13442.977443227179,0
LSI,D,20180906,000000,10.3122,11.2705,10.3122,10.8137,5809.316706234957,0
LSI,D,20180907,000000,10.4949,10.8137,10.4949,10.8137,361.50596001172664,0
LSI,D,20180910,000000,10.8137,10.8137,10.3579,10.4949,927.9353566580077,0
LSI,D,20180911,000000,10.4949,10.6767,10.4949,10.6767,835.4570878177985,0
LSI,D,20180912,000000,10.4036,10.7224,10.4036,10.7224,574.8365119953909,0
LSI,D,20180913,000000,10.7224,10.7224,10.4949,10.5863,321.57216210345456,0
LSI,D,20180914,000000,10.5863,10.6767,10.5863,10.6767,66.20603337424063,0
LSI,D,20180918,000000,10.7224,10.8137,10.632,10.768,1102.3830001520384,0
LSI,D,20180919,000000,10.632,10.768,10.632,10.768,359.40418117444915,0
LSI,D,20180920,000000,10.768,11.0421,10.768,10.9964,5406.8260588963185,0
LSI,D,20180921,000000,11.0421,11.2248,10.9507,11.2248,5932.270768215689,0
LSI,D,20180924,000000,11.2248,11.2705,11.2248,11.2248,1443.9220612096292,0
LSI,D,20180925,000000,11.2705,11.4075,11.2248,11.4075,5581.273702390349,0
LSI,D,20180926,000000,11.4075,11.7263,11.1335,11.1335,12996.349440305714,0
LSI,D,20180927,000000,10.9507,11.1791,10.4036,10.7224,3990.2271225712966,0
LSI,D,20180928,000000,10.9507,11.0878,10.4036,11.0878,1870.5831651769577,0
LSI,D,20181001,000000,11.1335,11.4532,11.0878,11.2248,655.754997230574,0
LSI,D,20181002,000000,11.2705,11.2705,10.8137,11.2705,198.6181001227219,0
LSI,D,20181003,000000,10.768,11.2248,10.768,11.2248,993.0905006136096,0
LSI,D,20181004,000000,11.0878,11.0878,11.0878,11.0878,21.017788372774806,0
LSI,D,20181008,000000,11.0878,11.1335,11.0878,11.1335,2296.1933797256474,0
LSI,D,20181009,000000,11.1791,11.7263,11.1791,11.6806,5814.571153328149,0
LSI,D,20181010,000000,11.0421,11.4075,10.8137,11.1791,1167.5381441076404,0
LSI,D,20181011,000000,10.8137,11.1791,10.6767,11.1791,1336.7313405084776,0
LSI,D,20181015,000000,11.0421,11.2248,11.0421,11.2248,591.6507426936108,0
LSI,D,20181016,000000,10.8594,11.4988,10.8594,11.4988,1776.003117499471,0
LSI,D,20181017,000000,11.4075,11.4988,11.4075,11.4988,262.72235465968504,0
LSI,D,20181018,000000,11.4988,11.4988,11.4988,11.4988,1284.1868695765406,0
LSI,D,20181019,000000,11.5445,11.6806,11.5445,11.6806,1487.0085273738173,0
LSI,D,20181022,000000,11.6806,11.7263,11.6349,11.7263,3356.5408031321363,0
LSI,D,20181023,000000,11.7263,11.8176,11.3618,11.7263,1366.1562442303625,0
LSI,D,20181024,000000,11.7263,11.8176,11.4075,11.7263,572.7347331581135,0
LSI,D,20181026,000000,11.3162,11.3162,11.3162,11.3162,54.64624976921449,0
LSI,D,20181029,000000,11.5445,11.5445,11.5445,11.5445,22.068677791413545,0
LSI,D,20181030,000000,11.4075,11.5445,11.4075,11.5445,157.63341279581104,0
LSI,D,20181031,000000,11.3162,11.5445,11.3162,11.5445,597.9560792054432,0
LSI,D,20181102,000000,11.5445,11.6806,11.5445,11.6806,1175.9452594567504,0
LSI,D,20181105,000000,11.5445,11.5445,11.4988,11.4988,759.7930496758092,0
LSI,D,20181106,000000,11.4532,11.6806,11.4532,11.6806,129.25939849256505,0
LSI,D,20181107,000000,11.4988,11.6349,11.4075,11.6349,948.9531450307825,0
LSI,D,20181108,000000,11.5901,11.5901,11.5901,11.5901,863.8311021210444,0
LSI,D,20181109,000000,11.3618,11.5445,11.3618,11.5445,429.81377222324477,0
LSI,D,20181113,000000,11.3618,11.4988,11.3162,11.4988,1054.0420868946564,0
LSI,D,20181115,000000,11.0421,11.3618,11.0421,11.3618,146.07362919078489,0
LSI,D,20181116,000000,11.0421,11.2705,11.0421,11.2705,934.24069316984,0
LSI,D,20181120,000000,10.9964,11.0878,10.9964,11.0878,124.00495139937135,0
LSI,D,20181121,000000,10.8594,11.3162,10.8594,11.3162,3358.642581969414,0
LSI,D,20181122,000000,11.3162,11.3162,11.3162,11.3162,72.51136988607307,0
LSI,D,20181123,000000,10.9507,11.2248,10.9507,11.2248,835.4570878177985,0
LSI,D,20181126,000000,10.9507,11.3162,10.9507,11.3162,3630.8229413968475,0
LSI,D,20181127,000000,11.3162,11.5445,11.1335,11.5445,9935.10856381065,0
LSI,D,20181128,000000,11.5445,11.5445,11.5445,11.5445,642.0934347882703,0
LSI,D,20181129,000000,11.5445,11.5445,11.3162,11.5445,624.2283146714117,0
LSI,D,20181130,000000,11.5445,11.5901,11.5445,11.5901,1150.7239134094207,0
LSI,D,20181203,000000,11.1335,11.5445,11.1335,11.4988,1109.7392260825097,0
LSI,D,20181204,000000,11.0878,11.4988,11.0878,11.4988,141.87007151622993,0
LSI,D,20181206,000000,11.1335,11.3618,11.0421,11.3618,1343.03667702031,0
LSI,D,20181210,000000,11.0421,11.2705,10.9507,11.2248,483.40913257382056,0
LSI,D,20181211,000000,10.9507,11.0421,10.9507,11.0421,438.2208875723547,0
LSI,D,20181212,000000,11.0421,11.0878,11.0421,11.0878,2527.3890518261705,0
LSI,D,20181213,000000,11.0421,11.0421,10.7224,10.9964,3713.843205469308,0
LSI,D,20181214,000000,10.7224,10.7224,10.3579,10.4949,2538.9488354311966,0
LSI,D,20181217,000000,10.4949,10.7224,9.49101,10.1295,4579.776086427631,0
LSI,D,20181218,000000,10.1295,10.5863,10.1295,10.4036,1825.3949201754917,0
LSI,D,20181219,000000,10.3579,10.4036,10.0838,10.2209,3745.3698880284705,0
LSI,D,20181220,000000,10.2209,10.6767,10.2209,10.5406,3556.209792673497,0
LSI,D,20181221,000000,10.2209,10.5406,10.0838,10.3122,1759.1888868012513,0
LSI,D,20181227,000000,10.3122,10.3122,10.1295,10.3122,2005.0970107627163,0
LSI,D,20181228,000000,10.3122,10.5863,10.2666,10.5863,1604.7081422613564,0
LSI,D,20190103,000000,10.4949,10.4949,10.4949,10.4949,109.29249953842898,0
LSI,D,20190107,000000,10.2209,10.4493,10.2209,10.4493,142.92096093486867,0
LSI,D,20190108,000000,10.2209,10.4036,10.2209,10.4036,337.33550338303564,0
LSI,D,20190110,000000,10.1295,10.3579,10.0838,10.3579,2538.9488354311966,0
LSI,D,20190111,000000,10.4036,10.4036,10.2209,10.4036,134.51384558575876,0
LSI,D,20190114,000000,10.4036,10.4493,10.4036,10.4493,709.3503575811498,0
LSI,D,20190115,000000,10.4493,10.4493,10.2666,10.4493,1149.6730239907818,0
LSI,D,20190116,000000,10.4493,10.4493,10.2666,10.4493,1381.9195855099433,0
LSI,D,20190118,000000,10.4493,11.0421,10.3579,11.0421,8075.03429282008,0
LSI,D,20190121,000000,11.0421,11.0421,11.0421,11.0421,10.508894186387403,0
LSI,D,20190122,000000,10.7224,11.1791,10.7224,11.1791,3520.47955243978,0
LSI,D,20190124,000000,11.1335,11.4075,11.1335,11.4075,1296.7975426002056,0
LSI,D,20190125,000000,11.2248,11.4075,10.9507,11.4075,1304.1537685306766,0
LSI,D,20190128,000000,10.9507,10.9507,10.768,10.9507,2903.6074636988396,0
LSI,D,20190129,000000,10.9507,11.1335,10.7224,11.0421,1402.9373738827182,0
LSI,D,20190130,000000,10.9964,10.9964,10.9964,10.9964,734.5717036284794,0
LSI,D,20190201,000000,10.9964,10.9964,10.9964,10.9964,898.5104529361229,0
LSI,D,20190204,000000,11.0878,11.1335,11.0878,11.1335,1215.8790573650224,0
LSI,D,20190206,000000,10.9507,11.1335,10.9507,11.1335,175.49853291266962,0
LSI,D,20190207,000000,10.8137,11.1335,10.5863,11.0421,2846.859435092347,0
LSI,D,20190211,000000,10.768,10.9507,10.632,10.9507,145.02273977214614,0
LSI,D,20190212,000000,10.5863,10.9507,10.2666,10.5406,3133.7522463807236,0
LSI,D,20190213,000000,10.4949,10.9507,10.3579,10.8594,1819.0895836636594,0
LSI,D,20190214,000000,10.3579,10.7224,10.3579,10.7224,1132.8587932925618,0
LSI,D,20190215,000000,10.3122,10.6767,10.3122,10.5863,590.599853274972,0
LSI,D,20190218,000000,10.3122,10.6767,10.3122,10.6767,785.0143957231389,0
LSI,D,20190219,000000,10.4036,10.6767,10.4036,10.6767,1798.0717952908847,0
LSI,D,20190220,000000,10.4036,10.6767,10.3579,10.6767,714.6048046743433,0
LSI,D,20190221,000000,10.3579,10.5863,10.3122,10.4949,850.1695396787409,0
LSI,D,20190222,000000,10.3122,10.4949,10.2666,10.4949,3152.668255916221,0
LSI,D,20190225,000000,10.2666,10.4949,10.2209,10.4493,1534.2985512125606,0
LSI,D,20190226,000000,10.1295,10.4493,10.1295,10.4493,820.7446359568561,0
LSI,D,20190227,000000,10.1752,10.3579,10.1752,10.3579,553.8187236226161,0
LSI,D,20190228,000000,10.0382,10.3579,10.0382,10.3122,1869.5322757583187,0
LSI,D,20190301,000000,10.0382,10.3122,9.35398,10.1752,3199.958279754964,0
LSI,D,20190304,000000,9.67371,10.1752,9.67371,10.1752,1661.4561708678482,0
LSI,D,20190305,000000,10.2209,10.2209,10.1752,10.2209,366.7604071049203,0
LSI,D,20190306,000000,10.1295,10.1752,10.1295,10.1752,772.4037226994741,0
LSI,D,20190307,000000,10.1295,10.2209,9.85551,10.2209,12447.78516377588,0
LSI,D,20190308,000000,10.1752,10.1752,10.0382,10.1295,180.75298000586332,0
LSI,D,20190311,000000,9.80981,10.0382,9.67371,10.0382,3610.8560424427114,0
LSI,D,20190312,000000,10.0382,10.1295,9.85551,9.85551,2650.343113806903,0
LSI,D,20190313,000000,9.71938,9.85551,9.67371,9.85551,1223.2352832954937,0
LSI,D,20190314,000000,9.85551,9.85551,9.62804,9.85551,334.1828351271194,0
LSI,D,20190315,000000,9.85551,10.0382,9.58236,10.0382,445.57711350282585,0
LSI,D,20190318,000000,10.0382,10.1295,10.0382,10.1295,1183.3014853872216,0
LSI,D,20190319,000000,10.1295,10.1295,10.0382,10.1295,571.6838437394747,0
LSI,D,20190320,000000,10.0382,10.1295,10.0382,10.1295,573.7856225767522,0
LSI,D,20190321,000000,10.0838,10.4493,10.0838,10.4036,3466.884192089204,0
LSI,D,20190322,000000,10.3579,10.4036,10.3579,10.4036,131.36117732984252,0
LSI,D,20190325,000000,10.632,10.7224,9.90111,10.3122,5990.0696862408195,0
LSI,D,20190327,000000,10.1752,10.4949,10.1752,10.4949,1210.6246102718287,0
LSI,D,20190328,000000,10.0382,10.4949,10.0382,10.4949,482.35824315518175,0
LSI,D,20190329,000000,10.2209,10.4036,10.2209,10.4036,230.1447826818841,0
LSI,D,20190401,000000,10.0382,10.3122,10.0382,10.3122,418.2539886182186,0
LSI,D,20190403,000000,10.1295,10.1752,10.1295,10.1752,186.00742709905703,0
LSI,D,20190404,000000,9.90111,10.1752,9.85551,10.1752,2362.399413099888,0
LSI,D,20190405,000000,9.71938,10.0838,9.71938,10.0838,190.21098477361198,0
LSI,D,20190408,000000,9.9925,10.0382,9.9925,10.0382,148.17540802806238,0
LSI,D,20190409,000000,9.9468,10.0382,9.76411,10.0382,1608.9116999359112,0
LSI,D,20190410,000000,10.0382,10.1752,10.0382,10.1752,1123.4007885248134,0
LSI,D,20190411,000000,9.9468,10.0838,9.76411,10.0382,2099.677058440203,0
LSI,D,20190412,000000,9.76411,10.0382,9.76411,10.0382,1995.6390059949676,0
LSI,D,20190415,000000,9.85551,9.9925,9.85551,9.9468,1096.077663640206,0
LSI,D,20190416,000000,9.90111,9.90111,9.90111,9.90111,98.78360535204158,0
LSI,D,20190417,000000,9.76411,9.76411,9.76411,9.76411,881.696222237903,0
LSI,D,20190418,000000,9.76411,9.9468,9.76411,9.9468,177.60031174994708,0
LSI,D,20190423,000000,9.90111,9.9468,9.90111,9.9468,136.61562442303622,0
LSI,D,20190424,000000,9.76411,9.76411,9.49101,9.76411,2190.053548443135,0
LSI,D,20190426,000000,9.76411,9.76411,9.58236,9.76411,635.7880982764378,0
LSI,D,20190429,000000,9.71938,9.85551,9.71938,9.85551,148.17540802806238,0
LSI,D,20190430,000000,9.85551,10.6767,9.85551,10.5863,3992.328901408574,0
LSI,D,20190502,000000,10.2666,10.4949,10.2666,10.4949,139.76829267895246,0
LSI,D,20190506,000000,10.2666,10.4949,10.2666,10.4949,1593.1483586563304,0
LSI,D,20190507,000000,10.3122,10.4036,10.2209,10.4036,1329.3751145780063,0
LSI,D,20190508,000000,10.3122,10.3122,10.3122,10.3122,1096.077663640206,0
LSI,D,20190509,000000,10.2666,10.2666,10.2666,10.2666,5.2544470931937015,0
LSI,D,20190510,000000,10.1295,10.2666,10.1295,10.2666,1484.90674853654,0
LSI,D,20190513,000000,9.9468,10.2666,9.9468,10.2666,547.5133871107837,0
LSI,D,20190515,000000,10.0382,10.2209,10.0382,10.2209,700.9432422320397,0
LSI,D,20190517,000000,9.85551,10.2209,9.85551,10.2209,1214.8281679463837,0
LSI,D,20190520,000000,10.1752,10.1752,10.0382,10.1295,3341.828351271194,0
LSI,D,20190521,000000,9.85551,9.85551,9.53668,9.67371,3210.4671739413516,0
LSI,D,20190522,000000,9.53668,9.67371,9.30831,9.58236,1971.4685493662766,0
LSI,D,20190523,000000,9.58236,9.76411,9.39966,9.76411,1635.1839354018798,0
LSI,D,20190524,000000,9.76411,9.9468,9.76411,9.9468,1237.947735156436,0
LSI,D,20190527,000000,9.53668,9.76411,9.21695,9.58236,2340.3307353084747,0
LSI,D,20190528,000000,9.12561,9.39966,9.12561,9.39966,1949.399871574863,0
LSI,D,20190529,000000,9.39966,9.85551,9.39966,9.85551,816.5410782823012,0
LSI,D,20190530,000000,9.53668,9.85551,9.39966,9.58236,3002.3910690508806,0
LSI,D,20190531,000000,9.35398,9.76411,9.12561,9.58236,3891.443517219255,0
LSI,D,20190603,000000,9.44533,9.49101,9.44533,9.49101,339.43728222031314,0
LSI,D,20190604,000000,9.49101,9.58236,9.49101,9.58236,2536.8470565939188,0
LSI,D,20190605,000000,9.58236,9.58236,9.49101,9.49101,216.4832202395805,0
LSI,D,20190606,000000,9.12561,9.49101,9.03454,9.03454,7692.510544435579,0
LSI,D,20190607,000000,9.01627,9.03454,8.77895,8.94328,3292.4365485951735,0
LSI,D,20190610,000000,9.03454,9.07136,8.83376,8.97972,4565.063634566687,0
LSI,D,20190611,000000,8.94328,8.97972,8.41392,8.90674,4659.643682244175,0
LSI,D,20190612,000000,8.8702,8.97972,8.85202,8.92501,1871.6340545955964,0
LSI,D,20190613,000000,8.85202,8.94328,8.85202,8.85202,443.4753346655484,0
LSI,D,20190614,000000,8.85202,8.92501,8.85202,8.92501,224.89033558869042,0
LSI,D,20190617,000000,8.90674,8.99799,8.90674,8.99799,2617.765541829102,0
LSI,D,20190618,000000,8.94328,8.99799,8.94328,8.99799,1136.011461548478,0
LSI,D,20190619,000000,8.99799,9.08945,8.94328,9.08945,2511.6257105465893,0
LSI,D,20190621,000000,9.08945,9.10752,9.08945,9.10752,180.75298000586332,0
LSI,D,20190624,000000,9.17128,9.17128,9.10752,9.17128,3842.0517145432345,0
LSI,D,20190625,000000,9.17128,9.21695,9.17128,9.21695,1479.6523014433465,0
LSI,D,20190626,000000,9.21695,9.39966,9.21695,9.39966,3090.665780216535,0
LSI,D,20190627,000000,9.39966,9.58236,9.12561,9.58236,5622.258389717261,0
LSI,D,20190628,000000,9.58236,9.58236,9.30831,9.49101,470.7984595501556,0
LSI,D,20190701,000000,9.49101,9.9925,9.39966,9.9925,5477.235649945114,0
LSI,D,20190702,000000,9.9925,10.4949,9.9925,10.4949,7105.063359416523,0
LSI,D,20190703,000000,10.2666,10.4949,10.2666,10.4949,1549.0110030735032,0
LSI,D,20190704,000000,10.4949,10.9051,10.4949,10.9051,10348.108105336089,0
LSI,D,20190705,000000,10.9051,11.3618,10.9051,11.3618,10363.871446615669,0
LSI,D,20190708,000000,11.3162,11.3618,11.3162,11.3618,1096.077663640206,0
LSI,D,20190709,000000,11.3618,11.3618,10.9964,11.3618,11472.559783279541,0
LSI,D,20190710,000000,11.1791,11.3618,11.1335,11.3618,1846.4127085482667,0
LSI,D,20190711,000000,11.3618,11.3618,11.2705,11.2705,465.5440124569619,0
LSI,D,20190712,000000,11.1791,11.6806,11.1335,11.6349,5606.495048437679,0
LSI,D,20190715,000000,11.6349,11.6806,11.5901,11.6349,2136.458188092559,0
LSI,D,20190716,000000,11.6349,11.6349,11.4988,11.6349,238.551898030994,0
LSI,D,20190717,000000,11.6349,11.772,11.6349,11.7263,4405.328442933599,0
LSI,D,20190718,000000,11.4532,11.6349,11.0421,11.4532,9752.25380496751,0
LSI,D,20190719,000000,11.4532,11.4532,11.1335,11.1335,240.65367686827153,0
LSI,D,20190722,000000,11.6092,11.9423,11.514,11.7996,2252.05602414282,0
LSI,D,20190723,000000,11.7996,11.8471,11.4665,11.7519,1129.7061250366457,0
LSI,D,20190724,000000,11.4665,11.4665,10.7053,11.0858,10212.543370331277,0
LSI,D,20190725,000000,11.2762,11.3713,11.2762,11.3713,530.6991564125638,0
LSI,D,20190726,000000,11.3713,11.3713,11.3713,11.3713,5.2544470931937015,0
LSI,D,20190729,000000,11.2285,11.2285,11.2285,11.2285,262.72235465968504,0
LSI,D,20190731,000000,11.2285,11.3713,10.9431,11.2762,154.48074453989483,0
LSI,D,20190801,000000,11.3713,11.3713,11.3713,11.3713,10.508894186387403,0
LSI,D,20190802,000000,11.3713,11.3713,11.3713,11.3713,5.2544470931937015,0
LSI,D,20190805,000000,11.2285,11.2285,10.848,11.1335,3197.856500917687,0
LSI,D,20190806,000000,10.9431,10.9431,10.9431,10.9431,357.30240233717166,0
LSI,D,20190807,000000,10.8004,10.9907,10.4673,10.9907,5768.332018908045,0
LSI,D,20190808,000000,10.8004,11.2762,10.0391,11.2762,3475.291307438314,0
LSI,D,20190812,000000,10.9431,10.9431,10.9431,10.9431,26.272235465968503,0
LSI,D,20190814,000000,10.9431,10.9431,10.1342,10.8004,3790.558133029936,0
LSI,D,20190819,000000,10.5625,10.7053,10.5625,10.7053,315.2668255916221,0
LSI,D,20190820,000000,10.6576,10.6576,10.6576,10.6576,109.29249953842898,0
LSI,D,20190821,000000,10.4673,10.7528,10.4673,10.7528,1481.7540802806236,0
LSI,D,20190823,000000,10.7053,10.7528,10.7053,10.7528,215.43233082094176,0
LSI,D,20190826,000000,10.6576,10.7528,10.6576,10.7528,147.12451860942363,0
LSI,D,20190828,000000,10.3722,10.7053,10.3246,10.7053,325.7757197780095,0
LSI,D,20190829,000000,10.4673,11.8947,10.277,11.4189,79186.61947326676,0
LSI,D,20190830,000000,11.4189,11.6568,11.4189,11.6568,2485.3534750806207,0
LSI,D,20190902,000000,11.6568,12.8462,11.6568,12.8462,35578.9121574334,0
LSI,D,20190903,000000,12.8462,13.1317,12.5608,12.7987,60869.61690639352,0
LSI,D,20190904,000000,12.7035,12.7035,12.2278,12.3705,6086.7515127555835,0
LSI,D,20190905,000000,12.3705,12.656,12.3705,12.656,1008.8538418931906,0
LSI,D,20190906,000000,12.656,12.656,12.3705,12.5608,5824.029158095898,0
LSI,D,20190909,000000,12.5608,13.2744,12.5132,13.2744,18975.910232360147,0
LSI,D,20190910,000000,13.2269,13.2269,12.5132,13.0842,1891.6009535497324,0
LSI,D,20190911,000000,12.656,13.0366,12.656,13.0366,427.7119933859673,0
LSI,D,20190912,000000,12.7511,12.7511,12.4656,12.656,945.8004767748662,0
LSI,D,20190913,000000,12.4656,12.656,12.3705,12.656,3532.039336044806,0
LSI,D,20190916,000000,12.7035,12.7035,12.656,12.656,900.6122317734004,0
LSI,D,20190917,000000,12.418,12.656,12.2753,12.6084,497.0706950161241,0
LSI,D,20190918,000000,12.656,13.1317,12.3705,13.0842,24560.336603006202,0
LSI,D,20190919,000000,13.0366,13.7978,12.8462,13.6075,19540.23785016853,0
LSI,D,20190920,000000,13.4648,13.6075,13.2744,13.5599,534.9027140871189,0
LSI,D,20190923,000000,13.1793,13.6075,13.1317,13.6075,1985.1301118085803,0
LSI,D,20190924,000000,13.3221,13.5123,13.3221,13.5123,157.63341279581104,0
LSI,D,20190925,000000,13.2269,13.5599,13.1317,13.3696,4615.506326661347,0
LSI,D,20190926,000000,13.3696,13.4172,13.3696,13.4172,63.053365118324415,0
LSI,D,20190927,000000,13.1793,13.3696,12.7511,13.2269,2576.780854502191,0
LSI,D,20190930,000000,13.1793,13.2744,12.9414,13.1317,1584.7412433072204,0
LSI,D,20191001,000000,12.656,12.7035,11.4189,12.2753,32350.579863374776,0
LSI,D,20191002,000000,11.9898,12.418,11.7519,12.3705,8303.077296664687,0
LSI,D,20191003,000000,12.3229,13.1317,12.3229,13.1317,12821.901796811477,0
LSI,D,20191004,000000,13.0842,13.2269,12.656,13.1793,7956.283788513902,0
LSI,D,20191007,000000,12.7987,13.1793,12.7987,12.989,1129.7061250366457,0
LSI,D,20191008,000000,12.7511,12.8462,12.6084,12.6084,12669.52283110886,0
LSI,D,20191009,000000,12.7987,12.8462,12.7987,12.8462,210.17788372774802,0
LSI,D,20191010,000000,12.656,12.656,12.2753,12.5608,5703.1768749524435,0
LSI,D,20191011,000000,12.5132,12.5608,12.3229,12.5608,4329.66440479161,0
LSI,D,20191014,000000,12.5608,12.5608,12.5608,12.5608,923.7317989834527,0
LSI,D,20191016,000000,12.5608,13.0842,12.5608,13.0842,3988.125343734019,0
LSI,D,20191017,000000,13.1317,13.3221,13.1317,13.3221,5621.207500298622,0
LSI,D,20191018,000000,13.0366,13.3221,13.0366,13.1317,4230.880799439568,0
LSI,D,20191021,000000,13.2269,13.6075,13.1317,13.6075,6507.10728021108,0
LSI,D,20191022,000000,13.6075,14.0833,13.5599,14.0833,7240.62809442092,0
LSI,D,20191023,000000,14.0833,14.0833,13.6075,13.9405,12332.187327725616,0
LSI,D,20191024,000000,14.0357,14.0357,13.5123,13.7503,4435.804236074123,0
LSI,D,20191025,000000,13.7503,13.7503,12.7035,13.2269,4577.674307590352,0
LSI,D,20191028,000000,13.3221,13.6075,13.3221,13.6075,283.74014303245986,0
LSI,D,20191030,000000,13.6075,13.6075,13.0842,13.4172,1895.8045112242874,0
LSI,D,20191031,000000,13.4172,13.4648,13.4172,13.4648,110.34338895706773,0
LSI,D,20191104,000000,13.5123,13.5599,13.3221,13.3221,2269.921144259679,0
LSI,D,20191105,000000,13.2269,13.4172,13.2269,13.3221,1780.206675174026,0
LSI,D,20191106,000000,13.3221,13.3221,13.3221,13.3221,704.095910487956,0
LSI,D,20191108,000000,13.1317,13.3221,13.0842,13.3221,378.32019070994653,0
LSI,D,20191112,000000,13.2269,13.2269,12.9414,12.9414,1084.51788003518,0
LSI,D,20191113,000000,13.0366,13.0366,13.0366,13.0366,10.508894186387403,0
LSI,D,20191114,000000,12.8939,13.0366,12.8462,13.0366,1659.354392030571,0
LSI,D,20191115,000000,12.8462,13.6075,12.8462,13.6075,11274.992572574838,0
LSI,D,20191118,000000,13.7978,14.9398,13.7027,14.7018,17253.502475210425,0
LSI,D,20191119,000000,14.3212,15.5107,14.3212,14.8921,15961.959379703618,0
LSI,D,20191120,000000,14.9398,15.2252,14.7494,15.2252,2458.0303501960134,0
LSI,D,20191121,000000,15.13,15.6058,14.9873,15.5107,14136.564459528747,0
LSI,D,20191122,000000,15.4155,15.6534,15.3203,15.3203,7210.152301280396,0
LSI,D,20191125,000000,15.6058,15.7962,15.3203,15.7486,7914.248211768353,0
LSI,D,20191126,000000,15.7486,16.0816,15.6534,15.701,20292.674673914076,0
LSI,D,20191127,000000,15.7486,15.7486,15.0349,15.5582,6726.743168706576,0
LSI,D,20191128,000000,15.2252,15.463,14.5591,14.6543,10983.896203612527,0
LSI,D,20191129,000000,14.5115,15.0825,14.5115,15.0825,2641.9359984577927,0
LSI,D,20191202,000000,15.0825,15.4155,14.5115,14.7018,6657.384467076419,0
LSI,D,20191203,000000,14.7494,15.4155,14.6543,14.7494,9927.75233788018,0
LSI,D,20191204,000000,14.7494,15.13,14.7494,15.13,1914.7205207597847,0
LSI,D,20191205,000000,15.0825,15.13,14.6543,14.797,8263.143498756413,0
LSI,D,20191206,000000,15.1776,15.1776,15.0825,15.1776,632.6354300205217,0
LSI,D,20191209,000000,15.13,15.13,14.7494,14.8446,6937.971941852963,0
LSI,D,20191210,000000,14.7494,15.0349,14.7494,15.0349,1869.5322757583187,0
LSI,D,20191211,000000,15.0349,15.0825,14.7494,15.0825,2440.1652300791548,0
LSI,D,20191212,000000,14.797,15.7486,14.797,15.701,10855.687694538186,0
LSI,D,20191213,000000,15.701,15.8913,15.6534,15.8913,2936.18503567664,0
LSI,D,20191216,000000,15.9389,16.0816,15.8437,16.0816,9200.53686018217,0
LSI,D,20191217,000000,16.1768,16.8429,16.1768,16.7953,11260.280120714102,0
LSI,D,20191218,000000,16.7953,16.8905,16.5574,16.8905,3864.120392334648,0
LSI,D,20191219,000000,16.6525,18.08,16.6525,18.08,106512.89702612539,0
LSI,D,20191220,000000,18.2702,19.8879,18.2702,18.9839,14356.200348024038,0
LSI,D,20191223,000000,18.8412,19.1266,18.3654,18.9839,7945.7748943275155,0
LSI,D,20191227,000000,18.5082,18.9839,18.2702,18.7936,2822.6889784636564,0
LSI,D,20191230,000000,18.7461,19.2218,18.08,18.08,9630.350632405416,0
LSI,D,20200102,000000,18.5557,19.8879,18.5557,19.7927,5033.760315279566,0
LSI,D,20200103,000000,19.5073,19.9831,19.0315,19.9831,7452.9077569859455,0
LSI,D,20200107,000000,20.1734,20.554,19.7927,20.4588,8046.660278516834,0
LSI,D,20200108,000000,20.0782,20.2686,19.4121,19.6976,3282.9785438274243,0
LSI,D,20200109,000000,19.6976,19.9831,19.2218,19.6976,44286.58188027421,0
LSI,D,20200110,000000,19.7927,20.6492,19.7927,19.9831,1935.7383091325594,0
LSI,D,20200113,000000,20.4588,20.4588,19.9831,20.0782,4872.974234227839,0
LSI,D,20200114,000000,20.1734,20.7443,19.9831,20.7443,10916.639280818821,0
LSI,D,20200115,000000,20.7443,20.8395,19.9831,20.4588,11726.875022589496,0
LSI,D,20200116,000000,20.4588,20.7443,20.0782,20.7443,21420.279020113026,0
LSI,D,20200117,000000,20.4588,20.9347,20.1734,20.9347,2234.190904025962,0
LSI,D,20200120,000000,20.9347,21.2202,20.7443,21.2202,895.3577846802067,0
LSI,D,20200121,000000,21.2202,21.6007,20.2686,20.9347,6342.117641484798,0
LSI,D,20200122,000000,20.7443,21.3152,20.7443,21.125,3238.8411882445976,0
LSI,D,20200123,000000,21.2202,21.2202,20.9347,21.2202,962.6147074730861,0
LSI,D,20200124,000000,21.5056,21.6959,21.125,21.6007,4850.905556436425,0
LSI,D,20200127,000000,21.0298,21.0298,20.0782,21.0298,7327.851916167936,0
LSI,D,20200128,000000,21.2202,21.4104,20.9347,20.9347,1576.3341279581105,0
LSI,D,20200129,000000,20.9347,21.0298,20.7443,20.9347,4234.033467695484,0
LSI,D,20200130,000000,20.9347,20.9347,20.4588,20.7443,677.8236750219875,0
LSI,D,20200131,000000,20.6492,21.4104,20.4588,21.4104,10640.255363717244,0
LSI,D,20200203,000000,21.6007,21.6007,20.4588,21.3152,2636.6815513645993,0
LSI,D,20200204,000000,20.9347,21.3152,20.554,21.2202,1954.6543186680567,0
LSI,D,20200205,000000,20.9347,21.3152,20.9347,21.2202,996.2431688695258,0
LSI,D,20200206,000000,20.8395,21.2202,20.7443,21.2202,1748.6799926148637,0
LSI,D,20200207,000000,21.2202,21.3152,20.9347,21.3152,5098.915459235168,0
LSI,D,20200210,000000,21.2202,21.3152,20.4588,21.3152,6031.05437356773,0
LSI,D,20200211,000000,21.125,21.125,20.6492,21.125,1973.5703282035543,0
LSI,D,20200212,000000,20.9347,21.125,20.6492,21.125,1007.8029524745518,0
LSI,D,20200213,000000,20.9347,21.125,20.9347,21.125,658.9076654864901,0
LSI,D,20200214,000000,20.9347,21.125,20.6492,21.125,1735.01843017256,0
LSI,D,20200217,000000,21.125,21.2202,20.7443,21.125,520.1902622261764,0
LSI,D,20200218,000000,20.8395,21.125,20.7443,21.125,1019.3627360795781,0
LSI,D,20200219,000000,20.8395,21.5056,20.7443,21.5056,12939.601411698395,0
LSI,D,20200220,000000,21.6007,22.4572,21.6007,22.2668,20212.807078097325,0
LSI,D,20200221,000000,22.2668,22.2668,21.9814,22.1717,918.477351890259,0
LSI,D,20200224,000000,22.4572,22.4572,20.9347,20.9347,8163.309003985734,0
LSI,D,20200225,000000,20.9347,21.125,19.5073,19.9831,3741.1663303539153,0
LSI,D,20200226,000000,19.8879,20.6492,19.8879,19.9831,3732.7592150048054,0
LSI,D,20200227,000000,19.9831,20.2686,18.2702,19.6976,15721.305702835554,0
LSI,D,20200228,000000,18.2702,19.5073,17.1284,19.5073,14652.551164079541,0
LSI,D,20200302,000000,19.0315,19.9831,18.5557,19.4121,8878.964698078715,0
LSI,D,20200303,000000,19.8879,20.6492,19.5073,20.554,9185.824408321228,0
LSI,D,20200304,000000,20.4588,20.554,19.1266,20.554,11628.091417237662,0
LSI,D,20200305,000000,20.554,20.554,19.9831,19.9831,1456.532734233294,0
LSI,D,20200306,000000,19.9831,19.9831,19.317,19.317,8315.687969688352,0
LSI,D,20200309,000000,18.4605,18.6509,16.6525,18.08,7144.997157324795,0
LSI,D,20200310,000000,17.5089,19.0315,17.5089,18.2702,8899.98248645149,0
LSI,D,20200311,000000,18.2702,18.3654,16.938,17.9372,9477.971666702799,0
LSI,D,20200312,000000,15.9389,15.9389,14.3687,14.3687,9049.208783898192,0
LSI,D,20200313,000000,13.4648,15.2252,13.3696,13.9882,12530.805427848132,0
LSI,D,20200316,000000,13.9882,13.9882,11.8947,12.5608,9460.10654658594,0
LSI,D,20200317,000000,12.4656,13.5599,12.085,13.5123,18947.536218056484,0
LSI,D,20200318,000000,12.8462,12.8462,12.3705,12.4656,4744.765725153912,0
LSI,D,20200319,000000,12.4656,15.0349,12.4656,15.0349,18718.442324793657,0
LSI,D,20200320,000000,15.9864,16.6525,14.1785,14.1785,6990.516412784899,0
LSI,D,20200323,000000,14.1785,14.1785,12.8462,13.5123,3074.902438936954,0
LSI,D,20200324,000000,13.5123,13.5123,13.4172,13.4172,608.4649733918307,0
LSI,D,20200325,000000,13.4648,14.6543,13.4172,14.226,16257.259306341311,0
LSI,D,20200326,000000,14.2737,14.2737,13.5599,13.893,16102.778561801004,0
LSI,D,20200327,000000,13.9882,14.5591,13.7027,14.2737,4072.1964972251185,0
LSI,D,20200330,000000,14.2737,14.2737,13.7978,14.2737,2382.366312054024,0
LSI,D,20200331,000000,14.4164,14.4164,13.7978,14.0833,936.3424720071176,0
LSI,D,20200401,000000,14.0833,14.1785,13.893,13.9882,677.8236750219875,0
LSI,D,20200402,000000,14.0833,14.0833,13.893,14.0357,8923.102053661543,0
LSI,D,20200403,000000,13.7978,14.0357,13.7027,13.893,3960.8022188494124,0
LSI,D,20200406,000000,14.0357,14.5115,13.8455,14.0833,7487.587107801024,0
LSI,D,20200407,000000,13.893,14.0357,13.5599,14.0357,8233.71859503453,0
LSI,D,20200408,000000,13.5599,14.0357,13.5123,13.5123,2763.8391710198866,0
LSI,D,20200409,000000,13.5599,13.7027,13.4648,13.7027,1895.8045112242874,0
LSI,D,20200414,000000,13.7503,14.4639,13.3696,13.7978,7744.004125948876,0
LSI,D,20200415,000000,13.8455,15.0349,13.5123,14.6543,8415.522464459033,0
LSI,D,20200416,000000,14.6543,14.9873,14.2737,14.9873,3589.8382540699363,0
LSI,D,20200417,000000,14.9873,15.2252,14.4164,14.7494,5612.800384949512,0
LSI,D,20200420,000000,15.0349,15.0349,14.1785,14.2737,3293.487438013812,0
LSI,D,20200421,000000,14.3687,14.3687,13.9882,13.9882,1450.2273977214616,0
LSI,D,20200422,000000,13.9882,14.0833,13.7978,14.0833,3301.8945533629217,0
LSI,D,20200423,000000,14.3687,14.3687,14.1309,14.1309,1166.4872546890015,0
LSI,D,20200424,000000,14.1309,14.3687,13.8455,14.3687,2138.5599669298363,0
LSI,D,20200427,000000,14.4639,14.4639,14.0833,14.226,3117.9889051011423,0
LSI,D,20200428,000000,14.226,14.226,13.4172,13.7978,8202.191912475368,0
LSI,D,20200429,000000,13.7027,13.9405,12.8462,13.7978,11037.491563962276,0
LSI,D,20200430,000000,13.893,14.0833,12.5608,13.0366,7035.704657786366,0
LSI,D,20200504,000000,13.1317,13.3221,12.5608,12.7987,7705.121217459244,0
LSI,D,20200505,000000,12.7987,13.6075,12.7987,13.2269,4973.859618417157,0
LSI,D,20200506,000000,13.3696,13.7503,13.3221,13.4172,6288.522281134222,0
LSI,D,20200507,000000,13.5599,13.5599,13.2269,13.2269,1297.8484320188443,0
LSI,D,20200508,000000,13.1317,13.3696,13.1317,13.3221,717.7574729302596,0
LSI,D,20200511,000000,13.3221,13.5599,13.2269,13.3696,13070.962589028237,0
LSI,D,20200512,000000,13.2269,13.2269,12.8462,12.8462,9423.325416933583,0
LSI,D,20200513,000000,13.1793,13.3221,12.8462,13.3221,15068.70337386069,0
LSI,D,20200514,000000,13.3221,13.3221,13.1793,13.1793,954.207592123976,0
LSI,D,20200515,000000,13.0842,13.4648,12.9414,13.4172,690.4343480456523,0
LSI,D,20200518,000000,13.3221,14.7018,13.3221,14.6543,13821.297633937125,0
LSI,D,20200519,000000,14.7018,15.6534,14.7018,15.463,29214.72583815698,0
LSI,D,20200520,000000,15.3203,15.5582,15.2252,15.5582,3355.4899137134976,0
LSI,D,20200521,000000,15.701,15.8913,15.701,15.8913,1422.9042728368543,0
LSI,D,20200522,000000,15.9864,15.9864,15.5107,15.701,2405.4858792640766,0
LSI,D,20200525,000000,15.701,15.701,14.6543,15.0349,10598.219786971695,0
LSI,D,20200526,000000,15.2252,15.3203,14.6067,15.0349,8241.074820965001,0
LSI,D,20200527,000000,15.0825,15.0825,14.7018,14.8446,2492.7097010110915,0
LSI,D,20200528,000000,14.8921,15.1776,14.8446,15.13,1356.6982394626136,0
LSI,D,20200529,000000,14.8446,15.13,14.4639,14.4639,1625.7259306341311,0
LSI,D,20200601,000000,14.7494,14.7494,14.5591,14.7494,4014.397579199988,0
LSI,D,20200602,000000,14.7494,14.7494,14.4639,14.6543,677.8236750219875,0
LSI,D,20200603,000000,14.5115,14.7494,13.9882,14.6543,6406.221896021761,0
LSI,D,20200604,000000,14.7018,14.7018,14.2737,14.2737,1139.1641298043946,0
LSI,D,20200605,000000,14.2737,14.6067,13.9882,14.4639,3033.917751610043,0
LSI,D,20200608,000000,14.7494,14.7494,14.2737,14.5115,1611.0134787731888,0
LSI,D,20200609,000000,14.5591,14.5591,14.2737,14.4164,502.3251421093178,0
LSI,D,20200610,000000,13.9882,14.2737,13.893,14.0833,1230.591509225965,0
LSI,D,20200612,000000,13.893,13.893,12.8462,13.8455,2298.295158562925,0
LSI,D,20200615,000000,13.5123,13.5123,13.3221,13.3221,1408.191820975912,0
LSI,D,20200616,000000,13.3221,14.5591,13.3221,14.5115,4367.496423862604,0
LSI,D,20200617,000000,14.2737,14.2737,13.7027,14.0833,1565.825233771723,0
LSI,D,20200618,000000,13.7027,13.7503,13.3221,13.7503,4841.447551668676,0
LSI,D,20200622,000000,13.893,13.893,13.5123,13.5123,788.1670639790552,0
LSI,D,20200623,000000,13.5599,13.6551,13.5123,13.5123,1075.0598752674312,0
LSI,D,20200624,000000,13.6551,13.7978,13.6075,13.6551,1985.1301118085803,0
LSI,D,20200625,000000,13.5123,13.5599,13.5123,13.5123,249.06079221738145,0
LSI,D,20200626,000000,13.3696,13.7027,13.3696,13.7027,5262.854208542811,0
LSI,D,20200629,000000,13.3221,13.3696,13.3221,13.3221,3085.411333123341,0
LSI,D,20200630,000000,13.2269,14.0357,12.989,13.7978,9666.080872639133,0
LSI,D,20200701,000000,13.8455,13.9882,13.5123,13.5123,1221.133504458216,0
LSI,D,20200702,000000,13.5123,13.7027,13.5123,13.7027,1709.7970841252304,0
LSI,D,20200703,000000,13.7027,13.9405,13.7027,13.7503,869.0855492142382,0
LSI,D,20200706,000000,13.7978,13.9882,13.7027,13.893,669.4165596728776,0
LSI,D,20200707,000000,13.7978,13.7978,13.5123,13.6551,572.7347331581135,0
LSI,D,20200708,000000,13.6551,14.0357,13.6551,14.0357,1842.2091508737117,0
LSI,D,20200709,000000,13.9882,14.2737,13.7978,14.226,3559.3624609294134,0
LSI,D,20200710,000000,14.1309,14.1309,13.893,13.893,331.03016687120316,0
LSI,D,20200713,000000,13.893,14.2737,13.7027,13.7027,3751.6752245403027,0
LSI,D,20200714,000000,13.7503,13.7503,13.3221,13.3221,6656.333577657781,0
LSI,D,20200715,000000,13.4172,13.893,13.4172,13.4648,1347.240234694865,0
LSI,D,20200716,000000,13.893,13.893,13.2269,13.2269,17034.91747613398,0
LSI,D,20200717,000000,13.4648,13.5123,13.2744,13.3696,804.9812946772751,0
LSI,D,20200720,000000,13.4172,13.4172,13.1793,13.1793,2471.6919126383173,0
LSI,D,20200721,000000,13.1317,13.1793,12.8939,12.8939,2890.9967906751745,0
LSI,D,20200722,000000,12.8939,13.0366,12.4656,12.6084,5767.281129489406,0
LSI,D,20200723,000000,12.656,12.7987,12.656,12.656,818.6428571195787,0
LSI,D,20200724,000000,12.656,12.7511,12.5608,12.6084,836.5079772364372,0
LSI,D,20200727,000000,12.5608,13.3221,12.5608,13.0842,1453.3800659773776,0
LSI,D,20200728,000000,13.4648,13.7978,13.0842,13.6551,6282.216944622389,0
LSI,D,20200730,000000,13.7978,13.7978,12.8462,12.8462,2083.913717160622,0
LSI,D,20200731,000000,12.9414,13.4648,12.9414,12.9414,1151.7748028280594,0
LSI,D,20200803,000000,13.0366,13.4172,13.0366,13.4172,98.78360535204158,0
LSI,D,20200804,000000,13.0366,13.1317,13.0366,13.1317,1460.736291907849,0
LSI,D,20200805,000000,13.3696,13.3696,13.3696,13.3696,105.08894186387401,0
LSI,D,20200806,000000,13.3696,13.4172,13.1793,13.1793,1202.2174949227187,0
LSI,D,20200807,000000,13.0366,13.4172,13.0366,13.4172,460.2895653637682,0
LSI,D,20200810,000000,13.0366,13.1317,12.9414,13.0366,1803.3262423840783,0
LSI,D,20200811,000000,13.0366,13.0366,13.0366,13.0366,126.10673023664883,0
LSI,D,20200812,000000,13.0366,13.0366,13.0366,13.0366,73.56225930471182,0
LSI,D,20200813,000000,12.989,12.989,12.8462,12.9414,11349.605721298396,0
LSI,D,20200814,000000,12.6084,12.6084,12.6084,12.6084,105.08894186387401,0
LSI,D,20200819,000000,12.6084,12.656,12.5608,12.656,1119.1972308502582,0
LSI,D,20200820,000000,12.656,13.7978,12.6084,13.7978,50578.25682966372,0
LSI,D,20200821,000000,13.9882,15.13,13.893,15.0825,18854.007059797845,0
LSI,D,20200824,000000,15.0825,15.13,14.2737,14.9873,12141.976342951797,0
LSI,D,20200825,000000,14.5115,15.4155,14.3212,14.9398,19167.172106551778,0
LSI,D,20200826,000000,15.0349,15.0349,14.8446,14.8446,1334.6295616712,0
LSI,D,20200827,000000,14.8446,14.8446,14.7494,14.7494,231.19567210052284,0
LSI,D,20200828,000000,14.7494,15.13,14.7494,15.0825,872.2382174701544,0
LSI,D,20200831,000000,15.0825,15.2252,15.0349,15.0349,2399.1805427522436,0
LSI,D,20200901,000000,15.0349,15.0349,15.0349,15.0349,802.8795158399976,0
LSI,D,20200902,000000,14.8446,14.8446,14.7494,14.7494,2036.6236933218786,0
LSI,D,20200903,000000,14.6543,14.6543,14.3687,14.3687,559.0731707158099,0
LSI,D,20200904,000000,14.5115,15.0825,14.3687,14.8921,2387.6207591472175,0
LSI,D,20200907,000000,14.5115,15.0825,14.5115,14.797,5221.869521215901,0
LSI,D,20200908,000000,15.0349,15.0349,13.5599,13.8455,9049.208783898192,0
LSI,D,20200909,000000,13.6075,13.6075,13.5123,13.5123,707.2485787438721,0
LSI,D,20200910,000000,13.7027,13.7027,13.7027,13.7027,55.69713918785323,0
LSI,D,20200915,000000,13.4172,13.7978,13.0366,13.0842,1282.085090739263,0
LSI,D,20200916,000000,13.3221,13.6075,13.3221,13.6075,1171.7417017821954,0
LSI,D,20200917,000000,13.7978,14.8446,13.7978,14.8446,688.3325692083748,0
LSI,D,20200921,000000,13.8455,13.9882,13.7027,13.7027,401.4397579199988,0
LSI,D,20200922,000000,14.2737,14.2737,13.7027,13.7027,1393.4793691149694,0
LSI,D,20200923,000000,13.7978,14.5591,13.7503,14.5591,792.3706216536102,0
LSI,D,20200924,000000,13.9882,14.5115,13.9882,14.5115,311.06326791706715,0
LSI,D,20200925,000000,14.5115,14.5115,13.7978,13.7978,1744.4764349403088,0
LSI,D,20200929,000000,13.7978,13.7978,13.7027,13.7027,998.3449477068032,0
LSI,D,20200930,000000,13.7978,14.2737,13.7978,14.2737,555.9205024598937,0
LSI,D,20201001,000000,14.1785,14.1785,14.0833,14.0833,717.7574729302596,0
LSI,D,20201006,000000,13.7978,14.2737,13.6075,14.2737,8657.227030745942,0
LSI,D,20201008,000000,13.893,13.893,12.8462,13.1317,33779.78947272346,0
LSI,D,20201009,000000,13.1317,13.1317,12.656,12.8939,3069.6479918437603,0
LSI,D,20201012,000000,12.9414,12.9414,12.9414,12.9414,164.9896387262822,0
LSI,D,20201013,000000,12.9414,12.9414,12.9414,12.9414,194.41454244816694,0
LSI,D,20201014,000000,12.8939,12.8939,12.3705,12.3705,2619.8673206663793,0
LSI,D,20201015,000000,12.3705,12.5608,12.1326,12.1801,895.3577846802067,0
LSI,D,20201016,000000,12.2753,12.2753,11.8947,12.1801,3470.03686034512,0
LSI,D,20201019,000000,12.1801,12.1801,11.6092,11.7519,873.2891068887932,0
LSI,D,20201020,000000,11.7044,11.8947,11.7044,11.8947,623.1774252527729,0
LSI,D,20201021,000000,11.9423,12.1801,11.6092,11.7044,11248.720337108869,0
LSI,D,20201022,000000,11.7044,12.085,10.6576,11.4189,13790.821840795774,0
LSI,D,20201023,000000,11.4189,11.4189,11.3237,11.3713,1193.8103795736088,0
LSI,D,20201026,000000,11.4189,11.7996,11.4189,11.7996,831.2535301432436,0
LSI,D,20201027,000000,11.7996,11.7996,11.7996,11.7996,215.43233082094176,0
LSI,D,20201028,000000,11.4189,11.4189,11.1335,11.1335,962.6147074730861,0
LSI,D,20201029,000000,11.1335,11.1335,10.7528,10.9431,13259.071794965399,0
LSI,D,20201030,000000,10.848,10.8955,10.848,10.848,1050.8894186387402,0
LSI,D,20201102,000000,10.848,11.0383,10.848,10.848,1059.2965339878501,0
LSI,D,20201103,000000,11.0383,11.0383,10.848,10.9431,1754.9853291266961,0
LSI,D,20201104,000000,10.848,11.0383,10.7053,11.0383,1060.3474234064888,0
LSI,D,20201105,000000,10.848,11.0383,10.848,11.0383,2095.473500765648,0
LSI,D,20201106,000000,11.0383,11.4189,11.0383,11.4189,7739.800568274321,0
LSI,D,20201109,000000,11.4189,12.1801,11.4189,11.9423,5881.828076121029,0
LSI,D,20201110,000000,12.1326,12.1801,11.7044,11.8947,2112.2877314638677,0
LSI,D,20201112,000000,11.8947,11.8947,11.6092,11.6568,3561.4642397666903,0
LSI,D,20201113,000000,11.8471,11.8947,11.6092,11.8947,12985.840546119327,0
LSI,D,20201116,000000,11.9898,12.1801,11.514,12.1326,15506.924261433458,0
LSI,D,20201117,000000,12.1326,12.1326,11.8471,12.1326,3116.9380156825036,0
LSI,D,20201118,000000,12.1326,12.1326,11.4189,11.7996,14905.815513971686,0
LSI,D,20201119,000000,11.7996,11.7996,11.4189,11.7519,3844.1534933805115,0
LSI,D,20201120,000000,11.7996,11.8471,11.7996,11.8471,601.1087474613594,0
LSI,D,20201123,000000,11.8471,11.9423,11.8471,11.9423,2369.7556390303594,0
LSI,D,20201124,000000,11.9423,12.3705,11.9423,12.085,1583.6903538885815,0
LSI,D,20201125,000000,12.1326,12.418,12.1326,12.418,1088.7214377097348,0
LSI,D,20201126,000000,12.4656,12.4656,11.8947,11.8947,1508.0263157465922,0
LSI,D,20201127,000000,11.8947,11.8947,11.7996,11.7996,966.8182651476411,0
LSI,D,20201130,000000,12.1326,12.1801,12.085,12.1801,5062.134329582812,0
LSI,D,20201201,000000,12.085,12.1801,12.085,12.1801,1240.0495139937134,0
LSI,D,20201202,000000,12.085,12.1801,12.085,12.1801,959.4620392171698,0
LSI,D,20201203,000000,11.8471,11.8947,11.8471,11.8471,345.74261873214556,0
LSI,D,20201204,000000,11.8471,12.1801,11.7996,12.1801,470.7984595501556,0
LSI,D,20201207,000000,12.085,12.085,11.8471,11.9898,601.1087474613594,0
LSI,D,20201208,000000,12.0374,12.0374,11.7996,11.7996,4371.699981537159,0
LSI,D,20201209,000000,11.6568,11.7996,11.6092,11.7519,4035.4153675727625,0
LSI,D,20201210,000000,11.6568,11.8947,11.6568,11.7044,4288.679717464699,0
LSI,D,20201211,000000,11.8947,12.0374,11.7519,11.7519,5109.424353421555,0
LSI,D,20201214,000000,11.8947,11.8947,11.4189,11.6568,11768.910599335046,0
LSI,D,20201215,000000,11.7519,11.7519,11.6568,11.7044,1225.3370621327713,0
LSI,D,20201216,000000,11.7996,11.7996,11.7044,11.7044,2203.715110885438,0
LSI,D,20201217,000000,11.7996,11.7996,11.7044,11.7996,873.2891068887932,0
LSI,D,20201218,000000,11.7996,11.7996,11.6092,11.6092,3659.1969557000934,0
LSI,D,20201221,000000,11.7044,11.7044,11.4665,11.514,1179.0979277126667,0
LSI,D,20201222,000000,11.5617,11.7996,11.514,11.514,4079.55272315559,0
LSI,D,20201223,000000,11.6092,11.7519,11.514,11.514,1706.6444158693143,0
LSI,D,20201228,000000,11.514,11.7519,11.4189,11.4189,10037.044837418609,0
LSI,D,20201229,000000,11.4189,11.7996,10.6101,10.6576,29682.371629451216,0
LSI,D,20201230,000000,10.6576,11.2762,10.4673,11.2285,41744.48037658627,0
LSI,D,20210104,000000,11.4189,12.5608,11.4189,12.3705,20816.017604395754,0
LSI,D,20210105,000000,12.4656,13.1793,12.418,12.7511,6206.5529064804,0
LSI,D,20210107,000000,12.7511,13.3221,12.6084,12.9414,10951.318631634518,0
LSI,D,20210108,000000,12.989,13.2269,12.8462,13.1793,3906.155969080198,0
LSI,D,20210111,000000,13.3221,13.3221,12.8462,13.1317,2796.416742997688,0
LSI,D,20210112,000000,12.8462,13.2269,12.7511,13.1317,5516.118558434748,0
LSI,D,20210113,000000,13.1317,13.1317,12.5608,12.989,2252.05602414282,0
LSI,D,20210114,000000,12.8939,13.0366,12.7511,13.0366,1161.232807595808,0
LSI,D,20210115,000000,12.8462,13.1317,12.8462,12.9414,3690.723638259256,0
LSI,D,20210118,000000,12.9414,13.6551,12.9414,13.6551,4632.320557359567,0
LSI,D,20210119,000000,13.6551,13.6551,13.4172,13.4172,4634.422336196845,0
LSI,D,20210120,000000,13.6551,13.7978,13.3696,13.4172,1992.4863377390516,0
LSI,D,20210121,000000,13.4172,13.6551,13.1317,13.1317,5194.546396331293,0
LSI,D,20210122,000000,13.4172,13.5123,13.1793,13.3696,4789.953970155379,0
LSI,D,20210125,000000,13.5123,13.9882,13.3221,13.3221,9671.335319732327,0
LSI,D,20210126,000000,13.2269,13.3221,13.2269,13.3221,1162.2836970144467,0
LSI,D,20210127,000000,13.1793,13.2744,13.0842,13.2744,2092.3208325097316,0
LSI,D,20210128,000000,12.989,13.2269,12.9414,13.2269,999.395837125442,0
LSI,D,20210129,000000,12.989,13.3221,12.9414,13.3221,987.8360535204158,0
LSI,D,20210201,000000,13.3221,13.3221,12.9414,13.3221,4574.521639334436,0
LSI,D,20210202,000000,13.2269,13.2269,13.0842,13.1317,570.6329543208359,0
LSI,D,20210203,000000,13.1317,13.3221,13.0842,13.3221,1059.2965339878501,0
LSI,D,20210204,000000,13.2744,13.2744,12.9414,13.1317,2572.5772968276365,0
LSI,D,20210205,000000,12.9414,13.1793,12.8462,13.1793,1233.744177481881,0
LSI,D,20210208,000000,13.2744,13.7503,13.2269,13.7027,19061.03227526906,0
LSI,D,20210209,000000,13.893,14.3687,13.1317,14.1785,58355.889417009246,0
LSI,D,20210210,000000,14.0833,14.2737,13.7978,13.9882,6829.7303317331725,0
LSI,D,20210211,000000,14.0833,14.2737,13.893,14.2737,1009.9047313118294,0
LSI,D,20210212,000000,14.2737,15.3203,13.9882,15.2252,27900.063175439707,0
LSI,D,20210215,000000,15.3203,16.7477,15.2728,16.4623,21923.655051641814,0
LSI,D,20210216,000000,16.5574,17.4138,16.4623,17.3187,28204.821106844945,0
LSI,D,20210217,000000,17.1284,17.1284,16.1768,16.5574,26706.25279586589,0
LSI,D,20210218,000000,16.605,16.6525,15.6058,16.1768,3557.260682092136,0
LSI,D,20210219,000000,15.701,15.9389,15.5107,15.701,4577.674307590352,0
LSI,D,20210222,000000,15.701,16.0816,15.368,16.0816,12167.197688998922,0
LSI,D,20210223,000000,16.0816,16.1768,15.7486,15.9864,18731.0529978167,0
LSI,D,20210224,000000,15.7486,15.7962,15.5107,15.7486,2274.124701934234,0
LSI,D,20210225,000000,15.5107,15.7962,15.3203,15.3203,4947.587382951189,0
LSI,D,20210226,000000,15.3203,15.368,14.9398,15.368,6482.936823582389,0
LSI,D,20210301,000000,15.4155,15.4155,15.1776,15.368,1846.4127085482667,0
LSI,D,20210302,000000,15.368,15.368,15.1776,15.368,4349.631303745746,0
LSI,D,20210303,000000,15.368,15.368,13.893,14.3212,16972.9150004345,0
LSI,D,20210304,000000,14.3687,14.7018,14.2737,14.5115,4580.826975846269,0
LSI,D,20210305,000000,14.5591,14.7494,14.1785,14.1785,6589.076654864901,0
LSI,D,20210308,000000,14.3212,14.5591,13.9882,14.5591,4409.532000608154,0
LSI,D,20210309,000000,14.5591,14.6543,14.1785,14.2737,3678.1129652355908,0
LSI,D,20210310,000000,14.1785,14.6543,14.0357,14.6543,9192.129744833062,0
LSI,D,20210311,000000,14.5591,14.6067,14.3212,14.6067,1385.0722537658596,0
LSI,D,20210312,000000,14.6543,15.2252,14.5591,15.2252,12894.413166697343,0
LSI,D,20210315,000000,15.13,15.9864,14.7018,15.9864,3660.247845118732,0
LSI,D,20210316,000000,15.9864,15.9864,14.9398,15.2252,5064.236108420089,0
LSI,D,20210317,000000,15.1776,15.1776,14.3687,14.6543,6331.60874729841,0
LSI,D,20210318,000000,14.7018,14.8446,14.5591,14.8446,664.1621125796838,0
LSI,D,20210319,000000,14.4639,14.797,14.2737,14.6543,3932.428204546166,0
LSI,D,20210322,000000,14.4164,14.6543,14.3687,14.6543,3108.5309003333937,0
LSI,D,20210323,000000,14.6543,14.6543,14.3687,14.6543,1149.6730239907818,0
LSI,D,20210324,000000,14.4639,14.6543,14.3687,14.5591,1211.6754996904676,0
LSI,D,20210325,000000,14.4639,14.4639,14.0833,14.4164,3342.879240689833,0
LSI,D,20210326,000000,14.4164,14.4639,14.2737,14.4639,1344.087566438949,0
LSI,D,20210329,000000,14.3687,14.5115,14.1309,14.4164,2437.0125618232387,0
LSI,D,20210330,000000,14.3212,14.4639,14.3212,14.4639,1816.9878048263818,0
LSI,D,20210331,000000,14.3212,14.5591,14.2737,14.3687,2101.7788372774803,0
LSI,D,20210401,000000,14.5115,15.1776,14.5115,14.8446,4201.455895717683,0
LSI,D,20210406,000000,15.13,15.13,14.6543,14.7018,4030.1609204795686,0
LSI,D,20210407,000000,14.7494,14.8446,14.7494,14.797,2288.837153795176,0
LSI,D,20210408,000000,14.6543,14.7018,14.5591,14.6543,987.8360535204158,0
LSI,D,20210409,000000,14.8446,14.8446,14.3212,14.6543,2489.557032755176,0
LSI,D,20210412,000000,14.7494,14.8446,14.5591,14.8446,3785.3036859367426,0
LSI,D,20210413,000000,14.8446,15.2252,14.8446,15.13,7666.2383089696095,0
LSI,D,20210414,000000,15.13,15.6058,15.13,15.6058,4038.568035828679,0
LSI,D,20210415,000000,15.5582,15.5582,15.13,15.2252,843.8642031669084,0
LSI,D,20210416,000000,15.463,15.463,14.7494,15.1776,1869.5322757583187,0
LSI,D,20210419,000000,15.1776,15.2252,14.8921,15.0349,4445.262240841872,0
LSI,D,20210420,000000,15.0825,15.0825,14.6543,15.0349,2545.254171943029,0
LSI,D,20210421,000000,14.6543,14.6543,14.6543,14.6543,331.03016687120316,0
LSI,D,20210422,000000,14.6067,14.9873,14.5591,14.8921,1966.214102273083,0
LSI,D,20210423,000000,14.8921,14.9398,14.5591,14.6543,4124.740968157055,0
LSI,D,20210426,000000,14.5591,14.5591,14.226,14.226,5846.097835887312,0
LSI,D,20210427,000000,14.4164,14.6067,14.1785,14.3212,7424.5337426827,0
LSI,D,20210428,000000,14.3212,14.6067,14.2737,14.6067,1477.5505226060689,0
LSI,D,20210429,000000,14.6067,14.6067,13.7978,13.7978,7257.44232511914,0
LSI,D,20210430,000000,13.7027,14.0357,13.5123,14.0357,5695.820649021972,0
LSI,D,20210504,000000,13.7027,13.893,13.6075,13.8455,5619.105721461345,0
LSI,D,20210505,000000,13.7978,13.7978,13.3696,13.7978,3846.2552722177893,0
LSI,D,20210506,000000,13.7978,13.7978,12.418,13.4172,10278.749403705518,0
LSI,D,20210507,000000,13.3221,13.4172,13.1317,13.4172,785.0143957231389,0
LSI,D,20210510,000000,13.4648,13.9405,13.3221,13.6551,17997.532183607273,0
LSI,D,20210511,000000,13.6551,13.7027,13.3696,13.3696,5170.375939702602,0
LSI,D,20210512,000000,13.3221,13.4172,13.3221,13.4172,547.5133871107837,0
LSI,D,20210513,000000,13.4172,13.7027,13.4172,13.7027,225.94122500732914,0
LSI,D,20210514,000000,13.5599,13.6075,13.3221,13.4648,3526.784888951612,0
LSI,D,20210517,000000,13.4172,13.6075,13.2269,13.4648,4383.259765142186,0
LSI,D,20210518,000000,13.4648,13.4648,13.3696,13.4648,1336.7313405084776,0
LSI,D,20210519,000000,13.4172,13.4172,13.1317,13.3221,2794.3149641604105,0
LSI,D,20210520,000000,13.3221,13.5123,13.1317,13.5123,2382.366312054024,0
LSI,D,20210521,000000,13.5599,13.5599,13.5123,13.5123,1494.3647533042886,0
LSI,D,20210524,000000,13.5123,13.5123,13.2269,13.2269,1893.70273238701,0
LSI,D,20210525,000000,13.1317,13.2744,13.1317,13.2744,1617.3188152850212,0
LSI,D,20210526,000000,13.1317,13.3221,13.1317,13.3221,6673.1478083560005,0
LSI,D,20210527,000000,13.6075,14.226,13.0842,13.5123,109461.69273482899,0
LSI,D,20210528,000000,13.6551,13.6551,13.4172,13.5599,7249.035209770031,0
LSI,D,20210531,000000,13.5123,15.463,13.4648,15.0349,64702.21061616839,0
LSI,D,20210601,000000,15.0349,15.0349,14.5591,14.8921,12373.172015052322,0
LSI,D,20210602,000000,14.8921,14.8921,14.3212,14.5591,7128.182926626575,0
LSI,D,20210604,000000,14.5591,14.5591,14.3687,14.4639,2879.4370070701484,0
LSI,D,20210607,000000,14.5115,14.6543,14.4639,14.6543,4031.2118098982073,0
LSI,D,20210608,000000,14.6067,14.6067,14.4164,14.6067,3103.2764532402,0
LSI,D,20210609,000000,14.5591,15.13,14.5591,15.0825,8996.664312966255,0
LSI,D,20210610,000000,15.0825,15.1776,15.0349,15.1776,9083.88813471327,0
LSI,D,20210611,000000,15.1776,16.6525,15.1776,16.2719,28959.359709428176,0
LSI,D,20210614,000000,15.8913,15.8913,15.5107,15.8437,4777.343297131713,0
LSI,D,20210615,000000,15.8913,15.9389,15.2252,15.7962,6794.000091499456,0
LSI,D,20210616,000000,15.7962,16.2719,15.2252,16.2719,3522.581331277057,0
LSI,D,20210617,000000,16.2243,16.605,15.701,16.1768,6510.259948466995,0
LSI,D,20210618,000000,16.1768,16.605,15.7962,16.2243,2825.8416467195725,0
LSI,D,20210621,000000,16.0816,16.0816,15.4155,15.8913,28191.159544403054,0
LSI,D,20210622,000000,15.701,15.701,15.5107,15.701,668.3656702542388,0
LSI,D,20210623,000000,15.5582,15.6058,15.5582,15.5582,439.27177699099343,0
LSI,D,20210624,000000,15.463,16.4623,15.463,16.3671,2749.1267191589445,0
LSI,D,20210625,000000,16.3671,16.7477,16.2243,16.605,5278.617549822393,0
LSI,D,20210628,000000,16.6525,16.6525,16.0816,16.3671,1227.4388409700484,0
LSI,D,20210629,000000,15.701,15.9389,15.701,15.8913,899.5613423547617,0
LSI,D,20210630,000000,15.8913,15.8913,15.701,15.701,456.08600768921326,0
LSI,D,20210701,000000,15.701,15.8913,15.701,15.8913,1014.1082889863843,0
LSI,D,20210702,000000,15.701,15.701,15.5107,15.6534,1575.2832385394715,0
LSI,D,20210705,000000,15.463,15.8913,15.463,15.8437,501.2742526906791,0
LSI,D,20210706,000000,15.6058,15.6058,15.5582,15.5582,932.1389143325626,0
LSI,D,20210707,000000,15.5582,16.3195,15.5582,16.3195,2979.2715018408285,0
LSI,D,20210708,000000,15.7486,16.1768,14.6543,16.0816,3031.8159727727657,0
LSI,D,20210709,000000,16.0341,16.0341,15.9864,15.9864,231.19567210052284,0
LSI,D,20210712,000000,15.5582,15.7962,15.2728,15.7962,746.1314872335056,0
LSI,D,20210713,000000,15.7962,15.7962,15.7962,15.7962,210.17788372774802,0
LSI,D,20210714,000000,15.701,16.8429,15.701,16.5574,8067.678066889609,0
LSI,D,20210715,000000,16.4623,16.5574,15.9389,16.2719,4877.177791902394,0
LSI,D,20210716,000000,16.1768,16.3671,15.7486,16.3671,2414.943884031825,0
LSI,D,20210719,000000,16.4146,16.4146,15.6058,15.6058,2404.4349898454375,0
LSI,D,20210720,000000,15.8437,15.8437,15.2252,15.6058,2206.8677791413547,0
LSI,D,20210721,000000,15.5582,15.6058,15.3203,15.6058,1127.6043461993681,0
LSI,D,20210722,000000,15.6058,15.7962,15.4155,15.7962,1758.1379973826124,0
LSI,D,20210723,000000,15.7962,15.8913,15.4155,15.7486,1983.0283329713027,0
LSI,D,20210727,000000,15.5107,15.701,15.3203,15.701,295.299926637486,0
LSI,D,20210728,000000,15.2728,15.6534,15.2728,15.6534,176.54942233130836,0
LSI,D,20210729,000000,15.2728,15.8913,15.2728,15.701,1743.42554552167,0
LSI,D,20210730,000000,15.4155,15.6058,15.4155,15.6058,635.7880982764378,0
LSI,D,20210802,000000,15.701,15.701,15.368,15.6058,670.4674490915162,0
LSI,D,20210803,000000,15.6058,15.6058,15.368,15.5582,1062.4492022437664,0
LSI,D,20210804,000000,15.368,15.6534,15.368,15.6534,590.599853274972,0
LSI,D,20210805,000000,15.6534,16.1768,15.368,15.9864,5131.493031212968,0
LSI,D,20210806,000000,16.0816,17.2235,16.0816,17.0332,33764.02613144388,0
LSI,D,20210809,000000,17.0332,17.6041,16.9856,17.6041,3326.065009991613,0
LSI,D,20210810,000000,17.2711,17.2711,16.5574,17.1759,4673.305244686478,0
LSI,D,20210811,000000,17.0807,17.2235,16.9856,17.1284,17176.78754765021,0
LSI,D,20210812,000000,16.8905,17.2235,16.7477,16.9856,483.40913257382056,0
LSI,D,20210813,000000,16.9856,17.1284,16.938,16.938,1448.125618884184,0
LSI,D,20210816,000000,16.8429,16.8429,16.5574,16.5574,1577.3850173767491,0
LSI,D,20210817,000000,16.4623,16.4623,15.2252,16.2719,3828.390152100931,0
LSI,D,20210818,000000,15.6058,15.6058,15.4155,15.4155,902.7140106106779,0
LSI,D,20210819,000000,15.3203,15.7962,15.3203,15.7962,37978.092700185225,0
LSI,D,20210820,000000,15.7962,15.7962,15.6058,15.6058,1366.1562442303625,0
LSI,D,20210823,000000,15.7962,15.7962,15.4155,15.7486,1728.7130936607277,0
LSI,D,20210824,000000,15.463,15.7962,15.368,15.6534,3887.2399595447,0
LSI,D,20210825,000000,15.368,15.6058,15.368,15.6058,2163.781312977166,0
LSI,D,20210826,000000,15.6058,15.6058,15.6058,15.6058,236.45011919371655,0
LSI,D,20210827,000000,15.463,15.463,15.4155,15.4155,313.16504675434464,0
LSI,D,20210830,000000,15.4155,15.7962,15.4155,15.5107,686.2307903710974,0
LSI,D,20210831,000000,15.4155,15.9864,15.2252,15.9864,4888.73757550742,0
LSI,D,20210901,000000,15.9864,15.9864,15.0349,15.5107,6733.0485052184085,0
LSI,D,20210902,000000,15.701,15.7962,15.5107,15.7962,1866.3796075024027,0
LSI,D,20210903,000000,15.7962,15.9864,15.701,15.701,2413.892994613186,0
LSI,D,20210906,000000,15.9864,16.0816,15.9864,16.0341,1329.3751145780063,0
LSI,D,20210907,000000,16.5574,16.9856,16.2243,16.4623,35592.57371987528,0
LSI,D,20210908,000000,16.4623,16.4623,16.2243,16.3671,7794.446818043536,0
LSI,D,20210909,000000,16.2719,16.2719,16.0341,16.1292,4724.798826199776,0
LSI,D,20210910,000000,16.0341,16.1768,15.7962,16.1768,13372.567852177968,0
LSI,D,20210913,000000,16.1292,16.1768,15.7962,15.7962,2722.854483692976,0
LSI,D,20210914,000000,15.8437,16.0341,15.701,15.7486,2030.3183568100462,0
LSI,D,20210915,000000,15.701,15.9864,15.701,15.701,1415.548046906383,0
LSI,D,20210916,000000,15.701,15.7962,15.4155,15.463,3395.4237116217696,0
LSI,D,20210917,000000,15.5107,15.6058,14.7494,15.2252,7101.910691160606,0
LSI,D,20210920,000000,15.13,15.2252,14.5591,14.5591,9348.712268210233,0
LSI,D,20210921,000000,14.8921,14.8921,14.6543,14.6543,1523.7896570261735,0
LSI,D,20210922,000000,14.9398,14.9398,14.5591,14.8921,2551.5595084548613,0
LSI,D,20210923,000000,14.8921,14.8921,14.8921,14.8921,415.10132036230243,0
LSI,D,20210924,000000,14.8921,14.8921,14.8921,14.8921,605.3123051359144,0
LSI,D,20210927,000000,14.6543,14.8921,14.5591,14.8446,1545.858334817587,0
LSI,D,20210928,000000,14.9398,15.2252,14.9398,15.1776,947.9022556121437,0
LSI,D,20210929,000000,15.1776,15.2252,15.1776,15.1776,2574.6790756649134,0
LSI,D,20210930,000000,15.2252,15.7486,15.2252,15.6058,9020.834769594945,0
LSI,D,20211001,000000,15.701,15.8437,15.5582,15.5582,713.5539152557046,0
LSI,D,20211004,000000,15.8437,16.3671,15.7486,16.3671,2591.4933063631333,0
LSI,D,20211005,000000,16.2719,16.2719,15.9864,16.2243,1501.7209792347599,0
LSI,D,20211006,000000,15.7962,15.8913,15.701,15.701,3505.7671005788375,0
LSI,D,20211007,000000,15.701,15.9864,15.2728,15.7486,4968.605171323964,0
LSI,D,20211008,000000,15.7486,16.1292,15.701,16.0816,2385.5189803099406,0
LSI,D,20211011,000000,16.0816,16.0816,15.8913,15.8913,1186.4541536431377,0
LSI,D,20211012,000000,15.8437,15.8913,15.7486,15.8913,1166.4872546890015,0
LSI,D,20211013,000000,16.1292,16.2243,16.0816,16.2243,2162.7304235585275,0
LSI,D,20211014,000000,16.2243,16.2719,15.7486,16.1768,5051.625435396424,0
LSI,D,20211015,000000,16.0816,16.0816,15.6058,15.7962,1742.3746561030314,0
LSI,D,20211018,000000,15.7486,15.7486,15.2252,15.6534,894.3068952615679,0
LSI,D,20211019,000000,15.463,15.5107,15.1776,15.5107,7118.724921858827,0
LSI,D,20211020,000000,15.2252,15.2252,15.2252,15.2252,323.673940940732,0
LSI,D,20211021,000000,15.0825,15.1776,14.7494,14.9873,2858.4192186973733,0
LSI,D,20211022,000000,14.9873,14.9873,13.5123,13.9882,15627.776544576913,0
LSI,D,20211025,000000,14.2737,14.2737,13.6551,13.7027,4705.882816664279,0
LSI,D,20211026,000000,13.7978,13.7978,13.3221,13.7027,3445.866403716429,0
LSI,D,20211027,000000,13.7027,13.7503,13.1793,13.3221,5469.879424014643,0
LSI,D,20211028,000000,13.3221,13.7503,13.3221,13.7503,17542.497065336076,0
LSI,D,20211029,000000,13.7027,13.7503,13.3696,13.6075,3408.034384645435,0
LSI,D,20211102,000000,13.7027,14.0833,13.6075,13.7978,2388.6716485658567,0
LSI,D,20211103,000000,14.0833,14.4639,13.9882,14.2737,11818.30240201148,0
LSI,D,20211104,000000,14.4639,14.4639,14.2737,14.2737,1231.6423986446036,0
LSI,D,20211105,000000,14.2737,14.2737,13.9405,14.226,4280.2726021155895,0
LSI,D,20211108,000000,14.226,14.226,13.893,14.1309,710.4012469997883,0
LSI,D,20211109,000000,13.9882,13.9882,13.9882,13.9882,295.299926637486,0
LSI,D,20211110,000000,13.893,14.1309,13.893,14.1309,777.6581697926678,0
LSI,D,20211112,000000,13.893,13.893,13.3696,13.6075,6964.244177318931,0
LSI,D,20211115,000000,13.6075,13.6551,13.3696,13.6551,919.5282413088977,0
LSI,D,20211116,000000,13.4648,13.4648,13.4648,13.4648,157.63341279581104,0
LSI,D,20211117,000000,13.5123,13.7978,13.4172,13.5123,7228.017421397256,0
LSI,D,20211118,000000,13.4172,13.893,13.4172,13.893,13265.377131476405,0
LSI,D,20211119,000000,13.5123,13.8455,13.4172,13.7027,1174.8943700381114,0
LSI,D,20211122,000000,13.7027,13.8455,13.4172,13.5123,4257.153034905537,0
LSI,D,20211123,000000,13.4172,13.4172,13.4172,13.4172,1576.3341279581105,0
LSI,D,20211124,000000,13.4172,13.8455,13.4172,13.4172,609.5158628104693,0
LSI,D,20211125,000000,13.4648,13.4648,13.3696,13.4172,1549.0110030735032,0
LSI,D,20211126,000000,13.4172,13.4172,12.656,12.7987,4673.305244686478,0
LSI,D,20211129,000000,12.7987,12.989,12.656,12.656,3070.698881262399,0
LSI,D,20211130,000000,12.7511,13.1317,12.656,13.1317,1322.0188886475353,0
LSI,D,20211201,000000,13.1317,13.2269,13.1317,13.1793,294.24903721884726,0
LSI,D,20211202,000000,13.1793,13.1793,13.1793,13.1793,21.017788372774806,0
LSI,D,20211203,000000,12.9414,13.4172,12.9414,13.4172,1684.5757380779007,0
LSI,D,20211206,000000,13.4172,13.4172,13.0366,13.1793,856.4748761905734,0
LSI,D,20211207,000000,13.2269,13.9882,13.2269,13.893,9308.77847030196,0
LSI,D,20211208,000000,13.893,14.1785,13.893,13.9882,3874.6292865210353,0
LSI,D,20211209,000000,14.1309,14.2737,14.0357,14.226,3739.0645515166375,0
LSI,D,20211210,000000,14.226,14.226,13.7978,13.9882,2144.8653034416684,0
LSI,D,20211213,000000,13.9882,13.9882,13.6075,13.6075,3482.647533368785,0
LSI,D,20211214,000000,13.6075,13.9882,13.6075,13.7027,1584.7412433072204,0
LSI,D,20211215,000000,13.8455,13.8455,13.4648,13.5123,2294.0916008883696,0
LSI,D,20211216,000000,13.5123,13.5123,13.3221,13.5123,2434.9107829859613,0
LSI,D,20211217,000000,13.4172,13.5123,13.4172,13.5123,189.16009535497327,0
LSI,D,20211220,000000,13.4648,13.6075,13.1317,13.1317,3706.486979538837,0
LSI,D,20211221,000000,12.9414,12.9414,12.6084,12.6084,5877.624518446474,0
LSI,D,20211222,000000,12.6084,12.7987,12.6084,12.656,2137.5090775111976,0
LSI,D,20211223,000000,12.656,12.7511,12.6084,12.6084,1021.4645149168555,0
LSI,D,20211227,000000,12.3705,12.3705,11.7044,11.9423,14061.95131080519,0
LSI,D,20211228,000000,11.9423,12.085,11.7044,11.9423,45643.280119735995,0
LSI,D,20211229,000000,11.9423,12.2753,11.8947,12.2753,6184.484228688987,0
LSI,D,20211230,000000,11.9898,12.3229,11.9898,12.3229,981.5307170085833,0
LSI,D,20220103,000000,12.3705,12.656,12.3705,12.656,3891.443517219255,0
LSI,D,20220104,000000,12.7511,12.7511,12.656,12.7511,7314.190353725632,0
LSI,D,20220105,000000,12.7511,12.7511,12.656,12.7511,2978.22061242219,0
LSI,D,20220107,000000,12.7511,12.7511,12.4656,12.7511,3425.8995047622934,0
LSI,D,20220110,000000,12.7511,12.7511,12.7035,12.7035,3706.486979538837,0
LSI,D,20220111,000000,12.3705,12.7511,12.3705,12.7511,2382.366312054024,0
LSI,D,20220112,000000,12.7511,12.9414,12.656,12.7511,13124.55794937902,0
LSI,D,20220113,000000,12.8462,12.8462,12.7511,12.8462,6083.5988444996665,0
LSI,D,20220114,000000,12.8462,12.8462,12.5132,12.7035,1460.736291907849,0
LSI,D,20220117,000000,12.7035,12.8939,12.7035,12.8462,1138.1132403857557,0
LSI,D,20220118,000000,12.656,14.226,12.3705,13.893,21462.314596858578,0
LSI,D,20220119,000000,14.0833,14.226,13.8455,13.9882,7453.958646404584,0
LSI,D,20220120,000000,13.7978,14.226,13.7978,14.1785,3952.395103500302,0
LSI,D,20220121,000000,14.1309,14.1785,13.7027,13.7027,4723.7479367811375,0
LSI,D,20220124,000000,13.6551,13.7027,12.8939,12.9414,9502.142123331489,0
LSI,D,20220125,000000,13.1317,13.4172,12.8462,12.8462,4062.73849245737,0
LSI,D,20220126,000000,12.8462,14.0357,12.8462,13.4172,4775.241518294435,0
LSI,D,20220127,000000,13.2269,13.7503,13.0842,13.7503,6495.547496606054,0
LSI,D,20220128,000000,13.893,13.893,13.1317,13.2744,4347.529524908468,0
LSI,D,20220131,000000,13.2269,13.7503,13.2269,13.5599,3739.0645515166375,0
LSI,D,20220201,000000,13.3221,13.4172,13.2744,13.2744,1291.543095507012,0
LSI,D,20220202,000000,13.5599,13.5599,13.5599,13.5599,511.78314687706654,0
LSI,D,20220203,000000,13.6551,13.6551,13.5599,13.6075,1235.8459563191586,0
LSI,D,20220204,000000,13.6075,13.6075,13.3221,13.3221,530.6991564125638,0
LSI,D,20220207,000000,13.5599,13.5599,13.5599,13.5599,157.63341279581104,0
LSI,D,20220208,000000,13.7978,14.1785,13.7978,14.1785,8650.92169423411,0
LSI,D,20220209,000000,14.1785,14.7494,14.1785,14.6543,8050.863836191389,0
LSI,D,20220210,000000,14.6543,14.7018,14.5115,14.6067,3335.5230147593616,0
LSI,D,20220211,000000,14.7494,15.4155,14.7494,15.4155,13358.906289736078,0
LSI,D,20220214,000000,15.2252,15.2252,14.3212,14.6067,11491.475792814625,0
LSI,D,20220215,000000,14.6543,15.2252,14.6543,14.8921,4912.908032136111,0
LSI,D,20220216,000000,15.0825,16.0341,15.0825,15.2728,9312.982027976517,0
LSI,D,20220217,000000,15.701,15.701,15.0349,15.368,17435.306344635545,0
LSI,D,20220218,000000,15.2252,15.5107,15.2252,15.5107,5461.472308665533,0
LSI,D,20220221,000000,15.5107,15.6058,15.2728,15.368,13085.675040890006,0
LSI,D,20220222,000000,15.368,15.6058,14.9873,15.5582,6528.125068583855,0
LSI,D,20220223,000000,15.1776,15.2252,15.13,15.1776,5097.864569816528,0
LSI,D,20220224,000000,13.3696,14.2737,12.7511,13.2269,24058.01146089627,0
LSI,D,20220225,000000,13.6551,13.7978,13.2269,13.2269,6965.29506673757,0
LSI,D,20220228,000000,13.6551,14.226,13.2269,14.0357,5892.336970307417,0
LSI,D,20220301,000000,14.0357,14.6543,13.7978,14.1309,2743.872272065751,0
LSI,D,20220302,000000,14.1309,14.1309,13.6075,14.0357,941.5969191003112,0
LSI,D,20220303,000000,13.7978,13.7978,13.7027,13.7978,294.24903721884726,0
LSI,D,20220304,000000,13.9882,13.9882,13.2269,13.4172,3165.2789289398856,0
LSI,D,20220307,000000,13.4172,13.4172,12.7511,13.0842,4160.4712083907725,0
LSI,D,20220308,000000,12.656,13.1317,12.656,12.8462,9095.447918318296,0
LSI,D,20220309,000000,13.0366,13.5123,12.8462,13.2744,8633.05657411725,0
LSI,D,20220310,000000,13.5123,13.5123,13.2744,13.2744,693.5870163015685,0
LSI,D,20220311,000000,13.4648,13.5123,13.2269,13.2269,2824.790757300934,0
LSI,D,20220314,000000,13.5123,13.5123,13.4648,13.4648,285.84192186973735,0
LSI,D,20220315,000000,13.3221,13.6551,13.3221,13.6551,1553.2145607480581,0
LSI,D,20220316,000000,13.6551,14.5591,13.6551,14.2737,3292.4365485951735,0
LSI,D,20220317,000000,14.2737,14.9873,14.2737,14.3687,5605.44415901904,0
LSI,D,20220318,000000,14.3687,14.797,14.3687,14.6543,1623.6241517968538,0
LSI,D,20220321,000000,14.3687,14.5591,14.3212,14.3212,2378.1627543794693,0
LSI,D,20220322,000000,14.3212,14.7018,14.3212,14.3687,1364.054465393085,0
LSI,D,20220323,000000,14.4639,14.4639,14.4639,14.4639,73.56225930471182,0
LSI,D,20220324,000000,14.3212,14.4164,14.2737,14.4164,3398.576379877686,0
LSI,D,20220325,000000,14.2737,14.2737,14.1785,14.2737,485.510911411098,0
LSI,D,20220328,000000,14.2737,14.797,14.2737,14.3687,2092.3208325097316,0
LSI,D,20220329,000000,14.2737,14.4639,14.226,14.2737,2315.1093892611448,0
LSI,D,20220330,000000,14.3687,14.5591,14.2737,14.2737,1341.9857876016713,0
LSI,D,20220331,000000,14.2737,14.6067,14.2737,14.2737,863.8311021210444,0
LSI,D,20220401,000000,14.3687,14.6067,14.3212,14.3687,612.6685310663856,0
LSI,D,20220404,000000,14.3687,15.13,14.3212,14.7494,5494.049880643333,0
LSI,D,20220405,000000,14.6543,14.7494,14.6543,14.6543,1460.736291907849,0
LSI,D,20220406,000000,14.5591,14.7494,14.4164,14.7494,1312.5608838797866,0
LSI,D,20220407,000000,14.5591,14.7494,14.3687,14.7494,909.0193471225103,0
LSI,D,20220408,000000,14.6543,14.6543,14.3212,14.3212,1234.7950669005197,0
LSI,D,20220411,000000,14.3212,14.3687,13.893,14.2737,5850.3013935618665,0
LSI,D,20220412,000000,14.226,14.2737,14.226,14.2737,861.729323283767,0
LSI,D,20220413,000000,14.2737,14.2737,14.0833,14.2737,338.38639280167433,0
LSI,D,20220414,000000,14.0833,14.226,13.8455,14.226,1976.7229964594703,0
LSI,D,20220419,000000,13.9882,14.1785,13.7978,13.8455,1599.4536951681628,0
LSI,D,20220420,000000,13.8455,13.8455,13.8455,13.8455,316.3177150102608,0
LSI,D,20220421,000000,13.893,13.893,13.893,13.893,210.17788372774802,0
LSI,D,20220422,000000,13.893,13.9405,13.7978,13.7978,1987.231890645858,0
LSI,D,20220425,000000,13.7978,13.7978,13.3221,13.6551,1963.0614340171667,0
LSI,D,20220426,000000,13.4172,13.4172,13.3221,13.3221,1490.1611956297336,0
LSI,D,20220427,000000,13.2269,13.2269,12.8462,13.1793,6413.578121952231,0
LSI,D,20220428,000000,12.989,13.1317,12.989,12.989,2315.1093892611448,0
LSI,D,20220429,000000,13.1793,13.2269,13.0366,13.2269,2512.676599965228,0
LSI,D,20220502,000000,13.4648,13.9405,13.1793,13.5599,3081.2077754487864,0
LSI,D,20220504,000000,13.5123,13.5123,13.0366,13.4172,2269.921144259679,0
LSI,D,20220505,000000,13.2269,13.2269,13.0842,13.0842,709.3503575811498,0
LSI,D,20220506,000000,13.3221,13.3221,12.085,12.9414,2765.9409498571645,0
LSI,D,20220509,000000,12.656,12.656,12.3705,12.656,1892.6518429683713,0
LSI,D,20220510,000000,12.6084,12.9414,12.418,12.4656,14493.866861865918,0
LSI,D,20220511,000000,12.6084,12.656,12.5132,12.5132,723.0119200234533,0
LSI,D,20220512,000000,12.3705,12.3705,12.3705,12.3705,109.29249953842898,0
LSI,D,20220513,000000,12.6084,12.656,12.418,12.6084,2134.3564092552815,0
LSI,D,20220516,000000,12.6084,12.9414,12.6084,12.7511,2614.6128735731854,0
LSI,D,20220517,000000,12.9414,13.2744,12.8939,13.2269,4455.771135028258,0
LSI,D,20220518,000000,13.2744,13.5123,13.0366,13.4648,1609.9625893545501,0
LSI,D,20220519,000000,12.9414,13.3221,12.9414,13.3221,456.08600768921326,0
LSI,D,20220520,000000,13.4172,13.5123,13.4172,13.5123,1310.459105042509,0
LSI,D,20220523,000000,13.5123,13.5123,13.5123,13.5123,102.98716302659653,0
LSI,D,20220524,000000,13.4172,13.5123,13.1317,13.5123,947.9022556121437,0
LSI,D,20220525,000000,13.1317,13.1317,12.9414,12.9414,1459.6854024892102,0
LSI,D,20220526,000000,12.8939,13.5599,12.8939,13.5599,1057.1947551505727,0
LSI,D,20220527,000000,12.9414,13.5123,12.9414,13.5123,562.225838971726,0
LSI,D,20220530,000000,13.5123,13.893,13.5123,13.893,1996.6898954136063,0
LSI,D,20220531,000000,13.893,13.893,13.3221,13.7503,715.6556940929821,0
LSI,D,20220601,000000,13.4172,13.4172,12.8462,13.2269,8356.672657015262,0
LSI,D,20220602,000000,13.3696,13.3696,13.3221,13.3221,571.6838437394747,0
LSI,D,20220603,000000,13.3221,13.4172,13.3221,13.3221,2632.4779936900445,0
LSI,D,20220606,000000,13.3221,13.6551,13.3221,13.6551,631.5845406018828,0
LSI,D,20220608,000000,13.6075,13.6551,13.3221,13.4648,1192.7594901549703,0
LSI,D,20220609,000000,13.3221,13.3221,12.8462,12.8462,1002.5485053813582,0
LSI,D,20220610,000000,12.8462,12.8462,12.7511,12.7511,1089.7723271283737,0
LSI,D,20220613,000000,12.656,12.656,12.2753,12.5608,3560.413350348052,0
LSI,D,20220614,000000,12.3705,12.3705,12.1801,12.2753,576.9382908326684,0
LSI,D,20220615,000000,12.4656,12.7511,12.3705,12.5608,840.7115349109921,0
LSI,D,20220617,000000,12.2278,12.7035,12.2278,12.7035,8137.036768519766,0
LSI,D,20220620,000000,12.3705,12.3705,12.2278,12.3705,4686.9668071287815,0
LSI,D,20220621,000000,12.3705,12.3705,12.3705,12.3705,3236.73940940732,0
LSI,D,20220622,000000,12.3229,12.3229,12.3229,12.3229,30.475793140523468,0
LSI,D,20220623,000000,12.3229,12.3229,12.2753,12.2753,603.2105262986369,0
LSI,D,20220624,000000,12.3705,12.3705,12.1801,12.1801,543.3098294362287,0
LSI,D,20220627,000000,11.8947,12.3705,11.8947,12.3705,178.65120116858583,0
LSI,D,20220628,000000,12.2753,12.3705,12.2753,12.3705,262.72235465968504,0
LSI,D,20220629,000000,12.1801,12.3705,12.0374,12.2753,1914.7205207597847,0
LSI,D,20220630,000000,12.2753,12.3705,12.2753,12.3705,273.23124884607245,0
LSI,D,20220701,000000,12.0374,12.0374,12.0374,12.0374,16.814230698219845,0
LSI,D,20220704,000000,12.0374,12.3705,12.0374,12.3705,262.72235465968504,0
LSI,D,20220705,000000,12.3229,12.3229,12.3229,12.3229,64.10425453696315,0
LSI,D,20220706,000000,12.0374,12.2753,11.9898,12.2753,315.2668255916221,0
LSI,D,20220707,000000,11.9898,12.2753,11.9423,12.2753,306.8597102425121,0
LSI,D,20220708,000000,12.2753,12.2753,12.2753,12.2753,334.1828351271194,0
LSI,D,20220711,000000,12.2753,12.3705,12.1801,12.3705,1576.3341279581105,0
LSI,D,20220712,000000,12.2753,12.2753,12.2753,12.2753,840.7115349109921,0
LSI,D,20220713,000000,12.2753,12.2753,12.2753,12.2753,110.34338895706773,0
LSI,D,20220714,000000,12.1801,12.2753,11.8947,12.2753,2006.1479001813552,0
LSI,D,20220715,000000,12.2278,12.2278,11.9898,11.9898,106.13983128251277,0
LSI,D,20220718,000000,11.9898,12.2753,11.9898,12.2753,525.4447093193701,0
LSI,D,20220719,000000,12.1801,12.2753,12.1326,12.1326,430.8646616418835,0
LSI,D,20220720,000000,12.1801,12.7511,12.1801,12.7511,2764.8900604385253,0
LSI,D,20220721,000000,12.418,13.3221,12.3705,13.1793,9765.915367409814,0
LSI,D,20220722,000000,13.0842,13.1793,12.5608,12.5608,2410.74032635727,0
LSI,D,20220725,000000,12.8462,12.8462,12.085,12.3705,3483.6984227874236,0
LSI,D,20220726,000000,12.418,12.5132,12.1801,12.3705,1339.8840087643937,0
LSI,D,20220727,000000,12.3705,12.3705,12.085,12.1801,541.2080505989512,0
LSI,D,20220728,000000,12.3705,12.8939,12.3705,12.8462,637.8898771137153,0
LSI,D,20220729,000000,12.5608,12.7035,12.5608,12.7035,782.9126168858616,0
LSI,D,20220801,000000,12.5608,12.5608,12.5132,12.5132,288.9945901256536,0
LSI,D,20220802,000000,12.7035,12.7511,12.6084,12.6084,246.95901338010395,0
LSI,D,20220803,000000,12.7035,12.7035,12.4656,12.4656,1312.5608838797866,0
LSI,D,20220804,000000,12.3705,12.4656,12.3705,12.4656,1270.525307134237,0
LSI,D,20220805,000000,12.7035,12.8462,12.4656,12.5132,1179.0979277126667,0
LSI,D,20220808,000000,12.5132,12.6084,12.5132,12.6084,290.0454795442923,0
LSI,D,20220809,000000,12.8462,13.1317,12.8462,13.1317,916.3755730529815,0
LSI,D,20220810,000000,12.8462,12.8462,12.7511,12.7511,288.9945901256536,0
LSI,D,20220811,000000,12.8462,13.1317,12.8462,13.1317,16.814230698219845,0
LSI,D,20220812,000000,12.7511,13.0842,12.7511,13.0842,325.7757197780095,0
LSI,D,20220816,000000,13.0842,13.3221,12.9414,13.3221,2265.7175865851236,0
LSI,D,20220817,000000,13.2744,13.3221,12.8939,13.2744,521.2411516448151,0
LSI,D,20220818,000000,12.8462,13.1793,12.8462,13.1793,214.381441402303,0
LSI,D,20220819,000000,12.9414,13.3221,12.9414,13.1317,1881.0920593633452,0
LSI,D,20220822,000000,12.9414,12.9414,12.9414,12.9414,168.14230698219845,0
LSI,D,20220823,000000,12.9414,13.0842,12.6084,13.0842,255.36612872921387,0
LSI,D,20220824,000000,13.0842,13.0842,12.3705,12.3705,3894.5961854751718,0
LSI,D,20220825,000000,12.5608,12.5608,12.4656,12.5608,478.1546854806268,0
LSI,D,20220826,000000,12.5608,12.5608,12.5132,12.5132,317.3686044288996,0
LSI,D,20220829,000000,12.3705,12.3705,12.2278,12.2753,1352.4946817880589,0
LSI,D,20220830,000000,12.2753,12.418,12.2753,12.418,197.56721070408315,0
LSI,D,20220831,000000,12.5132,12.5132,12.2278,12.2753,1387.174032603137,0
LSI,D,20220901,000000,12.085,12.085,11.6568,11.9898,2412.8421051945475,0
LSI,D,20220902,000000,12.0374,12.2753,12.0374,12.2753,2895.200348349729,0
LSI,D,20220905,000000,12.085,12.2278,11.9898,12.2278,1698.2373005202044,0
LSI,D,20220906,000000,12.0374,12.2278,11.9898,12.0374,1192.7594901549703,0
LSI,D,20220907,000000,12.0374,12.0374,11.8471,11.8471,734.5717036284794,0
LSI,D,20220908,000000,11.4189,11.6568,11.4189,11.514,3917.715752685224,0
LSI,D,20220909,000000,11.4665,11.6568,11.181,11.2762,3607.7033741867954,0
LSI,D,20220912,000000,11.3237,11.6568,10.7528,11.4189,12696.845955993673,0
LSI,D,20220913,000000,11.4189,11.4189,11.3237,11.4189,544.3607188548674,0
LSI,D,20220914,000000,11.4189,11.4189,11.3237,11.4189,415.10132036230243,0
LSI,D,20220915,000000,11.4189,11.4189,11.4189,11.4189,43.08646616418835,0
LSI,D,20220916,000000,11.4189,11.4189,11.3713,11.3713,318.41949384753826,0
LSI,D,20220919,000000,11.3237,11.3237,11.2285,11.3237,352.047955243978,0
LSI,D,20220920,000000,11.3713,11.3713,11.2285,11.2285,664.1621125796838,0
LSI,D,20220921,000000,11.3237,11.3237,11.2285,11.2285,304.7579314052347,0
LSI,D,20220922,000000,11.181,11.4189,11.0383,11.4189,650.5005501373802,0
LSI,D,20220923,000000,11.3237,11.3237,10.6101,10.9431,2584.1370804326625,0
LSI,D,20220926,000000,10.9431,10.9431,10.4673,10.8955,668.3656702542388,0
LSI,D,20220927,000000,10.8955,10.8955,10.8955,10.8955,93.52915825884789,0
LSI,D,20220928,000000,10.7053,10.8004,10.5625,10.7528,665.2130019983226,0
LSI,D,20220929,000000,10.5149,10.5149,9.56333,9.99153,7955.232899095264,0
LSI,D,20220930,000000,9.70602,10.3246,9.15415,9.51575,9479.022556121437,0
LSI,D,20221003,000000,9.51575,9.99153,9.51575,9.89636,2499.015037522924,0
LSI,D,20221004,000000,9.51575,9.75366,9.51575,9.65849,443.4753346655484,0
LSI,D,20221005,000000,9.51575,9.89636,9.51575,9.6109,148.17540802806238,0
LSI,D,20221006,000000,9.70602,9.89636,9.70602,9.89636,127.15761965528758,0
LSI,D,20221007,000000,9.84883,9.89636,9.70602,9.70602,398.2870896640826,0
LSI,D,20221010,000000,9.70602,9.89636,9.70602,9.80119,766.0983861876417,0
LSI,D,20221011,000000,9.89636,9.89636,9.6109,9.6109,1167.5381441076404,0
LSI,D,20221012,000000,9.65849,9.89636,9.6109,9.80119,2232.089125188684,0
LSI,D,20221013,000000,9.80119,9.89636,9.51575,9.56333,3148.4646982416657,0
LSI,D,20221014,000000,9.70602,9.99153,9.70602,9.99153,225.94122500732914,0
LSI,D,20221017,000000,9.99153,9.99153,9.70602,9.70602,131.36117732984252,0
LSI,D,20221018,000000,9.89636,9.99153,9.75366,9.99153,1344.087566438949,0
LSI,D,20221019,000000,9.99153,9.99153,9.65849,9.65849,1411.3444892318282,0
LSI,D,20221020,000000,9.94399,9.94399,9.94399,9.94399,262.72235465968504,0
LSI,D,20221021,000000,9.94399,9.94399,9.94399,9.94399,382.52374838450146,0
LSI,D,20221024,000000,9.75366,9.89636,9.56333,9.89636,338.38639280167433,0
LSI,D,20221025,000000,9.94399,9.94399,9.70602,9.94399,12113.60232864917,0
LSI,D,20221026,000000,9.94399,9.94399,9.94399,9.94399,3266.164313129205,0
LSI,D,20221027,000000,9.94399,9.94399,9.80119,9.80119,1344.087566438949,0
LSI,D,20221028,000000,9.84883,9.89636,9.75366,9.89636,1996.6898954136063,0
LSI,D,20221031,000000,9.89636,9.89636,9.51575,9.80119,2537.8979460125574,0
LSI,D,20221102,000000,9.80119,9.99153,9.51575,9.89636,2251.005134724182,0
LSI,D,20221103,000000,9.84883,9.84883,9.80119,9.80119,721.9610306048146,0
LSI,D,20221104,000000,9.99153,10.3246,9.99153,10.3246,2364.5011919371655,0
LSI,D,20221107,000000,10.3722,10.4673,10.3722,10.4673,904.8157894479554,0
LSI,D,20221108,000000,10.3722,10.7528,10.3722,10.6576,4921.315147485221,0
LSI,D,20221109,000000,10.5625,10.7053,10.4197,10.4673,5188.241059819461,0
LSI,D,20221110,000000,10.3722,10.6101,10.2294,10.6101,2165.8830918144436,0
LSI,D,20221114,000000,10.5625,10.6101,10.277,10.6101,1609.9625893545501,0
LSI,D,20221115,000000,10.4673,10.4673,10.4673,10.4673,1609.9625893545501,0
LSI,D,20221116,000000,10.2294,10.4673,10.2294,10.4673,775.5563909553903,0
LSI,D,20221117,000000,10.4673,10.6576,10.4673,10.6101,2261.5140289105693,0
LSI,D,20221118,000000,10.5149,10.6101,10.5149,10.6101,108.24161011979025,0
LSI,D,20221121,000000,10.6101,10.7053,10.6101,10.7053,556.9713918785322,0
LSI,D,20221122,000000,10.4673,10.4673,10.1342,10.4673,2442.267008916432,0
LSI,D,20221123,000000,10.0867,10.2294,9.99153,10.2294,1684.5757380779007,0
LSI,D,20221124,000000,10.2294,10.2294,9.89636,9.99153,2115.440399719784,0
LSI,D,20221125,000000,9.99153,9.99153,9.89636,9.99153,1448.125618884184,0
LSI,D,20221128,000000,9.84883,9.89636,9.80119,9.89636,349.94617640670054,0
LSI,D,20221129,000000,9.89636,9.89636,9.80119,9.89636,1271.5761965528757,0
LSI,D,20221130,000000,9.80119,9.84883,9.6109,9.84883,2567.3228497344426,0
LSI,D,20221201,000000,9.70602,9.75366,9.6109,9.6109,2054.488813438737,0
LSI,D,20221202,000000,9.75366,9.75366,9.56333,9.70602,1283.135980157902,0
LSI,D,20221205,000000,9.70602,9.99153,9.70602,9.99153,7755.563909553904,0
LSI,D,20221206,000000,9.99153,10.7528,9.99153,10.4197,6109.8710799656355,0
LSI,D,20221207,000000,10.6576,10.6576,10.277,10.5625,984.6833852644996,0
LSI,D,20221208,000000,10.5625,10.5625,10.2294,10.2294,1777.0540069181097,0
LSI,D,20221209,000000,10.277,10.6101,10.277,10.6101,1674.0668438915131,0
LSI,D,20221212,000000,10.6101,11.6568,9.70602,10.6576,25946.459746190496,0
LSI,D,20221213,000000,10.4673,11.7519,10.4673,11.3713,9646.113973684996,0
LSI,D,20221214,000000,11.0383,11.3237,11.0383,11.0383,730.3681459539245,0
LSI,D,20221215,000000,11.0383,11.0383,10.9431,10.9431,1612.0643681918275,0
LSI,D,20221216,000000,10.9431,10.9431,10.6101,10.6101,364.6586282676429,0
LSI,D,20221219,000000,10.5625,10.8004,10.4673,10.5149,2838.4523197432377,0
LSI,D,20221220,000000,10.5149,10.5149,10.4673,10.4673,922.680909564814,0
LSI,D,20221221,000000,10.5625,11.181,10.5149,11.1335,9327.694479837459,0
LSI,D,20221222,000000,11.181,11.181,10.6576,10.9431,3552.006234998942,0
LSI,D,20221223,000000,10.6576,10.8955,10.5149,10.8955,410.89776268774744,0
LSI,D,20221227,000000,10.8955,10.9431,10.6101,10.6101,3199.958279754964,0
LSI,D,20221228,000000,10.9431,10.9431,10.5625,10.848,1991.4354483204127,0
LSI,D,20221229,000000,10.7053,10.8955,10.6576,10.6576,782.9126168858616,0
LSI,D,20221230,000000,10.8004,10.9431,10.6101,10.9431,332.0810562898419,0
LSI,D,20230102,000000,10.9431,11.1335,10.9431,11.1335,684.1290115338198,0
LSI,D,20230103,000000,10.848,11.1335,10.848,11.0858,319.47038326617707,0
LSI,D,20230104,000000,11.0858,11.0858,10.7528,10.9907,2149.0688611162236,0
LSI,D,20230105,000000,11.0383,11.514,11.0383,11.4189,2358.1958554253333,0
LSI,D,20230109,000000,11.4189,11.8947,11.4189,11.7044,1552.1636713294195,0
LSI,D,20230110,000000,11.7519,11.7519,11.514,11.514,1155.9783605026144,0
LSI,D,20230111,000000,11.7996,11.7996,11.514,11.514,1564.7743443530842,0
LSI,D,20230112,000000,11.514,11.514,11.514,11.514,666.2638914169613,0
LSI,D,20230113,000000,11.1335,11.4665,11.0383,11.0858,241.70456628691028,0
LSI,D,20230116,000000,11.4665,11.4665,11.1335,11.1335,313.16504675434464,0
LSI,D,20230117,000000,11.0858,11.0858,10.848,11.0383,2291.9898220510922,0
LSI,D,20230118,000000,10.848,10.848,10.848,10.848,5.2544470931937015,0
LSI,D,20230119,000000,10.848,10.8955,10.5625,10.6101,1747.6291031962248,0
LSI,D,20230120,000000,10.6101,10.8955,10.6101,10.8955,623.1774252527729,0
LSI,D,20230123,000000,10.8955,10.8955,10.6101,10.7528,548.5642765294224,0
LSI,D,20230124,000000,10.9431,10.9431,10.6576,10.6576,37.83201907099465,0
LSI,D,20230125,000000,10.7053,10.848,10.6101,10.7053,1841.1582614550728,0
LSI,D,20230126,000000,10.6101,10.848,10.5625,10.848,861.729323283767,0
LSI,D,20230127,000000,10.848,10.848,10.7528,10.848,1058.2456445692114,0
LSI,D,20230130,000000,10.848,11.2285,10.6101,10.6101,5384.757381104905,0
LSI,D,20230131,000000,10.7528,10.848,10.5149,10.7053,1642.5401613323509,0
LSI,D,20230201,000000,10.7053,10.9431,10.7053,10.7053,1154.9274710839754,0
LSI,D,20230202,000000,10.8955,10.8955,10.6576,10.6576,4898.195580275168,0
LSI,D,20230203,000000,10.8955,10.8955,10.7528,10.8004,877.4926645633481,0
LSI,D,20230206,000000,10.8004,11.4189,10.8004,11.3713,10846.229689770644,0
LSI,D,20230207,000000,11.181,11.4189,11.0858,11.4189,901.6631211920392,0
LSI,D,20230208,000000,11.4189,11.6092,11.3713,11.6092,4339.122409559359,0
LSI,D,20230209,000000,11.7044,12.2753,11.514,11.8947,8806.453328192643,0
LSI,D,20230210,000000,11.8947,11.8947,10.9431,11.6568,8234.769484453169,0
LSI,D,20230213,000000,11.4189,11.7996,11.4189,11.6092,1388.224922021776,0
LSI,D,20230214,000000,11.7519,11.7519,11.181,11.3713,2813.2309736959073,0
LSI,D,20230215,000000,11.3713,11.8947,11.3713,11.8947,12330.085548887926,0
LSI,D,20230216,000000,11.8947,11.8947,11.6092,11.8947,897.4595635174841,0
LSI,D,20230217,000000,11.8947,11.8947,11.8947,11.8947,299.503484312041,0
LSI,D,20230220,000000,11.8947,11.8947,11.8471,11.8471,295.299926637486,0
LSI,D,20230221,000000,11.6092,12.085,11.6092,12.085,2128.051072743449,0
LSI,D,20230222,000000,12.085,12.085,11.514,11.8471,1643.5910507509898,0
LSI,D,20230223,000000,11.7044,11.8947,11.7044,11.8947,33555.95002655382,0
LSI,D,20230224,000000,11.514,11.8947,11.4665,11.8947,674.6710067660713,0
LSI,D,20230227,000000,11.6092,11.7519,11.4665,11.7519,464.4931230383232,0
LSI,D,20230228,000000,11.7519,11.7519,11.7044,11.7044,380.42196954722397,0
LSI,D,20230301,000000,11.7044,11.7044,11.7044,11.7044,327.877498615287,0
LSI,D,20230302,000000,11.6092,11.7996,11.4665,11.4665,457.136897107852,0
LSI,D,20230303,000000,11.7519,11.8947,11.4665,11.6568,6072.039060894641,0
LSI,D,20230306,000000,11.6092,11.8471,11.6092,11.7996,590.599853274972,0
LSI,D,20230307,000000,11.7044,11.9898,11.5617,11.5617,3190.500274987215,0
LSI,D,20230308,000000,11.6568,12.085,11.6568,11.9423,5295.431780520612,0
LSI,D,20230309,000000,11.9423,11.9423,11.7044,11.8947,3312.403447549309,0
LSI,D,20230310,000000,11.6568,11.7044,11.6568,11.7044,5223.971300053178,0
LSI,D,20230313,000000,11.6092,11.6568,11.6092,11.6568,1541.6547771430319,0
LSI,D,20230314,000000,11.7996,11.7996,11.6568,11.6568,877.4926645633481,0
LSI,D,20230315,000000,11.6092,11.7044,11.5617,11.7044,11338.045937693163,0
LSI,D,20230316,000000,11.5617,11.5617,11.5617,11.5617,7711.426553971077,0
LSI,D,20230317,000000,11.5617,11.7044,11.5617,11.7044,4064.840271294647,0
LSI,D,20230320,000000,11.7044,11.7044,11.5617,11.5617,2198.4606637922443,0
LSI,D,20230321,000000,11.6568,12.3705,11.5617,12.2753,6164.51732973485,0
LSI,D,20230322,000000,12.0374,12.0374,11.8947,11.8947,379.3710801285852,0
LSI,D,20230323,000000,11.8947,11.8947,11.8947,11.8947,565.3785072276423,0
LSI,D,20230324,000000,11.6568,11.8947,11.6568,11.8947,191.26187419225073,0
LSI,D,20230327,000000,11.6568,11.8947,11.6092,11.7044,372.01485419811405,0
LSI,D,20230328,000000,11.7996,11.9898,11.5617,11.9423,1997.7407848322453,0
LSI,D,20230329,000000,11.8947,11.9898,11.6092,11.7044,3341.828351271194,0
LSI,D,20230330,000000,11.7519,11.8471,11.7044,11.7044,525.4447093193701,0
LSI,D,20230331,000000,11.8947,11.8947,11.8947,11.8947,561.1749495530872,0
LSI,D,20230403,000000,11.7519,11.7519,11.7044,11.7044,350.99706582533923,0
LSI,D,20230404,000000,11.8471,11.8947,11.6568,11.6568,868.0346597955994,0
LSI,D,20230405,000000,11.7044,11.7519,11.7044,11.7519,2191.1044378617735,0
LSI,D,20230406,000000,11.7044,11.9898,11.7044,11.9898,758.7421602571704,0
LSI,D,20230411,000000,11.9898,11.9898,11.7044,11.8947,1431.3113881859642,0
LSI,D,20230412,000000,11.7044,11.9423,11.6568,11.9423,1776.003117499471,0
LSI,D,20230413,000000,11.7044,11.7519,11.6568,11.7519,3935.5808728020825,0
LSI,D,20230414,000000,11.6568,11.8947,11.6568,11.8947,1067.70364933696,0
LSI,D,20230417,000000,11.6568,11.7044,11.6568,11.7044,1904.2116265733973,0
LSI,D,20230418,000000,11.6568,11.8947,11.6568,11.7044,1544.8074453989482,0
LSI,D,20230419,000000,11.7519,11.8947,11.6568,11.8947,1061.3983128251275,0
LSI,D,20230420,000000,11.6568,11.6568,11.6568,11.6568,1319.9171098102577,0
LSI,D,20230421,000000,11.6568,11.8947,11.6568,11.7044,842.8133137482697,0
LSI,D,20230424,000000,11.6568,11.6568,11.6568,11.6568,1994.5881165763292,0
LSI,D,20230425,000000,11.7044,11.7044,11.6568,11.6568,131.36117732984252,0
LSI,D,20230426,000000,11.7044,11.8947,11.7044,11.7996,21493.841279417742,0
LSI,D,20230427,000000,11.7044,11.7996,11.6568,11.7996,891.1542270056517,0
LSI,D,20230428,000000,11.7996,11.8947,11.7996,11.7996,176.54942233130836,0
LSI,D,20230502,000000,11.6092,11.8947,11.4189,11.7519,4215.117458159987,0
LSI,D,20230504,000000,11.4665,11.7519,11.4665,11.7519,1101.3321107333998,0
LSI,D,20230505,000000,11.514,11.7044,11.514,11.7044,2432.8090041486835,0
LSI,D,20230508,000000,11.514,11.7044,11.514,11.7044,460.2895653637682,0
LSI,D,20230509,000000,11.5617,11.6568,11.5617,11.5617,561.1749495530872,0
LSI,D,20230510,000000,11.6568,11.9423,11.6092,11.6092,3826.2883732636533,0
LSI,D,20230511,000000,11.6092,11.8947,11.6092,11.7044,8736.043737143847,0
LSI,D,20230512,000000,11.7996,11.8947,11.7996,11.8947,830.2026407246049,0
LSI,D,20230515,000000,11.8947,11.8947,11.8947,11.8947,322.62305152209325,0
LSI,D,20230516,000000,11.7519,11.9898,11.6568,11.9898,1622.5732623782148,0
LSI,D,20230517,000000,11.9898,11.9898,11.6568,11.6568,873.2891068887932,0
LSI,D,20230518,000000,11.6568,11.6568,11.6568,11.6568,224.89033558869042,0
LSI,D,20230519,000000,11.6568,11.6568,11.6568,11.6568,210.17788372774802,0
LSI,D,20230522,000000,11.6568,11.7044,11.6568,11.6568,389.8799743149726,0
LSI,D,20230523,000000,11.7044,11.8471,11.6568,11.8471,1532.1967723752834,0
LSI,D,20230524,000000,11.8947,11.8947,11.7519,11.7519,37.83201907099465,0
LSI,D,20230525,000000,11.7519,11.9423,11.7044,11.7044,1170.6908123635567,0
LSI,D,20230526,000000,11.7044,11.7044,11.7044,11.7044,29.424903721884725,0
LSI,D,20230529,000000,11.8947,11.8947,11.514,11.8947,50408.01274384486,0
LSI,D,20230530,000000,11.8947,11.8947,11.6568,11.6568,4643.8803409645925,0
LSI,D,20230531,000000,11.7996,11.7996,11.4189,11.4189,10728.530074882692,0
LSI,D,20230601,000000,11.4189,11.7044,11.4189,11.7044,699.8923528134011,0
LSI,D,20230602,000000,11.4189,11.8471,11.4189,11.8471,3794.7616907044912,0
LSI,D,20230605,000000,11.7996,11.8471,11.7044,11.7044,3450.069961390984,0
LSI,D,20230606,000000,11.7044,11.8947,11.6568,11.8947,4999.080964464488,0
LSI,D,20230607,000000,11.8947,11.9423,11.5617,11.5617,3369.1514761558014,0
LSI,D,20230609,000000,11.6092,12.3705,11.6092,12.3705,12841.868695765406,0
LSI,D,20230612,000000,11.8947,12.656,11.8947,12.656,779.7599486299453,0
LSI,D,20230613,000000,12.1801,12.3705,12.085,12.085,1326.2224463220903,0
LSI,D,20230614,000000,12.085,12.3705,12.085,12.085,810.2357417704686,0
LSI,D,20230615,000000,12.085,13.2269,12.085,13.2269,10937.657069191595,0
LSI,D,20230616,000000,12.989,13.6075,12.8462,13.0366,3693.876306515172,0
LSI,D,20230619,000000,12.9414,13.2744,12.8462,12.8462,1699.288189938843,0
LSI,D,20230620,000000,12.8462,12.8462,12.4656,12.7987,1056.1438657319338,0
LSI,D,20230621,000000,12.7987,12.8462,12.7987,12.8462,798.6759581654426,0
LSI,D,20230622,000000,12.5608,12.7987,12.5132,12.5132,742.9788189775894,0
LSI,D,20230623,000000,12.6084,12.6084,12.5608,12.5608,489.714469085653,0
LSI,D,20230626,000000,12.5608,12.6084,12.5132,12.5608,527.5464881566476,0
LSI,D,20230627,000000,12.5608,12.9414,12.5608,12.7511,2368.7047496117207,0
LSI,D,20230628,000000,12.6084,12.6084,12.6084,12.6084,21.017788372774806,0
LSI,D,20230629,000000,12.7987,12.9414,12.7987,12.8939,2990.8312854458545,0
LSI,D,20230630,000000,13.1317,13.4172,13.1317,13.4172,251.1625710546589,0
LSI,D,20230703,000000,13.4172,13.4172,12.9414,12.9414,1047.736750382824,0
LSI,D,20230704,000000,12.9414,14.226,12.9414,14.226,21488.586832324545,0
LSI,D,20230705,000000,14.0833,14.5115,13.3696,14.2737,3946.08976698847,0
LSI,D,20230706,000000,13.7978,13.7978,13.7978,13.7978,767.1492756062803,0
LSI,D,20230707,000000,13.8455,13.893,13.8455,13.8455,1140.215019223033,0
LSI,D,20230710,000000,13.893,13.893,13.893,13.893,646.2969924628253,0
LSI,D,20230711,000000,13.9405,13.9882,13.4648,13.4648,1665.6597285424034,0
LSI,D,20230712,000000,13.7503,13.7503,13.7503,13.7503,3.1526682559162205,0
LSI,D,20230713,000000,13.7503,13.7503,13.5123,13.5599,649.4496607187415,0
LSI,D,20230714,000000,13.5123,13.7503,13.4172,13.7503,100.88538418931905,0
LSI,D,20230717,000000,13.3696,13.7503,13.3696,13.7503,1129.7061250366457,0
LSI,D,20230718,000000,13.7503,13.7503,13.2269,13.2269,1246.3548505055458,0
LSI,D,20230719,000000,13.2269,13.2269,12.989,12.989,6695.216486147415,0
LSI,D,20230720,000000,13.0366,13.2269,12.989,13.2269,3378.6094809235497,0
LSI,D,20230721,000000,13.2744,13.2744,13.0366,13.0366,1318.866220391619,0
LSI,D,20230724,000000,13.0366,13.0366,13.0366,13.0366,807.0830735145524,0
LSI,D,20230725,000000,13.0842,13.0842,13.0842,13.0842,8.407115349109922,0
LSI,D,20230726,000000,13.3221,13.3221,13.2269,13.2269,55.69713918785323,0
LSI,D,20230727,000000,13.2269,13.2269,12.989,12.989,424.5593251300511,0
LSI,D,20230731,000000,13.0366,13.2269,12.989,13.2269,492.86713734156916,0
LSI,D,20230801,000000,13.2269,13.2269,13.2269,13.2269,189.16009535497327,0
LSI,D,20230802,000000,13.0842,13.2269,13.0842,13.2269,807.0830735145524,0
LSI,D,20230803,000000,13.1793,13.2744,13.1793,13.2269,802.8795158399976,0
LSI,D,20230804,000000,13.3221,13.3221,13.2269,13.2269,122.95406198073262,0
LSI,D,20230807,000000,13.2269,13.7027,13.2269,13.7027,6783.491197313068,0
LSI,D,20230808,000000,13.5123,13.6075,13.4172,13.6075,3360.7443608066915,0
LSI,D,20230809,000000,13.6075,13.6075,13.6075,13.6075,11.559783605026144,0
LSI,D,20230810,000000,13.4172,13.9882,13.4172,13.9882,4046.9751511777886,0
LSI,D,20230811,000000,13.8455,13.9405,13.8455,13.9405,457.136897107852,0
LSI,D,20230814,000000,14.0833,14.0833,13.5123,13.893,2459.081239614652,0
LSI,D,20230816,000000,13.893,14.0866,13.893,13.893,1199.1907894248002,0
LSI,D,20230817,000000,13.651,14.0382,13.5541,13.651,517.4802631368001,0
LSI,D,20230818,000000,13.651,13.651,13.5541,13.651,640.3947368160001,0
LSI,D,20230821,000000,13.651,13.651,13.5541,13.5541,974.0197368024001,0
LSI,D,20230822,000000,13.5541,13.6994,13.5541,13.6025,6555.7828944696,0
LSI,D,20230823,000000,13.6025,13.6025,13.4573,13.4573,1879.8684209760002,0
LSI,D,20230824,000000,13.4089,13.4089,13.4089,13.4089,1835.4539472936,0
LSI,D,20230825,000000,13.3605,13.5541,13.3605,13.5541,864.5328947016001,0
LSI,D,20230828,000000,13.5541,13.5541,13.5541,13.5541,914.1118420680001,0
LSI,D,20230829,000000,13.4573,13.5541,13.4573,13.5541,2641.1118419976,0
LSI,D,20230830,000000,13.5541,13.6994,13.5541,13.6994,1160.9736841632,0
LSI,D,20230831,000000,13.6994,14.3771,13.6994,14.1834,3147.2302630296003,0
LSI,D,20230901,000000,14.1834,14.1834,14.0382,14.0382,776.7368420736001,0
LSI,D,20230904,000000,14.0382,14.135,14.0382,14.0382,1335.5328946824002,0
LSI,D,20230905,000000,13.651,15.442,13.651,14.9096,25818.236841052803,0
LSI,D,20230906,000000,14.9096,14.958,14.5223,14.5223,4533.374999815201,0
LSI,D,20230907,000000,14.5223,14.5223,13.9414,13.9414,930.6381578568,0
LSI,D,20230908,000000,13.9414,14.3771,13.9414,14.2803,160.09868420400002,0
LSI,D,20230911,000000,14.2803,14.2803,13.9414,13.9414,498.88815787440006,0
LSI,D,20230912,000000,13.9898,14.4255,13.9414,14.4255,523.6776315576001,0
LSI,D,20230913,000000,14.0382,14.0382,14.0382,14.0382,5.164473684000001,0
LSI,D,20230914,000000,14.0382,14.0382,13.9898,13.9898,231.36842104320002,0
LSI,D,20230918,000000,13.9898,13.9898,13.9898,13.9898,41.315789472000006,0
LSI,D,20230919,000000,13.9898,13.9898,13.9898,13.9898,952.3289473296,0
LSI,D,20230920,000000,13.9898,13.9898,13.9898,13.9898,516.4473684000001,0
LSI,D,20230921,000000,13.9898,14.3287,13.9898,14.3287,152.86842104640002,0
LSI,D,20230922,000000,13.9898,13.9898,13.9898,13.9898,475.13157892800007,0
LSI,D,20230926,000000,13.9898,14.135,13.9898,14.135,161.1315789408,0
LSI,D,20230927,000000,13.9898,13.9898,13.9898,13.9898,309.86842104000004,0
LSI,D,20230928,000000,14.3287,14.3287,13.5541,13.9414,1613.3815788816003,0
LSI,D,20230929,000000,13.6025,13.9414,13.6025,13.651,569.1249999768,0
LSI,D,20231002,000000,13.6025,13.6025,12.9732,13.1669,2708.2499998896,0
LSI,D,20231003,000000,13.1185,13.1185,13.1185,13.1185,8156.769736509601,0
LSI,D,20231004,000000,13.1185,13.5057,13.1185,13.5057,808.7565789144,0
LSI,D,20231005,000000,13.5057,13.5057,13.1185,13.1185,555.6973683984,0
LSI,D,20231009,000000,13.1185,13.1185,13.1185,13.1185,2291.9934209592,0
LSI,D,20231010,000000,13.2637,13.2637,13.2637,13.2637,3.0986842104,0
LSI,D,20231011,000000,13.2637,13.3605,13.1185,13.3605,846.9736841760001,0
LSI,D,20231012,000000,13.2153,13.2153,13.1669,13.1669,960.5921052240001,0
LSI,D,20231013,000000,13.1669,13.1669,13.0701,13.0701,619.7368420800001,0
LSI,D,20231016,000000,13.5057,13.5057,13.5057,13.5057,5.164473684000001,0
LSI,D,20231017,000000,13.1669,13.7962,13.1185,13.7962,332378.29603908246,0
LSI,D,20231018,000000,14.0382,14.135,13.5541,13.893,984.3486841704001,0
LSI,D,20231019,000000,13.893,14.0382,13.5541,13.5541,4822.5855261192,0
LSI,D,20231020,000000,13.5541,14.0382,13.5541,13.6994,2686.5592104168004,0
LSI,D,20231023,000000,13.6025,13.651,13.6025,13.651,525.7434210312,0
LSI,D,20231024,000000,13.651,13.8446,13.651,13.8446,1056.6513157464,0
LSI,D,20231025,000000,14.0382,14.4255,14.0382,14.4255,3761.8026314256003,0
LSI,D,20231026,000000,14.2318,14.2318,13.7478,14.135,2379.7894735872,0
LSI,D,20231027,000000,14.0382,14.4255,14.0382,14.4255,1826.1578946624002,0
LSI,D,20231030,000000,14.0866,14.2318,14.0866,14.2318,569.1249999768,0
LSI,D,20231102,000000,14.4255,14.4255,14.1834,14.1834,504.05263155840004,0
LSI,D,20231103,000000,14.0866,14.0866,14.0866,14.0866,137.3749999944,0
LSI,D,20231106,000000,14.135,14.135,14.0382,14.0382,707.5328947080001,0
LSI,D,20231107,000000,13.8446,13.8446,13.7962,13.8446,630.065789448,0
LSI,D,20231108,000000,13.7478,13.7478,13.7478,13.7478,209.67763157040002,0
LSI,D,20231109,000000,13.7478,13.8446,13.651,13.8446,832.5131578608001,0
LSI,D,20231110,000000,13.8446,13.8446,13.8446,13.8446,409.02631577280005,0
LSI,D,20231113,000000,13.8446,14.5223,13.8446,14.5223,11521.940789004002,0
LSI,D,20231114,000000,14.2803,14.5223,14.0866,14.5223,8015.263157568001,0
LSI,D,20231115,000000,14.1834,14.1834,14.1834,14.1834,1093.8355262712,0
LSI,D,20231116,000000,14.4739,14.4739,14.4739,14.4739,10.328947368000001,0
LSI,D,20231117,000000,14.3287,14.5223,14.3287,14.5223,4203.881578776,0
LSI,D,20231120,000000,14.5223,14.5223,14.2803,14.2803,743.6842104960001,0
LSI,D,20231121,000000,14.2318,14.5223,14.135,14.5223,456.53947366560004,0
LSI,D,20231122,000000,14.135,14.135,14.135,14.135,1.0328947368,0
LSI,D,20231123,000000,14.2803,14.5223,14.2803,14.5223,139.44078946800002,0
LSI,D,20231124,000000,14.3287,14.3287,14.1834,14.3287,1779.6776315064,0
LSI,D,20231127,000000,14.4739,14.6191,14.4255,14.6191,2781.5855262024,0
LSI,D,20231129,000000,14.5707,14.5707,14.5223,14.5223,786.0328947048001,0
LSI,D,20231130,000000,14.6191,14.9096,14.6191,14.9096,6105.440789224801,0
LSI,D,20231201,000000,14.9096,14.9096,14.7159,14.7159,8308.605262819201,0
LSI,D,20231204,000000,14.7159,15.0064,14.7159,15.0064,196.24999999200003,0
LSI,D,20231205,000000,14.6675,15.0064,14.6675,15.0064,11.361842104800001,0
LSI,D,20231206,000000,14.9096,14.9096,14.9096,14.9096,79.5328947336,0
LSI,D,20231207,000000,14.6191,15.0064,14.5223,15.0064,171.4605263088,0
LSI,D,20231208,000000,15.0064,15.0064,15.0064,15.0064,10.328947368000001,0
LSI,D,20231211,000000,14.6191,14.958,14.6191,14.958,12.3947368416,0
LSI,D,20231214,000000,14.6675,14.6675,14.6675,14.6675,1032.8947368000001,0
LSI,D,20231215,000000,14.8127,14.8127,14.5707,14.6191,4347.4539471912,0
LSI,D,20231219,000000,14.5707,14.6191,14.5707,14.5707,1191.9605262672,0
LSI,D,20231220,000000,14.5707,14.7159,14.5707,14.7159,2243.4473683296,0
LSI,D,20231221,000000,14.7643,15.0548,14.7643,15.0548,717.861842076,0
LSI,D,20231222,000000,14.9096,14.9096,14.8127,14.8127,182.82236841360003,0
LSI,D,20231227,000000,14.5707,15.0064,14.5223,15.0064,1326.2368420512,0
LSI,D,20231228,000000,15.0064,15.0064,14.6675,15.0064,347.05263156480004,0
LSI,D,20231229,000000,14.8127,14.8127,14.7159,14.7159,826.3157894400001,0
LSI,D,20240102,000000,15.0064,15.0064,14.8127,14.8127,7225.0986839160005,0
LSI,D,20240103,000000,14.8127,14.8127,14.8127,14.8127,983.3157894336001,0
LSI,D,20240105,000000,15.0064,15.0064,15.0064,15.0064,49.5789473664,0
LSI,D,20240108,000000,14.958,14.958,14.7159,14.7159,152.86842104640002,0
LSI,D,20240109,000000,14.5707,14.958,14.5707,14.958,625.9342105008001,0
LSI,D,20240110,000000,14.958,14.958,14.958,14.958,136.34210525760002,0
LSI,D,20240111,000000,14.958,14.958,14.7159,14.7159,131.17763157360002,0
LSI,D,20240112,000000,14.958,14.958,14.958,14.958,76.43421052320001,0
LSI,D,20240115,000000,14.958,14.958,14.958,14.958,7.2302631576000005,0
LSI,D,20240116,000000,14.7159,14.7159,14.5707,14.5707,130.1447368368,0
LSI,D,20240117,000000,14.5707,14.6191,14.5707,14.6191,387.3355263,0
LSI,D,20240118,000000,14.958,14.958,14.958,14.958,1.0328947368,0
LSI,D,20240123,000000,14.7159,14.7159,14.5707,14.5707,139.44078946800002,0
LSI,D,20240124,000000,14.5707,14.6191,14.5707,14.6191,6465.921052368,0
LSI,D,20240125,000000,14.6191,14.6191,14.6191,14.6191,655.8881578680001,0
LSI,D,20240126,000000,14.6675,14.6675,14.6191,14.6675,2174.243420964,0
LSI,D,20240129,000000,14.6675,14.6675,14.6675,14.6675,299.53947367200004,0
LSI,D,20240130,000000,14.6191,14.6191,14.6191,14.6191,6958.611841821601,0
LSI,D,20240131,000000,14.6191,14.6675,14.6191,14.6675,449.30921050800004,0
LSI,D,20240201,000000,14.5707,14.5707,13.7478,14.4255,2654.539473576,0
LSI,D,20240202,000000,14.3287,14.4255,14.2318,14.4255,4863.901315591201,0
LSI,D,20240205,000000,14.3287,14.4255,14.2803,14.3287,967.8223683816001,0
LSI,D,20240206,000000,14.4739,14.5223,14.2803,14.3287,3155.4934209240005,0
LSI,D,20240207,000000,14.3771,14.3771,14.3771,14.3771,106.38815789040001,0
LSI,D,20240208,000000,14.3287,14.3287,14.3287,14.3287,60.940789471200006,0
LSI,D,20240209,000000,14.3771,14.8127,14.3771,14.6191,1642.302631512,0
LSI,D,20240212,000000,14.8127,15.1032,14.8127,15.0064,6639.4473681504005,0
LSI,D,20240213,000000,15.1032,15.9745,15.1032,15.8293,9029.565789105602,0
LSI,D,20240214,000000,15.5389,15.6841,15.5389,15.6841,298.5065789352,0
LSI,D,20240215,000000,15.8293,16.0713,15.5873,15.5873,1146.5131578480002,0
LSI,D,20240216,000000,15.5873,15.5873,15.4904,15.4904,1325.2039473144002,0
LSI,D,20240219,000000,15.5873,16.3618,15.5873,16.0229,3734.9473682688003,0
LSI,D,20240220,000000,15.9745,15.9745,15.9745,15.9745,470.99999998080006,0
LSI,D,20240221,000000,15.9745,15.9745,15.2,15.4904,892.4210525952001,0
LSI,D,20240222,000000,15.2968,15.2968,15.1032,15.2968,603.2105262912,0
LSI,D,20240223,000000,15.1032,15.1032,15.1032,15.1032,478.23026313840006,0
LSI,D,20240226,000000,15.1032,15.4904,15.1032,15.4904,156.99999999360003,0
LSI,D,20240228,000000,15.1032,15.2968,14.9096,15.2968,798.4276315464001,0
LSI,D,20240229,000000,15.2968,15.2968,15.2968,15.2968,28.921052630400002,0
LSI,D,20240301,000000,14.9096,15.2968,14.9096,15.2968,285.07894735680003,0
LSI,D,20240304,000000,15.2968,15.2968,15.2968,15.2968,14.460526315200001,0
LSI,D,20240305,000000,14.9096,15.2968,14.9096,15.2968,12.3947368416,0
LSI,D,20240306,000000,14.9096,15.2,14.9096,15.2,183.85526315040002,0
LSI,D,20240307,000000,14.9096,15.0064,14.9096,15.0064,159.0657894672,0
LSI,D,20240308,000000,14.9096,15.0064,14.9096,14.9096,620.7697368168001,0
LSI,D,20240311,000000,14.5223,14.9096,14.5223,14.5223,924.440789436,0
LSI,D,20240312,000000,14.5223,14.5223,14.5223,14.5223,618.7039473432001,0
LSI,D,20240313,000000,14.9096,14.9096,14.5223,14.6191,4975.453947165601,0
LSI,D,20240318,000000,14.5707,14.958,14.5223,14.958,2571.907894632,0
LSI,D,20240320,000000,14.5223,14.5707,14.5223,14.5707,206.57894736000003,0
LSI,D,20240321,000000,14.5707,14.8611,14.5707,14.8611,1840.6184209776002,0
LSI,D,20240322,000000,14.9096,14.9096,14.6675,14.6675,946.1315789088001,0
LSI,D,20240325,000000,14.958,15.1032,14.958,15.1032,1299.3815788944,0
LSI,D,20240326,000000,14.6191,15.0064,14.6191,15.0064,206.57894736000003,0
LSI,D,20240327,000000,14.9096,14.9096,14.9096,14.9096,1.0328947368,0
LSI,D,20240328,000000,14.6191,14.6191,14.6191,14.6191,1.0328947368,0
LSI,D,20240402,000000,14.6191,14.9096,14.6191,14.6191,470.99999998080006,0
LSI,D,20240403,000000,14.8127,14.8127,14.8127,14.8127,503.0197368216001,0
LSI,D,20240404,000000,14.9096,14.9096,14.6191,14.6191,635.2302631320001,0
LSI,D,20240405,000000,14.9096,14.9096,14.6191,14.6191,813.9210525984,0
LSI,D,20240408,000000,14.6191,14.6191,14.5223,14.5223,701.3355262872001,0
LSI,D,20240409,000000,14.5223,14.5223,14.5223,14.5223,358.41447366960006,0
LSI,D,20240410,000000,14.5223,14.5223,14.5223,14.5223,72.30263157600001,0
LSI,D,20240411,000000,14.5223,14.5223,14.5223,14.5223,464.80263156000007,0
LSI,D,20240412,000000,14.5223,14.5223,14.5223,14.5223,519.5460526104,0
LSI,D,20240415,000000,14.4255,14.4255,13.5541,14.0382,2315.7499999056004,0
LSI,D,20240416,000000,14.0382,14.0382,13.9414,13.9414,397.664473668,0
LSI,D,20240417,000000,13.9414,14.5223,13.7478,14.5223,2986.0986840888004,0
LSI,D,20240418,000000,14.0382,14.0382,13.7478,14.0382,2251.710526224,0
LSI,D,20240419,000000,14.3287,14.5223,14.3287,14.5223,349.1184210384,0
LSI,D,20240422,000000,14.135,14.135,14.0382,14.0382,1218.815789424,0
LSI,D,20240424,000000,14.0382,14.5223,14.0382,14.5223,1043.223684168,0
LSI,D,20240425,000000,14.5223,14.5223,14.135,14.5223,2923.0921051440005,0
LSI,D,20240429,000000,14.6191,15.0064,14.5223,15.0064,1692.9144736152002,0
LSI,D,20240430,000000,15.4904,15.4904,14.0382,14.5223,2419.0394735856003,0
LSI,D,20240502,000000,14.5223,14.5223,14.0382,14.135,1965.5986841304002,0
LSI,D,20240506,000000,14.0382,14.3287,14.0382,14.3287,1955.2697367624003,0
LSI,D,20240507,000000,14.0382,14.135,13.9414,14.0382,5092.171052424001,0
LSI,D,20240508,000000,14.135,14.135,14.135,14.135,568.09210524,0
LSI,D,20240509,000000,14.135,14.5223,14.135,14.135,987.4473683808001,0
LSI,D,20240510,000000,14.4255,14.4255,14.4255,14.4255,912.0460525944001,0
LSI,D,20240514,000000,14.4255,14.4255,14.0382,14.0382,381.13815787920004,0
LSI,D,20240515,000000,14.0382,14.0382,14.0382,14.0382,258.22368420000004,0
LSI,D,20240516,000000,14.0382,14.0382,14.0382,14.0382,309.86842104000004,0
LSI,D,20240517,000000,14.0382,14.0382,13.9414,13.9414,5637.539473454401,0
LSI,D,20240520,000000,13.9414,14.0382,13.9414,14.0382,960.5921052240001,0
LSI,D,20240521,000000,14.0382,14.4255,14.0382,14.135,698.2368420768,0
LSI,D,20240522,000000,14.0382,14.135,14.0382,14.135,39.24999999840001,0
LSI,D,20240523,000000,14.4255,14.4255,13.9414,14.0382,1137.2171052168,0
LSI,D,20240524,000000,14.0382,14.0382,14.0382,14.0382,475.13157892800007,0
LSI,D,20240527,000000,14.0382,14.0382,14.0382,14.0382,259.25657893680005,0
LSI,D,20240528,000000,14.3287,14.3287,14.3287,14.3287,7.2302631576000005,0
LSI,D,20240529,000000,14.0382,14.0382,14.0382,14.0382,77.46710526000001,0
LSI,D,20240531,000000,14.0382,14.135,14.0382,14.0382,18010.585525581602,0
LSI,D,20240604,000000,14.135,14.135,14.135,14.135,185.92105262400003,0
LSI,D,20240606,000000,14.135,14.3287,14.135,14.135,645.5592105000001,0
LSI,D,20240607,000000,14.135,14.135,14.135,14.135,37.1842105248,0
LSI,D,20240610,000000,14.135,14.135,14.135,14.135,294.374999988,0
LSI,D,20240611,000000,14.3287,14.5223,14.3287,14.5223,1875.7368420288,0
LSI,D,20240612,000000,14.5223,14.5223,14.135,14.2318,522.6447368208001,0
LSI,D,20240613,000000,14.135,14.135,14.0382,14.0382,194.18421051840002,0
LSI,D,20240614,000000,14.135,14.135,14.0382,14.0382,11.361842104800001,0
LSI,D,20240618,000000,14.135,14.135,14.0382,14.0382,102.25657894320001,0
LSI,D,20240619,000000,14.0382,14.0382,13.9414,13.9414,41.315789472000006,0
LSI,D,20240620,000000,13.9414,13.9414,13.5541,13.5541,2758.8618419928002,0
LSI,D,20240621,000000,13.5541,13.651,13.5541,13.651,443.11184208720005,0
LSI,D,20240624,000000,13.7478,13.7478,13.7478,13.7478,51.64473684000001,0
LSI,D,20240625,000000,13.5541,13.7478,13.4573,13.7478,1544.1776315160002,0
LSI,D,20240628,000000,13.8446,14.135,13.5541,13.5541,868.6644736488001,0
LSI,D,20240701,000000,13.651,13.8446,13.5541,13.5541,144.60526315200002,0
LSI,D,20240703,000000,13.7478,13.7478,13.651,13.651,4081.9999998336,0
LSI,D,20240704,000000,13.7478,14.0382,13.7478,14.0382,642.4605262896,0
LSI,D,20240705,000000,14.3287,14.4255,14.135,14.135,2839.4276314632,0
LSI,D,20240708,000000,14.2318,14.6191,14.0382,14.6191,3379.6315788096003,0
LSI,D,20240709,000000,14.4255,14.5223,14.2318,14.2318,1038.059210484,0
LSI,D,20240710,000000,14.4255,16.6522,14.4255,16.3618,10305.1907890536,0
LSI,D,20240711,000000,16.265,16.265,15.1032,15.1032,4273.0855261416,0
LSI,D,20240712,000000,15.2,16.0713,15.1032,16.0713,3001.5921051408004,0
LSI,D,20240715,000000,15.8777,16.0713,15.4904,16.0713,2658.6710525232,0
LSI,D,20240716,000000,15.4904,15.5873,15.2,15.2968,1738.3618420344,0
LSI,D,20240717,000000,15.1032,15.6841,15.1032,15.5873,4596.381578760001,0
LSI,D,20240718,000000,15.7809,16.9427,15.2,16.0713,7924.368420729601,0
LSI,D,20240719,000000,16.4586,16.4586,15.8777,16.4586,585.6513157656001,0
LSI,D,20240722,000000,16.0713,16.6522,16.0713,16.4586,2016.2105262336001,0
LSI,D,20240723,000000,16.6522,16.749,15.6841,15.8777,1720.8026315088002,0
LSI,D,20240724,000000,15.9745,15.9745,15.4904,15.7809,2484.111842004,0
LSI,D,20240725,000000,15.9745,16.1682,15.7809,15.7809,3143.0986840824003,0
LSI,D,20240726,000000,15.5873,16.1682,15.5873,15.7809,2406.644736744,0
LSI,D,20240729,000000,15.7809,15.9745,15.6841,15.9745,1260.131578896,0
LSI,D,20240730,000000,16.0713,16.0713,16.0713,16.0713,309.86842104000004,0
LSI,D,20240731,000000,15.9745,15.9745,15.6841,15.6841,754.013157864,0
LSI,D,20240801,000000,15.6841,15.6841,15.6841,15.6841,397.664473668,0
LSI,D,20240802,000000,15.1032,15.2968,15.0064,15.2,1269.4276315272002,0
LSI,D,20240805,000000,14.9096,14.9096,13.5541,14.5223,10566.513157464002,0
LSI,D,20240806,000000,14.5223,14.5223,14.3287,14.3287,195.2171052552,0
LSI,D,20240807,000000,14.2318,15.1032,14.2318,15.1032,696.1710526032001,0
LSI,D,20240808,000000,14.6191,15.0064,14.5223,15.0064,630.065789448,0
LSI,D,20240809,000000,14.7159,15.0064,14.5223,14.5223,1147.5460525848,0
LSI,D,20240812,000000,14.5223,15.1032,14.5223,15.1032,1039.0921052208,0
LSI,D,20240813,000000,15.0064,15.0064,14.5223,14.6191,2192.8355262264004,0
LSI,D,20240814,000000,14.5223,15.2,14.5223,15.2,1330.3684209984,0
LSI,D,20240816,000000,14.7159,15.2,14.6191,15.2,907.9144736472001,0
LSI,D,20240820,000000,15.2,15.2,15.2,15.2,118.78289473200002,0
LSI,D,20240822,000000,15.2,15.2,15.2,15.2,1344.8289473136,0
LSI,D,20240823,000000,14.9096,15.1032,14.9096,15.1032,158.03289473040002,0
LSI,D,20240826,000000,14.9096,14.9096,14.9096,14.9096,82.63157894400001,0
LSI,D,20240827,000000,14.9096,14.9096,14.9096,14.9096,96.05921052240001,0
LSI,D,20240828,000000,14.7159,14.8127,14.7159,14.7159,158.03289473040002,0
LSI,D,20240829,000000,14.7159,14.7159,14.7159,14.7159,701.3355262872001,0
LSI,D,20240830,000000,14.7159,14.9096,14.7159,14.7159,177.65789472960003,0
LSI,D,20240902,000000,14.8127,14.8127,14.8127,14.8127,500.95394734800004,0
LSI,D,20240905,000000,15.2,15.2,15.2,15.2,73.33552631280001,0
LSI,D,20240906,000000,14.8127,15.1032,14.7159,15.1032,3099.7171051368005,0
LSI,D,20240910,000000,15.0064,15.0064,15.0064,15.0064,1.0328947368,0
LSI,D,20240912,000000,15.0064,15.0064,15.0064,15.0064,257.1907894632,0
LSI,D,20240913,000000,14.9096,15.1032,14.8127,15.1032,235.49999999040003,0
LSI,D,20240916,000000,14.8127,14.8127,14.8127,14.8127,93.99342104880002,0
LSI,D,20240917,000000,14.8127,14.8127,14.8127,14.8127,4598.4473682336,0
LSI,D,20240918,000000,15.0064,15.0064,15.0064,15.0064,5.164473684000001,0
LSI,D,20240919,000000,14.8127,14.8127,14.8127,14.8127,154.93421052000002,0
LSI,D,20240920,000000,15.0064,15.0064,15.0064,15.0064,27.888157893600003,0
LSI,D,20240923,000000,15.0064,15.0064,14.8127,14.8127,353.2499999856,0
LSI,D,20240924,000000,14.8127,14.8127,14.8127,14.8127,103.28947368000001,0
LSI,D,20240925,000000,15.0064,15.0064,14.9096,14.9096,10.328947368000001,0
LSI,D,20240926,000000,15.2,15.2,14.9096,14.9096,203.4802631496,0
LSI,D,20240927,000000,15.0064,15.0064,15.0064,15.0064,1058.7171052200001,0
LSI,D,20241001,000000,14.9096,14.9096,14.4255,14.5223,2999.5263156672004,0
LSI,D,20241002,000000,14.5223,14.9096,14.135,14.135,4192.5197366712,0
LSI,D,20241003,000000,14.5223,14.5223,14.5223,14.5223,299.53947367200004,0
LSI,D,20241004,000000,14.3287,14.3287,14.3287,14.3287,5.164473684000001,0
LSI,D,20241007,000000,14.5223,14.5223,14.5223,14.5223,9.2960526312,0
LSI,D,20241008,000000,14.5223,14.5223,14.3287,14.3287,13.427631578400002,0
LSI,D,20241009,000000,14.5223,14.5223,14.5223,14.5223,328.4605263024,0
LSI,D,20241010,000000,14.3287,14.5223,14.135,14.5223,353.2499999856,0
LSI,D,20241011,000000,14.135,14.135,14.135,14.135,509.21710524240007,0
LSI,D,20241014,000000,14.135,14.5223,14.135,14.5223,568.09210524,0
LSI,D,20241015,000000,14.2318,14.8127,14.135,14.8127,1181.6315788992001,0
LSI,D,20241016,000000,14.9096,15.2,14.3287,14.3287,2444.8618420056005,0
LSI,D,20241017,000000,14.2318,14.2318,14.135,14.135,522.6447368208001,0
LSI,D,20241018,000000,14.2318,14.9096,14.2318,14.9096,2221.7565788568004,0
LSI,D,20241021,000000,14.5223,14.5223,14.2318,14.2318,1044.2565789048,0
LSI,D,20241022,000000,14.2318,14.2318,14.135,14.135,453.44078945520005,0
LSI,D,20241023,000000,14.4255,14.4255,14.4255,14.4255,1.0328947368,0
LSI,D,20241024,000000,14.4255,14.4255,14.135,14.4255,1374.7828946808002,0
LSI,D,20241025,000000,14.135,14.8127,14.135,14.8127,729.2236841808001,0
LSI,D,20241029,000000,14.5223,15.1032,14.4255,14.4255,3163.7565788184,0
LSI,D,20241030,000000,14.4255,14.6191,14.4255,14.4255,994.6776315384001,0
LSI,D,20241031,000000,14.3287,14.5223,14.2318,14.2318,1144.4473683744002,0
LSI,D,20241104,000000,14.4255,14.4255,14.4255,14.4255,237.56578946400003,0
LSI,D,20241106,000000,14.135,14.4255,13.9414,14.0382,1252.9013157384002,0
LSI,D,20241108,000000,14.135,14.4255,14.135,14.4255,81.59868420720001,0
LSI,D,20241112,000000,14.4255,14.4255,14.2318,14.2318,35.1184210512,0
LSI,D,20241113,000000,14.135,14.135,14.135,14.135,23.7565789464,0
LSI,D,20241114,000000,14.135,14.135,14.135,14.135,516.4473684000001,0
LSI,D,20241115,000000,14.135,14.135,14.135,14.135,6.1973684208,0
LSI,D,20241119,000000,14.135,14.135,14.135,14.135,593.9144736600001,0
LSI,D,20241120,000000,14.4255,14.5223,13.9414,13.9414,587.7171052392,0
LSI,D,20241122,000000,14.2318,14.5223,14.135,14.5223,11879.322367936802,0
LSI,D,20241125,000000,14.5223,14.5223,14.5223,14.5223,841.809210492,0
LSI,D,20241126,000000,14.6191,15.1032,14.6191,14.6191,1971.7960525512,0
LSI,D,20241127,000000,15.1032,15.2968,15.0064,15.2968,1267.3618420536002,0
LSI,D,20241128,000000,15.2968,15.2968,15.0064,15.0064,23.7565789464,0
LSI,D,20241129,000000,15.2968,15.2968,15.0064,15.0064,475.13157892800007,0
LSI,D,20241202,000000,15.4904,16.3618,15.4904,15.5873,7285.006578650401,0
LSI,D,20241203,000000,15.9745,16.265,15.9745,16.265,6519.6315786816,0
LSI,D,20241204,000000,16.265,16.3618,16.1682,16.1682,821.151315756,0
LSI,D,20241205,000000,16.1682,16.1682,16.1682,16.1682,1533.848684148,0
LSI,D,20241206,000000,16.0713,16.0713,16.0713,16.0713,805.6578947040001,0
LSI,D,20241209,000000,16.0713,16.3618,15.7809,16.3618,4623.236841916801,0
LSI,D,20241210,000000,16.0713,16.0713,16.0713,16.0713,670.3486841832,0
LSI,D,20241211,000000,15.6841,15.6841,15.6841,15.6841,154.93421052000002,0
LSI,D,20241212,000000,15.6841,15.6841,15.5873,15.5873,1218.815789424,0
LSI,D,20241213,000000,15.5873,15.5873,15.5873,15.5873,3.0986842104,0
LSI,D,20241216,000000,15.4904,15.6841,15.1032,15.1032,1783.8092104536001,0
LSI,D,20241217,000000,15.1032,15.6841,14.2318,15.6841,3065.6315788224,0
LSI,D,20241218,000000,15.4904,15.6841,15.1032,15.6841,1061.8157894304002,0
LSI,D,20241219,000000,15.4904,15.4904,15.4904,15.4904,497.85526313760005,0
LSI,D,20241220,000000,15.4904,15.6841,15.4904,15.4904,1125.855263112,0
LSI,D,20241223,000000,15.4904,15.4904,15.1032,15.4904,2643.1776314712,0
LSI,D,20241227,000000,15.4904,15.6841,15.4904,15.4904,2588.4342104208004,0
LSI,D,20250102,000000,14.6191,15.2,14.6191,15.2,237.56578946400003,0
LSI,D,20250107,000000,14.8127,15.2968,14.8127,15.2968,266.4868420944,0
LSI,D,20250108,000000,15.2968,15.2968,14.8127,14.8127,40.2828947352,0
LSI,D,20250109,000000,15.2,15.5873,14.5223,14.6191,4223.5065787752,0
LSI,D,20250110,000000,15.0064,15.6841,15.0064,15.6841,3098.6842104,0
LSI,D,20250113,000000,15.6841,15.6841,15.6841,15.6841,196.24999999200003,0
LSI,D,20250115,000000,15.5873,15.5873,15.5873,15.5873,105.3552631536,0
LSI,D,20250116,000000,15.3936,15.3936,15.3936,15.3936,464.80263156000007,0
LSI,D,20250117,000000,15.3936,15.4904,14.5223,14.5223,1394.40789468,0
LSI,D,20250120,000000,14.6191,14.9096,14.5223,14.7159,6057.927631332001,0
LSI,D,20250121,000000,15.1032,15.1032,15.1032,15.1032,10.328947368000001,0
LSI,D,20250122,000000,14.8127,14.8127,14.8127,14.8127,258.22368420000004,0
LSI,D,20250123,000000,15.1032,15.3936,15.1032,15.1032,2023.4407893912003,0
LSI,D,20250124,000000,15.1032,15.1032,15.1032,15.1032,10.328947368000001,0
LSI,D,20250127,000000,15.1032,15.2968,15.1032,15.1032,4837.046052434401,0
LSI,D,20250128,000000,15.1032,15.1032,13.7478,14.5223,1959.4013157096,0
LSI,D,20250129,000000,14.5223,16.1682,14.5223,16.1682,12890.526315264002,0
LSI,D,20250130,000000,15.9745,15.9745,15.5873,15.8777,460.67105261280005,0
LSI,D,20250131,000000,15.8777,15.8777,15.8777,15.8777,61.97368420800001,0
LSI,D,20250203,000000,15.8777,16.3618,15.8777,16.0713,88844.44078585201,0
LSI,D,20250204,000000,15.9745,15.9745,15.5873,15.9745,163.19736841440002,0
LSI,D,20250206,000000,15.4904,15.9745,15.4904,15.5873,200.3815789392,0
LSI,D,20250207,000000,15.9745,15.9745,15.4904,15.4904,960.5921052240001,0
LSI,D,20250210,000000,15.4904,15.4904,14.9096,15.0064,468.9342105072,0
LSI,D,20250211,000000,15.0064,15.0064,15.0064,15.0064,92.96052631200001,0
LSI,D,20250212,000000,15.1032,15.1032,15.1032,15.1032,280.9473684096,0
LSI,D,20250213,000000,15.1032,15.1032,15.1032,15.1032,10.328947368000001,0
LSI,D,20250214,000000,15.2968,15.9745,15.2968,15.9745,896.5526315424,0
LSI,D,20250217,000000,15.9745,15.9745,15.9745,15.9745,983.3157894336001,0
LSI,D,20250218,000000,15.9745,16.0713,15.9745,16.0713,360.48026314320003,0
LSI,D,20250219,000000,15.6841,15.8777,15.5873,15.8777,1715.6381578248001,0
LSI,D,20250220,000000,15.8777,16.0713,15.8777,16.0713,3128.6381577672005,0
LSI,D,20250224,000000,16.0713,16.0713,15.6841,15.6841,53.710526313600006,0
LSI,D,20250225,000000,15.5873,15.5873,15.5873,15.5873,1.0328947368,0
LSI,D,20250226,000000,15.5873,16.265,15.4904,16.265,13290.2565784056,0
LSI,D,20250227,000000,16.265,16.265,16.265,16.265,211.74342104400003,0
LSI,D,20250228,000000,15.9745,15.9745,15.4904,15.7809,1917.0526315008,0
LSI,D,20250303,000000,16.1682,16.1682,15.5873,16.1682,227.23684209600003,0
LSI,D,20250305,000000,15.9745,15.9745,15.9745,15.9745,2218.6578946464,0
LSI,D,20250306,000000,15.8777,15.8777,15.1032,15.5873,3983.8749998376,0
LSI,D,20250307,000000,15.8777,15.9745,15.8777,15.9745,1497.6973683600002,0
LSI,D,20250310,000000,16.0713,16.265,16.0713,16.265,815.9868420720001,0
LSI,D,20250311,000000,16.0713,16.0713,16.0713,16.0713,1611.3157894080002,0
LSI,D,20250312,000000,16.0713,16.0713,16.0713,16.0713,754.013157864,0
LSI,D,20250314,000000,16.1682,16.1682,16.0713,16.0713,1040.1249999576,0
LSI,D,20250317,000000,16.1682,16.1682,15.9745,16.1682,3659.5460524824002,0
LSI,D,20250318,000000,16.265,16.6522,16.265,16.265,3639.9210524832006,0
LSI,D,20250320,000000,16.1682,16.3618,16.1682,16.265,538.1381578728001,0
LSI,D,20250321,000000,16.265,16.4586,16.265,16.4586,189.01973683440002,0
LSI,D,20250324,000000,16.4586,16.4586,16.1682,16.1682,4391.8684208736,0
LSI,D,20250325,000000,15.9745,15.9745,15.5873,15.5873,2158.749999912,0
LSI,D,20250326,000000,15.5873,15.5873,15.2968,15.2968,4514.782894552801,0
LSI,D,20250327,000000,15.1032,15.1032,15.0064,15.0064,375.97368419520006,0
LSI,D,20250328,000000,15.0064,16.0713,15.0064,16.0713,2085.4144735992004,0
LSI,D,20250331,000000,16.1682,16.1682,16.0713,16.0713,1105.1973683760002,0
LSI,D,20250401,000000,16.1682,16.265,16.1682,16.1682,956.4605262768001,0
LSI,D,20250402,000000,16.0713,16.0713,15.4904,15.4904,935.8026315408001,0
LSI,D,20250403,000000,15.4904,15.9745,15.4904,15.4904,402.82894735200006,0
LSI,D,20250404,000000,15.4904,15.4904,14.7159,14.7159,1002.9407894328001,0
LSI,D,20250407,000000,14.8127,15.3936,14.8127,15.3936,1645.4013157224,0
LSI,D,20250408,000000,15.3936,15.5873,15.3936,15.5873,1696.0131578256003,0
LSI,D,20250409,000000,15.4904,15.4904,15.3936,15.3936,671.38157892,0
LSI,D,20250410,000000,15.4904,15.4904,14.8127,15.0064,2646.2763156816004,0
LSI,D,20250414,000000,15.1032,15.9745,15.1032,15.3936,1750.7565788760003,0
LSI,D,20250415,000000,15.4904,15.4904,15.1032,15.3936,2369.4605262192003,0
LSI,D,20250416,000000,15.4904,15.4904,15.3936,15.3936,1480.1381578344,0
LSI,D,20250417,000000,15.3936,15.3936,15.0064,15.0064,1032.8947368000001,0
LSI,D,20250422,000000,15.4904,15.4904,15.4904,15.4904,4.1315789472,0
LSI,D,20250423,000000,15.2968,15.2968,15.2968,15.2968,340.85526314400005,0
LSI,D,20250424,000000,15.2968,15.2968,15.2968,15.2968,103.28947368000001,0
LSI,D,20250425,000000,15.2,15.2,14.9096,15.1032,3917.7697366824004,0
LSI,D,20250428,000000,15.1032,15.2,15.0064,15.0064,1446.0526315200002,0
LSI,D,20250429,000000,15.0064,15.0064,15.0064,15.0064,1213.6513157400002,0
LSI,D,20250430,000000,15.3936,15.3936,15.2968,15.2968,186.95394736080002,0
LSI,D,20250502,000000,15.4904,15.4904,15.2968,15.2968,1392.3421052064002,0
LSI,D,20250505,000000,15.3936,15.3936,15.3936,15.3936,13.427631578400002,0
LSI,D,20250506,000000,15.3936,15.3936,15.3936,15.3936,54.7434210504,0
LSI,D,20250507,000000,15.1032,15.3936,15.1032,15.2,229.3026315696,0
LSI,D,20250508,000000,15.3936,15.3936,15.2,15.2,220.00657893840003,0
LSI,D,20250509,000000,15.3936,15.3936,15.2968,15.3936,1724.934210456,0
LSI,D,20250512,000000,15.3936,15.3936,15.2968,15.2968,209.67763157040002,0
LSI,D,20250514,000000,15.3936,15.8777,15.2,15.2,3564.5197366968005,0
LSI,D,20250515,000000,15.3936,18.1045,15.3936,17.4268,39839.7828931128,0
LSI,D,20250516,000000,17.4268,17.9108,17.0395,17.3299,4289.6118419304,0
LSI,D,20250519,000000,17.7172,17.9108,17.6204,17.814,2492.3749998984003,0
LSI,D,20250520,000000,17.7172,18.3949,17.6204,18.3949,1700.1447367728001,0
LSI,D,20250521,000000,18.2981,18.6854,17.9108,18.3949,8161.934210193601,0
LSI,D,20250522,000000,17.9108,18.5885,17.9108,18.3949,3517.006578804,0
LSI,D,20250523,000000,18.1045,18.6854,18.1045,18.3949,3078.0263156640003,0
LSI,D,20250526,000000,18.3949,18.6854,18.3949,18.3949,1042.1907894312,0
LSI,D,20250527,000000,18.3949,18.7822,18.3949,18.4917,4738.921052438401,0
LSI,D,20250528,000000,18.4917,18.7822,18.3949,18.7822,341.8881578808,0
LSI,D,20250529,000000,18.7822,19.9439,18.7822,19.3631,155550.84867786962,0
LSI,D,20250530,000000,19.0726,20.3312,19.0726,19.3631,4764.743420858401,0
LSI,D,20250602,000000,20.3312,20.3312,19.3631,19.3631,915.1447368048001,0
LSI,D,20250603,000000,19.9439,19.9439,19.3631,19.3631,780.8684210208,0
LSI,D,20250604,000000,19.2662,19.2662,18.7822,18.7822,437.9473684032,0
LSI,D,20250605,000000,18.7822,18.7822,18.0076,18.1045,5992.8552629136,0
LSI,D,20250606,000000,17.9108,18.6854,17.9108,18.6854,624.9013157640001,0
LSI,D,20250609,000000,18.6854,19.0726,18.6854,19.0726,532.9736841888,0
LSI,D,20250610,000000,19.2662,20.1376,19.2662,20.1376,2153.585526228,0
LSI,D,20250611,000000,19.7503,19.9439,19.3631,19.5567,823.2171052296001,0
LSI,D,20250612,000000,19.7503,23.6229,19.7503,21.493,9012.006578580002,0
LSI,D,20250613,000000,22.0739,23.2357,20.7185,21.493,2071.9868420208004,0
LSI,D,20250616,000000,21.6866,21.6866,19.9439,20.7185,1608.2171051976002,0
LSI,D,20250617,000000,21.6866,21.6866,21.1057,21.6866,424.5197368248,0
LSI,D,20250618,000000,21.6866,22.0739,21.2994,22.0739,575.3223683976,0
LSI,D,20250620,000000,21.493,22.0739,21.493,22.0739,153.9013157832,0
LSI,D,20250623,000000,22.0739,22.0739,20.1376,20.9121,1751.7894736128,0
LSI,D,20250624,000000,20.9121,21.1057,20.7185,20.9121,821.151315756,0
LSI,D,20250625,000000,20.9121,22.0739,20.9121,22.0739,1613.3815788816003,0
LSI,D,20250626,000000,21.8803,22.6548,21.8803,22.6548,2841.4934209368002,0
LSI,D,20250627,000000,22.2675,22.6548,22.2675,22.6548,89.8618421016,0
LSI,D,20250630,000000,22.6548,22.6548,21.8803,22.4611,2022.4078946544003,0
LSI,D,20250701,000000,22.4611,22.4611,21.8803,21.8803,222.07236841200003,0
LSI,D,20250702,000000,21.8803,22.0739,21.8803,22.0739,268.55263156800004,0
LSI,D,20250703,000000,22.0739,22.2675,21.8803,22.2675,284.04605262,0
LSI,D,20250704,000000,22.2675,22.6548,22.0739,22.6548,844.9078947024001,0
LSI,D,20250707,000000,22.2675,22.2675,21.6866,22.2675,1292.1513157368001,0
LSI,D,20250708,000000,22.2675,23.042,22.2675,23.042,945.098684172,0
LSI,D,20250709,000000,22.2675,23.042,22.2675,23.042,22.723684209600002,0
LSI,D,20250710,000000,23.042,23.042,22.2675,23.042,39.24999999840001,0
LSI,D,20250711,000000,23.042,23.042,22.2675,22.6548,357.38157893280004,0
LSI,D,20250714,000000,22.8484,22.8484,22.8484,22.8484,4.1315789472,0
LSI,D,20250715,000000,22.8484,22.8484,22.6548,22.6548,4.1315789472,0
LSI,D,20250716,000000,22.2675,22.8484,22.2675,22.8484,979.1842104864,0
LSI,D,20250717,000000,22.4611,23.6229,22.2675,23.6229,7575.249999691201,0
LSI,D,20250718,000000,23.6229,24.2038,23.4293,24.2038,919.2763157520001,0
LSI,D,20250721,000000,24.2038,26.721,24.2038,26.5274,5586.927631351201,0
LSI,D,20250722,000000,26.5274,29.0446,24.0102,24.3975,67534.78947093121,0
LSI,D,20250723,000000,24.5911,25.172,22.2675,25.172,13592.894736288,0
LSI,D,20250724,000000,25.172,25.9465,24.9783,25.172,5739.796052397601,0
LSI,D,20250725,000000,25.172,25.3656,24.3975,25.172,10253.546052213602,0
LSI,D,20250728,000000,24.2038,25.172,24.2038,25.172,1455.3486841512001,0
LSI,D,20250729,000000,24.9783,25.3656,24.9783,25.3656,1975.9276314984002,0
LSI,D,20250730,000000,25.5592,25.5592,25.172,25.3656,1483.2368420448001,0
LSI,D,20250731,000000,25.172,26.9146,25.172,26.721,11068.499999548801,0
LSI,D,20250801,000000,26.721,26.9146,25.172,26.1401,2242.4144735928003,0
LSI,D,20250804,000000,26.1401,26.1401,25.5592,26.1401,470.99999998080006,0
LSI,D,20250805,000000,26.1401,26.9146,25.7529,26.9146,2609.0921051568002,0
LSI,D,20250806,000000,26.9146,27.1083,26.721,26.9146,1505.9605262544,0
LSI,D,20250807,000000,27.1083,28.0764,27.1083,28.0764,48236.18420856001,0
LSI,D,20250808,000000,28.0764,28.2701,26.1401,28.0764,9353.894736460801,0
LSI,D,20250811,000000,27.8828,30.0127,27.8828,29.0446,4086.1315787808003,0
LSI,D,20250812,000000,29.0446,29.2382,28.4637,29.2382,1091.7697367976002,0
LSI,D,20250813,000000,29.2382,30.4,28.851,30.2064,2073.0197367576,0
LSI,D,20250814,000000,29.8191,30.0127,28.851,30.0127,2647.3092104184,0
LSI,D,20250818,000000,29.4318,30.0127,29.2382,29.4318,386.30263156320007,0
LSI,D,20250819,000000,29.4318,30.4,29.2382,30.4,2833.2302630424,0
LSI,D,20250820,000000,30.4,30.9809,30.0127,30.9809,2939.6184209328003,0
LSI,D,20250821,000000,30.9809,31.1745,29.2382,30.4,1627.8421051968,0
LSI,D,20250822,000000,30.4,30.4,29.2382,30.0127,1667.0921051952002,0
LSI,D,20250825,000000,29.4318,29.4318,28.851,29.0446,1905.6907893960001,0
LSI,D,20250826,000000,28.851,29.4318,28.851,29.4318,2433.4999999008,0
LSI,D,20250827,000000,29.4318,30.2064,29.2382,29.8191,1842.6842104512002,0
LSI,D,20250828,000000,29.8191,29.8191,29.8191,29.8191,1222.9473683712001,0
LSI,D,20250829,000000,28.851,28.851,26.1401,26.1401,9873.440789071201,0
LSI,D,20250901,000000,26.1401,26.9146,26.1401,26.9146,6767.526315513601,0
LSI,D,20250902,000000,26.1401,26.721,26.1401,26.721,2631.8157893664,0
LSI,D,20250903,000000,26.9146,26.9146,26.3338,26.3338,487.52631576960005,0
LSI,D,20250904,000000,26.721,26.9146,26.1401,26.9146,1265.2960525800002,0
LSI,D,20250905,000000,26.3338,26.721,26.3338,26.3338,1118.6249999544002,0
LSI,D,20250908,000000,26.5274,26.9146,26.3338,26.9146,658.9868420784001,0
LSI,D,20250909,000000,26.9146,26.9146,26.9146,26.9146,144.60526315200002,0
LSI,D,20250910,000000,26.3338,26.3338,26.1401,26.1401,2266.1710525392004,0
LSI,D,20250911,000000,26.1401,26.5274,26.1401,26.5274,1296.2828946840002,0
LSI,D,20250912,000000,26.5274,26.5274,26.5274,26.5274,4.1315789472,0
LSI,D,20250915,000000,26.5274,26.721,26.3338,26.3338,1231.2105262656,0
LSI,D,20250916,000000,26.3338,26.3338,26.1401,26.3338,392.49999998400006,0
LSI,D,20250917,000000,26.1401,26.721,26.1401,26.3338,2501.6710525296003,0
LSI,D,20250918,000000,26.3338,26.721,26.3338,26.721,967.8223683816001,0
LSI,D,20250919,000000,26.721,26.9146,26.5274,26.5274,742.6513157592001,0
LSI,D,20250922,000000,26.5274,26.5274,26.5274,26.5274,4.1315789472,0
LSI,D,20250923,000000,26.3338,27.1083,26.3338,27.1083,166.2960526248,0
LSI,D,20250924,000000,26.721,27.1083,26.5274,26.721,420.38815787760007,0
LSI,D,20250925,000000,27.1083,27.1083,26.721,26.721,99.1578947328,0
LSI,D,20250926,000000,26.9146,26.9146,26.721,26.721,216.90789472800003,0
LSI,D,20250929,000000,26.5274,27.1083,26.1401,26.721,4536.4736840256,0
LSI,D,20250930,000000,27.8828,27.8828,26.1401,26.721,4947.565789272,0
LSI,D,20251001,000000,26.3338,26.721,26.1401,26.5274,2349.8355262200002,0
LSI,D,20251002,000000,26.5274,26.721,26.1401,26.1401,1384.078947312,0
LSI,D,20251003,000000,26.1401,26.5274,26.1401,26.1401,532.9736841888,0
LSI,D,20251006,000000,26.3338,26.3338,26.1401,26.1401,1303.5131578416,0
LSI,D,20251007,000000,26.1401,26.3338,26.1401,26.1401,334.65789472320006,0
LSI,D,20251008,000000,26.1401,26.721,26.1401,26.721,2507.8684209504004,0
LSI,D,20251009,000000,26.3338,26.721,26.1401,26.3338,2255.8421051712003,0
LSI,D,20251010,000000,26.1401,26.1401,26.1401,26.1401,161.1315789408,0
LSI,D,20251013,000000,25.9465,26.1401,25.9465,26.1401,1072.1447367984001,0
LSI,D,20251014,000000,26.3338,26.5274,26.1401,26.1401,6121.9671050136,0
LSI,D,20251015,000000,26.5274,26.5274,26.3338,26.3338,3606.8684209056005,0
LSI,D,20251016,000000,26.3338,26.5274,26.3338,26.5274,1706.3421051936002,0
LSI,D,20251017,000000,26.3338,26.5274,26.1401,26.1401,558.7960526088001,0
LSI,D,20251020,000000,26.1401,26.721,26.1401,26.721,1816.8618420312002,0
LSI,D,20251021,000000,26.5274,27.1083,26.5274,26.9146,752.9802631272,0
LSI,D,20251022,000000,26.9146,26.9146,26.5274,26.5274,474.09868419120005,0
LSI,D,20251023,000000,26.5274,26.5274,26.5274,26.5274,32.0197368408,0
LSI,D,20251024,000000,26.3338,26.9146,26.1401,26.9146,209.67763157040002,0
LSI,D,20251027,000000,26.5274,26.5274,26.5274,26.5274,17.5592105256,0
LSI,D,20251028,000000,26.3338,26.9146,26.1401,26.9146,279.9144736728,0
LSI,D,20251029,000000,26.9146,26.9146,26.3338,26.3338,51.64473684000001,0
LSI,D,20251030,000000,26.3338,27.1083,26.3338,27.1083,733.355263128,0
LSI,D,20251031,000000,27.1083,27.1083,27.1083,27.1083,364.61184209040005,0
LSI,D,20251103,000000,27.6892,27.6892,27.1083,27.4955,353.2499999856,0
LSI,D,20251104,000000,27.4955,27.4955,27.4955,27.4955,189.01973683440002,0
LSI,D,20251105,000000,27.3019,27.3019,27.3019,27.3019,64.0394736816,0
LSI,D,20251107,000000,27.1083,27.1083,27.1083,27.1083,1009.1381578536001,0
LSI,D,20251110,000000,27.4955,27.4955,27.1083,27.1083,257.1907894632,0
LSI,D,20251112,000000,27.1083,27.4955,27.1083,27.4955,165.26315788800002,0
LSI,D,20251113,000000,27.1083,27.4955,27.1083,27.1083,2123.6315788608003,0
LSI,D,20251114,000000,26.9146,26.9146,26.5274,26.721,356.348684196,0
LSI,D,20251117,000000,26.1401,26.3338,26.1401,26.1401,866.5986841752001,0
LSI,D,20251118,000000,26.5274,27.4955,26.1401,26.9146,5040.526315584,0
LSI,D,20251120,000000,27.1083,27.1083,27.1083,27.1083,47.5131578928,0
LSI,D,20251121,000000,26.9146,27.1083,26.721,27.1083,454.47368419200006,0
LSI,D,20251124,000000,27.1083,27.1083,26.721,26.9146,846.9736841760001,0
LSI,D,20251125,000000,27.1083,27.1083,26.721,26.9146,455.5065789288,0
LSI,D,20251126,000000,26.721,26.9146,26.721,26.9146,150.8026315728,0
LSI,D,20251127,000000,26.721,26.721,26.721,26.721,38.217105261600004,0
LSI,D,20251128,000000,26.721,26.721,26.721,26.721,1420.2302631000002,0
LSI,D,20251201,000000,27.6892,27.6892,27.1083,27.4955,1359.2894736288001,0
LSI,D,20251202,000000,27.1083,27.1083,26.5274,26.721,1308.6776315256002,0
LSI,D,20251203,000000,28.0764,28.851,28.0764,28.4637,12098.296052138401,0
LSI,D,20251204,000000,28.6573,28.6573,28.4637,28.4637,1510.0921052016001,0
LSI,D,20251205,000000,28.4637,28.851,28.4637,28.6573,559.8289473456,0
LSI,D,20251208,000000,28.851,28.851,28.851,28.851,121.88157894240001,0
LSI,D,20251209,000000,28.6573,28.851,28.6573,28.6573,778.8026315472001,0
LSI,D,20251210,000000,28.851,28.851,28.4637,28.851,186.95394736080002,0
LSI,D,20251211,000000,28.2701,28.6573,28.0764,28.0764,96.05921052240001,0
LSI,D,20251212,000000,28.0764,28.6573,28.0764,28.6573,121.88157894240001,0
LSI,D,20251215,000000,28.851,28.851,28.0764,28.2701,238.59868420080002,0
LSI,D,20251216,000000,28.2701,28.6573,28.2701,28.6573,228.26973683280002,0
LSI,D,20251217,000000,28.2701,28.6573,28.0764,28.6573,441.04605261360007,0
LSI,D,20251218,000000,28.851,28.851,28.851,28.851,51.64473684000001,0
LSI,D,20251222,000000,28.4637,28.4637,28.2701,28.2701,297.4736841984,0
LSI,D,20251223,000000,28.2701,28.2701,28.0764,28.0764,864.5328947016001,0
LSI,D,20251229,000000,28.0764,28.4637,28.0764,28.0764,215.8749999912,0
LSI,D,20251230,000000,28.0764,28.4637,28.0764,28.4637,403.8618420888,0
LSI,D,20260102,000000,29.0446,29.0446,28.6573,28.851,430.71710524560007,0
LSI,D,20260105,000000,28.851,28.851,28.2701,28.2701,226.20394735920001,0
LSI,D,20260107,000000,28.2701,28.6573,28.2701,28.6573,21.690789472800002,0
LSI,D,20260108,000000,28.6573,30.0127,28.4637,30.0127,4353.651315612001,0
LSI,D,20260109,000000,30.4,32.3363,30.2064,32.1427,3493.2499998576004,0
LSI,D,20260112,000000,31.3682,32.3363,31.3682,32.3363,1220.8815788976,0
LSI,D,20260113,000000,32.5299,33.1108,31.5618,32.1427,900.6842104896001,0
LSI,D,20260114,000000,31.3682,31.3682,31.3682,31.3682,866.5986841752001,0
LSI,D,20260115,000000,31.7554,31.949,31.1745,31.949,189.01973683440002,0
LSI,D,20260116,000000,31.949,31.949,31.5618,31.5618,50.611842103200004,0
LSI,D,20260119,000000,31.5618,31.5618,31.1745,31.5618,67.13815789200001,0
LSI,D,20260120,000000,31.5618,31.5618,30.2064,31.1745,1771.4144736120002,0
LSI,D,20260121,000000,31.1745,31.5618,30.9809,31.5618,123.94736841600002,0
LSI,D,20260122,000000,31.3682,31.3682,31.3682,31.3682,1.0328947368,0
LSI,D,20260123,000000,31.3682,31.7554,31.3682,31.7554,778.8026315472001,0
LSI,D,20260126,000000,31.3682,31.949,30.9809,31.949,285.07894735680003,0
LSI,D,20260127,000000,32.1427,33.1108,31.949,31.949,550.5328947144001,0
LSI,D,20260128,000000,31.7554,31.949,31.7554,31.7554,9.2960526312,0
LSI,D,20260129,000000,31.7554,31.7554,30.9809,31.7554,553.6315789248,0
LSI,D,20260130,000000,30.9809,30.9809,29.6255,30.7873,2537.8223683176,0
LSI,D,20260202,000000,30.5936,30.5936,29.6255,30.2064,5854.4473681824,0
LSI,D,20260203,000000,29.8191,30.2064,29.6255,29.6255,2201.0986841208,0
LSI,D,20260204,000000,29.8191,30.0127,29.2382,30.0127,4349.519736664801,0
LSI,D,20260205,000000,30.0127,32.9172,30.0127,31.5618,3473.6249998584003,0
LSI,D,20260206,000000,32.3363,33.4981,31.949,31.949,1726.9999999296,0
LSI,D,20260209,000000,32.1427,33.3045,31.949,33.3045,1179.5657894256,0
LSI,D,20260210,000000,32.3363,33.1108,31.949,33.1108,236.53289472720002,0
LSI,D,20260211,000000,33.3045,33.6917,32.9172,32.9172,2705.1513156792003,0
LSI,D,20260212,000000,32.9172,33.4981,32.9172,33.4981,540.2039473464,0
LSI,D,20260213,000000,33.3045,33.3045,32.9172,33.1108,2547.1184209488,0
LSI,D,20260216,000000,33.4981,33.4981,33.4981,33.4981,7.2302631576000005,0
LSI,D,20260217,000000,33.1108,33.6917,33.1108,33.6917,434.8486841928,0
LSI,D,20260219,000000,33.4981,33.4981,33.1108,33.1108,159.0657894672,0
LSI,D,20260220,000000,33.4981,33.4981,33.1108,33.1108,158.03289473040002,0
LSI,D,20260223,000000,32.9172,32.9172,32.9172,32.9172,83.66447368080001,0
LSI,D,20260224,000000,32.9172,32.9172,31.1745,32.1427,1375.8157894176002,0
LSI,D,20260225,000000,31.949,32.5299,31.949,32.5299,91.92763157520001,0
LSI,D,20260226,000000,31.949,32.1427,30.7873,30.9809,322.2631578816,0
LSI,D,20260227,000000,30.7873,31.7554,30.7873,31.7554,221.03947367520001,0
LSI,D,20260302,000000,31.1745,31.949,30.7873,31.7554,503.0197368216001,0
LSI,D,20260303,000000,31.3682,33.3045,30.4,32.3363,1154.7763157424001,0
LSI,D,20260304,000000,32.1427,32.3363,32.1427,32.1427,250.99342104240003,0
LSI,D,20260305,000000,31.7554,31.949,31.5618,31.949,21.690789472800002,0
LSI,D,20260306,000000,31.7554,31.7554,30.9809,31.7554,2484.111842004,0
LSI,D,20260309,000000,30.9809,31.949,30.9809,31.949,280.9473684096,0
LSI,D,20260310,000000,31.949,32.9172,31.3682,32.9172,203.4802631496,0
LSI,D,20260311,000000,31.5618,32.9172,31.5618,32.9172,3.0986842104,0
LSI,D,20260312,000000,32.9172,33.4981,32.9172,33.4981,2345.7039472728,0
LSI,D,20260313,000000,33.4981,33.6917,33.1108,33.4981,1447.0855262568002,0
LSI,D,20260316,000000,33.1108,33.6917,33.1108,33.4981,232.40131578000003,0
LSI,D,20260317,000000,33.4981,33.4981,33.4981,33.4981,1.0328947368,0
LSI,D,20260318,000000,33.1108,33.4981,33.1108,33.1108,1049.4210525888002,0
LSI,D,20260319,000000,33.4981,33.4981,32.9172,33.4981,45.447368419200004,0
LSI,D,20260320,000000,33.3045,33.4981,33.3045,33.4981,104.3223684168,0
LSI,D,20260323,000000,32.9172,32.9172,32.5299,32.5299,277.8486841992,0
LSI,D,20260324,000000,32.1427,33.1108,31.949,31.949,339.82236840720003,0
LSI,D,20260325,000000,32.9172,32.9172,32.1427,32.1427,120.84868420560001,0
LSI,D,20260326,000000,33.1108,33.3045,32.9172,33.3045,372.8749999848,0
LSI,D,20260327,000000,32.9172,33.8854,32.9172,33.1108,1577.2302630936001,0
LSI,D,20260330,000000,33.8854,33.8854,33.8854,33.8854,310.9013157768,0
LSI,D,20260331,000000,33.6917,33.8854,32.9172,33.8854,1325.2039473144002,0
LSI,D,20260401,000000,33.6917,33.6917,33.1108,33.6917,402.82894735200006,0
LSI,D,20260402,000000,33.6917,33.6917,33.3045,33.4981,746.7828947064,0
LSI,D,20260407,000000,34.4662,34.4662,33.4013,33.4981,4029.3223682568005,0
LSI,D,20260408,000000,33.8854,34.4662,33.8854,34.4662,2757.8289472560004,0
LSI,D,20260409,000000,34.079,34.1758,33.8854,34.1758,2224.8552630672,0
LSI,D,20260410,000000,34.1758,34.2726,33.4981,34.2726,938.9013157512001,0
LSI,D,20260413,000000,34.2726,34.8535,34.079,34.7567,811.8552631248001,0
LSI,D,20260414,000000,34.7567,36.2089,34.7567,36.2089,3700.8618419544005,0
LSI,D,20260415,000000,36.2089,39.7911,36.2089,39.5006,6127.1315786976,0
LSI,D,20260416,000000,39.5006,40.6624,38.1452,38.1452,1416.0986841528002,0
LSI,D,20260417,000000,37.8548,43.4701,37.1771,43.4701,872.7960525960001,0
LSI,D,20260420,000000,40.2752,42.4051,39.7911,42.2115,907.9144736472001,0
LSI,D,20260421,000000,40.7592,44.535,40.7592,43.5669,4066.5065787816,0
LSI,D,20260422,000000,43.4701,43.5669,43.3732,43.5669,621.8026315536,0
LSI,D,20260423,000000,43.5669,43.5669,40.7592,40.7592,1312.8092104728,0
LSI,D,20260424,000000,42.1146,42.5987,40.6624,42.2115,467.90131577040006,0
LSI,D,20260427,000000,42.5987,43.4701,42.5987,43.2764,616.6381578696,0
LSI,D,20260428,000000,43.4701,43.4701,42.6955,43.4701,123.94736841600002,0
LSI,D,20260429,000000,43.2764,43.4701,43.1796,43.4701,1140.3157894272001,0
LSI,D,20260430,000000,44.535,54.6038,44.535,52.6675,9453.052631193601,0
LSI,D,20260504,000000,52.2803,52.6675,45.6,45.6,7023.6842102400005,0
LSI,D,20260505,000000,43.0828,46.4713,43.0828,46.2777,3390.9934209144003,0
LSI,D,20260506,000000,46.4713,48.4076,45.5032,46.4713,1008.1052631168001,0
LSI,D,20260507,000000,47.8268,47.8268,44.6318,46.4713,472.0328947176001,0
LSI,D,20260508,000000,46.4713,46.4713,45.0191,46.4713,92.96052631200001,0
LSI,D,20260511,000000,45.0191,46.2777,44.9223,45.9873,526.776315768,0
LSI,D,20260512,000000,45.9873,45.9873,41.7274,44.535,1316.94078942,0
LSI,D,20260513,000000,42.5987,45.9873,42.5987,45.9873,308.8355263032,0
LSI,D,20260514,000000,45.9873,45.9873,44.535,45.8904,472.0328947176001,0
LSI,D,20260515,000000,45.8904,45.8904,43.5669,44.3414,527.8092105048,0
LSI,D,20260518,000000,43.2764,44.2446,42.7924,44.2446,320.19736840800005,0
LSI,D,20260519,000000,44.2446,44.2446,40.6624,40.7592,2195.9342104368,0
LSI,D,20260520,000000,40.7592,40.7592,39.1134,40.0815,1293.1842104736002,0
LSI,D,20260521,000000,39.6943,42.5019,39.307,42.2115,3278.4078946032005,0
LSI,D,20260522,000000,42.1146,42.1146,39.7911,39.9847,1174.4013157416002,0
LSI,D,20260525,000000,39.9847,39.9847,37.1771,37.2739,1871.6052630816002,0
LSI,D,20260526,000000,38.3389,38.7261,37.4675,37.4675,326.39473682880003,0
LSI,D,20260527,000000,38.7261,38.9197,37.4675,38.9197,1289.0526315264,0
LSI,D,20260528,000000,38.9197,38.9197,38.6293,38.9197,3882.6513156312003,0
LSI,D,20260529,000000,42.5987,44.3414,40.8561,42.3083,4321.6315787712,0
LSI,D,20260601,000000,41.5338,43.4701,39.6943,42.5987,12179.8947363456,0
LSI,D,20260602,000000,40.7592,41.6306,40.6624,40.6624,1016.3684210112001,0
LSI,D,20260603,000000,42.1146,42.1146,42.1146,42.1146,3.0986842104,0
LSI,D,20260605,000000,40.6624,44.535,40.6624,44.535,3490.1513156472,0
LSI,D,20260608,000000,46.4713,48.1172,44.6318,44.7287,1767.2828946648,0
LSI,D,20260609,000000,45.5032,45.5032,44.7287,44.7287,641.4276315528001,0
LSI,D,20260610,000000,44.535,44.535,42.7924,43.0828,905.8486841736001,0
LSI,D,20260611,000000,44.535,44.535,43.5669,44.535,299.53947367200004,0
LSI,D,20260612,000000,44.535,44.535,43.0828,43.0828,11.361842104800001,0
LSI,D,20260615,000000,44.535,44.535,43.5669,44.535,642.4605262896,0
LSI,D,20260616,000000,44.535,44.535,43.5669,44.535,112.58552631120001,0
LSI,D,20260617,000000,43.6637,44.535,43.5669,43.6637,122.91447367920001,0
LSI,D,20260618,000000,43.6637,44.535,43.5669,43.8573,406.9605262992,0
LSI,D,20260619,000000,45.7936,50.3439,45.7936,48.4076,3926.0328945768006,0
LSI,D,20260622,000000,48.4076,52.2803,48.4076,52.0866,1623.7105262496002,0
LSI,D,20260623,000000,50.7312,52.0866,50.3439,51.5057,662.0855262888001,0
LSI,D,20260624,000000,51.5057,51.5057,48.4076,49.9567,768.4736841792001,0
LSI,D,20260625,000000,50.3439,51.3121,50.3439,51.3121,736.4539473384001,0
LSI,D,20260626,000000,50.5376,51.1185,47.2459,51.1185,1963.5328946568002,0
LSI,D,20260629,000000,51.1185,52.8611,50.3439,51.6994,1537.9802630952001,0
LSI,D,20260630,000000,51.6994,51.6994,50.1503,50.1503,850.0723683864001,0
LSI,D,20260701,000000,50.1503,50.3439,48.6013,50.3439,700.3026315504001,0
LSI,D,20260702,000000,50.3439,51.893,48.9885,50.5376,1797.2368420320001,0
LSI,D,20260703,000000,51.893,51.893,50.3439,51.893,424.5197368248,0
LSI,D,20260706,000000,51.1185,52.2803,51.1185,52.2803,3309.3947367072005,0
LSI,D,20260707,000000,52.2803,53.442,52.0866,52.0866,890.3552631216,0
LSI,D,20260708,000000,54.7975,55.1847,52.2803,55.1847,4024.1578945728006,0
LSI,D,20260709,000000,55.572,58.0892,55.572,57.7019,3610.9999998528006,0
LSI,D,20260710,000000,58.0892,58.0892,57.3146,57.7019,907.9144736472001,0
LSI,D,20260713,000000,57.7019,60.9936,57.7019,60.8,2188.7039472792003,0
LSI,D,20260714,000000,62.6,62.8,57.2,59.6,1700,0
LSI,D,20260715,000000,59.4,59.4,54.6,55.2,3356,0
LSI,D,20260716,000000,54.4,55,52.2,53.6,1985,0
LSI,D,20260717,000000,53,54,51.4,54,1221,0
LSI,D,20260720,000000,53.4,57,53.4,55.8,1332,0
LSI,D,20260721,000000,56,60.8,55.4,57.8,1099,0
LSI,D,20260722,000000,57.2,57.6,56,57.2,274,0
LSI,D,20260723,000000,57.8,57.8,56,57.6,170,0
LSI,D,20260724,000000,57.8,57.8,56.2,57.6,289,0
LSI,D,20260727,000000,57.8,57.8,56,57.6,134,0
LSI,D,20260728,000000,56.4,57.8,52.4,55.4,1224,0
LSI,D,20260729,000000,54.4,56,53.6,55.4,623,0
LSI,D,20260730,000000,54,56.6,52.2,56,742,0
LSI,D,20260731,000000,54.6,57.8,54,57.8,767,0
LSI,D,20260803,000000,57.8,57.8,56.2,57.6,264,0
LSI,D,20260804,000000,56.2,57.8,56.2,57.8,744,0
LSI,D,20260805,000000,57.8,57.8,57.2,57.2,797,0
LSI,D,20260806,000000,57.2,57.8,57.2,57.2,146,0
LSI,D,20260807,000000,57.2,57.2,56,57,310,0
LSI,D,20260810,000000,56,56.8,55.4,56.4,343,0
LSI,D,20260811,000000,56.4,56.4,54.4,56,829,0
LSI,D,20260812,000000,56,56,54.8,55.8,563,0
LSI,D,20260813,000000,56,56,54.4,54.4,517,0
LSI,D,20260814,000000,55.2,55.2,51.8,54,1045,0
LSI,D,20260817,000000,54,57.4,54,55.8,1156,0
LSI,D,20260818,000000,56,56,53,54,572,0
