<TICKER>,<PER>,<DATE>,<TIME>,<OPEN>,<HIGH>,<LOW>,<CLOSE>,<VOL>,<OPENINT>
MCI,D,20010201,000000,7.09755,7.94037,6.96446,7.94037,583036.1135384445,0
MCI,D,20010202,000000,7.6742,8.29524,7.6742,7.85168,288264.12099932396,0
MCI,D,20010205,000000,7.54111,7.89598,7.54111,7.85168,74352.54249572351,0
MCI,D,20010206,000000,7.54111,7.89598,7.54111,7.85168,129623.18609437566,0
MCI,D,20010207,000000,7.76289,7.85168,7.54111,7.80728,94565.71831753607,0
MCI,D,20010208,000000,7.85168,8.33963,7.85168,8.33963,161273.60467138604,0
MCI,D,20010209,000000,8.64974,9.5821,8.64974,9.53757,232874.5115702219,0
MCI,D,20010212,000000,9.71466,9.71466,8.78319,8.91664,154113.62413504918,0
MCI,D,20010213,000000,8.69423,9.04919,8.47272,8.87216,146678.2597319301,0
MCI,D,20010214,000000,8.60572,8.73871,8.60572,8.64974,25164.577746556293,0
MCI,D,20010215,000000,8.60572,8.73871,8.07346,8.33963,208585.65452003296,0
MCI,D,20010216,000000,8.38394,8.42833,7.98477,8.02906,76189.90365489425,0
MCI,D,20010219,000000,7.98477,8.11776,7.76289,7.76289,60545.896950731745,0
MCI,D,20010220,000000,7.80728,7.80728,7.36372,7.6742,62393.171929106655,0
MCI,D,20010221,000000,7.45242,7.80728,7.45242,7.71859,86740.41035905342,0
MCI,D,20010222,000000,7.40803,7.80728,7.40803,7.76289,39487.84342563143,0
MCI,D,20010223,000000,7.89598,8.42833,7.62981,7.62981,31713.206098636714,0
MCI,D,20010226,000000,8.07346,8.16216,7.89598,7.98477,27196.910683408838,0
MCI,D,20010227,000000,7.98477,8.07346,7.89598,8.02906,9865.351643605085,0
MCI,D,20010228,000000,7.62981,7.94037,7.62981,7.94037,9191.21193772229,0
MCI,D,20010301,000000,7.62981,7.80728,7.62981,7.71859,4851.162197235015,0
MCI,D,20010302,000000,7.85168,7.85168,7.6742,7.80728,26046.907655726423,0
MCI,D,20010305,000000,7.80728,7.80728,7.49681,7.76289,21476.637002609237,0
MCI,D,20010306,000000,7.71859,7.71859,7.54111,7.62981,171689.72404855548,0
MCI,D,20010307,000000,7.45242,7.54111,7.05315,7.14185,40420.84396628948,0
MCI,D,20010308,000000,7.09755,7.09755,6.74268,6.92007,17505.601643610094,0
MCI,D,20010309,000000,6.83137,6.87576,5.98855,6.74268,22170.60434690035,0
MCI,D,20010312,000000,6.6539,6.6539,6.21034,6.38781,39997.85434691204,0
MCI,D,20010313,000000,6.21034,6.6539,6.12164,6.34342,77649.43814883984,0
MCI,D,20010314,000000,6.29903,6.34342,6.16594,6.34342,14075.420198971166,0
MCI,D,20010315,000000,6.38781,6.60959,6.25473,6.38781,22213.564230118373,0
MCI,D,20010316,000000,6.38781,6.38781,6.25473,6.29903,17161.922577865924,0
MCI,D,20010319,000000,6.60959,6.60959,6.16594,6.29903,18938.6992863446,0
MCI,D,20010320,000000,6.29903,6.47651,6.29903,6.38781,13201.90257353807,0
MCI,D,20010321,000000,6.34342,6.38781,6.25473,6.38781,4495.366241352429,0
MCI,D,20010322,000000,6.34342,6.43212,6.25473,6.43212,2497.1809039808763,0
MCI,D,20010323,000000,6.5652,6.96446,6.5652,6.87576,57866.96269467462,0
MCI,D,20010326,000000,7.00886,7.54111,6.83137,6.92007,73399.71431665713,0
MCI,D,20010327,000000,6.78698,6.78698,6.60959,6.74268,14820.058174750202,0
MCI,D,20010328,000000,6.78698,6.87576,6.74268,6.83137,29249.071258669697,0
MCI,D,20010329,000000,6.78698,6.83137,6.78698,6.78698,33183.755947253594,0
MCI,D,20010330,000000,6.83137,6.96446,6.83137,6.83137,13370.437500008768,0
MCI,D,20010402,000000,6.74268,6.83137,6.6539,6.6539,30063.105968877844,0
MCI,D,20010403,000000,6.6539,6.6539,6.5209,6.6539,15203.392517311007,0
MCI,D,20010404,000000,6.60959,6.6539,6.47651,6.47651,23340.435012991085,0
MCI,D,20010405,000000,6.5652,6.60959,6.47651,6.5209,14392.662413504248,0
MCI,D,20010406,000000,6.6539,6.6539,6.47651,6.5652,18288.793360738637,0
MCI,D,20010409,000000,6.5652,6.60959,6.47651,6.60959,2200.8678633232425,0
MCI,D,20010410,000000,6.60959,6.69829,6.47651,6.47651,34594.82288064552,0
MCI,D,20010411,000000,6.6539,6.6539,6.25473,6.29903,31953.34083047078,0
MCI,D,20010412,000000,6.38781,6.38781,6.21034,6.25473,24532.296388424395,0
MCI,D,20010417,000000,6.38781,6.38781,5.4119,6.21034,11162.960423882752,0
MCI,D,20010418,000000,6.21034,6.29903,6.12164,6.21034,7533.40105969352,0
MCI,D,20010419,000000,6.43212,6.43212,6.16594,6.21034,21141.7702206021,0
MCI,D,20010420,000000,6.21034,6.25473,6.03295,6.03295,14408.08391004405,0
MCI,D,20010423,000000,5.94416,6.12164,5.85546,5.94416,8050.0211937769045,0
MCI,D,20010424,000000,5.85546,5.94416,5.5006,5.76677,74940.76243517024,0
MCI,D,20010425,000000,5.76677,5.76677,5.67799,5.72238,74711.64305800747,0
MCI,D,20010426,000000,5.72238,5.81107,5.58929,5.67799,24579.662413510927,0
MCI,D,20010427,000000,5.72238,5.72238,5.45621,5.45621,16493.29054931877,0
MCI,D,20010430,000000,5.72238,5.72238,5.23442,5.45621,26605.386137560698,0
MCI,D,20010502,000000,5.32311,5.32311,4.96825,5.14573,12402.187824402596,0
MCI,D,20010504,000000,4.96825,4.96825,4.74647,4.83516,17380.026600357418,0
MCI,D,20010507,000000,4.70208,4.70208,4.52469,4.65777,28025.265354689654,0
MCI,D,20010508,000000,4.4803,4.52469,4.3472,4.43599,15096.543576999518,0
MCI,D,20010509,000000,4.25851,4.29401,3.78834,3.82375,58673.28665661287,0
MCI,D,20010510,000000,3.81495,4.365,3.81495,4.21412,106281.64954591745,0
MCI,D,20010511,000000,4.00123,4.61338,4.00123,4.61338,146782.90560130734,0
MCI,D,20010514,000000,4.79086,4.79086,4.56908,4.61338,36307.710532030724,0
MCI,D,20010515,000000,4.65777,4.65777,4.41819,4.43599,22779.75346022255,0
MCI,D,20010516,000000,4.42709,4.42709,4.2763,4.3472,20273.760272504645,0
MCI,D,20010517,000000,4.4803,4.52469,4.3916,4.3916,29191.791414379,0
MCI,D,20010518,000000,4.3295,4.3472,4.25851,4.29401,5469.123594294244,0
MCI,D,20010521,000000,4.3561,4.52469,4.25851,4.52469,19591.90981835195,0
MCI,D,20010522,000000,4.61338,4.74647,4.52469,4.61338,49051.37435124324,0
MCI,D,20010523,000000,4.61338,4.70208,4.43599,4.61338,20028.11786333493,0
MCI,D,20010524,000000,4.4803,4.52469,4.43599,4.4803,12529.965938589532,0
MCI,D,20010525,000000,4.43599,4.43599,4.3472,4.3472,8337.521950697508,0
MCI,D,20010528,000000,4.3827,4.3916,4.3561,4.3561,19578.6913927464,0
MCI,D,20010529,000000,4.41819,4.41819,4.3472,4.3472,8670.18566177039,0
MCI,D,20010530,000000,4.23191,4.3827,4.23191,4.3827,6699.538711077057,0
MCI,D,20010531,000000,4.25851,4.3739,4.25851,4.3561,8937.858780282677,0
MCI,D,20010601,000000,4.21412,4.3561,4.20531,4.30291,5769.842776820392,0
MCI,D,20010604,000000,4.24962,4.3472,4.16982,4.21412,19608.43285035888,0
MCI,D,20010605,000000,4.15202,4.24962,4.08113,4.08113,3942.395436853796,0
MCI,D,20010606,000000,4.08113,4.08113,3.90364,3.90364,25780.336072681264,0
MCI,D,20010607,000000,3.81495,3.90364,3.77945,3.81495,11620.097642741182,0
MCI,D,20010608,000000,3.90364,3.97463,3.72617,3.72617,8500.549199832563,0
MCI,D,20010611,000000,3.54878,3.63747,3.51327,3.54878,7949.7814662681885,0
MCI,D,20010612,000000,3.50439,3.53988,3.30039,3.44228,29361.427876316833,0
MCI,D,20010613,000000,3.46008,3.46008,3.2028,3.2028,20798.09115485793,0
MCI,D,20010615,000000,3.01643,3.41569,2.92773,3.01643,41624.8222318612,0
MCI,D,20010618,000000,2.98982,3.05193,2.92773,3.01643,67720.19744814129,0
MCI,D,20010619,000000,2.97212,3.41569,2.92773,3.1939,55243.10521197394,0
MCI,D,20010620,000000,3.2294,3.327,3.07852,3.09632,41163.27887113426,0
MCI,D,20010621,000000,3.06082,3.1939,2.97212,3.15841,55196.84072235453,0
MCI,D,20010622,000000,3.2294,3.2294,3.06082,3.06082,39636.55071369381,0
MCI,D,20010625,000000,3.10521,3.14951,3.08742,3.14062,47784.60856404518,0
MCI,D,20010626,000000,3.14951,3.1939,3.05193,3.10521,50851.283304531615,0
MCI,D,20010627,000000,3.14062,3.14951,3.06082,3.10521,12199.505298450908,0
MCI,D,20010628,000000,3.10521,3.10521,2.97212,2.97212,77893.97902254244,0
MCI,D,20010629,000000,3.03422,3.14951,2.92773,3.00762,82547.9663711614,0
MCI,D,20010702,000000,2.92773,2.92773,2.75025,2.81243,14017.038819213345,0
MCI,D,20010703,000000,2.71485,2.75025,2.48417,2.49297,91937.45469296686,0
MCI,D,20010704,000000,2.48417,2.48417,2.07601,2.07601,213152.62056674878,0
MCI,D,20010705,000000,2.11151,2.36879,2.04052,2.21799,555758.7907659353,0
MCI,D,20010706,000000,2.2978,2.47527,2.2978,2.31558,163276.19615062609,0
MCI,D,20010709,000000,2.39538,2.39538,2.2002,2.23569,222615.91176485186,0
MCI,D,20010710,000000,2.1559,2.2002,2.08491,2.10261,100967.84245248836,0
MCI,D,20010711,000000,2.04052,2.04052,1.90743,2.04052,126827.48907880289,0
MCI,D,20010712,000000,2.1293,2.1736,2.11151,2.1293,238309.48756503515,0
MCI,D,20010713,000000,2.21799,2.21799,2.11151,2.11151,102405.34623709138,0
MCI,D,20010716,000000,2.1736,2.1736,2.11151,2.11151,154930.9634516587,0
MCI,D,20010717,000000,2.0938,2.0938,1.99621,1.99621,139741.89089542034,0
MCI,D,20010718,000000,1.95182,2.01391,1.89863,1.99621,32454.53946801436,0
MCI,D,20010719,000000,1.95182,1.99621,1.95182,1.99621,101004.19312290361,0
MCI,D,20010720,000000,1.99621,2.07601,1.90743,1.92522,155704.24134958306,0
MCI,D,20010723,000000,1.95182,1.95182,1.82763,1.82763,104270.24578294036,0
MCI,D,20010724,000000,1.84534,1.84534,1.68565,1.75664,60454.46950696006,0
MCI,D,20010725,000000,1.73004,1.75664,1.59696,1.66795,71598.70382790163,0
MCI,D,20010726,000000,1.68565,1.68565,1.56145,1.65905,89167.09299313805,0
MCI,D,20010727,000000,1.68565,1.73894,1.65905,1.65905,70986.25010817804,0
MCI,D,20010730,000000,1.73894,1.85423,1.68565,1.71224,159768.90722328814,0
MCI,D,20010731,000000,1.68565,1.77434,1.68565,1.71224,39161.788927361325,0
MCI,D,20010801,000000,1.73894,1.73894,1.65015,1.72114,33971.35380625065,0
MCI,D,20010802,000000,1.75664,1.79213,1.73004,1.74774,88966.61353812063,0
MCI,D,20010803,000000,1.75664,1.75664,1.68565,1.75664,11397.587478381176,0
MCI,D,20010806,000000,1.75664,1.77434,1.71224,1.74774,54673.611375468376,0
MCI,D,20010807,000000,1.73004,1.73004,1.67675,1.73004,21219.97923876824,0
MCI,D,20010808,000000,1.74774,1.74774,1.67675,1.67675,34772.17009085325,0
MCI,D,20010809,000000,1.68565,1.70344,1.64135,1.68565,41479.41955020021,0
MCI,D,20010810,000000,1.70344,1.70344,1.57035,1.63245,71101.91133222655,0
MCI,D,20010813,000000,1.62355,1.62355,1.50826,1.54375,24162.18047146913,0
MCI,D,20010814,000000,1.54375,1.54375,1.40177,1.49046,123813.68804073863,0
MCI,D,20010816,000000,1.45497,1.55256,1.37518,1.41947,31487.39132787532,0
MCI,D,20010817,000000,1.37518,1.37518,1.28638,1.32189,60052.40906145806,0
MCI,D,20010820,000000,1.28638,1.37518,1.24208,1.34857,59699.91771197686,0
MCI,D,20010821,000000,1.41947,1.41947,1.31307,1.33078,44426.02692476961,0
MCI,D,20010822,000000,1.34857,1.34857,1.28638,1.31307,26718.844290674962,0
MCI,D,20010823,000000,1.33078,1.38398,1.31307,1.36628,57915.43025522828,0
MCI,D,20010824,000000,1.34857,1.49936,1.34857,1.41947,113900.970372047,0
MCI,D,20010827,000000,1.41947,1.48157,1.37518,1.42837,47732.83639709013,0
MCI,D,20010828,000000,1.36628,1.44617,1.36628,1.42837,62577.12835211716,0
MCI,D,20010829,000000,1.41947,1.45497,1.37518,1.41067,63818.55882357126,0
MCI,D,20010830,000000,1.43727,1.47276,1.39288,1.41067,102769.95447671099,0
MCI,D,20010831,000000,1.38398,1.41947,1.38398,1.40177,24061.940743960415,0
MCI,D,20010903,000000,1.40177,1.40177,1.24208,1.25098,111309.05741789305,0
MCI,D,20010904,000000,1.28638,1.28638,1.109,1.1445,202637.3629975377,0
MCI,D,20010905,000000,1.1267,1.22429,1.1267,1.1445,280094.0324396301,0
MCI,D,20010906,000000,1.17999,1.19769,1.1445,1.15339,96418.50097324661,0
MCI,D,20010907,000000,1.1356,1.1622,1.0735,1.109,79373.34115489633,0
MCI,D,20010910,000000,1.0824,1.11789,1.0558,1.09121,24837.421712819054,0
MCI,D,20010911,000000,1.11789,1.1267,1.0203,1.0646,45106.77584345518,0
MCI,D,20010912,000000,0.97591,1.02911,0.97591,1.0203,81054.2842777348,0
MCI,D,20010913,000000,1.038,1.0558,1.00251,1.0203,43478.706423038886,0
MCI,D,20010914,000000,1.00251,1.01141,0.949313,0.95821,54385.009083080644,0
MCI,D,20010917,000000,0.931518,0.949313,0.887216,0.922712,177401.18544561806,0
MCI,D,20010918,000000,0.904919,0.931518,0.904919,0.913815,621371.7508654593,0
MCI,D,20010919,000000,0.931518,0.949313,0.931518,0.931518,76621.70555800873,0
MCI,D,20010920,000000,0.940415,0.949313,0.887216,0.887216,119169.61451132382,0
MCI,D,20010921,000000,0.887216,0.896022,0.860616,0.887216,150714.28568348984,0
MCI,D,20010924,000000,0.913815,0.99361,0.896022,0.949313,156206.5415225938,0
MCI,D,20010925,000000,1.00251,1.00251,0.949313,0.97591,175150.748486274,0
MCI,D,20010926,000000,0.97591,0.97591,0.887216,0.904919,169048.24199838075,0
MCI,D,20010927,000000,0.931518,0.931518,0.833927,0.869423,148963.94582622225,0
MCI,D,20010928,000000,0.860616,0.904919,0.842823,0.842823,147729.12456757092,0
MCI,D,20011001,000000,0.842823,0.842823,0.789625,0.825121,49810.33228809494,0
MCI,D,20011002,000000,0.825121,0.860616,0.825121,0.85172,31783.70436853295,0
MCI,D,20011003,000000,0.860616,0.887216,0.85172,0.85172,43748.582612485436,0
MCI,D,20011004,000000,0.878319,0.913815,0.878319,0.904919,146426.0081099576,0
MCI,D,20011005,000000,0.904919,0.95821,0.896022,0.940415,289630.0249785636,0
MCI,D,20011008,000000,0.940415,0.940415,0.904919,0.913815,512866.10121140897,0
MCI,D,20011009,000000,0.931518,0.949313,0.913815,0.949313,155618.32158314702,0
MCI,D,20011010,000000,0.95821,1.109,0.95821,1.0203,907660.8187722214,0
MCI,D,20011011,000000,1.09121,1.15339,1.00251,1.01141,829935.3746761498,0
MCI,D,20011012,000000,1.0203,1.0469,0.984808,1.01141,317856.87132373784,0
MCI,D,20011015,000000,1.0469,1.1001,1.02911,1.0735,709566.1880411227,0
MCI,D,20011016,000000,1.17999,1.48157,1.15339,1.30418,3171601.501407789,0
MCI,D,20011017,000000,1.51706,1.67675,1.19769,1.31307,4842468.879328434,0
MCI,D,20011018,000000,1.17109,1.28638,1.038,1.109,2731570.0268184002,0
MCI,D,20011019,000000,1.15339,1.23319,1.1001,1.11789,2059808.5360091361,0
MCI,D,20011022,000000,1.15339,1.49046,1.15339,1.49046,3042839.716048708,0
MCI,D,20011023,000000,1.65015,1.67675,1.33967,1.36628,6002867.097214144,0
MCI,D,20011024,000000,1.37518,1.46387,1.29528,1.39288,2595975.41695672,0
MCI,D,20011025,000000,1.45497,1.45497,1.30418,1.32189,1827435.2230764576,0
MCI,D,20011026,000000,1.36628,1.42837,1.33078,1.33967,1485007.5016229462,0
MCI,D,20011029,000000,1.33078,1.37518,1.33078,1.33967,649606.3079589035,0
MCI,D,20011030,000000,1.30418,1.31307,1.21549,1.24208,929699.2388630664,0
MCI,D,20011031,000000,1.24208,1.26868,1.19769,1.26868,835107.0836943192,0
MCI,D,20011102,000000,1.33078,1.37518,1.27758,1.28638,812740.40603427,0
MCI,D,20011105,000000,1.30418,1.32189,1.27758,1.29528,398892.42949853145,0
MCI,D,20011106,000000,1.31307,1.33078,1.26868,1.27758,681480.3382357409,0
MCI,D,20011107,000000,1.25978,1.25978,1.19769,1.24208,350742.1111593995,0
MCI,D,20011108,000000,1.24208,1.33967,1.20659,1.33967,656892.9650739601,0
MCI,D,20011109,000000,1.33967,1.44617,1.31307,1.35738,1849176.228591178,0
MCI,D,20011112,000000,1.40177,1.43727,1.33078,1.35738,1496005.2317267596,0
MCI,D,20011113,000000,1.41067,1.49936,1.37518,1.49046,2010762.6693352284,0
MCI,D,20011114,000000,1.54375,1.57916,1.49046,1.49046,2685773.689772522,0
MCI,D,20011115,000000,1.51706,1.51706,1.41947,1.46387,1079261.3184479396,0
MCI,D,20011116,000000,1.46387,1.53486,1.43727,1.49936,1054455.8412636672,0
MCI,D,20011119,000000,1.54375,1.56145,1.49046,1.54375,993738.1047800634,0
MCI,D,20011120,000000,1.52596,1.65015,1.50826,1.57035,1993094.0404424833,0
MCI,D,20011121,000000,1.57035,1.60585,1.50826,1.50826,1083650.9372844475,0
MCI,D,20011122,000000,1.48157,1.53486,1.43727,1.53486,817209.3354244113,0
MCI,D,20011123,000000,1.54375,1.55256,1.48157,1.50826,617557.1335427925,0
MCI,D,20011126,000000,1.49046,1.53486,1.49046,1.49936,286784.7588669701,0
MCI,D,20011127,000000,1.50826,1.51706,1.48157,1.49046,238932.95663943002,0
MCI,D,20011128,000000,1.46387,1.48157,1.42837,1.43727,290821.88635399693,0
MCI,D,20011129,000000,1.43727,1.43727,1.37518,1.37518,353069.6556014426,0
MCI,D,20011130,000000,1.36628,1.40177,1.35738,1.36628,243941.63840846444,0
MCI,D,20011203,000000,1.37518,1.37518,1.33078,1.35738,180912.8805148245,0
MCI,D,20011204,000000,1.38398,1.43727,1.37518,1.43727,247633.98529428002,0
MCI,D,20011205,000000,1.49046,1.49046,1.41947,1.44617,485575.56001329416,0
MCI,D,20011206,000000,1.48157,1.48157,1.42837,1.43727,285646.872729426,0
MCI,D,20011207,000000,1.42837,1.43727,1.39288,1.43727,206366.06055376853,0
MCI,D,20011210,000000,1.40177,1.41067,1.39288,1.40177,225800.45080032106,0
MCI,D,20011211,000000,1.34857,1.38398,1.30418,1.37518,353742.6937718583,0
MCI,D,20011212,000000,1.35738,1.37518,1.32189,1.35738,141502.1445718921,0
MCI,D,20011213,000000,1.33078,1.33967,1.28638,1.28638,230902.76308406144,0
MCI,D,20011214,000000,1.25098,1.29528,1.20659,1.27758,286884.9985944788,0
MCI,D,20011217,000000,1.31307,1.33078,1.25978,1.28638,158230.0621757093,0
MCI,D,20011218,000000,1.30418,1.39288,1.26868,1.39288,194001.32493524833,0
MCI,D,20011219,000000,1.39288,1.39288,1.29528,1.32189,236779.45480119332,0
MCI,D,20011220,000000,1.32189,1.37518,1.31307,1.36628,109741.57244816885,0
MCI,D,20011221,000000,1.33078,1.33967,1.29528,1.32189,96396.47026390405,0
MCI,D,20011227,000000,1.33078,1.33078,1.29528,1.30418,51592.616673909266,0
MCI,D,20011228,000000,1.31307,1.31307,1.109,1.109,1400531.8481843094,0
MCI,D,20011231,000000,1.1267,1.1445,1.0203,1.0469,1351919.9864844505,0
MCI,D,20020102,000000,1.0469,1.09121,0.940415,0.967013,1685676.4207407248,0
MCI,D,20020103,000000,0.984808,1.1001,0.984808,1.038,3898288.855214494,0
MCI,D,20020104,000000,1.0824,1.0824,0.931518,0.931518,2912752.783522671,0
MCI,D,20020107,000000,0.887216,0.913815,0.798431,0.869423,2417730.455343281,0
MCI,D,20020108,000000,0.896022,1.0203,0.896022,1.0203,2670744.3398590176,0
MCI,D,20020109,000000,1.02911,1.1622,1.02911,1.0824,4898080.998921897,0
MCI,D,20020110,000000,1.1001,1.1445,0.97591,1.01141,3159352.4270133176,0
MCI,D,20020111,000000,1.0203,1.0469,0.99361,1.0203,1283459.5572023988,0
MCI,D,20020114,000000,1.02911,1.09121,1.0203,1.02911,876593.1124573222,0
MCI,D,20020115,000000,1.02911,1.0735,1.02911,1.0646,461628.17895791517,0
MCI,D,20020116,000000,1.0824,1.0824,1.02911,1.02911,775662.7222107162,0
MCI,D,20020117,000000,1.0469,1.0558,1.02911,1.02911,528266.668577336,0
MCI,D,20020118,000000,1.038,1.0469,1.00251,1.01141,590663.1451128441,0
MCI,D,20020121,000000,1.01141,1.01141,0.984808,1.00251,302427.66403566545,0
MCI,D,20020122,000000,1.0203,1.0469,1.00251,1.038,525844.3920851198,0
MCI,D,20020123,000000,1.038,1.038,1.0203,1.0203,226363.33542402386,0
MCI,D,20020124,000000,1.038,1.038,1.0203,1.0203,183747.1312717468,0
MCI,D,20020125,000000,1.0203,1.038,1.01141,1.0203,259612.08196383805,0
MCI,D,20020128,000000,1.02911,1.02911,0.984808,0.99361,397470.34721046826,0
MCI,D,20020129,000000,0.984808,1.01141,0.967013,0.984808,256946.36613338647,0
MCI,D,20020130,000000,1.0203,1.0203,0.99361,1.01141,307896.7876299597,0
MCI,D,20020131,000000,1.02911,1.0824,1.0203,1.0558,1491973.6119170685,0
MCI,D,20020201,000000,1.0735,1.09121,1.02911,1.02911,607530.9577209866,0
MCI,D,20020204,000000,1.02911,1.038,1.00251,1.00251,325801.1451126704,0
MCI,D,20020205,000000,1.01141,1.0469,0.984808,1.038,423470.99037657527,0
MCI,D,20020206,000000,1.0558,1.0735,1.038,1.0469,542166.9446370337,0
MCI,D,20020207,000000,1.0469,1.0469,1.01141,1.0203,188745.89922157707,0
MCI,D,20020208,000000,1.0203,1.038,1.01141,1.038,116178.94571806927,0
MCI,D,20020211,000000,1.038,1.0558,1.0203,1.0203,171798.77605980125,0
MCI,D,20020212,000000,1.038,1.038,1.01141,1.0203,111754.07774661307,0
MCI,D,20020213,000000,1.02911,1.038,1.0203,1.02911,125559.6217561377,0
MCI,D,20020214,000000,1.02911,1.038,1.01141,1.0203,164600.24178211487,0
MCI,D,20020215,000000,1.0203,1.02911,1.01141,1.0203,127496.12110735003,0
MCI,D,20020218,000000,1.00251,1.0203,1.00251,1.00251,146947.0343859095,0
MCI,D,20020219,000000,0.99361,1.00251,0.984808,1.00251,147854.6996108236,0
MCI,D,20020220,000000,0.99361,1.00251,0.984808,1.00251,143325.18576999017,0
MCI,D,20020221,000000,1.01141,1.01141,0.99361,0.99361,212792.41846899767,0
MCI,D,20020222,000000,0.97591,0.99361,0.949313,0.967013,225384.0703937464,0
MCI,D,20020225,000000,0.967013,0.984808,0.940415,0.95821,373823.6853376154,0
MCI,D,20020226,000000,0.97591,1.0558,0.967013,1.01141,1354452.4165233795,0
MCI,D,20020227,000000,1.038,1.0558,1.01141,1.01141,687815.2687071984,0
MCI,D,20020228,000000,1.01141,1.0203,0.984808,1.01141,205116.91933404453,0
MCI,D,20020301,000000,0.99361,1.00251,0.984808,0.99361,248877.61883666838,0
MCI,D,20020304,000000,1.0203,1.0203,0.984808,0.99361,217612.73767315308,0
MCI,D,20020305,000000,1.00251,1.00251,0.95821,0.97591,286014.7855754471,0
MCI,D,20020306,000000,0.95821,1.00251,0.95821,0.984808,456882.7641655245,0
MCI,D,20020307,000000,1.00251,1.0203,0.99361,1.01141,401897.4182528587,0
MCI,D,20020308,000000,1.01141,1.0203,0.984808,0.99361,279645.7075045086,0
MCI,D,20020311,000000,0.99361,1.00251,0.97591,0.99361,240889.2836290507,0
MCI,D,20020312,000000,0.97591,0.984808,0.95821,0.95821,336681.01092150103,0
MCI,D,20020313,000000,0.95821,0.967013,0.940415,0.95821,191260.704693032,0
MCI,D,20020314,000000,0.95821,0.984808,0.95821,0.967013,180819.25000011857,0
MCI,D,20020315,000000,0.97591,0.97591,0.949313,0.967013,137079.47967137015,0
MCI,D,20020318,000000,0.97591,0.97591,0.940415,0.940415,147654.22015580616,0
MCI,D,20020319,000000,0.949313,0.95821,0.85172,0.896022,579828.4422581657,0
MCI,D,20020320,000000,0.896022,0.913815,0.887216,0.913815,167900.44204163257,0
MCI,D,20020321,000000,0.904919,0.922712,0.904919,0.904919,100581.20350352617,0
MCI,D,20020322,000000,0.913815,0.922712,0.887216,0.913815,368946.08628916927,0
MCI,D,20020325,000000,0.913815,0.913815,0.878319,0.887216,251171.01567923045,0
MCI,D,20020326,000000,0.887216,0.887216,0.860616,0.869423,158404.10477951565,0
MCI,D,20020327,000000,0.887216,0.896022,0.878319,0.896022,229472.9700477283,0
MCI,D,20020328,000000,0.896022,0.904919,0.878319,0.887216,214237.6330018706,0
MCI,D,20020402,000000,0.887216,0.904919,0.887216,0.887216,267026.5171930817,0
MCI,D,20020403,000000,0.887216,0.887216,0.85172,0.869423,228923.30384963108,0
MCI,D,20020404,000000,0.860616,0.860616,0.842823,0.860616,88067.76059694357,0
MCI,D,20020405,000000,0.869423,0.869423,0.842823,0.860616,151855.47642743523,0
MCI,D,20020408,000000,0.860616,0.860616,0.798431,0.798431,304565.7443773623,0
MCI,D,20020409,000000,0.807328,0.833927,0.771832,0.816224,379408.47015595814,0
MCI,D,20020410,000000,0.816224,0.816224,0.771832,0.780728,231043.75962385393,0
MCI,D,20020411,000000,0.780728,0.780728,0.70084,0.70084,939626.2764928307,0
MCI,D,20020412,000000,0.692034,0.718633,0.57665,0.603249,1639546.318448307,0
MCI,D,20020415,000000,0.621042,0.656538,0.57665,0.612146,1230551.7071807378,0
MCI,D,20020416,000000,0.621042,0.647641,0.57665,0.585546,681864.774113769,0
MCI,D,20020417,000000,0.585546,0.612146,0.57665,0.603249,717562.2339970104,0
MCI,D,20020418,000000,0.621042,0.72753,0.612146,0.72753,1492133.334559802,0
MCI,D,20020419,000000,0.72753,0.754129,0.665434,0.674241,1466879.5324404081,0
MCI,D,20020422,000000,0.656538,0.674241,0.638745,0.665434,419849.1417606559,0
MCI,D,20020423,000000,0.674241,0.692034,0.656538,0.674241,486074.55557990354,0
MCI,D,20020424,000000,0.674241,0.683137,0.647641,0.647641,299391.8322882586,0
MCI,D,20020425,000000,0.638745,0.647641,0.612146,0.629939,332745.22469745,0
MCI,D,20020426,000000,0.629939,0.656538,0.629939,0.638745,394907.07417845965,0
MCI,D,20020429,000000,0.638745,0.647641,0.629939,0.647641,162411.49080893002,0
MCI,D,20020430,000000,0.647641,0.656538,0.629939,0.656538,131425.2981185983,0
MCI,D,20020502,000000,0.647641,0.665434,0.647641,0.665434,135008.5929931681,0
MCI,D,20020506,000000,0.665434,0.674241,0.656538,0.656538,123767.42355111921,0
MCI,D,20020507,000000,0.638745,0.647641,0.621042,0.629939,313836.2668687179,0
MCI,D,20020508,000000,0.629939,0.638745,0.612146,0.629939,246880.53503476395,0
MCI,D,20020509,000000,0.638745,0.647641,0.621042,0.621042,187167.39889718156,0
MCI,D,20020510,000000,0.612146,0.621042,0.603249,0.621042,156630.63267743835,0
MCI,D,20020513,000000,0.612146,0.612146,0.594443,0.612146,230423.59515586044,0
MCI,D,20020514,000000,0.603249,0.621042,0.594443,0.621042,205107.00551484036,0
MCI,D,20020515,000000,0.629939,0.647641,0.612146,0.629939,424972.3832182718,0
MCI,D,20020516,000000,0.629939,0.656538,0.621042,0.656538,431457.12251325866,0
MCI,D,20020517,000000,0.665434,0.692034,0.647641,0.647641,857284.2972540223,0
MCI,D,20020520,000000,0.647641,0.656538,0.629939,0.647641,241404.80222766692,0
MCI,D,20020521,000000,0.638745,0.665434,0.629939,0.647641,274385.87564896885,0
MCI,D,20020522,000000,0.647641,0.647641,0.638745,0.647641,198899.85315756986,0
MCI,D,20020523,000000,0.638745,0.656538,0.629939,0.638745,283029.6244595282,0
MCI,D,20020524,000000,0.647641,0.709737,0.647641,0.683137,1837368.8699190249,0
MCI,D,20020527,000000,0.70084,0.718633,0.692034,0.70084,726731.41522539,0
MCI,D,20020528,000000,0.709737,0.709737,0.674241,0.674241,513557.86548476585,0
MCI,D,20020529,000000,0.674241,0.683137,0.665434,0.674241,140964.59526393324,0
MCI,D,20020531,000000,0.674241,0.736336,0.674241,0.72753,937383.5502817566,0
MCI,D,20020603,000000,0.745232,0.798431,0.736336,0.780728,1481037.567799414,0
MCI,D,20020604,000000,0.780728,0.780728,0.745232,0.754129,631486.0495246355,0
MCI,D,20020605,000000,0.763025,0.763025,0.745232,0.745232,299991.06758237665,0
MCI,D,20020606,000000,0.745232,0.754129,0.692034,0.692034,555309.3642953468,0
MCI,D,20020607,000000,0.674241,0.692034,0.665434,0.692034,467946.58639736567,0
MCI,D,20020610,000000,0.70084,0.709737,0.683137,0.692034,340913.1101862097,0
MCI,D,20020611,000000,0.692034,0.718633,0.692034,0.709737,246943.32255639028,0
MCI,D,20020612,000000,0.70084,0.718633,0.692034,0.692034,234004.686959496,0
MCI,D,20020613,000000,0.70084,0.709737,0.683137,0.70084,246350.696475075,0
MCI,D,20020614,000000,0.692034,0.692034,0.665434,0.674241,213414.78600792543,0
MCI,D,20020617,000000,0.674241,0.70084,0.674241,0.70084,236356.4651818159,0
MCI,D,20020618,000000,0.70084,0.70084,0.674241,0.674241,115638.09180370903,0
MCI,D,20020619,000000,0.665434,0.674241,0.656538,0.665434,152292.78600788533,0
MCI,D,20020620,000000,0.665434,0.674241,0.665434,0.674241,143722.84007362367,0
MCI,D,20020621,000000,0.665434,0.683137,0.656538,0.674241,228339.49005205283,0
MCI,D,20020624,000000,0.683137,0.718633,0.665434,0.683137,313428.6987458803,0
MCI,D,20020625,000000,0.692034,0.692034,0.647641,0.647641,443961.75313610426,0
MCI,D,20020626,000000,0.629939,0.629939,0.57665,0.621042,582977.7321586867,0
MCI,D,20020627,000000,0.629939,0.638745,0.612146,0.629939,213749.65278993256,0
MCI,D,20020628,000000,0.629939,0.647641,0.603249,0.621042,234570.87618960018,0
MCI,D,20020701,000000,0.612146,0.621042,0.594443,0.594443,213273.78946813295,0
MCI,D,20020702,000000,0.594443,0.603249,0.57665,0.594443,267676.42311868764,0
MCI,D,20020703,000000,0.57665,0.594443,0.541154,0.585546,284895.6255408443,0
MCI,D,20020704,000000,0.603249,0.603249,0.558947,0.57665,293063.51102960395,0
MCI,D,20020705,000000,0.57665,0.603249,0.558947,0.603249,240753.79476659387,0
MCI,D,20020708,000000,0.603249,0.603249,0.57665,0.585546,107264.21918259628,0
MCI,D,20020709,000000,0.594443,0.594443,0.57665,0.585546,117951.31628467941,0
MCI,D,20020710,000000,0.57665,0.57665,0.514555,0.558947,198134.2860079154,0
MCI,D,20020711,000000,0.523451,0.55005,0.523451,0.55005,155945.47761688425,0
MCI,D,20020712,000000,0.55005,0.567843,0.523451,0.523451,229091.8387761018,0
MCI,D,20020715,000000,0.523451,0.523451,0.479059,0.487955,292987.50508237205,0
MCI,D,20020716,000000,0.505658,0.505658,0.461356,0.470252,275347.5161117723,0
MCI,D,20020717,000000,0.479059,0.532347,0.479059,0.523451,351236.7005841404,0
MCI,D,20020718,000000,0.532347,0.532347,0.487955,0.487955,154266.73756498005,0
MCI,D,20020719,000000,0.479059,0.479059,0.443599,0.470252,168261.74567485083,0
MCI,D,20020722,000000,0.443599,0.470252,0.443599,0.461356,211932.1192691701,0
MCI,D,20020723,000000,0.461356,0.470252,0.452469,0.470252,212742.8493729769,0
MCI,D,20020724,000000,0.461356,0.461356,0.416982,0.425851,555341.3088238937,0
MCI,D,20020725,000000,0.443599,0.461356,0.408113,0.416982,456061.01870704646,0
MCI,D,20020726,000000,0.399234,0.425851,0.372617,0.416982,369070.55979695485,0
MCI,D,20020729,000000,0.43472,0.443599,0.399234,0.443599,220705.8492648506,0
MCI,D,20020730,000000,0.452469,0.461356,0.425851,0.43472,199805.31531154973,0
MCI,D,20020731,000000,0.425851,0.452469,0.425851,0.425851,188651.16717140397,0
MCI,D,20020801,000000,0.425851,0.443599,0.416982,0.443599,184155.80093005154,0
MCI,D,20020802,000000,0.43472,0.443599,0.43472,0.43472,118865.59072239627,0
MCI,D,20020805,000000,0.425851,0.425851,0.416982,0.425851,93578.74253898869,0
MCI,D,20020806,000000,0.399234,0.425851,0.399234,0.399234,226758.7866567231,0
MCI,D,20020807,000000,0.416982,0.416982,0.381495,0.408113,317079.1872839449,0
MCI,D,20020808,000000,0.399234,0.408113,0.390364,0.399234,38847.85131922963,0
MCI,D,20020809,000000,0.399234,0.408113,0.381495,0.381495,118886.51989627173,0
MCI,D,20020812,000000,0.381495,0.381495,0.372617,0.372617,106765.22361598696,0
MCI,D,20020813,000000,0.372617,0.390364,0.363747,0.390364,203648.5725563619,0
MCI,D,20020814,000000,0.390364,0.399234,0.381495,0.390364,142928.63300182382,0
MCI,D,20020816,000000,0.399234,0.425851,0.399234,0.416982,393025.6516006037,0
MCI,D,20020819,000000,0.425851,0.425851,0.399234,0.416982,246264.776708639,0
MCI,D,20020820,000000,0.425851,0.461356,0.425851,0.443599,860792.6877168274,0
MCI,D,20020821,000000,0.452469,0.461356,0.43472,0.452469,343890.5605538587,0
MCI,D,20020822,000000,0.452469,0.452469,0.425851,0.43472,225377.46118094362,0
MCI,D,20020823,000000,0.416982,0.425851,0.416982,0.416982,129184.77497845842,0
MCI,D,20020826,000000,0.425851,0.43472,0.416982,0.416982,119144.27919557986,0
MCI,D,20020827,000000,0.43472,0.43472,0.416982,0.425851,115266.87435128665,0
MCI,D,20020828,000000,0.425851,0.43472,0.416982,0.425851,179006.12262122464,0
MCI,D,20020829,000000,0.416982,0.416982,0.408113,0.408113,117420.37618952336,0
MCI,D,20020830,000000,0.416982,0.416982,0.399234,0.416982,70904.73648361051,0
MCI,D,20020902,000000,0.408113,0.416982,0.399234,0.416982,48755.0613105856,0
MCI,D,20020903,000000,0.399234,0.408113,0.372617,0.381495,221470.31487903793,0
MCI,D,20020904,000000,0.372617,0.381495,0.363747,0.363747,183863.89403126243,0
MCI,D,20020905,000000,0.372617,0.381495,0.337129,0.346008,328492.19625886594,0
MCI,D,20020906,000000,0.346008,0.354878,0.346008,0.346008,76862.94182530991,0
MCI,D,20020909,000000,0.346008,0.346008,0.31939,0.346008,236874.1868513664,0
MCI,D,20020910,000000,0.346008,0.372617,0.346008,0.363747,289865.75356852915,0
MCI,D,20020911,000000,0.354878,0.399234,0.354878,0.390364,372761.8051473032,0
MCI,D,20020912,000000,0.390364,0.390364,0.354878,0.363747,281703.3757571051,0
MCI,D,20020913,000000,0.354878,0.354878,0.346008,0.354878,110066.52541097182,0
MCI,D,20020916,000000,0.363747,0.372617,0.346008,0.363747,85393.23248275496,0
MCI,D,20020917,000000,0.381495,0.381495,0.354878,0.354878,220802.78438595793,0
MCI,D,20020918,000000,0.354878,0.354878,0.346008,0.346008,157523.97794127977,0
MCI,D,20020919,000000,0.346008,0.354878,0.31939,0.346008,231478.8661333698,0
MCI,D,20020920,000000,0.346008,0.354878,0.337129,0.354878,102565.06887982505,0
MCI,D,20020923,000000,0.346008,0.354878,0.346008,0.346008,95110.9783737648,0
MCI,D,20020924,000000,0.337129,0.346008,0.32826,0.337129,103414.3527249813,0
MCI,D,20020925,000000,0.32826,0.337129,0.32826,0.337129,54975.432093461655,0
MCI,D,20020926,000000,0.32826,0.346008,0.32826,0.337129,99108.45058397502,0
MCI,D,20020927,000000,0.337129,0.346008,0.32826,0.32826,46636.80860729702,0
MCI,D,20020930,000000,0.32826,0.32826,0.31939,0.32826,50047.16241352762,0
MCI,D,20021001,000000,0.32826,0.337129,0.31939,0.31939,146868.82536774335,0
MCI,D,20021002,000000,0.32826,0.32826,0.310521,0.31939,41077.35910469821,0
MCI,D,20021003,000000,0.310521,0.31939,0.301643,0.31939,110764.89889713145,0
MCI,D,20021004,000000,0.310521,0.31939,0.301643,0.310521,101491.0717993745,0
MCI,D,20021007,000000,0.301643,0.310521,0.292773,0.301643,156082.06801480823,0
MCI,D,20021008,000000,0.292773,0.310521,0.292773,0.301643,27079.04638842606,0
MCI,D,20021009,000000,0.301643,0.310521,0.292773,0.310521,102295.19269037849,0
MCI,D,20021010,000000,0.301643,0.346008,0.301643,0.346008,521747.7816828681,0
MCI,D,20021011,000000,0.346008,0.354878,0.32826,0.337129,196844.38797590762,0
MCI,D,20021014,000000,0.337129,0.346008,0.32826,0.32826,64785.7069637103,0
MCI,D,20021015,000000,0.346008,0.346008,0.32826,0.337129,141515.36299749764,0
MCI,D,20021016,000000,0.346008,0.372617,0.346008,0.346008,1232211.7211297008,0
MCI,D,20021017,000000,0.354878,0.372617,0.354878,0.354878,353104.9047363907,0
MCI,D,20021018,000000,0.354878,0.363747,0.346008,0.354878,277264.1878245762,0
MCI,D,20021021,000000,0.354878,0.354878,0.346008,0.346008,157725.55893176433,0
MCI,D,20021022,000000,0.346008,0.354878,0.32826,0.346008,274718.53936004173,0
MCI,D,20021023,000000,0.346008,0.346008,0.337129,0.346008,98197.48075265955,0
MCI,D,20021024,000000,0.346008,0.346008,0.32826,0.337129,92230.46312722312,0
MCI,D,20021025,000000,0.337129,0.337129,0.32826,0.337129,54711.063581350754,0
MCI,D,20021028,000000,0.337129,0.346008,0.32826,0.337129,190383.8824611975,0
MCI,D,20021029,000000,0.346008,0.346008,0.337129,0.346008,189230.5748271137,0
MCI,D,20021030,000000,0.346008,0.390364,0.346008,0.354878,1957731.4473412493,0
MCI,D,20021031,000000,0.372617,0.399234,0.372617,0.381495,1102076.3210431102,0
MCI,D,20021104,000000,0.390364,0.399234,0.363747,0.381495,656592.245891434,0
MCI,D,20021105,000000,0.381495,0.381495,0.363747,0.363747,142358.0376298511,0
MCI,D,20021106,000000,0.363747,0.399234,0.363747,0.381495,793525.221345676,0
MCI,D,20021107,000000,0.399234,0.425851,0.390364,0.399234,1624486.1255417226,0
MCI,D,20021108,000000,0.408113,0.416982,0.381495,0.381495,767083.9639927176,0
MCI,D,20021112,000000,0.399234,0.399234,0.372617,0.390364,194777.90743957408,0
MCI,D,20021113,000000,0.390364,0.390364,0.363747,0.381495,357808.46118103043,0
MCI,D,20021114,000000,0.381495,0.390364,0.372617,0.372617,205670.99167401032,0
MCI,D,20021115,000000,0.390364,0.390364,0.363747,0.381495,127501.62878468567,0
MCI,D,20021118,000000,0.363747,0.381495,0.363747,0.381495,88802.48475351844,0
MCI,D,20021119,000000,0.381495,0.381495,0.363747,0.372617,157650.65451999957,0
MCI,D,20021120,000000,0.381495,0.381495,0.363747,0.372617,93541.29033310633,0
MCI,D,20021121,000000,0.372617,0.390364,0.372617,0.381495,184576.58747849474,0
MCI,D,20021122,000000,0.390364,0.399234,0.381495,0.390364,644892.8376950595,0
MCI,D,20021125,000000,0.399234,0.408113,0.390364,0.390364,317200.3561853291,0
MCI,D,20021126,000000,0.399234,0.399234,0.390364,0.390364,192235.56358144092,0
MCI,D,20021127,000000,0.390364,0.399234,0.381495,0.390364,218927.97102090478,0
MCI,D,20021128,000000,0.399234,0.43472,0.381495,0.416982,2712987.123487938,0
MCI,D,20021129,000000,0.416982,0.416982,0.390364,0.399234,405107.2926040719,0
MCI,D,20021202,000000,0.399234,0.416982,0.399234,0.399234,244586.03665673477,0
MCI,D,20021203,000000,0.408113,0.408113,0.390364,0.408113,284056.2555148921,0
MCI,D,20021204,000000,0.399234,0.408113,0.390364,0.408113,92801.0584991958,0
MCI,D,20021205,000000,0.399234,0.408113,0.390364,0.399234,100762.9568556024,0
MCI,D,20021206,000000,0.399234,0.399234,0.381495,0.390364,186807.19679943047,0
MCI,D,20021209,000000,0.390364,0.390364,0.372617,0.381495,346235.7295633759,0
MCI,D,20021210,000000,0.381495,0.381495,0.372617,0.372617,92047.60823967973,0
MCI,D,20021211,000000,0.381495,0.381495,0.363747,0.372617,308565.4196585068,0
MCI,D,20021212,000000,0.372617,0.381495,0.363747,0.381495,242346.615052062,0
MCI,D,20021213,000000,0.372617,0.381495,0.363747,0.372617,79095.7542171799,0
MCI,D,20021216,000000,0.363747,0.372617,0.363747,0.372617,102456.01686857929,0
MCI,D,20021217,000000,0.363747,0.372617,0.346008,0.363747,129638.60759091545,0
MCI,D,20021218,000000,0.354878,0.354878,0.32826,0.346008,129530.65711513684,0
MCI,D,20021219,000000,0.346008,0.354878,0.337129,0.354878,106747.5990485129,0
MCI,D,20021220,000000,0.337129,0.354878,0.32826,0.337129,121371.58391011418,0
MCI,D,20021223,000000,0.337129,0.337129,0.32826,0.32826,75622.61288932295,0
MCI,D,20021227,000000,0.346008,0.346008,0.32826,0.346008,16615.560986170065,0
MCI,D,20021230,000000,0.32826,0.346008,0.32826,0.337129,89593.38721891689,0
MCI,D,20021231,000000,0.346008,0.346008,0.337129,0.337129,40918.73799743168,0
MCI,D,20030102,000000,0.337129,0.346008,0.337129,0.337129,54820.1155925965,0
MCI,D,20030103,000000,0.346008,0.354878,0.337129,0.354878,152166.10942916552,0
MCI,D,20030106,000000,0.363747,0.363747,0.354878,0.363747,100194.56455456397,0
MCI,D,20030107,000000,0.354878,0.363747,0.354878,0.354878,156182.30774231695,0
MCI,D,20030108,000000,0.346008,0.354878,0.346008,0.346008,146293.82385390214,0
MCI,D,20030109,000000,0.346008,0.354878,0.337129,0.354878,43578.946150547614,0
MCI,D,20030110,000000,0.354878,0.354878,0.346008,0.346008,59052.21485730515,0
MCI,D,20030113,000000,0.354878,0.363747,0.346008,0.354878,142538.68944646025,0
MCI,D,20030114,000000,0.354878,0.363747,0.346008,0.354878,199782.18306674,0
MCI,D,20030115,000000,0.354878,0.381495,0.354878,0.381495,742248.7453508327,0
MCI,D,20030116,000000,0.372617,0.372617,0.363747,0.363747,167925.77735737656,0
MCI,D,20030117,000000,0.363747,0.363747,0.354878,0.363747,263967.5532008651,0
MCI,D,20030120,000000,0.354878,0.363747,0.354878,0.363747,65402.5668253024,0
MCI,D,20030121,000000,0.354878,0.363747,0.354878,0.363747,53792.383001765375,0
MCI,D,20030122,000000,0.354878,0.354878,0.346008,0.354878,82453.23432098831,0
MCI,D,20030123,000000,0.346008,0.354878,0.346008,0.354878,117537.138949039,0
MCI,D,20030124,000000,0.346008,0.354878,0.346008,0.354878,28563.916198115614,0
MCI,D,20030127,000000,0.346008,0.346008,0.32826,0.346008,203699.24318784985,0
MCI,D,20030128,000000,0.32826,0.337129,0.32826,0.337129,64466.26167824296,0
MCI,D,20030129,000000,0.337129,0.337129,0.310521,0.337129,310387.3593211378,0
MCI,D,20030130,000000,0.32826,0.337129,0.31939,0.337129,114121.27746547275,0
MCI,D,20030131,000000,0.337129,0.337129,0.31939,0.32826,66031.54357703292,0
MCI,D,20030203,000000,0.337129,0.354878,0.337129,0.337129,332728.7016654431,0
MCI,D,20030204,000000,0.346008,0.354878,0.32826,0.337129,182263.36299752438,0
MCI,D,20030205,000000,0.32826,0.337129,0.32826,0.32826,171923.24956758678,0
MCI,D,20030206,000000,0.32826,0.337129,0.31939,0.32826,17736.92409170713,0
MCI,D,20030207,000000,0.32826,0.32826,0.31939,0.32826,208438.04876743772,0
MCI,D,20030210,000000,0.31939,0.32826,0.31939,0.32826,68224.70069208626,0
MCI,D,20030211,000000,0.32826,0.337129,0.31939,0.337129,70252.62748707029,0
MCI,D,20030212,000000,0.337129,0.337129,0.32826,0.32826,94464.37705456022,0
MCI,D,20030213,000000,0.31939,0.337129,0.31939,0.32826,88442.28265576734,0
MCI,D,20030214,000000,0.31939,0.337129,0.31939,0.337129,73175.00108136286,0
MCI,D,20030217,000000,0.337129,0.337129,0.32826,0.32826,87051.04336078372,0
MCI,D,20030218,000000,0.32826,0.337129,0.31939,0.32826,44151.74459345456,0
MCI,D,20030219,000000,0.31939,0.31939,0.31939,0.31939,43400.49740487275,0
MCI,D,20030220,000000,0.31939,0.32826,0.31939,0.32826,85372.3033088795,0
MCI,D,20030221,000000,0.310521,0.32826,0.310521,0.310521,30979.583477528966,0
MCI,D,20030224,000000,0.31939,0.31939,0.310521,0.31939,137900.1235943811,0
MCI,D,20030225,000000,0.31939,0.31939,0.301643,0.310521,60391.68198533372,0
MCI,D,20030226,000000,0.310521,0.310521,0.301643,0.310521,21002.976751743874,0
MCI,D,20030227,000000,0.310521,0.31939,0.301643,0.310521,44272.91349483872,0
MCI,D,20030228,000000,0.310521,0.310521,0.310521,0.310521,38678.2148572918,0
MCI,D,20030303,000000,0.301643,0.310521,0.301643,0.301643,45900.982915255016,0
MCI,D,20030304,000000,0.301643,0.310521,0.292773,0.301643,41751.49881058101,0
MCI,D,20030305,000000,0.301643,0.310521,0.292773,0.292773,62996.813365093214,0
MCI,D,20030306,000000,0.292773,0.301643,0.292773,0.292773,82435.60975351426,0
MCI,D,20030307,000000,0.292773,0.292773,0.266156,0.292773,317872.2928202776,0
MCI,D,20030310,000000,0.292773,0.301643,0.283904,0.292773,140755.30352517878,0
MCI,D,20030311,000000,0.301643,0.32826,0.301643,0.310521,773393.559148431,0
MCI,D,20030312,000000,0.310521,0.310521,0.283904,0.310521,193931.9282008192,0
MCI,D,20030313,000000,0.301643,0.310521,0.301643,0.310521,82169.03817046911,0
MCI,D,20030314,000000,0.310521,0.310521,0.292773,0.301643,162040.27335650762,0
MCI,D,20030317,000000,0.301643,0.301643,0.275025,0.275025,167294.59753471176,0
MCI,D,20030318,000000,0.283904,0.292773,0.275025,0.292773,101009.70080023925,0
MCI,D,20030319,000000,0.292773,0.292773,0.283904,0.292773,120820.81617654981,0
MCI,D,20030320,000000,0.283904,0.292773,0.275025,0.283904,45873.444528576794,0
MCI,D,20030321,000000,0.283904,0.292773,0.283904,0.292773,105386.10121114177,0
MCI,D,20030324,000000,0.292773,0.292773,0.283904,0.283904,95163.85207618697,0
MCI,D,20030325,000000,0.275025,0.283904,0.275025,0.283904,95071.32309694815,0
MCI,D,20030326,000000,0.283904,0.292773,0.283904,0.292773,143374.75486601098,0
MCI,D,20030327,000000,0.292773,0.310521,0.292773,0.310521,414143.18804092903,0
MCI,D,20030328,000000,0.310521,0.310521,0.301643,0.310521,68926.37878464727,0
MCI,D,20030331,000000,0.301643,0.310521,0.301643,0.301643,271053.7308609044,0
MCI,D,20030401,000000,0.301643,0.32826,0.301643,0.31939,462354.090830753,0
MCI,D,20030402,000000,0.31939,0.337129,0.31939,0.32826,497225.3991136478,0
MCI,D,20030403,000000,0.32826,0.337129,0.31939,0.32826,124726.86094298837,0
MCI,D,20030404,000000,0.32826,0.337129,0.31939,0.31939,81675.55028119542,0
MCI,D,20030407,000000,0.32826,0.337129,0.31939,0.337129,230812.4371757569,0
MCI,D,20030408,000000,0.337129,0.337129,0.32826,0.337129,155980.7267518324,0
MCI,D,20030409,000000,0.32826,0.337129,0.31939,0.337129,130798.52443780203,0
MCI,D,20030410,000000,0.32826,0.337129,0.31939,0.337129,286068.7608133364,0
MCI,D,20030411,000000,0.32826,0.337129,0.32826,0.32826,109947.55958052192,0
MCI,D,20030414,000000,0.32826,0.354878,0.32826,0.337129,539679.677552257,0
MCI,D,20030415,000000,0.337129,0.346008,0.31939,0.32826,294331.3783522691,0
MCI,D,20030416,000000,0.32826,0.32826,0.32826,0.32826,74058.43252600012,0
MCI,D,20030417,000000,0.337129,0.346008,0.337129,0.346008,207207.63365065493,0
MCI,D,20030422,000000,0.354878,0.354878,0.337129,0.337129,89325.71410040458,0
MCI,D,20030423,000000,0.346008,0.346008,0.32826,0.337129,167260.4499352308,0
MCI,D,20030424,000000,0.32826,0.32826,0.31939,0.31939,134104.2323746554,0
MCI,D,20030425,000000,0.31939,0.32826,0.31939,0.32826,150909.25746117163,0
MCI,D,20030428,000000,0.32826,0.32826,0.31939,0.31939,59637.13019035053,0
MCI,D,20030429,000000,0.31939,0.31939,0.310521,0.310521,60528.27238325768,0
MCI,D,20030430,000000,0.31939,0.32826,0.310521,0.31939,127486.20728814589,0
MCI,D,20030502,000000,0.31939,0.32826,0.31939,0.31939,48250.55806664064,0
MCI,D,20030505,000000,0.32826,0.337129,0.31939,0.31939,237833.62424323554,0
MCI,D,20030506,000000,0.31939,0.32826,0.310521,0.32826,52212.78114190275,0
MCI,D,20030507,000000,0.32826,0.390364,0.31939,0.390364,2014456.1177565113,0
MCI,D,20030508,000000,0.390364,0.390364,0.363747,0.363747,688402.387111178,0
MCI,D,20030509,000000,0.372617,0.390364,0.372617,0.381495,862645.470372538,0
MCI,D,20030512,000000,0.390364,0.390364,0.372617,0.372617,406285.9355538997,0
MCI,D,20030513,000000,0.372617,0.381495,0.363747,0.372617,294292.82461091963,0
MCI,D,20030514,000000,0.363747,0.390364,0.354878,0.381495,665716.2641656614,0
MCI,D,20030515,000000,0.381495,0.381495,0.372617,0.372617,132045.46258659178,0
MCI,D,20030516,000000,0.381495,0.408113,0.381495,0.399234,804054.7988759598,0
MCI,D,20030519,000000,0.408113,0.416982,0.390364,0.399234,496368.4045202217,0
MCI,D,20030520,000000,0.399234,0.408113,0.390364,0.390364,130656.42636254242,0
MCI,D,20030521,000000,0.399234,0.399234,0.381495,0.390364,318381.20220609114,0
MCI,D,20030522,000000,0.399234,0.408113,0.390364,0.408113,408946.1437070156,0
MCI,D,20030523,000000,0.408113,0.443599,0.408113,0.443599,1412171.7734654588,0
MCI,D,20030526,000000,0.461356,0.541154,0.461356,0.532347,2059138.802445122,0
MCI,D,20030527,000000,0.523451,0.523451,0.479059,0.505658,1453057.4653988767,0
MCI,D,20030528,000000,0.514555,0.55005,0.505658,0.505658,1054800.6218648786,0
MCI,D,20030529,000000,0.505658,0.523451,0.470252,0.470252,731544.0236812755,0
MCI,D,20030530,000000,0.470252,0.496852,0.461356,0.470252,341608.17906596797,0
MCI,D,20030602,000000,0.479059,0.496852,0.470252,0.479059,367963.5166524904,0
MCI,D,20030603,000000,0.479059,0.487955,0.470252,0.479059,198757.75508231026,0
MCI,D,20030604,000000,0.479059,0.505658,0.479059,0.496852,613002.2843862151,0
MCI,D,20030605,000000,0.505658,0.514555,0.487955,0.496852,371807.87543276977,0
MCI,D,20030606,000000,0.496852,0.514555,0.487955,0.514555,269216.36970173364,0
MCI,D,20030609,000000,0.514555,0.523451,0.496852,0.505658,436334.7215617048,0
MCI,D,20030610,000000,0.505658,0.505658,0.470252,0.487955,416120.4442044251,0
MCI,D,20030611,000000,0.479059,0.479059,0.452469,0.452469,370154.4706966095,0
MCI,D,20030612,000000,0.461356,0.470252,0.443599,0.461356,512206.28146659886,0
MCI,D,20030613,000000,0.461356,0.461356,0.443599,0.452469,242505.23615932858,0
MCI,D,20030616,000000,0.452469,0.461356,0.452469,0.452469,62178.37251301655,0
MCI,D,20030617,000000,0.461356,0.470252,0.452469,0.461356,208474.399437853,0
MCI,D,20030618,000000,0.461356,0.479059,0.461356,0.470252,296070.7028548654,0
MCI,D,20030620,000000,0.470252,0.479059,0.470252,0.470252,186744.4092778041,0
MCI,D,20030623,000000,0.470252,0.479059,0.452469,0.470252,140856.64478815466,0
MCI,D,20030624,000000,0.461356,0.461356,0.452469,0.461356,64981.780276859216,0
MCI,D,20030625,000000,0.461356,0.461356,0.452469,0.461356,205774.5360079204,0
MCI,D,20030626,000000,0.461356,0.461356,0.452469,0.461356,46272.200367677404,0
MCI,D,20030627,000000,0.461356,0.470252,0.452469,0.470252,66499.69615056264,0
MCI,D,20030630,000000,0.470252,0.479059,0.461356,0.479059,194446.34526396834,0
MCI,D,20030701,000000,0.479059,0.505658,0.479059,0.479059,571581.2462157727,0
MCI,D,20030702,000000,0.479059,0.487955,0.479059,0.487955,140857.74632362177,0
MCI,D,20030703,000000,0.487955,0.496852,0.470252,0.487955,180582.41987468587,0
MCI,D,20030704,000000,0.487955,0.505658,0.487955,0.496852,295031.954909363,0
MCI,D,20030707,000000,0.505658,0.523451,0.496852,0.514555,701125.1217565151,0
MCI,D,20030708,000000,0.523451,0.558947,0.505658,0.532347,1240029.3183399134,0
MCI,D,20030709,000000,0.514555,0.532347,0.505658,0.523451,442225.73323990934,0
MCI,D,20030710,000000,0.523451,0.532347,0.514555,0.523451,359924.5108133848,0
MCI,D,20030711,000000,0.523451,0.523451,0.505658,0.523451,106959.09385820162,0
MCI,D,20030714,000000,0.514555,0.523451,0.496852,0.496852,468824.5101646673,0
MCI,D,20030715,000000,0.496852,0.532347,0.496852,0.514555,643909.1665229136,0
MCI,D,20030716,000000,0.523451,0.523451,0.514555,0.514555,119404.24156582223,0
MCI,D,20030717,000000,0.514555,0.585546,0.514555,0.585546,1135574.0145984956,0
MCI,D,20030718,000000,0.594443,0.612146,0.558947,0.57665,943786.775952176,0
MCI,D,20030721,000000,0.57665,0.594443,0.567843,0.585546,290147.7466481141,0
MCI,D,20030722,000000,0.585546,0.585546,0.558947,0.585546,97925.40149227875,0
MCI,D,20030723,000000,0.567843,0.585546,0.567843,0.57665,255785.34775103276,0
MCI,D,20030724,000000,0.567843,0.647641,0.567843,0.647641,673816.9559909264,0
MCI,D,20030725,000000,0.647641,0.656538,0.603249,0.656538,511489.181877498,0
MCI,D,20030728,000000,0.647641,0.692034,0.638745,0.674241,571237.5671500285,0
MCI,D,20030729,000000,0.70084,0.72753,0.692034,0.72753,909907.9511251642,0
MCI,D,20030730,000000,0.718633,0.72753,0.683137,0.692034,595102.333045373,0
MCI,D,20030731,000000,0.692034,0.70084,0.665434,0.70084,406393.8860296783,0
MCI,D,20030801,000000,0.70084,0.70084,0.683137,0.692034,235301.19420430655,0
MCI,D,20030804,000000,0.692034,0.692034,0.674241,0.692034,135042.74059264912,0
MCI,D,20030805,000000,0.692034,0.692034,0.674241,0.683137,130080.3233132341,0
MCI,D,20030806,000000,0.683137,0.683137,0.656538,0.656538,178597.4529629199,0
MCI,D,20030807,000000,0.656538,0.692034,0.629939,0.674241,508290.3228809561,0
MCI,D,20030808,000000,0.683137,0.70084,0.656538,0.665434,180942.621972437,0
MCI,D,20030811,000000,0.665434,0.683137,0.656538,0.674241,133485.16944212906,0
MCI,D,20030812,000000,0.692034,0.692034,0.665434,0.683137,155854.0501731126,0
MCI,D,20030813,000000,0.683137,0.70084,0.656538,0.656538,446553.6660902582,0
MCI,D,20030814,000000,0.656538,0.754129,0.656538,0.709737,1558481.018815901,0
MCI,D,20030818,000000,0.709737,0.745232,0.70084,0.72753,658974.8671068335,0
MCI,D,20030819,000000,0.754129,0.860616,0.72753,0.842823,2611861.7614636505,0
MCI,D,20030820,000000,0.85172,0.85172,0.798431,0.798431,1449095.2423236144,0
MCI,D,20030821,000000,0.816224,0.842823,0.789625,0.807328,1172156.0074618412,0
MCI,D,20030822,000000,0.825121,0.833927,0.798431,0.798431,870768.1929071454,0
MCI,D,20030825,000000,0.798431,0.807328,0.771832,0.798431,450468.52314043377,0
MCI,D,20030826,000000,0.798431,0.833927,0.780728,0.816224,786890.6732271595,0
MCI,D,20030827,000000,0.842823,0.842823,0.780728,0.798431,1098882.9697239038,0
MCI,D,20030828,000000,0.798431,0.798431,0.780728,0.789625,212539.06531155808,0
MCI,D,20030829,000000,0.789625,0.825121,0.789625,0.789625,367748.71723640035,0
MCI,D,20030901,000000,0.807328,0.825121,0.780728,0.825121,788153.0328724891,0
MCI,D,20030902,000000,0.825121,0.913815,0.825121,0.887216,2165646.2667618007,0
MCI,D,20030903,000000,0.913815,0.922712,0.85172,0.869423,926310.9157661783,0
MCI,D,20030904,000000,0.85172,0.860616,0.816224,0.842823,582454.5028118006,0
MCI,D,20030905,000000,0.833927,0.842823,0.825121,0.833927,180163.83639717696,0
MCI,D,20030908,000000,0.842823,0.842823,0.798431,0.825121,295081.5240053838,0
MCI,D,20030909,000000,0.833927,0.842823,0.816224,0.816224,279361.5113539894,0
MCI,D,20030910,000000,0.825121,0.825121,0.789625,0.807328,405889.3827857333,0
MCI,D,20030911,000000,0.807328,0.825121,0.789625,0.825121,231037.15041105115,0
MCI,D,20030912,000000,0.833927,0.833927,0.807328,0.807328,194646.82471898576,0
MCI,D,20030915,000000,0.807328,0.816224,0.798431,0.807328,263385.9424742211,0
MCI,D,20030916,000000,0.807328,0.807328,0.798431,0.807328,142293.04703729053,0
MCI,D,20030917,000000,0.842823,0.887216,0.833927,0.85172,1234967.7628684568,0
MCI,D,20030918,000000,0.869423,0.967013,0.869423,0.949313,3599261.631165855,0
MCI,D,20030919,000000,0.95821,0.967013,0.922712,0.931518,922987.583261851,0
MCI,D,20030922,000000,0.922712,0.922712,0.887216,0.887216,656664.9472322644,0
MCI,D,20030923,000000,0.887216,0.896022,0.85172,0.887216,287054.6350564166,0
MCI,D,20030924,000000,0.887216,0.922712,0.887216,0.913815,505770.0097321656,0
MCI,D,20030925,000000,0.913815,0.913815,0.887216,0.896022,100415.97318345685,0
MCI,D,20030926,000000,0.896022,0.922712,0.887216,0.904919,272675.1910685179,0
MCI,D,20030929,000000,0.913815,0.922712,0.887216,0.913815,309458.76492234826,0
MCI,D,20030930,000000,0.896022,0.896022,0.833927,0.833927,592926.8004977936,0
MCI,D,20031001,000000,0.798431,0.816224,0.736336,0.771832,2003390.0924537359,0
MCI,D,20031002,000000,0.798431,0.798431,0.763025,0.780728,765430.5592565573,0
MCI,D,20031003,000000,0.798431,0.807328,0.780728,0.807328,517623.632893938,0
MCI,D,20031006,000000,0.798431,0.842823,0.798431,0.825121,779861.7754114111,0
MCI,D,20031007,000000,0.833927,0.842823,0.807328,0.807328,532415.0511465429,0
MCI,D,20031008,000000,0.816224,0.85172,0.816224,0.833927,949833.1041312456,0
MCI,D,20031009,000000,0.842823,0.860616,0.833927,0.842823,445972.0553636142,0
MCI,D,20031010,000000,0.842823,0.842823,0.816224,0.833927,344462.25746129855,0
MCI,D,20031013,000000,0.833927,0.833927,0.763025,0.798431,381120.2562718762,0
MCI,D,20031014,000000,0.798431,0.816224,0.780728,0.816224,274924.5264923948,0
MCI,D,20031015,000000,0.816224,0.816224,0.789625,0.789625,609301.1252166625,0
MCI,D,20031016,000000,0.789625,0.789625,0.745232,0.754129,823868.1173232046,0
MCI,D,20031017,000000,0.754129,0.780728,0.736336,0.780728,339437.0526602572,0
MCI,D,20031020,000000,0.771832,0.789625,0.763025,0.763025,227507.83077437064,0
MCI,D,20031021,000000,0.763025,0.807328,0.763025,0.771832,390788.43306686525,0
MCI,D,20031022,000000,0.780728,0.780728,0.745232,0.754129,315879.6151602417,0
MCI,D,20031023,000000,0.72753,0.736336,0.70084,0.718633,384710.1603592488,0
MCI,D,20031024,000000,0.718633,0.72753,0.709737,0.72753,90937.26048881396,0
MCI,D,20031027,000000,0.718633,0.771832,0.709737,0.72753,390116.49643191666,0
MCI,D,20031028,000000,0.718633,0.754129,0.718633,0.745232,148135.59115494142,0
MCI,D,20031029,000000,0.754129,0.763025,0.72753,0.754129,486066.8448316336,0
MCI,D,20031030,000000,0.754129,0.807328,0.754129,0.798431,671128.107915665,0
MCI,D,20031031,000000,0.798431,0.798431,0.771832,0.798431,162713.31152692332,0
MCI,D,20031103,000000,0.798431,0.860616,0.798431,0.860616,1472063.3583487163,0
MCI,D,20031104,000000,0.878319,0.887216,0.842823,0.842823,699975.1187288327,0
MCI,D,20031105,000000,0.842823,0.931518,0.825121,0.931518,2439844.8813813576,0
MCI,D,20031106,000000,0.949313,0.99361,0.922712,0.922712,2936983.2591931024,0
MCI,D,20031107,000000,0.931518,0.940415,0.896022,0.922712,534267.8338022535,0
MCI,D,20031110,000000,0.904919,0.922712,0.887216,0.913815,477948.5284388947,0
MCI,D,20031112,000000,0.913815,0.922712,0.887216,0.896022,578876.7156145665,0
MCI,D,20031113,000000,0.904919,0.904919,0.85172,0.860616,370548.8203938416,0
MCI,D,20031114,000000,0.85172,0.896022,0.842823,0.887216,465726.9924311012,0
MCI,D,20031117,000000,0.85172,0.869423,0.842823,0.85172,450633.75346050307,0
MCI,D,20031118,000000,0.85172,0.869423,0.842823,0.85172,232275.27627610386,0
MCI,D,20031119,000000,0.842823,0.842823,0.780728,0.816224,569856.2416742491,0
MCI,D,20031120,000000,0.816224,0.833927,0.771832,0.780728,399532.4216049333,0
MCI,D,20031121,000000,0.780728,0.807328,0.771832,0.807328,273274.426362636,0
MCI,D,20031124,000000,0.807328,0.85172,0.798431,0.842823,341921.0151386325,0
MCI,D,20031125,000000,0.860616,0.887216,0.842823,0.842823,593009.4156578283,0
MCI,D,20031126,000000,0.842823,0.842823,0.816224,0.833927,229195.38311001187,0
MCI,D,20031127,000000,0.842823,0.85172,0.816224,0.85172,111600.96431668216,0
MCI,D,20031128,000000,0.842823,0.842823,0.807328,0.825121,262162.1365702411,0
MCI,D,20031201,000000,0.825121,0.860616,0.825121,0.860616,326552.39230125217,0
MCI,D,20031202,000000,0.860616,0.878319,0.85172,0.85172,321535.99978394783,0
MCI,D,20031203,000000,0.842823,0.85172,0.833927,0.85172,185333.3423444122,0
MCI,D,20031204,000000,0.842823,0.85172,0.825121,0.842823,149614.95328729533,0
MCI,D,20031205,000000,0.833927,0.842823,0.825121,0.842823,42806.76978809035,0
MCI,D,20031208,000000,0.833927,0.85172,0.825121,0.842823,243015.2470806092,0
MCI,D,20031209,000000,0.842823,0.869423,0.833927,0.860616,808308.9288500111,0
MCI,D,20031210,000000,0.85172,0.860616,0.842823,0.860616,55306.99426906741,0
MCI,D,20031211,000000,0.85172,0.913815,0.85172,0.904919,1001937.9347973698,0
MCI,D,20031212,000000,0.913815,0.931518,0.887216,0.887216,550204.8489406722,0
MCI,D,20031215,000000,0.896022,0.904919,0.878319,0.878319,359129.20220611786,0
MCI,D,20031216,000000,0.878319,0.887216,0.860616,0.887216,155979.62521636527,0
MCI,D,20031217,000000,0.887216,0.896022,0.869423,0.887216,105777.14630197248,0
MCI,D,20031218,000000,0.887216,0.896022,0.869423,0.896022,102838.24967567298,0
MCI,D,20031219,000000,0.896022,0.896022,0.878319,0.896022,164722.51221896615,0
MCI,D,20031222,000000,0.887216,0.904919,0.887216,0.896022,191240.87705462368,0
MCI,D,20031223,000000,0.896022,0.922712,0.887216,0.913815,625046.4731838009,0
MCI,D,20031229,000000,0.913815,0.931518,0.904919,0.931518,198793.00421725836,0
MCI,D,20031230,000000,0.931518,0.931518,0.913815,0.931518,113602.45426045511,0
MCI,D,20031231,000000,0.913815,0.922712,0.913815,0.922712,53026.81585211089,0
MCI,D,20040102,000000,0.922712,0.931518,0.904919,0.922712,90450.38181234304,0
MCI,D,20040105,000000,0.931518,1.0469,0.931518,1.02911,1588886.7023150558,0
MCI,D,20040106,000000,1.02911,1.0824,1.01141,1.0203,733499.249135429,0
MCI,D,20040107,000000,1.02911,1.0646,1.02911,1.0558,408223.5364405791,0
MCI,D,20040108,000000,1.0824,1.1267,1.0646,1.0735,730536.1187288527,0
MCI,D,20040109,000000,1.0824,1.1001,1.02911,1.0646,534459.5009735338,0
MCI,D,20040112,000000,1.0646,1.17109,1.0558,1.17109,1078083.7770335788,0
MCI,D,20040113,000000,1.20659,1.23319,1.1445,1.17109,1190181.5338459362,0
MCI,D,20040114,000000,1.15339,1.17109,1.1267,1.15339,490187.6890141623,0
MCI,D,20040115,000000,1.1356,1.18879,1.11789,1.17109,433854.0636897308,0
MCI,D,20040116,000000,1.18879,1.20659,1.17109,1.18879,301937.48075279314,0
MCI,D,20040119,000000,1.17109,1.20659,1.1622,1.17999,359345.10315767507,0
MCI,D,20040120,000000,1.19769,1.20659,1.17109,1.19769,205986.0308176091,0
MCI,D,20040121,000000,1.18879,1.19769,1.1445,1.17109,623859.017950236,0
MCI,D,20040122,000000,1.17109,1.17999,1.1445,1.17999,273457.2812501793,0
MCI,D,20040123,000000,1.17109,1.29528,1.15339,1.25978,1463928.5189239704,0
MCI,D,20040126,000000,1.25978,1.35738,1.24208,1.35738,680087.9974052903,0
MCI,D,20040127,000000,1.37518,1.39288,1.26868,1.28638,976125.6541961419,0
MCI,D,20040128,000000,1.25098,1.26868,1.1356,1.17109,927045.6399227532,0
MCI,D,20040129,000000,1.1001,1.17999,1.0735,1.17109,874478.164360435,0
MCI,D,20040130,000000,1.18879,1.20659,1.15339,1.15339,331660.2122623282,0
MCI,D,20040202,000000,1.15339,1.25098,1.15339,1.24208,496449.91814478923,0
MCI,D,20040203,000000,1.25098,1.25098,1.20659,1.22429,379062.5880192797,0
MCI,D,20040204,000000,1.20659,1.25978,1.20659,1.24208,120022.20296288146,0
MCI,D,20040205,000000,1.22429,1.26868,1.22429,1.23319,209775.312824532,0
MCI,D,20040206,000000,1.24208,1.32189,1.23319,1.29528,729165.8086077445,0
MCI,D,20040209,000000,1.33078,1.39288,1.31307,1.36628,873020.8329374236,0
MCI,D,20040210,000000,1.42837,1.47276,1.39288,1.47276,1595977.2861169635,0
MCI,D,20040211,000000,1.48157,1.61466,1.48157,1.56145,1766846.3662425082,0
MCI,D,20040212,000000,1.58806,1.62355,1.47276,1.50826,945684.7215620389,0
MCI,D,20040213,000000,1.56145,1.60585,1.55256,1.56145,681941.8815964679,0
MCI,D,20040216,000000,1.59696,1.77434,1.56145,1.77434,1392736.2816834394,0
MCI,D,20040217,000000,1.86313,2.04052,1.86313,1.97842,2089210.7206977368,0
MCI,D,20040218,000000,1.98732,1.99621,1.88973,1.91633,879275.3513197807,0
MCI,D,20040219,000000,1.99621,2.21799,1.94292,2.21799,2300370.6636044495,0
MCI,D,20040220,000000,2.28009,2.51966,2.147,2.46637,3116628.2723852615,0
MCI,D,20040223,000000,2.52848,2.74144,2.49297,2.59946,2258188.4644262213,0
MCI,D,20040224,000000,2.52848,2.52848,2.24459,2.28898,1871480.1187296007,0
MCI,D,20040225,000000,2.26229,2.41318,2.25349,2.33329,1355772.0560129997,0
MCI,D,20040226,000000,2.39538,2.48417,2.37768,2.43978,984424.6224054898,0
MCI,D,20040227,000000,2.49297,2.62606,2.46637,2.57287,1176335.2330241278,0
MCI,D,20040301,000000,2.66156,2.66156,2.41318,2.54626,1468130.8767310665,0
MCI,D,20040302,000000,2.55507,2.55507,2.43088,2.43978,527049.4718861587,0
MCI,D,20040303,000000,2.41318,2.50187,2.30669,2.42208,856319.3521848177,0
MCI,D,20040304,000000,2.44867,2.60836,2.42208,2.60836,1372891.0187076475,0
MCI,D,20040305,000000,2.64386,3.12292,2.64386,3.06082,3530022.4163085427,0
MCI,D,20040308,000000,3.23821,3.35359,2.86564,2.92773,2641257.336939448,0
MCI,D,20040309,000000,2.88334,2.92773,2.69705,2.83904,1128116.619486034,0
MCI,D,20040310,000000,2.80354,3.01643,2.71485,2.94543,801134.6283526014,0
MCI,D,20040311,000000,2.79465,2.85674,2.66156,2.72365,1213191.5082187888,0
MCI,D,20040312,000000,2.67935,2.83904,2.67935,2.80354,1082488.8173666268,0
MCI,D,20040315,000000,2.80354,2.96323,2.66156,2.70595,934865.4402039002,0
MCI,D,20040316,000000,2.66156,2.71485,2.55507,2.67935,974725.6026174211,0
MCI,D,20040317,000000,2.70595,2.75025,2.63496,2.63496,474573.42376761226,0
MCI,D,20040318,000000,2.63496,2.63496,2.30669,2.35989,1236027.4399878348,0
MCI,D,20040319,000000,2.39538,2.39538,1.99621,2.23569,1820364.4669129585,0
MCI,D,20040322,000000,2.0938,2.38658,2.0938,2.1559,1544017.8581325004,0
MCI,D,20040323,000000,2.31558,2.32448,2.21799,2.30669,778608.2280498184,0
MCI,D,20040324,000000,2.33329,2.35989,2.26229,2.28009,660725.2069641012,0
MCI,D,20040325,000000,2.35109,2.56397,2.34219,2.56397,1905418.4264718376,0
MCI,D,20040326,000000,2.63496,2.70595,2.47527,2.48417,1362369.151925634,0
MCI,D,20040329,000000,2.48417,2.63496,2.43978,2.59946,770059.2112894322,0
MCI,D,20040330,000000,2.62606,2.62606,2.53736,2.59057,321100.893274432,0
MCI,D,20040331,000000,2.62606,2.62606,2.50187,2.52848,539197.2050176546,0
MCI,D,20040401,000000,2.52848,2.57287,2.52848,2.55507,97549.77789798783,0
MCI,D,20040402,000000,2.58176,2.68815,2.58176,2.63496,949683.2953077162,0
MCI,D,20040405,000000,2.70595,2.70595,2.59057,2.59946,287596.5905062439,0
MCI,D,20040406,000000,2.58176,2.62606,2.48417,2.54626,458004.12727106153,0
MCI,D,20040407,000000,2.56397,2.57287,2.51966,2.54626,128821.26827430593,0
MCI,D,20040408,000000,2.52848,2.56397,2.48417,2.56397,260896.47231851018,0
MCI,D,20040413,000000,2.58176,2.67935,2.58176,2.60836,541095.1506275175,0
MCI,D,20040414,000000,2.61726,2.64386,2.56397,2.57287,269660.2884949865,0
MCI,D,20040415,000000,2.58176,2.60836,2.53736,2.57287,315212.0846671617,0
MCI,D,20040416,000000,2.57287,2.59057,2.50187,2.56397,381243.6282441946,0
MCI,D,20040419,000000,2.55507,2.56397,2.49297,2.52848,342609.47480558796,0
MCI,D,20040420,000000,2.58176,2.67935,2.53736,2.61726,947373.3754331472,0
MCI,D,20040421,000000,2.63496,2.63496,2.52848,2.53736,513528.12402715336,0
MCI,D,20040422,000000,2.55507,2.55507,2.44867,2.45748,421375.8699180964,0
MCI,D,20040423,000000,2.49297,2.51966,2.46637,2.47527,201870.69431241613,0
MCI,D,20040426,000000,2.49297,2.51966,2.45748,2.47527,162400.47545425873,0
MCI,D,20040427,000000,2.46637,2.52848,2.46637,2.51966,216022.12045861917,0
MCI,D,20040428,000000,2.51077,2.51966,2.46637,2.50187,98429.9047362237,0
MCI,D,20040429,000000,2.50187,2.50187,2.40428,2.40428,140957.9860511305,0
MCI,D,20040430,000000,2.40428,2.42208,2.35989,2.38658,147660.82936860895,0
MCI,D,20040504,000000,2.41318,2.47527,2.39538,2.42208,176749.07644907784,0
MCI,D,20040505,000000,2.44867,2.47527,2.35989,2.35989,170232.39262554413,0
MCI,D,20040506,000000,2.35989,2.35989,2.1914,2.1914,339041.601427558,0
MCI,D,20040507,000000,2.2091,2.25349,2.07601,2.12041,222435.25994824275,0
MCI,D,20040510,000000,2.04052,2.11151,1.86313,2.05831,808044.5603379002,0
MCI,D,20040511,000000,2.1293,2.1293,1.90743,1.90743,301146.5782873947,0
MCI,D,20040512,000000,1.95182,2.08491,1.95182,2.05831,309317.7683825558,0
MCI,D,20040513,000000,2.05831,2.11151,1.95182,2.03171,286921.34926489403,0
MCI,D,20040514,000000,2.03171,2.07601,2.03171,2.07601,182740.3278547911,0
MCI,D,20040517,000000,2.06712,2.23569,2.06712,2.1647,421493.73421307915,0
MCI,D,20040518,000000,2.26229,2.32448,2.22689,2.32448,429375.22048038535,0
MCI,D,20040519,000000,2.43978,2.56397,2.43978,2.56397,903859.4198751602,0
MCI,D,20040520,000000,2.50187,2.54626,2.43978,2.44867,451828.91944233776,0
MCI,D,20040521,000000,2.43978,2.50187,2.43088,2.44867,257654.65343875028,0
MCI,D,20040524,000000,2.35989,2.50187,2.35989,2.43978,187236.79563161067,0
MCI,D,20040525,000000,2.42208,2.60836,2.36879,2.53736,1164516.8589973033,0
MCI,D,20040526,000000,2.59946,2.63496,2.51077,2.57287,664570.6672798475,0
MCI,D,20040527,000000,2.59057,2.60836,2.49297,2.52848,414051.76059715735,0
MCI,D,20040528,000000,2.57287,2.73255,2.57287,2.69705,1838872.4658316555,0
MCI,D,20040531,000000,2.74144,2.75025,2.65266,2.65266,733506.959883699,0
MCI,D,20040601,000000,2.62606,2.64386,2.58176,2.62606,332658.2033955469,0
MCI,D,20040602,000000,2.64386,2.69705,2.62606,2.65266,390198.01005648426,0
MCI,D,20040603,000000,2.67935,2.67935,2.59946,2.61726,244933.02032888032,0
MCI,D,20040604,000000,2.63496,2.63496,2.59057,2.59057,177438.63765150044,0
MCI,D,20040607,000000,2.61726,2.61726,2.51966,2.53736,284430.7775737159,0
MCI,D,20040608,000000,2.52848,2.58176,2.50187,2.51966,183972.94604250818,0
MCI,D,20040609,000000,2.51966,2.59946,2.50187,2.51966,443146.616890429,0
MCI,D,20040611,000000,2.59057,2.59946,2.53736,2.59057,95174.86743085826,0
MCI,D,20040614,000000,2.68815,2.71485,2.61726,2.64386,674188.1734433486,0
MCI,D,20040615,000000,2.68815,2.71485,2.64386,2.66156,367765.2402684073,0
MCI,D,20040616,000000,2.68815,2.68815,2.61726,2.61726,128593.25043261028,0
MCI,D,20040617,000000,2.61726,2.64386,2.31558,2.39538,775550.3655930691,0
MCI,D,20040618,000000,2.36879,2.39538,2.28009,2.39538,304781.6453289196,0
MCI,D,20040621,000000,2.39538,2.47527,2.39538,2.43978,158790.74372847783,0
MCI,D,20040622,000000,2.45748,2.51966,2.45748,2.51077,174928.23832191402,0
MCI,D,20040623,000000,2.52848,2.60836,2.52848,2.55507,186245.4137111948,0
MCI,D,20040624,000000,2.57287,2.59057,2.51077,2.51077,142781.0272492286,0
MCI,D,20040625,000000,2.51077,2.60836,2.50187,2.60836,173907.11494388565,0
MCI,D,20040628,000000,2.61726,2.62606,2.59946,2.60836,195084.1342994359,0
MCI,D,20040629,000000,2.61726,2.67045,2.59946,2.67045,442991.30038956384,0
MCI,D,20040630,000000,2.67045,2.70595,2.61726,2.63496,379450.32850370905,0
MCI,D,20040701,000000,2.59946,2.61726,2.55507,2.61726,131992.58888416959,0
MCI,D,20040702,000000,2.56397,2.57287,2.46637,2.50187,229740.6431662406,0
MCI,D,20040705,000000,2.49297,2.51077,2.46637,2.46637,92837.40916961106,0
MCI,D,20040706,000000,2.46637,2.52848,2.46637,2.51077,38151.68090400426,0
MCI,D,20040707,000000,2.51966,2.52848,2.46637,2.48417,42810.074394491734,0
MCI,D,20040708,000000,2.50187,2.50187,2.47527,2.50187,61661.75237893317,0
MCI,D,20040709,000000,2.52848,2.52848,2.48417,2.50187,24628.12997406459,0
MCI,D,20040712,000000,2.48417,2.50187,2.39538,2.42208,171412.13711083904,0
MCI,D,20040713,000000,2.39538,2.50187,2.32448,2.34219,311024.04682113824,0
MCI,D,20040714,000000,2.2978,2.36879,2.2978,2.31558,56696.03049311676,0
MCI,D,20040715,000000,2.30669,2.34219,2.25349,2.27119,209008.64413941043,0
MCI,D,20040716,000000,2.25349,2.42208,2.21799,2.42208,237862.26416538088,0
MCI,D,20040719,000000,2.40428,2.45748,2.37768,2.43978,119221.38667827887,0
MCI,D,20040720,000000,2.42208,2.51966,2.42208,2.48417,163657.32742225265,0
MCI,D,20040721,000000,2.51077,2.59057,2.49297,2.51966,103259.03622411615,0
MCI,D,20040722,000000,2.51966,2.51966,2.44867,2.48417,89559.2396194359,0
MCI,D,20040723,000000,2.46637,2.56397,2.46637,2.54626,186922.858023479,0
MCI,D,20040726,000000,2.52848,2.56397,2.51966,2.52848,56784.15333048706,0
MCI,D,20040727,000000,2.52848,2.52848,2.46637,2.50187,46010.03492650075,0
MCI,D,20040728,000000,2.51966,2.51966,2.45748,2.46637,63987.09375004195,0
MCI,D,20040729,000000,2.46637,2.46637,2.41318,2.45748,33755.452854693416,0
MCI,D,20040730,000000,2.43088,2.47527,2.43088,2.45748,16660.723940322343,0
MCI,D,20040802,000000,2.44867,2.45748,2.42208,2.44867,31219.718209363033,0
MCI,D,20040803,000000,2.43978,2.50187,2.43978,2.50187,81853.99902687028,0
MCI,D,20040804,000000,2.49297,2.63496,2.47527,2.53736,474800.34007384075,0
MCI,D,20040805,000000,2.57287,2.59946,2.48417,2.51966,120457.30947239732,0
MCI,D,20040806,000000,2.51077,2.51077,2.41318,2.46637,139788.15538503978,0
MCI,D,20040809,000000,2.42208,2.42208,2.33329,2.37768,108282.03795422325,0
MCI,D,20040810,000000,2.40428,2.41318,2.35109,2.41318,60922.622080489775,0
MCI,D,20040811,000000,2.41318,2.41318,2.35989,2.37768,63894.56477080315,0
MCI,D,20040812,000000,2.37768,2.41318,2.36879,2.41318,24459.595047593895,0
MCI,D,20040813,000000,2.41318,2.43088,2.34219,2.41318,55272.84666958642,0
MCI,D,20040816,000000,2.43978,2.44867,2.41318,2.44867,41810.98172580596,0
MCI,D,20040817,000000,2.51966,2.57287,2.49297,2.51966,370923.3424526654,0
MCI,D,20040818,000000,2.52848,2.60836,2.51966,2.59057,520443.5636897876,0
MCI,D,20040819,000000,2.60836,2.60836,2.52848,2.53736,272804.07071817195,0
MCI,D,20040820,000000,2.55507,2.55507,2.45748,2.47527,147197.08293694773,0
MCI,D,20040823,000000,2.48417,2.57287,2.47527,2.52848,70379.30406579009,0
MCI,D,20040824,000000,2.53736,2.59057,2.53736,2.56397,206098.38743525624,0
MCI,D,20040825,000000,2.58176,2.59946,2.51966,2.57287,327712.3091481388,0
MCI,D,20040826,000000,2.58176,2.58176,2.51966,2.51966,74575.0526600835,0
MCI,D,20040827,000000,2.51077,2.51966,2.47527,2.48417,149416.67690321215,0
MCI,D,20040830,000000,2.51966,2.52848,2.47527,2.49297,112574.72166962399,0
MCI,D,20040831,000000,2.51077,2.54626,2.49297,2.52848,60157.05493083529,0
MCI,D,20040901,000000,2.51077,2.53736,2.49297,2.52848,60005.04303637153,0
MCI,D,20040902,000000,2.52848,2.59057,2.51966,2.51966,184167.91782018996,0
MCI,D,20040903,000000,2.52848,2.58176,2.49297,2.54626,221422.9488539514,0
MCI,D,20040906,000000,2.57287,2.74144,2.56397,2.73255,1799767.956748585,0
MCI,D,20040907,000000,2.75025,2.85674,2.69705,2.69705,1344111.2015579748,0
MCI,D,20040908,000000,2.68815,2.74144,2.67045,2.73255,324077.2421066139,0
MCI,D,20040909,000000,2.73255,2.73255,2.68815,2.69705,95918.40387117016,0
MCI,D,20040910,000000,2.69705,2.80354,2.68815,2.74144,468394.91133248707,0
MCI,D,20040913,000000,2.78575,2.81243,2.75025,2.77694,188696.33012555627,0
MCI,D,20040914,000000,2.78575,2.80354,2.75914,2.77694,189377.0790442418,0
MCI,D,20040915,000000,2.77694,2.78575,2.71485,2.74144,204593.68998715837,0
MCI,D,20040916,000000,2.74144,2.77694,2.71485,2.71485,308265.80201144784,0
MCI,D,20040917,000000,2.74144,2.76804,2.68815,2.71485,263241.6413280273,0
MCI,D,20040920,000000,2.67045,2.67045,2.56397,2.58176,942818.5262765698,0
MCI,D,20040921,000000,2.56397,2.59946,2.44867,2.46637,767137.9392306068,0
MCI,D,20040922,000000,2.47527,2.53736,2.47527,2.49297,258379.46377612097,0
MCI,D,20040923,000000,2.49297,2.49297,2.42208,2.43978,259787.22610311152,0
MCI,D,20040924,000000,2.44867,2.51966,2.44867,2.44867,134988.7653547598,0
MCI,D,20040927,000000,2.47527,2.49297,2.43978,2.44867,68392.13408308983,0
MCI,D,20040928,000000,2.44867,2.47527,2.44867,2.47527,60848.81920419215,0
MCI,D,20040929,000000,2.48417,2.48417,2.44867,2.47527,61130.81228377711,0
MCI,D,20040930,000000,2.48417,2.48417,2.45748,2.45748,84797.30179503831,0
MCI,D,20041001,000000,2.47527,2.48417,2.45748,2.46637,68784.28070938766,0
MCI,D,20041004,000000,2.48417,2.48417,2.43088,2.44867,204530.90246553207,0
MCI,D,20041005,000000,2.43978,2.43978,2.35989,2.37768,208596.66987470424,0
MCI,D,20041006,000000,2.36879,2.36879,2.21799,2.28898,773045.4739408183,0
MCI,D,20041007,000000,2.28009,2.36879,2.26229,2.26229,197882.0343859429,0
MCI,D,20041008,000000,2.25349,2.25349,2.2002,2.22689,147249.95663936992,0
MCI,D,20041011,000000,2.22689,2.33329,2.2091,2.32448,125884.57471894068,0
MCI,D,20041012,000000,2.35109,2.35109,2.26229,2.28009,101487.76719297312,0
MCI,D,20041013,000000,2.26229,2.28009,2.26229,2.26229,49865.40906145138,0
MCI,D,20041014,000000,2.2978,2.32448,2.26229,2.30669,93546.79801044197,0
MCI,D,20041015,000000,2.2978,2.30669,2.26229,2.28898,67504.29649658405,0
MCI,D,20041018,000000,2.30669,2.30669,2.2091,2.2091,140897.4016004384,0
MCI,D,20041019,000000,2.21799,2.21799,2.11151,2.1647,324475.99794571445,0
MCI,D,20041020,000000,2.1647,2.1647,1.95182,2.04052,578757.7497841165,0
MCI,D,20041021,000000,2.04052,2.07601,1.99621,2.04052,100613.1480320729,0
MCI,D,20041022,000000,2.03171,2.10261,2.02281,2.06712,198407.46680376332,0
MCI,D,20041025,000000,2.04052,2.04052,1.99621,1.99621,105292.47069643582,0
MCI,D,20041026,000000,1.99621,2.02281,1.99621,2.00502,99077.60759089542,0
MCI,D,20041027,000000,2.02281,2.06712,2.02281,2.05831,105468.71637117643,0
MCI,D,20041028,000000,2.1293,2.1559,2.11151,2.1293,227505.6277034364,0
MCI,D,20041029,000000,2.13811,2.24459,2.1293,2.24459,356462.38484019914,0
MCI,D,20041102,000000,2.28009,2.2978,2.1825,2.21799,454311.78038524603,0
MCI,D,20041103,000000,2.23569,2.25349,2.1914,2.25349,112237.6518166826,0
MCI,D,20041104,000000,2.24459,2.30669,2.2091,2.2091,199258.95371985383,0
MCI,D,20041105,000000,2.22689,2.22689,2.0938,2.147,232029.63386693416,0
MCI,D,20041108,000000,2.1293,2.1647,2.1293,2.1647,78689.28762980939,0
MCI,D,20041109,000000,2.1559,2.1914,2.1559,2.1914,44703.61386248606,0
MCI,D,20041110,000000,2.21799,2.21799,2.1559,2.1914,73468.00951561911,0
MCI,D,20041112,000000,2.1647,2.1914,2.13811,2.1647,81429.90787202572,0
MCI,D,20041115,000000,2.1736,2.1825,2.12041,2.147,54920.35532010522,0
MCI,D,20041116,000000,2.1293,2.147,2.10261,2.1293,129597.85077863169,0
MCI,D,20041117,000000,2.147,2.147,2.11151,2.1293,48193.27822234994,0
MCI,D,20041118,000000,2.0938,2.0938,2.07601,2.07601,110788.03114194116,0
MCI,D,20041119,000000,2.07601,2.07601,2.00502,2.04052,174074.54833488923,0
MCI,D,20041122,000000,2.03171,2.03171,1.98732,2.02281,84887.62770334285,0
MCI,D,20041123,000000,2.02281,2.02281,1.98732,2.00502,93466.38592134157,0
MCI,D,20041124,000000,1.99621,1.99621,1.96072,1.96952,116214.19485301738,0
MCI,D,20041125,000000,1.99621,2.02281,1.98732,2.01391,124646.44885388797,0
MCI,D,20041126,000000,2.04052,2.04052,1.99621,2.01391,88218.6709559402,0
MCI,D,20041129,000000,2.04052,2.07601,2.01391,2.03171,113166.24621547213,0
MCI,D,20041130,000000,2.02281,2.0938,2.01391,2.08491,98288.90819643124,0
MCI,D,20041201,000000,2.07601,2.147,2.04052,2.12041,182818.53687295725,0
MCI,D,20041202,000000,2.1559,2.1914,2.1293,2.1559,233612.54033319818,0
MCI,D,20041203,000000,2.1736,2.1736,2.0938,2.11151,160539.98205027828,0
MCI,D,20041206,000000,2.12041,2.12041,2.06712,2.11151,77075.53817046576,0
MCI,D,20041207,000000,2.11151,2.12041,2.08491,2.10261,59255.99891872398,0
MCI,D,20041208,000000,2.08491,2.10261,2.06712,2.07601,18806.51503028915,0
MCI,D,20041209,000000,2.05831,2.06712,2.03171,2.03171,101884.31996113947,0
MCI,D,20041210,000000,2.03171,2.07601,2.02281,2.05831,86056.35683396646,0
MCI,D,20041213,000000,2.06712,2.0938,2.01391,2.04052,200644.6853375018,0
MCI,D,20041214,000000,2.04052,2.04052,1.99621,2.01391,89694.72848189273,0
MCI,D,20041215,000000,2.00502,2.07601,1.99621,2.07601,117712.28308831248,0
MCI,D,20041216,000000,2.07601,2.1559,2.07601,2.1293,361822.45642324764,0
MCI,D,20041217,000000,2.1293,2.13811,2.0938,2.10261,141964.78946808615,0
MCI,D,20041220,000000,2.1293,2.1293,2.07601,2.12041,191137.33272071357,0
MCI,D,20041221,000000,2.1293,2.1293,2.06712,2.06712,110452.06282446689,0
MCI,D,20041222,000000,2.04052,2.05831,1.98732,2.01391,193489.11094303345,0
MCI,D,20041223,000000,2.04052,2.04052,2.00502,2.03171,58018.97458913839,0
MCI,D,20041224,000000,2.01391,2.03171,1.99621,2.01391,7748.200475783627,0
MCI,D,20041227,000000,2.02281,2.02281,1.96952,1.98732,181778.6873919877,0
MCI,D,20041228,000000,1.98732,2.01391,1.89863,1.90743,775916.0753681558,0
MCI,D,20041229,000000,1.91633,2.04941,1.91633,2.00502,191682.5927769423,0
MCI,D,20041230,000000,2.02281,2.02281,1.96952,1.99621,78909.59472323513,0
MCI,D,20041231,000000,1.99621,1.99621,1.96952,1.98732,35993.772923899036,0
MCI,D,20050103,000000,2.00502,2.00502,1.96952,1.99621,52278.873269930475,0
MCI,D,20050104,000000,1.98732,1.99621,1.96952,1.99621,31022.543360746986,0
MCI,D,20050105,000000,1.97842,1.97842,1.93412,1.95182,54967.72134519175,0
MCI,D,20050106,000000,1.94292,1.96072,1.90743,1.96072,92979.50724487066,0
MCI,D,20050107,000000,1.96072,1.96072,1.91633,1.94292,51973.74794553581,0
MCI,D,20050110,000000,1.92522,1.92522,1.88973,1.89863,75295.45685558571,0
MCI,D,20050111,000000,1.88083,1.92522,1.85423,1.87193,127792.43414800767,0
MCI,D,20050112,000000,1.87193,1.92522,1.87193,1.89863,141230.06531151128,0
MCI,D,20050113,000000,1.90743,1.91633,1.88083,1.89863,61416.109969763456,0
MCI,D,20050114,000000,1.88973,1.94292,1.88973,1.94292,189698.72740064343,0
MCI,D,20050117,000000,1.95182,1.99621,1.95182,1.97842,169901.9319854055,0
MCI,D,20050118,000000,1.98732,1.98732,1.88083,1.89863,70454.20847755486,0
MCI,D,20050119,000000,1.87193,1.91633,1.87193,1.90743,89900.71561424581,0
MCI,D,20050120,000000,1.87193,1.87193,1.83652,1.86313,161713.1173227704,0
MCI,D,20050121,000000,1.86313,1.86313,1.83652,1.84534,45742.36180798847,0
MCI,D,20050124,000000,1.84534,1.84534,1.80984,1.83652,38753.11926905655,0
MCI,D,20050125,000000,1.83652,1.86313,1.80984,1.83652,64800.02692478297,0
MCI,D,20050126,000000,1.86313,1.90743,1.86313,1.88083,150376.11429508132,0
MCI,D,20050127,000000,1.86313,1.88973,1.84534,1.85423,67985.66749571932,0
MCI,D,20050128,000000,1.86313,1.87193,1.84534,1.84534,81535.65527687008,0
MCI,D,20050131,000000,1.84534,1.98732,1.84534,1.96952,687751.379650105,0
MCI,D,20050201,000000,1.99621,2.08491,1.99621,2.03171,672798.0356838322,0
MCI,D,20050202,000000,2.06712,2.07601,1.99621,2.01391,167600.82439457357,0
MCI,D,20050203,000000,1.99621,1.99621,1.95182,1.95182,87713.0661765281,0
MCI,D,20050204,000000,1.96072,2.00502,1.95182,1.99621,144730.74502604647,0
MCI,D,20050207,000000,2.01391,2.03171,2.00502,2.01391,171396.71561429926,0
MCI,D,20050208,000000,2.01391,2.02281,1.94292,1.96072,71995.25659606798,0
MCI,D,20050209,000000,1.95182,1.95182,1.87193,1.92522,156315.59353383954,0
MCI,D,20050210,000000,1.91633,2.04052,1.90743,2.00502,270417.043360904,0
MCI,D,20050211,000000,2.00502,2.03171,1.94292,2.00502,163804.9331748479,0
MCI,D,20050214,000000,1.99621,2.00502,1.96952,2.00502,25789.148356418293,0
MCI,D,20050215,000000,2.01391,2.07601,1.99621,2.03171,320884.9923228747,0
MCI,D,20050216,000000,2.07601,2.12041,2.04941,2.06712,627227.5134087158,0
MCI,D,20050217,000000,2.08491,2.10261,2.02281,2.04052,213149.3159603474,0
MCI,D,20050218,000000,2.04941,2.05831,2.00502,2.04052,118912.95674748282,0
MCI,D,20050221,000000,2.08491,2.147,2.08491,2.11151,380601.43306685856,0
MCI,D,20050222,000000,2.13811,2.13811,2.08491,2.1293,188513.47523801288,0
MCI,D,20050223,000000,2.11151,2.1293,2.08491,2.12041,174212.24026828032,0
MCI,D,20050224,000000,2.0938,2.12041,2.04052,2.05831,349259.44442064426,0
MCI,D,20050225,000000,2.06712,2.11151,2.05831,2.0938,330654.5103808397,0
MCI,D,20050228,000000,2.0938,2.0938,1.97842,2.01391,231468.9523141656,0
MCI,D,20050301,000000,2.01391,2.02281,1.96952,2.01391,90648.65819642621,0
MCI,D,20050302,000000,2.00502,2.00502,1.94292,1.95182,145729.83769473224,0
MCI,D,20050303,000000,1.96072,1.96072,1.90743,1.94292,140481.02119386374,0
MCI,D,20050304,000000,1.94292,1.94292,1.91633,1.94292,48731.929065775905,0
MCI,D,20050307,000000,1.94292,1.96952,1.92522,1.96952,56336.92993083279,0
MCI,D,20050308,000000,1.98732,1.98732,1.95182,1.96952,41881.479995702204,0
MCI,D,20050309,000000,1.99621,2.04941,1.99621,1.99621,229500.50843440654,0
MCI,D,20050310,000000,2.02281,2.1914,2.02281,2.13811,1276875.67971537,0
MCI,D,20050311,000000,2.1647,2.1736,2.07601,2.0938,380371.21215422865,0
MCI,D,20050314,000000,2.0938,2.0938,1.96952,2.00502,249139.78427784503,0
MCI,D,20050315,000000,2.04052,2.04052,2.00502,2.01391,120048.63981409256,0
MCI,D,20050316,000000,2.01391,2.03171,1.92522,1.96072,168913.85467139105,0
MCI,D,20050317,000000,1.95182,1.98732,1.90743,1.93412,163400.66965841164,0
MCI,D,20050318,000000,1.95182,2.02281,1.95182,2.00502,98464.0523357047,0
MCI,D,20050321,000000,2.03171,2.03171,1.97842,1.97842,102887.81877169377,0
MCI,D,20050322,000000,1.96072,2.00502,1.96072,1.99621,44806.05666092903,0
MCI,D,20050323,000000,1.96952,1.97842,1.95182,1.96952,65057.786224091105,0
MCI,D,20050324,000000,1.95182,1.98732,1.95182,1.98732,35495.87889275684,0
MCI,D,20050329,000000,1.98732,1.99621,1.98732,1.98732,17874.616025098225,0
MCI,D,20050330,000000,1.99621,2.02281,1.99621,2.00502,37874.09396628781,0
MCI,D,20050331,000000,2.00502,2.00502,1.97842,1.99621,55803.78676474248,0
MCI,D,20050401,000000,2.00502,2.00502,1.98732,1.98732,17029.738321810477,0
MCI,D,20050404,000000,1.96952,1.98732,1.96072,1.96072,29228.142084794254,0
MCI,D,20050405,000000,1.96072,1.96952,1.95182,1.96072,40707.243187742955,0
MCI,D,20050406,000000,1.97842,2.01391,1.95182,1.98732,68624.55806665399,0
MCI,D,20050407,000000,1.97842,2.04052,1.97842,2.03171,54691.23594294244,0
MCI,D,20050411,000000,2.03171,2.10261,2.03171,2.07601,190998.53925185537,0
MCI,D,20050412,000000,2.08491,2.0938,2.06712,2.07601,81565.39673448255,0
MCI,D,20050413,000000,2.08491,2.0938,2.05831,2.07601,34489.07547580116,0
MCI,D,20050414,000000,2.06712,2.06712,1.99621,2.00502,79904.2812500524,0
MCI,D,20050415,000000,2.02281,2.02281,1.96072,1.99621,113525.3467777561,0
MCI,D,20050418,000000,1.96952,1.97842,1.95182,1.97842,107668.48269903255,0
MCI,D,20050419,000000,1.96952,1.98732,1.96072,1.96952,25306.6758218159,0
MCI,D,20050420,000000,1.96952,1.96952,1.95182,1.96072,41205.13721888515,0
MCI,D,20050421,000000,1.95182,1.95182,1.91633,1.94292,68083.70415229378,0
MCI,D,20050422,000000,1.96952,1.96952,1.95182,1.96952,54315.61234865153,0
MCI,D,20050425,000000,1.95182,1.95182,1.90743,1.93412,33641.994701579155,0
MCI,D,20050426,000000,1.92522,1.93412,1.87193,1.89863,69159.90430367857,0
MCI,D,20050427,000000,1.89863,1.89863,1.88083,1.88083,52612.638516470484,0
MCI,D,20050428,000000,1.87193,1.88083,1.85423,1.87193,72663.88862461512,0
MCI,D,20050429,000000,1.86313,1.87193,1.85423,1.87193,31544.671172166014,0
MCI,D,20050502,000000,1.90743,1.91633,1.88973,1.89863,10963.58250433245,0
MCI,D,20050504,000000,1.90743,1.95182,1.87193,1.95182,71198.84645333388,0
MCI,D,20050505,000000,1.95182,1.97842,1.95182,1.96072,51606.93663498194,0
MCI,D,20050506,000000,1.96952,1.97842,1.90743,1.94292,37226.39111161611,0
MCI,D,20050509,000000,1.95182,1.98732,1.92522,1.96952,116947.81747412513,0
MCI,D,20050510,000000,1.99621,1.99621,1.90743,1.93412,52925.474589135054,0
MCI,D,20050511,000000,1.91633,1.94292,1.90743,1.94292,47060.899762141584,0
MCI,D,20050512,000000,1.95182,1.95182,1.92522,1.95182,15572.40689879914,0
MCI,D,20050513,000000,1.88083,1.96072,1.88083,1.96072,95257.4825908929,0
MCI,D,20050516,000000,1.96072,1.96072,1.90743,1.91633,30917.897491369753,0
MCI,D,20050517,000000,1.91633,1.93412,1.82763,1.93412,170980.3352077246,0
MCI,D,20050518,000000,1.92522,1.93412,1.89863,1.92522,49067.89738325017,0
MCI,D,20050519,000000,1.94292,1.95182,1.90743,1.95182,57627.92949830768,0
MCI,D,20050520,000000,1.96072,1.96952,1.94292,1.96952,99191.06574400967,0
MCI,D,20050523,000000,1.98732,1.98732,1.94292,1.95182,60928.129757825416,0
MCI,D,20050524,000000,1.96952,1.96952,1.93412,1.96072,43627.41371110127,0
MCI,D,20050525,000000,1.96952,1.96952,1.91633,1.95182,42640.43793255391,0
MCI,D,20050527,000000,1.94292,1.98732,1.94292,1.96072,100209.98605110377,0
MCI,D,20050530,000000,1.98732,1.99621,1.95182,1.98732,51372.30958048352,0
MCI,D,20050531,000000,1.99621,1.99621,1.95182,1.95182,54610.823853842034,0
MCI,D,20050601,000000,1.95182,1.97842,1.94292,1.97842,19382.618079597487,0
MCI,D,20050602,000000,1.96952,1.97842,1.96072,1.97842,18411.063797589926,0
MCI,D,20050603,000000,1.97842,1.98732,1.96072,1.97842,14941.227076134364,0
MCI,D,20050606,000000,1.97842,1.98732,1.94292,1.95182,45384.36278117163,0
MCI,D,20050607,000000,1.95182,1.96952,1.95182,1.96952,76535.78579157268,0
MCI,D,20050608,000000,1.96952,2.10261,1.95182,2.08491,872051.4817263504,0
MCI,D,20050609,000000,2.11151,2.12041,2.01391,2.02281,164583.71875010795,0
MCI,D,20050610,000000,2.02281,2.03171,1.96952,1.98732,118072.48518606357,0
MCI,D,20050613,000000,1.98732,2.03171,1.95182,1.99621,123110.90841271049,0
MCI,D,20050614,000000,1.99621,2.02281,1.98732,1.98732,78032.77249140065,0
MCI,D,20050615,000000,1.98732,2.00502,1.96072,2.00502,55379.695609897906,0
MCI,D,20050616,000000,2.01391,2.02281,1.97842,1.99621,48370.625432557674,0
MCI,D,20050617,000000,1.99621,1.99621,1.95182,1.95182,53107.2279412113,0
MCI,D,20050620,000000,1.96072,1.98732,1.93412,1.96952,47371.532763871895,0
MCI,D,20050621,000000,1.96072,1.97842,1.93412,1.97842,60407.10348187352,0
MCI,D,20050622,000000,1.97842,1.98732,1.96072,1.98732,53737.30622840894,0
MCI,D,20050623,000000,1.96952,2.11151,1.95182,2.05831,332411.45945091004,0
MCI,D,20050624,000000,2.06712,2.25349,2.06712,2.2002,942365.7951995798,0
MCI,D,20050627,000000,2.2091,2.28898,2.147,2.1914,543904.0660686957,0
MCI,D,20050628,000000,2.1914,2.1914,2.1293,2.147,140577.9563149711,0
MCI,D,20050629,000000,2.1559,2.1647,2.10261,2.1293,109733.86169989893,0
MCI,D,20050630,000000,2.1293,2.1914,2.11151,2.1647,126503.63765146703,0
MCI,D,20050701,000000,2.1825,2.2002,2.13811,2.2002,101993.37197238521,0
MCI,D,20050704,000000,2.21799,2.27119,2.2002,2.2002,137837.33607275476,0
MCI,D,20050705,000000,2.23569,2.2978,2.21799,2.24459,474213.2216698611,0
MCI,D,20050706,000000,2.25349,2.28898,2.21799,2.22689,151322.3332613449,0
MCI,D,20050707,000000,2.22689,2.23569,2.1293,2.2002,263327.56109446334,0
MCI,D,20050708,000000,2.21799,2.23569,2.1736,2.1825,61517.451232739295,0
MCI,D,20050711,000000,2.2002,2.2978,2.1914,2.2978,390451.3632139239,0
MCI,D,20050712,000000,2.32448,2.36879,2.22689,2.23569,576169.141436364,0
MCI,D,20050713,000000,2.25349,2.25349,2.21799,2.22689,128419.20782880393,0
MCI,D,20050714,000000,2.24459,2.24459,2.1736,2.1736,271116.5183825307,0
MCI,D,20050715,000000,2.1647,2.2091,2.1647,2.2002,405969.79487483366,0
MCI,D,20050718,000000,2.2091,2.21799,2.1647,2.1647,53396.931769066156,0
MCI,D,20050719,000000,2.1736,2.1914,2.1559,2.1914,58481.61948533246,0
MCI,D,20050720,000000,2.2091,2.2091,2.1559,2.1736,24938.7629757949,0
MCI,D,20050721,000000,2.1647,2.1647,2.13811,2.1647,55695.83628896385,0
MCI,D,20050722,000000,2.147,2.147,2.11151,2.11151,55986.64165228585,0
MCI,D,20050725,000000,2.0938,2.1293,2.07601,2.11151,55073.46875003611,0
MCI,D,20050726,000000,2.12041,2.12041,2.08491,2.11151,100281.58585646714,0
MCI,D,20050727,000000,2.12041,2.21799,2.10261,2.1736,292163.5565529597,0
MCI,D,20050728,000000,2.2091,2.2091,2.13811,2.13811,113974.77324834463,0
MCI,D,20050729,000000,2.1736,2.1736,2.147,2.1736,80980.48140143718,0
MCI,D,20050801,000000,2.1736,2.1736,2.13811,2.13811,51361.29422581223,0
MCI,D,20050802,000000,2.1825,2.1914,2.1559,2.1736,94203.3131488507,0
MCI,D,20050803,000000,2.1736,2.1736,2.1293,2.1559,93048.90397929976,0
MCI,D,20050804,000000,2.13811,2.13811,2.10261,2.1293,33390.8446150738,0
MCI,D,20050805,000000,2.10261,2.1293,2.08491,2.11151,61011.846453327205,0
MCI,D,20050808,000000,2.1293,2.1293,2.04941,2.07601,71974.32742219252,0
MCI,D,20050809,000000,2.07601,2.07601,2.00502,2.00502,191020.56996119794,0
MCI,D,20050810,000000,2.00502,2.03171,1.99621,2.00502,100425.88700266101,0
MCI,D,20050811,000000,2.01391,2.12041,2.01391,2.10261,127217.43263416647,0
MCI,D,20050812,000000,2.10261,2.10261,2.04052,2.05831,56671.79671283993,0
MCI,D,20050816,000000,2.08491,2.08491,2.04052,2.04052,66235.32763845174,0
MCI,D,20050817,000000,2.00502,2.04052,1.99621,2.02281,68277.57439450844,0
MCI,D,20050818,000000,2.03171,2.06712,2.02281,2.04052,29232.548226662766,0
MCI,D,20050819,000000,2.04052,2.06712,2.02281,2.05831,29362.52941178396,0
MCI,D,20050822,000000,2.03171,2.06712,2.01391,2.02281,35609.33704587111,0
MCI,D,20050823,000000,2.01391,2.03171,1.96952,2.01391,98576.40895335184,0
MCI,D,20050824,000000,2.02281,2.02281,1.96952,1.99621,42756.09915660243,0
MCI,D,20050825,000000,1.98732,1.98732,1.92522,1.96952,214221.10996986367,0
MCI,D,20050826,000000,1.96952,2.04052,1.96952,2.00502,85875.70501735735,0
MCI,D,20050829,000000,1.98732,2.03171,1.98732,2.02281,53783.57071802834,0
MCI,D,20050830,000000,2.02281,2.03171,1.97842,1.99621,53069.77573532892,0
MCI,D,20050831,000000,1.99621,1.99621,1.90743,1.95182,79976.9825908829,0
MCI,D,20050901,000000,1.94292,1.95182,1.93412,1.95182,73170.59493949435,0
MCI,D,20050902,000000,1.94292,1.95182,1.89863,1.92522,153891.11397068913,0
MCI,D,20050905,000000,1.92522,1.94292,1.88083,1.91633,103419.86040231695,0
MCI,D,20050906,000000,1.91633,1.93412,1.89863,1.93412,40700.63397494018,0
MCI,D,20050907,000000,1.96072,2.01391,1.94292,2.00502,207963.28698110522,0
MCI,D,20050908,000000,1.99621,2.03171,1.96072,1.96952,123192.42203727801,0
MCI,D,20050909,000000,1.96072,2.00502,1.95182,1.96952,14647.11710641099,0
MCI,D,20050912,000000,1.99621,1.99621,1.93412,1.96952,47914.58974916637,0
MCI,D,20050913,000000,1.97842,1.97842,1.92522,1.96072,29641.217884967533,0
MCI,D,20050914,000000,1.96072,1.96072,1.89863,1.93412,100612.04649660576,0
MCI,D,20050915,000000,1.91633,1.93412,1.90743,1.92522,50638.686959375766,0
MCI,D,20050916,000000,1.92522,1.93412,1.88083,1.92522,66362.00421717155,0
MCI,D,20050919,000000,1.92522,1.94292,1.89863,1.93412,131600.44225787176,0
MCI,D,20050920,000000,1.93412,1.93412,1.88083,1.92522,53303.301254360216,0
MCI,D,20050921,000000,1.91633,1.96072,1.88973,1.96072,120990.45263848764,0
MCI,D,20050922,000000,1.96952,1.97842,1.94292,1.96072,38490.95382787991,0
MCI,D,20050923,000000,1.96072,1.96072,1.92522,1.94292,41152.26351646297,0
MCI,D,20050926,000000,1.92522,1.95182,1.91633,1.94292,57489.136029449466,0
MCI,D,20050927,000000,1.95182,2.02281,1.92522,2.01391,314963.13765159063,0
MCI,D,20050928,000000,2.02281,2.05831,1.96952,1.99621,150883.92214542764,0
MCI,D,20050929,000000,1.98732,1.99621,1.96072,1.97842,57315.093425643114,0
MCI,D,20050930,000000,1.99621,1.99621,1.94292,1.94292,64562.095263883166,0
MCI,D,20051003,000000,1.95182,1.99621,1.95182,1.98732,44884.26567909518,0
MCI,D,20051004,000000,1.98732,1.98732,1.96072,1.97842,26887.37921714566,0
MCI,D,20051005,000000,1.96952,2.07601,1.96952,2.06712,339017.3676472811,0
MCI,D,20051006,000000,2.04941,2.04941,2.01391,2.03171,200714.08207193093,0
MCI,D,20051007,000000,2.02281,2.06712,2.02281,2.04941,146536.16165667048,0
MCI,D,20051010,000000,2.03171,2.05831,2.03171,2.05831,47758.17171283408,0
MCI,D,20051011,000000,2.10261,2.1559,2.0938,2.12041,555176.0785038243,0
MCI,D,20051012,000000,2.1559,2.1647,2.08491,2.12041,227180.6747406334,0
MCI,D,20051013,000000,2.12041,2.1293,2.04052,2.05831,145421.40776393618,0
MCI,D,20051014,000000,2.07601,2.07601,2.00502,2.04052,72390.70782876719,0
MCI,D,20051017,000000,2.04052,2.04941,2.01391,2.02281,68305.11278118666,0
MCI,D,20051018,000000,2.02281,2.03171,1.99621,2.00502,48466.45901819787,0
MCI,D,20051019,000000,1.99621,2.00502,1.95182,1.96072,97555.28557532348,0
MCI,D,20051020,000000,1.96952,1.98732,1.93412,1.95182,72539.41511682956,0
MCI,D,20051021,000000,1.99621,1.99621,1.97842,1.98732,46572.91955020355,0
MCI,D,20051024,000000,1.98732,1.98732,1.94292,1.96072,105982.03189885842,0
MCI,D,20051025,000000,1.96952,2.01391,1.96952,2.01391,111053.50118951919,0
MCI,D,20051026,000000,2.01391,2.03171,1.96072,2.00502,61909.59785903714,0
MCI,D,20051027,000000,1.94292,2.00502,1.93412,2.00502,48764.97512978977,0
MCI,D,20051028,000000,1.99621,2.00502,1.94292,2.00502,38930.46647926429,0
MCI,D,20051031,000000,2.00502,2.00502,1.97842,1.99621,21582.3844074536,0
MCI,D,20051102,000000,1.99621,2.01391,1.98732,2.01391,116626.16911772353,0
MCI,D,20051103,000000,2.00502,2.03171,1.99621,2.03171,44959.17009085993,0
MCI,D,20051104,000000,2.01391,2.0938,2.01391,2.08491,149128.07461082443,0
MCI,D,20051107,000000,2.08491,2.08491,2.00502,2.00502,88321.11375438317,0
MCI,D,20051108,000000,2.00502,2.00502,1.97842,1.99621,59775.92365920875,0
MCI,D,20051109,000000,1.99621,1.99621,1.97842,1.99621,27590.1588451738,0
MCI,D,20051110,000000,2.00502,2.05831,2.00502,2.05831,64285.60986163385,0
MCI,D,20051114,000000,2.05831,2.06712,2.03171,2.05831,26761.804173892982,0
MCI,D,20051115,000000,2.05831,2.05831,1.96072,1.99621,145139.4146843512,0
MCI,D,20051116,000000,2.02281,2.2002,2.02281,2.10261,685229.9649658472,0
MCI,D,20051117,000000,2.11151,2.12041,2.07601,2.10261,93731.8559689196,0
MCI,D,20051118,000000,2.12041,2.1736,2.12041,2.147,369442.87878484436,0
MCI,D,20051121,000000,2.147,2.26229,2.147,2.22689,650920.4397711881,0
MCI,D,20051122,000000,2.21799,2.28009,2.1914,2.2002,510020.8350998154,0
MCI,D,20051123,000000,2.2091,2.2091,2.147,2.1825,139020.385164451,0
MCI,D,20051124,000000,2.1914,2.2091,2.1293,2.1293,126730.55395769555,0
MCI,D,20051125,000000,2.13811,2.1736,2.13811,2.1559,86527.81401389757,0
MCI,D,20051128,000000,2.1559,2.1736,2.1293,2.147,47298.831423041396,0
MCI,D,20051129,000000,2.1559,2.1559,2.11151,2.1293,48902.66706318086,0
MCI,D,20051130,000000,2.1825,2.26229,2.1825,2.23569,526192.4772927326,0
MCI,D,20051201,000000,2.21799,2.21799,2.1825,2.2002,74740.28298015281,0
MCI,D,20051202,000000,2.2091,2.21799,2.1736,2.2002,65332.068555406164,0
MCI,D,20051205,000000,2.2002,2.2002,2.1293,2.147,145760.68068781184,0
MCI,D,20051206,000000,2.1825,2.1825,2.12041,2.147,81674.4487457283,0
MCI,D,20051207,000000,2.1559,2.22689,2.147,2.1914,80806.43879763084,0
MCI,D,20051208,000000,2.1914,2.22689,2.1647,2.21799,106325.7109646026,0
MCI,D,20051209,000000,2.22689,2.38658,2.22689,2.32448,855540.5666095576,0
MCI,D,20051212,000000,2.35989,2.52848,2.34219,2.52848,790090.6337591686,0
MCI,D,20051213,000000,2.60836,2.62606,2.39538,2.40428,989251.550822448,0
MCI,D,20051214,000000,2.41318,2.43978,2.34219,2.43088,545591.618404337,0
MCI,D,20051215,000000,2.44867,2.44867,2.37768,2.41318,160600.56650097037,0
MCI,D,20051216,000000,2.40428,2.41318,2.34219,2.38658,165381.23042830915,0
MCI,D,20051219,000000,2.39538,2.39538,2.2978,2.38658,88679.11278120002,0
MCI,D,20051220,000000,2.37768,2.52848,2.35109,2.52848,432482.65203315555,0
MCI,D,20051221,000000,2.64386,2.64386,2.48417,2.48417,1057261.452098444,0
MCI,D,20051222,000000,2.53736,2.59057,2.50187,2.56397,347832.95599071257,0
MCI,D,20051223,000000,2.58176,2.60836,2.54626,2.59057,231157.2177769682,0
MCI,D,20051227,000000,2.59057,2.59057,2.54626,2.57287,180044.87056672704,0
MCI,D,20051228,000000,2.56397,2.56397,2.51077,2.52848,182268.87067486002,0
MCI,D,20051229,000000,2.55507,2.55507,2.49297,2.49297,166242.6311636038,0
MCI,D,20051230,000000,2.49297,2.51966,2.39538,2.39538,296175.34872424265,0
MCI,D,20060102,000000,2.39538,2.58176,2.37768,2.58176,262406.6774439437,0
MCI,D,20060103,000000,2.59057,2.63496,2.52848,2.53736,446392.84191205737,0
MCI,D,20060104,000000,2.53736,2.53736,2.44867,2.47527,333601.1177554091,0
MCI,D,20060105,000000,2.48417,2.51077,2.42208,2.47527,176081.5459559978,0
MCI,D,20060106,000000,2.46637,2.53736,2.46637,2.47527,369348.14673467126,0
MCI,D,20060109,000000,2.49297,2.53736,2.44867,2.45748,202623.04303646504,0
MCI,D,20060110,000000,2.45748,2.46637,2.43088,2.44867,90958.1896626894,0
MCI,D,20060111,000000,2.47527,2.77694,2.46637,2.77694,1887367.564771999,0
MCI,D,20060112,000000,2.79465,3.08742,2.74144,3.05193,2106270.2004771596,0
MCI,D,20060113,000000,3.03422,3.03422,2.86564,2.92773,746552.4444209047,0
MCI,D,20060116,000000,2.91003,3.02532,2.88334,2.95433,604922.5217348257,0
MCI,D,20060117,000000,2.91883,2.98982,2.81243,2.89224,516421.85769930057,0
MCI,D,20060118,000000,2.83014,2.85674,2.75025,2.75914,422482.9130625608,0
MCI,D,20060119,000000,2.78575,2.93663,2.75914,2.84784,433863.977508935,0
MCI,D,20060120,000000,2.85674,2.85674,2.75914,2.77694,253592.19063597944,0
MCI,D,20060123,000000,2.75914,2.86564,2.68815,2.83904,308468.4845373995,0
MCI,D,20060124,000000,2.88334,2.97212,2.88334,2.90113,494756.8581318123,0
MCI,D,20060125,000000,2.96323,3.36249,2.93663,3.36249,1814018.5210868295,0
MCI,D,20060126,000000,3.46008,3.61977,3.256,3.40679,2742655.879759584,0
MCI,D,20060127,000000,3.41569,3.50439,3.30039,3.3181,471744.68068802555,0
MCI,D,20060130,000000,3.2826,3.40679,3.2471,3.36249,211842.89489633267,0
MCI,D,20060131,000000,3.40679,3.40679,3.14062,3.16731,365659.10445525707,0
MCI,D,20060201,000000,3.14062,3.2826,3.01643,3.2471,278031.958045165,0
MCI,D,20060202,000000,3.23821,4.52469,3.23821,4.52469,2219500.3357497253,0
MCI,D,20060203,000000,4.52469,4.52469,3.55767,3.69076,3074024.185123123,0
MCI,D,20060206,000000,3.72617,3.90364,3.72617,3.77056,763033.6180800851,0
MCI,D,20060207,000000,3.81495,3.82375,3.59317,3.74395,643645.8995462699,0
MCI,D,20060208,000000,3.63747,3.85925,3.56648,3.77056,565217.67582217,0
MCI,D,20060209,000000,4.25851,4.4093,4.08993,4.12542,2906215.170525262,0
MCI,D,20060210,000000,4.09883,4.20531,3.98353,3.99234,1391399.017626345,0
MCI,D,20060213,000000,3.99234,3.99234,3.72617,3.72617,679978.9453940445,0
MCI,D,20060214,000000,3.81495,3.95684,3.81495,3.87704,401304.7921715434,0
MCI,D,20060215,000000,3.91254,3.91254,3.77056,3.81495,228907.88235309126,0
MCI,D,20060216,000000,3.85925,4.12542,3.72617,3.87704,555448.157764205,0
MCI,D,20060217,000000,3.86815,4.09883,3.85925,4.05443,502453.2864406409,0
MCI,D,20060220,000000,4.08113,4.24962,4.08113,4.21412,558911.3852728578,0
MCI,D,20060221,000000,4.18752,4.23191,4.06333,4.18752,264745.237240658,0
MCI,D,20060222,000000,4.19641,4.3916,4.19641,4.32061,579786.5839104147,0
MCI,D,20060223,000000,4.3472,4.3916,4.31171,4.32061,236758.5256273179,0
MCI,D,20060224,000000,4.3472,4.365,4.22301,4.29401,255630.03125016764,0
MCI,D,20060227,000000,4.29401,4.30291,4.16982,4.20531,146921.69907016554,0
MCI,D,20060228,000000,4.25851,4.2674,3.85925,3.94803,569700.9251733839,0
MCI,D,20060301,000000,3.93024,3.94803,3.81495,3.90364,310712.31228394073,0
MCI,D,20060302,000000,4.16982,4.21412,3.99234,3.99234,373150.6471671997,0
MCI,D,20060303,000000,4.02784,4.03673,3.85925,3.99234,174763.0080018447,0
MCI,D,20060306,000000,3.94803,3.99234,3.89474,3.90364,141870.0574179131,0
MCI,D,20060307,000000,3.86815,3.86815,3.67296,3.75285,415535.52887137973,0
MCI,D,20060308,000000,3.73505,3.76166,3.54878,3.61087,349185.64154434664,0
MCI,D,20060309,000000,3.57538,3.75285,3.57538,3.63747,360835.4806447003,0
MCI,D,20060310,000000,3.69076,3.69956,3.57538,3.65526,205034.30417400989,0
MCI,D,20060313,000000,3.63747,3.74395,3.61087,3.67296,134099.8262327869,0
MCI,D,20060314,000000,3.65526,3.68186,3.58427,3.63747,159002.23853816654,0
MCI,D,20060315,000000,3.63747,3.80605,3.63747,3.72617,212123.7864404505,0
MCI,D,20060316,000000,3.78834,3.84155,3.73505,3.80605,207451.07298889034,0
MCI,D,20060317,000000,3.85925,4.02784,3.85925,3.93914,572004.2358351501,0
MCI,D,20060320,000000,3.86815,3.93914,3.85045,3.85925,133002.69690752667,0
MCI,D,20060321,000000,3.90364,3.90364,3.77945,3.81495,86385.71593863795,0
MCI,D,20060322,000000,3.77945,3.85045,3.77056,3.81495,70627.14954589406,0
MCI,D,20060323,000000,3.90364,3.90364,3.85045,3.85925,122757.31552776216,0
MCI,D,20060324,000000,3.90364,4.02784,3.87704,3.91254,334368.8879759978,0
MCI,D,20060327,000000,3.94803,3.99234,3.93024,3.94803,149678.8423443888,0
MCI,D,20060328,000000,3.96573,4.01013,3.90364,3.91254,176342.60986170734,0
MCI,D,20060329,000000,3.93024,3.93914,3.84155,3.90364,111407.09407446752,0
MCI,D,20060330,000000,3.99234,4.10772,3.95684,3.98353,367851.1600348433,0
MCI,D,20060331,000000,4.04562,4.04562,3.90364,3.93024,211289.92409183405,0
MCI,D,20060403,000000,3.94803,4.01013,3.84155,3.98353,236281.56077005115,0
MCI,D,20060404,000000,3.99234,4.21412,3.98353,4.14322,515297.18998736213,0
MCI,D,20060405,000000,4.18752,4.30291,4.18752,4.18752,613388.9233351772,0
MCI,D,20060406,000000,4.22301,4.22301,4.05443,4.10772,197712.39792400508,0
MCI,D,20060407,000000,4.08993,4.2408,4.08113,4.18752,254090.08466712164,0
MCI,D,20060410,000000,4.2674,4.3827,4.2674,4.3739,627836.662522038,0
MCI,D,20060411,000000,4.41819,4.87955,4.4093,4.79086,1844901.1694432513,0
MCI,D,20060412,000000,4.52469,5.01264,4.52469,4.65777,1207766.4460431796,0
MCI,D,20060413,000000,4.79086,4.96825,4.70208,4.83516,507533.5680150387,0
MCI,D,20060418,000000,4.96825,4.96825,4.70208,4.70208,297763.7628678423,0
MCI,D,20060419,000000,4.79086,4.79086,4.4803,4.56908,510449.3323965285,0
MCI,D,20060420,000000,4.65777,4.96825,4.56908,4.87955,619153.2584346621,0
MCI,D,20060421,000000,4.96825,5.32311,4.92394,5.19003,1208637.7605976784,0
MCI,D,20060424,000000,5.14573,5.5006,5.05704,5.32311,678722.0934260506,0
MCI,D,20060425,000000,5.4119,5.4119,5.14573,5.23442,185588.89857278607,0
MCI,D,20060426,000000,5.27882,5.27882,5.10133,5.14573,177053.1002380054,0
MCI,D,20060427,000000,5.14573,5.19003,4.87955,5.01264,320583.17160488147,0
MCI,D,20060428,000000,5.01264,5.27882,4.92394,5.23442,184268.1575476987,0
MCI,D,20060502,000000,5.23442,5.67799,5.19003,5.63368,298591.01600365597,0
MCI,D,20060504,000000,5.89985,6.38781,5.67799,6.21034,780573.3673231762,0
MCI,D,20060505,000000,6.29903,6.29903,5.89985,6.07724,394752.85921306163,0
MCI,D,20060508,000000,6.07724,6.43212,5.89985,6.29903,420743.5885599645,0
MCI,D,20060509,000000,6.60959,6.74268,6.29903,6.29903,569454.181228747,0
MCI,D,20060510,000000,6.29903,6.34342,5.89985,6.07724,306409.7147493359,0
MCI,D,20060511,000000,6.07724,6.12164,5.94416,6.03295,299977.8491567711,0
MCI,D,20060512,000000,5.94416,6.07724,5.81107,6.07724,209405.19690757678,0
MCI,D,20060515,000000,5.98855,5.98855,5.36751,5.54499,955627.1806883429,0
MCI,D,20060516,000000,5.32311,5.67799,5.23442,5.67799,610152.612132753,0
MCI,D,20060517,000000,5.67799,5.67799,5.27882,5.36751,391801.84569662367,0
MCI,D,20060518,000000,5.32311,5.45621,5.14573,5.23442,438005.75086533907,0
MCI,D,20060519,000000,5.32311,5.5006,5.32311,5.4119,479207.58347782283,0
MCI,D,20060522,000000,5.4119,5.45621,4.83516,4.87955,467803.38678663893,0
MCI,D,20060523,000000,4.79086,4.87955,3.99234,4.79086,1145816.0913718587,0
MCI,D,20060524,000000,4.87955,5.01264,4.4803,4.70208,439038.9911335059,0
MCI,D,20060525,000000,4.79086,4.83516,4.25851,4.65777,398391.2308609879,0
MCI,D,20060526,000000,4.79086,5.01264,4.79086,4.96825,424983.39857294306,0
MCI,D,20060529,000000,5.10133,5.36751,5.01264,5.10133,391331.49005215976,0
MCI,D,20060530,000000,5.05704,5.05704,4.87955,4.96825,230798.1172146842,0
MCI,D,20060531,000000,4.70208,4.96825,4.65777,4.87955,100614.24956754003,0
MCI,D,20060601,000000,5.05704,5.27882,5.01264,5.23442,364813.12521650223,0
MCI,D,20060602,000000,5.4119,5.5006,5.27882,5.36751,432242.5173013215,0
MCI,D,20060605,000000,5.4119,5.45621,5.23442,5.32311,225866.5429283488,0
MCI,D,20060606,000000,5.10133,5.36751,5.10133,5.23442,271896.40549325786,0
MCI,D,20060607,000000,5.32311,5.36751,5.19003,5.27882,116358.49599921124,0
MCI,D,20060608,000000,5.23442,5.23442,4.96825,5.10133,163189.17484872293,0
MCI,D,20060609,000000,5.14573,5.19003,4.87955,4.92394,153484.64738331863,0
MCI,D,20060612,000000,4.87955,4.96825,4.2674,4.32061,492840.1864190083,0
MCI,D,20060613,000000,4.09883,4.09883,3.54878,4.03673,800290.8521847809,0
MCI,D,20060614,000000,3.98353,4.03673,3.72617,4.03673,266343.56520346185,0
MCI,D,20060616,000000,4.3916,4.42709,4.19641,4.21412,312002.2103159485,0
MCI,D,20060619,000000,4.17871,4.3827,4.17871,4.3561,153985.84602086223,0
MCI,D,20060620,000000,4.3295,4.4093,4.22301,4.28511,147736.8353158408,0
MCI,D,20060621,000000,4.2763,4.56908,4.2763,4.3916,279937.6144032978,0
MCI,D,20060622,000000,4.52469,4.56908,4.23191,4.24962,137299.78676479592,0
MCI,D,20060623,000000,4.25851,4.25851,3.94803,4.08993,184517.10456326976,0
MCI,D,20060626,000000,4.08993,4.13432,3.99234,4.04562,84277.37705455354,0
MCI,D,20060627,000000,4.03673,4.18752,4.03673,4.12542,184433.387867768,0
MCI,D,20060628,000000,4.12542,4.21412,4.02784,4.20531,145859.81887985344,0
MCI,D,20060629,000000,4.29401,4.3827,4.18752,4.24962,162645.01632796135,0
MCI,D,20060630,000000,4.43599,4.4803,4.3739,4.43599,324301.95534190815,0
MCI,D,20060703,000000,4.52469,4.65777,4.3916,4.52469,176804.15322243428,0
MCI,D,20060704,000000,4.74647,4.92394,4.65777,4.87955,556412.0012979427,0
MCI,D,20060705,000000,4.96825,5.01264,4.79086,4.87955,279239.2409171381,0
MCI,D,20060706,000000,4.83516,4.96825,4.79086,4.87955,112723.42895768637,0
MCI,D,20060707,000000,4.96825,4.96825,4.74647,4.79086,96596.94971892147,0
MCI,D,20060710,000000,4.4803,4.87955,4.4803,4.79086,239456.18598631618,0
MCI,D,20060711,000000,4.79086,4.87955,4.65777,4.74647,91175.19214971377,0
MCI,D,20060712,000000,4.83516,4.87955,4.65777,4.74647,120932.07125872982,0
MCI,D,20060713,000000,4.65777,4.70208,4.4803,4.56908,212769.28622418796,0
MCI,D,20060714,000000,4.4803,4.56908,4.3472,4.4803,130596.94344731746,0
MCI,D,20060717,000000,4.43599,4.43599,4.3739,4.43599,63687.47610298293,0
MCI,D,20060718,000000,4.43599,4.61338,4.40049,4.61338,47126.99189016931,0
MCI,D,20060719,000000,4.61338,4.61338,4.43599,4.56908,62999.016436027465,0
MCI,D,20060720,000000,4.61338,4.79086,4.56908,4.79086,135594.6098616806,0
MCI,D,20060721,000000,4.79086,4.87955,4.65777,4.87955,122246.20307101442,0
MCI,D,20060724,000000,4.87955,4.87955,4.74647,4.83516,50507.60423878745,0
MCI,D,20060725,000000,4.87955,4.92394,4.79086,4.87955,121179.9167388338,0
MCI,D,20060726,000000,4.87955,4.87955,4.74647,4.79086,73472.41565748763,0
MCI,D,20060727,000000,4.83516,5.14573,4.74647,5.10133,418403.927227783,0
MCI,D,20060728,000000,5.14573,5.14573,5.01264,5.10133,115316.44344730745,0
MCI,D,20060731,000000,5.14573,5.27882,5.10133,5.19003,201302.30201137767,0
MCI,D,20060801,000000,5.23442,5.23442,4.87955,4.87955,180452.43868956467,0
MCI,D,20060802,000000,4.87955,4.96825,4.61338,4.79086,218861.87889287705,0
MCI,D,20060803,000000,4.83516,4.87955,4.70208,4.79086,290835.10477960244,0
MCI,D,20060804,000000,4.79086,4.96825,4.70208,4.96825,118199.16176478338,0
MCI,D,20060807,000000,4.92394,4.92394,4.74647,4.83516,92611.59439884966,0
MCI,D,20060808,000000,4.87955,5.14573,4.83516,5.01264,268773.5524439479,0
MCI,D,20060809,000000,5.10133,5.14573,5.01264,5.05704,113723.62316183928,0
MCI,D,20060810,000000,5.01264,5.05704,4.92394,5.01264,74927.5440095647,0
MCI,D,20060811,000000,5.10133,5.27882,4.96825,4.96825,330535.54455038975,0
MCI,D,20060814,000000,5.01264,5.10133,4.96825,5.01264,91887.88559694606,0
MCI,D,20060816,000000,5.10133,5.23442,5.01264,5.14573,161938.9320935318,0
MCI,D,20060817,000000,5.14573,5.14573,5.01264,5.05704,134518.40971029582,0
MCI,D,20060818,000000,5.01264,5.05704,4.92394,5.05704,95008.53557532182,0
MCI,D,20060821,000000,5.05704,5.14573,4.92394,4.96825,97611.46388414706,0
MCI,D,20060822,000000,5.10133,5.23442,5.01264,5.01264,198428.39597763878,0
MCI,D,20060823,000000,5.05704,5.10133,5.01264,5.01264,121542.32190751914,0
MCI,D,20060824,000000,5.10133,5.14573,5.01264,5.10133,140054.72696808493,0
MCI,D,20060825,000000,5.14573,5.19003,5.01264,5.10133,126911.20577430468,0
MCI,D,20060828,000000,5.10133,5.10133,4.96825,5.05704,83015.01740922398,0
MCI,D,20060829,000000,5.01264,5.10133,4.96825,5.05704,105236.29238761227,0
MCI,D,20060830,000000,5.05704,5.14573,4.96825,5.01264,87089.59710213322,0
MCI,D,20060831,000000,5.27882,5.4119,5.19003,5.27882,647223.686743504,0
MCI,D,20060901,000000,5.4119,5.71348,5.4119,5.65138,727110.3434260823,0
MCI,D,20060904,000000,5.74898,6.03295,5.70467,5.94416,428758.36061879323,0
MCI,D,20060905,000000,6.03295,6.03295,5.69577,5.76677,299537.23496991955,0
MCI,D,20060906,000000,5.81107,5.81107,5.61589,5.70467,186625.44344735422,0
MCI,D,20060907,000000,5.70467,5.70467,5.5272,5.57159,122618.52205890394,0
MCI,D,20060908,000000,5.58929,5.75787,5.56269,5.74017,139535.90376306727,0
MCI,D,20060911,000000,5.78447,5.97076,5.76677,5.97076,249439.40192490406,0
MCI,D,20060912,000000,5.98855,5.98855,5.81107,5.89985,90030.696799367,0
MCI,D,20060913,000000,5.87316,5.87316,5.72238,5.83776,107053.8259083747,0
MCI,D,20060914,000000,5.81997,5.81997,5.72238,5.72238,91992.53146632329,0
MCI,D,20060915,000000,5.67799,5.69577,5.56269,5.66028,135203.56477084992,0
MCI,D,20060918,000000,5.66028,5.69577,5.4119,5.63368,165115.7603807311,0
MCI,D,20060919,000000,5.60708,5.60708,5.4385,5.5183,110630.51157014174,0
MCI,D,20060920,000000,5.4917,5.4917,5.14573,5.3764,233592.71269478984,0
MCI,D,20060921,000000,5.32311,5.4119,5.19003,5.28762,126056.41425181276,0
MCI,D,20060922,000000,5.23442,5.32311,5.14573,5.32311,130909.77951998202,0
MCI,D,20060925,000000,5.36751,5.5183,5.36751,5.50949,90079.16435992066,0
MCI,D,20060926,000000,5.58929,5.80227,5.56269,5.72238,347683.147167183,0
MCI,D,20060927,000000,5.71348,5.71348,5.32311,5.403,249774.26870691119,0
MCI,D,20060928,000000,5.58929,5.75787,5.45621,5.45621,244187.28081763416,0
MCI,D,20060929,000000,5.54499,5.63368,5.36751,5.4119,197602.24437729223,0
MCI,D,20061002,000000,5.45621,5.45621,5.34981,5.4119,74480.32060991043,0
MCI,D,20061003,000000,5.4119,5.4119,5.20782,5.36751,123583.46712810872,0
MCI,D,20061004,000000,5.4119,5.4119,5.27882,5.34981,110459.77357273678,0
MCI,D,20061005,000000,5.36751,5.45621,5.31431,5.35861,104650.27551909977,0
MCI,D,20061006,000000,5.36751,5.38521,5.23442,5.36751,109416.61948536587,0
MCI,D,20061009,000000,5.3941,5.5272,5.34091,5.5183,103252.42701131338,0
MCI,D,20061010,000000,5.54499,5.64258,5.47399,5.4828,91566.23724054448,0
MCI,D,20061011,000000,5.54499,5.54499,5.403,5.47399,49565.79141439237,0
MCI,D,20061012,000000,5.5006,5.5183,5.45621,5.5006,107141.948745745,0
MCI,D,20061013,000000,5.54499,5.64258,5.53609,5.58929,187684.01903126494,0
MCI,D,20061016,000000,5.59819,5.75787,5.57159,5.58929,191382.97512988327,0
MCI,D,20061017,000000,5.57159,5.57159,5.4119,5.47399,117328.94874575167,0
MCI,D,20061018,000000,5.4828,5.5183,5.44739,5.46509,50654.10845591557,0
MCI,D,20061019,000000,5.46509,5.5183,5.4119,5.4828,100116.35553639782,0
MCI,D,20061020,000000,5.46509,5.4828,5.4119,5.44739,73685.01200264346,0
MCI,D,20061023,000000,5.4119,5.5006,5.4119,5.4119,103027.71377601911,0
MCI,D,20061024,000000,5.44739,5.44739,5.34091,5.4207,147199.28600788198,0
MCI,D,20061025,000000,5.4207,5.47399,5.34981,5.38521,160390.17322674877,0
MCI,D,20061026,000000,5.4119,5.45621,5.36751,5.4207,142588.25854248105,0
MCI,D,20061027,000000,5.44739,5.57159,5.36751,5.4296,106924.94625872064,0
MCI,D,20061030,000000,5.4119,5.5006,5.4119,5.4917,59568.83499138854,0
MCI,D,20061031,000000,5.5006,5.74898,5.5006,5.74017,230957.8398574179,0
MCI,D,20061102,000000,5.75787,6.03295,5.69577,5.89096,619375.7685990221,0
MCI,D,20061103,000000,5.89985,5.98855,5.76677,5.98855,170839.33866793208,0
MCI,D,20061106,000000,6.03295,6.18373,5.98855,6.18373,334627.7488107731,0
MCI,D,20061107,000000,6.21034,6.27243,6.03295,6.05954,296619.26751749555,0
MCI,D,20061108,000000,6.08614,6.11274,5.81997,6.09504,140019.4778331368,0
MCI,D,20061109,000000,6.12164,6.5209,6.12164,6.43212,659266.7740056226,0
MCI,D,20061110,000000,7.14185,7.49681,6.92896,7.09755,2551007.4345821226,0
MCI,D,20061113,000000,6.92007,7.06205,6.78698,6.93786,540317.4665877245,0
MCI,D,20061114,000000,7.27494,7.43462,6.93786,6.93786,869114.7881709852,0
MCI,D,20061115,000000,7.01766,7.01766,6.5209,6.5918,462963.23994407523,0
MCI,D,20061116,000000,6.58299,7.06205,6.5386,6.77818,296569.6984214747,0
MCI,D,20061117,000000,6.80478,6.80478,6.62729,6.69829,121790.1673876231,0
MCI,D,20061120,000000,6.69829,6.90236,6.6539,6.80478,137717.2687068377,0
MCI,D,20061121,000000,6.91126,6.91126,6.72489,6.76928,175205.82525963045,0
MCI,D,20061122,000000,6.86687,6.86687,6.61849,6.68058,257744.97934705482,0
MCI,D,20061123,000000,6.6539,6.93786,6.5475,6.83137,307469.3918687137,0
MCI,D,20061124,000000,6.82248,6.83137,6.67168,6.72489,102975.94160906407,0
MCI,D,20061127,000000,6.68058,6.74268,6.5918,6.61849,115610.55341703082,0
MCI,D,20061128,000000,6.5652,6.61849,6.38781,6.61849,212264.78298024298,0
MCI,D,20061129,000000,6.61849,6.84027,6.5652,6.67168,152908.5443340103,0
MCI,D,20061130,000000,6.66279,6.67168,6.5209,6.5563,254214.55817490717,0
MCI,D,20061201,000000,6.81367,6.82248,6.66279,6.69829,271449.1820936036,0
MCI,D,20061204,000000,6.71608,6.83137,6.68058,6.72489,111006.13516443265,0
MCI,D,20061205,000000,6.74268,6.77818,6.512,6.60959,137254.62381064362,0
MCI,D,20061206,000000,7.26613,7.47012,7.02656,7.18625,1590222.8648366828,0
MCI,D,20061207,000000,7.47012,7.50561,7.31933,7.38142,785439.951016951,0
MCI,D,20061208,000000,7.42581,7.42581,7.23064,7.35482,168032.62629768802,0
MCI,D,20061211,000000,7.45242,7.45242,7.19514,7.27494,197809.3330451124,0
MCI,D,20061212,000000,7.27494,7.27494,7.15074,7.15074,152080.18966272948,0
MCI,D,20061213,000000,7.13304,7.18625,7.08865,7.16854,115807.72826564687,0
MCI,D,20061214,000000,7.18625,7.23064,6.94667,7.02656,185043.63851655732,0
MCI,D,20061215,000000,7.05315,7.23064,6.38781,6.98216,367558.151600587,0
MCI,D,20061218,000000,6.94667,7.25724,6.92007,7.23064,221655.37283751558,0
MCI,D,20061219,000000,7.28383,7.36372,6.92007,6.96446,215625.56769045282,0
MCI,D,20061220,000000,6.92007,7.09755,6.5652,6.74268,165782.189338344,0
MCI,D,20061221,000000,6.74268,7.09755,6.5741,7.09755,205371.37402695126,0
MCI,D,20061222,000000,7.18625,7.36372,7.09755,7.15964,189711.94582624896,0
MCI,D,20061227,000000,7.27494,7.45242,7.21284,7.40803,274772.51459793106,0
MCI,D,20061228,000000,7.43462,7.43462,7.23064,7.24834,128293.63278555125,0
MCI,D,20061229,000000,7.31933,7.31933,7.15964,7.23064,96950.5426038698,0
MCI,D,20070102,000000,7.23944,7.31933,7.23064,7.27494,79875.64132790704,0
MCI,D,20070103,000000,7.30163,7.30163,7.10644,7.18625,96164.04628033988,0
MCI,D,20070104,000000,7.14185,7.14185,6.99106,7.13304,133286.89305804588,0
MCI,D,20070105,000000,6.92007,7.07975,6.74268,6.87576,200053.16079165367,0
MCI,D,20070108,000000,6.86687,6.95557,6.76038,6.87576,54584.38700263095,0
MCI,D,20070109,000000,6.87576,6.99106,6.84907,6.91126,70314.31347322949,0
MCI,D,20070110,000000,6.91126,6.91126,6.81367,6.83137,64792.31617651308,0
MCI,D,20070111,000000,6.84027,6.92896,6.83137,6.92896,99791.40257359484,0
MCI,D,20070112,000000,7.27494,7.42581,7.15964,7.17735,458453.55374165013,0
MCI,D,20070115,000000,7.32823,7.34593,7.20403,7.31043,238443.87489202488,0
MCI,D,20070116,000000,7.32823,7.89598,7.23064,7.69199,720166.2638413026,0
MCI,D,20070117,000000,7.71859,8.05566,7.69199,7.95807,635860.2468646037,0
MCI,D,20070118,000000,8.02017,8.20655,7.71859,7.86938,533075.9724268202,0
MCI,D,20070119,000000,7.86938,7.86938,7.6387,7.78958,144997.31660909162,0
MCI,D,20070122,000000,7.78069,7.94927,7.65649,7.6831,176231.35477952732,0
MCI,D,20070123,000000,7.7008,7.78958,7.55001,7.78958,140539.40257362157,0
MCI,D,20070124,000000,7.83388,7.85168,7.71859,7.82498,140810.38029853522,0
MCI,D,20070125,000000,7.81618,8.04686,7.80728,7.85168,244776.60229254805,0
MCI,D,20070126,000000,7.5855,7.87827,7.5855,7.78069,156895.00118954925,0
MCI,D,20070129,000000,7.7274,7.89598,7.71859,7.71859,97051.88386684564,0
MCI,D,20070130,000000,7.80728,7.85168,7.65649,7.80728,61998.82223187456,0
MCI,D,20070131,000000,7.85168,7.95807,7.76289,7.88717,112119.78752169982,0
MCI,D,20070201,000000,7.89598,8.05566,7.87827,8.05566,302056.446583243,0
MCI,D,20070202,000000,8.14445,8.55251,8.14445,8.29524,500994.85348216246,0
MCI,D,20070205,000000,8.50812,8.78319,8.47272,8.69423,371802.3677554341,0
MCI,D,20070206,000000,8.82768,9.44863,8.79227,9.22712,533328.2240487926,0
MCI,D,20070207,000000,9.53757,9.53757,8.89849,9.10275,382895.9314448877,0
MCI,D,20070208,000000,9.30701,9.30701,8.53481,8.60572,405304.4674526879,0
MCI,D,20070209,000000,8.51702,8.98745,8.51702,8.86308,237043.82331330422,0
MCI,D,20070212,000000,8.854,9.27069,8.64974,9.0047,238691.72037212885,0
MCI,D,20070213,000000,8.96022,9.21804,8.84493,9.15541,102327.13721892523,0
MCI,D,20070214,000000,9.45771,10.1676,9.45771,9.9361,597470.6342996997,0
MCI,D,20070215,000000,10.1141,10.1758,9.7682,9.90976,263198.68144480925,0
MCI,D,20070216,000000,9.99874,10.1231,9.7591,9.9361,238284.15224929122,0
MCI,D,20070219,000000,9.89252,10.824,9.89252,10.8149,333824.72945523623,0
MCI,D,20070220,000000,10.8503,11.6047,10.726,11.4177,391235.6564665195,0
MCI,D,20070221,000000,11.7999,13.3078,11.6846,11.9325,1331149.4337162708,0
MCI,D,20070222,000000,11.9951,12.7314,11.6492,12.3055,542038.0649873797,0
MCI,D,20070223,000000,12.3501,13.3078,12.3501,13.1216,563963.0269251103,0
MCI,D,20070226,000000,13.3078,13.3078,12.8638,13.0154,227701.70101658528,0
MCI,D,20070227,000000,12.252,12.5978,11.2225,11.8444,668840.2187504385,0
MCI,D,20070228,000000,11.001,12.4208,11.001,11.7109,764930.4621544809,0
MCI,D,20070301,000000,11.7109,11.9769,10.7886,11.1345,588276.117755576,0
MCI,D,20070302,000000,11.3651,11.5157,11.0455,11.356,235343.05255205743,0
MCI,D,20070305,000000,10.7087,10.9121,10.3356,10.8685,663052.7514061441,0
MCI,D,20070306,000000,11.0455,11.2942,10.8685,11.2942,305173.7919552174,0
MCI,D,20070307,000000,11.7109,12.1276,11.5421,11.6664,529415.5700695512,0
MCI,D,20070308,000000,11.8444,12.2166,11.8444,12.2166,363074.90224937303,0
MCI,D,20070309,000000,12.163,12.4208,11.9769,12.2429,199792.09688594413,0
MCI,D,20070312,000000,12.3501,12.4735,12.1549,12.2874,289170.68468877097,0
MCI,D,20070313,000000,12.1549,12.3228,11.9769,12.2702,216214.8891653667,0
MCI,D,20070314,000000,11.5774,12.2347,11.5774,12.2347,193405.3942475317,0
MCI,D,20070315,000000,12.3055,12.5806,12.252,12.3582,135681.63116358378,0
MCI,D,20070316,000000,12.4208,12.4563,12.1549,12.4117,116730.81498710076,0
MCI,D,20070319,000000,12.4826,13.5738,12.4208,13.5738,420734.77627622744,0
MCI,D,20070320,000000,14.0177,14.6387,13.8398,14.408,583042.7227512473,0
MCI,D,20070321,000000,14.5497,14.5497,14.0794,14.3727,206062.036764841,0
MCI,D,20070322,000000,14.4171,15.3931,14.4171,14.8429,315437.8994379231,0
MCI,D,20070323,000000,14.8429,15.2151,14.6387,14.8602,65007.115592603186,0
MCI,D,20070326,000000,15.1262,15.1706,14.6387,14.6831,146538.36472760473,0
MCI,D,20070327,000000,14.9492,15.0735,14.0531,14.1149,176503.4340399081,0
MCI,D,20070328,000000,13.9641,15.0826,13.3168,14.6387,298906.05514725484,0
MCI,D,20070329,000000,14.9492,14.9492,14.4254,14.5942,164975.86537640574,0
MCI,D,20070330,000000,14.6296,14.6296,14.124,14.1947,141588.06433832814,0
MCI,D,20070402,000000,13.9115,14.6387,13.7518,14.577,116294.60694211778,0
MCI,D,20070403,000000,14.5497,15.0826,14.2928,14.7276,131906.66911773355,0
MCI,D,20070404,000000,15.0826,15.3486,14.8248,15.0826,276999.8193124653,0
MCI,D,20070405,000000,15.3486,15.3486,14.8248,14.8602,107919.63278553789,0
MCI,D,20070410,000000,14.9046,15.6945,14.8783,15.65,288432.6559257947,0
MCI,D,20070411,000000,15.8097,15.8188,15.2687,15.3041,134610.93868953464,0
MCI,D,20070412,000000,14.9673,15.0554,14.4171,14.6387,186167.20469302865,0
MCI,D,20070413,000000,14.665,15.1706,14.6387,14.7276,122002.76373277896,0
MCI,D,20070416,000000,14.9046,15.0826,14.7276,14.7449,103372.49437723043,0
MCI,D,20070417,000000,14.665,14.9936,13.7518,14.8783,110368.34612896512,0
MCI,D,20070418,000000,14.9046,14.9582,14.1947,14.6205,167957.72188592327,0
MCI,D,20070419,000000,14.1947,14.6205,14.0177,14.6205,118185.94333917784,0
MCI,D,20070420,000000,14.5052,15.0826,14.1503,15.0554,254076.86624151608,0
MCI,D,20070423,000000,15.0826,15.2506,14.6387,15.0554,228651.22458925028,0
MCI,D,20070424,000000,14.9936,15.0826,14.7358,15.0826,166795.60196810245,0
MCI,D,20070425,000000,14.9046,15.206,14.9046,15.0826,65652.61537634063,0
MCI,D,20070426,000000,15.2332,15.4284,15.0998,15.4194,116880.62381063028,0
MCI,D,20070427,000000,15.0826,15.4284,15.0826,15.4284,110306.6601428059,0
MCI,D,20070430,000000,15.4375,16.9718,15.2596,16.6795,197071.30428213615,0
MCI,D,20070502,000000,16.7675,17.1143,16.5905,16.8565,68600.32428637716,0
MCI,D,20070504,000000,16.8565,17.5664,16.8565,17.3622,122784.85391444038,0
MCI,D,20070507,000000,17.5219,18.3208,16.9454,18.2318,185031.5216264189,0
MCI,D,20070508,000000,18.2491,19.0298,17.4774,17.4774,179950.138516554,0
MCI,D,20070509,000000,17.4865,18.5423,17.4774,18.0902,177320.77335651766,0
MCI,D,20070510,000000,18.5423,19.1369,18.063,18.6313,193304.0529845558,0
MCI,D,20070511,000000,17.4774,19.1633,17.1315,19.0743,159196.1087803812,0
MCI,D,20070514,000000,21.4964,21.4964,20.3171,20.929,308468.4845373995,0
MCI,D,20070515,000000,20.8491,20.8491,20.1219,20.4052,149044.35791532265,0
MCI,D,20070516,000000,20.2281,21.0261,19.9703,20.4941,134551.45577430967,0
MCI,D,20070517,000000,20.8936,21.3811,20.5831,20.6712,232308.32234011774,0
MCI,D,20070518,000000,21.2567,21.5854,21.0352,21.5763,409539.87132379797,0
MCI,D,20070521,000000,21.6561,24.2208,21.6561,24.2208,1120198.7825483123,0
MCI,D,20070522,000000,25.5071,26.483,22.9607,22.978,1705712.2493523296,0
MCI,D,20070523,000000,23.0669,23.9457,22.002,22.8009,406526.07028573373,0
MCI,D,20070524,000000,22.1799,23.8567,21.736,23.8476,372905.00475802994,0
MCI,D,20070525,000000,23.262,24.7346,23.2448,24.3887,305164.9796714804,0
MCI,D,20070528,000000,24.8417,26.1726,24.7972,26.0836,512487.1730107167,0
MCI,D,20070529,000000,26.4386,26.4649,25.1966,25.6841,327717.81682547444,0
MCI,D,20070530,000000,25.0187,25.6841,24.8853,25.1785,137398.9249568375,0
MCI,D,20070531,000000,26.1635,26.1635,25.0187,25.7287,212931.21193785587,0
MCI,D,20070601,000000,25.7287,25.9501,25.4626,25.8176,173458.79000876428,0
MCI,D,20070604,000000,26.0745,26.3496,25.5335,26.1726,353135.7477294703,0
MCI,D,20070605,000000,26.7935,26.9887,25.6397,26.3496,408671.8613757005,0
MCI,D,20070606,000000,27.0595,27.281,25.9946,26.5266,212264.78298024298,0
MCI,D,20070608,000000,25.7287,26.2606,25.2938,26.2606,394929.10488780227,0
MCI,D,20070611,000000,26.8815,26.9614,26.3051,26.6156,215795.20415239062,0
MCI,D,20070612,000000,26.6156,26.6156,25.8176,26.0836,70826.52746544436,0
MCI,D,20070613,000000,25.7822,25.9057,25.3029,25.4626,122896.10899662037,0
MCI,D,20070614,000000,25.2848,25.3736,24.1318,24.6637,303040.117755389,0
MCI,D,20070615,000000,23.9983,24.3978,23.5109,24.3887,382315.4222537109,0
MCI,D,20070618,000000,24.3796,24.3978,23.7677,24.327,149993.88148798764,0
MCI,D,20070619,000000,24.4867,27.0595,24.4867,27.0595,594921.6812287638,0
MCI,D,20070620,000000,27.5025,29.7212,27.5025,28.2569,526595.6392737017,0
MCI,D,20070621,000000,28.6119,28.6119,27.0686,28.2478,204396.5151385423,0
MCI,D,20070622,000000,28.2751,28.984,28.2751,28.8334,139458.79628036826,0
MCI,D,20070625,000000,28.9668,30.3867,28.443,30.3867,166963.03535910603,0
MCI,D,20070626,000000,30.7771,31.7611,29.9963,31.486,209718.03298024132,0
MCI,D,20070627,000000,31.8328,33.358,31.5841,32.6925,449411.04909199016,0
MCI,D,20070628,000000,33.447,33.7129,31.939,33.092,236793.774762266,0
MCI,D,20070629,000000,33.6249,33.6603,32.028,33.27,136656.49005199273,0
MCI,D,20070702,000000,32.56,32.9504,31.6731,32.9504,154450.69398799055,0
MCI,D,20070703,000000,32.3821,32.8169,32.2141,32.294,57350.342560591234,0
MCI,D,20070704,000000,32.2496,32.2496,31.2292,31.664,150508.29855113677,0
MCI,D,20070705,000000,31.7611,33.5359,31.7611,32.826,218471.9353375135,0
MCI,D,20070706,000000,33.1546,33.5177,32.8705,33.3943,89668.29163068163,0
MCI,D,20070709,000000,33.7129,33.7129,33.27,33.27,81820.95296285642,0
MCI,D,20070710,000000,33.7048,33.7048,32.205,32.6489,97542.06714971794,0
MCI,D,20070711,000000,32.5155,32.5155,31.7167,31.939,153101.3130407578,0
MCI,D,20070712,000000,32.3739,32.3739,30.3422,31.2292,129127.49513416772,0
MCI,D,20070713,000000,32.107,32.107,30.6527,30.8833,69928.77605973443,0
MCI,D,20070716,000000,30.7852,30.7852,28.0445,29.1085,323384.3762977899,0
MCI,D,20070717,000000,27.9555,30.0226,26.9261,30.0226,533989.1453290699,0
MCI,D,20070718,000000,30.2886,30.2886,28.5674,28.9224,138380.39305804923,0
MCI,D,20070719,000000,29.4107,29.7476,29.1003,29.4107,74309.58261250547,0
MCI,D,20070720,000000,29.4543,30.6082,29.0113,29.7212,77101.97502167686,0
MCI,D,20070723,000000,29.7212,29.8982,29.0204,29.1003,52745.92430799306,0
MCI,D,20070724,000000,29.2773,29.2773,27.37,27.8575,136578.28103382658,0
MCI,D,20070725,000000,26.8371,27.006,26.2788,26.6156,423266.10477968934,0
MCI,D,20070726,000000,26.6156,27.104,22.8898,24.2824,563148.9922149022,0
MCI,D,20070727,000000,23.2004,23.7323,22.2689,23.4572,492004.12099945755,0
MCI,D,20070730,000000,25.7287,27.5025,25.2848,27.5025,668351.1370030334,0
MCI,D,20070731,000000,28.6564,30.6971,28.4784,28.6564,475479.98745705915,0
MCI,D,20070801,000000,27.0686,27.9111,26.6156,26.8815,306489.02530296915,0
MCI,D,20070802,000000,28.1679,28.7889,27.2365,27.5025,166193.06206758303,0
MCI,D,20070803,000000,28.1243,28.1598,25.9057,26.2606,181067.09548022255,0
MCI,D,20070806,000000,25.1249,25.5507,24.4867,24.9923,358686.3849483321,0
MCI,D,20070807,000000,25.1431,25.8975,23.5109,24.3887,289410.819420605,0
MCI,D,20070808,000000,24.6728,25.1694,24.0428,24.4867,181459.2421065204,0
MCI,D,20070809,000000,24.5748,24.8326,22.4905,22.7119,348139.1828505743,0
MCI,D,20070810,000000,21.47,21.736,18.8973,19.4647,1055389.9433397923,0
MCI,D,20070813,000000,20.565,21.5236,19.8641,21.5145,758465.5504979022,0
MCI,D,20070814,000000,21.0261,21.914,20.6357,20.6357,314814.43036352826,0
MCI,D,20070816,000000,18.3289,18.8083,16.6258,17.8323,1350362.4153339304,0
MCI,D,20070817,000000,17.4774,20.4052,16.5015,19.7751,886320.7721675362,0
MCI,D,20070820,000000,21.559,21.559,19.9621,20.4142,529628.1664147072,0
MCI,D,20070821,000000,20.3879,20.6094,18.8083,19.7933,381350.47718450613,0
MCI,D,20070822,000000,20.1391,22.6229,20.1391,22.6229,639194.5947236025,0
MCI,D,20070823,000000,23.4219,23.9538,22.6229,23.3238,517597.1960427269,0
MCI,D,20070824,000000,22.5349,25.1077,22.091,25.1077,455022.27076154406,0
MCI,D,20070827,000000,25.5507,26.5266,24.6728,24.6819,426994.80233592016,0
MCI,D,20070828,000000,23.7768,25.2848,23.5553,23.6706,351837.0374137256,0
MCI,D,20070829,000000,22.1799,24.8326,22.1445,24.4867,865893.8984651007,0
MCI,D,20070830,000000,26.4295,26.4386,24.0872,24.5666,699345.0404416351,0
MCI,D,20070831,000000,25.5507,25.9946,24.9125,25.5507,356079.0504976383,0
MCI,D,20070903,000000,25.8884,26.0745,25.2848,25.7287,137738.19788071315,0
MCI,D,20070904,000000,25.1966,25.9946,25.1077,25.6659,204073.76524667363,0
MCI,D,20070905,000000,25.7196,25.9856,24.5748,24.5748,307197.31260833296,0
MCI,D,20070906,000000,25.0187,25.3119,23.5109,24.1762,344997.6036983231,0
MCI,D,20070907,000000,24.3887,24.8417,22.7119,23.1558,227613.578179215,0
MCI,D,20070910,000000,22.3125,23.1731,21.293,22.3216,412233.12554092775,0
MCI,D,20070911,000000,23.0669,24.1409,22.9334,24.1409,369622.4290659863,0
MCI,D,20070912,000000,24.3088,24.8326,23.1558,24.1762,554407.2067477683,0
MCI,D,20070913,000000,24.0428,24.6992,23.6879,24.2643,213729.82515152422,0
MCI,D,20070914,000000,24.6284,24.7972,23.874,24.6637,250635.66944220586,0
MCI,D,20070917,000000,24.2208,24.5666,24.0519,24.1935,89440.27378898599,0
MCI,D,20070918,000000,24.1935,24.7083,23.9983,24.6193,107749.99632360006,0
MCI,D,20070919,000000,26.119,26.3849,25.6225,25.9057,459523.1446802321,0
MCI,D,20070920,000000,25.6841,25.8702,24.9388,25.0369,154695.2348616931,0
MCI,D,20070921,000000,24.8417,25.0986,24.4422,24.7264,143960.77173452344,0
MCI,D,20070924,000000,24.5748,24.5748,23.697,23.7323,302958.6041308215,0
MCI,D,20070925,000000,23.5109,23.5109,22.81,23.0578,256230.3680797528,0
MCI,D,20070926,000000,23.5109,23.5109,22.9071,23.0669,279141.2042605637,0
MCI,D,20070927,000000,23.3329,23.4219,22.8454,22.8454,139574.4575044168,0
MCI,D,20070928,000000,22.8454,22.978,22.2771,22.3125,136187.23594299587,0
MCI,D,20071001,000000,22.1799,22.6229,21.7451,22.4015,104200.84904851124,0
MCI,D,20071002,000000,22.8009,22.8009,22.4015,22.4368,145222.02984438586,0
MCI,D,20071003,000000,22.4368,22.4368,21.6743,22.1799,137434.17409178562,0
MCI,D,20071004,000000,22.002,22.5258,21.825,22.2598,99622.86764712415,0
MCI,D,20071005,000000,22.4641,23.3157,22.1092,23.2802,114419.79357706464,0
MCI,D,20071008,000000,23.5553,24.1318,23.3329,23.8658,153682.9237674018,0
MCI,D,20071009,000000,23.9538,24.3533,23.874,24.1318,119470.33369384996,0
MCI,D,20071010,000000,24.2117,24.2117,23.6879,23.9983,118741.11721461074,0
MCI,D,20071011,000000,23.9538,24.2997,23.9538,24.2208,112454.65430370695,0
MCI,D,20071012,000000,23.9366,23.9538,23.519,23.7859,53084.09569640159,0
MCI,D,20071015,000000,23.8213,24.1671,23.7768,23.8658,67992.2767085221,0
MCI,D,20071016,000000,23.7323,23.7323,23.2448,23.4037,80763.47891441283,0
MCI,D,20071017,000000,23.0759,23.3329,22.9162,23.1114,41303.17387545961,0
MCI,D,20071018,000000,23.1558,23.1558,22.1799,22.6229,55945.88484000208,0
MCI,D,20071019,000000,22.3125,23.3329,22.3125,23.1114,62837.09072235954,0
MCI,D,20071022,000000,22.4278,22.7301,22.002,22.6229,186683.82482711202,0
MCI,D,20071023,000000,22.8009,23.4128,22.8009,23.2448,62169.560229279516,0
MCI,D,20071024,000000,23.4037,23.4128,22.8363,22.8363,43148.24578290027,0
MCI,D,20071025,000000,22.8009,22.8807,22.2689,22.6229,82686.75984001961,0
MCI,D,20071026,000000,22.4015,22.6229,22.1001,22.6229,102932.98172584605,0
MCI,D,20071029,000000,22.6229,22.8898,22.3569,22.4459,34841.56682528237,0
MCI,D,20071030,000000,22.2689,22.6229,22.1355,22.4459,47056.49362027307,0
MCI,D,20071031,000000,22.1445,22.5521,22.1445,22.4459,27384.171712820727,0
MCI,D,20071102,000000,22.002,22.6946,21.6389,22.6675,112368.73453727091,0
MCI,D,20071105,000000,22.5967,23.1558,22.4905,22.978,198848.0809906148,0
MCI,D,20071106,000000,23.0496,23.8213,22.7119,23.1913,497079.9964319868,0
MCI,D,20071107,000000,23.3238,23.5109,21.8694,22.091,207066.63711086244,0
MCI,D,20071108,000000,20.4941,22.3125,20.4941,21.825,149038.850237987,0
MCI,D,20071109,000000,21.9221,22.4368,21.2303,21.47,205800.9728591315,0
MCI,D,20071112,000000,21.0261,21.4519,20.8491,21.1151,488428.5368731576,0
MCI,D,20071113,000000,20.7601,21.3547,20.6802,21.293,185322.32698974092,0
MCI,D,20071114,000000,21.293,21.293,19.5273,19.6952,284372.3961939581,0
MCI,D,20071115,000000,19.3412,19.3412,16.5905,17.3095,379252.05211962585,0
MCI,D,20071116,000000,16.5905,17.6553,15.5256,17.3004,392832.8828938562,0
MCI,D,20071119,000000,17.5664,18.0103,16.5015,16.8474,180041.56596032565,0
MCI,D,20071120,000000,16.5905,16.8474,15.5347,16.014,285274.55374153657,0
MCI,D,20071121,000000,15.4375,15.9605,15.3749,15.6145,292133.8150953473,0
MCI,D,20071122,000000,15.3486,17.1143,15.1089,16.7675,289862.4489621278,0
MCI,D,20071123,000000,16.7675,17.54,16.6795,17.3004,137842.8437500904,0
MCI,D,20071126,000000,17.8505,18.0902,16.8565,17.4956,182576.19907018892,0
MCI,D,20071127,000000,16.8565,17.265,16.4661,17.167,155742.79509093257,0
MCI,D,20071128,000000,17.4774,18.2763,16.7766,18.2673,237073.56477091668,0
MCI,D,20071129,000000,18.7556,19.1542,18.6395,18.8973,253008.3768384012,0
MCI,D,20071130,000000,18.8973,19.7751,18.8973,19.7669,144422.3150952504,0
MCI,D,20071203,000000,19.8732,19.8732,18.6313,19.4292,60841.10845592225,0
MCI,D,20071204,000000,19.1187,19.6426,19.0035,19.4292,41938.7598399929,0
MCI,D,20071205,000000,19.5273,20.0947,19.5273,19.9177,55508.575259551966,0
MCI,D,20071206,000000,19.9621,20.0057,19.5182,19.8732,62748.967884989244,0
MCI,D,20071207,000000,20.0502,20.0774,19.7043,19.8732,63267.79109000688,0
MCI,D,20071210,000000,19.5182,19.8551,19.3139,19.5626,50634.28081750726,0
MCI,D,20071211,000000,19.5626,19.5626,18.8973,19.1278,83617.55730974341,0
MCI,D,20071212,000000,18.2582,19.0743,18.1074,19.0743,95340.09775092757,0
MCI,D,20071213,000000,18.3652,19.2967,18.3652,18.5423,106240.89273363368,0
MCI,D,20071214,000000,18.4625,18.5332,17.708,17.8769,220235.49362038664,0
MCI,D,20071217,000000,17.5664,17.5664,16.7058,16.812,271427.15138426103,0
MCI,D,20071218,000000,16.6522,16.9009,16.4216,16.8565,197799.41922590826,0
MCI,D,20071219,000000,16.6876,16.6876,16.1111,16.457,113122.18479678698,0
MCI,D,20071220,000000,16.2355,16.4752,15.6145,16.0049,196654.92387556148,0
MCI,D,20071221,000000,16.1384,16.8038,16.1384,16.4216,205741.48994390655,0
MCI,D,20071227,000000,16.6704,16.9545,16.4135,16.5015,94868.64057099647,0
MCI,D,20071228,000000,16.7321,16.7321,16.2619,16.457,43270.51621975156,0
MCI,D,20080102,000000,16.3862,16.5015,16.2536,16.3063,21617.63354240172,0
MCI,D,20080103,000000,15.9696,15.9696,15.1706,15.9696,60863.13916526482,0
MCI,D,20080104,000000,15.9696,15.9696,15.3486,15.3486,90423.94496113196,0
MCI,D,20080107,000000,14.9046,15.029,14.3727,14.6478,96248.86451130878,0
MCI,D,20080108,000000,14.4698,14.8602,14.0177,14.2837,96017.54206321175,0
MCI,D,20080109,000000,14.0177,14.0177,13.1216,13.2189,218933.47869824042,0
MCI,D,20080110,000000,13.2279,13.237,12.0396,12.4208,175897.5895329873,0
MCI,D,20080111,000000,12.3319,12.8638,11.9061,12.6868,220974.62391883,0
MCI,D,20080114,000000,12.4653,12.6424,12.0831,12.4299,116780.38408312156,0
MCI,D,20080115,000000,12.6868,12.9265,12.1812,12.2429,203326.9241999603,0
MCI,D,20080116,000000,11.5339,11.5339,10.735,11.1789,434805.79033333005,0
MCI,D,20080117,000000,11.5512,11.7999,10.8685,11.1345,187194.9372838598,0
MCI,D,20080118,000000,10.9038,11.5339,10.469,11.09,332964.43025540863,0
MCI,D,20080121,000000,10.735,10.8685,10.0877,10.0877,274901.3942475851,0
MCI,D,20080122,000000,8.98745,10.203,8.98745,9.9543,370213.95361183444,0
MCI,D,20080123,000000,10.203,10.646,9.7591,10.0342,179972.16922589656,0
MCI,D,20080124,000000,10.6551,10.8857,10.646,10.7886,338946.8693773849,0
MCI,D,20080125,000000,11.3469,11.5157,11.09,11.2316,224102.98464547566,0
MCI,D,20080128,000000,10.824,10.9565,10.7532,10.8948,93441.0506055976,0
MCI,D,20080129,000000,11.1699,11.356,11.1699,11.356,177096.0601212234,0
MCI,D,20080130,000000,11.3913,11.8798,11.3651,11.622,162586.63494820351,0
MCI,D,20080131,000000,11.6492,11.8444,11.454,11.5339,117495.28060128812,0
MCI,D,20080201,000000,11.7999,11.8444,11.7109,11.8444,121908.0316826059,0
MCI,D,20080204,000000,12.3146,13.0237,12.1985,12.6251,232700.46896641556,0
MCI,D,20080205,000000,12.3582,12.6515,11.986,12.1549,178777.00324406187,0
MCI,D,20080206,000000,11.7554,12.6333,11.4894,12.6333,180557.08455894192,0
MCI,D,20080207,000000,12.5271,12.8638,12.1367,12.6069,139977.61948538592,0
MCI,D,20080208,000000,12.6959,12.8203,12.4735,12.5362,50708.083693804874,0
MCI,D,20080211,000000,12.5978,12.616,12.4472,12.5453,49983.27335643416,0
MCI,D,20080212,000000,12.5715,13.0418,12.5715,13.0418,85985.85856407022,0
MCI,D,20080213,000000,13.0418,13.512,12.6868,13.4767,139056.73583486627,0
MCI,D,20080214,000000,14.1067,14.1775,13.4676,13.6628,181194.8735944095,0
MCI,D,20080215,000000,13.5738,13.5738,13.1834,13.3168,81265.77908742354,0
MCI,D,20080218,000000,13.2189,13.5647,13.2189,13.3078,77211.0270329226,0
MCI,D,20080219,000000,13.3523,13.3523,12.8911,13.237,83140.59245247666,0
MCI,D,20080220,000000,13.0863,13.1743,12.7839,12.9619,54073.27454588321,0
MCI,D,20080221,000000,13.4412,13.6628,13.3341,13.6628,253652.77508667152,0
MCI,D,20080222,000000,13.6537,13.9288,13.4857,13.5919,83923.7841696052,0
MCI,D,20080225,000000,13.6628,13.9115,13.5384,13.5647,77374.05428205765,0
MCI,D,20080226,000000,13.6628,13.7518,13.2189,13.3432,48941.22080453036,0
MCI,D,20080227,000000,13.5211,13.5211,12.6777,12.8638,100033.74037636317,0
MCI,D,20080228,000000,12.9528,12.9528,12.7758,12.7758,70063.16338672415,0
MCI,D,20080229,000000,12.7758,12.8638,12.6424,12.6515,64067.50583914235,0
MCI,D,20080303,000000,11.986,12.1812,11.7554,11.8798,101459.12727082777,0
MCI,D,20080304,000000,12.0396,12.0396,11.7999,11.8263,60301.35607702916,0
MCI,D,20080305,000000,11.8444,12.0659,11.8263,12.0659,41616.00994812418,0
MCI,D,20080306,000000,12.2166,12.2166,11.9061,12.0033,31257.170415245408,0
MCI,D,20080307,000000,11.8263,11.8798,11.729,11.7999,36489.46388410697,0
MCI,D,20080310,000000,11.7554,12.1458,11.7554,11.986,46875.841803663956,0
MCI,D,20080311,000000,12.1103,12.5806,11.9951,12.4299,57626.82796284056,0
MCI,D,20080312,000000,12.6251,12.8203,12.4653,12.616,54425.765895364406,0
MCI,D,20080313,000000,12.4299,12.5098,12.2429,12.3319,56138.653546749614,0
MCI,D,20080314,000000,12.2874,12.6069,12.2874,12.4208,17317.23907873108,0
MCI,D,20080317,000000,12.2429,12.2429,11.7645,11.9325,55975.62629761456,0
MCI,D,20080318,000000,11.9325,11.986,11.8879,11.9061,81608.35661770057,0
MCI,D,20080319,000000,11.7999,11.9678,11.7999,11.8798,27325.7903330629,0
MCI,D,20080320,000000,11.7999,12.1985,11.7999,11.9325,43771.71485729514,0
MCI,D,20080325,000000,12.1985,12.3319,12.0477,12.2429,35977.249891892105,0
MCI,D,20080326,000000,12.2702,12.3319,12.0477,12.1367,31774.89208479592,0
MCI,D,20080327,000000,12.2429,12.9528,12.1812,12.6687,93824.3849481584,0
MCI,D,20080328,000000,12.7314,12.9528,12.6069,12.8638,57583.86807962253,0
MCI,D,20080331,000000,12.8638,12.8729,12.518,12.8557,25316.589641020062,0
MCI,D,20080401,000000,12.8557,12.8638,12.5534,12.6868,40513.372945528296,0
MCI,D,20080402,000000,12.882,12.9084,12.7314,12.7758,98169.94236598133,0
MCI,D,20080403,000000,12.8638,12.8638,12.6777,12.6868,41461.794982726155,0
MCI,D,20080404,000000,12.6069,12.6069,12.341,12.4208,162185.67603816863,0
MCI,D,20080407,000000,12.3319,12.3319,12.1103,12.1812,155464.106617749,0
MCI,D,20080408,000000,12.2429,12.2429,12.0033,12.1549,15968.95966696549,0
MCI,D,20080409,000000,12.1458,12.1458,11.8879,11.9678,39572.66165660034,0
MCI,D,20080410,000000,11.8444,11.8444,11.7554,11.7645,37207.665008674914,0
MCI,D,20080411,000000,11.7817,12.0214,11.454,11.4894,187094.69755635105,0
MCI,D,20080414,000000,11.3115,11.3115,10.9565,11.09,43347.623702450575,0
MCI,D,20080415,000000,11.2498,11.2498,10.7795,10.9121,57721.56001301363,0
MCI,D,20080416,000000,10.824,10.824,10.203,10.5399,67459.13354243178,0
MCI,D,20080417,000000,10.5135,10.646,10.5135,10.5752,166536.7411333272,0
MCI,D,20080418,000000,10.6016,10.6016,10.5135,10.5135,55319.11115920583,0
MCI,D,20080421,000000,10.4781,10.4862,10.2911,10.3628,80811.94647496648,0
MCI,D,20080422,000000,10.3001,10.3001,9.89252,9.97249,113347.99956754838,0
MCI,D,20080423,000000,9.80354,10.0251,9.41322,9.99874,50432.69982702269,0
MCI,D,20080424,000000,10.0251,10.9656,9.9452,10.7968,76497.23205022317,0
MCI,D,20080425,000000,10.9656,11.8172,10.9656,11.7109,112975.68057965886,0
MCI,D,20080428,000000,11.8879,11.9415,10.8503,11.0809,129203.50108139959,0
MCI,D,20080429,000000,11.0455,11.0455,10.9565,10.9565,30417.8003892933,0
MCI,D,20080430,000000,11.001,11.001,10.7886,10.8503,24466.20426039667,0
MCI,D,20080505,000000,11.09,11.1699,11.0809,11.1345,18172.03060122299,0
MCI,D,20080506,000000,11.1345,11.1345,11.001,11.0455,27380.867106419337,0
MCI,D,20080507,000000,11.09,11.1789,11.0455,11.0718,19805.607698974927,0
MCI,D,20080508,000000,11.0546,11.09,11.0455,11.0455,13180.973399662622,0
MCI,D,20080509,000000,11.001,11.001,10.9121,11.001,12015.548875440405,0
MCI,D,20080512,000000,11.001,11.09,10.9211,11.0809,44384.168577018725,0
MCI,D,20080513,000000,11.09,11.09,10.9565,10.9565,72131.84699399193,0
MCI,D,20080514,000000,10.9121,11.001,10.7441,10.7968,62618.986699868045,0
MCI,D,20080515,000000,10.735,10.8412,10.735,10.7795,11496.725670422764,0
MCI,D,20080516,000000,10.9484,10.9565,10.7441,10.7704,46796.53125003068,0
MCI,D,20080519,000000,10.6905,10.7704,10.6551,10.6814,57765.621431698775,0
MCI,D,20080520,000000,10.6551,10.735,10.5217,10.558,50801.71420851082,0
MCI,D,20080521,000000,10.558,10.5661,10.3001,10.558,35155.504433414055,0
MCI,D,20080523,000000,10.637,10.637,10.469,10.469,62699.39878896845,0
MCI,D,20080526,000000,10.4337,10.469,10.3092,10.4599,17346.980536343555,0
MCI,D,20080527,000000,10.38,10.4246,10.2557,10.2911,14600.852616791582,0
MCI,D,20080528,000000,10.4246,10.4337,10.2911,10.2911,85407.55244382763,0
MCI,D,20080529,000000,10.3356,10.4155,10.3092,10.3628,14284.71193772563,0
MCI,D,20080530,000000,10.3709,10.38,10.1758,10.203,20453.31055364663,0
MCI,D,20080602,000000,10.203,10.2911,10.0605,10.1141,7487.1365700741135,0
MCI,D,20080603,000000,10.0251,10.0251,9.98974,9.99874,36361.68576992004,0
MCI,D,20080604,000000,9.9361,9.9361,9.75001,9.84808,28660.851319222947,0
MCI,D,20080605,000000,9.9361,9.9361,9.5821,9.5821,86053.05222756507,0
MCI,D,20080606,000000,9.56391,9.7591,9.31518,9.31518,148404.36580892085,0
MCI,D,20080609,000000,9.16448,9.16448,8.82768,8.87216,128093.15333053382,0
MCI,D,20080610,000000,8.69423,8.70331,8.18875,8.18875,124992.33099056639,0
MCI,D,20080611,000000,8.06456,8.16216,7.82498,7.95807,95655.13689452638,0
MCI,D,20080612,000000,7.94037,8.60572,7.73629,7.80728,127168.9650736128,0
MCI,D,20080613,000000,7.89598,7.89598,7.621,7.621,85915.36029417398,0
MCI,D,20080616,000000,7.7097,7.71859,7.41691,7.53221,34810.72383220276,0
MCI,D,20080617,000000,7.53221,7.97587,7.45242,7.81618,48600.84634518758,0
MCI,D,20080618,000000,7.69199,7.69199,7.5855,7.5855,19981.853373715527,0
MCI,D,20080619,000000,7.48791,7.5855,7.48791,7.55001,22384.30222752333,0
MCI,D,20080620,000000,7.55001,7.88717,7.50561,7.53221,33256.457288084086,0
MCI,D,20080623,000000,7.54111,7.78958,7.44352,7.45242,31676.85542822146,0
MCI,D,20080624,000000,7.32823,7.32823,7.11525,7.14185,59641.53633221904,0
MCI,D,20080625,000000,7.10644,7.13304,7.03545,7.06205,58207.337154017405,0
MCI,D,20080626,000000,7.08865,7.18625,7.03545,7.09755,55970.11862027892,0
MCI,D,20080627,000000,6.78698,7.18625,6.68939,7.09755,25948.87099915196,0
MCI,D,20080630,000000,7.09755,7.19514,6.99996,7.18625,38004.075151409,0
MCI,D,20080701,000000,7.09755,7.09755,7.00886,7.02656,46462.76600349067,0
MCI,D,20080702,000000,7.02656,7.07975,6.92896,6.93786,56840.33163931063,0
MCI,D,20080703,000000,6.87576,6.87576,6.61849,6.63619,62936.22891440113,0
MCI,D,20080704,000000,6.72489,6.72489,6.39661,6.40551,80878.0386029942,0
MCI,D,20080707,000000,6.30792,6.30792,5.96195,6.11274,48813.44269034342,0
MCI,D,20080708,000000,6.01515,6.01515,5.5183,5.81997,151638.47394041083,0
MCI,D,20080709,000000,5.81107,6.12164,5.79337,5.84656,138477.32817915655,0
MCI,D,20080710,000000,5.76677,5.89985,5.76677,5.82886,85027.52270766822,0
MCI,D,20080711,000000,5.89985,5.89985,5.79337,5.81107,56277.44701560784,0
MCI,D,20080714,000000,5.89985,5.98855,5.78447,5.78447,76438.85067046534,0
MCI,D,20080715,000000,5.76677,5.76677,5.5006,5.5006,39051.63538064845,0
MCI,D,20080716,000000,5.45621,5.67799,5.35861,5.58929,47466.26481404497,0
MCI,D,20080717,000000,5.58929,5.66918,5.53609,5.58929,125940.75302776424,0
MCI,D,20080718,000000,5.56269,5.75787,5.50949,5.75787,186869.9843210568,0
MCI,D,20080721,000000,5.80227,6.03295,5.76677,5.93535,110282.42636252906,0
MCI,D,20080722,000000,6.15713,6.15713,5.86436,5.89985,120658.89046288189,0
MCI,D,20080723,000000,5.97966,6.11274,5.94416,6.07724,108038.59861598781,0
MCI,D,20080724,000000,6.13934,6.14823,6.01515,6.07724,72351.05255195055,0
MCI,D,20080725,000000,5.97966,6.13934,5.94416,6.13934,72395.1139706357,0
MCI,D,20080728,000000,6.05065,6.83137,6.05065,6.74268,73936.16208914883,0
MCI,D,20080729,000000,6.5475,7.52341,6.50311,7.29273,93587.55482272572,0
MCI,D,20080730,000000,7.54111,7.96697,7.54111,7.80728,184428.98172589947,0
MCI,D,20080731,000000,7.85168,7.86048,7.09755,7.27494,152321.42593003067,0
MCI,D,20080801,000000,7.20403,7.29273,7.05315,7.23064,50965.84299311301,0
MCI,D,20080804,000000,7.23064,7.40803,7.23064,7.26613,35060.77238324098,0
MCI,D,20080805,000000,7.19514,7.74519,7.19514,7.7097,39800.679498296,0
MCI,D,20080806,000000,7.88717,7.88717,7.5855,7.75409,49984.374891901294,0
MCI,D,20080807,000000,7.62981,7.7097,7.31043,7.53221,47359.41587373347,0
MCI,D,20080808,000000,7.42581,7.54111,7.27494,7.45242,33679.44690746153,0
MCI,D,20080811,000000,7.46132,7.54111,7.45242,7.54111,44956.96701992567,0
MCI,D,20080812,000000,7.65649,7.93148,7.54111,7.71859,50916.273897092215,0
MCI,D,20080813,000000,7.27494,7.43462,6.69829,6.83137,113446.03622412283,0
MCI,D,20080814,000000,6.72489,6.80478,6.60959,6.6539,56057.13992218209,0
MCI,D,20080818,000000,6.5297,6.5386,6.29903,6.34342,52937.59147927347,0
MCI,D,20080819,000000,6.24583,6.25473,6.12164,6.13934,103370.29130629616,0
MCI,D,20080820,000000,6.04175,6.24583,6.04175,6.16594,59814.47740055825,0
MCI,D,20080821,000000,6.26353,6.26353,6.16594,6.20144,60223.14705886302,0
MCI,D,20080822,000000,6.17483,6.4233,6.17483,6.21034,99259.36094297166,0
MCI,D,20080825,000000,6.30792,6.5209,6.20144,6.29903,117015.01113761998,0
MCI,D,20080826,000000,6.5652,6.5652,6.29903,6.35231,106305.88332619428,0
MCI,D,20080827,000000,6.43212,6.441,6.35231,6.441,28399.78741351343,0
MCI,D,20080828,000000,6.34342,6.5652,6.31682,6.48541,32509.616241370797,0
MCI,D,20080829,000000,6.5652,6.64509,6.5652,6.61849,27453.568447249836,0
MCI,D,20080901,000000,6.512,7.27494,6.512,7.11525,100843.3689447028,0
MCI,D,20080902,000000,7.27494,7.78958,7.18625,7.5589,83072.29725351468,0
MCI,D,20080903,000000,7.64759,7.86048,7.54111,7.62981,58299.86613325622,0
MCI,D,20080904,000000,7.71859,7.80728,7.55001,7.621,33227.81736593875,0
MCI,D,20080905,000000,7.11525,7.39032,6.96446,6.99106,80681.96528984529,0
MCI,D,20080908,000000,7.25724,7.71859,7.18625,7.36372,37932.475346045634,0
MCI,D,20080909,000000,7.47902,7.51451,7.18625,7.18625,35364.79617216852,0
MCI,D,20080910,000000,7.18625,7.18625,6.69829,7.07975,45574.9284169849,0
MCI,D,20080911,000000,7.00886,7.00886,6.87576,6.87576,6360.265787201403,0
MCI,D,20080912,000000,7.00886,7.09755,6.89346,7.00886,15597.742214543101,0
MCI,D,20080915,000000,6.84027,6.87576,6.39661,6.43212,38859.96820936804,0
MCI,D,20080916,000000,6.36112,6.4233,6.12164,6.21922,54041.33001733648,0
MCI,D,20080917,000000,6.4233,6.5475,6.08614,6.28132,84862.2923875989,0
MCI,D,20080918,000000,6.13053,6.23693,5.77557,6.21034,39353.45609864172,0
MCI,D,20080919,000000,6.47651,6.6539,6.38781,6.5297,38032.715073554355,0
MCI,D,20080922,000000,6.63619,6.92007,6.49421,6.62729,28127.708153132633,0
MCI,D,20080923,000000,6.5386,6.5386,6.40551,6.47651,17079.30741783127,0
MCI,D,20080924,000000,6.5209,6.5209,6.21034,6.31682,9594.373918691414,0
MCI,D,20080925,000000,6.38781,6.5652,6.37891,6.5563,46087.14240919977,0
MCI,D,20080926,000000,6.6539,6.69829,6.5563,6.5652,34979.25875867346,0
MCI,D,20080929,000000,6.46761,6.46761,6.13053,6.13934,36368.29498272281,0
MCI,D,20080930,000000,5.98855,6.15713,5.77557,6.15713,41940.962910927155,0
MCI,D,20081001,000000,6.27243,6.4499,6.27243,6.30792,27265.205882370818,0
MCI,D,20081002,000000,6.34342,6.37001,6.16594,6.18373,52944.200692076236,0
MCI,D,20081003,000000,6.17483,6.20144,6.06835,6.13934,56954.89132789202,0
MCI,D,20081006,000000,5.87316,6.03295,5.58929,5.59819,86966.22512981482,0
MCI,D,20081007,000000,5.70467,5.84656,5.54499,5.59819,63235.846561460145,0
MCI,D,20081008,000000,5.19003,5.36751,5.09244,5.36751,152412.85337380235,0
MCI,D,20081009,000000,5.3941,5.3941,5.32311,5.33201,25473.007677352343,0
MCI,D,20081010,000000,4.83516,4.88845,4.43599,4.73757,168641.77541101023,0
MCI,D,20081013,000000,4.96825,4.96825,4.71097,4.79086,98425.49859435519,0
MCI,D,20081014,000000,5.22553,5.27882,4.96825,5.12793,82785.8980320612,0
MCI,D,20081015,000000,5.11913,5.11913,4.83516,4.83516,74512.26513845717,0
MCI,D,20081016,000000,4.44479,4.65777,4.2674,4.43599,181780.89046292196,0
MCI,D,20081017,000000,4.56908,4.67547,4.3472,4.3472,139002.76059697696,0
MCI,D,20081020,000000,4.53358,4.53358,4.41819,4.42709,48752.858239651345,0
MCI,D,20081021,000000,4.51579,4.57788,4.42709,4.57788,65198.78276388358,0
MCI,D,20081022,000000,4.62228,4.62228,4.41819,4.42709,74710.54152254034,0
MCI,D,20081023,000000,4.42709,4.43599,4.25851,4.43599,81533.45220593581,0
MCI,D,20081024,000000,4.3916,4.41819,4.18752,4.3472,30023.450692061208,0
MCI,D,20081027,000000,4.30291,4.3384,4.22301,4.3384,45973.68425608551,0
MCI,D,20081028,000000,4.3472,4.52469,4.3472,4.3827,73395.30817478862,0
MCI,D,20081029,000000,4.61338,4.61338,4.30291,4.3827,144929.02141012964,0
MCI,D,20081030,000000,4.52469,4.53358,4.365,4.42709,159011.05082190357,0
MCI,D,20081031,000000,4.32061,4.3472,4.30291,4.32061,65432.30828291488,0
MCI,D,20081103,000000,4.42709,4.42709,4.3295,4.3739,34844.87143168375,0
MCI,D,20081104,000000,4.3916,4.95054,4.3739,4.93275,246482.88073113046,0
MCI,D,20081105,000000,4.95054,4.95054,4.73757,4.87955,67999.98745679199,0
MCI,D,20081106,000000,4.63998,4.76426,4.60448,4.70208,62677.36807962588,0
MCI,D,20081107,000000,4.69327,4.75536,4.4803,4.61338,64955.34342564813,0
MCI,D,20081110,000000,4.68437,4.83516,4.61338,4.68437,25882.778871124236,0
MCI,D,20081112,000000,4.44479,4.52469,4.3295,4.43599,87906.93641874277,0
MCI,D,20081113,000000,4.32061,4.32061,4.08113,4.2408,46524.45198964988,0
MCI,D,20081114,000000,4.25851,4.3472,3.89474,3.89474,55896.315743981286,0
MCI,D,20081117,000000,3.89474,3.89474,3.52217,3.59317,50182.65127598447,0
MCI,D,20081118,000000,3.54878,3.59317,3.41569,3.52217,43270.51621975156,0
MCI,D,20081119,000000,3.64637,3.64637,3.2826,3.45118,7465.105860731539,0
MCI,D,20081120,000000,3.2826,3.2826,3.07852,3.16731,34498.98929500532,0
MCI,D,20081121,000000,3.30039,3.37129,3.1939,3.3092,26814.67787631516,0
MCI,D,20081124,000000,3.41569,3.49557,3.3092,3.41569,31373.933174761056,0
MCI,D,20081125,000000,3.49557,3.53098,3.36249,3.40679,38880.89738324349,0
MCI,D,20081126,000000,3.37129,3.39799,3.14951,3.1939,16333.567906585104,0
MCI,D,20081127,000000,3.2826,3.45118,3.1939,3.1939,67994.47977945635,0
MCI,D,20081128,000000,3.35359,3.35359,3.17611,3.2116,14141.51232699889,0
MCI,D,20081201,000000,3.2294,3.2294,2.86564,2.97212,46502.42128030731,0
MCI,D,20081202,000000,2.80354,2.95433,2.67935,2.83904,121928.96085648134,0
MCI,D,20081203,000000,2.87454,2.87454,2.60836,2.66156,82328.76081320278,0
MCI,D,20081204,000000,2.68815,2.75025,2.59946,2.59946,79920.80428205934,0
MCI,D,20081205,000000,2.52848,2.99872,2.43978,2.97212,439754.9891871396,0
MCI,D,20081208,000000,3.11402,3.3181,2.97212,3.12292,304585.57201577065,0
MCI,D,20081209,000000,3.1939,3.43339,3.12292,3.29149,230508.41338682934,0
MCI,D,20081210,000000,3.2826,3.38909,3.14062,3.29149,106175.9021410731,0
MCI,D,20081211,000000,3.36249,3.63747,3.2205,3.63747,196627.38548888327,0
MCI,D,20081212,000000,3.53098,3.58427,3.26489,3.36249,251544.43620258707,0
MCI,D,20081215,000000,3.37129,3.37129,3.09632,3.10521,92917.82125871144,0
MCI,D,20081216,000000,3.10521,3.10521,2.95433,3.00762,133356.28979247497,0
MCI,D,20081217,000000,3.00762,3.09632,2.88334,2.92773,168251.83185564668,0
MCI,D,20081218,000000,2.92773,2.92773,2.85674,2.85674,62243.36310557715,0
MCI,D,20081219,000000,2.84784,3.00762,2.84784,2.93663,34400.95263843086,0
MCI,D,20081222,000000,3.01643,3.01643,2.83904,2.93663,53832.03827858201,0
MCI,D,20081223,000000,2.86564,2.96323,2.80354,2.83904,61031.67409173552,0
MCI,D,20081229,000000,2.84784,2.84784,2.79465,2.82125,15181.361807968433,0
MCI,D,20081230,000000,2.79465,2.81243,2.71485,2.73255,33987.87683825758,0
MCI,D,20081231,000000,2.76804,2.82125,2.75025,2.82125,15739.840289802709,0
MCI,D,20090105,000000,2.86564,2.94543,2.80354,2.82125,82043.46312721643,0
MCI,D,20090106,000000,2.82125,3.02532,2.82125,3.01643,62491.20858568112,0
MCI,D,20090107,000000,3.01643,3.13181,2.91003,2.91003,67578.09937288168,0
MCI,D,20090108,000000,2.89224,2.97212,2.85674,2.86564,18969.542279424204,0
MCI,D,20090109,000000,2.88334,2.88334,2.81243,2.83014,31918.091695522657,0
MCI,D,20090112,000000,2.83904,2.83904,2.73255,2.75025,35380.21766870832,0
MCI,D,20090113,000000,2.69705,2.69705,2.53736,2.57287,167918.06660910667,0
MCI,D,20090114,000000,2.62606,2.69705,2.49297,2.49297,186491.0561203645,0
MCI,D,20090115,000000,2.54626,2.54626,2.35109,2.39538,92253.59537203281,0
MCI,D,20090116,000000,2.41318,2.51966,2.39538,2.42208,98280.0959126942,0
MCI,D,20090119,000000,2.43978,2.51077,2.28009,2.32448,75280.0353590459,0
MCI,D,20090120,000000,2.33329,2.38658,2.23569,2.30669,39328.120782897764,0
MCI,D,20090121,000000,2.23569,2.2978,2.1293,2.28898,89922.74632358838,0
MCI,D,20090122,000000,2.30669,2.30669,2.07601,2.07601,114645.60834782604,0
MCI,D,20090123,000000,2.04052,2.13811,2.04052,2.08491,22355.66230537798,0
MCI,D,20090126,000000,2.06712,2.1559,1.99621,2.12041,59320.98951128458,0
MCI,D,20090127,000000,2.13811,2.1647,2.01391,2.06712,42654.757893626585,0
MCI,D,20090128,000000,2.04052,2.07601,1.84534,1.86313,184797.99610738762,0
MCI,D,20090129,000000,1.81874,1.81874,1.66795,1.66795,175027.3765139556,0
MCI,D,20090130,000000,1.64135,2.06712,1.55256,2.06712,1165698.8065535326,0
MCI,D,20090202,000000,2.04052,2.06712,1.78323,1.81874,390635.3196369343,0
MCI,D,20090203,000000,1.80103,1.90743,1.65905,1.75664,248828.0497406476,0
MCI,D,20090204,000000,1.75664,1.96952,1.68565,1.91633,516989.1484648719,0
MCI,D,20090205,000000,1.88083,1.99621,1.79213,1.88973,249214.68868960976,0
MCI,D,20090206,000000,1.94292,2.1293,1.82763,2.07601,889520.7326995452,0
MCI,D,20090209,000000,2.0938,2.45748,2.06712,2.30669,812068.4693993215,0
MCI,D,20090210,000000,2.35109,2.35989,2.1736,2.1914,598782.56304105,0
MCI,D,20090211,000000,2.08491,2.37768,2.08491,2.24459,428482.97675201105,0
MCI,D,20090212,000000,2.23569,2.23569,2.06712,2.12041,351095.70404434786,0
MCI,D,20090213,000000,2.12041,2.1647,2.04941,2.06712,241791.44117662913,0
MCI,D,20090216,000000,2.03171,2.05831,1.84534,1.88083,191915.01676050646,0
MCI,D,20090217,000000,1.78323,1.85423,1.68565,1.73004,302916.7457830706,0
MCI,D,20090218,000000,1.73004,1.89863,1.64135,1.81874,515347.86061885004,0
MCI,D,20090219,000000,1.86313,1.98732,1.86313,1.95182,296385.7419984643,0
MCI,D,20090220,000000,1.86313,1.90743,1.79213,1.87193,163603.35218436335,0
MCI,D,20090223,000000,1.91633,1.96952,1.85423,1.85423,114281.00010820643,0
MCI,D,20090224,000000,1.78323,1.85423,1.77434,1.83652,116230.7178850243,0
MCI,D,20090225,000000,1.89863,1.94292,1.81874,1.81874,149185.35445511513,0
MCI,D,20090226,000000,1.87193,1.92522,1.83652,1.88973,75565.33304503225,0
MCI,D,20090227,000000,1.88973,1.88973,1.79213,1.88973,101570.38235300778,0
MCI,D,20090302,000000,1.86313,1.86313,1.77434,1.80984,148892.34602085888,0
MCI,D,20090303,000000,1.80984,1.84534,1.77434,1.80984,105607.50984003465,0
MCI,D,20090304,000000,1.83652,1.84534,1.77434,1.77434,216055.16652263302,0
MCI,D,20090305,000000,1.80984,1.80984,1.77434,1.79213,91266.61959348546,0
MCI,D,20090306,000000,1.77434,1.91633,1.76553,1.85423,187093.59602088394,0
MCI,D,20090309,000000,1.87193,1.88973,1.81874,1.88973,61975.68998706486,0
MCI,D,20090310,000000,1.89863,2.1736,1.88973,2.08491,471100.2824397553,0
MCI,D,20090311,000000,2.147,2.39538,2.11151,2.2978,722194.1906362867,0
MCI,D,20090312,000000,2.2978,2.2978,2.147,2.28009,201222.9914577444,0
MCI,D,20090313,000000,2.39538,2.43088,2.1736,2.1736,374964.87608156074,0
MCI,D,20090316,000000,2.2002,2.21799,2.04052,2.0938,399145.78265597107,0
MCI,D,20090317,000000,2.08491,2.30669,2.04052,2.28898,480374.10953751224,0
MCI,D,20090318,000000,2.27119,2.48417,2.27119,2.2978,411098.54400978517,0
MCI,D,20090319,000000,2.33329,2.51077,2.33329,2.51077,303523.69182545855,0
MCI,D,20090320,000000,2.52848,2.74144,2.39538,2.73255,605450.1572235804,0
MCI,D,20090323,000000,2.83014,3.01643,2.82125,3.01643,665731.6856622013,0
MCI,D,20090324,000000,3.2028,3.23821,2.88334,3.06082,489809.8623489371,0
MCI,D,20090325,000000,2.89224,3.63747,2.89224,3.62857,862888.9097107734,0
MCI,D,20090326,000000,3.63747,3.97463,3.54878,3.62857,772060.7012332053,0
MCI,D,20090327,000000,3.65526,3.77056,3.62857,3.76166,510582.6181880511,0
MCI,D,20090330,000000,3.72617,3.76166,3.2826,3.3181,464104.4306880206,0
MCI,D,20090331,000000,3.327,3.68186,3.327,3.56648,410386.95209801994,0
MCI,D,20090401,000000,3.80605,3.90364,3.58427,3.90364,452874.276600643,0
MCI,D,20090402,000000,4.08113,4.71986,4.08113,4.70208,629878.9092780947,0
MCI,D,20090403,000000,4.86185,5.45621,4.70208,4.81746,950745.1754980283,0
MCI,D,20090406,000000,5.05704,5.19892,4.3916,4.55129,751403.6066181398,0
MCI,D,20090407,000000,4.55129,4.87955,4.3916,4.61338,595249.9387979682,0
MCI,D,20090408,000000,4.46259,4.86185,4.46259,4.77307,295516.6305148996,0
MCI,D,20090409,000000,5.05704,5.05704,4.74647,4.95054,280522.52973634313,0
MCI,D,20090414,000000,4.76426,5.09244,4.74647,4.83516,317073.6796066093,0
MCI,D,20090415,000000,4.79086,4.79966,4.64887,4.71986,145628.4964317564,0
MCI,D,20090416,000000,4.84406,4.86185,4.71986,4.74647,225165.9663712549,0
MCI,D,20090417,000000,4.74647,4.74647,4.4803,4.51579,192013.05341708093,0
MCI,D,20090420,000000,4.3472,4.3827,4.08113,4.08113,307868.14770781435,0
MCI,D,20090421,000000,3.91254,4.16982,3.84155,4.06333,480797.09915688966,0
MCI,D,20090422,000000,4.16092,4.56908,4.12542,4.40049,495258.0567693559,0
MCI,D,20090423,000000,4.40049,4.61338,4.31171,4.3472,396100.03708936006,0
MCI,D,20090424,000000,4.3472,4.41819,4.18752,4.23191,177620.3910035767,0
MCI,D,20090427,000000,4.25851,4.2674,4.00123,4.14322,116509.4063582079,0
MCI,D,20090428,000000,3.98353,3.98353,3.85925,3.93914,186366.58261257896,0
MCI,D,20090429,000000,4.03673,4.40049,3.99234,4.40049,305716.8489405119,0
MCI,D,20090430,000000,4.59568,4.90615,4.365,4.45369,877640.6726865617,0
MCI,D,20090504,000000,4.57788,4.79086,4.48918,4.56908,401210.06012137036,0
MCI,D,20090505,000000,4.51579,4.56908,4.31171,4.3384,234068.57601658945,0
MCI,D,20090506,000000,4.2674,4.56018,4.21412,4.28511,317558.35521214595,0
MCI,D,20090507,000000,4.3827,4.56908,4.21412,4.21412,531241.9158740508,0
MCI,D,20090508,000000,4.19641,4.24962,4.07223,4.14322,288459.09277700575,0
MCI,D,20090511,000000,4.16982,4.16982,3.85925,3.99234,377284.7097753339,0
MCI,D,20090512,000000,3.98353,4.25851,3.94803,4.16982,426524.44669145613,0
MCI,D,20090513,000000,4.30291,4.41819,3.93914,4.01013,709036.3494814339,0
MCI,D,20090514,000000,3.90364,4.08993,3.87704,4.00123,319498.15916975966,0
MCI,D,20090515,000000,4.04562,4.08993,3.85925,3.99234,136480.24437725212,0
MCI,D,20090518,000000,3.91254,4.03673,3.89474,4.02784,116026.93382360549,0
MCI,D,20090519,000000,4.13432,4.21412,3.93914,3.93914,315274.872188788,0
MCI,D,20090520,000000,4.00123,4.08113,3.97463,3.99234,141963.68793261904,0
MCI,D,20090521,000000,3.90364,4.02784,3.88594,3.88594,98525.73832186392,0
MCI,D,20090522,000000,3.88594,3.88594,3.67296,3.67296,255842.6275953235,0
MCI,D,20090525,000000,3.68186,3.69076,3.48668,3.54878,231275.08207195095,0
MCI,D,20090526,000000,3.53988,3.69076,3.50439,3.69076,254160.58293701787,0
MCI,D,20090527,000000,3.83265,3.93024,3.75285,3.81495,345702.5863972855,0
MCI,D,20090528,000000,3.81495,3.82375,3.65526,3.74395,87232.79671285997,0
MCI,D,20090529,000000,3.79716,3.86815,3.69076,3.75285,111566.81671720117,0
MCI,D,20090601,000000,3.85045,3.94803,3.84155,3.91254,511203.88419151166,0
MCI,D,20090602,000000,3.94803,4.24962,3.93024,4.09883,798749.8040662677,0
MCI,D,20090603,000000,4.20531,4.24962,4.04562,4.07223,387161.07677361026,0
MCI,D,20090604,000000,4.08113,4.22301,4.03673,4.19641,282949.21237042773,0
MCI,D,20090605,000000,4.2408,4.31171,4.11653,4.11653,335987.04357720993,0
MCI,D,20090608,000000,4.08113,4.08993,3.82375,3.93914,152805.0000001002,0
MCI,D,20090609,000000,3.94803,4.03673,3.88594,3.93024,183540.0426039266,0
MCI,D,20090610,000000,4.03673,4.23191,3.90364,3.99234,489054.2090184868,0
MCI,D,20090612,000000,4.07223,4.15202,4.03673,4.06333,128714.41933399445,0
MCI,D,20090615,000000,4.08113,4.15202,3.94803,4.02784,184751.7316177682,0
MCI,D,20090616,000000,3.96573,4.03673,3.90364,3.99234,137272.24837811769,0
MCI,D,20090617,000000,3.94803,3.99234,3.82375,3.84155,168703.46139716945,0
MCI,D,20090618,000000,3.82375,3.83265,3.64637,3.83265,164093.53546723563,0
MCI,D,20090619,000000,3.77056,3.90364,3.73505,3.89474,88358.56596026557,0
MCI,D,20090622,000000,3.89474,3.89474,3.64637,3.68186,130602.4511246531,0
MCI,D,20090623,000000,3.57538,3.69956,3.57538,3.60197,118137.47577862417,0
MCI,D,20090624,000000,3.65526,3.70846,3.60197,3.69956,56721.365808860726,0
MCI,D,20090625,000000,3.73505,3.77056,3.59317,3.68186,58223.860186024336,0
MCI,D,20090626,000000,3.71735,3.72617,3.61977,3.68186,22787.46420849245,0
MCI,D,20090629,000000,3.58427,3.69956,3.58427,3.67296,63833.98032011106,0
MCI,D,20090630,000000,3.65526,3.77945,3.65526,3.71735,99283.59472324849,0
MCI,D,20090701,000000,3.76166,3.90364,3.68186,3.80605,150465.33866791872,0
MCI,D,20090702,000000,3.90364,3.90364,3.71735,3.76166,391489.00962395914,0
MCI,D,20090703,000000,3.70846,3.71735,3.65526,3.69956,53327.53503463705,0
MCI,D,20090706,000000,3.67296,3.67296,3.57538,3.61977,166315.33250443434,0
MCI,D,20090707,000000,3.63747,3.74395,3.61087,3.65526,225482.10705032086,0
MCI,D,20090708,000000,3.63747,3.65526,3.60197,3.65526,74511.16360299003,0
MCI,D,20090709,000000,3.65526,3.82375,3.63747,3.72617,129107.6674957594,0
MCI,D,20090710,000000,3.68186,3.72617,3.62857,3.69076,85867.99426908744,0
MCI,D,20090713,000000,3.63747,3.68186,3.61977,3.68186,42491.73064449153,0
MCI,D,20090714,000000,3.72617,4.11653,3.72617,4.11653,399839.75000026217,0
MCI,D,20090715,000000,4.16982,4.22301,3.98353,4.09883,353394.6085642456,0
MCI,D,20090716,000000,4.11653,4.11653,3.88594,3.96573,158091.26870685106,0
MCI,D,20090717,000000,3.99234,4.13432,3.96573,3.96573,351475.7337805073,0
MCI,D,20090720,000000,4.01013,4.03673,3.85925,3.90364,485795.86710671993,0
MCI,D,20090721,000000,3.91254,4.01013,3.84155,3.91254,250435.18998718844,0
MCI,D,20090722,000000,3.92134,3.99234,3.82375,3.87704,162157.0361160233,0
MCI,D,20090723,000000,3.90364,4.12542,3.87704,4.12542,432003.4841049545,0
MCI,D,20090724,000000,4.19641,4.3472,4.02784,4.03673,811291.8868949957,0
MCI,D,20090727,000000,4.08113,4.21412,4.03673,4.04562,350678.2221023061,0
MCI,D,20090728,000000,4.06333,4.12542,3.99234,3.99234,119329.33715405749,0
MCI,D,20090729,000000,3.99234,4.18752,3.94803,4.07223,527187.1638195498,0
MCI,D,20090730,000000,4.06333,4.24962,4.06333,4.15202,1074878.3088242342,0
MCI,D,20090731,000000,4.2674,4.40049,4.17871,4.2408,1410977.7090190914,0
MCI,D,20090803,000000,4.3561,4.65777,4.3472,4.43599,2445391.1124583506,0
MCI,D,20090804,000000,4.43599,4.56908,4.3561,4.43599,1445451.3629983526,0
MCI,D,20090805,000000,4.48918,4.67547,4.3472,4.3472,1518336.6602518607,0
MCI,D,20090806,000000,4.3916,4.3916,4.10772,4.12542,1612690.8837597081,0
MCI,D,20090807,000000,4.08113,4.20531,3.99234,4.17871,969704.8039582483,0
MCI,D,20090810,000000,4.18752,4.18752,4.06333,4.10772,825513.8113110949,0
MCI,D,20090811,000000,4.12542,4.3916,4.10772,4.12542,1441658.7763850284,0
MCI,D,20090812,000000,4.10772,4.20531,3.97463,4.20531,553557.9229026121,0
MCI,D,20090813,000000,4.3561,4.50689,4.28511,4.3472,1314121.8984653945,0
MCI,D,20090814,000000,4.43599,4.65777,4.42709,4.4803,1568941.1996117553,0
MCI,D,20090817,000000,4.3916,5.01264,4.3561,5.01264,2126777.4862686954,0
MCI,D,20090818,000000,5.16343,5.18122,4.91505,5.01264,2088547.5963465252,0
MCI,D,20090819,000000,5.00375,5.20782,4.95054,5.12793,787878.7505411741,0
MCI,D,20090820,000000,5.29652,5.4385,5.23442,5.4207,1431856.2122630496,0
MCI,D,20090821,000000,5.4828,5.67799,5.45621,5.5006,1197458.2771417887,0
MCI,D,20090824,000000,5.56269,5.60708,5.23442,5.3764,951127.4083051219,0
MCI,D,20090825,000000,5.28762,5.54499,5.14573,5.53609,785013.6567911721,0
MCI,D,20090826,000000,5.58929,5.84656,5.4296,5.66028,1403103.933500055,0
MCI,D,20090827,000000,5.72238,5.79337,5.4207,5.4207,752961.1777686598,0
MCI,D,20090828,000000,5.54499,5.54499,5.16343,5.33201,683304.4809693062,0
MCI,D,20090831,000000,5.32311,5.53609,5.23442,5.4296,542033.6588455111,0
MCI,D,20090901,000000,5.5006,5.5272,4.96825,5.14573,1459166.5810995728,0
MCI,D,20090902,000000,4.87955,4.96825,4.47148,4.61338,1675240.4737251468,0
MCI,D,20090903,000000,4.70208,4.84406,4.56908,4.61338,768121.6104027528,0
MCI,D,20090904,000000,4.68437,4.80856,4.61338,4.70208,511321.74848649447,0
MCI,D,20090907,000000,4.74647,4.90615,4.71097,4.80856,521086.8604025908,0
MCI,D,20090908,000000,4.85295,4.87955,4.56908,4.61338,419346.84158764523,0
MCI,D,20090909,000000,4.57788,4.79086,4.52469,4.79086,636514.5589320783,0
MCI,D,20090910,000000,4.89725,4.95054,4.57788,4.57788,574218.3221240789,0
MCI,D,20090911,000000,4.63117,4.69327,4.365,4.49808,422566.6297580626,0
MCI,D,20090914,000000,4.30291,4.40049,4.17871,4.22301,511958.4359864949,0
MCI,D,20090915,000000,4.3295,4.52469,4.22301,4.43599,602132.3323965886,0
MCI,D,20090916,000000,4.56018,4.67547,4.54239,4.67547,563219.4904847983,0
MCI,D,20090917,000000,4.81746,4.82636,4.59568,4.65777,481357.78070965817,0
MCI,D,20090918,000000,4.52469,4.64887,4.47148,4.61338,275870.74545865844,0
MCI,D,20090921,000000,4.60448,4.60448,4.4093,4.43599,437052.9226862727,0
MCI,D,20090922,000000,4.43599,4.77307,4.43599,4.76426,716667.7871977017,0
MCI,D,20090923,000000,4.82636,4.96825,4.62228,4.68437,961346.3528336753,0
MCI,D,20090924,000000,4.56908,4.75536,4.53358,4.60448,403907.72048036865,0
MCI,D,20090925,000000,4.62228,4.63117,4.52469,4.56908,420384.4879976805,0
MCI,D,20090928,000000,4.52469,4.58678,4.43599,4.56018,379823.74902706564,0
MCI,D,20090929,000000,4.59568,4.59568,4.4803,4.4803,196962.2522708904,0
MCI,D,20090930,000000,4.49808,4.49808,4.30291,4.31171,369709.45036788954,0
MCI,D,20091001,000000,4.29401,4.43599,4.2674,4.31171,232121.06131070585,0
MCI,D,20091002,000000,4.25851,4.29401,4.13432,4.21412,342665.6531144116,0
MCI,D,20091005,000000,4.2408,4.30291,4.16982,4.25851,203887.60575272885,0
MCI,D,20091006,000000,4.3472,4.43599,4.2674,4.43599,209822.67884961856,0
MCI,D,20091007,000000,4.52469,4.52469,4.31171,4.3561,205355.95253041148,0
MCI,D,20091008,000000,4.46259,4.51579,4.3739,4.47148,158037.29346896175,0
MCI,D,20091009,000000,4.52469,4.52469,4.3916,4.45369,109743.7755191031,0
MCI,D,20091012,000000,4.43599,4.45369,4.3827,4.40049,125394.39143606838,0
MCI,D,20091013,000000,4.3916,4.3916,4.28511,4.28511,186735.5969940671,0
MCI,D,20091014,000000,4.30291,4.55129,4.29401,4.49808,328437.11948550947,0
MCI,D,20091015,000000,4.52469,4.59568,4.3916,4.4093,321458.89230124885,0
MCI,D,20091016,000000,4.44479,4.50689,4.365,4.42709,152147.38332622434,0
MCI,D,20091019,000000,4.3827,4.49808,4.3827,4.4093,84603.43155282365,0
MCI,D,20091020,000000,4.4803,4.4803,4.3295,4.3561,96533.06066182801,0
MCI,D,20091021,000000,4.3295,4.4093,4.2763,4.40049,121382.59926478547,0
MCI,D,20091022,000000,4.31171,4.3916,4.30291,4.31171,135774.1601428226,0
MCI,D,20091023,000000,4.3827,4.42709,4.3561,4.40049,163560.3923011453,0
MCI,D,20091026,000000,4.4093,4.41819,4.3561,4.4093,118776.36634955886,0
MCI,D,20091027,000000,4.3916,4.3916,4.31171,4.3472,104461.91295422074,0
MCI,D,20091028,000000,4.30291,4.3295,4.20531,4.21412,210838.29455031126,0
MCI,D,20091029,000000,4.21412,4.3384,4.08993,4.32061,138017.98788936387,0
MCI,D,20091030,000000,4.3472,4.3472,4.2408,4.24962,103968.42506494708,0
MCI,D,20091102,000000,4.17871,4.29401,4.17871,4.2674,88432.36883656318,0
MCI,D,20091103,000000,4.28511,4.3295,4.17871,4.23191,136201.55590406855,0
MCI,D,20091104,000000,4.24962,4.30291,4.23191,4.25851,66225.41381924758,0
MCI,D,20091105,000000,4.2408,4.3295,4.21412,4.30291,137705.1518166993,0
MCI,D,20091106,000000,4.30291,4.31171,4.22301,4.25851,96443.83628899058,0
MCI,D,20091109,000000,4.24962,4.50689,4.23191,4.50689,294161.74189033126,0
MCI,D,20091110,000000,4.56018,4.74647,4.40049,4.56908,819913.6049962124,0
MCI,D,20091112,000000,4.63117,4.74647,4.60448,4.70208,310601.05720176076,0
MCI,D,20091113,000000,4.69327,4.69327,4.56908,4.57788,121445.38678641182,0
MCI,D,20091116,000000,4.69327,4.91505,4.63998,4.81746,477379.03460238915,0
MCI,D,20091117,000000,4.91505,4.95944,4.76426,4.87065,409321.7673013064,0
MCI,D,20091118,000000,4.87065,4.92394,4.61338,4.68437,350143.97740074864,0
MCI,D,20091119,000000,4.62228,4.68437,4.43599,4.43599,241542.494161058,0
MCI,D,20091120,000000,4.51579,4.57788,4.41819,4.52469,157792.7525952592,0
MCI,D,20091123,000000,4.70208,4.70208,4.58678,4.64887,153224.68501307623,0
MCI,D,20091124,000000,4.60448,4.64887,4.54239,4.56908,67281.78633222406,0
MCI,D,20091125,000000,4.57788,4.64887,4.43599,4.48918,181449.3282873162,0
MCI,D,20091126,000000,4.62228,4.79086,4.57788,4.61338,633077.7682746366,0
MCI,D,20091127,000000,4.43599,4.64887,4.3916,4.63117,306869.0550391285,0
MCI,D,20091130,000000,4.70208,4.89725,4.64887,4.76426,407026.1673878101,0
MCI,D,20091201,000000,4.79086,4.95944,4.72876,4.95944,662896.3333698119,0
MCI,D,20091202,000000,5.03924,5.26992,5.00375,5.26992,1330621.7982275162,0
MCI,D,20091203,000000,5.34981,5.4119,5.03034,5.06584,789102.5564451541,0
MCI,D,20091204,000000,5.07474,5.35861,4.96825,5.27882,639319.068231388,0
MCI,D,20091207,000000,5.23442,5.36751,5.15462,5.21672,422738.4692909346,0
MCI,D,20091208,000000,5.24331,5.26992,4.87065,4.88845,929617.7252384988,0
MCI,D,20091209,000000,4.92394,4.95944,4.58678,4.62228,966215.1395983845,0
MCI,D,20091210,000000,4.70208,4.79966,4.64887,4.69327,369225.87629781995,0
MCI,D,20091211,000000,4.79086,4.82636,4.70208,4.72876,182312.93209354515,0
MCI,D,20091214,000000,4.79086,4.87065,4.71097,4.74647,122802.47848191443,0
MCI,D,20091215,000000,4.74647,4.74647,4.62228,4.63998,169232.19842139125,0
MCI,D,20091216,000000,4.63998,4.66667,4.58678,4.65777,160286.62889283866,0
MCI,D,20091217,000000,4.64887,4.64887,4.51579,4.54239,242894.07817922503,0
MCI,D,20091218,000000,4.51579,4.59568,4.4803,4.54239,177771.30136257331,0
MCI,D,20091221,000000,4.52469,4.54239,4.45369,4.49808,202464.42192919852,0
MCI,D,20091222,000000,4.50689,4.57788,4.49808,4.55129,506100.4703723042,0
MCI,D,20091223,000000,4.52469,4.56908,4.49808,4.49808,195529.1546281559,0
MCI,D,20091228,000000,4.54239,4.75536,4.49808,4.63117,517686.4204155644,0
MCI,D,20091229,000000,4.69327,4.76426,4.63998,4.67547,246483.98226659762,0
MCI,D,20091230,000000,4.64887,4.67547,4.61338,4.63117,71093.09904848953,0
MCI,D,20091231,000000,4.69327,4.69327,4.60448,4.60448,70416.75627167248,0
MCI,D,20100104,000000,4.60448,4.81746,4.60448,4.79086,370840.7272926307,0
MCI,D,20100105,000000,4.83516,4.87955,4.70208,4.72876,359183.1774440072,0
MCI,D,20100106,000000,4.73757,4.79966,4.72876,4.79086,212846.39370688697,0
MCI,D,20100107,000000,4.78196,4.95054,4.76426,4.83516,505180.6882572517,0
MCI,D,20100108,000000,4.87955,4.92394,4.83516,4.85295,420783.24383678107,0
MCI,D,20100111,000000,4.87955,4.87955,4.79086,4.81746,178880.54757797197,0
MCI,D,20100112,000000,4.83516,4.83516,4.66667,4.69327,158330.301903218,0
MCI,D,20100113,000000,4.68437,4.77307,4.64887,4.70208,86598.31228379381,0
MCI,D,20100114,000000,5.19003,5.28762,4.98604,5.05704,2075170.5496337137,0
MCI,D,20100115,000000,5.09244,5.12793,4.95944,4.99485,558109.4674527881,0
MCI,D,20100118,000000,4.95054,5.08363,4.90615,5.08363,375533.26838259917,0
MCI,D,20100119,000000,5.08363,5.23442,5.07474,5.21672,645298.202746963,0
MCI,D,20100120,000000,5.18122,5.50949,5.16343,5.32311,1322594.9092785488,0
MCI,D,20100121,000000,5.27882,5.403,5.27882,5.3941,638657.0454156437,0
MCI,D,20100122,000000,5.27882,5.29652,5.05704,5.12793,743660.9138196917,0
MCI,D,20100125,000000,5.05704,5.09244,4.95944,5.03924,599533.8102296318,0
MCI,D,20100126,000000,4.96825,4.96825,4.76426,4.86185,774150.3140143486,0
MCI,D,20100127,000000,4.87065,4.95054,4.79086,4.82636,333865.48626752,0
MCI,D,20100128,000000,4.92394,5.00375,4.82636,4.83516,283368.8973834038,0
MCI,D,20100129,000000,4.79966,4.92394,4.72876,4.89725,284309.6086723317,0
MCI,D,20100201,000000,4.83516,4.87955,4.79086,4.80856,112632.00151391469,0
MCI,D,20100202,000000,4.87065,4.89725,4.81746,4.83516,100845.57201563707,0
MCI,D,20100203,000000,4.89725,4.91505,4.77307,4.77307,150741.82407016805,0
MCI,D,20100204,000000,4.77307,4.80856,4.60448,4.61338,312132.19150106976,0
MCI,D,20100205,000000,4.46259,4.52469,4.3472,4.44479,740473.0701778211,0
MCI,D,20100208,000000,4.49808,4.59568,4.31171,4.3739,494056.2815747184,0
MCI,D,20100209,000000,4.42709,4.49808,4.4093,4.43599,168654.9938366158,0
MCI,D,20100210,000000,4.48918,4.50689,4.365,4.365,211083.93695948098,0
MCI,D,20100211,000000,4.43599,4.46259,4.3384,4.3561,228211.7119378659,0
MCI,D,20100212,000000,4.44479,4.45369,4.3472,4.41819,128880.75118953089,0
MCI,D,20100215,000000,4.43599,4.56018,4.43599,4.56018,119801.89586945571,0
MCI,D,20100216,000000,4.57788,4.65777,4.4803,4.61338,243738.95588251276,0
MCI,D,20100217,000000,4.65777,4.74647,4.62228,4.71986,262702.9904846013,0
MCI,D,20100218,000000,4.71097,4.71097,4.58678,4.62228,155390.30374145138,0
MCI,D,20100219,000000,4.54239,4.62228,4.48918,4.56908,99696.67052342177,0
MCI,D,20100222,000000,4.73757,4.83516,4.64887,4.74647,249487.86948545772,0
MCI,D,20100223,000000,4.80856,4.83516,4.63117,4.66667,277357.8183392822,0
MCI,D,20100224,000000,4.63117,4.70208,4.60448,4.64887,116556.77238329442,0
MCI,D,20100225,000000,4.66667,4.70208,4.52469,4.57788,121196.43977084072,0
MCI,D,20100226,000000,4.63998,4.70208,4.59568,4.65777,129146.22123710891,0
MCI,D,20100301,000000,4.87065,4.87065,4.73757,4.85295,430287.291847168,0
MCI,D,20100302,000000,4.83516,4.94164,4.74647,4.87065,470156.266544426,0
MCI,D,20100303,000000,4.87955,4.91505,4.79966,4.85295,218234.00367661368,0
MCI,D,20100304,000000,4.79086,4.94164,4.79086,4.88845,311812.74621560244,0
MCI,D,20100305,000000,4.93275,4.93275,4.85295,4.93275,189048.82147503746,0
MCI,D,20100308,000000,4.98604,5.06584,4.98604,5.03924,371545.7099915931,0
MCI,D,20100309,000000,5.05704,5.05704,4.87955,4.95944,220017.38959789515,0
MCI,D,20100310,000000,4.93275,5.27882,4.87065,5.23442,1068144.622513676,0
MCI,D,20100311,000000,5.19892,5.32311,5.15462,5.15462,961192.1378682774,0
MCI,D,20100312,000000,5.23442,5.97076,5.18122,5.74017,2942885.286225978,0
MCI,D,20100315,000000,5.79337,6.43212,5.60708,6.25473,3855482.085426403,0
MCI,D,20100316,000000,6.46761,6.5475,6.03295,6.07724,2018558.235836099,0
MCI,D,20100317,000000,6.12164,6.25473,5.79337,5.93535,1494161.261354786,0
MCI,D,20100318,000000,5.94416,5.97966,5.72238,5.72238,1180025.376839009,0
MCI,D,20100319,000000,5.73127,6.02405,5.72238,5.85546,547717.5818558955,0
MCI,D,20100322,000000,5.85546,5.89985,5.66028,5.82886,476048.37975809764,0
MCI,D,20100323,000000,5.89096,6.12164,5.86436,5.98855,543895.2537849587,0
MCI,D,20100324,000000,6.12164,6.15713,5.85546,5.97966,432286.5787200067,0
MCI,D,20100325,000000,5.99745,6.27243,5.99745,6.23693,859039.0432531585,0
MCI,D,20100326,000000,6.26353,6.43212,6.08614,6.37891,753871.0460645083,0
MCI,D,20100329,000000,6.441,6.85797,6.441,6.5652,1355552.850455041,0
MCI,D,20100330,000000,6.74268,6.78698,6.43212,6.441,672459.8642954237,0
MCI,D,20100331,000000,6.38781,6.512,6.26353,6.27243,510752.2546499889,0
MCI,D,20100401,000000,6.30792,6.37891,6.04175,6.21034,1094484.5386036588,0
MCI,D,20100406,000000,6.16594,6.21034,5.95305,6.02405,756655.7277254097,0
MCI,D,20100407,000000,6.03295,6.13053,5.89985,6.10384,467677.81174338626,0
MCI,D,20100408,000000,6.11274,6.11274,5.89985,5.94416,256517.86883667338,0
MCI,D,20100409,000000,6.02405,6.03295,5.91755,5.99745,540560.90592596,0
MCI,D,20100412,000000,5.95305,6.11274,5.91755,6.03295,317503.2784387895,0
MCI,D,20100413,000000,6.07724,6.11274,5.98855,6.03295,323864.645761458,0
MCI,D,20100414,000000,6.07724,6.09504,6.00625,6.05954,224876.26254340005,0
MCI,D,20100415,000000,6.09504,6.39661,6.07724,6.27243,589547.2896846427,0
MCI,D,20100416,000000,6.23693,6.33452,6.15713,6.18373,153350.26005632893,0
MCI,D,20100419,000000,5.97076,5.97076,5.69577,5.96195,717145.8535904357,0
MCI,D,20100420,000000,5.94416,6.06835,5.94416,5.98855,439390.38094751997,0
MCI,D,20100421,000000,6.06835,6.07724,5.98855,5.98855,437723.7577857541,0
MCI,D,20100422,000000,5.91755,5.97966,5.71348,5.72238,570186.7023143877,0
MCI,D,20100423,000000,5.78447,5.91755,5.78447,5.88206,203572.56660913004,0
MCI,D,20100426,000000,6.03295,6.05954,5.96195,6.00625,105202.14478813128,0
MCI,D,20100427,000000,5.97966,5.97966,5.89096,5.92645,156343.13192051774,0
MCI,D,20100428,000000,5.72238,5.88206,5.70467,5.83776,333665.0068125025,0
MCI,D,20100429,000000,5.84656,5.89985,5.81107,5.85546,81092.83801908432,0
MCI,D,20100430,000000,5.96195,6.02405,5.89985,5.96195,227691.78719738114,0
MCI,D,20100504,000000,6.01515,6.02405,5.76677,5.76677,177403.3885165523,0
MCI,D,20100505,000000,5.74017,6.10384,5.44739,5.81997,540979.4894034689,0
MCI,D,20100506,000000,5.74017,6.00625,5.67799,5.88206,251926.66900968077,0
MCI,D,20100507,000000,5.63368,5.75787,5.5272,5.54499,844351.1693344638,0
MCI,D,20100510,000000,5.72238,5.89985,5.72238,5.89985,398462.83066635125,0
MCI,D,20100511,000000,5.83776,6.18373,5.78447,6.08614,520830.2026387498,0
MCI,D,20100512,000000,6.10384,6.32572,6.10384,6.21034,797709.9545852982,0
MCI,D,20100513,000000,6.29903,6.4499,6.29903,6.43212,796291.1769036364,0
MCI,D,20100514,000000,6.37001,6.43212,6.28132,6.28132,429938.10510408814,0
MCI,D,20100517,000000,6.13934,6.31682,6.04175,6.16594,537974.5006491416,0
MCI,D,20100518,000000,6.28132,6.47651,6.26353,6.43212,661196.6641440322,0
MCI,D,20100519,000000,6.33452,6.34342,6.02405,6.16594,706876.2384303943,0
MCI,D,20100520,000000,6.21034,6.22812,5.85546,5.89096,608364.820069603,0
MCI,D,20100521,000000,5.87316,5.97966,5.67799,5.96195,734860.7469728001,0
MCI,D,20100524,000000,6.02405,6.06835,5.91755,5.92645,284934.17928219377,0
MCI,D,20100525,000000,5.74017,5.81107,5.65138,5.68688,393882.64619402995,0
MCI,D,20100526,000000,5.85546,6.03295,5.81107,6.03295,345385.3441827524,0
MCI,D,20100527,000000,6.05954,6.34342,5.97966,6.23693,648283.3638628819,0
MCI,D,20100528,000000,6.32572,6.43212,6.22812,6.33452,859860.7887116366,0
MCI,D,20100531,000000,6.16594,6.29903,6.16594,6.21922,144345.2076125514,0
MCI,D,20100601,000000,6.17483,6.17483,6.05065,6.13053,260883.2538929046,0
MCI,D,20100602,000000,6.09504,6.21922,6.03295,6.15713,182080.508109981,0
MCI,D,20100604,000000,6.24583,6.25473,5.90866,5.94416,348344.06844746025,0
MCI,D,20100607,000000,5.89096,6.12164,5.85546,6.10384,183103.83455894358,0
MCI,D,20100608,000000,6.12164,6.22812,6.06835,6.20144,171212.75919128873,0
MCI,D,20100609,000000,6.22812,6.31682,6.12164,6.25473,323073.7432960596,0
MCI,D,20100610,000000,6.20144,6.34342,6.13053,6.34342,250294.19344739596,0
MCI,D,20100611,000000,6.33452,6.33452,6.13934,6.20144,184023.6166739961,0
MCI,D,20100614,000000,6.24583,6.33452,6.21922,6.24583,244033.06585223615,0
MCI,D,20100615,000000,6.22812,6.28132,6.16594,6.16594,125936.34688589572,0
MCI,D,20100616,000000,6.26353,6.30792,6.14823,6.22812,177211.72134527192,0
MCI,D,20100617,000000,6.20144,6.20144,6.08614,6.12164,186169.4077639629,0
MCI,D,20100618,000000,6.12164,6.14823,5.92645,5.99745,160714.02465408464,0
MCI,D,20100621,000000,6.07724,6.11274,5.99745,6.04175,100558.07125871646,0
MCI,D,20100622,000000,6.02405,6.03295,5.89985,5.91755,152340.15203297188,0
MCI,D,20100623,000000,5.85546,5.88206,5.76677,5.81107,341651.13894918596,0
MCI,D,20100624,000000,5.85546,5.85546,5.67799,5.79337,419787.4557744967,0
MCI,D,20100625,000000,5.80227,5.83776,5.72238,5.82886,148457.23951134304,0
MCI,D,20100628,000000,5.83776,5.89985,5.76677,5.81997,134007.29725354808,0
MCI,D,20100629,000000,5.78447,5.78447,5.53609,5.55379,259731.04779428797,0
MCI,D,20100630,000000,5.57159,5.64258,5.33201,5.5006,300795.18847338064,0
MCI,D,20100701,000000,5.32311,5.57159,5.32311,5.45621,161860.72307536565,0
MCI,D,20100702,000000,5.54499,5.57159,5.46509,5.53609,166263.56033747928,0
MCI,D,20100705,000000,5.53609,5.55379,5.50949,5.53609,46949.64467996159,0
MCI,D,20100706,000000,5.55379,5.87316,5.55379,5.81997,220789.56596035237,0
MCI,D,20100707,000000,5.72238,5.78447,5.64258,5.77557,95421.6113754951,0
MCI,D,20100708,000000,5.91755,5.93535,5.84656,5.84656,242050.3020114044,0
MCI,D,20100709,000000,5.85546,5.91755,5.78447,5.82886,65249.45339537151,0
MCI,D,20100712,000000,5.82886,5.92645,5.79337,5.85546,65827.7595156141,0
MCI,D,20100713,000000,5.85546,5.93535,5.81107,5.89985,126805.4583694603,0
MCI,D,20100714,000000,5.99745,6.02405,5.85546,5.86436,147841.48118521806,0
MCI,D,20100715,000000,5.86436,5.89096,5.79337,5.79337,73990.13732703814,0
MCI,D,20100716,000000,5.80227,5.91755,5.80227,5.81997,84949.31368950207,0
MCI,D,20100719,000000,5.80227,5.80227,5.68688,5.78447,106929.35240058914,0
MCI,D,20100720,000000,5.81107,5.83776,5.74898,5.80227,70468.52843862752,0
MCI,D,20100721,000000,5.85546,5.96195,5.82886,5.94416,168320.12705460866,0
MCI,D,20100722,000000,5.92645,6.18373,5.89096,6.15713,456935.63786794664,0
MCI,D,20100723,000000,6.19263,6.26353,6.13053,6.13053,378303.630082428,0
MCI,D,20100726,000000,6.21034,6.22812,6.07724,6.21034,140470.00583919245,0
MCI,D,20100727,000000,6.21034,6.34342,6.17483,6.29903,444715.20339562034,0
MCI,D,20100728,000000,6.23693,6.32572,6.18373,6.20144,144091.85445511178,0
MCI,D,20100729,000000,6.20144,6.58299,6.05954,6.58299,931536.6000222372,0
MCI,D,20100730,000000,6.6539,6.6539,6.40551,6.49421,779283.4692911685,0
MCI,D,20100802,000000,6.5918,6.80478,6.5475,6.76038,1054254.2602731825,0
MCI,D,20100803,000000,6.74268,6.76038,6.5209,6.60959,489524.56466295075,0
MCI,D,20100804,000000,6.5652,6.64509,6.46761,6.58299,295311.74491801375,0
MCI,D,20100805,000000,6.5741,6.68939,6.5297,6.5652,192167.26838247894,0
MCI,D,20100806,000000,6.69829,7.00886,6.35231,6.5652,1260656.6714973666,0
MCI,D,20100809,000000,6.60959,6.85797,6.58299,6.68939,469978.9193342182,0
MCI,D,20100810,000000,6.68939,6.68939,6.35231,6.39661,388435.55330907827,0
MCI,D,20100811,000000,6.26353,6.38781,6.23693,6.27243,325850.7142086912,0
MCI,D,20100812,000000,6.23693,6.40551,6.10384,6.40551,426956.2485945707,0
MCI,D,20100813,000000,6.43212,6.47651,6.21034,6.40551,227612.47664374788,0
MCI,D,20100816,000000,6.40551,6.40551,6.22812,6.27243,184438.89554510365,0
MCI,D,20100817,000000,6.29903,6.33452,6.25473,6.27243,121568.75875873023,0
MCI,D,20100818,000000,6.31682,6.34342,6.26353,6.29903,302166.6001299559,0
MCI,D,20100819,000000,6.30792,6.37891,6.29903,6.29903,189644.7521627541,0
MCI,D,20100820,000000,6.29903,6.43212,6.29903,6.4233,177189.69063592935,0
MCI,D,20100823,000000,6.47651,6.71608,6.47651,6.60959,301480.34353393473,0
MCI,D,20100824,000000,6.5209,6.5741,6.25473,6.29022,426879.14111187164,0
MCI,D,20100825,000000,6.29903,6.33452,6.07724,6.12164,346472.5596888085,0
MCI,D,20100826,000000,6.23693,6.25473,6.12164,6.14823,160294.33964110856,0
MCI,D,20100827,000000,6.17483,6.21034,6.03295,6.17483,153430.67214542933,0
MCI,D,20100830,000000,6.22812,6.25473,6.17483,6.18373,100526.12673016972,0
MCI,D,20100831,000000,6.12164,6.29022,6.04175,6.25473,211268.99491795863,0
MCI,D,20100901,000000,6.27243,6.28132,6.12164,6.28132,116050.0660684152,0
MCI,D,20100902,000000,6.60959,6.60959,6.36112,6.38781,268610.5251948128,0
MCI,D,20100903,000000,6.37001,6.46761,6.29903,6.38781,223357.2451342295,0
MCI,D,20100906,000000,6.4499,6.4499,6.29903,6.37001,158884.37424318376,0
MCI,D,20100907,000000,6.34342,6.5652,6.34342,6.43212,278048.4810771719,0
MCI,D,20100908,000000,6.41441,6.67168,6.40551,6.61849,471927.53557556897,0
MCI,D,20100909,000000,6.62729,6.69829,6.58299,6.61849,280704.28308841935,0
MCI,D,20100910,000000,6.64509,6.64509,6.49421,6.5652,312593.73486179666,0
MCI,D,20100913,000000,6.61849,6.68939,6.5741,6.66279,304433.56012130686,0
MCI,D,20100914,000000,6.66279,6.66279,6.5475,6.5652,146334.5806661859,0
MCI,D,20100915,000000,6.5652,6.5652,6.43212,6.48541,60874.15451993611,0
MCI,D,20100916,000000,6.49421,6.5209,6.4233,6.46761,121066.45858571952,0
MCI,D,20100917,000000,6.48541,6.5741,6.45871,6.45871,146314.75302777762,0
MCI,D,20100920,000000,6.4499,6.5563,6.441,6.5209,84736.71734434622,0
MCI,D,20100921,000000,6.5297,6.60959,6.5209,6.60069,219170.3088236731,0
MCI,D,20100922,000000,6.60959,6.63619,6.5563,6.61849,258195.50735311047,0
MCI,D,20100923,000000,6.60959,6.60959,6.48541,6.5209,147103.45242224177,0
MCI,D,20100924,000000,6.47651,6.5209,6.35231,6.47651,166423.28298021294,0
MCI,D,20100927,000000,6.50311,6.5563,6.43212,6.43212,446716.6933393933,0
MCI,D,20100928,000000,6.43212,6.43212,6.34342,6.35231,111129.50713675107,0
MCI,D,20100929,000000,6.4233,6.47651,6.35231,6.36112,87292.27962808493,0
MCI,D,20100930,000000,6.32572,6.46761,6.32572,6.45871,98562.08899227915,0
MCI,D,20101001,000000,6.45871,6.45871,6.31682,6.40551,55190.23150955176,0
MCI,D,20101004,000000,6.39661,6.46761,6.36112,6.4233,93408.00454158374,0
MCI,D,20101005,000000,6.4233,6.68939,6.40551,6.67168,548582.2871975915,0
MCI,D,20101006,000000,6.74268,6.77818,6.5741,6.60069,264184.55568788946,0
MCI,D,20101007,000000,6.71608,6.71608,6.5386,6.5386,106666.08542394538,0
MCI,D,20101008,000000,6.5386,6.67168,6.47651,6.5652,146337.8852725873,0
MCI,D,20101011,000000,6.60959,6.60959,6.49421,6.50311,140775.13116358712,0
MCI,D,20101012,000000,6.43212,6.5386,6.43212,6.50311,166428.79065754858,0
MCI,D,20101013,000000,6.5563,6.66279,6.50311,6.5297,329934.1061853374,0
MCI,D,20101014,000000,6.5563,6.63619,6.512,6.5209,140325.70469299858,0
MCI,D,20101015,000000,6.5297,6.60959,6.50311,6.5652,121273.54725353974,0
MCI,D,20101018,000000,6.5297,6.60069,6.50311,6.58299,61439.24221457316,0
MCI,D,20101019,000000,6.58299,6.86687,6.5475,6.5652,549484.4447451701,0
MCI,D,20101020,000000,6.5652,6.73379,6.5652,6.67168,152227.7954153247,0
MCI,D,20101021,000000,6.69829,6.80478,6.61849,6.71608,588812.5655280678,0
MCI,D,20101022,000000,6.74268,6.76038,6.67168,6.72489,168576.78481844964,0
MCI,D,20101025,000000,6.74268,6.99996,6.74268,6.96446,582768.4404199322,0
MCI,D,20101026,000000,6.92896,6.99996,6.83137,6.87576,175206.9267950976,0
MCI,D,20101027,000000,6.91126,7.08865,6.89346,7.05315,399034.52757379104,0
MCI,D,20101028,000000,7.13304,7.35482,7.13304,7.27494,568523.3837590233,0
MCI,D,20101029,000000,7.23944,7.31933,7.20403,7.27494,202786.0702856001,0
MCI,D,20101102,000000,7.31043,7.44352,7.13304,7.20403,309640.5182744245,0
MCI,D,20101103,000000,7.22174,7.22174,6.86687,6.86687,587009.351968378,0
MCI,D,20101104,000000,6.88457,7.04426,6.77818,6.78698,407228.84991376183,0
MCI,D,20101105,000000,6.90236,6.90236,6.77818,6.82248,272328.20739637234,0
MCI,D,20101108,000000,6.95557,6.99106,6.87576,6.89346,217848.4662631186,0
MCI,D,20101109,000000,6.96446,6.96446,6.88457,6.89346,167491.77238332783,0
MCI,D,20101110,000000,6.91126,6.94667,6.69829,6.69829,345018.53287219856,0
MCI,D,20101112,000000,6.62729,6.74268,6.47651,6.74268,264975.45815328794,0
MCI,D,20101115,000000,7.05315,7.09755,6.80478,6.89346,565870.8863541773,0
MCI,D,20101116,000000,6.92896,6.94667,6.79588,6.80478,382385.9205236072,0
MCI,D,20101117,000000,6.81367,6.96446,6.77818,6.82248,281347.57980122254,0
MCI,D,20101118,000000,6.84907,6.95557,6.79588,6.81367,324538.78546734084,0
MCI,D,20101119,000000,6.91126,6.91126,6.72489,6.81367,205082.77173456355,0
MCI,D,20101122,000000,6.84027,6.93786,6.81367,6.87576,190073.24945946722,0
MCI,D,20101123,000000,6.87576,6.87576,6.76928,6.83137,334726.8870028146,0
MCI,D,20101124,000000,6.84027,6.96446,6.83137,6.87576,596511.1969078307,0
MCI,D,20101125,000000,6.97336,7.06205,6.66279,6.92007,640893.162413915,0
MCI,D,20101126,000000,6.97336,6.97336,6.83137,6.92007,154273.34677778283,0
MCI,D,20101129,000000,6.85797,6.92007,6.84907,6.89346,103430.87575698823,0
MCI,D,20101130,000000,6.89346,7.08865,6.83137,7.08865,250520.00821815734,0
MCI,D,20101201,000000,7.07095,7.25724,7.03545,7.25724,364190.75767757447,0
MCI,D,20101202,000000,7.26613,7.41691,7.21284,7.25724,377578.8197450573,0
MCI,D,20101203,000000,7.27494,7.28383,7.14185,7.18625,106587.87640577923,0
MCI,D,20101206,000000,7.23064,7.25724,7.08865,7.21284,130645.41100787112,0
MCI,D,20101207,000000,7.19514,7.31043,7.18625,7.23064,95043.78471026993,0
MCI,D,20101208,000000,7.16854,7.23064,7.00886,7.23064,159969.38667830557,0
MCI,D,20101209,000000,7.26613,7.31933,7.23944,7.28383,175065.9302553051,0
MCI,D,20101210,000000,7.29273,7.43462,7.24834,7.40803,248798.30828303512,0
MCI,D,20101213,000000,7.42581,7.7274,7.42581,7.7274,498000.88008250645,0
MCI,D,20101214,000000,7.71859,7.71859,7.47902,7.51451,241996.3267735151,0
MCI,D,20101215,000000,7.50561,7.6742,7.31043,7.6742,395925.99448555376,0
MCI,D,20101216,000000,7.6653,7.76289,7.55001,7.621,205639.04714546356,0
MCI,D,20101217,000000,7.62981,7.79839,7.5855,7.6653,137619.23205026324,0
MCI,D,20101220,000000,7.69199,7.69199,7.49681,7.54111,180682.65960219462,0
MCI,D,20101221,000000,7.6653,7.7097,7.49681,7.54111,332247.3306663078,0
MCI,D,20101222,000000,7.5589,7.69199,7.54111,7.5944,146861.11461947346,0
MCI,D,20101223,000000,7.5855,7.62981,7.54111,7.6121,133486.27097759617,0
MCI,D,20101227,000000,7.6121,7.62981,7.51451,7.52341,255026.38981418108,0
MCI,D,20101228,000000,7.5589,7.5589,7.31933,7.34593,211944.23615930855,0
MCI,D,20101229,000000,7.34593,7.40803,7.31933,7.32823,72477.72913067036,0
MCI,D,20101230,000000,7.35482,7.56771,7.35482,7.5589,318982.6405711434,0
MCI,D,20101231,000000,7.54111,7.62981,7.48791,7.62981,141688.30406583686,0
MCI,D,20110103,000000,7.69199,7.94037,7.5855,7.85168,204591.48691622412,0
MCI,D,20110104,000000,7.89598,7.89598,7.69199,7.69199,115399.0586073421,0
MCI,D,20110105,000000,7.7097,7.75409,7.11525,7.51451,417999.6637113468,0
MCI,D,20110107,000000,7.49681,7.50561,7.38142,7.45242,99507.20642307564,0
MCI,D,20110110,000000,7.85168,7.89598,7.48791,7.6121,571323.4869164645,0
MCI,D,20110111,000000,7.6831,7.69199,7.54111,7.5855,193383.3635381891,0
MCI,D,20110112,000000,7.6653,7.85168,7.62981,7.83388,297381.5300607486,0
MCI,D,20110113,000000,7.85168,7.89598,7.76289,7.80728,172586.37391879832,0
MCI,D,20110114,000000,7.80728,7.81618,7.6831,7.80728,94921.51427341864,0
MCI,D,20110117,000000,7.77179,7.80728,7.69199,7.7274,208510.7501082682,0
MCI,D,20110118,000000,7.7274,7.81618,7.7097,7.81618,377860.8128246423,0
MCI,D,20110119,000000,7.81618,8.07346,7.81618,7.84278,434397.1206750253,0
MCI,D,20110120,000000,7.88717,7.88717,7.6742,7.6742,245592.84007369046,0
MCI,D,20110121,000000,7.78958,7.78958,7.65649,7.6831,121698.73994385143,0
MCI,D,20110124,000000,7.6831,7.78958,7.6032,7.64759,113697.18631062818,0
MCI,D,20110125,000000,7.6831,7.76289,7.55001,7.5589,120820.81617654981,0
MCI,D,20110126,000000,7.5855,7.7097,7.5589,7.69199,79075.92657877157,0
MCI,D,20110127,000000,7.71859,7.71859,7.5855,7.6032,66189.06314883233,0
MCI,D,20110128,000000,7.6121,7.6121,7.23944,7.27494,525369.6302987874,0
MCI,D,20110131,000000,7.19514,7.41691,6.92896,7.38142,499209.2644899467,0
MCI,D,20110201,000000,7.45242,7.53221,7.38142,7.53221,232000.9939447888,0
MCI,D,20110202,000000,7.5589,7.5944,7.39921,7.40803,127303.3524006025,0
MCI,D,20110203,000000,7.48791,7.51451,7.38142,7.45242,85341.46031579991,0
MCI,D,20110204,000000,7.38142,7.49681,7.38142,7.38142,126775.71691184783,0
MCI,D,20110207,000000,7.45242,7.48791,7.32823,7.33703,129048.18458053445,0
MCI,D,20110208,000000,7.35482,7.35482,7.15074,7.20403,116749.54109004195,0
MCI,D,20110209,000000,7.20403,7.27494,7.06205,7.11525,293851.108888601,0
MCI,D,20110210,000000,7.13304,7.27494,7.07095,7.16854,123317.9970805307,0
MCI,D,20110211,000000,7.23064,7.23064,7.08865,7.20403,81237.13916527819,0
MCI,D,20110214,000000,7.25724,7.38142,7.20403,7.23064,72124.13624572204,0
MCI,D,20110215,000000,7.23064,7.24834,7.07975,7.12414,193579.436851338,0
MCI,D,20110216,000000,7.10644,7.18625,7.09755,7.15074,58458.487240522765,0
MCI,D,20110217,000000,7.11525,7.20403,7.06205,7.06205,115475.064554574,0
MCI,D,20110218,000000,7.03545,7.12414,7.02656,7.09755,137531.10921289294,0
MCI,D,20110221,000000,7.10644,7.15074,7.02656,7.07095,68679.63484001043,0
MCI,D,20110222,000000,7.08865,7.08865,6.92896,6.95557,137035.41825268502,0
MCI,D,20110223,000000,6.93786,7.13304,6.92896,7.13304,108768.91663069416,0
MCI,D,20110224,000000,7.09755,7.23064,7.02656,7.19514,109576.34212809954,0
MCI,D,20110225,000000,7.23064,7.42581,7.16854,7.36372,137992.65257361988,0
MCI,D,20110228,000000,7.42581,7.54111,7.38142,7.54111,217744.92192920853,0
MCI,D,20110301,000000,7.5589,7.6742,7.40803,7.47902,215355.69150100628,0
MCI,D,20110302,000000,7.44352,7.45242,7.30163,7.36372,118885.4183608046,0
MCI,D,20110303,000000,7.33703,7.42581,7.33703,7.39921,79747.8632137201,0
MCI,D,20110304,000000,7.42581,7.621,7.41691,7.44352,141049.4134949022,0
MCI,D,20110307,000000,7.44352,7.49681,7.39032,7.45242,72210.05601215808,0
MCI,D,20110308,000000,7.45242,7.48791,7.39032,7.41691,78602.26632790621,0
MCI,D,20110309,000000,7.48791,7.48791,7.39032,7.42581,83713.3908953836,0
MCI,D,20110310,000000,7.40803,7.44352,7.28383,7.31043,134104.2323746554,0
MCI,D,20110311,000000,7.23944,7.31933,7.20403,7.26613,72931.56174312741,0
MCI,D,20110314,000000,7.26613,7.30163,7.23064,7.23064,67952.62143170545,0
MCI,D,20110315,000000,7.19514,7.19514,7.01766,7.07095,269608.5163280315,0
MCI,D,20110316,000000,7.14185,7.34593,7.14185,7.18625,151584.49870252155,0
MCI,D,20110317,000000,7.23064,7.6387,7.23064,7.53221,605324.5821803277,0
MCI,D,20110318,000000,7.6121,7.621,7.39921,7.43462,148253.45544992422,0
MCI,D,20110321,000000,7.48791,7.53221,7.44352,7.47902,79138.71410039792,0
MCI,D,20110322,000000,7.47902,7.50561,7.31933,7.31933,162863.1203504528,0
MCI,D,20110323,000000,7.33703,7.41691,7.30163,7.36372,58845.12618948495,0
MCI,D,20110324,000000,7.40803,7.40803,7.30163,7.33703,71483.0426038531,0
MCI,D,20110325,000000,7.35482,7.36372,7.27494,7.36372,78779.61353811393,0
MCI,D,20110328,000000,7.36372,7.36372,7.27494,7.29273,64401.27108568237,0
MCI,D,20110329,000000,7.39921,7.62981,7.39032,7.62981,430201.3720807319,0
MCI,D,20110330,000000,7.71859,7.87827,7.69199,7.69199,567658.6784173272,0
MCI,D,20110331,000000,7.7097,7.75409,7.62981,7.62981,241866.3455883939,0
MCI,D,20110401,000000,7.75409,7.99357,7.7008,7.80728,585468.3038498649,0
MCI,D,20110404,000000,7.80728,7.84278,7.77179,7.78958,347601.6335426155,0
MCI,D,20110405,000000,7.80728,7.80728,7.62981,7.78069,203897.51957193302,0
MCI,D,20110406,000000,7.78069,7.78958,7.69199,7.7097,397908.7583263855,0
MCI,D,20110407,000000,7.7097,7.71859,7.5944,7.6032,398895.7341049328,0
MCI,D,20110408,000000,7.71859,7.74519,7.65649,7.71859,331275.77638430026,0
MCI,D,20110411,000000,7.71859,7.7274,7.6653,7.6831,161951.04898367022,0
MCI,D,20110412,000000,7.7097,8.16216,7.6387,7.86048,1830080.009733034,0
MCI,D,20110413,000000,7.91377,7.97587,7.71859,7.80728,629069.280709755,0
MCI,D,20110414,000000,7.80728,7.80728,7.65649,7.71859,225616.4943773106,0
MCI,D,20110415,000000,7.71859,7.74519,7.6032,7.6831,224215.3412631228,0
MCI,D,20110418,000000,7.6742,7.6742,7.40803,7.45242,426707.30157899956,0
MCI,D,20110419,000000,7.45242,7.5766,7.45242,7.53221,150614.0459559811,0
MCI,D,20110420,000000,7.5855,7.6742,7.54111,7.62981,154727.17939023988,0
MCI,D,20110421,000000,7.6831,7.6831,7.6032,7.62981,114307.43695941752,0
MCI,D,20110426,000000,7.621,7.62981,7.50561,7.51451,107730.16868519175,0
MCI,D,20110427,000000,7.54111,7.54111,7.46132,7.47012,92531.18230974926,0
MCI,D,20110428,000000,7.49681,7.71859,7.43462,7.62981,216894.53654858514,0
MCI,D,20110429,000000,7.65649,7.65649,7.55001,7.5944,57135.54314450113,0
MCI,D,20110502,000000,7.5589,7.5944,7.54111,7.55001,79513.23615922169,0
MCI,D,20110504,000000,7.51451,7.52341,7.44352,7.48791,133395.94506929163,0
MCI,D,20110505,000000,7.42581,7.45242,7.39921,7.43462,144455.36115926428,0
MCI,D,20110506,000000,7.39032,7.42581,7.31933,7.37252,95654.03535905926,0
MCI,D,20110509,000000,7.36372,7.40803,7.28383,7.40803,171107.01178644437,0
MCI,D,20110510,000000,7.39032,7.40803,7.36372,7.38142,96913.09039798743,0
MCI,D,20110511,000000,7.36372,7.37252,7.31933,7.31933,82372.82223188793,0
MCI,D,20110512,000000,7.29273,7.29273,7.15074,7.18625,227209.31466277875,0
MCI,D,20110513,000000,7.18625,7.18625,7.05315,7.11525,321437.9631273734,0
MCI,D,20110516,000000,7.18625,7.37252,7.09755,7.37252,190275.9319854189,0
MCI,D,20110517,000000,7.36372,7.36372,7.15074,7.15074,98046.57039366291,0
MCI,D,20110518,000000,7.19514,7.27494,7.18625,7.23064,59897.09256059291,0
MCI,D,20110519,000000,7.22174,7.34593,7.22174,7.27494,75330.70599053382,0
MCI,D,20110520,000000,7.27494,7.34593,7.18625,7.22174,87497.16522497087,0
MCI,D,20110523,000000,7.18625,7.18625,6.5563,6.90236,394601.948854065,0
MCI,D,20110524,000000,7.14185,7.24834,6.92896,6.99996,595159.6128896637,0
MCI,D,20110525,000000,6.99996,7.04426,6.80478,6.88457,352597.09688604437,0
MCI,D,20110526,000000,6.84907,6.95557,6.84027,6.89346,246023.5404413378,0
MCI,D,20110527,000000,6.92007,6.92007,6.78698,6.83137,200526.82104251906,0
MCI,D,20110530,000000,6.80478,6.81367,6.6539,6.73379,317419.5617432878,0
MCI,D,20110531,000000,6.73379,7.07095,6.68939,6.99996,604934.638624964,0
MCI,D,20110601,000000,7.05315,7.05315,6.86687,6.92007,229345.1919335414,0
MCI,D,20110602,000000,6.86687,6.92007,6.81367,6.88457,103924.36364626192,0
MCI,D,20110603,000000,6.84027,6.92007,6.82248,6.84907,144122.6974481914,0
MCI,D,20110606,000000,6.86687,6.94667,6.81367,6.84907,131416.48583486126,0
MCI,D,20110607,000000,6.84027,6.92007,6.80478,6.80478,253173.60715847052,0
MCI,D,20110608,000000,6.83137,6.83137,6.75149,6.75149,101440.4011678866,0
MCI,D,20110609,000000,6.78698,6.78698,6.5741,6.58299,229021.34050620554,0
MCI,D,20110610,000000,6.60959,6.60959,6.37891,6.441,231713.4931878682,0
MCI,D,20110613,000000,6.38781,6.38781,6.21034,6.29903,212631.59429079687,0
MCI,D,20110614,000000,6.29022,6.5297,6.28132,6.512,168462.22512986825,0
MCI,D,20110615,000000,6.5209,6.63619,6.37891,6.37891,302825.3183392989,0
MCI,D,20110616,000000,6.33452,6.38781,6.29903,6.35231,98457.44312290192,0
MCI,D,20110617,000000,6.33452,6.41441,6.31682,6.38781,61703.610726684055,0
MCI,D,20110620,000000,6.38781,6.39661,6.29903,6.33452,91102.49080888327,0
MCI,D,20110621,000000,6.30792,6.34342,6.21922,6.27243,132712.9930796718,0
MCI,D,20110622,000000,6.28132,6.31682,6.26353,6.27243,82955.53449399905,0
MCI,D,20110624,000000,6.25473,6.25473,5.98855,5.98855,277627.6945287287,0
MCI,D,20110627,000000,6.04175,6.06835,5.62478,5.81997,645937.0933178976,0
MCI,D,20110628,000000,5.80227,5.92645,5.70467,5.89985,197813.73918698094,0
MCI,D,20110629,000000,6.01515,6.37001,5.96195,6.25473,405098.48032033484,0
MCI,D,20110630,000000,6.29022,6.512,6.25473,6.37891,317457.0139491701,0
MCI,D,20110701,000000,6.46761,6.46761,6.21034,6.26353,119862.48032014779,0
MCI,D,20110704,000000,6.30792,6.37001,6.29022,6.34342,75317.48756492828,0
MCI,D,20110705,000000,6.34342,6.35231,6.30792,6.34342,39964.80828289818,0
MCI,D,20110706,000000,6.34342,6.34342,6.21922,6.23693,97762.37424314368,0
MCI,D,20110707,000000,6.21034,6.34342,5.98855,6.33452,182637.88505634814,0
MCI,D,20110708,000000,6.33452,6.33452,6.21034,6.21034,64968.561851253675,0
MCI,D,20110711,000000,6.21034,6.21922,5.98855,5.98855,118920.66749575271,0
MCI,D,20110712,000000,5.93535,6.12164,5.69577,6.08614,269614.02400536713,0
MCI,D,20110713,000000,6.08614,6.24583,6.03295,6.21034,151370.8008218986,0
MCI,D,20110714,000000,6.21034,6.27243,6.12164,6.20144,94626.30276822814,0
MCI,D,20110715,000000,6.12164,6.24583,6.11274,6.21034,79549.58682963693,0
MCI,D,20110718,000000,6.24583,6.24583,5.90866,5.94416,114030.9515571682,0
MCI,D,20110719,000000,6.00625,6.12164,5.87316,5.87316,123075.65927776237,0
MCI,D,20110720,000000,5.95305,6.05954,5.94416,5.94416,105225.27703294097,0
MCI,D,20110721,000000,6.00625,6.05065,5.90866,6.00625,145847.70198971502,0
MCI,D,20110722,000000,6.00625,6.10384,6.00625,6.05065,80341.59083050251,0
MCI,D,20110725,000000,6.03295,6.07724,5.94416,6.06835,91233.5735294716,0
MCI,D,20110726,000000,6.09504,6.28132,6.09504,6.25473,173750.69690755339,0
MCI,D,20110727,000000,6.26353,6.26353,6.12164,6.18373,79406.3872189102,0
MCI,D,20110728,000000,6.12164,6.21034,6.11274,6.21034,95288.32558397252,0
MCI,D,20110729,000000,6.19263,6.19263,6.08614,6.16594,75899.09829157226,0
MCI,D,20110801,000000,6.21034,6.24583,6.07724,6.10384,106790.55893173092,0
MCI,D,20110802,000000,6.03295,6.03295,5.87316,5.94416,84083.50681233886,0
MCI,D,20110803,000000,5.81107,5.81107,5.35861,5.45621,340307.2656792889,0
MCI,D,20110804,000000,5.55379,5.55379,4.66667,4.74647,418904.0243298595,0
MCI,D,20110805,000000,4.29401,4.79086,4.2763,4.44479,1091262.5473623073,0
MCI,D,20110808,000000,4.3384,4.52469,3.91254,3.99234,764463.4111164182,0
MCI,D,20110809,000000,4.04562,4.16092,3.327,3.72617,962007.2741139526,0
MCI,D,20110810,000000,4.01013,4.16092,3.50439,3.63747,1404563.4679940005,0
MCI,D,20110811,000000,3.81495,4.19641,3.59317,4.18752,885540.885056809,0
MCI,D,20110812,000000,4.2408,4.56018,4.04562,4.41819,1083732.4509090153,0
MCI,D,20110816,000000,4.51579,4.54239,4.2763,4.51579,579742.5224917296,0
MCI,D,20110817,000000,4.4803,4.52469,4.3916,4.43599,288405.1175391165,0
MCI,D,20110818,000000,4.3827,4.3827,3.69076,3.85925,746207.6638196935,0
MCI,D,20110819,000000,3.72617,4.08113,3.69076,3.93024,551677.6018602233,0
MCI,D,20110822,000000,3.93024,4.08113,3.84155,3.93914,314127.0722320399,0
MCI,D,20110823,000000,3.95684,4.11653,3.90364,3.97463,530794.6924743966,0
MCI,D,20110824,000000,4.15202,4.15202,3.98353,4.04562,211960.75919131548,0
MCI,D,20110825,000000,4.08993,4.09883,3.90364,3.93024,184600.82125877158,0
MCI,D,20110826,000000,3.90364,4.00123,3.85045,3.97463,132189.76373278565,0
MCI,D,20110829,000000,4.03673,4.07223,3.97463,4.03673,301967.2222104056,0
MCI,D,20110830,000000,4.08113,4.19641,3.99234,4.08113,386348.14359886927,0
MCI,D,20110831,000000,4.12542,4.3739,4.08993,4.30291,675092.5340618613,0
MCI,D,20110901,000000,4.3384,4.3384,4.03673,4.08113,646876.7030713585,0
MCI,D,20110902,000000,3.99234,4.00123,3.78834,3.90364,582580.0778550534,0
MCI,D,20110905,000000,3.73505,3.87704,3.61087,3.62857,377783.70534194325,0
MCI,D,20110906,000000,3.61977,3.81495,3.56648,3.68186,522678.5791525919,0
MCI,D,20110907,000000,3.85925,3.88594,3.78834,3.85045,224579.9495027424,0
MCI,D,20110908,000000,3.85045,3.88594,3.74395,3.85925,102869.09266875258,0
MCI,D,20110909,000000,3.81495,3.81495,3.65526,3.71735,145153.7346454239,0
MCI,D,20110912,000000,3.53988,3.63747,3.42458,3.54878,590443.9395548854,0
MCI,D,20110913,000000,3.62857,3.63747,3.47778,3.55767,553230.7668688749,0
MCI,D,20110914,000000,3.53098,3.59317,3.49557,3.54878,145704.50237898828,0
MCI,D,20110915,000000,3.59317,3.72617,3.55767,3.70846,237103.30622852917,0
MCI,D,20110916,000000,3.76166,3.78834,3.60197,3.63747,174909.5122189728,0
MCI,D,20110919,000000,3.54878,3.57538,3.48668,3.53988,214745.44085221694,0
MCI,D,20110920,000000,3.47778,3.67296,3.47778,3.61087,150527.02465407795,0
MCI,D,20110921,000000,3.65526,3.65526,3.56648,3.60197,84541.74556666444,0
MCI,D,20110922,000000,3.49557,3.55767,3.46008,3.48668,445411.3738108457,0
MCI,D,20110923,000000,3.44228,3.54878,3.37129,3.53988,370346.1378678899,0
MCI,D,20110926,000000,3.46008,3.61087,3.44228,3.55767,258229.6549525915,0
MCI,D,20110927,000000,3.65526,3.67296,3.55767,3.55767,106211.1512760212,0
MCI,D,20110928,000000,3.54878,3.54878,3.38909,3.38909,463363.09731864295,0
MCI,D,20110929,000000,3.38909,3.53988,3.38019,3.41569,324186.2941178596,0
MCI,D,20110930,000000,3.42458,3.46008,3.327,3.37129,165231.4216047796,0
MCI,D,20111003,000000,3.3447,3.37129,3.27371,3.327,150065.481293351,0
MCI,D,20111004,000000,3.3092,3.3358,3.15841,3.2294,192119.9023573924,0
MCI,D,20111005,000000,3.23821,3.47778,3.23821,3.3447,215251.04563162904,0
MCI,D,20111006,000000,3.41569,3.51327,3.38909,3.46008,95095.556877225,0
MCI,D,20111007,000000,3.50439,3.59317,3.46888,3.49557,199762.35542833168,0
MCI,D,20111010,000000,3.53098,3.63747,3.52217,3.63747,340002.1403548942,0
MCI,D,20111011,000000,3.64637,3.65526,3.54878,3.56648,124720.25173018558,0
MCI,D,20111012,000000,3.54878,3.62857,3.52217,3.61087,149000.2964966375,0
MCI,D,20111013,000000,3.66407,3.67296,3.53098,3.56648,170082.58380201465,0
MCI,D,20111014,000000,3.59317,3.78834,3.56648,3.75285,182276.58142312992,0
MCI,D,20111017,000000,3.83265,3.89474,3.61977,3.64637,254385.29617231214,0
MCI,D,20111018,000000,3.60197,3.67296,3.54878,3.67296,138717.4629109906,0
MCI,D,20111019,000000,3.69076,3.75285,3.63747,3.69956,80054.0900735819,0
MCI,D,20111020,000000,3.64637,3.69076,3.59317,3.60197,73373.27746544604,0
MCI,D,20111021,000000,3.64637,3.79716,3.61977,3.79716,160609.3787847074,0
MCI,D,20111024,000000,3.84155,4.04562,3.80605,3.96573,476502.2123705547,0
MCI,D,20111025,000000,3.96573,3.99234,3.77056,3.78834,400783.7658955915,0
MCI,D,20111026,000000,3.78834,3.90364,3.78834,3.81495,78275.11029416898,0
MCI,D,20111027,000000,3.92134,4.07223,3.92134,4.03673,400045.7371326153,0
MCI,D,20111028,000000,4.06333,4.17871,3.93024,4.01013,299550.45339552517,0
MCI,D,20111031,000000,3.97463,3.97463,3.89474,3.92134,242571.3282873563,0
MCI,D,20111102,000000,3.64637,3.86815,3.64637,3.81495,317005.3844076473,0
MCI,D,20111103,000000,3.77056,3.93914,3.76166,3.87704,120023.3044983486,0
MCI,D,20111104,000000,3.90364,3.93914,3.77945,3.78834,127087.45144904527,0
MCI,D,20111107,000000,3.80605,3.93024,3.73505,3.87704,191193.51102953716,0
MCI,D,20111108,000000,3.83265,3.90364,3.71735,3.71735,281988.6734430915,0
MCI,D,20111109,000000,3.76166,3.76166,3.55767,3.55767,214976.76330031396,0
MCI,D,20111110,000000,3.47778,3.57538,3.47778,3.57538,131902.26297586504,0
MCI,D,20111114,000000,3.64637,3.71735,3.64637,3.68186,86546.54011683876,0
MCI,D,20111115,000000,3.65526,3.65526,3.51327,3.54878,331027.93090419634,0
MCI,D,20111116,000000,3.52217,3.58427,3.52217,3.56648,43359.74059258898,0
MCI,D,20111117,000000,3.56648,3.59317,3.53988,3.55767,82345.2838452097,0
MCI,D,20111118,000000,3.54878,3.55767,3.51327,3.51327,154494.7554066757,0
MCI,D,20111121,000000,3.51327,3.54878,3.327,3.51327,216229.20912643938,0
MCI,D,20111122,000000,3.53988,3.56648,3.53988,3.55767,115222.8129326015,0
MCI,D,20111123,000000,3.55767,3.59317,3.53988,3.53988,93779.22199400613,0
MCI,D,20111124,000000,3.53988,3.54878,3.53098,3.54878,97126.7882786104,0
MCI,D,20111125,000000,3.54878,3.58427,3.52217,3.58427,37625.14695071671,0
MCI,D,20111128,000000,3.55767,3.66407,3.55767,3.62857,96352.40884521889,0
MCI,D,20111129,000000,3.64637,3.65526,3.57538,3.58427,41862.753892761015,0
MCI,D,20111130,000000,3.55767,3.61977,3.37129,3.37129,626501.6015358779,0
MCI,D,20111201,000000,3.46008,3.56648,3.41569,3.54878,210231.34850792334,0
MCI,D,20111202,000000,3.57538,3.57538,3.51327,3.53098,151265.0534170542,0
MCI,D,20111205,000000,3.52217,3.54878,3.46008,3.53098,133584.30763417063,0
MCI,D,20111206,000000,3.53988,3.54878,3.49557,3.53098,62725.83564017954,0
MCI,D,20111207,000000,3.52217,3.54878,3.52217,3.53988,17765.56401385248,0
MCI,D,20111208,000000,3.49557,3.57538,3.49557,3.53098,107360.05276823649,0
MCI,D,20111209,000000,3.50439,3.53988,3.47778,3.53098,174267.31704163676,0
MCI,D,20111212,000000,3.50439,3.51327,3.46008,3.50439,85315.02346458881,0
MCI,D,20111213,000000,3.50439,3.51327,3.42458,3.42458,55460.107698998305,0
MCI,D,20111214,000000,3.42458,3.42458,3.38909,3.38909,49291.509083077304,0
MCI,D,20111215,000000,3.40679,3.45118,3.38909,3.44228,72073.46561423411,0
MCI,D,20111216,000000,3.39799,3.41569,3.37129,3.38909,100962.3347751527,0
MCI,D,20111219,000000,3.38019,3.41569,3.327,3.327,88552.43620248021,0
MCI,D,20111220,000000,3.30039,3.30039,3.2028,3.2471,191763.0048660427,0
MCI,D,20111221,000000,3.26489,3.26489,3.04303,3.09632,235435.58153129625,0
MCI,D,20111222,000000,3.05193,3.12292,2.84784,3.03422,452257.4167390509,0
MCI,D,20111223,000000,3.06082,3.2826,3.03422,3.2826,265720.09612906695,0
MCI,D,20111227,000000,3.18501,3.41569,3.18501,3.41569,230404.86905291924,0
MCI,D,20111228,000000,3.37129,3.50439,3.37129,3.48668,131502.4056012973,0
MCI,D,20111229,000000,3.49557,3.50439,3.40679,3.40679,160107.07861169666,0
MCI,D,20111230,000000,3.45118,3.54878,3.327,3.51327,144114.9866999215,0
MCI,D,20120102,000000,3.44228,3.49557,3.41569,3.41569,59630.52097754775,0
MCI,D,20120103,000000,3.46008,3.48668,3.38909,3.40679,36270.25832614835,0
MCI,D,20120104,000000,3.38909,3.40679,3.327,3.35359,35120.255298465934,0
MCI,D,20120105,000000,3.36249,3.40679,3.327,3.40679,44231.05514708783,0
MCI,D,20120109,000000,3.40679,3.46008,3.327,3.45118,89065.75173016221,0
MCI,D,20120110,000000,3.38909,3.46008,3.37129,3.45118,115165.53308831081,0
MCI,D,20120111,000000,3.53988,3.54878,3.41569,3.41569,146030.55687725838,0
MCI,D,20120112,000000,3.42458,3.49557,3.40679,3.40679,47156.73334778179,0
MCI,D,20120113,000000,3.41569,3.49557,3.40679,3.46888,56215.76102944862,0
MCI,D,20120116,000000,3.41569,3.51327,3.41569,3.51327,40497.9514489885,0
MCI,D,20120117,000000,3.52217,3.80605,3.51327,3.80605,390394.0833696332,0
MCI,D,20120118,000000,3.83265,3.85925,3.77056,3.77945,81898.06044555544,0
MCI,D,20120119,000000,3.81495,3.81495,3.69076,3.76166,37859.77400521514,0
MCI,D,20120120,000000,3.76166,3.76166,3.70846,3.75285,17226.91317042652,0
MCI,D,20120123,000000,3.69956,3.75285,3.60197,3.67296,126707.42171288584,0
MCI,D,20120124,000000,3.73505,3.74395,3.60197,3.64637,41924.439878920224,0
MCI,D,20120125,000000,3.65526,3.73505,3.64637,3.68186,82607.44928638634,0
MCI,D,20120126,000000,3.72617,3.90364,3.70846,3.77056,1089104.6393822022,0
MCI,D,20120127,000000,3.77945,4.01013,3.74395,3.94803,645435.894680354,0
MCI,D,20120130,000000,3.94803,3.96573,3.83265,3.90364,232089.1167821591,0
MCI,D,20120131,000000,3.93024,4.12542,3.93024,3.95684,501883.7926041353,0
MCI,D,20120201,000000,4.01013,4.24962,4.01013,4.17871,456626.1064016835,0
MCI,D,20120202,000000,4.25851,4.28511,4.16982,4.25851,283527.5184906703,0
MCI,D,20120203,000000,4.2408,4.30291,4.15202,4.21412,216408.75940758135,0
MCI,D,20120206,000000,4.16092,4.25851,4.15202,4.22301,167809.0145978609,0
MCI,D,20120207,000000,4.21412,4.22301,4.01013,4.14322,381519.0121109768,0
MCI,D,20120208,000000,4.18752,4.3827,4.16982,4.25851,337718.65733153635,0
MCI,D,20120209,000000,4.3561,4.365,4.18752,4.18752,230698.97902264263,0
MCI,D,20120210,000000,4.16092,4.16092,4.04562,4.08113,166890.33401827552,0
MCI,D,20120213,000000,4.10772,4.365,4.10772,4.32061,207777.12748716047,0
MCI,D,20120214,000000,4.3384,4.55129,4.3384,4.4093,530800.2001517322,0
MCI,D,20120215,000000,4.48918,4.60448,4.4803,4.59568,329854.7956317042,0
MCI,D,20120216,000000,4.56908,4.58678,4.41819,4.58678,361554.7833047353,0
MCI,D,20120217,000000,4.63117,4.87065,4.63117,4.83516,328348.99664813915,0
MCI,D,20120220,000000,4.87955,4.94164,4.83516,4.94164,278387.7540010476,0
MCI,D,20120221,000000,4.94164,4.94164,4.74647,4.79086,263063.19258235244,0
MCI,D,20120222,000000,4.75536,4.79086,4.60448,4.70208,303152.4743730362,0
MCI,D,20120223,000000,4.67547,4.87065,4.62228,4.64887,162745.25605547003,0
MCI,D,20120224,000000,4.64887,4.82636,4.64887,4.76426,62725.83564017954,0
MCI,D,20120227,000000,4.79086,4.79086,4.63998,4.68437,103754.72718432409,0
MCI,D,20120228,000000,4.70208,4.76426,4.68437,4.70208,107716.9502595862,0
MCI,D,20120229,000000,4.76426,4.80856,4.65777,4.65777,156267.12597328587,0
MCI,D,20120301,000000,4.61338,4.63998,4.54239,4.54239,185534.92333489677,0
MCI,D,20120302,000000,4.61338,4.61338,4.47148,4.53358,138534.60802344725,0
MCI,D,20120305,000000,4.51579,4.51579,4.44479,4.46259,126709.62478382012,0
MCI,D,20120306,000000,4.42709,4.42709,4.19641,4.24962,393804.4371758638,0
MCI,D,20120307,000000,4.18752,4.48918,4.18752,4.48918,163169.3472103146,0
MCI,D,20120308,000000,4.56018,4.68437,4.52469,4.56908,244451.64932974507,0
MCI,D,20120309,000000,4.68437,4.69327,4.48918,4.56018,142095.8721886745,0
MCI,D,20120312,000000,4.4803,4.52469,4.3472,4.43599,88128.34504763565,0
MCI,D,20120313,000000,4.46259,4.59568,4.4093,4.43599,175369.95404423264,0
MCI,D,20120314,000000,4.48918,4.66667,4.48918,4.66667,291781.3237458661,0
MCI,D,20120315,000000,4.70208,4.92394,4.70208,4.84406,339901.90062738553,0
MCI,D,20120316,000000,4.91505,5.05704,4.91505,4.96825,251487.1563582964,0
MCI,D,20120319,000000,5.00375,5.00375,4.79086,4.86185,94306.85748276081,0
MCI,D,20120320,000000,4.79086,4.79966,4.4803,4.53358,381476.0522277588,0
MCI,D,20120321,000000,4.51579,4.58678,4.3827,4.42709,253159.28719739785,0
MCI,D,20120322,000000,4.44479,4.48918,4.09883,4.14322,621300.151060096,0
MCI,D,20120323,000000,4.16982,4.31171,4.12542,4.25851,235216.37597333765,0
MCI,D,20120326,000000,4.365,4.59568,4.30291,4.58678,163086.73205027994,0
MCI,D,20120327,000000,4.72876,4.76426,4.52469,4.56018,244884.55276832668,0
MCI,D,20120328,000000,4.53358,4.53358,4.365,4.3916,133262.65927776904,0
MCI,D,20120329,000000,4.43599,4.43599,4.28511,4.3472,104091.79703726548,0
MCI,D,20120330,000000,4.43599,4.49808,4.3916,4.41819,44050.403330478715,0
MCI,D,20120402,000000,4.49808,4.49808,4.3561,4.365,30677.76275953569,0
MCI,D,20120403,000000,4.41819,4.41819,4.30291,4.32061,60038.08910038539,0
MCI,D,20120404,000000,4.31171,4.3916,4.22301,4.24962,71652.67906579093,0
MCI,D,20120405,000000,4.2674,4.29401,4.17871,4.24962,81460.75086510532,0
MCI,D,20120410,000000,4.24962,4.25851,3.81495,3.81495,86478.24491787677,0
MCI,D,20120411,000000,3.90364,4.05443,3.86815,4.05443,230251.75562298833,0
MCI,D,20120412,000000,3.95684,4.22301,3.95684,4.17871,159139.93047155763,0
MCI,D,20120413,000000,4.18752,4.18752,4.08113,4.08113,68615.74578291696,0
MCI,D,20120416,000000,4.07223,4.12542,3.96573,4.01894,63111.3730536746,0
MCI,D,20120417,000000,4.05443,4.10772,3.96573,4.08113,125636.7292388367,0
MCI,D,20120418,000000,4.09883,4.11653,4.00123,4.00123,113485.69150093947,0
MCI,D,20120419,000000,3.99234,4.08993,3.92134,3.99234,108892.28860301258,0
MCI,D,20120420,000000,3.92134,3.98353,3.84155,3.91254,52865.991673910095,0
MCI,D,20120423,000000,4.07223,4.07223,3.72617,3.92134,407234.3575910975,0
MCI,D,20120424,000000,3.85925,4.07223,3.85045,4.01894,41658.96983134219,0
MCI,D,20120425,000000,4.01013,4.21412,4.01013,4.13432,71159.19117651726,0
MCI,D,20120426,000000,4.20531,4.30291,4.16982,4.16982,38250.819096045845,0
MCI,D,20120427,000000,4.16982,4.2763,4.08113,4.21412,58745.987997443364,0
MCI,D,20120430,000000,4.24962,4.24962,4.15202,4.21412,15699.083477518945,0
MCI,D,20120502,000000,4.21412,4.21412,4.12542,4.21412,25480.718425622243,0
MCI,D,20120504,000000,4.14322,4.21412,4.13432,4.18752,10152.85240052569,0
MCI,D,20120507,000000,4.13432,4.25851,4.11653,4.2408,31243.951989639867,0
MCI,D,20120508,000000,4.25851,4.30291,4.12542,4.18752,91414.2253460807,0
MCI,D,20120509,000000,4.13432,4.20531,4.00123,4.18752,86358.17755195974,0
MCI,D,20120510,000000,4.16982,4.20531,4.08113,4.17871,14939.024005200108,0
MCI,D,20120511,000000,4.16982,4.18752,4.06333,4.16982,30143.518057978246,0
MCI,D,20120514,000000,4.16982,4.16982,3.92134,3.92134,101006.39619383786,0
MCI,D,20120515,000000,3.93024,4.08113,3.81495,3.98353,100317.93652688239,0
MCI,D,20120516,000000,3.84155,3.93914,3.73505,3.90364,119791.98205025156,0
MCI,D,20120517,000000,3.84155,3.96573,3.61087,3.71735,89280.55114625231,0
MCI,D,20120518,000000,3.59317,3.85925,3.59317,3.84155,77216.53471025825,0
MCI,D,20120521,000000,3.84155,4.03673,3.84155,4.01894,93985.2091263592,0
MCI,D,20120522,000000,4.03673,4.08113,3.93024,4.06333,34438.40484431324,0
MCI,D,20120523,000000,3.97463,3.99234,3.81495,3.97463,59250.49124138833,0
MCI,D,20120524,000000,3.90364,3.96573,3.86815,3.93914,40285.35510383265,0
MCI,D,20120525,000000,3.96573,3.99234,3.87704,3.97463,17497.890895340195,0
MCI,D,20120528,000000,3.98353,4.05443,3.93024,3.94803,36856.27519466084,0
MCI,D,20120529,000000,3.94803,4.03673,3.90364,4.00123,42254.90051905885,0
MCI,D,20120530,000000,3.91254,4.05443,3.77056,3.98353,20941.29076558467,0
MCI,D,20120531,000000,3.94803,4.00123,3.94803,4.00123,21460.113970602306,0
MCI,D,20120601,000000,3.94803,3.94803,3.85045,3.85925,27834.699718876385,0
MCI,D,20120604,000000,3.87704,3.94803,3.77056,3.85925,63297.53254761936,0
MCI,D,20120605,000000,3.91254,3.91254,3.76166,3.84155,35928.78233133844,0
MCI,D,20120606,000000,3.83265,3.91254,3.83265,3.91254,27466.78687285538,0
MCI,D,20120608,000000,3.88594,3.94803,3.88594,3.94803,16870.015679076805,0
MCI,D,20120611,000000,3.95684,4.12542,3.95684,4.04562,88177.91414365644,0
MCI,D,20120612,000000,3.99234,4.12542,3.99234,4.09883,55734.390030313356,0
MCI,D,20120613,000000,4.10772,4.11653,4.00123,4.09883,99120.56747411344,0
MCI,D,20120614,000000,4.09883,4.12542,4.01013,4.07223,43792.64403117058,0
MCI,D,20120615,000000,4.08113,4.25851,4.04562,4.11653,106577.96258657509,0
MCI,D,20120618,000000,4.23191,4.24962,4.12542,4.24962,128040.27962811163,0
MCI,D,20120619,000000,4.21412,4.3916,4.18752,4.3827,171869.27432969748,0
MCI,D,20120620,000000,4.41819,4.46259,4.3472,4.3472,83202.27843863587,0
MCI,D,20120621,000000,4.3472,4.3916,4.24962,4.3472,91711.63992220546,0
MCI,D,20120625,000000,4.25851,4.3739,4.15202,4.22301,155464.106617749,0
MCI,D,20120626,000000,4.21412,4.3295,4.12542,4.25851,78680.47534607234,0
MCI,D,20120627,000000,4.32061,4.32061,4.16092,4.21412,39026.30006490448,0
MCI,D,20120628,000000,4.20531,4.24962,4.14322,4.19641,88560.14695075012,0
MCI,D,20120629,000000,4.16982,4.25851,4.16982,4.24962,72650.67019900959,0
MCI,D,20120702,000000,4.25851,4.30291,4.16092,4.28511,84282.88473188918,0
MCI,D,20120703,000000,4.2674,4.29401,4.05443,4.15202,143055.30958054363,0
MCI,D,20120704,000000,4.15202,4.25851,4.03673,4.20531,130700.48778122757,0
MCI,D,20120705,000000,4.10772,4.2408,3.87704,4.2408,333303.70317928435,0
MCI,D,20120706,000000,4.13432,4.32061,4.11653,4.30291,165534.34385824003,0
MCI,D,20120709,000000,4.25851,4.3384,4.21412,4.30291,61011.846453327205,0
MCI,D,20120710,000000,4.23191,4.29401,4.21412,4.21412,65885.0393599048,0
MCI,D,20120711,000000,4.20531,4.30291,4.09883,4.10772,134149.39532880767,0
MCI,D,20120712,000000,4.08113,4.12542,3.99234,3.99234,83174.74005195765,0
MCI,D,20120713,000000,3.96573,4.20531,3.96573,4.08993,63265.588019072624,0
MCI,D,20120716,000000,4.08113,4.10772,4.08113,4.08113,34687.35185988434,0
MCI,D,20120717,000000,4.08113,4.10772,4.03673,4.03673,25423.43858133155,0
MCI,D,20120718,000000,4.10772,4.21412,4.03673,4.21412,66246.34299312302,0
MCI,D,20120719,000000,4.10772,4.21412,4.10772,4.11653,13808.84861592601,0
MCI,D,20120720,000000,4.10772,4.16092,4.03673,4.15202,82098.53990057287,0
MCI,D,20120723,000000,4.07223,4.07223,3.94803,3.94803,67876.61548447357,0
MCI,D,20120724,000000,3.95684,4.01013,3.93024,3.98353,17451.626405720785,0
MCI,D,20120725,000000,3.92134,3.99234,3.90364,3.98353,10539.49134948788,0
MCI,D,20120726,000000,3.93914,3.98353,3.90364,3.92134,38902.928092586066,0
MCI,D,20120727,000000,3.92134,3.96573,3.90364,3.90364,22122.136786346684,0
MCI,D,20120730,000000,3.90364,4.01013,3.90364,3.99234,48838.77800608739,0
MCI,D,20120731,000000,3.99234,4.04562,3.99234,3.99234,29777.8082828915,0
MCI,D,20120801,000000,3.96573,4.01013,3.94803,4.01013,16199.180579595397,0
MCI,D,20120802,000000,3.95684,3.99234,3.94803,3.99234,21577.978265585083,0
MCI,D,20120803,000000,3.94803,4.01013,3.93914,4.00123,12705.110077863003,0
MCI,D,20120806,000000,4.00123,4.01013,3.94803,4.01013,22009.780168699555,0
MCI,D,20120807,000000,4.00123,4.05443,4.00123,4.03673,41276.73702424852,0
MCI,D,20120808,000000,4.00123,4.00123,3.96573,4.00123,10726.752378899768,0
MCI,D,20120809,000000,4.03673,4.08113,4.01013,4.05443,18832.951881500238,0
MCI,D,20120810,000000,4.05443,4.05443,4.00123,4.03673,15138.40192475041,0
MCI,D,20120813,000000,4.03673,4.03673,4.01013,4.01013,25267.020544999268,0
MCI,D,20120814,000000,4.00123,4.03673,4.00123,4.03673,24842.9293901547,0
MCI,D,20120816,000000,4.01013,4.01013,3.90364,3.98353,40908.824178227514,0
MCI,D,20120817,000000,3.98353,4.03673,3.92134,3.93024,22230.087262125304,0
MCI,D,20120820,000000,3.91254,3.98353,3.91254,3.93914,26866.45004327021,0
MCI,D,20120821,000000,3.94803,3.97463,3.75285,3.93914,35373.608455905545,0
MCI,D,20120822,000000,3.86815,3.86815,3.74395,3.77056,34532.03535901918,0
MCI,D,20120823,000000,3.81495,3.91254,3.66407,3.89474,84494.3795415779,0
MCI,D,20120824,000000,3.89474,3.90364,3.84155,3.84155,13776.904087379276,0
MCI,D,20120827,000000,3.80605,3.93914,3.80605,3.89474,29515.642841714856,0
MCI,D,20120828,000000,3.89474,3.93024,3.82375,3.88594,13188.684147932525,0
MCI,D,20120829,000000,3.90364,3.90364,3.83265,3.90364,9432.448205023487,0
MCI,D,20120830,000000,3.89474,3.90364,3.77056,3.89474,19760.444744822646,0
MCI,D,20120831,000000,3.89474,3.90364,3.86815,3.90364,15823.556985304494,0
MCI,D,20120903,000000,3.88594,3.99234,3.85925,3.98353,25843.123594307606,0
MCI,D,20120904,000000,3.97463,3.98353,3.92134,3.97463,17462.641760392075,0
MCI,D,20120905,000000,3.93914,3.97463,3.89474,3.96573,30580.827638428356,0
MCI,D,20120906,000000,3.92134,3.98353,3.90364,3.97463,41662.27443774359,0
MCI,D,20120907,000000,4.00123,4.02784,3.99234,4.02784,106647.35932100419,0
MCI,D,20120910,000000,4.03673,4.07223,4.00123,4.06333,48510.52043688302,0
MCI,D,20120911,000000,4.02784,4.06333,3.99234,4.06333,30492.704801058055,0
MCI,D,20120912,000000,4.02784,4.06333,4.02784,4.05443,16040.559472328858,0
MCI,D,20120913,000000,4.05443,4.05443,3.93024,3.93024,11270.91089966137,0
MCI,D,20120914,000000,4.01894,4.11653,4.01894,4.04562,50047.16241352762,0
MCI,D,20120917,000000,3.99234,4.08113,3.99234,4.03673,38591.19355538862,0
MCI,D,20120918,000000,4.04562,4.06333,4.03673,4.06333,21195.745458491405,0
MCI,D,20120919,000000,4.06333,4.10772,4.02784,4.08993,68797.49913499321,0
MCI,D,20120920,000000,4.09883,4.10772,4.04562,4.04562,27451.365376315578,0
MCI,D,20120921,000000,4.03673,4.08113,4.01894,4.04562,14064.40484429988,0
MCI,D,20120924,000000,4.01013,4.06333,3.96573,4.06333,37838.84483133969,0
MCI,D,20120925,000000,4.03673,4.11653,4.01013,4.11653,86815.31477081816,0
MCI,D,20120926,000000,4.03673,4.08993,3.90364,3.91254,75045.40830454747,0
MCI,D,20120927,000000,3.92134,3.98353,3.92134,3.93914,32024.940635834148,0
MCI,D,20120928,000000,3.93914,4.02784,3.93914,3.99234,91189.51211078644,0
MCI,D,20121001,000000,4.01894,4.03673,3.96573,4.00123,8911.421929071588,0
MCI,D,20121002,000000,4.00123,4.06333,3.99234,4.03673,17027.535250876215,0
MCI,D,20121003,000000,4.03673,4.06333,3.99234,4.03673,14489.597534611577,0
MCI,D,20121004,000000,4.01013,4.08113,4.01013,4.08113,29689.685445521198,0
MCI,D,20121005,000000,4.08113,4.28511,4.04562,4.24962,176784.32558402597,0
MCI,D,20121008,000000,4.24962,4.3561,4.21412,4.3295,115060.88721893358,0
MCI,D,20121009,000000,4.3472,4.43599,4.16982,4.16982,183933.29076569155,0
MCI,D,20121010,000000,4.15202,4.25851,4.08113,4.24962,62381.05503896824,0
MCI,D,20121011,000000,4.21412,4.2763,4.18752,4.19641,15668.24048443934,0
MCI,D,20121012,000000,4.23191,4.25851,4.17871,4.17871,26475.40495243951,0
MCI,D,20121015,000000,4.17871,4.23191,4.13432,4.14322,23279.850562299,0
MCI,D,20121016,000000,4.14322,4.22301,4.14322,4.22301,57503.45599052214,0
MCI,D,20121017,000000,4.23191,4.23191,4.16982,4.17871,24885.88927337272,0
MCI,D,20121018,000000,4.17871,4.21412,4.17871,4.20531,20451.107482712374,0
MCI,D,20121019,000000,4.20531,4.2763,4.19641,4.25851,92396.79498275956,0
MCI,D,20121022,000000,4.25851,4.25851,4.21412,4.24962,21385.209558837552,0
MCI,D,20121023,000000,4.2408,4.25851,4.19641,4.22301,57644.452530314615,0
MCI,D,20121024,000000,4.16982,4.16982,4.09883,4.13432,17201.57785468256,0
MCI,D,20121025,000000,4.15202,4.17871,4.12542,4.17871,38656.18414794922,0
MCI,D,20121026,000000,4.13432,4.19641,4.13432,4.18752,7483.831963672727,0
MCI,D,20121029,000000,4.13432,4.18752,4.13432,4.13432,8738.480860732374,0
MCI,D,20121030,000000,4.15202,4.17871,4.15202,4.16092,3604.2240484452695,0
MCI,D,20121031,000000,4.21412,4.22301,4.16982,4.20531,56924.04833481241,0
MCI,D,20121102,000000,4.22301,4.3916,4.22301,4.3827,130201.49221461825,0
MCI,D,20121105,000000,4.3472,4.3827,4.30291,4.3561,12936.43252596004,0
MCI,D,20121106,000000,4.31171,4.365,4.31171,4.3295,15109.762002605064,0
MCI,D,20121107,000000,4.3295,4.3561,4.16982,4.17871,55886.401924777136,0
MCI,D,20121108,000000,4.21412,4.21412,4.15202,4.21412,8815.588343431387,0
MCI,D,20121109,000000,4.17871,4.21412,3.99234,4.08113,63529.956531183525,0
MCI,D,20121112,000000,4.01894,4.09883,4.01013,4.09883,23490.243836520596,0
MCI,D,20121113,000000,4.12542,4.12542,4.03673,4.09883,8027.99048443433,0
MCI,D,20121114,000000,4.16092,4.20531,4.08993,4.09883,17805.219290669116,0
MCI,D,20121115,000000,4.09883,4.20531,4.06333,4.20531,20311.21247838702,0
MCI,D,20121116,000000,4.19641,4.20531,4.11653,4.18752,8305.577422150775,0
MCI,D,20121119,000000,4.18752,4.3295,4.16982,4.3295,46220.42820072235,0
MCI,D,20121120,000000,4.3561,4.3561,4.23191,4.25851,25303.371215414518,0
MCI,D,20121121,000000,4.22301,4.23191,4.16982,4.18752,27440.350021644288,0
MCI,D,20121122,000000,4.18752,4.29401,4.18752,4.22301,37630.65462805236,0
MCI,D,20121123,000000,4.22301,4.2763,4.22301,4.2763,24976.21518167728,0
MCI,D,20121126,000000,4.2674,4.57788,4.22301,4.52469,252174.51448978475,0
MCI,D,20121127,000000,4.57788,4.60448,4.4803,4.48918,99484.07417826593,0
MCI,D,20121128,000000,4.48918,4.48918,4.3827,4.44479,75914.51978811205,0
MCI,D,20121129,000000,4.4803,4.74647,4.4803,4.66667,292546.89089552057,0
MCI,D,20121130,000000,4.67547,4.72876,4.58678,4.72876,61839.0995891409,0
MCI,D,20121203,000000,4.71986,4.79966,4.70208,4.79086,164267.57807104196,0
MCI,D,20121204,000000,4.78196,4.83516,4.71986,4.77307,104402.43003899581,0
MCI,D,20121205,000000,4.79086,4.79086,4.56908,4.66667,54848.755514741846,0
MCI,D,20121206,000000,4.59568,4.70208,4.59568,4.63117,81690.97177773523,0
MCI,D,20121207,000000,4.68437,4.68437,4.58678,4.61338,61150.63992218542,0
MCI,D,20121210,000000,4.62228,4.66667,4.48918,4.65777,528356.9944856405,0
MCI,D,20121211,000000,4.66667,4.80856,4.63117,4.78196,642615.9638845045,0
MCI,D,20121212,000000,4.83516,5.08363,4.78196,4.96825,765770.9337159,0
MCI,D,20121213,000000,5.03924,5.17232,4.88845,5.17232,547479.6501949957,0
MCI,D,20121214,000000,5.19003,5.19003,5.08363,5.08363,710770.1663066944,0
MCI,D,20121217,000000,5.10133,5.10133,4.96825,5.04814,193481.40019476356,0
MCI,D,20121218,000000,5.01264,5.04814,4.87955,4.93275,268430.9749136708,0
MCI,D,20121219,000000,4.93275,5.12793,4.83516,5.05704,218163.50540671745,0
MCI,D,20121220,000000,5.08363,5.12793,5.01264,5.11023,183435.39673454934,0
MCI,D,20121221,000000,5.05704,5.14573,5.01264,5.14573,84637.57915230464,0
MCI,D,20121227,000000,5.12793,5.4917,5.12793,5.45621,228083.933823679,0
MCI,D,20121228,000000,5.38521,5.72238,5.34981,5.65138,308592.958045185,0
MCI,D,20130102,000000,5.67799,5.93535,5.57159,5.90866,444856.1999354128,0
MCI,D,20130103,000000,5.93535,5.93535,5.73127,5.76677,123881.98323970061,0
MCI,D,20130104,000000,5.63368,5.74017,5.34091,5.54499,311047.17906594794,0
MCI,D,20130107,000000,5.5006,5.66028,5.35861,5.46509,101939.39673449591,0
MCI,D,20130108,000000,5.5006,5.61589,5.4296,5.5006,71379.498269943,0
MCI,D,20130109,000000,5.45621,5.58929,5.45621,5.53609,79522.04844295872,0
MCI,D,20130110,000000,5.58039,5.87316,5.54499,5.77557,187934.06758230316,0
MCI,D,20130111,000000,5.82886,5.93535,5.63368,5.69577,475813.7527035992,0
MCI,D,20130114,000000,5.74898,5.74898,5.62478,5.72238,265032.73799757863,0
MCI,D,20130115,000000,5.73127,5.87316,5.50949,5.87316,393596.2469725765,0
MCI,D,20130116,000000,5.81107,6.13934,5.74898,6.00625,523092.75648823223,0
MCI,D,20130117,000000,6.12164,6.26353,5.91755,5.94416,530229.6047797594,0
MCI,D,20130118,000000,5.90866,6.02405,5.81107,5.96195,248095.528655007,0
MCI,D,20130121,000000,5.98855,6.01515,5.92645,5.92645,191132.92657884507,0
MCI,D,20130122,000000,5.97076,5.97076,5.53609,5.75787,183701.9683175945,0
MCI,D,20130123,000000,5.67799,5.74898,5.58929,5.67799,119003.28265578736,0
MCI,D,20130124,000000,5.64258,5.81997,5.63368,5.73127,35955.219182549525,0
MCI,D,20130125,000000,5.76677,5.81107,5.74017,5.78447,54530.411764741635,0
MCI,D,20130128,000000,5.82886,5.85546,5.67799,5.84656,144883.85845597734,0
MCI,D,20130129,000000,5.86436,5.97966,5.85546,5.97966,143567.52357275848,0
MCI,D,20130130,000000,5.98855,6.17483,5.94416,6.05954,105868.57374574417,0
MCI,D,20130131,000000,5.99745,6.12164,5.99745,5.99745,45288.529195531424,0
MCI,D,20130201,000000,6.05065,6.05954,5.99745,6.03295,62264.292279452595,0
MCI,D,20130204,000000,6.03295,6.05065,6.00625,6.05065,67048.26081319276,0
MCI,D,20130205,000000,5.97966,6.03295,5.93535,5.98855,82107.3521843099,0
MCI,D,20130206,000000,5.94416,6.03295,5.78447,5.89985,390378.66187309334,0
MCI,D,20130207,000000,5.81997,5.90866,5.80227,5.86436,31240.647383238476,0
MCI,D,20130208,000000,5.93535,5.97076,5.84656,5.92645,37759.534277706414,0
MCI,D,20130211,000000,5.94416,6.03295,5.91755,5.98855,28414.107374586107,0
MCI,D,20130212,000000,5.98855,6.00625,5.82886,5.89985,47424.40646629407,0
MCI,D,20130213,000000,5.89096,5.95305,5.85546,5.94416,54661.49448532996,0
MCI,D,20130214,000000,5.95305,5.95305,5.85546,5.89096,41401.21053203407,0
MCI,D,20130215,000000,5.89096,5.97966,5.86436,5.94416,49336.67203722958,0
MCI,D,20130218,000000,5.94416,6.25473,5.93535,6.12164,216630.16803647424,0
MCI,D,20130219,000000,6.14823,6.4233,6.14823,6.4233,172416.73745686046,0
MCI,D,20130220,000000,6.46761,6.5209,6.25473,6.32572,93854.12640577088,0
MCI,D,20130221,000000,6.13053,6.22812,6.03295,6.17483,121743.90289800371,0
MCI,D,20130222,000000,6.13934,6.28132,6.13934,6.21034,50916.273897092215,0
MCI,D,20130225,000000,6.27243,6.43212,6.21922,6.24583,56030.703070970994,0
MCI,D,20130226,000000,6.21034,6.23693,6.13934,6.13934,68470.34310125597,0
MCI,D,20130227,000000,6.20144,6.28132,6.13934,6.21034,54295.78471024321,0
MCI,D,20130228,000000,6.29903,6.29903,6.16594,6.16594,41287.75237891981,0
MCI,D,20130301,000000,6.17483,6.21034,6.04175,6.15713,70383.71020765862,0
MCI,D,20130304,000000,6.15713,6.19263,6.06835,6.16594,33454.73367216726,0
MCI,D,20130305,000000,6.16594,6.21034,6.05065,6.21034,36946.601102965404,0
MCI,D,20130306,000000,6.22812,6.4233,6.22812,6.34342,125126.7183175561,0
MCI,D,20130307,000000,6.34342,6.39661,6.22812,6.39661,48542.464965429754,0
MCI,D,20130308,000000,6.29022,6.47651,6.25473,6.43212,99712.09201996158,0
MCI,D,20130311,000000,6.40551,6.43212,6.31682,6.41441,61175.975237929386,0
MCI,D,20130312,000000,6.35231,6.60069,6.31682,6.5741,114589.43003900247,0
MCI,D,20130313,000000,6.58299,6.58299,6.30792,6.4499,129247.56250008475,0
MCI,D,20130314,000000,6.47651,6.64509,6.36112,6.64509,131819.64781583037,0
MCI,D,20130315,000000,6.64509,6.6539,6.5563,6.64509,56794.06714969122,0
MCI,D,20130318,000000,6.5563,6.5741,6.38781,6.5297,103480.44485300903,0
MCI,D,20130319,000000,6.5741,6.5741,6.41441,6.5475,41200.73107701664,0
MCI,D,20130320,000000,6.45871,6.5652,6.45871,6.5652,37446.69820504186,0
MCI,D,20130321,000000,6.5741,6.5918,6.05954,6.30792,252979.73691625585,0
MCI,D,20130322,000000,6.24583,6.24583,6.07724,6.17483,103481.54638847616,0
MCI,D,20130325,000000,6.12164,6.16594,5.75787,5.97966,318635.6568989979,0
MCI,D,20130326,000000,5.78447,5.83776,5.59819,5.76677,133955.52508659303,0
MCI,D,20130327,000000,5.73127,5.97966,5.73127,5.90866,74760.11061856114,0
MCI,D,20130328,000000,5.90866,5.97076,5.83776,5.89985,65768.27660038914,0
MCI,D,20130402,000000,5.89985,5.98855,5.85546,5.98855,10489.922253467086,0
MCI,D,20130403,000000,5.94416,5.94416,5.75787,5.94416,74352.54249572351,0
MCI,D,20130404,000000,5.79337,5.93535,5.79337,5.88206,41346.133758677635,0
MCI,D,20130405,000000,5.82886,5.97076,5.82886,5.89985,22916.343858146516,0
MCI,D,20130408,000000,5.85546,5.99745,5.85546,5.97076,31305.637975799076,0
MCI,D,20130409,000000,5.96195,6.14823,5.91755,5.99745,42777.02833047787,0
MCI,D,20130410,000000,6.00625,6.18373,6.00625,6.07724,55518.48907875613,0
MCI,D,20130411,000000,6.05954,6.18373,6.05065,6.17483,41769.12337805507,0
MCI,D,20130412,000000,6.18373,6.43212,6.17483,6.30792,110367.24459349796,0
MCI,D,20130415,000000,6.30792,6.40551,6.16594,6.29903,53164.507785501984,0
MCI,D,20130417,000000,6.26353,6.29903,5.85546,5.94416,57539.806660937385,0
MCI,D,20130418,000000,5.85546,6.02405,5.81997,5.95305,63817.45728810413,0
MCI,D,20130419,000000,5.98855,6.02405,5.95305,6.02405,24045.417711953483,0
MCI,D,20130422,000000,5.97966,6.03295,5.68688,5.97966,136950.6000217161,0
MCI,D,20130423,000000,5.90866,5.93535,5.81997,5.89985,130520.9375000856,0
MCI,D,20130424,000000,5.79337,5.94416,5.78447,5.92645,38101.01027251633,0
MCI,D,20130425,000000,5.82886,5.93535,5.77557,5.93535,72445.78460212362,0
MCI,D,20130426,000000,5.81997,6.05065,5.81997,6.04175,10313.676578726487,0
MCI,D,20130429,000000,6.05065,6.07724,5.88206,6.07724,36680.029519920245,0
MCI,D,20130430,000000,5.98855,6.20144,5.98855,6.20144,14514.932850355539,0
MCI,D,20130502,000000,6.16594,6.47651,6.05954,6.21034,25886.083477525626,0
MCI,D,20130506,000000,6.21922,6.43212,6.16594,6.38781,70034.5234645788,0
MCI,D,20130507,000000,6.38781,6.38781,6.32572,6.34342,67693.7605969302,0
MCI,D,20130508,000000,6.38781,6.38781,6.30792,6.36112,33521.92733566212,0
MCI,D,20130509,000000,6.38781,6.5209,6.37001,6.39661,75108.19582617382,0
MCI,D,20130510,000000,6.39661,6.4499,6.32572,6.38781,25249.395977525204,0
MCI,D,20130513,000000,6.33452,6.33452,5.96195,6.26353,57461.597642771245,0
MCI,D,20130514,000000,6.26353,6.5209,6.21034,6.5209,145204.40527691183,0
MCI,D,20130515,000000,6.441,6.68939,6.34342,6.5475,239708.43760828866,0
MCI,D,20130516,000000,6.5475,6.92007,6.43212,6.74268,207491.8298011741,0
MCI,D,20130517,000000,6.83137,6.87576,6.6539,6.71608,59487.321366821016,0
MCI,D,20130520,000000,6.81367,6.85797,6.76928,6.80478,94415.90949400654,0
MCI,D,20130521,000000,6.87576,6.87576,6.71608,6.74268,44038.28644034029,0
MCI,D,20130522,000000,6.71608,6.85797,6.6539,6.69829,30082.933607286162,0
MCI,D,20130523,000000,6.47651,6.5209,6.36112,6.5209,88120.63429936573,0
MCI,D,20130524,000000,6.441,6.82248,6.441,6.78698,58743.784926509106,0
MCI,D,20130527,000000,6.78698,6.94667,6.74268,6.94667,85228.00216268565,0
MCI,D,20130528,000000,6.96446,7.05315,6.88457,6.91126,76385.97696804318,0
MCI,D,20130529,000000,6.94667,6.94667,6.68058,6.92007,53567.66976647112,0
MCI,D,20130531,000000,6.92007,6.92007,6.76038,6.92007,31936.81779846385,0
MCI,D,20130603,000000,6.78698,6.90236,6.69829,6.84907,45435.033412659555,0
MCI,D,20130604,000000,6.84907,6.87576,6.74268,6.87576,33422.78914362053,0
MCI,D,20130605,000000,6.75149,6.92007,6.75149,6.92007,42695.514705910355,0
MCI,D,20130606,000000,6.84027,7.00886,6.83137,6.92007,36364.990376321424,0
MCI,D,20130607,000000,6.92007,6.92007,6.76928,6.83137,49929.29811854485,0
MCI,D,20130610,000000,6.83137,6.86687,6.74268,6.86687,59721.94842131944,0
MCI,D,20130611,000000,6.92007,7.08865,6.74268,6.92007,207601.983347887,0
MCI,D,20130612,000000,6.87576,7.42581,6.84027,7.31933,361519.53416978725,0
MCI,D,20130613,000000,7.31933,7.42581,7.11525,7.26613,86879.20382791164,0
MCI,D,20130614,000000,7.22174,7.31933,7.12414,7.12414,49178.05092996304,0
MCI,D,20130617,000000,7.13304,7.22174,7.09755,7.10644,121410.1376514637,0
MCI,D,20130618,000000,7.14185,7.14185,7.00886,7.05315,106927.14932965489,0
MCI,D,20130619,000000,7.05315,7.08865,6.96446,7.05315,46578.42722753919,0
MCI,D,20130620,000000,6.96446,6.96446,6.5209,6.76928,172209.64878904025,0
MCI,D,20130621,000000,6.6539,6.74268,6.23693,6.69829,115347.28644038706,0
MCI,D,20130624,000000,6.4499,6.64509,6.4499,6.64509,43465.487997433345,0
MCI,D,20130625,000000,6.64509,6.87576,6.58299,6.87576,62834.887651425284,0
MCI,D,20130626,000000,6.77818,6.87576,6.5652,6.74268,63429.71680367481,0
MCI,D,20130627,000000,6.72489,6.88457,6.70718,6.70718,52437.494377197014,0
MCI,D,20130628,000000,6.74268,6.74268,6.61849,6.6539,78446.94982704105,0
MCI,D,20130701,000000,6.6539,7.05315,6.6539,7.05315,53018.00356837387,0
MCI,D,20130702,000000,7.04426,7.08865,6.96446,7.08865,27955.868620260546,0
MCI,D,20130703,000000,7.07095,7.14185,6.73379,7.08865,49973.359537230004,0
MCI,D,20130704,000000,7.09755,7.25724,7.02656,7.25724,49130.68490487651,0
MCI,D,20130705,000000,7.26613,7.26613,7.11525,7.26613,34550.76146196037,0
MCI,D,20130708,000000,7.23064,7.23064,6.92896,7.18625,33985.67376732332,0
MCI,D,20130709,000000,7.09755,7.11525,6.94667,7.11525,37579.983996564435,0
MCI,D,20130710,000000,7.04426,7.16854,7.02656,7.15964,12993.712370250734,0
MCI,D,20130711,000000,7.16854,7.23944,7.13304,7.23944,54923.6599265066,0
MCI,D,20130712,000000,7.24834,7.36372,7.23064,7.25724,55942.5802336007,0
MCI,D,20130715,000000,7.23064,7.27494,7.18625,7.27494,19938.893490497507,0
MCI,D,20130716,000000,7.23064,7.27494,7.12414,7.27494,21516.292279425874,0
MCI,D,20130717,000000,7.25724,7.25724,7.14185,7.23064,41188.61418687822,0
MCI,D,20130718,000000,7.25724,7.26613,7.10644,7.18625,45582.639165254805,0
MCI,D,20130719,000000,7.23064,7.23064,7.12414,7.23064,45342.504433420734,0
MCI,D,20130722,000000,7.14185,7.25724,7.12414,7.25724,25768.21918254285,0
MCI,D,20130723,000000,7.25724,7.31043,7.18625,7.31043,35774.56736594041,0
MCI,D,20130724,000000,7.23944,7.36372,7.23064,7.30163,48121.67841698657,0
MCI,D,20130725,000000,7.35482,7.39921,7.23944,7.31933,49682.554173908014,0
MCI,D,20130726,000000,7.27494,7.27494,7.22174,7.27494,21123.044117660913,0
MCI,D,20130729,000000,7.23064,7.27494,7.18625,7.27494,25525.881379774524,0
MCI,D,20130730,000000,7.27494,7.29273,7.23064,7.27494,25506.053741366206,0
MCI,D,20130731,000000,7.27494,7.40803,7.19514,7.35482,165706.1833911121,0
MCI,D,20130801,000000,7.35482,7.51451,7.35482,7.51451,155057.6400303785,0
MCI,D,20130802,000000,7.52341,7.6831,7.47012,7.47012,200188.6496541105,0
MCI,D,20130805,000000,7.45242,7.56771,7.41691,7.49681,21841.245242228855,0
MCI,D,20130806,000000,7.53221,7.53221,7.42581,7.46132,39065.95534172112,0
MCI,D,20130807,000000,7.45242,7.53221,7.36372,7.40803,366586.5973185795,0
MCI,D,20130808,000000,7.53221,7.7097,7.51451,7.62981,83042.5557959022,0
MCI,D,20130809,000000,7.6831,7.86048,7.55001,7.85168,149795.60510390447,0
MCI,D,20130812,000000,7.87827,7.88717,7.78069,7.83388,63336.086288968865,0
MCI,D,20130813,000000,7.88717,7.88717,7.53221,7.83388,124560.52908745191,0
MCI,D,20130814,000000,7.78069,7.83388,7.7274,7.74519,51038.5443339435,0
MCI,D,20130816,000000,7.6742,7.7008,7.5855,7.64759,51045.153546746275,0
MCI,D,20130819,000000,7.6121,7.69199,7.46132,7.6121,84789.59104676842,0
MCI,D,20130820,000000,7.5855,7.6831,7.34593,7.6742,83639.58801908599,0
MCI,D,20130821,000000,7.7274,7.94037,7.71859,7.94037,129741.05038935842,0
MCI,D,20130822,000000,7.96697,7.97587,7.84278,7.86938,139700.03254766949,0
MCI,D,20130823,000000,7.87827,7.96697,7.82498,7.86048,126423.22556236664,0
MCI,D,20130826,000000,7.87827,8.14445,7.87827,8.14445,148210.49556670617,0
MCI,D,20130827,000000,8.13555,8.13555,7.83388,7.89598,98846.28514279838,0
MCI,D,20130828,000000,7.81618,7.88717,7.73629,7.85168,51422.98021197144,0
MCI,D,20130829,000000,8.11776,8.13555,7.89598,7.89598,254286.15798027054,0
MCI,D,20130830,000000,8.07346,8.11776,7.98477,8.02017,95207.91349487212,0
MCI,D,20130902,000000,8.03796,8.40172,8.03796,8.25085,126252.48756496169,0
MCI,D,20130903,000000,8.25085,8.51702,8.25085,8.51702,233046.351103094,0
MCI,D,20130904,000000,8.51702,8.57911,8.26864,8.26864,160358.22869820203,0
MCI,D,20130905,000000,8.23315,8.28634,7.55001,7.94037,397348.07677361695,0
MCI,D,20130906,000000,7.93148,8.20655,7.82498,8.17994,95280.61483570261,0
MCI,D,20130909,000000,8.24204,8.45493,8.23315,8.41053,93410.207612518,0
MCI,D,20130910,000000,8.51702,8.82768,8.50812,8.69423,193008.84147936534,0
MCI,D,20130911,000000,8.69423,8.73871,8.57031,8.73871,53829.83520764775,0
MCI,D,20130912,000000,8.79227,9.04011,8.76504,8.84493,305011.86624154943,0
MCI,D,20130913,000000,8.82768,8.95205,8.78319,8.78319,173400.40862900644,0
MCI,D,20130916,000000,8.87216,8.94297,8.61461,8.6235,192441.55071379401,0
MCI,D,20130917,000000,8.73871,8.73871,8.60572,8.69423,44245.3751081605,0
MCI,D,20130918,000000,8.69423,8.86308,8.69423,8.854,114690.77130197831,0
MCI,D,20130919,000000,8.96022,9.13815,8.91664,8.99653,210472.58477522453,0
MCI,D,20130920,000000,8.98745,8.98745,8.6325,8.84493,199104.73875445582,0
MCI,D,20130923,000000,8.854,8.854,8.27754,8.53481,177721.73226655254,0
MCI,D,20130924,000000,8.53481,8.76504,8.53481,8.65882,43842.213127191375,0
MCI,D,20130925,000000,8.65882,8.95205,8.51702,8.95205,87756.02605974612,0
MCI,D,20130926,000000,8.96022,8.98745,8.87216,8.9693,45330.387543282326,0
MCI,D,20130927,000000,9.0047,9.05826,8.87216,8.92481,58690.91122408693,0
MCI,D,20130930,000000,8.88941,8.96022,8.75687,8.91664,48880.63635383828,0
MCI,D,20131001,000000,9.0047,9.0047,8.78319,8.96022,51834.954476677594,0
MCI,D,20131002,000000,8.97838,8.97838,8.80953,8.86308,50611.148572697544,0
MCI,D,20131003,000000,9.08459,9.18264,9.03194,9.03194,396412.87316202465,0
MCI,D,20131004,000000,9.04919,9.07551,8.98745,9.03194,48516.028114218665,0
MCI,D,20131007,000000,9.03194,9.03194,8.88941,9.03194,78408.39608569155,0
MCI,D,20131008,000000,9.04919,9.05826,8.94297,8.99653,52560.86634951543,0
MCI,D,20131009,000000,8.97838,8.99653,8.87216,8.88034,83417.07785472597,0
MCI,D,20131010,000000,8.90757,9.0047,8.88034,8.92481,58784.54173879287,0
MCI,D,20131011,000000,8.96022,8.96022,8.854,8.86308,94019.35672584019,0
MCI,D,20131014,000000,8.95205,8.95205,8.58801,8.61461,182142.1940961402,0
MCI,D,20131015,000000,8.58801,8.75687,8.57911,8.6235,75558.72383222949,0
MCI,D,20131016,000000,8.67698,8.78319,8.16216,8.67698,232653.102941329,0
MCI,D,20131017,000000,8.72963,9.10275,8.70331,8.96022,189628.22913074718,0
MCI,D,20131018,000000,9.04919,9.04919,8.71238,9.02286,108598.1786332892,0
MCI,D,20131021,000000,9.02286,9.16448,9.02286,9.14723,112117.58445076556,0
MCI,D,20131022,000000,9.21804,9.26253,8.98745,9.09367,74890.09180368233,0
MCI,D,20131023,000000,9.04919,9.09367,8.96022,8.96022,57236.88440747698,0
MCI,D,20131024,000000,8.9693,9.04011,8.88034,8.89849,46781.109753490884,0
MCI,D,20131025,000000,8.91664,8.96022,8.87216,8.93389,81577.51362462096,0
MCI,D,20131028,000000,8.96022,8.96022,8.73871,8.77412,126674.37564887198,0
MCI,D,20131029,000000,8.78319,8.82768,8.69423,8.80135,113187.17538934757,0
MCI,D,20131030,000000,8.80953,8.92481,8.69423,8.78319,92676.58499141026,0
MCI,D,20131031,000000,8.78319,8.92481,8.78319,8.80953,62223.53546716883,0
MCI,D,20131104,000000,8.73871,8.86308,8.73871,8.82768,33562.68414794588,0
MCI,D,20131105,000000,8.86308,9.04919,8.8186,8.8186,79195.99394468861,0
MCI,D,20131106,000000,8.87216,9.0047,8.87216,8.95205,33142.99913496983,0
MCI,D,20131107,000000,8.95205,8.95205,8.76504,8.76504,80970.56758223302,0
MCI,D,20131108,000000,8.75687,8.87216,8.68515,8.87216,71496.26102945865,0
MCI,D,20131112,000000,9.04919,9.35966,9.03194,9.09367,322313.68382374075,0
MCI,D,20131113,000000,9.13815,9.15541,8.92481,9.12,117137.28157447127,0
MCI,D,20131114,000000,9.15541,9.30701,8.80953,8.96022,325772.50519052503,0
MCI,D,20131115,000000,8.91664,9.09367,8.87216,9.05826,111659.34569644,0
MCI,D,20131118,000000,9.05826,9.27069,8.99653,9.27069,145707.80698538967,0
MCI,D,20131119,000000,9.27069,9.31518,9.13815,9.19172,163713.50573107623,0
MCI,D,20131120,000000,9.13815,9.18264,9.04919,9.10275,81827.5621756592,0
MCI,D,20131121,000000,9.04919,9.10275,8.97838,9.02286,35934.290008674085,0
MCI,D,20131122,000000,9.06734,9.09367,8.97838,9.01378,62551.793036373194,0
MCI,D,20131125,000000,9.03194,9.16448,9.02286,9.15541,69044.24307963005,0
MCI,D,20131126,000000,9.11183,9.14723,9.06734,9.06734,66211.0938581749,0
MCI,D,20131127,000000,9.06734,9.13815,9.04919,9.11183,143619.29573971353,0
MCI,D,20131128,000000,9.12,9.12,8.87216,8.96022,70215.1752811879,0
MCI,D,20131129,000000,8.87216,9.03194,8.87216,8.89849,38041.52735729138,0
MCI,D,20131202,000000,8.82768,9.20896,8.78319,9.12,168243.01957190962,0
MCI,D,20131203,000000,9.13815,9.17356,8.82768,8.87216,121902.52400527024,0
MCI,D,20131204,000000,8.95205,8.95205,8.55251,8.75687,102702.76081321614,0
MCI,D,20131205,000000,8.64974,8.76504,8.56141,8.6679,43672.57666525355,0
MCI,D,20131206,000000,8.61461,8.76504,8.61461,8.76504,43169.174956775714,0
MCI,D,20131209,000000,8.78319,8.89849,8.76504,8.82768,66798.21226215453,0
MCI,D,20131210,000000,8.82768,8.82768,8.6235,8.77412,94277.11602514832,0
MCI,D,20131211,000000,8.86308,8.86308,8.6235,8.75687,52122.45523359819,0
MCI,D,20131212,000000,8.69423,8.69423,8.19765,8.51702,182751.3432094624,0
MCI,D,20131213,000000,8.41943,8.59691,8.39283,8.42833,49695.772599513555,0
MCI,D,20131216,000000,8.38394,8.38394,8.20655,8.24204,69673.21983136056,0
MCI,D,20131217,000000,8.20655,8.27754,7.6032,7.98477,190790.349048568,0
MCI,D,20131218,000000,7.83388,8.11776,7.83388,8.03796,99761.66111598237,0
MCI,D,20131219,000000,8.42833,8.50812,8.09116,8.25085,129964.66208918557,0
MCI,D,20131220,000000,8.25085,8.25085,8.04686,8.10895,255371.17041539238,0
MCI,D,20131223,000000,8.15326,8.34843,8.10895,8.33073,47021.244485324954,0
MCI,D,20131227,000000,8.35733,8.56141,8.33963,8.56141,37910.44463670306,0
MCI,D,20131230,000000,8.47272,8.56141,8.42833,8.53481,68140.98399658447,0
MCI,D,20140102,000000,8.6235,8.69423,8.61461,8.67698,26759.601102958724,0
MCI,D,20140103,000000,8.57031,8.67698,8.49932,8.60572,23333.82580018831,0
MCI,D,20140107,000000,8.60572,8.60572,8.25085,8.33963,29036.47491351385,0
MCI,D,20140108,000000,8.25085,8.37513,8.07346,8.19765,77451.16176475666,0
MCI,D,20140109,000000,8.21535,8.31294,8.04686,8.04686,130870.1242431654,0
MCI,D,20140110,000000,8.02906,8.09116,7.6032,8.05566,130509.9221454143,0
MCI,D,20140113,000000,8.04686,8.16216,8.04686,8.12665,46004.52724916511,0
MCI,D,20140114,000000,8.10895,8.18875,8.05566,8.12665,157663.8729456051,0
MCI,D,20140115,000000,8.22425,8.38394,8.22425,8.22425,76160.16219728178,0
MCI,D,20140116,000000,8.29524,8.33963,8.17105,8.19765,83598.83120680222,0
MCI,D,20140117,000000,8.26864,8.26864,8.13555,8.13555,37879.60164362346,0
MCI,D,20140120,000000,8.20655,8.24204,8.13555,8.13555,53443.196258685566,0
MCI,D,20140121,000000,8.14445,8.29524,8.14445,8.29524,56886.59612893004,0
MCI,D,20140122,000000,8.33073,8.42833,8.20655,8.33073,54913.74610730244,0
MCI,D,20140123,000000,8.33963,8.35733,8.16216,8.25085,39846.9439879154,0
MCI,D,20140124,000000,8.15326,8.25085,8.06456,8.17994,214406.1679283413,0
MCI,D,20140127,000000,8.09116,8.51702,7.85168,8.26864,134514.00356842732,0
MCI,D,20140128,000000,8.30414,8.6325,8.30414,8.6235,147111.1631705117,0
MCI,D,20140129,000000,8.69423,8.854,8.51702,8.51702,142496.83109870934,0
MCI,D,20140130,000000,8.50812,8.65882,8.35733,8.65882,48506.11429501451,0
MCI,D,20140131,000000,8.77412,8.77412,8.49932,8.60572,35693.05374137289,0
MCI,D,20140203,000000,8.69423,8.854,8.69423,8.78319,65481.87737893567,0
MCI,D,20140204,000000,8.58801,8.67698,8.56141,8.64157,36334.14738324182,0
MCI,D,20140205,000000,8.61461,8.75687,8.57031,8.72963,97946.33066615419,0
MCI,D,20140206,000000,8.69423,9.19172,8.69423,9.18264,197142.9040874995,0
MCI,D,20140207,000000,9.21804,9.27069,9.06734,9.15541,115214.00064886447,0
MCI,D,20140210,000000,9.13815,9.22712,9.0047,9.06734,40884.590397950684,0
MCI,D,20140211,000000,9.12907,9.28885,9.05826,9.27069,71179.01881492556,0
MCI,D,20140212,000000,9.30701,9.31518,9.09367,9.18264,95396.27605975114,0
MCI,D,20140213,000000,9.12,9.22712,9.06734,9.09367,41955.28287199983,0
MCI,D,20140214,000000,9.18264,9.30701,9.12907,9.15541,62236.75389277437,0
MCI,D,20140217,000000,9.10275,9.74091,9.10275,9.53757,202962.3159603407,0
MCI,D,20140218,000000,9.70557,9.70557,9.53757,9.67013,108263.31185128207,0
MCI,D,20140219,000000,9.71466,9.73276,9.62569,9.69742,196795.92041535396,0
MCI,D,20140220,000000,9.67013,9.67013,9.41322,9.43047,50811.62802771498,0
MCI,D,20140221,000000,9.45771,9.67013,9.45771,9.48403,56213.557958514364,0
MCI,D,20140224,000000,9.67013,9.67013,9.4223,9.49313,62394.27346457379,0
MCI,D,20140225,000000,9.53757,9.57301,9.35966,9.49313,42703.225454180254,0
MCI,D,20140226,000000,9.49313,9.51947,9.10275,9.10275,60554.70923446878,0
MCI,D,20140227,000000,9.02286,9.13815,8.71238,8.96022,162523.84742657718,0
MCI,D,20140228,000000,9.03194,9.03194,8.80953,8.82768,73336.92679503078,0
MCI,D,20140303,000000,8.25085,8.59691,7.56771,7.89598,503608.79714565893,0
MCI,D,20140304,000000,8.24204,8.55251,8.09116,8.51702,193649.93512123424,0
MCI,D,20140305,000000,8.60572,8.78319,8.48152,8.48152,95858.9209559452,0
MCI,D,20140306,000000,8.53481,8.68515,8.46382,8.51702,29737.051470607734,0
MCI,D,20140307,000000,8.54362,8.60572,8.33963,8.39283,49211.096993976906,0
MCI,D,20140310,000000,8.39283,8.39283,8.24204,8.24204,87227.28903552433,0
MCI,D,20140311,000000,8.25085,8.33963,7.89598,8.29524,71889.50919122361,0
MCI,D,20140312,000000,7.98477,8.25085,7.94037,8.09116,99531.44020335247,0
MCI,D,20140313,000000,8.11776,8.21535,7.86938,7.94037,71713.263516483,0
MCI,D,20140314,000000,7.80728,7.80728,7.36372,7.36372,362278.49210663897,0
MCI,D,20140317,000000,7.37252,7.77179,7.36372,7.6032,454343.72491379274,0
MCI,D,20140318,000000,7.80728,8.16216,7.6831,7.98477,497950.20945101854,0
MCI,D,20140319,000000,8.08235,8.71238,8.07346,8.60572,357417.4160901997,0
MCI,D,20140320,000000,8.47272,8.64974,8.45493,8.64974,91321.69636684189,0
MCI,D,20140321,000000,8.6235,8.68515,8.48152,8.48152,46397.77541093008,0
MCI,D,20140324,000000,8.48152,8.50812,8.28634,8.33073,48050.078611623205,0
MCI,D,20140325,000000,8.30414,8.72146,8.25085,8.64974,170456.0043253713,0
MCI,D,20140326,000000,8.69423,8.78319,8.45493,8.45493,107041.70901823629,0
MCI,D,20140327,000000,8.45493,8.58801,8.34843,8.48152,38430.36937718783,0
MCI,D,20140328,000000,8.42833,8.49932,8.34843,8.34843,42297.86040227687,0
MCI,D,20140331,000000,8.33963,8.35733,8.19765,8.33963,62973.68112028351,0
MCI,D,20140401,000000,8.29524,8.38394,8.20655,8.35733,46369.135488784734,0
MCI,D,20140402,000000,8.42833,8.58801,8.38394,8.56141,55067.96107270046,0
MCI,D,20140403,000000,8.61461,8.69423,8.44603,8.45493,59575.44420419131,0
MCI,D,20140404,000000,8.52592,8.59691,8.38394,8.51702,35883.61937718616,0
MCI,D,20140407,000000,8.39283,8.49042,8.02017,8.32184,36153.4955666327,0
MCI,D,20140408,000000,8.22425,8.32184,8.04686,8.27754,51284.18674311322,0
MCI,D,20140409,000000,8.25085,8.58801,8.18875,8.58801,57445.07461076431,0
MCI,D,20140410,000000,8.64974,8.84493,8.58801,8.82768,113997.90549315434,0
MCI,D,20140411,000000,8.6235,8.80135,8.49932,8.69423,233048.55417402825,0
MCI,D,20140414,000000,8.65882,8.65882,8.36623,8.49042,137629.1458694674,0
MCI,D,20140415,000000,8.37513,8.58801,8.37513,8.39283,37825.62640573414,0
MCI,D,20140416,000000,8.36623,8.46382,8.10005,8.16216,94663.75497411052,0
MCI,D,20140417,000000,8.20655,8.33073,8.16216,8.27754,101946.00594729869,0
MCI,D,20140422,000000,8.33963,8.41053,8.33963,8.34843,17991.378784613873,0
MCI,D,20140423,000000,8.41943,8.41943,8.30414,8.32184,80277.70177340903,0
MCI,D,20140424,000000,8.30414,8.40172,8.30414,8.39283,230272.6847968638,0
MCI,D,20140425,000000,8.32184,8.38394,8.25085,8.25085,34806.31769033424,0
MCI,D,20140428,000000,8.21535,8.21535,8.12665,8.18875,19095.11732267688,0
MCI,D,20140429,000000,8.17994,8.25085,8.02906,8.02906,118232.20782879724,0
MCI,D,20140430,000000,8.00247,8.02017,7.76289,7.89598,141416.22480545603,0
MCI,D,20140502,000000,7.98477,8.07346,7.82498,8.07346,43001.74156577214,0
MCI,D,20140505,000000,8.00247,8.00247,7.86048,7.91377,39071.46301905676,0
MCI,D,20140506,000000,7.94037,7.99357,7.5855,7.89598,97564.09785906052,0
MCI,D,20140507,000000,7.89598,7.89598,7.56771,7.71859,223557.72458924694,0
MCI,D,20140508,000000,7.7274,7.95807,7.7274,7.87827,16992.2861159281,0
MCI,D,20140509,000000,7.96697,7.96697,7.77179,7.80728,138637.05082189024,0
MCI,D,20140512,000000,7.6742,7.84278,7.62981,7.84278,22526.40030278294,0
MCI,D,20140513,000000,8.21535,8.44603,8.21535,8.42833,260571.5193557072,0
MCI,D,20140514,000000,8.42833,8.51702,8.12665,8.50812,83497.48994382638,0
MCI,D,20140515,000000,8.44603,8.70331,8.42833,8.60572,165212.69550183843,0
MCI,D,20140516,000000,8.60572,8.69423,8.33963,8.60572,41759.20955885091,0
MCI,D,20140519,000000,8.51702,8.854,8.51702,8.84493,45682.878892763525,0
MCI,D,20140520,000000,8.8186,8.854,8.6235,8.75687,78911.79779416938,0
MCI,D,20140521,000000,8.70331,8.72963,8.60572,8.60572,95216.72577860915,0
MCI,D,20140522,000000,8.68515,8.77412,8.56141,8.72963,29723.83304500219,0
MCI,D,20140523,000000,8.73871,8.73871,8.51702,8.51702,25141.44550174659,0
MCI,D,20140526,000000,8.51702,8.60572,8.49042,8.52592,70005.88354243344,0
MCI,D,20140527,000000,8.56141,8.60572,8.34843,8.34843,20198.855860739888,0
MCI,D,20140528,000000,8.42833,8.58801,8.34843,8.58801,36944.398032031146,0
MCI,D,20140529,000000,8.64157,8.64157,8.51702,8.60572,174181.3972752007,0
MCI,D,20140530,000000,8.48152,8.64974,8.48152,8.64974,164257.66425183782,0
MCI,D,20140602,000000,8.64974,8.64974,8.57031,8.64157,4356.572772494206,0
MCI,D,20140603,000000,8.64157,8.64157,8.57911,8.60572,6347.047361595857,0
MCI,D,20140604,000000,8.57911,8.57911,8.49932,8.50812,13427.717344299463,0
MCI,D,20140605,000000,8.52592,8.67698,8.52592,8.64157,202996.4635598217,0
MCI,D,20140606,000000,8.64974,8.64974,8.57031,8.61461,40730.37543255266,0
MCI,D,20140609,000000,8.61461,8.78319,8.61461,8.65882,39770.93804068352,0
MCI,D,20140610,000000,8.65882,9.12907,8.65882,9.04011,394662.5333047571,0
MCI,D,20140611,000000,9.13815,9.13815,8.92481,8.94297,59705.425389312506,0
MCI,D,20140612,000000,8.99653,9.02286,8.91664,8.91664,37112.93295850185,0
MCI,D,20140613,000000,8.91664,8.91664,8.69423,8.73871,63005.625648830246,0
MCI,D,20140616,000000,8.61461,8.64974,8.53481,8.64974,36982.95177338065,0
MCI,D,20140617,000000,8.64974,8.79227,8.64974,8.75687,103244.71626304348,0
MCI,D,20140618,000000,8.78319,8.83676,8.59691,8.70331,26591.066176488024,0
MCI,D,20140620,000000,8.73871,8.78319,8.55251,8.77412,36031.225129781415,0
MCI,D,20140623,000000,8.64974,8.71238,8.64974,8.71238,9001.747837376144,0
MCI,D,20140624,000000,8.71238,8.80953,8.65882,8.80953,47611.66749570596,0
MCI,D,20140625,000000,8.72963,8.80135,8.72146,8.78319,170121.13754336417,0
MCI,D,20140626,000000,8.77412,8.80135,8.64974,8.73871,42275.82969293429,0
MCI,D,20140627,000000,8.71238,8.71238,8.47272,8.60572,15937.015138418754,0
MCI,D,20140630,000000,8.65882,8.65882,8.42833,8.42833,25873.966587387207,0
MCI,D,20140701,000000,8.42833,8.44603,8.01136,8.42833,70176.6215398384,0
MCI,D,20140702,000000,8.42833,8.53481,8.27754,8.43723,38988.847859022106,0
MCI,D,20140703,000000,8.43723,8.46382,8.30414,8.37513,18361.494701569132,0
MCI,D,20140704,000000,8.42833,8.56141,8.12665,8.56141,48063.297037228745,0
MCI,D,20140707,000000,8.56141,8.70331,8.56141,8.57911,30996.106509535897,0
MCI,D,20140708,000000,8.6235,8.70331,8.43723,8.68515,38327.92657874486,0
MCI,D,20140709,000000,8.68515,8.73871,8.59691,8.59691,17389.940419561575,0
MCI,D,20140710,000000,8.51702,8.69423,8.51702,8.64157,51218.094615085494,0
MCI,D,20140711,000000,8.64974,8.86308,8.64157,8.86308,41147.85737459446,0
MCI,D,20140714,000000,8.88034,9.0047,8.88034,8.9693,34861.39446369068,0
MCI,D,20140715,000000,8.88941,8.90757,8.82768,8.82768,30699.793468878263,0
MCI,D,20140716,000000,8.88941,8.88941,8.76504,8.83676,40658.77562718929,0
MCI,D,20140717,000000,8.73871,8.80953,8.69423,8.72963,32085.525086526228,0
MCI,D,20140718,000000,8.67698,8.72146,8.56141,8.69423,38222.17917390049,0
MCI,D,20140721,000000,8.64157,8.64157,8.33963,8.46382,29550.891976662973,0
MCI,D,20140722,000000,8.46382,8.46382,8.33073,8.33073,46273.30190314453,0
MCI,D,20140723,000000,8.37513,8.45493,8.37513,8.40172,22169.502811433224,0
MCI,D,20140724,000000,8.45493,8.52592,8.42833,8.49932,5122.139922148687,0
MCI,D,20140725,000000,8.59691,8.59691,8.31294,8.37513,18857.18566177707,0
MCI,D,20140728,000000,8.34843,8.37513,8.26864,8.26864,30140.213451576856,0
MCI,D,20140729,000000,8.26864,8.38394,8.26864,8.33963,27727.850778564894,0
MCI,D,20140730,000000,8.26864,8.33073,8.20655,8.20655,21835.73756489321,0
MCI,D,20140731,000000,8.20655,8.48152,8.20655,8.39283,35689.7491349715,0
MCI,D,20140801,000000,8.31294,8.33963,8.25085,8.30414,16438.213775962337,0
MCI,D,20140804,000000,8.26864,8.30414,8.20655,8.25974,14576.618836514748,0
MCI,D,20140805,000000,8.25974,8.25974,8.04686,8.04686,36709.770977532724,0
MCI,D,20140806,000000,7.99357,8.06456,7.75409,7.94927,212219.62002609074,0
MCI,D,20140807,000000,7.94037,8.23315,7.78069,7.85168,59254.89738325685,0
MCI,D,20140808,000000,7.85168,7.85168,7.5944,7.7274,52384.62067477484,0
MCI,D,20140811,000000,7.80728,7.97587,7.78069,7.95807,15585.625324404684,0
MCI,D,20140812,000000,7.95807,7.95807,7.81618,7.85168,22764.331963682747,0
MCI,D,20140813,000000,7.89598,7.93148,7.62981,7.71859,41353.844506947535,0
MCI,D,20140814,000000,7.75409,7.90487,7.621,7.85168,37610.82698964404,0
MCI,D,20140818,000000,7.89598,8.16216,7.76289,8.16216,22372.18533738491,0
MCI,D,20140819,000000,8.20655,8.27754,8.09116,8.11776,31556.78806230443,0
MCI,D,20140820,000000,8.17994,8.17994,8.11776,8.16216,7962.999891873733,0
MCI,D,20140821,000000,8.20655,8.26864,8.18875,8.24204,24433.158196382807,0
MCI,D,20140822,000000,8.25085,8.30414,8.25085,8.25974,11820.577097758616,0
MCI,D,20140825,000000,8.23315,8.27754,8.16216,8.17105,5900.925497408713,0
MCI,D,20140826,000000,8.17105,8.38394,8.17105,8.38394,19485.06087804046,0
MCI,D,20140827,000000,8.38394,8.61461,8.37513,8.56141,25532.490592577295,0
MCI,D,20140828,000000,8.6325,8.64157,8.08235,8.29524,124148.55482274578,0
MCI,D,20140829,000000,8.18875,8.47272,8.18875,8.34843,52924.37305366792,0
MCI,D,20140901,000000,8.48152,8.51702,8.33963,8.48152,41336.21993947347,0
MCI,D,20140902,000000,8.49932,8.57911,8.42833,8.57031,26381.774437733562,0
MCI,D,20140903,000000,8.60572,9.0047,8.40172,8.87216,285365.9811853082,0
MCI,D,20140904,000000,8.91664,8.94297,8.74779,8.854,45953.85661767719,0
MCI,D,20140905,000000,8.89849,9.28885,8.83676,9.28885,267957.31466280547,0
MCI,D,20140908,000000,9.31518,9.39507,9.09367,9.09367,116128.27508658133,0
MCI,D,20140909,000000,9.04919,9.37782,8.69423,8.79227,547492.8686206012,0
MCI,D,20140910,000000,8.82768,8.95205,8.78319,8.83676,41435.35813151506,0
MCI,D,20140911,000000,8.87216,8.91664,8.74779,8.82768,32160.42949829098,0
MCI,D,20140912,000000,8.87216,9.12907,8.83676,9.04919,83511.80990489906,0
MCI,D,20140915,000000,9.03194,9.09367,8.90757,9.02286,39091.29065746508,0
MCI,D,20140916,000000,9.02286,9.02286,8.80135,9.02286,26453.374243096932,0
MCI,D,20140917,000000,9.02286,9.31518,9.01378,9.22712,108949.56844730327,0
MCI,D,20140918,000000,9.29793,9.30701,8.96022,9.09367,217700.86051052337,0
MCI,D,20140919,000000,9.19172,9.25345,9.02286,9.09367,64350.60045419444,0
MCI,D,20140922,000000,9.14723,9.14723,9.0047,9.13815,38899.623486184675,0
MCI,D,20140923,000000,9.13815,9.13815,9.01378,9.01378,43660.45977511513,0
MCI,D,20140924,000000,8.97838,9.13815,8.97838,9.12,36161.20631490261,0
MCI,D,20140925,000000,9.18264,9.64379,9.17356,9.41322,327061.3016870657,0
MCI,D,20140926,000000,9.41322,9.53757,9.28885,9.35966,73155.17344295455,0
MCI,D,20140929,000000,9.46588,9.54581,9.36875,9.4223,59670.17625436439,0
MCI,D,20140930,000000,9.52847,9.5821,9.40415,9.57301,69685.33672149898,0
MCI,D,20141001,000000,9.56391,9.69742,9.43047,9.43047,127196.50346029102,0
MCI,D,20141002,000000,9.40415,9.40415,9.19988,9.31518,73632.1383002213,0
MCI,D,20141003,000000,9.32426,9.40415,9.26253,9.35058,41222.76178635921,0
MCI,D,20141006,000000,9.35966,9.48403,9.30701,9.35966,53222.88916525982,0
MCI,D,20141007,000000,9.33334,9.43955,9.26253,9.43955,54327.72923878995,0
MCI,D,20141008,000000,9.35966,9.37782,9.13815,9.13815,71336.53838672498,0
MCI,D,20141009,000000,9.31518,9.40415,9.22712,9.31518,31674.652357287207,0
MCI,D,20141010,000000,9.22712,9.26253,8.87216,8.88034,89009.57342133865,0
MCI,D,20141013,000000,8.87216,9.09367,8.87216,9.07551,132879.32493520825,0
MCI,D,20141014,000000,8.91664,9.31518,8.89849,9.30701,38010.68436421178,0
MCI,D,20141015,000000,9.29793,9.29793,9.07551,9.07551,30293.32688150775,0
MCI,D,20141016,000000,9.07551,9.08459,8.6325,8.87216,121199.7443772421,0
MCI,D,20141017,000000,8.87216,9.11183,8.87216,9.06734,37248.42182095868,0
MCI,D,20141020,000000,9.15541,9.19988,9.13815,9.18264,33885.43403981461,0
MCI,D,20141021,000000,9.09367,9.12907,8.95205,9.01378,36166.71399223825,0
MCI,D,20141022,000000,9.01378,9.08459,8.97838,8.98745,14647.11710641099,0
MCI,D,20141023,000000,8.96022,9.02286,8.87216,8.9693,23735.886245690304,0
MCI,D,20141024,000000,9.01378,9.01378,8.90757,8.96022,35704.06909604417,0
MCI,D,20141027,000000,8.96022,8.96022,8.88941,8.93389,6138.857158308523,0
MCI,D,20141028,000000,9.04011,9.04919,8.94297,9.04011,31663.63700261592,0
MCI,D,20141029,000000,8.88941,9.04919,8.88941,8.96022,37169.11126732541,0
MCI,D,20141030,000000,8.98745,9.0047,8.88941,8.99653,7049.826989624,0
MCI,D,20141031,000000,9.05826,9.07551,8.92481,8.93389,22292.874783751642,0
MCI,D,20141103,000000,9.01378,9.01378,8.93389,9.0047,17247.842344301967,0
MCI,D,20141104,000000,9.01378,9.04011,8.98745,9.03194,51084.80882356291,0
MCI,D,20141105,000000,9.0047,9.21804,9.0047,9.13815,83183.55233569468,0
MCI,D,20141106,000000,9.20896,9.20896,9.04919,9.05826,54496.26416526065,0
MCI,D,20141107,000000,9.06734,9.13815,9.04919,9.04919,40089.28179068372,0
MCI,D,20141110,000000,9.04919,9.07551,9.04919,9.04919,16437.112240495208,0
MCI,D,20141112,000000,8.95205,8.95205,8.51702,8.60572,111803.64684263387,0
MCI,D,20141113,000000,8.56141,8.8186,8.54362,8.78319,46099.25929933819,0
MCI,D,20141114,000000,8.80135,8.95205,8.80135,8.95205,57386.69323100649,0
MCI,D,20141117,000000,8.86308,8.9693,8.78319,8.9693,27366.547145346663,0
MCI,D,20141118,000000,8.88034,8.9693,8.88034,8.91664,15738.738754335578,0
MCI,D,20141119,000000,8.91664,8.92481,8.87216,8.88034,106430.35683397982,0
MCI,D,20141120,000000,8.94297,8.94297,8.88034,8.88034,34200.47318341343,0
MCI,D,20141121,000000,8.94297,8.95205,8.88034,8.88941,16068.097859007077,0
MCI,D,20141124,000000,8.73871,9.03194,8.69423,9.03194,48723.11678203887,0
MCI,D,20141125,000000,9.04919,9.18264,9.0047,9.12907,63153.23140142549,0
MCI,D,20141126,000000,9.17356,9.25345,9.15541,9.23529,88376.19052773961,0
MCI,D,20141127,000000,9.21804,9.22712,9.16448,9.19988,80739.24513413598,0
MCI,D,20141128,000000,9.19172,9.20896,9.04919,9.05826,25214.146842577087,0
MCI,D,20141201,000000,9.05826,9.09367,9.0047,9.07551,28443.848832198582,0
MCI,D,20141202,000000,9.02286,9.05826,9.0047,9.04919,22826.017949841957,0
MCI,D,20141203,000000,9.05826,9.12907,9.0047,9.07551,20220.88657008246,0
MCI,D,20141204,000000,9.03194,9.07551,9.03194,9.07551,15602.148356411615,0
MCI,D,20141205,000000,9.07551,9.11183,9.03194,9.07551,31088.63548877471,0
MCI,D,20141208,000000,9.04919,9.06734,9.01378,9.04011,23081.574178215826,0
MCI,D,20141209,000000,9.03194,9.03194,8.94297,9.02286,27997.726968011437,0
MCI,D,20141210,000000,9.02286,9.02286,8.92481,8.96022,49471.05936421929,0
MCI,D,20141211,000000,8.96022,8.99653,8.89849,8.95205,27052.609537214972,0
MCI,D,20141212,000000,8.94297,8.95205,8.88034,8.95205,24781.243403995486,0
MCI,D,20141215,000000,8.91664,8.91664,8.87216,8.87216,35116.95069206455,0
MCI,D,20141216,000000,8.74779,8.87216,8.44603,8.44603,97712.8051471229,0
MCI,D,20141217,000000,8.44603,8.58801,8.43723,8.57031,40965.00248705108,0
MCI,D,20141218,000000,8.57911,8.87216,8.57911,8.79227,62107.87424312031,0
MCI,D,20141219,000000,8.82768,8.93389,8.78319,8.854,46301.941825289876,0
MCI,D,20141222,000000,8.80953,8.87216,8.75687,8.82768,80181.86818776884,0
MCI,D,20141223,000000,8.71238,8.87216,8.60572,8.87216,99716.4981618301,0
MCI,D,20141229,000000,8.72146,8.89849,8.72146,8.89849,20624.048551051586,0
MCI,D,20141230,000000,8.73871,9.08459,8.72963,9.07551,60713.33034173531,0
MCI,D,20150102,000000,9.04919,9.07551,8.88034,9.01378,18937.597750877467,0
MCI,D,20150105,000000,8.90757,9.04919,8.88034,9.01378,10641.934147930853,0
MCI,D,20150107,000000,8.88941,8.99653,8.80953,8.95205,58053.12218861938,0
MCI,D,20150108,000000,8.82768,9.0047,8.82768,8.98745,42031.28881923172,0
MCI,D,20150109,000000,9.0047,9.0047,8.87216,8.87216,32395.05655278941,0
MCI,D,20150112,000000,8.88941,8.9693,8.88941,8.96022,7714.052876302636,0
MCI,D,20150113,000000,8.88941,8.98745,8.88941,8.96022,24954.184472334702,0
MCI,D,20150114,000000,8.99653,9.0047,8.80953,9.0047,29036.47491351385,0
MCI,D,20150115,000000,8.92481,8.96022,8.87216,8.89849,33794.00659604292,0
MCI,D,20150116,000000,8.87216,8.97838,8.71238,8.89849,10763.103049315016,0
MCI,D,20150119,000000,8.95205,8.95205,8.80953,8.86308,6472.622404848535,0
MCI,D,20150120,000000,8.89849,8.96022,8.8186,8.93389,9377.37143166705,0
MCI,D,20150121,000000,8.93389,9.13815,8.89849,9.10275,77929.22815749055,0
MCI,D,20150122,000000,9.09367,9.09367,8.99653,9.04919,19808.91230537631,0
MCI,D,20150123,000000,9.04919,9.04919,8.97838,9.04919,28495.620999153634,0
MCI,D,20150126,000000,8.93389,9.04919,8.93389,9.04011,23688.52022060377,0
MCI,D,20150127,000000,9.04919,9.27069,9.04919,9.21804,93456.4721021374,0
MCI,D,20150128,000000,9.18264,9.24437,9.15541,9.18264,17701.674956759012,0
MCI,D,20150129,000000,9.17356,9.43047,9.15541,9.41322,97144.41284608447,0
MCI,D,20150130,000000,9.43047,9.70557,9.43047,9.70557,142210.43187725588,0
MCI,D,20150202,000000,9.70557,9.70557,9.41322,9.46588,44403.99621542704,0
MCI,D,20150203,000000,9.46588,9.69742,9.4223,9.4223,50397.45069207457,0
MCI,D,20150204,000000,9.51037,9.57301,9.25345,9.31518,43388.38051473433,0
MCI,D,20150205,000000,9.31518,9.49313,9.27977,9.34241,11789.734104679012,0
MCI,D,20150206,000000,9.47496,9.61745,9.30701,9.57301,164484.58055806634,0
MCI,D,20150209,000000,9.46588,9.56391,9.3869,9.44863,12961.767841704,0
MCI,D,20150210,000000,9.48403,9.60844,9.33334,9.5821,77931.4312284248,0
MCI,D,20150211,000000,9.5821,9.59025,9.35966,9.35966,40957.29173878118,0
MCI,D,20150212,000000,9.35966,9.4223,9.32426,9.35966,24503.656466279044,0
MCI,D,20150213,000000,9.4223,9.44863,9.35966,9.44863,31296.825692062044,0
MCI,D,20150216,000000,9.44863,9.44863,9.32426,9.32426,65404.769896236656,0
MCI,D,20150217,000000,9.32426,9.39507,9.31518,9.31518,28539.682417838783,0
MCI,D,20150218,000000,9.33334,9.35966,9.19988,9.21804,30186.477941196266,0
MCI,D,20150219,000000,9.17356,9.35966,9.13815,9.30701,47027.85369812772,0
MCI,D,20150220,000000,9.31518,9.53757,9.26253,9.52847,17349.183607277813,0
MCI,D,20150223,000000,9.5821,9.59025,9.43047,9.45771,17676.33964101505,0
MCI,D,20150224,000000,9.51947,9.60844,9.4223,9.60844,40588.27735729305,0
MCI,D,20150225,000000,9.60844,10.2203,9.60844,10.2112,318033.1169984784,0
MCI,D,20150226,000000,10.2648,10.3891,10.2294,10.2911,100130.67549747051,0
MCI,D,20150227,000000,10.2112,10.3709,10.1313,10.2911,55413.843209378894,0
MCI,D,20150302,000000,10.3356,10.5843,10.3092,10.558,71275.95393603289,0
MCI,D,20150303,000000,10.558,10.637,10.3891,10.4246,53771.453827889934,0
MCI,D,20150304,000000,10.5217,11.09,10.4064,11.0718,84004.1962587056,0
MCI,D,20150305,000000,11.0809,11.7109,11.0718,11.6402,306362.34872424934,0
MCI,D,20150306,000000,11.6402,11.7373,11.3913,11.4803,46501.319744840184,0
MCI,D,20150309,000000,11.622,11.622,11.1345,11.4095,53336.34731837408,0
MCI,D,20150310,000000,11.7109,11.7109,11.001,11.01,132022.33034178207,0
MCI,D,20150311,000000,10.8685,11.1789,10.7886,11.09,65023.63862461012,0
MCI,D,20150312,000000,11.1789,11.2225,10.824,11.09,52249.131812317995,0
MCI,D,20150313,000000,11.09,11.1073,10.5934,10.6107,158199.2191826297,0
MCI,D,20150316,000000,10.558,11.001,10.469,10.8948,108828.3995459191,0
MCI,D,20150317,000000,11.001,11.0718,10.735,10.9302,57152.06617650806,0
MCI,D,20150318,000000,10.9121,11.0273,10.6642,10.7968,66747.5416306666,0
MCI,D,20150319,000000,10.7532,11.0637,10.726,11.0546,99386.03752169147,0
MCI,D,20150320,000000,11.0718,11.0718,10.8594,11.001,62655.337370283305,0
MCI,D,20150323,000000,11.09,11.2225,10.9393,11.0364,57505.6590614564,0
MCI,D,20150324,000000,10.9747,11.0364,10.7704,10.8685,62535.27000436626,0
MCI,D,20150325,000000,10.8685,10.9121,10.5661,10.5843,92810.97231839996,0
MCI,D,20150326,000000,10.558,10.558,10.2112,10.3356,126112.59256063633,0
MCI,D,20150327,000000,10.3356,10.558,10.3356,10.469,36852.97058825946,0
MCI,D,20150330,000000,10.6107,10.9121,10.469,10.469,152579.18522933882,0
MCI,D,20150331,000000,10.469,10.6905,10.469,10.6288,49791.60618515376,0
MCI,D,20150401,000000,10.646,11.1073,10.646,11.09,97212.70804504644,0
MCI,D,20150402,000000,11.1699,11.6664,11.1699,11.5248,187832.7263193273,0
MCI,D,20150407,000000,11.6928,11.9769,11.6928,11.9769,166505.8981402476,0
MCI,D,20150408,000000,11.9769,12.1985,11.8263,11.8263,89332.32331320737,0
MCI,D,20150409,000000,11.8263,11.8879,11.2407,11.4712,216048.55730983024,0
MCI,D,20150410,000000,11.5512,11.7109,11.3024,11.3024,73994.54346890666,0
MCI,D,20150413,000000,11.3913,11.622,11.267,11.5774,33764.26513843044,0
MCI,D,20150414,000000,11.5774,11.5774,11.3115,11.3115,57949.57785470928,0
MCI,D,20150415,000000,11.3469,11.5067,10.9565,11.0637,108212.64121979414,0
MCI,D,20150416,000000,11.1789,11.445,10.9565,11.267,74087.07244814547,0
MCI,D,20150417,000000,11.356,11.5339,11.2225,11.445,61795.038170455744,0
MCI,D,20150420,000000,11.3741,11.5339,11.3024,11.5248,35883.61937718616,0
MCI,D,20150421,000000,11.5339,11.5693,11.3913,11.5339,95277.31022930123,0
MCI,D,20150422,000000,11.5339,11.5421,11.4177,11.5339,88528.20242220338,0
MCI,D,20150423,000000,11.5339,11.5421,11.445,11.5421,145713.31466272532,0
MCI,D,20150424,000000,11.5421,11.5512,11.4177,11.5512,75610.49599918452,0
MCI,D,20150427,000000,11.5339,12.0659,11.454,11.9769,205025.49189027285,0
MCI,D,20150428,000000,11.9769,11.9769,11.7999,11.7999,72022.7949827462,0
MCI,D,20150429,000000,11.7999,11.8172,11.4803,11.4803,45550.694636708075,0
MCI,D,20150430,000000,11.5248,11.622,11.2942,11.5339,40178.50616352116,0
MCI,D,20150504,000000,11.7645,11.8879,11.622,11.8879,35798.80114621724,0
MCI,D,20150505,000000,11.9152,12.1103,11.8353,12.0659,69765.74881059938,0
MCI,D,20150506,000000,12.1549,12.2874,12.1276,12.1367,130500.00832621014,0
MCI,D,20150507,000000,12.2256,12.2256,11.7109,11.9061,74620.21561423579,0
MCI,D,20150508,000000,11.9061,12.3673,11.7109,12.2429,154346.0481186133,0
MCI,D,20150511,000000,12.2429,12.3228,11.9152,11.986,107209.14240923985,0
MCI,D,20150512,000000,12.075,12.1103,11.8879,12.0477,76837.60650956596,0
MCI,D,20150513,000000,12.0831,12.1549,11.8525,11.9678,30653.528979258856,0
MCI,D,20150514,000000,11.9597,12.1276,11.8444,12.0831,50239.931120275156,0
MCI,D,20150515,000000,12.0659,12.2429,12.0659,12.1721,46894.567906605145,0
MCI,D,20150518,000000,12.1721,12.1721,11.8444,11.8444,81371.52649226789,0
MCI,D,20150519,000000,11.9152,11.9597,11.2052,11.2589,340544.0958047216,0
MCI,D,20150520,000000,11.2589,11.4359,11.1871,11.3651,40608.10499570137,0
MCI,D,20150521,000000,11.4268,11.4976,11.3024,11.3024,33514.21658739222,0
MCI,D,20150522,000000,11.3206,11.3913,11.1789,11.2407,30613.87370244222,0
MCI,D,20150525,000000,11.09,11.099,10.8685,10.8948,57702.83391007244,0
MCI,D,20150526,000000,10.8412,11.3115,10.6642,11.1789,370705.2384301739,0
MCI,D,20150527,000000,11.3024,11.6846,11.267,11.5512,69237.01178637758,0
MCI,D,20150528,000000,11.5421,11.5693,11.356,11.4095,28200.409493963125,0
MCI,D,20150529,000000,11.5693,11.5693,11.356,11.4894,18349.377811430717,0
MCI,D,20150601,000000,11.4004,11.5774,11.4004,11.4976,26808.068663512386,0
MCI,D,20150602,000000,11.5774,11.7109,11.4622,11.6402,33540.65343860331,0
MCI,D,20150603,000000,11.4894,11.6492,11.4894,11.5339,51790.89305799244,0
MCI,D,20150605,000000,11.6664,11.6664,11.5248,11.5248,36251.53222320716,0
MCI,D,20150608,000000,11.4622,11.4803,11.1517,11.1699,102137.67311857908,0
MCI,D,20150609,000000,11.1073,11.4004,11.01,11.1073,30612.77216697509,0
MCI,D,20150610,000000,10.9565,11.4622,10.9565,11.4268,35705.1706315113,0
MCI,D,20150611,000000,11.2942,11.4803,11.2761,11.454,8980.818663500699,0
MCI,D,20150612,000000,11.4177,11.5774,11.4095,11.5157,33379.82926040251,0
MCI,D,20150615,000000,11.4803,11.5693,11.4622,11.4622,32209.998594311775,0
MCI,D,20150616,000000,11.445,11.445,11.2942,11.3297,25667.979455034132,0
MCI,D,20150617,000000,11.356,11.445,11.1073,11.1073,69504.68490488986,0
MCI,D,20150618,000000,11.09,11.2225,11.0191,11.2143,21088.896518179918,0
MCI,D,20150619,000000,11.267,11.445,11.1345,11.3469,27960.274762129062,0
MCI,D,20150622,000000,11.267,11.5512,11.267,11.4803,24891.396950708364,0
MCI,D,20150623,000000,11.445,11.5956,11.445,11.5339,90691.61807964423,0
MCI,D,20150624,000000,11.454,11.5421,11.454,11.5067,9908.311526823107,0
MCI,D,20150625,000000,11.4095,11.5157,11.4095,11.4803,39826.014814039954,0
MCI,D,20150626,000000,11.4004,11.454,11.2407,11.2851,50474.558174773585,0
MCI,D,20150629,000000,10.735,10.8503,10.3891,10.8059,114955.13981408921,0
MCI,D,20150630,000000,10.4781,10.7441,10.4781,10.6733,67136.38365056306,0
MCI,D,20150701,000000,10.6551,11.0637,10.6551,10.9747,32939.21507355101,0
MCI,D,20150702,000000,10.9121,10.9565,10.7886,10.9393,56263.12705453516,0
MCI,D,20150703,000000,10.8685,11.09,10.8685,11.0718,40062.84493947264,0
MCI,D,20150706,000000,10.8322,11.1789,10.8322,11.1789,18405.556120254285,0
MCI,D,20150707,000000,11.1789,11.1789,10.9565,11.001,21104.31801471972,0
MCI,D,20150708,000000,10.8503,11.001,10.646,10.9121,40989.23626732791,0
MCI,D,20150709,000000,10.7795,10.9747,10.6905,10.9121,40685.21247840038,0
MCI,D,20150710,000000,10.9121,11.09,10.9121,11.0546,41401.21053203407,0
MCI,D,20150713,000000,11.09,11.2143,11.0637,11.099,43532.6816609282,0
MCI,D,20150714,000000,11.1608,11.1699,10.9656,11.1608,31022.543360746986,0
MCI,D,20150715,000000,11.0455,11.1436,10.9747,11.099,34077.10121109501,0
MCI,D,20150716,000000,11.099,11.267,11.099,11.1871,36356.17809258439,0
MCI,D,20150717,000000,11.2225,11.4177,11.1961,11.3115,34916.47123704712,0
MCI,D,20150720,000000,11.3469,11.3469,11.0809,11.2225,18152.20296281467,0
MCI,D,20150721,000000,11.1789,11.6574,11.0809,11.5774,111052.39965405206,0
MCI,D,20150722,000000,11.6492,11.6492,11.4004,11.4359,56643.15679069458,0
MCI,D,20150723,000000,11.5248,11.7018,11.5248,11.6664,76284.63570506731,0
MCI,D,20150724,000000,11.4894,11.6928,11.4894,11.6402,37531.516436010774,0
MCI,D,20150727,000000,11.6664,11.6664,11.4095,11.4359,57821.79974052234,0
MCI,D,20150728,000000,11.5248,11.5774,11.4177,11.5774,30717.41803635232,0
MCI,D,20150729,000000,11.5339,11.6846,11.5339,11.6492,52658.903006089895,0
MCI,D,20150730,000000,11.5956,11.8172,11.5956,11.6664,38259.63137978287,0
MCI,D,20150731,000000,11.6664,11.7463,11.5421,11.5865,29086.044009534646,0
MCI,D,20150803,000000,11.7463,11.7463,11.5865,11.6574,29870.337262130313,0
MCI,D,20150804,000000,11.7109,11.72,11.5421,11.5865,12545.387435129333,0
MCI,D,20150805,000000,11.5512,11.7109,11.5512,11.7109,32823.55384950249,0
MCI,D,20150806,000000,11.7726,11.8353,11.5602,11.6129,30761.47945503747,0
MCI,D,20150807,000000,11.6129,11.7109,11.4976,11.6664,17107.947339976614,0
MCI,D,20150810,000000,11.7018,11.7373,11.5956,11.7373,23801.97837371803,0
MCI,D,20150811,000000,11.6492,12.0831,11.6492,12.0214,77204.41782011982,0
MCI,D,20150812,000000,11.9769,11.9769,11.8081,11.9325,22311.60088669283,0
MCI,D,20150813,000000,11.7018,11.7999,11.5339,11.6664,87387.01167825799,0
MCI,D,20150814,000000,11.6402,11.6928,11.5339,11.5602,35459.52822234159,0
MCI,D,20150817,000000,11.5602,11.622,11.5339,11.5339,38706.85477943714,0
MCI,D,20150818,000000,11.5421,11.5602,11.5339,11.5421,25697.720912646608,0
MCI,D,20150819,000000,11.5421,11.6129,11.5421,11.5774,37249.52335642581,0
MCI,D,20150820,000000,11.5339,11.5339,11.2761,11.3206,91779.93512116745,0
MCI,D,20150821,000000,11.1163,11.1163,10.7613,10.9656,86026.61537635399,0
MCI,D,20150824,000000,10.637,10.637,8.91664,9.67013,574482.6906361898,0
MCI,D,20150825,000000,9.32426,10.105,9.32426,9.98064,120342.74978381595,0
MCI,D,20150826,000000,9.98064,10.203,9.7773,9.88352,94007.23983570178,0
MCI,D,20150827,000000,10.1404,10.3183,10.1404,10.2911,31662.53546714879,0
MCI,D,20150828,000000,10.2829,10.38,10.1848,10.38,19198.661656586984,0
MCI,D,20150831,000000,10.2911,10.2911,10.1676,10.1939,33559.3795415445,0
MCI,D,20150901,000000,10.1758,10.38,10.0514,10.096,29115.785467147118,0
MCI,D,20150902,000000,10.1141,10.203,10.0342,10.1141,11137.62510813879,0
MCI,D,20150903,000000,10.105,10.3628,10.096,10.3356,33879.92636247896,0
MCI,D,20150904,000000,10.3537,10.3628,10.203,10.3265,17917.57590831625,0
MCI,D,20150907,000000,10.2466,10.4599,10.2466,10.3709,17269.87305364454,0
MCI,D,20150908,000000,10.3628,10.5399,10.3356,10.5399,10589.060445508674,0
MCI,D,20150909,000000,10.5843,10.7795,10.5843,10.6905,14547.978914369402,0
MCI,D,20150910,000000,10.6814,10.6814,10.2294,10.3447,12859.325043261028,0
MCI,D,20150911,000000,10.4509,10.558,10.38,10.4246,8341.928092566024,0
MCI,D,20150914,000000,10.4155,10.6016,10.38,10.558,38042.628892758505,0
MCI,D,20150915,000000,10.469,10.5489,10.2911,10.2911,4515.193879760746,0
MCI,D,20150916,000000,10.2829,10.5044,10.2829,10.4781,11589.254649661578,0
MCI,D,20150917,000000,10.469,10.5044,10.2385,10.2385,20212.074286345432,0
MCI,D,20150918,000000,10.2466,10.4418,10.1848,10.203,22431.668252609867,0
MCI,D,20150921,000000,10.203,10.3709,10.1141,10.3709,35100.42766005762,0
MCI,D,20150922,000000,10.3628,10.3628,10.0786,10.203,6133.34948097288,0
MCI,D,20150923,000000,10.203,10.203,10.0696,10.0696,13121.49048443767,0
MCI,D,20150924,000000,10.0696,10.1848,10.016,10.0251,16767.572880633834,0
MCI,D,20150925,000000,10.0078,10.1676,10.0078,10.1586,16823.751189457398,0
MCI,D,20150928,000000,10.1141,10.1586,10.0696,10.0696,19962.025735307205,0
MCI,D,20150929,000000,9.98064,10.0514,9.4223,10.0514,55244.206747441065,0
MCI,D,20150930,000000,10.0514,10.105,9.91886,10.0605,7365.967668689951,0
MCI,D,20151001,000000,10.1676,10.2557,10.1231,10.203,20003.8840830581,0
MCI,D,20151002,000000,10.1231,10.203,10.1141,10.1586,18549.85726644815,0
MCI,D,20151005,000000,10.2738,10.2738,10.1141,10.2738,25301.16814448026,0
MCI,D,20151006,000000,10.2112,10.2738,10.203,10.2557,5166.201340833838,0
MCI,D,20151007,000000,10.2738,10.8322,10.2738,10.637,32745.34483133635,0
MCI,D,20151008,000000,10.637,10.9656,10.637,10.7795,20653.790008664062,0
MCI,D,20151009,000000,10.7795,11.0273,10.7795,11.001,122364.0673659972,0
MCI,D,20151012,000000,11.001,11.001,10.7795,10.8059,9688.004433397356,0
MCI,D,20151013,000000,10.8857,10.8857,10.38,10.6016,18514.60813150003,0
MCI,D,20151014,000000,10.726,10.7795,10.6905,10.7704,11302.855428208102,0
MCI,D,20151015,000000,10.7968,10.8322,10.7169,10.8322,3503.9843209365536,0
MCI,D,20151016,000000,10.8322,10.9121,10.824,10.8857,6925.353481838451,0
MCI,D,20151019,000000,10.9121,10.9121,10.646,10.646,7318.601643603414,0
MCI,D,20151020,000000,10.6288,10.7795,10.6288,10.7704,19485.06087804046,0
MCI,D,20151021,000000,10.735,10.8948,10.6016,10.8594,14834.378135822877,0
MCI,D,20151022,000000,10.8503,10.8503,10.6551,10.6814,13503.723291531345,0
MCI,D,20151023,000000,10.6905,10.824,10.6642,10.7795,42122.7162630034,0
MCI,D,20151026,000000,10.646,10.8059,10.558,10.7441,10765.306120249274,0
MCI,D,20151027,000000,10.7441,10.8412,10.7087,10.8412,58066.34061422492,0
MCI,D,20151028,000000,10.8503,10.9121,10.7795,10.8685,15891.852184266476,0
MCI,D,20151029,000000,10.7441,10.8503,10.7441,10.824,43098.67668687947,0
MCI,D,20151030,000000,10.7704,10.9121,10.7704,10.7795,7922.24307958997,0
MCI,D,20151102,000000,10.7795,10.9121,10.7795,10.9121,24867.163170431533,0
MCI,D,20151103,000000,10.8857,10.9565,10.8766,10.9121,28762.19258219879,0
MCI,D,20151104,000000,10.9565,11.3024,10.9121,11.267,106212.25281148833,0
MCI,D,20151105,000000,10.9121,11.09,10.6551,11.0273,61904.09018170149,0
MCI,D,20151106,000000,10.9656,11.1789,10.9656,11.0637,65108.456855579025,0
MCI,D,20151109,000000,11.0637,11.2225,10.8322,10.9121,35613.743187739616,0
MCI,D,20151110,000000,10.8322,11.0809,10.7795,10.8685,12018.85348184179,0
MCI,D,20151112,000000,10.9919,10.9919,10.7704,10.8857,5173.912089103738,0
MCI,D,20151113,000000,10.9393,10.9393,10.6107,10.6107,28679.577422164133,0
MCI,D,20151116,000000,10.5752,10.5752,10.38,10.5135,30643.6151600547,0
MCI,D,20151117,000000,10.7087,10.735,10.6016,10.7169,3111.837694638719,0
MCI,D,20151118,000000,10.5489,10.646,10.5489,10.637,6423.053308827742,0
MCI,D,20151119,000000,10.6016,10.6016,10.4781,10.558,4963.518814882147,0
MCI,D,20151120,000000,10.5044,10.7169,10.5044,10.7169,11093.56368945364,0
MCI,D,20151123,000000,10.6814,10.7087,10.5661,10.646,16875.52335641245,0
MCI,D,20151124,000000,10.6016,10.646,10.2829,10.38,25265.919009532136,0
MCI,D,20151125,000000,10.38,10.38,10.203,10.3447,28559.5100562471,0
MCI,D,20151126,000000,10.2911,10.3447,9.87442,9.97249,40209.34915660076,0
MCI,D,20151127,000000,9.98064,10.2911,9.9361,10.1141,67520.81952859099,0
MCI,D,20151130,000000,10.1141,10.1141,9.9361,9.9361,23317.30276818138,0
MCI,D,20151201,000000,9.89252,10.1141,9.89252,10.1141,19590.80828288482,0
MCI,D,20151202,000000,10.1141,10.1141,9.99874,10.0696,15255.16468426606,0
MCI,D,20151203,000000,10.105,10.1141,10.0433,10.0605,10031.683499141525,0
MCI,D,20151204,000000,10.0605,10.0605,9.69742,9.84808,101317.02919556816,0
MCI,D,20151207,000000,9.9361,9.9361,9.81264,9.85623,312940.71853394224,0
MCI,D,20151208,000000,9.89252,9.90976,9.23529,9.84808,199723.80168698216,0
MCI,D,20151209,000000,9.92796,10.0251,9.5821,10.0251,141149.65322241088,0
MCI,D,20151210,000000,10.0251,10.1141,9.9361,10.0696,29846.103481853483,0
MCI,D,20151211,000000,10.0696,10.0877,9.71466,9.7591,35787.78579154595,0
MCI,D,20151214,000000,9.7591,9.79454,9.57301,9.73276,27473.39608565815,0
MCI,D,20151215,000000,9.7591,9.82088,9.27069,9.82088,32802.62467562705,0
MCI,D,20151216,000000,9.7773,9.84808,9.67923,9.71466,42826.597426498665,0
MCI,D,20151217,000000,9.84808,9.98064,9.7591,9.89252,70908.04109001189,0
MCI,D,20151218,000000,9.89252,10.016,9.80354,10.016,81121.47794122968,0
MCI,D,20151221,000000,10.0251,10.203,9.96339,10.096,69288.78395333263,0
MCI,D,20151222,000000,10.0078,10.1495,9.96339,10.0342,71358.56909606756,0
MCI,D,20151223,000000,10.016,10.105,9.96339,10.096,93830.99416096119,0
MCI,D,20151228,000000,10.0786,10.1939,10.0433,10.1141,50803.91727944508,0
MCI,D,20151229,000000,10.0433,10.3265,10.0433,10.3265,17871.31141869684,0
MCI,D,20151230,000000,10.3183,10.469,10.2112,10.2112,26992.02508652289,0
MCI,D,20160104,000000,10.1141,10.1939,9.9361,9.97249,14583.22804931752,0
MCI,D,20160105,000000,9.98974,10.1495,9.9543,10.0605,21325.7266436126,0
MCI,D,20160107,000000,9.9543,9.9543,9.45771,9.57301,83333.3611592242,0
MCI,D,20160108,000000,9.67923,9.71466,9.41322,9.71466,35648.992322687736,0
MCI,D,20160111,000000,9.69742,9.69742,9.49313,9.69742,25145.851643615104,0
MCI,D,20160112,000000,9.71466,9.7682,9.59935,9.64379,32070.10358998643,0
MCI,D,20160113,000000,9.67013,9.67923,9.62569,9.66103,32196.780168706235,0
MCI,D,20160114,000000,9.67013,9.67013,9.5821,9.65288,52561.967884982565,0
MCI,D,20160115,000000,9.65288,9.65288,9.49313,9.57301,6924.251946371322,0
MCI,D,20160118,000000,9.32426,9.40415,9.02286,9.02286,35234.81498704733,0
MCI,D,20160119,000000,9.10275,9.27069,9.10275,9.22712,122242.89846461304,0
MCI,D,20160120,000000,9.17356,9.22712,8.9693,8.99653,68180.6392734011,0
MCI,D,20160121,000000,8.99653,9.04011,8.82768,8.87216,195800.13235306958,0
MCI,D,20160122,000000,8.88941,9.06734,8.87216,9.06734,98315.34504764232,0
MCI,D,20160125,000000,9.06734,9.18264,8.98745,8.98745,12316.268057966552,0
MCI,D,20160126,000000,8.9693,8.9693,8.78319,8.84493,30020.146085659824,0
MCI,D,20160127,000000,8.82768,9.04919,8.82768,8.98745,19579.79292821353,0
MCI,D,20160128,000000,9.04919,9.21804,8.99653,9.08459,28328.187608150063,0
MCI,D,20160129,000000,9.09367,9.22712,9.07551,9.12907,38705.753243970015,0
MCI,D,20160201,000000,9.09367,9.19988,8.9693,9.13815,14357.413278556127,0
MCI,D,20160202,000000,9.22712,9.23529,9.13815,9.22712,14827.768923020103,0
MCI,D,20160203,000000,9.23529,9.37782,9.22712,9.36875,32355.401275972774,0
MCI,D,20160204,000000,9.3869,9.43047,9.36875,9.43047,14615.172577864254,0
MCI,D,20160205,000000,9.45771,9.71466,9.43955,9.71466,40273.238213694225,0
MCI,D,20160208,000000,9.82088,9.83898,9.5821,9.69742,31696.683066629783,0
MCI,D,20160209,000000,9.5821,9.65288,9.5821,9.65288,5159.592128031065,0
MCI,D,20160210,000000,9.61745,9.69742,9.60844,9.67013,87185.43068777343,0
MCI,D,20160211,000000,9.64379,9.64379,9.44863,9.56391,11531.974805370883,0
MCI,D,20160212,000000,9.52847,9.52847,9.50223,9.52847,2373.8089316624564,0
MCI,D,20160215,000000,9.50223,9.59935,9.50223,9.51037,8530.290657445039,0
MCI,D,20160216,000000,9.50223,9.50223,9.45771,9.48403,4362.08044982985,0
MCI,D,20160217,000000,9.44863,9.55481,9.08459,9.44863,47563.19993515229,0
MCI,D,20160218,000000,9.4223,9.49313,9.32426,9.43047,15432.511894473788,0
MCI,D,20160219,000000,9.32426,9.43047,9.31518,9.33334,17340.37132354078,0
MCI,D,20160222,000000,9.35966,9.49313,9.31518,9.4223,10711.330882359964,0
MCI,D,20160223,000000,9.33334,9.34241,9.26253,9.31518,10475.602292394413,0
MCI,D,20160224,000000,9.22712,9.25345,9.04919,9.22712,9020.473940317333,0
MCI,D,20160225,000000,9.28885,9.29793,9.17356,9.29793,14751.76297578822,0
MCI,D,20160226,000000,9.31518,9.34241,9.30701,9.31518,5978.032980107726,0
MCI,D,20160229,000000,9.29793,9.29793,9.07551,9.25345,12940.838667828555,0
MCI,D,20160301,000000,9.24437,9.24437,9.11183,9.12,6795.372296717258,0
MCI,D,20160302,000000,9.22712,9.22712,9.11183,9.14723,3886.21712803023,0
MCI,D,20160303,000000,9.14723,9.47496,9.14723,9.47496,16420.589208488276,0
MCI,D,20160304,000000,9.49313,9.49313,9.30701,9.45771,10738.869269038183,0
MCI,D,20160307,000000,9.49313,9.49313,9.30701,9.46588,14324.367214542264,0
MCI,D,20160308,000000,9.43955,9.55481,9.31518,9.48403,61768.601319244655,0
MCI,D,20160309,000000,9.49313,9.49313,9.36875,9.41322,17411.971128904148,0
MCI,D,20160310,000000,9.49313,9.53757,9.41322,9.52847,15883.039900529446,0
MCI,D,20160311,000000,9.53757,9.66103,9.53757,9.61745,67776.37575696486,0
MCI,D,20160314,000000,10.0877,10.4337,10.0877,10.203,179685.7700044431,0
MCI,D,20160315,000000,10.2648,10.2648,10.0251,10.0786,33225.61429500449,0
MCI,D,20160316,000000,10.0786,10.0786,9.84808,9.92796,39536.3109861851,0
MCI,D,20160317,000000,9.98974,10.2557,9.98974,10.2466,27438.146950710034,0
MCI,D,20160318,000000,10.2911,10.3183,10.0342,10.1313,29748.06682527902,0
MCI,D,20160321,000000,10.0605,10.1313,10.0433,10.0514,14248.361267310382,0
MCI,D,20160322,000000,9.9361,9.9361,9.7591,9.83898,22666.29530710829,0
MCI,D,20160323,000000,9.83898,10.0433,9.69742,9.85623,26947.96366783774,0
MCI,D,20160324,000000,9.80354,9.92796,9.80354,9.85623,6547.52681661329,0
MCI,D,20160329,000000,9.9361,9.9452,9.7591,9.82988,19942.19809689889,0
MCI,D,20160330,000000,9.83898,10.105,9.7591,10.016,22081.379974062926,0
MCI,D,20160331,000000,10.0877,10.1939,9.9361,10.096,26138.33509949811,0
MCI,D,20160401,000000,10.1141,10.1141,9.90076,10.0078,13987.297361600866,0
MCI,D,20160404,000000,9.98064,10.0877,9.91886,10.0786,21183.628568352993,0
MCI,D,20160405,000000,10.0514,10.0514,9.78545,9.9543,16428.299956758176,0
MCI,D,20160406,000000,9.98064,9.98974,9.86532,9.86532,14965.460856411197,0
MCI,D,20160407,000000,9.89252,9.97249,9.80354,9.9361,9681.395220594582,0
MCI,D,20160408,000000,9.9361,10.0251,9.92796,9.9361,13659.039792396501,0
MCI,D,20160411,000000,9.9452,9.9452,9.54581,9.75001,32588.92679500407,0
MCI,D,20160412,000000,9.7591,9.82988,9.70557,9.82988,25263.71593859788,0
MCI,D,20160413,000000,9.80354,9.9361,9.7591,9.9361,115981.77086945322,0
MCI,D,20160414,000000,9.9361,10.016,9.88352,9.98974,24021.18393167665,0
MCI,D,20160415,000000,9.99874,10.0251,9.98064,10.0078,13095.05363322658,0
MCI,D,20160418,000000,9.98064,10.0877,9.98064,10.0877,22909.734645343742,0
MCI,D,20160419,000000,10.096,10.2466,10.0786,10.2294,43370.75594726027,0
MCI,D,20160420,000000,10.2466,10.2466,10.203,10.203,9290.350129763878,0
MCI,D,20160421,000000,10.203,10.4246,10.203,10.4246,33147.40527683834,0
MCI,D,20160422,000000,10.5135,10.7441,10.5135,10.6198,126234.86299748761,0
MCI,D,20160425,000000,10.6288,10.6288,10.4337,10.5399,23006.669766451076,0
MCI,D,20160426,000000,10.5399,10.6288,10.469,10.4781,53934.48107702499,0
MCI,D,20160427,000000,10.4781,10.4781,10.3891,10.3982,12385.664792395664,0
MCI,D,20160428,000000,10.4337,10.4337,10.2648,10.4064,7292.164792392326,0
MCI,D,20160429,000000,10.4155,10.4155,10.3447,10.4064,14405.880839109792,0
MCI,D,20160502,000000,10.4418,10.4418,10.3183,10.3628,10644.137218865111,0
MCI,D,20160504,000000,10.38,10.38,10.1404,10.2466,7765.825043257688,0
MCI,D,20160505,000000,10.1586,10.1586,10.0251,10.0251,16912.97556229483,0
MCI,D,20160506,000000,9.9543,10.203,9.9361,10.203,26320.088451574353,0
MCI,D,20160509,000000,10.2648,10.2648,10.1313,10.203,2436.596453288795,0
MCI,D,20160510,000000,10.2738,10.2738,10.1313,10.2294,13097.256704160838,0
MCI,D,20160511,000000,10.2466,10.2466,10.1231,10.1495,4581.286007788472,0
MCI,D,20160512,000000,10.2648,10.2911,9.9361,10.1141,50524.12727079438,0
MCI,D,20160513,000000,10.1141,10.1141,9.9361,9.9452,8226.266868517505,0
MCI,D,20160516,000000,9.9361,10.0786,9.9361,10.0433,14581.024978383264,0
MCI,D,20160517,000000,10.0251,10.0786,9.92796,9.92796,39214.6626297835,0
MCI,D,20160518,000000,9.88352,10.0514,9.7682,9.96339,60599.87218862105,0
MCI,D,20160519,000000,9.98974,9.98974,9.7773,9.82988,9852.133217999539,0
MCI,D,20160520,000000,9.82988,10.0251,9.7773,9.7773,41516.87175608259,0
MCI,D,20160523,000000,9.7591,9.97249,9.7591,9.83898,9285.943987895364,0
MCI,D,20160524,000000,9.84808,9.90076,9.60844,9.67923,15837.876946377166,0
MCI,D,20160525,000000,9.67923,9.92796,9.64379,9.64379,25883.88040659137,0
MCI,D,20160527,000000,9.65288,9.92796,9.65288,9.71466,18894.637867659447,0
MCI,D,20160530,000000,9.82988,9.88352,9.7773,9.83898,16621.06866350571,0
MCI,D,20160531,000000,9.7591,9.86532,9.7591,9.80354,16726.81606835007,0
MCI,D,20160601,000000,9.7591,9.7591,9.49313,9.5821,27006.34504759556,0
MCI,D,20160602,000000,9.5821,9.66103,9.40415,9.55481,14349.702530286226,0
MCI,D,20160603,000000,9.5821,9.5821,9.3869,9.40415,28882.259948115825,0
MCI,D,20160606,000000,9.43047,9.72367,9.41322,9.70557,22615.62467562037,0
MCI,D,20160607,000000,9.70557,10.016,9.59935,10.016,22110.01989620827,0
MCI,D,20160608,000000,10.0251,10.0605,9.9361,9.96339,25238.380622853918,0
MCI,D,20160609,000000,9.9543,9.9543,9.7682,9.78545,15681.458910044885,0
MCI,D,20160610,000000,9.80354,9.84808,9.59025,9.59025,18550.95880191528,0
MCI,D,20160613,000000,9.70557,9.70557,9.50223,9.62569,6371.281141872691,0
MCI,D,20160614,000000,9.51947,9.67013,9.49313,9.53757,21851.159061433013,0
MCI,D,20160615,000000,9.51947,9.60844,9.51947,9.5821,9146.048983570012,0
MCI,D,20160616,000000,9.47496,9.47496,9.19172,9.31518,38705.753243970015,0
MCI,D,20160617,000000,9.13815,9.30701,9.13815,9.18264,21879.79898357836,0
MCI,D,20160620,000000,9.19988,9.39507,9.19172,9.35058,8133.737889278689,0
MCI,D,20160621,000000,9.34241,9.35966,9.22712,9.22712,3551.35034602309,0
MCI,D,20160622,000000,9.22712,9.46588,9.17356,9.43955,9419.229779417941,0
MCI,D,20160623,000000,9.28885,9.4223,9.22712,9.3869,5756.624351214848,0
MCI,D,20160624,000000,8.54362,9.04919,8.02906,9.04919,171553.13365063153,0
MCI,D,20160627,000000,8.97838,9.26253,8.97838,9.25345,26626.315311436145,0
MCI,D,20160628,000000,9.26253,9.49313,9.26253,9.3869,63663.24232270611,0
MCI,D,20160629,000000,9.39507,9.51037,9.31518,9.35058,37503.97804933255,0
MCI,D,20160630,000000,9.35058,9.46588,9.32426,9.46588,7818.698745679867,0
MCI,D,20160701,000000,9.46588,9.64379,9.45771,9.63469,10325.793468864902,0
MCI,D,20160704,000000,9.63469,9.66103,9.49313,9.63469,115815.43901391678,0
MCI,D,20160705,000000,9.63469,9.65288,9.59025,9.65288,10350.027249141735,0
MCI,D,20160706,000000,9.54581,9.71466,9.49313,9.5821,4851.162197235015,0
MCI,D,20160707,000000,9.5821,9.66103,9.57301,9.5821,31367.323961958282,0
MCI,D,20160708,000000,9.5821,9.71466,9.5821,9.71466,2987.3641868531704,0
MCI,D,20160711,000000,9.73276,9.84808,9.73276,9.7591,73773.13484001376,0
MCI,D,20160712,000000,9.81264,9.81264,9.7591,9.7773,22198.142733578567,0
MCI,D,20160713,000000,9.7773,9.7773,9.71466,9.7591,20915.955449840705,0
MCI,D,20160714,000000,9.7591,9.7773,9.7591,9.7591,21535.018382367063,0
MCI,D,20160715,000000,9.7591,9.83898,9.7591,9.7591,14110.669333919288,0
MCI,D,20160718,000000,9.7682,9.82088,9.62569,9.82088,35758.04433393348,0
MCI,D,20160719,000000,9.83898,10.016,9.83898,9.86532,13761.482590839472,0
MCI,D,20160720,000000,9.9361,9.98064,9.90976,9.9361,4110.9303633244945,0
MCI,D,20160721,000000,10.0078,10.0078,9.7591,9.7591,15078.919009525458,0
MCI,D,20160722,000000,9.5821,9.79454,9.5821,9.67923,8018.076665230171,0
MCI,D,20160725,000000,9.7591,9.7591,9.5821,9.69742,12006.736591703375,0
MCI,D,20160726,000000,9.67013,9.9361,9.63469,9.75001,5781.959666958809,0
MCI,D,20160727,000000,9.64379,9.71466,9.56391,9.56391,59334.20793689012,0
MCI,D,20160728,000000,9.56391,9.56391,9.4223,9.4223,46245.76351646631,0
MCI,D,20160729,000000,9.4223,9.61745,9.40415,9.61745,65404.769896236656,0
MCI,D,20160801,000000,9.5821,9.63469,9.41322,9.48403,26684.69669119397,0
MCI,D,20160802,000000,9.48403,9.7591,9.40415,9.7591,26499.638732716336,0
MCI,D,20160803,000000,9.5821,9.5821,9.43955,9.52847,19610.635921293135,0
MCI,D,20160804,000000,9.51037,9.57301,9.27069,9.35058,28497.82407008789,0
MCI,D,20160805,000000,9.35966,9.39507,9.24437,9.24437,22234.49340399382,0
MCI,D,20160808,000000,9.24437,9.31518,9.23529,9.24437,32721.11105105952,0
MCI,D,20160809,000000,9.25345,9.31518,9.25345,9.28885,14508.323637552765,0
MCI,D,20160810,000000,9.27069,9.37782,9.27069,9.27977,22972.52216697008,0
MCI,D,20160811,000000,9.31518,9.31518,9.09367,9.22712,19242.723075272133,0
MCI,D,20160812,000000,9.14723,9.21804,9.14723,9.18264,2578.6945285484035,0
MCI,D,20160816,000000,9.18264,9.23529,9.13815,9.18264,5318.213235297605,0
MCI,D,20160817,000000,9.11183,9.24437,9.09367,9.18264,7527.893382357877,0
MCI,D,20160818,000000,9.18264,9.24437,9.12907,9.13815,9370.762218864276,0
MCI,D,20160819,000000,9.13815,9.13815,9.04919,9.11183,13334.08682959352,0
MCI,D,20160822,000000,9.05826,9.05826,8.92481,9.0047,26278.230103823462,0
MCI,D,20160823,000000,9.0047,9.04919,8.97838,9.0047,60098.67355107747,0
MCI,D,20160824,000000,8.94297,8.99653,8.92481,8.99653,84426.08434261593,0
MCI,D,20160825,000000,8.99653,9.04919,8.92481,9.03194,22884.399329599783,0
MCI,D,20160826,000000,8.9693,9.04919,8.93389,9.04919,28455.965722336998,0
MCI,D,20160829,000000,9.03194,9.04919,8.97838,8.97838,70026.8127163089,0
MCI,D,20160830,000000,8.98745,9.21804,8.97838,9.19172,83770.67073967431,0
MCI,D,20160831,000000,9.19988,9.20896,9.15541,9.15541,16705.88689447462,0
MCI,D,20160901,000000,9.16448,9.20896,9.04919,9.07551,33868.91100780768,0
MCI,D,20160902,000000,9.20896,9.21804,9.10275,9.10275,27464.583801921122,0
MCI,D,20160905,000000,9.10275,9.19172,9.05826,9.12,76365.04779416772,0
MCI,D,20160906,000000,9.05826,9.06734,8.9693,9.06734,7886.99394464185,0
MCI,D,20160907,000000,9.03194,9.19988,9.03194,9.18264,29294.23421282198,0
MCI,D,20160908,000000,9.13815,9.30701,9.13815,9.26253,17414.17419983841,0
MCI,D,20160909,000000,9.22712,9.22712,9.14723,9.16448,15082.223615926845,0
MCI,D,20160912,000000,9.14723,9.18264,9.04919,9.18264,55743.202314050395,0
MCI,D,20160913,000000,9.13815,9.17356,9.13815,9.17356,12266.69896194576,0
MCI,D,20160914,000000,9.13815,9.13815,9.08459,9.09367,9504.048010386856,0
MCI,D,20160915,000000,9.08459,9.13815,9.06734,9.12,11503.334883225538,0
MCI,D,20160916,000000,9.08459,9.11183,9.06734,9.09367,12991.509299316476,0
MCI,D,20160919,000000,9.06734,9.06734,8.96022,9.04919,9347.629974054571,0
MCI,D,20160920,000000,9.04011,9.10275,8.79227,8.91664,22656.381487904127,0
MCI,D,20160921,000000,9.04011,9.04011,8.84493,8.84493,7584.071691181444,0
MCI,D,20160922,000000,8.83676,8.86308,8.79227,8.80953,14520.440527691182,0
MCI,D,20160923,000000,8.86308,8.86308,8.51702,8.60572,14351.905601220484,0
MCI,D,20160926,000000,8.6679,8.6679,8.25085,8.46382,18348.276275963588,0
MCI,D,20160927,000000,8.49042,8.8186,8.49042,8.78319,18971.745350358462,0
MCI,D,20160928,000000,8.77412,8.95205,8.72963,8.95205,19530.22383219274,0
MCI,D,20160929,000000,8.95205,9.04011,8.92481,9.04011,12523.356725786758,0
MCI,D,20160930,000000,8.96022,9.09367,8.96022,9.09367,35003.49253895029,0
MCI,D,20161003,000000,9.12,9.22712,9.12,9.22712,11906.496864194658,0
MCI,D,20161004,000000,9.24437,9.26253,9.15541,9.26253,16558.28114187937,0
MCI,D,20161005,000000,9.18264,9.22712,9.08459,9.22712,14481.886786341676,0
MCI,D,20161006,000000,9.19988,9.19988,9.09367,9.09367,2446.510272492954,0
MCI,D,20161007,000000,9.09367,9.13815,8.97838,9.13815,6396.616457616651,0
MCI,D,20161010,000000,8.99653,9.08459,8.99653,9.0047,2796.798551039896,0
MCI,D,20161011,000000,9.0047,9.0047,8.71238,8.94297,4679.32266436293,0
MCI,D,20161012,000000,8.87216,9.04919,8.80135,9.04011,10572.537413501743,0
MCI,D,20161013,000000,9.03194,9.03194,8.82768,8.91664,3358.5816392755587,0
MCI,D,20161014,000000,8.87216,8.88941,8.78319,8.82768,3386.1200259537773,0
MCI,D,20161017,000000,8.79227,8.87216,8.79227,8.86308,3835.546496542307,0
MCI,D,20161018,000000,8.80953,8.854,8.77412,8.79227,7210.651167824797,0
MCI,D,20161019,000000,8.77412,8.77412,8.60572,8.77412,6974.9225778592445,0
MCI,D,20161020,000000,8.88941,9.02286,8.87216,8.97838,52983.85596889288,0
MCI,D,20161021,000000,8.89849,8.96022,8.82768,8.82768,15438.019571809431,0
MCI,D,20161024,000000,8.87216,8.90757,8.73871,8.90757,8009.264381493142,0
MCI,D,20161025,000000,8.90757,8.95205,8.87216,8.94297,6706.147923879829,0
MCI,D,20161026,000000,8.94297,8.96022,8.87216,8.94297,16141.900735304702,0
MCI,D,20161027,000000,8.94297,8.94297,8.78319,8.78319,38433.673983589215,0
MCI,D,20161028,000000,8.78319,8.78319,8.69423,8.77412,6831.722967132508,0
MCI,D,20161031,000000,8.88034,8.88034,8.64157,8.70331,18284.38721887012,0
MCI,D,20161102,000000,8.80135,8.80135,8.46382,8.46382,23247.906033752268,0
MCI,D,20161103,000000,8.38394,8.42833,7.83388,7.94037,62343.60283308586,0
MCI,D,20161104,000000,7.83388,7.96697,7.82498,7.95807,77298.04833482577,0
MCI,D,20161107,000000,8.07346,8.11776,8.02906,8.11776,50267.46950695338,0
MCI,D,20161108,000000,7.94927,8.16216,7.62981,8.11776,48761.67052338838,0
MCI,D,20161109,000000,7.99357,8.11776,7.94037,8.10895,19834.247621120274,0
MCI,D,20161110,000000,8.12665,8.15326,8.02906,8.02906,20540.3318555498,0
MCI,D,20161114,000000,7.95807,8.07346,7.95807,8.02906,48720.913711104615,0
MCI,D,20161115,000000,8.08235,8.08235,7.98477,8.08235,27498.731401402114,0
MCI,D,20161116,000000,8.08235,8.08235,7.99357,8.06456,95455.75897497608,0
MCI,D,20161117,000000,8.02906,8.03796,7.80728,7.86938,78677.17073967097,0
MCI,D,20161118,000000,7.86938,7.86938,7.62981,7.71859,24851.74167389173,0
MCI,D,20161121,000000,7.71859,7.95807,7.62981,7.95807,112908.48691616401,0
MCI,D,20161122,000000,8.06456,8.18875,8.04686,8.15326,15797.120134093404,0
MCI,D,20161123,000000,8.04686,8.19765,8.04686,8.19765,36855.173659193715,0
MCI,D,20161124,000000,8.18875,8.18875,8.07346,8.11776,7247.001838240046,0
MCI,D,20161125,000000,8.11776,8.17105,8.07346,8.17105,16846.883434267103,0
MCI,D,20161128,000000,8.17105,8.19765,8.17105,8.19765,13432.123486167977,0
MCI,D,20161129,000000,8.08235,8.08235,8.02017,8.07346,4329.034385815988,0
MCI,D,20161130,000000,8.16216,8.17994,7.99357,8.17994,8422.340181666423,0
MCI,D,20161201,000000,8.02906,8.09116,8.02906,8.08235,1307.522599481826,0
MCI,D,20161202,000000,8.01136,8.07346,8.00247,8.07346,7070.756163499445,0
MCI,D,20161205,000000,8.08235,8.12665,8.07346,8.07346,22410.73907873442,0
MCI,D,20161206,000000,8.07346,8.14445,7.99357,7.99357,10705.82320502432,0
MCI,D,20161207,000000,8.02906,8.10005,8.02906,8.04686,16668.434688592246,0
MCI,D,20161208,000000,8.03796,8.33073,8.03796,8.33073,44291.639597779904,0
MCI,D,20161209,000000,8.39283,8.39283,8.30414,8.33963,5336.939338238794,0
MCI,D,20161212,000000,8.31294,8.37513,8.31294,8.37513,15390.653546722895,0
MCI,D,20161213,000000,8.35733,8.38394,8.33963,8.38394,7437.5674740533195,0
MCI,D,20161214,000000,8.38394,8.47272,8.25085,8.47272,25388.18944638343,0
MCI,D,20161215,000000,8.56141,8.56141,8.33963,8.33963,10889.779628034821,0
MCI,D,20161216,000000,8.30414,8.41943,8.30414,8.39283,3149.289900521096,0
MCI,D,20161219,000000,8.38394,8.39283,8.18875,8.37513,12040.884191184365,0
MCI,D,20161220,000000,8.36623,8.37513,8.26864,8.29524,32506.311634969414,0
MCI,D,20161221,000000,8.26864,8.29524,8.17105,8.29524,52054.16003463621,0
MCI,D,20161222,000000,8.21535,8.26864,8.19765,8.22425,19005.892949839454,0
MCI,D,20161223,000000,8.19765,8.25085,8.18875,8.18875,32467.757893619906,0
MCI,D,20161227,000000,8.17994,8.17994,8.10005,8.13555,21353.26503029082,0
MCI,D,20161228,000000,8.05566,8.10005,7.92258,7.97587,73411.83120679554,0
MCI,D,20161229,000000,7.97587,8.10005,7.94037,8.07346,6953.993403983798,0
MCI,D,20161230,000000,8.10005,8.15326,7.95807,7.95807,22748.910467142945,0
MCI,D,20170102,000000,7.95807,8.13555,7.86938,7.89598,20510.590397937325,0
MCI,D,20170103,000000,7.91377,8.13555,7.91377,7.98477,13483.895653123029,0
MCI,D,20170104,000000,8.07346,8.07346,7.94927,7.98477,21540.526059702708,0
MCI,D,20170105,000000,7.96697,8.04686,7.89598,8.02906,12974.986267309547,0
MCI,D,20170109,000000,8.03796,8.03796,7.81618,7.86938,21657.288819218356,0
MCI,D,20170110,000000,7.89598,7.89598,7.7008,7.76289,33545.059580471825,0
MCI,D,20170111,000000,7.76289,7.88717,7.75409,7.87827,29334.99102510574,0
MCI,D,20170112,000000,7.87827,7.87827,7.71859,7.86938,13757.076448970958,0
MCI,D,20170113,000000,7.90487,8.02906,7.80728,7.97587,34148.70101645838,0
MCI,D,20170116,000000,8.02906,8.02906,7.87827,7.97587,2650.2943339117724,0
MCI,D,20170117,000000,7.82498,7.95807,7.6831,7.7097,60204.420955921836,0
MCI,D,20170118,000000,7.6742,7.7097,7.6653,7.7097,40003.36202424768,0
MCI,D,20170119,000000,7.6831,7.7097,7.6653,7.7097,21221.080774235368,0
MCI,D,20170120,000000,7.6742,7.80728,7.65649,7.6742,98985.0786116566,0
MCI,D,20170123,000000,7.6742,7.6742,7.5589,7.5589,58118.112781179974,0
MCI,D,20170124,000000,7.5589,7.5589,7.28383,7.31933,228826.36872852375,0
MCI,D,20170125,000000,7.31933,7.36372,7.31933,7.34593,96931.81650092862,0
MCI,D,20170126,000000,7.34593,7.53221,7.34593,7.50561,53501.57763844339,0
MCI,D,20170127,000000,7.54111,7.88717,7.47902,7.87827,66475.46237028581,0
MCI,D,20170130,000000,7.87827,7.87827,7.621,7.62981,29192.89294984613,0
MCI,D,20170131,000000,7.6121,7.74519,7.5766,7.69199,14366.225562293157,0
MCI,D,20170201,000000,7.69199,7.7274,7.6653,7.7097,24069.651492230318,0
MCI,D,20170202,000000,7.71859,7.7274,7.62981,7.7274,16971.35694205265,0
MCI,D,20170203,000000,7.74519,7.77179,7.62981,7.6831,7143.457504329944,0
MCI,D,20170206,000000,7.69199,7.71859,7.6121,7.7008,25611.801146210568,0
MCI,D,20170207,000000,7.62981,7.6387,7.5855,7.62981,10508.648356408276,0
MCI,D,20170208,000000,7.7008,7.7008,7.5944,7.62981,3144.8837586525815,0
MCI,D,20170209,000000,7.62981,7.69199,7.5944,7.6742,8975.310986165056,0
MCI,D,20170210,000000,7.69199,7.7097,7.62981,7.69199,18480.46053201904,0
MCI,D,20170213,000000,7.62981,7.7097,7.49681,7.5855,23577.265138423765,0
MCI,D,20170214,000000,7.621,7.6742,7.52341,7.6742,16509.813581325703,0
MCI,D,20170215,000000,7.62981,7.81618,7.62981,7.76289,29284.320393617818,0
MCI,D,20170216,000000,7.76289,7.80728,7.6387,7.7008,25930.144896210775,0
MCI,D,20170217,000000,7.6653,7.7097,7.54111,7.54111,8073.153438586608,0
MCI,D,20170220,000000,7.54111,7.6831,7.54111,7.6387,27546.09742648865,0
MCI,D,20170221,000000,7.6742,7.6742,7.54111,7.6032,61571.42647062861,0
MCI,D,20170222,000000,7.55001,7.6032,7.38142,7.5766,29090.450151403158,0
MCI,D,20170223,000000,7.49681,7.5855,7.40803,7.5855,33374.32158306687,0
MCI,D,20170224,000000,7.50561,7.54111,7.45242,7.54111,16568.19496108353,0
MCI,D,20170227,000000,7.49681,7.51451,7.38142,7.49681,3588.8025519054677,0
MCI,D,20170228,000000,7.40803,7.54111,7.38142,7.49681,23071.66035901167,0
MCI,D,20170301,000000,7.49681,7.49681,7.38142,7.45242,8533.595263846426,0
MCI,D,20170302,000000,7.52341,7.54111,7.41691,7.45242,8676.794874573163,0
MCI,D,20170303,000000,7.45242,7.73629,7.38142,7.7008,46781.109753490884,0
MCI,D,20170306,000000,7.78069,8.55251,7.76289,8.42833,119812.911224127,0
MCI,D,20170307,000000,8.64157,8.64157,8.17105,8.30414,33371.01697666548,0
MCI,D,20170308,000000,8.30414,8.39283,8.17105,8.28634,17825.04692907743,0
MCI,D,20170309,000000,8.17105,8.17105,7.95807,8.07346,16613.357915235807,0
MCI,D,20170310,000000,8.18875,8.18875,7.99357,7.99357,9674.786007791812,0
MCI,D,20170313,000000,8.07346,8.16216,7.81618,8.06456,9832.305579591222,0
MCI,D,20170314,000000,8.06456,8.27754,8.05566,8.22425,10806.062932533037,0
MCI,D,20170315,000000,8.22425,8.22425,8.16216,8.17994,3196.6559256076325,0
MCI,D,20170316,000000,8.16216,8.36623,8.06456,8.25085,15897.35986160212,0
MCI,D,20170317,000000,8.11776,8.25085,8.07346,8.24204,11494.522599488506,0
MCI,D,20170320,000000,8.08235,8.24204,8.07346,8.17105,18640.183174752707,0
MCI,D,20170321,000000,8.16216,8.17105,8.10005,8.10005,10800.555255197394,0
MCI,D,20170322,000000,7.96697,8.02906,7.78958,8.02906,26779.428741367043,0
MCI,D,20170323,000000,8.03796,8.09116,7.95807,8.09116,15545.970047588047,0
MCI,D,20170324,000000,8.03796,8.38394,8.03796,8.22425,29662.14705884298,0
MCI,D,20170327,000000,8.22425,8.23315,8.15326,8.21535,10271.818230975594,0
MCI,D,20170328,000000,8.15326,8.23315,8.13555,8.23315,11323.78460208355,0
MCI,D,20170329,000000,8.22425,8.36623,8.22425,8.22425,19759.343209355517,0
MCI,D,20170330,000000,8.22425,8.31294,8.14445,8.19765,8035.701232704231,0
MCI,D,20170331,000000,8.16216,8.33073,8.16216,8.33073,8956.584883223866,0
MCI,D,20170403,000000,8.36623,8.38394,8.33963,8.36623,23706.14478807783,0
MCI,D,20170404,000000,8.37513,8.41053,8.33963,8.34843,44513.04822667279,0
MCI,D,20170405,000000,8.37513,8.60572,8.37513,8.60572,29385.661656593664,0
MCI,D,20170406,000000,8.60572,8.64974,8.38394,8.38394,37215.37575694482,0
MCI,D,20170407,000000,8.33963,8.49042,8.33963,8.47272,12231.44982699764,0
MCI,D,20170410,000000,8.47272,8.47272,8.31294,8.36623,3035.831747406835,0
MCI,D,20170411,000000,8.33963,8.45493,8.16216,8.16216,24074.057634098834,0
MCI,D,20170412,000000,8.09116,8.12665,8.01136,8.04686,16016.325692052025,0
MCI,D,20170413,000000,8.48152,8.6679,8.48152,8.60572,105316.70447671266,0
MCI,D,20170418,000000,8.60572,8.6679,8.58801,8.64974,35699.662954175656,0
MCI,D,20170419,000000,8.6325,8.74779,8.6325,8.72146,41748.19420417963,0
MCI,D,20170420,000000,8.69423,8.74779,8.69423,8.73871,25380.47869811353,0
MCI,D,20170421,000000,8.64157,8.69423,8.58801,8.60572,9710.035142739931,0
MCI,D,20170424,000000,8.61461,8.75687,8.61461,8.73871,40266.62900089146,0
MCI,D,20170425,000000,8.74779,8.80135,8.69423,8.77412,28359.030601229668,0
MCI,D,20170426,000000,8.79227,8.854,8.74779,8.75687,54701.1497621466,0
MCI,D,20170427,000000,8.78319,8.79227,8.69423,8.79227,31066.604779432135,0
MCI,D,20170428,000000,8.8186,8.8186,8.64974,8.78319,17649.90278980396,0
MCI,D,20170502,000000,8.69423,8.80953,8.64157,8.80953,37119.542171304616,0
MCI,D,20170504,000000,8.72963,8.8186,8.70331,8.78319,44815.9704801332,0
MCI,D,20170505,000000,8.69423,8.76504,8.64974,8.68515,65080.9184689008,0
MCI,D,20170508,000000,8.67698,8.73871,8.6679,8.67698,57436.26232702728,0
MCI,D,20170509,000000,8.64974,8.65882,8.6235,8.6235,5518.692690315038,0
MCI,D,20170510,000000,8.60572,8.60572,8.29524,8.41053,46130.102292417796,0
MCI,D,20170511,000000,8.39283,8.46382,8.39283,8.46382,18892.434796725192,0
MCI,D,20170512,000000,8.44603,8.46382,8.35733,8.43723,4466.726319207081,0
MCI,D,20170515,000000,8.43723,8.47272,8.34843,8.47272,3963.3246107292425,0
MCI,D,20170516,000000,8.38394,8.42833,8.36623,8.40172,29819.66663064239,0
MCI,D,20170517,000000,8.40172,8.46382,8.33963,8.46382,18877.013300185386,0
MCI,D,20170518,000000,8.45493,8.48152,8.36623,8.42833,50644.19463671141,0
MCI,D,20170519,000000,8.42833,8.50812,8.41053,8.49932,11227.951016443349,0
MCI,D,20170522,000000,8.50812,8.74779,8.44603,8.74779,22465.81585209086,0
MCI,D,20170523,000000,8.74779,8.78319,8.68515,8.73871,811.8316392738888,0
MCI,D,20170524,000000,8.73871,8.82768,8.64974,8.82768,15282.703070944277,0
MCI,D,20170525,000000,8.8186,8.84493,8.78319,8.80953,27556.011245692807,0
MCI,D,20170526,000000,8.80135,8.80953,8.69423,8.71238,2969.73961937911,0
MCI,D,20170529,000000,8.70331,8.70331,8.61461,8.61461,3415.861483566254,0
MCI,D,20170530,000000,8.60572,8.64974,8.60572,8.64157,14297.930363331176,0
MCI,D,20170531,000000,8.59691,8.59691,8.32184,8.42833,14275.899653988601,0
MCI,D,20170601,000000,8.42833,8.59691,8.42833,8.49042,2001.4899437729387,0
MCI,D,20170602,000000,8.37513,8.57031,8.37513,8.47272,27101.077097768637,0
MCI,D,20170605,000000,8.42833,8.51702,8.42833,8.50812,12702.907006928745,0
MCI,D,20170606,000000,8.42833,8.50812,8.42833,8.42833,1999.2868728386813,0
MCI,D,20170607,000000,8.40172,8.50812,8.28634,8.49932,8196.52541090503,0
MCI,D,20170608,000000,8.49932,8.52592,8.42833,8.51702,13369.335964541639,0
MCI,D,20170609,000000,8.51702,8.58801,8.49932,8.57911,17264.3653763089,0
MCI,D,20170612,000000,8.38394,8.6235,8.38394,8.60572,12401.086288935468,0
MCI,D,20170613,000000,8.59691,8.60572,8.47272,8.60572,10231.06141869183,0
MCI,D,20170614,000000,8.51702,8.59691,8.51702,8.51702,1060.7786548449862,0
MCI,D,20170616,000000,8.42833,8.44603,8.40172,8.41053,8495.04152249692,0
MCI,D,20170619,000000,8.42833,8.42833,8.32184,8.32184,7452.988970593123,0
MCI,D,20170620,000000,8.28634,8.28634,7.73629,8.07346,22362.271518180754,0
MCI,D,20170621,000000,7.97587,7.97587,7.74519,7.91377,11791.93717561327,0
MCI,D,20170622,000000,7.94037,7.95807,7.87827,7.88717,6524.394571803586,0
MCI,D,20170623,000000,7.97587,7.98477,7.86048,7.97587,1625.866349482035,0
MCI,D,20170626,000000,7.98477,8.23315,7.98477,8.16216,3263.8495891024863,0
MCI,D,20170627,000000,8.05566,8.16216,7.80728,7.94037,15293.718425615565,0
MCI,D,20170628,000000,7.92258,8.01136,7.82498,7.96697,3295.79411764922,0
MCI,D,20170629,000000,7.94927,8.04686,7.89598,8.04686,13497.114078728575,0
MCI,D,20170630,000000,7.98477,8.22425,7.98477,8.16216,3878.506379760329,0
MCI,D,20170703,000000,8.14445,8.30414,8.14445,8.30414,7542.2133434305515,0
MCI,D,20170704,000000,8.30414,8.32184,8.25085,8.25085,11787.531033744754,0
MCI,D,20170705,000000,8.25085,8.35733,8.25085,8.33963,11349.119917827513,0
MCI,D,20170706,000000,8.16216,8.49932,8.16216,8.49932,17194.968641879786,0
MCI,D,20170707,000000,8.21535,8.54362,8.21535,8.42833,9760.705774227852,0
MCI,D,20170710,000000,8.29524,8.59691,8.17994,8.31294,13237.151708486188,0
MCI,D,20170711,000000,8.41943,8.60572,8.41943,8.42833,22785.261137558195,0
MCI,D,20170712,000000,8.58801,8.60572,8.47272,8.59691,20092.0069204284,0
MCI,D,20170713,000000,8.60572,8.69423,8.60572,8.69423,4761.937824397586,0
MCI,D,20170714,000000,8.69423,8.69423,8.6235,8.64157,1697.4661548454037,0
MCI,D,20170717,000000,8.64157,8.64157,8.35733,8.47272,7879.283196371948,0
MCI,D,20170718,000000,8.40172,8.69423,8.38394,8.60572,105663.68814885821,0
MCI,D,20170719,000000,8.68515,8.69423,8.51702,8.51702,40941.87024224138,0
MCI,D,20170720,000000,8.60572,8.60572,8.42833,8.47272,6901.119701561619,0
MCI,D,20170721,000000,8.59691,8.59691,8.33963,8.33963,4922.762002598384,0
MCI,D,20170724,000000,8.32184,8.47272,8.25085,8.33963,9433.549740490615,0
MCI,D,20170725,000000,8.29524,8.46382,8.25085,8.33963,2032.3329368525438,0
MCI,D,20170726,000000,8.23315,8.23315,8.10895,8.10895,12425.320069212301,0
MCI,D,20170727,000000,8.10005,8.12665,8.02906,8.03796,8577.656682531577,0
MCI,D,20170728,000000,8.07346,8.13555,8.05566,8.13555,1693.0600129768886,0
MCI,D,20170731,000000,8.20655,8.20655,8.01136,8.03796,3089.806985296144,0
MCI,D,20170801,000000,8.00247,8.15326,8.00247,8.15326,2437.6979887559237,0
MCI,D,20170802,000000,8.14445,8.14445,7.95807,8.00247,27757.59223617737,0
MCI,D,20170803,000000,8.07346,8.07346,8.00247,8.03796,4456.812500002922,0
MCI,D,20170804,000000,8.07346,8.09116,8.04686,8.07346,7291.063256925196,0
MCI,D,20170807,000000,8.03796,8.13555,7.64759,7.74519,46264.489619407505,0
MCI,D,20170808,000000,7.76289,7.78069,7.46132,7.62981,66305.82590834798,0
MCI,D,20170809,000000,7.69199,7.71859,7.62981,7.71859,13757.076448970958,0
MCI,D,20170810,000000,7.79839,7.94037,7.76289,7.85168,13103.865916963608,0
MCI,D,20170811,000000,7.85168,7.86048,7.80728,7.86048,17923.083585651893,0
MCI,D,20170814,000000,7.86048,7.98477,7.86048,7.98477,1189.65830449905,0
MCI,D,20170816,000000,7.84278,7.98477,7.84278,7.98477,5789.67041522871,0
MCI,D,20170817,000000,7.84278,7.97587,7.84278,7.89598,3616.3409385836862,0
MCI,D,20170818,000000,7.85168,7.96697,7.84278,7.96697,2429.9872404860225,0
MCI,D,20170821,000000,7.95807,8.09116,7.89598,7.90487,3001.6841479258437,0
MCI,D,20170822,000000,7.98477,8.09116,7.94037,8.07346,15031.552984438922,0
MCI,D,20170823,000000,8.07346,8.07346,7.98477,8.07346,74549.71734433953,0
MCI,D,20170824,000000,8.09116,8.09116,7.89598,8.06456,2541.242322666026,0
MCI,D,20170825,000000,7.98477,8.07346,7.89598,8.00247,2576.491457614146,0
MCI,D,20170828,000000,7.98477,8.04686,7.89598,7.94037,1933.1947448109563,0
MCI,D,20170829,000000,7.82498,7.82498,7.36372,7.78958,33357.79855105994,0
MCI,D,20170830,000000,7.79839,7.85168,7.71859,7.80728,14601.95415225871,0
MCI,D,20170831,000000,7.80728,7.86048,7.62981,7.6653,21249.72069638072,0
MCI,D,20170901,000000,7.7008,7.7008,7.5855,7.6653,29103.668577008702,0
MCI,D,20170904,000000,7.78958,7.84278,7.7097,7.7097,8113.910250870373,0
MCI,D,20170905,000000,7.6831,7.80728,7.6831,7.79839,2359.4889705897826,0
MCI,D,20170906,000000,7.71859,7.83388,7.6387,7.6831,27428.233131505876,0
MCI,D,20170907,000000,7.6831,7.79839,7.64759,7.7097,9258.405601217144,0
MCI,D,20170908,000000,7.79839,7.79839,7.64759,7.64759,4525.107698964905,0
MCI,D,20170911,000000,7.7097,7.76289,7.65649,7.71859,15335.576773366458,0
MCI,D,20170912,000000,7.71859,7.71859,7.64759,7.6653,63383.4523140554,0
MCI,D,20170913,000000,7.6742,7.69199,7.41691,7.53221,25590.871972335117,0
MCI,D,20170914,000000,7.55001,7.7008,7.54111,7.5855,9563.530925611807,0
MCI,D,20170915,000000,7.621,7.7008,7.6032,7.65649,8772.628460213364,0
MCI,D,20170918,000000,7.71859,7.71859,7.55001,7.65649,5096.804606404726,0
MCI,D,20170919,000000,7.6653,7.7097,7.5855,7.6742,8669.084126303263,0
MCI,D,20170920,000000,7.64759,7.6653,7.6121,7.64759,5213.567365920373,0
MCI,D,20170921,000000,7.65649,7.65649,7.56771,7.6387,6822.910683395477,0
MCI,D,20170922,000000,7.69199,7.69199,7.64759,7.64759,746.8410467132926,0
MCI,D,20170925,000000,7.75409,7.78958,7.6742,7.6742,18637.980103818452,0
MCI,D,20170926,000000,7.71859,7.71859,7.5855,7.7097,4923.863538065512,0
MCI,D,20170927,000000,7.7097,7.7097,7.64759,7.6653,2090.7143166103674,0
MCI,D,20170928,000000,7.6121,7.65649,7.51451,7.65649,33585.81639275559,0
MCI,D,20170929,000000,7.71859,7.71859,7.51451,7.55001,12192.896085648134,0
MCI,D,20171002,000000,7.51451,7.69199,7.45242,7.54111,6445.084018170316,0
MCI,D,20171003,000000,7.5944,7.62981,7.56771,7.62981,4205.662413497567,0
MCI,D,20171004,000000,7.621,8.09116,7.621,8.00247,55314.705017337306,0
MCI,D,20171005,000000,8.08235,8.08235,7.90487,7.98477,3457.719831317146,0
MCI,D,20171006,000000,7.98477,8.05566,7.82498,7.94927,23732.58163928892,0
MCI,D,20171009,000000,7.98477,7.98477,7.89598,7.89598,3033.6286764725774,0
MCI,D,20171010,000000,7.89598,8.06456,7.88717,7.99357,10470.09461505877,0
MCI,D,20171011,000000,8.04686,8.06456,7.98477,8.05566,7400.115268170942,0
MCI,D,20171012,000000,8.04686,8.04686,7.98477,7.99357,9567.937067480321,0
MCI,D,20171013,000000,8.02906,8.03796,7.98477,8.03796,9842.219398795381,0
MCI,D,20171016,000000,8.07346,8.07346,8.00247,8.02017,6595.994377166955,0
MCI,D,20171017,000000,8.02017,8.05566,8.00247,8.01136,86916.65603379402,0
MCI,D,20171018,000000,8.04686,8.20655,8.02906,8.11776,47992.798767332504,0
MCI,D,20171019,000000,8.17994,8.19765,8.07346,8.07346,20025.914792400676,0
MCI,D,20171020,000000,8.07346,8.15326,8.07346,8.07346,13470.677227517483,0
MCI,D,20171023,000000,8.02906,8.17994,8.00247,8.09116,55901.823421316934,0
MCI,D,20171024,000000,8.00247,8.16216,8.00247,8.14445,52185.242755224535,0
MCI,D,20171025,000000,8.10895,8.10895,7.97587,8.02017,1346.0763408313323,0
MCI,D,20171026,000000,7.89598,7.98477,7.89598,7.95807,1443.0114619386625,0
MCI,D,20171027,000000,7.89598,7.89598,7.85168,7.87827,2286.7876297592848,0
MCI,D,20171030,000000,7.87827,7.96697,7.87827,7.94037,2768.1586288945487,0
MCI,D,20171031,000000,7.94037,7.94037,7.87827,7.87827,4269.551470591035,0
MCI,D,20171102,000000,7.84278,7.95807,7.76289,7.95807,13397.975886686987,0
MCI,D,20171103,000000,7.93148,7.93148,7.78069,7.83388,7077.365376302219,0
MCI,D,20171106,000000,7.93148,8.10005,7.85168,7.89598,25306.6758218159,0
MCI,D,20171107,000000,7.89598,8.06456,7.88717,8.06456,123917.23237464874,0
MCI,D,20171108,000000,7.99357,8.03796,7.97587,8.00247,5094.601535470469,0
MCI,D,20171109,000000,7.98477,8.06456,7.97587,8.00247,50917.37543255934,0
MCI,D,20171110,000000,7.97587,7.99357,7.86048,7.94037,116389.33899229085,0
MCI,D,20171113,000000,7.84278,7.94037,7.5589,7.78069,10302.661224055199,0
MCI,D,20171114,000000,8.01136,8.47272,8.01136,8.37513,234870.49383665918,0
MCI,D,20171115,000000,8.37513,8.37513,8.17105,8.23315,67125.36829589176,0
MCI,D,20171116,000000,8.24204,8.42833,8.19765,8.30414,15024.94377163615,0
MCI,D,20171117,000000,8.33963,8.42833,8.30414,8.41943,25474.109212819472,0
MCI,D,20171120,000000,8.41943,8.41943,8.16216,8.30414,28941.742863340776,0
MCI,D,20171121,000000,8.30414,8.43723,8.28634,8.39283,56147.46583048664,0
MCI,D,20171122,000000,8.39283,8.57031,8.39283,8.42833,29596.054930815255,0
MCI,D,20171123,000000,8.41943,8.65882,8.41943,8.64974,42358.44485296895,0
MCI,D,20171124,000000,8.68515,8.69423,8.64974,8.68515,51500.08769467045,0
MCI,D,20171127,000000,8.68515,8.69423,8.49932,8.60572,13741.654952431156,0
MCI,D,20171128,000000,8.64974,8.64974,8.37513,8.47272,1249.1412197240024,0
MCI,D,20171129,000000,8.47272,8.57031,8.33963,8.38394,6860.362889277854,0
MCI,D,20171130,000000,8.38394,8.51702,8.38394,8.50812,8323.201989624835,0
MCI,D,20171201,000000,8.45493,8.51702,8.26864,8.50812,30565.406141888554,0
MCI,D,20171204,000000,8.49932,8.55251,8.47272,8.55251,26324.494593442865,0
MCI,D,20171205,000000,8.56141,8.56141,8.43723,8.50812,10069.135705023902,0
MCI,D,20171206,000000,8.42833,8.55251,8.33963,8.49932,3333.246323531597,0
MCI,D,20171207,000000,8.34843,8.49932,8.33963,8.47272,8509.361483569593,0
MCI,D,20171208,000000,8.47272,8.56141,8.35733,8.55251,17090.322772502557,0
MCI,D,20171211,000000,8.53481,8.53481,8.36623,8.53481,14421.302335649594,0
MCI,D,20171212,000000,8.53481,8.53481,8.33963,8.53481,9489.72804931418,0
MCI,D,20171213,000000,8.38394,8.52592,8.38394,8.49932,12231.44982699764,0
MCI,D,20171214,000000,8.46382,8.53481,8.38394,8.53481,9056.824610732583,0
MCI,D,20171215,000000,8.51702,8.54362,8.45493,8.52592,23213.758434271276,0
MCI,D,20171218,000000,8.39283,8.54362,8.39283,8.52592,98097.24102515084,0
MCI,D,20171219,000000,8.46382,8.49042,8.34843,8.46382,10440.353157446294,0
MCI,D,20171220,000000,8.34843,8.34843,8.01136,8.07346,25593.07504326938,0
MCI,D,20171221,000000,8.07346,8.44603,8.07346,8.34843,86563.0631488457,0
MCI,D,20171222,000000,8.37513,8.37513,8.16216,8.16216,16180.454476654208,0
MCI,D,20171227,000000,8.16216,8.16216,7.90487,7.99357,46446.24297148374,0
MCI,D,20171228,000000,8.02906,8.33073,8.02906,8.33073,8428.949394469195,0
MCI,D,20171229,000000,8.08235,8.31294,8.07346,8.23315,6069.460423879413,0
MCI,D,20180103,000000,8.33963,8.78319,8.09116,8.14445,1667.7246972329276,0
MCI,D,20180104,000000,8.37513,8.39283,8.26864,8.33963,4678.221128895801,0
MCI,D,20180105,000000,8.33963,8.48152,8.28634,8.48152,5729.085964536629,0
MCI,D,20180108,000000,8.44603,8.51702,8.44603,8.49932,5248.816500868494,0
MCI,D,20180109,000000,8.44603,8.58801,8.44603,8.58801,5108.921496543142,0
MCI,D,20180110,000000,8.58801,8.58801,8.42833,8.46382,3796.992755192801,0
MCI,D,20180111,000000,8.42833,8.42833,8.33963,8.41053,2976.3488321818827,0
MCI,D,20180112,000000,8.41053,8.46382,8.41053,8.46382,4828.0299524253105,0
MCI,D,20180115,000000,8.42833,8.42833,8.35733,8.37513,2767.05709342742,0
MCI,D,20180116,000000,8.35733,8.42833,8.09116,8.32184,7745.99740484937,0
MCI,D,20180117,000000,8.30414,8.32184,8.21535,8.21535,3142.680687718324,0
MCI,D,20180118,000000,8.25085,8.25085,8.17994,8.25085,3703.3622404868574,0
MCI,D,20180119,000000,8.17994,8.23315,8.09116,8.23315,3074.385488756341,0
MCI,D,20180122,000000,8.16216,8.44603,8.16216,8.44603,4201.256271629052,0
MCI,D,20180123,000000,8.26864,8.44603,8.26864,8.44603,979.2650302774588,0
MCI,D,20180124,000000,8.33963,8.37513,8.28634,8.33963,5483.443555366917,0
MCI,D,20180125,000000,8.33963,8.42833,8.28634,8.32184,8481.823096891376,0
MCI,D,20180126,000000,8.42833,8.42833,8.28634,8.33963,3333.246323531597,0
MCI,D,20180129,000000,8.28634,8.41053,8.25085,8.41053,8376.075692047014,0
MCI,D,20180130,000000,8.39283,8.39283,8.19765,8.30414,3835.546496542307,0
MCI,D,20180131,000000,8.23315,8.30414,8.23315,8.30414,787.5978589970563,0
MCI,D,20180201,000000,8.23315,8.30414,8.21535,8.30414,2448.7133434272114,0
MCI,D,20180202,000000,8.30414,8.30414,8.21535,8.21535,2163.415657440865,0
MCI,D,20180205,000000,8.19765,8.19765,8.12665,8.17994,3759.5405493104236,0
MCI,D,20180206,000000,7.45242,7.91377,7.41691,7.82498,105217.56628467108,0
MCI,D,20180207,000000,7.87827,7.89598,7.80728,7.84278,7130.2390787243985,0
MCI,D,20180208,000000,7.84278,7.87827,7.78958,7.87827,5253.222642737009,0
MCI,D,20180209,000000,7.80728,7.89598,7.80728,7.89598,8154.667063154136,0
MCI,D,20180212,000000,7.87827,7.89598,7.6831,7.80728,5363.376189449884,0
MCI,D,20180213,000000,7.86048,7.89598,7.80728,7.80728,4776.25778547026,0
MCI,D,20180214,000000,7.80728,7.80728,7.73629,7.80728,620.1644679934863,0
MCI,D,20180215,000000,7.86048,7.86048,7.80728,7.80728,979.2650302774588,0
MCI,D,20180216,000000,7.80728,7.80728,7.71859,7.80728,1068.4894031148876,0
MCI,D,20180219,000000,7.80728,7.80728,7.73629,7.77179,5405.234537200776,0
MCI,D,20180220,000000,7.64759,7.73629,7.64759,7.6831,3436.7906574417,0
MCI,D,20180221,000000,7.6831,7.80728,7.6831,7.80728,3461.024437718532,0
MCI,D,20180222,000000,7.6831,7.78958,7.62981,7.78958,10185.89846453955,0
MCI,D,20180223,000000,7.64759,7.78958,7.62981,7.78958,4247.52076124846,0
MCI,D,20180226,000000,7.6653,7.77179,7.64759,7.77179,5559.449502598801,0
MCI,D,20180227,000000,7.75409,7.77179,7.64759,7.77179,1412.1684688590574,0
MCI,D,20180228,000000,7.73629,7.77179,7.7008,7.77179,3389.4246323551633,0
MCI,D,20180301,000000,7.7008,7.75409,7.62981,7.71859,12162.053092568527,0
MCI,D,20180302,000000,7.6831,7.7008,7.6831,7.7008,1667.7246972329276,0
MCI,D,20180305,000000,7.75409,7.75409,7.6121,7.6831,1477.1590614196539,0
MCI,D,20180306,000000,7.73629,7.73629,7.6121,7.71859,680.7489186855676,0
MCI,D,20180307,000000,7.6121,7.6831,7.5944,7.6831,560.6815527685337,0
MCI,D,20180308,000000,7.64759,7.75409,7.64759,7.75409,1626.9678849491636,0
MCI,D,20180309,000000,7.73629,7.75409,7.6831,7.75409,2197.5632569218565,0
MCI,D,20180312,000000,7.7008,7.80728,7.7008,7.80728,14491.800605545834,0
MCI,D,20180313,000000,7.80728,7.80728,7.62981,7.73629,5357.868512114241,0
MCI,D,20180314,000000,7.73629,7.86048,7.73629,7.86048,25388.18944638343,0
MCI,D,20180315,000000,7.80728,7.87827,7.80728,7.84278,5084.6877162663095,0
MCI,D,20180316,000000,7.84278,7.94927,7.84278,7.93148,8930.148032012776,0
MCI,D,20180319,000000,7.91377,7.93148,7.87827,7.93148,14160.238429940082,0
MCI,D,20180320,000000,7.93148,8.07346,7.93148,8.07346,2673.4265787214763,0
MCI,D,20180321,000000,8.05566,8.07346,7.82498,8.02017,4278.363754328065,0
MCI,D,20180322,000000,8.02017,8.02017,7.93148,7.98477,5031.8140138441295,0
MCI,D,20180323,000000,7.71859,8.00247,7.71859,8.00247,4085.5950475805334,0
MCI,D,20180326,000000,7.87827,7.94927,7.87827,7.89598,4025.0105968884523,0
MCI,D,20180327,000000,7.94927,7.94927,7.71859,7.71859,6684.117214537255,0
MCI,D,20180328,000000,7.80728,7.80728,7.36372,7.73629,5767.639705886135,0
MCI,D,20180329,000000,7.7008,7.84278,7.62981,7.84278,6083.780384952086,0
MCI,D,20180403,000000,7.84278,7.84278,7.82498,7.84278,36.35067041524875,0
MCI,D,20180404,000000,7.54111,7.82498,7.54111,7.62981,1409.9653979248,0
MCI,D,20180405,000000,7.78958,7.78958,7.7008,7.78958,2433.2918468874086,0
MCI,D,20180406,000000,7.78958,7.78958,7.39921,7.62981,7564.244052773126,0
MCI,D,20180409,000000,7.62981,7.77179,7.62981,7.71859,1550.9619377172799,0
MCI,D,20180410,000000,7.71859,7.71859,7.62981,7.7008,691.764273356855,0
MCI,D,20180411,000000,7.7008,7.7008,7.64759,7.7008,2279.0768814893836,0
MCI,D,20180412,000000,7.6653,7.7008,7.64759,7.7008,1227.1105103814275,0
MCI,D,20180413,000000,7.7008,7.80728,7.7008,7.71859,1351.5840181669762,0
MCI,D,20180416,000000,7.80728,7.80728,7.41691,7.47012,71156.98810558299,0
MCI,D,20180417,000000,7.45242,7.78958,7.38142,7.48791,7094.989943776279,0
MCI,D,20180418,000000,7.45242,7.78958,7.41691,7.45242,7170.995891008162,0
MCI,D,20180419,000000,7.5944,7.5944,7.18625,7.22174,31356.308607286996,0
MCI,D,20180420,000000,7.41691,7.41691,7.02656,7.06205,58957.48280713209,0
MCI,D,20180423,000000,7.07975,7.18625,6.61849,6.76038,61442.546820974545,0
MCI,D,20180424,000000,6.76038,6.93786,6.6539,6.92007,30651.325908324594,0
MCI,D,20180425,000000,6.97336,6.97336,6.77818,6.83137,2075.292820070565,0
MCI,D,20180426,000000,6.86687,6.86687,6.61849,6.72489,35722.79519898536,0
MCI,D,20180427,000000,6.83137,6.83137,6.6539,6.83137,11799.64792388317,0
MCI,D,20180430,000000,6.92007,7.36372,6.92007,7.09755,21548.236807972607,0
MCI,D,20180502,000000,7.09755,7.39921,7.09755,7.39921,13335.188365060647,0
MCI,D,20180504,000000,7.39921,7.39921,7.29273,7.38142,5225.68425605879,0
MCI,D,20180507,000000,7.36372,7.36372,7.36372,7.36372,230.22091262990875,0
MCI,D,20180508,000000,7.36372,7.36372,7.02656,7.20403,2287.8891652264138,0
MCI,D,20180509,000000,7.18625,7.20403,7.18625,7.20403,5094.601535470469,0
MCI,D,20180510,000000,7.29273,7.32823,7.22174,7.27494,5855.762543256435,0
MCI,D,20180511,000000,7.18625,7.29273,7.18625,7.29273,570.5953719726925,0
MCI,D,20180514,000000,7.29273,7.36372,7.27494,7.36372,9118.510596891792,0
MCI,D,20180515,000000,7.20403,7.43462,7.20403,7.43462,8938.960315749806,0
MCI,D,20180516,000000,7.52341,7.54111,7.36372,7.41691,13095.05363322658,0
MCI,D,20180517,000000,7.45242,7.47012,7.36372,7.43462,8584.265895334349,0
MCI,D,20180518,000000,7.48791,7.89598,7.45242,7.89598,42262.61126732876,0
MCI,D,20180521,000000,7.93148,8.16216,7.93148,8.16216,13616.079909178477,0
MCI,D,20180522,000000,8.16216,8.16216,7.98477,8.16216,3679.128460210025,0
MCI,D,20180523,000000,8.10895,8.12665,8.00247,8.10895,9177.993512116745,0
MCI,D,20180524,000000,8.03796,8.03796,7.93148,7.96697,4747.617863324913,0
MCI,D,20180525,000000,7.94927,7.98477,7.75409,7.89598,4932.6758218025425,0
MCI,D,20180528,000000,7.87827,7.87827,7.71859,7.77179,2422.276492216121,0
MCI,D,20180529,000000,7.94927,7.94927,7.5766,7.86048,1761.3552119388712,0
MCI,D,20180530,000000,7.6121,7.91377,7.29273,7.84278,24448.579692922605,0
MCI,D,20180601,000000,7.93148,7.93148,7.7008,7.89598,1319.6394896202426,0
MCI,D,20180604,000000,7.91377,7.94927,7.73629,7.94927,11707.118944644355,0
MCI,D,20180605,000000,7.93148,7.94927,7.80728,7.94927,92463.98864625441,0
MCI,D,20180606,000000,7.93148,7.94927,7.82498,7.94927,2113.8465614200713,0
MCI,D,20180607,000000,7.94927,7.94927,7.86048,7.87827,13572.018490493328,0
MCI,D,20180608,000000,7.89598,8.14445,7.87827,8.02017,4910.645112459967,0
MCI,D,20180611,000000,7.93148,7.98477,7.87827,7.96697,4712.368728376792,0
MCI,D,20180612,000000,7.93148,7.98477,7.87827,7.98477,2642.583585641871,0
MCI,D,20180613,000000,8.64157,8.67698,8.58801,8.60572,180055.88592139835,0
MCI,D,20180614,000000,8.60572,8.6235,8.60572,8.60572,103177.52259954863,0
MCI,D,20180615,000000,8.60572,8.60572,8.60572,8.60572,42113.903979266375,0
MCI,D,20180618,000000,8.60572,8.6235,8.60572,8.6235,302154.4832398175,0
MCI,D,20180619,000000,8.60572,8.64157,8.60572,8.6235,102066.07331321572,0
MCI,D,20180620,000000,8.6235,8.64157,8.6235,8.64157,8988.5294117706,0
MCI,D,20180621,000000,8.64157,8.67698,8.6235,8.6235,32840.07688150942,0
MCI,D,20180622,000000,8.6235,8.65882,8.6235,8.6235,43223.15019466502,0
MCI,D,20180625,000000,8.6235,8.6235,8.60572,8.6235,12652.236375440822,0
MCI,D,20180626,000000,8.6235,8.6235,8.6235,8.6235,3708.869917822501,0
MCI,D,20180627,000000,8.60572,8.6235,8.60572,8.60572,46636.80860729702,0
MCI,D,20180628,000000,8.60572,8.6235,8.60572,8.6235,415277.7695720716,0
MCI,D,20180629,000000,8.6235,8.6235,8.60572,8.60572,1183.0490916962774,0
MCI,D,20180702,000000,8.6235,8.64157,8.6235,8.6235,43906.10218428484,0
MCI,D,20180703,000000,8.6235,8.64157,8.6235,8.6235,32536.053092581886,0
MCI,D,20180704,000000,8.6235,8.6235,8.6235,8.6235,8366.161872842857,0
MCI,D,20180705,000000,8.64157,8.65882,8.6235,8.65882,24466.20426039667,0
MCI,D,20180706,000000,8.6235,8.64157,8.6235,8.64157,10708.026275958578,0
MCI,D,20180709,000000,8.64157,8.65882,8.64157,8.64157,43779.42560556504,0
MCI,D,20180710,000000,8.64157,8.65882,8.64157,8.64157,19157.90484430322,0
MCI,D,20180711,000000,8.64157,8.65882,8.64157,8.65882,6386.702638412492,0
MCI,D,20180712,000000,8.64157,8.64157,8.6235,8.64157,10413.916306235202,0
MCI,D,20180713,000000,8.64157,8.65882,8.6235,8.65882,17630.075151395646,0
MCI,D,20180716,000000,8.6235,8.64157,8.6235,8.64157,11432.836613329297,0
MCI,D,20180717,000000,8.64157,8.65882,8.64157,8.64157,18413.266868524188,0
MCI,D,20180718,000000,8.64157,8.65882,8.64157,8.64157,18148.898356413287,0
MCI,D,20180719,000000,8.64157,8.64157,8.64157,8.64157,43983.20966698386,0
MCI,D,20180720,000000,8.64157,8.65882,8.64157,8.65882,20133.865268179292,0
MCI,D,20180723,000000,8.64157,8.67698,8.64157,8.64157,48324.36094293826,0
MCI,D,20180724,000000,8.64157,8.65882,8.64157,8.64157,61887.567149694565,0
MCI,D,20180725,000000,8.64157,9.0047,8.64157,8.96022,80860.41403552015,0
MCI,D,20180726,000000,8.96022,9.0047,8.96022,8.96022,136833.83726220045,0
MCI,D,20180727,000000,9.0047,9.0047,8.96022,8.96022,2515.9070069220647,0
MCI,D,20180730,000000,8.96022,9.0047,8.96022,8.96022,28883.36148358295,0
MCI,D,20180731,000000,8.96022,8.96022,8.96022,8.96022,54125.04671283826,0
MCI,D,20180801,000000,8.96022,9.0047,8.96022,8.96022,62284.11991786091,0
MCI,D,20180802,000000,8.96022,9.0047,8.96022,8.96022,34974.852616804936,0
MCI,D,20180803,000000,8.96022,8.96022,8.96022,8.96022,60057.916738793705,0
MCI,D,20180806,000000,9.0047,9.0047,8.96022,8.96022,48090.83542390697,0
MCI,D,20180807,000000,8.96022,8.96022,8.67698,8.91664,60781.62554069729,0
MCI,D,20180808,000000,8.64157,8.71238,8.6235,8.69423,16531.84429066828,0
MCI,D,20180809,000000,8.69423,8.83676,8.69423,8.78319,21312.508218007053,0
MCI,D,20180810,000000,8.71238,8.8186,8.71238,8.8186,4689.236483567089,0
MCI,D,20180813,000000,8.78319,8.87216,8.78319,8.854,14453.246864196328,0
MCI,D,20180814,000000,8.71238,8.71238,8.64157,8.67698,4210.068555366082,0
MCI,D,20180816,000000,8.69423,8.69423,7.91377,8.67698,19734.007893611557,0
MCI,D,20180817,000000,8.67698,8.69423,8.42833,8.65882,1012.3110942913212,0
MCI,D,20180820,000000,8.42833,8.60572,8.41053,8.53481,34815.12997407127,0
MCI,D,20180821,000000,8.53481,8.64157,8.53481,8.64157,2684.441933392764,0
MCI,D,20180822,000000,8.6235,8.6235,8.49932,8.49932,79.31055363326999,0
MCI,D,20180823,000000,8.51702,8.71238,8.49932,8.71238,62893.26903118311,0
MCI,D,20180824,000000,8.60572,8.78319,8.60572,8.78319,1431.996107267375,0
MCI,D,20180827,000000,8.72963,8.78319,8.69423,8.78319,5647.572339969101,0
MCI,D,20180828,000000,8.78319,8.78319,8.72963,8.78319,3263.8495891024863,0
MCI,D,20180829,000000,8.78319,8.78319,8.71238,8.71238,2194.2586505204704,0
MCI,D,20180830,000000,8.71238,8.96022,8.71238,8.87216,16671.739294993633,0
MCI,D,20180831,000000,8.96022,9.04919,8.96022,9.04919,55190.23150955176,0
MCI,D,20180903,000000,9.04919,9.13815,8.78319,8.78319,6257.822988758428,0
MCI,D,20180904,000000,8.72963,9.09367,8.72963,9.04919,19770.358564026803,0
MCI,D,20180905,000000,8.80135,8.87216,8.78319,8.83676,1443.0114619386625,0
MCI,D,20180906,000000,8.83676,8.87216,8.72963,8.72963,4297.089857269254,0
MCI,D,20180907,000000,8.72963,8.72963,8.69423,8.69423,2655.802011247416,0
MCI,D,20180910,000000,8.69423,8.69423,8.64157,8.64157,14413.591587379695,0
MCI,D,20180911,000000,8.69423,8.69423,8.69423,8.69423,6052.937391872481,0
MCI,D,20180912,000000,8.74779,8.74779,8.69423,8.69423,3600.9194420438835,0
MCI,D,20180913,000000,8.69423,8.69423,8.67698,8.69423,7090.583801907764,0
MCI,D,20180914,000000,8.69423,8.69423,8.69423,8.69423,4468.929390141338,0
MCI,D,20180917,000000,8.69423,8.74779,8.69423,8.74779,15342.185986169228,0
MCI,D,20180918,000000,8.74779,8.76504,8.69423,8.69423,7586.274762115701,0
MCI,D,20180919,000000,8.48152,8.67698,8.48152,8.67698,631.1798226647738,0
MCI,D,20180920,000000,8.51702,8.60572,8.51702,8.60572,4627.5504974078785,0
MCI,D,20180921,000000,8.60572,8.60572,8.53481,8.53481,22703.747512990667,0
MCI,D,20180924,000000,8.53481,8.65882,8.53481,8.60572,1299.811851211925,0
MCI,D,20180925,000000,8.60572,8.67698,8.53481,8.58801,2873.9060337389087,0
MCI,D,20180926,000000,8.60572,8.67698,8.49932,8.67698,1308.6241349489549,0
MCI,D,20180927,000000,8.57031,8.67698,8.53481,8.67698,7926.649221458485,0
MCI,D,20180928,000000,8.53481,8.80135,8.53481,8.53481,10103.283304504896,0
MCI,D,20181001,000000,8.49932,8.64157,8.49932,8.64157,6296.376730107935,0
MCI,D,20181002,000000,8.49932,8.58801,8.49932,8.58801,12273.308174748532,0
MCI,D,20181003,000000,8.49932,8.64157,8.49932,8.57031,7947.578395333931,0
MCI,D,20181004,000000,8.49932,8.74779,8.49932,8.6235,2939.9981617666335,0
MCI,D,20181005,000000,8.51702,8.6235,8.51702,8.60572,2083.0035683404662,0
MCI,D,20181008,000000,8.51702,8.60572,8.42833,8.60572,3196.6559256076325,0
MCI,D,20181009,000000,8.42833,8.58801,8.42833,8.42833,2999.481076991586,0
MCI,D,20181010,000000,8.44603,8.55251,8.42833,8.55251,5369.985402252656,0
MCI,D,20181011,000000,8.39283,8.58801,8.39283,8.58801,1136.78460207687,0
MCI,D,20181012,000000,8.30414,8.69423,8.30414,8.69423,14816.753568348815,0
MCI,D,20181015,000000,8.32184,8.69423,8.32184,8.69423,13156.73961938579,0
MCI,D,20181016,000000,8.39283,8.87216,8.39283,8.87216,18775.672037209544,0
MCI,D,20181018,000000,8.69423,9.04919,8.69423,9.04919,29306.351102960394,0
MCI,D,20181019,000000,8.87216,9.04919,8.87216,9.04919,68699.46247841875,0
MCI,D,20181022,000000,8.91664,8.91664,8.91664,8.91664,710.4903762980438,0
MCI,D,20181023,000000,8.60572,8.78319,8.60572,8.78319,1815.33044982818,0
MCI,D,20181024,000000,8.64157,8.64157,8.64157,8.64157,1803.2135596897638,0
MCI,D,20181025,000000,8.53481,8.6235,8.53481,8.6235,3307.911007787636,0
MCI,D,20181026,000000,8.33963,8.87216,8.33963,8.87216,18886.927119389547,0
MCI,D,20181029,000000,8.57031,8.69423,8.57031,8.69423,1611.5463884093613,0
MCI,D,20181030,000000,8.69423,8.78319,8.69423,8.69423,907.66522491409,0
MCI,D,20181031,000000,8.69423,8.72963,8.6235,8.72963,4146.179498272615,0
MCI,D,20181105,000000,8.65882,8.65882,8.16216,8.64157,3880.7094506945864,0
MCI,D,20181106,000000,8.60572,8.60572,8.60572,8.60572,620.1644679934863,0
MCI,D,20181107,000000,8.65882,8.87216,8.65882,8.87216,11418.516652256621,0
MCI,D,20181109,000000,8.78319,8.78319,8.78319,8.78319,22.030709342575,0
MCI,D,20181113,000000,8.55251,8.60572,8.55251,8.60572,1697.4661548454037,0
MCI,D,20181114,000000,8.64157,8.64157,8.57031,8.64157,5412.945285470678,0
MCI,D,20181115,000000,8.57031,8.6235,8.49932,8.49932,2118.2527032885864,0
MCI,D,20181116,000000,8.55251,8.57031,8.28634,8.57031,1992.6776600359087,0
MCI,D,20181119,000000,8.37513,8.51702,8.37513,8.51702,1218.2982266443976,0
MCI,D,20181120,000000,8.35733,8.51702,8.33963,8.33963,4120.844182528654,0
MCI,D,20181121,000000,8.26864,8.51702,8.26864,8.42833,514.4170631491262,0
MCI,D,20181122,000000,8.30414,8.42833,8.26864,8.42833,1352.685553634105,0
MCI,D,20181123,000000,8.51702,8.51702,8.16216,8.25085,17688.456531153468,0
MCI,D,20181126,000000,8.07346,8.58801,8.07346,8.58801,9065.636894469613,0
MCI,D,20181127,000000,8.48152,8.58801,8.19765,8.58801,12251.277465405958,0
MCI,D,20181128,000000,8.39283,8.78319,8.39283,8.72963,6744.701665229336,0
MCI,D,20181129,000000,8.51702,8.57031,8.51702,8.57031,1043.1540873709262,0
MCI,D,20181130,000000,8.53481,8.60572,8.48152,8.48152,1393.4423659178688,0
MCI,D,20181203,000000,8.48152,8.60572,8.48152,8.57031,6014.383650522976,0
MCI,D,20181204,000000,8.64157,8.64157,8.48152,8.57031,4084.493512113405,0
MCI,D,20181205,000000,8.44603,8.44603,8.44603,8.44603,443.91879325288625,0
MCI,D,20181206,000000,8.39283,8.55251,8.37513,8.55251,1537.743512111735,0
MCI,D,20181207,000000,8.51702,8.51702,8.51702,8.51702,168.53492647069874,0
MCI,D,20181210,000000,8.39283,8.41053,8.39283,8.41053,830.5577422150775,0
MCI,D,20181211,000000,8.41053,8.41053,8.41053,8.41053,101.341262975845,0
MCI,D,20181212,000000,8.39283,8.39283,8.39283,8.39283,272.07926038080126,0
MCI,D,20181213,000000,8.39283,8.39283,8.39283,8.39283,1004.60034602142,0
MCI,D,20181214,000000,8.26864,8.58801,8.07346,8.57031,14405.880839109792,0
MCI,D,20181217,000000,8.37513,8.48152,8.25085,8.48152,7577.46247837867,0
MCI,D,20181218,000000,8.28634,8.33963,8.28634,8.33963,2311.0214100361177,0
MCI,D,20181219,000000,8.26864,8.41053,8.25085,8.41053,2797.900086507025,0
MCI,D,20181220,000000,8.17994,8.33963,8.16216,8.25085,3854.272599483496,0
MCI,D,20181221,000000,8.39283,8.39283,8.14445,8.25085,2259.249243081066,0
MCI,D,20181227,000000,8.39283,8.41053,8.25085,8.32184,4142.874891871229,0
MCI,D,20181228,000000,8.32184,8.37513,8.26864,8.26864,7027.796280281425,0
MCI,D,20190102,000000,8.21535,8.25085,8.02017,8.25085,1101.53546712875,0
MCI,D,20190103,000000,8.05566,8.25085,7.98477,7.98477,17687.354995686335,0
MCI,D,20190104,000000,8.23315,8.41053,8.12665,8.12665,8546.81368945197,0
MCI,D,20190107,000000,8.12665,8.25085,8.12665,8.25085,733.6226211077475,0
MCI,D,20190108,000000,8.07346,8.30414,8.07346,8.30414,1133.4799956754837,0
MCI,D,20190109,000000,8.25085,8.25085,8.02017,8.19765,3600.9194420438835,0
MCI,D,20190110,000000,8.10895,8.10895,8.10895,8.10895,167.43339100357002,0
MCI,D,20190111,000000,8.10895,8.17994,8.05566,8.17994,2062.07439446502,0
MCI,D,20190114,000000,8.09116,8.21535,8.07346,8.21535,1586.2110726654,0
MCI,D,20190116,000000,8.02017,8.12665,8.00247,8.02017,8734.074718863858,0
MCI,D,20190117,000000,8.00247,8.16216,8.00247,8.16216,2911.3582396212864,0
MCI,D,20190118,000000,8.07346,8.07346,8.00247,8.00247,6339.336613325956,0
MCI,D,20190121,000000,8.00247,8.07346,8.00247,8.07346,1135.6830666097414,0
MCI,D,20190122,000000,8.00247,8.07346,8.00247,8.07346,2292.295307094929,0
MCI,D,20190123,000000,8.12665,8.16216,8.03796,8.16216,507.80785034635375,0
MCI,D,20190124,000000,8.07346,8.16216,8.00247,8.16216,980.3665657445875,0
MCI,D,20190125,000000,8.16216,8.16216,8.00247,8.05566,3501.781250002296,0
MCI,D,20190128,000000,8.02017,8.05566,8.00247,8.05566,1003.4988105542913,0
MCI,D,20190129,000000,8.05566,8.16216,8.05566,8.14445,2758.24480969039,0
MCI,D,20190130,000000,8.02017,8.14445,8.02017,8.14445,715.9980536336875,0
MCI,D,20190131,000000,8.12665,8.23315,8.12665,8.23315,4949.198853809473,0
MCI,D,20190201,000000,8.10895,8.23315,8.10895,8.23315,3392.72923875655,0
MCI,D,20190204,000000,8.23315,8.32184,8.23315,8.25085,6763.427768170525,0
MCI,D,20190205,000000,8.25085,8.26864,8.12665,8.26864,6582.77595156141,0
MCI,D,20190206,000000,8.14445,8.32184,8.14445,8.32184,4348.862024224304,0
MCI,D,20190207,000000,8.23315,8.32184,8.23315,8.23315,2553.3592128044424,0
MCI,D,20190208,000000,8.32184,8.32184,8.05566,8.05566,7011.273248274494,0
MCI,D,20190211,000000,8.07346,8.21535,8.07346,8.21535,3413.6584126319963,0
MCI,D,20190212,000000,8.19765,8.30414,8.19765,8.25085,6982.633326129146,0
MCI,D,20190213,000000,8.07346,8.30414,8.07346,8.21535,10661.761786339172,0
MCI,D,20190214,000000,8.21535,8.21535,8.19765,8.21535,2395.8396410050314,0
MCI,D,20190215,000000,8.12665,8.21535,8.12665,8.21535,6919.845804502807,0
MCI,D,20190218,000000,8.21535,8.37513,8.21535,8.33963,3548.045739621704,0
MCI,D,20190219,000000,8.33963,8.41053,8.21535,8.41053,1363.7009083053924,0
MCI,D,20190220,000000,8.21535,8.41053,8.19765,8.41053,3141.5791522511954,0
MCI,D,20190221,000000,8.21535,8.39283,8.21535,8.30414,2635.9743728390986,0
MCI,D,20190222,000000,8.30414,8.39283,8.21535,8.35733,2705.37110726821,0
MCI,D,20190225,000000,8.23315,8.33963,8.10895,8.23315,4455.710964535794,0
MCI,D,20190226,000000,8.09116,8.12665,8.09116,8.12665,2621.6544117664253,0
MCI,D,20190227,000000,8.05566,8.09116,8.03796,8.03796,15259.570826134574,0
MCI,D,20190228,000000,8.03796,8.03796,7.7008,7.96697,32022.73756489989,0
MCI,D,20190301,000000,8.23315,8.23315,7.93148,7.93148,3881.810986161715,0
MCI,D,20190304,000000,7.98477,8.42833,7.93148,8.32184,2075.292820070565,0
MCI,D,20190305,000000,8.25085,8.25085,7.89598,7.94927,14708.803092570197,0
MCI,D,20190306,000000,8.05566,8.12665,8.05566,8.12665,175.14413927347124,0
MCI,D,20190307,000000,7.94927,7.98477,7.94927,7.94927,1444.1129974057912,0
MCI,D,20190308,000000,7.94927,7.94927,7.93148,7.93148,935.2036115923087,0
MCI,D,20190312,000000,8.12665,8.12665,8.10895,8.10895,1137.8861375439988,0
MCI,D,20190313,000000,8.23315,8.23315,8.23315,8.23315,1.10153546712875,0
MCI,D,20190314,000000,7.96697,7.96697,7.94927,7.96697,1181.9475562291486,0
MCI,D,20190315,000000,7.96697,7.96697,7.96697,7.96697,1359.2947664368776,0
MCI,D,20190318,000000,8.07346,8.07346,7.96697,7.96697,1690.8569420426313,0
MCI,D,20190319,000000,7.93148,7.98477,7.93148,7.93148,2349.575151385624,0
MCI,D,20190320,000000,7.98477,8.07346,7.98477,8.07346,841.573096886365,0
MCI,D,20190321,000000,7.98477,8.07346,7.94927,8.05566,1662.2170198972838,0
MCI,D,20190322,000000,7.98477,8.03796,7.93148,7.93148,3225.29584775298,0
MCI,D,20190325,000000,7.93148,8.00247,7.93148,8.00247,6164.192474052485,0
MCI,D,20190326,000000,7.93148,7.98477,7.93148,7.98477,9270.52249135556,0
MCI,D,20190327,000000,7.98477,7.98477,7.93148,7.93148,2307.716803634731,0
MCI,D,20190328,000000,7.93148,7.98477,7.93148,7.98477,6447.287089104573,0
MCI,D,20190329,000000,7.98477,7.98477,7.71859,7.98477,995.78806228439,0
MCI,D,20190401,000000,7.98477,7.98477,7.98477,7.98477,67.19366349485375,0
MCI,D,20190402,000000,7.84278,7.89598,7.82498,7.89598,1386.8331531150961,0
MCI,D,20190403,000000,7.86048,7.96697,7.86048,7.87827,1608.241782007975,0
MCI,D,20190404,000000,7.87827,7.87827,7.84278,7.86048,3082.0962370262423,0
MCI,D,20190405,000000,7.89598,7.96697,7.89598,7.96697,2368.301254326813,0
MCI,D,20190408,000000,7.84278,7.89598,7.11525,7.89598,6711.655601215473,0
MCI,D,20190410,000000,7.89598,7.94927,7.75409,7.75409,868.009948097455,0
MCI,D,20190411,000000,7.75409,7.80728,7.73629,7.80728,2713.081855538111,0
MCI,D,20190412,000000,7.71859,7.86048,7.6831,7.86048,843.7761678206225,0
MCI,D,20190415,000000,7.7008,7.93148,7.6831,7.93148,3317.8248269917954,0
MCI,D,20190416,000000,7.98477,8.07346,7.80728,7.89598,22490.04963236769,0
MCI,D,20190417,000000,7.75409,7.78958,7.64759,7.77179,10247.584450698761,0
MCI,D,20190418,000000,7.71859,7.75409,7.6653,7.75409,2461.931769032756,0
MCI,D,20190423,000000,7.77179,7.77179,7.25724,7.54111,13684.37510814046,0
MCI,D,20190424,000000,7.54111,7.54111,7.34593,7.34593,33095.633109883296,0
MCI,D,20190425,000000,7.36372,7.75409,7.25724,7.25724,17664.222750876637,0
MCI,D,20190426,000000,7.20403,7.27494,7.09755,7.11525,38006.27822234326,0
MCI,D,20190429,000000,7.16854,7.18625,7.11525,7.13304,8834.314446372575,0
MCI,D,20190430,000000,7.11525,7.11525,7.06205,7.11525,3058.963992216539,0
MCI,D,20190502,000000,7.43462,7.43462,7.09755,7.31043,4268.4499351239065,0
MCI,D,20190506,000000,7.52341,7.52341,7.23944,7.48791,820.6439230109188,0
MCI,D,20190507,000000,7.23944,7.50561,7.07975,7.34593,7828.612564884026,0
MCI,D,20190508,000000,7.36372,7.36372,7.09755,7.32823,2530.226967994739,0
MCI,D,20190509,000000,7.04426,7.32823,7.04426,7.07975,10170.47696799975,0
MCI,D,20190510,000000,7.07975,7.25724,7.07975,7.09755,3201.0620674761476,0
MCI,D,20190513,000000,7.06205,7.09755,7.02656,7.02656,3942.395436853796,0
MCI,D,20190514,000000,6.99106,7.38142,6.92007,7.38142,3360.7847102098162,0
MCI,D,20190515,000000,7.13304,7.16854,7.00886,7.16854,3772.758974915969,0
MCI,D,20190516,000000,6.95557,7.31043,6.95557,7.31043,934.1020761251799,0
MCI,D,20190517,000000,7.00886,7.34593,7.00886,7.34593,473.6602508653625,0
MCI,D,20190520,000000,7.32823,7.32823,7.07975,7.27494,147.60575259525248,0
MCI,D,20190521,000000,7.07975,7.31043,7.07975,7.31043,1158.815311419445,0
MCI,D,20190522,000000,6.99106,7.27494,6.97336,7.27494,3392.72923875655,0
MCI,D,20190523,000000,6.93786,6.95557,6.88457,6.92007,5677.313797581578,0
MCI,D,20190524,000000,6.88457,6.92007,6.67168,6.88457,10238.772166961731,0
MCI,D,20190527,000000,6.88457,6.97336,6.68939,6.90236,15868.719939456772,0
MCI,D,20190528,000000,6.72489,6.92007,6.6539,6.92007,30214.016327874484,0
MCI,D,20190529,000000,6.67168,6.95557,6.63619,6.95557,2125.9634515584876,0
MCI,D,20190530,000000,6.70718,6.92007,6.70718,6.92007,587.1184039796237,0
MCI,D,20190531,000000,6.68939,6.68939,6.67168,6.67168,253.35315743961252,0
MCI,D,20190603,000000,6.90236,6.92007,6.63619,6.83137,4201.256271629052,0
MCI,D,20190604,000000,6.92007,6.93786,6.92007,6.93786,451.6295415227875,0
MCI,D,20190605,000000,6.93786,7.00886,6.93786,7.00886,624.5706098620012,0
MCI,D,20190606,000000,7.00886,7.07975,7.00886,7.07975,250.04855103822624,0
MCI,D,20190607,000000,7.25724,7.25724,6.79588,6.86687,3436.7906574417,0
MCI,D,20190610,000000,6.76038,6.86687,6.76038,6.86687,157.51957179941124,0
MCI,D,20190611,000000,7.04426,7.04426,7.04426,7.04426,2.2030709342575,0
MCI,D,20190613,000000,6.92007,6.92007,6.63619,6.88457,2875.0075692060377,0
MCI,D,20190617,000000,6.67168,6.88457,6.63619,6.88457,2865.0937500018786,0
MCI,D,20190618,000000,6.70718,6.83137,6.63619,6.81367,5958.2053416994095,0
MCI,D,20190619,000000,6.67168,6.81367,6.60069,6.81367,64594.0397924299,0
MCI,D,20190621,000000,6.79588,6.79588,6.58299,6.58299,75893.59061423661,0
MCI,D,20190624,000000,6.5652,6.5652,6.22812,6.31682,12274.409710215661,0
MCI,D,20190625,000000,6.29903,6.5652,6.29903,6.5652,3660.402357268836,0
MCI,D,20190626,000000,6.40551,6.40551,6.37001,6.40551,12500.224480977056,0
MCI,D,20190627,000000,6.31682,6.63619,6.31682,6.63619,8941.163386684064,0
MCI,D,20190628,000000,6.441,6.74268,6.40551,6.74268,252699.94690760516,0
MCI,D,20190701,000000,6.92007,7.23944,6.92007,6.95557,16000.904195512221,0
MCI,D,20190702,000000,6.95557,7.27494,6.95557,7.23944,31121.681552788574,0
MCI,D,20190703,000000,7.31043,7.50561,6.99106,7.04426,56748.90419553894,0
MCI,D,20190704,000000,7.09755,7.23944,7.04426,7.13304,2825.4384731852438,0
MCI,D,20190705,000000,7.09755,7.15074,7.06205,7.13304,15517.3301254427,0
MCI,D,20190708,000000,7.15074,7.41691,7.06205,7.32823,43678.084342589194,0
MCI,D,20190709,000000,7.36372,7.36372,6.97336,7.16854,42575.44733999331,0
MCI,D,20190710,000000,7.06205,7.23944,7.06205,7.18625,6961.7041522537,0
MCI,D,20190711,000000,7.20403,7.20403,7.06205,7.06205,8100.691825264827,0
MCI,D,20190712,000000,7.11525,7.11525,7.00886,7.07975,18815.32731402618,0
MCI,D,20190715,000000,7.00886,7.09755,7.00886,7.09755,1417.6761461947012,0
MCI,D,20190716,000000,7.98477,8.30414,7.98477,8.16216,192254.28968438212,0
MCI,D,20190717,000000,8.16216,8.28634,8.07346,8.10895,86515.69712375915,0
MCI,D,20190718,000000,8.09116,8.17994,8.09116,8.16216,35766.85661767051,0
MCI,D,20190719,000000,8.16216,8.19765,8.10895,8.16216,14282.508866791371,0
MCI,D,20190722,000000,8.16216,8.16216,8.10895,8.16216,25524.779844307395,0
MCI,D,20190723,000000,8.12665,8.21535,8.12665,8.16216,11247.778654851665,0
MCI,D,20190724,000000,8.19765,8.19765,8.12665,8.16216,142077.1460857333,0
MCI,D,20190725,000000,8.10895,8.14445,8.07346,8.14445,10847.92128028393,0
MCI,D,20190726,000000,8.03796,8.03796,8.02017,8.02017,3443.3998702444724,0
MCI,D,20190729,000000,7.98477,7.98477,7.6653,7.75409,11151.945069211464,0
MCI,D,20190730,000000,7.80728,7.96697,7.80728,7.96697,6679.711072668741,0
MCI,D,20190731,000000,7.96697,7.96697,7.84278,7.94927,1278.8826773364788,0
MCI,D,20190801,000000,7.82498,7.98477,7.82498,7.98477,4577.981401387085,0
MCI,D,20190802,000000,7.98477,8.42833,7.93148,8.41053,70366.08564018455,0
MCI,D,20190805,000000,8.19765,8.42833,8.16216,8.28634,46781.109753490884,0
MCI,D,20190806,000000,8.26864,8.46382,8.26864,8.46382,98212.90224919935,0
MCI,D,20190807,000000,8.49932,8.49932,8.42833,8.42833,92038.79595594271,0
MCI,D,20190808,000000,8.42833,8.46382,8.41053,8.42833,63740.34980540512,0
MCI,D,20190809,000000,8.42833,8.42833,8.33963,8.37513,17149.80568772751,0
MCI,D,20190812,000000,8.39283,8.42833,8.33963,8.42833,6305.189013844965,0
MCI,D,20190813,000000,8.37513,8.37513,8.33963,8.35733,8757.206963673563,0
MCI,D,20190814,000000,8.35733,8.35733,8.17994,8.17994,16901.96020762354,0
MCI,D,20190816,000000,8.19765,8.19765,8.16216,8.16216,6255.619917824171,0
MCI,D,20190819,000000,8.07346,8.33963,8.07346,8.33963,6690.726427340028,0
MCI,D,20190820,000000,8.25085,8.42833,8.25085,8.42833,1671.0293036343137,0
MCI,D,20190821,000000,8.28634,8.41053,8.25085,8.28634,7535.604130627778,0
MCI,D,20190823,000000,8.28634,8.37513,8.28634,8.37513,2407.9565311434476,0
MCI,D,20190826,000000,8.37513,8.37513,8.25085,8.25085,1324.0456314887574,0
MCI,D,20190827,000000,8.30414,8.30414,8.25085,8.28634,755.6533304503224,0
MCI,D,20190828,000000,8.28634,8.28634,8.16216,8.21535,2125.9634515584876,0
MCI,D,20190829,000000,8.19765,8.23315,8.17994,8.23315,4718.977941179565,0
MCI,D,20190830,000000,8.19765,8.19765,8.19765,8.19765,1132.378460208355,0
MCI,D,20190902,000000,8.23315,8.23315,8.21535,8.21535,13525.754000873922,0
MCI,D,20190903,000000,8.16216,8.23315,8.16216,8.16216,5857.965614190692,0
MCI,D,20190904,000000,8.16216,8.42833,8.16216,8.21535,12216.028330457837,0
MCI,D,20190905,000000,8.16216,8.16216,8.12665,8.12665,6763.427768170525,0
MCI,D,20190906,000000,8.10895,8.19765,8.09116,8.19765,4750.922469726298,0
MCI,D,20190909,000000,8.21535,8.21535,8.16216,8.16216,22501.064987038975,0
MCI,D,20190910,000000,8.16216,8.16216,8.10895,8.16216,21095.50573098269,0
MCI,D,20190911,000000,8.17994,8.17994,8.17994,8.17994,1803.2135596897638,0
MCI,D,20190912,000000,8.17994,8.32184,8.17994,8.32184,1165.4245242222175,0
MCI,D,20190913,000000,8.25085,8.33963,8.25085,8.32184,5416.249891872064,0
MCI,D,20190916,000000,8.16216,8.33963,8.16216,8.17994,7506.964208482432,0
MCI,D,20190917,000000,8.17994,8.17994,8.12665,8.12665,14506.120566618509,0
MCI,D,20190918,000000,8.16216,8.16216,8.16216,8.16216,1368.1070501739075,0
MCI,D,20190919,000000,8.10895,8.12665,8.10895,8.10895,3719.8852724937883,0
MCI,D,20190920,000000,8.07346,8.10895,8.07346,8.07346,7718.459018171151,0
MCI,D,20190923,000000,7.6653,7.98477,7.6653,7.82498,11377.759839972858,0
MCI,D,20190924,000000,7.75409,7.87827,7.73629,7.87827,3823.4296064038913,0
MCI,D,20190925,000000,7.91377,7.91377,7.89598,7.89598,1358.1932309697486,0
MCI,D,20190926,000000,7.82498,7.82498,7.80728,7.80728,13677.765895337689,0
MCI,D,20190927,000000,7.86048,7.89598,7.80728,7.89598,18115.852292399424,0
MCI,D,20190930,000000,7.89598,8.07346,7.80728,8.07346,5100.109212806113,0
MCI,D,20191002,000000,7.77179,7.96697,7.71859,7.96697,504.5032439449675,0
MCI,D,20191003,000000,7.75409,7.94927,7.54111,7.94927,7907.923118517296,0
MCI,D,20191004,000000,7.6831,7.89598,7.6653,7.89598,2254.8431012125516,0
MCI,D,20191007,000000,7.62981,7.86048,7.54111,7.86048,5342.4470155744375,0
MCI,D,20191008,000000,7.71859,7.71859,7.54111,7.54111,21120.84104672665,0
MCI,D,20191009,000000,7.71859,7.80728,7.5589,7.5589,2272.4676686866114,0
MCI,D,20191011,000000,7.5589,7.80728,7.5589,7.80728,1701.8722967139188,0
MCI,D,20191014,000000,7.50561,7.54111,7.50561,7.54111,958.3358564020125,0
MCI,D,20191015,000000,7.48791,7.77179,7.48791,7.71859,394.34969723209247,0
MCI,D,20191016,000000,7.6831,7.6831,7.62981,7.62981,788.6993944641849,0
MCI,D,20191017,000000,7.62981,7.62981,7.5766,7.5766,432.9034385815987,0
MCI,D,20191018,000000,7.62981,7.82498,7.62981,7.82498,6090.389597754859,0
MCI,D,20191021,000000,7.64759,7.80728,7.64759,7.80728,144.30114619386623,0
MCI,D,20191022,000000,7.64759,7.80728,7.64759,7.6653,804.1208910039875,0
MCI,D,20191023,000000,7.6653,7.6653,7.6653,7.6653,190.56563581327376,0
MCI,D,20191024,000000,7.80728,7.84278,7.64759,7.80728,9076.6522491409,0
MCI,D,20191025,000000,7.98477,7.98477,7.6831,7.98477,2131.471128894131,0
MCI,D,20191028,000000,7.71859,8.09116,7.71859,8.09116,1031.03719723251,0
MCI,D,20191029,000000,7.80728,7.94927,7.80728,7.93148,2708.675713669596,0
MCI,D,20191030,000000,7.89598,7.98477,7.89598,7.98477,1778.9797794129313,0
MCI,D,20191031,000000,7.89598,8.00247,7.80728,7.80728,413.07580017328127,0
MCI,D,20191104,000000,7.77179,7.78958,7.6653,7.75409,2939.9981617666335,0
MCI,D,20191105,000000,7.7008,7.80728,7.5589,7.62981,4839.045307096599,0
MCI,D,20191106,000000,7.64759,7.64759,7.5944,7.64759,886.7360510386437,0
MCI,D,20191107,000000,7.64759,7.80728,7.64759,7.78958,2378.215073530971,0
MCI,D,20191108,000000,7.6653,7.86048,7.6653,7.86048,2309.9198745689887,0
MCI,D,20191112,000000,7.84278,7.94927,7.80728,7.94927,3078.791630624856,0
MCI,D,20191113,000000,7.73629,7.93148,7.6831,7.93148,9035.895436857138,0
MCI,D,20191114,000000,7.93148,7.93148,7.93148,7.93148,79.31055363326999,0
MCI,D,20191115,000000,7.80728,7.93148,7.73629,7.89598,7438.6690095204485,0
MCI,D,20191118,000000,7.82498,7.94927,7.82498,7.84278,8412.426362462264,0
MCI,D,20191119,000000,7.91377,7.91377,7.84278,7.87827,11618.996107274055,0
MCI,D,20191120,000000,7.87827,7.91377,7.84278,7.84278,3403.7445934278376,0
MCI,D,20191121,000000,7.87827,7.87827,7.84278,7.84278,4735.500973186497,0
MCI,D,20191122,000000,7.89598,7.89598,7.77179,7.89598,9889.585423881917,0
MCI,D,20191125,000000,7.82498,7.98477,7.82498,7.98477,13222.831747413515,0
MCI,D,20191126,000000,7.98477,7.98477,7.86048,7.86048,5268.644139276811,0
MCI,D,20191127,000000,7.86048,7.96697,7.80728,7.96697,12952.95555796697,0
MCI,D,20191128,000000,7.86048,7.93148,7.80728,7.93148,6766.73237457191,0
MCI,D,20191129,000000,7.93148,8.07346,7.87827,8.07346,12234.754433399026,0
MCI,D,20191202,000000,8.07346,8.07346,7.84278,7.84278,4321.3236375460865,0
MCI,D,20191203,000000,7.89598,7.89598,7.80728,7.80728,47616.07363757448,0
MCI,D,20191204,000000,7.80728,7.86048,7.80728,7.84278,4512.990808826488,0
MCI,D,20191205,000000,7.82498,7.84278,7.7008,7.75409,12482.599913502994,0
MCI,D,20191206,000000,7.75409,7.87827,7.71859,7.87827,4602.215181663917,0
MCI,D,20191209,000000,7.80728,7.96697,7.73629,7.94927,3387.2215614209063,0
MCI,D,20191210,000000,7.89598,7.89598,7.77179,7.77179,849.2838451562662,0
MCI,D,20191211,000000,7.89598,7.94927,7.89598,7.94927,1389.036224049354,0
MCI,D,20191212,000000,7.94927,8.14445,7.84278,8.10895,7860.55709343076,0
MCI,D,20191213,000000,8.07346,8.16216,8.00247,8.00247,4325.729779414601,0
MCI,D,20191216,000000,8.12665,8.16216,8.00247,8.00247,13422.20966696382,0
MCI,D,20191217,000000,8.00247,8.00247,7.94927,7.94927,1405.559256056285,0
MCI,D,20191218,000000,7.94927,8.07346,7.94927,8.07346,1156.6122404851876,0
MCI,D,20191219,000000,7.98477,8.05566,7.91377,7.91377,5909.737781145744,0
MCI,D,20191220,000000,7.91377,7.91377,7.86048,7.89598,12536.575151392302,0
MCI,D,20191223,000000,7.91377,8.39283,7.87827,8.00247,22247.71182959936,0
MCI,D,20191227,000000,8.03796,8.28634,8.03796,8.07346,3812.4142517326036,0
MCI,D,20191230,000000,8.07346,8.41053,8.07346,8.25085,22676.20912631245,0
MCI,D,20200102,000000,8.41053,8.41053,8.14445,8.30414,7829.714100351154,0
MCI,D,20200103,000000,8.17994,8.30414,8.09116,8.12665,8256.008326129982,0
MCI,D,20200107,000000,8.26864,8.26864,8.00247,8.16216,19052.15743945886,0
MCI,D,20200108,000000,8.07346,8.42833,8.07346,8.30414,21584.587478387857,0
MCI,D,20200109,000000,8.42833,8.74779,8.42833,8.58801,50114.35607702248,0
MCI,D,20200110,000000,8.64157,8.76504,8.55251,8.72963,12809.755947240234,0
MCI,D,20200113,000000,8.72963,8.78319,8.55251,8.78319,35482.6604671513,0
MCI,D,20200114,000000,8.78319,8.78319,8.71238,8.78319,15798.221669560533,0
MCI,D,20200115,000000,8.80135,9.09367,8.80135,8.91664,23463.806985309504,0
MCI,D,20200116,000000,9.0047,9.18264,8.96022,9.18264,8761.613105542077,0
MCI,D,20200117,000000,9.18264,9.27069,9.04919,9.13815,3856.4756704177535,0
MCI,D,20200120,000000,9.22712,9.49313,9.18264,9.40415,29463.870674759804,0
MCI,D,20200121,000000,9.5821,9.62569,9.49313,9.5821,55943.68176906782,0
MCI,D,20200122,000000,9.53757,9.5821,9.49313,9.49313,26404.906682543267,0
MCI,D,20200123,000000,9.49313,9.53757,9.44863,9.53757,15842.283088245682,0
MCI,D,20200124,000000,9.53757,9.5821,9.49313,9.5821,19219.590830462428,0
MCI,D,20200127,000000,9.53757,9.53757,9.44863,9.44863,25607.39500434205,0
MCI,D,20200128,000000,9.49313,9.5821,9.49313,9.53757,9951.271410041127,0
MCI,D,20200129,000000,9.53757,9.53757,9.53757,9.53757,9944.662197238356,0
MCI,D,20200130,000000,9.5821,9.5821,9.53757,9.53757,8590.875108137121,0
MCI,D,20200131,000000,9.5821,9.5821,9.53757,9.53757,23961.701016451698,0
MCI,D,20200203,000000,9.53757,9.5821,9.53757,9.5821,14535.862024230984,0
MCI,D,20200204,000000,9.53757,9.62569,9.53757,9.62569,25495.03838669492,0
MCI,D,20200205,000000,9.62569,9.62569,9.53757,9.5821,21940.383434270443,0
MCI,D,20200206,000000,9.53757,9.53757,9.49313,9.49313,2280.1784169565126,0
MCI,D,20200207,000000,9.49313,9.53757,9.49313,9.53757,2702.066500866824,0
MCI,D,20200210,000000,9.49313,9.53757,9.44863,9.49313,5221.278114190275,0
MCI,D,20200211,000000,9.49313,9.53757,9.31518,9.49313,8964.295631493767,0
MCI,D,20200212,000000,9.49313,9.62569,9.49313,9.53757,2328.645977510177,0
MCI,D,20200213,000000,9.49313,9.62569,9.31518,9.31518,15783.901708487858,0
MCI,D,20200214,000000,9.5821,9.80354,9.49313,9.67013,31248.35813150838,0
MCI,D,20200217,000000,9.62569,9.7591,9.53757,9.7591,20039.13321800622,0
MCI,D,20200218,000000,9.67013,9.71466,9.67013,9.71466,2368.301254326813,0
MCI,D,20200219,000000,9.71466,9.71466,9.67013,9.71466,8336.42041523038,0
MCI,D,20200220,000000,9.5821,9.71466,9.5821,9.71466,657.6166738758637,0
MCI,D,20200221,000000,9.7591,9.7591,9.67013,9.67013,6289.767517305163,0
MCI,D,20200224,000000,9.67013,9.67013,9.31518,9.31518,8164.580882358295,0
MCI,D,20200225,000000,9.35966,9.62569,9.35966,9.62569,7697.529844295705,0
MCI,D,20200226,000000,9.5821,9.67013,9.40415,9.67013,11357.932201564541,0
MCI,D,20200227,000000,9.5821,9.5821,9.09367,9.09367,26431.343533754356,0
MCI,D,20200228,000000,8.96022,9.04919,8.78319,8.96022,22321.51470589699,0
MCI,D,20200302,000000,8.87216,9.22712,8.87216,9.13815,11486.811851218607,0
MCI,D,20200303,000000,9.13815,9.40415,9.13815,9.13815,7591.7824394513445,0
MCI,D,20200304,000000,9.09367,9.09367,9.04919,9.04919,3759.5405493104236,0
MCI,D,20200305,000000,9.13815,9.40415,9.09367,9.09367,3584.396410036952,0
MCI,D,20200306,000000,9.0047,9.0047,8.87216,8.87216,10912.911872844526,0
MCI,D,20200309,000000,8.83676,8.83676,8.12665,8.17994,32293.71528981356,0
MCI,D,20200310,000000,8.26864,8.51702,8.17994,8.17994,15827.963127173009,0
MCI,D,20200311,000000,8.09116,8.14445,7.82498,7.98477,64981.780276859216,0
MCI,D,20200312,000000,7.84278,7.84278,7.09755,7.09755,33748.84364189064,0
MCI,D,20200313,000000,7.09755,7.36372,7.00886,7.00886,26747.484212820305,0
MCI,D,20200316,000000,7.00886,7.00886,6.31682,6.47651,30591.842993099643,0
MCI,D,20200317,000000,6.24583,6.86687,6.24583,6.86687,16791.806660910665,0
MCI,D,20200318,000000,7.00886,7.36372,6.93786,7.18625,20045.74243080899,0
MCI,D,20200319,000000,7.09755,7.18625,7.09755,7.16854,36689.9433391244,0
MCI,D,20200320,000000,7.16854,7.16854,7.09755,7.09755,11566.122404851876,0
MCI,D,20200323,000000,6.95557,6.95557,6.60069,6.83137,1644.5924524232237,0
MCI,D,20200324,000000,7.00886,7.16854,7.00886,7.09755,9652.755298449238,0
MCI,D,20200325,000000,7.09755,7.16854,6.83137,6.92007,4388.517301040941,0
MCI,D,20200326,000000,7.13304,7.13304,7.09755,7.09755,568.392301038435,0
MCI,D,20200327,000000,7.13304,7.16854,6.93786,7.16854,19016.90830451074,0
MCI,D,20200330,000000,7.16854,7.16854,6.93786,7.15074,1536.6419766446063,0
MCI,D,20200331,000000,7.15074,7.16854,7.06205,7.16854,17907.662089112087,0
MCI,D,20200401,000000,7.43462,7.43462,7.11525,7.11525,3949.0046496565687,0
MCI,D,20200402,000000,7.18625,7.20403,7.09755,7.18625,16356.700151394809,0
MCI,D,20200403,000000,7.23944,7.27494,7.09755,7.09755,1621.46020761352,0
MCI,D,20200406,000000,7.43462,7.5766,7.18625,7.31043,30755.971777701827,0
MCI,D,20200407,000000,7.80728,7.80728,7.31043,7.34593,25651.4564230272,0
MCI,D,20200408,000000,7.27494,7.6653,7.27494,7.54111,2806.712370244055,0
MCI,D,20200409,000000,7.80728,8.07346,7.7008,7.71859,21186.933174754377,0
MCI,D,20200414,000000,7.98477,8.37513,7.5766,8.37513,12849.411224056868,0
MCI,D,20200415,000000,8.37513,8.69423,8.03796,8.25085,7685.412954157288,0
MCI,D,20200416,000000,8.41053,8.42833,7.94927,8.25085,2594.1160250882062,0
MCI,D,20200417,000000,8.33963,8.42833,8.03796,8.07346,7523.487240489363,0
MCI,D,20200420,000000,8.16216,8.30414,7.98477,8.02017,11647.636029419402,0
MCI,D,20200421,000000,7.94927,7.98477,7.77179,7.96697,13557.698529420653,0
MCI,D,20200422,000000,7.89598,8.07346,7.6831,8.07346,1634.678633219065,0
MCI,D,20200423,000000,8.07346,8.17994,7.82498,7.98477,6506.770004329526,0
MCI,D,20200424,000000,7.98477,7.98477,7.98477,7.98477,4710.165657442535,0
MCI,D,20200427,000000,7.93148,8.23315,7.93148,8.23315,10114.298659176182,0
MCI,D,20200428,000000,8.37513,8.39283,8.17994,8.33963,859.197664360425,0
MCI,D,20200429,000000,8.39283,8.51702,8.28634,8.28634,3607.5286548466565,0
MCI,D,20200430,000000,8.49932,8.55251,8.16216,8.16216,10587.958910041545,0
MCI,D,20200504,000000,8.07346,8.42833,7.98477,8.09116,1665.5216262986698,0
MCI,D,20200505,000000,8.16216,8.51702,8.00247,8.00247,3909.3493728399335,0
MCI,D,20200506,000000,8.21535,8.21535,8.07346,8.07346,731.4195501734899,0
MCI,D,20200507,000000,8.39283,8.48152,8.23315,8.42833,2138.080341696904,0
MCI,D,20200508,000000,8.37513,8.53481,8.37513,8.46382,5017.494052771456,0
MCI,D,20200511,000000,8.46382,8.55251,8.35733,8.55251,827.2531358136912,0
MCI,D,20200512,000000,8.57031,8.76504,8.51702,8.69423,17218.10088668949,0
MCI,D,20200513,000000,8.55251,8.78319,8.51702,8.78319,15160.432634092986,0
MCI,D,20200514,000000,8.51702,8.72963,8.32184,8.72963,3289.1849048464474,0
MCI,D,20200515,000000,8.72963,8.854,8.67698,8.67698,1262.3596453295477,0
MCI,D,20200518,000000,8.854,8.854,8.58801,8.58801,1178.6429498277625,0
MCI,D,20200519,000000,8.854,9.04919,8.69423,8.87216,32464.45328721852,0
MCI,D,20200520,000000,8.87216,9.22712,8.87216,9.04919,2886.022923877325,0
MCI,D,20200521,000000,8.91664,9.13815,8.91664,9.04919,7792.2618944687765,0
MCI,D,20200522,000000,8.91664,9.04919,8.87216,8.91664,10461.28233132174,0
MCI,D,20200525,000000,9.13815,9.18264,8.87216,8.91664,6186.22318339506,0
MCI,D,20200526,000000,9.13815,9.53757,9.04919,9.31518,14105.161656583645,0
MCI,D,20200527,000000,9.18264,10.1141,9.18264,9.5821,85103.5286549001,0
MCI,D,20200528,000000,10.1141,10.1141,9.49313,9.7591,13244.86245675609,0
MCI,D,20200529,000000,9.62569,9.9361,9.62569,9.84808,11891.075367654857,0
MCI,D,20200601,000000,9.9361,9.98064,9.7591,9.84808,8566.641327860289,0
MCI,D,20200602,000000,9.84808,9.9361,9.84808,9.84808,1302.0149221461825,0
MCI,D,20200603,000000,9.9361,9.9361,9.67013,9.89252,13668.953611600658,0
MCI,D,20200604,000000,9.89252,9.89252,9.71466,9.7591,3045.745566610994,0
MCI,D,20200605,000000,9.67013,9.9361,9.67013,9.9361,19272.464532884613,0
MCI,D,20200608,000000,9.9361,10.1586,9.9361,9.9361,5238.9026816643345,0
MCI,D,20200609,000000,9.84808,10.0696,9.7591,10.0696,3166.9144679951564,0
MCI,D,20200610,000000,9.84808,10.1586,9.84808,10.1586,6060.6481401423825,0
MCI,D,20200612,000000,9.80354,10.0251,9.49313,9.9361,22374.38840831917,0
MCI,D,20200615,000000,9.7591,9.7591,9.7591,9.7591,484.67560553665004,0
MCI,D,20200616,000000,9.7591,9.98064,9.67013,9.98064,2056.5667171293762,0
MCI,D,20200617,000000,9.98064,10.0251,9.84808,9.84808,4110.9303633244945,0
MCI,D,20200618,000000,10.0696,10.0696,9.9361,10.0251,5703.750648792667,0
MCI,D,20200619,000000,10.1141,11.0455,10.1141,11.0455,68372.30644468151,0
MCI,D,20200622,000000,11.001,11.4894,11.001,11.2225,16735.628352087097,0
MCI,D,20200623,000000,11.356,11.356,11.09,11.09,1679.8415873713438,0
MCI,D,20200624,000000,11.001,11.09,10.646,11.09,8891.59429066327,0
MCI,D,20200625,000000,11.0455,11.2225,10.824,11.09,4503.076989622329,0
MCI,D,20200626,000000,11.0455,11.09,10.7795,10.7795,6909.931985298648,0
MCI,D,20200629,000000,10.7795,11.0455,10.735,10.9121,7568.650194641641,0
MCI,D,20200630,000000,10.9121,10.9121,10.6905,10.735,16932.803200703143,0
MCI,D,20200701,000000,10.824,11.001,10.824,10.9121,1821.9396626309524,0
MCI,D,20200702,000000,10.9565,11.4004,10.9565,11.1789,27752.08455884173,0
MCI,D,20200703,000000,11.1789,11.4004,11.0455,11.356,5444.889814017411,0
MCI,D,20200706,000000,11.4004,11.4004,11.1345,11.1789,17473.65711506336,0
MCI,D,20200707,000000,11.2225,11.4004,11.1789,11.3115,3712.1745242238876,0
MCI,D,20200708,000000,11.4004,11.5339,11.267,11.5339,13470.677227517483,0
MCI,D,20200709,000000,11.5339,12.0214,11.5339,11.9769,12767.89759948934,0
MCI,D,20200710,000000,12.1549,12.2874,11.7999,11.7999,15735.434147934195,0
MCI,D,20200713,000000,11.8879,11.9769,11.8444,11.8879,15367.52130191319,0
MCI,D,20200714,000000,11.7999,11.9769,11.7999,11.8444,9734.268923016763,0
MCI,D,20200715,000000,11.9769,12.2429,11.8879,12.0659,3033.6286764725774,0
MCI,D,20200716,000000,11.8879,12.1549,11.8444,12.1549,4510.787737892231,0
MCI,D,20200717,000000,12.1985,12.1985,11.8879,12.1549,2637.075908306227,0
MCI,D,20200720,000000,12.1103,12.1103,11.7999,12.0659,3313.41868512328,0
MCI,D,20200721,000000,11.9325,12.1103,11.9325,12.1103,11114.492863329087,0
MCI,D,20200722,000000,12.0659,12.1549,11.9325,11.9325,5069.266219726507,0
MCI,D,20200723,000000,11.9769,12.1103,11.8879,11.8879,3890.6232698987446,0
MCI,D,20200724,000000,11.8879,11.8879,10.9121,11.622,11788.632569211883,0
MCI,D,20200727,000000,11.622,11.622,11.1789,11.4894,10478.9068987958,0
MCI,D,20200728,000000,11.1345,11.445,11.001,11.09,23540.91446800852,0
MCI,D,20200729,000000,11.09,11.09,10.8685,10.8685,3778.2666522516124,0
MCI,D,20200730,000000,10.8685,10.9121,10.735,10.735,35977.249891892105,0
MCI,D,20200731,000000,10.646,10.735,10.469,10.646,17665.324286343763,0
MCI,D,20200803,000000,10.735,11.4894,10.646,11.001,12293.13581315685,0
MCI,D,20200804,000000,11.2225,11.2225,10.646,10.7795,7493.745782876886,0
MCI,D,20200805,000000,11.0455,11.0455,10.646,10.9121,3844.3587802793377,0
MCI,D,20200806,000000,10.735,10.824,10.5135,10.824,6258.924524225557,0
MCI,D,20200807,000000,10.9121,10.9121,10.0251,10.4246,8643.748810559302,0
MCI,D,20200810,000000,10.4246,10.558,10.4246,10.558,2893.7336721472266,0
MCI,D,20200811,000000,10.558,10.558,10.0251,10.4246,10916.216479245913,0
MCI,D,20200812,000000,10.4246,10.4246,10.0696,10.4246,10650.746431667883,0
MCI,D,20200813,000000,10.38,10.6016,10.3356,10.558,2802.30622837554,0
MCI,D,20200814,000000,10.38,10.38,10.2466,10.2466,1362.5993728382637,0
MCI,D,20200817,000000,10.2466,10.558,10.2466,10.558,2443.2056660915673,0
MCI,D,20200818,000000,10.558,11.0455,10.38,10.646,5030.712478377001,0
MCI,D,20200819,000000,10.646,11.001,10.5135,10.5135,2859.586072666235,0
MCI,D,20200820,000000,10.469,10.469,10.38,10.38,3233.0065960228812,0
MCI,D,20200821,000000,10.469,10.469,10.38,10.4246,872.41608996597,0
MCI,D,20200824,000000,10.7795,10.7795,10.469,10.469,12370.243295855862,0
MCI,D,20200825,000000,10.5135,10.6016,10.5135,10.5135,1261.2581098624187,0
MCI,D,20200826,000000,10.646,10.735,10.558,10.646,2243.827746541264,0
MCI,D,20200827,000000,10.824,10.824,10.646,10.646,9740.878135819537,0
MCI,D,20200828,000000,10.646,10.735,10.646,10.6905,6547.52681661329,0
MCI,D,20200831,000000,10.6905,10.7795,10.6905,10.7795,3606.4271193795275,0
MCI,D,20200901,000000,10.9121,11.001,10.824,10.8685,3479.750540659721,0
MCI,D,20200902,000000,10.8685,11.001,10.824,10.9565,3479.750540659721,0
MCI,D,20200903,000000,10.8685,11.001,10.8685,11.001,13818.76243513017,0
MCI,D,20200904,000000,10.7795,10.9121,10.6905,10.9121,4081.188905712019,0
MCI,D,20200907,000000,10.7795,10.7795,10.6905,10.6905,8870.665116787824,0
MCI,D,20200908,000000,10.6905,10.6905,10.469,10.646,9214.344182531993,0
MCI,D,20200909,000000,10.646,10.646,10.5135,10.646,707.1857698966575,0
MCI,D,20200910,000000,11.09,11.09,10.9121,10.9565,9213.242647064864,0
MCI,D,20200911,000000,10.9565,11.1789,10.9565,11.1789,6756.818555367753,0
MCI,D,20200914,000000,11.1789,11.5339,11.09,11.356,12607.073421288544,0
MCI,D,20200915,000000,11.356,11.622,11.356,11.4004,7970.710640143635,0
MCI,D,20200916,000000,11.4004,11.6664,11.356,11.5339,9575.647815750224,0
MCI,D,20200917,000000,11.1789,11.5339,11.1789,11.5339,1975.0530925618486,0
MCI,D,20200918,000000,11.5339,11.7109,11.5339,11.5339,7002.460964537464,0
MCI,D,20200921,000000,11.4894,11.622,11.267,11.356,5280.761029415228,0
MCI,D,20200922,000000,11.356,11.5339,11.1789,11.1789,2131.471128894131,0
MCI,D,20200923,000000,11.267,11.6664,11.267,11.5339,16234.429714543516,0
MCI,D,20200924,000000,11.4894,11.4894,11.445,11.445,405.36505190338,0
MCI,D,20200925,000000,11.3115,11.4894,11.267,11.4894,2229.5077854685896,0
MCI,D,20200928,000000,11.5339,11.5339,11.356,11.445,2599.62370242385,0
MCI,D,20200929,000000,11.4894,11.7109,11.4894,11.5774,7498.151924745401,0
MCI,D,20200930,000000,11.445,11.622,11.445,11.5774,617.9613970592287,0
MCI,D,20201001,000000,11.622,11.622,11.356,11.356,6319.508974917639,0
MCI,D,20201002,000000,11.356,11.5774,11.356,11.5339,26910.511461955364,0
MCI,D,20201005,000000,11.5339,12.1985,11.4004,12.1549,31181.164468013525,0
MCI,D,20201006,000000,12.2429,12.6868,12.1985,12.3764,23087.08185555147,0
MCI,D,20201007,000000,12.3764,12.3764,12.2429,12.3319,1890.234861592935,0
MCI,D,20201008,000000,12.5978,13.0418,12.5978,12.9528,83305.82277254597,0
MCI,D,20201009,000000,12.9973,13.0863,12.7758,12.9528,44683.78622407775,0
MCI,D,20201012,000000,12.8638,13.0863,12.8638,13.0418,29058.505622856424,0
MCI,D,20201013,000000,13.0418,13.0863,12.9084,13.0418,32436.9149005403,0
MCI,D,20201014,000000,12.8203,13.2189,12.8203,13.2189,32397.259623723665,0
MCI,D,20201015,000000,12.8203,13.1743,12.6868,13.0418,6300.78287197645,0
MCI,D,20201016,000000,12.6868,12.7758,12.2429,12.5978,14593.14186852168,0
MCI,D,20201019,000000,12.9973,14.1067,12.9973,13.7072,46266.69269034176,0
MCI,D,20201020,000000,13.7072,14.0622,13.3967,13.8842,24641.34839967014,0
MCI,D,20201021,000000,13.8398,13.8398,13.4412,13.7072,9010.560121113176,0
MCI,D,20201022,000000,13.7072,14.0177,13.4412,13.7072,7142.355968862815,0
MCI,D,20201023,000000,13.7518,14.0177,13.1307,13.1307,12559.707396202008,0
MCI,D,20201026,000000,13.3967,13.3967,13.0863,13.1307,17111.251946378,0
MCI,D,20201027,000000,13.3967,13.3967,12.1549,12.7758,20917.056985307834,0
MCI,D,20201028,000000,12.4653,12.4653,11.8879,11.8879,20193.348183404243,0
MCI,D,20201029,000000,11.7999,12.1549,11.622,12.0659,9443.463559694774,0
MCI,D,20201030,000000,12.0659,12.0659,11.6664,11.6664,5970.322231837825,0
MCI,D,20201102,000000,11.622,12.6868,11.622,12.5534,5299.487132356417,0
MCI,D,20201103,000000,12.3764,12.4208,11.9769,12.4208,3447.8060121129874,0
MCI,D,20201104,000000,12.1549,12.8638,12.1549,12.4208,38878.694312309235,0
MCI,D,20201105,000000,12.6868,12.8638,12.4208,12.6424,9750.791955023695,0
MCI,D,20201106,000000,12.8203,12.8203,12.5098,12.5978,5104.515354674628,0
MCI,D,20201109,000000,12.6868,12.9084,12.4653,12.9084,2488.368620243846,0
MCI,D,20201110,000000,12.9528,13.0418,12.6868,12.8638,9465.49426903735,0
MCI,D,20201112,000000,12.9973,12.9973,12.5978,12.8638,674.1397058827949,0
MCI,D,20201113,000000,12.8638,12.9528,12.7758,12.9528,808.5270328725024,0
MCI,D,20201116,000000,12.9528,12.9973,12.7758,12.9084,2779.1739835658364,0
MCI,D,20201117,000000,12.9084,13.0418,12.6868,13.0418,4943.69117647383,0
MCI,D,20201118,000000,12.9528,12.9528,12.8203,12.8638,4646.276600349067,0
MCI,D,20201119,000000,12.7758,12.8638,12.6868,12.8638,2856.281466264849,0
MCI,D,20201120,000000,12.6868,12.9084,12.6868,12.9084,2968.6380839119815,0
MCI,D,20201123,000000,12.8638,13.4412,12.8638,13.3078,68833.84980540846,0
MCI,D,20201124,000000,13.7518,13.7518,13.3078,13.3078,6044.125108135451,0
MCI,D,20201125,000000,13.3967,13.5293,13.1743,13.5293,22062.653871121733,0
MCI,D,20201126,000000,13.5293,13.5738,13.3078,13.4857,2845.266111593561,0
MCI,D,20201127,000000,13.4857,13.4857,13.2633,13.3967,5431.671388411866,0
MCI,D,20201130,000000,13.3967,13.4857,13.3078,13.3078,3866.3894896219126,0
MCI,D,20201201,000000,13.3967,13.5293,13.3078,13.4412,3381.7138840852626,0
MCI,D,20201202,000000,13.4857,13.4857,13.3078,13.3523,3921.46626297835,0
MCI,D,20201203,000000,13.4857,13.4857,13.2633,13.4412,730.3180147063613,0
MCI,D,20201204,000000,13.4412,13.5293,13.2633,13.2633,15041.466803643081,0
MCI,D,20201207,000000,13.2633,13.3078,12.9528,13.3078,3608.630190313785,0
MCI,D,20201208,000000,13.3078,13.3078,13.0863,13.2633,3019.3087153999036,0
MCI,D,20201209,000000,13.3078,13.6628,13.3078,13.5738,21909.54044119084,0
MCI,D,20201210,000000,13.4412,13.6182,13.2633,13.3523,10277.325908311237,0
MCI,D,20201211,000000,13.5293,13.7518,13.3078,13.7518,56471.3172578225,0
MCI,D,20201214,000000,13.5738,14.1067,13.2633,13.5293,38449.09548012902,0
MCI,D,20201215,000000,13.7518,13.8398,13.3078,13.6628,9027.083153120106,0
MCI,D,20201216,000000,13.3967,13.7072,13.3967,13.4857,18694.158412642017,0
MCI,D,20201217,000000,13.5293,13.7072,13.3523,13.6628,11460.375000007514,0
MCI,D,20201218,000000,13.7072,13.7072,13.3523,13.6628,9446.768166096159,0
MCI,D,20201221,000000,13.6182,13.6628,13.3078,13.3967,37522.704152273735,0
MCI,D,20201222,000000,13.5293,13.5293,13.0863,13.1307,5618.932417823754,0
MCI,D,20201223,000000,13.1307,13.5293,13.1307,13.5293,4951.401924743732,0
MCI,D,20201228,000000,13.5293,13.6628,13.5293,13.6182,7107.106833914695,0
MCI,D,20201229,000000,13.5293,13.8398,13.5293,13.7518,21417.154087384286,0
MCI,D,20201230,000000,13.7518,13.8842,13.5738,13.8842,2751.6355968876173,0
MCI,D,20210104,000000,13.9288,15.1706,13.9288,14.8602,17495.687824405933,0
MCI,D,20210105,000000,14.9936,15.0826,14.7721,15.0826,19167.81866350738,0
MCI,D,20210107,000000,15.1706,15.3486,14.9492,15.2596,12207.216046720807,0
MCI,D,20210108,000000,15.3041,15.5256,15.0826,15.4375,14022.546496548988,0
MCI,D,20210111,000000,15.4375,15.4375,15.1706,15.2596,8510.463019036722,0
MCI,D,20210112,000000,15.2596,15.4375,15.0826,15.3041,5465.818987892857,0
MCI,D,20210113,000000,15.3041,15.8361,15.3041,15.7035,6801.981509520031,0
MCI,D,20210114,000000,15.7035,15.8361,15.3486,15.8361,4616.535142736591,0
MCI,D,20210115,000000,15.5256,15.8806,15.0826,15.0826,12113.585532014864,0
MCI,D,20210118,000000,15.3931,15.4811,15.1706,15.3931,2311.0214100361177,0
MCI,D,20210119,000000,15.4811,15.5256,14.2392,14.9936,11084.751405716612,0
MCI,D,20210120,000000,15.0381,15.3486,14.4171,15.1706,6968.313365056472,0
MCI,D,20210121,000000,15.1706,15.1706,15.1706,15.1706,1413.2700043261862,0
MCI,D,20210122,000000,14.9936,14.9936,14.6387,14.8602,4942.589641006701,0
MCI,D,20210125,000000,14.6831,15.1706,14.6831,14.7276,4224.388516438757,0
MCI,D,20210126,000000,14.7276,14.7276,14.5497,14.5942,7070.756163499445,0
MCI,D,20210127,000000,14.5942,14.5942,13.4412,14.4171,10423.830125439363,0
MCI,D,20210128,000000,13.6182,14.3727,13.6182,14.3727,2383.7227508666147,0
MCI,D,20210129,000000,14.3281,14.5052,14.1947,14.5052,31078.721669570554,0
MCI,D,20210201,000000,14.9936,14.9936,14.5497,14.7276,1055.2709775093424,0
MCI,D,20210202,000000,14.5942,14.5942,14.1947,14.2837,25236.177551919664,0
MCI,D,20210203,000000,14.2837,14.3727,14.1503,14.1947,6135.552551907138,0
MCI,D,20210204,000000,14.5497,14.5497,14.1947,14.5497,3598.716371109626,0
MCI,D,20210205,000000,14.4617,14.7276,14.3281,14.6387,1853.8841911776863,0
MCI,D,20210208,000000,14.5942,14.8157,14.5942,14.7721,10910.708801910268,0
MCI,D,20210209,000000,14.8157,14.9936,14.7276,14.9046,2967.536548444852,0
MCI,D,20210210,000000,14.5942,15.0381,14.5942,14.9046,3793.6881487914147,0
MCI,D,20210211,000000,14.9936,15.1706,14.6387,15.0381,8533.595263846426,0
MCI,D,20210212,000000,14.8157,15.1706,14.8157,14.9936,1427.5899653988602,0
MCI,D,20210215,000000,15.0826,15.2596,14.9046,15.2596,7049.826989624,0
MCI,D,20210216,000000,15.3041,15.3041,14.9492,14.9492,2044.4498269909598,0
MCI,D,20210217,000000,14.9492,15.1262,14.9492,15.0381,4555.95069204451,0
MCI,D,20210218,000000,15.0826,15.0826,14.7721,14.7721,2810.016976645441,0
MCI,D,20210219,000000,14.7721,14.9046,14.6831,14.6831,3234.10813149001,0
MCI,D,20210222,000000,14.6831,14.7721,14.5497,14.7721,4354.369701559948,0
MCI,D,20210223,000000,14.7721,14.8157,14.2392,14.5497,4329.034385815988,0
MCI,D,20210224,000000,14.7276,14.7276,14.5942,14.7276,4526.2092344320345,0
MCI,D,20210225,000000,14.6831,15.0826,14.6831,15.0826,535.3462370245725,0
MCI,D,20210226,000000,14.9046,14.9936,14.3281,14.4617,4340.049740487275,0
MCI,D,20210301,000000,14.4617,14.6831,14.4617,14.5052,588.2199394467525,0
MCI,D,20210302,000000,14.5052,14.9936,14.5052,14.9046,61789.5304931201,0
MCI,D,20210303,000000,14.9046,14.9492,14.6387,14.6387,17417.478806239793,0
MCI,D,20210304,000000,14.6387,14.9046,14.6387,14.9046,23359.161115932275,0
MCI,D,20210305,000000,14.6387,14.7721,14.6387,14.6387,26215.44258219712,0
MCI,D,20210308,000000,14.6387,14.7276,14.6387,14.7276,4532.818447234807,0
MCI,D,20210309,000000,14.7276,14.8157,14.6387,14.6831,3680.2299956771535,0
MCI,D,20210310,000000,14.7721,14.9046,14.7721,14.9046,2035.63754325393,0
MCI,D,20210311,000000,14.9046,15.2151,14.9046,15.2151,16365.512435131839,0
MCI,D,20210312,000000,15.2596,15.2596,15.0826,15.2151,19879.410575272548,0
MCI,D,20210315,000000,15.0826,15.3486,15.0826,15.3486,10290.544333916783,0
MCI,D,20210316,000000,15.3486,15.4811,15.2151,15.4811,5067.06314879225,0
MCI,D,20210317,000000,15.4811,15.4811,15.2596,15.2596,3919.2631920440926,0
MCI,D,20210318,000000,15.4811,15.5256,15.3041,15.4375,1420.9807525960875,0
MCI,D,20210319,000000,15.4375,15.4375,15.2151,15.4375,1574.0941825269838,0
MCI,D,20210322,000000,15.2151,15.4811,15.2151,15.2151,12249.0743944717,0
MCI,D,20210323,000000,15.2151,15.3931,15.2151,15.2151,4412.751081317772,0
MCI,D,20210324,000000,15.2151,15.2596,15.2151,15.2151,2441.0025951573098,0
MCI,D,20210325,000000,15.2151,15.3931,15.2151,15.3931,8333.115808828994,0
MCI,D,20210326,000000,15.4375,15.6145,15.3041,15.6145,13839.691609005615,0
MCI,D,20210329,000000,15.7035,15.7035,15.5256,15.5256,4336.745134085889,0
MCI,D,20210330,000000,15.3931,16.9009,15.3931,16.8565,100086.61407878535,0
MCI,D,20210331,000000,17.256,17.3894,16.4135,16.6349,7386.8968425653975,0
MCI,D,20210401,000000,16.812,16.9454,16.6795,16.9454,14572.212694646234,0
MCI,D,20210406,000000,16.9454,17.3004,16.4135,17.1224,14905.977941186246,0
MCI,D,20210407,000000,17.078,17.2114,16.8565,16.8565,6315.102833049124,0
MCI,D,20210408,000000,16.8565,16.9454,16.812,16.812,5373.290008654042,0
MCI,D,20210409,000000,16.8565,17.167,16.5905,16.6795,2855.1799307977203,0
MCI,D,20210412,000000,16.8565,16.8565,16.5905,16.5905,10548.303633224908,0
MCI,D,20210413,000000,16.5015,16.8565,16.5015,16.8565,4611.027465400947,0
MCI,D,20210414,000000,16.8565,17.3004,16.8565,16.9454,7191.925064883608,0
MCI,D,20210415,000000,17.167,17.3004,16.9454,16.9454,7157.777465402617,0
MCI,D,20210416,000000,17.0344,17.1224,16.5015,16.7675,4577.981401387085,0
MCI,D,20210419,000000,16.8565,16.9454,16.6795,16.6795,2926.7797361610887,0
MCI,D,20210420,000000,16.6795,16.6795,16.102,16.5015,7076.2638408350895,0
MCI,D,20210421,000000,16.457,16.5015,16.3245,16.3245,9423.635921286457,0
MCI,D,20210422,000000,16.369,16.5905,16.369,16.369,1448.5191392743063,0
MCI,D,20210423,000000,16.191,16.7239,16.191,16.7239,483.5740700695212,0
MCI,D,20210426,000000,16.5905,16.6795,16.2355,16.2355,689.5612024225975,0
MCI,D,20210427,000000,16.3245,16.8565,16.3245,16.6795,3291.387975780705,0
MCI,D,20210428,000000,16.6795,16.6795,16.6349,16.6349,590.4230103810099,0
MCI,D,20210429,000000,16.546,16.6349,16.546,16.5905,1972.850021627591,0
MCI,D,20210430,000000,16.369,16.8565,16.369,16.369,4397.32958477797,0
MCI,D,20210504,000000,16.4135,16.5015,16.3245,16.3245,4667.205774224513,0
MCI,D,20210505,000000,16.2355,16.4135,16.1466,16.4135,23690.723291538026,0
MCI,D,20210506,000000,16.4135,16.4135,16.2355,16.4135,3063.3701340850535,0
MCI,D,20210507,000000,16.4135,16.4135,16.2355,16.3245,12560.808931669137,0
MCI,D,20210510,000000,16.7675,16.9454,16.5905,16.9454,12502.427551911313,0
MCI,D,20210511,000000,16.6349,16.8565,16.5905,16.5905,2688.8480752612786,0
MCI,D,20210512,000000,16.6349,17.6553,16.6349,17.256,10000.84050606192,0
MCI,D,20210513,000000,17.167,17.2114,16.7675,17.0344,7283.3525086552945,0
MCI,D,20210514,000000,17.0344,17.0344,16.7675,17.0344,2719.6910683408837,0
MCI,D,20210517,000000,16.9899,17.0344,16.8565,16.9454,2916.86591695693,0
MCI,D,20210518,000000,17.0344,17.2114,16.6795,16.6795,7364.866133222822,0
MCI,D,20210519,000000,16.8565,16.8565,16.6795,16.6795,778.7855752600262,0
MCI,D,20210520,000000,17.078,17.078,16.5905,16.5905,760.0594723188375,0
MCI,D,20210521,000000,16.546,16.8565,16.5015,16.812,1961.8346669563036,0
MCI,D,20210524,000000,16.7239,16.812,16.3245,16.812,2574.288386679889,0
MCI,D,20210525,000000,16.812,17.3004,16.457,17.078,10842.413602948287,0
MCI,D,20210526,000000,17.078,17.078,16.5015,16.9899,2536.836180797511,0
MCI,D,20210527,000000,16.8565,16.9454,16.8565,16.9454,2361.6920415240397,0
MCI,D,20210528,000000,17.0344,17.0344,16.6349,16.9009,1694.1615484440174,0
MCI,D,20210531,000000,16.6349,16.6795,16.3245,16.4135,4927.168144466898,0
MCI,D,20210601,000000,16.3245,16.6349,15.6145,16.457,33168.33445071379,0
MCI,D,20210602,000000,16.3245,16.546,16.1466,16.546,3000.5826124587147,0
MCI,D,20210604,000000,16.1466,16.7239,16.1466,16.7239,5503.271193775235,0
MCI,D,20210607,000000,16.7239,16.7239,16.2355,16.6349,669.7335640142801,0
MCI,D,20210608,000000,16.6795,16.6795,16.28,16.6349,1447.4176038071776,0
MCI,D,20210609,000000,16.5905,16.6795,16.4135,16.6795,2708.675713669596,0
MCI,D,20210610,000000,16.6349,16.6795,16.4135,16.6795,551.8692690315037,0
MCI,D,20210611,000000,16.457,16.6795,16.3245,16.6349,635.5859645332887,0
MCI,D,20210614,000000,16.7239,16.8565,16.6349,16.8565,1843.9703719735276,0
MCI,D,20210615,000000,16.6795,16.7675,16.1466,16.457,3339.8555363343703,0
MCI,D,20210616,000000,16.457,16.9899,16.457,16.7675,12715.023897067162,0
MCI,D,20210617,000000,16.7675,16.7675,16.546,16.546,849.2838451562662,0
MCI,D,20210618,000000,16.8565,16.8565,16.5905,16.5905,532.0416306231863,0
MCI,D,20210621,000000,16.5905,16.6795,16.4135,16.6795,3337.6524654001128,0
MCI,D,20210622,000000,16.6349,16.6795,16.5905,16.6795,551.8692690315037,0
MCI,D,20210623,000000,16.6349,16.6349,16.5905,16.5905,722.6072664364599,0
MCI,D,20210624,000000,16.6349,16.8565,16.6349,16.8565,1440.808391004405,0
MCI,D,20210625,000000,16.8565,16.8565,16.7239,16.8565,674.1397058827949,0
MCI,D,20210628,000000,16.9009,16.9009,16.8565,16.9009,10513.05449827679,0
MCI,D,20210629,000000,16.8565,16.9009,16.8565,16.8565,1835.1580882364974,0
MCI,D,20210630,000000,16.9454,16.9454,16.8565,16.8565,9600.983131494184,0
MCI,D,20210701,000000,16.8565,16.8565,16.7675,16.7675,1615.9525302778761,0
MCI,D,20210702,000000,16.7675,16.812,16.7239,16.812,2348.473615918495,0
MCI,D,20210705,000000,16.6795,16.8565,16.6795,16.8565,6030.906682529906,0
MCI,D,20210706,000000,16.8565,16.9454,16.8565,16.9454,2924.576665226831,0
MCI,D,20210707,000000,16.9009,17.0344,16.8565,16.8565,6524.394571803586,0
MCI,D,20210708,000000,16.9009,16.9009,16.8565,16.9009,4756.430147061942,0
MCI,D,20210709,000000,16.9454,17.6553,16.9009,17.6553,14392.662413504248,0
MCI,D,20210712,000000,17.6553,17.6553,17.5664,17.6553,4543.833801906094,0
MCI,D,20210713,000000,17.6553,17.6553,17.4774,17.6553,33462.44442043717,0
MCI,D,20210714,000000,17.6553,18.5423,17.5664,18.5423,15474.370242224679,0
MCI,D,20210715,000000,18.8973,19.0743,18.6313,18.8973,7893.603157444622,0
MCI,D,20210716,000000,18.8973,18.8973,18.1874,18.4534,6936.368836509739,0
MCI,D,20210719,000000,18.5423,18.5423,17.9213,17.9213,6740.295523360822,0
MCI,D,20210720,000000,17.7434,18.8083,17.7434,18.8083,5029.610942909872,0
MCI,D,20210721,000000,18.8083,19.0743,18.6313,18.7193,3953.4107915250834,0
MCI,D,20210722,000000,18.7193,18.8973,18.6313,18.6313,1685.3492647069875,0
MCI,D,20210723,000000,18.7193,18.8973,18.7193,18.8973,1956.3269896206598,0
MCI,D,20210726,000000,18.8973,18.8973,18.8083,18.8973,577.2045847754649,0
MCI,D,20210727,000000,18.8973,18.8973,18.7193,18.8083,2695.457288064051,0
MCI,D,20210728,000000,18.8973,18.8973,18.6313,18.6313,1199.5721237032087,0
MCI,D,20210729,000000,18.6313,18.6313,18.6313,18.6313,221.40862889287874,0
MCI,D,20210730,000000,18.8973,18.8973,18.6313,18.6313,2232.8123918699766,0
MCI,D,20210802,000000,18.6313,18.8973,18.6313,18.6313,1705.1769031153049,0
MCI,D,20210803,000000,18.7193,18.9863,18.7193,18.7193,1603.83564013946,0
MCI,D,20210804,000000,18.9863,18.9863,18.6313,18.6313,2320.9352292402764,0
MCI,D,20210805,000000,18.4534,18.5423,18.0984,18.0984,5422.859104674836,0
MCI,D,20210806,000000,18.2763,18.5423,18.0984,18.0984,2114.9480968872,0
MCI,D,20210809,000000,18.0984,18.2763,17.9213,18.2763,2875.0075692060377,0
MCI,D,20210810,000000,18.2763,18.5423,18.2763,18.5423,428.4972967130837,0
MCI,D,20210811,000000,18.5423,18.5423,18.0984,18.5423,2394.7381055379024,0
MCI,D,20210812,000000,18.2763,18.2763,18.2763,18.2763,309.53146626317874,0
MCI,D,20210813,000000,18.2763,18.6313,18.1874,18.5423,1900.148680797094,0
MCI,D,20210816,000000,18.6313,18.6313,18.0984,18.4534,5137.56141868849,0
MCI,D,20210817,000000,18.5423,18.5423,18.2763,18.5423,1085.0124351218187,0
MCI,D,20210818,000000,18.6313,18.6313,18.2763,18.6313,179.55028114198626,0
MCI,D,20210819,000000,18.1874,18.5423,18.1874,18.4534,402.06044550199374,0
MCI,D,20210820,000000,18.5423,18.5423,18.0984,18.2763,2232.8123918699766,0
MCI,D,20210823,000000,18.2763,18.5423,18.2763,18.3652,677.4443122841813,0
MCI,D,20210824,000000,18.3652,18.5423,18.1874,18.5423,1143.3938148796424,0
MCI,D,20210825,000000,18.2763,18.3652,18.0984,18.2763,1313.03027681747,0
MCI,D,20210826,000000,18.2763,18.4534,18.1874,18.1874,3628.4578287221025,0
MCI,D,20210827,000000,18.1874,18.4534,18.1874,18.4534,902.1575475784463,0
MCI,D,20210830,000000,18.1874,18.5423,18.1874,18.2763,758.9579368517087,0
MCI,D,20210831,000000,18.2763,18.4534,18.2763,18.2763,12318.471128900812,0
MCI,D,20210901,000000,18.3652,18.9863,18.2763,18.8083,11712.62662198,0
MCI,D,20210902,000000,19.0743,19.4292,18.9863,19.2522,17840.468425617237,0
MCI,D,20210903,000000,19.5182,20.0502,19.5182,20.0502,8262.617538932755,0
MCI,D,20210906,000000,20.0502,20.0502,19.6072,19.8732,3181.23442906783,0
MCI,D,20210907,000000,19.9621,20.2281,19.8732,20.0502,4091.1027249161775,0
MCI,D,20210908,000000,19.6952,19.8732,19.2522,19.3412,3169.117538929414,0
MCI,D,20210909,000000,19.6072,19.6952,19.5182,19.5182,676.3427768170525,0
MCI,D,20210910,000000,19.9621,19.9621,19.6952,19.6952,800.8162846026013,0
MCI,D,20210913,000000,19.8732,20.1391,19.5182,20.1391,1905.6563581327375,0
MCI,D,20210914,000000,19.6952,19.9621,19.6072,19.9621,2525.820826126224,0
MCI,D,20210915,000000,19.8732,20.0502,19.5182,19.5182,11668.56520329485,0
MCI,D,20210916,000000,19.9721,19.9721,19.5182,19.7905,1233.7197231842001,0
MCI,D,20210917,000000,19.7905,19.7905,19.7905,19.7905,57.279844290695,0
MCI,D,20210920,000000,19.9721,20.1537,19.5182,19.609,37980.9429065993,0
MCI,D,20210921,000000,20.6076,21.9693,20.5168,21.1523,43451.16803636067,0
MCI,D,20210922,000000,21.5154,21.5154,20.9707,21.2431,19417.867214545604,0
MCI,D,20210923,000000,21.2431,21.2431,20.426,20.9707,6293.072123706548,0
MCI,D,20210924,000000,20.7891,20.9707,20.5168,20.9707,1451.8237456756924,0
MCI,D,20210927,000000,20.9707,21.0615,20.1537,20.6076,6983.734861596276,0
MCI,D,20210928,000000,20.6984,20.8799,19.6998,20.2445,3391.627703289421,0
MCI,D,20210929,000000,20.0629,20.7891,20.0629,20.6984,4464.523248272823,0
MCI,D,20210930,000000,20.5168,20.6076,20.426,20.6076,1776.7767084786738,0
MCI,D,20211001,000000,20.426,20.6076,20.2445,20.5168,2453.1194852957265,0
MCI,D,20211004,000000,20.5168,20.5168,19.609,20.2445,6816.301470592704,0
MCI,D,20211005,000000,20.2445,20.426,19.9721,20.426,1751.4413927347125,0
MCI,D,20211006,000000,20.6076,20.6076,19.9721,20.426,7783.449610731747,0
MCI,D,20211007,000000,20.8799,22.2417,20.6984,22.2417,60299.1530060949,0
MCI,D,20211008,000000,22.3325,23.1495,22.0601,22.9679,30160.041089985178,0
MCI,D,20211011,000000,22.6956,23.0587,22.2417,22.3325,20284.77562717593,0
MCI,D,20211012,000000,22.9679,22.9679,22.2417,22.6048,11214.732590837802,0
MCI,D,20211013,000000,22.6048,22.6048,21.5154,22.514,10898.591911771851,0
MCI,D,20211014,000000,22.514,22.6956,22.3325,22.6048,6610.314338239628,0
MCI,D,20211015,000000,22.4233,22.6048,21.7878,22.514,5680.618403982963,0
MCI,D,20211018,000000,22.6048,22.6048,21.9693,22.514,4098.813473186078,0
MCI,D,20211019,000000,22.514,22.6956,22.3325,22.6956,3622.9501513864584,0
MCI,D,20211020,000000,22.6956,22.6956,21.9693,22.1509,7924.446150524227,0
MCI,D,20211021,000000,22.1509,22.4233,21.7878,21.9693,12152.13927336437,0
MCI,D,20211022,000000,21.7878,22.1509,21.1523,21.9693,5007.580233567298,0
MCI,D,20211025,000000,21.9693,22.2417,21.3339,21.7878,6207.152357270506,0
MCI,D,20211026,000000,21.6062,21.7878,21.3339,21.697,4910.645112459967,0
MCI,D,20211027,000000,21.697,22.1509,21.697,22.1509,9348.731509521702,0
MCI,D,20211028,000000,21.9693,22.8771,21.9693,22.514,33616.65938583519,0
MCI,D,20211029,000000,22.1509,22.514,21.9693,22.4233,14861.916522501095,0
MCI,D,20211102,000000,22.514,22.514,22.2417,22.4233,6792.067690315873,0
MCI,D,20211103,000000,22.4233,22.514,22.2417,22.514,4091.1027249161775,0
MCI,D,20211104,000000,22.514,22.6956,22.2417,22.3325,4262.942257788262,0
MCI,D,20211105,000000,22.514,22.514,21.8785,22.1509,6137.755622841395,0
MCI,D,20211108,000000,22.3325,22.7864,22.2417,22.6956,30621.584450712122,0
MCI,D,20211109,000000,23.0587,23.5127,22.6048,22.7864,51124.46410037955,0
MCI,D,20211110,000000,22.7864,23.1495,22.3325,22.6956,12997.016976652121,0
MCI,D,20211112,000000,22.8771,23.3311,22.7864,23.2402,25574.348940328186,0
MCI,D,20211115,000000,23.2402,23.5127,23.1495,23.2402,19095.11732267688,0
MCI,D,20211116,000000,23.2402,23.3311,22.514,22.8771,25208.639165241446,0
MCI,D,20211117,000000,22.6956,22.8771,22.3325,22.6048,13998.312716272154,0
MCI,D,20211118,000000,23.0587,23.1495,22.6048,22.7864,18969.542279424204,0
MCI,D,20211119,000000,22.3325,22.6048,21.1523,21.6062,32559.18533739159,0
MCI,D,20211122,000000,21.6062,22.1509,20.1537,20.8799,25880.57580018998,0
MCI,D,20211123,000000,20.5168,20.8799,20.2445,20.8799,16318.146410045303,0
MCI,D,20211124,000000,21.3339,21.4247,20.1537,20.3353,18919.97318340341,0
MCI,D,20211125,000000,20.426,20.8799,20.3353,20.7891,14022.546496548988,0
MCI,D,20211126,000000,20.6076,20.7891,18.7011,19.2459,41477.216479265946,0
MCI,D,20211129,000000,19.7905,19.9721,18.8827,19.8813,11202.615700699387,0
MCI,D,20211130,000000,19.5182,20.0629,19.5182,19.6998,5309.400951560575,0
MCI,D,20211201,000000,19.5182,20.3353,19.5182,20.3353,8292.35899654523,0
MCI,D,20211202,000000,19.9721,20.6076,19.7905,20.3353,8141.448637548591,0
MCI,D,20211203,000000,20.0629,20.6076,20.0629,20.3353,5701.54757785841,0
MCI,D,20211206,000000,20.3353,20.3353,19.6998,20.1537,3685.7376730127976,0
MCI,D,20211207,000000,19.7905,20.3353,19.7905,19.8813,2638.177443773356,0
MCI,D,20211208,000000,19.9721,19.9721,18.8827,18.8827,26118.507461089794,0
MCI,D,20211209,000000,19.0643,19.1551,18.2473,18.4288,25737.376189463244,0
MCI,D,20211210,000000,18.6104,18.8827,18.338,18.4288,3663.706963670222,0
MCI,D,20211213,000000,18.5196,19.0643,18.5196,19.0643,7569.75173010877,0
MCI,D,20211214,000000,18.9736,19.1551,18.6104,18.8827,4843.451448965114,0
MCI,D,20211215,000000,19.1551,19.2459,18.4288,18.5196,8480.721561424245,0
MCI,D,20211216,000000,18.8827,19.6998,18.8827,19.4274,10222.2491349548,0
MCI,D,20211217,000000,19.609,19.7905,19.3367,19.3367,8464.198529417314,0
MCI,D,20211220,000000,18.9736,19.4274,18.6104,18.9736,10809.367538934424,0
MCI,D,20211221,000000,18.9736,19.5182,18.9736,19.2459,7912.329260385811,0
MCI,D,20211222,000000,19.0643,19.5182,19.0643,19.1551,8210.845371977703,0
MCI,D,20211223,000000,19.3367,19.5182,19.2459,19.5182,11179.483455889684,0
MCI,D,20211227,000000,19.5182,19.5182,19.1551,19.2459,8909.21885813733,0
MCI,D,20211228,000000,19.1551,19.2459,18.4288,18.7011,19059.86818772876,0
MCI,D,20211229,000000,18.9736,19.3367,18.8827,19.1551,2512.6024005206787,0
MCI,D,20211230,000000,19.3367,19.4274,18.9736,19.2459,2979.653438583269,0
MCI,D,20220103,000000,19.2459,19.2459,18.8827,19.1551,10173.781574401135,0
MCI,D,20220104,000000,19.0643,19.7905,19.0643,19.6998,6613.618944641015,0
MCI,D,20220105,000000,19.7905,20.2445,19.7905,20.2445,7808.784926475708,0
MCI,D,20220107,000000,19.6998,20.426,19.5182,19.9721,8732.97318339673,0
MCI,D,20220110,000000,20.2445,20.426,19.8813,19.8813,8623.921172150984,0
MCI,D,20220111,000000,19.8813,20.2445,19.1551,20.2445,3413.6584126319963,0
MCI,D,20220112,000000,19.9721,20.2445,19.5182,19.9721,4872.09137111046,0
MCI,D,20220113,000000,19.9721,19.9721,19.6998,19.8813,1972.850021627591,0
MCI,D,20220114,000000,19.8813,20.0629,19.6998,19.6998,2703.1680363339524,0
MCI,D,20220117,000000,20.0629,20.0629,19.7905,19.9721,7021.187067478652,0
MCI,D,20220118,000000,19.6998,20.6076,19.609,19.7905,3150.391435988225,0
MCI,D,20220119,000000,19.8813,19.9721,19.5182,19.8813,4084.493512113405,0
MCI,D,20220120,000000,19.9721,20.2445,18.7011,19.0643,18361.494701569132,0
MCI,D,20220121,000000,18.7919,19.0643,18.1565,18.8827,13287.822339974113,0
MCI,D,20220124,000000,18.5196,18.5196,17.3394,17.4302,22279.656358146098,0
MCI,D,20220125,000000,17.4302,18.338,17.4302,17.7479,6189.527789796447,0
MCI,D,20220126,000000,17.7933,18.9736,17.7933,17.9749,3816.8203936011187,0
MCI,D,20220127,000000,18.338,18.338,17.6571,17.9749,5594.698637546921,0
MCI,D,20220128,000000,17.9749,18.1565,17.9749,18.1565,1354.8886245683625,0
MCI,D,20220131,000000,18.0657,18.338,18.0657,18.2473,2645.8881920432577,0
MCI,D,20220201,000000,18.338,19.1551,18.338,19.0643,5068.164684259379,0
MCI,D,20220202,000000,18.6104,18.8827,18.6104,18.8827,2313.224480970375,0
MCI,D,20220203,000000,18.8827,18.8827,18.6104,18.7919,899.9544766441887,0
MCI,D,20220204,000000,19.0643,19.1551,18.4288,18.6104,1688.6538711083738,0
MCI,D,20220207,000000,18.8827,18.8827,18.6104,18.8827,1425.3868944646024,0
MCI,D,20220208,000000,18.8827,18.8827,18.2473,18.4288,1457.3314230113363,0
MCI,D,20220209,000000,18.4288,18.7011,18.4288,18.7011,1730.512218859266,0
MCI,D,20220210,000000,18.5196,18.6104,17.7933,18.1565,5378.797685989686,0
MCI,D,20220211,000000,18.1565,18.6104,18.1565,18.6104,3516.10121107497,0
MCI,D,20220214,000000,18.4288,18.5196,18.0657,18.5196,3491.867430798138,0
MCI,D,20220215,000000,18.2473,18.7011,18.2473,18.7011,5650.8769463704875,0
MCI,D,20220216,000000,18.7919,18.7919,18.2473,18.338,1454.02681660995,0
MCI,D,20220217,000000,18.7011,18.7011,17.7933,17.8842,11186.092668692456,0
MCI,D,20220218,000000,17.6571,18.338,17.6571,18.1111,1642.3893814889664,0
MCI,D,20220221,000000,18.0203,18.0203,17.2487,17.2487,16008.614943782122,0
MCI,D,20220222,000000,16.6585,18.4288,16.3408,18.2473,14212.010596895132,0
MCI,D,20220223,000000,18.338,18.6104,17.521,18.2473,3831.1403546737924,0
MCI,D,20220224,000000,17.2487,17.7025,15.8869,17.2487,32527.240808844857,0
MCI,D,20220225,000000,16.8856,18.0657,16.3408,17.8842,12398.883218001209,0
MCI,D,20220228,000000,17.2487,18.0203,17.2487,17.4756,4338.948205020147,0
MCI,D,20220301,000000,17.8387,17.8387,17.0671,17.0671,3484.156682528236,0
MCI,D,20220302,000000,16.7948,17.7025,16.7493,17.7025,3393.830774223679,0
MCI,D,20220303,000000,17.7025,17.7025,16.3408,17.3848,7436.465938586191,0
MCI,D,20220304,000000,17.1579,17.294,16.3408,16.4316,13107.170523364995,0
MCI,D,20220307,000000,16.3408,16.3408,15.2514,15.8869,43253.99318774463,0
MCI,D,20220308,000000,15.9777,15.9777,15.4784,15.5238,11889.973832187727,0
MCI,D,20220309,000000,16.0685,16.2954,16.0685,16.1593,21029.413602954966,0
MCI,D,20220310,000000,16.3408,16.3408,15.8869,16.1139,25526.982915241653,0
MCI,D,20220311,000000,16.1139,16.3408,16.1139,16.3408,9301.365484435164,0
MCI,D,20220314,000000,16.3408,16.3408,16.1593,16.25,14943.430147068622,0
MCI,D,20220315,000000,16.1593,16.2954,16.1593,16.2954,12710.617755198646,0
MCI,D,20220316,000000,16.2954,16.477,16.2954,16.4316,4070.1735510407316,0
MCI,D,20220317,000000,16.5224,16.8856,16.3408,16.4316,11604.676146201382,0
MCI,D,20220318,000000,16.4316,16.6131,16.25,16.5678,14803.53514274327,0
MCI,D,20220321,000000,16.5678,16.6131,16.3408,16.3862,8106.199502600471,0
MCI,D,20220322,000000,16.3408,17.1579,16.3408,17.0671,1044.255622838055,0
MCI,D,20220323,000000,17.0671,17.8842,16.9763,17.7025,7759.215830454915,0
MCI,D,20220324,000000,17.6118,18.0657,17.6118,17.8842,6506.770004329526,0
MCI,D,20220325,000000,17.7025,17.7479,17.3394,17.7479,589.3214749138813,0
MCI,D,20220328,000000,17.7025,17.9749,17.6118,17.9749,2863.99221453475,0
MCI,D,20220329,000000,18.1111,18.1565,17.6571,18.1111,10202.421496546482,0
MCI,D,20220330,000000,18.1111,18.1565,17.9749,18.1565,2434.3933823545376,0
MCI,D,20220331,000000,18.1565,18.1565,17.7479,17.8387,4363.181985296978,0
MCI,D,20220401,000000,17.8387,18.1111,17.6118,17.8842,2388.12889273513,0
MCI,D,20220404,000000,17.9749,17.9749,17.7933,17.8842,1637.983239620451,0
MCI,D,20220405,000000,17.7479,17.7479,17.6118,17.6571,864.7053416960688,0
MCI,D,20220406,000000,17.521,17.7933,17.3394,17.7933,2442.1041306244388,0
MCI,D,20220407,000000,17.7933,17.7933,17.4302,17.6118,638.890570934675,0
MCI,D,20220408,000000,17.7933,17.7933,17.3394,17.5664,5144.170631491263,0
MCI,D,20220411,000000,17.7933,17.7933,17.4302,17.6118,984.7727076131025,0
MCI,D,20220412,000000,17.3394,17.7025,17.3394,17.6118,3186.742106403474,0
MCI,D,20220413,000000,17.4302,17.7933,17.4302,17.7025,595.9306877166537,0
MCI,D,20220414,000000,17.9749,18.5196,17.6118,18.5196,12608.174956755673,0
MCI,D,20220419,000000,18.5196,18.7011,18.0657,18.1565,4551.544550175995,0
MCI,D,20220420,000000,18.4288,18.4288,17.9749,17.9749,3421.3691609018974,0
MCI,D,20220421,000000,17.9749,18.2473,17.6571,18.1111,3944.5985077880537,0
MCI,D,20220422,000000,17.7933,17.7933,17.294,17.294,6225.878460211695,0
MCI,D,20220425,000000,17.294,17.4302,16.7948,17.1125,3943.496972320925,0
MCI,D,20220426,000000,16.9309,17.9296,16.9309,17.9296,2141.38494809829,0
MCI,D,20220427,000000,17.6118,17.6118,16.9763,17.0671,1363.7009083053924,0
MCI,D,20220428,000000,16.9763,17.3848,16.8856,17.294,3853.1710640163674,0
MCI,D,20220429,000000,16.9309,17.2487,16.8856,17.2487,1457.3314230113363,0
MCI,D,20220502,000000,17.2487,17.2487,16.7948,17.1125,942.91435986221,0
MCI,D,20220504,000000,16.9763,17.2033,16.9309,17.0217,4126.351859864298,0
MCI,D,20220505,000000,17.0671,17.2033,16.9309,16.9309,5366.68079585127,0
MCI,D,20220506,000000,16.7948,16.7948,16.3408,16.3408,3448.907547580116,0
MCI,D,20220509,000000,16.3408,16.3408,15.7962,16.2047,8055.528871112549,0
MCI,D,20220510,000000,15.8416,16.1593,15.7962,16.1593,2804.5092993097974,0
MCI,D,20220511,000000,15.9777,16.7493,15.9777,16.5678,4004.0814230130063,0
MCI,D,20220512,000000,15.8869,16.1593,15.7962,15.7962,18200.670523368335,0
MCI,D,20220513,000000,15.7962,16.1139,15.7962,15.9323,3777.1651167844834,0
MCI,D,20220516,000000,15.9323,16.0685,15.8869,16.0685,3963.3246107292425,0
MCI,D,20220517,000000,15.9323,16.2047,15.9323,15.9777,2124.8619160913586,0
MCI,D,20220518,000000,15.9777,16.2047,15.9777,15.9777,840.4715614192363,0
MCI,D,20220519,000000,15.9323,15.9323,15.5238,15.7962,2188.7509731848263,0
MCI,D,20220520,000000,15.5238,15.9323,15.3422,15.433,9966.69290658093,0
MCI,D,20220523,000000,15.1607,15.3422,14.9791,14.9791,13705.304282015908,0
MCI,D,20220524,000000,14.9337,15.206,14.8883,15.0699,16568.19496108353,0
MCI,D,20220525,000000,15.206,15.3422,14.9791,15.2514,1180.8460207620199,0
MCI,D,20220526,000000,15.3422,15.3422,15.1607,15.3422,255.55622837386997,0
MCI,D,20220527,000000,15.3422,15.433,15.3422,15.433,786.4963235299275,0
MCI,D,20220530,000000,15.2514,15.5238,15.2514,15.5238,3890.6232698987446,0
MCI,D,20220531,000000,15.5238,15.7962,15.3876,15.7054,1738.2229671291675,0
MCI,D,20220601,000000,15.7508,15.7508,15.433,15.7054,11807.35867215307,0
MCI,D,20220602,000000,15.4784,15.7508,15.4784,15.7508,10655.1525735364,0
MCI,D,20220603,000000,15.7508,15.7508,15.4784,15.7054,10286.138192048269,0
MCI,D,20220606,000000,15.7508,15.7508,15.7054,15.7054,920.883650519635,0
MCI,D,20220607,000000,15.7508,15.7508,15.7054,15.7508,445.02032872001496,0
MCI,D,20220608,000000,15.7508,15.7508,15.4784,15.7054,4526.2092344320345,0
MCI,D,20220609,000000,15.7054,15.7054,15.4784,15.7054,751.2471885818074,0
MCI,D,20220610,000000,15.4784,15.6599,15.433,15.6599,9716.644355542703,0
MCI,D,20220613,000000,15.433,15.433,14.9791,15.433,2562.1714965414726,0
MCI,D,20220614,000000,15.0245,15.433,15.0245,15.0699,572.7984429069501,0
MCI,D,20220615,000000,15.0699,15.0699,14.8883,14.8883,1195.1659818346939,0
MCI,D,20220617,000000,15.3876,15.3876,14.3436,14.9337,3487.4612889296222,0
MCI,D,20220620,000000,14.9337,15.1153,14.2982,14.4798,463.74643166120376,0
MCI,D,20220621,000000,14.9791,14.9791,14.5251,14.8883,324.95296280298123,0
MCI,D,20220622,000000,14.8883,14.9337,14.5251,14.9337,4672.713451560157,0
MCI,D,20220623,000000,14.9337,14.9337,14.9337,14.9337,110.153546712875,0
MCI,D,20220624,000000,14.5705,14.9337,14.5251,14.9337,263.2669766437712,0
MCI,D,20220627,000000,14.9337,14.9337,14.4798,14.8429,258.86083477525625,0
MCI,D,20220628,000000,14.8429,14.9791,14.8429,14.8883,8720.856293258314,0
MCI,D,20220629,000000,14.8883,15.7962,14.8883,14.9337,7382.490700696882,0
MCI,D,20220630,000000,15.1607,15.1607,14.8429,15.0699,4138.468750002714,0
MCI,D,20220701,000000,14.8883,15.4784,14.8883,15.3876,2265.858455883839,0
MCI,D,20220704,000000,15.2968,15.3422,14.8883,15.2968,1129.0738538069688,0
MCI,D,20220705,000000,15.4784,15.4784,14.9337,15.1607,4289.379108999352,0
MCI,D,20220706,000000,15.1607,15.2968,15.1607,15.2514,361.30363321822995,0
MCI,D,20220707,000000,15.433,15.433,14.7976,14.8883,3823.4296064038913,0
MCI,D,20220708,000000,15.433,15.433,14.7976,15.2968,3137.17301038268,0
MCI,D,20220711,000000,15.2514,15.7054,14.8883,15.3876,914.2744377168625,0
MCI,D,20220712,000000,14.8883,15.3422,14.8883,15.2514,30.842993079604998,0
MCI,D,20220713,000000,15.7054,15.7054,15.2514,15.2514,5032.915549311259,0
MCI,D,20220714,000000,14.8883,15.2514,14.8429,15.2514,2510.399329586421,0
MCI,D,20220715,000000,15.3422,15.3422,14.8429,15.0699,3422.470696369026,0
MCI,D,20220718,000000,15.3422,15.3422,14.8429,15.1153,3118.446907441491,0
MCI,D,20220719,000000,15.206,15.206,14.8883,14.8883,1636.8817041533225,0
MCI,D,20220720,000000,14.9337,15.0245,14.9337,15.0245,284.1961505192175,0
MCI,D,20220721,000000,14.9337,15.3422,14.8429,15.3422,6369.078070938433,0
MCI,D,20220722,000000,14.8883,15.2968,14.8429,15.1607,8859.649762116536,0
MCI,D,20220725,000000,15.1607,15.2968,14.8429,15.0699,2338.5597967143362,0
MCI,D,20220726,000000,14.9337,15.0699,14.8429,15.0699,1241.430471454101,0
MCI,D,20220727,000000,15.0699,15.0699,14.6614,15.0699,4011.792171282907,0
MCI,D,20220728,000000,14.8883,15.0699,14.7068,15.0699,8869.563581320695,0
MCI,D,20220729,000000,15.1153,15.206,14.7068,15.0699,8859.649762116536,0
MCI,D,20220801,000000,15.0699,15.2968,14.7522,15.1607,7472.816609001439,0
MCI,D,20220802,000000,15.1607,15.1607,15.0699,15.1607,89.22437283742876,0
MCI,D,20220803,000000,15.1607,15.206,14.9791,14.9791,265.47004757802875,0
MCI,D,20220804,000000,15.206,15.3422,14.8429,15.1607,659.8197448101213,0
MCI,D,20220805,000000,15.0699,15.0699,15.0245,15.0699,1354.8886245683625,0
MCI,D,20220808,000000,15.0699,15.0699,14.9791,15.0699,2146.892625433934,0
MCI,D,20220809,000000,15.0699,15.0699,14.8883,14.8883,714.8965181665587,0
MCI,D,20220810,000000,14.8883,14.8883,14.7522,14.7522,3865.2879541547836,0
MCI,D,20220811,000000,14.7522,14.8429,14.6159,14.7068,16573.70263841917,0
MCI,D,20220812,000000,14.7068,14.9791,14.6614,14.9791,1592.8202854681726,0
MCI,D,20220816,000000,14.9791,14.9791,14.7976,14.8429,740.23183391052,0
MCI,D,20220817,000000,14.9791,14.9791,14.7522,14.7522,2188.7509731848263,0
MCI,D,20220818,000000,14.9337,14.9337,14.7068,14.7068,552.9708044986324,0
MCI,D,20220819,000000,14.8429,14.9337,14.6614,14.7976,6005.5713667859445,0
MCI,D,20220822,000000,14.7976,14.7976,14.6159,14.7976,4093.305795850435,0
MCI,D,20220823,000000,14.5705,14.8883,14.5705,14.8883,168.53492647069874,0
MCI,D,20220824,000000,14.7068,14.7068,14.7068,14.7068,110.153546712875,0
MCI,D,20220825,000000,14.9337,14.9337,14.6614,14.9337,565.0876946370488,0
MCI,D,20220826,000000,14.6159,14.8883,14.5251,14.8429,1721.6999351222362,0
MCI,D,20220829,000000,14.7976,14.7976,14.4798,14.4798,937.4066825265662,0
MCI,D,20220830,000000,14.7068,14.7976,14.4798,14.7976,462.644896194075,0
MCI,D,20220831,000000,14.5251,14.8883,14.4344,14.8883,2671.2235077872188,0
MCI,D,20220901,000000,14.8429,14.8429,14.6614,14.6614,27.53838667821875,0
MCI,D,20220902,000000,14.6614,14.7522,14.4798,14.5251,1978.357698963235,0
MCI,D,20220905,000000,14.7522,14.7522,14.4344,14.4344,2552.257677337314,0
MCI,D,20220906,000000,14.7522,14.7976,14.4344,14.5251,963.8435337376562,0
MCI,D,20220907,000000,14.4344,14.7976,14.4344,14.5251,125.5750432526775,0
MCI,D,20220908,000000,14.7522,14.7976,14.7522,14.7976,122.27043685129124,0
MCI,D,20220909,000000,14.5251,14.7976,14.5251,14.6159,687.35813148834,0
MCI,D,20220912,000000,14.7976,14.8883,14.5251,14.8883,2069.7851427349215,0
MCI,D,20220913,000000,14.8429,14.8883,14.4344,14.8883,1324.0456314887574,0
MCI,D,20220914,000000,14.8883,15.206,14.7976,15.206,3850.96799308211,0
MCI,D,20220915,000000,15.0699,15.4784,14.9791,15.433,1544.3527249145075,0
MCI,D,20220916,000000,15.3422,15.7054,15.1153,15.1607,896.6498702428025,0
MCI,D,20220919,000000,15.1153,15.433,15.1153,15.433,1152.2060986166725,0
MCI,D,20220920,000000,15.206,15.433,15.0245,15.433,1860.4934039804587,0
MCI,D,20220921,000000,15.2968,15.3422,15.0245,15.0245,524.330882353285,0
MCI,D,20220922,000000,15.0245,15.3422,14.6159,15.1607,2869.4998918703936,0
MCI,D,20220923,000000,15.6344,15.6344,15.1607,15.3028,757.7508650524001,0
MCI,D,20220926,000000,15.1607,15.208,14.2605,15.1607,2469.550173012,0
MCI,D,20220927,000000,15.4923,15.4923,14.5448,14.6869,4618.2698961968,0
MCI,D,20220928,000000,14.4974,14.8764,14.2131,14.829,5676.7993079622,0
MCI,D,20220929,000000,14.3552,14.829,13.7867,14.829,15006.211072674201,0
MCI,D,20220930,000000,15.1607,15.1607,14.2131,15.0185,366.2110726646,0
MCI,D,20221003,000000,14.3079,15.0659,14.2131,15.0659,1479.6193771636001,0
MCI,D,20221004,000000,14.3552,15.3028,14.3552,15.0659,306.055363322,0
MCI,D,20221005,000000,14.9711,15.208,14.5448,15.208,1204.1695501738,0
MCI,D,20221006,000000,14.45,15.208,14.3552,15.208,199.46366782020002,0
MCI,D,20221007,000000,15.208,15.208,14.4974,15.1607,211.07266436,0
MCI,D,20221010,000000,14.9711,15.1607,14.8764,15.1133,2407.2837370258003,0
MCI,D,20221011,000000,15.208,15.208,14.6869,15.1607,2997.231833912,0
MCI,D,20221012,000000,15.1607,15.1607,14.6395,15.1133,465.4152249138,0
MCI,D,20221013,000000,14.9711,15.1607,14.7343,15.1607,574.1176470592001,0
MCI,D,20221014,000000,15.3028,15.6344,15.2554,15.587,4674.2041522522,0
MCI,D,20221017,000000,15.587,15.587,14.9711,14.9711,733.477508651,0
MCI,D,20221018,000000,14.9711,15.1607,14.9711,15.1133,1850.0519031154001,0
MCI,D,20221019,000000,15.1607,15.5397,14.829,15.2554,129.8096885814,0
MCI,D,20221020,000000,14.829,15.1607,14.829,15.0659,370.4325259518,0
MCI,D,20221021,000000,15.0659,15.0659,14.8764,15.0659,1934.4809688594,0
MCI,D,20221024,000000,15.0659,15.3502,14.9238,15.1607,3139.705882355,0
MCI,D,20221025,000000,14.9238,15.1607,14.829,15.1607,1533.4429065754,0
MCI,D,20221026,000000,15.0659,15.1133,14.7816,14.9711,12133.5121107346,0
MCI,D,20221027,000000,15.1133,15.1133,14.7816,14.8764,27749.7231834092,0
MCI,D,20221028,000000,14.8764,15.0659,14.6869,15.0659,36888.1141868754,0
MCI,D,20221031,000000,15.0185,15.0185,14.7343,14.8764,13428.442906583201,0
MCI,D,20221102,000000,14.7343,15.0659,14.7343,14.9711,4581.3321799338,0
MCI,D,20221103,000000,14.9711,14.9711,14.7816,14.9711,726.0899653984001,0
MCI,D,20221104,000000,14.8764,15.0659,14.8764,15.0659,4656.2629757816,0
MCI,D,20221107,000000,15.0659,15.0659,14.829,14.829,5658.8581314916,0
MCI,D,20221108,000000,14.829,15.0185,14.829,15.0185,3868.9619377188,0
MCI,D,20221109,000000,14.829,15.0659,14.7816,15.0659,401.03806228400003,0
MCI,D,20221110,000000,14.7816,14.9711,14.7816,14.9711,42.214532872,0
MCI,D,20221114,000000,15.0659,15.1133,14.829,15.1133,3809.861591698,0
MCI,D,20221115,000000,15.1133,15.8239,15.1133,15.5397,22218.5640138554,0
MCI,D,20221116,000000,15.2554,15.2554,14.9238,15.1133,5875.2076124606,0
MCI,D,20221117,000000,14.9711,15.1607,14.9238,15.1607,5401.3494809724,0
MCI,D,20221118,000000,14.9238,15.0659,14.8764,15.0659,1741.34948097,0
MCI,D,20221121,000000,15.1133,15.1133,15.0659,15.0659,488.6332179934,0
MCI,D,20221122,000000,15.0659,15.4449,15.0659,15.3975,7328.4429065792,0
MCI,D,20221123,000000,15.4449,15.4449,15.0659,15.3975,1282.266435987,0
MCI,D,20221124,000000,15.4449,15.587,15.3502,15.587,1312.8719723192,0
MCI,D,20221125,000000,15.3502,15.7292,15.3502,15.7292,695.4844290662,0
MCI,D,20221128,000000,15.3028,15.7292,15.3028,15.7292,683.8754325264,0
MCI,D,20221129,000000,15.5397,15.7292,15.5397,15.7292,34.8269896194,0
MCI,D,20221130,000000,15.6344,15.7292,15.2554,15.7292,616.3321799312,0
MCI,D,20221201,000000,15.7292,15.7292,15.7292,15.7292,806.2975778552001,0
MCI,D,20221202,000000,15.4449,15.4449,15.2554,15.4449,5278.927335643601,0
MCI,D,20221205,000000,15.3502,15.3502,15.0185,15.3502,7652.4394463718,0
MCI,D,20221206,000000,15.1607,15.3502,15.1607,15.1607,177.3010380624,0
MCI,D,20221207,000000,15.208,15.208,15.0185,15.0659,2505.4325259532,0
MCI,D,20221208,000000,15.0185,15.1607,15.0185,15.0659,6933.737024226,0
MCI,D,20221209,000000,15.1133,15.3502,15.0659,15.3502,2350.2941176486,0
MCI,D,20221212,000000,15.0659,15.2554,15.0659,15.2554,11052.8200692114,0
MCI,D,20221213,000000,15.2554,15.2554,15.1607,15.2554,1295.9861591704,0
MCI,D,20221214,000000,15.2554,15.2554,14.9711,15.0659,11397.923875440001,0
MCI,D,20221215,000000,14.9711,15.0659,14.9711,14.9711,2229.9826989634003,0
MCI,D,20221216,000000,14.8764,14.9711,14.829,14.9711,2099.1176470602,0
MCI,D,20221219,000000,14.829,14.829,14.7343,14.7343,7028.719723188,0
MCI,D,20221220,000000,14.9711,14.9711,14.6395,14.6869,3624.1176470612,0
MCI,D,20221221,000000,14.6869,14.8764,14.6869,14.7343,3059.4982698982003,0
MCI,D,20221222,000000,14.8764,14.8764,14.6395,14.6395,9075.0692041582,0
MCI,D,20221223,000000,14.6395,14.9238,14.6395,14.9238,11872.837370250001,0
MCI,D,20221227,000000,14.6869,14.9711,14.6869,14.9238,12136.6782007,0
MCI,D,20221228,000000,14.7343,14.829,14.7343,14.7343,7678.8235294168,0
MCI,D,20221229,000000,14.7816,14.9711,14.7343,14.829,2032.6297577868002,0
MCI,D,20221230,000000,14.7816,15.1607,14.7816,15.1607,2171.9377162644,0
MCI,D,20230102,000000,15.1607,15.1607,15.0659,15.1607,2126.557093427,0
MCI,D,20230103,000000,15.1607,15.5397,15.1607,15.3502,5112.1799307992005,0
MCI,D,20230104,000000,15.3502,15.587,15.3502,15.587,4071.5916955044,0
MCI,D,20230105,000000,15.587,15.7292,15.4449,15.5397,4961.2629757818,0
MCI,D,20230109,000000,15.6344,15.6344,15.3502,15.3502,1813.1141868524,0
MCI,D,20230110,000000,15.3028,15.6344,15.3028,15.4923,531.9031141872,0
MCI,D,20230111,000000,15.587,15.6818,15.3502,15.3502,4101.1418685148,0
MCI,D,20230112,000000,15.7292,16.2977,15.5397,16.2977,8086.193771631601,0
MCI,D,20230113,000000,16.3451,16.582,16.3451,16.582,4741.7474048474005,0
MCI,D,20230116,000000,16.9136,17.4821,16.5346,17.1979,7703.0968858182005,0
MCI,D,20230117,000000,17.1979,17.34,16.8189,17.0557,3532.3010380646,0
MCI,D,20230118,000000,17.2926,17.6243,17.1505,17.6243,3864.7404844316,0
MCI,D,20230119,000000,17.5295,17.5295,16.9136,17.0084,6429.2733564056,0
MCI,D,20230120,000000,17.0557,17.1505,16.8662,17.1031,1687.5259515582,0
MCI,D,20230123,000000,16.961,17.2452,16.961,17.1979,3243.1314878914,0
MCI,D,20230124,000000,17.1979,18.1928,16.4872,17.0557,19837.6643598746,0
MCI,D,20230125,000000,16.8662,17.1979,16.8662,17.0084,3644.1695501754,0
MCI,D,20230126,000000,17.0084,17.0084,16.2977,16.2977,4429.3598615946,0
MCI,D,20230127,000000,16.961,17.5295,16.7715,17.5295,5536.4359861628,0
MCI,D,20230130,000000,17.5295,17.719,17.1505,17.719,1404.6885813158,0
MCI,D,20230131,000000,17.6243,17.719,17.34,17.6716,1732.9065743956,0
MCI,D,20230201,000000,17.34,17.6243,17.1505,17.1505,1766.6782006932,0
MCI,D,20230202,000000,17.5295,17.719,17.0557,17.6243,15382.9757785568,0
MCI,D,20230203,000000,17.7664,17.8138,17.2452,17.719,1825.778546714,0
MCI,D,20230206,000000,17.2452,17.5295,16.961,17.0557,8071.4186851264,0
MCI,D,20230207,000000,17.0557,17.0557,16.582,17.0084,6198.1487889314,0
MCI,D,20230208,000000,16.7715,17.2452,16.582,17.0084,5454.1176470624005,0
MCI,D,20230209,000000,17.0557,17.0557,16.8189,17.0084,732.4221453292,0
MCI,D,20230210,000000,17.0557,17.34,16.582,17.0557,2017.8546712816,0
MCI,D,20230213,000000,16.7715,16.7715,16.4872,16.4872,1869.0484429078,0
MCI,D,20230214,000000,16.4872,17.34,16.4872,17.0084,2294.3598615932,0
MCI,D,20230215,000000,16.961,16.961,16.9136,16.9136,2.1107266436,0
MCI,D,20230216,000000,16.961,16.961,16.9136,16.9136,64.3771626298,0
MCI,D,20230217,000000,16.9136,16.961,16.582,16.9136,8641.3148788984,0
MCI,D,20230220,000000,16.582,16.9136,16.5346,16.9136,713.4256055368,0
MCI,D,20230221,000000,16.5346,16.6767,16.2977,16.582,1344.5328719732001,0
MCI,D,20230222,000000,16.4872,16.9136,16.2977,16.9136,439.03114186880003,0
MCI,D,20230223,000000,16.8189,16.8189,16.7715,16.7715,70.7093425606,0
MCI,D,20230224,000000,16.3451,16.6767,16.2977,16.6767,1425.7958477518,0
MCI,D,20230227,000000,16.6767,16.6767,16.3925,16.582,2011.5224913508,0
MCI,D,20230228,000000,16.3925,16.3925,15.9187,15.9187,30256.2110726842,0
MCI,D,20230301,000000,16.1082,16.203,16.0134,16.0134,764.0830449832,0
MCI,D,20230302,000000,16.0134,16.203,15.9187,16.203,1882.7681660912,0
MCI,D,20230303,000000,16.203,16.4872,16.0608,16.1556,1790.9515570946,0
MCI,D,20230306,000000,16.1082,16.2977,16.1082,16.2977,18511.072664372,0
MCI,D,20230307,000000,16.1082,16.4872,16.0608,16.3925,40159.740484455404,0
MCI,D,20230308,000000,16.4872,16.7715,16.3925,16.7715,5940.6401384122,0
MCI,D,20230309,000000,16.8189,16.8662,16.4398,16.582,1912.3183391016,0
MCI,D,20230310,000000,16.7715,16.7715,16.5346,16.7241,1122.9065743952,0
MCI,D,20230313,000000,16.4398,16.4872,16.1082,16.1082,3430.9861591718,0
MCI,D,20230314,000000,16.1082,16.4872,16.1082,16.4398,756.6955017306,0
MCI,D,20230315,000000,16.2977,16.2977,15.9187,15.9187,3118.598615919,0
MCI,D,20230316,000000,15.9187,16.1082,15.9187,15.9661,3105.9342560574,0
MCI,D,20230317,000000,16.1082,16.1082,15.9661,15.9661,2305.968858133,0
MCI,D,20230320,000000,15.9187,16.0608,15.7292,16.0608,2565.5882352958,0
MCI,D,20230321,000000,16.1556,16.2503,15.9187,16.203,2461.1072664376,0
MCI,D,20230322,000000,15.9661,16.203,15.7292,16.1556,2614.1349480986,0
MCI,D,20230323,000000,16.203,16.4872,15.9187,16.4872,1232.6643598624,0
MCI,D,20230324,000000,16.4398,16.4398,16.4398,16.4398,8.4429065744,0
MCI,D,20230327,000000,16.4398,16.4398,16.1082,16.3925,16182.941176481201,0
MCI,D,20230328,000000,16.4398,16.4398,16.0608,16.3451,515.0173010384,0
MCI,D,20230329,000000,16.3925,16.7715,16.1082,16.7715,13066.4532872058,0
MCI,D,20230330,000000,16.8189,17.0557,16.582,16.7715,6088.3910034642,0
MCI,D,20230331,000000,16.7715,17.9085,16.7715,17.6716,35207.9757785698,0
MCI,D,20230403,000000,17.0557,17.34,16.582,17.0084,10845.9688581386,0
MCI,D,20230404,000000,16.8662,17.1979,16.6293,17.0557,9865.5363321864,0
MCI,D,20230405,000000,17.0557,17.4348,16.6767,17.4348,5679.9653979276,0
MCI,D,20230406,000000,17.3874,17.4348,17.1031,17.34,8486.1764705938,0
MCI,D,20230411,000000,17.2926,17.2926,17.0557,17.2926,3046.8339100366,0
MCI,D,20230412,000000,17.2452,17.4348,17.0557,17.2452,6892.5778546758,0
MCI,D,20230413,000000,17.2452,18.9508,17.1505,18.7139,24572.0242214694,0
MCI,D,20230414,000000,18.7139,18.8561,18.2402,18.2402,6320.5709342602,0
MCI,D,20230417,000000,18.2402,18.6666,18.0507,18.2875,4607.7162629788,0
MCI,D,20230418,000000,18.477,18.5718,18.1928,18.4297,7126.8685121154,0
MCI,D,20230419,000000,18.477,18.5244,18.1928,18.477,1471.1764705892,0
MCI,D,20230420,000000,19.0456,20.3721,18.8561,19.7089,30155.9515571132,0
MCI,D,20230421,000000,19.9931,19.9931,19.2351,19.7089,3758.1487889298,0
MCI,D,20230424,000000,19.8036,19.8036,19.2351,19.4246,5891.0380622876,0
MCI,D,20230425,000000,19.6141,20.0879,19.4246,19.8984,16860.4844290768,0
MCI,D,20230426,000000,19.4246,19.8036,19.1403,19.6141,8729.9653979296,0
MCI,D,20230427,000000,19.6141,19.8036,19.1403,19.8036,7081.487889278,0
MCI,D,20230428,000000,19.8984,20.1826,19.5193,19.8984,14230.5190311512,0
MCI,D,20230502,000000,20.8459,20.8459,19.9931,20.1826,5117.4567474082005,0
MCI,D,20230504,000000,20.1826,20.5616,19.1403,19.7089,5719.0138408342,0
MCI,D,20230505,000000,20.2774,20.3721,19.3298,19.6141,4057.871972321,0
MCI,D,20230508,000000,19.8984,20.3721,19.7089,19.8036,13488.598615925801,0
MCI,D,20230509,000000,19.8036,20.0879,19.1403,19.7089,3991.3840830476,0
MCI,D,20230510,000000,19.7089,19.8984,19.1403,19.4246,4662.5951557124,0
MCI,D,20230511,000000,19.5193,19.8036,19.5193,19.6141,3000.3979238774,0
MCI,D,20230512,000000,19.4246,19.8036,19.4246,19.7089,2960.294117649,0
MCI,D,20230515,000000,19.7089,19.7089,19.1403,19.5193,4538.062283740001,0
MCI,D,20230516,000000,20.0879,20.3721,19.7089,20.0879,11949.8788927414,0
MCI,D,20230517,000000,20.0879,20.0879,19.6141,19.8984,3322.2837370264,0
MCI,D,20230518,000000,19.8984,19.8984,19.6141,19.8984,3191.4186851232002,0
MCI,D,20230519,000000,19.7089,19.8984,19.5193,19.8984,5011.9204152282,0
MCI,D,20230522,000000,19.6141,19.8984,19.6141,19.8984,3448.9273356424,0
MCI,D,20230523,000000,19.8984,19.9931,19.6141,19.8036,6250.9169550214,0
MCI,D,20230524,000000,19.8036,20.0879,19.6141,20.0879,2218.3737024236,0
MCI,D,20230525,000000,19.7089,19.8984,19.6141,19.8984,2866.3667820088,0
MCI,D,20230526,000000,19.7089,20.0879,19.6141,20.0879,2918.079584777,0
MCI,D,20230529,000000,20.1826,20.7511,19.8984,20.6564,11146.7474048516,0
MCI,D,20230530,000000,20.3721,20.6564,20.1826,20.4669,1189.3944636686,0
MCI,D,20230531,000000,19.9931,20.3721,19.8984,20.3721,5733.7889273394,0
MCI,D,20230601,000000,20.5616,20.5616,19.9931,20.3721,1152.4567474056,0
MCI,D,20230602,000000,20.4669,20.4669,19.7089,19.8984,17065.224913506,0
MCI,D,20230605,000000,19.9931,20.4669,19.6141,20.4669,4268.944636681,0
MCI,D,20230606,000000,20.4669,21.6039,20.4669,21.4144,16395.069204163,0
MCI,D,20230607,000000,21.6039,21.8882,20.6564,21.6039,21134.7058823668,0
MCI,D,20230609,000000,21.2249,22.362,21.2249,22.2672,10925.1211072736,0
MCI,D,20230612,000000,21.7934,22.2672,21.7934,21.8882,1158.7889273364,0
MCI,D,20230613,000000,21.8882,22.2672,21.3197,21.983,8915.7093425664,0
MCI,D,20230614,000000,22.1725,22.2672,21.6987,21.8882,2101.2283737038,0
MCI,D,20230615,000000,22.0777,22.1725,21.7934,21.983,2851.5916955036,0
MCI,D,20230616,000000,21.5092,21.983,21.4144,21.4144,5118.51211073,0
MCI,D,20230619,000000,21.8882,21.8882,21.2249,21.2249,4097.9757785494,0
MCI,D,20230620,000000,21.2249,21.5092,20.9407,21.4144,17276.297577866,0
MCI,D,20230621,000000,21.6987,21.6987,20.9407,21.2249,6726.885813153201,0
MCI,D,20230622,000000,21.2249,21.5092,21.0354,21.5092,1752.9584775098,0
MCI,D,20230623,000000,21.1302,21.4144,21.1302,21.4144,279.671280277,0
MCI,D,20230626,000000,21.3197,21.3197,21.1302,21.3197,820.0173010386001,0
MCI,D,20230627,000000,21.3197,21.6987,21.1302,21.2249,1472.231833911,0
MCI,D,20230628,000000,21.6039,21.6039,21.2249,21.6039,3663.1660899678,0
MCI,D,20230629,000000,21.6987,21.6987,21.1302,21.6039,404.2041522494,0
MCI,D,20230630,000000,21.2249,21.6987,21.2249,21.6987,1097.577854672,0
MCI,D,20230703,000000,21.6987,21.6987,21.2249,21.6987,309.2214532874,0
MCI,D,20230704,000000,21.6987,21.6987,21.6987,21.6987,1.0553633218,0
MCI,D,20230705,000000,21.6987,21.6987,21.1302,21.3197,8312.0415224968,0
MCI,D,20230706,000000,21.1302,21.3197,21.1302,21.3197,3474.2560553656,0
MCI,D,20230707,000000,21.2249,21.3197,21.1302,21.3197,8348.9792387598,0
MCI,D,20230710,000000,21.1302,21.1302,21.1302,21.1302,653.2698961942,0
MCI,D,20230711,000000,21.2249,21.3197,21.1302,21.1302,131.920415225,0
MCI,D,20230712,000000,21.1302,21.2249,20.8459,21.2249,13647.9584775176,0
MCI,D,20230713,000000,21.2249,21.2249,20.4669,20.5616,4646.7647058854,0
MCI,D,20230714,000000,20.5616,21.2249,20.5616,20.9407,5778.114186855,0
MCI,D,20230717,000000,21.3197,21.3197,20.8459,21.2249,618.4429065748,0
MCI,D,20230718,000000,21.2249,21.3197,20.8459,21.3197,3929.1176470614,0
MCI,D,20230719,000000,21.2249,21.3197,20.8459,21.0354,2252.1453287212003,0
MCI,D,20230720,000000,21.2249,21.2249,21.0354,21.0354,300.778546713,0
MCI,D,20230721,000000,20.9407,21.3197,20.9407,21.3197,2205.709342562,0
MCI,D,20230724,000000,21.3197,21.3197,20.9407,20.9407,2473.7716262992,0
MCI,D,20230725,000000,21.0354,21.0354,20.9407,20.9407,235.3460207614,0
MCI,D,20230726,000000,21.1302,21.2249,21.0354,21.2249,612.110726644,0
MCI,D,20230727,000000,20.9407,21.0354,20.9407,21.0354,1827.8892733576001,0
MCI,D,20230728,000000,21.0354,21.2249,21.0354,21.0354,1941.868512112,0
MCI,D,20230731,000000,21.0354,21.3197,21.0354,21.3197,1684.3598615928001,0
MCI,D,20230801,000000,20.9407,21.3197,20.9407,21.3197,5093.1833910068,0
MCI,D,20230802,000000,21.3197,21.3197,21.0354,21.0354,1172.5086505198,0
MCI,D,20230803,000000,21.0354,21.3197,21.0354,21.1302,7960.6055363374,0
MCI,D,20230804,000000,21.3197,21.3197,21.0354,21.3197,607.8892733568,0
MCI,D,20230807,000000,21.3197,21.3197,21.0354,21.0354,568.8408304502,0
MCI,D,20230808,000000,21.2249,21.2249,20.8459,21.0354,4377.6470588264,0
MCI,D,20230809,000000,20.8459,21.0354,20.6564,20.9407,2184.602076126,0
MCI,D,20230810,000000,20.8459,20.8459,19.8984,20.3721,31687.283737045,0
MCI,D,20230811,000000,20.3721,20.3721,19.3298,19.8036,18000.2768166208,0
MCI,D,20230814,000000,19.8984,20.0879,19.8036,19.9931,3141.8166089986003,0
MCI,D,20230816,000000,19.9931,19.9931,19.2351,19.8036,5457.2837370278,0
MCI,D,20230817,000000,19.3298,19.5193,19.2351,19.5193,4373.4256055392,0
MCI,D,20230818,000000,19.1403,19.6141,19.1403,19.5193,2883.2525951576,0
MCI,D,20230821,000000,19.5193,19.8984,19.4246,19.8036,1356.141868513,0
MCI,D,20230822,000000,19.8036,19.8036,19.1403,19.5193,4295.328719726,0
MCI,D,20230823,000000,19.5193,19.5193,19.0456,19.4246,1562.9930795858002,0
MCI,D,20230824,000000,19.0456,19.2351,18.9508,18.9508,5630.363321803,0
MCI,D,20230825,000000,18.9034,19.5193,18.8561,19.4246,11073.9273356474,0
MCI,D,20230828,000000,19.4246,19.8036,19.2351,19.8036,8450.2941176526,0
MCI,D,20230829,000000,19.8036,19.8984,19.4246,19.8984,1311.8166089974,0
MCI,D,20230830,000000,19.6141,19.6141,19.5193,19.5193,759.861591696,0
MCI,D,20230831,000000,19.5193,19.8036,19.5193,19.8036,61.2110726644,0
MCI,D,20230901,000000,19.8036,20.1826,19.3298,20.1826,2838.927335642,0
MCI,D,20230904,000000,20.1826,20.1826,19.7089,19.7089,212.1280276818,0
MCI,D,20230905,000000,20.0879,20.0879,19.8036,19.9931,235.3460207614,0
MCI,D,20230906,000000,19.9931,19.9931,19.6141,19.8984,1030.0346020768,0
MCI,D,20230907,000000,19.8984,19.9931,19.5193,19.8984,5769.6712802806005,0
MCI,D,20230908,000000,19.5193,19.8984,19.5193,19.8984,5552.2664359898,0
MCI,D,20230911,000000,19.8984,19.8984,19.5193,19.8036,814.7404844296,0
MCI,D,20230912,000000,19.8036,19.8036,19.5193,19.6141,1838.4429065756,0
MCI,D,20230913,000000,19.4246,19.7089,19.3298,19.7089,559.342560554,0
MCI,D,20230914,000000,19.7089,19.7089,19.4246,19.7089,363.04498269920003,0
MCI,D,20230915,000000,19.7089,19.8036,19.4246,19.8036,3716.9896193796003,0
MCI,D,20230918,000000,19.4246,19.6141,19.3298,19.4246,504.4636678204,0
MCI,D,20230919,000000,19.4246,19.4246,18.098,19.4246,7211.2975778594,0
MCI,D,20230920,000000,19.0456,19.4246,19.0456,19.4246,22128.858131502402,0
MCI,D,20230921,000000,19.8036,20.3721,19.8036,20.0879,7467.750865056801,0
MCI,D,20230922,000000,19.8984,20.1826,19.8036,20.0879,901.2802768172,0
MCI,D,20230925,000000,19.8984,19.8984,19.6141,19.7089,1298.096885814,0
MCI,D,20230926,000000,19.6141,19.8984,19.1403,19.8984,3999.826989622,0
MCI,D,20230927,000000,17.9085,18.9508,17.3874,18.477,164841.4186852292,0
MCI,D,20230928,000000,18.1928,18.7139,18.0507,18.098,49415.2768166414,0
MCI,D,20231206,000000,20.1826,22.1725,20.1826,21.6987,24844.307958493802,0
MCI,D,20231207,000000,21.7934,22.6462,21.6987,22.4567,20945.7958477646,0
MCI,D,20231208,000000,22.6462,24.3518,22.4567,23.9728,39203.5813149046,0
MCI,D,20231211,000000,24.1623,24.9203,24.0675,24.5413,16337.024221464,0
MCI,D,20231212,000000,24.6361,24.6361,23.6885,24.1623,6469.377162634,0
MCI,D,20231213,000000,23.9728,24.5413,23.878,24.1623,5746.453287201,0
MCI,D,20231214,000000,24.1623,24.4466,24.0675,24.3518,4104.3079584802,0
MCI,D,20231215,000000,23.6885,24.3518,23.6885,24.1623,2766.1072664378003,0
MCI,D,20231218,000000,23.9728,24.3518,23.2148,23.7833,7348.4948096934,0
MCI,D,20231219,000000,23.7833,23.7833,22.741,23.4043,10108.2698962004,0
MCI,D,20231220,000000,23.3095,23.3095,22.362,22.6462,14818.356401393801,0
MCI,D,20231221,000000,22.2672,22.741,21.6039,22.741,32419.7058823742,0
MCI,D,20231222,000000,22.6462,22.741,22.0777,22.5515,6239.3079584816005,0
MCI,D,20231227,000000,22.5515,22.741,22.0777,22.362,8121.020761251,0
MCI,D,20231228,000000,22.4567,23.5938,22.362,23.4043,7246.124567478801,0
MCI,D,20231229,000000,23.0252,23.3095,22.8357,23.12,4810.3460207644,0
MCI,D,20240102,000000,23.12,23.9728,22.4567,22.4567,25039.5501730268,0
MCI,D,20240103,000000,22.8357,22.8357,21.983,22.4567,5831.9377162668,0
MCI,D,20240104,000000,22.362,22.5515,21.7934,22.362,11726.1418685198,0
MCI,D,20240105,000000,22.362,22.5515,22.0777,22.4567,4019.8788927362,0
MCI,D,20240108,000000,22.4567,22.741,22.2672,22.741,2148.7197231848,0
MCI,D,20240109,000000,22.6462,23.2148,22.5515,22.9305,7116.3148788974,0
MCI,D,20240110,000000,22.8357,23.2148,22.741,23.2148,3792.9757785492,0
MCI,D,20240111,000000,23.2148,23.7833,23.12,23.6885,4501.124567477,0
MCI,D,20240112,000000,23.3095,24.8256,23.3095,23.499,14596.7301038158,0
MCI,D,20240115,000000,23.5938,24.1623,23.499,23.6885,1848.9965397936,0
MCI,D,20240116,000000,23.6885,24.0675,23.6885,23.9728,1840.5536332192,0
MCI,D,20240117,000000,23.878,23.878,22.5515,23.0252,3616.7301038086002,0
MCI,D,20240118,000000,23.12,23.6885,22.741,23.499,3677.9411764730003,0
MCI,D,20240119,000000,23.3095,23.5938,23.3095,23.5938,921.3321799314,0
MCI,D,20240122,000000,23.5938,23.5938,23.0252,23.4043,3741.262975781,0
MCI,D,20240123,000000,23.0252,23.4043,22.741,23.3095,1898.5986159182,0
MCI,D,20240124,000000,22.741,23.12,22.741,23.12,2534.9826989636,0
MCI,D,20240125,000000,23.12,23.5938,23.0252,23.499,5960.6920415264,0
MCI,D,20240126,000000,23.499,23.6885,23.2148,23.6885,4694.2560553664,0
MCI,D,20240129,000000,23.7833,24.1623,23.6885,23.9728,7487.802768171,0
MCI,D,20240130,000000,23.5938,24.0675,23.499,24.0675,3594.5674740508002,0
MCI,D,20240131,000000,24.1623,24.257,23.7833,23.7833,4138.0795847778,0
MCI,D,20240201,000000,24.257,24.3518,23.7833,23.9728,10834.359861598801,0
MCI,D,20240202,000000,23.7833,24.1623,23.499,23.7833,4666.8166089996,0
MCI,D,20240205,000000,23.7833,24.0675,23.5938,23.9728,2122.3356401398,0
MCI,D,20240206,000000,23.9728,24.1623,23.9728,24.0675,2312.3010380638,0
MCI,D,20240207,000000,24.1623,24.1623,23.5938,24.0675,1831.0553633230002,0
MCI,D,20240208,000000,23.6885,24.0675,23.6885,24.0675,429.5328719726,0
MCI,D,20240209,000000,24.0675,24.0675,23.499,23.499,2852.6470588254,0
MCI,D,20240212,000000,23.9728,23.9728,23.499,23.6885,763.0276816614,0
MCI,D,20240213,000000,23.6885,23.6885,22.741,22.9305,3234.688581317,0
MCI,D,20240214,000000,23.12,23.5938,23.12,23.499,13911.7993079676,0
MCI,D,20240215,000000,23.6885,23.9728,23.499,23.6885,962.4913494816001,0
MCI,D,20240216,000000,23.2148,23.9728,23.2148,23.7833,4596.107266439,0
MCI,D,20240219,000000,23.7833,24.3518,23.7833,24.257,3935.4498269922,0
MCI,D,20240220,000000,24.257,25.4889,24.1623,25.2993,23838.5467128184,0
MCI,D,20240221,000000,25.4889,26.5311,25.4889,26.0574,15133.910034612001,0
MCI,D,20240222,000000,26.2469,26.4364,25.6784,26.0574,6158.044982703,0
MCI,D,20240223,000000,26.0574,26.0574,25.3941,25.9626,1626.3148788938001,0
MCI,D,20240226,000000,25.3941,25.8679,25.0151,25.4889,6311.072664364,0
MCI,D,20240227,000000,25.5836,25.7731,25.3941,25.5836,1333.9792387552,0
MCI,D,20240228,000000,25.6784,25.6784,24.8256,25.2993,3054.2214532892,0
MCI,D,20240229,000000,25.4889,25.4889,24.9203,25.3941,925.5536332186,0
MCI,D,20240301,000000,24.9203,25.4889,24.5413,24.8256,4149.6885813176,0
MCI,D,20240304,000000,24.6361,24.8256,24.5413,24.8256,2307.0242214548,0
MCI,D,20240305,000000,24.9203,25.0151,24.257,24.6361,11798.961937724,0
MCI,D,20240306,000000,24.6361,24.6361,24.3518,24.3518,1128.1833910042,0
MCI,D,20240307,000000,24.4466,24.5413,24.257,24.5413,2348.183391005,0
MCI,D,20240308,000000,24.5413,24.5413,23.878,23.878,1621.0380622848002,0
MCI,D,20240311,000000,23.878,24.0675,23.4043,23.7833,5097.404844294,0
MCI,D,20240312,000000,23.7833,23.7833,23.6885,23.7833,2680.622837372,0
MCI,D,20240313,000000,23.7833,23.7833,23.3095,23.6885,7608.1141868562,0
MCI,D,20240314,000000,23.6885,23.6885,22.8357,23.0252,8397.5259515626,0
MCI,D,20240315,000000,23.0252,23.4043,21.6039,22.2672,12348.8062283818,0
MCI,D,20240318,000000,22.4567,23.0252,21.8882,22.9305,7356.9377162678,0
MCI,D,20240319,000000,23.0252,23.0252,22.1725,22.2672,3683.2179930820002,0
MCI,D,20240320,000000,22.2672,23.0252,22.2672,22.9305,7704.15224914,0
MCI,D,20240321,000000,23.0252,23.0252,22.6462,22.741,9690.3460207676,0
MCI,D,20240322,000000,22.741,23.499,22.741,23.3095,18892.0588235418,0
MCI,D,20240325,000000,23.2148,23.2148,22.6462,23.0252,2326.0207612472,0
MCI,D,20240326,000000,22.5515,23.0252,22.5515,22.9305,1591.4878892744,0
MCI,D,20240327,000000,23.0252,23.6885,22.8357,23.4043,9642.854671286601,0
MCI,D,20240328,000000,23.4043,23.499,23.2148,23.499,3075.3287197252002,0
MCI,D,20240402,000000,23.878,24.0675,23.5938,23.6885,19227.6643598742,0
MCI,D,20240403,000000,23.7833,23.9728,23.4043,23.7833,6691.003460212,0
MCI,D,20240404,000000,23.7833,23.7833,23.499,23.7833,4832.5086505222,0
MCI,D,20240405,000000,23.878,25.0151,23.878,24.9203,14879.5674740582,0
MCI,D,20240408,000000,25.2046,25.4889,24.9203,25.3941,20069.8442906706,0
MCI,D,20240409,000000,25.3941,26.0574,25.2046,25.6784,12221.107266444,0
MCI,D,20240410,000000,25.7731,26.3416,25.7731,26.3416,9398.010380629,0
MCI,D,20240411,000000,26.4364,26.9102,25.2046,25.5836,10710.8823529482,0
MCI,D,20240412,000000,25.1098,25.5836,25.1098,25.4889,6130.6055363362,0
MCI,D,20240415,000000,25.4889,25.8679,25.4889,25.7731,3931.228373705,0
MCI,D,20240416,000000,25.9626,25.9626,25.1098,25.1098,3019.3944636698,0
MCI,D,20240417,000000,25.1098,27.0997,25.1098,27.0049,39615.1730104066,0
MCI,D,20240418,000000,27.0049,27.1944,26.5311,27.0997,14057.439446376,0
MCI,D,20240419,000000,27.0997,27.1944,26.7207,27.1944,28392.4394463854,0
MCI,D,20240422,000000,27.1944,27.2892,26.5311,27.1944,20853.979238768,0
MCI,D,20240423,000000,26.9102,27.1944,26.8154,27.1944,17000.8477508762,0
MCI,D,20240424,000000,27.0997,27.0997,26.9102,27.0997,9134.169550179,0
MCI,D,20240425,000000,27.0997,27.4787,27.0997,27.2892,29991.314878912402,0
MCI,D,20240426,000000,27.2892,27.2892,26.6259,26.7207,21497.750865066002,0
MCI,D,20240429,000000,26.5311,26.5311,25.3941,25.9626,12463.840830458,0
MCI,D,20240430,000000,25.5836,25.9626,25.2993,25.8679,4644.6539792418,0
MCI,D,20240502,000000,25.8679,25.8679,25.4889,25.8679,1220.0000000008001,0
MCI,D,20240506,000000,25.4889,25.8679,24.9203,25.2993,7193.3564013888,0
MCI,D,20240507,000000,25.2993,25.5836,25.1098,25.4889,4510.6228373732,0
MCI,D,20240508,000000,25.4889,25.6784,25.2046,25.6784,1723.4083044994,0
MCI,D,20240509,000000,25.3941,25.8679,25.2046,25.7731,3975.5536332206,0
MCI,D,20240510,000000,25.9626,26.0574,25.4889,25.6784,2316.522491351,0
MCI,D,20240513,000000,25.6784,26.2469,25.6784,26.0574,3241.0207612478002,0
MCI,D,20240514,000000,26.0574,26.3416,25.7731,25.8679,2811.4878892752,0
MCI,D,20240515,000000,25.9626,26.3416,25.8679,25.9626,1781.4532871984,0
MCI,D,20240516,000000,25.8679,26.1521,25.7731,25.8679,2708.0622837388,0
MCI,D,20240517,000000,25.8679,25.8679,25.4889,25.4889,5439.3425605572,0
MCI,D,20240520,000000,25.4889,25.6784,25.2046,25.6784,1554.5501730114001,0
MCI,D,20240521,000000,25.5836,25.8679,25.5836,25.7731,3430.9861591718,0
MCI,D,20240522,000000,25.3941,25.5836,25.2046,25.3941,2866.3667820088,0
MCI,D,20240523,000000,25.2046,25.5836,25.0151,25.5836,1265.3806228382,0
MCI,D,20240524,000000,25.3941,25.5836,25.1098,25.5836,1581.9896193782001,0
MCI,D,20240527,000000,25.2046,25.5836,25.1098,25.2993,1323.4256055372,0
MCI,D,20240528,000000,25.1098,25.5836,25.1098,25.2993,3383.4948096908,0
MCI,D,20240529,000000,25.4889,25.7731,25.1098,25.5836,5608.2006920452,0
MCI,D,20240531,000000,25.5836,25.7731,24.6361,25.0151,3786.6435986184,0
MCI,D,20240603,000000,25.3941,25.3941,24.8256,25.0151,1089.1349480976,0
MCI,D,20240604,000000,24.9203,25.0151,24.8256,25.0151,3646.280276819,0
MCI,D,20240605,000000,24.6361,25.1098,24.6361,24.7308,1120.7958477516,0
MCI,D,20240606,000000,24.8256,24.8256,24.4466,24.7308,807.352941177,0
MCI,D,20240607,000000,24.5413,24.8256,24.1623,24.257,1482.7854671290002,0
MCI,D,20240610,000000,23.9728,24.257,23.3095,23.5938,6068.33910035,0
MCI,D,20240611,000000,23.499,23.499,22.9305,23.499,5338.0276816644,0
MCI,D,20240612,000000,23.5938,24.8256,23.4043,24.8256,8636.0380622894,0
MCI,D,20240613,000000,25.0151,25.0151,23.7833,24.257,2190.9342560568,0
MCI,D,20240614,000000,24.257,24.5413,24.1623,24.1623,1259.0484429074,0
MCI,D,20240617,000000,24.257,24.257,23.6885,23.6885,1654.8096885824,0
MCI,D,20240618,000000,23.6885,24.1623,23.6885,24.0675,1303.373702423,0
MCI,D,20240619,000000,24.257,24.7308,24.257,24.6361,1727.6297577866,0
MCI,D,20240620,000000,24.8256,25.1098,24.8256,25.0151,3398.269896196,0
MCI,D,20240621,000000,25.1098,25.2046,24.4466,24.4466,2359.7923875448,0
MCI,D,20240624,000000,24.5413,24.8256,23.6885,24.8256,2728.114186853,0
MCI,D,20240625,000000,24.7308,25.1098,24.257,25.1098,1805.7266435998001,0
MCI,D,20240626,000000,24.7308,24.8256,24.6361,24.8256,1101.7993079592,0
MCI,D,20240627,000000,24.8256,25.1098,24.8256,25.1098,2893.8062283756003,0
MCI,D,20240628,000000,25.2993,25.2993,24.7308,24.7308,43.2698961938,0
MCI,D,20240701,000000,25.1098,25.1098,24.0675,24.0675,1695.9688581326,0
MCI,D,20240702,000000,24.0675,24.7308,24.0675,24.6361,1112.3529411772001,0
MCI,D,20240703,000000,24.6361,24.6361,24.5413,24.5413,377.8200692044,0
MCI,D,20240704,000000,24.1623,24.6361,24.1623,24.257,311.332179931,0
MCI,D,20240705,000000,24.257,24.6361,24.257,24.6361,481.24567474080004,0
MCI,D,20240708,000000,24.3518,24.6361,24.257,24.4466,269.11764705900003,0
MCI,D,20240709,000000,24.257,24.3518,24.1623,24.1623,607.8892733568,0
MCI,D,20240710,000000,24.5413,24.5413,23.9728,23.9728,219.51557093440002,0
MCI,D,20240711,000000,23.9728,24.257,23.878,24.1623,1532.3875432536001,0
MCI,D,20240712,000000,24.4466,24.4466,24.257,24.257,403.14878892760004,0
MCI,D,20240715,000000,24.4466,24.4466,24.1623,24.1623,250.1211072666,0
MCI,D,20240716,000000,24.4466,24.4466,23.9728,23.9728,356.7128027684,0
MCI,D,20240717,000000,23.9728,23.9728,23.2148,23.2148,1798.3391003472,0
MCI,D,20240718,000000,23.6885,23.6885,22.8357,23.3095,4325.9342560582,0
MCI,D,20240719,000000,23.3095,23.7833,23.2148,23.499,624.7750865056,0
MCI,D,20240722,000000,23.7833,23.7833,23.0252,23.12,1127.1280276824,0
MCI,D,20240723,000000,23.12,23.12,22.741,22.8357,1281.2110726652,0
MCI,D,20240724,000000,22.741,23.0252,22.741,22.9305,825.2941176476,0
MCI,D,20240725,000000,22.741,22.741,21.5092,22.4567,12429.013840838601,0
MCI,D,20240726,000000,22.5515,23.3095,22.5515,23.0252,3057.3875432546,0
MCI,D,20240729,000000,22.8357,22.9305,22.8357,22.9305,837.9584775092001,0
MCI,D,20240730,000000,22.6462,22.6462,22.362,22.6462,1246.3840830458,0
MCI,D,20240731,000000,22.6462,22.9305,22.6462,22.9305,1281.2110726652,0
MCI,D,20240801,000000,22.362,22.741,21.983,22.362,13864.307958486601,0
MCI,D,20240802,000000,22.0777,22.2672,21.2249,21.6987,3722.2664359886003,0
MCI,D,20240805,000000,22.1725,22.1725,20.9407,21.3197,10137.8200692108,0
MCI,D,20240806,000000,21.1302,21.7934,21.1302,21.6987,2343.9619377178,0
MCI,D,20240807,000000,21.6039,21.6987,19.8984,21.0354,4232.006920418,0
MCI,D,20240808,000000,21.0354,21.6039,21.0354,21.4144,2045.2941176484,0
MCI,D,20240809,000000,21.6987,21.983,21.6987,21.6987,3193.5294117668,0
MCI,D,20240812,000000,22.0777,22.0777,21.6987,21.983,566.7301038066,0
MCI,D,20240813,000000,21.983,22.1725,21.7934,21.8882,2151.8858131502,0
MCI,D,20240814,000000,22.1725,22.2672,22.1725,22.1725,1119.7404844298,0
MCI,D,20240816,000000,22.2672,22.362,21.983,22.362,811.5743944642,0
MCI,D,20240819,000000,22.362,22.362,21.7934,22.2672,4645.7093425636,0
MCI,D,20240820,000000,22.1725,22.1725,22.0777,22.0777,644.8269896198,0
MCI,D,20240821,000000,21.7934,22.0777,21.7934,22.0777,422.14532872,0
MCI,D,20240822,000000,22.0777,22.0777,21.7934,21.983,2347.1280276832,0
MCI,D,20240823,000000,21.983,21.983,21.8882,21.8882,276.5051903116,0
MCI,D,20240826,000000,22.2672,22.2672,21.8882,22.1725,4434.6366782036,0
MCI,D,20240827,000000,21.8882,22.0777,21.7934,22.0777,4830.3979238786005,0
MCI,D,20240828,000000,21.8882,22.0777,20.8459,22.0777,6910.5190311464,0
MCI,D,20240829,000000,21.7934,22.0777,21.3197,22.0777,7188.0795847798,0
MCI,D,20240830,000000,21.7934,21.983,21.7934,21.983,2161.3840830464,0
MCI,D,20240902,000000,21.8882,21.983,21.4144,21.983,2843.1487889292002,0
MCI,D,20240903,000000,21.7934,21.983,21.7934,21.983,4850.4498269928,0
MCI,D,20240904,000000,21.6987,21.8882,21.6039,21.8882,2861.0899653998,0
MCI,D,20240905,000000,21.983,24.3518,21.983,23.5938,32043.9965398134,0
MCI,D,20240906,000000,24.0675,24.1623,23.5938,23.6885,3184.0311418706,0
MCI,D,20240909,000000,23.499,23.6885,23.4043,23.5938,1938.7024221466002,0
MCI,D,20240910,000000,23.5938,23.6885,23.3095,23.499,719.7577854676,0
MCI,D,20240911,000000,23.6885,24.3518,23.499,23.7833,8929.4290657498,0
MCI,D,20240912,000000,24.1623,24.257,23.6885,23.6885,2685.899653981,0
MCI,D,20240913,000000,24.257,24.257,23.6885,23.878,3709.602076127,0
MCI,D,20240916,000000,24.0675,24.0675,23.4043,23.9728,1971.4186851224001,0
MCI,D,20240917,000000,23.878,24.257,23.5938,24.0675,1797.2837370254001,0
MCI,D,20240918,000000,24.0675,24.0675,23.6885,23.9728,3556.5743944660003,0
MCI,D,20240919,000000,23.7833,23.878,23.4043,23.499,3647.3356401408,0
MCI,D,20240920,000000,23.6885,24.0675,23.499,23.499,4523.2871972348,0
MCI,D,20240923,000000,23.499,24.257,23.499,23.6885,2717.560553635,0
MCI,D,20240924,000000,23.878,24.1623,23.6885,23.7833,993.0968858138,0
MCI,D,20240925,000000,23.9728,25.0151,23.9728,24.7308,18079.4290657558,0
MCI,D,20240926,000000,24.7308,24.8256,24.1623,24.8256,4991.868512114,0
MCI,D,20240927,000000,24.8256,25.4889,24.3518,25.3941,10286.6262975846,0
MCI,D,20240930,000000,25.5836,25.6784,25.2046,25.6784,4024.1003460234,0
MCI,D,20241001,000000,25.8679,26.3416,25.7731,26.0574,9134.169550179,0
MCI,D,20241002,000000,25.8679,26.3416,25.7731,26.0574,10505.0865051972,0
MCI,D,20241003,000000,25.9626,26.0574,25.5836,25.9626,5888.927335644,0
MCI,D,20241004,000000,25.9626,26.2469,25.8679,25.8679,6113.719723187401,0
MCI,D,20241007,000000,25.8679,26.4364,25.5836,26.4364,9887.698961944201,0
MCI,D,20241008,000000,26.4364,26.4364,25.8679,25.8679,1058.5294117654,0
MCI,D,20241009,000000,26.4364,26.4364,26.0574,26.3416,2650.0173010398003,0
MCI,D,20241010,000000,26.1521,26.4364,26.0574,26.0574,1476.4532871982,0
MCI,D,20241011,000000,26.4364,26.4364,25.7731,25.7731,3344.4463667842,0
MCI,D,20241014,000000,25.7731,26.3416,24.3518,25.1098,4286.8858131516,0
MCI,D,20241015,000000,25.1098,25.5836,25.1098,25.2046,5935.3633218032,0
MCI,D,20241016,000000,25.3941,25.3941,24.8256,25.1098,5067.8546712836005,0
MCI,D,20241017,000000,24.9203,25.1098,24.7308,25.1098,146.6955017302,0
MCI,D,20241018,000000,25.2993,25.2993,24.4466,25.2046,1912.3183391016,0
MCI,D,20241021,000000,25.2046,25.5836,24.8256,25.4889,5205.0519031176,0
MCI,D,20241022,000000,25.4889,25.4889,24.8256,25.2993,3022.5605536352,0
MCI,D,20241023,000000,25.4889,25.4889,24.257,24.4466,4017.7681660926,0
MCI,D,20241024,000000,24.0675,24.4466,23.6885,23.9728,13304.965397932601,0
MCI,D,20241025,000000,23.9728,24.1623,23.499,23.9728,4345.9861591724,0
MCI,D,20241028,000000,23.9728,23.9728,23.7833,23.7833,4712.197231837,0
MCI,D,20241029,000000,23.878,24.1623,23.878,23.9728,764.0830449832,0
MCI,D,20241030,000000,23.878,23.9728,23.878,23.9728,3454.2041522514,0
MCI,D,20241031,000000,24.1623,24.1623,23.878,23.878,2000.9688581328,0
MCI,D,20241104,000000,24.7308,24.7308,24.1623,24.1623,4237.283737027,0
MCI,D,20241105,000000,24.1623,24.257,23.878,23.9728,5029.8615916988,0
MCI,D,20241106,000000,24.0675,24.257,23.7833,24.257,5350.692041526,0
MCI,D,20241107,000000,24.3518,24.7308,24.1623,24.6361,6937.9584775132,0
MCI,D,20241108,000000,24.7308,25.1098,24.6361,24.8256,9629.134948103201,0
MCI,D,20241112,000000,25.0151,25.3941,24.9203,25.2993,5197.664359865,0
MCI,D,20241113,000000,25.2993,25.4889,25.2046,25.3941,2692.2318339118,0
MCI,D,20241114,000000,25.3941,25.3941,24.7308,25.0151,4774.4636678232,0
MCI,D,20241115,000000,25.1098,25.1098,24.4466,24.7308,2421.0034602092,0
MCI,D,20241118,000000,24.257,24.5413,23.878,24.1623,5399.2387543288005,0
MCI,D,20241119,000000,24.1623,24.1623,23.878,24.1623,1571.4359861602,0
MCI,D,20241120,000000,24.1623,24.1623,23.878,23.878,995.2076124574,0
MCI,D,20241121,000000,23.878,24.0675,23.878,23.878,899.1695501736,0
MCI,D,20241122,000000,23.7833,24.0675,23.7833,23.7833,1318.1487889282,0
MCI,D,20241125,000000,23.7833,24.6361,23.5938,24.5413,5483.6678200728,0
MCI,D,20241126,000000,24.5413,24.5413,24.3518,24.3518,1036.3667820076,0
MCI,D,20241127,000000,24.6361,24.6361,24.1623,24.4466,683.8754325264,0
MCI,D,20241128,000000,23.9728,24.4466,23.9728,24.1623,1411.0207612466,0
MCI,D,20241129,000000,24.4466,24.4466,24.0675,24.257,3236.7993079606,0
MCI,D,20241202,000000,23.878,24.3518,23.878,24.1623,3493.252595158,0
MCI,D,20241203,000000,24.3518,24.5413,23.878,23.878,2845.2595155728,0
MCI,D,20241204,000000,23.878,24.1623,23.878,24.0675,3352.8892733586,0
MCI,D,20241205,000000,24.0675,24.1623,23.9728,24.0675,3153.4256055384003,0
MCI,D,20241206,000000,24.0675,24.0675,23.878,23.9728,7187.024221458,0
MCI,D,20241209,000000,23.9728,24.1623,23.9728,24.0675,2467.4394463684002,0
MCI,D,20241210,000000,24.1623,24.3518,23.9728,24.3518,3366.608996542,0
MCI,D,20241211,000000,24.4466,24.4466,23.9728,23.9728,1461.678200693,0
MCI,D,20241212,000000,23.9728,24.257,23.9728,24.0675,1066.9723183398,0
MCI,D,20241213,000000,24.1623,24.1623,23.7833,23.9728,2589.8615916972,0
MCI,D,20241216,000000,23.9728,23.9728,23.6885,23.7833,2537.0934256072,0
MCI,D,20241217,000000,23.6885,23.7833,23.5938,23.6885,2570.8650519048,0
MCI,D,20241218,000000,23.6885,23.7833,23.2148,23.5938,3244.1868512132,0
MCI,D,20241219,000000,23.5938,23.5938,23.3095,23.4043,5708.4602076162,0
MCI,D,20241220,000000,23.5938,23.5938,23.12,23.3095,8089.359861597,0
MCI,D,20241223,000000,23.499,23.499,22.741,23.0252,6505.259515575201,0
MCI,D,20241227,000000,23.12,23.3095,23.0252,23.3095,3995.6055363348,0
MCI,D,20241230,000000,22.8357,23.6885,22.8357,23.499,2788.2698961956003,0
MCI,D,20250102,000000,23.6885,23.9728,23.499,23.9728,3975.5536332206,0
MCI,D,20250103,000000,24.0675,24.257,23.5938,23.6885,3783.4775086530003,0
MCI,D,20250107,000000,23.6885,23.6885,23.4043,23.5938,1752.9584775098,0
MCI,D,20250108,000000,23.499,23.6885,23.4043,23.5938,2846.3148788946,0
MCI,D,20250109,000000,23.5938,23.5938,23.4043,23.499,4275.2768166118,0
MCI,D,20250110,000000,23.4043,23.5938,23.4043,23.499,3714.878892736,0
MCI,D,20250113,000000,23.499,23.6885,23.4043,23.499,2386.1764705898,0
MCI,D,20250114,000000,23.499,24.1623,23.3095,24.0675,8601.211072670001,0
MCI,D,20250115,000000,24.0675,25.2993,23.6885,25.2993,17494.7577854786,0
MCI,D,20250116,000000,25.3941,25.5836,25.1098,25.5836,6448.269896198,0
MCI,D,20250117,000000,25.5836,26.4364,24.8256,26.3416,22265.0000000146,0
MCI,D,20250120,000000,26.3416,26.4364,25.2993,26.4364,9114.1176470648,0
MCI,D,20250121,000000,26.4364,26.5311,26.0574,26.5311,6817.647058828,0
MCI,D,20250122,000000,26.5311,26.5311,26.1521,26.5311,6619.2387543296,0
MCI,D,20250123,000000,26.4364,26.5311,26.3416,26.4364,9429.671280283,0
MCI,D,20250124,000000,26.5311,26.5311,26.3416,26.5311,3898.5121107292002,0
MCI,D,20250127,000000,26.2469,26.2469,25.5836,26.1521,4989.7577854704,0
MCI,D,20250128,000000,25.7731,26.4364,25.6784,25.6784,4373.4256055392,0
MCI,D,20250129,000000,25.7731,26.2469,25.4889,26.1521,7394.930795852601,0
MCI,D,20250130,000000,25.5836,26.2469,25.5836,26.0574,3022.5605536352,0
MCI,D,20250131,000000,26.0574,26.0574,24.8256,25.4889,10978.9446366854,0
MCI,D,20250203,000000,24.8256,24.8256,24.257,24.8256,3725.432525954,0
MCI,D,20250204,000000,24.7308,24.8256,24.6361,24.6361,1152.4567474056,0
MCI,D,20250205,000000,24.7308,24.7308,23.878,23.878,12724.5155709426,0
MCI,D,20250206,000000,24.0675,24.1623,23.2148,23.3095,23405.8477508804,0
MCI,D,20250207,000000,23.4043,24.4466,23.4043,24.257,10090.3287197298,0
MCI,D,20250210,000000,24.257,24.6361,24.1623,24.6361,2950.7958477528,0
MCI,D,20250211,000000,24.6361,25.1098,24.5413,25.1098,4082.1453287224003,0
MCI,D,20250212,000000,25.1098,25.2046,25.0151,25.1098,6191.8166090006,0
MCI,D,20250213,000000,25.1098,25.1098,24.8256,24.8256,1789.8961937728,0
MCI,D,20250214,000000,24.8256,24.9203,24.7308,24.9203,1912.3183391016,0
MCI,D,20250217,000000,24.9203,24.9203,24.6361,24.8256,1858.4948096898001,0
MCI,D,20250218,000000,24.8256,24.9203,24.6361,24.9203,3887.9584775112003,0
MCI,D,20250219,000000,24.9203,25.0151,24.3518,24.3518,4300.605536335001,0
MCI,D,20250220,000000,24.3518,24.9203,24.3518,24.9203,18187.076124579402,0
MCI,D,20250221,000000,24.9203,24.9203,24.6361,24.6361,1132.4048442914,0
MCI,D,20250224,000000,24.6361,25.2046,24.6361,25.2046,4839.8961937748,0
MCI,D,20250225,000000,24.9203,25.3941,24.9203,25.1098,20317.8546712936,0
MCI,D,20250226,000000,25.1098,25.3941,25.1098,25.2046,1440.570934257,0
MCI,D,20250227,000000,25.2046,25.3941,24.7308,24.7308,1916.5397923888002,0
MCI,D,20250228,000000,25.0151,25.2046,24.1623,24.9203,9949.9653979304,0
MCI,D,20250303,000000,24.4466,24.6361,24.3518,24.3518,3000.3979238774,0
MCI,D,20250304,000000,24.3518,24.3518,23.4043,23.4043,5216.6608996574005,0
MCI,D,20250305,000000,23.4043,23.878,23.4043,23.878,3439.4290657462,0
MCI,D,20250306,000000,23.6885,24.1623,23.499,23.6885,4116.9723183418,0
MCI,D,20250307,000000,23.6885,23.9728,23.5938,23.7833,1973.529411766,0
MCI,D,20250310,000000,23.7833,23.7833,23.3095,23.3095,1840.5536332192,0
MCI,D,20250311,000000,23.6885,23.6885,23.2148,23.6885,1687.5259515582,0
MCI,D,20250312,000000,23.7833,23.7833,23.3095,23.6885,5137.5086505224,0
MCI,D,20250313,000000,23.7833,24.4466,23.2148,23.7833,6582.3010380666,0
MCI,D,20250314,000000,23.7833,24.1623,23.5938,23.7833,1548.2179930806,0
MCI,D,20250317,000000,23.7833,24.257,23.7833,24.0675,2833.650519033,0
MCI,D,20250318,000000,24.0675,24.0675,23.5938,23.878,1127.1280276824,0
MCI,D,20250319,000000,23.7833,24.0675,23.5938,23.9728,2870.588235296,0
MCI,D,20250320,000000,24.0675,24.1623,23.878,24.0675,887.5605536338,0
MCI,D,20250321,000000,24.257,24.257,23.6885,24.1623,1345.588235295,0
MCI,D,20250324,000000,24.1623,24.1623,23.7833,24.1623,442.1972318342,0
MCI,D,20250325,000000,24.1623,24.1623,23.7833,23.7833,1154.5674740492,0
MCI,D,20250326,000000,23.7833,23.9728,23.6885,23.878,2214.1522491364,0
MCI,D,20250327,000000,23.9728,24.0675,23.7833,23.7833,3222.0242214554,0
MCI,D,20250328,000000,23.7833,24.1623,23.7833,24.1623,2844.204152251,0
MCI,D,20250331,000000,24.1623,24.3518,23.7833,23.878,582.5605536336,0
MCI,D,20250401,000000,24.1623,24.3518,23.9728,24.3518,2560.3114186868,0
MCI,D,20250402,000000,24.3518,24.6361,24.3518,24.6361,6516.868512115,0
MCI,D,20250403,000000,24.6361,24.6361,24.3518,24.4466,13855.8650519122,0
MCI,D,20250404,000000,24.4466,24.4466,22.2672,22.6462,15927.543252605601,0
MCI,D,20250407,000000,22.4567,22.741,21.3197,22.2672,12661.1937716346,0
MCI,D,20250408,000000,22.2672,23.3095,22.2672,22.8357,12105.017301046,0
MCI,D,20250409,000000,22.4567,22.741,22.0777,22.0777,3678.9965397948,0
MCI,D,20250410,000000,22.741,23.2148,22.741,22.8357,9367.4048442968,0
MCI,D,20250411,000000,22.8357,23.0252,22.5515,22.6462,2317.5778546728,0
MCI,D,20250414,000000,22.6462,23.12,22.6462,22.741,8278.269896199201,0
MCI,D,20250415,000000,23.0252,23.6885,23.0252,23.4043,14583.0103806324,0
MCI,D,20250416,000000,23.499,23.878,23.12,23.4043,7267.2318339148005,0
MCI,D,20250417,000000,23.7833,23.9728,23.3095,23.499,6737.439446371201,0
MCI,D,20250422,000000,23.6885,23.878,23.12,23.2148,12202.110726651601,0
MCI,D,20250423,000000,23.4043,23.5938,22.9305,23.4043,4768.1314878924,0
MCI,D,20250424,000000,23.4043,23.6885,23.12,23.12,13403.11418686,0
MCI,D,20250425,000000,23.12,23.499,23.0252,23.0252,18295.7785467248,0
MCI,D,20250428,000000,23.0252,23.4043,22.9305,23.2148,4009.3252595182003,0
MCI,D,20250429,000000,23.3095,23.499,23.0252,23.12,5910.03460208,0
MCI,D,20250430,000000,23.4043,23.499,22.9305,22.9305,4259.4463667848,0
MCI,D,20250502,000000,22.9305,23.3095,22.8357,23.0252,4881.055363325,0
MCI,D,20250505,000000,23.2148,23.499,22.0777,22.2672,124152.941176552,0
MCI,D,20250506,000000,22.5515,22.5515,22.2672,22.2672,3917.5086505216,0
MCI,D,20250507,000000,22.2672,23.4043,22.2672,23.2148,8060.8650519084,0
MCI,D,20250508,000000,23.4043,23.4043,23.12,23.2148,3540.743944639,0
MCI,D,20250509,000000,23.499,23.878,23.2148,23.499,5602.9238754362,0
MCI,D,20250512,000000,23.499,24.257,23.499,24.257,7294.6712802816,0
MCI,D,20250513,000000,24.3518,24.5413,24.0675,24.3518,16735.9515571044,0
MCI,D,20250514,000000,24.4466,24.6361,24.0675,24.5413,5734.8442906612,0
MCI,D,20250515,000000,24.6361,24.6361,24.1623,24.5413,7218.685121112,0
MCI,D,20250516,000000,24.5413,24.5413,24.1623,24.1623,5586.0380622874,0
MCI,D,20250519,000000,24.1623,24.4466,24.1623,24.1623,2854.7577854690003,0
MCI,D,20250520,000000,23.7833,24.4466,23.7833,24.1623,4024.1003460234,0
MCI,D,20250521,000000,24.0675,24.1623,23.6885,23.9728,5359.1349481004,0
MCI,D,20250522,000000,23.9728,24.257,22.9305,23.6885,8666.6435986216,0
MCI,D,20250523,000000,23.7833,24.1623,22.741,23.12,7259.8442906622,0
MCI,D,20250526,000000,23.12,24.257,23.12,24.257,5986.020761249601,0
MCI,D,20250527,000000,24.257,24.3518,23.878,24.1623,2898.0276816628,0
MCI,D,20250528,000000,24.3518,24.3518,23.6885,24.0675,3322.2837370264,0
MCI,D,20250529,000000,24.0675,24.0675,23.6885,23.6885,3660.0000000024,0
MCI,D,20250530,000000,23.6885,24.0675,23.3095,23.3095,1748.7370242226,0
MCI,D,20250602,000000,23.3095,23.6885,23.0252,23.4043,3614.619377165,0
MCI,D,20250603,000000,23.5938,23.5938,23.12,23.499,1804.671280278,0
MCI,D,20250604,000000,23.499,23.499,23.3095,23.499,1140.8477508658,0
MCI,D,20250605,000000,23.5938,23.5938,23.2148,23.5938,1589.3771626308,0
MCI,D,20250606,000000,23.5938,23.6885,23.2148,23.6885,2587.7508650536,0
MCI,D,20250609,000000,23.6885,23.9728,23.3095,23.7833,6577.0242214576,0
MCI,D,20250610,000000,23.878,24.1623,23.6885,23.6885,2335.5190311434,0
MCI,D,20250611,000000,23.6885,24.1623,23.6885,23.878,5209.2733564048,0
MCI,D,20250612,000000,23.878,24.1623,23.7833,23.7833,4000.8823529438,0
MCI,D,20250613,000000,23.878,24.0675,23.7833,23.7833,2473.7716262992,0
MCI,D,20250616,000000,23.878,24.0675,23.6885,23.7833,1328.7024221462,0
MCI,D,20250617,000000,23.878,23.9728,23.7833,23.7833,3454.2041522514,0
MCI,D,20250618,000000,23.6885,24.1623,23.499,23.878,15303.823529421801,0
MCI,D,20250620,000000,24.1623,24.5413,23.878,24.4466,8088.3044982752,0
MCI,D,20250623,000000,24.4466,24.4466,24.1623,24.3518,11243.8408304572,0
MCI,D,20250624,000000,24.3518,25.3941,24.257,25.3941,19460.899653992,0
MCI,D,20250625,000000,25.3941,25.6784,25.0151,25.2993,27543.9273356582,0
MCI,D,20250626,000000,25.6784,25.9626,25.0151,25.8679,22029.653979253202,0
MCI,D,20250627,000000,25.9626,25.9626,25.2046,25.6784,10037.5605536398,0
MCI,D,20250630,000000,25.8679,25.8679,25.5836,25.7731,5971.2456747444,0
MCI,D,20250701,000000,25.5836,25.8679,25.4889,25.6784,3064.7750865072003,0
MCI,D,20250702,000000,25.5836,25.6784,25.4889,25.6784,1153.5121107274,0
MCI,D,20250703,000000,25.6784,26.2469,25.6784,26.1521,9227.0415224974,0
MCI,D,20250704,000000,26.1521,26.6259,25.9626,26.6259,7733.7024221504,0
MCI,D,20250707,000000,26.3416,27.0049,26.3416,26.5311,9021.2456747464,0
MCI,D,20250708,000000,26.5311,26.9102,26.3416,26.9102,38214.705882378,0
MCI,D,20250709,000000,26.9102,26.9102,26.7207,26.9102,10376.3321799376,0
MCI,D,20250710,000000,26.7207,27.0997,26.6259,27.0997,14793.027681670601,0
MCI,D,20250711,000000,26.8154,27.0997,26.4364,26.4364,9100.3979238814,0
MCI,D,20250714,000000,26.5311,27.0049,26.5311,26.8154,2814.6539792406,0
MCI,D,20250715,000000,26.8154,27.0049,26.6259,26.7207,3810.9169550198003,0
MCI,D,20250716,000000,26.6259,26.8154,26.3416,26.6259,9774.7750865116,0
MCI,D,20250717,000000,26.7207,26.7207,26.3416,26.4364,3421.4878892756,0
MCI,D,20250718,000000,26.6259,26.7207,26.4364,26.5311,3781.3667820094,0
MCI,D,20250721,000000,26.4364,27.2892,26.4364,27.2892,11871.7820069282,0
MCI,D,20250722,000000,27.2892,27.3839,27.1944,27.3839,1766.6782006932,0
MCI,D,20250723,000000,27.3839,27.763,27.1944,27.5734,7057.2145328766,0
MCI,D,20250724,000000,27.5734,27.5734,27.1944,27.5734,4665.7612456778,0
MCI,D,20250725,000000,27.5734,27.5734,27.1944,27.1944,1226.3321799316,0
MCI,D,20250728,000000,27.9525,28.7105,27.6682,28.6157,47821.6782007234,0
MCI,D,20250729,000000,28.4262,29.279,28.2367,28.8052,11292.38754326,0
MCI,D,20250730,000000,28.8052,29.0895,28.7105,28.8052,1434.2387543262,0
MCI,D,20250731,000000,28.9,29.0895,28.7105,29.0895,3508.0276816632,0
MCI,D,20250801,000000,28.521,28.7105,27.763,27.763,11505.5709342636,0
MCI,D,20250804,000000,27.763,27.9525,27.4787,27.763,3721.2110726668,0
MCI,D,20250805,000000,28.142,28.142,26.3416,26.8154,8969.532871978201,0
MCI,D,20250806,000000,26.8154,27.1944,26.3416,26.9102,3175.5882352962003,0
MCI,D,20250807,000000,26.9102,26.9102,26.7207,26.9102,3588.23529412,0
MCI,D,20250808,000000,26.9102,26.9102,26.6259,26.7207,2558.2006920432,0
MCI,D,20250811,000000,26.7207,26.9102,26.6259,26.8154,1857.439446368,0
MCI,D,20250812,000000,26.8154,26.8154,26.6259,26.7207,1097.577854672,0
MCI,D,20250813,000000,26.7207,27.0049,26.4364,26.8154,3538.6332179954,0
MCI,D,20250814,000000,26.8154,26.8154,26.5311,26.6259,2504.3771626314,0
MCI,D,20250818,000000,26.6259,26.8154,25.7731,26.3416,7252.4567474096,0
MCI,D,20250819,000000,26.3416,26.9102,26.2469,26.9102,6955.8996539838,0
MCI,D,20250820,000000,26.9102,28.0472,26.9102,27.763,38008.910034627,0
MCI,D,20250821,000000,28.0472,28.8052,27.5734,28.8052,40375.0346021026,0
MCI,D,20250822,000000,28.9948,28.9948,27.8577,27.8577,3194.5847750886,0
MCI,D,20250825,000000,28.4262,28.9948,28.2367,28.7105,8159.013840835801,0
MCI,D,20250826,000000,28.9948,28.9948,28.7105,28.9,2408.3391003476,0
MCI,D,20250827,000000,28.9,28.9,28.2367,28.521,1763.5121107278,0
MCI,D,20250828,000000,28.521,28.8052,28.521,28.521,1667.4740484440001,0
MCI,D,20250829,000000,28.9948,28.9948,28.2367,28.8052,294.4463667822,0
MCI,D,20250901,000000,28.4262,28.8052,28.4262,28.4262,755.6401384088,0
MCI,D,20250902,000000,28.4262,28.7105,28.142,28.4262,1211.5570934264001,0
MCI,D,20250903,000000,28.4262,28.8052,28.4262,28.6157,4709.0311418716,0
MCI,D,20250904,000000,28.7105,28.8052,28.3315,28.4262,1567.214532873,0
MCI,D,20250905,000000,28.7105,28.7105,28.4262,28.6157,3188.2525951578,0
MCI,D,20250908,000000,28.4262,29.9423,28.3315,29.7528,16391.9031141976,0
MCI,D,20250909,000000,29.9423,30.1318,28.8052,29.279,19079.9134948222,0
MCI,D,20250910,000000,28.9948,29.279,28.9948,29.0895,57085.6574394838,0
MCI,D,20250911,000000,29.0895,29.8475,29.0895,29.5633,7107.871972323001,0
MCI,D,20250912,000000,29.5633,29.5633,28.8052,28.9,13127.664359870201,0
MCI,D,20250915,000000,28.9948,29.5633,28.2367,28.8052,18723.2006920538,0
MCI,D,20250916,000000,28.8052,29.0895,28.3315,28.4262,11678.6505190388,0
MCI,D,20250917,000000,28.6157,28.9,28.4262,28.9,9406.4532872034,0
MCI,D,20250918,000000,29,29.4,28.4,29.2,7642,0
MCI,D,20250919,000000,28.9,29.5,28.1,29.5,7972,0
MCI,D,20250922,000000,29.3,29.5,28.6,29.4,4506,0
MCI,D,20250923,000000,29.5,29.5,28.7,29.4,2523,0
MCI,D,20250924,000000,29.4,29.4,28.7,29.3,3067,0
MCI,D,20250925,000000,29.4,29.4,28.8,29.3,593,0
MCI,D,20250926,000000,29.3,29.3,28.7,28.8,740,0
MCI,D,20250929,000000,28.5,28.9,28.2,28.5,5691,0
MCI,D,20250930,000000,28.5,29.2,28.5,29.2,3267,0
MCI,D,20251001,000000,29,30.1,29,29.7,11771,0
MCI,D,20251002,000000,29.8,30,29.5,30,18468,0
MCI,D,20251003,000000,30.2,30.2,29.5,29.8,18346,0
MCI,D,20251006,000000,30.3,30.5,29.5,29.8,11311,0
MCI,D,20251007,000000,29.4,29.9,29.3,29.5,4336,0
MCI,D,20251008,000000,29.8,29.8,29.2,29.2,2497,0
MCI,D,20251009,000000,29.3,29.4,29,29.4,2815,0
MCI,D,20251010,000000,29.4,29.4,29.1,29.1,648,0
MCI,D,20251013,000000,29.3,29.4,28.8,29.3,6925,0
MCI,D,20251014,000000,29.1,29.1,28.9,28.9,586,0
MCI,D,20251015,000000,28.8,29.2,28.8,29.1,1809,0
MCI,D,20251016,000000,29,29.2,28.9,28.9,2462,0
MCI,D,20251017,000000,28.9,29.5,28.9,29.5,8249,0
MCI,D,20251020,000000,29.8,30.8,29.3,30.1,20279,0
MCI,D,20251021,000000,30.6,30.6,29.8,29.8,4890,0
MCI,D,20251022,000000,30,30.3,29.7,30.2,15321,0
MCI,D,20251023,000000,30.1,30.4,30,30,6724,0
MCI,D,20251024,000000,30.3,30.3,29.9,30.3,9294,0
MCI,D,20251027,000000,30.5,30.8,30,30,6299,0
MCI,D,20251028,000000,30.2,30.3,29.9,30.1,3499,0
MCI,D,20251029,000000,30.1,30.2,29.9,30,1529,0
MCI,D,20251030,000000,30.1,30.2,29.9,29.9,4429,0
MCI,D,20251031,000000,29.9,30.2,29.7,30,7957,0
MCI,D,20251103,000000,30.3,30.3,30,30.1,2291,0
MCI,D,20251104,000000,30.1,30.1,29.2,29.8,4179,0
MCI,D,20251105,000000,29.6,30.1,29.6,29.8,2290,0
MCI,D,20251106,000000,29.8,30.1,29.8,29.8,2759,0
MCI,D,20251107,000000,29.9,29.9,29.4,29.5,3728,0
MCI,D,20251110,000000,29.9,30,29.5,29.8,1346,0
MCI,D,20251112,000000,29.8,29.9,29.7,29.8,1267,0
MCI,D,20251113,000000,29.6,30,29.6,29.8,1302,0
MCI,D,20251114,000000,29.7,29.9,29.7,29.7,4364,0
MCI,D,20251117,000000,29.2,29.7,28.9,29.3,5616,0
MCI,D,20251118,000000,28.8,29.2,28.5,28.9,1660,0
MCI,D,20251119,000000,28.5,28.9,28.5,28.9,1155,0
MCI,D,20251120,000000,29.1,30.4,28.6,30.1,30090,0
MCI,D,20251121,000000,30.1,30.1,29.3,29.9,8230,0
MCI,D,20251124,000000,30.2,30.2,29.5,29.6,478,0
MCI,D,20251125,000000,29.5,29.8,28.8,29.4,3126,0
MCI,D,20251126,000000,29.4,29.4,29,29,549,0
MCI,D,20251127,000000,29,29,28.5,28.7,1496,0
MCI,D,20251128,000000,28.7,29.2,28.6,28.6,6120,0
MCI,D,20251201,000000,28.6,29,28.5,28.5,1418,0
MCI,D,20251202,000000,28.5,28.8,27.7,27.9,3830,0
MCI,D,20251203,000000,27.9,28.1,27.7,28,1326,0
MCI,D,20251204,000000,28.1,28.3,28,28.3,5297,0
MCI,D,20251205,000000,28.5,28.6,28,28,1513,0
MCI,D,20251208,000000,28.1,28.3,27.8,27.8,4295,0
MCI,D,20251209,000000,27.8,28,27.7,27.8,2250,0
MCI,D,20251210,000000,27.8,28.3,27.8,28.2,8328,0
MCI,D,20251211,000000,28.2,28.5,28,28.2,6228,0
MCI,D,20251212,000000,28.2,28.8,28.2,28.5,4606,0
MCI,D,20251215,000000,28.5,28.5,27.9,28,17381,0
MCI,D,20251216,000000,27.8,28.2,27.8,28.2,2551,0
MCI,D,20251217,000000,28,28.3,27.9,27.9,4302,0
MCI,D,20251218,000000,27.9,28,27.7,27.9,3432,0
MCI,D,20251219,000000,27.9,28.1,27.1,27.7,7917,0
MCI,D,20251222,000000,27.6,28,27.1,28,5633,0
MCI,D,20251223,000000,28,28,27.5,27.8,10209,0
MCI,D,20251229,000000,27.8,27.8,27.2,27.7,3859,0
MCI,D,20251230,000000,27.5,27.8,27.5,27.6,1040,0
MCI,D,20260102,000000,27.6,29,27.6,28.2,3948,0
MCI,D,20260105,000000,28.4,28.5,28,28.4,9555,0
MCI,D,20260107,000000,28.6,28.7,28.3,28.6,3852,0
MCI,D,20260108,000000,28.6,28.6,28,28.3,2892,0
MCI,D,20260109,000000,28.3,28.7,28.1,28.4,6100,0
MCI,D,20260112,000000,28.4,28.8,28.1,28.7,7564,0
MCI,D,20260113,000000,28.7,28.7,28.3,28.7,7645,0
MCI,D,20260114,000000,28.7,28.7,28.5,28.5,2981,0
MCI,D,20260115,000000,28.7,28.7,28.4,28.5,15928,0
MCI,D,20260116,000000,28.5,28.7,28.5,28.5,1081,0
MCI,D,20260119,000000,28.3,28.7,27.7,28.4,32681,0
MCI,D,20260120,000000,28.4,28.4,27.9,28.2,9422,0
MCI,D,20260121,000000,28.2,28.3,27.9,28.2,1368,0
MCI,D,20260122,000000,28.2,28.3,28,28.3,1092,0
MCI,D,20260123,000000,28.3,28.4,28.1,28.1,1856,0
MCI,D,20260126,000000,28.1,28.3,28,28,1858,0
MCI,D,20260127,000000,28,28.2,28,28.2,4513,0
MCI,D,20260128,000000,28.3,28.3,28.1,28.3,2308,0
MCI,D,20260129,000000,28.3,28.4,28.1,28.4,5488,0
MCI,D,20260130,000000,28.1,28.3,28,28.2,1130,0
MCI,D,20260202,000000,27.8,28,27.7,27.9,3475,0
MCI,D,20260203,000000,28,28.2,27.8,28,2613,0
MCI,D,20260204,000000,27.8,28,27.8,28,3188,0
MCI,D,20260205,000000,28.2,28.2,27.7,27.9,7035,0
MCI,D,20260206,000000,28,28,27.4,27.5,4829,0
MCI,D,20260209,000000,27.9,27.9,27.5,27.5,859,0
MCI,D,20260210,000000,27.5,27.7,27.5,27.7,1724,0
MCI,D,20260211,000000,27.7,28,27.7,27.8,1893,0
MCI,D,20260212,000000,28,28,27.8,27.8,315,0
MCI,D,20260213,000000,28,28,27.6,27.6,16402,0
MCI,D,20260216,000000,27.6,28.7,27.6,28.6,15160,0
MCI,D,20260217,000000,28.7,28.7,28.5,28.5,2262,0
MCI,D,20260218,000000,28.6,28.6,28.2,28.4,746,0
MCI,D,20260219,000000,28.4,28.4,28.1,28.1,1684,0
MCI,D,20260220,000000,28.1,28.2,27.3,27.8,3296,0
MCI,D,20260223,000000,27.8,28.1,27.6,27.7,1358,0
MCI,D,20260224,000000,28,28,27.7,28,520,0
MCI,D,20260225,000000,28,28,27.5,27.7,488,0
MCI,D,20260226,000000,28,28,27.5,27.9,771,0
MCI,D,20260227,000000,27.9,27.9,27.4,27.4,1324,0
MCI,D,20260302,000000,27.4,27.8,25.2,27.7,15592,0
MCI,D,20260303,000000,27.7,27.9,26.3,26.8,6708,0
MCI,D,20260304,000000,26.6,26.8,26.6,26.8,3658,0
MCI,D,20260305,000000,26.8,27,26.6,27,5060,0
MCI,D,20260306,000000,26.8,26.8,26.5,26.7,3734,0
MCI,D,20260309,000000,26.6,26.9,26.3,26.7,701,0
MCI,D,20260310,000000,26.7,27.8,26.7,27.3,3674,0
MCI,D,20260311,000000,28.1,28.4,27.7,27.9,4575,0
MCI,D,20260312,000000,28.3,28.3,27.9,28.1,3908,0
MCI,D,20260313,000000,28.1,28.2,27.9,28,2503,0
MCI,D,20260316,000000,28.2,28.3,27.9,28.3,668,0
MCI,D,20260317,000000,28.4,29.5,28.4,29,15910,0
MCI,D,20260318,000000,29,29.7,29,29.3,4955,0
MCI,D,20260319,000000,29.3,29.3,27.5,27.6,11098,0
MCI,D,20260320,000000,27.6,28,27.4,27.4,3459,0
MCI,D,20260323,000000,27.5,27.5,26.6,26.6,5344,0
MCI,D,20260324,000000,26.6,27,26.1,26.4,11310,0
MCI,D,20260325,000000,26.4,26.8,26.3,26.7,1996,0
MCI,D,20260326,000000,26.8,26.8,26.1,26.4,1536,0
MCI,D,20260327,000000,26.4,26.4,25.7,25.7,1944,0
MCI,D,20260330,000000,26,26.1,25.7,26.1,2067,0
MCI,D,20260331,000000,26.6,27.6,25.9,27.3,6475,0
MCI,D,20260401,000000,27.8,28,27.5,27.7,3439,0
MCI,D,20260402,000000,27.7,27.7,27.5,27.7,1436,0
MCI,D,20260407,000000,27.7,28,27.5,27.8,2686,0
MCI,D,20260408,000000,28.3,28.8,28,28,10359,0
MCI,D,20260409,000000,28.4,28.5,27.7,28,3136,0
MCI,D,20260410,000000,28,28,27.7,27.9,1299,0
MCI,D,20260413,000000,28,28,27.7,27.9,1812,0
MCI,D,20260414,000000,27.9,28.3,27.9,28.2,6731,0
MCI,D,20260415,000000,28.2,28.5,27.9,28.1,16064,0
MCI,D,20260416,000000,28.1,28.4,27.5,27.9,1852,0
MCI,D,20260417,000000,27.7,28.2,27.7,28.1,1633,0
MCI,D,20260420,000000,28.1,28.1,27.7,27.9,415,0
MCI,D,20260421,000000,28,28.1,27.6,27.9,6836,0
MCI,D,20260422,000000,27.9,28,27.9,27.9,710,0
MCI,D,20260423,000000,27.9,28,27.9,28,2678,0
MCI,D,20260424,000000,28,28,27.7,27.8,3343,0
MCI,D,20260427,000000,27.8,27.8,27.7,27.7,8509,0
MCI,D,20260428,000000,28,28.1,27.6,27.6,5336,0
MCI,D,20260429,000000,28,28,27.6,27.6,561,0
MCI,D,20260430,000000,27.5,27.9,27.5,27.7,1813,0
MCI,D,20260504,000000,27.3,27.8,27.3,27.5,279,0
MCI,D,20260505,000000,27.5,27.5,26,26.9,19806,0
MCI,D,20260506,000000,27.3,27.7,27.2,27.7,5219,0
MCI,D,20260507,000000,27.7,28.5,27.6,28.1,7861,0
MCI,D,20260508,000000,28.3,28.9,28.1,28.5,5753,0
MCI,D,20260511,000000,28.5,28.5,28.2,28.2,441,0
MCI,D,20260512,000000,28.2,28.2,27.8,27.9,1653,0
MCI,D,20260513,000000,27.9,28.2,27.9,28,6268,0
MCI,D,20260514,000000,27.9,28.4,27.8,28,1378,0
MCI,D,20260515,000000,28.2,28.2,27.6,27.7,640,0
MCI,D,20260518,000000,27.4,28.3,27.4,28,5067,0
MCI,D,20260519,000000,28,28.5,27.8,28.2,2705,0
MCI,D,20260520,000000,28,28.8,28,28.7,5769,0
MCI,D,20260521,000000,28.8,28.8,28.2,28.2,2267,0
MCI,D,20260522,000000,28.4,28.5,27.9,28,2440,0
MCI,D,20260525,000000,28.1,28.2,27.8,28.1,4910,0
MCI,D,20260526,000000,28.2,28.2,28,28,6433,0
MCI,D,20260527,000000,28,28.2,28,28,7277,0
MCI,D,20260528,000000,27.9,28.2,27.9,28.1,1427,0
MCI,D,20260529,000000,28.1,28.5,27.8,28.2,2747,0
MCI,D,20260601,000000,28.2,28.7,28.2,28.2,4259,0
MCI,D,20260602,000000,28.9,29.1,28.4,29.1,10880,0
MCI,D,20260603,000000,29.1,29.3,28.6,29,6767,0
MCI,D,20260605,000000,29.2,29.6,29,29.5,4551,0
MCI,D,20260608,000000,29.3,29.3,28.4,28.5,2970,0
MCI,D,20260609,000000,28.3,29,28.3,28.7,398,0
MCI,D,20260610,000000,28.5,28.5,28.1,28.5,3486,0
MCI,D,20260611,000000,28.7,28.7,28,28.7,1568,0
MCI,D,20260612,000000,28.5,28.8,28.2,28.2,3548,0
MCI,D,20260615,000000,28.4,28.4,27.6,27.6,3945,0
MCI,D,20260616,000000,27.6,28.2,27.6,28.2,2207,0
MCI,D,20260617,000000,27.9,28.1,27.5,27.9,1840,0
MCI,D,20260618,000000,27.6,28,27.5,28,2274,0
MCI,D,20260619,000000,27.6,28.1,27.6,28.1,2023,0
MCI,D,20260622,000000,28.2,28.8,28,28.6,3615,0
MCI,D,20260623,000000,28.7,28.7,28.1,28.2,1707,0
MCI,D,20260624,000000,28.2,28.4,27.7,27.9,3361,0
MCI,D,20260625,000000,27.9,28.3,27.9,28.3,794,0
MCI,D,20260626,000000,28.2,28.4,28,28.1,1210,0
MCI,D,20260629,000000,27.9,28,27.5,27.5,1489,0
MCI,D,20260630,000000,27.4,28,27.3,27.5,2885,0
MCI,D,20260701,000000,27.4,27.9,27.4,27.9,478,0
MCI,D,20260702,000000,27.4,28.5,27.4,28.1,3121,0
MCI,D,20260703,000000,28.1,28.2,27.9,28,2426,0
MCI,D,20260706,000000,28.1,28.4,27.9,28.2,6126,0
MCI,D,20260707,000000,28.1,28.2,27.1,27.7,19215,0
MCI,D,20260708,000000,27.5,27.9,27.4,27.7,1683,0
MCI,D,20260709,000000,27.8,28.1,27.8,27.9,2885,0
MCI,D,20260710,000000,27.6,28.1,27.6,28,1527,0
MCI,D,20260713,000000,28,28.2,28,28.1,1878,0
MCI,D,20260714,000000,28,28.1,27.8,27.9,1846,0
MCI,D,20260715,000000,27.8,28,27.6,27.9,3005,0
MCI,D,20260716,000000,27.9,27.9,27.7,27.7,1954,0
MCI,D,20260717,000000,27.9,27.9,27.9,27.9,132,0
MCI,D,20260720,000000,27.9,28,27.9,28,1912,0
MCI,D,20260721,000000,28,28,27.4,28,4740,0
MCI,D,20260722,000000,28.1,28.1,27.8,27.8,622,0
MCI,D,20260723,000000,27.8,28,27.8,27.8,1797,0
MCI,D,20260724,000000,27.9,28,27.8,28,1467,0
MCI,D,20260727,000000,28,28,27.8,27.8,739,0
MCI,D,20260728,000000,27.8,27.9,27.5,27.6,4604,0
MCI,D,20260729,000000,27.5,28.1,27.5,28,3276,0
MCI,D,20260730,000000,28,28,27.8,27.8,3625,0
MCI,D,20260731,000000,27.8,28.1,27.8,27.8,1839,0
MCI,D,20260803,000000,28,28.1,27.9,27.9,4744,0
MCI,D,20260804,000000,28.2,28.2,27.8,28.2,7325,0
MCI,D,20260805,000000,28.2,28.4,27.9,28.1,2563,0
MCI,D,20260806,000000,28.4,28.4,28.1,28.4,354,0
MCI,D,20260807,000000,28.5,28.7,28.1,28.7,1404,0
MCI,D,20260810,000000,28.7,28.9,28.4,28.7,3782,0
MCI,D,20260811,000000,28.9,29,28.6,28.7,3727,0
MCI,D,20260812,000000,28.7,28.8,28.5,28.5,2838,0
MCI,D,20260813,000000,28.6,28.8,28.6,28.7,4247,0
MCI,D,20260814,000000,28.8,29.1,28.8,28.8,6286,0
MCI,D,20260817,000000,28.9,29.1,28.8,28.9,2554,0
MCI,D,20260818,000000,28.9,29,28.7,28.9,1580,0
