<TICKER>,<PER>,<DATE>,<TIME>,<OPEN>,<HIGH>,<LOW>,<CLOSE>,<VOL>,<OPENINT>
NWA,D,20110325,000000,8.97853,10.7725,8.52099,8.52099,6245.027345406144,0
NWA,D,20110328,000000,9.86192,10.2251,8.96908,9.41769,941.8108041148934,0
NWA,D,20110329,000000,8.96908,8.96908,8.52099,8.74564,976.5756324547017,0
NWA,D,20110330,000000,8.74564,8.96908,8.52099,8.52099,703.1976641461824,0
NWA,D,20110331,000000,8.40899,8.74564,8.29699,8.74564,1177.2635051436105,0
NWA,D,20110404,000000,8.74564,8.74564,8.74564,8.74564,110.61536289939907,0
NWA,D,20110405,000000,8.52099,8.52099,8.0729,8.0729,308.14279664832765,0
NWA,D,20110406,000000,8.09505,8.43105,7.84766,8.43105,50.5670230397255,0
NWA,D,20110411,000000,8.0729,8.0729,7.17558,7.62366,1207.2876750734467,0
NWA,D,20110418,000000,8.0729,8.0729,8.0729,8.0729,1.5802194699914682,0
NWA,D,20110421,000000,8.0729,8.0729,8.0729,8.0729,22.123072579880063,0
NWA,D,20110426,000000,8.0729,8.29699,8.0729,8.29699,477.2262799374096,0
NWA,D,20110427,000000,8.29699,8.29699,8.29699,8.29699,69.52965667962287,0
NWA,D,20110428,000000,8.29699,8.29699,8.16657,8.28301,260.73621254858114,0
NWA,D,20110429,000000,8.34192,8.41344,8.18499,8.41344,153.28128858916227,0
NWA,D,20110502,000000,8.42224,8.42224,8.41344,8.41344,25.28351151986275,0
NWA,D,20110504,000000,8.41344,8.41344,8.41344,8.41344,132.73843547928286,0
NWA,D,20110505,000000,8.41344,8.41344,8.41344,8.41344,90.07250978951097,0
NWA,D,20110506,000000,8.5159,8.5159,8.5159,8.5159,44.246145159760125,0
NWA,D,20110509,000000,8.5159,8.5159,8.47606,8.47606,37.925267279794745,0
NWA,D,20110510,000000,8.5159,8.5159,8.29699,8.29699,123.25711865933107,0
NWA,D,20110511,000000,8.38176,8.38176,8.29699,8.29699,154.86150805916537,0
NWA,D,20110512,000000,8.25579,8.27857,8.25579,8.27857,48.98680356973354,0
NWA,D,20110513,000000,8.27413,8.29699,8.27413,8.29699,37.925267279794745,0
NWA,D,20110516,000000,8.31461,8.31461,8.31461,8.31461,15.802194699914683,0
NWA,D,20110517,000000,8.31461,8.31461,8.31461,8.31461,15.802194699914683,0
NWA,D,20110518,000000,8.15768,8.15768,8.0729,8.0729,603.6438375367296,0
NWA,D,20110519,000000,8.13562,8.13562,8.13562,8.13562,48.98680356973354,0
NWA,D,20110520,000000,8.04511,8.05078,8.04511,8.05078,72.69009561960556,0
NWA,D,20110523,000000,8.00962,8.00962,8.00518,8.00962,45.82636462975085,0
NWA,D,20110524,000000,7.94256,7.94256,7.94256,7.94256,44.246145159760125,0
NWA,D,20110525,000000,8.00962,8.00962,8.00962,8.00962,17.38241416990541,0
NWA,D,20110526,000000,8.02294,8.02294,8.02294,8.02294,44.246145159760125,0
NWA,D,20110527,000000,8.02802,8.02802,8.02802,8.02802,44.246145159760125,0
NWA,D,20110530,000000,8.06788,8.06788,8.06788,8.06788,22.123072579880063,0
NWA,D,20110531,000000,8.06788,8.06788,8.06788,8.06788,22.123072579880063,0
NWA,D,20110601,000000,8.06788,8.0729,8.06788,8.0729,44.246145159760125,0
NWA,D,20110602,000000,8.08115,8.08552,8.08115,8.08552,44.246145159760125,0
NWA,D,20110603,000000,8.0906,8.09505,8.0906,8.09505,123.25711865933107,0
NWA,D,20110606,000000,8.0906,8.0906,8.04511,8.04511,105.87470448942565,0
NWA,D,20110607,000000,8.06788,8.06788,8.06788,8.06788,44.246145159760125,0
NWA,D,20110608,000000,8.05456,8.05456,8.05456,8.05456,22.123072579880063,0
NWA,D,20110609,000000,8.02802,8.02802,7.8926,7.96976,214.9098479188377,0
NWA,D,20110610,000000,8.11784,8.20705,8.11784,8.20705,28.44395045984544,0
NWA,D,20110613,000000,8.2026,8.2026,8.18054,8.18054,36.34504780980278,0
NWA,D,20110614,000000,8.18054,8.18054,8.18054,8.18054,22.123072579880063,0
NWA,D,20110615,000000,8.18499,8.18499,8.18499,8.18499,17.38241416990541,0
NWA,D,20110616,000000,8.18054,8.18054,8.18054,8.18054,15.802194699914683,0
NWA,D,20110617,000000,8.17101,8.17101,8.17101,8.17101,17.38241416990541,0
NWA,D,20110620,000000,8.07675,8.07675,8.07675,8.07675,22.123072579880063,0
NWA,D,20110621,000000,7.95588,7.95588,7.95588,7.95588,625.7669101165997,0
NWA,D,20110622,000000,7.96031,7.96031,7.96031,7.96031,33.184608869820096,0
NWA,D,20110624,000000,7.84766,7.84766,7.84766,7.84766,77.43075402958021,0
NWA,D,20110627,000000,7.84766,7.84766,7.84766,7.84766,14.22197522992272,0
NWA,D,20110628,000000,7.84766,7.84766,7.84766,7.84766,22.123072579880063,0
NWA,D,20110629,000000,7.84766,7.84766,7.84766,7.84766,44.246145159760125,0
NWA,D,20110630,000000,7.9065,7.91093,7.9065,7.91093,363.4504780980278,0
NWA,D,20110701,000000,7.98242,8.04511,7.98242,8.04511,53.72746197970819,0
NWA,D,20110704,000000,8.18054,8.18054,8.18054,8.18054,15.802194699914683,0
NWA,D,20110705,000000,8.2026,8.2026,8.2026,8.2026,14.22197522992272,0
NWA,D,20110706,000000,8.24317,8.24762,8.0729,8.10774,216.49006738882844,0
NWA,D,20110707,000000,8.06788,8.06788,8.06788,8.06788,28.44395045984544,0
NWA,D,20110708,000000,8.0729,8.0729,8.0729,8.0729,22.123072579880063,0
NWA,D,20110711,000000,8.0318,8.0729,8.0318,8.0729,45.82636462975085,0
NWA,D,20110712,000000,8.06788,8.06788,8.06788,8.06788,22.123072579880063,0
NWA,D,20110713,000000,8.0729,8.0729,8.0729,8.0729,109.03514342940834,0
NWA,D,20110714,000000,8.11784,8.11784,8.0729,8.0729,66.36921773964019,0
NWA,D,20110715,000000,8.0729,8.11784,8.05078,8.11784,145.38019123920864,0
NWA,D,20110718,000000,8.12608,8.13053,8.12608,8.13053,45.82636462975085,0
NWA,D,20110719,000000,8.11784,8.12164,8.11784,8.12164,36.34504780980278,0
NWA,D,20110720,000000,8.0729,8.0729,8.0729,8.0729,22.123072579880063,0
NWA,D,20110721,000000,8.06788,8.06788,8.06788,8.06788,22.123072579880063,0
NWA,D,20110722,000000,8.0729,8.12164,8.0729,8.12164,207.0087505688717,0
NWA,D,20110725,000000,8.11784,8.11784,8.11784,8.11784,41.085706219777435,0
NWA,D,20110726,000000,8.11283,8.11784,8.0729,8.0729,72.69009561960556,0
NWA,D,20110727,000000,8.11784,8.12164,8.11784,8.12164,25.28351151986275,0
NWA,D,20110728,000000,8.12164,8.12164,7.96031,7.96031,126.41755759931995,0
NWA,D,20110729,000000,8.02802,8.02802,7.53886,7.53886,1414.2964256423184,0
NWA,D,20110801,000000,7.80272,7.80272,7.80272,7.80272,28.44395045984544,0
NWA,D,20110802,000000,7.80272,7.84388,7.80272,7.84388,25.28351151986275,0
NWA,D,20110804,000000,7.57871,7.57871,7.57871,7.57871,25.28351151986275,0
NWA,D,20110808,000000,7.69573,7.69573,7.69573,7.69573,30.024169929837402,0
NWA,D,20110809,000000,7.4673,7.4673,7.44453,7.44453,90.07250978951097,0
NWA,D,20110810,000000,7.44453,7.44453,7.44453,7.44453,331.846088698201,0
NWA,D,20110812,000000,7.44453,7.44453,7.44453,7.44453,358.70981968805563,0
NWA,D,20110816,000000,7.6198,7.6198,7.60148,7.60148,67.94943720963091,0
NWA,D,20110817,000000,7.57493,7.57493,7.57493,7.57493,44.246145159760125,0
NWA,D,20110818,000000,7.56984,7.56984,7.56984,7.56984,25.28351151986275,0
NWA,D,20110822,000000,7.55275,7.55275,7.55275,7.55275,14.22197522992272,0
NWA,D,20110823,000000,7.52998,7.53442,7.52998,7.53442,25.28351151986275,0
NWA,D,20110825,000000,7.4401,7.4401,7.4401,7.4401,14.22197522992272,0
NWA,D,20110826,000000,7.4401,7.4401,7.43566,7.43566,28.44395045984544,0
NWA,D,20110829,000000,7.4401,7.4401,7.4401,7.4401,15.802194699914683,0
NWA,D,20110830,000000,7.4401,7.4401,7.4401,7.4401,18.962633639897373,0
NWA,D,20110902,000000,7.17115,7.26481,7.04523,7.17558,380.8328922679382,0
NWA,D,20110905,000000,7.12623,7.25659,7.12623,7.25659,820.1339049255457,0
NWA,D,20110906,000000,7.17558,7.17558,7.17558,7.17558,246.5142373186646,0
NWA,D,20110907,000000,7.26102,7.26102,7.26102,7.26102,14.22197522992272,0
NWA,D,20110908,000000,7.26102,7.26102,7.26102,7.26102,14.22197522992272,0
NWA,D,20110909,000000,7.12623,7.12623,6.94651,6.94651,402.95596484780833,0
NWA,D,20110912,000000,6.85728,6.85728,6.85728,6.85728,25.28351151986275,0
NWA,D,20110913,000000,6.72691,6.72691,6.45797,6.45797,284.4395045984544,0
NWA,D,20110914,000000,6.40861,6.40861,6.40861,6.40861,124.83733812931685,0
NWA,D,20110915,000000,6.13965,6.22888,6.13965,6.22888,63.208778799657495,0
NWA,D,20110916,000000,6.13522,6.13522,6.13522,6.13522,44.246145159760125,0
NWA,D,20110920,000000,6.04599,6.04599,6.04599,6.04599,22.123072579880063,0
NWA,D,20110922,000000,6.04599,6.04599,6.04599,6.04599,14.22197522992272,0
NWA,D,20110926,000000,6.0403,6.0403,6.0403,6.0403,14.22197522992272,0
NWA,D,20110927,000000,6.0403,6.0403,6.0403,6.0403,15.802194699914683,0
NWA,D,20110929,000000,6.0403,6.0403,6.0403,6.0403,12.641755759931995,0
NWA,D,20110930,000000,6.0403,6.0403,5.67345,5.67345,37.925267279794745,0
NWA,D,20111003,000000,5.87038,5.87038,5.87038,5.87038,12.641755759931995,0
NWA,D,20111005,000000,5.82546,5.82546,5.82546,5.82546,14.22197522992272,0
NWA,D,20111006,000000,5.82546,5.82546,5.82546,5.82546,45.82636462975085,0
NWA,D,20111007,000000,5.82546,5.82546,5.82546,5.82546,30.024169929837402,0
NWA,D,20111010,000000,5.82546,5.82546,5.82546,5.82546,12.641755759931995,0
NWA,D,20111011,000000,5.78046,5.78046,5.78046,5.78046,4.740658409974281,0
NWA,D,20111013,000000,5.78046,5.78046,5.78046,5.78046,4.740658409974281,0
NWA,D,20111014,000000,5.78046,5.78046,5.78046,5.78046,22.123072579880063,0
NWA,D,20111017,000000,5.78046,5.78046,5.78046,5.78046,101.134046079451,0
NWA,D,20111018,000000,5.75824,5.75824,5.75824,5.75824,22.123072579880063,0
NWA,D,20111019,000000,5.75824,5.75824,5.75824,5.75824,22.123072579880063,0
NWA,D,20111020,000000,5.74914,5.74914,5.74914,5.74914,22.123072579880063,0
NWA,D,20111021,000000,5.74914,5.74914,5.74914,5.74914,12.641755759931995,0
NWA,D,20111024,000000,5.74914,5.74914,5.74914,5.74914,12.641755759931995,0
NWA,D,20111025,000000,5.74914,5.74914,5.74914,5.74914,4.740658409974281,0
NWA,D,20111026,000000,5.74914,5.74914,5.74914,5.74914,22.123072579880063,0
NWA,D,20111027,000000,5.74914,5.74914,5.74914,5.74914,4.740658409974281,0
NWA,D,20111028,000000,5.74914,5.74914,5.74914,5.74914,22.123072579880063,0
NWA,D,20111031,000000,5.69965,5.69965,5.69965,5.69965,12.641755759931995,0
NWA,D,20111102,000000,5.69965,5.69965,5.69965,5.69965,17.38241416990541,0
NWA,D,20111103,000000,5.69965,5.69965,5.69965,5.69965,22.123072579880063,0
NWA,D,20111104,000000,5.69965,5.69965,5.69965,5.69965,22.123072579880063,0
NWA,D,20111107,000000,5.69965,5.69965,5.69965,5.69965,22.123072579880063,0
NWA,D,20111108,000000,5.69965,5.69965,5.69965,5.69965,22.123072579880063,0
NWA,D,20111109,000000,5.69965,5.69965,5.69965,5.69965,17.38241416990541,0
NWA,D,20111110,000000,5.78558,5.78558,5.78558,5.78558,22.123072579880063,0
NWA,D,20111114,000000,5.83002,5.88406,5.83002,5.88406,456.6834268275178,0
NWA,D,20111116,000000,6.04979,6.04979,6.04979,6.04979,12.641755759931995,0
NWA,D,20111117,000000,6.04979,6.04979,6.04979,6.04979,4.740658409974281,0
NWA,D,20111118,000000,6.04979,6.04979,6.04979,6.04979,22.123072579880063,0
NWA,D,20111121,000000,6.04979,6.04979,6.04979,6.04979,4.740658409974281,0
NWA,D,20111122,000000,6.04979,6.04979,6.04979,6.04979,22.123072579880063,0
NWA,D,20111123,000000,6.04979,6.04979,6.04979,6.04979,12.641755759931995,0
NWA,D,20111124,000000,6.04979,6.04979,6.04979,6.04979,9.481316819948562,0
NWA,D,20111125,000000,6.04979,6.04979,6.04979,6.04979,9.481316819948562,0
NWA,D,20111128,000000,6.04979,6.04979,6.04979,6.04979,12.641755759931995,0
NWA,D,20111129,000000,6.04979,6.04979,6.04979,6.04979,9.481316819948562,0
NWA,D,20111130,000000,6.04979,6.04979,6.04979,6.04979,4.740658409974281,0
NWA,D,20111201,000000,6.04979,6.04979,6.04979,6.04979,22.123072579880063,0
NWA,D,20111202,000000,6.04979,6.04979,6.04979,6.04979,4.740658409974281,0
NWA,D,20111205,000000,6.04979,6.04979,6.04979,6.04979,33.184608869820096,0
NWA,D,20111206,000000,6.04979,6.04979,6.04979,6.04979,4.740658409974281,0
NWA,D,20111207,000000,6.04979,6.04979,6.04979,6.04979,12.641755759931995,0
NWA,D,20111208,000000,6.04979,6.04979,6.04979,6.04979,12.641755759931995,0
NWA,D,20111209,000000,6.04979,6.04979,6.04979,6.04979,12.641755759931995,0
NWA,D,20111212,000000,6.04979,6.04979,6.04979,6.04979,12.641755759931995,0
NWA,D,20111213,000000,6.04979,6.04979,6.04979,6.04979,17.38241416990541,0
NWA,D,20111214,000000,6.04979,6.04979,6.04979,6.04979,3.160438939982813,0
NWA,D,20111215,000000,6.04979,6.04979,6.04979,6.04979,3.160438939982813,0
NWA,D,20111222,000000,6.27824,6.27824,6.27824,6.27824,12.641755759931995,0
NWA,D,20111223,000000,6.27824,6.27824,6.27824,6.27824,22.123072579880063,0
NWA,D,20111227,000000,6.27824,6.27824,6.27824,6.27824,22.123072579880063,0
NWA,D,20111228,000000,6.27824,6.27824,6.27824,6.27824,3.160438939982813,0
NWA,D,20111229,000000,6.27824,6.27824,6.27824,6.27824,22.123072579880063,0
NWA,D,20120103,000000,6.39532,6.39532,6.39532,6.39532,412.4372816677651,0
NWA,D,20120104,000000,6.41303,6.41303,6.41303,6.41303,4.740658409974281,0
NWA,D,20120105,000000,6.41303,6.41303,6.41303,6.41303,4.740658409974281,0
NWA,D,20120109,000000,6.40861,6.40861,6.40861,6.40861,12.641755759931995,0
NWA,D,20120110,000000,6.41303,6.41303,6.41303,6.41303,3.160438939982813,0
NWA,D,20120111,000000,6.50289,6.50289,6.50289,6.50289,12.641755759931995,0
NWA,D,20120112,000000,6.49846,6.49846,6.49846,6.49846,3.160438939982813,0
NWA,D,20120113,000000,6.49846,6.49846,6.49846,6.49846,3.160438939982813,0
NWA,D,20120116,000000,6.49846,6.49846,6.49846,6.49846,12.641755759931995,0
NWA,D,20120117,000000,6.49846,6.49846,6.49846,6.49846,3.160438939982813,0
NWA,D,20120118,000000,6.49846,6.49846,6.49846,6.49846,12.641755759931995,0
NWA,D,20120119,000000,6.49846,6.49846,6.49846,6.49846,3.160438939982813,0
NWA,D,20120120,000000,6.49846,6.49846,6.49846,6.49846,12.641755759931995,0
NWA,D,20120123,000000,6.49846,6.49846,6.49846,6.49846,3.160438939982813,0
NWA,D,20120124,000000,6.49846,6.49846,6.49846,6.49846,3.160438939982813,0
NWA,D,20120125,000000,6.49846,6.49846,6.49846,6.49846,3.160438939982813,0
NWA,D,20120126,000000,6.49846,6.49846,6.49846,6.49846,3.160438939982813,0
NWA,D,20120127,000000,6.49846,6.49846,6.49846,6.49846,3.160438939982813,0
NWA,D,20120130,000000,6.49846,6.49846,6.49846,6.49846,12.641755759931995,0
NWA,D,20120131,000000,6.49846,6.49846,6.49846,6.49846,3.160438939982813,0
NWA,D,20120201,000000,6.49846,6.49846,6.49846,6.49846,3.160438939982813,0
NWA,D,20120202,000000,6.49846,6.49846,6.49846,6.49846,244.93401784867388,0
NWA,D,20120207,000000,6.27824,6.27824,6.27824,6.27824,12.641755759931995,0
NWA,D,20120208,000000,6.27824,6.27824,6.27824,6.27824,3.160438939982813,0
NWA,D,20120209,000000,6.27824,6.27824,6.27824,6.27824,3.160438939982813,0
NWA,D,20120210,000000,6.27824,6.27824,6.27824,6.27824,3.160438939982813,0
NWA,D,20120213,000000,6.27824,6.27824,6.27824,6.27824,396.63508696784544,0
NWA,D,20120214,000000,6.27824,6.27824,6.27824,6.27824,3.160438939982813,0
NWA,D,20120215,000000,6.27824,6.27824,6.27824,6.27824,12.641755759931995,0
NWA,D,20120216,000000,6.27824,6.27824,6.27824,6.27824,3.160438939982813,0
NWA,D,20120217,000000,6.27824,6.27824,6.27824,6.27824,3.160438939982813,0
NWA,D,20120220,000000,6.27824,6.27824,6.27824,6.27824,3.160438939982813,0
NWA,D,20120221,000000,6.27824,6.27824,6.27824,6.27824,12.641755759931995,0
NWA,D,20120222,000000,6.27824,6.27824,6.27824,6.27824,22.123072579880063,0
NWA,D,20120223,000000,6.27824,6.27824,6.27824,6.27824,12.641755759931995,0
NWA,D,20120224,000000,6.27824,6.27824,6.27824,6.27824,3.160438939982813,0
NWA,D,20120227,000000,6.27824,6.27824,6.27824,6.27824,12.641755759931995,0
NWA,D,20120228,000000,6.27824,6.27824,6.27824,6.27824,17.38241416990541,0
NWA,D,20120229,000000,6.27824,6.27824,6.27824,6.27824,17.38241416990541,0
NWA,D,20120301,000000,6.27824,6.27824,6.27824,6.27824,17.38241416990541,0
NWA,D,20120302,000000,6.27824,6.27824,6.27824,6.27824,17.38241416990541,0
NWA,D,20120305,000000,6.27824,6.27824,6.27824,6.27824,17.38241416990541,0
NWA,D,20120306,000000,6.27824,6.27824,6.27824,6.27824,17.38241416990541,0
NWA,D,20120307,000000,6.27824,6.27824,6.27824,6.27824,17.38241416990541,0
NWA,D,20120308,000000,6.27824,6.27824,6.27824,6.27824,17.38241416990541,0
NWA,D,20120309,000000,6.30102,6.81614,6.30102,6.81614,791.6899544657002,0
NWA,D,20120312,000000,7.17558,7.17558,7.17558,7.17558,22.123072579880063,0
NWA,D,20120313,000000,6.86171,6.86171,6.35481,6.35481,1147.2393352137744,0
NWA,D,20120314,000000,6.41303,6.41303,6.41303,6.41303,399.79552590782686,0
NWA,D,20120315,000000,6.21622,7.69573,6.21622,7.26481,829.6152217455023,0
NWA,D,20120319,000000,7.17558,7.17558,7.17558,7.17558,15.802194699914683,0
NWA,D,20120320,000000,7.17558,7.48948,7.17558,7.48948,22.123072579880063,0
NWA,D,20120321,000000,7.17558,8.00518,7.17558,7.35027,1464.8634486820956,0
NWA,D,20120322,000000,7.17558,7.17558,7.17558,7.17558,15.802194699914683,0
NWA,D,20120323,000000,6.68198,6.68198,5.60574,5.60574,2070.087505688717,0
NWA,D,20120326,000000,5.15758,5.15758,5.15758,5.15758,467.7449631174652,0
NWA,D,20120327,000000,4.43983,4.43983,4.43983,4.43983,1042.944850194337,0
NWA,D,20120328,000000,4.43983,4.43983,4.43983,4.43983,682.6548110362907,0
NWA,D,20120329,000000,4.4847,4.4847,4.4847,4.4847,22.123072579880063,0
NWA,D,20120330,000000,4.26041,4.26041,4.26041,4.26041,115.35602130937372,0
NWA,D,20120402,000000,4.26041,4.26041,4.26041,4.26041,26.863730989854712,0
NWA,D,20120403,000000,4.26041,4.26041,4.26041,4.26041,120.09667971934837,0
NWA,D,20120405,000000,4.26041,4.26041,4.26041,4.26041,25.28351151986275,0
NWA,D,20120410,000000,4.26041,4.26041,4.26041,4.26041,25.28351151986275,0
NWA,D,20120411,000000,4.26041,4.26041,4.26041,4.26041,22.123072579880063,0
NWA,D,20120412,000000,4.26041,4.26041,4.26041,4.26041,22.123072579880063,0
NWA,D,20120416,000000,3.812,3.812,3.812,3.812,1358.988744192643,0
NWA,D,20120417,000000,3.812,3.812,3.812,3.812,25.28351151986275,0
NWA,D,20120418,000000,3.812,3.812,3.812,3.812,26.863730989854712,0
NWA,D,20120419,000000,3.812,3.812,3.812,3.812,26.863730989854712,0
NWA,D,20120420,000000,3.63702,3.63702,3.13925,3.13925,3430.656469351326,0
NWA,D,20120423,000000,3.05856,3.05856,3.05856,3.05856,818.553685455555,0
NWA,D,20120424,000000,3.04964,3.04964,3.04964,3.04964,25.28351151986275,0
NWA,D,20120426,000000,3.13925,3.13925,3.13925,3.13925,22.123072579880063,0
NWA,D,20120427,000000,3.05856,3.05856,3.05856,3.05856,357.1296002180649,0
NWA,D,20120430,000000,3.05856,3.05856,3.05856,3.05856,33.184608869820096,0
NWA,D,20120502,000000,3.05856,3.05856,3.05856,3.05856,44.246145159760125,0
NWA,D,20120504,000000,3.05856,3.05856,3.05856,3.05856,33.184608869820096,0
NWA,D,20120507,000000,3.05856,3.05856,3.05856,3.05856,44.246145159760125,0
NWA,D,20120508,000000,3.05856,3.05856,3.05856,3.05856,36.34504780980278,0
NWA,D,20120509,000000,3.05856,3.05856,3.05856,3.05856,22.123072579880063,0
NWA,D,20120510,000000,3.05856,3.05856,3.05856,3.05856,33.184608869820096,0
NWA,D,20120511,000000,3.05413,3.49357,3.05413,3.49357,4419.873857565991,0
NWA,D,20120514,000000,3.45319,3.45319,3.45319,3.45319,736.382273016,0
NWA,D,20120522,000000,3.71335,3.71335,3.71335,3.71335,33.184608869820096,0
NWA,D,20120523,000000,3.71335,3.71335,3.71335,3.71335,12.641755759931995,0
NWA,D,20120524,000000,3.71335,3.71335,3.71335,3.71335,22.123072579880063,0
NWA,D,20120525,000000,3.71335,3.71335,3.71335,3.71335,12.641755759931995,0
NWA,D,20120528,000000,3.71335,3.71335,3.71335,3.71335,22.123072579880063,0
NWA,D,20120529,000000,3.71335,3.71335,3.71335,3.71335,12.641755759931995,0
NWA,D,20120530,000000,3.71335,3.71335,3.71335,3.71335,22.123072579880063,0
NWA,D,20120531,000000,3.71335,3.71335,3.71335,3.71335,22.123072579880063,0
NWA,D,20120601,000000,3.54293,3.54293,3.04059,3.04059,2183.863307528124,0
NWA,D,20120604,000000,2.87017,2.87017,2.87017,2.87017,1561.2568363515052,0
NWA,D,20120605,000000,2.69076,2.69076,2.60558,2.60558,1019.2415581444636,0
NWA,D,20120611,000000,2.55629,2.55629,2.55629,2.55629,981.316290864674,0
NWA,D,20120613,000000,2.68184,2.68184,2.68184,2.68184,937.0701457049088,0
NWA,D,20120614,000000,2.78056,2.78056,2.69076,2.69076,914.9470731250386,0
NWA,D,20120627,000000,2.68627,2.68627,2.68627,2.68627,110.61536289939907,0
NWA,D,20120628,000000,2.64147,2.64147,2.45764,2.45764,1193.0656998435302,0
NWA,D,20120629,000000,2.49345,2.49345,2.49345,2.49345,22.123072579880063,0
NWA,D,20120702,000000,2.42175,2.42175,2.42175,2.42175,12.641755759931995,0
NWA,D,20120704,000000,2.42175,2.44422,2.42175,2.44422,91.65272925950293,0
NWA,D,20120705,000000,2.44422,2.44422,2.44422,2.44422,90.07250978951097,0
NWA,D,20120713,000000,2.33202,2.33202,2.33202,2.33202,66.36921773964019,0
NWA,D,20120717,000000,2.37682,2.37682,2.37682,2.37682,22.123072579880063,0
NWA,D,20120718,000000,2.37682,2.37682,2.37682,2.37682,12.641755759931995,0
NWA,D,20120719,000000,2.37682,2.37682,2.37682,2.37682,12.641755759931995,0
NWA,D,20120720,000000,2.37682,2.37682,2.37682,2.37682,12.641755759931995,0
NWA,D,20120723,000000,2.37682,2.37682,2.37682,2.37682,3.160438939982813,0
NWA,D,20120724,000000,2.37682,2.37682,2.37682,2.37682,12.641755759931995,0
NWA,D,20120725,000000,2.38131,2.38131,2.38131,2.38131,12.641755759931995,0
NWA,D,20120726,000000,2.38131,2.38131,2.38131,2.38131,3.160438939982813,0
NWA,D,20120727,000000,2.38131,2.38131,2.38131,2.38131,3.160438939982813,0
NWA,D,20120730,000000,2.38131,2.38131,2.38131,2.38131,22.123072579880063,0
NWA,D,20120731,000000,2.38131,2.38131,2.38131,2.38131,22.123072579880063,0
NWA,D,20120801,000000,2.38131,2.38131,2.38131,2.38131,22.123072579880063,0
NWA,D,20120802,000000,2.38131,2.38131,2.38131,2.38131,22.123072579880063,0
NWA,D,20120803,000000,2.38131,2.38131,2.38131,2.38131,22.123072579880063,0
NWA,D,20120813,000000,2.33202,2.33202,2.33202,2.33202,445.6218905375827,0
NWA,D,20120814,000000,2.3679,2.3679,2.3679,2.3679,3.160438939982813,0
NWA,D,20120816,000000,2.3679,2.3679,2.3679,2.3679,4.740658409974281,0
NWA,D,20120820,000000,2.37233,2.60109,2.37233,2.60109,1464.8634486820956,0
NWA,D,20120821,000000,2.60109,2.65039,2.60109,2.65039,671.5932747463555,0
NWA,D,20120822,000000,2.69076,2.82087,2.69076,2.82087,317.624113468272,0
NWA,D,20120823,000000,2.82536,3.09894,2.82536,3.09894,222.81094526879136,0
NWA,D,20120824,000000,3.13925,3.13925,3.11241,3.11241,429.81969583766306,0
NWA,D,20120827,000000,3.08546,3.08546,3.08546,3.08546,519.8922056271839,0
NWA,D,20120828,000000,3.05856,3.05856,3.05856,3.05856,523.0526445671654,0
NWA,D,20120903,000000,2.87017,2.87017,2.85676,2.85676,567.2987897269181,0
NWA,D,20120905,000000,2.85226,2.85226,2.85226,2.85226,12.641755759931995,0
NWA,D,20120906,000000,2.84777,2.84777,2.84777,2.84777,181.7252390490077,0
NWA,D,20120910,000000,2.84327,2.84327,2.44422,2.44422,173.82414169905408,0
NWA,D,20120911,000000,2.42625,2.42625,2.42625,2.42625,625.7669101165997,0
NWA,D,20120918,000000,2.42625,2.42625,2.42625,2.42625,4.740658409974281,0
NWA,D,20120919,000000,2.42625,2.42625,2.42625,2.42625,22.123072579880063,0
NWA,D,20120920,000000,2.42625,2.43518,2.42625,2.43518,1896.2633639897372,0
NWA,D,20120921,000000,2.44422,2.60558,2.44422,2.60558,1091.931653764074,0
NWA,D,20120924,000000,2.60558,2.61008,2.60558,2.61008,22.123072579880063,0
NWA,D,20120927,000000,2.60109,2.60109,2.55629,2.55629,1251.5338202332243,0
NWA,D,20121002,000000,2.6459,2.78499,2.6459,2.78499,90.07250978951097,0
NWA,D,20121003,000000,2.87017,3.02262,2.87017,3.02262,44.246145159760125,0
NWA,D,20121004,000000,3.07204,3.23348,3.07204,3.23348,33.184608869820096,0
NWA,D,20121005,000000,3.31866,3.58773,3.31866,3.58773,110.61536289939907,0
NWA,D,20121008,000000,3.69986,3.89269,3.69986,3.89269,56.88790091969088,0
NWA,D,20121009,000000,3.85681,3.85681,3.6774,3.72233,357.1296002180649,0
NWA,D,20121010,000000,3.6774,3.6774,3.23348,3.23348,489.8680356973354,0
NWA,D,20121022,000000,3.20653,3.20653,3.0137,3.0137,670.0130552763648,0
NWA,D,20121026,000000,2.91504,2.91504,2.8029,2.8029,639.9888853465285,0
NWA,D,20121029,000000,2.6459,2.6459,2.61008,2.61008,657.3712995164265,0
NWA,D,20121030,000000,2.55629,2.55629,2.43068,2.43068,682.6548110362907,0
NWA,D,20121031,000000,2.26475,2.26475,2.10781,2.10781,674.7537136863368,0
NWA,D,20121105,000000,1.99568,2.08542,1.99568,2.08542,1182.0041635535827,0
NWA,D,20121106,000000,2.15267,2.31405,2.15267,2.31405,2081.1490419787265,0
NWA,D,20121107,000000,2.43518,2.43518,2.43518,2.43518,625.7669101165997,0
NWA,D,20121108,000000,2.49801,2.91953,2.49801,2.91953,1869.3996329998206,0
NWA,D,20121109,000000,2.91953,3.07204,2.91953,3.07204,499.3493525172922,0
NWA,D,20121115,000000,3.07204,3.36346,3.07204,3.36346,535.6944003270912,0
NWA,D,20121116,000000,3.58773,3.58773,2.77607,3.13925,5009.295719872828,0
NWA,D,20121119,000000,3.00022,3.22899,2.98224,3.22899,2029.001799468983,0
NWA,D,20121120,000000,3.42181,3.42181,3.42181,3.42181,439.30101265761976,0
NWA,D,20121121,000000,3.42181,3.49806,3.18412,3.49806,3169.9202568028563,0
NWA,D,20121122,000000,3.63253,3.63253,3.63253,3.63253,414.0175011377558,0
NWA,D,20121123,000000,3.63253,3.72233,3.63253,3.72233,2438.2786421967294,0
NWA,D,20121126,000000,3.75822,4.04969,3.75822,4.04969,1656.0700045510728,0
NWA,D,20121127,000000,4.43983,4.82104,4.43983,4.79864,5393.289051080748,0
NWA,D,20121203,000000,5.3635,5.3635,4.83895,4.83895,2828.5928512846367,0
NWA,D,20121204,000000,4.83895,4.83895,4.83895,4.83895,312.88345505829983,0
NWA,D,20121205,000000,4.84344,4.84344,4.84344,4.84344,312.88345505829983,0
NWA,D,20121212,000000,4.84344,4.84344,4.84344,4.84344,26.863730989854712,0
NWA,D,20121213,000000,4.84344,4.84344,4.5071,4.5071,383.99333120791965,0
NWA,D,20121214,000000,4.26041,4.26041,4.19315,4.19315,395.05486749785473,0
NWA,D,20121218,000000,3.90168,3.90168,3.90168,3.90168,410.8570621977744,0
NWA,D,20121227,000000,3.70885,3.70885,3.70885,3.70885,44.246145159760125,0
NWA,D,20130108,000000,3.69986,4.17074,3.69986,4.17074,1224.670089243357,0
NWA,D,20130110,000000,4.16626,4.16626,4.16626,4.16626,363.4504780980278,0
NWA,D,20130116,000000,4.26041,4.26041,4.26041,4.26041,357.1296002180649,0
NWA,D,20130117,000000,4.26041,4.26041,4.26041,4.26041,357.1296002180649,0
NWA,D,20130118,000000,4.62815,4.76276,4.62815,4.76276,649.470202166473,0
NWA,D,20130122,000000,4.89723,4.89723,4.89723,4.89723,670.0130552763648,0
NWA,D,20130123,000000,4.93311,5.47139,4.93311,5.47139,1471.18432656196,0
NWA,D,20130124,000000,5.5431,5.60574,5.5431,5.60574,9193.716876410053,0
NWA,D,20130125,000000,5.92849,6.26496,5.87495,5.87495,775.8877597657928,0
NWA,D,20130130,000000,5.46684,5.46684,5.46684,5.46684,293.92082141839876,0
NWA,D,20130204,000000,5.46684,5.46684,5.46684,5.46684,66.36921773964019,0
NWA,D,20130219,000000,5.46285,5.46684,5.46285,5.46684,538.8548392670726,0
NWA,D,20130220,000000,5.87894,6.27824,5.63245,5.63245,1120.3756042239197,0
NWA,D,20130221,000000,5.63245,5.83002,5.63245,5.83002,978.1558519246925,0
NWA,D,20130222,000000,5.83002,7.01865,5.83002,7.01865,1226.2503087133475,0
NWA,D,20130225,000000,6.5301,6.5301,6.5301,6.5301,246.5142373186646,0
NWA,D,20130301,000000,6.4934,6.4934,6.4934,6.4934,178.5648001090263,0
NWA,D,20130304,000000,6.0403,6.0403,6.0403,6.0403,265.4768709585533,0
NWA,D,20130305,000000,6.03587,6.03587,6.03207,6.03587,3664.5289509101267,0
NWA,D,20130306,000000,6.03587,6.03587,6.03207,6.03207,1739.821636460507,0
NWA,D,20130318,000000,5.61934,5.61934,5.61934,5.61934,276.53840724850073,0
NWA,D,20130325,000000,5.24724,5.60574,5.24724,5.60574,53.72746197970819,0
NWA,D,20130327,000000,5.22016,5.22016,5.22016,5.22016,298.6614798283833,0
NWA,D,20130415,000000,5.24724,5.49411,5.0455,5.49411,9572.969549208074,0
NWA,D,20130417,000000,5.13935,5.13935,5.13935,5.13935,273.37796830851937,0
NWA,D,20130426,000000,4.93311,4.93311,4.80762,4.80762,317.624113468272,0
NWA,D,20130506,000000,4.4981,4.4981,4.4847,4.4847,350.80872233810203,0
NWA,D,20130516,000000,4.4847,4.4847,4.4847,4.4847,357.1296002180649,0
NWA,D,20130517,000000,4.93311,5.83002,4.93311,5.83002,562.5581313169458,0
NWA,D,20130520,000000,5.85273,6.36874,5.85273,6.36874,445.6218905375827,0
NWA,D,20130524,000000,5.96487,5.96487,5.92392,5.92392,263.89665148856255,0
NWA,D,20130527,000000,5.51633,5.51633,5.51177,5.51177,293.92082141839876,0
NWA,D,20130604,000000,5.00064,5.00064,4.96463,4.96463,314.4636745282906,0
NWA,D,20130605,000000,4.70896,4.70896,4.47128,4.47128,347.64828339810816,0
NWA,D,20130620,000000,4.21562,4.21562,4.11696,4.11696,379.25267279794747,0
NWA,D,20130621,000000,4.03627,4.03627,3.812,3.812,346.06806392811745,0
NWA,D,20130624,000000,3.812,3.812,3.812,3.812,3.160438939982813,0
NWA,D,20130625,000000,3.812,3.812,3.812,3.812,12.641755759931995,0
NWA,D,20130626,000000,3.812,3.812,3.812,3.812,9.481316819948562,0
NWA,D,20130628,000000,3.812,3.812,3.812,3.812,3.160438939982813,0
NWA,D,20130701,000000,3.812,3.812,3.812,3.812,3.160438939982813,0
NWA,D,20130702,000000,3.812,3.812,3.812,3.812,3.160438939982813,0
NWA,D,20130703,000000,3.812,3.812,3.812,3.812,3.160438939982813,0
NWA,D,20130704,000000,3.812,3.812,3.812,3.812,3.160438939982813,0
NWA,D,20130716,000000,3.58773,3.58773,3.31866,3.31866,489.8680356973354,0
NWA,D,20130717,000000,3.13925,3.13925,3.07204,3.07204,445.6218905375827,0
NWA,D,20130718,000000,2.84327,2.84327,2.84327,2.84327,529.3735224471284,0
NWA,D,20130808,000000,2.81189,2.81189,2.81189,2.81189,535.6944003270912,0
NWA,D,20130813,000000,2.78056,2.78056,2.24235,2.28722,1224.670089243357,0
NWA,D,20130814,000000,2.30962,2.35892,2.30962,2.35892,559.3976923769644,0
NWA,D,20130821,000000,2.28722,2.28722,2.10781,2.10781,1592.86122575132,0
NWA,D,20130823,000000,2.10781,2.10781,2.00466,2.00466,1403.234889352433,0
NWA,D,20130829,000000,2.00466,2.00915,2.00466,2.00915,126.41755759931995,0
NWA,D,20130830,000000,2.00466,2.02706,2.00466,2.02706,818.553685455555,0
NWA,D,20130902,000000,2.02257,2.24235,2.02257,2.24235,72.69009561960556,0
NWA,D,20130903,000000,2.32753,2.32753,2.32303,2.32303,28.44395045984544,0
NWA,D,20130904,000000,2.26026,2.35892,2.24235,2.35892,396.63508696784544,0
NWA,D,20130905,000000,2.31405,2.37233,2.28722,2.37233,606.804276476711,0
NWA,D,20130906,000000,2.33202,2.46212,2.33202,2.46212,347.64828339810816,0
NWA,D,20130909,000000,2.44422,2.44422,2.44422,2.44422,44.246145159760125,0
NWA,D,20130910,000000,2.5518,2.69526,2.5518,2.69526,297.0812603583926,0
NWA,D,20130913,000000,2.8029,2.83435,2.8029,2.83435,36.34504780980278,0
NWA,D,20130916,000000,2.86568,2.86568,2.86568,2.86568,58.468120389682845,0
NWA,D,20130918,000000,2.86568,2.86568,2.81189,2.81189,559.3976923769644,0
NWA,D,20130924,000000,2.82087,2.82087,2.53832,2.53832,628.9273490565812,0
NWA,D,20130925,000000,2.54281,2.54281,2.54281,2.54281,72.69009561960556,0
NWA,D,20131002,000000,2.54281,2.54731,2.54281,2.54731,178.5648001090263,0
NWA,D,20131025,000000,2.54731,2.54731,2.54731,2.54731,154.86150805916537,0
NWA,D,20131028,000000,2.54281,2.91504,2.54281,2.91504,2416.1555696168343,0
NWA,D,20131030,000000,2.95541,2.95541,2.24235,2.33202,3700.873998719963,0
NWA,D,20131106,000000,2.41277,2.5025,2.41277,2.5025,1164.6217493836848,0
NWA,D,20131107,000000,2.5518,2.5518,2.5518,2.5518,602.0636180667265,0
NWA,D,20131108,000000,2.5518,2.5518,2.53383,2.53383,791.6899544657002,0
NWA,D,20131112,000000,2.5518,2.5518,2.5518,2.5518,72.69009561960556,0
NWA,D,20131113,000000,2.5518,2.5518,2.5518,2.5518,72.69009561960556,0
NWA,D,20131114,000000,2.55629,2.57869,2.55629,2.57869,1671.8721992509802,0
NWA,D,20131115,000000,2.6459,2.68627,2.54731,2.68627,4328.221128306479,0
NWA,D,20131118,000000,2.68627,2.69076,2.15267,2.55629,3495.445467621045,0
NWA,D,20131121,000000,2.78056,2.89263,2.78056,2.89263,646.3097632264916,0
NWA,D,20131202,000000,2.95541,2.95541,2.3679,2.3679,1114.0547263439569,0
NWA,D,20131203,000000,2.83885,2.83885,2.62356,2.62356,420.3383790177187,0
NWA,D,20131204,000000,2.69076,2.69076,2.55629,2.55629,1968.953459609286,0
NWA,D,20131205,000000,2.6459,2.6459,2.6459,2.6459,72.69009561960556,0
NWA,D,20131206,000000,2.6459,2.6459,2.6459,2.6459,72.69009561960556,0
NWA,D,20131212,000000,2.64147,2.64147,2.51142,2.51142,82.17141243955365,0
NWA,D,20131217,000000,2.69076,2.69076,2.69076,2.69076,72.69009561960556,0
NWA,D,20140102,000000,2.6459,2.6459,2.6459,2.6459,72.69009561960556,0
NWA,D,20140103,000000,2.64147,2.64147,2.64147,2.64147,72.69009561960556,0
NWA,D,20140110,000000,2.46662,2.46662,2.46662,2.46662,602.0636180667265,0
NWA,D,20140116,000000,2.31405,2.31405,2.31405,2.31405,690.5559083862565,0
NWA,D,20140122,000000,2.28722,2.28722,1.79393,1.79393,2251.812744737774,0
NWA,D,20140123,000000,1.61446,1.61446,1.34544,1.57415,1539.1337637716106,0
NWA,D,20140124,000000,1.57415,1.57415,1.26913,1.56965,2509.3885183464363,0
NWA,D,20140127,000000,1.61902,1.79393,1.61902,1.70412,165.9230443491005,0
NWA,D,20140128,000000,1.37677,1.79393,1.34544,1.79393,5429.634098890584,0
NWA,D,20140129,000000,2.15267,2.15267,2.15267,2.15267,110.61536289939907,0
NWA,D,20140130,000000,2.37682,2.37682,2.37682,2.37682,289.1801630084266,0
NWA,D,20140131,000000,2.46662,2.68184,2.46662,2.68184,83.7516319095456,0
NWA,D,20140203,000000,2.67286,2.82536,2.67286,2.69076,1193.0656998435302,0
NWA,D,20140204,000000,2.77607,2.77607,2.77607,2.77607,712.6789809661267,0
NWA,D,20140205,000000,2.58318,2.58318,2.40378,2.40378,4781.744116194016,0
NWA,D,20140206,000000,2.40378,2.40378,2.37682,2.37682,85.33185137953633,0
NWA,D,20140207,000000,2.35442,2.35442,2.35442,2.35442,63.208778799657495,0
NWA,D,20140210,000000,2.01807,2.01807,2.01807,2.01807,1.5802194699914682,0
NWA,D,20140212,000000,2.24235,2.33202,2.24235,2.33202,224.39116473878207,0
NWA,D,20140217,000000,2.23786,2.23786,2.23786,2.23786,412.4372816677651,0
NWA,D,20140218,000000,2.30513,2.30513,2.30513,2.30513,72.69009561960556,0
NWA,D,20140219,000000,2.30513,2.30513,2.30513,2.30513,72.69009561960556,0
NWA,D,20140220,000000,2.30513,2.30513,2.15267,2.15267,77.43075402958021,0
NWA,D,20140227,000000,2.57869,2.57869,2.57869,2.57869,72.69009561960556,0
NWA,D,20140228,000000,2.5966,2.5966,2.35892,2.5966,1229.410747653329,0
NWA,D,20140303,000000,2.5966,2.5966,2.51142,2.51142,671.5932747463555,0
NWA,D,20140304,000000,2.50693,2.50693,2.50693,2.50693,72.69009561960556,0
NWA,D,20140318,000000,2.33651,2.33651,2.33651,2.33651,483.54715781737247,0
NWA,D,20140325,000000,2.35892,2.35892,2.35892,2.35892,66.36921773964019,0
NWA,D,20140402,000000,2.3634,2.71322,2.3634,2.50693,1381.1118167725378,0
NWA,D,20140403,000000,2.52934,2.52934,2.52934,2.52934,72.69009561960556,0
NWA,D,20140404,000000,2.52934,2.52934,2.52934,2.52934,72.69009561960556,0
NWA,D,20140408,000000,2.53832,2.53832,2.3679,2.3679,670.0130552763648,0
NWA,D,20140423,000000,2.37682,2.37682,2.37682,2.37682,72.69009561960556,0
NWA,D,20140424,000000,2.28722,2.28722,2.23336,2.23336,519.8922056271839,0
NWA,D,20140428,000000,2.26475,2.71322,2.26475,2.38586,3255.25210818238,0
NWA,D,20140502,000000,2.24235,2.24235,2.10781,2.15267,2033.7424578790046,0
NWA,D,20140516,000000,2.26026,2.26026,2.10781,2.10781,786.949296055728,0
NWA,D,20140527,000000,2.10781,2.10781,1.9822,1.9822,146.96041070919938,0
NWA,D,20140606,000000,2.10781,2.10781,1.9822,1.9822,832.7756606854838,0
NWA,D,20140702,000000,1.92841,1.92841,1.8567,1.8567,881.7624642552086,0
NWA,D,20140725,000000,1.73109,1.73109,1.61446,1.61446,913.3668536550479,0
NWA,D,20140731,000000,1.73109,1.73109,1.73109,1.73109,12.641755759931995,0
NWA,D,20140811,000000,1.73109,1.73109,1.73109,1.73109,390.31420908788255,0
NWA,D,20140812,000000,1.79393,1.79393,1.79393,1.79393,1896.2633639897372,0
NWA,D,20140819,000000,1.83873,1.83873,1.83873,1.83873,379.25267279794747,0
NWA,D,20140820,000000,1.83873,1.906,1.79393,1.88354,102257.582122615,0
NWA,D,20140821,000000,1.906,1.906,1.906,1.906,786.949296055728,0
NWA,D,20140826,000000,1.88354,1.88354,1.88354,1.88354,798.010832345663,0
NWA,D,20140827,000000,1.88354,1.906,1.88354,1.906,1248.3733812931684,0
NWA,D,20140902,000000,2.02257,2.02257,2.00017,2.00017,1493.3073991418546,0
NWA,D,20140905,000000,1.87905,1.87905,1.87905,1.87905,278.1186267184915,0
NWA,D,20140910,000000,1.97328,1.97328,1.95087,1.95087,1529.6524469516908,0
NWA,D,20141008,000000,1.83873,1.83873,1.83873,1.83873,816.9734659855641,0
NWA,D,20141029,000000,1.83873,1.83873,1.83873,1.83873,22.123072579880063,0
NWA,D,20141031,000000,1.73559,1.73559,1.73559,1.73559,293.92082141839876,0
NWA,D,20141103,000000,1.84773,1.84773,1.84773,1.84773,22.123072579880063,0
NWA,D,20141112,000000,1.7266,1.7266,1.7266,1.7266,44.246145159760125,0
NWA,D,20141113,000000,1.7266,1.7266,1.7266,1.7266,1069.8085811841916,0
NWA,D,20141117,000000,1.7266,1.7266,1.7266,1.7266,222.81094526879136,0
NWA,D,20141126,000000,1.7266,1.7266,1.7266,1.7266,2452.500617426671,0
NWA,D,20141208,000000,1.72204,1.7266,1.72204,1.7266,2430.377544846776,0
NWA,D,20141215,000000,1.65933,1.6728,1.65933,1.6728,1463.283229212006,0
NWA,D,20141219,000000,1.6728,1.6728,1.6728,1.6728,22.123072579880063,0
NWA,D,20141222,000000,1.56965,1.56965,1.51587,1.51587,4445.157369085818,0
NWA,D,20141223,000000,1.50681,1.50681,1.50681,1.50681,3.160438939982813,0
NWA,D,20141229,000000,1.61902,1.61902,1.51587,1.51587,56.88790091969088,0
NWA,D,20141230,000000,1.51587,1.51587,1.51587,1.51587,22.123072579880063,0
NWA,D,20150220,000000,1.51587,1.51587,1.51587,1.51587,660.5317384564204,0
NWA,D,20150223,000000,1.43954,1.43954,1.43954,1.43954,676.3339331563276,0
NWA,D,20150313,000000,1.37228,1.37228,1.37228,1.37228,559.3976923769644,0
NWA,D,20150319,000000,1.34544,1.34544,1.34544,1.34544,222.81094526879136,0
NWA,D,20150320,000000,1.34544,1.34544,1.32298,1.32298,467.7449631174652,0
NWA,D,20150324,000000,1.3319,1.3319,1.3319,1.3319,1.5802194699914682,0
NWA,D,20150327,000000,1.3185,1.3185,1.3185,1.3185,523.0526445671654,0
NWA,D,20150331,000000,1.27362,1.27362,1.27362,1.27362,44.246145159760125,0
NWA,D,20150401,000000,1.27362,1.41715,1.27362,1.3095,641.5691048165193,0
NWA,D,20150402,000000,1.2826,1.2826,1.2826,1.2826,780.6284181757651,0
NWA,D,20150407,000000,1.22433,1.46651,1.21983,1.46651,5004.555061462807,0
NWA,D,20150408,000000,1.2916,1.35437,1.2602,1.2602,1114.0547263439569,0
NWA,D,20150409,000000,1.25122,1.25122,1.25122,1.25122,398.21530643783615,0
NWA,D,20150410,000000,1.24679,1.24679,1.24679,1.24679,64.78899826964823,0
NWA,D,20150415,000000,1.24679,1.24679,1.24679,1.24679,560.9779118469552,0
NWA,D,20150421,000000,1.19294,1.19294,1.19294,1.19294,780.6284181757651,0
NWA,D,20150428,000000,1.12117,1.12117,1.12117,1.12117,884.9229031952025,0
NWA,D,20150504,000000,1.12117,1.13465,1.12117,1.13465,1758.78427010047,0
NWA,D,20150506,000000,1.13465,1.13465,1.12117,1.12117,3789.366289039419,0
NWA,D,20150507,000000,1.12117,1.12117,1.12117,1.12117,2030.582018938949,0
NWA,D,20150508,000000,1.12117,1.34544,1.07631,1.07631,9255.345435739715,0
NWA,D,20150511,000000,1.14364,1.37228,1.14364,1.27811,10897.193465060847,0
NWA,D,20150512,000000,1.21085,1.21085,1.01802,1.01802,14997.862989688017,0
NWA,D,20150513,000000,1.06282,1.25122,1.06282,1.11213,6866.053597112798,0
NWA,D,20150515,000000,1.04941,1.04941,1.04941,1.04941,956.03277934481,0
NWA,D,20150518,000000,1.06282,1.25122,1.06282,1.08979,4197.0629122972,0
NWA,D,20150525,000000,1.03593,1.03593,1.0315,1.0315,5429.634098890584,0
NWA,D,20150526,000000,0.968724,0.968724,0.968724,0.968724,191.20655586896444,0
NWA,D,20150527,000000,0.968724,0.968724,0.968724,0.968724,222.81094526879136,0
NWA,D,20150602,000000,1.03593,1.04042,0.991131,0.991131,848.577855385391,0
NWA,D,20150605,000000,1.05384,1.16604,0.874564,1.16604,1396.9140114724453,0
NWA,D,20150609,000000,1.0315,1.0315,1.0315,1.0315,312.88345505829983,0
NWA,D,20150615,000000,1.01353,1.01353,1.01353,1.01353,110.61536289939907,0
NWA,D,20150616,000000,0.99556,0.99556,0.99556,0.99556,110.61536289939907,0
NWA,D,20150624,000000,0.99556,0.99556,0.99556,0.99556,1005.0195829145471,0
NWA,D,20150626,000000,1.00904,1.05834,1.00904,1.04941,2047.964433108946,0
NWA,D,20150629,000000,1.04941,1.04941,1.04941,1.04941,938.6503651748997,0
NWA,D,20150702,000000,0.99556,0.99556,0.99556,0.99556,110.61536289939907,0
NWA,D,20150709,000000,0.99556,0.99556,0.852099,0.99556,9310.653117189515,0
NWA,D,20150710,000000,0.928347,0.950754,0.887979,0.950754,6701.710772233614,0
NWA,D,20150713,000000,0.950754,0.950754,0.762366,0.83862,19188.605024106342,0
NWA,D,20150714,000000,0.870071,0.870071,0.83862,0.83862,1169.362407793657,0
NWA,D,20150716,000000,0.90595,0.90595,0.90595,0.90595,1106.1536289939907,0
NWA,D,20150717,000000,0.883485,0.950754,0.883485,0.883485,3259.9927665922783,0
NWA,D,20150720,000000,0.834192,1.00005,0.834192,0.83862,3485.9641508011255,0
NWA,D,20150723,000000,0.83862,0.852099,0.793748,0.852099,12017.569069284791,0
NWA,D,20150727,000000,0.816213,0.847606,0.816213,0.847606,1338.445891082714,0
NWA,D,20150730,000000,0.816213,0.852099,0.816213,0.852099,289.1801630084266,0
NWA,D,20150803,000000,0.852099,0.852099,0.852099,0.852099,4348.763981416409,0
NWA,D,20150818,000000,0.852099,1.02251,0.852099,1.02251,32734.246320872982,0
NWA,D,20150819,000000,1.1077,1.1077,0.950754,0.950754,7333.7985602301505,0
NWA,D,20150820,000000,1.08529,1.08529,0.878992,0.946262,13823.759923484611,0
NWA,D,20150821,000000,0.946262,0.946262,0.928347,0.928347,2234.4303305679014,0
NWA,D,20150824,000000,0.878992,0.878992,0.878992,0.878992,1137.75801839383,0
NWA,D,20150901,000000,0.878992,0.928347,0.878992,0.919362,3305.8191312220342,0
NWA,D,20150902,000000,0.86557,0.86557,0.86557,0.86557,312.88345505829983,0
NWA,D,20150903,000000,0.861085,0.928347,0.861085,0.910443,2360.8478881671595,0
NWA,D,20150904,000000,0.86557,0.874564,0.86557,0.874564,2300.799548307462,0
NWA,D,20150907,000000,0.861085,0.861085,0.861085,0.861085,891.2437810751654,0
NWA,D,20150908,000000,0.878992,0.878992,0.878992,0.878992,22.123072579880063,0
NWA,D,20150909,000000,0.811784,0.811784,0.811784,0.811784,22.123072579880063,0
NWA,D,20150911,000000,0.811784,0.811784,0.811784,0.811784,646.3097632264916,0
NWA,D,20150914,000000,0.843105,0.896908,0.843105,0.896908,1289.4590875130264,0
NWA,D,20150924,000000,0.896908,0.941769,0.896908,0.941769,2452.500617426671,0
NWA,D,20150925,000000,0.946262,0.946262,0.932839,0.932839,2128.5556260784483,0
NWA,D,20150928,000000,0.883485,0.883485,0.883485,0.883485,1125.1162626338917,0
NWA,D,20150929,000000,0.896908,1.0315,0.896908,1.0315,2231.2698916278455,0
NWA,D,20150930,000000,1.0315,1.0315,1.0315,1.0315,1071.3888006541824,0
NWA,D,20151001,000000,0.96424,0.96424,0.96424,0.96424,1039.7844112543555,0
NWA,D,20151002,000000,0.910443,0.910443,0.910443,0.910443,1096.6723121740465,0
NWA,D,20151005,000000,0.919362,0.919362,0.896908,0.896908,2651.6082706456014,0
NWA,D,20151014,000000,0.901392,0.901392,0.852099,0.852099,5217.884689911679,0
NWA,D,20151016,000000,0.874564,0.896908,0.874564,0.896908,641.5691048165193,0
NWA,D,20151019,000000,0.896908,1.0315,0.896908,1.0315,24259.529303309206,0
NWA,D,20151020,000000,1.0315,1.2378,0.959748,1.2378,10307.771602754008,0
NWA,D,20151021,000000,1.3095,1.34544,1.04941,1.27811,9887.433223736378,0
NWA,D,20151102,000000,1.04491,1.21085,0.973216,1.09871,4438.836491205953,0
NWA,D,20151104,000000,1.02251,1.02251,0.919362,0.986639,4214.445326467073,0
NWA,D,20151105,000000,0.919362,0.986639,0.870071,0.986639,5777.2823822886685,0
NWA,D,20151112,000000,0.870071,0.977645,0.86557,0.883485,5911.60103723788,0
NWA,D,20151118,000000,0.811784,0.820705,0.650289,0.811784,7142.592004361175,0
NWA,D,20151119,000000,0.739958,0.816213,0.672691,0.811784,20955.29039155627,0
NWA,D,20151120,000000,0.802802,0.802802,0.645797,0.650289,6466.258071204847,0
NWA,D,20151123,000000,0.672691,0.735464,0.614408,0.735464,1607.0832009812614,0
NWA,D,20151125,000000,0.717558,0.717558,0.717558,0.717558,892.8240005451562,0
NWA,D,20151126,000000,0.735464,0.762366,0.695157,0.757871,2291.3182314875426,0
NWA,D,20151127,000000,0.695157,0.748948,0.681614,0.695157,2950.269750473997,0
NWA,D,20151130,000000,0.690664,0.695157,0.627824,0.695157,696.8767862662196,0
NWA,D,20151201,000000,0.695157,0.717558,0.695157,0.717558,606.804276476711,0
NWA,D,20151202,000000,0.650289,0.717558,0.650289,0.717558,25.28351151986275,0
NWA,D,20151209,000000,0.650289,0.717558,0.650289,0.717558,336.58674710817314,0
NWA,D,20151214,000000,0.717558,0.861085,0.717558,0.771348,4573.155146155165,0
NWA,D,20151215,000000,0.780272,0.780272,0.780272,0.780272,1671.8721992509802,0
NWA,D,20151216,000000,0.780272,0.784766,0.780272,0.784766,2842.814826514578,0
NWA,D,20151217,000000,0.717558,0.793748,0.627824,0.717558,6736.475600573484,0
NWA,D,20151222,000000,0.793748,0.829699,0.672691,0.80729,2291.3182314875426,0
NWA,D,20160104,000000,0.726481,0.726481,0.659212,0.668198,2300.799548307462,0
NWA,D,20160114,000000,0.605422,0.663705,0.600929,0.663705,6042.759253247159,0
NWA,D,20160115,000000,0.654782,0.717558,0.650289,0.708572,5352.203344861015,0
NWA,D,20160119,000000,0.659212,0.78926,0.659212,0.78926,1812.5117320801794,0
NWA,D,20160120,000000,0.650289,0.717558,0.650289,0.717558,1845.69634094996,0
NWA,D,20160125,000000,0.592006,0.605422,0.58302,0.605422,5263.711054541434,0
NWA,D,20160128,000000,0.605422,0.717558,0.605422,0.717558,1673.452418720946,0
NWA,D,20160202,000000,0.739958,0.829699,0.717558,0.762366,13250.140255878177,0
NWA,D,20160203,000000,0.771348,0.923854,0.708572,0.914878,19194.92590198596,0
NWA,D,20160208,000000,0.874564,0.874564,0.874564,0.874564,222.81094526879136,0
NWA,D,20160209,000000,0.820705,0.887979,0.820705,0.887979,1044.5250696643277,0
NWA,D,20160211,000000,0.847606,0.914878,0.847606,0.914878,1937.3490702094714,0
NWA,D,20160212,000000,0.852099,0.852099,0.852099,0.852099,1169.362407793657,0
NWA,D,20160223,000000,0.861085,0.861085,0.861085,0.861085,56.88790091969088,0
NWA,D,20160224,000000,0.861085,0.861085,0.861085,0.861085,1163.041529913694,0
NWA,D,20160226,000000,0.843105,0.910443,0.843105,0.843105,3443.2982251113017,0
NWA,D,20160229,000000,0.856593,0.914878,0.856593,0.914878,1191.4854803735393,0
NWA,D,20160301,000000,0.847606,0.910443,0.847606,0.910443,1205.7074556034559,0
NWA,D,20160304,000000,0.798242,1.0808,0.798242,1.0808,8836.58727619205,0
NWA,D,20160307,000000,1.29609,1.55168,1.04042,1.46651,15342.350834147532,0
NWA,D,20160308,000000,1.30058,1.56067,1.14364,1.39018,21021.659609296574,0
NWA,D,20160309,000000,1.66826,1.96878,1.3364,1.56965,28229.04061192611,0
NWA,D,20160310,000000,1.2602,1.79393,1.2602,1.79393,5015.616597752816,0
NWA,D,20160311,000000,1.58756,1.79393,1.36336,1.56067,9244.28389944983,0
NWA,D,20160314,000000,1.4934,1.74899,1.30058,1.47998,2550.47422456617,0
NWA,D,20160317,000000,1.39018,1.47998,1.39018,1.47998,1656.0700045510728,0
NWA,D,20160318,000000,1.41265,1.47998,1.3364,1.47998,2205.9863801080187,0
NWA,D,20160321,000000,1.3095,1.39468,1.13015,1.34089,8871.352104531796,0
NWA,D,20160322,000000,1.13015,1.3364,0.90595,0.986639,41728.855544063365,0
NWA,D,20160323,000000,0.919362,1.06732,0.762366,1.01802,3315.3004480419536,0
NWA,D,20160324,000000,0.950754,1.06282,0.950754,1.06282,3692.9729013700094,0
NWA,D,20160329,000000,1.01802,1.06282,0.950754,1.06282,7011.433788351896,0
NWA,D,20160330,000000,0.968724,1.2916,0.950754,1.27811,42201.34116559098,0
NWA,D,20160331,000000,1.02701,1.22876,0.968724,0.982146,15460.867294395597,0
NWA,D,20160401,000000,0.937277,0.986639,0.928347,0.986639,663.692177396402,0
NWA,D,20160404,000000,0.923854,1.05384,0.910443,1.05384,3808.328922679382,0
NWA,D,20160405,000000,0.986639,1.1077,0.986639,1.1032,8629.578525623167,0
NWA,D,20160406,000000,0.991131,1.06282,0.825207,1.06282,2047.964433108946,0
NWA,D,20160408,000000,1.06282,1.1032,0.991131,1.06282,8127.068734165941,0
NWA,D,20160411,000000,0.968724,1.09871,0.968724,1.09871,1716.1183444106462,0
NWA,D,20160415,000000,0.986639,1.02701,0.896908,1.02251,10167.13206992481,0
NWA,D,20160420,000000,1.02251,1.02251,1.02251,1.02251,670.0130552763648,0
NWA,D,20160421,000000,1.02251,1.02701,1.02251,1.02701,613.1251543566738,0
NWA,D,20160422,000000,0.96424,1.02701,0.96424,1.02701,2175.9622101781697,0
NWA,D,20160425,000000,1.02701,1.02701,0.96424,1.00005,854.8987332653663,0
NWA,D,20160426,000000,1.00005,1.00005,1.00005,1.00005,110.61536289939907,0
NWA,D,20160427,000000,1.00005,1.02701,0.932839,1.02701,2089.0501393286804,0
NWA,D,20160504,000000,0.941769,0.96424,0.896908,0.96424,5116.750643832247,0
NWA,D,20160518,000000,0.914878,1.09422,0.914878,1.09422,4481.502416895653,0
NWA,D,20160519,000000,1.0315,1.09422,0.982146,1.09422,2117.4940897885626,0
NWA,D,20160520,000000,1.05384,1.05384,0.982146,1.05384,7196.319466340884,0
NWA,D,20160523,000000,1.00005,1.00904,1.00005,1.00904,1054.0063864842843,0
NWA,D,20160524,000000,0.941769,1.00904,0.941769,1.00904,64.78899826964823,0
NWA,D,20160525,000000,1.00904,1.00904,1.00904,1.00904,22.123072579880063,0
NWA,D,20160531,000000,0.982146,1.04941,0.982146,0.99556,9422.848699558832,0
NWA,D,20160601,000000,0.941769,1.09871,0.937277,0.950754,3302.658692282102,0
NWA,D,20160603,000000,0.887979,1.06282,0.883485,0.883485,4508.36614788557,0
NWA,D,20160606,000000,0.982146,1.07631,0.982146,1.07631,523.0526445671654,0
NWA,D,20160607,000000,0.896908,1.05384,0.874564,0.982146,8155.5126846257,0
NWA,D,20160608,000000,0.982146,1.07631,0.86557,0.99556,11268.54504050879,0
NWA,D,20160609,000000,0.937277,0.986639,0.928347,0.937277,2449.3401784867388,0
NWA,D,20160610,000000,0.937277,0.937277,0.825207,0.852099,9919.037613136192,0
NWA,D,20160614,000000,0.825207,0.870071,0.766853,0.825207,12708.124977671061,0
NWA,D,20160616,000000,0.766853,0.919362,0.757871,0.919362,3786.2058500994867,0
NWA,D,20160620,000000,0.811784,0.852099,0.811784,0.852099,2487.2654457665412,0
NWA,D,20160621,000000,0.757871,0.80729,0.677184,0.793748,19289.739070185155,0
NWA,D,20160622,000000,0.690664,0.973216,0.681614,0.816213,59566.372921325914,0
NWA,D,20160623,000000,0.80729,0.950754,0.766853,0.950754,28600.39218737492,0
NWA,D,20160624,000000,0.910443,0.919362,0.856593,0.919362,5611.359337939518,0
NWA,D,20160627,000000,0.914878,1.3095,0.901392,1.3095,33061.35175116077,0
NWA,D,20160628,000000,1.43505,1.43505,0.96424,0.986639,70909.18827692558,0
NWA,D,20160629,000000,1.12117,1.25571,0.986639,0.986639,12776.07441488096,0
NWA,D,20160630,000000,0.96424,1.15706,0.811784,0.986639,68323.94922401891,0
NWA,D,20160701,000000,1.00904,1.21085,0.959748,1.04941,11295.408771498707,0
NWA,D,20160704,000000,1.04941,1.25122,1.04941,1.2423,23794.944779130794,0
NWA,D,20160705,000000,1.3185,1.57865,1.17046,1.22876,9149.470731250387,0
NWA,D,20160706,000000,1.21085,1.45303,1.09871,1.30507,15359.733248316785,0
NWA,D,20160707,000000,1.54719,1.54719,1.14364,1.25571,8035.416004906429,0
NWA,D,20160708,000000,1.27362,1.27362,1.02251,1.05384,15628.370558214716,0
NWA,D,20160711,000000,1.02251,1.02251,0.856593,0.941769,15152.724497747904,0
NWA,D,20160712,000000,0.878992,1.05384,0.834192,0.896908,19563.117038494343,0
NWA,D,20160713,000000,0.896908,0.896908,0.896908,0.896908,3359.5465932017437,0
NWA,D,20160714,000000,0.941769,0.950754,0.896908,0.896908,660.5317384564204,0
NWA,D,20160715,000000,0.887979,0.887979,0.887979,0.887979,1128.2767015738732,0
NWA,D,20160718,000000,0.896908,1.07631,0.856593,0.896908,32980.7605581904,0
NWA,D,20160719,000000,0.896908,0.919362,0.856593,0.919362,5729.875798188947,0
NWA,D,20160721,000000,0.892471,0.896908,0.892471,0.896908,1338.445891082714,0
NWA,D,20160722,000000,0.919362,0.973216,0.847606,0.896908,5971.649377097577,0
NWA,D,20160725,000000,0.847606,0.896908,0.847606,0.896908,372.9317949179721,0
NWA,D,20160726,000000,0.83862,1.00454,0.83862,0.991131,14503.25429558112,0
NWA,D,20160727,000000,0.977645,1.16604,0.977645,1.07631,20956.870611027105,0
NWA,D,20160728,000000,1.01802,1.21085,1.01802,1.18851,19065.34790544702,0
NWA,D,20160729,000000,1.21085,1.22433,1.13914,1.15706,4246.049715867011,0
NWA,D,20160801,000000,1.38126,1.38126,1.01353,1.25122,12580.127200601713,0
NWA,D,20160802,000000,1.16154,1.21085,1.05384,1.13465,9255.345435739715,0
NWA,D,20160803,000000,1.16604,1.27811,1.16604,1.2423,6499.442680074751,0
NWA,D,20160804,000000,1.18851,1.18851,1.12117,1.12117,1738.241416990541,0
NWA,D,20160805,000000,1.12117,1.12117,1.06732,1.06732,1441.160156632235,0
NWA,D,20160808,000000,1.02251,1.07189,1.02251,1.07189,5734.616456598844,0
NWA,D,20160809,000000,1.1032,1.1032,1.1032,1.1032,22.123072579880063,0
NWA,D,20160810,000000,1.0315,1.22876,1.0315,1.18851,11496.096644187603,0
NWA,D,20160811,000000,1.16604,1.27811,1.16604,1.21533,7128.370029131357,0
NWA,D,20160812,000000,1.15256,1.15256,1.09871,1.09871,2534.672029866263,0
NWA,D,20160817,000000,1.04042,1.05384,1.04042,1.05384,1842.535902010028,0
NWA,D,20160818,000000,1.04042,1.2378,1.04042,1.2378,12232.478917203629,0
NWA,D,20160819,000000,1.2423,1.48891,1.2378,1.29609,16184.607811653133,0
NWA,D,20160822,000000,1.3095,1.50238,1.17046,1.47998,20899.982710106844,0
NWA,D,20160823,000000,1.56965,1.65933,1.39018,1.48441,9546.105818218157,0
NWA,D,20160824,000000,1.46208,1.65933,0.937277,0.941769,53446.18291405103,0
NWA,D,20160825,000000,1.02251,1.11213,0.901392,1.1077,5032.9990119226895,0
NWA,D,20160826,000000,1.0315,1.07631,1.0315,1.07631,2438.2786421967294,0
NWA,D,20160829,000000,1.1032,1.1032,1.1032,1.1032,559.3976923769644,0
NWA,D,20160831,000000,0.968724,1.06282,0.910443,1.0315,6572.1327756943,0
NWA,D,20160901,000000,0.986639,1.07631,0.896908,1.04941,7280.0710982504415,0
NWA,D,20160902,000000,0.977645,1.04941,0.968724,1.04042,1009.7602413245194,0
NWA,D,20160905,000000,0.986639,0.986639,0.919362,0.919362,523.0526445671654,0
NWA,D,20160906,000000,0.96424,1.0315,0.96424,1.0315,25.28351151986275,0
NWA,D,20160907,000000,0.959748,0.959748,0.90595,0.90595,4246.049715867011,0
NWA,D,20160909,000000,0.928347,0.928347,0.90595,0.90595,4524.168342585477,0
NWA,D,20160913,000000,0.914878,0.914878,0.90595,0.90595,1777.7469037403093,0
NWA,D,20160914,000000,0.90595,0.90595,0.90595,0.90595,154.86150805916537,0
NWA,D,20160915,000000,0.90595,0.90595,0.90595,0.90595,44.246145159760125,0
NWA,D,20160920,000000,0.96424,0.96424,0.96424,0.96424,56.88790091969088,0
NWA,D,20160921,000000,0.968724,0.968724,0.968724,0.968724,56.88790091969088,0
NWA,D,20160923,000000,0.973216,0.973216,0.973216,0.973216,56.88790091969088,0
NWA,D,20160927,000000,0.973216,0.973216,0.973216,0.973216,1027.1426554944298,0
NWA,D,20160928,000000,1.01802,1.01802,1.01802,1.01802,56.88790091969088,0
NWA,D,20160929,000000,1.01353,1.01353,1.01353,1.01353,22.123072579880063,0
NWA,D,20161003,000000,1.01353,1.01353,1.01353,1.01353,22.123072579880063,0
NWA,D,20161004,000000,1.01353,1.01353,1.01353,1.01353,22.123072579880063,0
NWA,D,20161005,000000,1.01353,1.01353,1.01353,1.01353,12.641755759931995,0
NWA,D,20161010,000000,1.00904,1.00904,1.00904,1.00904,3.160438939982813,0
NWA,D,20161012,000000,0.96424,0.96424,0.96424,0.96424,1561.2568363515052,0
NWA,D,20161013,000000,0.982146,0.982146,0.982146,0.982146,3.160438939982813,0
NWA,D,20161019,000000,0.919362,0.919362,0.919362,0.919362,222.81094526879136,0
NWA,D,20161026,000000,0.937277,1.00904,0.937277,0.941769,2552.0544440361364,0
NWA,D,20161027,000000,0.941769,0.941769,0.784766,0.820705,2849.135704394566,0
NWA,D,20161028,000000,0.843105,0.941769,0.843105,0.941769,3621.8630252203034,0
NWA,D,20161102,000000,0.941769,0.96424,0.941769,0.96424,529.3735224471284,0
NWA,D,20161103,000000,0.959748,0.959748,0.959748,0.959748,44.246145159760125,0
NWA,D,20161104,000000,0.90595,0.959748,0.90595,0.959748,538.8548392670726,0
NWA,D,20161107,000000,0.959748,0.959748,0.901392,0.901392,37.925267279794745,0
NWA,D,20161108,000000,0.901392,0.901392,0.901392,0.901392,222.81094526879136,0
NWA,D,20161110,000000,0.959748,0.959748,0.959748,0.959748,12.641755759931995,0
NWA,D,20161116,000000,0.901392,0.901392,0.901392,0.901392,233.8724815587264,0
NWA,D,20161118,000000,0.901392,0.959748,0.901392,0.959748,630.5075685265718,0
NWA,D,20161121,000000,0.959748,1.02251,0.959748,1.02251,3642.405878330232,0
NWA,D,20161122,000000,1.02251,1.02701,1.01353,1.01353,1880.4611692898302,0
NWA,D,20161124,000000,0.950754,0.955183,0.950754,0.955183,1114.0547263439569,0
NWA,D,20161129,000000,0.955183,0.955183,0.955183,0.955183,559.3976923769644,0
NWA,D,20161206,000000,0.955183,1.08529,0.955183,1.08529,4514.687025765558,0
NWA,D,20161207,000000,1.01353,1.02251,0.811784,1.02251,6463.097632264916,0
NWA,D,20161215,000000,0.896908,0.896908,0.896908,0.896908,1114.0547263439569,0
NWA,D,20161216,000000,0.896908,0.896908,0.896908,0.896908,1114.0547263439569,0
NWA,D,20161227,000000,0.96424,1.09422,0.96424,1.08979,6801.264598843078,0
NWA,D,20161228,000000,1.12117,1.12117,1.12117,1.12117,30.024169929837402,0
NWA,D,20161230,000000,1.12117,1.18851,1.12117,1.18851,944.9712430548749,0
NWA,D,20170102,000000,1.42613,1.42613,1.42613,1.42613,110.61536289939907,0
NWA,D,20170103,000000,1.1077,1.1077,1.1077,1.1077,221.23072579880062,0
NWA,D,20170104,000000,1.18851,1.41265,1.18851,1.41265,16255.717687802218,0
NWA,D,20170110,000000,1.60997,1.71761,1.60997,1.71761,412.4372816677651,0
NWA,D,20170112,000000,1.65933,1.65933,1.65933,1.65933,3.160438939982813,0
NWA,D,20170113,000000,1.34544,1.34544,1.12567,1.17046,1042.944850194337,0
NWA,D,20170117,000000,1.27811,1.27811,1.27811,1.27811,780.6284181757651,0
NWA,D,20170118,000000,1.32298,1.54719,1.30058,1.54719,1618.1447372712705,0
NWA,D,20170119,000000,1.54719,1.54719,1.54719,1.54719,44.246145159760125,0
NWA,D,20170123,000000,1.47998,1.77146,1.47998,1.77146,28772.636109602816,0
NWA,D,20170124,000000,2.01807,2.42175,2.01807,2.42175,246.5142373186646,0
NWA,D,20170125,000000,2.87017,2.87017,2.87017,2.87017,1.5802194699914682,0
NWA,D,20170131,000000,2.29614,2.29614,2.29614,2.29614,222.81094526879136,0
NWA,D,20170224,000000,2.24235,2.69076,2.24235,2.69076,1916.8062170995427,0
NWA,D,20170227,000000,2.28722,2.28722,2.1392,2.1392,445.6218905375827,0
NWA,D,20170228,000000,1.83873,1.83873,1.83873,1.83873,222.81094526879136,0
NWA,D,20170301,000000,1.65933,1.88354,1.34544,1.88354,2305.540206717484,0
NWA,D,20170302,000000,2.01807,2.01807,2.01807,2.01807,101.134046079451,0
NWA,D,20170303,000000,1.79393,1.79393,1.56965,1.56965,2231.2698916278455,0
NWA,D,20170306,000000,1.56965,1.7266,1.56965,1.59205,2510.968737816402,0
NWA,D,20170308,000000,1.59205,1.61446,1.59205,1.61446,1114.0547263439569,0
NWA,D,20170315,000000,1.61446,1.63692,1.34987,1.63692,6466.258071204847,0
NWA,D,20170317,000000,1.34544,1.74899,1.34544,1.74899,914.9470731250386,0
NWA,D,20170320,000000,1.74899,1.74899,1.74899,1.74899,56.88790091969088,0
NWA,D,20170321,000000,1.74899,1.79393,1.61446,1.79393,1896.2633639897372,0
NWA,D,20170322,000000,1.79393,2.15267,1.79393,1.79393,13381.298471887949,0
NWA,D,20170323,000000,1.79393,1.79393,1.79393,1.79393,110.61536289939907,0
NWA,D,20170324,000000,1.79393,2.10781,1.74899,1.79393,2921.825800014114,0
NWA,D,20170329,000000,1.78943,1.78943,1.78943,1.78943,110.61536289939907,0
NWA,D,20170330,000000,1.78943,1.78943,1.78943,1.78943,12.641755759931995,0
NWA,D,20170331,000000,1.78943,1.78943,1.78943,1.78943,12.641755759931995,0
NWA,D,20170404,000000,1.78943,1.78943,1.78943,1.78943,22.123072579880063,0
NWA,D,20170406,000000,1.65933,1.65933,1.65933,1.65933,222.81094526879136,0
NWA,D,20170413,000000,1.54719,1.79393,1.34987,1.70412,26911.137573953692,0
NWA,D,20170418,000000,2.01807,2.42175,1.61446,2.17065,18308.422779320572,0
NWA,D,20170419,000000,2.1571,2.1616,2.1571,2.1616,221.23072579880062,0
NWA,D,20170420,000000,2.1616,2.16609,1.74899,2.16609,1401.6546698823433,0
NWA,D,20170421,000000,1.85221,2.01807,1.52479,1.55168,6562.651458874381,0
NWA,D,20170424,000000,1.43505,1.70863,1.3319,1.65483,50702.92191414531,0
NWA,D,20170425,000000,1.65933,1.906,1.65933,1.906,2662.6698069356107,0
NWA,D,20170426,000000,1.906,2.28722,1.906,2.28722,8836.58727619205,0
NWA,D,20170427,000000,2.29164,2.69076,1.97328,1.97328,3506.5070039109305,0
NWA,D,20170428,000000,1.99568,1.99568,1.99568,1.99568,12.641755759931995,0
NWA,D,20170504,000000,2.01807,2.33202,2.01807,2.24235,1638.687590381076,0
NWA,D,20170505,000000,2.24235,2.24235,2.24235,2.24235,167.5032638190912,0
NWA,D,20170508,000000,2.26475,2.26475,2.26475,2.26475,56.88790091969088,0
NWA,D,20170509,000000,2.13028,2.95541,2.13028,2.69076,5475.46046352034,0
NWA,D,20170510,000000,2.35442,2.69076,2.28722,2.68627,9019.892734711075,0
NWA,D,20170511,000000,2.65039,2.65039,2.65039,2.65039,12.641755759931995,0
NWA,D,20170512,000000,2.28722,2.68627,1.80285,1.80285,15138.502522517836,0
NWA,D,20170515,000000,1.80285,1.906,1.44411,1.76242,10824.503369441298,0
NWA,D,20170517,000000,1.65933,1.65933,1.35886,1.35886,5273.192371361353,0
NWA,D,20170518,000000,1.43954,1.43954,1.43954,1.43954,30.024169929837402,0
NWA,D,20170519,000000,1.43954,1.43954,1.43954,1.43954,579.9405454868562,0
NWA,D,20170522,000000,1.45758,1.66376,1.45758,1.66376,725.3207367260649,0
NWA,D,20170605,000000,1.54719,1.63692,1.52479,1.63692,1773.006245330411,0
NWA,D,20170606,000000,1.43954,1.54719,1.43954,1.43954,2093.790797738578,0
NWA,D,20170607,000000,1.44411,1.44411,1.44411,1.44411,695.2965667962287,0
NWA,D,20170608,000000,1.44411,1.44411,1.44411,1.44411,222.81094526879136,0
NWA,D,20170614,000000,1.43954,1.43954,1.43954,1.43954,695.2965667962287,0
NWA,D,20170704,000000,1.35886,1.54719,1.34544,1.54719,2341.88525452732,0
NWA,D,20170706,000000,1.54719,1.8567,1.54719,1.81633,7482.339190409428,0
NWA,D,20170707,000000,1.74899,1.74899,1.74899,1.74899,123.25711865933107,0
NWA,D,20170711,000000,1.70863,1.70863,1.53378,1.53378,1848.8567798900158,0
NWA,D,20170803,000000,1.50238,1.54719,1.50238,1.54719,445.6218905375827,0
NWA,D,20170804,000000,1.48441,1.48441,1.35437,1.48441,2243.9116473878207,0
NWA,D,20170807,000000,1.39018,1.47998,1.36778,1.36778,2798.568681354788,0
NWA,D,20170808,000000,1.29609,1.29609,1.12567,1.12567,775.8877597657928,0
NWA,D,20170809,000000,1.21085,1.21085,0.968724,1.14364,1711.377686000748,0
NWA,D,20170810,000000,1.14364,1.14364,1.14364,1.14364,877.0218058452365,0
NWA,D,20170811,000000,1.13465,1.14364,1.13465,1.13465,3101.9708195932058,0
NWA,D,20170814,000000,1.14364,1.14364,1.06732,1.06732,892.8240005451562,0
NWA,D,20170816,000000,1.21533,1.39018,1.20642,1.25571,2362.4281076371253,0
NWA,D,20170817,000000,1.38126,1.39018,1.38126,1.38126,2719.5577078552524,0
NWA,D,20170818,000000,1.38575,1.39018,1.38575,1.39018,2251.812744737774,0
NWA,D,20170821,000000,1.38126,1.38126,1.1077,1.1077,2341.88525452732,0
NWA,D,20170822,000000,1.21533,1.43505,1.21533,1.37677,6621.119579264111,0
NWA,D,20170823,000000,1.47998,1.57865,1.2826,1.2826,4152.816767137409,0
NWA,D,20170824,000000,1.2871,1.2871,1.2871,1.2871,44.246145159760125,0
NWA,D,20170901,000000,1.2871,1.2871,1.00904,1.00904,7066.741469801694,0
NWA,D,20170904,000000,1.12117,1.12117,0.896908,0.914878,6622.699798734077,0
NWA,D,20170905,000000,1.00454,1.00454,1.00454,1.00454,1.5802194699914682,0
NWA,D,20170913,000000,1.00454,1.00454,1.00454,1.00454,997.1184855645936,0
NWA,D,20170914,000000,0.991131,0.991131,0.991131,0.991131,333.42630816819167,0
NWA,D,20170920,000000,0.959748,0.959748,0.959748,0.959748,878.6020253152273,0
NWA,D,20170927,000000,0.937277,1.0315,0.766853,1.0315,4995.0737446428875,0
NWA,D,20170928,000000,1.0315,1.13914,0.901392,0.901392,2621.5841007157524,0
NWA,D,20170929,000000,0.968724,1.13465,0.968724,1.13465,28.44395045984544,0
NWA,D,20171003,000000,0.968724,1.03593,0.968724,1.03593,835.9360996254653,0
NWA,D,20171010,000000,1.03593,1.03593,1.02701,1.03593,4160.717864487364,0
NWA,D,20171011,000000,1.03593,1.03593,1.03593,1.03593,1316.322818502819,0
NWA,D,20171012,000000,1.03593,1.03593,1.03593,1.03593,3.160438939982813,0
NWA,D,20171026,000000,1.03593,1.03593,1.03593,1.03593,2833.333509694658,0
NWA,D,20171121,000000,1.04491,1.04491,1.04491,1.04491,997.1184855645936,0
NWA,D,20171128,000000,1.04491,1.04491,1.04491,1.04491,3315.3004480419536,0
NWA,D,20171206,000000,1.04042,1.04042,0.96424,1.02701,4179.680498127326,0
NWA,D,20171207,000000,1.02701,1.02701,1.00904,1.00904,2424.0566669667883,0
NWA,D,20171208,000000,0.986639,1.00904,0.986639,1.00904,4020.0783316581637,0
NWA,D,20171211,000000,1.05834,1.21085,1.02701,1.0315,18931.029250496817,0
NWA,D,20171212,000000,1.0315,1.0315,1.0315,1.0315,13379.718252417118,0
NWA,D,20171213,000000,1.00904,1.00904,0.80729,0.829699,31545.92127943951,0
NWA,D,20171214,000000,0.874564,0.874564,0.739958,0.874564,13400.2611055268,0
NWA,D,20171215,000000,0.874564,0.874564,0.874564,0.874564,107.45492395941638,0
NWA,D,20171218,000000,0.874564,0.874564,0.852099,0.852099,1338.445891082714,0
NWA,D,20171219,000000,0.937277,0.937277,0.937277,0.937277,203.84831162889023,0
NWA,D,20171221,000000,0.896908,1.00904,0.896908,0.986639,4682.190289584551,0
NWA,D,20171228,000000,0.896908,0.986639,0.896908,0.986639,2452.500617426671,0
NWA,D,20171229,000000,0.856593,1.02701,0.739958,0.856593,20421.176210699607,0
NWA,D,20180103,000000,0.80729,0.941769,0.726481,0.941769,4814.92872506392,0
NWA,D,20180104,000000,0.941769,1.0315,0.80729,0.80729,8579.011502583387,0
NWA,D,20180105,000000,0.852099,0.959748,0.717558,0.717558,3636.085000450244,0
NWA,D,20180108,000000,0.80729,0.80729,0.80729,0.80729,467.7449631174652,0
NWA,D,20180111,000000,0.757871,0.762366,0.672691,0.762366,2676.891782165428,0
NWA,D,20180115,000000,0.811784,0.959748,0.811784,0.959748,1760.364489570436,0
NWA,D,20180119,000000,0.896908,0.896908,0.896908,0.896908,124.83733812931685,0
NWA,D,20180126,000000,0.80729,0.80729,0.80729,0.80729,45.82636462975085,0
NWA,D,20180129,000000,0.83862,0.83862,0.757871,0.757871,1205.7074556034559,0
NWA,D,20180130,000000,0.780272,0.780272,0.717558,0.717558,1284.7184291030046,0
NWA,D,20180131,000000,0.784766,0.784766,0.780272,0.780272,2620.0038812457865,0
NWA,D,20180202,000000,0.784766,0.834192,0.784766,0.834192,1338.445891082714,0
NWA,D,20180205,000000,0.834192,0.834192,0.834192,0.834192,352.3889418080928,0
NWA,D,20180208,000000,0.852099,0.896908,0.852099,0.896908,1338.445891082714,0
NWA,D,20180212,000000,0.896908,1.0315,0.896908,0.959748,3321.621325921941,0
NWA,D,20180213,000000,1.14813,1.37228,0.986639,1.12117,6523.145972124611,0
NWA,D,20180214,000000,1.21085,1.21085,1.07631,1.07631,914.9470731250386,0
NWA,D,20180215,000000,1.07631,1.07631,1.07631,1.07631,1080.870117474139,0
NWA,D,20180216,000000,0.896908,0.896908,0.766853,0.766853,6542.108605764452,0
NWA,D,20180219,000000,0.834192,0.834192,0.816213,0.816213,4704.313362164446,0
NWA,D,20180228,000000,0.959748,0.959748,0.959748,0.959748,222.81094526879136,0
NWA,D,20180309,000000,0.820705,0.977645,0.717558,0.717558,5701.4318477290635,0
NWA,D,20180314,000000,0.771348,0.896908,0.771348,0.896908,1782.4875621503309,0
NWA,D,20180323,000000,0.80729,0.80729,0.717558,0.775842,5687.209872499122,0
NWA,D,20180326,000000,0.753442,0.762366,0.609916,0.762366,2676.891782165428,0
NWA,D,20180329,000000,0.896908,0.896908,0.896908,0.896908,22.123072579880063,0
NWA,D,20180425,000000,0.80729,0.896908,0.645797,0.686171,44595.37366262718,0
NWA,D,20180430,000000,0.686171,0.735464,0.609916,0.735464,6049.080131127147,0
NWA,D,20180508,000000,0.672691,0.672691,0.672691,0.672691,1486.9865212619907,0
NWA,D,20180509,000000,0.636874,0.636874,0.609916,0.609916,2231.2698916278455,0
NWA,D,20180511,000000,0.645797,0.672691,0.636874,0.636874,2719.5577078552524,0
NWA,D,20180514,000000,0.627824,0.627824,0.627824,0.627824,1605.5029815112953,0
NWA,D,20180517,000000,0.627824,0.627824,0.627824,0.627824,100528.82202244402,0
NWA,D,20180518,000000,0.618901,0.726481,0.618901,0.726481,5576.594509599772,0
NWA,D,20180524,000000,0.762366,0.793748,0.762366,0.793748,1338.445891082714,0
NWA,D,20180525,000000,0.753442,0.793748,0.753442,0.793748,3113.032355883091,0
NWA,D,20180704,000000,0.668198,0.668198,0.560555,0.600929,3743.539924409663,0
NWA,D,20180705,000000,0.645797,0.645797,0.645797,0.645797,222.81094526879136,0
NWA,D,20180709,000000,0.645797,0.645797,0.645797,0.645797,110.61536289939907,0
NWA,D,20180713,000000,0.627824,0.627824,0.627824,0.627824,1782.4875621503309,0
NWA,D,20180731,000000,0.592006,0.592006,0.592006,0.592006,1665.5513213709921,0
NWA,D,20180816,000000,0.609916,0.668198,0.609916,0.668198,5511.8055113300525,0
NWA,D,20180829,000000,0.668198,0.726481,0.668198,0.726481,7008.273349411963,0
NWA,D,20180830,000000,0.681614,0.681614,0.681614,0.681614,2231.2698916278455,0
NWA,D,20180904,000000,0.695157,0.793748,0.695157,0.793748,9644.079425357657,0
NWA,D,20180905,000000,0.793748,0.793748,0.748948,0.748948,3122.5136727030103,0
NWA,D,20180907,000000,0.748948,0.748948,0.748948,0.748948,5127.812180122133,0
NWA,D,20180910,000000,0.748948,0.748948,0.708572,0.708572,2675.311562695462,0
NWA,D,20180913,000000,0.690664,0.708572,0.690664,0.708572,3939.4871386886616,0
NWA,D,20180914,000000,0.748948,0.748948,0.708572,0.708572,1114.0547263439569,0
NWA,D,20180920,000000,0.708572,0.730977,0.708572,0.730977,4892.35947909349,0
NWA,D,20180921,000000,0.748948,0.748948,0.717558,0.717558,3011.89830980366,0
NWA,D,20181011,000000,0.677184,0.677184,0.677184,0.677184,2953.4301894139294,0
NWA,D,20181107,000000,0.677184,0.677184,0.677184,0.677184,2953.4301894139294,0
NWA,D,20181109,000000,0.686171,0.686171,0.672691,0.672691,2973.9730425238577,0
NWA,D,20181113,000000,0.681614,0.681614,0.542646,0.542646,13896.45001910453,0
NWA,D,20181116,000000,0.542646,0.542646,0.542646,0.542646,670.0130552763648,0
NWA,D,20181123,000000,0.542646,0.542646,0.542646,0.542646,12605.410712121415,0
NWA,D,20181126,000000,0.623331,0.623331,0.578528,0.578528,4459.379344315759,0
NWA,D,20181203,000000,0.578528,0.578528,0.578528,0.578528,3457.5202003412423,0
NWA,D,20181221,000000,0.618901,0.618901,0.605422,0.605422,5127.812180122133,0
NWA,D,20190104,000000,0.623331,0.623331,0.623331,0.623331,3.160438939982813,0
NWA,D,20190109,000000,0.578528,0.578528,0.578528,0.578528,3.160438939982813,0
NWA,D,20190118,000000,0.623331,0.744453,0.623331,0.744453,4459.379344315759,0
NWA,D,20190130,000000,0.690664,0.739958,0.690664,0.739958,5356.944003270912,0
NWA,D,20190131,000000,0.798242,0.798242,0.798242,0.798242,222.81094526879136,0
NWA,D,20190204,000000,0.798242,0.941769,0.798242,0.941769,4459.379344315759,0
NWA,D,20190206,000000,1.05834,1.05834,1.05834,1.05834,222.81094526879136,0
NWA,D,20190304,000000,1.05834,1.05834,1.05834,1.05834,1.5802194699914682,0
NWA,D,20190308,000000,1.05834,1.2647,1.05834,1.2647,1114.0547263439569,0
NWA,D,20190311,000000,1.25571,1.25571,1.25571,1.25571,4.740658409974281,0
NWA,D,20190312,000000,1.21085,1.21085,1.00454,1.00454,2231.2698916278455,0
NWA,D,20190404,000000,1.00454,1.00454,1.00454,1.00454,1.5802194699914682,0
NWA,D,20190416,000000,0.959748,0.959748,0.959748,0.959748,4.740658409974281,0
NWA,D,20190423,000000,0.959748,0.959748,0.959748,0.959748,1782.4875621503309,0
NWA,D,20190529,000000,0.959748,0.959748,0.959748,0.959748,4.740658409974281,0
NWA,D,20190530,000000,0.959748,0.959748,0.959748,0.959748,9.481316819948562,0
NWA,D,20190603,000000,0.959748,0.959748,0.959748,0.959748,1.5802194699914682,0
NWA,D,20190619,000000,0.892471,0.892471,0.892471,0.892471,325.52521081823807,0
NWA,D,20190625,000000,0.852099,0.852099,0.852099,0.852099,18.962633639897373,0
NWA,D,20190701,000000,0.86557,0.86557,0.86557,0.86557,1161.461310443691,0
NWA,D,20190705,000000,0.914878,0.914878,0.914878,0.914878,1.5802194699914682,0
NWA,D,20190726,000000,0.896908,0.896908,0.896908,0.896908,1.5802194699914682,0
NWA,D,20190729,000000,0.896908,1.00454,0.896908,1.00454,5952.686743457738,0
NWA,D,20190731,000000,1.00454,1.00454,1.00454,1.00454,1003.4393634445564,0
NWA,D,20190801,000000,0.941769,0.941769,0.941769,0.941769,1065.0679227742194,0
NWA,D,20190814,000000,0.941769,0.941769,0.941769,0.941769,1065.0679227742194,0
NWA,D,20190816,000000,1.00454,1.00454,1.00454,1.00454,572.0394481368902,0
NWA,D,20190819,000000,0.986639,0.986639,0.986639,0.986639,4.740658409974281,0
NWA,D,20190827,000000,1.05834,1.05834,1.05834,1.05834,944.9712430548749,0
NWA,D,20190911,000000,1.25571,1.25571,1.25571,1.25571,390.31420908788255,0
NWA,D,20190916,000000,1.16604,1.16604,1.16604,1.16604,848.577855385391,0
NWA,D,20190917,000000,1.07631,1.07631,0.896908,0.941769,26849.509014623414,0
NWA,D,20190918,000000,0.896908,0.941769,0.896908,0.941769,1382.692036242504,0
NWA,D,20190919,000000,0.896908,0.896908,0.896908,0.896908,40513.66677163935,0
NWA,D,20190923,000000,0.896908,0.896908,0.896908,0.896908,1114.0547263439569,0
NWA,D,20190924,000000,0.896908,0.896908,0.896908,0.896908,50.5670230397255,0
NWA,D,20191023,000000,0.941769,0.941769,0.941769,0.941769,1019.2415581444636,0
NWA,D,20191028,000000,0.968724,1.16604,0.968724,1.16604,3568.1355632405935,0
NWA,D,20191031,000000,1.11213,1.11213,1.05834,1.05834,2452.500617426671,0
NWA,D,20191104,000000,1.05834,1.05834,1.05834,1.05834,254.41533466861821,0
NWA,D,20191105,000000,1.05834,1.05834,1.05834,1.05834,3643.9860978001975,0
NWA,D,20191106,000000,1.1032,1.12117,1.1032,1.12117,2313.4413040674376,0
NWA,D,20191113,000000,1.25571,1.25571,1.25571,1.25571,4375.627712406202,0
NWA,D,20191115,000000,1.25571,1.2647,1.25571,1.2647,3974.251967028408,0
NWA,D,20191118,000000,1.21085,1.21085,1.01353,1.01353,3345.324617971802,0
NWA,D,20191121,000000,1.07631,1.08529,1.0315,1.0315,6466.258071204847,0
NWA,D,20191122,000000,1.0315,1.12117,1.01353,1.12117,11148.448360789522,0
NWA,D,20191125,000000,1.05834,1.05834,1.05834,1.05834,1896.2633639897372,0
NWA,D,20191126,000000,1.12117,1.25571,1.12117,1.12117,5717.234042428971,0
NWA,D,20191127,000000,1.14813,1.16604,1.14813,1.16604,10366.239723143743,0
NWA,D,20191128,000000,1.2826,1.2826,1.2826,1.2826,1561.2568363515052,0
NWA,D,20191209,000000,1.2826,1.2826,1.2826,1.2826,222.81094526879136,0
NWA,D,20191210,000000,1.2826,1.2826,1.2826,1.2826,222.81094526879136,0
NWA,D,20191212,000000,1.2826,1.34544,1.2826,1.34544,2748.0016583151346,0
NWA,D,20191216,000000,1.34544,1.34544,1.34544,1.34544,222.81094526879136,0
NWA,D,20191217,000000,1.34544,1.34544,1.34544,1.34544,222.81094526879136,0
NWA,D,20191220,000000,1.34544,1.34544,1.34544,1.34544,222.81094526879136,0
NWA,D,20191227,000000,1.34544,1.34544,1.34544,1.34544,222.81094526879136,0
NWA,D,20191230,000000,1.34544,1.61446,1.34544,1.34544,2452.500617426671,0
NWA,D,20200102,000000,1.34544,1.34544,1.34544,1.34544,744.283370365966,0
NWA,D,20200103,000000,1.39018,1.39018,1.39018,1.39018,26.863730989854712,0
NWA,D,20200107,000000,1.30058,1.30058,1.30058,1.30058,769.5668818858176,0
NWA,D,20200108,000000,1.34544,1.61446,1.34544,1.61446,4479.922197425688,0
NWA,D,20200114,000000,1.43505,1.43505,1.43505,1.43505,2030.582018938949,0
NWA,D,20200116,000000,1.43505,1.43505,1.34544,1.34544,2583.658833435951,0
NWA,D,20200121,000000,1.34544,1.34544,1.34544,1.34544,2190.1841854081113,0
NWA,D,20200122,000000,1.39018,1.39018,1.30058,1.30058,10383.622137313612,0
NWA,D,20200127,000000,1.25571,1.34544,1.25571,1.34544,5481.781341400204,0
NWA,D,20200128,000000,1.25571,1.25571,1.25571,1.25571,4393.010126576198,0
NWA,D,20200131,000000,1.32747,1.32747,1.32747,1.32747,753.7646871859104,0
NWA,D,20200204,000000,1.39018,1.51587,1.39018,1.46208,14147.704914833206,0
NWA,D,20200205,000000,1.47998,1.61446,1.47998,1.55168,6447.295437565009,0
NWA,D,20200206,000000,1.56965,1.56965,1.56965,1.56965,737.9624924859908,0
NWA,D,20200224,000000,1.58756,1.63244,1.58756,1.63244,1189.9052609035364,0
NWA,D,20200225,000000,1.65034,1.97328,1.65034,1.68623,17333.427366336833,0
NWA,D,20200226,000000,1.56965,1.56965,1.47998,1.47998,2231.2698916278455,0
NWA,D,20200228,000000,1.39018,1.39018,1.25571,1.39018,3869.9574820090447,0
NWA,D,20200302,000000,0.986639,1.18401,0.986639,1.14813,23968.76892082953,0
NWA,D,20200303,000000,1.14813,1.20193,1.09422,1.20193,564.1383507869366,0
NWA,D,20200305,000000,1.20193,1.43505,1.20193,1.43505,1561.2568363515052,0
NWA,D,20200306,000000,1.2378,1.47998,1.2378,1.47998,674.7537136863368,0
NWA,D,20200310,000000,1.47998,1.47998,1.47998,1.47998,222.81094526879136,0
NWA,D,20200311,000000,1.34544,1.34544,1.34544,1.34544,745.8635898359568,0
NWA,D,20200313,000000,1.47998,1.47998,1.47998,1.47998,222.81094526879136,0
NWA,D,20200320,000000,1.39018,2.00017,1.34544,2.00017,6208.68229759631,0
NWA,D,20200323,000000,2.06294,2.06294,2.06294,2.06294,7204.220563690961,0
NWA,D,20200324,000000,2.22443,2.22443,2.06294,2.06294,229.13182314875422,0
NWA,D,20200325,000000,1.65034,2.1347,1.65034,2.01807,132.73843547928286,0
NWA,D,20200330,000000,2.1347,2.1347,2.00017,2.00017,1370.0502804825285,0
NWA,D,20200331,000000,1.88354,1.88354,1.88354,1.88354,496.1889135773107,0
NWA,D,20200401,000000,1.79393,1.79393,1.56965,1.79393,11475.553791077677,0
NWA,D,20200402,000000,1.79393,1.79393,1.79393,1.79393,165.9230443491005,0
NWA,D,20200409,000000,1.79393,1.79393,1.79393,1.79393,222.81094526879136,0
NWA,D,20200414,000000,2.01807,2.24235,2.00915,2.01807,64341.796159640304,0
NWA,D,20200415,000000,2.24235,2.24235,1.79393,1.97328,18242.053561580266,0
NWA,D,20200416,000000,2.06294,2.10781,1.97328,1.99117,21121.213435905796,0
NWA,D,20200417,000000,2.10781,2.24235,1.97328,2.24235,15876.465015004198,0
NWA,D,20200420,000000,2.66836,2.78056,2.28722,2.60109,10728.109981771764,0
NWA,D,20200421,000000,2.62356,2.62356,2.51142,2.51142,6343.000952545521,0
NWA,D,20200422,000000,2.60109,2.6459,2.60109,2.60109,1009.7602413245194,0
NWA,D,20200423,000000,2.6459,2.6459,2.6459,2.6459,3882.5992377688963,0
NWA,D,20200424,000000,2.51142,2.51142,2.51142,2.51142,83.7516319095456,0
NWA,D,20200427,000000,2.66836,2.66836,2.60109,2.6459,3568.1355632405935,0
NWA,D,20200428,000000,2.6459,2.6459,2.46662,2.51142,6098.066934696958,0
NWA,D,20200429,000000,2.6459,2.91504,2.53383,2.91504,12436.327228832704,0
NWA,D,20200430,000000,2.91504,3.36346,2.78056,3.31866,35795.131434246454,0
NWA,D,20200504,000000,3.36346,3.36346,3.18412,3.22899,9637.75854747767,0
NWA,D,20200505,000000,3.36346,3.36346,3.09445,3.27385,8710.169718592668,0
NWA,D,20200506,000000,3.36346,3.36346,2.69076,3.25139,6087.005398406949,0
NWA,D,20200507,000000,2.95983,3.27385,2.9375,3.25139,1112.474506873966,0
NWA,D,20200508,000000,3.02711,3.16171,3.02711,3.13925,4833.89135870376,0
NWA,D,20200511,000000,3.25139,3.27385,2.91504,3.13925,6447.295437565009,0
NWA,D,20200512,000000,3.13925,3.25139,2.95983,3.07204,9038.855368350913,0
NWA,D,20200513,000000,3.13925,3.20653,3.13925,3.20653,16726.62308985901,0
NWA,D,20200514,000000,3.1023,3.5976,3.05015,3.05015,4829.150700293737,0
NWA,D,20200515,000000,3.05015,3.33687,2.45048,3.31082,10837.145125201148,0
NWA,D,20200518,000000,2.97193,3.31082,2.97193,3.31082,2398.7731554469615,0
NWA,D,20200519,000000,3.18051,3.20653,2.97193,3.20653,2717.977488385286,0
NWA,D,20200520,000000,3.12837,3.18051,2.86763,2.89371,2321.342401417391,0
NWA,D,20200521,000000,3.07622,3.07622,3.07622,3.07622,222.81094526879136,0
NWA,D,20200522,000000,3.12837,3.12837,2.91979,3.1023,1698.7359302407729,0
NWA,D,20200525,000000,3.12837,3.12837,2.86763,3.07622,3179.4015736227757,0
NWA,D,20200526,000000,2.94586,3.02408,2.86763,2.86763,4260.271691096828,0
NWA,D,20200527,000000,2.86763,2.94586,2.86763,2.91979,2725.87858573524,0
NWA,D,20200528,000000,2.91979,2.91979,2.84156,2.91979,3269.474083412198,0
NWA,D,20200529,000000,2.94586,2.94586,2.91979,2.94586,859.6393916753385,0
NWA,D,20200601,000000,2.94586,2.94586,2.86763,2.86763,622.6064711766181,0
NWA,D,20200602,000000,3.12837,3.12837,2.86763,2.86763,579.9405454868562,0
NWA,D,20200603,000000,2.86763,3.02408,2.86763,3.02408,3748.2805828196847,0
NWA,D,20200604,000000,3.12837,3.18051,3.12837,3.12837,10938.279171280583,0
NWA,D,20200605,000000,3.12837,3.18051,3.05015,3.12837,7164.71507694107,0
NWA,D,20200608,000000,3.18051,3.18051,3.15444,3.15444,16001.30235313312,0
NWA,D,20200609,000000,3.15444,3.18051,3.12837,3.12837,4911.32211273333,0
NWA,D,20200610,000000,3.12837,3.12837,3.1023,3.1023,1150.3997741537557,0
NWA,D,20200612,000000,3.02408,3.18051,3.02408,3.18051,25411.509296932098,0
NWA,D,20200615,000000,3.18051,3.36295,3.18051,3.28474,20722.998129467684,0
NWA,D,20200616,000000,3.18051,4.0147,3.18051,4.0147,33244.65720967954,0
NWA,D,20200617,000000,3.91041,3.91041,3.75403,3.75403,10506.879255972939,0
NWA,D,20200618,000000,3.46724,3.85832,3.46724,3.83225,4186.001376007314,0
NWA,D,20200619,000000,3.64975,3.72797,3.51939,3.5976,2081.1490419787265,0
NWA,D,20200622,000000,3.5976,3.5976,3.5976,3.5976,1112.474506873966,0
NWA,D,20200623,000000,3.80618,3.80618,3.57153,3.62367,486.707596757354,0
NWA,D,20200624,000000,3.62367,3.62367,3.62367,3.62367,191.20655586896444,0
NWA,D,20200625,000000,3.62367,3.62367,3.54545,3.54545,1825.1534878401546,0
NWA,D,20200626,000000,3.5976,3.62367,3.54545,3.54545,2773.2851698349614,0
NWA,D,20200629,000000,3.62367,3.64975,3.5976,3.5976,8839.747715131982,0
NWA,D,20200630,000000,3.5976,3.85832,3.5976,3.85832,9602.993719137923,0
NWA,D,20200701,000000,3.85832,4.6143,3.85832,4.3275,4020.0783316581637,0
NWA,D,20200702,000000,4.27536,4.6143,3.96255,4.53607,10574.82869318259,0
NWA,D,20200703,000000,4.6143,5.78729,4.6143,5.78729,20960.031049966292,0
NWA,D,20200706,000000,6.51744,6.72565,5.78729,6.56934,13444.50725068659,0
NWA,D,20200707,000000,7.61224,9.07219,6.15231,7.35151,6278.2119542759265,0
NWA,D,20200708,000000,7.56032,7.56032,6.0479,6.77817,4069.0651352279756,0
NWA,D,20200709,000000,7.19521,8.55073,6.20483,7.29958,2681.63244057545,0
NWA,D,20200710,000000,7.29958,7.71668,7.03889,7.66475,2913.9247026641606,0
NWA,D,20200713,000000,8.28997,8.28997,6.67376,7.71668,2269.1951589076475,0
NWA,D,20200714,000000,7.61224,7.61224,6.51744,7.61224,1080.870117474139,0
NWA,D,20200715,000000,7.5078,7.71668,6.30861,7.71668,3980.572844908396,0
NWA,D,20200716,000000,7.71668,7.71668,6.20483,7.2471,16731.363748269032,0
NWA,D,20200717,000000,7.66475,8.8633,6.67376,8.08115,29643.33703756979,0
NWA,D,20200720,000000,8.75897,10.0106,8.4982,9.9587,41708.31269095368,0
NWA,D,20200721,000000,10.5321,12.4091,10.4276,11.3662,28663.600966174796,0
NWA,D,20200722,000000,11.4705,11.4705,9.17658,9.59365,14909.370699368441,0
NWA,D,20200723,000000,7.71668,9.12409,7.71668,8.96843,8428.89065293427,0
NWA,D,20200724,000000,8.60261,9.69799,8.60261,9.33286,1997.3974100691687,0
NWA,D,20200727,000000,9.3848,9.3848,7.82046,8.8633,4527.32878152541,0
NWA,D,20200728,000000,8.81142,9.43728,8.34192,8.8633,5949.526304517682,0
NWA,D,20200729,000000,8.28997,8.81142,8.13368,8.55073,2076.4083835687047,0
NWA,D,20200730,000000,8.55073,9.01966,6.88259,8.8633,11243.261528988964,0
NWA,D,20200731,000000,7.29958,9.85436,7.29958,9.85436,9822.64422546666,0
NWA,D,20200803,000000,9.90621,14.0771,8.55073,13.7652,37259.9948829283,0
NWA,D,20200804,000000,14.0771,16.8926,13.8689,14.0771,20076.688366240094,0
NWA,D,20200805,000000,14.1816,15.6415,13.1387,14.3904,2920.245580544148,0
NWA,D,20200806,000000,15.2244,15.2244,13.2437,14.1816,2567.8566387360434,0
NWA,D,20200807,000000,13.7652,13.9734,11.8876,13.7652,4846.533114463734,0
NWA,D,20200810,000000,13.3475,13.6601,11.992,12.5134,2624.7445396558082,0
NWA,D,20200811,000000,12.9305,13.452,10.4276,12.9305,3945.8080165685255,0
NWA,D,20200812,000000,13.5563,13.5563,11.1579,13.2437,7886.875374727153,0
NWA,D,20200813,000000,13.2437,13.2437,11.2623,12.826,237.03292049870788,0
NWA,D,20200814,000000,13.2437,13.2437,11.992,12.7223,1174.103066203629,0
NWA,D,20200817,000000,12.826,12.826,10.7409,12.7223,5709.332945079017,0
NWA,D,20200818,000000,12.7223,12.7223,10.8447,12.2008,2242.331427917855,0
NWA,D,20200819,000000,12.826,12.826,10.9491,11.992,395.05486749785473,0
NWA,D,20200820,000000,10.0106,11.992,9.90621,11.3662,3803.58826426936,0
NWA,D,20200821,000000,11.4705,11.4705,11.3662,11.3662,186.4658974589923,0
NWA,D,20200824,000000,12.826,12.826,10.6365,11.3662,1189.9052609035364,0
NWA,D,20200825,000000,10.7409,11.4705,9.54107,11.3662,2849.135704394566,0
NWA,D,20200826,000000,11.3662,11.4705,9.43728,9.85436,22641.38456603707,0
NWA,D,20200827,000000,9.74993,9.90621,9.28046,9.90621,6289.273490565812,0
NWA,D,20200828,000000,9.90621,9.90621,8.02926,9.90621,10870.329734071054,0
NWA,D,20200831,000000,11.1579,11.1579,8.96843,9.69799,3282.1158391721733,0
NWA,D,20200901,000000,9.69799,9.69799,8.4982,9.01966,1733.500758580643,0
NWA,D,20200902,000000,9.07219,9.69799,8.08115,9.3848,2087.469919858714,0
NWA,D,20200903,000000,8.65514,9.59365,8.65514,9.33286,131.15821600929212,0
NWA,D,20200904,000000,9.07219,9.3848,8.96843,9.33286,884.9229031952025,0
NWA,D,20200907,000000,9.74993,9.74993,8.55073,9.33286,504.09001092726436,0
NWA,D,20200908,000000,8.65514,9.43728,6.93447,8.75897,20470.163014268182,0
NWA,D,20200909,000000,8.02926,8.8633,7.61224,8.81142,2425.636886436878,0
NWA,D,20200910,000000,8.8633,9.3848,7.66475,8.81142,4216.025545937162,0
NWA,D,20200911,000000,8.75897,10.0106,8.08115,8.8633,3536.531173840779,0
NWA,D,20200914,000000,8.44697,9.9587,8.39445,9.80178,2898.122507964253,0
NWA,D,20200915,000000,9.90621,9.90621,9.80178,9.80178,6.32087787996575,0
NWA,D,20200916,000000,9.80178,9.90621,9.12409,9.54107,382.4131117379289,0
NWA,D,20200917,000000,8.8633,9.54107,7.87296,9.07219,2343.4654739972857,0
NWA,D,20200918,000000,8.34192,9.69799,7.9774,9.12409,2236.0105500378672,0
NWA,D,20200921,000000,8.55073,9.6455,8.55073,9.3848,1332.1250132027267,0
NWA,D,20200922,000000,9.33286,9.6455,8.75897,8.75897,4026.399209538152,0
NWA,D,20200923,000000,8.65514,9.6455,8.65514,9.48986,358.70981968805563,0
NWA,D,20200924,000000,9.48986,9.48986,9.48986,9.48986,1.5802194699914682,0
NWA,D,20200925,000000,9.48986,9.48986,9.12409,9.33286,42.665925689768166,0
NWA,D,20200928,000000,9.3848,9.3848,7.82046,9.3848,3068.7862107233013,0
NWA,D,20200929,000000,8.8633,9.3848,8.4982,9.33286,3756.1816801696386,0
NWA,D,20200930,000000,9.28046,9.43728,8.4982,9.33286,402.95596484780833,0
NWA,D,20201001,000000,9.33286,9.33286,7.71668,8.08115,8324.596167914782,0
NWA,D,20201002,000000,7.5078,8.96843,7.5078,8.23816,1885.201827699728,0
NWA,D,20201005,000000,8.8633,9.3848,7.61224,7.61224,6801.264598843078,0
NWA,D,20201006,000000,7.82046,8.39445,7.09079,7.14331,7210.541441570825,0
NWA,D,20201007,000000,7.14331,7.82046,7.14331,7.82046,148.5406301791901,0
NWA,D,20201008,000000,7.82046,7.82046,6.56934,7.14331,9456.033308428736,0
NWA,D,20201009,000000,7.14331,7.56032,7.09079,7.56032,1959.4721427893664,0
NWA,D,20201012,000000,6.62187,7.71668,6.62187,7.71668,2548.894005096204,0
NWA,D,20201013,000000,7.09079,7.71668,7.09079,7.19521,8767.057619512434,0
NWA,D,20201014,000000,7.29958,7.66475,7.29958,7.5078,1082.4503369441297,0
NWA,D,20201015,000000,7.56032,7.66475,6.98637,6.98637,4936.605624253157,0
NWA,D,20201016,000000,8.39445,10.0106,8.13368,9.3848,28878.510814094127,0
NWA,D,20201019,000000,9.74993,9.74993,8.8633,9.22916,6336.680074665656,0
NWA,D,20201020,000000,9.3848,9.3848,7.92548,8.81142,6788.622843083103,0
NWA,D,20201021,000000,8.34192,9.12409,8.34192,8.4982,1504.3689354318642,0
NWA,D,20201022,000000,8.96843,8.96843,7.92548,8.39445,1888.3622666397837,0
NWA,D,20201023,000000,7.56032,9.01966,7.56032,8.96843,14762.410288660243,0
NWA,D,20201026,000000,8.96843,8.96843,8.02926,8.60261,2942.3686531240437,0
NWA,D,20201027,000000,8.34192,8.65514,8.08115,8.13368,1632.3667125010882,0
NWA,D,20201028,000000,8.1862,8.34192,7.29958,7.56032,5437.5351962405375,0
NWA,D,20201029,000000,7.5078,8.02926,7.03889,7.66475,218.07028685881917,0
NWA,D,20201030,000000,7.82046,7.82046,7.03889,7.76853,5056.70230397255,0
NWA,D,20201102,000000,6.93447,7.82046,6.93447,7.76853,1151.9799936237464,0
NWA,D,20201103,000000,7.56032,7.92548,7.35151,7.92548,2580.4983944960186,0
NWA,D,20201104,000000,7.45595,8.13368,7.35151,7.56032,1302.100843272878,0
NWA,D,20201105,000000,7.5078,7.87296,7.35151,7.71668,965.5140961647543,0
NWA,D,20201106,000000,7.45595,7.87296,7.09079,7.76853,3068.7862107233013,0
NWA,D,20201109,000000,7.5078,7.76853,7.5078,7.76853,3.160438939982813,0
NWA,D,20201110,000000,7.40402,7.9774,7.40402,7.5078,1550.19530006162,0
NWA,D,20201112,000000,7.71668,8.34192,7.71668,8.23816,3171.500476272822,0
NWA,D,20201113,000000,8.70766,8.70766,8.08115,8.08115,1436.4194982222134,0
NWA,D,20201116,000000,8.60261,8.65514,8.08115,8.39445,6162.855932966554,0
NWA,D,20201117,000000,8.65514,8.65514,8.39445,8.60261,254.41533466861821,0
NWA,D,20201118,000000,8.96843,8.96843,8.23816,8.75897,1757.2040506305038,0
NWA,D,20201119,000000,8.34192,8.60261,8.34192,8.60261,97.97360713946833,0
NWA,D,20201120,000000,8.44697,8.81142,8.44697,8.81142,3201.5246462026707,0
NWA,D,20201123,000000,8.81142,8.81142,8.23816,8.34192,1742.9820754005627,0
NWA,D,20201124,000000,8.55073,8.91591,8.44697,8.44697,194.3669948089459,0
NWA,D,20201125,000000,8.8633,8.8633,8.55073,8.81142,584.6812038968285,0
NWA,D,20201126,000000,8.65514,8.65514,8.55073,8.55073,191.20655586896444,0
NWA,D,20201127,000000,8.65514,8.65514,8.28997,8.4982,1678.193077130844,0
NWA,D,20201130,000000,8.60261,8.60261,8.60261,8.60261,80.59119296956291,0
NWA,D,20201201,000000,8.70766,8.70766,8.44697,8.44697,210.16918950886554,0
NWA,D,20201202,000000,8.44697,8.44697,8.13368,8.13368,970.2547545747387,0
NWA,D,20201203,000000,8.44697,8.44697,8.02926,8.02926,36.34504780980278,0
NWA,D,20201204,000000,8.44697,8.44697,7.61224,7.82046,1858.3380967099351,0
NWA,D,20201207,000000,8.08115,8.08115,8.08115,8.08115,96.39338766947634,0
NWA,D,20201208,000000,7.82046,8.28997,7.82046,8.13368,132.73843547928286,0
NWA,D,20201209,000000,8.13368,8.28997,7.82046,8.08115,1460.122790272074,0
NWA,D,20201210,000000,7.82046,7.9774,7.71668,7.82046,2890.2214106142997,0
NWA,D,20201211,000000,7.76853,7.9774,7.76853,7.82046,15663.135386555698,0
NWA,D,20201214,000000,7.9774,7.9774,7.9774,7.9774,41.085706219777435,0
NWA,D,20201215,000000,7.9774,8.34192,7.9774,8.28997,3193.6235488527172,0
NWA,D,20201216,000000,7.9774,8.28997,7.92548,8.28997,3022.959846093546,0
NWA,D,20201217,000000,8.34192,8.4982,8.34192,8.4982,3699.2937792498733,0
NWA,D,20201218,000000,8.4982,8.55073,8.34192,8.39445,1608.6634204512272,0
NWA,D,20201221,000000,8.55073,8.55073,8.02926,8.02926,1370.0502804825285,0
NWA,D,20201222,000000,8.23816,8.23816,7.87296,8.1862,1298.940404332946,0
NWA,D,20201223,000000,8.13368,8.28997,8.08115,8.28997,1610.243639921317,0
NWA,D,20201228,000000,8.02926,8.34192,7.9774,8.34192,1899.4238029296694,0
NWA,D,20201229,000000,8.55073,8.60261,8.34192,8.60261,4110.150841447709,0
NWA,D,20201230,000000,8.60261,8.8633,8.39445,8.60261,2281.8369146676228,0
NWA,D,20210104,000000,8.8633,10.1151,8.8633,9.69799,2542.5731272162166,0
NWA,D,20210105,000000,10.3233,10.3233,9.69799,10.1151,2471.463251066634,0
NWA,D,20210107,000000,9.69799,11.5743,9.69799,11.3662,2687.9533184554375,0
NWA,D,20210108,000000,10.7409,10.9491,10.167,10.9491,10386.78257625367,0
NWA,D,20210111,000000,11.0529,11.0529,10.3233,10.7409,6270.310856925973,0
NWA,D,20210112,000000,10.2194,10.6365,10.2194,10.3757,2054.2853109888097,0
NWA,D,20210113,000000,10.167,10.2194,10.167,10.2194,393.474648027864,0
NWA,D,20210114,000000,10.1151,10.7409,10.1151,10.7409,2281.8369146676228,0
NWA,D,20210115,000000,10.0625,10.4276,10.0106,10.4276,2008.458946359054,0
NWA,D,20210118,000000,10.4276,11.3662,10.4276,11.2623,706.3581030861639,0
NWA,D,20210119,000000,10.4276,10.9491,10.2194,10.2194,2134.876503958436,0
NWA,D,20210120,000000,10.2713,10.3757,10.167,10.3757,1896.2633639897372,0
NWA,D,20210121,000000,10.3757,10.3757,9.74993,9.74993,27388.36385389134,0
NWA,D,20210122,000000,9.69799,9.90621,9.54107,9.90621,9667.78271740752,0
NWA,D,20210125,000000,9.90621,9.90621,9.90621,9.90621,23210.263575233483,0
NWA,D,20210126,000000,9.90621,9.90621,9.6455,9.6455,429.81969583766306,0
NWA,D,20210127,000000,9.85436,9.85436,9.43728,9.80178,1095.0920927040556,0
NWA,D,20210128,000000,9.69799,9.69799,9.69799,9.69799,208.58897003886244,0
NWA,D,20210129,000000,9.69799,9.69799,9.3848,9.6455,1415.8766451122845,0
NWA,D,20210201,000000,8.96843,9.6455,8.96843,9.6455,304.9823577083462,0
NWA,D,20210202,000000,9.6455,9.6455,9.6455,9.6455,20.5428531098881,0
NWA,D,20210203,000000,9.48986,9.48986,9.3848,9.48986,1314.742599032853,0
NWA,D,20210204,000000,9.6455,9.69799,9.3848,9.69799,973.4151935147204,0
NWA,D,20210208,000000,9.85436,10.3757,9.6455,10.3757,218.07028685881917,0
NWA,D,20210209,000000,10.1151,10.1151,10.0625,10.0625,862.7998306153199,0
NWA,D,20210210,000000,10.1151,10.3757,10.1151,10.3757,298.6614798283833,0
NWA,D,20210212,000000,9.69799,9.90621,9.54107,9.54107,524.6328640371561,0
NWA,D,20210215,000000,9.85436,9.90621,9.54107,9.54107,442.46145159760124,0
NWA,D,20210216,000000,9.80178,9.90621,9.54107,9.90621,1919.966656039598,0
NWA,D,20210217,000000,9.54107,10.8447,9.54107,10.167,24220.0238165582,0
NWA,D,20210218,000000,11.0529,11.0529,10.2713,10.8447,2111.173211908575,0
NWA,D,20210219,000000,11.2623,11.2623,10.7409,10.7409,1983.1754348392274,0
NWA,D,20210222,000000,10.7409,10.7409,9.01966,10.5321,5609.7791184695525,0
NWA,D,20210223,000000,9.6455,10.4276,9.43728,10.2713,1739.821636460507,0
NWA,D,20210224,000000,10.167,10.3757,9.90621,10.3757,941.8108041148934,0
NWA,D,20210225,000000,10.0106,10.5321,10.0106,10.5321,383.99333120791965,0
NWA,D,20210226,000000,10.3757,10.3757,9.54107,10.3757,802.7514907556476,0
NWA,D,20210301,000000,10.3757,12.4091,10.3757,11.992,4516.267245235524,0
NWA,D,20210302,000000,12.5134,13.0349,11.4705,12.2008,3835.192653669175,0
NWA,D,20210303,000000,11.4705,11.8876,10.6365,10.9491,17799.592109983605,0
NWA,D,20210304,000000,10.6365,10.6365,9.54107,10.167,4601.5990966150475,0
NWA,D,20210305,000000,10.6365,10.8447,10.2194,10.8447,4031.1398679481736,0
NWA,D,20210308,000000,10.9491,11.6794,10.5321,11.6794,1591.281006281354,0
NWA,D,20210309,000000,11.5743,11.5743,10.9491,10.9491,2035.3226773489707,0
NWA,D,20210310,000000,10.8447,10.8447,10.8447,10.8447,191.20655586896444,0
NWA,D,20210311,000000,10.9491,10.9491,10.4276,10.9491,4739.078190504315,0
NWA,D,20210312,000000,10.8447,11.3662,10.8447,11.3662,1747.7227338104606,0
NWA,D,20210315,000000,10.7409,11.6794,10.5321,10.9491,3858.8959457190354,0
NWA,D,20210316,000000,11.0529,11.2623,11.0529,11.2623,970.2547545747387,0
NWA,D,20210317,000000,11.3662,11.3662,10.5321,11.1579,3095.6499417132177,0
NWA,D,20210318,000000,11.1579,11.4705,10.8447,11.4705,2401.9335943870174,0
NWA,D,20210319,000000,11.3662,11.3662,11.3662,11.3662,191.20655586896444,0
NWA,D,20210322,000000,11.2623,11.2623,10.8447,11.1579,965.5140961647543,0
NWA,D,20210323,000000,10.7409,10.8447,10.7409,10.7409,576.7801065468749,0
NWA,D,20210324,000000,10.5321,10.9491,10.3233,10.8447,1938.9292896794373,0
NWA,D,20210325,000000,10.7409,10.7409,10.4276,10.7409,1396.9140114724453,0
NWA,D,20210326,000000,10.7409,11.0529,10.7409,11.0529,499.3493525172922,0
NWA,D,20210329,000000,10.9491,11.1579,10.7409,11.1579,178.5648001090263,0
NWA,D,20210330,000000,11.1579,11.1579,11.1579,11.1579,1570.738153171425,0
NWA,D,20210331,000000,11.1579,11.1579,11.1579,11.1579,1795.129317910306,0
NWA,D,20210401,000000,11.1579,11.2623,11.1579,11.2623,3259.9927665922783,0
NWA,D,20210406,000000,11.5743,12.5134,11.4705,12.4091,7814.185279107605,0
NWA,D,20210407,000000,12.2951,12.2951,11.9534,12.2951,2898.122507964253,0
NWA,D,20210408,000000,12.4091,12.9786,12.4091,12.9786,635.2482269365564,0
NWA,D,20210409,000000,12.466,12.7507,12.0104,12.1812,3527.0498570208592,0
NWA,D,20210412,000000,12.5799,12.5799,12.5229,12.5229,440.88123212761053,0
NWA,D,20210413,000000,12.2382,12.2382,12.0673,12.1812,875.4415863752457,0
NWA,D,20210414,000000,12.1812,12.5229,11.9534,12.5229,472.48562152743744,0
NWA,D,20210415,000000,12.466,12.9786,12.466,12.9786,1071.3888006541824,0
NWA,D,20210416,000000,12.8646,13.0918,12.8646,13.0918,350.80872233810203,0
NWA,D,20210419,000000,13.0918,13.0918,12.4091,13.0349,126.41755759931995,0
NWA,D,20210420,000000,12.8077,12.8077,12.8077,12.8077,3.160438939982813,0
NWA,D,20210421,000000,12.5799,12.8077,12.4091,12.8077,328.6856497582195,0
NWA,D,20210423,000000,12.5229,12.5229,11.5554,12.466,2243.9116473878207,0
NWA,D,20210426,000000,12.4091,12.466,11.0143,11.3276,2789.087364534869,0
NWA,D,20210427,000000,11.6693,12.3521,11.6123,11.6123,1626.0458346212242,0
NWA,D,20210428,000000,11.6693,11.6693,11.6693,11.6693,1.5802194699914682,0
NWA,D,20210429,000000,11.6123,12.1243,11.6123,11.6123,1270.4964538730635,0
NWA,D,20210430,000000,11.6123,12.5229,11.6123,12.5229,54152.541017136835,0
NWA,D,20210504,000000,11.4984,12.5229,11.4984,12.5229,1213.6085529534096,0
NWA,D,20210505,000000,12.0673,12.5229,11.6123,11.7262,1088.7712148240928,0
NWA,D,20210506,000000,11.7262,11.7262,11.4984,11.6693,519.8922056271839,0
NWA,D,20210507,000000,11.4984,12.2382,11.0143,11.2136,2477.7841289464977,0
NWA,D,20210510,000000,11.0998,11.4414,10.4455,10.7587,3323.201545391907,0
NWA,D,20210511,000000,11.0998,11.0998,11.0712,11.0998,519.8922056271839,0
NWA,D,20210512,000000,11.0998,11.0998,10.9288,11.0998,488.28781622734465,0
NWA,D,20210513,000000,10.9288,11.0712,10.815,11.0712,575.1998870768841,0
NWA,D,20210514,000000,11.0998,11.0998,10.7017,11.0998,361.8702586280371,0
NWA,D,20210517,000000,11.0998,11.0998,10.5023,10.815,1545.4546416515982,0
NWA,D,20210518,000000,11.0998,11.0998,10.815,10.815,331.846088698201,0
NWA,D,20210519,000000,10.815,10.815,10.815,10.815,350.80872233810203,0
NWA,D,20210520,000000,10.815,11.2136,10.5877,11.2136,2011.6193852991098,0
NWA,D,20210521,000000,11.0998,11.2136,10.9288,11.2136,921.2679510050017,0
NWA,D,20210524,000000,11.2421,11.2421,11.0998,11.2136,357.1296002180649,0
NWA,D,20210525,000000,11.2421,11.2421,10.9858,10.9858,2992.9356761636973,0
NWA,D,20210526,000000,10.8719,10.9288,10.8719,10.9288,360.2900391580464,0
NWA,D,20210527,000000,10.8719,10.8719,10.5877,10.7017,1695.575491300841,0
NWA,D,20210528,000000,10.815,10.815,10.815,10.815,1.5802194699914682,0
NWA,D,20210531,000000,10.5877,10.7017,10.4739,10.5308,1991.0765321891809,0
NWA,D,20210601,000000,10.4739,10.4739,10.1606,10.3314,6603.737165094115,0
NWA,D,20210602,000000,10.1606,10.1606,10.1606,10.1606,622.6064711766181,0
NWA,D,20210604,000000,10.3314,10.417,10.2745,10.2745,426.65925689768164,0
NWA,D,20210607,000000,10.3599,10.417,10.3599,10.417,567.2987897269181,0
NWA,D,20210614,000000,10.5308,10.5308,10.5308,10.5308,3.160438939982813,0
NWA,D,20210615,000000,10.5308,10.5308,10.2745,10.2745,726.9009561960556,0
NWA,D,20210616,000000,10.303,10.4739,10.303,10.4739,371.3515754479815,0
NWA,D,20210617,000000,10.4739,10.4739,10.4739,10.4739,178.5648001090263,0
NWA,D,20210618,000000,10.4739,10.4739,10.2745,10.2745,199.10765321891807,0
NWA,D,20210621,000000,10.1321,10.303,10.0752,10.303,1425.3579619322043,0
NWA,D,20210622,000000,10.3314,10.417,10.1892,10.417,736.382273016,0
NWA,D,20210623,000000,10.303,10.5308,10.2745,10.2745,3741.959704939697,0
NWA,D,20210624,000000,10.5877,10.815,10.5877,10.815,2310.2808651275054,0
NWA,D,20210625,000000,10.815,10.815,10.4455,10.4455,192.78677533895518,0
NWA,D,20210629,000000,10.3599,10.7587,10.3599,10.7587,425.0790374276909,0
NWA,D,20210630,000000,10.7587,10.7587,10.7587,10.7587,175.40436116904485,0
NWA,D,20210701,000000,10.4455,10.8719,10.4455,10.8719,1245.2129423532363,0
NWA,D,20210702,000000,10.815,11.1851,10.815,11.0712,651.0504216364637,0
NWA,D,20210705,000000,11.0712,11.1567,11.0143,11.0143,439.30101265761976,0
NWA,D,20210706,000000,11.1567,11.3561,11.0428,11.2706,1618.1447372712705,0
NWA,D,20210707,000000,11.3561,11.3561,11.3561,11.3561,175.40436116904485,0
NWA,D,20210708,000000,10.8719,10.8719,10.5877,10.8719,271.7977488385286,0
NWA,D,20210712,000000,10.7302,10.7302,10.7302,10.7302,316.04389399828136,0
NWA,D,20210713,000000,10.7866,11.1282,10.303,10.303,2300.799548307462,0
NWA,D,20210714,000000,10.303,10.303,10.303,10.303,3.160438939982813,0
NWA,D,20210715,000000,10.6448,10.6448,10.5308,10.5308,429.81969583766306,0
NWA,D,20210716,000000,10.5308,10.6448,10.5308,10.6448,232.2922620887357,0
NWA,D,20210719,000000,10.5308,10.5308,10.417,10.4739,393.474648027864,0
NWA,D,20210720,000000,10.815,10.815,10.815,10.815,17.38241416990541,0
NWA,D,20210721,000000,10.7017,10.7017,10.417,10.417,113.77580183938299,0
NWA,D,20210722,000000,10.7017,10.7587,10.5308,10.5308,475.64606046741886,0
NWA,D,20210723,000000,10.7587,10.8719,10.417,10.8719,1194.6459193135208,0
NWA,D,20210726,000000,8.76584,9.16455,7.68438,8.36778,16587.563776500025,0
NWA,D,20210727,000000,8.31089,8.53804,8.02613,8.53804,1251.5338202332243,0
NWA,D,20210728,000000,8.59501,8.65198,8.59501,8.59501,2120.654528728495,0
NWA,D,20210729,000000,8.14007,8.14007,7.79828,7.79828,1994.2369711292365,0
NWA,D,20210730,000000,7.71282,7.96912,7.28635,7.96912,1866.2391940598889,0
NWA,D,20210802,000000,7.96912,7.96912,7.34329,7.96912,695.2965667962287,0
NWA,D,20210803,000000,7.39958,7.96912,7.34329,7.34329,4699.572703754547,0
NWA,D,20210804,000000,7.39958,7.39958,7.28635,7.28635,2659.509367995555,0
NWA,D,20210805,000000,7.39958,7.85522,7.28635,7.62744,4130.693694557638,0
NWA,D,20210806,000000,7.68438,8.28245,7.68438,7.74133,4824.410041883839,0
NWA,D,20210809,000000,7.62744,7.65588,7.62744,7.62744,790.1097349957095,0
NWA,D,20210810,000000,7.62744,7.96912,7.62744,7.96912,3704.034437659895,0
NWA,D,20210811,000000,7.68438,8.14007,7.68438,8.02613,1896.2633639897372,0
NWA,D,20210812,000000,8.19696,8.45328,8.02613,8.45328,1701.8963691807048,0
NWA,D,20210813,000000,8.45328,8.45328,7.96912,8.33934,99.55382660946029,0
NWA,D,20210816,000000,7.96912,8.56649,7.96912,8.56649,3689.8124624299535,0
NWA,D,20210817,000000,7.99762,8.53804,7.99762,8.45328,249.6746762586461,0
NWA,D,20210818,000000,8.45328,8.53804,8.02613,8.53804,687.3954694462752,0
NWA,D,20210819,000000,8.42475,8.42475,8.02613,8.16842,948.1316819948562,0
NWA,D,20210820,000000,8.4818,8.4818,8.14007,8.14007,586.2614233668193,0
NWA,D,20210823,000000,8.4818,8.4818,8.42475,8.42475,214.9098479188377,0
NWA,D,20210824,000000,8.4818,8.50952,8.4818,8.4818,521.4724250971747,0
NWA,D,20210825,000000,8.14007,8.45328,8.14007,8.45328,835.9360996254653,0
NWA,D,20210826,000000,8.45328,8.45328,8.45328,8.45328,3.160438939982813,0
NWA,D,20210827,000000,8.42475,8.42475,8.42475,8.42475,9.481316819948562,0
NWA,D,20210830,000000,8.19696,8.19696,8.14007,8.16842,843.8371969754189,0
NWA,D,20210831,000000,8.25393,8.25393,8.19696,8.19696,456.6834268275178,0
NWA,D,20210901,000000,8.19696,8.19696,8.19696,8.19696,85.33185137953633,0
NWA,D,20210902,000000,8.42475,8.42475,8.42475,8.42475,3.160438939982813,0
NWA,D,20210903,000000,8.39631,8.39631,8.39631,8.39631,3.160438939982813,0
NWA,D,20210906,000000,8.16842,8.16842,8.16842,8.16842,167.5032638190912,0
NWA,D,20210907,000000,8.16842,8.33934,8.14007,8.19696,1695.575491300841,0
NWA,D,20210908,000000,8.36778,8.4818,8.36778,8.4818,2318.181962477459,0
NWA,D,20210909,000000,8.50952,8.50952,8.50952,8.50952,1.5802194699914682,0
NWA,D,20210910,000000,8.50952,8.50952,8.50952,8.50952,1.5802194699914682,0
NWA,D,20210913,000000,8.50952,8.50952,8.2254,8.50952,240.1933594387017,0
NWA,D,20210914,000000,8.45328,8.45328,8.25393,8.25393,107.45492395941638,0
NWA,D,20210915,000000,8.4818,8.4818,8.4818,8.4818,3.160438939982813,0
NWA,D,20210916,000000,8.4818,8.4818,8.4818,8.4818,1.5802194699914682,0
NWA,D,20210917,000000,8.45328,8.45328,8.05456,8.0831,820.1339049255457,0
NWA,D,20210920,000000,8.02613,8.0831,7.85522,8.0831,1788.8084400303185,0
NWA,D,20210921,000000,8.05456,8.05456,8.05456,8.05456,1.5802194699914682,0
NWA,D,20210922,000000,8.05456,8.05456,7.57049,7.71282,63.208778799657495,0
NWA,D,20210923,000000,8.05456,8.05456,7.71282,7.71282,3.160438939982813,0
NWA,D,20210924,000000,7.99762,7.99762,7.71282,7.71282,17.38241416990541,0
NWA,D,20210927,000000,7.99762,8.05456,7.99762,8.05456,545.1757171470356,0
NWA,D,20210928,000000,8.02613,8.31089,7.99762,8.31089,2112.753431378541,0
NWA,D,20210929,000000,7.71282,8.28245,7.71282,7.71282,260.73621254858114,0
NWA,D,20210930,000000,8.2254,8.28245,7.99762,8.28245,1028.7228749644205,0
NWA,D,20211001,000000,8.36778,8.36778,8.36778,8.36778,3.160438939982813,0
NWA,D,20211004,000000,8.36778,8.39631,7.76984,7.76984,1795.129317910306,0
NWA,D,20211005,000000,8.36778,8.45328,8.33934,8.45328,4903.421015383375,0
NWA,D,20211006,000000,8.45328,8.45328,8.45328,8.45328,703.1976641461824,0
NWA,D,20211007,000000,8.4818,8.4818,8.4818,8.4818,3.160438939982813,0
NWA,D,20211008,000000,8.4818,8.50952,8.4818,8.50952,263.89665148856255,0
NWA,D,20211011,000000,8.4818,8.4818,8.4818,8.4818,140.63953282923646,0
NWA,D,20211012,000000,8.36778,9.05061,8.36778,9.05061,4615.821071844989,0
NWA,D,20211013,000000,9.39245,9.39245,9.39245,9.39245,17.38241416990541,0
NWA,D,20211014,000000,8.70887,9.27845,8.70887,9.27845,393.474648027864,0
NWA,D,20211015,000000,9.27845,9.27845,9.27845,9.27845,1.5802194699914682,0
NWA,D,20211018,000000,9.24993,9.24993,9.24993,9.24993,216.49006738882844,0
NWA,D,20211019,000000,9.2215,9.2215,9.2215,9.2215,17.38241416990541,0
NWA,D,20211020,000000,9.19307,9.19307,9.19307,9.19307,17.38241416990541,0
NWA,D,20211021,000000,9.19307,9.19307,9.10758,9.10758,619.4460322366368,0
NWA,D,20211022,000000,9.10758,9.10758,8.79437,8.79437,551.4965950270108,0
NWA,D,20211025,000000,7.62744,7.79828,6.83069,7.79828,6527.88663053451,0
NWA,D,20211026,000000,7.79828,7.91216,7.39958,7.91216,859.6393916753385,0
NWA,D,20211027,000000,7.88373,7.91216,7.39958,7.91216,513.5713277472087,0
NWA,D,20211028,000000,7.31478,7.91216,7.31478,7.91216,357.1296002180649,0
NWA,D,20211029,000000,7.51355,7.51355,7.51355,7.51355,241.77357890869243,0
NWA,D,20211102,000000,7.62744,7.62744,7.62744,7.62744,263.89665148856255,0
NWA,D,20211103,000000,7.85522,7.85522,7.57049,7.57049,268.63730989854713,0
NWA,D,20211104,000000,7.62744,7.85522,7.45653,7.45653,554.6570339669922,0
NWA,D,20211105,000000,7.45653,7.45653,7.45653,7.45653,878.6020253152273,0
NWA,D,20211108,000000,7.42809,7.42809,7.39958,7.39958,1278.397551223017,0
NWA,D,20211109,000000,7.42809,7.42809,7.28635,7.28635,782.2086376457557,0
NWA,D,20211110,000000,7.28635,7.39958,7.28635,7.39958,908.6261952450634,0
NWA,D,20211112,000000,7.51355,7.51355,7.51355,7.51355,229.13182314875422,0
NWA,D,20211115,000000,7.39958,7.39958,6.94461,7.11547,2687.9533184554375,0
NWA,D,20211117,000000,7.28635,7.34329,7.28635,7.34329,325.52521081823807,0
NWA,D,20211118,000000,7.39958,7.39958,7.39958,7.39958,3.160438939982813,0
NWA,D,20211122,000000,7.11547,7.17243,7.11547,7.11547,753.7646871859104,0
NWA,D,20211124,000000,6.94461,6.94461,6.77374,6.83069,1872.5600719398763,0
NWA,D,20211125,000000,7.03004,7.11547,7.03004,7.11547,617.8658127666461,0
NWA,D,20211126,000000,7.00156,7.03004,6.60289,6.60289,518.3119861571809,0
NWA,D,20211129,000000,6.60289,6.60289,6.26115,6.60289,1400.0744504123772,0
NWA,D,20211130,000000,6.28963,6.94461,6.28963,6.94461,156.44172752915614,0
NWA,D,20211201,000000,6.88765,6.88765,6.88765,6.88765,3.160438939982813,0
NWA,D,20211202,000000,6.85918,6.88765,6.26115,6.26115,23826.549168530113,0
NWA,D,20211203,000000,6.77374,6.77374,6.37506,6.37506,466.1647436474745,0
NWA,D,20211206,000000,6.37506,6.37506,6.37506,6.37506,124.83733812931685,0
NWA,D,20211207,000000,6.51744,6.54593,6.51744,6.51744,834.3558801554744,0
NWA,D,20211208,000000,6.54593,6.54593,6.54593,6.54593,175.40436116904485,0
NWA,D,20211209,000000,6.43202,6.43202,6.43202,6.43202,622.6064711766181,0
NWA,D,20211210,000000,6.83069,6.83069,6.83069,6.83069,1.5802194699914682,0
NWA,D,20211213,000000,6.60289,6.80223,6.48897,6.80223,1183.5843830235735,0
NWA,D,20211214,000000,6.80223,6.80223,6.51744,6.51744,123.25711865933107,0
NWA,D,20211215,000000,6.48897,6.65984,6.48897,6.54593,2294.4786704275984,0
NWA,D,20211216,000000,6.74526,6.74526,6.74526,6.74526,3.160438939982813,0
NWA,D,20211217,000000,6.74526,6.74526,6.57441,6.57441,706.3581030861639,0
NWA,D,20211220,000000,6.54593,6.54593,6.46049,6.46049,281.2790656584729,0
NWA,D,20211221,000000,6.57441,6.60289,6.31811,6.31811,1142.4986768038023,0
NWA,D,20211222,000000,6.57441,6.57441,6.28963,6.28963,436.14057371763835,0
NWA,D,20211227,000000,6.43202,6.43202,6.26115,6.26115,1174.103066203629,0
NWA,D,20211228,000000,6.1194,6.77374,5.97683,5.97683,3119.353233763079,0
NWA,D,20211229,000000,6.34659,6.34659,6.34659,6.34659,316.04389399828136,0
NWA,D,20211230,000000,6.48897,6.60289,6.48897,6.60289,355.54938074807416,0
NWA,D,20220104,000000,6.31811,6.60289,5.29376,6.26115,4514.687025765558,0
NWA,D,20220105,000000,6.37506,6.60289,6.37506,6.60289,500.9295719872828,0
NWA,D,20220107,000000,6.34659,6.34659,6.34659,6.34659,69.52965667962287,0
NWA,D,20220112,000000,6.65984,6.65984,6.63136,6.63136,602.0636180667265,0
NWA,D,20220113,000000,6.71679,6.71679,6.68831,6.68831,497.7691330473014,0
NWA,D,20220117,000000,6.91613,7.17243,6.91613,6.91613,1167.782188323666,0
NWA,D,20220118,000000,6.97307,10.0182,6.97307,10.0182,8305.633534274943,0
NWA,D,20220119,000000,10.815,11.3844,8.65198,8.99372,11082.079143049838,0
NWA,D,20220120,000000,8.53804,8.99372,7.85522,8.0831,4129.113475087549,0
NWA,D,20220121,000000,7.99762,8.42475,7.42809,8.33934,3760.9223385795367,0
NWA,D,20220124,000000,7.96912,8.25393,7.85522,8.25393,355.54938074807416,0
NWA,D,20220125,000000,8.25393,8.25393,8.19696,8.19696,350.80872233810203,0
NWA,D,20220126,000000,8.31089,8.50952,8.31089,8.50952,472.48562152743744,0
NWA,D,20220127,000000,8.53804,10.7302,8.19696,8.8229,5881.576867308031,0
NWA,D,20220128,000000,8.8229,10.5023,8.19696,9.13612,2937.6279947140215,0
NWA,D,20220131,000000,10.815,11.9534,10.2461,11.8965,16508.55280300049,0
NWA,D,20220201,000000,12.9217,13.8892,10.5593,11.8965,8850.809251421992,0
NWA,D,20220202,000000,10.5308,12.2382,10.303,10.815,3711.9355350098485,0
NWA,D,20220203,000000,10.303,11.3844,9.79039,10.2461,1480.6656433820033,0
NWA,D,20220204,000000,10.815,10.815,9.79039,10.0752,663.692177396402,0
NWA,D,20220207,000000,10.4739,11.2706,10.0752,10.5308,222.81094526879136,0
NWA,D,20220208,000000,11.3561,11.3561,9.81882,10.7587,1938.9292896794373,0
NWA,D,20220209,000000,10.5877,10.5877,9.79039,9.84734,2482.524787356519,0
NWA,D,20220210,000000,8.87979,10.4739,8.31089,9.10758,7641.941356878467,0
NWA,D,20220211,000000,8.53804,9.10758,8.53804,9.05061,562.5581313169458,0
NWA,D,20220214,000000,8.25393,9.16455,7.59893,9.16455,1720.8590028206677,0
NWA,D,20220215,000000,8.56649,9.84734,8.56649,9.10758,467.7449631174652,0
NWA,D,20220216,000000,9.93282,9.93282,9.2215,9.2215,12.641755759931995,0
NWA,D,20220217,000000,9.93282,9.93282,9.2215,9.67658,267.0570904285564,0
NWA,D,20220218,000000,9.90439,9.90439,8.28245,9.67658,5296.895663411215,0
NWA,D,20220221,000000,9.67658,9.73353,8.02613,8.90823,5633.482410519413,0
NWA,D,20220222,000000,9.02217,9.02217,7.74133,8.53804,109.03514342940834,0
NWA,D,20220223,000000,9.02217,9.62017,8.11154,9.50627,2305.540206717484,0
NWA,D,20220224,000000,8.8229,8.8229,7.11547,7.22937,2126.9754066084824,0
NWA,D,20220225,000000,7.68438,8.79437,7.22937,7.91216,916.5272925950294,0
NWA,D,20220228,000000,8.76584,8.76584,7.34329,7.94068,361.8702586280371,0
NWA,D,20220301,000000,7.94068,7.94068,7.94068,7.94068,1.5802194699914682,0
NWA,D,20220302,000000,7.94068,8.7374,7.34329,7.39958,628.9273490565812,0
NWA,D,20220303,000000,8.25393,8.25393,8.25393,8.25393,4.740658409974281,0
NWA,D,20220304,000000,8.25393,8.53804,7.51355,8.4818,5799.405454868563,0
NWA,D,20220307,000000,7.99762,8.39631,7.71282,8.39631,780.6284181757651,0
NWA,D,20220308,000000,8.42475,8.4818,7.62744,8.45328,804.3317102256384,0
NWA,D,20220309,000000,8.42475,8.53804,8.02613,8.02613,372.9317949179721,0
NWA,D,20220310,000000,8.45328,8.45328,8.45328,8.45328,1.5802194699914682,0
NWA,D,20220311,000000,8.4818,8.9652,8.16842,8.79437,1600.7623231012738,0
NWA,D,20220314,000000,8.7374,8.7374,8.7374,8.7374,192.78677533895518,0
NWA,D,20220315,000000,8.7374,8.7374,8.0831,8.65198,178.5648001090263,0
NWA,D,20220316,000000,8.65198,8.99372,8.53804,8.53804,1845.69634094996,0
NWA,D,20220317,000000,8.53804,8.87979,8.25393,8.87979,1126.6964821038825,0
NWA,D,20220318,000000,8.87979,8.87979,8.53804,8.53804,154.86150805916537,0
NWA,D,20220321,000000,8.53804,8.99372,8.53804,8.99372,90.07250978951097,0
NWA,D,20220322,000000,8.99372,8.99372,7.71282,8.99372,688.9756889162659,0
NWA,D,20220323,000000,8.53804,8.79437,8.39631,8.79437,507.2504498672458,0
NWA,D,20220324,000000,8.56649,9.05061,8.56649,9.05061,665.2723968663926,0
NWA,D,20220325,000000,8.8229,8.8229,8.8229,8.8229,140.63953282923646,0
NWA,D,20220328,000000,9.16455,9.16455,9.16455,9.16455,1.5802194699914682,0
NWA,D,20220329,000000,9.16455,9.16455,7.76984,8.53804,1968.953459609286,0
NWA,D,20220330,000000,8.50952,8.70887,8.19696,8.70887,676.3339331563276,0
NWA,D,20220331,000000,8.76584,9.13612,8.76584,8.76584,252.8351151986275,0
NWA,D,20220401,000000,9.07914,9.07914,8.8229,8.8229,146.96041070919938,0
NWA,D,20220404,000000,9.07914,9.10758,9.07914,9.07914,451.94276841754566,0
NWA,D,20220405,000000,9.62017,10.3599,9.62017,10.2461,5257.390176661446,0
NWA,D,20220406,000000,10.2461,10.3884,10.2461,10.3884,1065.0679227742194,0
NWA,D,20220407,000000,10.4739,10.9858,10.1892,10.9288,2510.968737816402,0
NWA,D,20220408,000000,10.9288,11.3276,10.9288,11.3276,3583.937757940501,0
NWA,D,20220411,000000,12.6564,12.6564,11.0744,11.2642,1341.60633002277,0
NWA,D,20220412,000000,11.4858,11.4858,11.0744,11.0744,79.01097349957094,0
NWA,D,20220413,000000,11.0744,12.0238,10.5049,12.0238,579.9405454868562,0
NWA,D,20220414,000000,11.8971,11.8971,11.0744,11.7705,319.2043329382628,0
NWA,D,20220419,000000,11.7705,11.7705,10.4416,11.4541,2705.3357326253104,0
NWA,D,20220420,000000,11.4541,11.4541,11.4541,11.4541,1.5802194699914682,0
NWA,D,20220421,000000,11.4541,11.4541,11.4541,11.4541,1.5802194699914682,0
NWA,D,20220422,000000,11.7073,11.7073,10.4416,11.0744,363.4504780980278,0
NWA,D,20220425,000000,11.0744,11.0744,8.8595,9.49232,1019.2415581444636,0
NWA,D,20220426,000000,10.5682,10.5682,9.93528,9.93528,4.740658409974281,0
NWA,D,20220427,000000,9.61889,9.61889,9.30251,9.30251,293.92082141839876,0
NWA,D,20220428,000000,9.30251,9.55565,9.30251,9.55565,159.60216646913756,0
NWA,D,20220429,000000,9.55565,9.55565,9.55565,9.55565,1.5802194699914682,0
NWA,D,20220502,000000,9.55565,9.55565,9.49232,9.49232,1129.856921043864,0
NWA,D,20220504,000000,9.23918,9.55565,8.8595,9.0494,1267.3360149331315,0
NWA,D,20220505,000000,9.17594,9.17594,8.98605,9.17594,107.45492395941638,0
NWA,D,20220506,000000,8.98605,9.17594,8.22669,9.17594,1550.19530006162,0
NWA,D,20220509,000000,8.8595,8.92277,7.53056,8.79622,534.1141808571005,0
NWA,D,20220510,000000,8.6064,8.6064,8.10014,8.10014,238.61313996871095,0
NWA,D,20220511,000000,8.16341,9.17594,7.91028,7.91028,156.44172752915614,0
NWA,D,20220512,000000,8.92277,8.98605,8.92277,8.98605,79.01097349957094,0
NWA,D,20220513,000000,9.1127,9.1127,9.1127,9.1127,9.481316819948562,0
NWA,D,20220516,000000,9.1127,9.1127,9.1127,9.1127,1.5802194699914682,0
NWA,D,20220517,000000,8.79622,8.79622,8.22669,8.47978,1101.4129705840185,0
NWA,D,20220518,000000,8.28997,9.0494,7.91028,9.0494,2923.406019484081,0
NWA,D,20220519,000000,9.0494,9.0494,9.0494,9.0494,1.5802194699914682,0
NWA,D,20220520,000000,8.79622,8.79622,8.79622,8.79622,60.04833985967357,0
NWA,D,20220524,000000,8.79622,8.79622,8.79622,8.79622,172.24392222906337,0
NWA,D,20220525,000000,8.28997,9.0494,8.28997,8.79622,267.0570904285564,0
NWA,D,20220526,000000,9.0494,9.0494,8.28997,8.28997,317.624113468272,0
NWA,D,20220527,000000,9.0494,9.0494,8.03682,8.03682,320.7845524082535,0
NWA,D,20220530,000000,8.22669,8.41651,8.22669,8.41651,221.23072579880062,0
NWA,D,20220531,000000,8.22669,8.22669,8.22669,8.22669,158.02194699914685,0
NWA,D,20220601,000000,8.35323,8.35323,8.03682,8.16341,1042.944850194337,0
NWA,D,20220602,000000,8.22669,8.22669,8.16341,8.16341,301.8219187683648,0
NWA,D,20220603,000000,8.22669,8.22669,8.22669,8.22669,662.1119579264112,0
NWA,D,20220606,000000,8.22669,8.22669,8.22669,8.22669,15.802194699914683,0
NWA,D,20220607,000000,8.22669,8.22669,8.22669,8.22669,3.160438939982813,0
NWA,D,20220608,000000,8.22669,8.79622,8.22669,8.79622,314.4636745282906,0
NWA,D,20220609,000000,8.22669,8.79622,7.53056,7.53056,2923.406019484081,0
NWA,D,20220610,000000,7.59391,8.03682,7.59391,8.03682,1030.3030944344112,0
NWA,D,20220613,000000,8.22669,8.22669,7.72046,7.72046,636.8284464065472,0
NWA,D,20220614,000000,8.10014,8.10014,7.97355,7.97355,53.72746197970819,0
NWA,D,20220615,000000,7.97355,7.97355,7.97355,7.97355,47.40658409974282,0
NWA,D,20220617,000000,7.97355,7.97355,7.97355,7.97355,1.5802194699914682,0
NWA,D,20220620,000000,7.91028,7.91028,7.91028,7.91028,47.40658409974282,0
NWA,D,20220623,000000,7.78373,7.91028,7.78373,7.91028,129.5779965393014,0
NWA,D,20220624,000000,7.91028,7.91028,7.91028,7.91028,7.901097349957095,0
NWA,D,20220627,000000,7.59391,7.59391,7.59391,7.59391,237.03292049870788,0
NWA,D,20220628,000000,7.59391,7.847,7.59391,7.847,1046.1052891343184,0
NWA,D,20220630,000000,7.72046,7.72046,7.65718,7.65718,1368.4700610125626,0
NWA,D,20220701,000000,7.59391,7.65718,7.59391,7.65718,489.8680356973354,0
NWA,D,20220704,000000,7.59391,7.65718,7.59391,7.65718,99.55382660946029,0
NWA,D,20220705,000000,7.72046,7.72046,7.72046,7.72046,158.02194699914685,0
NWA,D,20220706,000000,7.72046,7.72046,7.72046,7.72046,158.02194699914685,0
NWA,D,20220707,000000,7.72046,7.72046,7.72046,7.72046,1020.8217776144544,0
NWA,D,20220708,000000,7.91028,7.91028,7.91028,7.91028,233.8724815587264,0
NWA,D,20220711,000000,7.72046,7.72046,7.72046,7.72046,3.160438939982813,0
NWA,D,20220712,000000,7.72046,7.72046,7.72046,7.72046,3.160438939982813,0
NWA,D,20220713,000000,7.72046,7.72046,7.72046,7.72046,3.160438939982813,0
NWA,D,20220714,000000,7.72046,7.72046,7.72046,7.72046,60.04833985967357,0
NWA,D,20220715,000000,7.72046,7.72046,7.72046,7.72046,7.901097349957095,0
NWA,D,20220718,000000,7.72046,7.72046,7.72046,7.72046,142.2197522992272,0
NWA,D,20220721,000000,7.97355,7.97355,7.65718,7.65718,284.4395045984544,0
NWA,D,20220722,000000,7.72046,8.6064,7.72046,8.03682,1621.3051762112023,0
NWA,D,20220725,000000,7.847,7.847,7.847,7.847,15.802194699914683,0
NWA,D,20220726,000000,7.78373,8.10014,7.78373,8.10014,358.70981968805563,0
NWA,D,20220728,000000,8.16341,8.16341,7.78373,7.78373,542.015278207054,0
NWA,D,20220729,000000,7.78373,8.54314,7.78373,8.54314,165.9230443491005,0
NWA,D,20220801,000000,8.03682,8.54314,7.59391,8.54314,628.9273490565812,0
NWA,D,20220802,000000,7.97355,8.54314,7.97355,8.54314,252.8351151986275,0
NWA,D,20220803,000000,8.54314,8.54314,8.22669,8.22669,25.28351151986275,0
NWA,D,20220804,000000,8.41651,8.47978,8.22669,8.22669,1150.3997741537557,0
NWA,D,20220809,000000,8.28997,8.28997,8.28997,8.28997,15.802194699914683,0
NWA,D,20220810,000000,7.97355,8.54314,7.97355,8.54314,527.7933029771375,0
NWA,D,20220811,000000,8.54314,8.54314,7.65718,8.35323,1161.461310443691,0
NWA,D,20220812,000000,7.847,8.47978,7.847,8.47978,300.24169929837404,0
NWA,D,20220816,000000,8.35323,8.54314,7.97355,8.35323,632.0877879965749,0
NWA,D,20220817,000000,8.54314,8.54314,8.22669,8.22669,161.1823859391283,0
NWA,D,20220819,000000,8.22669,8.22669,8.22669,8.22669,15.802194699914683,0
NWA,D,20220822,000000,7.97355,8.35323,7.97355,8.35323,317.624113468272,0
NWA,D,20220823,000000,8.03682,8.54314,7.97355,8.54314,286.0197240684451,0
NWA,D,20220824,000000,8.54314,8.79622,8.47978,8.79622,319.2043329382628,0
NWA,D,20220825,000000,8.41651,8.41651,8.41651,8.41651,93.23294872949367,0
NWA,D,20220829,000000,8.79622,8.79622,8.79622,8.79622,3.160438939982813,0
NWA,D,20220830,000000,8.79622,8.79622,8.79622,8.79622,79.01097349957094,0
NWA,D,20220831,000000,8.79622,9.36575,8.79622,9.36575,225.97138420877283,0
NWA,D,20220901,000000,8.66968,9.30251,8.35323,9.30251,342.90762498813604,0
NWA,D,20220912,000000,8.73296,9.23918,8.73296,9.23918,159.60216646913756,0
NWA,D,20220913,000000,8.73296,8.73296,8.73296,8.73296,156.44172752915614,0
NWA,D,20220914,000000,8.79622,9.36575,8.79622,9.36575,159.60216646913756,0
NWA,D,20220919,000000,9.17594,9.17594,8.73296,8.73296,161.1823859391283,0
NWA,D,20220920,000000,8.47978,9.1127,8.10014,9.1127,918.10751206502,0
NWA,D,20220926,000000,8.35323,8.35323,8.10014,8.10014,316.04389399828136,0
NWA,D,20220928,000000,8.41651,8.41651,8.41651,8.41651,158.02194699914685,0
NWA,D,20220929,000000,8.28997,8.28997,8.28997,8.28997,158.02194699914685,0
NWA,D,20221006,000000,8.16341,8.16341,8.16341,8.16341,7.901097349957095,0
NWA,D,20221007,000000,8.16341,8.16341,8.16341,8.16341,7.901097349957095,0
NWA,D,20221010,000000,8.16341,8.16341,8.16341,8.16341,3.160438939982813,0
NWA,D,20221011,000000,8.16341,8.41651,8.16341,8.41651,18.962633639897373,0
NWA,D,20221012,000000,8.16341,8.41651,8.16341,8.41651,17.38241416990541,0
NWA,D,20221014,000000,8.41651,8.41651,8.41651,8.41651,74.27031508959753,0
NWA,D,20221018,000000,8.41651,8.41651,8.10014,8.41651,31.604389399828126,0
NWA,D,20221019,000000,8.47978,8.47978,8.47978,8.47978,164.34282487910974,0
NWA,D,20221021,000000,8.47978,8.47978,8.28997,8.28997,101.134046079451,0
NWA,D,20221024,000000,8.28997,8.6064,8.22669,8.6064,924.428389944983,0
NWA,D,20221025,000000,8.8595,8.8595,8.41651,8.47978,638.408665876538,0
NWA,D,20221027,000000,8.73296,8.92277,8.73296,8.79622,425.0790374276909,0
NWA,D,20221028,000000,8.92277,8.92277,8.92277,8.92277,15.802194699914683,0
NWA,D,20221031,000000,9.0494,9.0494,8.98605,8.98605,474.0658409974281,0
NWA,D,20221102,000000,9.36575,9.36575,9.36575,9.36575,105.87470448942565,0
NWA,D,20221103,000000,9.49232,9.49232,8.98605,8.98605,161.1823859391283,0
NWA,D,20221104,000000,8.98605,8.98605,8.22669,8.98605,1267.3360149331315,0
NWA,D,20221107,000000,9.1127,9.42899,9.1127,9.42899,316.04389399828136,0
NWA,D,20221108,000000,9.49232,10.3783,9.30251,10.3783,1298.940404332946,0
NWA,D,20221109,000000,10.315,10.315,9.36575,9.36575,671.5932747463555,0
NWA,D,20221110,000000,9.55565,9.55565,9.36575,9.36575,553.0768144970015,0
NWA,D,20221114,000000,9.23918,9.23918,9.23918,9.23918,7110.987614961361,0
NWA,D,20221115,000000,8.98605,8.98605,8.98605,8.98605,158.02194699914685,0
NWA,D,20221116,000000,8.98605,8.98605,8.98605,8.98605,1265.7557954631652,0
NWA,D,20221117,000000,8.98605,8.98605,8.8595,8.8595,161.1823859391283,0
NWA,D,20221118,000000,8.8595,8.8595,8.79622,8.79622,6031.697716957274,0
NWA,D,20221121,000000,8.8595,8.8595,8.79622,8.79622,289.1801630084266,0
NWA,D,20221122,000000,8.8595,8.8595,8.73296,8.73296,118.51646024935643,0
NWA,D,20221123,000000,8.8595,8.8595,8.8595,8.8595,331.846088698201,0
NWA,D,20221124,000000,8.6064,8.6064,8.6064,8.6064,233.8724815587264,0
NWA,D,20221125,000000,8.6064,8.6064,8.6064,8.6064,330.2658692282102,0
NWA,D,20221128,000000,8.6064,8.6064,8.6064,8.6064,281.2790656584729,0
NWA,D,20221129,000000,8.6064,8.6064,8.54314,8.54314,1596.0216646913755,0
NWA,D,20221201,000000,8.73296,8.73296,8.73296,8.73296,3.160438939982813,0
NWA,D,20221202,000000,8.73296,8.73296,8.73296,8.73296,20.5428531098881,0
NWA,D,20221205,000000,8.73296,8.8595,8.73296,8.79622,230.712042618745,0
NWA,D,20221206,000000,8.79622,8.79622,8.79622,8.79622,15.802194699914683,0
NWA,D,20221207,000000,8.8595,9.17594,8.8595,9.17594,237.03292049870788,0
NWA,D,20221209,000000,9.23918,9.23918,9.23918,9.23918,3.160438939982813,0
NWA,D,20221212,000000,8.8595,8.8595,8.8595,8.8595,312.88345505829983,0
NWA,D,20221213,000000,8.54314,8.6064,8.54314,8.6064,2518.8698351663556,0
NWA,D,20221214,000000,8.28997,8.41651,8.28997,8.41651,34.76482833981082,0
NWA,D,20221215,000000,8.41651,8.66968,8.41651,8.66968,34.76482833981082,0
NWA,D,20221216,000000,8.41651,8.73296,8.41651,8.73296,142.2197522992272,0
NWA,D,20221219,000000,8.6064,8.6064,8.6064,8.6064,1580.2194699914683,0
NWA,D,20221220,000000,8.41651,8.41651,8.41651,8.41651,282.8592851284637,0
NWA,D,20221221,000000,8.28997,8.41651,8.28997,8.41651,777.4679792357836,0
NWA,D,20221222,000000,8.47978,8.47978,8.47978,8.47978,237.03292049870788,0
NWA,D,20221223,000000,8.79622,9.23918,8.79622,9.23918,338.1669665781638,0
NWA,D,20221227,000000,8.79622,9.49232,8.79622,9.49232,225.97138420877283,0
NWA,D,20221228,000000,8.8595,8.8595,8.8595,8.8595,31.604389399828126,0
NWA,D,20221229,000000,9.74547,9.74547,9.74547,9.74547,158.02194699914685,0
NWA,D,20221230,000000,9.49232,9.61889,9.49232,9.61889,7980.10832345663,0
NWA,D,20230102,000000,9.49232,9.49232,9.49232,9.49232,316.04389399828136,0
NWA,D,20230103,000000,9.8088,9.8088,9.49232,9.49232,237.03292049870788,0
NWA,D,20230104,000000,9.49232,9.49232,9.49232,9.49232,1411.1359867023866,0
NWA,D,20230105,000000,9.49232,9.49232,9.42899,9.49232,690.5559083862565,0
NWA,D,20230109,000000,9.49232,9.49232,9.49232,9.49232,335.0065276381824,0
NWA,D,20230111,000000,9.36575,9.8088,9.36575,9.8088,993.9580466245997,0
NWA,D,20230113,000000,9.87204,9.99861,9.55565,9.55565,260.73621254858114,0
NWA,D,20230116,000000,9.55565,9.55565,9.36575,9.36575,346.06806392811745,0
NWA,D,20230118,000000,9.74547,9.74547,9.74547,9.74547,15.802194699914683,0
NWA,D,20230119,000000,9.36575,9.36575,9.36575,9.36575,278.1186267184915,0
NWA,D,20230120,000000,9.36575,10.3783,9.36575,10.3783,992.3778271546091,0
NWA,D,20230123,000000,10.0619,10.0619,9.61889,9.61889,908.6261952450634,0
NWA,D,20230124,000000,9.68223,9.68223,9.68223,9.68223,115.35602130937372,0
NWA,D,20230125,000000,9.68223,9.68223,9.36575,9.36575,249.6746762586461,0
NWA,D,20230126,000000,9.61889,9.61889,9.23918,9.23918,270.2175293685379,0
NWA,D,20230127,000000,9.49232,9.49232,9.49232,9.49232,7.901097349957095,0
NWA,D,20230130,000000,9.42899,9.42899,9.17594,9.23918,540.4350587370634,0
NWA,D,20230131,000000,9.49232,9.49232,9.49232,9.49232,3.160438939982813,0
NWA,D,20230201,000000,9.23918,9.49232,9.0494,9.0494,941.8108041148934,0
NWA,D,20230202,000000,9.30251,9.30251,8.98605,8.98605,22.123072579880063,0
NWA,D,20230203,000000,9.30251,9.36575,9.30251,9.36575,286.0197240684451,0
NWA,D,20230206,000000,9.49232,9.49232,9.1127,9.42899,380.8328922679382,0
NWA,D,20230208,000000,9.42899,9.42899,9.1127,9.42899,199.10765321891807,0
NWA,D,20230209,000000,9.17594,9.30251,9.0494,9.30251,707.9383225561546,0
NWA,D,20230210,000000,9.1127,9.30251,8.98605,8.98605,3067.2059912533355,0
NWA,D,20230213,000000,9.0494,10.2518,9.0494,10.2518,227.5516036787635,0
NWA,D,20230214,000000,9.49232,10.2518,9.49232,10.2518,790.1097349957095,0
NWA,D,20230215,000000,9.93528,9.93528,9.87204,9.87204,316.04389399828136,0
NWA,D,20230216,000000,9.93528,10.2518,9.87204,10.1252,3332.6828622119506,0
NWA,D,20230217,000000,10.1252,10.1252,10.1252,10.1252,52.14724250971747,0
NWA,D,20230220,000000,10.1252,10.1252,9.8088,10.1252,463.0043047074931,0
NWA,D,20230221,000000,9.74547,10.1252,9.74547,9.74547,630.5075685265718,0
NWA,D,20230222,000000,9.42899,9.49232,9.42899,9.42899,75.85053455958825,0
NWA,D,20230223,000000,9.74547,10.0619,9.74547,10.0619,225.97138420877283,0
NWA,D,20230224,000000,10.0619,10.0619,9.36575,9.36575,439.30101265761976,0
NWA,D,20230227,000000,9.68223,9.68223,9.36575,9.68223,265.4768709585533,0
NWA,D,20230228,000000,9.68223,9.74547,9.68223,9.74547,55.307681449700155,0
NWA,D,20230301,000000,9.74547,9.8088,9.36575,9.8088,28.44395045984544,0
NWA,D,20230303,000000,9.8088,9.8088,9.49232,9.55565,284.4395045984544,0
NWA,D,20230306,000000,9.23918,9.55565,9.23918,9.55565,235.45270102871717,0
NWA,D,20230307,000000,9.55565,9.55565,9.55565,9.55565,344.48784445812674,0
NWA,D,20230308,000000,9.55565,10.1252,9.55565,9.55565,617.8658127666461,0
NWA,D,20230309,000000,9.55565,9.55565,9.55565,9.55565,28.44395045984544,0
NWA,D,20230310,000000,9.23918,9.23918,8.92277,9.23918,1991.0765321891809,0
NWA,D,20230313,000000,9.17594,9.17594,9.17594,9.17594,1102.9931900540093,0
NWA,D,20230314,000000,9.17594,9.23918,9.17594,9.23918,267.0570904285564,0
NWA,D,20230315,000000,9.17594,9.23918,9.17594,9.23918,323.9449913482473,0
NWA,D,20230316,000000,8.98605,9.23918,8.98605,9.23918,8177.635757205595,0
NWA,D,20230317,000000,9.23918,9.23918,8.8595,9.17594,526.2130835071468,0
NWA,D,20230320,000000,9.17594,9.17594,8.73296,8.98605,423.4988179577001,0
NWA,D,20230321,000000,8.98605,8.98605,8.73296,8.8595,579.9405454868562,0
NWA,D,20230322,000000,8.73296,8.73296,8.66968,8.66968,907.0459757750726,0
NWA,D,20230323,000000,8.8595,8.8595,8.79622,8.8595,572.0394481368902,0
NWA,D,20230324,000000,8.73296,8.73296,8.73296,8.73296,126.41755759931995,0
NWA,D,20230327,000000,8.79622,8.8595,8.54314,8.8595,960.7734377547821,0
NWA,D,20230328,000000,8.8595,8.8595,8.8595,8.8595,831.195441215493,0
NWA,D,20230329,000000,8.8595,8.8595,8.8595,8.8595,3.160438939982813,0
NWA,D,20230330,000000,8.8595,8.8595,8.8595,8.8595,3.160438939982813,0
NWA,D,20230331,000000,8.8595,8.8595,8.73296,8.8595,1332.1250132027267,0
NWA,D,20230403,000000,8.8595,8.8595,8.8595,8.8595,474.0658409974281,0
NWA,D,20230404,000000,8.8595,8.8595,8.8595,8.8595,3.160438939982813,0
NWA,D,20230405,000000,8.8595,8.8595,8.8595,8.8595,1161.461310443691,0
NWA,D,20230411,000000,9.1127,9.42899,9.1127,9.42899,221.23072579880062,0
NWA,D,20230412,000000,9.42899,9.42899,9.42899,9.42899,137.47909388925504,0
NWA,D,20230414,000000,9.1127,9.23918,9.1127,9.23918,252.8351151986275,0
NWA,D,20230417,000000,8.8595,9.42899,8.8595,9.42899,31745.028932657948,0
NWA,D,20230418,000000,9.0494,9.36575,8.98605,8.98605,14558.561977030546,0
NWA,D,20230419,000000,9.1127,9.1127,8.98605,8.98605,453.5229878875363,0
NWA,D,20230420,000000,9.1127,9.1127,8.73296,8.98605,216.49006738882844,0
NWA,D,20230421,000000,8.98605,8.98605,8.98605,8.98605,3.160438939982813,0
NWA,D,20230425,000000,8.98605,9.0494,8.98605,9.0494,156.44172752915614,0
NWA,D,20230427,000000,8.73296,8.73296,8.66968,8.66968,268.63730989854713,0
NWA,D,20230428,000000,8.92277,8.92277,8.92277,8.92277,143.79997176921793,0
NWA,D,20230502,000000,8.73296,8.73296,8.66968,8.66968,1121.9558236939104,0
NWA,D,20230504,000000,8.6064,8.79622,8.41651,8.73296,2234.4303305679014,0
NWA,D,20230505,000000,8.41651,8.6064,8.28997,8.28997,2070.087505688717,0
NWA,D,20230508,000000,8.22669,8.22669,8.22669,8.22669,625.7669101165997,0
NWA,D,20230509,000000,8.35323,8.66968,8.35323,8.6064,779.0481987057743,0
NWA,D,20230510,000000,8.6064,9.68223,8.6064,9.1127,1528.072227481725,0
NWA,D,20230511,000000,9.30251,9.87204,9.17594,9.74547,4746.9792878542685,0
NWA,D,20230512,000000,11.6364,11.6364,10.9091,10.9091,2400.7432992921936,0
NWA,D,20230515,000000,9.96371,10.5454,9.23636,10.5454,1590.8705597256974,0
NWA,D,20230516,000000,10.5454,10.5454,10.5454,10.5454,39.87488870531134,0
NWA,D,20230517,000000,10.5454,10.5454,10.1091,10.1091,213.12440514907786,0
NWA,D,20230518,000000,10.1091,10.1091,10.1091,10.1091,483.99864911274454,0
NWA,D,20230519,000000,10.1091,10.1091,10.1091,10.1091,2.7499923245042304,0
NWA,D,20230522,000000,10.1091,10.1091,9.0182,9.38188,2198.6188634411324,0
NWA,D,20230523,000000,9.52731,9.81818,9.4546,9.81818,360.2489945100542,0
NWA,D,20230524,000000,9.38188,9.67275,9.38188,9.67275,4.124988486756346,0
NWA,D,20230525,000000,9.4546,9.74547,9.4546,9.74547,178.749501092775,0
NWA,D,20230526,000000,9.74547,10.4727,9.74547,10.4727,343.74904056302887,0
NWA,D,20230529,000000,9.67275,10.4727,9.67275,10.4727,400.12388321536554,0
NWA,D,20230530,000000,10.4,10.4,9.74547,10.4,413.8738448378867,0
NWA,D,20230531,000000,10.2546,10.2546,10.2546,10.2546,2.7499923245042304,0
NWA,D,20230601,000000,10.4,10.4,9.81818,9.81818,675.1231156657886,0
NWA,D,20230602,000000,9.67275,10.4,9.4546,9.60003,412.4988486756346,0
NWA,D,20230605,000000,10.1091,10.1819,10.1091,10.1819,1197.6216573215922,0
NWA,D,20230609,000000,9.60003,10.0364,9.52731,10.0364,829.1226858380254,0
NWA,D,20230612,000000,9.60003,9.96371,9.60003,9.96371,21.999938596033843,0
NWA,D,20230613,000000,9.52731,9.52731,9.52731,9.52731,302.49915569546533,0
NWA,D,20230614,000000,9.67275,9.96371,9.67275,9.67275,435.8737834339205,0
NWA,D,20230616,000000,10.0364,10.0364,10.0364,10.0364,1.3749961622521152,0
NWA,D,20230620,000000,9.60003,10.0364,9.60003,10.0364,28.874919407294417,0
NWA,D,20230621,000000,10.0364,10.0364,9.74547,9.74547,196.62445120205248,0
NWA,D,20230622,000000,9.60003,10.7637,9.60003,10.4727,2622.117681414784,0
NWA,D,20230623,000000,9.67275,10.0364,9.67275,10.0364,208.99941666232152,0
NWA,D,20230627,000000,10.1091,10.1091,9.74547,10.1091,75.62478892386633,0
NWA,D,20230629,000000,9.74547,10.1091,9.4546,10.1091,2254.993706093469,0
NWA,D,20230630,000000,10.1091,10.1091,10.0364,10.0364,9352.723895638886,0
NWA,D,20230703,000000,9.74547,10.0364,9.4546,9.4546,1407.996070146166,0
NWA,D,20230704,000000,9.67275,9.67275,9.67275,9.67275,2.7499923245042304,0
NWA,D,20230705,000000,9.67275,9.67275,9.67275,9.67275,2.7499923245042304,0
NWA,D,20230707,000000,9.67275,9.67275,9.67275,9.67275,1.3749961622521152,0
NWA,D,20230710,000000,9.67275,9.67275,9.67275,9.67275,1.3749961622521152,0
NWA,D,20230711,000000,9.67275,9.67275,9.67275,9.67275,1.3749961622521152,0
NWA,D,20230712,000000,9.67275,9.67275,9.67275,9.67275,100.37471984440441,0
NWA,D,20230713,000000,9.74547,10.0364,9.74547,10.0364,233.7493475828596,0
NWA,D,20230714,000000,10.0364,10.0364,10.0364,10.0364,1.3749961622521152,0
NWA,D,20230717,000000,9.8909,9.8909,9.8909,9.8909,207.6244205000694,0
NWA,D,20230718,000000,9.8909,9.8909,9.8909,9.8909,1.3749961622521152,0
NWA,D,20230719,000000,9.8909,10.0364,9.8909,10.0364,482.6236529504924,0
NWA,D,20230720,000000,10.0364,10.0364,9.81818,9.8909,547.2484725763418,0
NWA,D,20230721,000000,9.96371,9.96371,9.96371,9.96371,137.49961622521153,0
NWA,D,20230724,000000,9.74547,10.0364,9.74547,9.74547,259.8742746656498,0
NWA,D,20230725,000000,9.52731,10.0364,9.52731,10.0364,961.1223174142285,0
NWA,D,20230726,000000,10.0364,10.0364,10.0364,10.0364,1.3749961622521152,0
NWA,D,20230727,000000,10.0364,10.0364,10.0364,10.0364,1.3749961622521152,0
NWA,D,20230728,000000,10.1091,10.691,10.1091,10.691,1985.4944582920543,0
NWA,D,20230731,000000,10.691,10.691,10.1091,10.691,1182.496699536819,0
NWA,D,20230801,000000,10.691,10.691,10.4,10.691,30.249915569546534,0
NWA,D,20230802,000000,10.691,11.7091,10.691,11.6364,3585.9899911535163,0
NWA,D,20230803,000000,10.9091,11.9273,10.1819,11.9273,2011.6193853748448,0
NWA,D,20230804,000000,11.9273,11.9273,10.9091,11.4182,731.4979583181254,0
NWA,D,20230807,000000,11.4182,11.8545,11.2,11.3455,522.4985416558038,0
NWA,D,20230808,000000,10.9091,11.2728,10.9091,11.2728,72.87479659936211,0
NWA,D,20230809,000000,11.2728,11.491,11.0546,11.0546,254.37429001664134,0
NWA,D,20230810,000000,10.691,11.0546,10.691,11.0546,53.62485032783249,0
NWA,D,20230811,000000,11.0546,11.4182,11.0546,11.2728,1087.621964341423,0
NWA,D,20230814,000000,11.2728,11.3455,11.2728,11.2728,56.374842652336724,0
NWA,D,20230816,000000,11.0546,11.4182,10.6183,10.9091,2825.6171134280967,0
NWA,D,20230817,000000,10.9091,11.491,10.6183,11.491,413.8738448378867,0
NWA,D,20230818,000000,10.8364,10.8364,10.5454,10.5454,207.6244205000694,0
NWA,D,20230821,000000,10.5454,10.5454,10.5454,10.5454,2.7499923245042304,0
NWA,D,20230822,000000,10.9091,11.2728,10.9091,11.2728,210.37441282457365,0
NWA,D,20230823,000000,11.2728,11.3455,10.7637,11.3455,719.1229928578563,0
NWA,D,20230824,000000,10.9091,11.2728,10.9091,11.2728,571.99840349688,0
NWA,D,20230825,000000,10.9818,11.3455,10.8364,11.3455,1376.3711584143673,0
NWA,D,20230828,000000,10.5454,10.5454,10.5454,10.5454,412.4988486756346,0
NWA,D,20230829,000000,10.9091,10.9091,10.6183,10.9091,632.4982346359731,0
NWA,D,20230831,000000,10.9818,10.9818,10.9818,10.9818,12.374965460269037,0
NWA,D,20230901,000000,10.6183,10.9091,10.6183,10.9091,141.62460471196786,0
NWA,D,20230904,000000,10.9091,11.4182,10.9091,11.4182,1003.7471984440441,0
NWA,D,20230905,000000,10.9091,11.2728,10.9091,11.2728,829.1226858380254,0
NWA,D,20230906,000000,11.2728,11.2728,10.9091,10.9091,934.9973903314384,0
NWA,D,20230907,000000,11.2728,11.2728,11.2728,11.2728,460.6237143544586,0
NWA,D,20230908,000000,11.4182,11.9273,11.4182,11.9273,2281.118633176259,0
NWA,D,20230911,000000,11.5637,11.7818,10.9091,11.7818,1996.4944275900712,0
NWA,D,20230912,000000,11.3455,11.7818,11.3455,11.7818,48.12486567882403,0
NWA,D,20230914,000000,11.9273,11.9273,11.9273,11.9273,2.7499923245042304,0
NWA,D,20230915,000000,11.8545,12.2909,11.7818,11.9273,2173.868932520594,0
NWA,D,20230918,000000,11.6364,11.6364,11.6364,11.6364,273.6242362881709,0
NWA,D,20230919,000000,11.5637,12.3636,11.5637,12.3636,1245.7465230004163,0
NWA,D,20230920,000000,12.3636,12.5091,12.1455,12.5091,120.99966227818614,0
NWA,D,20230921,000000,12.5091,12.7273,12.4364,12.7273,81.1247735728748,0
NWA,D,20230922,000000,12.7273,13.3819,12.7273,13.3819,1893.3697154211627,0
NWA,D,20230925,000000,13.5273,13.5273,12.5091,12.5091,243.37432071862438,0
NWA,D,20230926,000000,12.8728,13.3819,12.8728,13.3819,350.6240213742894,0
NWA,D,20230928,000000,13.3819,13.3819,13.3819,13.3819,41.24988486756345,0
NWA,D,20230929,000000,12.2182,13.3819,12.2182,13.3819,514.2485646822911,0
NWA,D,20231002,000000,13.3819,13.6727,13.3819,13.6727,815.3727242155044,0
NWA,D,20231003,000000,13.6727,13.6727,13.6727,13.6727,1.3749961622521152,0
NWA,D,20231004,000000,13.0909,13.6727,12.4364,13.6727,659.9981578810152,0
NWA,D,20231009,000000,13.4546,13.6,13.3819,13.3819,376.74894845707956,0
NWA,D,20231012,000000,13.0909,13.0909,12.8728,12.8728,339.6240520762725,0
NWA,D,20231016,000000,12.8728,13.6,12.3636,12.3636,2275.6186485272506,0
NWA,D,20231017,000000,12.3636,12.3636,12.3636,12.3636,2.7499923245042304,0
NWA,D,20231018,000000,12.2909,12.5819,12.2909,12.5819,335.49906358951614,0
NWA,D,20231019,000000,12.5819,12.9455,12.5819,12.5819,314.87412115573443,0
NWA,D,20231020,000000,12.5819,12.6546,12.5091,12.5091,240.62432839412014,0
NWA,D,20231023,000000,12.3636,12.4364,12.3636,12.4364,193.87445887754825,0
NWA,D,20231024,000000,12.0001,13.6727,12.0001,13.6,2158.7439747358208,0
NWA,D,20231027,000000,13.0909,14.5455,13.0909,14.5455,2854.4920328353915,0
NWA,D,20231030,000000,14.5455,14.8364,14.5455,14.5455,1753.1201068714468,0
NWA,D,20231031,000000,14.5455,15.5637,13.8183,15.5637,411.12385251338253,0
NWA,D,20231102,000000,15.2728,15.2728,14.5455,14.8364,1995.1194314278193,0
NWA,D,20231103,000000,14.5455,14.8364,14.5455,14.5455,1861.7448036893638,0
NWA,D,20231106,000000,14.5455,14.8364,14.1819,14.1819,45.3748733543198,0
NWA,D,20231107,000000,14.8364,14.8364,14.691,14.691,16.499953947025386,0
NWA,D,20231108,000000,14.8364,14.8364,14.1819,14.1819,483.99864911274454,0
NWA,D,20231109,000000,14.1091,14.8364,14.1091,14.8364,5.499984649008461,0
NWA,D,20231110,000000,14.8364,14.8364,14.8364,14.8364,2.7499923245042304,0
NWA,D,20231113,000000,13.1636,14.4728,13.1636,13.8183,1799.8699763880188,0
NWA,D,20231114,000000,13.891,14.4728,13.891,14.4728,4.124988486756346,0
NWA,D,20231115,000000,14.3273,14.4728,14.3273,14.4728,149.87458168548056,0
NWA,D,20231116,000000,13.891,14.4728,13.891,14.4728,4.124988486756346,0
NWA,D,20231117,000000,13.891,13.891,13.5273,13.6,547.2484725763418,0
NWA,D,20231120,000000,13.7455,14.4728,13.7455,14.4728,411.12385251338253,0
NWA,D,20231121,000000,14.4728,14.5455,14.4728,14.5455,277.74922477492726,0
NWA,D,20231122,000000,14.1091,14.8364,14.1091,14.8364,75.62478892386633,0
NWA,D,20231123,000000,14.4,14.8364,14.4,14.4,1317.2463234375264,0
NWA,D,20231124,000000,14.5455,15.1274,14.5455,14.5455,543.1234840895855,0
NWA,D,20231127,000000,14.691,15.1274,14.691,15.1274,2.7499923245042304,0
NWA,D,20231128,000000,15.1274,15.1274,15.1274,15.1274,123.74965460269036,0
NWA,D,20231129,000000,14.8364,15.1274,13.891,15.1274,485.37364527499665,0
NWA,D,20231130,000000,14.8364,15.1274,14.8364,14.8364,225.4993706093469,0
NWA,D,20231201,000000,15.1274,15.1274,15.1274,15.1274,618.7482730134518,0
NWA,D,20231204,000000,15.1274,15.2728,15.1274,15.2728,428.9988026226599,0
NWA,D,20231205,000000,15.2728,15.4182,15.2728,15.4182,1204.496638132853,0
NWA,D,20231206,000000,15.5637,15.5637,15.5637,15.5637,350.6240213742894,0
NWA,D,20231207,000000,15.5637,15.5637,15.5637,15.5637,1.3749961622521152,0
NWA,D,20231208,000000,15.5637,15.5637,15.1274,15.1274,268.1242516391625,0
NWA,D,20231211,000000,15.5637,15.5637,15.1274,15.1274,211.74940898682576,0
NWA,D,20231212,000000,14.9818,15.1274,14.9818,14.9818,65.99981578810154,0
NWA,D,20231213,000000,15.2728,15.5637,15.2728,15.5637,662.7481502055194,0
NWA,D,20231214,000000,15.7091,15.8546,15.4182,15.8546,294.24917872195266,0
NWA,D,20231215,000000,15.8546,16.5819,15.5637,16.5819,1935.9945964509782,0
NWA,D,20231218,000000,16.5819,16.5819,16.2909,16.2909,809.8727395664959,0
NWA,D,20231219,000000,16.5819,17.3091,16.5819,17.3091,1253.996499973929,0
NWA,D,20231220,000000,17.891,18.1818,16.0001,18.0364,162.2495471457496,0
NWA,D,20231221,000000,17.4546,17.4546,16.2909,17.4546,644.873200096242,0
NWA,D,20231222,000000,17.4546,18.1818,17.4546,18.1818,457.8737220299544,0
NWA,D,20231227,000000,18.1818,18.1818,17.1637,18.1818,65.99981578810154,0
NWA,D,20231228,000000,18.1818,21.6728,18.1818,21.6728,455.12372970545016,0
NWA,D,20231229,000000,20.9455,20.9455,17.3091,19.9273,214.49940131132996,0
NWA,D,20240102,000000,20.8,20.8,18.0364,19.4909,108.6246968179171,0
NWA,D,20240103,000000,19.4909,20.8,18.9091,20.2182,1398.3710970104012,0
NWA,D,20240104,000000,19.0546,19.9273,18.3274,19.7819,695.7480580995702,0
NWA,D,20240105,000000,20.0728,20.0728,17.891,18.9091,3044.2415032261833,0
NWA,D,20240108,000000,18.3274,18.7637,17.7455,18.7637,5271.73528607461,0
NWA,D,20240109,000000,18.7637,18.7637,17.891,18.3274,1167.3717417520459,0
NWA,D,20240110,000000,18.6182,18.7637,17.3091,18.4728,1720.120198977396,0
NWA,D,20240111,000000,17.7455,18.4728,16.8728,18.4728,683.3730926393013,0
NWA,D,20240112,000000,18.4728,18.4728,16.8728,17.891,1520.7457554508394,0
NWA,D,20240115,000000,17.891,18.7637,16.7273,17.7455,966.622302063237,0
NWA,D,20240116,000000,16.7273,18.0364,16.4364,18.0364,1830.1198919575654,0
NWA,D,20240117,000000,17.891,17.891,16.5819,16.5819,111.37468914242133,0
NWA,D,20240118,000000,17.1637,17.3091,16.4364,17.3091,224.12437444709477,0
NWA,D,20240119,000000,16.8728,16.8728,16.8728,16.8728,82.4997697351269,0
NWA,D,20240122,000000,17.4546,17.4546,17.4546,17.4546,85.24976205963115,0
NWA,D,20240123,000000,16.7273,16.8728,16.7273,16.7273,1076.6219950434063,0
NWA,D,20240124,000000,16.8728,17.4546,16.7273,17.1637,1501.4958091793098,0
NWA,D,20240125,000000,17.6,18.3274,16.2909,18.1818,8369.601639628625,0
NWA,D,20240126,000000,17.891,18.1818,17.1637,18.1818,928.1224095201777,0
NWA,D,20240129,000000,19.9273,19.9273,17.1637,18.3274,4870.236406696992,0
NWA,D,20240130,000000,18.3274,18.4728,18.0364,18.3274,3979.2388935576214,0
NWA,D,20240131,000000,18.3274,20.2182,18.1818,20.0728,11989.966534838446,0
NWA,D,20240201,000000,20.2182,20.3637,18.9091,19.4909,2304.493567934545,0
NWA,D,20240202,000000,19.0546,20.0728,18.1818,18.9091,2234.368763659687,0
NWA,D,20240205,000000,18.9091,22.6909,18.7637,20.3637,10536.595591337958,0
NWA,D,20240206,000000,21.6728,22.2546,18.9091,19.3455,5053.110896276523,0
NWA,D,20240207,000000,20.0728,20.0728,19.3455,19.6365,335.49906358951614,0
NWA,D,20240208,000000,19.7819,19.7819,19.6365,19.6365,336.87405975176824,0
NWA,D,20240209,000000,19.7819,20.8,19.7819,20.0728,1222.3715882421304,0
NWA,D,20240212,000000,20.0728,20.0728,19.9273,19.9273,218.62438979808633,0
NWA,D,20240213,000000,19.6365,19.6365,19.0546,19.0546,240.62432839412014,0
NWA,D,20240214,000000,19.0546,19.6365,19.0546,19.6365,140.24960854971576,0
NWA,D,20240215,000000,19.6365,20.2182,19.6365,20.0728,780.9978201592015,0
NWA,D,20240216,000000,20.0728,20.0728,19.4909,20.0728,860.747597569824,0
NWA,D,20240219,000000,20.0728,20.0728,18.9091,19.0546,941.872371142699,0
NWA,D,20240220,000000,19.4909,20.8,19.0546,19.6365,562.3734303611152,0
NWA,D,20240221,000000,19.6365,19.6365,19.6365,19.6365,1083.4969758546667,0
NWA,D,20240222,000000,19.7819,20.8,19.7819,20.3637,2459.868134269034,0
NWA,D,20240223,000000,20.3637,20.5092,20.3637,20.5092,291.49918639744845,0
NWA,D,20240226,000000,20.8,21.2364,20.0728,20.8,3133.616253772571,0
NWA,D,20240227,000000,20.8,21.8182,20.6546,21.091,1933.244604126474,0
NWA,D,20240228,000000,20.9455,21.2364,20.5092,20.8,1438.2459857157125,0
NWA,D,20240229,000000,20.5092,20.8,20.5092,20.5092,213.12440514907786,0
NWA,D,20240301,000000,20.8,20.8,20.5092,20.5092,323.1240981292471,0
NWA,D,20240304,000000,21.091,22.8365,20.6546,20.8,1810.8699456860356,0
NWA,D,20240305,000000,20.9455,20.9455,20.9455,20.9455,1599.12053669921,0
NWA,D,20240306,000000,20.9455,20.9455,20.5092,20.9455,334.124067427264,0
NWA,D,20240307,000000,20.8,21.5274,20.2182,21.3819,549.9984649008461,0
NWA,D,20240308,000000,21.5274,21.8182,21.091,21.8182,911.6224555731524,0
NWA,D,20240311,000000,21.8182,22.1091,21.3819,22.1091,1410.7460624706703,0
NWA,D,20240312,000000,22.1091,22.1091,21.091,21.8182,680.6231003147971,0
NWA,D,20240313,000000,21.8182,23.1273,21.8182,23.1273,2290.7436063120235,0
NWA,D,20240314,000000,22.9819,23.1273,22.4001,23.1273,1978.6194774807939,0
NWA,D,20240315,000000,23.1273,23.1273,20.9455,22.5455,2363.618402911386,0
NWA,D,20240318,000000,22.4001,22.9819,21.091,21.2364,1220.9965920798782,0
NWA,D,20240319,000000,21.3819,22.2546,21.2364,21.6728,2000.6194160768277,0
NWA,D,20240320,000000,21.6728,21.6728,20.8,20.9455,613.2482883644434,0
NWA,D,20240321,000000,20.9455,21.6728,20.9455,21.091,1021.6221485533216,0
NWA,D,20240322,000000,21.5274,21.6728,21.5274,21.5274,1407.996070146166,0
NWA,D,20240325,000000,21.091,22.5455,21.091,22.5455,1121.996868397726,0
NWA,D,20240326,000000,23.1273,23.1273,22.2546,22.2546,138.87461238746363,0
NWA,D,20240327,000000,22.1091,22.1091,21.6728,21.6728,471.62368365247556,0
NWA,D,20240328,000000,22.1091,22.1091,21.091,21.5274,951.4973442784639,0
NWA,D,20240402,000000,21.8182,21.9637,21.8182,21.8182,505.9985877087784,0
NWA,D,20240403,000000,21.8182,22.2546,21.8182,21.8182,122.37465844043825,0
NWA,D,20240404,000000,21.5274,22.4001,21.5274,22.4001,434.4987872716684,0
NWA,D,20240405,000000,22.8365,22.8365,21.5274,21.5274,129.24963925169882,0
NWA,D,20240408,000000,22.5455,22.5455,21.3819,21.3819,1260.8714807851895,0
NWA,D,20240409,000000,21.5274,21.5274,21.2364,21.2364,1887.869730772154,0
NWA,D,20240410,000000,21.5274,21.5274,21.2364,21.2364,624.2482576624603,0
NWA,D,20240411,000000,21.091,21.5274,20.9455,21.5274,306.6241441822217,0
NWA,D,20240412,000000,21.5274,21.5274,21.3819,21.5274,180.1244972550271,0
NWA,D,20240415,000000,21.5274,21.6728,20.6546,20.9455,662.7481502055194,0
NWA,D,20240416,000000,21.3819,21.3819,21.3819,21.3819,1561.995640318403,0
NWA,D,20240417,000000,21.3819,21.3819,20.8,21.3819,505.9985877087784,0
NWA,D,20240418,000000,21.3819,21.3819,21.091,21.091,525.248533980308,0
NWA,D,20240419,000000,21.091,21.091,20.8,21.091,1343.3712505203164,0
NWA,D,20240422,000000,21.5274,21.5274,21.091,21.091,67.37481195035365,0
NWA,D,20240423,000000,21.091,21.091,20.6546,20.8,1577.1205981031762,0
NWA,D,20240424,000000,20.8,21.091,20.8,21.091,349.2490252120373,0
NWA,D,20240425,000000,21.091,21.091,20.6546,20.6546,1746.2451260601863,0
NWA,D,20240426,000000,20.6546,21.9637,20.6546,21.9637,7632.603696661492,0
NWA,D,20240429,000000,21.8182,21.8182,21.091,21.8182,1270.4964539209543,0
NWA,D,20240430,000000,22.7879,22.7879,21.1718,22.6263,1647.1079027782798,0
NWA,D,20240502,000000,22.7879,22.7879,21.9799,22.6263,199.23694391232388,0
NWA,D,20240506,000000,22.1415,22.1415,21.495,21.8182,730.1229621631744,0
NWA,D,20240507,000000,21.8182,24.2425,21.6566,22.6263,1414.4585521228955,0
NWA,D,20240508,000000,24.0809,24.0809,21.495,22.7879,2786.8422216804556,0
NWA,D,20240509,000000,22.7879,23.596,22.1415,23.2728,676.9106106834854,0
NWA,D,20240510,000000,22.1415,23.1112,22.1415,23.1112,184.3869853598525,0
NWA,D,20240513,000000,23.1112,23.2728,22.7879,23.1112,652.1606797626998,0
NWA,D,20240514,000000,23.2728,23.7576,22.3031,22.4647,511.0860735142221,0
NWA,D,20240515,000000,22.6263,22.6263,22.4647,22.6263,1379.8086488337958,0
NWA,D,20240516,000000,22.4647,23.1112,22.1415,22.1415,754.87289308396,0
NWA,D,20240517,000000,22.7879,23.596,22.7879,23.4344,314.3241226939768,0
NWA,D,20240520,000000,23.1112,23.2728,22.7879,23.2728,592.7608455528145,0
NWA,D,20240521,000000,22.7879,22.7879,22.3031,22.3031,543.2609837112433,0
NWA,D,20240522,000000,22.6263,22.6263,22.3031,22.6263,883.5725338720449,0
NWA,D,20240523,000000,22.7879,22.7879,21.8182,22.4647,478.9111633172009,0
NWA,D,20240524,000000,22.1415,22.4647,21.8182,21.8182,1093.9469466987223,0
NWA,D,20240527,000000,21.8182,22.1415,17.9395,20.8485,3958.7514507796523,0
NWA,D,20240528,000000,20.5253,20.6869,20.0405,20.6869,930.5974026215375,0
NWA,D,20240529,000000,20.0405,20.0405,19.5556,19.7172,728.8854656171352,0
NWA,D,20240531,000000,19.7172,20.0405,19.5556,19.5556,1114.98438798139,0
NWA,D,20240603,000000,19.5556,20.6869,19.394,20.6869,3109.828820196707,0
NWA,D,20240604,000000,20.6869,20.6869,19.394,20.0405,581.623376638461,0
NWA,D,20240605,000000,20.6869,20.6869,20.5253,20.5253,8.662475822274951,0
NWA,D,20240606,000000,19.5556,20.5253,19.5556,20.3637,136.12462006432065,0
NWA,D,20240607,000000,20.5253,20.5253,19.394,19.5556,1679.282812975301,0
NWA,D,20240610,000000,19.7172,19.7172,19.7172,19.7172,124.98715114996715,0
NWA,D,20240611,000000,19.7172,19.7172,19.7172,19.7172,7.424979276235672,0
NWA,D,20240612,000000,19.7172,20.2021,19.7172,20.2021,54.44984802572826,0
NWA,D,20240613,000000,19.394,20.2021,19.0708,19.0708,1950.2945565579032,0
NWA,D,20240614,000000,19.0708,19.5556,18.7475,18.7475,632.3607350260714,0
NWA,D,20240617,000000,18.9091,19.5556,18.7475,19.5556,692.9980657819962,0
NWA,D,20240618,000000,19.5556,19.7172,19.5556,19.5556,126.22464769600643,0
NWA,D,20240619,000000,18.9091,19.5556,18.9091,19.5556,223.98687483310943,0
NWA,D,20240620,000000,18.5859,20.0405,18.5859,20.0405,3867.176706372746,0
NWA,D,20240621,000000,19.8788,20.8485,19.8788,20.0405,353.92401216723374,0
NWA,D,20240624,000000,20.0405,20.3637,19.7172,20.3637,847.6851340369059,0
NWA,D,20240625,000000,20.3637,20.3637,18.5859,19.0708,815.5102238398846,0
NWA,D,20240626,000000,19.7172,19.7172,19.394,19.394,37.12489638117836,0
NWA,D,20240627,000000,19.394,20.2021,19.394,20.2021,258.63677812220925,0
NWA,D,20240628,000000,20.2021,20.5253,19.0708,20.3637,1066.7220226858583,0
NWA,D,20240701,000000,20.5253,20.5253,20.0405,20.5253,197.99944736628458,0
NWA,D,20240702,000000,20.5253,20.5253,20.5253,20.5253,1.2374965460392786,0
NWA,D,20240703,000000,20.3637,20.3637,20.3637,20.3637,4.949986184157114,0
NWA,D,20240704,000000,20.5253,20.5253,18.7475,18.7475,978.8597679170693,0
NWA,D,20240705,000000,19.394,20.0405,19.2324,19.2324,29.69991710494269,0
NWA,D,20240708,000000,20.0405,20.2021,20.0405,20.2021,25.987427466824855,0
NWA,D,20240709,000000,20.2021,20.2021,20.2021,20.2021,71.77479967027816,0
NWA,D,20240710,000000,20.2021,20.6869,20.2021,20.6869,530.8860182508505,0
NWA,D,20240711,000000,20.6869,20.6869,20.5253,20.5253,54.44984802572826,0
NWA,D,20240712,000000,20.2021,20.2021,20.2021,20.2021,11.137468914353509,0
NWA,D,20240715,000000,20.5253,20.5253,19.394,19.394,461.58621167265096,0
NWA,D,20240716,000000,19.394,19.394,16.6465,18.9091,2335.155982376119,0
NWA,D,20240717,000000,18.7475,18.9091,18.4243,18.7475,1150.8717878165291,0
NWA,D,20240718,000000,18.5859,19.2324,18.5859,19.2324,12.374965460392787,0
NWA,D,20240719,000000,18.4243,19.0708,18.4243,19.0708,3495.9277425609625,0
NWA,D,20240722,000000,18.9091,19.2324,18.7475,19.2324,907.0849682467913,0
NWA,D,20240723,000000,19.5556,19.5556,19.0708,19.0708,600.1858248290501,0
NWA,D,20240724,000000,19.0708,19.0708,19.0708,19.0708,459.11121858057237,0
NWA,D,20240725,000000,19.0708,19.0708,19.0708,19.0708,39.599889473256916,0
NWA,D,20240726,000000,19.0708,20.2021,19.0708,20.2021,600.1858248290501,0
NWA,D,20240729,000000,17.7778,18.4243,14.5455,16.8081,7349.491986927276,0
NWA,D,20240730,000000,16.8081,18.1011,16.8081,18.1011,1046.9220779492298,0
NWA,D,20240731,000000,18.1011,18.2627,18.1011,18.2627,351.44901907515515,0
NWA,D,20240801,000000,18.9091,18.9091,18.7475,18.7475,4.949986184157114,0
NWA,D,20240802,000000,18.1011,18.4243,16.6465,17.7778,878.6225476878878,0
NWA,D,20240805,000000,17.4546,17.4546,16.6465,17.293,878.6225476878878,0
NWA,D,20240806,000000,16.6465,17.293,16.1616,17.293,2202.743851949916,0
NWA,D,20240807,000000,16.8081,17.1314,16.1616,17.1314,1362.4836971892457,0
NWA,D,20240808,000000,17.293,17.293,16.4849,16.9697,370.01146726574433,0
NWA,D,20240809,000000,17.1314,18.5859,16.9697,18.5859,815.5102238398846,0
NWA,D,20240812,000000,18.7475,18.9091,18.7475,18.7475,941.7348715358911,0
NWA,D,20240813,000000,18.7475,18.7475,18.7475,18.7475,402.18637746276556,0
NWA,D,20240814,000000,18.7475,18.7475,18.5859,18.5859,28.462420558903407,0
NWA,D,20240816,000000,18.5859,18.5859,16.4849,17.4546,492.5236253236329,0
NWA,D,20240819,000000,17.4546,17.4546,17.1314,17.1314,95.28723404502446,0
NWA,D,20240820,000000,17.1314,17.1314,16.8081,17.1314,395.99889473256917,0
NWA,D,20240821,000000,17.4546,17.4546,16.9697,17.4546,518.5110527904577,0
NWA,D,20240822,000000,16.9697,17.4546,16.4849,17.4546,684.3355899597211,0
NWA,D,20240823,000000,17.4546,18.1011,16.6465,18.1011,382.3864327261371,0
NWA,D,20240826,000000,17.7778,18.1011,17.7778,18.1011,124.98715114996715,0
NWA,D,20240827,000000,17.4546,18.1011,17.4546,18.1011,120.03716496581004,0
NWA,D,20240828,000000,18.1011,18.2627,18.1011,18.2627,149.7370820707527,0
NWA,D,20240829,000000,18.4243,18.4243,18.4243,18.4243,1.2374965460392786,0
NWA,D,20240830,000000,18.5859,18.5859,18.2627,18.2627,12.374965460392787,0
NWA,D,20240902,000000,18.2627,18.2627,17.7778,18.2627,247.49930920785573,0
NWA,D,20240903,000000,17.7778,18.2627,17.7778,18.2627,535.8360044350077,0
NWA,D,20240904,000000,18.2627,18.2627,18.2627,18.2627,4.949986184157114,0
NWA,D,20240905,000000,18.2627,18.4243,17.7778,18.4243,321.74910197021245,0
NWA,D,20240906,000000,17.9395,20.2021,17.7778,20.2021,5120.760707510535,0
NWA,D,20240909,000000,18.4243,18.9091,18.4243,18.9091,285.86170213507336,0
NWA,D,20240910,000000,18.9091,20.8485,18.5859,19.0708,136.12462006432065,0
NWA,D,20240911,000000,19.394,19.394,18.5859,18.5859,450.44874275829744,0
NWA,D,20240912,000000,18.4243,18.5859,18.1011,18.5859,150.974578616792,0
NWA,D,20240913,000000,18.1011,19.7172,17.7778,19.7172,591.5233490067752,0
NWA,D,20240916,000000,20.0405,20.0405,18.9091,18.9091,112.61218568957436,0
NWA,D,20240917,000000,18.9091,19.5556,18.4243,18.4243,243.7868195697379,0
NWA,D,20240918,000000,19.2324,19.2324,17.7778,18.2627,193.04946118212746,0
NWA,D,20240919,000000,18.9091,19.0708,18.9091,19.0708,24.749930920785573,0
NWA,D,20240920,000000,19.0708,19.0708,19.0708,19.0708,23.512434374746295,0
NWA,D,20240923,000000,19.0708,19.0708,19.0708,19.0708,1.2374965460392786,0
NWA,D,20240924,000000,18.5859,18.5859,18.5859,18.5859,2.474993092078557,0
NWA,D,20240925,000000,18.5859,19.0708,18.5859,19.0708,12.374965460392787,0
NWA,D,20240926,000000,19.0708,19.0708,19.0708,19.0708,21.03744128266774,0
NWA,D,20240927,000000,19.0708,19.2324,18.5859,19.2324,251.2117988459736,0
NWA,D,20240930,000000,18.7475,18.7475,18.7475,18.7475,30.937413650981966,0
NWA,D,20241001,000000,18.5859,18.5859,17.9395,18.1011,1028.3596297586405,0
NWA,D,20241002,000000,18.1011,18.4243,18.1011,18.4243,79.19977894651383,0
NWA,D,20241003,000000,18.1011,19.7172,17.9395,18.5859,660.8231555849749,0
NWA,D,20241004,000000,19.2324,19.2324,18.7475,18.7475,2.474993092078557,0
NWA,D,20241007,000000,18.4243,18.4243,18.4243,18.4243,28.462420558903407,0
NWA,D,20241008,000000,18.2627,18.5859,17.7778,18.5859,200.47444045836315,0
NWA,D,20241009,000000,19.394,19.394,17.9395,17.9395,235.12434374746294,0
NWA,D,20241010,000000,18.4243,18.4243,17.7778,17.7778,550.685962987479,0
NWA,D,20241011,000000,17.4546,17.9395,17.4546,17.9395,3.712489638117836,0
NWA,D,20241014,000000,17.4546,17.4546,17.293,17.293,1483.7583587010952,0
NWA,D,20241015,000000,17.7778,18.2627,17.7778,18.2627,827.8851893002774,0
NWA,D,20241016,000000,18.4243,18.9091,18.2627,18.9091,40.8373860192962,0
NWA,D,20241017,000000,18.1011,18.1011,17.4546,17.4546,149.7370820707527,0
NWA,D,20241018,000000,18.1011,18.2627,17.6162,17.6162,194.28695772816675,0
NWA,D,20241021,000000,17.6162,17.7778,17.4546,17.7778,6277.819978057261,0
NWA,D,20241022,000000,17.7778,17.7778,17.293,17.293,1332.7837800843033,0
NWA,D,20241023,000000,17.293,17.6162,17.1314,17.4546,181.91199226777394,0
NWA,D,20241024,000000,17.4546,17.7778,17.4546,17.7778,43.31237911137476,0
NWA,D,20241025,000000,17.9395,19.7172,17.9395,19.2324,2296.793589448901,0
NWA,D,20241028,000000,19.2324,19.394,18.7475,19.394,572.960900816186,0
NWA,D,20241029,000000,19.394,20.2021,19.394,20.2021,215.3243990108345,0
NWA,D,20241030,000000,19.394,20.2021,19.394,19.8788,193.04946118212746,0
NWA,D,20241031,000000,20.2021,20.2021,19.8788,19.8788,197.99944736628458,0
NWA,D,20241104,000000,19.5556,19.5556,18.7475,18.7475,542.0234871652041,0
NWA,D,20241105,000000,18.4243,19.0708,17.6162,18.2627,293.286681411309,0
NWA,D,20241106,000000,18.9091,18.9091,18.9091,18.9091,61.87482730196393,0
NWA,D,20241107,000000,18.5859,19.0708,18.5859,19.0708,3.712489638117836,0
NWA,D,20241108,000000,18.5859,18.5859,18.5859,18.5859,1.2374965460392786,0
NWA,D,20241112,000000,18.5859,18.5859,18.4243,18.4243,17.324951644549902,0
NWA,D,20241113,000000,18.4243,19.0708,18.4243,19.0708,2.474993092078557,0
NWA,D,20241114,000000,18.4243,18.5859,17.7778,18.5859,960.2973197264803,0
NWA,D,20241115,000000,18.7475,18.7475,18.1011,18.1011,64.3498203940425,0
NWA,D,20241118,000000,18.1011,18.1011,17.7778,17.7778,162.11204753114552,0
NWA,D,20241119,000000,17.7778,17.7778,17.7778,17.7778,2.474993092078557,0
NWA,D,20241120,000000,17.9395,17.9395,17.9395,17.9395,117.56217187373147,0
NWA,D,20241121,000000,18.2627,18.2627,17.4546,17.4546,1335.2587731763817,0
NWA,D,20241122,000000,17.9395,18.1011,17.293,18.1011,11861.404393786486,0
NWA,D,20241125,000000,18.4243,18.5859,17.4546,17.9395,15684.031224501818,0
NWA,D,20241126,000000,17.9395,18.5859,17.9395,17.9395,102.71221332126014,0
NWA,D,20241127,000000,18.1011,18.2627,18.1011,18.2627,353.92401216723374,0
NWA,D,20241128,000000,18.2627,18.4243,18.2627,18.4243,3.712489638117836,0
NWA,D,20241129,000000,17.7778,17.7778,17.7778,17.7778,49.499861841571146,0
NWA,D,20241202,000000,17.9395,18.2627,17.4546,17.6162,2539.3429124725994,0
NWA,D,20241203,000000,17.4546,17.4546,16.1616,16.6465,2515.8304780978533,0
NWA,D,20241204,000000,16.6465,16.6465,15.3536,16.4849,1753.5326057376578,0
NWA,D,20241205,000000,15.6768,16.8081,15.6768,16.8081,1478.808372516938,0
NWA,D,20241206,000000,17.1314,17.1314,16.4849,16.4849,4.949986184157114,0
NWA,D,20241209,000000,16.4849,17.1314,16.4849,16.9697,441.78626693602246,0
NWA,D,20241210,000000,16.9697,18.1011,16.9697,18.1011,1968.8570047484923,0
NWA,D,20241211,000000,18.1011,18.2627,17.4546,18.1011,1773.3325504742863,0
NWA,D,20241212,000000,18.1011,18.2627,17.1314,18.1011,1899.5571981702926,0
NWA,D,20241213,000000,18.4243,18.7475,18.2627,18.2627,497.47361150779005,0
NWA,D,20241216,000000,18.7475,18.7475,17.293,17.293,1020.9346504824049,0
NWA,D,20241217,000000,17.293,17.293,16.6465,16.8081,1045.6845814031906,0
NWA,D,20241218,000000,17.293,17.293,17.293,17.293,658.3481624928962,0
NWA,D,20241219,000000,17.293,17.293,17.293,17.293,2.474993092078557,0
NWA,D,20241220,000000,17.1314,17.1314,16.4849,16.9697,4347.325366235987,0
NWA,D,20241223,000000,16.9697,17.293,16.6465,17.293,148.49958552471344,0
NWA,D,20241227,000000,16.9697,17.293,16.9697,17.293,523.4610389746149,0
NWA,D,20241230,000000,17.293,17.293,16.8081,16.8081,388.5739154563335,0
NWA,D,20250102,000000,16.8081,17.293,16.8081,17.293,80.43727549255311,0
NWA,D,20250103,000000,17.293,17.9395,17.1314,17.9395,576.6733904543038,0
NWA,D,20250107,000000,18.2627,18.5859,18.1011,18.5859,446.7362531201796,0
NWA,D,20250108,000000,18.5859,18.7475,18.2627,18.7475,238.83683338558077,0
NWA,D,20250109,000000,19.0708,19.0708,19.0708,19.0708,4.949986184157114,0
NWA,D,20250110,000000,18.2627,18.9091,18.2627,18.9091,471.48618404096516,0
NWA,D,20250113,000000,19.2324,19.2324,18.7475,19.2324,272.2492401286413,0
NWA,D,20250114,000000,18.9091,19.394,17.7778,19.394,533.3610113429291,0
NWA,D,20250115,000000,18.4243,18.7475,18.4243,18.4243,43.31237911137476,0
NWA,D,20250116,000000,19.0708,19.0708,19.0708,19.0708,3.712489638117836,0
NWA,D,20250117,000000,19.0708,19.5556,19.0708,19.5556,149.7370820707527,0
NWA,D,20250120,000000,19.7172,19.7172,18.1011,19.0708,1029.59712630468,0
NWA,D,20250121,000000,19.2324,19.2324,18.1011,18.5859,373.72395690386213,0
NWA,D,20250122,000000,18.5859,18.5859,17.7778,17.7778,389.8114120023728,0
NWA,D,20250123,000000,17.7778,18.7475,17.7778,18.7475,152.21207516283127,0
NWA,D,20250124,000000,18.7475,18.9091,18.1011,18.9091,236.36184029350224,0
NWA,D,20250127,000000,18.9091,18.9091,18.9091,18.9091,22.274937828707017,0
NWA,D,20250128,000000,18.2627,18.2627,15.596,16.6465,6104.570461611762,0
NWA,D,20250129,000000,16.8081,16.8081,16.1616,16.8081,167.06203371530262,0
NWA,D,20250130,000000,16.3233,16.6465,16.1616,16.6465,3290.5033159184422,0
NWA,D,20250131,000000,16.3233,16.3233,15.6768,16.3233,1423.1210279451705,0
NWA,D,20250203,000000,16.3233,16.4849,16.1616,16.1616,148.49958552471344,0
NWA,D,20250204,000000,16.1616,16.4849,16.1616,16.3233,605.1358110132073,0
NWA,D,20250205,000000,16.4849,16.4849,16.4849,16.4849,4.949986184157114,0
NWA,D,20250206,000000,16.4849,16.6465,16.4849,16.6465,236.36184029350224,0
NWA,D,20250207,000000,16.4849,16.4849,16.1616,16.4849,1101.371925974958,0
NWA,D,20250210,000000,16.0809,16.4849,16.0809,16.3233,2133.4440453717166,0
NWA,D,20250211,000000,16.1616,16.4849,16.0809,16.4849,230.17435756330582,0
NWA,D,20250212,000000,16.4849,16.4849,16.1616,16.3233,409.6113567390013,0
NWA,D,20250213,000000,16.6465,16.6465,16.0001,16.4849,169.53702680738118,0
NWA,D,20250214,000000,16.4849,16.4849,16.1616,16.1616,1225.1215805788859,0
NWA,D,20250217,000000,16.1616,16.4849,16.1616,16.1616,603.898314467168,0
NWA,D,20250218,000000,16.3233,16.4849,16.1616,16.4849,372.48646035782286,0
NWA,D,20250219,000000,16.4849,17.1314,16.4849,16.8081,1270.9089527823392,0
NWA,D,20250220,000000,16.8081,16.8081,16.8081,16.8081,1.2374965460392786,0
NWA,D,20250221,000000,16.9697,16.9697,16.4849,16.4849,311.8491296018982,0
NWA,D,20250224,000000,16.8081,16.8081,16.6465,16.8081,209.1369162806381,0
NWA,D,20250225,000000,16.8081,16.8081,16.3233,16.4849,35.88739983513908,0
NWA,D,20250226,000000,16.6465,16.6465,16.1616,16.6465,121.27466151184932,0
NWA,D,20250227,000000,16.6465,17.4546,16.6465,17.293,318.03661233209465,0
NWA,D,20250228,000000,17.293,17.293,17.293,17.293,124.98715114996715,0
NWA,D,20250303,000000,16.9697,17.293,16.6465,16.9697,73.01229621631744,0
NWA,D,20250304,000000,16.6465,17.1314,16.1616,16.1616,240.07432993162007,0
NWA,D,20250305,000000,16.9697,16.9697,16.4849,16.4849,71.77479967027816,0
NWA,D,20250306,000000,16.8081,16.9697,16.3233,16.3233,65.58731694008176,0
NWA,D,20250307,000000,16.8081,17.1314,16.6465,17.1314,256.1617850301307,0
NWA,D,20250310,000000,17.1314,17.1314,17.1314,17.1314,30.937413650981966,0
NWA,D,20250311,000000,17.1314,17.1314,16.6465,16.6465,39.599889473256916,0
NWA,D,20250312,000000,16.6465,16.6465,16.6465,16.6465,1.2374965460392786,0
NWA,D,20250313,000000,16.9697,17.1314,16.9697,17.1314,59.39983420988538,0
NWA,D,20250314,000000,17.1314,18.5859,17.1314,17.6162,1092.709450152683,0
NWA,D,20250317,000000,17.6162,17.6162,16.9697,17.293,435.59878420582606,0
NWA,D,20250318,000000,17.1314,18.1011,17.1314,18.1011,909.5599613388698,0
NWA,D,20250319,000000,18.2627,18.4243,18.1011,18.4243,2765.804780397788,0
NWA,D,20250320,000000,19.0708,21.0102,18.7475,21.0102,5343.510085797605,0
NWA,D,20250321,000000,21.0102,21.1718,21.0102,21.0102,3391.978032693663,0
NWA,D,20250324,000000,21.0102,21.0102,20.3637,20.3637,523.4610389746149,0
NWA,D,20250325,000000,20.8485,20.8485,19.8788,20.3637,569.2484111780682,0
NWA,D,20250326,000000,20.5253,20.5253,19.8788,19.8788,59.39983420988538,0
NWA,D,20250327,000000,19.8788,20.5253,19.2324,20.0405,2846.242055890341,0
NWA,D,20250328,000000,19.7172,20.0405,19.394,19.8788,752.3978999918814,0
NWA,D,20250331,000000,19.8788,21.0102,19.7172,19.7172,284.6242055890341,0
NWA,D,20250401,000000,19.7172,20.0405,19.0708,19.7172,2062.9067422474777,0
NWA,D,20250402,000000,19.8788,21.8182,19.8788,21.2525,1275.8589389664962,0
NWA,D,20250403,000000,21.0102,21.2525,20.2829,20.5253,563.0609284478718,0
NWA,D,20250404,000000,20.5253,20.5253,19.2324,19.2324,465.29870131076876,0
NWA,D,20250407,000000,19.2324,20.4445,18.2627,19.5556,637.3107212102285,0
NWA,D,20250408,000000,20.2021,20.2021,19.9597,19.9597,404.66137055484415,0
NWA,D,20250409,000000,19.7172,21.5759,17.293,20.2021,3092.503868552157,0
NWA,D,20250410,000000,19.798,21.8182,19.798,20.5253,344.0240397989195,0
NWA,D,20250411,000000,20.5253,20.5253,19.1516,20.0405,623.6982592037964,0
NWA,D,20250414,000000,20.0405,20.9293,19.394,20.8485,741.260431077528,0
NWA,D,20250415,000000,20.8485,20.8485,19.9597,20.7678,1501.083310345645,0
NWA,D,20250416,000000,21.6566,21.6566,20.2021,20.9293,1329.0712904461852,0
NWA,D,20250417,000000,20.9293,20.9293,20.1212,20.8485,2859.854517896773,0
NWA,D,20250422,000000,20.3637,21.7374,20.3637,21.6566,1790.6575021188364,0
NWA,D,20250423,000000,21.6566,21.6566,20.2021,21.6566,1379.8086488337958,0
NWA,D,20250424,000000,21.6566,22.7879,21.6566,21.8182,9210.68679217035,0
NWA,D,20250425,000000,21.6566,22.1415,20.6061,21.091,5678.87164977425,0
NWA,D,20250428,000000,21.091,21.5759,20.8485,21.4142,9432.198673911382,0
NWA,D,20250429,000000,22.5988,22.5988,19.5917,21.3231,2755.5779220714,0
NWA,D,20250430,000000,21.1408,21.3231,20.5941,20.9586,352.2662337654,0
NWA,D,20250502,000000,20.3207,24.1479,20.2296,22.0521,4362.175324665,0
NWA,D,20250505,000000,22.0521,22.0521,19.9562,20.8675,1670.2467532427997,0
NWA,D,20250506,000000,20.7763,20.8675,20.2296,20.7763,348.97402597319996,0
NWA,D,20250507,000000,20.7763,20.8675,20.5941,20.6852,627.7142857127999,0
NWA,D,20250508,000000,20.7763,21.232,20.503,20.503,131.688311688,0
NWA,D,20250509,000000,20.3207,21.232,20.0473,20.2296,820.8571428552,0
NWA,D,20250512,000000,20.2296,20.4118,19.6828,19.9562,1021.6818181793999,0
NWA,D,20250513,000000,20.4118,20.5941,19.9562,20.1385,216.18831168779997,0
NWA,D,20250514,000000,20.1385,20.1385,19.8651,19.8651,228.2597402592,0
NWA,D,20250515,000000,20.503,20.503,19.045,19.5006,4035.1493506397996,0
NWA,D,20250516,000000,19.4095,19.5917,18.316,19.4095,2795.0844155778,0
NWA,D,20250519,000000,19.1361,19.5917,19.045,19.045,258.9870129864,0
NWA,D,20250520,000000,19.045,19.5006,18.9538,19.5006,163.51298701259998,0
NWA,D,20250521,000000,19.5006,19.5006,19.045,19.045,271.0584415578,0
NWA,D,20250522,000000,19.1361,19.5917,18.9538,18.9538,2815.9350649283997,0
NWA,D,20250523,000000,18.9538,19.4095,18.9538,19.4095,1641.7142857104,0
NWA,D,20250526,000000,19.5006,19.5917,18.7716,18.8627,1109.4740259714,0
NWA,D,20250527,000000,19.1361,19.3183,19.1361,19.1361,610.1558441543999,0
NWA,D,20250528,000000,19.045,19.045,18.2249,18.9538,1726.2142857101999,0
NWA,D,20250529,000000,18.9538,19.045,18.4071,19.045,252.40259740199997,0
NWA,D,20250530,000000,19.045,19.5006,19.045,19.1361,1309.2012986982,0
NWA,D,20250602,000000,19.1361,19.5917,18.2249,18.8627,2995.9090909019997,0
NWA,D,20250603,000000,18.4982,18.9538,18.2249,18.2249,2747.8961038895995,0
NWA,D,20250604,000000,18.2249,18.6805,18.2249,18.4982,648.5649350634,0
NWA,D,20250605,000000,18.4071,18.6805,18.1337,18.316,1319.0779220748,0
NWA,D,20250606,000000,18.6805,18.6805,18.0426,18.4071,1255.4285714255998,0
NWA,D,20250609,000000,18.316,18.4982,18.2249,18.4982,510.29220779099995,0
NWA,D,20250610,000000,18.4982,18.5893,18.2249,18.4982,1154.4675324648,0
NWA,D,20250611,000000,18.5893,18.5893,18.0426,18.0426,1467.2272727237998,0
NWA,D,20250612,000000,18.1793,18.4982,18.1793,18.4982,46.0909090908,0
NWA,D,20250613,000000,18.4982,18.4982,18.316,18.316,9.8766233766,0
NWA,D,20250616,000000,18.316,19.045,18.316,18.6805,961.3246753223999,0
NWA,D,20250617,000000,18.4982,18.9538,18.316,18.316,3764.0909090819996,0
NWA,D,20250618,000000,18.4982,18.7716,18.316,18.316,1026.0714285689999,0
NWA,D,20250620,000000,18.7716,20.0473,18.7716,20.0473,1293.8376623345998,0
NWA,D,20250623,000000,19.2272,19.6828,19.1361,19.1361,543.214285713,0
NWA,D,20250624,000000,19.1361,19.9562,19.1361,19.9562,149.24675324639998,0
NWA,D,20250625,000000,19.9562,19.9562,19.9562,19.9562,1.0974025974,0
NWA,D,20250626,000000,19.5006,20.0473,19.3183,20.0473,380.7987012978,0
NWA,D,20250627,000000,20.0473,20.0473,19.8651,19.8651,277.6428571422,0
NWA,D,20250630,000000,20.4118,20.4118,19.1361,19.9562,332.51298701219997,0
NWA,D,20250701,000000,19.9562,19.9562,19.5917,19.5917,7.681818181799999,0
NWA,D,20250702,000000,19.9562,20.9586,19.9562,20.9586,364.33766233679995,0
NWA,D,20250703,000000,20.0473,20.6852,20.0473,20.5941,241.42857142799997,0
NWA,D,20250704,000000,20.5941,21.0497,20.2296,21.0497,7.681818181799999,0
NWA,D,20250707,000000,21.1408,21.1408,20.0473,20.0473,285.324675324,0
NWA,D,20250708,000000,20.503,20.503,20.503,20.503,2.1948051948,0
NWA,D,20250709,000000,20.1385,20.6852,20.1385,20.3207,211.79870129819997,0
NWA,D,20250710,000000,20.2296,20.5941,20.2296,20.5941,246.91558441499998,0
NWA,D,20250711,000000,20.5941,21.0497,20.5941,20.8675,275.44805194739996,0
NWA,D,20250714,000000,20.8675,20.8675,20.4118,20.4118,454.32467532359993,0
NWA,D,20250715,000000,20.4118,20.503,20.4118,20.503,49.38311688299999,0
NWA,D,20250716,000000,20.4118,20.4118,20.4118,20.4118,410.4285714276,0
NWA,D,20250717,000000,20.5941,20.7763,20.4118,20.4118,228.2597402592,0
NWA,D,20250718,000000,20.6852,20.6852,20.4118,20.4118,74.62337662319999,0
NWA,D,20250721,000000,20.4118,20.4118,20.2296,20.2296,451.03246753139996,0
NWA,D,20250722,000000,20.3207,21.1408,20.3207,21.0497,537.7272727259999,0
NWA,D,20250723,000000,20.2296,20.6852,20.2296,20.503,2360.5129870073997,0
NWA,D,20250724,000000,20.503,20.8675,20.4118,20.8675,38.409090909,0
NWA,D,20250725,000000,22.1432,24.1479,21.1408,22.6899,12477.467532437999,0
NWA,D,20250728,000000,22.6899,22.7811,21.3231,22.0521,1489.1753246718,0
NWA,D,20250729,000000,21.8698,22.3254,21.8698,22.3254,2561.3376623316,0
NWA,D,20250730,000000,22.3254,22.3254,21.9609,22.0521,231.5519480514,0
NWA,D,20250731,000000,22.3254,23.1456,22.3254,22.7811,1771.2077922035999,0
NWA,D,20250801,000000,22.8722,22.8722,21.8698,22.6899,734.1623376606,0
NWA,D,20250804,000000,22.6899,23.2367,21.9609,22.3254,781.3506493488,0
NWA,D,20250805,000000,22.3254,23.2367,22.3254,23.2367,986.5649350626,0
NWA,D,20250806,000000,23.2367,23.2367,22.4166,22.4166,105.35064935039999,0
NWA,D,20250807,000000,22.4166,23.1456,22.4166,22.5077,1214.8246753218,0
NWA,D,20250808,000000,23.1456,23.1456,22.3254,23.0544,404.9415584406,0
NWA,D,20250811,000000,23.0544,23.0544,22.9633,22.9633,182.16883116839998,0
NWA,D,20250812,000000,22.8722,22.8722,22.5988,22.5988,223.8701298696,0
NWA,D,20250813,000000,22.8722,22.8722,22.5077,22.5077,122.90909090879998,0
NWA,D,20250814,000000,22.9633,22.9633,22.5077,22.5077,215.09090909039998,0
NWA,D,20250818,000000,22.4166,22.4166,22.3254,22.4166,224.96753246699998,0
NWA,D,20250819,000000,22.4166,22.5988,22.3254,22.5988,333.61038960959996,0
NWA,D,20250820,000000,22.7811,22.7811,22.4166,22.7811,31.824675324599998,0
NWA,D,20250821,000000,22.7811,22.7811,22.3254,22.3254,176.6818181814,0
NWA,D,20250822,000000,22.5077,22.5077,21.8698,22.5077,440.0584415574,0
NWA,D,20250825,000000,22.5077,22.7811,21.8698,22.7811,229.35714285659998,0
NWA,D,20250826,000000,22.1432,23.0544,22.1432,23.0544,121.81168831139999,0
NWA,D,20250827,000000,22.7811,23.0544,22.5988,23.0544,74.62337662319999,0
NWA,D,20250828,000000,23.0544,23.2367,23.0544,23.0544,359.9480519472,0
NWA,D,20250829,000000,23.0544,23.0544,23.0544,23.0544,34.0194805194,0
NWA,D,20250901,000000,23.0544,23.1456,22.2343,23.0544,689.1688311672,0
NWA,D,20250902,000000,22.7811,23.0544,22.4166,22.4166,481.75974025859995,0
NWA,D,20250903,000000,23.0544,23.4189,23.0544,23.4189,1529.7792207756,0
NWA,D,20250904,000000,22.9633,23.6012,22.9633,22.9633,95.4740259738,0
NWA,D,20250905,000000,22.9633,22.9633,22.7811,22.7811,205.2142857138,0
NWA,D,20250908,000000,22.8722,23.4189,22.6899,23.4189,185.46103896059998,0
NWA,D,20250909,000000,23.4189,23.4189,22.7811,23.4189,20.850649350599998,0
NWA,D,20250910,000000,22.8722,22.8722,22.3254,22.3254,308.3701298694,0
NWA,D,20250911,000000,22.7811,22.7811,22.7811,22.7811,264.4740259734,0
NWA,D,20250912,000000,22.5077,23.0544,22.2343,22.8722,490.53896103779994,0
NWA,D,20250915,000000,22.3254,22.9633,22.2343,22.8722,182.16883116839998,0
NWA,D,20250916,000000,22.5988,22.5988,18.2249,21.7787,1266.4025973996,0
NWA,D,20250917,000000,21.8698,21.8698,21.5053,21.5053,285.324675324,0
NWA,D,20250918,000000,21.3231,22.2343,21.0497,22.2343,1037.045454543,0
NWA,D,20250919,000000,22.2343,22.2343,21.1408,21.232,98.76623376599998,0
NWA,D,20250922,000000,21.3231,21.6876,21.0497,21.4142,465.29870129759996,0
NWA,D,20250923,000000,21.1408,21.6876,21.0497,21.6876,828.5389610369999,0
NWA,D,20250924,000000,21.5053,21.5053,21.0497,21.0497,829.6363636343999,0
NWA,D,20250925,000000,21.1408,21.8698,21.1408,21.8698,566.2597402583999,0
NWA,D,20250926,000000,21.232,22.1432,21.232,21.3231,232.64935064879998,0
NWA,D,20250929,000000,22.0521,22.2343,21.4142,21.4142,525.6558441546,0
NWA,D,20250930,000000,21.9609,21.9609,21.6876,21.6876,111.9350649348,0
NWA,D,20251001,000000,21.9609,22.6899,21.8698,22.5077,1158.8571428543999,0
NWA,D,20251002,000000,22.3254,22.3254,21.5964,22.1432,447.7402597392,0
NWA,D,20251003,000000,21.8698,21.9609,21.232,21.232,1288.3506493476,0
NWA,D,20251006,000000,21.7787,22.1432,21.232,21.6876,688.0714285698,0
NWA,D,20251007,000000,21.8698,22.0521,21.3231,22.0521,42.798701298599994,0
NWA,D,20251008,000000,22.0521,22.0521,21.232,21.8698,30.727272727199995,0
NWA,D,20251009,000000,21.9609,21.9609,20.9586,21.6876,5305.941558428999,0
NWA,D,20251010,000000,21.7787,21.9609,21.1408,21.9609,938.2792207769999,0
NWA,D,20251013,000000,21.3231,21.9609,21.3231,21.5053,448.8376623366,0
NWA,D,20251014,000000,21.4142,21.5053,20.9586,21.5053,1136.9090909063998,0
NWA,D,20251015,000000,21.5053,21.8698,21.1408,21.1408,263.376623376,0
NWA,D,20251016,000000,21.8698,21.8698,21.232,21.8698,184.3636363632,0
NWA,D,20251017,000000,21.8698,21.9609,21.8698,21.8698,141.56493506459998,0
NWA,D,20251020,000000,21.9609,21.9609,21.9609,21.9609,362.14285714199997,0
NWA,D,20251021,000000,21.9609,21.9609,21.5053,21.5053,582.7207792193999,0
NWA,D,20251022,000000,21.9609,21.9609,21.8698,21.8698,1155.5649350622,0
NWA,D,20251023,000000,21.9609,21.9609,21.8698,21.9609,658.44155844,0
NWA,D,20251024,000000,21.0497,21.7787,20.8675,21.7787,3566.5584415499998,0
NWA,D,20251027,000000,21.5964,21.5964,20.9586,20.9586,76.818181818,0
NWA,D,20251028,000000,21.6876,21.6876,21.3231,21.3231,264.4740259734,0
NWA,D,20251029,000000,21.5053,21.5053,21.1408,21.4142,817.5649350629999,0
NWA,D,20251030,000000,21.4142,21.5053,20.8675,20.8675,501.51298701179996,0
NWA,D,20251031,000000,21.3231,21.5964,21.3231,21.5053,446.64285714179994,0
NWA,D,20251103,000000,21.7787,21.7787,21.5053,21.7787,119.6168831166,0
NWA,D,20251104,000000,21.7787,21.7787,21.1408,21.1408,124.00649350619999,0
NWA,D,20251105,000000,21.7787,21.7787,21.7787,21.7787,2.1948051948,0
NWA,D,20251106,000000,21.7787,21.7787,21.232,21.3231,2522.9285714226,0
NWA,D,20251107,000000,21.7787,21.7787,21.7787,21.7787,100.9610389608,0
NWA,D,20251110,000000,21.7787,21.7787,21.4142,21.6876,287.5194805188,0
NWA,D,20251112,000000,21.4142,21.4142,21.3231,21.4142,1572.5779220742,0
NWA,D,20251113,000000,21.3231,21.4142,21.232,21.4142,2109.2077922027997,0
NWA,D,20251114,000000,21.4142,21.4142,21.232,21.232,350.07142857059995,0
NWA,D,20251117,000000,21.232,21.4142,21.232,21.3231,1182.9999999972,0
NWA,D,20251118,000000,21.4142,21.4142,21.4142,21.4142,1.0974025974,0
NWA,D,20251119,000000,21.4142,21.6876,21.4142,21.6876,3298.7922077843996,0
NWA,D,20251120,000000,21.4142,21.5964,21.4142,21.5964,249.11038960979997,0
NWA,D,20251121,000000,21.5964,21.5964,21.4142,21.4142,3341.5909090829996,0
NWA,D,20251124,000000,21.5964,21.5964,21.4142,21.4142,1147.8831168804,0
NWA,D,20251125,000000,21.6876,21.6876,21.5053,21.6876,97.6688311686,0
NWA,D,20251126,000000,21.6876,23.1456,21.6876,22.6899,3269.1623376546,0
NWA,D,20251127,000000,22.3254,22.3254,21.9609,21.9609,158.0259740256,0
NWA,D,20251128,000000,21.8698,22.2343,21.7787,22.2343,4466.428571418,0
NWA,D,20251201,000000,22.2343,22.2343,21.7787,21.8698,1534.1688311652,0
NWA,D,20251202,000000,21.8698,22.6899,21.8698,21.9609,1345.4155844123998,0
NWA,D,20251203,000000,21.8698,22.3254,21.6876,22.3254,2204.6818181766,0
NWA,D,20251204,000000,21.6876,22.1432,21.6876,21.9609,52.675324675199995,0
NWA,D,20251205,000000,21.9609,22.3254,21.9609,22.3254,35.1168831168,0
NWA,D,20251208,000000,22.3254,22.3254,22.2343,22.2343,61.45454545439999,0
NWA,D,20251209,000000,22.5077,22.5077,21.9609,22.2343,1942.402597398,0
NWA,D,20251210,000000,22.2343,22.6899,21.9609,22.5988,327.02597402519996,0
NWA,D,20251211,000000,22.3254,22.5077,21.8698,21.8698,269.9610389604,0
NWA,D,20251212,000000,22.4166,22.4166,21.6876,22.4166,1760.2337662296,0
NWA,D,20251215,000000,22.4166,22.7811,22.3254,22.3254,1101.7922077895998,0
NWA,D,20251216,000000,22.6899,22.6899,21.8698,22.5988,660.6363636348,0
NWA,D,20251217,000000,22.5988,22.7811,21.6876,21.8698,3527.0519480435996,0
NWA,D,20251218,000000,22.5988,22.7811,22.2343,22.7811,1662.564935061,0
NWA,D,20251219,000000,22.7811,22.7811,21.8698,22.5077,193.14285714239998,0
NWA,D,20251222,000000,22.3254,22.7811,22.3254,22.7811,660.6363636348,0
NWA,D,20251223,000000,22.7811,22.7811,22.2343,22.6899,3373.4155844076,0
NWA,D,20251229,000000,22.2343,22.7811,21.5964,22.3254,677.0974025958,0
NWA,D,20251230,000000,22.3254,22.3254,21.9609,21.9609,122.90909090879998,0
NWA,D,20260102,000000,22.6899,22.9633,22.0521,22.9633,1189.5844155815998,0
NWA,D,20260105,000000,23.0544,23.3278,22.3254,23.3278,359.9480519472,0
NWA,D,20260107,000000,23.6012,24.6036,23.6012,24.6036,1268.5974025944,0
NWA,D,20260108,000000,24.6036,24.6036,24.2391,24.6036,916.3311688289999,0
NWA,D,20260109,000000,23.6923,24.5124,23.6012,23.9657,265.5714285708,0
NWA,D,20260112,000000,24.5124,25.6059,24.5124,24.5124,2624.9870129807996,0
NWA,D,20260113,000000,25.4237,25.4237,24.5124,25.1503,218.38311688259998,0
NWA,D,20260114,000000,25.1503,25.1503,24.3302,24.3302,73.5259740258,0
NWA,D,20260115,000000,25.1503,25.1503,22.5988,24.3302,2776.4285714219995,0
NWA,D,20260116,000000,23.6923,24.5124,23.6012,24.5124,70.2337662336,0
NWA,D,20260119,000000,24.5124,24.5124,22.7811,23.9657,497.12337662219994,0
NWA,D,20260120,000000,23.9657,25.1503,23.9657,25.1503,1371.7532467499998,0
NWA,D,20260121,000000,24.6036,24.6036,23.8746,23.8746,111.9350649348,0
NWA,D,20260122,000000,23.8746,23.9657,23.8746,23.9657,483.95454545339993,0
NWA,D,20260123,000000,24.1479,24.3302,24.1479,24.1479,213.99350649299998,0
NWA,D,20260126,000000,24.3302,24.968,23.6923,23.6923,910.844155842,0
NWA,D,20260127,000000,24.1479,24.8769,23.7834,23.7834,446.64285714179994,0
NWA,D,20260129,000000,24.5124,24.5124,23.6923,23.8746,99.86363636339999,0
NWA,D,20260130,000000,23.8746,24.6036,23.8746,23.8746,221.67532467479998,0
NWA,D,20260202,000000,24.5124,24.6036,23.5101,24.5124,2586.5779220717995,0
NWA,D,20260203,000000,24.3302,24.3302,23.4189,24.1479,336.9025974018,0
NWA,D,20260204,000000,24.1479,24.1479,23.3278,24.1479,130.59090909059998,0
NWA,D,20260205,000000,24.1479,24.4213,22.7811,24.4213,1764.6233766192,0
NWA,D,20260206,000000,23.9657,24.1479,22.8722,23.3278,656.2467532451999,0
NWA,D,20260209,000000,23.3278,25.5148,23.2367,25.1503,6373.7142856991995,0
NWA,D,20260210,000000,25.6059,27.155,25.0592,25.0592,8460.974025954,0
NWA,D,20260211,000000,25.697,26.6994,25.2414,25.5148,523.4610389597999,0
NWA,D,20260212,000000,25.5148,26.0615,25.4237,25.9704,4139.402597392799,0
NWA,D,20260213,000000,25.9704,26.7905,25.4237,25.5148,6797.311688295599,0
NWA,D,20260216,000000,26.426,26.426,25.4237,26.1527,87.792207792,0
NWA,D,20260217,000000,25.6059,26.1527,25.6059,26.1527,149.24675324639998,0
NWA,D,20260218,000000,26.1527,27.0639,25.7882,26.1527,6492.233766218399,0
NWA,D,20260219,000000,26.426,26.426,26.426,26.426,44.9935064934,0
NWA,D,20260220,000000,26.0615,26.0615,25.7882,25.7882,152.53896103859998,0
NWA,D,20260223,000000,26.0615,26.426,25.8793,25.8793,222.77272727219997,0
NWA,D,20260224,000000,26.5172,26.5172,25.8793,26.3349,703.4350649334,0
NWA,D,20260225,000000,26.1527,26.1527,26.1527,26.1527,356.65584415499995,0
NWA,D,20260226,000000,26.426,27.3373,26.2438,26.426,3103.4545454471995,0
NWA,D,20260227,000000,26.8817,28.2485,26.5172,26.7905,1225.7987012958,0
NWA,D,20260302,000000,26.6083,27.155,26.426,26.426,401.64935064839995,0
NWA,D,20260303,000000,27.0639,27.0639,26.0615,26.0615,234.8441558436,0
NWA,D,20260304,000000,25.9704,26.8817,25.9704,26.8817,47.188311688199995,0
NWA,D,20260305,000000,26.3349,27.0639,26.3349,27.0639,575.0389610376,0
NWA,D,20260306,000000,26.8817,27.0639,25.9704,25.9704,482.85714285599994,0
NWA,D,20260309,000000,26.0615,26.9728,26.0615,26.0615,1119.350649348,0
NWA,D,20260310,000000,26.5172,26.6994,26.2438,26.6994,877.9220779199999,0
NWA,D,20260311,000000,26.5172,26.5172,25.8793,25.8793,313.85714285639995,0
NWA,D,20260312,000000,26.6994,26.6994,26.0615,26.6994,301.785714285,0
NWA,D,20260313,000000,26.6994,26.6994,25.9704,26.426,285.324675324,0
NWA,D,20260316,000000,26.6083,26.7905,25.9704,26.7905,1771.2077922035999,0
NWA,D,20260317,000000,26.9728,27.155,26.426,26.7905,2912.5064934996,0
NWA,D,20260318,000000,26.7905,26.8817,26.6083,26.8817,936.0844155821999,0
NWA,D,20260319,000000,26.8817,26.8817,26.3349,26.8817,269.9610389604,0
NWA,D,20260320,000000,26.7905,26.8817,26.426,26.426,1583.5519480481998,0
NWA,D,20260323,000000,26.6994,26.6994,25.8793,26.6083,1654.8831168791999,0
NWA,D,20260324,000000,26.6083,26.6994,26.426,26.5172,204.11688311639998,0
NWA,D,20260325,000000,26.5172,26.7905,26.1527,26.7905,533.3376623364,0
NWA,D,20260326,000000,26.7905,26.8817,26.6994,26.8817,305.07792207719996,0
NWA,D,20260327,000000,26.7905,26.8817,26.426,26.426,1330.0519480487999,0
NWA,D,20260330,000000,26.426,26.7905,25.5148,26.0615,3867.2467532375995,0
NWA,D,20260331,000000,26.0615,26.426,25.7882,26.426,5067.8051947932,0
NWA,D,20260401,000000,26.6994,26.8817,26.426,26.426,3086.9935064861997,0
NWA,D,20260402,000000,26.7905,26.9728,26.0615,26.7905,1186.2922077894,0
NWA,D,20260407,000000,26.7905,28.7953,26.7905,26.9728,733.0649350632,0
NWA,D,20260408,000000,26.7905,27.155,26.0615,26.7905,1966.5454545407997,52
NWA,D,20260409,000000,26.7905,26.7905,26.426,26.7905,265.5714285708,0
NWA,D,20260410,000000,26.6083,26.7905,26.2438,26.426,1466.1298701264,0
NWA,D,20260413,000000,26.7905,27.155,26.7905,26.7905,556.3831168818,0
NWA,D,20260414,000000,26.7905,27.155,26.7905,26.9728,388.4805194796,0
NWA,D,20260415,000000,27.155,27.155,26.9728,26.9728,2234.3116883064,0
NWA,D,20260416,000000,26.9728,26.9728,26.7905,26.9728,505.90259740139993,0
NWA,D,20260417,000000,26.9728,27.155,26.6083,26.9728,4783.5779220666,0
NWA,D,20260420,000000,27.155,27.7018,26.6083,27.3373,3085.8961038887996,0
NWA,D,20260421,000000,27.5195,27.5195,26.7905,26.7905,2060.9220779171997,0
NWA,D,20260422,000000,26.6083,27.155,26.6083,26.9728,1484.7857142822,0
NWA,D,20260423,000000,27.155,27.7018,26.426,27.7018,784.6428571409999,0
NWA,D,20260424,000000,28.0663,28.0663,26.6083,26.6083,424.69480519379994,0
NWA,D,20260427,000000,26.9728,27.3373,26.6083,27.3373,950.3506493483999,0
NWA,D,20260428,000000,27.3373,27.3373,26.426,27.155,1203.8506493477998,0
NWA,D,20260429,000000,27.3373,27.3373,26.6083,27.155,444.44805194699995,0
NWA,D,20260430,000000,27.3373,27.3373,27.155,27.3373,358.8506493498,0
NWA,D,20260504,000000,27.155,27.3373,26.426,26.7905,3567.6558441474,0
NWA,D,20260505,000000,27.155,27.155,26.426,26.6083,97.6688311686,0
NWA,D,20260506,000000,26.7905,27.3373,24.6036,26.2438,7633.532467514399,0
NWA,D,20260507,000000,26.0615,26.0615,25.5148,25.8793,3215.389610382,0
NWA,D,20260508,000000,26.0615,26.6083,25.8793,26.426,556.3831168818,0
NWA,D,20260511,000000,26.426,26.6083,26.2438,26.6083,1320.1753246721998,0
NWA,D,20260512,000000,26.426,26.426,26.0615,26.426,210.70129870079998,0
NWA,D,20260513,000000,26.426,26.426,26.426,26.426,120.71428571399998,0
NWA,D,20260514,000000,26.6083,26.6083,26.6083,26.6083,2729.2402597337996,0
NWA,D,20260515,000000,26.6083,26.6083,26.426,26.6083,686.9740259723999,0
NWA,D,20260518,000000,26.426,26.6083,26.426,26.6083,136.0779220776,0
NWA,D,20260519,000000,26.6083,26.9728,26.426,26.426,1534.1688311652,0
NWA,D,20260520,000000,26.426,26.6083,26.2438,26.426,2490.0064935006,0
NWA,D,20260521,000000,26.2438,27.155,26.2438,27.155,102.05844155819999,0
NWA,D,20260522,000000,26.6083,27.155,26.6083,27.155,49.38311688299999,0
NWA,D,20260525,000000,26.7905,27.3373,26.7905,27.155,425.7922077912,0
NWA,D,20260526,000000,26.9728,26.9728,26.9728,26.9728,95.4740259738,0
NWA,D,20260527,000000,27.3373,27.3373,26.9728,26.9728,27.435064934999996,0
NWA,D,20260528,000000,26.9728,27.3373,26.7905,26.9728,506.9999999988,0
NWA,D,20260529,000000,26.9728,28.7953,26.9728,28.4308,6119.1168831024,0
NWA,D,20260601,000000,29.7065,29.7065,28.2485,28.2485,1728.4090909049999,0
NWA,D,20260602,000000,28.2485,28.613,28.0663,28.613,376.40909090819997,0
NWA,D,20260603,000000,28.7953,28.7953,28.0663,28.7953,758.3051948033999,0
NWA,D,20260605,000000,28.7953,28.7953,28.0663,28.0663,197.53246753199997,0
NWA,D,20260608,000000,28.0663,28.0663,27.7018,27.7018,468.59090908979994,0
NWA,D,20260609,000000,27.884,27.884,27.884,27.884,121.81168831139999,0
NWA,D,20260610,000000,27.884,28.4308,27.5195,27.5195,1535.2662337625998,0
NWA,D,20260611,000000,28.2485,28.4308,27.7018,28.4308,156.92857142819997,0
NWA,D,20260612,000000,28.4308,28.4308,28.2485,28.2485,329.22077922,0
NWA,D,20260615,000000,28.2485,28.4308,27.884,27.884,234.8441558436,0
NWA,D,20260616,000000,27.884,28.4308,27.7018,28.2485,886.7012986991999,0
NWA,D,20260617,000000,27.7018,28.4308,27.7018,27.7018,376.40909090819997,0
NWA,D,20260618,000000,28.2485,28.2485,28.0663,28.0663,109.74025973999998,0
NWA,D,20260619,000000,28.4308,28.4308,27.7018,28.2485,1028.2662337637998,0
NWA,D,20260622,000000,28.0663,28.0663,27.7018,27.7018,1080.941558439,0
NWA,D,20260623,000000,27.7018,27.884,26.9728,27.3373,911.9415584394,0
NWA,D,20260624,000000,27.884,28.0663,27.3373,28.0663,161.3181818178,0
NWA,D,20260625,000000,28.0663,28.2485,27.5195,28.2485,471.88311688199997,0
NWA,D,20260626,000000,28.2485,28.4308,28.0663,28.0663,624.4220779205999,0
NWA,D,20260629,000000,28.2485,28.4308,27.884,28.2485,1433.2077922043998,0
NWA,D,20260630,000000,28.2485,28.4308,28.2485,28.2485,738.5519480501999,0
NWA,D,20260701,000000,28.4308,28.4308,26.9728,28.0663,1143.4935064908,0
NWA,D,20260702,000000,27.5195,28.2485,27.3373,28.2485,955.8376623354,0
NWA,D,20260703,000000,28.4308,28.4308,28.0663,28.0663,1108.3766233739998,0
NWA,D,20260706,000000,28.4308,28.4308,28.2485,28.4308,426.8896103886,0
NWA,D,20260707,000000,28.4308,28.4308,28.2485,28.4308,2165.1753246701996,0
NWA,D,20260708,000000,28.4308,29.5243,28.4308,29.5243,2824.7142857075996,0
NWA,D,20260709,000000,29.5243,30.6178,29.342,30.071,14930.162337626998,0
NWA,D,20260710,000000,30.2533,30.2533,29.5243,30.2533,888.8961038939999,0
NWA,D,20260713,000000,30.071,30.9822,29.5243,30.8,7205.545454528399,0
NWA,D,20260714,000000,26.6,31.8,26.6,31.6,2724,0
NWA,D,20260715,000000,31.4,33,30.2,32.6,1549,0
NWA,D,20260716,000000,32.6,32.6,30.8,31,441,0
NWA,D,20260717,000000,32.4,32.4,31,31.6,470,0
NWA,D,20260720,000000,31.6,32.2,31,32.2,1673,0
NWA,D,20260721,000000,32,32.4,31.8,32.2,1031,0
NWA,D,20260722,000000,32.4,32.6,31.8,32.6,227,0
NWA,D,20260723,000000,32.6,32.6,30.2,32,2924,0
NWA,D,20260724,000000,32.8,36.2,32,33,2122,0
NWA,D,20260727,000000,32.8,34.2,32.8,33,1062,0
NWA,D,20260728,000000,33.2,33.2,33,33.2,212,0
NWA,D,20260729,000000,35.6,42.6,33,34,1086,0
NWA,D,20260730,000000,34,34,33.2,34,212,0
NWA,D,20260731,000000,34,34.4,32.4,32.4,1000,0
NWA,D,20260803,000000,32.4,32.4,31,31,353,0
NWA,D,20260804,000000,31.4,33,31.4,33,125,0
NWA,D,20260805,000000,33,33,30.8,31.8,1241,0
NWA,D,20260806,000000,31.6,31.6,30.8,31.4,690,0
NWA,D,20260807,000000,31.6,31.6,30.8,31.4,1009,0
NWA,D,20260810,000000,30.8,31.6,30.2,31,1063,0
NWA,D,20260811,000000,30.8,31.2,30.6,30.8,697,0
NWA,D,20260812,000000,31.2,31.2,30.6,30.6,177,0
NWA,D,20260813,000000,30.8,31.2,30.6,31,213,0
NWA,D,20260814,000000,31.2,31.2,30.8,30.8,455,0
NWA,D,20260817,000000,30.8,31.2,30.8,31.2,26,0
NWA,D,20260818,000000,30.8,31.2,30.6,30.6,65,0
