<TICKER>,<PER>,<DATE>,<TIME>,<OPEN>,<HIGH>,<LOW>,<CLOSE>,<VOL>,<OPENINT>
TAR,D,20130618,000000,7.23087,7.80677,7.05113,7.75657,592051.1377906513,0
TAR,D,20130619,000000,7.77096,8.10928,7.41105,7.48275,197701.1708382836,0
TAR,D,20130620,000000,7.4035,7.55515,7.3892,7.48275,63806.270878670955,0
TAR,D,20130621,000000,7.48275,7.87162,7.48275,7.81396,41401.67363500189,0
TAR,D,20130624,000000,7.82835,7.87162,7.6984,7.77096,60542.84622875435,0
TAR,D,20130625,000000,7.6984,7.72786,7.6266,7.72786,23555.00463021266,0
TAR,D,20130626,000000,7.6266,7.6984,7.4902,7.6984,16685.63157052617,0
TAR,D,20130627,000000,7.6266,7.763,7.6266,7.6984,33531.89497326107,0
TAR,D,20130628,000000,7.75657,7.90709,7.50451,7.90709,65025.18301718437,0
TAR,D,20130701,000000,7.90709,7.91455,7.641,7.6984,5694.16222846385,0
TAR,D,20130702,000000,7.6266,7.77739,7.48275,7.77739,19174.24385332542,0
TAR,D,20130704,000000,7.68409,7.69119,7.5332,7.5332,3137.045193694157,0
TAR,D,20130705,000000,7.49698,7.51891,7.41105,7.51891,5684.713297157572,0
TAR,D,20130708,000000,7.77096,7.77096,7.27457,7.43974,2182.7031317571827,0
TAR,D,20130709,000000,7.50451,7.50451,7.27457,7.41105,7637.0987283233335,0
TAR,D,20130710,000000,7.54752,7.6984,7.54752,7.6266,6742.9936034640305,0
TAR,D,20130711,000000,7.67766,8.44033,7.6266,8.4183,40350.480027175116,0
TAR,D,20130712,000000,8.3819,8.48266,8.27522,8.4183,16972.642858956104,0
TAR,D,20130715,000000,8.92122,8.92122,8.6486,8.75613,25401.08958418224,0
TAR,D,20130716,000000,8.76373,8.76373,8.63505,8.70616,6463.0690135146215,0
TAR,D,20130717,000000,8.63505,8.70616,8.49027,8.49027,4781.159240991884,0
TAR,D,20130718,000000,8.30994,8.30994,8.16599,8.2312,8279.62605715238,0
TAR,D,20130719,000000,8.20242,8.44624,8.20242,8.44624,2861.845069398045,0
TAR,D,20130722,000000,8.44624,9.28108,8.44624,9.15317,84017.53494286421,0
TAR,D,20130723,000000,9.20229,9.78479,9.20229,9.46221,65295.65867582834,0
TAR,D,20130724,000000,9.46221,9.62744,9.46221,9.61973,10216.656974945477,0
TAR,D,20130725,000000,9.54015,9.97944,9.54015,9.97944,44412.33937247401,0
TAR,D,20130726,000000,10.0371,10.0734,9.13797,10.0734,41468.99727055925,0
TAR,D,20130729,000000,10.0734,10.0734,9.92871,9.99314,18595.496810813624,0
TAR,D,20130730,000000,10.059,10.0651,10.0006,10.0006,5369.355214809539,0
TAR,D,20130731,000000,10.0734,10.1455,9.7501,9.85758,28225.138928354747,0
TAR,D,20130801,000000,9.85,9.85,9.64088,9.77799,37676.43246748977,0
TAR,D,20130802,000000,9.7501,10.0371,9.66289,10.0371,33061.81064077101,0
TAR,D,20130805,000000,10.0219,10.4335,10.0219,10.3539,48561.601332356746,0
TAR,D,20130806,000000,10.5773,10.5773,10.297,10.3539,45354.870270279054,0
TAR,D,20130807,000000,10.4335,10.5341,10.3901,10.5341,20101.420237756964,0
TAR,D,20130808,000000,10.6484,10.8863,10.6484,10.8863,90834.93888036477,0
TAR,D,20130809,000000,11.1089,11.1089,10.937,11.0809,39372.51563697219,0
TAR,D,20130812,000000,11.1157,11.1378,10.7932,10.9226,17017.525282661005,0
TAR,D,20130813,000000,10.9226,11.0735,10.9226,11.0657,12043.844066303023,0
TAR,D,20130814,000000,11.1522,11.1522,10.7636,10.7932,41365.059026189454,0
TAR,D,20130816,000000,10.5401,10.5401,9.58418,10.0734,130057.45273284348,0
TAR,D,20130819,000000,10.0734,10.0734,9.36061,9.89315,173350.09374552095,0
TAR,D,20130820,000000,9.85758,9.92871,9.685,9.92871,42478.85180392165,0
TAR,D,20130821,000000,9.99314,10.1455,9.95068,10.059,59796.38065555697,0
TAR,D,20130822,000000,10.0446,10.0947,9.92871,10.0734,123153.82729718626,0
TAR,D,20130823,000000,10.0734,10.0734,9.93629,10.0651,28597.190598540456,0
TAR,D,20130826,000000,10.0734,10.0734,9.85758,9.96506,3923.668724944397,0
TAR,D,20130827,000000,9.96506,10.059,9.64088,9.85758,161439.71583392227,0
TAR,D,20130828,000000,9.64088,9.8432,9.27514,9.42498,38238.643880215604,0
TAR,D,20130829,000000,9.28108,9.28108,8.92122,9.07277,27551.902572781215,0
TAR,D,20130830,000000,9.23108,9.33184,8.82809,8.95089,154655.38315599257,0
TAR,D,20130902,000000,9.02959,9.53347,8.92122,9.38179,19403.380437503965,0
TAR,D,20130903,000000,9.53347,9.67729,9.39618,9.41057,20804.184503663997,0
TAR,D,20130904,000000,9.53347,9.53347,8.99318,9.24636,9074.517403295496,0
TAR,D,20130905,000000,9.13797,9.13797,8.34719,8.99318,55981.37464063503,0
TAR,D,20130906,000000,8.79337,9.20993,8.79337,9.20993,14083.632112052204,0
TAR,D,20130909,000000,9.46221,9.7501,9.21757,9.7501,11728.485983954151,0
TAR,D,20130910,000000,9.76448,10.0651,9.76448,10.0006,22572.31577435675,0
TAR,D,20130911,000000,10.0371,10.0371,9.82891,9.92871,35440.57909713502,0
TAR,D,20130912,000000,9.90753,9.90753,9.78479,9.78479,278.74347353607993,0
TAR,D,20130913,000000,9.70007,9.83562,9.70007,9.82891,1203.5576251409518,0
TAR,D,20130916,000000,9.70007,9.71283,9.56969,9.56969,1851.9905360362768,0
TAR,D,20130917,000000,9.56969,9.71283,9.35301,9.70007,4296.9015115436105,0
TAR,D,20130918,000000,9.71283,9.71283,9.28108,9.41903,17759.266390205397,0
TAR,D,20130919,000000,9.45376,9.67729,9.35301,9.35301,13958.433772244509,0
TAR,D,20130920,000000,9.42498,9.42498,9.28108,9.28108,2950.428800394656,0
TAR,D,20130923,000000,9.28108,9.28108,8.96528,9.10156,15858.850081224955,0
TAR,D,20130924,000000,9.23872,9.34623,9.20229,9.27514,25275.891244374547,0
TAR,D,20130925,000000,9.35301,9.39024,9.34623,9.39024,4850.845109375834,0
TAR,D,20130926,000000,9.39024,9.56969,9.39024,9.56969,13026.53292215894,0
TAR,D,20130927,000000,9.63411,9.71283,9.56969,9.70007,4607.535128238452,0
TAR,D,20130930,000000,9.71283,9.71283,9.64088,9.64088,7657.177707349295,0
TAR,D,20131001,000000,9.64088,9.66289,9.64088,9.65689,2092.9382843471685,0
TAR,D,20131002,000000,9.6485,9.74165,9.64088,9.71283,7202.447888233259,0
TAR,D,20131003,000000,9.7501,9.7501,9.64088,9.71283,8192.223442569066,0
TAR,D,20131004,000000,9.76448,9.76448,9.60534,9.71283,2946.8854511547624,0
TAR,D,20131007,000000,9.71283,9.73397,9.67729,9.67729,1973.6455266050207,0
TAR,D,20131008,000000,9.67729,9.67729,9.49778,9.49778,4611.07847747824,0
TAR,D,20131009,000000,9.53347,9.53347,9.35301,9.35301,3295.3147930749274,0
TAR,D,20131010,000000,9.35301,9.59856,9.35301,9.56969,2551.2114527030985,0
TAR,D,20131011,000000,9.56293,9.82211,9.56293,9.78479,3139.4074265207532,0
TAR,D,20131014,000000,9.78479,9.79918,9.71283,9.71283,1927.5819864868206,0
TAR,D,20131015,000000,9.77799,9.77799,9.56969,9.56969,6309.523879787148,0
TAR,D,20131016,000000,9.64088,9.71283,9.39618,9.53347,5713.060091076512,0
TAR,D,20131017,000000,9.53347,9.95748,9.53347,9.95748,22216.799733955955,0
TAR,D,20131018,000000,9.97186,10.3539,9.89315,10.231,32398.02321650344,0
TAR,D,20131021,000000,10.3402,10.3402,10.2166,10.2166,11959.984800959708,0
TAR,D,20131022,000000,10.3402,11.1089,10.2598,10.4688,51960.85436980052,0
TAR,D,20131023,000000,10.7051,10.7136,10.4335,10.6484,40105.98892962413,0
TAR,D,20131024,000000,10.75,10.9939,10.75,10.9803,14149.774631196049,0
TAR,D,20131025,000000,10.9803,10.9871,10.8998,10.9651,6281.177085868207,0
TAR,D,20131028,000000,10.9803,10.9803,10.7932,10.937,12523.377330096953,0
TAR,D,20131029,000000,10.8643,10.937,10.656,10.937,11943.449171172699,0
TAR,D,20131030,000000,10.937,11.037,10.6628,10.7932,42724.5240178851,0
TAR,D,20131031,000000,10.8643,11.1522,10.8287,11.131,29036.565904284562,0
TAR,D,20131104,000000,11.1157,11.44,11.1157,11.2971,27742.062315320298,0
TAR,D,20131105,000000,11.44,11.4756,11.1522,11.1522,15412.388077001899,0
TAR,D,20131106,000000,11.1886,11.2894,11.1522,11.1522,11845.416508870438,0
TAR,D,20131107,000000,11.2241,11.2241,10.5917,10.7932,13282.835183842913,0
TAR,D,20131108,000000,10.5773,10.7932,10.5773,10.7932,7973.716906110625,0
TAR,D,20131112,000000,10.7932,10.7932,10.5917,10.7212,5466.206760699131,0
TAR,D,20131113,000000,10.937,10.937,10.612,10.6484,9792.636182574874,0
TAR,D,20131114,000000,10.6484,10.8575,10.6484,10.7347,58582.192982695495,0
TAR,D,20131115,000000,10.822,10.822,10.728,10.7347,5941.015558841127,0
TAR,D,20131118,000000,10.7347,10.7932,10.7347,10.7424,8930.4212008743,0
TAR,D,20131119,000000,10.7568,10.822,10.7347,10.7932,9294.205056167128,0
TAR,D,20131120,000000,10.7932,10.937,10.7932,10.8998,6111.096322354668,0
TAR,D,20131121,000000,10.8643,10.8643,10.2886,10.7932,55764.04922058948,0
TAR,D,20131122,000000,10.7932,10.8998,10.6416,10.8998,15208.054937502822,0
TAR,D,20131125,000000,10.8998,10.8998,10.6484,10.8287,5046.910433981719,0
TAR,D,20131126,000000,10.6916,10.9939,10.4756,10.5121,12765.50619482303,0
TAR,D,20131127,000000,10.5401,10.5917,10.4046,10.4046,19542.752174270605,0
TAR,D,20131128,000000,10.4335,10.7212,10.4046,10.4402,4211.861129786682,0
TAR,D,20131129,000000,10.4469,10.728,10.397,10.6416,5320.929441864639,0
TAR,D,20131202,000000,10.7212,10.728,10.4335,10.4402,4237.845690879131,0
TAR,D,20131203,000000,10.5044,10.5044,10.4104,10.4104,1529.545755208561,0
TAR,D,20131204,000000,10.4688,10.4688,10.2521,10.4335,102802.01037980447,0
TAR,D,20131205,000000,10.2886,10.325,10.2521,10.2521,2083.4893530408904,0
TAR,D,20131206,000000,10.2166,10.3613,10.2166,10.3613,3250.4323693699203,0
TAR,D,20131209,000000,10.4335,10.5044,10.4335,10.4402,1892.1484940881971,0
TAR,D,20131210,000000,10.4977,10.5044,10.2819,10.2886,16620.67016779583,0
TAR,D,20131211,000000,10.2886,10.2886,9.9431,10.1378,3928.393190597589,0
TAR,D,20131212,000000,10.1522,10.1955,10.0803,10.131,4204.774431307,0
TAR,D,20131213,000000,10.2166,10.2387,10.0872,10.1167,3264.605766329391,0
TAR,D,20131216,000000,10.1167,10.1522,9.60534,9.89315,14928.130347552888,0
TAR,D,20131217,000000,9.98712,10.0006,9.89995,9.89995,643.7084452422381,0
TAR,D,20131218,000000,9.99314,9.99314,9.67729,9.67729,8756.797088120868,0
TAR,D,20131219,000000,9.685,9.99314,9.685,9.92871,32135.815372754023,0
TAR,D,20131220,000000,9.79918,9.99314,9.60534,9.99314,26983.78557798889,0
TAR,D,20131223,000000,10.4402,10.4402,10.1667,10.4248,719.2998956926874,0
TAR,D,20131227,000000,10.4335,10.4977,10.4335,10.4335,1544.9002685813296,0
TAR,D,20131230,000000,10.4402,10.7212,10.4402,10.6416,11872.582186375872,0
TAR,D,20140102,000000,10.7212,10.7212,10.5265,10.5265,3297.6770259014183,0
TAR,D,20140103,000000,10.5265,10.5265,10.5265,10.5265,348.42934192011296,0
TAR,D,20140107,000000,10.5773,10.584,10.3901,10.3901,4057.1348796460156,0
TAR,D,20140108,000000,10.3901,10.3901,10.2166,10.2166,570.4792276183427,0
TAR,D,20140109,000000,10.1455,10.3461,10.1455,10.3461,497.25000999445774,0
TAR,D,20140110,000000,10.3461,10.3461,9.72046,10.2598,16395.076932857814,0
TAR,D,20140113,000000,10.2387,10.2387,9.98712,10.2098,143642.65371849193,0
TAR,D,20140114,000000,10.0734,10.1811,10.0006,10.1811,433.4697236768724,0
TAR,D,20140115,000000,10.1743,10.1879,10.1522,10.1811,3217.3611097978924,0
TAR,D,20140116,000000,10.1811,10.2243,9.69168,10.1378,13274.567368948361,0
TAR,D,20140117,000000,10.2098,10.2098,10.0006,10.0006,946.0742470440881,0
TAR,D,20140120,000000,10.1455,10.1455,9.97186,9.97186,1980.7322250848083,0
TAR,D,20140121,000000,10.0651,10.1455,10.0006,10.0734,20614.024761123866,0
TAR,D,20140122,000000,10.3402,10.3461,10.1522,10.3402,4612.259593891537,0
TAR,D,20140123,000000,10.2166,10.397,10.2166,10.3317,5228.802361628237,0
TAR,D,20140124,000000,10.2243,10.2462,10.0734,10.2462,2859.4828365714484,0
TAR,D,20140127,000000,10.0006,10.2387,9.93629,9.93629,3353.1894973261074,0
TAR,D,20140128,000000,10.0006,10.0006,9.9431,10.0006,1321.6692664698019,0
TAR,D,20140129,000000,10.0083,10.0446,9.86438,9.86438,41034.346430468126,0
TAR,D,20140130,000000,9.89315,10.0651,9.89315,10.0651,4705.56779054134,0
TAR,D,20140131,000000,9.9431,10.4248,9.9431,10.131,47956.869728751975,0
TAR,D,20140203,000000,9.93629,10.3613,9.93629,10.3114,1827.1870913573348,0
TAR,D,20140204,000000,10.059,10.325,9.99314,10.325,5121.320768018964,0
TAR,D,20140205,000000,10.3029,10.3029,10.1023,10.297,531.5023859798254,0
TAR,D,20140206,000000,9.95068,10.5773,9.95068,10.2886,150362.02499369442,0
TAR,D,20140207,000000,10.3901,10.4335,10.2243,10.4248,1060.642539133055,0
TAR,D,20140210,000000,10.5688,10.5773,10.1023,10.1522,5427.229919060613,0
TAR,D,20140211,000000,10.0446,10.8575,10.0446,10.822,26200.705395979072,0
TAR,D,20140212,000000,10.822,11.1454,10.6281,10.9651,25780.227952847945,0
TAR,D,20140213,000000,10.7932,10.7991,10.6484,10.7779,1237.8100011263823,0
TAR,D,20140214,000000,10.6281,10.9651,10.6281,10.937,2156.7185706648384,0
TAR,D,20140217,000000,10.8643,10.8787,10.7212,10.7212,2401.209668215519,0
TAR,D,20140218,000000,10.7212,10.8287,10.6332,10.8287,16056.09652224403,0
TAR,D,20140219,000000,10.7779,10.7932,10.369,10.4977,12250.539438628066,0
TAR,D,20140220,000000,10.4688,10.4688,10.231,10.325,11245.4093709197,0
TAR,D,20140221,000000,10.2166,10.2886,10.0446,10.2886,11674.154628943286,0
TAR,D,20140224,000000,10.3826,10.3826,10.1743,10.2598,951.9798291105253,0
TAR,D,20140225,000000,10.49,10.49,10.2387,10.4688,612.9994184967223,0
TAR,D,20140226,000000,10.4688,10.4688,10.397,10.397,6314.248345440339,0
TAR,D,20140227,000000,10.4046,10.4046,10.397,10.4046,262.2078437500451,0
TAR,D,20140228,000000,10.397,10.397,10.1023,10.2166,3035.469182151373,0
TAR,D,20140303,000000,9.89315,9.93629,9.36061,9.59094,32468.890201301314,0
TAR,D,20140304,000000,9.71283,10.0651,9.71283,9.95068,6491.415807433562,0
TAR,D,20140305,000000,10.1455,10.3613,10.0734,10.0734,1905.1407746343696,0
TAR,D,20140306,000000,10.3114,10.3114,10.1455,10.1455,716.9376628661126,0
TAR,D,20140307,000000,10.0803,10.0803,9.92871,10.0651,3779.572522523202,0
TAR,D,20140310,000000,10.1378,10.1378,9.77799,10.1378,7814.266190316662,0
TAR,D,20140311,000000,10.131,10.203,10.1235,10.203,1559.0736655407998,0
TAR,D,20140312,000000,10.0734,10.0734,9.73397,9.8432,875.207262246778,0
TAR,D,20140313,000000,9.8432,9.8432,9.54015,9.65689,135295.70402579047,0
TAR,D,20140314,000000,9.56969,9.56969,7.92861,8.62658,402009.5068925337,0
TAR,D,20140317,000000,8.35311,8.80608,8.35311,8.56224,13704.493743385452,0
TAR,D,20140318,000000,8.5978,8.86365,8.56224,8.77898,18134.861409631627,0
TAR,D,20140319,000000,8.8501,9.00082,8.8501,8.90007,13467.089344314454,0
TAR,D,20140320,000000,9.02285,9.02285,8.85772,8.85772,5629.2008257328835,0
TAR,D,20140321,000000,8.70616,8.84248,8.38868,8.70616,6268.184805322035,0
TAR,D,20140324,000000,8.89333,9.1092,8.89333,8.89333,3135.8640772808594,0
TAR,D,20140325,000000,8.92122,9.08041,8.92122,8.99318,1823.6437421174408,0
TAR,D,20140326,000000,9.11594,9.11594,9.00845,9.00845,362.60273887956237,0
TAR,D,20140327,000000,8.99318,9.13797,8.8137,8.8137,6704.016761825513,0
TAR,D,20140328,000000,8.8137,8.8137,8.72057,8.7993,2606.723924127682,0
TAR,D,20140331,000000,8.70616,8.77051,8.70616,8.77051,402.7606969313777,0
TAR,D,20140401,000000,8.77051,8.77898,8.64013,8.77898,3277.5980468755633,0
TAR,D,20140402,000000,8.77898,8.77898,8.62658,8.74936,46955.28301028518,0
TAR,D,20140403,000000,8.77051,8.77898,8.63505,8.63505,10459.966956082968,0
TAR,D,20140404,000000,8.63505,8.69177,8.63505,8.63505,2392.941853322538,0
TAR,D,20140407,000000,8.77051,8.77898,8.29554,8.5978,19135.26701168701,0
TAR,D,20140408,000000,8.55547,8.55547,8.49027,8.55547,925.9952680181804,0
TAR,D,20140409,000000,8.56224,8.64013,8.56224,8.59102,3323.6615869938682,0
TAR,D,20140410,000000,8.63505,8.77898,8.63505,8.70616,4502.415767455774,0
TAR,D,20140411,000000,8.70616,8.70616,8.70616,8.70616,610.6371856701476,0
TAR,D,20140414,000000,8.5978,8.70616,8.5978,8.70616,1064.1858883729485,0
TAR,D,20140415,000000,8.63505,8.64013,8.5978,8.5978,2876.018466357515,0
TAR,D,20140416,000000,8.70616,8.74173,8.63505,8.63505,9207.983557997113,0
TAR,D,20140417,000000,8.66977,8.70616,8.56986,8.56986,576.38480968478,0
TAR,D,20140422,000000,8.5978,8.63505,8.56224,8.56986,1928.7631029001184,0
TAR,D,20140423,000000,8.52668,8.63505,8.46911,8.46911,2807.513714386759,0
TAR,D,20140424,000000,8.49027,8.49027,8.49027,8.49027,1176.391947635309,0
TAR,D,20140425,000000,8.4183,8.63505,8.34719,8.53345,3438.2298790828245,0
TAR,D,20140429,000000,8.4327,8.45386,8.4327,8.45386,542.1324336994229,0
TAR,D,20140430,000000,8.34719,8.74173,8.34719,8.74173,1223.6366041669119,0
TAR,D,20140502,000000,8.74173,8.74173,8.49027,8.52668,911.8218710587204,0
TAR,D,20140505,000000,8.64013,8.77898,8.63505,8.6994,22508.535488038866,0
TAR,D,20140506,000000,8.70616,8.70616,8.45386,8.45386,50406.505169912816,0
TAR,D,20140507,000000,8.49027,8.59102,8.42508,8.4327,12650.93790273376,0
TAR,D,20140508,000000,8.54701,8.61218,8.45386,8.61218,2943.342101914868,0
TAR,D,20140509,000000,8.70616,8.77898,8.63505,8.69177,240535.53868262493,0
TAR,D,20140512,000000,8.69177,8.69177,8.64013,8.64013,3529.175842906032,0
TAR,D,20140513,000000,8.77898,8.77898,8.5978,8.64013,2858.301720158151,0
TAR,D,20140514,000000,8.64013,8.64013,8.62658,8.62658,8172.144463543106,0
TAR,D,20140515,000000,8.62658,8.64013,8.56986,8.61981,17771.077554338375,0
TAR,D,20140516,000000,8.63505,8.64013,8.56224,8.56224,5709.516741836618,0
TAR,D,20140519,000000,8.56986,8.61981,8.55547,8.55547,11587.933130774005,0
TAR,D,20140520,000000,8.61981,8.61981,8.36073,8.36073,3067.359325310208,0
TAR,D,20140521,000000,8.45386,8.59102,8.4183,8.4183,14416.706940599497,0
TAR,D,20140522,000000,8.44624,8.50466,8.44624,8.45386,8320.965131617493,0
TAR,D,20140523,000000,8.46911,8.6486,8.46911,8.49706,5192.187752816211,0
TAR,D,20140526,000000,8.53345,8.56224,8.45386,8.45386,9593.027508729201,0
TAR,D,20140527,000000,8.61218,8.61218,8.48266,8.61218,716.9376628661126,0
TAR,D,20140528,000000,8.6486,8.6486,8.49027,8.5978,2744.914544482492,0
TAR,D,20140529,000000,8.5978,8.5978,8.49027,8.56224,2996.4923405129607,0
TAR,D,20140530,000000,8.56224,8.56224,8.49027,8.49027,486.6199622748602,0
TAR,D,20140602,000000,8.663,8.663,8.56224,8.56224,722.8432449325604,0
TAR,D,20140603,000000,8.56224,8.56986,8.49027,8.55547,4156.348658362203,0
TAR,D,20140604,000000,8.63505,8.63505,8.49706,8.53345,407.485162584538,0
TAR,D,20140605,000000,8.49027,8.53345,8.4183,8.4183,6400.4698436103545,0
TAR,D,20140606,000000,8.4183,8.4183,8.13044,8.21681,18314.391104451235,0
TAR,D,20140609,000000,8.34719,8.34719,8.18124,8.18124,5186.282170749721,0
TAR,D,20140610,000000,8.63505,8.63505,8.34719,8.34719,2746.0956608957904,0
TAR,D,20140611,000000,8.49027,8.49027,8.4183,8.4183,1088.9893330519956,0
TAR,D,20140612,000000,8.4183,8.4183,8.23797,8.40307,2821.6871113462294,0
TAR,D,20140613,000000,8.27522,8.34719,8.20919,8.22358,4337.0594695953205,0
TAR,D,20140616,000000,8.20242,8.20242,8.10166,8.13044,5326.8350239311285,0
TAR,D,20140617,000000,8.13044,8.17362,8.13044,8.16599,758.2767373312154,0
TAR,D,20140618,000000,8.13044,8.16599,7.77739,8.05932,4031.150318553671,0
TAR,D,20140620,000000,8.09403,8.09403,7.8502,7.96485,5807.5494041395095,0
TAR,D,20140623,000000,7.91455,8.05171,7.86426,7.86426,1666.5552591500734,0
TAR,D,20140624,000000,7.86426,7.98634,7.74225,7.82835,2443.729859093825,0
TAR,D,20140625,000000,7.82835,7.82835,7.6266,7.6984,3535.0814249724167,0
TAR,D,20140626,000000,7.6266,7.763,7.56937,7.56937,45659.598304907406,0
TAR,D,20140627,000000,7.56191,7.6051,7.56191,7.59078,8154.427717343741,0
TAR,D,20140630,000000,7.59078,7.71347,7.55515,7.6266,6166.608793779251,0
TAR,D,20140701,000000,7.55515,7.65539,7.38235,7.41105,18117.144663431103,0
TAR,D,20140702,000000,7.41105,7.44718,7.26015,7.26015,26120.38947987523,0
TAR,D,20140703,000000,7.33865,7.33865,7.08711,7.12309,19279.36321410873,0
TAR,D,20140704,000000,7.12309,7.12309,6.97924,7.04401,15023.800777029182,0
TAR,D,20140707,000000,7.12309,7.15916,7.05113,7.07991,19966.772966643308,0
TAR,D,20140708,000000,7.12309,7.12309,7.07991,7.08711,1620.4917190317685,0
TAR,D,20140709,000000,7.05113,7.05113,6.87849,6.87849,12256.445020695604,0
TAR,D,20140710,000000,6.90728,6.90728,6.70585,6.83531,8081.198499719899,0
TAR,D,20140711,000000,6.90009,6.95766,6.73457,6.90728,86135.27667189021,0
TAR,D,20140714,000000,6.97924,6.99356,6.83531,6.83531,13910.007999298037,0
TAR,D,20140715,000000,6.8713,6.96476,6.8713,6.94326,9616.64983699495,0
TAR,D,20140716,000000,6.97924,7.45404,6.97924,7.19539,6617.795263655393,0
TAR,D,20140717,000000,7.35373,7.35373,7.08711,7.08711,5702.4300433568305,0
TAR,D,20140718,000000,7.09439,7.09439,7.03672,7.03672,5717.7845567296,0
TAR,D,20140721,000000,7.0656,7.12309,7.0656,7.12309,4439.816597551402,0
TAR,D,20140722,000000,7.26694,7.26694,7.13037,7.13037,2512.234611064686,0
TAR,D,20140723,000000,7.13037,7.28886,6.8569,7.28886,2877.199582770813,0
TAR,D,20140724,000000,7.26015,7.50451,7.26015,7.28133,3347.2839152596175,0
TAR,D,20140725,000000,7.28133,7.28886,7.12309,7.28133,4327.610538289042,0
TAR,D,20140728,000000,7.28133,7.28133,7.19539,7.26694,5335.102838824108,0
TAR,D,20140729,000000,7.26694,7.26694,7.13037,7.13757,13247.401691443974,0
TAR,D,20140730,000000,7.15196,7.16601,7.10158,7.10158,2355.1461280972135,0
TAR,D,20140731,000000,7.1087,7.1087,7.07272,7.07272,716.9376628661126,0
TAR,D,20140801,000000,7.07272,7.07272,6.95766,6.97924,1112.6116613178494,0
TAR,D,20140804,000000,7.02953,7.08711,7.02953,7.05113,2120.1039618528116,0
TAR,D,20140805,000000,7.12309,7.12309,6.94326,6.94326,1614.5861369653837,0
TAR,D,20140806,000000,6.92886,6.92886,6.90728,6.90728,3877.605184826092,0
TAR,D,20140807,000000,6.87849,6.90728,6.78495,6.78495,2531.1324736772435,0
TAR,D,20140808,000000,7.04401,7.04401,6.76334,6.76334,1223.6366041669119,0
TAR,D,20140811,000000,6.72737,6.74184,6.61949,6.72017,9383.969903577143,0
TAR,D,20140812,000000,6.73457,6.84971,6.72017,6.72737,10168.231202000683,0
TAR,D,20140813,000000,6.72737,6.72737,6.72737,6.72737,471.26544890211284,0
TAR,D,20140814,000000,6.72737,6.88577,6.72737,6.77054,2992.948991273067,0
TAR,D,20140818,000000,6.81373,7.05113,6.81373,7.04401,2780.348036881116,0
TAR,D,20140819,000000,7.05113,7.05113,6.83531,6.83531,2937.4365198484834,0
TAR,D,20140820,000000,6.83531,6.83531,6.64109,6.71289,1731.5166618809358,0
TAR,D,20140821,000000,7.05113,7.05113,7.04401,7.05113,885.8373099663755,0
TAR,D,20140822,000000,7.05113,7.05113,6.77054,7.05113,8479.234730998054,0
TAR,D,20140825,000000,7.05113,7.05113,6.87849,7.04401,2605.5428077143843,0
TAR,D,20140826,000000,7.04401,7.10158,6.97924,7.04401,4350.051750141492,0
TAR,D,20140827,000000,7.15916,7.15916,6.98636,7.11597,5482.742390485197,0
TAR,D,20140828,000000,7.15916,7.15916,6.64829,6.82092,11395.411155407906,0
TAR,D,20140829,000000,6.65548,6.89289,6.64829,6.79222,2387.0362712560486,0
TAR,D,20140901,000000,7.05113,7.05113,6.83531,6.83531,1899.2351925678797,0
TAR,D,20140902,000000,6.99356,6.99356,6.81373,6.83531,19520.310962419204,0
TAR,D,20140903,000000,6.90728,6.97924,6.84251,6.97205,693.3153346003426,0
TAR,D,20140904,000000,6.95766,7.08711,6.94326,6.94326,11037.532882181149,0
TAR,D,20140905,000000,7.11597,7.11597,6.99356,7.00076,2514.5968438912823,0
TAR,D,20140908,000000,7.13757,7.13757,7.00803,7.13757,5890.227553069735,0
TAR,D,20140909,000000,7.18786,7.54074,7.18786,7.44718,43930.44387585202,0
TAR,D,20140910,000000,7.39673,7.54752,7.39673,7.51129,33211.81242525922,0
TAR,D,20140911,000000,7.51129,7.51891,7.44718,7.4902,19427.00276576992,0
TAR,D,20140912,000000,7.33865,7.41105,7.32425,7.41105,13112.75442032822,0
TAR,D,20140915,000000,7.41105,7.41105,7.23087,7.37489,2879.561815597409,0
TAR,D,20140916,000000,7.36049,7.36049,7.36049,7.36049,139.37173676804517,0
TAR,D,20140917,000000,7.23832,7.23832,7.19539,7.19539,19197.86618159138,0
TAR,D,20140918,000000,7.19539,7.19539,7.11597,7.19539,3168.9353368529914,0
TAR,D,20140919,000000,7.20963,7.20963,7.20963,7.20963,500.7933592343306,0
TAR,D,20140922,000000,7.33865,7.8502,7.32425,7.64904,51037.22133460951,0
TAR,D,20140923,000000,7.5979,7.763,7.4035,7.6051,6869.373059685861,0
TAR,D,20140924,000000,7.6266,7.84275,7.36049,7.69119,13444.648132463053,0
TAR,D,20140925,000000,7.7199,7.7199,7.30318,7.47581,8118.994224945119,0
TAR,D,20140926,000000,7.6266,7.6266,7.27457,7.45404,4566.196053773233,0
TAR,D,20140929,000000,7.59078,7.6123,7.59078,7.6123,6074.481713542747,0
TAR,D,20140930,000000,7.62025,7.90709,7.62025,7.90709,17599.815674411228,0
TAR,D,20141001,000000,7.83556,7.90709,7.77739,7.77739,1303.9525202705427,0
TAR,D,20141002,000000,7.73429,7.74225,7.43974,7.54752,11237.141556026194,0
TAR,D,20141003,000000,7.59078,7.89973,7.54752,7.67766,7222.526867259114,0
TAR,D,20141006,000000,7.6697,7.84275,7.6697,7.67766,4632.338572917498,0
TAR,D,20141007,000000,7.84275,7.88652,7.31757,7.49698,12583.614267176406,0
TAR,D,20141008,000000,7.77096,7.77096,7.5764,7.5764,281.10570636265476,0
TAR,D,20141009,000000,7.75657,7.75657,7.63465,7.63465,2942.160985501675,0
TAR,D,20141010,000000,7.45404,7.46157,7.32425,7.45404,933.0819664979051,0
TAR,D,20141013,000000,7.45404,7.54752,7.30318,7.30318,3011.8468538857296,0
TAR,D,20141014,000000,7.51891,7.55515,7.20963,7.20963,4393.753057433202,0
TAR,D,20141015,000000,7.20963,7.20963,7.1087,7.19539,15561.2087450766,0
TAR,D,20141016,000000,7.20963,7.20963,7.1087,7.1087,1202.3765087277588,0
TAR,D,20141017,000000,6.76334,7.19539,6.49716,7.12309,5928.023278294955,0
TAR,D,20141020,000000,7.28133,7.28133,7.28133,7.28133,145.27731883449295,0
TAR,D,20141021,000000,7.28133,7.47581,7.1087,7.47581,16735.238459885106,0
TAR,D,20141022,000000,7.55515,7.55515,7.23087,7.39673,16395.076932857814,0
TAR,D,20141023,000000,7.23832,7.39673,7.23832,7.39673,6901.263202844697,0
TAR,D,20141024,000000,7.4035,7.4035,7.24518,7.24518,2676.409792511736,0
TAR,D,20141027,000000,7.26694,7.36812,7.17347,7.17347,4303.9882100232935,0
TAR,D,20141028,000000,7.17347,7.17347,7.08711,7.08711,5609.121846707133,0
TAR,D,20141029,000000,7.11597,7.19539,7.0584,7.19539,8337.500761403453,0
TAR,D,20141030,000000,7.19539,7.19539,7.0656,7.0656,4407.926454392672,0
TAR,D,20141031,000000,7.0656,7.224,7.0656,7.224,2247.664534488045,0
TAR,D,20141103,000000,7.19539,7.19539,7.10158,7.19539,31610.218568839584,0
TAR,D,20141104,000000,7.26694,7.26694,7.12309,7.12309,908.2785218188476,0
TAR,D,20141105,000000,7.13037,7.13037,7.04401,7.09439,6502.045855153139,0
TAR,D,20141106,000000,7.12309,7.12309,6.76334,6.83531,32314.163951159073,0
TAR,D,20141107,000000,6.84971,6.84971,6.76334,6.76334,3999.2601753948366,0
TAR,D,20141110,000000,6.98636,7.26694,6.98636,7.12309,21627.422643725735,0
TAR,D,20141112,000000,7.26694,7.26694,7.13757,7.19539,22794.365660054238,0
TAR,D,20141113,000000,7.02243,7.15916,7.02243,7.15916,10077.285238177476,0
TAR,D,20141114,000000,7.12309,7.84275,7.12309,7.84275,149016.7333989451,0
TAR,D,20141117,000000,7.84275,7.84275,7.71347,7.82835,12641.488971426748,0
TAR,D,20141118,000000,7.71347,8.39715,7.641,8.38868,36620.514394011065,0
TAR,D,20141119,000000,8.30994,8.63505,8.23797,8.63505,46394.252713972855,0
TAR,D,20141120,000000,8.49706,8.49706,8.02258,8.30994,5731.957953689071,0
TAR,D,20141121,000000,8.34719,8.55547,8.14484,8.52668,6461.887897101323,0
TAR,D,20141124,000000,8.55547,8.62658,8.52668,8.56224,2629.165135980238,0
TAR,D,20141125,000000,8.38868,8.54701,8.34719,8.4183,5896.13313513612,0
TAR,D,20141126,000000,7.93596,8.46911,7.93596,8.33957,4442.178830377998,0
TAR,D,20141127,000000,8.13723,8.25998,8.05932,8.25998,970.8776917231456,0
TAR,D,20141128,000000,7.92861,8.34719,7.42543,8.34719,9471.372518160457,0
TAR,D,20141201,000000,8.3819,8.47588,7.91455,7.922,37710.68484347625,0
TAR,D,20141202,000000,7.73429,8.33194,7.73429,8.30994,8526.479387529656,0
TAR,D,20141203,000000,8.61981,8.61981,8.4183,8.52668,6561.101675817511,0
TAR,D,20141204,000000,8.54701,8.54701,8.45386,8.52668,19392.750389783443,0
TAR,D,20141205,000000,8.52668,8.52668,8.12367,8.45386,3936.6610054905696,0
TAR,D,20141208,000000,8.31756,8.44624,8.31756,8.40307,1817.738160051056,0
TAR,D,20141209,000000,8.4327,8.4327,8.10166,8.4327,8413.092211853998,0
TAR,D,20141210,000000,8.56224,8.56224,8.20242,8.21681,9122.943176240396,0
TAR,D,20141211,000000,8.41153,8.4183,8.16599,8.16599,40585.52219341805,0
TAR,D,20141212,000000,8.33194,8.52668,8.11604,8.52668,11471.002605857719,0
TAR,D,20141215,000000,8.49706,8.94404,8.45386,8.84248,24014.458914981155,0
TAR,D,20141216,000000,8.63505,8.66977,8.34719,8.55547,22734.12872297689,0
TAR,D,20141217,000000,8.4327,8.73496,8.4327,8.70616,13432.836968330075,0
TAR,D,20141218,000000,8.63505,8.70616,8.63505,8.70616,3915.4009100514168,0
TAR,D,20141219,000000,8.64013,8.65538,8.57578,8.63505,8286.712755632061,0
TAR,D,20141222,000000,8.66977,8.92122,8.66977,8.86365,28345.61280251051,0
TAR,D,20141223,000000,8.96528,9.64088,8.94404,9.35301,42576.884466223906,0
TAR,D,20141229,000000,9.35301,9.35301,9.13797,9.28108,9310.740685953197,0
TAR,D,20141230,000000,9.16677,9.56969,9.16677,9.35301,19460.074025340793,0
TAR,D,20150102,000000,9.35301,9.35301,9.15317,9.35301,9776.100552788808,0
TAR,D,20150105,000000,9.35301,9.35301,9.17351,9.35301,1846.084953969892,0
TAR,D,20150107,000000,9.20993,9.35301,9.13797,9.13797,17650.603680183667,0
TAR,D,20150108,000000,9.17351,9.20993,9.016,9.13797,5915.030997748782,0
TAR,D,20150109,000000,9.08805,9.20229,9.02959,9.20229,2062.229257601737,0
TAR,D,20150112,000000,9.13797,9.33184,8.8501,8.8501,3043.736997044459,0
TAR,D,20150113,000000,8.80608,8.92886,8.80608,8.92122,3472.482255068255,0
TAR,D,20150114,000000,8.92122,8.92122,8.70616,8.92122,3349.646148086213,0
TAR,D,20150115,000000,9.20993,9.20993,8.99318,9.20993,3020.114668778605,0
TAR,D,20150116,000000,9.20229,9.20993,8.90007,9.20993,1189.3842281814814,0
TAR,D,20150119,000000,9.20229,9.20229,8.8501,9.05163,1834.2737898370176,0
TAR,D,20150120,000000,8.92886,8.92886,8.88649,8.88649,460.6354011825153,0
TAR,D,20150121,000000,8.88649,8.88649,8.88649,8.88649,891.7428920328232,0
TAR,D,20150122,000000,8.87211,9.13797,8.72057,9.13797,804.340277449468,0
TAR,D,20150123,000000,9.10156,9.17351,8.95844,9.17351,2485.068933559043,0
TAR,D,20150126,000000,9.17351,9.17351,9.00082,9.15832,420.47744313069995,0
TAR,D,20150127,000000,9.17351,9.17351,9.15317,9.15317,587.0148574043775,0
TAR,D,20150128,000000,9.016,9.016,8.99318,8.99318,464.17875042237756,0
TAR,D,20150129,000000,8.99318,9.15832,8.99318,9.15832,3956.7399845165296,0
TAR,D,20150130,000000,9.13797,9.13797,8.92886,9.13797,1881.5184463685157,0
TAR,D,20150202,000000,9.13797,9.19554,8.99318,9.19554,5069.351645834169,0
TAR,D,20150203,000000,9.20993,9.25311,9.1092,9.20993,3570.514917371145,0
TAR,D,20150204,000000,9.20993,9.23108,9.06513,9.13797,2369.3195250566837,0
TAR,D,20150205,000000,9.14473,9.64088,9.14473,9.49778,27514.106847554212,0
TAR,D,20150206,000000,9.53347,9.85758,9.5181,9.85,10307.602938768687,0
TAR,D,20150209,000000,9.85,10.0006,9.82211,9.86438,7830.801820102729,0
TAR,D,20150210,000000,9.96506,9.97944,9.85758,9.95748,3256.337951436305,0
TAR,D,20150211,000000,9.85758,9.85758,9.78479,9.85758,1489.387797156746,0
TAR,D,20150212,000000,9.78479,9.95748,9.78479,9.92871,2154.356337838242,0
TAR,D,20150213,000000,9.92871,9.92871,9.88634,9.88634,188.97862612616015,0
TAR,D,20150216,000000,9.92871,9.92871,9.90753,9.92288,439.37530574332015,0
TAR,D,20150217,000000,9.92288,9.92288,9.77041,9.78479,647.25179448209,0
TAR,D,20150218,000000,9.78479,9.78479,9.77041,9.77041,1492.9311463966396,0
TAR,D,20150219,000000,9.78479,10.203,9.78479,10.1455,9738.304827563694,0
TAR,D,20150220,000000,10.1455,10.2521,9.85758,10.0006,6392.202028717374,0
TAR,D,20150223,000000,9.92871,10.0734,9.90753,9.92871,1185.8408789416926,0
TAR,D,20150224,000000,9.92871,9.92871,9.89995,9.92871,1074.8159360925251,0
TAR,D,20150225,000000,9.92871,9.92871,9.71283,9.89315,2394.1229697358363,0
TAR,D,20150226,000000,9.69168,9.90753,9.69168,9.89995,640.1650960023653,0
TAR,D,20150227,000000,9.685,9.89315,9.23872,9.64088,6851.656313486602,0
TAR,D,20150302,000000,9.71283,10.0371,9.64088,10.0371,11921.007959321296,0
TAR,D,20150303,000000,10.0371,10.0734,9.85758,9.92871,5175.652123030145,0
TAR,D,20150304,000000,9.92871,9.96506,9.79325,9.96506,1924.0386372470318,0
TAR,D,20150305,000000,10.2166,10.6484,10.2166,10.5401,27404.263021118975,0
TAR,D,20150306,000000,10.4977,10.4977,10.369,10.369,959.0665275902604,0
TAR,D,20150309,000000,10.369,10.6416,10.369,10.6281,15082.85659769408,0
TAR,D,20150310,000000,10.5688,10.5688,10.369,10.369,1251.9833980857477,0
TAR,D,20150311,000000,10.369,10.397,10.297,10.397,2502.7856797583026,0
TAR,D,20150312,000000,10.397,10.397,10.3402,10.3901,3530.3569593193297,0
TAR,D,20150313,000000,10.3613,10.369,10.2521,10.2886,6537.479347551867,0
TAR,D,20150316,000000,10.3613,10.3613,10.0947,10.325,1559.0736655407998,0
TAR,D,20150317,000000,10.2521,10.2521,9.96506,10.1811,3855.163972973641,0
TAR,D,20150318,000000,10.1167,10.2243,10.0872,10.2166,9246.96039963563,0
TAR,D,20150319,000000,10.1811,10.5773,10.1811,10.5773,23428.62517399041,0
TAR,D,20150320,000000,10.6196,10.8575,10.4544,10.7855,30013.349178073986,0
TAR,D,20150323,000000,10.8643,10.8643,10.6849,10.7932,1676.004190456352,0
TAR,D,20150324,000000,10.7855,10.7855,10.0803,10.6705,9249.322632462228,0
TAR,D,20150325,000000,10.3114,10.4335,10.3114,10.3901,670.8741227478599,0
TAR,D,20150326,000000,10.3613,10.3901,10.325,10.3901,3184.2898502257603,0
TAR,D,20150327,000000,10.6416,10.6416,10.1522,10.3901,2397.666318975625,0
TAR,D,20150330,000000,10.3901,10.6416,10.3539,10.6416,3287.046978181842,0
TAR,D,20150331,000000,10.7636,10.7636,10.4335,10.6484,3076.8082566164867,0
TAR,D,20150402,000000,10.4248,10.4335,10.1591,10.4335,2626.8029031536425,0
TAR,D,20150407,000000,10.5688,10.5688,10.325,10.5044,1386.6306692006642,0
TAR,D,20150408,000000,10.5401,10.5688,10.325,10.4977,549.2191321791581,0
TAR,D,20150409,000000,10.5773,10.5773,10.5773,10.5773,41.339074465097525,0
TAR,D,20150410,000000,10.4756,10.4832,10.2886,10.2886,987.4133215091804,0
TAR,D,20150413,000000,10.2886,10.2886,9.54015,9.92871,29702.715561379147,0
TAR,D,20150414,000000,10.0303,10.0303,9.71283,9.71283,10733.985963966305,0
TAR,D,20150415,000000,9.71283,10.0219,9.39618,10.0219,23382.561633872,0
TAR,D,20150416,000000,10.0219,10.2886,10.0006,10.1522,106542.60606068694,0
TAR,D,20150417,000000,10.2886,10.2886,10.0734,10.1811,17452.17612275003,0
TAR,D,20150420,000000,10.0734,10.1378,10.0303,10.1378,681.5041704674576,0
TAR,D,20150421,000000,10.1378,10.1378,10.0006,10.0006,6554.0149773379335,0
TAR,D,20150422,000000,9.99314,9.99314,9.85758,9.92871,83333.66853956912,0
TAR,D,20150423,000000,9.89315,9.92871,9.37502,9.92871,42777.67425648246,0
TAR,D,20150424,000000,9.92871,9.92871,9.89315,9.92871,17456.900588404063,0
TAR,D,20150428,000000,9.92871,9.92871,9.92871,9.92871,2779.1669204678183,0
TAR,D,20150429,000000,9.96506,10.131,9.685,10.131,5238.251292934516,0
TAR,D,20150430,000000,10.0734,10.2886,10.0734,10.2886,4559.10935529355,0
TAR,D,20150504,000000,10.1378,10.2751,10.1378,10.2751,2807.513714386759,0
TAR,D,20150505,000000,10.0734,10.1091,10.0371,10.0371,1862.6205837559583,0
TAR,D,20150506,000000,10.0734,10.2751,10.0734,10.0734,2385.8551548427504,0
TAR,D,20150507,000000,10.0734,10.0803,10.0371,10.0371,2710.662168497062,0
TAR,D,20150508,000000,10.0371,10.1743,9.96506,10.0734,1572.0659460869724,0
TAR,D,20150511,000000,10.1378,10.1743,9.44707,10.0651,7302.842783362744,0
TAR,D,20150512,000000,9.82211,10.0446,9.82211,10.0446,550.4002485924351,0
TAR,D,20150513,000000,10.0446,10.0446,9.86438,10.0371,210.23872156534475,0
TAR,D,20150514,000000,10.0371,10.0371,9.78479,10.0371,207.87648873876984,0
TAR,D,20150515,000000,10.0371,10.0371,9.79918,10.0159,3433.505413429633,0
TAR,D,20150518,000000,10.2751,10.2751,10.0872,10.131,4831.947246763171,0
TAR,D,20150519,000000,10.1455,10.1455,9.96506,10.1378,1153.9507357828577,0
TAR,D,20150520,000000,9.92871,9.92871,9.85758,9.85758,546.8568993525727,0
TAR,D,20150521,000000,9.85758,10.0803,9.85758,9.86438,752.3711552647676,0
TAR,D,20150522,000000,9.87109,9.92871,9.72046,9.92871,3579.963848677424,0
TAR,D,20150525,000000,9.89315,9.92871,9.65689,9.65689,5583.137285614788,0
TAR,D,20150526,000000,10.0303,10.0303,9.65689,9.65689,2310.2637043922064,0
TAR,D,20150527,000000,9.6485,9.6485,9.64088,9.6485,1103.162730011466,0
TAR,D,20150528,000000,9.64088,9.79325,8.77898,9.21757,7691.430083334724,0
TAR,D,20150529,000000,9.39024,9.39024,9.35301,9.35301,5957.551188627193,0
TAR,D,20150601,000000,9.86438,9.86438,9.86438,9.86438,1.1811164132885008,0
TAR,D,20150602,000000,9.61973,9.61973,9.24636,9.39618,4844.939527309449,0
TAR,D,20150603,000000,9.39618,9.86438,9.39618,9.81356,9178.455647664874,0
TAR,D,20150605,000000,9.71283,9.71283,9.71283,9.71283,465.35986683567563,0
TAR,D,20150608,000000,9.39618,9.85758,9.39618,9.85758,1427.9697436657773,0
TAR,D,20150609,000000,9.6121,9.83562,9.46221,9.67061,1577.9715281534623,0
TAR,D,20150610,000000,9.4402,9.46221,9.4402,9.46221,418.1152103041356,0
TAR,D,20150611,000000,9.71283,9.71283,9.64088,9.71283,249.2155632038726,0
TAR,D,20150612,000000,9.85,9.85,9.47586,9.77041,191.340858952735,0
TAR,D,20150615,000000,9.8432,9.8432,9.8432,9.8432,9.448931306307902,0
TAR,D,20150617,000000,9.39618,9.80676,9.06513,9.06513,5317.38609262485,0
TAR,D,20150618,000000,9.36061,9.77799,9.06513,9.13797,3719.3355854455317,0
TAR,D,20150619,000000,9.13797,9.13797,9.13797,9.13797,1188.2031117681836,0
TAR,D,20150622,000000,9.10156,9.52656,9.10156,9.43342,616.5427677365954,0
TAR,D,20150623,000000,9.70521,9.70521,9.54691,9.54691,218.50653645837787,0
TAR,D,20150624,000000,9.70521,9.70521,9.43342,9.53347,331.8937121340676,0
TAR,D,20150626,000000,9.1092,9.34623,9.00845,9.24636,2584.282712275231,0
TAR,D,20150629,000000,8.78491,9.20993,8.78491,9.20993,2790.9780846006925,0
TAR,D,20150630,000000,9.20229,9.5553,8.77898,9.27514,2959.8777317009344,0
TAR,D,20150701,000000,8.86365,9.24636,8.86365,9.24636,30.70902674550102,0
TAR,D,20150702,000000,9.40464,9.40464,9.24636,9.24636,237.4043990709876,0
TAR,D,20150703,000000,8.96528,9.12359,8.96528,9.12359,343.7048762669527,0
TAR,D,20150706,000000,9.1871,9.1871,9.1871,9.1871,28.346793918924014,0
TAR,D,20150707,000000,9.02959,9.15317,8.4183,8.8137,2926.806472128907,0
TAR,D,20150708,000000,9.15317,9.34623,8.4183,8.56224,669.6930063345725,0
TAR,D,20150709,000000,9.22432,9.22432,8.63505,8.84248,168.89964710026297,0
TAR,D,20150710,000000,9.13797,9.13797,8.97203,8.97203,790.1668804899975,0
TAR,D,20150713,000000,8.92122,8.92122,8.92122,8.92122,139.37173676804517,0
TAR,D,20150715,000000,8.92122,8.92122,8.91527,8.92122,10770.600572777703,0
TAR,D,20150716,000000,8.95844,8.98722,8.78491,8.92886,19104.5579849421,0
TAR,D,20150717,000000,8.99318,9.00082,8.99318,9.00082,8491.045895130927,0
TAR,D,20150720,000000,8.89333,9.19554,8.8137,8.8501,17150.991437363253,0
TAR,D,20150721,000000,8.88649,8.88649,8.8501,8.8501,3356.7328465658957,0
TAR,D,20150722,000000,8.72057,8.72057,8.56224,8.56224,17559.657716360354,0
TAR,D,20150723,000000,8.63505,8.77898,8.4183,8.63505,24877.85501309587,0
TAR,D,20150724,000000,8.45386,8.5182,8.45386,8.5182,1903.9596582210713,0
TAR,D,20150727,000000,8.5182,8.64013,8.5182,8.64013,9727.674779844117,0
TAR,D,20150728,000000,8.52668,8.663,8.52668,8.663,40437.88264175791,0
TAR,D,20150729,000000,8.66977,8.88649,8.63505,8.88649,47571.82577802083,0
TAR,D,20150730,000000,8.92122,8.92122,8.64013,8.92122,3803.194850788951,0
TAR,D,20150731,000000,8.90007,8.92122,8.90007,8.92122,4057.1348796460156,0
TAR,D,20150803,000000,9.20993,9.33184,9.20993,9.33184,694.49645101363,0
TAR,D,20150805,000000,9.2675,9.2675,9.10156,9.19554,3472.482255068255,0
TAR,D,20150806,000000,9.19554,9.19554,9.19554,9.19554,70900.05605688196,0
TAR,D,20150807,000000,9.20993,9.2675,9.20993,9.2675,2918.5386572358216,0
TAR,D,20150810,000000,9.2675,9.70007,9.2675,9.70007,3585.8694307439137,0
TAR,D,20150811,000000,9.69168,9.70007,9.67061,9.67061,97501.15991696568,0
TAR,D,20150812,000000,9.75603,9.75603,9.42498,9.56293,3168.9353368529914,0
TAR,D,20150813,000000,9.70521,10.0371,9.70521,10.0371,7234.3380313920925,0
TAR,D,20150814,000000,9.98712,9.98712,9.98712,9.98712,70184.29951042845,0
TAR,D,20150817,000000,9.78479,9.92288,9.36061,9.92288,14704.899345441887,0
TAR,D,20150818,000000,9.77041,9.85758,9.77041,9.77799,3895.3219310254563,0
TAR,D,20150819,000000,9.85758,10.0371,9.85758,9.87876,1792.9347153719043,0
TAR,D,20150820,000000,9.87876,10.1811,9.87109,10.1023,97981.87429717313,0
TAR,D,20150821,000000,10.1023,10.1091,10.1023,10.1091,194.88420819260784,0
TAR,D,20150824,000000,10.0006,10.0006,9.57655,9.57655,9841.061955519775,0
TAR,D,20150825,000000,9.70521,9.76448,9.70521,9.76448,7257.960359657842,0
TAR,D,20150826,000000,9.76448,9.88634,9.71283,9.71283,107474.50691077148,0
TAR,D,20150827,000000,9.65689,9.65689,9.65689,9.65689,2.3622328265770016,0
TAR,D,20150828,000000,9.57655,10.0446,9.57655,9.71283,381.50060149218257,0
TAR,D,20150831,000000,9.82891,9.85758,9.71283,9.71283,3616.578457489345,0
TAR,D,20150901,000000,9.57655,9.85758,9.57655,9.71283,28202.697716503346,0
TAR,D,20150902,000000,9.64088,9.71283,9.57655,9.71283,2205.144343609634,0
TAR,D,20150907,000000,9.87109,9.99314,9.87109,9.99314,140.5528531813326,0
TAR,D,20150908,000000,10.059,10.059,10.059,10.059,1.1811164132885008,0
TAR,D,20150909,000000,9.87109,9.87109,9.82211,9.87109,1950.0231983393764,0
TAR,D,20150910,000000,9.82891,9.88634,9.82891,9.88634,2139.001824465474,0
TAR,D,20150911,000000,9.87109,9.87109,9.80676,9.80676,2087.0327022807837,0
TAR,D,20150914,000000,9.87109,9.87109,9.02285,9.50465,4333.516120355427,0
TAR,D,20150915,000000,9.50465,9.50465,9.50465,9.50465,4778.797008165289,0
TAR,D,20150916,000000,9.50465,9.50465,9.50465,9.50465,139.37173676804517,0
TAR,D,20150917,000000,9.44707,9.44707,9.44707,9.44707,139.37173676804517,0
TAR,D,20150918,000000,9.49778,9.49778,9.49778,9.49778,2.3622328265770016,0
TAR,D,20150921,000000,9.29627,9.46815,9.29627,9.46815,492.52554434129746,0
TAR,D,20150922,000000,9.49778,9.49778,9.46815,9.46815,2429.556462134354,0
TAR,D,20150923,000000,9.36061,9.36061,9.36061,9.36061,3020.114668778605,0
TAR,D,20150924,000000,9.39024,9.39024,9.29627,9.29627,4032.331434966969,0
TAR,D,20150925,000000,9.28866,9.89315,9.28866,9.89315,6591.810702563049,0
TAR,D,20150928,000000,9.5181,9.72814,9.5181,9.72046,1766.9501542795592,0
TAR,D,20150929,000000,9.72046,10.0734,9.72046,10.0734,4717.378954674215,0
TAR,D,20150930,000000,9.96506,9.96506,9.90753,9.91521,192.52197536603296,0
TAR,D,20151001,000000,9.88634,9.88634,9.13797,9.85758,3211.4555277314034,0
TAR,D,20151002,000000,9.46815,9.8432,9.46815,9.8432,147.6395516610678,0
TAR,D,20151005,000000,9.76448,9.76448,9.41903,9.70521,233.86104983111474,0
TAR,D,20151006,000000,9.71283,9.92871,9.65689,9.92871,3587.050547157211,0
TAR,D,20151007,000000,10.0651,10.0651,9.6485,9.87109,118.11164132885007,0
TAR,D,20151008,000000,9.89315,9.89315,9.89315,9.89315,12.992280546173507,0
TAR,D,20151009,000000,9.70521,9.89315,9.67061,9.89315,510.2422905406303,0
TAR,D,20151012,000000,9.49778,10.0006,9.49778,9.92871,3620.1218067292384,0
TAR,D,20151013,000000,9.58418,9.685,9.58418,9.685,113.38717567568978,0
TAR,D,20151014,000000,9.56969,9.60534,9.56969,9.56969,277.5623571228029,0
TAR,D,20151015,000000,9.73397,9.73397,9.73397,9.73397,2.3622328265770016,0
TAR,D,20151016,000000,9.70007,9.72046,9.67729,9.72046,425.2019087838603,0
TAR,D,20151019,000000,9.57655,9.72046,9.57655,9.72046,2535.856939330435,0
TAR,D,20151020,000000,9.71283,9.71283,9.57655,9.57655,167.71853068696498,0
TAR,D,20151021,000000,9.57655,9.57655,9.57655,9.57655,331.8937121340676,0
TAR,D,20151022,000000,9.24636,9.48338,9.24636,9.48338,2881.9240484240045,0
TAR,D,20151023,000000,9.48338,9.48338,9.46815,9.46815,694.49645101363,0
TAR,D,20151026,000000,9.49778,9.49778,9.49099,9.49778,2604.361691301087,0
TAR,D,20151027,000000,9.50465,9.56969,9.50465,9.50465,1045.2880257603179,0
TAR,D,20151028,000000,9.5553,9.5553,9.50465,9.50465,308.2713838682977,0
TAR,D,20151029,000000,9.5553,9.5553,9.50465,9.50465,1096.0760315317832,0
TAR,D,20151030,000000,9.50465,9.57655,9.46815,9.56969,1810.6514615712686,0
TAR,D,20151102,000000,9.82891,9.82891,9.82891,9.82891,41.339074465097525,0
TAR,D,20151103,000000,9.57655,9.57655,9.56969,9.56969,141.7339695946201,0
TAR,D,20151104,000000,9.56969,9.78479,9.56969,9.78479,281.10570636265476,0
TAR,D,20151105,000000,9.82211,9.82891,9.77799,9.82891,472.4465653154003,0
TAR,D,20151106,000000,9.82891,9.92871,9.82211,9.92871,2265.3812806873043,0
TAR,D,20151109,000000,10.369,10.6484,10.3613,10.3613,58526.68051127112,0
TAR,D,20151110,000000,10.397,10.4104,10.1023,10.1023,12947.398122468605,0
TAR,D,20151112,000000,10.3173,10.325,9.82891,10.1667,18221.082907801952,0
TAR,D,20151113,000000,10.2819,10.2819,9.93629,10.2598,3849.2583909071514,0
TAR,D,20151116,000000,9.82891,10.0446,9.78479,10.0446,2048.0558606422665,0
TAR,D,20151117,000000,10.0651,10.0734,9.83562,10.0734,4320.523839809253,0
TAR,D,20151118,000000,10.0734,10.1743,9.87876,10.1743,3005.94127181924,0
TAR,D,20151119,000000,10.1455,10.1455,10.1455,10.1455,278.74347353607993,0
TAR,D,20151120,000000,9.93629,9.93629,9.93629,9.93629,141.7339695946201,0
TAR,D,20151123,000000,9.95068,9.95068,9.9431,9.9431,225.59323493810257,0
TAR,D,20151124,000000,10.1455,10.1455,9.93629,9.93629,656.7007257884002,0
TAR,D,20151125,000000,10.0371,10.0371,10.0303,10.0371,99.21377871623301,0
TAR,D,20151126,000000,10.0371,10.0371,10.0371,10.0371,2.3622328265770016,0
TAR,D,20151127,000000,10.0371,10.0371,10.0371,10.0371,672.0552391611475,0
TAR,D,20151130,000000,9.79325,9.79325,9.79325,9.79325,2.3622328265770016,0
TAR,D,20151201,000000,9.87876,9.87876,9.78479,9.78479,1411.4341138797113,0
TAR,D,20151202,000000,9.71283,9.71283,9.21757,9.63411,810.2458595159052,0
TAR,D,20151203,000000,9.47586,9.63411,9.17351,9.63411,205.5142559122054,0
TAR,D,20151204,000000,9.49778,9.73397,9.39024,9.73397,2645.7007657663044,0
TAR,D,20151207,000000,9.39024,9.78479,9.39024,9.57655,2614.991739020768,0
TAR,D,20151208,000000,10.0371,10.0371,9.51216,9.51216,1388.99290202726,0
TAR,D,20151209,000000,9.49778,9.71283,9.30305,9.30305,11641.083369371361,0
TAR,D,20151210,000000,8.8501,9.2675,8.77898,9.13797,5103.6040218196,0
TAR,D,20151211,000000,9.06513,9.27514,8.79337,8.99318,12069.8286273939,0
TAR,D,20151214,000000,8.86365,8.92122,8.30994,8.77898,10120.98654546908,0
TAR,D,20151215,000000,8.57578,9.29627,8.20242,8.99318,30996.0380339299,0
TAR,D,20151216,000000,9.30305,9.30305,8.8137,8.8137,3748.8634957776653,0
TAR,D,20151217,000000,8.8137,9.1092,8.49706,8.85772,9536.333920891318,0
TAR,D,20151218,000000,8.85772,9.13797,8.85772,8.92886,849.2227011544227,0
TAR,D,20151221,000000,9.10156,9.10156,8.99318,9.02959,3036.650298564671,0
TAR,D,20151222,000000,9.02959,9.02959,8.94404,8.94404,891.7428920328232,0
TAR,D,20151223,000000,8.94404,9.49778,8.94404,9.49778,6272.909270975227,0
TAR,D,20151228,000000,9.42498,9.42498,9.1092,9.20229,3662.6419976076504,0
TAR,D,20151229,000000,9.35301,9.35301,9.35301,9.35301,3871.6996027597074,0
TAR,D,20151230,000000,9.20993,9.33945,9.06513,9.25986,146888.3616222238,0
TAR,D,20160104,000000,9.44707,9.44707,9.13797,9.29627,1383.0873199607702,0
TAR,D,20160105,000000,9.06513,9.35301,9.06513,9.31745,1007.4923005350879,0
TAR,D,20160107,000000,9.34623,9.34623,9.2675,9.2675,5349.276235783578,0
TAR,D,20160108,000000,9.28866,9.34623,9.07277,9.20229,4471.706740710236,0
TAR,D,20160111,000000,9.07277,9.07277,9.07277,9.07277,83.85926534348356,0
TAR,D,20160112,000000,9.08041,9.18195,9.08041,9.18195,3219.723342624489,0
TAR,D,20160113,000000,9.20229,9.20229,9.17351,9.17351,786.6235312501351,0
TAR,D,20160114,000000,9.19554,9.19554,9.11594,9.1871,144.096202421195,0
TAR,D,20160115,000000,9.19554,9.19554,9.18195,9.18195,654.3384929618252,0
TAR,D,20160118,000000,9.08805,9.34623,8.92122,8.92122,4814.230500563912,0
TAR,D,20160119,000000,8.92122,8.95844,8.92122,8.93561,21825.85020115727,0
TAR,D,20160120,000000,8.99318,8.99318,8.8137,8.88649,1125.603941863917,0
TAR,D,20160121,000000,8.77898,8.77898,8.46911,8.6994,434.6508400901598,0
TAR,D,20160122,000000,8.8137,9.17351,8.8137,9.17351,155.90736655408,0
TAR,D,20160125,000000,9.35301,9.35301,8.82132,9.13797,152.36401731421765,0
TAR,D,20160126,000000,9.15832,9.15832,9.15832,9.15832,350.7915747466774,0
TAR,D,20160127,000000,8.82132,8.93561,8.67738,8.72057,4453.989994510873,0
TAR,D,20160128,000000,8.99318,9.17351,8.99318,8.99318,1738.6033603606184,0
TAR,D,20160129,000000,8.95844,9.13797,8.95844,9.13797,2479.163351492554,0
TAR,D,20160201,000000,8.82132,9.35301,8.82132,9.35301,857.4905160474452,0
TAR,D,20160202,000000,9.35301,9.35301,9.28108,9.32506,309.4525002815851,0
TAR,D,20160203,000000,9.33945,9.34623,8.86365,9.20993,9463.104703267476,0
TAR,D,20160204,000000,9.35301,9.35301,9.20993,9.30305,1526.002405968772,0
TAR,D,20160205,000000,9.28108,9.35301,9.28108,9.35301,7814.266190316662,0
TAR,D,20160208,000000,9.42498,9.42498,9.17351,9.17351,38.97684163852052,0
TAR,D,20160209,000000,9.42498,9.42498,9.42498,9.42498,139.37173676804517,0
TAR,D,20160210,000000,9.39024,9.39024,9.14473,9.14473,284.6490556025276,0
TAR,D,20160211,000000,9.34623,9.34623,8.99318,8.99318,1093.7137987051874,0
TAR,D,20160212,000000,8.99318,8.99318,8.99318,8.99318,151.1829009009302,0
TAR,D,20160215,000000,9.16677,9.16677,9.15832,9.15832,1026.3901631476976,0
TAR,D,20160216,000000,9.16677,9.28108,9.16677,9.28108,167.71853068696498,0
TAR,D,20160217,000000,9.28108,9.28108,9.27514,9.28108,420.47744313069995,0
TAR,D,20160218,000000,8.92886,9.28108,8.92886,9.13797,1214.1876728606333,0
TAR,D,20160219,000000,9.28108,9.89315,9.02285,9.89315,106298.11496313804,0
TAR,D,20160222,000000,9.89315,9.89315,9.35301,9.70521,5335.102838824108,0
TAR,D,20160223,000000,9.83562,9.83562,9.71283,9.71283,608.2749528435833,0
TAR,D,20160224,000000,9.78479,9.78479,9.67729,9.67729,1945.2987326861846,0
TAR,D,20160225,000000,9.77799,9.87876,9.67729,9.85758,4944.153306025637,0
TAR,D,20160226,000000,9.87876,9.87876,9.64088,9.85,1544.9002685813296,0
TAR,D,20160229,000000,9.89315,10.1591,9.8432,10.1591,2723.6544490432343,0
TAR,D,20160301,000000,10.0651,10.0651,9.69168,9.69168,322.44478082775754,0
TAR,D,20160302,000000,10.1378,10.1378,10.1378,10.1378,209.05760515205728,0
TAR,D,20160303,000000,10.0371,10.0514,10.0371,10.0514,1203.5576251409518,0
TAR,D,20160304,000000,10.059,10.059,9.93629,9.93629,1432.6942093189693,0
TAR,D,20160307,000000,10.0371,10.1091,9.71283,9.77041,4478.793439189919,0
TAR,D,20160308,000000,9.79918,9.79918,9.44707,9.7501,3291.7714438350336,0
TAR,D,20160309,000000,9.72046,9.77041,9.70521,9.70521,722.8432449325604,0
TAR,D,20160310,000000,9.74165,9.80676,9.64088,9.80676,7012.288145693864,0
TAR,D,20160311,000000,9.91521,9.91521,9.6485,9.71283,291.73575408225236,0
TAR,D,20160314,000000,9.89315,9.89315,9.64088,9.71283,370.87055377259554,0
TAR,D,20160315,000000,9.6121,9.6121,9.56293,9.59094,10489.494866415102,0
TAR,D,20160316,000000,9.56969,9.64088,9.49778,9.64088,4073.670509432082,0
TAR,D,20160317,000000,9.85,9.85,9.50465,9.67729,961.4287604168353,0
TAR,D,20160318,000000,9.53347,9.88634,9.53347,9.87109,3268.1491155691792,0
TAR,D,20160321,000000,9.92288,9.92288,9.6485,9.71283,2764.993523508452,0
TAR,D,20160322,000000,9.71283,9.82211,9.71283,9.82211,9889.48772846457,0
TAR,D,20160323,000000,9.85,9.96506,9.75603,9.89315,10280.437261263043,0
TAR,D,20160324,000000,9.96506,10.1091,9.75603,10.1091,15229.315032941768,0
TAR,D,20160329,000000,10.1091,10.1743,10.0446,10.1522,8809.947326718855,0
TAR,D,20160330,000000,10.1455,10.1811,10.1455,10.1743,5664.6343181316115,0
TAR,D,20160331,000000,10.2675,10.2675,10.2598,10.2598,883.4750771397902,0
TAR,D,20160401,000000,10.2521,10.2521,10.1455,10.2521,738.1977583053182,0
TAR,D,20160404,000000,10.2387,10.2462,10.0803,10.2098,1374.8195050677896,0
TAR,D,20160405,000000,10.2098,10.2098,10.0734,10.0734,676.7797048143078,0
TAR,D,20160406,000000,9.82211,10.0734,9.82211,10.059,631.8972811093532,0
TAR,D,20160407,000000,10.0734,10.0734,10.0651,10.0651,140.5528531813326,0
TAR,D,20160408,000000,10.0734,10.0734,9.79918,10.0006,180.71081123314795,0
TAR,D,20160411,000000,10.0734,10.0734,9.85758,9.99314,1046.4691421736054,0
TAR,D,20160412,000000,10.0303,10.0303,9.92871,9.92871,87.40261458334905,0
TAR,D,20160413,000000,9.92288,10.0083,9.92288,10.0083,1733.8788947074265,0
TAR,D,20160414,000000,9.78479,9.8432,9.78479,9.82211,3481.931186374534,0
TAR,D,20160415,000000,9.85758,10.0651,9.75603,10.059,1311.0392187502252,0
TAR,D,20160418,000000,10.0658,10.0658,9.85758,10.0524,2868.9317678778325,0
TAR,D,20160419,000000,10.0524,10.2598,9.86438,10.2598,29628.30522734074,0
TAR,D,20160420,000000,10.1091,10.2886,10.0006,10.2166,53397.0919283595,0
TAR,D,20160421,000000,10.203,10.2886,10.0734,10.1811,5072.894995074063,0
TAR,D,20160422,000000,10.1811,10.2488,9.95495,10.2183,4921.71209417308,0
TAR,D,20160425,000000,10.4749,10.4749,10.264,10.264,2247.664534488045,0
TAR,D,20160426,000000,10.2564,10.264,10.242,10.242,1071.2725868526313,0
TAR,D,20160427,000000,10.2717,10.2717,10.2717,10.2717,1195.289810247971,0
TAR,D,20160428,000000,10.2717,10.3993,10.2717,10.2717,1894.5107269147932,0
TAR,D,20160429,000000,10.2793,10.2793,10.2564,10.2564,2248.845650901343,0
TAR,D,20160502,000000,10.3097,10.3317,10.2564,10.2564,1524.8212895554746,0
TAR,D,20160504,000000,10.2564,10.2717,10.2564,10.2564,2237.034486768364,0
TAR,D,20160505,000000,10.3165,10.3165,10.3097,10.3097,539.7702008728374,0
TAR,D,20160506,000000,10.2717,10.2717,9.28278,9.81113,20238.42974169869,0
TAR,D,20160509,000000,9.81113,9.85671,9.81113,9.85671,1498.8367284630244,0
TAR,D,20160510,000000,10.0219,10.0219,10.0219,10.0219,1.1811164132885008,0
TAR,D,20160511,000000,9.98547,9.98547,9.84913,9.84913,432.288607263585,0
TAR,D,20160512,000000,10.0075,10.0075,9.78907,9.78907,15773.809699467083,0
TAR,D,20160513,000000,9.80345,9.80345,9.44875,9.4572,2896.09744538337,0
TAR,D,20160516,000000,9.46481,9.59266,9.46481,9.59266,1201.1953923144606,0
TAR,D,20160517,000000,9.46481,9.79675,9.46481,9.57731,383.862834318768,0
TAR,D,20160518,000000,9.46481,9.69081,9.46481,9.50287,145.27731883449295,0
TAR,D,20160519,000000,9.50287,9.65356,9.50287,9.65356,2162.624152731223,0
TAR,D,20160520,000000,9.61553,9.76623,9.61553,9.65356,602.3693707771354,0
TAR,D,20160523,000000,9.98547,9.98547,9.51727,9.53929,119.29275774213752,0
TAR,D,20160524,000000,9.53929,9.57731,9.53929,9.53929,268.11342581648233,0
TAR,D,20160525,000000,9.57055,9.80345,9.56293,9.76623,1151.588502956262,0
TAR,D,20160527,000000,9.76623,9.76623,9.76623,9.76623,69.68586838402155,0
TAR,D,20160530,000000,9.76623,9.79675,9.66795,9.66795,1001.5867184686402,0
TAR,D,20160531,000000,9.80345,9.80345,9.80345,9.80345,1.1811164132885008,0
TAR,D,20160601,000000,9.65356,9.65356,9.04994,9.1625,2991.767874859769,0
TAR,D,20160602,000000,9.26838,9.26838,9.20061,9.20061,426.3830251971477,0
TAR,D,20160603,000000,9.1625,9.21589,9.1625,9.21589,1338.204896255868,0
TAR,D,20160606,000000,9.26838,9.26838,9.26838,9.26838,503.155592060895,0
TAR,D,20160607,000000,9.27683,9.27683,8.87634,9.26838,1776.3990855859429,0
TAR,D,20160608,000000,9.25311,9.25311,8.93649,8.93649,4868.561855575198,0
TAR,D,20160609,000000,9.21589,9.21589,8.93649,9.04994,302.36580180184984,0
TAR,D,20160610,000000,8.93649,9.04994,8.93649,9.04994,4816.592733390403,0
TAR,D,20160613,000000,9.25311,9.25311,8.97372,9.04994,375.59501942573485,0
TAR,D,20160614,000000,9.04994,9.04994,9.04994,9.04994,420.47744313069995,0
TAR,D,20160615,000000,9.04994,9.04994,8.97372,9.04994,887.0184263796629,0
TAR,D,20160616,000000,9.04994,9.04994,9.04229,9.04229,222.04988569822976,0
TAR,D,20160617,000000,8.99655,9.04229,8.99655,9.04229,572.841460444928,0
TAR,D,20160620,000000,9.04229,9.04994,9.03466,9.04994,829.1437221285254,0
TAR,D,20160621,000000,9.04229,9.04229,9.04229,9.04229,134.64727111489537,0
TAR,D,20160622,000000,9.04994,9.14811,9.04994,9.14811,4644.149737050372,0
TAR,D,20160623,000000,9.25311,9.25311,9.04994,9.04994,2718.9299833901478,0
TAR,D,20160624,000000,8.68078,9.24636,7.94181,9.24636,3706.3433048993593,0
TAR,D,20160627,000000,9.23872,9.23872,8.95169,8.95169,1302.7714038572444,0
TAR,D,20160628,000000,9.12527,9.12527,9.12527,9.12527,662.6063078548478,0
TAR,D,20160629,000000,9.12527,9.25311,9.04994,9.04994,3779.572522523202,0
TAR,D,20160630,000000,9.26076,9.26076,9.04994,9.04994,3343.7405660197237,0
TAR,D,20160701,000000,9.26076,9.26076,8.97372,9.04994,2710.662168497062,0
TAR,D,20160704,000000,9.23872,9.23872,9.19296,9.19296,87.40261458334905,0
TAR,D,20160705,000000,9.20061,9.20061,8.98216,9.19296,3318.9371213406766,0
TAR,D,20160706,000000,9.20061,9.20061,8.98216,8.9898,544.4946665259978,0
TAR,D,20160707,000000,8.98216,8.9898,8.98216,8.9898,135.82838752818284,0
TAR,D,20160708,000000,9.01946,9.01946,8.98216,9.00419,216.1443036317925,0
TAR,D,20160711,000000,9.19296,9.19296,9.01946,9.01946,134.64727111489537,0
TAR,D,20160712,000000,9.19296,9.19296,9.08805,9.08805,909.4596382321351,0
TAR,D,20160713,000000,9.20061,9.20061,9.20061,9.20061,159.45071579395284,0
TAR,D,20160714,000000,9.20061,9.20061,9.20061,9.20061,159.45071579395284,0
TAR,D,20160715,000000,9.20061,9.20061,9.04994,9.12527,1407.8907646399223,0
TAR,D,20160718,000000,9.20061,9.20061,9.04994,9.04994,1439.780907798652,0
TAR,D,20160719,000000,9.04229,9.04994,8.52922,9.04994,14660.016921735934,0
TAR,D,20160720,000000,9.04994,9.04994,9.04994,9.04994,18006.11972058341,0
TAR,D,20160721,000000,9.04994,9.41141,9.04994,9.34456,178386.37413179482,0
TAR,D,20160722,000000,9.42673,9.80345,9.42673,9.65356,56325.07951690286,0
TAR,D,20160725,000000,9.76623,9.8949,9.72892,9.72892,11463.915907377721,0
TAR,D,20160726,000000,9.80345,9.80345,9.50966,9.80345,11069.423025340613,0
TAR,D,20160727,000000,9.97789,9.97789,9.80345,9.80345,292.9168704955398,0
TAR,D,20160728,000000,9.80345,9.96943,9.80345,9.80345,5084.706159206938,0
TAR,D,20160729,000000,9.80345,9.80345,9.80345,9.80345,144.096202421195,0
TAR,D,20160801,000000,9.79675,9.79675,9.65356,9.65356,774.8123671172502,0
TAR,D,20160802,000000,9.79675,9.79675,9.5553,9.5553,491.34442792801,0
TAR,D,20160803,000000,9.72892,9.72892,9.72892,9.72892,1.1811164132885008,0
TAR,D,20160804,000000,9.72892,9.72892,9.57731,9.72892,70.86698479731005,0
TAR,D,20160805,000000,9.72892,9.72892,9.4351,9.65356,1448.0487226917378,0
TAR,D,20160808,000000,9.65356,9.65356,9.27683,9.65356,974.4210409630078,0
TAR,D,20160809,000000,9.61553,9.61553,9.61553,9.61553,1.1811164132885008,0
TAR,D,20160810,000000,9.65356,9.65356,9.57055,9.65356,4690.213277168572,0
TAR,D,20160811,000000,9.64517,9.64517,9.63078,9.63078,2.3622328265770016,0
TAR,D,20160812,000000,9.63754,9.72134,9.63754,9.72134,126227.09220455644,0
TAR,D,20160816,000000,9.3505,9.69081,9.3505,9.46481,1136.2339895834937,0
TAR,D,20160817,000000,9.65356,9.72892,9.46481,9.53929,127429.46871327654,0
TAR,D,20160818,000000,9.72892,9.72892,9.50287,9.57731,10004.056020553528,0
TAR,D,20160819,000000,9.50287,9.53929,9.46481,9.53929,43324.531155835844,0
TAR,D,20160822,000000,9.53929,9.53929,9.53929,9.53929,609.45606925686,0
TAR,D,20160823,000000,9.50287,9.50287,9.23872,9.50287,2389.3985040826446,0
TAR,D,20160824,000000,9.50287,9.50287,9.50287,9.50287,346.06710909352756,0
TAR,D,20160825,000000,9.50287,9.50287,9.50287,9.50287,1.1811164132885008,0
TAR,D,20160826,000000,9.50287,9.65356,9.42673,9.65356,1431.5130929056713,0
TAR,D,20160829,000000,9.69081,9.69081,9.61553,9.67557,1945.2987326861846,0
TAR,D,20160830,000000,9.72892,9.72892,9.69081,9.69081,53.150238597982536,0
TAR,D,20160831,000000,9.69081,9.69081,9.69081,9.69081,99.21377871623301,0
TAR,D,20160901,000000,9.69081,9.72892,9.69081,9.72892,133.46615470160793,0
TAR,D,20160902,000000,9.72892,9.72892,9.04994,9.42673,485.4388458615728,0
TAR,D,20160905,000000,9.72892,9.72892,9.40464,9.67557,998.0433692287779,0
TAR,D,20160906,000000,9.72892,9.72892,9.72892,9.72892,1.1811164132885008,0
TAR,D,20160907,000000,9.72892,9.72892,9.36656,9.49443,1105.524962838062,0
TAR,D,20160908,000000,9.50287,9.50287,9.04994,9.46481,3713.430003379042,0
TAR,D,20160909,000000,9.12527,9.3505,9.12527,9.34456,66368.11237909406,0
TAR,D,20160912,000000,9.17857,9.17857,8.82386,9.02701,13258.031739163447,0
TAR,D,20160913,000000,8.86874,9.04994,8.86874,9.04994,2922.0820064757154,0
TAR,D,20160914,000000,8.97372,8.97372,8.89839,8.94493,11839.510926803947,0
TAR,D,20160915,000000,9.04994,9.04994,8.90603,9.01262,8818.215141611836,0
TAR,D,20160916,000000,9.27683,9.72892,9.23872,9.72892,147911.2084361117,0
TAR,D,20160919,000000,9.72134,9.91764,9.71283,9.88722,4756.355796312838,0
TAR,D,20160920,000000,9.88722,9.99139,9.80345,9.99139,9824.526325733708,0
TAR,D,20160921,000000,10.1811,10.1811,10.0676,10.1353,877.5694950733529,0
TAR,D,20160922,000000,10.1438,10.2564,9.91764,10.2488,4249.656855012007,0
TAR,D,20160923,000000,10.242,10.242,9.84145,9.84145,264.5700765766304,0
TAR,D,20160926,000000,10.1057,10.1057,9.65356,9.84145,3085.076071509572,0
TAR,D,20160927,000000,9.61553,9.97789,9.61553,9.95495,134.64727111489537,0
TAR,D,20160928,000000,9.99139,10.1811,9.95495,9.95495,2442.548742680527,0
TAR,D,20160929,000000,9.65356,10.1811,9.65356,9.91764,1723.2488469878501,0
TAR,D,20160930,000000,9.91764,9.91764,9.91764,9.91764,100.39489512952152,0
TAR,D,20161003,000000,10.0676,10.0676,10.0676,10.0676,399.21734769150487,0
TAR,D,20161004,000000,10.0676,10.1743,9.78149,10.1353,12354.477682997865,0
TAR,D,20161005,000000,10.1438,10.1438,10.0676,10.1438,2222.8610898088937,0
TAR,D,20161006,000000,10.1438,10.1438,9.76623,10.1202,1557.8925491275022,0
TAR,D,20161007,000000,10.1353,10.1353,9.77372,9.77372,190.15974253944756,0
TAR,D,20161010,000000,9.77372,10.1353,9.77372,10.098,1526.002405968772,0
TAR,D,20161011,000000,10.1057,10.1057,10.0895,10.0895,1388.99290202726,0
TAR,D,20161012,000000,10.098,10.098,9.69081,9.80345,17820.68444369731,0
TAR,D,20161013,000000,9.95495,9.95495,9.95495,9.95495,134.64727111489537,0
TAR,D,20161014,000000,9.95495,9.95495,9.95495,9.95495,67.32363555744453,0
TAR,D,20161017,000000,9.95495,9.98547,9.77372,9.98547,2822.868227759527,0
TAR,D,20161018,000000,10.0303,10.0303,9.80345,9.95495,161.8129486205173,0
TAR,D,20161019,000000,9.95495,9.95495,9.66795,9.9397,2541.76252139682,0
TAR,D,20161020,000000,9.9397,9.9397,9.58589,9.93202,1146.8640373030703,0
TAR,D,20161021,000000,9.95495,9.95495,9.6832,9.94737,2247.664534488045,0
TAR,D,20161024,000000,9.87109,9.95495,9.87109,9.95495,901.1918233391228,0
TAR,D,20161025,000000,9.95495,9.95495,9.73572,9.80345,26632.99400324213,0
TAR,D,20161026,000000,9.80345,9.95495,9.73572,9.80345,61582.22867244919,0
TAR,D,20161027,000000,9.95495,9.95495,9.80345,9.80345,6837.482916527131,0
TAR,D,20161028,000000,9.91764,9.91764,9.42673,9.87974,4152.805309122415,0
TAR,D,20161031,000000,9.91764,9.91764,9.90928,9.90928,4365.406263514261,0
TAR,D,20161102,000000,9.87974,9.90928,9.72134,9.80345,870.4827965936176,0
TAR,D,20161103,000000,9.80345,9.80345,9.80345,9.80345,1.1811164132885008,0
TAR,D,20161104,000000,9.80345,9.80345,9.56293,9.61553,1430.331976492373,0
TAR,D,20161107,000000,9.72892,9.72892,9.35895,9.50287,1420.883045186095,0
TAR,D,20161108,000000,9.72134,9.72134,9.3505,9.3505,315.3580823480223,0
TAR,D,20161109,000000,9.34456,9.72892,9.3284,9.72892,478.352147381848,0
TAR,D,20161110,000000,9.65356,9.65356,9.65356,9.65356,1.1811164132885008,0
TAR,D,20161114,000000,9.5553,9.5553,9.20824,9.38941,11987.15047846514,0
TAR,D,20161115,000000,9.38095,9.38095,9.19296,9.20061,5710.697858249917,0
TAR,D,20161116,000000,9.19296,9.19296,9.04994,9.19296,1611.04278772549,0
TAR,D,20161117,000000,9.19296,9.19296,9.1625,9.1625,2084.670469454188,0
TAR,D,20161118,000000,9.20061,9.20061,9.20061,9.20061,100.39489512952152,0
TAR,D,20161121,000000,9.5553,9.5553,9.17857,9.50287,5116.596302365773,0
TAR,D,20161122,000000,9.52489,9.52489,9.42673,9.42673,56.69358783784803,0
TAR,D,20161123,000000,9.50287,9.50287,9.42673,9.42673,2.3622328265770016,0
TAR,D,20161124,000000,9.15574,9.53252,9.15574,9.34456,1413.796346706307,0
TAR,D,20161125,000000,9.3505,9.3505,9.17013,9.27683,3013.027970299027,0
TAR,D,20161128,000000,9.53252,9.53252,9.1625,9.50287,2319.71263569859,0
TAR,D,20161129,000000,9.50287,9.50287,9.50287,9.50287,600.00713795055,0
TAR,D,20161130,000000,9.53252,9.53252,9.49443,9.49443,177.1674619932751,0
TAR,D,20161201,000000,9.49443,9.52489,9.31401,9.41995,935.4441993244905,0
TAR,D,20161202,000000,9.52489,9.52489,9.42673,9.46481,29.527910332212517,0
TAR,D,20161205,000000,9.50287,9.50287,9.20061,9.28278,2017.3468338967298,0
TAR,D,20161206,000000,9.49443,9.49443,9.42673,9.42673,347.2482255068255,0
TAR,D,20161207,000000,9.4572,9.4572,9.40464,9.40464,2521.683542370965,0
TAR,D,20161208,000000,9.42673,9.42673,9.19296,9.19296,7266.228174550823,0
TAR,D,20161209,000000,9.21589,9.4572,9.18541,9.42673,1640.5706980577286,0
TAR,D,20161212,000000,9.44875,9.44875,9.14046,9.38941,657.8818422016876,0
TAR,D,20161213,000000,9.29126,9.42673,9.28278,9.28278,6039.048221144122,0
TAR,D,20161214,000000,9.3505,9.42673,9.20061,9.42673,3490.1990012674096,0
TAR,D,20161215,000000,9.42673,9.42673,9.23872,9.23872,86458.90256913155,0
TAR,D,20161216,000000,9.20061,9.41995,9.20061,9.41995,3.5433492398655018,0
TAR,D,20161219,000000,9.41995,9.41995,9.20061,9.3505,302.36580180184984,0
TAR,D,20161220,000000,9.3505,9.41995,9.1625,9.41995,1576.7904117401642,0
TAR,D,20161221,000000,9.41995,9.41995,9.41995,9.41995,133.46615470160793,0
TAR,D,20161222,000000,9.38941,9.38941,9.20061,9.27683,205.5142559122054,0
TAR,D,20161223,000000,9.27683,9.27683,9.23872,9.27683,1353.5594096286366,0
TAR,D,20161227,000000,9.38941,9.38941,9.08805,9.08805,1093.7137987051874,0
TAR,D,20161228,000000,9.38095,9.38095,9.04994,9.27683,8598.527488740201,0
TAR,D,20161229,000000,9.38941,9.38941,9.27683,9.31401,1130.3284075170038,0
TAR,D,20161230,000000,9.38941,9.38941,9.3284,9.3284,1445.6864898651418,0
TAR,D,20170102,000000,9.5553,9.5553,9.5553,9.5553,1.1811164132885008,0
TAR,D,20170103,000000,9.3505,9.41995,9.20824,9.41995,546.8568993525727,0
TAR,D,20170104,000000,9.41995,9.41995,9.3505,9.3505,346.06710909352756,0
TAR,D,20170105,000000,9.34456,9.34456,9.20061,9.29887,3022.476901605201,0
TAR,D,20170109,000000,9.29887,9.29887,9.1625,9.29887,359.0593896397105,0
TAR,D,20170110,000000,9.29126,9.29126,9.17857,9.20061,8212.302421594923,0
TAR,D,20170111,000000,9.29887,10.1285,9.10243,9.72892,38132.34340301774,0
TAR,D,20170112,000000,9.72892,9.87109,9.29126,9.42673,21255.370973540033,0
TAR,D,20170113,000000,9.42673,10.0761,9.11088,9.38941,10500.12491413478,0
TAR,D,20170116,000000,9.14046,9.41141,9.07188,9.14046,7469.380197636496,0
TAR,D,20170117,000000,9.14046,9.24636,8.9898,9.18541,7736.312507039732,0
TAR,D,20170118,000000,9.18541,9.23872,9.17857,9.20061,1484.6633315035542,0
TAR,D,20170119,000000,9.23027,9.35895,9.21589,9.35895,1387.8117856139622,0
TAR,D,20170120,000000,9.17857,9.36656,9.12527,9.20061,2734.2844967629158,0
TAR,D,20170123,000000,9.20824,9.30639,9.1625,9.30639,1290.9602397242652,0
TAR,D,20170124,000000,9.30639,9.38941,9.24636,9.38941,10528.471708053723,0
TAR,D,20170125,000000,9.38941,9.53929,9.17857,9.33694,22288.847835167337,0
TAR,D,20170126,000000,9.33694,9.33694,9.1625,9.21589,8719.001362895648,0
TAR,D,20170127,000000,9.23872,9.37418,9.14046,9.20061,5029.193687782355,0
TAR,D,20170130,000000,9.20061,9.23872,9.08805,9.11088,14851.357780690621,0
TAR,D,20170131,000000,9.11088,9.26076,9.09481,9.24636,5162.659842483973,0
TAR,D,20170201,000000,9.12527,9.23027,9.08041,9.23027,15141.91241835793,0
TAR,D,20170202,000000,9.26838,9.26838,9.11763,9.26076,14317.493161882678,0
TAR,D,20170203,000000,9.25311,9.25311,9.11088,9.11763,13338.347655267287,0
TAR,D,20170206,000000,9.20061,9.20061,9.08041,9.19296,9871.770982265209,0
TAR,D,20170207,000000,9.20061,9.20061,9.12527,9.12527,3655.5552991278623,0
TAR,D,20170208,000000,9.20061,9.26838,9.12527,9.26838,857.4905160474452,0
TAR,D,20170209,000000,9.3284,9.3284,9.11088,9.12527,24446.74752224631,0
TAR,D,20170210,000000,9.20061,9.20061,9.10243,9.10243,1660.6496770835838,0
TAR,D,20170213,000000,9.32171,9.32171,9.11088,9.11088,3054.367044764035,0
TAR,D,20170214,000000,9.11088,9.18541,9.11088,9.14046,2838.2227411322956,0
TAR,D,20170215,000000,9.11088,9.11763,8.409,8.92886,14840.727732970101,0
TAR,D,20170216,000000,8.93649,9.03466,8.93649,8.97372,7307.567249015937,0
TAR,D,20170217,000000,8.96013,8.97372,8.93649,8.97372,888.1995427929505,0
TAR,D,20170220,000000,9.1625,9.3505,9.1625,9.27683,10170.593434827279,0
TAR,D,20170221,000000,9.27683,9.50287,9.27683,9.42673,12261.169486348586,0
TAR,D,20170222,000000,9.46481,9.50287,9.23027,9.41141,21439.625134011574,0
TAR,D,20170223,000000,9.23872,9.29126,9.18541,9.26838,7922.928900339233,0
TAR,D,20170224,000000,9.26838,9.30639,9.12527,9.30639,3132.32072804107,0
TAR,D,20170227,000000,9.04994,9.29887,9.03466,9.12527,5518.175882883821,0
TAR,D,20170228,000000,9.28278,9.28278,9.1625,9.19296,237.4043990709876,0
TAR,D,20170301,000000,9.24636,9.31401,9.12527,9.31401,677.9608212275951,0
TAR,D,20170302,000000,9.27683,9.27683,9.12527,9.20061,5394.158659488481,0
TAR,D,20170303,000000,9.20061,9.20061,9.12527,9.12527,7393.788747185951,0
TAR,D,20170306,000000,9.20061,9.20061,9.04994,9.20061,2470.895536599573,0
TAR,D,20170307,000000,9.27683,9.27683,9.10243,9.26838,4341.783935248512,0
TAR,D,20170308,000000,9.31401,9.3505,9.26076,9.3505,2870.112884291025,0
TAR,D,20170309,000000,9.3505,9.3505,9.04994,9.23872,15718.297228043757,0
TAR,D,20170310,000000,9.30639,9.30639,9.04994,9.04994,14671.828085868914,0
TAR,D,20170313,000000,9.04994,9.26076,8.86196,8.90603,17395.482534913197,0
TAR,D,20170314,000000,8.93649,9.25311,8.86196,9.20061,16587.59890822391,0
TAR,D,20170315,000000,9.14046,9.20061,9.01946,9.13292,8891.444359235784,0
TAR,D,20170316,000000,8.93649,9.04994,8.87634,9.04229,15797.43202773409,0
TAR,D,20170317,000000,9.18541,9.18541,9.04994,9.04994,2263.0190478608133,0
TAR,D,20170320,000000,8.97372,9.04994,8.89839,8.89839,3126.4151459746854,0
TAR,D,20170321,000000,9.11763,9.11763,8.86196,8.86874,3980.362312782174,0
TAR,D,20170322,000000,8.97372,9.04994,8.7485,9.04994,1037.0202108672952,0
TAR,D,20170323,000000,9.04994,9.04994,8.89839,8.89839,712.2131972129628,0
TAR,D,20170324,000000,9.01262,9.01262,8.77051,8.92122,369.68943735929764,0
TAR,D,20170327,000000,8.7485,8.75529,8.61218,8.61218,12415.895736487679,0
TAR,D,20170328,000000,8.85349,8.85349,8.61981,8.67231,6718.190158784984,0
TAR,D,20170329,000000,8.80777,8.94493,8.7485,8.89155,2229.947788288681,0
TAR,D,20170330,000000,8.7485,8.7485,8.65029,8.67231,3732.3278659915995,0
TAR,D,20170331,000000,8.68078,8.78576,8.52159,8.68078,6571.731723537193,0
TAR,D,20170403,000000,8.68078,8.68078,8.37851,8.5978,9441.844607828218,0
TAR,D,20170404,000000,8.65029,8.78576,8.5978,8.78576,2368.1384086433864,0
TAR,D,20170405,000000,8.83146,8.95169,8.83146,8.95169,1256.7078637389395,0
TAR,D,20170406,000000,8.86196,8.86874,8.86196,8.86874,5241.794642174411,0
TAR,D,20170407,000000,8.96697,9.15574,8.65792,9.14811,8684.748986910323,0
TAR,D,20170410,000000,8.97372,8.97372,8.92122,8.92122,5012.658057996392,0
TAR,D,20170411,000000,9.12527,9.12527,9.08805,9.11088,530.3212695665378,0
TAR,D,20170412,000000,9.08805,9.08805,8.82386,8.82386,811.4269759291926,0
TAR,D,20170413,000000,8.86196,8.93649,8.83826,8.93649,1941.7553834462913,0
TAR,D,20170418,000000,9.01262,9.01262,8.88399,8.92886,1024.0279303211228,0
TAR,D,20170419,000000,8.83146,8.89155,8.83146,8.86196,2838.2227411322956,0
TAR,D,20170420,000000,8.78576,8.82386,8.67231,8.67231,7626.468680603758,0
TAR,D,20170421,000000,8.85349,8.85349,8.67231,8.84671,1559.0736655407998,0
TAR,D,20170424,000000,8.85349,8.85349,8.67231,8.67231,1159.8563178492425,0
TAR,D,20170425,000000,8.63589,8.67231,8.63589,8.67231,3022.476901605201,0
TAR,D,20170426,000000,8.74003,8.74003,8.60542,8.66552,8296.161686938447,0
TAR,D,20170427,000000,8.66552,8.86196,8.66552,8.86196,942.5308978042151,0
TAR,D,20170428,000000,8.82386,8.89155,8.64182,8.88399,7181.187792794,0
TAR,D,20170502,000000,8.93649,8.93649,8.67231,8.87634,7363.07972044052,0
TAR,D,20170504,000000,8.88399,8.88399,8.7485,8.88399,3596.49947846349,0
TAR,D,20170505,000000,8.88399,8.93649,8.88399,8.92886,1169.3052491556261,0
TAR,D,20170508,000000,8.92886,9.3284,8.87634,8.89839,25770.779021541977,0
TAR,D,20170509,000000,8.89839,8.96697,8.89839,8.96013,4283.909230997437,0
TAR,D,20170510,000000,8.97372,8.98216,8.96013,8.96013,9601.29532362218,0
TAR,D,20170511,000000,8.97372,8.97372,8.96697,8.97372,4133.907446509753,0
TAR,D,20170512,000000,8.97372,9.11088,8.96697,8.97372,9091.053033081562,0
TAR,D,20170515,000000,8.89839,9.12527,8.89839,8.97372,10128.073243948762,0
TAR,D,20170516,000000,8.97372,8.97372,8.89839,8.89839,9301.291754646812,0
TAR,D,20170517,000000,9.04229,9.04229,8.97372,8.97372,2840.5849739587866,0
TAR,D,20170518,000000,9.04229,9.04229,8.92122,8.97372,3318.9371213406766,0
TAR,D,20170519,000000,9.04229,9.04229,8.97372,8.97372,6798.506074888509,0
TAR,D,20170522,000000,8.89839,8.98216,8.89839,8.98216,793.7102297298704,0
TAR,D,20170523,000000,9.04229,9.17013,8.97372,9.04994,2994.130107686365,0
TAR,D,20170524,000000,9.04994,9.04994,9.04994,9.04994,3805.5570836155475,0
TAR,D,20170525,000000,9.15485,9.15485,8.97452,9.04994,14173.396959462008,0
TAR,D,20170526,000000,9.27593,9.27593,9.04994,9.12527,13237.952760138012,0
TAR,D,20170529,000000,9.13292,9.13292,9.01183,9.06433,24939.27306658673,0
TAR,D,20170530,000000,9.05669,9.05669,8.85772,8.92886,11791.085153858523,0
TAR,D,20170531,000000,8.85772,8.96102,8.85772,8.95337,1748.0522916670022,0
TAR,D,20170601,000000,8.86534,9.16001,8.6105,8.75442,2220.498856982297,0
TAR,D,20170602,000000,8.69008,9.04062,8.61811,8.76967,3445.316577562507,0
TAR,D,20170605,000000,8.76967,8.85772,8.52245,8.74596,4972.500099944577,0
TAR,D,20170606,000000,8.74596,8.76967,8.74596,8.76967,561.0302963120431,0
TAR,D,20170607,000000,8.73072,8.92886,8.6105,8.92886,1262.6134458053243,0
TAR,D,20170608,000000,8.92886,8.92886,8.75442,8.75442,779.5368327704105,0
TAR,D,20170609,000000,8.76967,8.76967,8.76967,8.76967,125.19833980857479,0
TAR,D,20170612,000000,8.88986,8.88986,8.69008,8.76967,674.4174719877328,0
TAR,D,20170613,000000,8.88986,8.88986,8.8738,8.88143,57.87470425113653,0
TAR,D,20170614,000000,8.69008,8.76967,8.47504,8.76967,10306.421822355389,0
TAR,D,20170616,000000,8.76967,8.81793,8.76967,8.81793,1733.8788947074265,0
TAR,D,20170619,000000,8.76967,8.76967,8.76205,8.76967,783.0801820102729,0
TAR,D,20170620,000000,8.69855,8.76967,8.69855,8.76967,627.1728154561929,0
TAR,D,20170621,000000,8.76967,8.80946,8.76967,8.80946,294.0979869088377,0
TAR,D,20170622,000000,8.73749,8.73749,8.73072,8.73072,337.7992942005049,0
TAR,D,20170623,000000,8.76967,8.76967,8.69855,8.76967,1393.7173676804518,0
TAR,D,20170626,000000,8.69855,8.70616,8.69008,8.69008,3307.1259572078015,0
TAR,D,20170627,000000,8.69008,8.69008,8.37936,8.57832,1014.5789990148127,0
TAR,D,20170628,000000,8.53938,8.54614,8.45894,8.5309,2023.2524159632196,0
TAR,D,20170629,000000,8.57832,8.57832,8.57832,8.57832,439.37530574332015,0
TAR,D,20170630,000000,8.67399,8.67399,8.58679,8.58679,518.5101054336529,0
TAR,D,20170703,000000,8.58679,8.58679,8.5309,8.5707,550.4002485924351,0
TAR,D,20170704,000000,8.45894,8.45894,8.45894,8.45894,250.39667961716006,0
TAR,D,20170705,000000,8.45894,8.45894,8.45048,8.45048,466.540983248963,0
TAR,D,20170706,000000,8.45048,8.71379,8.21173,8.70616,2527.5891244374543,0
TAR,D,20170707,000000,8.70616,8.70616,8.70616,8.70616,4.724465653154003,0
TAR,D,20170710,000000,8.69855,8.73072,8.69008,8.73072,1024.0279303211228,0
TAR,D,20170711,000000,8.39545,8.67399,8.39545,8.67399,564.5736455518949,0
TAR,D,20170712,000000,8.37936,8.45048,8.37174,8.45048,1112.6116613178494,0
TAR,D,20170713,000000,8.59441,8.59441,8.5309,8.5309,503.155592060895,0
TAR,D,20170714,000000,8.5309,8.58679,8.5309,8.5707,698.0398002535029,0
TAR,D,20170717,000000,8.5707,8.5707,8.45894,8.45894,353.15380757326284,0
TAR,D,20170718,000000,8.45894,8.5707,8.45894,8.5707,429.92637443702057,0
TAR,D,20170719,000000,8.58679,8.58679,8.45048,8.5707,6842.207382180219,0
TAR,D,20170721,000000,8.37936,8.56309,8.37936,8.37936,1254.3456309123437,0
TAR,D,20170724,000000,8.37936,8.5309,8.37936,8.5309,203.15202308562002,0
TAR,D,20170725,000000,8.37174,8.49111,8.21173,8.49111,3581.1449650907216,0
TAR,D,20170726,000000,8.22781,8.2913,8.22781,8.2913,451.18646987620514,0
TAR,D,20170727,000000,8.41153,8.47504,8.41153,8.46742,846.8604683278477,0
TAR,D,20170728,000000,8.49111,8.56309,8.49111,8.56309,685.0475197073305,0
TAR,D,20170731,000000,8.5707,8.58679,8.5309,8.5309,1070.0914704393333,0
TAR,D,20170801,000000,8.5309,8.5309,8.37936,8.5309,946.0742470440881,0
TAR,D,20170802,000000,8.39545,8.45048,8.39545,8.45048,1194.1086938346732,0
TAR,D,20170803,000000,8.5072,8.5072,8.5072,8.5072,1.1811164132885008,0
TAR,D,20170804,000000,8.49111,8.5309,8.49111,8.5309,2136.639591638878,0
TAR,D,20170807,000000,8.6105,8.6105,8.6105,8.6105,150.00178448763225,0
TAR,D,20170808,000000,8.67399,8.67399,8.67399,8.67399,250.39667961716006,0
TAR,D,20170809,000000,8.67399,8.67399,8.67399,8.67399,1.1811164132885008,0
TAR,D,20170810,000000,8.71379,8.71379,8.5309,8.66638,1412.615230293009,0
TAR,D,20170811,000000,8.5309,8.71379,8.5309,8.69008,3428.780947776546,0
TAR,D,20170814,000000,8.5309,8.71379,8.5309,8.71379,974.4210409630078,0
TAR,D,20170816,000000,8.71379,8.71379,8.60288,8.6105,7021.737077000143,0
TAR,D,20170817,000000,8.5309,8.5309,8.45048,8.45048,823.2381400620777,0
TAR,D,20170818,000000,8.5309,8.5309,8.45048,8.45048,1103.162730011466,0
TAR,D,20170821,000000,8.45048,8.52245,8.2439,8.2439,5113.052953125879,0
TAR,D,20170822,000000,8.6105,8.6105,8.29978,8.29978,1516.5534746623887,0
TAR,D,20170823,000000,8.5707,8.5707,8.5707,8.5707,420.47744313069995,0
TAR,D,20170824,000000,8.56309,8.56309,8.37936,8.49111,589.3770902309524,0
TAR,D,20170825,000000,8.41153,8.45048,8.3311,8.37174,1342.92936190906,0
TAR,D,20170828,000000,8.29978,8.49111,8.25236,8.49111,1846.084953969892,0
TAR,D,20170829,000000,8.25236,8.25236,8.17192,8.21173,8633.96098113893,0
TAR,D,20170830,000000,8.3311,8.3311,8.3311,8.3311,125.19833980857479,0
TAR,D,20170831,000000,8.25236,8.34804,8.25236,8.34804,232.6799334178273,0
TAR,D,20170901,000000,8.3311,8.3311,8.25236,8.3311,663.7874242681352,0
TAR,D,20170904,000000,8.3311,8.3311,7.89313,7.97229,5592.586216921067,0
TAR,D,20170905,000000,7.97229,7.97229,7.8132,7.8132,7805.998375423682,0
TAR,D,20170906,000000,7.85265,7.89313,7.85265,7.89313,1070.0914704393333,0
TAR,D,20170907,000000,7.89313,7.89313,7.8132,7.89313,1580.333760980058,0
TAR,D,20170908,000000,7.86917,7.89313,7.86917,7.89313,571.6603440316301,0
TAR,D,20170911,000000,7.8132,7.89313,7.8132,7.89313,520.8723382602277,0
TAR,D,20170912,000000,7.89313,7.89313,7.89313,7.89313,62.59916990429054,0
TAR,D,20170913,000000,7.89313,7.89313,7.89313,7.89313,164.17518144710266,0
TAR,D,20170914,000000,7.8132,7.8132,7.70153,7.8132,2479.163351492554,0
TAR,D,20170915,000000,7.80524,7.85265,7.77333,7.85265,1132.6906403435996,0
TAR,D,20170918,000000,7.85265,7.85265,7.77333,7.85265,765.36343581094,0
TAR,D,20170919,000000,7.85265,7.85265,7.70153,7.70956,1019.3034646679729,0
TAR,D,20170920,000000,7.70956,7.76536,7.65377,7.76536,1925.2197536603294,0
TAR,D,20170921,000000,7.8453,7.8453,7.61381,7.65377,2794.5214338405863,0
TAR,D,20170922,000000,7.61381,7.61381,7.53415,7.60595,6111.096322354668,0
TAR,D,20170925,000000,7.8453,7.8453,7.5979,7.7574,4537.849259854396,0
TAR,D,20170926,000000,7.66174,7.66174,7.60595,7.65377,10164.687852760791,0
TAR,D,20170927,000000,7.69365,7.69365,7.57402,7.68561,2734.2844967629158,0
TAR,D,20170928,000000,7.65377,7.65377,7.57402,7.65377,5548.884909629358,0
TAR,D,20170929,000000,7.56598,7.79719,7.55811,7.79719,7464.655731983304,0
TAR,D,20171002,000000,7.78924,7.78924,7.48631,7.48631,2652.7874642459874,0
TAR,D,20171003,000000,7.54218,7.54218,7.49436,7.49436,1000.4056020553527,0
TAR,D,20171004,000000,7.57402,7.57402,7.49436,7.49436,830.3248385418128,0
TAR,D,20171005,000000,7.57402,7.57402,7.56598,7.56598,375.59501942573485,0
TAR,D,20171006,000000,7.5979,7.5979,7.57402,7.57402,257.4833780968848,0
TAR,D,20171009,000000,7.57402,7.57402,7.57402,7.57402,31.89014315878952,0
TAR,D,20171010,000000,7.64581,7.64581,7.42256,7.42256,2131.9151259856862,0
TAR,D,20171011,000000,7.65377,7.65377,7.65377,7.65377,3425.237598536652,0
TAR,D,20171012,000000,7.78924,7.79719,7.78924,7.79719,1953.5665475791654,0
TAR,D,20171013,000000,7.78924,7.78924,7.78924,7.78924,711.0320807996753,0
TAR,D,20171016,000000,7.8453,7.8453,7.82921,7.82921,75.59145045046405,0
TAR,D,20171017,000000,7.8132,7.8132,7.8132,7.8132,62.59916990429054,0
TAR,D,20171018,000000,7.8132,7.8132,7.8132,7.8132,1877.9750971287267,0
TAR,D,20171019,000000,7.68561,7.68561,7.68561,7.68561,2507.5101454114942,0
TAR,D,20171020,000000,7.68561,7.68561,7.68561,7.68561,125.19833980857479,0
TAR,D,20171023,000000,7.73345,7.73345,7.73345,7.73345,125.19833980857479,0
TAR,D,20171024,000000,7.61381,7.61381,7.57402,7.57402,47870.648230581646,0
TAR,D,20171025,000000,7.57402,7.57402,7.57402,7.57402,475.98991455526266,0
TAR,D,20171026,000000,7.57402,7.57402,7.57402,7.57402,11.81116413288501,0
TAR,D,20171027,000000,7.57402,7.57402,7.42256,7.42256,288.1924048424005,0
TAR,D,20171030,000000,7.57402,7.57402,7.57402,7.57402,5026.831454955758,0
TAR,D,20171031,000000,7.70153,7.74148,7.70153,7.74148,721.6621285192729,0
TAR,D,20171102,000000,7.77333,7.77333,7.77333,7.77333,62.59916990429054,0
TAR,D,20171103,000000,7.72549,7.72549,7.72549,7.72549,28.346793918924014,0
TAR,D,20171106,000000,7.71753,7.71753,7.71753,7.71753,225.59323493810257,0
TAR,D,20171107,000000,7.72549,7.72549,7.72549,7.72549,1399.6229497468366,0
TAR,D,20171108,000000,7.72549,7.72549,7.65377,7.65377,2637.432950873219,0
TAR,D,20171109,000000,7.57402,7.57402,7.57402,7.57402,1165.7618999157323,0
TAR,D,20171110,000000,7.65377,7.65377,7.65377,7.65377,87.40261458334905,0
TAR,D,20171113,000000,8.49873,8.69008,8.49873,8.69008,19539.20882503113,0
TAR,D,20171114,000000,8.8501,9.16845,8.8501,9.16845,11091.864237193064,0
TAR,D,20171115,000000,9.17689,9.40807,9.17689,9.40807,24219.97317089374,0
TAR,D,20171116,000000,9.24885,9.26413,9.24885,9.26413,614.1805349100204,0
TAR,D,20171117,000000,8.77813,8.77813,8.77813,8.77813,1067.7292376128423,0
TAR,D,20171120,000000,8.76967,8.76967,8.69008,8.69008,1822.462625704143,0
TAR,D,20171121,000000,8.69008,8.69008,8.69008,8.69008,14612.772265205065,0
TAR,D,20171122,000000,8.69008,8.69008,8.69008,8.69008,11696.595840795737,0
TAR,D,20171123,000000,8.65029,8.65029,8.65029,8.65029,250.39667961716006,0
TAR,D,20171124,000000,8.5309,8.5309,8.3311,8.3311,2451.9976739869107,0
TAR,D,20171127,000000,8.37174,8.6105,8.37174,8.6105,18938.02057066793,0
TAR,D,20171128,000000,8.37174,8.37174,8.2913,8.2913,9652.083329393572,0
TAR,D,20171129,000000,8.13214,8.36327,8.13214,8.36327,11805.258550819566,0
TAR,D,20171130,000000,8.37174,8.37174,8.37174,8.37174,124.01722339529782,0
TAR,D,20171201,000000,8.37174,8.37174,8.37174,8.37174,250.39667961716006,0
TAR,D,20171204,000000,8.55462,8.55462,8.37174,8.37174,1041.7446765204554,0
TAR,D,20171205,000000,8.2913,8.2913,8.2913,8.2913,1718.5243813346585,0
TAR,D,20171206,000000,8.37174,8.37174,8.3311,8.3311,253.9400288570329,0
TAR,D,20171207,000000,8.3311,8.3311,8.31586,8.31586,490.1633115147331,0
TAR,D,20171208,000000,8.2913,8.37174,8.2913,8.37174,2571.290431729059,0
TAR,D,20171211,000000,8.37174,8.37174,8.37174,8.37174,131967.3179731341,0
TAR,D,20171212,000000,8.64182,8.69008,8.64182,8.69008,1442.1431406252477,0
TAR,D,20171213,000000,9.16845,9.16845,9.16845,9.16845,33674.81005926928,0
TAR,D,20171214,000000,9.16845,9.23197,9.16845,9.23197,20291.57998029604,0
TAR,D,20171215,000000,9.17689,9.18453,9.17689,9.18453,18695.8917059429,0
TAR,D,20171218,000000,9.16845,9.16845,9.16845,9.16845,7676.075569961957,0
TAR,D,20171219,000000,9.20061,9.22432,9.20061,9.22432,15693.49378336429,0
TAR,D,20171220,000000,9.24885,9.33611,9.24885,9.33611,16584.055558983386,0
TAR,D,20171221,000000,9.40807,9.40807,9.40807,9.40807,9296.567288993725,0
TAR,D,20171222,000000,9.41569,9.48765,9.41569,9.48765,5574.869470721703,0
TAR,D,20171227,000000,9.56721,9.56721,9.56721,9.56721,15284.827504366142,0
TAR,D,20171228,000000,9.64679,9.64679,9.64679,9.64679,6277.633736628313,0
TAR,D,20171229,000000,9.64679,9.72727,9.64679,9.72727,20695.521793640164,0
TAR,D,20180103,000000,9.76623,9.76623,9.56721,9.56721,237.4043990709876,0
TAR,D,20180104,000000,9.56721,9.72727,9.40807,9.56721,33850.79640484837,0
TAR,D,20180105,000000,9.64679,9.8466,9.64679,9.8466,19052.588862757202,0
TAR,D,20180108,000000,9.96603,9.96603,9.8466,9.96603,5417.780987754334,0
TAR,D,20180109,000000,9.96603,9.96603,9.56721,9.96603,2199.2387615431444,0
TAR,D,20180110,000000,9.96603,10.0058,9.96603,10.0058,2721.292216216743,0
TAR,D,20180111,000000,9.64679,10.0862,9.64679,10.0862,9320.189617259475,0
TAR,D,20180112,000000,10.0456,10.3241,9.96603,10.1251,15268.29187458018,0
TAR,D,20180115,000000,10.165,10.2454,10.165,10.165,468.90321607552744,0
TAR,D,20180116,000000,10.3241,10.6831,10.3241,10.5239,23893.985040826443,0
TAR,D,20180117,000000,10.3647,10.5637,10.3647,10.5637,6543.3849296182525,0
TAR,D,20180118,000000,10.5637,10.5637,10.4435,10.5637,1794.115831785202,0
TAR,D,20180119,000000,10.4841,10.5637,10.4841,10.5637,2925.625355715609,0
TAR,D,20180122,000000,10.6035,10.6035,10.5239,10.5239,1314.582567990119,0
TAR,D,20180123,000000,10.4435,10.5239,10.2047,10.5239,8606.795303633286,0
TAR,D,20180124,000000,10.4841,10.4841,10.2454,10.4435,9197.353510277537,0
TAR,D,20180125,000000,10.4435,10.4435,10.4435,10.4435,125.19833980857479,0
TAR,D,20180126,000000,10.2454,10.4435,10.2454,10.4046,7523.711552647676,0
TAR,D,20180130,000000,10.3241,10.4046,10.2454,10.3647,10335.949732687626,0
TAR,D,20180131,000000,10.2843,10.2843,9.88634,10.2454,14727.340557293288,0
TAR,D,20180201,000000,9.92522,10.1251,9.88634,10.1251,11452.10474324474,0
TAR,D,20180202,000000,9.96603,10.1251,9.96603,10.1251,519.6912218469404,0
TAR,D,20180205,000000,9.8466,10.3241,9.8466,10.3241,1881.5184463685157,0
TAR,D,20180206,000000,9.96603,10.2454,9.72727,10.2454,15547.035348116604,0
TAR,D,20180207,000000,10.2454,10.3241,10.2047,10.3241,4470.525624296939,0
TAR,D,20180208,000000,10.3647,10.3647,10.2047,10.2047,2890.1918633169853,0
TAR,D,20180209,000000,10.2047,10.2454,10.2047,10.2454,1156.312968609454,0
TAR,D,20180212,000000,10.2454,10.2454,10.0058,10.165,670.8741227478599,0
TAR,D,20180213,000000,10.0456,10.2454,10.0456,10.2454,412.2096282376878,0
TAR,D,20180214,000000,10.0058,10.0058,9.96603,9.96603,15278.921922299649,0
TAR,D,20180215,000000,9.96603,10.0058,9.92522,9.96603,7309.929481842428,0
TAR,D,20180216,000000,9.96603,10.0456,9.96603,10.0456,13966.701587136966,0
TAR,D,20180219,000000,10.0058,10.4046,10.0058,10.3647,29207.827784210665,0
TAR,D,20180220,000000,10.5637,10.6433,10.4841,10.6035,14593.87440259209,0
TAR,D,20180221,000000,10.6035,10.6831,10.6035,10.6433,6107.5529731147735,0
TAR,D,20180222,000000,10.6433,11.1217,10.6433,11.1217,523875.9172992168,0
TAR,D,20180223,000000,11.0827,11.1217,11.0421,11.1217,4068.9460437788903,0
TAR,D,20180226,000000,11.0421,11.0827,11.0022,11.0827,36952.4081061438,0
TAR,D,20180227,000000,11.0022,11.0022,10.8025,10.9625,7089.060712557495,0
TAR,D,20180228,000000,10.8432,11.0827,10.6035,11.0827,30465.716764363533,0
TAR,D,20180301,000000,11.0827,11.0827,10.6831,11.0827,27932.222057859377,0
TAR,D,20180302,000000,11.0421,11.0421,10.6831,11.0421,12746.608332209005,0
TAR,D,20180305,000000,10.8432,11.0827,10.8432,11.0421,6140.624232686906,0
TAR,D,20180306,000000,11.0421,11.1217,11.0421,11.0421,4409.107570805971,0
TAR,D,20180307,000000,10.8432,11.0421,10.8432,11.0421,3746.50126295107,0
TAR,D,20180308,000000,11.0827,11.0827,11.0827,11.0827,25.984561092347015,0
TAR,D,20180309,000000,11.0827,11.1217,11.0022,11.1217,4052.410413992824,0
TAR,D,20180312,000000,11.1217,11.1217,11.0827,11.1217,1813.0136943978644,0
TAR,D,20180313,000000,11.0827,11.3207,10.9226,10.9226,9675.70565765932,0
TAR,D,20180314,000000,11.2809,11.2809,11.2809,11.2809,213.7820708052176,0
TAR,D,20180315,000000,11.242,11.242,11.242,11.242,83.85926534348356,0
TAR,D,20180316,000000,11.242,11.242,11.242,11.242,125.19833980857479,0
TAR,D,20180319,000000,11.0022,11.1615,10.5239,11.0827,12668.654648932179,0
TAR,D,20180320,000000,11.0421,11.1217,10.9226,11.1217,2289.003608953158,0
TAR,D,20180321,000000,11.0827,11.0827,11.0827,11.0827,1295.684705377457,0
TAR,D,20180322,000000,11.0827,11.0827,11.0827,11.0827,1340.5671290824641,0
TAR,D,20180323,000000,11.0827,11.0827,11.0827,11.0827,3793.745919482673,0
TAR,D,20180326,000000,11.1217,11.1217,11.1217,11.1217,2.3622328265770016,0
TAR,D,20180328,000000,11.0827,11.1217,11.0022,11.1217,6548.109395271444,0
TAR,D,20180329,000000,11.1217,11.1217,11.1217,11.1217,3.5433492398655018,0
TAR,D,20180403,000000,11.0827,11.0827,11.0827,11.0827,72.04810121059855,0
TAR,D,20180404,000000,10.7627,10.7627,10.7627,10.7627,250.39667961716006,0
TAR,D,20180405,000000,10.9226,11.0022,10.6035,11.0022,3266.9679991559865,0
TAR,D,20180406,000000,11.0022,11.0827,10.4435,11.0827,11188.715783082867,0
TAR,D,20180409,000000,11.0022,11.0827,11.0022,11.0421,4327.610538289042,0
TAR,D,20180410,000000,11.0421,11.1217,11.0421,11.0827,634.2595139359175,0
TAR,D,20180411,000000,11.0827,11.1217,11.0022,11.0022,2052.7803262954585,0
TAR,D,20180412,000000,11.1217,11.1217,11.1217,11.1217,30.70902674550102,0
TAR,D,20180413,000000,10.8829,10.8829,10.7627,10.7627,1066.5481211995445,0
TAR,D,20180416,000000,10.7627,11.1217,10.7627,10.9625,13404.490174410084,0
TAR,D,20180417,000000,11.1217,11.1217,11.1217,11.1217,2353.9650116839157,0
TAR,D,20180418,000000,11.1615,11.1615,11.1217,11.1217,603.5504871904227,0
TAR,D,20180419,000000,11.0421,11.1615,10.9226,10.9226,10980.83929434327,0
TAR,D,20180420,000000,11.2021,11.2021,11.2021,11.2021,1.1811164132885008,0
TAR,D,20180424,000000,11.0022,11.0022,11.0022,11.0022,305.90915104172274,0
TAR,D,20180425,000000,11.0022,11.0827,11.0022,11.0421,1677.1853068696503,0
TAR,D,20180426,000000,11.0421,11.0827,11.0421,11.0827,2650.4252314193914,0
TAR,D,20180427,000000,11.1615,11.2809,11.1615,11.2809,1084.2648673989088,0
TAR,D,20180430,000000,11.4806,11.959,11.4806,11.799,4239.02680729243,0
TAR,D,20180504,000000,11.5602,11.7203,11.5602,11.7203,433.4697236768724,0
TAR,D,20180507,000000,11.799,11.8796,11.5602,11.8796,81.49703251690656,0
TAR,D,20180510,000000,11.8397,11.8397,11.799,11.799,36.614608811943526,0
TAR,D,20180511,000000,11.3207,11.799,10.5239,11.799,19542.752174270605,0
TAR,D,20180514,000000,11.0421,11.242,11.0421,11.0827,3713.430003379042,0
TAR,D,20180515,000000,11.0827,11.242,11.0827,11.242,698.0398002535029,0
TAR,D,20180518,000000,11.1615,11.1615,11.1615,11.1615,69.68586838402155,0
TAR,D,20180521,000000,10.9625,11.0827,10.9625,11.0827,3079.1704894430827,0
TAR,D,20180522,000000,11.0022,11.0827,11.0022,11.0827,14.173396959462007,0
TAR,D,20180524,000000,11.0022,11.1615,10.6831,11.1615,67105.12902098653,0
TAR,D,20180528,000000,11.1615,11.6001,11.0827,11.6001,5828.809499578767,0
TAR,D,20180529,000000,11.6399,11.6399,11.1615,11.5602,1445.6864898651418,0
TAR,D,20180530,000000,11.4806,11.959,11.4806,11.959,5142.580863458013,0
TAR,D,20180601,000000,11.242,11.242,11.242,11.242,34.25237598536653,0
TAR,D,20180604,000000,11.4011,11.959,11.4011,11.959,439.37530574332015,0
TAR,D,20180605,000000,11.8796,11.8796,11.8796,11.8796,41.339074465097525,0
TAR,D,20180607,000000,11.8397,11.8397,11.7203,11.7203,224.41211852481513,0
TAR,D,20180611,000000,11.6399,11.6399,11.6399,11.6399,134.64727111489537,0
TAR,D,20180615,000000,10.5239,11.7203,10.5239,11.7203,7397.3320964258455,0
TAR,D,20180620,000000,11.1615,11.5205,11.1615,11.5205,2483.8878171457454,0
TAR,D,20180629,000000,10.9625,11.7203,10.7627,11.7203,11212.338111347775,0
TAR,D,20180702,000000,11.7203,11.7203,11.7203,11.7203,125.19833980857479,0
TAR,D,20180705,000000,11.0022,11.7203,11.0022,11.7203,2131.9151259856862,0
TAR,D,20180706,000000,10.9226,11.6796,10.9226,11.6796,1026.3901631476976,0
TAR,D,20180709,000000,11.4011,11.6796,11.0827,11.6796,1508.285659769408,0
TAR,D,20180711,000000,11.4011,11.7203,11.4011,11.7203,1881.5184463685157,0
TAR,D,20180712,000000,11.5602,11.6399,11.3613,11.6001,13671.42248381458,0
TAR,D,20180713,000000,11.5205,11.6001,11.5205,11.6001,6288.263784347995,0
TAR,D,20180716,000000,11.5602,11.6796,11.5602,11.6796,16987.997372328555,0
TAR,D,20180717,000000,11.6001,11.6001,11.5602,11.5602,640.1650960023653,0
TAR,D,20180718,000000,11.5602,11.5602,11.5602,11.5602,25109.353830099324,0
TAR,D,20180719,000000,11.4011,11.4011,11.4011,11.4011,11.81116413288501,0
TAR,D,20180720,000000,11.4011,11.7203,11.4011,11.7203,7471.742430463091,0
TAR,D,20180723,000000,11.7203,11.7203,11.1615,11.1615,250.39667961716006,0
TAR,D,20180724,000000,11.7203,11.7203,11.7203,11.7203,1161.0374342625407,0
TAR,D,20180726,000000,11.7203,11.7203,11.7203,11.7203,125.19833980857479,0
TAR,D,20180727,000000,11.7203,11.7203,11.242,11.6796,1461.04100323791,0
TAR,D,20180731,000000,11.6796,11.8796,11.6796,11.8796,12542.275192709929,0
TAR,D,20180801,000000,11.959,11.959,11.242,11.8796,1573.2470625002702,0
TAR,D,20180807,000000,11.44,11.8397,11.44,11.8397,1267.337911458516,0
TAR,D,20180809,000000,11.799,11.799,11.44,11.799,977.9643902028702,0
TAR,D,20180810,000000,11.799,11.799,11.799,11.799,25.984561092347015,0
TAR,D,20180821,000000,11.7591,11.7591,11.7591,11.7591,109.84382643583791,0
TAR,D,20180824,000000,11.799,11.799,11.799,11.799,5747.3124670617335,0
TAR,D,20180828,000000,11.799,11.799,11.799,11.799,150.00178448763225,0
TAR,D,20180829,000000,11.7203,11.7203,11.7203,11.7203,349.61045833338994,0
TAR,D,20180830,000000,11.799,11.799,11.799,11.799,792.5291133165829,0
TAR,D,20180831,000000,11.5602,11.8796,11.5602,11.8796,2965.7833137674243,0
TAR,D,20180903,000000,11.5205,11.6796,11.5205,11.6399,8071.74956841362,0
TAR,D,20180904,000000,11.6399,11.6796,11.6399,11.6399,5131.950815738541,0
TAR,D,20180905,000000,11.6001,11.8796,11.6001,11.8796,3144.131892173945,0
TAR,D,20180906,000000,11.6001,11.8397,11.5602,11.8397,3402.796386684096,0
TAR,D,20180907,000000,11.6001,11.8796,11.5602,11.8796,5378.804146115713,0
TAR,D,20180910,000000,11.8397,11.8397,11.5602,11.8397,4390.209708193308,0
TAR,D,20180911,000000,11.8796,11.8796,11.8796,11.8796,1254.3456309123437,0
TAR,D,20180912,000000,11.8796,11.8796,11.8796,11.8796,1254.3456309123437,0
TAR,D,20180913,000000,11.8397,11.8397,11.8397,11.8397,375.59501942573485,0
TAR,D,20180917,000000,11.799,11.799,11.799,11.799,100.39489512952152,0
TAR,D,20180918,000000,10.8829,11.959,10.8829,11.959,532143.7321922394,0
TAR,D,20180919,000000,11.7203,11.959,11.6399,11.959,5519.356999297119,0
TAR,D,20180920,000000,11.799,11.959,11.799,11.959,1072.4537032659293,0
TAR,D,20180921,000000,11.959,12.1987,11.959,12.1987,967.3343424832726,0
TAR,D,20180924,000000,11.8796,12.1987,11.8796,12.1987,1068.9103540261403,0
TAR,D,20180925,000000,12.1987,12.1987,11.6399,12.158,659.062958614975,0
TAR,D,20180926,000000,12.158,12.158,11.5602,12.0793,750.0089224382032,0
TAR,D,20180927,000000,11.799,11.9988,11.799,11.9988,375.59501942573485,0
TAR,D,20180928,000000,11.959,11.959,11.959,11.959,1254.3456309123437,0
TAR,D,20181001,000000,11.5602,11.959,11.44,11.9193,13716.304907518434,0
TAR,D,20181003,000000,11.6399,11.9193,11.4011,11.9193,213.7820708052176,0
TAR,D,20181004,000000,11.9193,11.9193,11.6001,11.6001,8324.508480857387,0
TAR,D,20181005,000000,11.6796,12.0385,11.6796,12.0385,1267.337911458516,0
TAR,D,20181008,000000,12.1181,12.1181,12.1181,12.1181,8.267814893019505,0
TAR,D,20181009,000000,11.9988,12.1181,11.959,12.1181,878765.9660000212,0
TAR,D,20181011,000000,11.6399,11.959,11.6399,11.6399,40.157958051809025,0
TAR,D,20181012,000000,11.8796,11.8796,11.6399,11.6399,38.97684163852052,0
TAR,D,20181015,000000,11.6399,11.6399,11.6399,11.6399,347.2482255068255,0
TAR,D,20181016,000000,11.799,11.799,10.9625,11.6399,4840.215061656258,0
TAR,D,20181017,000000,11.5602,11.6399,11.5602,11.6399,67818.52333461092,0
TAR,D,20181018,000000,11.8796,11.959,11.8796,11.959,44.882423704963024,0
TAR,D,20181019,000000,11.959,11.959,11.5602,11.959,5962.275654280385,0
TAR,D,20181022,000000,11.6796,11.959,11.6399,11.959,968.5154588965601,0
TAR,D,20181023,000000,11.959,11.959,11.959,11.959,62.59916990429054,0
TAR,D,20181024,000000,11.959,12.7566,11.959,12.7167,3590.5938963971053,0
TAR,D,20181025,000000,12.7167,12.7167,11.9988,12.6761,2218.1366241558067,0
TAR,D,20181026,000000,12.6761,12.7167,12.5965,12.7167,1144.5018044764743,0
TAR,D,20181029,000000,12.7167,12.7167,12.7167,12.7167,426.3830251971477,0
TAR,D,20181030,000000,12.3976,12.6761,12.3976,12.6761,106.30047719596507,0
TAR,D,20181031,000000,12.5965,12.7167,12.5965,12.7167,1379.5439707208766,0
TAR,D,20181105,000000,12.7167,12.7167,12.7167,12.7167,94.489313063079,0
TAR,D,20181106,000000,12.3976,12.6761,11.9988,12.6761,737.0166418920203,0
TAR,D,20181108,000000,12.6364,12.6364,11.959,12.0385,183.07304405972286,0
TAR,D,20181109,000000,12.1181,12.1181,12.0385,12.0385,4500.053534629177,0
TAR,D,20181113,000000,12.5169,12.5169,12.5169,12.5169,11.81116413288501,0
TAR,D,20181115,000000,11.959,12.6761,11.5602,12.6761,1983.0944579114043,0
TAR,D,20181116,000000,12.6761,12.6761,12.3579,12.6761,242452.4906213861,0
TAR,D,20181120,000000,12.6364,12.6364,12.6364,12.6364,5.905582066442505,0
TAR,D,20181121,000000,12.6364,13.1545,12.5965,13.1545,4142.175261402734,0
TAR,D,20181122,000000,13.554,13.554,13.554,13.554,1379.5439707208766,0
TAR,D,20181123,000000,13.554,13.554,13.554,13.554,125.19833980857479,0
TAR,D,20181126,000000,14.3508,14.3508,14.1112,14.1112,1612.2239041387877,0
TAR,D,20181127,000000,14.1112,14.1112,14.1112,14.1112,375.59501942573485,0
TAR,D,20181129,000000,14.0723,14.1112,14.0723,14.1112,207.87648873876984,0
TAR,D,20181130,000000,13.3145,14.1112,13.3145,14.1112,1210.6443236207394,0
TAR,D,20181203,000000,14.0723,14.0723,13.593,13.952,289.37352125568793,0
TAR,D,20181204,000000,13.952,13.952,13.952,13.952,1505.9234269428123,0
TAR,D,20181205,000000,13.6727,14.1112,13.3941,14.1112,288.1924048424005,0
TAR,D,20181206,000000,14.1112,14.1112,14.1112,14.1112,125.19833980857479,0
TAR,D,20181207,000000,13.554,14.1112,13.554,14.1112,640.1650960023653,0
TAR,D,20181210,000000,14.4304,14.4304,14.4304,14.4304,375.59501942573485,0
TAR,D,20181212,000000,14.3109,14.3109,13.554,14.3109,304.7280346284248,0
TAR,D,20181213,000000,13.6328,14.1917,13.6328,14.1917,2004.3545533505576,0
TAR,D,20181214,000000,14.1917,14.2703,14.1917,14.2703,582.2903917512277,0
TAR,D,20181217,000000,14.4304,14.5099,14.4304,14.5099,263.3889601633325,0
TAR,D,20181218,000000,14.4304,14.4304,14.4304,14.4304,187.79750971287265,0
TAR,D,20181219,000000,13.7133,14.3508,13.7133,14.3109,225.59323493810257,0
TAR,D,20181220,000000,14.3508,14.5099,13.554,14.5099,8910.342221848445,0
TAR,D,20181221,000000,13.9122,14.3508,13.9122,14.3508,1667.7363755633714,0
TAR,D,20181227,000000,13.9122,14.3508,13.9122,14.3508,453.5487027027906,0
TAR,D,20181228,000000,13.0757,14.3508,13.0757,14.3508,4563.833820946742,0
TAR,D,20190102,000000,14.4702,14.4702,14.4702,14.4702,288.1924048424005,0
TAR,D,20190103,000000,14.4702,14.4702,14.4702,14.4702,375.59501942573485,0
TAR,D,20190104,000000,14.4702,14.4702,14.4702,14.4702,11.81116413288501,0
TAR,D,20190107,000000,13.593,14.4702,13.593,14.4304,2181.522015343885,0
TAR,D,20190108,000000,13.9122,14.4304,13.9122,14.4304,940.1686649776403,0
TAR,D,20190109,000000,14.3508,14.3508,14.3508,14.3508,125.19833980857479,0
TAR,D,20190110,000000,14.4702,14.4702,14.4702,14.4702,125.19833980857479,0
TAR,D,20190111,000000,14.4702,14.4702,14.4702,14.4702,62.59916990429054,0
TAR,D,20190114,000000,14.0723,14.4304,14.0723,14.4304,148.82066807434478,0
TAR,D,20190115,000000,14.3906,15.1475,14.3906,15.1475,2240.5778360082577,0
TAR,D,20190116,000000,14.9884,14.9884,14.6699,14.9884,551.5813650057225,0
TAR,D,20190117,000000,14.9884,15.1475,14.9884,14.9884,1296.865821790755,0
TAR,D,20190118,000000,14.9884,15.1475,14.3508,15.1078,366.1460881194352,0
TAR,D,20190121,000000,14.4702,15.0688,14.4702,15.0688,81.49703251690656,0
TAR,D,20190122,000000,14.6699,15.1475,14.6699,15.1475,213.7820708052176,0
TAR,D,20190123,000000,15.0688,15.0688,14.7097,14.7097,1944.117616272887,0
TAR,D,20190124,000000,15.1078,15.1078,15.0688,15.0688,138.19062035474724,0
TAR,D,20190125,000000,15.0688,15.0688,12.9954,12.9954,18042.73432939585,0
TAR,D,20190128,000000,13.2349,13.8725,13.2349,13.8725,885.8373099663755,0
TAR,D,20190129,000000,13.5135,13.8725,13.4737,13.8327,480.7143802084125,0
TAR,D,20190130,000000,13.1545,13.8327,12.8362,13.2349,5370.536331222836,0
TAR,D,20190131,000000,12.9954,13.195,12.2774,12.2774,167863.80800581074,0
TAR,D,20190201,000000,12.3579,12.7566,12.2774,12.4374,131819.67842147185,0
TAR,D,20190204,000000,12.4374,12.4374,12.4374,12.4374,3023.658018018499,0
TAR,D,20190205,000000,12.3579,12.3579,12.1181,12.3579,1322.8503828830999,0
TAR,D,20190206,000000,12.3579,12.7566,12.3579,12.7566,869.3016801803302,0
TAR,D,20190207,000000,12.7167,12.7167,11.9988,11.9988,460.6354011825153,0
TAR,D,20190208,000000,12.5965,12.6761,12.0385,12.2385,1140.9584552366855,0
TAR,D,20190212,000000,12.6761,12.6761,12.3579,12.3579,321.2636644144701,0
TAR,D,20190213,000000,12.4374,12.876,12.4374,12.876,18.897862612616013,0
TAR,D,20190214,000000,12.7955,12.7955,12.4772,12.7955,152.36401731421765,0
TAR,D,20190215,000000,12.1181,12.7167,12.0793,12.7167,272.8378914696426,0
TAR,D,20190218,000000,12.6364,12.8362,12.6364,12.8362,2326.799334178273,0
TAR,D,20190219,000000,12.7955,12.7955,12.7955,12.7955,7.0866984797310035,0
TAR,D,20190220,000000,12.7955,12.7955,12.7955,12.7955,56.69358783784803,0
TAR,D,20190222,000000,12.3579,12.7566,12.3579,12.7167,1543.7191521680315,0
TAR,D,20190225,000000,12.3579,12.8362,12.3579,12.7566,780.7179491836979,0
TAR,D,20190226,000000,12.9159,12.9159,12.7955,12.9159,69.68586838402155,0
TAR,D,20190227,000000,12.9159,12.9159,12.9159,12.9159,9.448931306307902,0
TAR,D,20190228,000000,13.1148,13.1148,12.9159,12.9159,56.69358783784803,0
TAR,D,20190301,000000,12.9159,13.6328,12.9159,13.6328,4833.12836317647,0
TAR,D,20190304,000000,13.7133,14.3508,13.5135,13.554,376.77613583903275,0
TAR,D,20190305,000000,13.554,13.554,13.554,13.554,5.905582066442505,0
TAR,D,20190306,000000,13.2349,13.4737,13.2349,13.4737,42.520190878386025,0
TAR,D,20190307,000000,12.9159,12.9159,12.9159,12.9159,132.28503828830998,0
TAR,D,20190308,000000,12.9159,13.4737,12.9159,13.4737,116.93052491556261,0
TAR,D,20190311,000000,12.3579,12.4374,11.799,12.2774,6785.5137943424415,0
TAR,D,20190312,000000,12.7167,12.7167,12.4374,12.4374,543.3135501127105,0
TAR,D,20190314,000000,12.6761,12.7566,12.6761,12.7566,1159.8563178492425,0
TAR,D,20190315,000000,13.0757,13.0757,13.0757,13.0757,61.41805349100204,0
TAR,D,20190318,000000,13.3145,13.4737,13.3145,13.4737,1598.0505071793173,0
TAR,D,20190319,000000,13.4737,13.4737,13.3145,13.3145,95.6704294763675,0
TAR,D,20190320,000000,13.3145,13.4737,13.3145,13.4737,101.57601154281001,0
TAR,D,20190321,000000,13.3145,13.4737,13.3145,13.4737,74.41033403717555,0
TAR,D,20190322,000000,12.8362,13.3941,12.8362,12.876,124.01722339529782,0
TAR,D,20190329,000000,12.8362,12.876,12.7955,12.876,122.83610698201036,0
TAR,D,20190401,000000,12.9159,12.9159,12.9159,12.9159,7.0866984797310035,0
TAR,D,20190402,000000,12.7566,12.9954,12.7566,12.9954,1280.3301920046888,0
TAR,D,20190405,000000,12.8362,12.8362,12.8362,12.8362,62.59916990429054,0
TAR,D,20190408,000000,12.8362,13.4737,12.8362,13.4737,185.43527688628728,0
TAR,D,20190411,000000,13.4737,13.4737,12.8362,12.8362,220.8687692849423,0
TAR,D,20190412,000000,12.7566,12.7566,12.2774,12.7566,2381.130689189664,0
TAR,D,20190416,000000,12.7566,12.7566,12.7566,12.7566,635.440630349205,0
TAR,D,20190417,000000,12.7566,12.8362,12.7566,12.7566,627.1728154561929,0
TAR,D,20190418,000000,12.7566,12.7566,12.4374,12.4374,720.4810121059853,0
TAR,D,20190423,000000,12.4374,12.4374,12.4374,12.4374,151.1829009009302,0
TAR,D,20190502,000000,12.7566,12.7566,12.7566,12.7566,11.81116413288501,0
TAR,D,20190506,000000,12.7566,12.7566,12.7566,12.7566,37.795725225232026,0
TAR,D,20190508,000000,12.7566,12.7566,12.7566,12.7566,25.984561092347015,0
TAR,D,20190509,000000,12.7566,12.7566,12.7566,12.7566,150.00178448763225,0
TAR,D,20190510,000000,12.1987,12.9954,12.1987,12.2774,439.37530574332015,0
TAR,D,20190514,000000,12.2774,12.2774,12.2774,12.2774,132.28503828830998,0
TAR,D,20190520,000000,12.3579,12.3579,12.2774,12.2774,100.39489512952152,0
TAR,D,20190523,000000,12.2774,12.2774,12.2774,12.2774,11.81116413288501,0
TAR,D,20190524,000000,12.2774,12.2774,12.2774,12.2774,62.59916990429054,0
TAR,D,20190527,000000,12.2774,12.2774,12.2774,12.2774,411.0285118243899,0
TAR,D,20190530,000000,12.2774,12.2774,12.1181,12.1181,561.0302963120431,0
TAR,D,20190603,000000,12.1181,12.1181,11.799,11.959,1094.8949151184854,0
TAR,D,20190605,000000,11.959,11.959,11.959,11.959,604.7316036037103,0
TAR,D,20190606,000000,11.5602,11.5602,11.5602,11.5602,7.0866984797310035,0
TAR,D,20190607,000000,11.6399,11.6399,11.5602,11.5602,212.60095439193014,0
TAR,D,20190610,000000,11.5602,11.5602,11.1615,11.1615,262.2078437500451,0
TAR,D,20190612,000000,11.5602,11.5602,11.5602,11.5602,62.59916990429054,0
TAR,D,20190613,000000,11.5602,11.5602,11.5602,11.5602,591.7393230575378,0
TAR,D,20190614,000000,11.8796,11.8796,11.8796,11.8796,112.20605926241282,0
TAR,D,20190618,000000,12.4568,12.4568,11.4671,11.6314,289.37352125568793,0
TAR,D,20190624,000000,11.6314,11.6314,11.6314,11.6314,115.74940850227516,0
TAR,D,20190625,000000,11.6314,11.6314,11.6314,11.6314,3.5433492398655018,0
TAR,D,20190626,000000,12.2918,12.2918,12.2918,12.2918,115.74940850227516,0
TAR,D,20190627,000000,12.2918,12.787,11.9616,12.787,61033.00954026984,0
TAR,D,20190628,000000,12.787,13.6116,12.787,13.6116,2541.76252139682,0
TAR,D,20190701,000000,12.3738,12.3738,12.3738,12.3738,338.98041061379234,0
TAR,D,20190702,000000,12.3738,12.3738,12.3738,12.3738,60.23693707771354,0
TAR,D,20190703,000000,13.5287,13.5287,13.5287,13.5287,1429.1508600790755,0
TAR,D,20190704,000000,13.1993,13.4466,13.1993,13.4466,7436.308938064363,0
TAR,D,20190708,000000,13.6116,13.859,13.6116,13.859,605.9127200169977,0
TAR,D,20190709,000000,13.9418,13.9418,13.9418,13.9418,266.93230940319484,0
TAR,D,20190711,000000,13.9418,13.9418,13.9418,13.9418,363.78385529284986,0
TAR,D,20190716,000000,13.6116,13.6116,13.6116,13.6116,831.5059549551004,0
TAR,D,20190717,000000,13.6116,13.6116,13.6116,13.6116,261.0267273367576,0
TAR,D,20190719,000000,13.6116,13.6116,13.6116,13.6116,2518.1401931310706,0
TAR,D,20190723,000000,13.859,13.859,13.859,13.859,434.6508400901598,0
TAR,D,20190724,000000,14.024,14.024,14.024,14.024,545.6757829392852,0
TAR,D,20190729,000000,13.9418,13.9418,13.9418,13.9418,60.23693707771354,0
TAR,D,20190802,000000,13.9418,13.9418,13.9418,13.9418,1.1811164132885008,0
TAR,D,20190806,000000,13.859,13.859,13.859,13.859,181.89192764643542,0
TAR,D,20190809,000000,13.6939,14.8486,13.6939,14.8486,4875.648554054986,0
TAR,D,20190812,000000,14.9316,14.9316,14.9316,14.9316,121.65499056872294,0
TAR,D,20190813,000000,14.9316,14.9316,14.9316,14.9316,96.85154588965601,0
TAR,D,20190816,000000,13.4466,13.4466,13.4466,13.4466,121.65499056872294,0
TAR,D,20190820,000000,13.5287,13.5287,13.5287,13.5287,74.41033403717555,0
TAR,D,20190822,000000,13.5287,13.5287,13.5287,13.5287,121.65499056872294,0
TAR,D,20190823,000000,13.5287,13.5287,13.5287,13.5287,1211.8254400340375,0
TAR,D,20190826,000000,13.1993,13.1993,13.1993,13.1993,76.77256686375254,0
TAR,D,20190830,000000,13.1993,13.1993,13.1993,13.1993,37.795725225232026,0
TAR,D,20190904,000000,13.0343,13.0343,13.0343,13.0343,60.23693707771354,0
TAR,D,20190906,000000,12.539,12.539,12.539,12.539,533.8646188064002,0
TAR,D,20190910,000000,12.539,12.539,12.539,12.539,44.882423704963024,0
TAR,D,20190918,000000,13.1164,13.1164,13.1164,13.1164,57.87470425113653,0
TAR,D,20190920,000000,13.1164,13.1164,13.1164,13.1164,11.81116413288501,0
TAR,D,20190923,000000,13.1164,13.1164,13.1164,13.1164,121.65499056872294,0
TAR,D,20190924,000000,12.539,12.539,12.539,12.539,60.23693707771354,0
TAR,D,20190925,000000,12.622,12.622,12.539,12.539,132.28503828830998,0
TAR,D,20190930,000000,13.3645,13.9418,13.3645,13.9418,7922.928900339233,0
TAR,D,20191001,000000,13.9418,13.9418,13.9418,13.9418,323.6258972410555,0
TAR,D,20191002,000000,13.9418,13.9418,13.9418,13.9418,62.59916990429054,0
TAR,D,20191003,000000,13.4466,13.4466,13.4466,13.4466,133.46615470160793,0
TAR,D,20191008,000000,12.7041,13.4466,12.7041,13.4466,165.3562978603901,0
TAR,D,20191014,000000,12.7041,12.7041,12.7041,12.7041,211.41983797864265,0
TAR,D,20191015,000000,13.1993,13.1993,13.1993,13.1993,151.1829009009302,0
TAR,D,20191017,000000,12.787,12.787,12.787,12.787,363.78385529284986,0
TAR,D,20191018,000000,12.787,12.787,12.787,12.787,7818.990655969854,0
TAR,D,20191021,000000,12.7041,12.7041,12.7041,12.7041,1.1811164132885008,0
TAR,D,20191028,000000,12.7041,12.7041,12.7041,12.7041,368.50832094601014,0
TAR,D,20191031,000000,13.3645,13.3645,13.3645,13.3645,225.59323493810257,0
TAR,D,20191104,000000,13.3645,13.3645,13.3645,13.3645,4.724465653154003,0
TAR,D,20191105,000000,13.2815,13.2815,13.2815,13.2815,85.04038175677205,0
TAR,D,20191106,000000,12.8691,12.8691,12.8691,12.8691,2.3622328265770016,0
TAR,D,20191107,000000,12.8691,12.8691,12.8691,12.8691,7.0866984797310035,0
TAR,D,20191119,000000,13.1993,13.1993,13.1993,13.1993,2727.1977982831277,0
TAR,D,20191122,000000,12.8691,12.8691,12.8691,12.8691,48.42577294482853,0
TAR,D,20191125,000000,13.1993,13.1993,13.1993,13.1993,3695.7132571796783,0
TAR,D,20191203,000000,13.1993,13.1993,13.1993,13.1993,17.716746199327513,0
TAR,D,20191204,000000,12.8691,12.8691,12.8691,12.8691,1302.7714038572444,0
TAR,D,20191205,000000,12.8691,12.8691,12.8691,12.8691,303.5469182151374,0
TAR,D,20191206,000000,12.622,12.622,12.622,12.622,72.04810121059855,0
TAR,D,20191209,000000,12.622,12.622,12.622,12.622,25.984561092347015,0
TAR,D,20191210,000000,12.622,12.622,12.622,12.622,60.23693707771354,0
TAR,D,20191211,000000,11.7143,11.7143,11.7143,11.7143,10.630047719596506,0
TAR,D,20191213,000000,11.8796,11.8796,11.8796,11.8796,3.5433492398655018,0
TAR,D,20191216,000000,13.0343,13.0343,13.0343,13.0343,121.65499056872294,0
TAR,D,20191219,000000,12.3738,12.3738,12.3738,12.3738,167.71853068696498,0
TAR,D,20191220,000000,12.3738,12.3738,12.3738,12.3738,360.24050605299794,0
TAR,D,20191230,000000,13.1993,13.1993,13.1993,13.1993,5.905582066442505,0
TAR,D,20200102,000000,11.9616,11.9616,11.9616,11.9616,5.905582066442505,0
TAR,D,20200110,000000,12.1267,12.1267,12.1267,12.1267,170.08076351355038,0
TAR,D,20200113,000000,13.0343,13.0343,12.3738,12.3738,237.4043990709876,0
TAR,D,20200114,000000,13.0343,13.0343,13.0343,13.0343,14.173396959462007,0
TAR,D,20200117,000000,12.2918,12.2918,12.2918,12.2918,50.78800577140553,0
TAR,D,20200121,000000,12.2918,12.2918,12.2918,12.2918,121.65499056872294,0
TAR,D,20200123,000000,12.3738,12.3738,12.2098,12.2098,56.69358783784803,0
TAR,D,20200127,000000,12.2098,12.2098,12.2098,12.2098,11.81116413288501,0
TAR,D,20200129,000000,12.3738,12.3738,12.3738,12.3738,116.93052491556261,0
TAR,D,20200203,000000,12.8691,12.8691,12.8691,12.8691,46.06354011825153,0
TAR,D,20200205,000000,12.2098,12.2098,12.2098,12.2098,194.88420819260784,0
TAR,D,20200207,000000,12.7041,12.7041,12.7041,12.7041,944.89313063079,0
TAR,D,20200213,000000,12.787,12.787,12.787,12.787,76.77256686375254,0
TAR,D,20200214,000000,12.3738,12.3738,12.3738,12.3738,357.87827322641255,0
TAR,D,20200217,000000,12.3738,12.3738,12.3738,12.3738,128.74168904844763,0
TAR,D,20200218,000000,12.3738,12.3738,12.3738,12.3738,30.70902674550102,0
TAR,D,20200220,000000,12.2098,12.2098,12.2098,12.2098,108.66271002253995,0
TAR,D,20200221,000000,12.3738,12.3738,12.3738,12.3738,115.74940850227516,0
TAR,D,20200225,000000,11.7143,11.7143,11.7143,11.7143,83.85926534348356,0
TAR,D,20200226,000000,11.9616,11.9616,11.9616,11.9616,218.50653645837787,0
TAR,D,20200227,000000,11.9616,11.9616,11.9616,11.9616,80.31591610361805,0
TAR,D,20200302,000000,11.4671,11.4671,11.4671,11.4671,42.520190878386025,0
TAR,D,20200303,000000,11.4671,11.4671,11.4671,11.4671,144.096202421195,0
TAR,D,20200304,000000,11.4671,12.0445,11.4671,12.0445,181.89192764643542,0
TAR,D,20200305,000000,12.3738,12.3738,12.3738,12.3738,115.74940850227516,0
TAR,D,20200306,000000,12.2918,12.2918,12.2918,12.2918,20.078979025904513,0
TAR,D,20200309,000000,11.5492,11.5492,11.5492,11.5492,170.08076351355038,0
TAR,D,20200310,000000,11.8796,11.8796,11.8796,11.8796,126.37945622186224,0
TAR,D,20200311,000000,11.5492,11.5492,11.5492,11.5492,464.17875042237756,0
TAR,D,20200312,000000,11.5492,11.5492,11.4671,11.4671,548.0380157658707,0
TAR,D,20200313,000000,10.7247,11.4671,10.7247,11.4671,79.13479969032953,0
TAR,D,20200316,000000,11.1369,11.1369,11.1369,11.1369,66.14251914415604,0
TAR,D,20200317,000000,10.7247,11.219,10.7247,11.219,232.6799334178273,0
TAR,D,20200318,000000,11.302,11.302,11.219,11.219,475.98991455526266,0
TAR,D,20200319,000000,10.7247,11.219,10.7247,11.219,199.6086738457577,0
TAR,D,20200320,000000,11.302,11.302,11.302,11.302,11.81116413288501,0
TAR,D,20200323,000000,11.5492,11.5492,11.302,11.302,90.94596382321456,0
TAR,D,20200324,000000,11.302,11.302,11.302,11.302,181.89192764643542,0
TAR,D,20200325,000000,12.3738,12.3738,12.3738,12.3738,121.65499056872294,0
TAR,D,20200326,000000,11.9616,11.9616,11.9616,11.9616,485.4388458615728,0
TAR,D,20200330,000000,11.7143,11.7143,11.6314,11.6314,42.520190878386025,0
TAR,D,20200331,000000,11.5492,11.5492,11.5492,11.5492,44.882423704963024,0
TAR,D,20200401,000000,11.5492,11.5492,11.5492,11.5492,183.07304405972286,0
TAR,D,20200403,000000,11.5492,11.5492,11.5492,11.5492,3.5433492398655018,0
TAR,D,20200407,000000,11.6314,11.6314,11.5492,11.5492,93.3081966497905,0
TAR,D,20200408,000000,11.5492,11.5492,11.5492,11.5492,285.83017201581504,0
TAR,D,20200409,000000,11.5492,12.2918,11.5492,12.2918,111.02494284912535,0
TAR,D,20200414,000000,12.2098,12.2098,12.1267,12.1267,455.91093552935496,0
TAR,D,20200415,000000,11.9616,11.9616,11.9616,11.9616,121.65499056872294,0
TAR,D,20200420,000000,10.8897,10.8897,10.8897,10.8897,12.992280546173507,0
TAR,D,20200421,000000,12.2918,12.2918,12.2918,12.2918,266.93230940319484,0
TAR,D,20200422,000000,11.5492,11.5492,11.5492,11.5492,3.5433492398655018,0
TAR,D,20200424,000000,12.2918,12.2918,12.2918,12.2918,421.6585595439874,0
TAR,D,20200427,000000,12.2918,12.2918,12.2918,12.2918,290.55463766896486,0
TAR,D,20200428,000000,11.8796,11.8796,11.8796,11.8796,178.34857840656255,0
TAR,D,20200429,000000,12.2918,12.2918,12.2918,12.2918,242.1288647241479,0
TAR,D,20200430,000000,11.8796,11.8796,11.8796,11.8796,118.11164132885007,0
TAR,D,20200504,000000,11.8796,11.8796,11.8796,11.8796,363.78385529284986,0
TAR,D,20200505,000000,11.8796,11.9616,11.8796,11.9616,242.1288647241479,0
TAR,D,20200506,000000,11.9616,11.9616,11.9616,11.9616,472.4465653154003,0
TAR,D,20200507,000000,11.9616,11.9616,11.9616,11.9616,253.9400288570329,0
TAR,D,20200511,000000,11.8796,11.8796,11.8796,11.8796,210.23872156534475,0
TAR,D,20200512,000000,11.7143,11.7143,11.7143,11.7143,615.3616513233079,0
TAR,D,20200514,000000,11.5492,11.5492,11.5492,11.5492,448.82423704963026,0
TAR,D,20200515,000000,11.5492,11.5492,11.5492,11.5492,531.5023859798254,0
TAR,D,20200518,000000,11.7143,11.9616,11.7143,11.9616,283.4679391892402,0
TAR,D,20200519,000000,11.9616,11.9616,11.9616,11.9616,1637.0273488178348,0
TAR,D,20200521,000000,12.1267,12.2918,12.1267,12.2918,1889.786261261601,0
TAR,D,20200527,000000,12.2098,12.2098,12.2098,12.2098,405.1229297579526,0
TAR,D,20200601,000000,11.7143,11.7143,11.7143,11.7143,846.8604683278477,0
TAR,D,20200602,000000,11.7965,11.7965,11.7965,11.7965,826.7814893019504,0
TAR,D,20200603,000000,11.7965,11.7965,11.7965,11.7965,884.6561935530776,0
TAR,D,20200604,000000,11.7965,11.7965,11.7965,11.7965,364.96497170614776,0
TAR,D,20200605,000000,11.9616,11.9616,11.9616,11.9616,301.1846853885729,0
TAR,D,20200608,000000,12.1267,12.1267,12.1267,12.1267,48.42577294482853,0
TAR,D,20200609,000000,11.7965,11.7965,11.7965,11.7965,787.8046476634225,0
TAR,D,20200610,000000,11.7143,11.7965,11.7143,11.7965,693.3153346003426,0
TAR,D,20200615,000000,11.5492,11.5492,11.5492,11.5492,76.77256686375254,0
TAR,D,20200616,000000,11.9616,11.9616,11.5492,11.5492,201.9709066723326,0
TAR,D,20200622,000000,11.5492,11.5492,11.4671,11.4671,491.34442792801,0
TAR,D,20200623,000000,11.7965,11.7965,11.7965,11.7965,99.21377871623301,0
TAR,D,20200624,000000,11.9616,12.0445,11.9616,12.0445,157.08848296737793,0
TAR,D,20200625,000000,11.9616,11.9616,11.9616,11.9616,685.0475197073305,0
TAR,D,20200626,000000,11.6314,11.8796,11.6314,11.8796,144.096202421195,0
TAR,D,20200629,000000,11.8796,11.8796,11.8796,11.8796,73.22921762388705,0
TAR,D,20200707,000000,11.7143,11.7143,11.5492,11.5492,170.08076351355038,0
TAR,D,20200708,000000,11.5492,11.5492,11.5492,11.5492,261.0267273367576,0
TAR,D,20200709,000000,11.6314,11.8796,11.6314,11.8796,250.39667961716006,0
TAR,D,20200710,000000,11.5492,11.5492,11.5492,11.5492,166.53741427367757,0
TAR,D,20200713,000000,11.5492,11.5492,11.5492,11.5492,178.34857840656255,0
TAR,D,20200714,000000,11.384,11.384,11.384,11.384,900.0107069258355,0
TAR,D,20200715,000000,11.1369,11.1369,11.1369,11.1369,654.3384929618252,0
TAR,D,20200716,000000,11.1369,11.1369,11.1369,11.1369,1583.8771102199519,0
TAR,D,20200717,000000,11.219,11.219,11.219,11.219,441.73753856990555,0
TAR,D,20200720,000000,10.8897,10.8897,10.8897,10.8897,368.50832094601014,0
TAR,D,20200721,000000,11.219,11.219,11.219,11.219,416.9340938908376,0
TAR,D,20200723,000000,11.4671,11.4671,11.384,11.384,304.7280346284248,0
TAR,D,20200727,000000,11.302,11.302,11.302,11.302,284.6490556025276,0
TAR,D,20200730,000000,11.5492,11.5492,11.5492,11.5492,24.803444679058515,0
TAR,D,20200803,000000,11.5492,11.5492,11.4671,11.4671,51810.85258531337,0
TAR,D,20200804,000000,11.5492,11.5492,11.5492,11.5492,1054.7369570666701,0
TAR,D,20200805,000000,10.9717,10.9717,10.9717,10.9717,385.04395073204495,0
TAR,D,20200806,000000,11.384,11.384,11.384,11.384,11.81116413288501,0
TAR,D,20200811,000000,11.384,11.384,11.384,11.384,73.22921762388705,0
TAR,D,20200813,000000,10.8897,10.8897,10.8897,10.8897,605.9127200169977,0
TAR,D,20200817,000000,11.384,11.384,11.384,11.384,90.94596382321456,0
TAR,D,20200819,000000,11.384,11.384,11.384,11.384,363.78385529284986,0
TAR,D,20200821,000000,10.9717,10.9717,10.9717,10.9717,1575.6092953268662,0
TAR,D,20200824,000000,10.8068,10.8068,10.8068,10.8068,631.8972811093532,0
TAR,D,20200826,000000,11.219,11.219,11.219,11.219,181.89192764643542,0
TAR,D,20200827,000000,11.302,11.384,11.302,11.384,1325.2126157096957,0
TAR,D,20200828,000000,11.384,11.7965,11.384,11.7965,1393.7173676804518,0
TAR,D,20200831,000000,11.7143,11.8796,11.7143,11.8796,2440.186509854036,0
TAR,D,20200901,000000,12.0445,12.1267,12.0445,12.1267,2521.683542370965,0
TAR,D,20200902,000000,12.1267,12.1267,12.1267,12.1267,799.6158117963076,0
TAR,D,20200903,000000,12.1267,12.1267,12.1267,12.1267,1476.3955166106782,0
TAR,D,20200904,000000,12.1267,12.1267,12.1267,12.1267,674.4174719877328,0
TAR,D,20200907,000000,12.1267,12.1267,12.1267,12.1267,277.5623571228029,0
TAR,D,20200908,000000,11.4671,12.1267,11.4671,12.1267,1774.0368527593469,0
TAR,D,20200909,000000,11.9616,12.1267,11.9616,12.1267,947.2553634573754,0
TAR,D,20200910,000000,12.0445,12.0445,12.0445,12.0445,1896.872959741284,0
TAR,D,20200911,000000,12.0445,12.0445,12.0445,12.0445,786.6235312501351,0
TAR,D,20200917,000000,11.5492,11.5492,11.5492,11.5492,145.27731883449295,0
TAR,D,20200918,000000,11.5492,11.5492,11.5492,11.5492,679.141937640893,0
TAR,D,20200922,000000,11.7143,11.9616,11.7143,11.9616,284.6490556025276,0
TAR,D,20200923,000000,12.0445,12.0445,12.0445,12.0445,1830.7304405972286,0
TAR,D,20200924,000000,12.2098,12.2098,12.1267,12.1267,2788.615851774097,0
TAR,D,20200925,000000,13.3645,13.3645,13.3645,13.3645,1575.6092953268662,0
TAR,D,20200928,000000,12.2098,13.2815,12.2098,13.2815,418.1152103041356,0
TAR,D,20200929,000000,13.1993,13.1993,13.1164,13.1164,1345.291594735656,0
TAR,D,20201001,000000,13.2815,13.2815,13.2815,13.2815,977.9643902028702,0
TAR,D,20201005,000000,13.2815,13.2815,13.2815,13.2815,17.716746199327513,0
TAR,D,20201006,000000,13.0343,13.0343,12.787,12.787,505.51782488746994,0
TAR,D,20201007,000000,13.1993,13.1993,13.0343,13.0343,535.0457352196877,0
TAR,D,20201008,000000,12.0445,12.0445,12.0445,12.0445,242.1288647241479,0
TAR,D,20201009,000000,13.1993,13.1993,13.1993,13.1993,7.0866984797310035,0
TAR,D,20201013,000000,13.1164,13.1164,13.1164,13.1164,54.331355011271036,0
TAR,D,20201014,000000,12.8691,12.8691,12.787,12.787,197.24644101917227,0
TAR,D,20201015,000000,12.0445,12.0445,11.9616,11.9616,2467.3521873596787,0
TAR,D,20201016,000000,11.9616,11.9616,11.9616,11.9616,876.3883786600654,0
TAR,D,20201019,000000,11.9616,12.0445,11.9616,12.0445,197.24644101917227,0
TAR,D,20201020,000000,12.0445,12.0445,12.0445,12.0445,721.6621285192729,0
TAR,D,20201022,000000,12.0445,12.0445,12.0445,12.0445,41.339074465097525,0
TAR,D,20201023,000000,12.0445,12.0445,12.0445,12.0445,165.3562978603901,0
TAR,D,20201026,000000,11.9616,11.9616,11.9616,11.9616,608.2749528435833,0
TAR,D,20201027,000000,11.9616,11.9616,11.9616,11.9616,165.3562978603901,0
TAR,D,20201028,000000,11.9616,11.9616,11.9616,11.9616,80.31591610361805,0
TAR,D,20201030,000000,11.5492,11.5492,11.5492,11.5492,967.3343424832726,0
TAR,D,20201104,000000,11.5492,11.5492,11.5492,11.5492,199.6086738457577,0
TAR,D,20201105,000000,11.6314,11.6314,11.6314,11.6314,121.65499056872294,0
TAR,D,20201106,000000,11.9616,11.9616,11.5492,11.5492,209.05760515205728,0
TAR,D,20201109,000000,12.0445,12.2918,12.0445,12.2918,660.2440750282625,0
TAR,D,20201110,000000,12.2918,12.2918,12.2918,12.2918,428.7452580237226,0
TAR,D,20201116,000000,12.3738,12.3738,12.3738,12.3738,605.9127200169977,0
TAR,D,20201117,000000,12.3738,12.3738,12.3738,12.3738,594.1015558841127,0
TAR,D,20201118,000000,11.8796,11.8796,11.8796,11.8796,974.4210409630078,0
TAR,D,20201119,000000,12.3738,12.3738,12.3738,12.3738,1.1811164132885008,0
TAR,D,20201123,000000,12.3738,12.3738,12.3738,12.3738,323.6258972410555,0
TAR,D,20201124,000000,12.3738,12.3738,12.3738,12.3738,193.70309177932043,0
TAR,D,20201125,000000,11.8796,11.8796,11.8796,11.8796,8.267814893019505,0
TAR,D,20201126,000000,11.7965,11.7965,11.7965,11.7965,249.2155632038726,0
TAR,D,20201127,000000,12.2918,12.2918,12.2918,12.2918,60.23693707771354,0
TAR,D,20201130,000000,13.5287,14.7665,13.5287,14.7665,7181.187792794,0
TAR,D,20201201,000000,15.0138,16.6639,15.0138,16.6639,7084.33624690441,0
TAR,D,20201202,000000,18.6443,18.6443,18.149,18.149,4575.644985079616,0
TAR,D,20201203,000000,19.799,19.9633,19.799,19.9633,1475.2144001973804,0
TAR,D,20201204,000000,19.1386,19.1386,19.1386,19.1386,784.2612984235602,0
TAR,D,20201207,000000,17.8187,18.149,17.8187,18.149,1327.5748485362915,0
TAR,D,20201208,000000,17.3243,17.9838,17.3243,17.9838,1789.3913661321153,0
TAR,D,20201209,000000,18.149,18.149,17.6536,17.6536,1210.6443236207394,0
TAR,D,20201210,000000,17.3243,17.3243,17.3243,17.3243,666.1496570947103,0
TAR,D,20201211,000000,16.6639,16.6639,16.6639,16.6639,636.6217467624924,0
TAR,D,20201214,000000,16.829,16.829,16.829,16.829,406.3040461712505,0
TAR,D,20201216,000000,17.9838,17.9838,17.4884,17.4884,918.9085695384451,0
TAR,D,20201217,000000,18.3141,18.3141,17.3243,17.3243,1564.9792476072896,0
TAR,D,20201221,000000,17.4884,17.4884,17.4884,17.4884,601.1882543638375,0
TAR,D,20201222,000000,16.6639,17.3243,16.6639,17.3243,422.83967595727484,0
TAR,D,20201223,000000,17.1592,17.4884,17.1592,17.4884,73.22921762388705,0
TAR,D,20201228,000000,17.6536,17.6536,17.6536,17.6536,559.8491798987557,0
TAR,D,20201229,000000,17.9838,17.9838,17.9838,17.9838,1609.861671312192,0
TAR,D,20201230,000000,17.4884,18.149,17.4884,18.149,2431.9186949609507,0
TAR,D,20210104,000000,18.149,18.8084,18.149,18.8084,1383.0873199607702,0
TAR,D,20210105,000000,18.6443,18.6443,18.6443,18.6443,520.8723382602277,0
TAR,D,20210107,000000,18.8084,19.4688,18.8084,19.4688,1700.8076351355041,0
TAR,D,20210108,000000,19.799,19.9633,19.799,19.9633,418.1152103041356,0
TAR,D,20210111,000000,19.9633,19.9633,19.9633,19.9633,975.6021573762953,0
TAR,D,20210112,000000,20.4587,20.9539,20.4587,20.9539,496.0688935811703,0
TAR,D,20210113,000000,20.9539,21.119,20.9539,21.119,653.1573765485377,0
TAR,D,20210114,000000,21.119,21.119,20.9539,20.9539,133.46615470160793,0
TAR,D,20210115,000000,20.7889,20.7889,20.6237,20.6237,448.82423704963026,0
TAR,D,20210118,000000,20.6237,20.6237,20.6237,20.6237,1158.675201435945,0
TAR,D,20210119,000000,20.6237,20.6237,19.9633,19.9633,542.1324336994229,0
TAR,D,20210120,000000,19.9633,19.9633,19.9633,19.9633,55.512471424559536,0
TAR,D,20210121,000000,20.6237,20.6237,20.6237,20.6237,474.8087981419752,0
TAR,D,20210122,000000,20.4587,20.4587,19.799,19.799,1530.7268716218593,0
TAR,D,20210125,000000,19.9633,19.9633,19.9633,19.9633,270.47565864306773,0
TAR,D,20210126,000000,19.799,19.799,19.799,19.799,133.46615470160793,0
TAR,D,20210127,000000,18.8084,18.9737,18.8084,18.9737,490.1633115147331,0
TAR,D,20210128,000000,18.9737,18.9737,18.9737,18.9737,739.3788747185953,0
TAR,D,20210129,000000,18.8084,18.8084,18.8084,18.8084,172.44299634011483,0
TAR,D,20210201,000000,18.9737,19.634,18.9737,19.634,294.0979869088377,0
TAR,D,20210202,000000,19.634,19.634,18.9737,18.9737,73.22921762388705,0
TAR,D,20210203,000000,18.9737,18.9737,18.9737,18.9737,103.93824436938702,0
TAR,D,20210204,000000,18.9737,18.9737,18.6443,18.6443,134.64727111489537,0
TAR,D,20210205,000000,18.6443,18.9737,18.6443,18.9737,438.1941893300327,0
TAR,D,20210208,000000,18.9737,18.9737,18.9737,18.9737,421.6585595439874,0
TAR,D,20210209,000000,18.4792,18.4792,18.4792,18.4792,270.47565864306773,0
TAR,D,20210210,000000,18.4792,18.4792,18.4792,18.4792,510.2422905406303,0
TAR,D,20210211,000000,18.9737,18.9737,18.9737,18.9737,146.4584352477804,0
TAR,D,20210212,000000,20.2935,20.2935,20.2935,20.2935,310.6336166948725,0
TAR,D,20210215,000000,20.1285,20.1285,18.8084,18.8084,77.95368327704104,0
TAR,D,20210216,000000,18.9737,18.9737,18.9737,18.9737,48.42577294482853,0
TAR,D,20210218,000000,20.2935,20.2935,20.2935,20.2935,1111.4305449045517,0
TAR,D,20210219,000000,20.6237,20.6237,20.6237,20.6237,2131.9151259856862,0
TAR,D,20210222,000000,21.119,21.2833,21.119,21.2833,894.1051248593876,0
TAR,D,20210223,000000,21.6135,22.4389,21.6135,22.4389,2464.989954533083,0
TAR,D,20210224,000000,23.2636,23.2636,23.2636,23.2636,983.8699722693179,0
TAR,D,20210225,000000,24.0882,24.0882,23.9231,23.9231,957.885411176973,0
TAR,D,20210226,000000,23.9231,23.9231,23.2636,23.2636,242.1288647241479,0
TAR,D,20210301,000000,23.0986,23.2636,23.0986,23.2636,126.37945622186224,0
TAR,D,20210302,000000,23.2636,23.2636,23.2636,23.2636,577.5659260980674,0
TAR,D,20210303,000000,23.2636,23.2636,23.2636,23.2636,1500.0178448763224,0
TAR,D,20210304,000000,23.2636,23.2636,23.2636,23.2636,242.1288647241479,0
TAR,D,20210305,000000,23.9231,24.0882,23.9231,24.0882,924.8141516048929,0
TAR,D,20210308,000000,24.7487,25.5732,24.7487,25.5732,527.9590367399525,0
TAR,D,20210309,000000,25.7384,27.2234,25.7384,27.2234,765.36343581094,0
TAR,D,20210310,000000,27.2234,27.3885,27.2234,27.3885,765.36343581094,0
TAR,D,20210311,000000,28.048,29.0378,28.048,29.0378,1517.7345910756865,0
TAR,D,20210312,000000,29.2029,29.368,29.2029,29.368,1451.5920719316312,0
TAR,D,20210315,000000,29.6981,29.6981,29.5331,29.5331,819.6947908222153,0
TAR,D,20210316,000000,29.368,29.368,29.368,29.368,1188.2031117681836,0
TAR,D,20210317,000000,29.5331,29.5331,29.368,29.368,664.9685406814228,0
TAR,D,20210318,000000,29.368,29.368,29.368,29.368,3.5433492398655018,0
TAR,D,20210322,000000,29.2029,29.2029,28.048,28.048,582.2903917512277,0
TAR,D,20210323,000000,25.2431,25.5732,25.2431,25.5732,2672.866443271843,0
TAR,D,20210324,000000,25.7384,25.7384,25.7384,25.7384,592.9204394708253,0
TAR,D,20210325,000000,27.7178,27.7178,27.7178,27.7178,1.1811164132885008,0
TAR,D,20210326,000000,27.8829,27.8829,27.8829,27.8829,328.35036289419486,0
TAR,D,20210329,000000,27.8829,27.8829,27.8829,27.8829,24.803444679058515,0
TAR,D,20210330,000000,27.5537,27.5537,27.5537,27.5537,41.339074465097525,0
TAR,D,20210331,000000,25.9034,26.398,25.9034,26.398,583.4715081645152,0
TAR,D,20210401,000000,27.8829,27.8829,26.398,27.7178,451.18646987620514,0
TAR,D,20210406,000000,27.7178,28.048,26.7282,26.7282,1599.2316235926153,0
TAR,D,20210408,000000,27.2234,28.048,27.2234,28.048,102.75712795609851,0
TAR,D,20210409,000000,28.3782,28.7085,28.213,28.7085,480.7143802084125,0
TAR,D,20210412,000000,29.2029,29.2029,28.7085,28.7085,1244.896699606065,0
TAR,D,20210413,000000,28.3782,28.3782,28.3782,28.3782,121.65499056872294,0
TAR,D,20210414,000000,28.8735,28.8735,28.8735,28.8735,121.65499056872294,0
TAR,D,20210416,000000,28.7085,28.8735,28.7085,28.8735,242.1288647241479,0
TAR,D,20210419,000000,28.8735,28.8735,28.3782,28.8735,232.6799334178273,0
TAR,D,20210420,000000,28.8735,28.8735,28.3782,28.3782,30.70902674550102,0
TAR,D,20210421,000000,28.3782,28.3782,28.3782,28.3782,2.3622328265770016,0
TAR,D,20210422,000000,28.048,28.7085,28.048,28.7085,266.93230940319484,0
TAR,D,20210423,000000,28.7085,28.7085,26.7282,28.7085,154.72625014079256,0
TAR,D,20210426,000000,28.7085,29.6981,28.7085,29.6981,1690.1775874158225,0
TAR,D,20210429,000000,29.6981,29.6981,29.2029,29.2029,157.08848296737793,0
TAR,D,20210430,000000,28.8735,29.6981,28.8735,29.5331,497.25000999445774,0
TAR,D,20210505,000000,40.4228,40.4228,40.4228,40.4228,1196.470926661269,0
TAR,D,20210506,000000,44.5468,48.6718,40.4228,42.8976,4090.206139218043,0
TAR,D,20210507,000000,44.1346,46.197,41.2474,41.2474,1096.0760315317832,0
TAR,D,20210510,000000,44.96,44.96,37.4527,37.948,1500.0178448763224,0
TAR,D,20210511,000000,37.948,38.4425,37.948,38.4425,170.08076351355038,0
TAR,D,20210512,000000,39.5974,41.2474,39.5974,41.2474,798.4346953830202,0
TAR,D,20210513,000000,41.2474,41.2474,39.2672,39.2672,578.7470425113654,0
TAR,D,20210514,000000,39.2672,40.4228,39.2672,40.4228,74.41033403717555,0
TAR,D,20210517,000000,41.2474,42.8976,41.2474,42.8976,1107.8871956646578,0
TAR,D,20210518,000000,43.7222,47.8471,42.8976,47.4348,692.1342181870551,0
TAR,D,20210519,000000,47.4348,47.4348,45.3722,45.3722,1834.2737898370176,0
TAR,D,20210520,000000,42.4844,44.1346,42.4844,44.1346,157.08848296737793,0
TAR,D,20210521,000000,44.1346,44.1346,44.1346,44.1346,191.340858952735,0
TAR,D,20210524,000000,42.8976,44.5468,38.6075,44.5468,1529.545755208561,0
TAR,D,20210525,000000,45.3722,45.7847,43.7222,43.7222,303.5469182151374,0
TAR,D,20210526,000000,43.7222,45.7847,43.7222,45.3722,174.80522916668974,0
TAR,D,20210527,000000,45.3722,45.3722,43.7222,43.7222,67.32363555744453,0
TAR,D,20210528,000000,43.7222,45.3722,43.3099,44.1346,314.1769659347349,0
TAR,D,20210531,000000,44.96,46.6092,44.5468,46.197,1484.6633315035542,0
TAR,D,20210601,000000,48.6718,48.6718,46.197,47.8471,1621.6728354450663,0
TAR,D,20210602,000000,48.2594,48.6718,47.0216,48.2594,1182.2975297017988,0
TAR,D,20210604,000000,51.6461,51.6461,46.5661,46.5661,120.47387415542498,0
TAR,D,20210607,000000,48.6828,49.5294,48.2594,48.2594,191.340858952735,0
TAR,D,20210608,000000,48.2594,48.2594,46.5661,46.5661,507.8800577140553,0
TAR,D,20210609,000000,44.8727,47.4129,42.1635,46.1428,265.7511929899179,0
TAR,D,20210610,000000,46.5661,46.5661,46.5661,46.5661,478.352147381848,0
TAR,D,20210611,000000,46.5661,46.5661,43.6028,43.6028,844.4982355012833,0
TAR,D,20210614,000000,43.1794,44.8727,42.7562,44.8727,1535.451337275051,0
TAR,D,20210615,000000,44.8727,45.296,44.4494,44.4494,82.67814893019505,0
TAR,D,20210616,000000,42.7562,43.6028,38.6075,43.6028,5574.869470721703,0
TAR,D,20210617,000000,40.6396,42.3329,40.3009,42.3329,2723.6544490432343,0
TAR,D,20210618,000000,43.1794,43.6028,42.3329,42.3329,708.6698479731004,0
TAR,D,20210621,000000,41.3168,43.6028,41.3168,43.6028,857.4905160474452,0
TAR,D,20210622,000000,43.1794,43.6028,41.3168,43.6028,653.1573765485377,0
TAR,D,20210624,000000,43.1794,43.1794,42.3329,42.3329,171.26187992683785,0
TAR,D,20210625,000000,43.1794,43.6028,41.825,43.6028,405.1229297579526,0
TAR,D,20210628,000000,43.6028,43.6028,40.6396,40.6396,800.7969282095951,0
TAR,D,20210629,000000,42.7562,42.7562,42.3329,42.3329,81.49703251690656,0
TAR,D,20210630,000000,42.3329,44.8727,42.3329,44.8727,980.326623029445,0
TAR,D,20210701,000000,44.8727,44.8727,41.3168,44.0262,140.5528531813326,0
TAR,D,20210705,000000,44.0262,44.0262,41.4861,43.1794,999.2244856420652,0
TAR,D,20210706,000000,43.1794,44.0262,42.3329,43.1794,618.9050005631702,0
TAR,D,20210707,000000,42.7562,42.7562,42.3329,42.3329,118.11164132885007,0
TAR,D,20210708,000000,43.1794,43.1794,43.1794,43.1794,116.93052491556261,0
TAR,D,20210709,000000,42.7562,42.7562,42.7562,42.7562,11.81116413288501,0
TAR,D,20210712,000000,41.6555,42.7562,41.4861,41.9942,109.84382643583791,0
TAR,D,20210713,000000,42.7562,42.7562,42.3329,42.7562,87.40261458334905,0
TAR,D,20210714,000000,41.6555,43.1794,41.6555,42.7562,79.13479969032953,0
TAR,D,20210715,000000,43.1794,43.1794,42.7562,43.1794,49.60688935811703,0
TAR,D,20210716,000000,43.1794,43.1794,43.1794,43.1794,172.44299634011483,0
TAR,D,20210719,000000,41.4861,41.4861,41.4861,41.4861,135.82838752818284,0
TAR,D,20210720,000000,41.4861,42.3329,41.3168,41.3168,240.94774831086045,0
TAR,D,20210722,000000,41.4861,41.4861,39.7928,39.7928,92.12708023650201,0
TAR,D,20210723,000000,39.7928,39.7928,39.7928,39.7928,236.22328265770014,0
TAR,D,20210726,000000,42.1635,42.1635,42.1635,42.1635,61.41805349100204,0
TAR,D,20210727,000000,41.4861,41.4861,41.4861,41.4861,23.62232826577002,0
TAR,D,20210728,000000,38.9463,38.9463,38.9463,38.9463,118.11164132885007,0
TAR,D,20210729,000000,40.6396,41.1475,40.6396,41.1475,50.78800577140553,0
TAR,D,20210802,000000,42.7562,42.7562,42.3329,42.3329,318.90143158789516,0
TAR,D,20210804,000000,39.9622,42.3329,39.9622,42.3329,10.630047719596506,0
TAR,D,20210805,000000,42.3329,42.3329,40.3009,42.3329,47.24465653154004,0
TAR,D,20210806,000000,42.3329,42.3329,41.4861,41.4861,167.71853068696498,0
TAR,D,20210809,000000,41.1475,44.0262,41.1475,44.0262,139.37173676804517,0
TAR,D,20210810,000000,43.1794,43.1794,42.7562,42.7562,125.19833980857479,0
TAR,D,20210811,000000,44.0262,44.0262,43.6028,43.6028,194.88420819260784,0
TAR,D,20210812,000000,43.6028,43.6028,41.1475,42.3329,232.6799334178273,0
TAR,D,20210813,000000,42.3329,43.6028,42.3329,43.6028,324.80701365434294,0
TAR,D,20210816,000000,43.6028,44.0262,43.1794,43.1794,1312.2203351635233,0
TAR,D,20210818,000000,43.1794,43.1794,43.1794,43.1794,48.42577294482853,0
TAR,D,20210819,000000,43.1794,43.1794,41.4861,42.3329,141.7339695946201,0
TAR,D,20210820,000000,43.1794,43.1794,43.1794,43.1794,1.1811164132885008,0
TAR,D,20210823,000000,42.7562,43.1794,41.1475,43.1794,86.22149817006056,0
TAR,D,20210824,000000,43.1794,43.1794,43.1794,43.1794,276.3812407095155,0
TAR,D,20210825,000000,43.1794,43.1794,43.1794,43.1794,54.331355011271036,0
TAR,D,20210826,000000,42.3329,42.3329,42.3329,42.3329,35.43349239865503,0
TAR,D,20210827,000000,42.3329,42.3329,40.9782,40.9782,100.39489512952152,0
TAR,D,20210830,000000,41.4861,42.7562,41.4861,42.7562,129.9228054617351,0
TAR,D,20210831,000000,42.7562,44.0262,42.7562,43.6028,681.5041704674576,0
TAR,D,20210902,000000,44.0262,44.0262,41.1475,43.6028,125.19833980857479,0
TAR,D,20210903,000000,43.6028,44.0262,43.6028,43.6028,180.71081123314795,0
TAR,D,20210906,000000,44.0262,44.0262,43.6028,43.6028,105.11936078267762,0
TAR,D,20210907,000000,44.8727,44.8727,43.1794,43.1794,524.4156875001006,0
TAR,D,20210910,000000,43.1794,44.4494,42.7562,44.0262,185.43527688628728,0
TAR,D,20210913,000000,44.0262,44.0262,43.6028,43.6028,237.4043990709876,0
TAR,D,20210914,000000,43.6028,43.6028,43.6028,43.6028,94.489313063079,0
TAR,D,20210915,000000,43.1794,44.0262,43.1794,44.0262,155.90736655408,0
TAR,D,20210916,000000,43.6028,43.6028,43.6028,43.6028,35.43349239865503,0
TAR,D,20210920,000000,42.7562,42.7562,41.4861,41.4861,219.68765287165485,0
TAR,D,20210921,000000,41.4861,42.7562,40.6396,42.7562,311.81473310817046,0
TAR,D,20210923,000000,42.7562,44.4494,42.7562,44.4494,478.352147381848,0
TAR,D,20210924,000000,43.6028,44.8727,42.7562,42.7562,1217.7310221004223,0
TAR,D,20210927,000000,42.7562,44.8727,42.7562,44.4494,323.6258972410555,0
TAR,D,20210928,000000,44.4494,44.4494,44.4494,44.4494,126.37945622186224,0
TAR,D,20210930,000000,44.4494,44.8727,44.4494,44.8727,509.0611741273427,0
TAR,D,20211001,000000,40.6396,40.6396,40.4702,40.4702,3981.543429195472,0
TAR,D,20211004,000000,40.4702,40.4702,39.7928,39.7928,1163.3996670891365,0
TAR,D,20211005,000000,38.7769,38.7769,38.7769,38.7769,864.5772145271804,0
TAR,D,20211006,000000,37.9302,37.9302,37.5915,37.5915,1045.2880257603179,0
TAR,D,20211007,000000,38.2689,39.1155,38.2689,39.1155,197.24644101917227,0
TAR,D,20211008,000000,38.9463,39.2848,38.9463,39.2848,66.14251914415604,0
TAR,D,20211011,000000,40.4702,40.4702,39.7928,39.7928,501.9744756476181,0
TAR,D,20211012,000000,40.1315,40.1315,40.1315,40.1315,232.6799334178273,0
TAR,D,20211013,000000,40.1315,40.1315,40.1315,40.1315,204.33313949890746,0
TAR,D,20211014,000000,40.4702,40.4702,40.4702,40.4702,11.81116413288501,0
TAR,D,20211015,000000,40.4702,40.4702,40.4702,40.4702,36.614608811943526,0
TAR,D,20211018,000000,39.7928,39.7928,39.7928,39.7928,349.61045833338994,0
TAR,D,20211019,000000,39.7928,39.7928,39.7928,39.7928,59.055820664425035,0
TAR,D,20211020,000000,38.9463,38.9463,38.4382,38.4382,434.6508400901598,0
TAR,D,20211021,000000,38.0995,38.0995,38.0995,38.0995,283.4679391892402,0
TAR,D,20211022,000000,37.7609,37.7609,37.2529,37.2529,650.7951437219629,0
TAR,D,20211025,000000,37.4222,37.9302,37.4222,37.9302,264.5700765766304,0
TAR,D,20211026,000000,36.5755,38.0995,36.5755,38.0995,281.10570636265476,0
TAR,D,20211027,000000,38.0995,38.0995,38.0995,38.0995,56.69358783784803,0
TAR,D,20211028,000000,38.0995,38.0995,38.0995,38.0995,77.95368327704104,0
TAR,D,20211029,000000,38.0995,38.0995,38.0995,38.0995,38.97684163852052,0
TAR,D,20211102,000000,38.9463,38.9463,38.9463,38.9463,112.20605926241282,0
TAR,D,20211103,000000,38.0995,38.0995,38.0995,38.0995,246.8533303772977,0
TAR,D,20211104,000000,37.2529,37.2529,37.2529,37.2529,2.3622328265770016,0
TAR,D,20211105,000000,36.5755,36.5755,36.5755,36.5755,472.4465653154003,0
TAR,D,20211108,000000,35.7288,35.7288,35.7288,35.7288,419.296326717423,0
TAR,D,20211110,000000,35.5596,35.5596,35.5596,35.5596,47.24465653154004,0
TAR,D,20211112,000000,34.7129,34.7129,34.7129,34.7129,312.99584952145796,0
TAR,D,20211115,000000,33.8662,33.8662,33.0195,33.0195,621.267233389745,0
TAR,D,20211116,000000,31.3263,32.173,31.3263,32.173,761.8200865710882,0
TAR,D,20211117,000000,33.5276,33.8662,33.5276,33.8662,141.7339695946201,0
TAR,D,20211118,000000,34.8822,34.8822,34.8822,34.8822,141.7339695946201,0
TAR,D,20211119,000000,34.8822,34.8822,34.8822,34.8822,139.37173676804517,0
TAR,D,20211122,000000,33.5276,33.8662,33.5276,33.8662,510.2422905406303,0
TAR,D,20211123,000000,33.5276,33.5276,33.5276,33.5276,150.00178448763225,0
TAR,D,20211124,000000,33.697,33.697,33.697,33.697,83.85926534348356,0
TAR,D,20211125,000000,34.7129,34.7129,34.7129,34.7129,37.795725225232026,0
TAR,D,20211126,000000,34.7129,34.7129,34.7129,34.7129,59.055820664425035,0
TAR,D,20211129,000000,34.7129,34.7129,34.2049,34.2049,49.60688935811703,0
TAR,D,20211130,000000,34.8822,34.8822,34.8822,34.8822,707.4887315598025,0
TAR,D,20211201,000000,34.8822,34.8822,34.8822,34.8822,425.2019087838603,0
TAR,D,20211202,000000,34.8822,34.8822,34.7129,34.7129,4.724465653154003,0
TAR,D,20211203,000000,34.7129,34.7129,34.7129,34.7129,413.3907446509752,0
TAR,D,20211206,000000,34.7129,34.7129,34.7129,34.7129,362.60273887956237,0
TAR,D,20211207,000000,34.8822,34.8822,34.8822,34.8822,193.70309177932043,0
TAR,D,20211208,000000,34.8822,34.8822,34.8822,34.8822,98.03266230294452,0
TAR,D,20211209,000000,34.8822,34.8822,34.0356,34.0356,499.6122428210326,0
TAR,D,20211210,000000,34.7129,34.7129,34.7129,34.7129,35.43349239865503,0
TAR,D,20211213,000000,34.0356,34.0356,34.0356,34.0356,60.23693707771354,0
TAR,D,20211214,000000,33.8662,33.8662,33.8662,33.8662,187.79750971287265,0
TAR,D,20211215,000000,32.3422,32.3422,32.3422,32.3422,393.31176562506755,0
TAR,D,20211216,000000,32.681,32.681,32.681,32.681,164.17518144710266,0
TAR,D,20211217,000000,33.0195,33.0195,33.0195,33.0195,262.2078437500451,0
TAR,D,20211220,000000,33.8662,33.8662,33.8662,33.8662,59.055820664425035,0
TAR,D,20211221,000000,33.8662,33.8662,33.8662,33.8662,274.01900788293005,0
TAR,D,20211222,000000,35.5596,35.5596,34.7129,34.7129,360.24050605299794,0
TAR,D,20211223,000000,34.7129,34.7129,34.7129,34.7129,253.9400288570329,0
TAR,D,20211227,000000,35.5596,35.5596,32.5116,32.5116,490.1633115147331,0
TAR,D,20211228,000000,35.3903,35.5596,35.3903,35.5596,230.3177005912629,0
TAR,D,20211229,000000,35.5596,35.5596,35.3903,35.3903,118.11164132885007,0
TAR,D,20211230,000000,35.5596,35.5596,35.5596,35.5596,144.096202421195,0
TAR,D,20220103,000000,35.5596,39.1155,35.5596,38.9463,1275.6057263516016,0
TAR,D,20220104,000000,38.9463,39.7928,36.4062,38.0995,1425.6075108391815,0
TAR,D,20220105,000000,39.6236,39.6236,35.8982,35.8982,905.9162889922728,0
TAR,D,20220107,000000,36.4062,38.4382,36.4062,38.4382,264.5700765766304,0
TAR,D,20220110,000000,38.4382,38.7769,38.2689,38.7769,75.59145045046405,0
TAR,D,20220111,000000,38.2689,39.7928,36.4062,36.4062,1444.5053734518438,0
TAR,D,20220112,000000,37.0836,37.5915,36.4062,37.0836,258.6644945101827,0
TAR,D,20220113,000000,36.7449,37.2529,36.7449,37.0836,283.4679391892402,0
TAR,D,20220114,000000,37.2529,37.4222,37.2529,37.4222,146.4584352477804,0
TAR,D,20220117,000000,37.2529,37.4222,37.2529,37.4222,681.5041704674576,0
TAR,D,20220118,000000,38.0995,38.0995,37.0836,37.9302,592.9204394708253,0
TAR,D,20220119,000000,37.9302,37.9302,37.5915,37.5915,43.701307291674524,0
TAR,D,20220120,000000,37.5915,37.5915,36.7449,36.7449,186.61639329957472,0
TAR,D,20220121,000000,36.9143,36.9143,36.7449,36.7449,337.7992942005049,0
TAR,D,20220124,000000,37.5915,37.7609,35.7288,35.7288,1101.981613598168,0
TAR,D,20220125,000000,36.9143,36.9143,36.9143,36.9143,80.31591610361805,0
TAR,D,20220126,000000,36.9143,36.9143,36.9143,36.9143,1.1811164132885008,0
TAR,D,20220127,000000,36.7449,36.9143,36.5755,36.9143,203.15202308562002,0
TAR,D,20220128,000000,36.9143,36.9143,36.4062,36.4062,198.42755743245974,0
TAR,D,20220131,000000,36.9143,36.9143,36.7449,36.7449,2.3622328265770016,0
TAR,D,20220201,000000,36.9143,36.9143,33.8662,35.5596,744.1033403717555,0
TAR,D,20220202,000000,35.3903,35.3903,35.3903,35.3903,22.441211852481512,0
TAR,D,20220203,000000,35.8982,35.8982,35.3903,35.3903,4.724465653154003,0
TAR,D,20220204,000000,35.3903,36.4062,35.2208,35.2208,235.0421662444127,0
TAR,D,20220207,000000,35.2208,35.2208,34.0356,35.2208,454.72981911607803,0
TAR,D,20220208,000000,34.8822,34.8822,34.8822,34.8822,59.055820664425035,0
TAR,D,20220209,000000,35.2208,35.2208,34.8822,34.8822,24.803444679058515,0
TAR,D,20220210,000000,34.8822,35.2208,34.8822,34.8822,4.724465653154003,0
TAR,D,20220211,000000,34.7129,34.7129,33.8662,33.8662,305.90915104172274,0
TAR,D,20220214,000000,33.8662,35.0516,33.1889,35.0516,296.46021973541264,0
TAR,D,20220215,000000,34.0356,34.0356,33.1889,34.0356,312.99584952145796,0
TAR,D,20220217,000000,34.8822,34.8822,33.1889,34.8822,159.45071579395284,0
TAR,D,20220218,000000,34.7129,34.7129,34.7129,34.7129,57.87470425113653,0
TAR,D,20220221,000000,33.8662,34.7129,32.8503,32.8503,474.8087981419752,0
TAR,D,20220222,000000,32.173,34.7129,32.173,34.7129,122.83610698201036,0
TAR,D,20220223,000000,34.7129,34.7129,34.7129,34.7129,3.5433492398655018,0
TAR,D,20220224,000000,31.4956,33.8662,28.7864,33.8662,625.9916990429053,0
TAR,D,20220225,000000,33.8662,35.0516,30.4797,35.0516,866.9394473537553,0
TAR,D,20220228,000000,34.7129,34.7129,32.5116,32.5116,400.3984641048028,0
TAR,D,20220301,000000,32.5116,33.5276,32.173,33.5276,201.9709066723326,0
TAR,D,20220302,000000,35.8982,40.4702,35.7288,40.1315,7214.259052366134,0
TAR,D,20220303,000000,42.3329,46.5661,38.0995,39.4541,12369.832196370318,0
TAR,D,20220304,000000,41.3168,41.3168,37.2529,39.6236,2361.051710163704,0
TAR,D,20220307,000000,40.6396,40.6396,37.5915,37.5915,505.51782488746994,0
TAR,D,20220308,000000,37.2529,37.9302,36.4062,36.4062,980.326623029445,0
TAR,D,20220309,000000,37.4222,37.4222,33.8662,36.7449,1438.5997913853541,0
TAR,D,20220310,000000,35.2208,37.4222,32.5116,37.4222,998.0433692287779,0
TAR,D,20220311,000000,37.0836,37.0836,33.8662,35.5596,1450.4109555183336,0
TAR,D,20220314,000000,35.5596,35.8982,35.5596,35.7288,259.8456109234702,0
TAR,D,20220315,000000,35.8982,36.237,34.8822,36.237,164.17518144710266,0
TAR,D,20220316,000000,36.0676,36.237,36.0676,36.237,778.3557163571126,0
TAR,D,20220317,000000,35.7288,36.237,35.7288,36.237,83.85926534348356,0
TAR,D,20220318,000000,36.237,36.237,35.7288,36.0676,161.8129486205173,0
TAR,D,20220321,000000,36.237,36.4062,36.237,36.4062,355.51604039983766,0
TAR,D,20220322,000000,36.4062,36.4062,35.8982,36.4062,322.44478082775754,0
TAR,D,20220323,000000,36.4062,36.4062,34.7129,34.7129,763.0012029843651,0
TAR,D,20220324,000000,34.8822,35.7288,34.8822,35.7288,24.803444679058515,0
TAR,D,20220325,000000,35.7288,35.7288,35.7288,35.7288,233.86104983111474,0
TAR,D,20220328,000000,34.8822,36.237,34.7129,34.7129,263.3889601633325,0
TAR,D,20220329,000000,36.0676,36.237,35.0516,35.0516,89.76484740992605,0
TAR,D,20220331,000000,35.5596,36.4062,35.5596,36.0676,546.8568993525727,0
TAR,D,20220401,000000,36.237,36.4062,36.237,36.237,441.73753856990555,0
TAR,D,20220404,000000,35.8982,35.8982,35.8982,35.8982,347.2482255068255,0
TAR,D,20220405,000000,36.0676,36.237,35.8982,35.8982,334.2559449606426,0
TAR,D,20220406,000000,36.237,36.237,35.8982,35.8982,62.59916990429054,0
TAR,D,20220407,000000,36.0676,36.237,35.8982,35.8982,108.66271002253995,0
TAR,D,20220408,000000,36.237,36.237,36.237,36.237,442.918654983193,0
TAR,D,20220411,000000,36.4062,36.4062,36.237,36.237,473.6276817286877,0
TAR,D,20220412,000000,36.237,36.237,36.0676,36.0676,93.3081966497905,0
TAR,D,20220413,000000,36.237,36.4062,35.8982,35.8982,275.20012429621755,0
TAR,D,20220414,000000,36.0676,36.0676,35.8982,35.8982,283.4679391892402,0
TAR,D,20220420,000000,36.237,36.237,35.7288,35.7288,396.85511486492993,0
TAR,D,20220421,000000,35.2208,36.237,35.2208,36.0676,124.01722339529782,0
TAR,D,20220422,000000,35.8982,35.8982,35.0516,35.0516,23.62232826577002,0
TAR,D,20220425,000000,35.0516,35.5596,35.0516,35.5596,146.4584352477804,0
TAR,D,20220426,000000,35.3903,36.0676,34.8822,34.8822,263.3889601633325,0
TAR,D,20220427,000000,34.8822,34.8822,34.2049,34.2049,61.41805349100204,0
TAR,D,20220428,000000,34.7129,34.7129,34.2049,34.3743,152.36401731421765,0
TAR,D,20220429,000000,35.5596,36.0676,34.3743,36.0676,373.2327865991599,0
TAR,D,20220502,000000,36.0676,36.0676,35.2208,35.2208,206.69537232549288,0
TAR,D,20220504,000000,34.8822,34.8822,33.8662,34.0356,398.0362312782174,0
TAR,D,20220505,000000,33.8662,35.2208,33.8662,33.8662,334.2559449606426,0
TAR,D,20220506,000000,33.697,33.8662,33.0195,33.0195,357.87827322641255,0
TAR,D,20220509,000000,33.0195,35.0516,33.0195,33.1889,544.4946665259978,0
TAR,D,20220510,000000,34.7129,34.7129,33.0195,33.0195,226.77435135139004,0
TAR,D,20220511,000000,33.1889,33.1889,33.1889,33.1889,4.724465653154003,0
TAR,D,20220512,000000,34.5436,34.5436,33.0195,33.0195,479.533263795125,0
TAR,D,20220513,000000,33.0195,33.8662,32.8503,32.8503,16.53562978603901,0
TAR,D,20220516,000000,34.5436,34.5436,34.5436,34.5436,23.62232826577002,0
TAR,D,20220517,000000,33.8662,36.4062,32.8503,36.4062,511.42340695391766,0
TAR,D,20220518,000000,35.0516,35.0516,34.8822,35.0516,103.93824436938702,0
TAR,D,20220519,000000,35.5596,35.5596,35.5596,35.5596,1.1811164132885008,0
TAR,D,20220520,000000,35.0516,35.0516,35.0516,35.0516,303.5469182151374,0
TAR,D,20220523,000000,35.0516,35.0516,34.8822,34.8822,3.5433492398655018,0
TAR,D,20220524,000000,34.8822,34.8822,34.7129,34.7129,64.96140273086755,0
TAR,D,20220525,000000,35.5596,35.5596,35.5596,35.5596,5.905582066442505,0
TAR,D,20220526,000000,34.7129,34.7129,34.7129,34.7129,49.60688935811703,0
TAR,D,20220527,000000,34.7129,35.8982,34.7129,35.8982,49.60688935811703,0
TAR,D,20220530,000000,36.0676,36.237,35.8982,36.237,470.0843324888149,0
TAR,D,20220531,000000,35.5596,35.5596,33.5276,34.3743,2430.737578547653,0
TAR,D,20220601,000000,34.3743,36.0676,34.3743,36.0676,309.4525002815851,0
TAR,D,20220602,000000,35.3903,35.3903,33.697,33.697,114.56829208897723,0
TAR,D,20220603,000000,35.2208,35.2208,35.2208,35.2208,12.992280546173507,0
TAR,D,20220606,000000,35.2208,35.3903,35.0516,35.3903,258.6644945101827,0
TAR,D,20220607,000000,35.3903,35.5596,35.3903,35.3903,248.03444679058515,0
TAR,D,20220608,000000,35.3903,35.5596,35.3903,35.5596,347.2482255068255,0
TAR,D,20220609,000000,35.8982,35.8982,35.3903,35.3903,312.99584952145796,0
TAR,D,20220610,000000,35.3903,35.5596,34.7129,35.0516,146.4584352477804,0
TAR,D,20220613,000000,34.7129,34.8822,34.7129,34.7129,153.5451337275051,0
TAR,D,20220614,000000,34.8822,34.8822,34.8822,34.8822,34.25237598536653,0
TAR,D,20220615,000000,34.8822,34.8822,34.8822,34.8822,98.03266230294452,0
TAR,D,20220617,000000,34.7129,34.8822,34.5436,34.8822,105.11936078267762,0
TAR,D,20220620,000000,34.8822,34.8822,34.8822,34.8822,87.40261458334905,0
TAR,D,20220621,000000,34.8822,34.8822,33.8662,33.8662,402.7606969313777,0
TAR,D,20220622,000000,33.8662,34.3743,33.8662,34.0356,330.7125957207802,0
TAR,D,20220623,000000,34.0356,34.0356,33.8662,33.8662,349.61045833338994,0
TAR,D,20220624,000000,33.8662,35.8982,33.8662,35.2208,781.8990655969855,0
TAR,D,20220627,000000,34.7129,35.8982,34.7129,34.7129,207.87648873876984,0
TAR,D,20220628,000000,35.5596,36.0676,34.0356,36.0676,185.43527688628728,0
TAR,D,20220629,000000,37.3113,38.1997,37.3113,38.1997,473.9049391225011,0
TAR,D,20220701,000000,36.7783,37.3113,35.89,37.3113,21.387633832132188,0
TAR,D,20220704,000000,35.7123,37.1336,34.2908,37.1336,378.22341934717656,0
TAR,D,20220705,000000,36.6005,36.6005,35.5346,36.6005,238.64096696905023,0
TAR,D,20220706,000000,36.2453,36.4229,36.0676,36.4229,398.48538824077247,0
TAR,D,20220707,000000,36.6005,36.6005,35.89,35.89,178.98072522678504,0
TAR,D,20220708,000000,36.6005,36.6005,36.4229,36.4229,852.1283584696672,0
TAR,D,20220711,000000,36.9559,36.9559,36.4229,36.4229,46.152262479863694,0
TAR,D,20220712,000000,36.9559,36.9559,36.9559,36.9559,137.33112250106007,0
TAR,D,20220713,000000,36.2453,37.4889,36.2453,37.4889,113.69215879185434,0
TAR,D,20220715,000000,36.4229,36.4229,36.4229,36.4229,33.76994815599742,0
TAR,D,20220718,000000,36.6005,36.6005,35.7123,35.89,202.6196889359803,0
TAR,D,20220719,000000,35.89,36.2453,35.7123,35.7123,278.03923981770896,0
TAR,D,20220720,000000,36.2453,36.2453,33.7578,35.5346,692.2839371979554,0
TAR,D,20220721,000000,34.4685,35.3569,34.4685,35.0016,112.56649385332122,0
TAR,D,20220722,000000,35.3569,35.5346,35.3569,35.5346,61.91157161932929,0
TAR,D,20220725,000000,35.5346,35.5346,34.6462,34.6462,79.9222106358611,0
TAR,D,20220726,000000,34.6462,34.6462,34.6462,34.6462,675.3989631199482,0
TAR,D,20220727,000000,35.5346,35.5346,34.6462,34.6462,19.136303955064925,0
TAR,D,20220729,000000,34.4685,34.4685,33.9355,33.9355,58.53457680372893,0
TAR,D,20220801,000000,33.9355,35.3569,33.9355,35.3569,171.10107065705327,0
TAR,D,20220802,000000,35.5346,35.5346,35.5346,35.5346,56.28324692666271,0
TAR,D,20220803,000000,34.6462,34.6462,34.6462,34.6462,139.58245237812628,0
TAR,D,20220804,000000,34.6462,34.6462,34.6462,34.6462,3138.353848630681,0
TAR,D,20220805,000000,35.3569,35.3569,35.3569,35.3569,56.28324692666271,0
TAR,D,20220808,000000,35.5346,35.5346,35.5346,35.5346,84.42487038999353,0
TAR,D,20220809,000000,35.5346,35.5346,35.3569,35.3569,4.502659754133059,0
TAR,D,20220816,000000,35.7123,35.7123,35.5346,35.5346,233.01264227638467,0
TAR,D,20220817,000000,36.0676,36.0676,35.89,35.89,6.753989631199484,0
TAR,D,20220818,000000,35.5346,35.5346,35.5346,35.5346,56.28324692666271,0
TAR,D,20220819,000000,34.6462,35.3569,34.6462,35.1792,204.87101881305702,0
TAR,D,20220822,000000,35.0016,35.0016,34.8239,34.8239,84.42487038999353,0
TAR,D,20220823,000000,35.89,35.89,33.9355,35.5346,78.796545697328,0
TAR,D,20220824,000000,35.5346,35.5346,35.5346,35.5346,5.628324692666271,0
TAR,D,20220825,000000,35.5346,35.89,35.3569,35.3569,344.4534711911728,0
TAR,D,20220826,000000,35.3569,35.7123,34.6462,34.6462,121.57181336158608,0
TAR,D,20220829,000000,35.1792,35.1792,33.7578,33.7578,182.35772004238436,0
TAR,D,20220830,000000,34.1132,35.1792,34.1132,35.1792,58.53457680372893,0
TAR,D,20220831,000000,34.6462,35.0016,34.2908,34.2908,78.796545697328,0
TAR,D,20220901,000000,35.1792,35.1792,33.7578,33.7578,138.45678743959317,0
TAR,D,20220902,000000,33.9355,33.9355,33.9355,33.9355,49.52925729546302,0
TAR,D,20220905,000000,33.9355,33.9355,33.9355,33.9355,14.633644200932492,0
TAR,D,20220906,000000,33.9355,33.9355,33.9355,33.9355,37.14694297159778,0
TAR,D,20220907,000000,33.9355,33.9355,33.7578,33.7578,21.387633832132188,0
TAR,D,20220908,000000,33.7578,33.7578,33.4025,33.4025,150.83910176345736,0
TAR,D,20220909,000000,33.9355,33.9355,33.7578,33.9355,85.55053532852772,0
TAR,D,20220912,000000,33.7578,33.9355,33.4025,33.4025,169.9754057185202,0
TAR,D,20220913,000000,33.9355,33.9355,33.9355,33.9355,18.010639016531815,0
TAR,D,20220915,000000,34.8239,34.8239,34.8239,34.8239,28.14162346333083,0
TAR,D,20220916,000000,34.6462,34.6462,34.6462,34.6462,36.02127803306363,0
TAR,D,20220919,000000,34.6462,34.6462,34.6462,34.6462,25.890293586264615,0
TAR,D,20220920,000000,34.4685,34.4685,34.2908,34.2908,3.376994815599742,0
TAR,D,20220921,000000,34.6462,34.6462,34.2908,34.2908,83.29920545146044,0
TAR,D,20220923,000000,34.4685,34.4685,33.9355,33.9355,6.753989631199484,0
TAR,D,20220926,000000,33.7578,34.4685,33.7578,34.4685,2.2513298770665293,0
TAR,D,20220927,000000,34.1132,34.2908,33.7578,34.2908,117.06915360745364,0
TAR,D,20220928,000000,34.2908,34.2908,33.9355,33.9355,36.02127803306363,0
TAR,D,20220929,000000,33.9355,33.9355,33.7578,33.7578,323.0658373590437,0
TAR,D,20220930,000000,33.7578,33.7578,33.7578,33.7578,23.6389637091984,0
TAR,D,20221003,000000,34.2908,34.6462,34.2908,34.6462,207.12234869012323,0
TAR,D,20221004,000000,34.6462,34.6462,34.1132,34.1132,9.005319508266014,0
TAR,D,20221005,000000,33.7578,33.7578,33.7578,33.7578,19.136303955064925,0
TAR,D,20221006,000000,34.6462,35.0016,33.7578,33.7578,318.56317760491135,0
TAR,D,20221007,000000,33.5801,33.5801,32.8695,32.8695,99.05851459092604,0
TAR,D,20221010,000000,34.8239,34.8239,34.8239,34.8239,5.628324692666271,0
TAR,D,20221013,000000,34.6462,34.6462,34.6462,34.6462,6.753989631199484,0
TAR,D,20221017,000000,34.4685,34.4685,32.1588,32.3365,682.1529527511469,0
TAR,D,20221018,000000,32.8695,33.0472,32.8695,33.0472,47.2779274183968,0
TAR,D,20221020,000000,34.4685,34.4685,34.2908,34.2908,6.753989631199484,0
TAR,D,20221021,000000,34.1132,34.1132,31.9811,34.1132,339.9508114370404,0
TAR,D,20221024,000000,34.1132,34.1132,34.1132,34.1132,461.5226247986369,0
TAR,D,20221025,000000,34.1132,34.1132,34.1132,34.1132,11.256649385332123,0
TAR,D,20221026,000000,34.1132,34.1132,34.1132,34.1132,13.507979262399386,0
TAR,D,20221027,000000,33.9355,33.9355,33.2249,33.2249,111.44082891478811,0
TAR,D,20221028,000000,33.7578,34.6462,33.2249,34.6462,43.90093260279643,0
TAR,D,20221031,000000,33.9355,35.0016,32.3365,35.0016,175.60373041118572,0
TAR,D,20221102,000000,34.8239,34.8239,34.8239,34.8239,28.14162346333083,0
TAR,D,20221103,000000,34.6462,34.6462,34.4685,34.6462,133.95412768546075,0
TAR,D,20221104,000000,34.6462,34.6462,34.6462,34.6462,20.261968893598034,0
TAR,D,20221108,000000,34.2908,34.2908,34.2908,34.2908,5.628324692666271,0
TAR,D,20221109,000000,34.1132,34.4685,33.5801,33.7578,1412.709497859207,0
TAR,D,20221114,000000,33.5801,34.6462,33.5801,33.7578,227.38431758371914,0
TAR,D,20221115,000000,35.0016,35.0016,35.0016,35.0016,46.152262479863694,0
TAR,D,20221116,000000,34.2908,34.2908,34.2908,34.2908,126.074473115729,0
TAR,D,20221117,000000,34.2908,35.0016,33.7578,35.0016,1994.678271080918,0
TAR,D,20221118,000000,34.6462,34.6462,34.2908,34.2908,65.28856643492863,0
TAR,D,20221121,000000,34.4685,34.4685,34.4685,34.4685,18.010639016531815,0
TAR,D,20221122,000000,35.0016,35.0016,34.4685,34.6462,49.52925729546302,0
TAR,D,20221123,000000,34.4685,34.4685,34.4685,34.4685,6.753989631199484,0
TAR,D,20221124,000000,34.6462,34.6462,34.4685,34.4685,94.5558548367936,0
TAR,D,20221125,000000,34.2908,34.2908,33.9355,33.9355,3216.024729389497,0
TAR,D,20221128,000000,34.4685,34.4685,34.1132,34.1132,2983.012087113154,0
TAR,D,20221129,000000,34.2908,34.6462,34.1132,34.6462,392.8570635481069,0
TAR,D,20221130,000000,34.6462,35.5346,34.6462,35.0016,1601.8212075328322,0
TAR,D,20221201,000000,35.3569,35.3569,35.3569,35.3569,70.9168911275952,0
TAR,D,20221202,000000,35.3569,35.3569,34.6462,34.6462,234.1383072149178,0
TAR,D,20221205,000000,34.4685,34.4685,34.2908,34.4685,1463.3644200932492,0
TAR,D,20221206,000000,33.7578,34.2908,33.7578,34.2908,114.81782373038745,0
TAR,D,20221207,000000,34.2908,34.2908,34.2908,34.2908,275.7879099406428,0
TAR,D,20221208,000000,34.2908,34.2908,33.7578,33.7578,681.0272878126138,0
TAR,D,20221209,000000,34.2908,34.4685,34.2908,34.4685,225.13298770665293,0
TAR,D,20221212,000000,34.4685,34.4685,32.3365,34.4685,905.0346105807337,0
TAR,D,20221213,000000,34.1132,34.1132,32.6918,32.6918,149.71343682492426,0
TAR,D,20221214,000000,34.2908,34.6462,34.2908,34.6462,86.6762002670608,0
TAR,D,20221215,000000,34.6462,34.6462,34.6462,34.6462,279.1649047562421,0
TAR,D,20221216,000000,34.6462,34.6462,34.4685,34.6462,131.70279780839454,0
TAR,D,20221219,000000,34.6462,34.6462,34.1132,34.1132,61.91157161932929,0
TAR,D,20221220,000000,34.1132,34.1132,32.8695,32.8695,661.890983857551,0
TAR,D,20221221,000000,34.2908,34.2908,33.9355,33.9355,237.51530203051712,0
TAR,D,20221222,000000,33.9355,34.2908,33.9355,34.2908,112.56649385332122,0
TAR,D,20221223,000000,33.0472,33.7578,33.0472,33.7578,374.8464245315772,0
TAR,D,20221227,000000,33.7578,33.7578,33.7578,33.7578,99.05851459092604,0
TAR,D,20221228,000000,34.1132,34.2908,34.1132,34.2908,45.02659754133059,0
TAR,D,20221229,000000,33.2249,34.2908,33.2249,33.4025,79.9222106358611,0
TAR,D,20221230,000000,34.2908,34.6462,34.1132,34.6462,315.186182789312,0
TAR,D,20230102,000000,33.7578,34.6462,33.7578,34.6462,476.1562689995673,0
TAR,D,20230103,000000,34.4685,34.4685,34.4685,34.4685,36.02127803306363,0
TAR,D,20230104,000000,34.2908,34.2908,33.7578,33.7578,562.8324692666271,0
TAR,D,20230109,000000,34.6462,34.6462,34.4685,34.4685,67.53989631199484,0
TAR,D,20230110,000000,34.4685,34.4685,33.7578,34.4685,617.9900512547598,0
TAR,D,20230111,000000,34.6462,34.6462,33.7578,34.6462,494.16690801609707,0
TAR,D,20230112,000000,34.4685,34.4685,33.9355,34.2908,247.64628647731507,0
TAR,D,20230113,000000,34.2908,34.2908,34.2908,34.2908,12.38231432386628,0
TAR,D,20230116,000000,34.6462,34.6462,34.1132,34.1132,588.7227628528885,0
TAR,D,20230117,000000,35.3569,35.5346,35.3569,35.5346,43.90093260279643,0
TAR,D,20230118,000000,35.5346,35.5346,34.8239,35.5346,267.90825537091104,0
TAR,D,20230119,000000,36.4229,37.8443,36.4229,37.4889,443.5119857820968,0
TAR,D,20230120,000000,37.4889,37.8443,37.3113,37.6666,280.2905696947752,0
TAR,D,20230123,000000,38.1997,38.1997,37.8443,37.8443,137.33112250106007,0
TAR,D,20230124,000000,37.8443,37.8443,36.0676,36.0676,61.91157161932929,0
TAR,D,20230125,000000,37.1336,37.1336,35.5346,35.5346,225.13298770665293,0
TAR,D,20230126,000000,35.5346,35.5346,35.3569,35.5346,194.74003436624855,0
TAR,D,20230127,000000,36.7783,36.7783,34.6462,36.6005,140.70811731665938,0
TAR,D,20230130,000000,35.5346,36.6005,34.6462,34.8239,320.81450748197756,0
TAR,D,20230131,000000,36.4229,36.4229,34.6462,36.4229,625.8697058244916,0
TAR,D,20230201,000000,36.6005,36.9559,36.4229,36.9559,225.13298770665293,0
TAR,D,20230202,000000,36.4229,36.9559,35.7123,36.9559,155.3417615175898,0
TAR,D,20230206,000000,37.3113,37.3113,35.1792,35.5346,728.3052152310148,0
TAR,D,20230207,000000,36.2453,38.1997,35.89,38.1997,1569.1769243153406,0
TAR,D,20230208,000000,38.1997,38.3773,36.9559,36.9559,49.52925729546302,0
TAR,D,20230209,000000,37.3113,39.0881,36.4229,38.1997,243.14362672318268,0
TAR,D,20230210,000000,37.4889,37.4889,37.4889,37.4889,22.513298770665294,0
TAR,D,20230213,000000,37.8443,39.9764,37.8443,39.2656,724.9282204154155,0
TAR,D,20230214,000000,39.9764,41.7532,38.555,38.555,4070.404417736262,0
TAR,D,20230215,000000,39.0881,41.3978,39.0881,40.687,705.7919164603527,0
TAR,D,20230216,000000,40.687,40.8648,40.5094,40.5094,141.8337822551925,0
TAR,D,20230217,000000,40.687,41.7532,39.7986,41.7532,704.6662515218196,0
TAR,D,20230220,000000,41.7532,41.7532,41.7532,41.7532,19.136303955064925,0
TAR,D,20230222,000000,41.2201,41.2201,40.154,40.154,118.19481854598675,0
TAR,D,20230223,000000,38.1997,39.2656,38.1997,38.9103,346.70480106823896,0
TAR,D,20230224,000000,38.1997,39.4433,38.1997,39.4433,289.2958892030505,0
TAR,D,20230227,000000,39.621,41.5754,38.1997,38.1997,733.9335399236804,0
TAR,D,20230228,000000,38.1997,38.1997,35.89,38.022,1811.1948861000112,0
TAR,D,20230301,000000,36.6005,40.154,36.4229,37.4889,614.6130564391605,0
TAR,D,20230302,000000,37.1336,38.7327,35.89,38.555,360.2127803306363,0
TAR,D,20230303,000000,40.154,41.0424,38.1997,40.687,271.2852501865104,0
TAR,D,20230306,000000,40.687,40.687,38.3773,38.7327,37.14694297159778,0
TAR,D,20230307,000000,39.0881,41.2201,38.3773,39.0881,472.779274183968,0
TAR,D,20230309,000000,39.0881,40.8648,39.0881,40.8648,212.75067338278876,0
TAR,D,20230310,000000,40.687,41.2201,38.1997,39.9764,567.3351290207596,0
TAR,D,20230313,000000,39.7986,40.5094,38.1997,40.5094,244.26929166171576,0
TAR,D,20230314,000000,40.5094,41.7532,38.7327,41.7532,479.53326381516666,0
TAR,D,20230315,000000,40.154,41.5754,39.9764,39.9764,330.9454919287755,0
TAR,D,20230316,000000,39.2656,39.9764,39.2656,39.9764,4.502659754133059,0
TAR,D,20230317,000000,41.0424,41.7532,38.1997,39.9764,984.9568212165948,0
TAR,D,20230320,000000,39.2656,39.9764,39.0881,39.2656,217.25333313692119,0
TAR,D,20230321,000000,39.2656,39.9764,38.7327,39.9764,446.8889805977065,0
TAR,D,20230322,000000,38.9103,39.9764,38.9103,39.621,823.9867350063395,0
TAR,D,20230323,000000,39.9764,39.9764,39.4433,39.9764,378.22341934717656,0
TAR,D,20230324,000000,39.9764,39.9764,39.7986,39.7986,65.28856643492863,0
TAR,D,20230327,000000,39.0881,39.9764,37.8443,39.9764,212.75067338278876,0
TAR,D,20230328,000000,39.9764,39.9764,39.7986,39.7986,459.27129492157076,0
TAR,D,20230329,000000,39.7986,39.9764,39.7986,39.9764,166.59841090292088,0
TAR,D,20230330,000000,39.9764,47.0832,39.9764,44.8623,2694.841862848657,0
TAR,D,20230331,000000,44.8623,52.4135,43.5298,47.9715,2017.19156985158,0
TAR,D,20230403,000000,48.86,52.4135,45.7507,45.7507,1070.5073565451635,0
TAR,D,20230404,000000,45.7507,48.86,45.7507,47.5274,383.85174403984206,0
TAR,D,20230405,000000,47.5274,47.5274,47.0832,47.0832,83.29920545146044,0
TAR,D,20230406,000000,47.0832,47.0832,46.1948,46.1948,138.45678743959317,0
TAR,D,20230411,000000,46.1948,48.86,45.7507,48.86,1022.1037641881978,0
TAR,D,20230412,000000,48.4158,48.86,45.7507,48.86,209.37367856718944,0
TAR,D,20230413,000000,48.86,48.86,45.7507,48.86,105.81250422212257,0
TAR,D,20230414,000000,46.639,48.4158,46.639,47.9715,93.43018989825946,0
TAR,D,20230417,000000,47.9715,49.7484,47.9715,48.4158,236.389637091984,0
TAR,D,20230418,000000,47.5274,47.5274,43.3521,45.7507,896.0292910724688,0
TAR,D,20230419,000000,49.7484,49.7484,48.86,48.86,251.02328129291442,0
TAR,D,20230420,000000,46.3726,47.9715,46.3726,47.9715,24.76462864773151,0
TAR,D,20230421,000000,46.3726,46.7279,43.9739,46.0172,1028.8577538193965,0
TAR,D,20230424,000000,47.4386,47.6163,46.1948,46.1948,16.88497407799871,0
TAR,D,20230426,000000,46.0172,46.9056,46.0172,46.9056,58.53457680372893,0
TAR,D,20230427,000000,46.9056,46.9056,46.7279,46.7279,94.5558548367936,0
TAR,D,20230428,000000,46.3726,47.0832,46.3726,47.0832,289.2958892030505,0
TAR,D,20230502,000000,47.0832,47.0832,47.0832,47.0832,1509.5166825730753,0
TAR,D,20230504,000000,48.327,48.86,48.327,48.86,1147.0525723653727,0
TAR,D,20230505,000000,48.86,49.7484,48.327,48.86,1419.4634874904268,0
TAR,D,20230508,000000,48.327,49.7484,45.3064,46.3726,1002.9674602331245,0
TAR,D,20230509,000000,47.0832,47.0832,45.6618,46.9056,1139.1729177956515,0
TAR,D,20230510,000000,47.794,47.794,47.0832,47.0832,5.628324692666271,0
TAR,D,20230511,000000,47.261,47.261,45.3064,45.3064,1071.633021483665,0
TAR,D,20230512,000000,45.4842,45.4842,44.9513,45.3064,168.84974077998706,0
TAR,D,20230515,000000,45.3064,45.6618,45.3064,45.4842,178.98072522678504,0
TAR,D,20230516,000000,45.4842,45.4842,45.4842,45.4842,572.9634537134251,0
TAR,D,20230517,000000,45.8396,46.7279,45.8396,46.1948,21.387633832132188,0
TAR,D,20230518,000000,46.1948,46.1948,45.8396,45.8396,23.6389637091984,0
TAR,D,20230519,000000,46.1948,46.1948,44.2405,44.3293,191.36303955064923,0
TAR,D,20230522,000000,45.1288,46.0172,45.1288,46.0172,16.88497407799871,0
TAR,D,20230523,000000,46.0172,46.1948,46.0172,46.1948,226.25865264518606,0
TAR,D,20230524,000000,45.8396,45.8396,45.8396,45.8396,104.6868392835926,0
TAR,D,20230525,000000,46.1948,47.9715,45.4842,45.4842,810.4787557439423,0
TAR,D,20230526,000000,46.1948,47.794,45.4842,47.794,169.9754057185202,0
TAR,D,20230529,000000,47.794,47.794,47.794,47.794,1.1256649385332123,0
TAR,D,20230530,000000,47.6163,47.6163,47.6163,47.6163,33.76994815599742,0
TAR,D,20230531,000000,45.4842,45.4842,40.8648,40.8648,4602.843933662432,0
TAR,D,20230601,000000,40.8648,40.8648,38.6438,38.7327,2377.404350182279,0
TAR,D,20230602,000000,38.6438,40.8648,38.6438,40.8648,222.88165782958671,0
TAR,D,20230605,000000,41.4866,41.4866,41.0424,41.0424,227.38431758371914,0
TAR,D,20230606,000000,41.0424,41.0424,40.154,40.154,6.753989631199484,0
TAR,D,20230607,000000,41.0424,42.6415,40.4206,40.8648,445.76331565916297,0
TAR,D,20230609,000000,40.8648,42.5526,40.8648,42.0196,1472.3697396014722,0
TAR,D,20230612,000000,42.6415,42.7303,42.0196,42.5526,264.5312605553117,0
TAR,D,20230613,000000,42.5526,43.3521,42.0196,42.6415,300.5525385883816,0
TAR,D,20230614,000000,43.0856,43.8851,42.375,42.375,2347.0113968417913,0
TAR,D,20230615,000000,43.3521,43.3521,42.5526,43.0856,111.44082891478811,0
TAR,D,20230616,000000,43.1745,43.3521,43.0856,43.1745,425.50134676556706,0
TAR,D,20230619,000000,43.3521,43.6186,43.3521,43.6186,1179.6968555828644,0
TAR,D,20230620,000000,43.5298,45.3064,41.7532,45.1288,1521.898996896908,0
TAR,D,20230621,000000,46.336,46.336,42.3432,43.086,578.3037145504716,0
TAR,D,20230622,000000,44.8503,45.3146,43.086,43.086,246.61368832785473,0
TAR,D,20230623,000000,43.9218,43.9218,43.9218,43.9218,1.0769156695539506,0
TAR,D,20230626,000000,43.1788,45.036,43.1788,43.6432,18.30756638241716,0
TAR,D,20230627,000000,44.8503,45.2218,41.136,41.136,188.46024217194136,0
TAR,D,20230628,000000,41.3218,44.5717,40.8575,44.3861,95.84549459030161,0
TAR,D,20230629,000000,44.3861,44.3861,42.7145,42.7145,229.3830376149915,0
TAR,D,20230630,000000,42.7145,42.7145,42.7145,42.7145,60.30727749502124,0
TAR,D,20230703,000000,44.5717,44.8503,44.4789,44.7575,199.22939886748088,0
TAR,D,20230704,000000,44.4789,44.5717,44.4789,44.4789,20.46139772152506,0
TAR,D,20230705,000000,43.1788,44.6646,42.7145,44.1075,153.99894074621494,0
TAR,D,20230706,000000,43.1788,43.6432,43.1788,43.1788,183.0756638241716,0
TAR,D,20230707,000000,43.5503,43.5503,43.4575,43.4575,65.691855842791,0
TAR,D,20230710,000000,42.9003,43.4575,42.7145,43.4575,52.76886780814358,0
TAR,D,20230711,000000,43.6432,43.6432,43.6432,43.6432,90.46091624253187,0
TAR,D,20230712,000000,44.0146,44.0146,44.0146,44.0146,63.53802450368309,0
TAR,D,20230713,000000,43.6432,44.4789,43.6432,44.4789,114.15306097271878,0
TAR,D,20230714,000000,44.4789,44.5717,43.6432,44.5717,286.4595681013509,0
TAR,D,20230717,000000,44.5717,44.5717,42.7145,44.1075,131.383711685582,0
TAR,D,20230718,000000,44.0146,44.4789,44.0146,44.4789,192.76790485015718,0
TAR,D,20230719,000000,44.4789,44.5717,41.6003,43.6432,328.4592792139549,0
TAR,D,20230720,000000,43.2717,43.6432,43.2717,43.6432,40.92279544305012,0
TAR,D,20230721,000000,44.5717,44.5717,44.5717,44.5717,32.30747008661852,0
TAR,D,20230724,000000,44.2003,44.5717,43.6432,43.6432,63.53802450368309,0
TAR,D,20230725,000000,43.6432,43.6432,43.6432,43.6432,61.38419316457519,0
TAR,D,20230726,000000,43.6432,43.6432,43.4575,43.4575,17.23065071286321,0
TAR,D,20230727,000000,43.6432,44.3861,42.7145,44.3861,160.46043476353864,0
TAR,D,20230728,000000,43.6432,43.6432,42.9003,43.4575,46.30737379081988,0
TAR,D,20230731,000000,43.6432,43.6432,42.9003,43.6432,36.61513276483432,0
TAR,D,20230801,000000,43.6432,43.6432,43.1788,43.1788,97.99932592940951,0
TAR,D,20230802,000000,43.6432,43.6432,43.1788,43.6432,78.61484387743839,0
TAR,D,20230803,000000,43.6432,43.8289,43.2717,43.2717,179.84491681550975,0
TAR,D,20230804,000000,43.6432,43.6432,43.2717,43.6432,141.07595271156754,0
TAR,D,20230807,000000,43.6432,43.6432,43.2717,43.2717,313.38245984019966,0
TAR,D,20230808,000000,43.6432,43.6432,43.086,43.086,46.30737379081988,0
TAR,D,20230809,000000,42.9003,43.086,42.7145,42.7145,74.3071811992226,0
TAR,D,20230810,000000,43.086,43.1788,43.086,43.1788,22.615229060632966,0
TAR,D,20230811,000000,42.436,43.4575,42.436,43.086,489.9966296470476,0
TAR,D,20230814,000000,43.6432,43.6432,42.8074,42.8074,1006.916151032944,0
TAR,D,20230816,000000,43.3646,43.3646,43.3646,43.3646,281.0749897535811,0
TAR,D,20230817,000000,43.086,43.086,42.8074,42.8074,5.384578347769754,0
TAR,D,20230818,000000,43.1788,43.6432,42.5288,42.8074,187.38332650238743,0
TAR,D,20230821,000000,43.4575,43.6432,43.4575,43.6432,111.99922963361088,0
TAR,D,20230822,000000,42.8074,42.8074,42.8074,42.8074,62.46110883412914,0
TAR,D,20230823,000000,42.7145,43.086,42.5288,43.086,17.23065071286321,0
TAR,D,20230824,000000,43.1788,43.1788,43.1788,43.1788,174.46033846774003,0
TAR,D,20230825,000000,43.1788,43.5503,43.1788,43.4575,54.92269914725148,0
TAR,D,20230828,000000,43.3646,43.6432,43.3646,43.6432,66.76877151234494,0
TAR,D,20230829,000000,43.5503,43.6432,43.5503,43.6432,4630.7373790819875,0
TAR,D,20230830,000000,43.6432,43.6432,43.5503,43.5503,1543.2201544708112,0
TAR,D,20230831,000000,43.6432,43.6432,43.6432,43.6432,32.30747008661852,0
TAR,D,20230901,000000,43.6432,43.6432,43.2717,43.2717,223.99845926722176,0
TAR,D,20230904,000000,43.086,43.6432,42.7145,43.3646,66.76877151234494,0
TAR,D,20230905,000000,43.6432,44.1075,42.7145,42.7145,1618.604251339588,0
TAR,D,20230906,000000,43.2717,44.1075,42.8074,43.8289,250.92135100607052,0
TAR,D,20230907,000000,43.6432,44.0146,43.6432,44.0146,147.53744672889124,0
TAR,D,20230908,000000,43.8289,43.8289,43.8289,43.8289,46.30737379081988,0
TAR,D,20230911,000000,43.9218,43.9218,43.9218,43.9218,62.46110883412914,0
TAR,D,20230912,000000,41.8789,43.9218,41.8789,43.9218,130.30679601602804,0
TAR,D,20230913,000000,43.3646,43.6432,43.3646,43.6432,3.230747008661852,0
TAR,D,20230914,000000,42.7145,43.6432,42.7145,43.5503,492.1504609861555,0
TAR,D,20230915,000000,43.8289,44.4789,43.3646,43.3646,176.6141698068479,0
TAR,D,20230918,000000,44.3861,44.3861,42.7145,43.9218,34.46130142572642,0
TAR,D,20230919,000000,44.2932,44.2932,44.1075,44.1075,103.38390427717927,0
TAR,D,20230920,000000,44.1075,44.2932,44.1075,44.1075,341.3822672486023,0
TAR,D,20230921,000000,43.9218,43.9218,43.9218,43.9218,157.22968775487678,0
TAR,D,20230922,000000,44.1075,44.2932,41.786,43.9218,737.6872336444562,0
TAR,D,20230925,000000,41.8789,43.9218,41.8789,43.736,8.615325356431605,0
TAR,D,20230926,000000,43.5503,43.5503,43.5503,43.5503,5.384578347769754,0
TAR,D,20230927,000000,43.1788,43.1788,43.1788,43.1788,1.0769156695539506,0
TAR,D,20230928,000000,43.1788,43.1788,42.9003,42.9003,349.997592605034,0
TAR,D,20230929,000000,43.1788,43.6432,43.1788,43.4575,442.61234018667375,0
TAR,D,20231002,000000,43.9218,44.4789,43.086,43.086,1281.5296467692015,0
TAR,D,20231003,000000,42.9003,42.9003,42.436,42.436,162.61426610264655,0
TAR,D,20231004,000000,42.436,42.436,42.0646,42.2502,248.76751966696258,0
TAR,D,20231005,000000,42.2502,42.2502,42.2502,42.2502,155.0758564157689,0
TAR,D,20231006,000000,43.2717,43.2717,43.2717,43.2717,2.153831339107901,0
TAR,D,20231010,000000,41.6931,42.7145,41.3218,42.7145,818.4559088610026,0
TAR,D,20231011,000000,42.5288,42.7145,42.5288,42.7145,284.305736762243,0
TAR,D,20231012,000000,41.786,42.7145,41.6003,41.6003,895.993837068887,0
TAR,D,20231013,000000,41.6003,42.7145,41.6003,41.6003,275.69041140581135,0
TAR,D,20231016,000000,42.7145,42.7145,42.7145,42.7145,984.300921972311,0
TAR,D,20231017,000000,41.5074,41.786,41.5074,41.5074,589.0728712460111,0
TAR,D,20231018,000000,42.2502,42.2502,41.786,41.786,555.6884854898386,0
TAR,D,20231019,000000,42.1574,42.1574,41.8789,41.8789,127.07604900736618,0
TAR,D,20231020,000000,42.1574,42.3432,41.786,41.786,534.1501720987595,0
TAR,D,20231024,000000,41.6003,42.2502,41.6003,42.2502,45.23045812126593,0
TAR,D,20231025,000000,42.3432,42.3432,41.786,42.1574,22.615229060632966,0
TAR,D,20231026,000000,41.9717,42.3432,39.9288,42.3432,278.9211584144732,0
TAR,D,20231027,000000,42.3432,42.3432,42.3432,42.3432,1.0769156695539506,0
TAR,D,20231030,000000,42.3432,42.3432,42.3432,42.3432,20.46139772152506,0
TAR,D,20231031,000000,42.3432,45.5003,42.3432,44.5717,601.9958592806585,0
TAR,D,20231102,000000,44.5717,44.5717,44.4789,44.4789,121.69147065959643,0
TAR,D,20231103,000000,44.4789,44.4789,43.9218,43.9218,444.76617152578166,0
TAR,D,20231106,000000,43.9218,44.5717,43.9218,44.5717,19.384482051971112,0
TAR,D,20231107,000000,44.5717,44.5717,42.1574,44.3861,167.99884445041633,0
TAR,D,20231108,000000,44.0146,44.0146,42.0646,43.6432,721.5334986011469,0
TAR,D,20231109,000000,43.6432,43.6432,43.6432,43.6432,5.384578347769754,0
TAR,D,20231110,000000,43.2717,43.6432,43.2717,43.6432,320.9208695270773,0
TAR,D,20231113,000000,42.7145,42.7145,42.7145,42.7145,269.2289173884876,0
TAR,D,20231114,000000,42.7145,43.086,42.7145,42.7145,146.46053105933728,0
TAR,D,20231115,000000,43.086,43.086,43.086,43.086,5.384578347769754,0
TAR,D,20231116,000000,43.1788,43.3646,43.086,43.086,130.30679601602804,0
TAR,D,20231120,000000,43.2717,43.2717,43.2717,43.2717,263.8443390407179,0
TAR,D,20231122,000000,42.9003,42.9003,42.7145,42.9003,48.46120512992778,0
TAR,D,20231123,000000,42.7145,42.7145,42.7145,42.7145,38.768964103942224,0
TAR,D,20231124,000000,44.2003,44.2003,43.736,43.736,61.38419316457519,0
TAR,D,20231127,000000,42.7145,42.7145,42.1574,42.436,192.76790485015718,0
TAR,D,20231128,000000,42.5288,44.4789,42.5288,44.4789,1025.223717415361,0
TAR,D,20231129,000000,43.1788,44.4789,43.1788,44.4789,260.6135920320561,0
TAR,D,20231130,000000,44.3861,44.3861,44.3861,44.3861,43.07662678215803,0
TAR,D,20231201,000000,43.9218,43.9218,43.4575,43.4575,120.61455499004248,0
TAR,D,20231204,000000,43.736,45.5003,43.736,45.5003,1077.9925852235049,0
TAR,D,20231205,000000,43.5503,43.5503,43.2717,43.2717,21.538313391079015,0
TAR,D,20231206,000000,43.3646,44.2003,43.086,43.086,1347.2215026119923,0
TAR,D,20231207,000000,43.086,43.086,42.9931,43.086,38.768964103942224,0
TAR,D,20231208,000000,43.5503,45.5003,43.5503,45.5003,743.071811992226,0
TAR,D,20231211,000000,45.036,45.036,40.8575,44.5717,2291.676544810807,0
TAR,D,20231212,000000,44.5717,44.5717,42.7145,44.5717,127.07604900736618,0
TAR,D,20231213,000000,44.5717,44.5717,44.5717,44.5717,359.6898336310195,0
TAR,D,20231214,000000,44.5717,44.7575,44.5717,44.5717,871.2247766691461,0
TAR,D,20231215,000000,44.9432,44.9432,44.5717,44.5717,170.1526757895242,0
TAR,D,20231218,000000,45.036,45.036,44.5717,45.036,1230.9146103001658,0
TAR,D,20231219,000000,45.3146,45.3146,44.5717,44.5717,109.84539829450296,0
TAR,D,20231220,000000,44.5717,44.9432,44.5717,44.9432,603.0727749502124,0
TAR,D,20231221,000000,44.5717,45.9646,44.5717,44.7575,1281.5296467692015,0
TAR,D,20231222,000000,44.7575,44.7575,44.7575,44.7575,88.30708490342396,0
TAR,D,20231227,000000,44.7575,44.7575,44.5717,44.5717,412.4587014391631,0
TAR,D,20231228,000000,44.5717,45.036,44.5717,45.036,415.689448447825,0
TAR,D,20231229,000000,45.1288,45.686,44.5717,45.686,870.1478609995921,0
TAR,D,20240102,000000,45.5003,46.4288,45.036,45.9646,339.22843590949446,0
TAR,D,20240103,000000,44.7575,45.9646,44.7575,45.9646,2.153831339107901,0
TAR,D,20240104,000000,45.9646,45.9646,44.5717,45.036,478.1505572819541,0
TAR,D,20240105,000000,45.036,45.036,44.6646,44.6646,131.383711685582,0
TAR,D,20240108,000000,45.4075,45.9646,45.4075,45.9646,94.76857892074767,0
TAR,D,20240109,000000,45.9646,46.4288,45.5003,46.4288,488.91971397749364,0
TAR,D,20240110,000000,46.4288,46.4288,45.9646,45.9646,31.23055441706457,0
TAR,D,20240111,000000,50.1433,50.1433,45.9646,48.2861,438.30467750845787,0
TAR,D,20240112,000000,48.2861,48.2861,46.8004,46.8004,167.99884445041633,0
TAR,D,20240115,000000,47.3575,50.1433,47.1718,49.2146,1123.2230433447705,0
TAR,D,20240116,000000,49.2146,49.2146,47.5432,47.5432,22.615229060632966,0
TAR,D,20240117,000000,49.2146,49.2146,49.2146,49.2146,1.0769156695539506,0
TAR,D,20240118,000000,47.3575,47.5432,47.3575,47.5432,303.6902188142141,0
TAR,D,20240119,000000,48.1003,48.2861,48.1003,48.2861,186.30641083283345,0
TAR,D,20240122,000000,48.8432,49.2146,48.4717,48.4717,32.30747008661852,0
TAR,D,20240123,000000,48.4717,48.4717,48.4717,48.4717,37.692048434388276,0
TAR,D,20240124,000000,47.9146,49.2146,47.9146,49.2146,72.1533498601147,0
TAR,D,20240125,000000,47.3575,49.0289,46.4288,49.0289,246.61368832785473,0
TAR,D,20240126,000000,46.6146,49.0289,46.6146,49.0289,621.3803413326295,0
TAR,D,20240129,000000,49.0289,49.2146,48.2861,48.2861,255.22901368428631,0
TAR,D,20240130,000000,48.2861,48.2861,48.1003,48.1003,78.61484387743839,0
TAR,D,20240131,000000,48.2861,48.2861,48.2861,48.2861,223.99845926722176,0
TAR,D,20240201,000000,49.0289,49.0289,47.729,48.8432,18.30756638241716,0
TAR,D,20240202,000000,48.8432,49.7717,48.1003,49.7717,1450.6054068891715,0
TAR,D,20240205,000000,49.7717,49.7717,48.1003,49.2146,136.76829003335175,0
TAR,D,20240206,000000,48.1003,48.1003,46.4288,46.8004,365.0744119787893,0
TAR,D,20240207,000000,48.2861,48.2861,48.2861,48.2861,5.384578347769754,0
TAR,D,20240208,000000,48.2861,48.2861,48.2861,48.2861,13.99990370420136,0
TAR,D,20240209,000000,49.0289,49.0289,47.1718,47.1718,11.846072365093459,0
TAR,D,20240212,000000,46.6146,48.2861,46.6146,48.2861,297.2287247968904,0
TAR,D,20240213,000000,48.8432,48.8432,47.3575,47.3575,30.15363874751062,0
TAR,D,20240214,000000,48.2861,48.6575,48.2861,48.6575,155.0758564157689,0
TAR,D,20240215,000000,48.6575,48.6575,48.2861,48.2861,355.38217095280373,0
TAR,D,20240216,000000,48.2861,49.4003,48.2861,49.4003,340.3053515790484,0
TAR,D,20240219,000000,48.2861,49.586,48.2861,49.586,152.92202507666101,0
TAR,D,20240220,000000,49.586,49.7717,49.586,49.7717,137.84520570290567,0
TAR,D,20240221,000000,49.586,49.586,49.2146,49.586,352.15142394414187,0
TAR,D,20240222,000000,49.2146,49.7717,48.8432,49.586,751.6871373486575,0
TAR,D,20240223,000000,49.0289,50.1433,49.0289,49.9575,583.6882928982413,0
TAR,D,20240226,000000,49.9575,49.9575,49.9575,49.9575,34.46130142572642,0
TAR,D,20240227,000000,49.2146,49.586,49.2146,49.2146,698.918269540514,0
TAR,D,20240228,000000,49.2146,50.7004,48.8432,49.0289,82.9225065556542,0
TAR,D,20240229,000000,49.0289,49.0289,48.8432,48.8432,203.53706154569664,0
TAR,D,20240301,000000,50.329,50.5146,49.9575,49.9575,142.1528683811215,0
TAR,D,20240304,000000,49.7717,50.1433,49.586,49.586,69.99951852100679,0
TAR,D,20240305,000000,49.2146,50.329,49.2146,50.329,203.53706154569664,0
TAR,D,20240306,000000,50.7004,50.8861,50.329,50.329,33.38438575617247,0
TAR,D,20240307,000000,49.4003,50.5146,49.2146,50.5146,274.61349573625745,0
TAR,D,20240308,000000,49.2146,49.2146,49.2146,49.2146,4.307662678215802,0
TAR,D,20240311,000000,50.329,50.329,50.1433,50.1433,26.92289173884877,0
TAR,D,20240313,000000,49.586,50.1433,49.586,50.1433,2.153831339107901,0
TAR,D,20240314,000000,50.5146,50.8861,50.5146,50.8861,241.22910998008496,0
TAR,D,20240315,000000,50.8861,50.8861,48.8432,48.8432,192.76790485015718,0
TAR,D,20240318,000000,49.2146,49.4003,46.6146,49.4003,330.6131105530629,0
TAR,D,20240319,000000,49.4003,49.7717,49.4003,49.7717,198.15248319792695,0
TAR,D,20240320,000000,49.2146,49.2146,49.2146,49.2146,1.0769156695539506,0
TAR,D,20240321,000000,48.4717,48.8432,48.4717,48.8432,76.46101253833051,0
TAR,D,20240322,000000,48.2861,48.2861,48.1003,48.1003,11.846072365093459,0
TAR,D,20240325,000000,48.1003,48.1003,44.7575,46.9861,531.9963407596516,0
TAR,D,20240326,000000,45.686,47.5432,45.686,46.9861,143.22978405067545,0
TAR,D,20240327,000000,47.729,47.729,47.3575,47.5432,49.53812079948174,0
TAR,D,20240328,000000,47.729,47.729,47.729,47.729,1.0769156695539506,0
TAR,D,20240402,000000,46.6146,46.8004,46.2432,46.4288,577.2267988809176,0
TAR,D,20240403,000000,46.4288,46.4288,45.686,46.0574,97.99932592940951,0
TAR,D,20240404,000000,47.1718,47.1718,46.0574,46.4288,107.69156695539507,0
TAR,D,20240405,000000,46.6146,46.6146,46.6146,46.6146,119.53763932048852,0
TAR,D,20240408,000000,47.1718,47.1718,45.686,47.1718,290.7672307795667,0
TAR,D,20240409,000000,47.1718,47.1718,47.1718,47.1718,10.769156695539507,0
TAR,D,20240410,000000,46.2432,46.2432,46.2432,46.2432,2.153831339107901,0
TAR,D,20240412,000000,46.4288,47.1718,46.4288,46.8004,22.615229060632966,0
TAR,D,20240416,000000,46.336,46.336,45.7789,45.7789,80.76867521654631,0
TAR,D,20240417,000000,46.8004,47.1718,46.8004,46.8004,199.22939886748088,0
TAR,D,20240418,000000,47.1718,47.1718,46.8004,46.9861,177.69108547640187,0
TAR,D,20240419,000000,46.8004,48.1003,46.8004,47.9146,438.30467750845787,0
TAR,D,20240422,000000,47.729,50.5146,47.3575,47.3575,314.45937550975356,0
TAR,D,20240423,000000,47.3575,48.1003,47.3575,48.1003,33.38438575617247,0
TAR,D,20240424,000000,47.3575,48.1003,45.5931,48.1003,237.99836297142312,0
TAR,D,20240425,000000,47.5432,47.5432,47.5432,47.5432,10.769156695539507,0
TAR,D,20240426,000000,46.6146,47.729,46.6146,47.729,117.38380798138061,0
TAR,D,20240429,000000,47.729,47.729,47.729,47.729,37.692048434388276,0
TAR,D,20240430,000000,49.0289,50.1433,48.2861,48.4717,346.7668455963721,0
TAR,D,20240502,000000,51.0717,58.5004,51.0717,58.5004,3187.670381879694,0
TAR,D,20240506,000000,62.9576,69.0861,58.5004,59.429,6359.187028716079,0
TAR,D,20240507,000000,59.9862,61.2861,57.5719,58.6861,957.3780302334623,0
TAR,D,20240508,000000,58.6861,59.8004,58.5004,59.8004,158.3066034244308,0
TAR,D,20240509,000000,59.8004,59.8004,58.5004,59.0575,159.38351909398472,0
TAR,D,20240510,000000,59.0575,59.6147,59.0575,59.6147,150.7681937375531,0
TAR,D,20240513,000000,58.6861,60.3575,58.5004,60.3575,258.4597606929482,0
TAR,D,20240514,000000,60.3575,60.3575,60.3575,60.3575,81.84559088610024,0
TAR,D,20240515,000000,59.0575,59.9862,59.0575,59.0575,137.84520570290567,0
TAR,D,20240516,000000,59.429,60.3575,59.429,59.6147,303.6902188142141,0
TAR,D,20240517,000000,58.8718,61.6575,58.8718,61.6575,389.8434723785301,0
TAR,D,20240520,000000,65.0004,75.5862,65.0004,72.4291,2791.3654154838405,0
TAR,D,20240521,000000,72.2433,89.7007,72.2433,89.7007,7927.176243586631,0
TAR,D,20240522,000000,87.1006,87.2863,78.9291,80.972,6243.957052073807,0
TAR,D,20240523,000000,80.972,86.3578,72.9862,80.4149,4860.120416696979,0
TAR,D,20240524,000000,80.4149,81.7148,73.5433,76.1434,1882.4485903803056,0
TAR,D,20240527,000000,75.5862,78.7433,69.272,74.8433,3068.1327425592053,0
TAR,D,20240528,000000,74.8433,75.2148,68.7148,70.9433,1071.531091206181,0
TAR,D,20240529,000000,70.9433,76.8862,69.0861,75.2148,1982.601747648823,0
TAR,D,20240531,000000,79.8577,87.1006,79.8577,83.0149,2857.0572713266315,0
TAR,D,20240603,000000,83.0149,83.0149,78.9291,83.0149,1097.3770672754758,0
TAR,D,20240604,000000,83.0149,83.0149,79.1149,80.2291,455.53532822132115,0
TAR,D,20240605,000000,81.3433,81.3433,79.1149,80.2291,687.0721971754206,0
TAR,D,20240606,000000,78.9291,83.0149,78.9291,82.272,371.535905996113,0
TAR,D,20240607,000000,82.0863,82.0863,79.4863,82.0863,473.84289460373833,0
TAR,D,20240610,000000,82.272,82.272,79.672,82.0863,468.45831625596855,0
TAR,D,20240611,000000,82.0863,82.0863,80.4149,81.7148,1391.3750450637044,0
TAR,D,20240612,000000,81.9006,83.572,80.4149,82.6434,1006.916151032944,0
TAR,D,20240613,000000,82.6434,84.1291,82.6434,82.6434,2861.3649340048464,0
TAR,D,20240614,000000,82.6434,84.1291,82.6434,84.1291,1186.7610678484536,0
TAR,D,20240617,000000,84.872,93.7864,84.872,91.1864,1979.3710006401614,0
TAR,D,20240618,000000,91.7435,106.322,91.0006,103.072,6073.804376284282,0
TAR,D,20240619,000000,105.858,115.145,104,107.715,5967.18972499844,0
TAR,D,20240620,000000,107.715,109.571,104.465,108.643,2301.368785836793,0
TAR,D,20240621,000000,109.121,109.121,101.972,106.738,802.7163721315546,0
TAR,D,20240624,000000,107.691,108.643,104.831,105.784,1032.5136080750976,0
TAR,D,20240625,000000,105.784,108.167,105.784,108.167,410.27725686723903,0
TAR,D,20240626,000000,105.784,108.167,105.784,106.738,717.7228739058606,0
TAR,D,20240627,000000,105.784,107.691,105.784,107.691,171.0362988986188,0
TAR,D,20240628,000000,108.643,110.55,107.691,109.597,606.4968144993968,0
TAR,D,20240701,000000,108.643,109.597,102.925,106.738,926.5340609047879,0
TAR,D,20240702,000000,107.214,108.167,102.925,104.831,264.4242167021592,0
TAR,D,20240703,000000,105.784,105.784,97.2075,100.543,607.5461169466275,0
TAR,D,20240704,000000,101.972,102.449,100.067,100.067,183.6279282653883,0
TAR,D,20240705,000000,100.067,100.543,99.5903,99.5903,175.23350868754198,0
TAR,D,20240708,000000,99.1132,99.1132,95.3014,98.1609,3198.2738591594493,0
TAR,D,20240709,000000,96.2544,97.6837,95.7779,96.7309,305.34701214416,0
TAR,D,20240710,000000,95.7779,96.2544,95.3014,96.2544,194.12095273769623,0
TAR,D,20240711,000000,95.3014,96.2544,95.3014,96.2544,371.45306631969976,0
TAR,D,20240712,000000,97.2075,97.6837,95.7779,97.2075,134.31071324554117,0
TAR,D,20240715,000000,98.637,103.879,95.3014,102.925,1125.901525878638,0
TAR,D,20240716,000000,104.831,104.831,96.2544,98.637,317.9386415109295,0
TAR,D,20240717,000000,98.1609,98.637,95.3014,98.1609,581.3135557658579,0
TAR,D,20240718,000000,97.6837,98.637,97.6837,98.637,37.77488810030845,0
TAR,D,20240719,000000,98.637,98.637,97.6837,97.6837,44.07070278369319,0
TAR,D,20240722,000000,97.6837,103.879,96.7309,101.972,363.05864674185347,0
TAR,D,20240723,000000,101.972,107.691,101.972,106.738,866.7238214126328,0
TAR,D,20240724,000000,106.738,107.214,102.449,103.879,392.43911526431555,0
TAR,D,20240725,000000,102.449,103.879,100.067,103.402,717.7228739058606,0
TAR,D,20240726,000000,102.925,103.879,98.1609,100.067,158.44466953184934,0
TAR,D,20240729,000000,102.925,102.925,97.6837,98.1609,76.5990786478477,0
TAR,D,20240730,000000,99.1132,100.543,90.727,91.1081,1725.0532232474193,0
TAR,D,20240731,000000,91.4893,94.3484,91.4893,94.3484,299.05119746077526,0
TAR,D,20240801,000000,94.3484,95.7779,90.727,95.1108,90.24001046184797,0
TAR,D,20240802,000000,95.1108,95.7779,94.9202,94.9202,253.93119222985126,0
TAR,D,20240805,000000,93.0141,93.0141,77.3847,90.5363,2307.416081460508,0
TAR,D,20240806,000000,94.9202,94.9202,85.5807,89.9645,682.0465907000138,0
TAR,D,20240807,000000,89.9645,93.3954,86.7242,90.1551,542.4893652183187,0
TAR,D,20240808,000000,90.5363,91.8706,87.6773,91.8706,188.87444050154227,0
TAR,D,20240809,000000,91.8706,92.2518,91.4893,91.4893,126.96559611492563,0
TAR,D,20240812,000000,86.3431,91.2988,86.1524,87.1055,413.42516420893145,0
TAR,D,20240813,000000,88.4397,88.6303,86.1524,86.7242,209.86048944615806,0
TAR,D,20240814,000000,85.7712,85.7712,85.0089,85.7712,321.08654885262183,0
TAR,D,20240816,000000,81.0062,86.1524,81.0062,85.0089,259.17770446600525,0
TAR,D,20240819,000000,85.7712,87.6773,85.5807,87.6773,130.11350345661802,0
TAR,D,20240820,000000,87.6773,88.6303,87.6773,88.6303,142.7051328233875,0
TAR,D,20240821,000000,87.6773,87.6773,86.7242,86.7242,54.5637272560011,0
TAR,D,20240822,000000,87.1055,88.8209,86.7242,88.8209,117.52187408984851,0
TAR,D,20240823,000000,89.5833,89.5833,86.7242,87.6773,75.5497762006169,0
TAR,D,20240826,000000,88.6303,90.5363,86.5337,86.7242,418.6716764450854,0
TAR,D,20240827,000000,88.0585,89.5833,86.7242,86.7242,79.74698598954006,0
TAR,D,20240828,000000,88.0585,91.4893,88.0585,88.6303,224.55072370738912,0
TAR,D,20240829,000000,87.6773,92.0611,87.6773,88.8209,145.85304016507985,0
TAR,D,20240830,000000,90.5363,92.2518,88.6303,92.2518,165.78978666246488,0
TAR,D,20240902,000000,92.2518,92.2518,89.0115,92.2518,46.16930767815477,0
TAR,D,20240903,000000,92.2518,92.2518,90.1551,90.1551,238.1916555213894,0
TAR,D,20240904,000000,90.1551,90.727,86.5337,90.727,204.61397721000412,0
TAR,D,20240905,000000,90.727,90.727,87.2961,87.2961,187.82513805431148,0
TAR,D,20240906,000000,87.8679,87.8679,86.9149,87.1055,156.34606463738774,0
TAR,D,20240909,000000,87.1055,90.5363,87.1055,90.5363,113.32466430092536,0
TAR,D,20240910,000000,91.1081,91.1081,87.4867,89.3927,137.45862058723355,0
TAR,D,20240911,000000,85.7712,89.3927,85.7712,88.4397,303.2484072496984,0
TAR,D,20240912,000000,88.6303,90.5363,87.8679,89.5833,288.5581729884674,0
TAR,D,20240913,000000,88.0585,90.1551,88.0585,89.5833,183.6279282653883,0
TAR,D,20240916,000000,88.8209,90.3457,88.8209,89.9645,115.42326919538694,0
TAR,D,20240917,000000,89.774,89.774,88.0585,89.2022,268.62142649108233,0
TAR,D,20240918,000000,89.3927,89.3927,86.7242,89.2022,179.43071847646516,0
TAR,D,20240919,000000,88.8209,88.8209,84.0558,86.7242,272.8186362800055,0
TAR,D,20240920,000000,86.1524,86.7242,85.7712,86.7242,76.5990786478477,0
TAR,D,20240923,000000,87.1055,87.1055,86.1524,86.1524,118.57117653707931,0
TAR,D,20240924,000000,86.9149,86.9149,85.9619,85.9619,95.48652269800192,0
TAR,D,20240925,000000,86.3431,86.3431,81.0062,85.0089,1505.749011776184,0
TAR,D,20240926,000000,84.6276,86.1524,83.8653,85.7712,224.55072370738912,0
TAR,D,20240927,000000,85.9619,85.9619,84.4371,85.0089,347.3191100333916,0
TAR,D,20240930,000000,86.5337,86.5337,81.0062,85.3901,712.4763616697066,0
TAR,D,20241001,000000,85.7712,86.3431,81.1968,83.2934,2044.0411672055795,0
TAR,D,20241002,000000,83.1028,84.4371,79.672,82.7216,1136.394550350946,0
TAR,D,20241003,000000,82.7216,83.1028,79.8625,81.7686,89.19070801461719,0
TAR,D,20241004,000000,81.578,81.578,79.4814,80.8156,317.9386415109295,0
TAR,D,20241007,000000,80.4344,80.4344,76.4317,77.5754,1084.9787304366373,0
TAR,D,20241008,000000,77.9565,78.3377,76.8129,77.5754,2542.459829640205,0
TAR,D,20241009,000000,77.7659,78.1472,76.8129,77.7659,151.0995524012338,0
TAR,D,20241010,000000,77.5754,77.9565,71.6667,76.2411,593.9051851326273,0
TAR,D,20241011,000000,76.4317,77.5754,73.9539,76.2411,550.883784796165,0
TAR,D,20241014,000000,76.2411,76.2411,74.3351,75.2881,897.1535923823258,0
TAR,D,20241015,000000,74.9069,76.2411,73.0008,73.5727,944.3722025077112,0
TAR,D,20241016,000000,74.3351,74.3351,72.2385,72.2385,560.3275068212421,0
TAR,D,20241017,000000,72.6197,87.6773,72.6197,87.6773,7381.84271626861,0
TAR,D,20241018,000000,90.5363,108.643,90.5363,108.643,7295.799915595686,0
TAR,D,20241021,000000,110.073,119.603,97.2075,97.6837,7565.470644533999,0
TAR,D,20241022,000000,98.1609,105.784,98.1609,101.02,1160.528506637254,0
TAR,D,20241023,000000,101.02,101.972,97.2075,100.543,826.8503284178629,0
TAR,D,20241024,000000,101.02,101.02,91.1081,94.7296,760.7442742423231,0
TAR,D,20241025,000000,94.9202,96.2544,90.9175,93.2048,783.8289280814004,0
TAR,D,20241028,000000,92.4424,99.5903,85.7712,97.6837,3400.7892314749915,0
TAR,D,20241029,000000,98.637,100.543,93.7766,100.543,1155.2819944011003,0
TAR,D,20241030,000000,101.972,102.449,95.1108,96.2544,355.7135296112379,0
TAR,D,20241031,000000,95.3014,97.6837,95.1108,97.2075,579.2149508713962,0
TAR,D,20241104,000000,98.637,101.496,97.2075,100.543,197.2688600793886,0
TAR,D,20241105,000000,100.067,102.449,95.1108,101.972,1392.4243474752589,0
TAR,D,20241106,000000,101.972,105.784,101.02,101.02,378.7981834503153,0
TAR,D,20241107,000000,101.02,104.831,100.067,101.02,577.1163459769348,0
TAR,D,20241108,000000,101.496,104.831,97.2075,100.543,1309.5294541440264,0
TAR,D,20241112,000000,100.543,101.496,98.1609,100.543,1394.5229523697203,0
TAR,D,20241113,000000,101.496,105.784,101.02,101.02,581.3135557658579,0
TAR,D,20241114,000000,101.972,104.831,101.02,101.972,324.2344561943142,0
TAR,D,20241115,000000,102.449,106.738,97.2075,105.784,1996.822557080194,0
TAR,D,20241118,000000,107.691,117.22,107.691,111.502,4205.604208501008,0
TAR,D,20241119,000000,113.409,122.939,110.073,122.939,2548.75564432359,0
TAR,D,20241120,000000,122.939,146.288,122.939,142,4266.463750440394,0
TAR,D,20241121,000000,140.093,140.093,126.75,130.563,1476.368543253722,0
TAR,D,20241122,000000,130.563,138.663,129.133,133.422,810.0614892621702,0
TAR,D,20241125,000000,137.234,147.717,134.851,145.335,2296.9230569882,0
TAR,D,20241126,000000,147.717,151.53,137.71,139.14,2669.425425755131,0
TAR,D,20241127,000000,139.14,147.24,135.804,139.617,807.9628843677085,0
TAR,D,20241128,000000,140.093,144.858,133.422,134.851,834.1954455484783,0
TAR,D,20241129,000000,135.328,135.804,133.899,135.804,139.55722548169513,0
TAR,D,20241202,000000,133.899,133.899,123.891,126.75,2876.138007859596,0
TAR,D,20241203,000000,128.657,133.422,128.657,131.992,359.9107394001611,0
TAR,D,20241204,000000,132.469,140.093,130.087,137.71,1274.9024733854103,0
TAR,D,20241205,000000,140.57,142.952,138.187,142.952,990.5415101858662,0
TAR,D,20241206,000000,142.952,147.717,139.617,143.905,1113.3098965118686,0
TAR,D,20241209,000000,143.905,145.811,138.663,142,233.99444573246626,0
TAR,D,20241210,000000,149.623,149.623,138.187,143.429,657.9126344137056,0
TAR,D,20241211,000000,144.381,144.381,136.281,137.71,455.397262098163,0
TAR,D,20241212,000000,141.046,142.476,130.563,133.899,825.8010259706319,0
TAR,D,20241213,000000,132.469,138.663,128.657,130.087,776.4838109507849,0
TAR,D,20241216,000000,130.087,136.758,130.087,135.804,281.2130558578518,0
TAR,D,20241217,000000,135.804,137.71,129.61,132.469,590.757277790935,0
TAR,D,20241218,000000,131.516,132.469,128.657,132.469,846.7870749152478,0
TAR,D,20241219,000000,133.422,133.422,129.133,130.087,20.98604894461581,0
TAR,D,20241220,000000,133.422,133.422,128.657,128.657,136.40931814000274,0
TAR,D,20241223,000000,133.422,133.422,130.563,132.469,197.2688600793886,0
TAR,D,20241227,000000,132.469,133.422,130.563,133.422,197.2688600793886,0
TAR,D,20241230,000000,132.469,142,132.469,137.234,1008.3796517887895,0
TAR,D,20250102,000000,138.187,142,128.657,134.851,1373.5369034251046,0
TAR,D,20250103,000000,135.328,135.328,130.563,133.422,1103.8661744867914,0
TAR,D,20250107,000000,132.469,133.422,130.087,133.422,1805.8495116841902,0
TAR,D,20250108,000000,133.422,133.422,122.462,128.657,829.9982357595551,0
TAR,D,20250109,000000,131.04,132.946,123.891,130.087,1485.812265278799,0
TAR,D,20250110,000000,131.516,132.946,127.228,132.946,520.4540138264721,0
TAR,D,20250113,000000,132.946,132.946,130.087,131.04,315.8400366164679,0
TAR,D,20250114,000000,131.04,131.04,127.704,131.04,128.01489856215642,0
TAR,D,20250115,000000,131.516,133.422,127.228,133.422,1039.8587252057132,0
TAR,D,20250116,000000,133.422,133.422,130.087,131.992,228.7479334963123,0
TAR,D,20250117,000000,131.992,133.422,130.563,133.422,730.3145032726301,0
TAR,D,20250120,000000,133.422,133.422,127.228,133.422,1015.724768919405,0
TAR,D,20250121,000000,133.422,133.422,130.087,132.946,334.7274806666221,0
TAR,D,20250122,000000,131.516,132.946,131.04,132.469,34.626980758616085,0
TAR,D,20250123,000000,132.469,132.946,125.798,132.946,2074.4709381752727,0
TAR,D,20250124,000000,130.087,133.422,129.133,132.469,192.02234784323466,0
TAR,D,20250127,000000,131.04,131.04,126.75,128.657,798.5191623426314,0
TAR,D,20250128,000000,127.228,128.657,125.798,128.657,987.3936028441738,0
TAR,D,20250129,000000,128.657,128.657,122.462,123.891,1919.1741759851157,0
TAR,D,20250130,000000,123.891,128.18,123.891,127.704,93.38791780354035,0
TAR,D,20250131,000000,127.704,129.61,122.939,129.61,347.3191100333916,0
TAR,D,20250203,000000,127.704,129.133,126.274,127.228,350.46701737508397,0
TAR,D,20250204,000000,128.657,129.61,126.75,128.657,478.4819159372404,0
TAR,D,20250205,000000,128.657,129.133,126.274,127.704,166.8390891096957,0
TAR,D,20250206,000000,125.798,132.469,125.321,132.469,1474.2699383592605,0
TAR,D,20250207,000000,127.704,132.469,127.704,131.04,226.64932860185073,0
TAR,D,20250210,000000,130.563,131.04,128.657,128.657,503.6651746707794,0
TAR,D,20250211,000000,131.516,133.422,127.704,127.704,503.6651746707794,0
TAR,D,20250212,000000,131.04,131.04,126.75,129.61,578.1656484241655,0
TAR,D,20250213,000000,129.61,130.563,127.228,127.228,540.3907603238571,0
TAR,D,20250214,000000,129.61,130.563,127.228,129.133,512.0595942486257,0
TAR,D,20250217,000000,129.133,129.133,126.75,129.133,387.1926030281616,0
TAR,D,20250218,000000,128.657,128.657,126.75,126.75,916.0410364324799,0
TAR,D,20250219,000000,127.704,130.563,125.798,129.61,538.2921554293954,0
TAR,D,20250220,000000,130.087,131.516,127.228,129.61,240.29026041585098,0
TAR,D,20250221,000000,130.087,131.04,127.704,131.04,523.6019211681644,0
TAR,D,20250224,000000,131.04,131.04,129.133,130.563,193.07165029046544,0
TAR,D,20250225,000000,130.563,130.563,128.657,130.563,161.59257687354173,0
TAR,D,20250226,000000,130.563,131.516,129.133,129.133,92.33861535630955,0
TAR,D,20250227,000000,131.516,131.516,128.657,128.657,162.64187932077252,0
TAR,D,20250228,000000,129.133,131.04,129.133,130.563,580.264253318627,0
TAR,D,20250303,000000,131.04,132.469,130.087,131.992,809.0121868149394,0
TAR,D,20250304,000000,131.992,132.469,128.18,130.563,309.5442219330832,0
TAR,D,20250305,000000,131.992,132.469,127.704,131.04,203.56467476277334,0
TAR,D,20250306,000000,129.133,155.818,127.704,142,4117.462802933622,0
TAR,D,20250307,000000,142,146.764,136.758,142.952,530.94703829878,0
TAR,D,20250310,000000,140.57,145.335,135.328,135.804,1101.76756959233,0
TAR,D,20250311,000000,138.663,139.617,136.281,136.281,151.0995524012338,0
TAR,D,20250312,000000,138.663,141.046,136.758,138.187,211.95909434061966,0
TAR,D,20250313,000000,138.187,140.093,137.71,137.71,133.26141079831038,0
TAR,D,20250314,000000,136.758,140.57,136.758,139.14,221.4028163656968,0
TAR,D,20250317,000000,139.617,141.046,136.758,141.046,619.0884438661664,0
TAR,D,20250318,000000,141.046,141.522,137.234,140.57,337.8753880083145,0
TAR,D,20250319,000000,142.952,142.952,139.14,141.522,355.7135296112379,0
TAR,D,20250320,000000,141.522,142.952,140.57,142.476,197.2688600793886,0
TAR,D,20250321,000000,142.952,142.952,140.093,141.522,178.38141602923437,0
TAR,D,20250324,000000,141.522,142.952,139.14,141.046,190.97304539600384,0
TAR,D,20250325,000000,139.14,142.952,139.14,142.476,199.36746497385016,0
TAR,D,20250326,000000,142.476,142.476,140.093,142,44.07070278369319,0
TAR,D,20250327,000000,141.522,141.522,133.899,138.187,399.78423239493117,0
TAR,D,20250328,000000,138.187,140.57,125.321,134.375,1917.0755710906542,0
TAR,D,20250331,000000,133.899,133.899,111.502,124.369,1991.57604484404,0
TAR,D,20250401,000000,120.08,127.228,119.603,124.845,853.0828895986325,0
TAR,D,20250402,000000,127.228,132.946,125.321,132.469,578.1656484241655,0
TAR,D,20250403,000000,132.469,132.469,126.75,128.18,649.5182148358592,0
TAR,D,20250404,000000,128.18,131.04,124.845,126.75,1045.1052374418673,0
TAR,D,20250407,000000,124.845,132.469,123.415,127.228,1748.1378770864967,0
TAR,D,20250408,000000,128.657,134.375,117.697,131.516,520.4540138264721,0
TAR,D,20250409,000000,129.133,134.375,125.798,127.704,632.7293756801666,0
TAR,D,20250410,000000,129.61,136.281,128.18,132.469,214.05769923508123,0
TAR,D,20250411,000000,131.992,132.946,128.657,132.946,168.93769400415724,0
TAR,D,20250414,000000,132.469,132.946,127.704,129.61,266.52282159662076,0
TAR,D,20250415,000000,127.704,131.04,124.369,127.704,493.1721501984715,0
TAR,D,20250416,000000,127.704,130.087,124.845,130.087,273.86793872723626,0
TAR,D,20250417,000000,128.657,128.657,124.845,126.75,1051.401052125252,0
TAR,D,20250422,000000,128.18,129.133,120.08,126.75,1124.8522234314073,0
TAR,D,20250423,000000,127.704,130.563,125.321,126.75,1858.3146340457297,0
TAR,D,20250424,000000,128.657,129.61,125.321,125.321,598.1023949215505,0
TAR,D,20250425,000000,124.369,129.61,124.369,128.18,573.9684386352424,0
TAR,D,20250428,000000,127.704,129.61,124.369,128.18,334.7274806666221,0
TAR,D,20250429,000000,125.798,129.61,125.321,129.61,640.0744928107822,0
TAR,D,20250430,000000,129.61,132.469,125.798,128.18,372.5023687669306,0
TAR,D,20250502,000000,132.946,135.328,128.657,133.422,1485.812265278799,0
TAR,D,20250505,000000,133.422,133.422,124.369,126.75,3013.5966284468295,0
TAR,D,20250506,000000,126.75,126.75,124.369,125.798,514.1581991430872,0
TAR,D,20250507,000000,124.845,126.75,124.369,124.369,1909.7304539600386,0
TAR,D,20250508,000000,124.369,127.704,124.369,126.274,1116.457803853561,0
TAR,D,20250509,000000,124.845,129.61,124.369,126.75,699.8847323029372,0
TAR,D,20250512,000000,129.133,129.61,125.798,128.657,264.4242167021592,0
TAR,D,20250513,000000,129.61,129.61,125.798,127.228,291.7060803301597,0
TAR,D,20250514,000000,128.18,128.657,125.798,125.798,116.47257164261774,0
TAR,D,20250515,000000,126.75,127.704,125.321,125.798,378.7981834503153,0
TAR,D,20250516,000000,126.274,127.704,125.798,127.704,779.6317182924772,0
TAR,D,20250519,000000,126.75,128.657,123.891,126.75,797.4698598954006,0
TAR,D,20250520,000000,124.369,125.798,123.891,125.798,347.3191100333916,0
TAR,D,20250521,000000,125.798,125.798,123.891,123.891,81.84559088400165,0
TAR,D,20250522,000000,123.891,124.845,122.462,124.845,303.2484072496984,0
TAR,D,20250523,000000,124.845,126.75,124.845,126.75,341.0232953500069,0
TAR,D,20250526,000000,124.845,126.75,121.986,126.75,572.9191361880115,0
TAR,D,20250527,000000,126.75,126.75,123.891,125.798,90.24001046184797,0
TAR,D,20250528,000000,125.798,126.75,123.891,126.75,157.39536708461856,0
TAR,D,20250529,000000,126.75,126.75,124.845,125.321,29.380468522462127,0
TAR,D,20250530,000000,124.845,126.75,124.845,125.798,107.02884961754062,0
TAR,D,20250602,000000,122.462,123.891,121.51,121.986,601.2503022632428,0
TAR,D,20250603,000000,121.033,121.51,116.744,120.08,2948.539876718521,0
TAR,D,20250604,000000,120.556,124.369,108.643,116.268,6941.135688431678,0
TAR,D,20250605,000000,116.744,123.891,113.409,117.22,1058.7461692558675,0
TAR,D,20250606,000000,119.603,119.603,111.979,114.361,1334.7127128775655,0
TAR,D,20250609,000000,112.932,113.409,107.691,110.55,3332.58457240499,0
TAR,D,20250610,000000,110.073,111.026,105.308,109.597,2580.2347177405136,0
TAR,D,20250611,000000,107.691,110.073,101.972,109.597,2331.550037746816,0
TAR,D,20250612,000000,110.073,110.073,106.261,106.738,247.63537754646654,0
TAR,D,20250613,000000,109.121,110.073,106.261,109.597,305.34701214416,0
TAR,D,20250616,000000,109.597,118.174,106.738,114.361,1175.2187408984853,0
TAR,D,20250617,000000,113.409,115.315,110.073,115.315,430.21400336462403,0
TAR,D,20250618,000000,117.697,117.697,111.026,113.885,495.2707550929331,0
TAR,D,20250620,000000,113.885,117.22,106.738,117.22,499.4679648818562,0
TAR,D,20250623,000000,113.885,116.268,109.597,114.361,118.57117653707931,0
TAR,D,20250624,000000,114.361,116.268,113.409,115.315,214.05769923508123,0
TAR,D,20250625,000000,115.315,118.651,113.409,118.651,673.6521711221674,0
TAR,D,20250626,000000,118.651,119.127,114.361,118.174,197.2688600793886,0
TAR,D,20250627,000000,116.744,121.51,116.744,121.51,429.1647009173933,0
TAR,D,20250630,000000,121.033,121.033,115.315,115.791,656.8633319664748,0
TAR,D,20250701,000000,115.791,120.08,112.932,120.08,664.2084490970904,0
TAR,D,20250702,000000,119.603,119.603,113.885,114.361,669.4549613332442,0
TAR,D,20250703,000000,116.744,116.744,112.932,115.315,815.3080014983241,0
TAR,D,20250704,000000,114.838,114.838,114.838,114.838,5.2465122361539525,0
TAR,D,20250707,000000,114.838,115.791,114.838,115.791,144.80373771784906,0
TAR,D,20250708,000000,115.791,116.268,114.838,115.315,739.7582252977071,0
TAR,D,20250709,000000,116.268,116.268,113.885,114.361,566.6233215046267,0
TAR,D,20250710,000000,116.268,116.268,114.838,115.791,89.19070801461719,0
TAR,D,20250711,000000,116.268,116.268,114.361,114.361,288.5581729884674,0
TAR,D,20250714,000000,114.838,115.791,114.361,115.315,362.0093442946227,0
TAR,D,20250715,000000,115.315,118.174,115.315,117.697,167.88839155692648,0
TAR,D,20250716,000000,117.22,117.697,114.361,114.838,776.4838109507849,0
TAR,D,20250717,000000,117.697,117.697,115.791,117.697,176.28281113477277,0
TAR,D,20250718,000000,117.697,117.697,115.315,117.697,439.65772538970117,0
TAR,D,20250721,000000,112.932,116.744,112.456,115.791,495.2707550929331,0
TAR,D,20250722,000000,115.315,116.744,115.315,115.315,162.64187932077252,0
TAR,D,20250723,000000,115.315,116.744,114.838,115.791,66.1060541755398,0
TAR,D,20250724,000000,116.744,117.22,114.838,116.744,571.8698337407808,0
TAR,D,20250725,000000,116.268,116.744,114.838,116.744,517.3061064847797,0
TAR,D,20250728,000000,114.838,116.744,114.361,116.268,421.8195837867777,0
TAR,D,20250729,000000,114.838,114.838,110.073,112.456,1303.2336394606416,0
TAR,D,20250730,000000,112.456,113.409,112.456,113.409,197.2688600793886,0
TAR,D,20250731,000000,113.409,113.409,111.502,112.932,312.6921292747755,0
TAR,D,20250801,000000,113.409,113.409,109.597,112.456,166.8390891096957,0
TAR,D,20250804,000000,110.073,113.409,110.073,113.409,190.97304539600384,0
TAR,D,20250805,000000,113.409,113.409,111.026,113.409,503.6651746707794,0
TAR,D,20250806,000000,113.409,113.409,112.932,112.932,995.78802242202,0
TAR,D,20250807,000000,112.932,112.932,109.597,111.979,797.4698598954006,0
TAR,D,20250808,000000,111.979,114.361,111.979,114.361,419.7209788923161,0
TAR,D,20250811,000000,112.456,114.361,112.456,114.361,77.64838109507848,0
TAR,D,20250812,000000,114.361,114.838,111.026,112.456,238.1916555213894,0
TAR,D,20250813,000000,112.456,114.361,111.979,112.456,188.87444050154227,0
TAR,D,20250814,000000,112.456,113.885,111.979,113.409,70.30326396446296,0
TAR,D,20250818,000000,113.409,114.361,111.502,113.409,298.00189501354447,0
TAR,D,20250819,000000,114.838,120.556,113.409,120.556,917.0903388797108,0
TAR,D,20250820,000000,119.127,119.127,111.979,116.268,816.3573039455549,0
TAR,D,20250821,000000,115.791,117.697,113.409,114.838,142.7051328233875,0
TAR,D,20250822,000000,113.885,116.268,113.885,116.268,189.92374294877305,0
TAR,D,20250825,000000,116.268,117.22,114.361,117.22,1231.8810730489479,0
TAR,D,20250826,000000,117.697,125.321,114.361,123.891,1253.9164244407946,0
TAR,D,20250827,000000,124.845,124.845,119.127,121.033,289.6074754356981,0
TAR,D,20250828,000000,121.033,121.033,118.651,118.651,79.74698598954006,0
TAR,D,20250829,000000,121.033,121.51,120.08,121.033,134.31071324554117,0
TAR,D,20250901,000000,121.033,121.033,116.268,117.697,627.4828634440127,0
TAR,D,20250902,000000,118.174,123.891,118.174,122.939,1857.265331598499,0
TAR,D,20250903,000000,123.891,123.891,121.51,121.51,643.2224001524745,0
TAR,D,20250904,000000,123.891,123.891,121.51,122.939,123.81768877323327,0
TAR,D,20250905,000000,122.939,123.415,121.033,122.939,241.3395628630818,0
TAR,D,20250908,000000,123.891,124.369,122.939,123.891,259.17770446600525,0
TAR,D,20250909,000000,123.891,123.891,121.51,123.415,225.6000261546199,0
TAR,D,20250910,000000,123.891,123.891,120.556,123.415,397.6856275004696,0
TAR,D,20250911,000000,123.901,124.873,121.472,124.873,371.48547719519996,0
TAR,D,20250912,000000,122.929,123.901,120.986,123.901,168.7634854848,0
TAR,D,20250915,000000,124.387,124.387,120.986,120.986,170.8215767712,0
TAR,D,20250916,000000,121.472,123.901,121.472,121.958,553.6265560416,0
TAR,D,20250917,000000,124.387,124.387,122.444,124.387,67.9170124512,0
TAR,D,20250918,000000,124.387,124.387,122.444,122.444,80.2655601696,0
TAR,D,20250919,000000,123.901,124.387,122.444,122.929,181.11203320319999,0
TAR,D,20250922,000000,122.929,124.387,122.929,123.901,630.8049792815999,0
TAR,D,20250923,000000,123.415,126.331,123.415,125.359,1372.7468880288,0
TAR,D,20250924,000000,123.415,124.873,123.415,123.415,146.1244813344,0
TAR,D,20250925,000000,125.845,125.845,122.444,122.444,285.0456431664,0
TAR,D,20250926,000000,118.556,123.415,118.556,120.986,333.41078839679994,0
TAR,D,20250929,000000,121.472,125.359,120.5,123.415,1002.2904564767999,0
TAR,D,20250930,000000,124.873,124.873,123.415,124.387,467.1867220128,0
TAR,D,20251001,000000,124.387,125.359,123.415,124.873,190.37344399199998,0
TAR,D,20251002,000000,125.359,125.359,121.472,121.472,733.7095436016,0
TAR,D,20251003,000000,124.387,126.331,121.472,125.845,1600.1659751759998,0
TAR,D,20251006,000000,125.845,125.845,122.444,125.359,553.6265560416,0
TAR,D,20251007,000000,123.415,124.873,121.472,124.387,733.7095436016,0
TAR,D,20251008,000000,124.387,125.359,119.042,122.929,349.87551868799994,0
TAR,D,20251009,000000,123.415,125.359,120.014,121.472,490.8547718064,0
TAR,D,20251010,000000,120.986,123.415,119.528,120.5,793.3941909071999,0
TAR,D,20251013,000000,121.472,122.444,120.5,121.472,226.39004150399998,0
TAR,D,20251014,000000,122.444,122.444,120.014,120.5,417.7925311392,0
TAR,D,20251015,000000,120.014,122.444,119.528,119.528,87.46887967199999,0
TAR,D,20251016,000000,120.5,121.472,116.127,120.014,231.53526971999997,0
TAR,D,20251017,000000,120.5,120.5,115.641,116.613,277.842323664,0
TAR,D,20251020,000000,116.613,120.014,108.353,112.726,5080.398340478399,0
TAR,D,20251021,000000,112.726,115.155,108.839,109.81,2343.1369295664,0
TAR,D,20251022,000000,109.81,110.782,106.895,110.296,759.4356846815999,0
TAR,D,20251023,000000,110.782,117.585,110.296,114.669,1197.8091286847998,0
TAR,D,20251024,000000,115.155,119.042,115.155,117.099,513.4937759567999,0
TAR,D,20251027,000000,117.099,118.071,115.641,118.071,639.0373444272,0
TAR,D,20251028,000000,117.585,119.042,115.641,117.585,811.9170124847999,0
TAR,D,20251029,000000,117.585,118.556,117.585,117.585,575.2365145488,0
TAR,D,20251030,000000,118.556,118.556,116.613,117.099,299.45228217119995,0
TAR,D,20251031,000000,118.556,118.556,116.127,118.556,930.2572614527999,0
TAR,D,20251103,000000,120.5,120.986,116.613,119.042,454.83817429439995,0
TAR,D,20251104,000000,119.528,123.415,119.528,121.958,1168.9958506752,0
TAR,D,20251105,000000,121.958,122.444,117.585,122.444,402.3568464912,0
TAR,D,20251106,000000,122.929,122.929,119.042,122.444,328.2655601808,0
TAR,D,20251107,000000,122.929,123.901,120.014,123.901,522.7551867456,0
TAR,D,20251110,000000,120.014,121.472,120.014,120.014,138.921161832,0
TAR,D,20251112,000000,123.415,123.415,117.099,120.014,402.3568464912,0
TAR,D,20251113,000000,121.958,123.415,117.585,122.444,697.6929460895999,0
TAR,D,20251114,000000,122.929,123.415,119.528,121.472,155.3858921232,0
TAR,D,20251117,000000,123.415,123.415,119.042,119.042,276.8132780208,0
TAR,D,20251118,000000,121.472,121.958,111.754,117.585,339.58506225599996,0
TAR,D,20251119,000000,111.754,120.014,111.754,119.042,209.92531121279998,0
TAR,D,20251120,000000,118.071,119.528,114.669,117.099,11.319502075199999,0
TAR,D,20251121,000000,116.613,120.014,116.613,119.528,50.423236516799996,0
TAR,D,20251124,000000,115.155,118.556,115.155,117.099,64.8298755216,0
TAR,D,20251125,000000,117.099,119.528,116.613,118.556,186.25726141919998,0
TAR,D,20251126,000000,118.556,120.014,117.585,120.014,43.219917014399996,0
TAR,D,20251127,000000,119.528,120.5,117.099,120.5,41.161825728,0
TAR,D,20251128,000000,120.986,120.986,116.613,116.613,227.41908714719997,0
TAR,D,20251201,000000,116.613,123.415,111.754,116.127,1043.4522822048,0
TAR,D,20251202,000000,118.556,118.556,115.155,115.155,91.58506224479999,0
TAR,D,20251203,000000,118.071,119.528,115.155,115.641,120.39834025439998,0
TAR,D,20251204,000000,118.071,119.042,116.127,118.071,182.14107884639998,0
TAR,D,20251205,000000,118.071,119.042,115.155,115.155,264.46473030239997,0
TAR,D,20251208,000000,115.155,117.585,112.726,114.669,231.53526971999997,0
TAR,D,20251209,000000,117.099,117.585,115.641,115.641,67.9170124512,0
TAR,D,20251210,000000,117.099,118.556,115.641,116.613,31.900414939199997,0
TAR,D,20251211,000000,116.613,119.042,113.212,118.071,128.63070539999998,0
TAR,D,20251212,000000,116.127,116.127,114.669,116.127,138.921161832,0
TAR,D,20251215,000000,116.127,116.127,113.212,114.669,538.1908713936,0
TAR,D,20251216,000000,115.641,116.127,114.669,114.669,66.88796680799999,0
TAR,D,20251217,000000,114.669,119.528,114.669,119.528,597.8755186991999,0
TAR,D,20251218,000000,116.613,118.071,116.613,116.613,137.8921161888,0
TAR,D,20251219,000000,117.099,119.528,116.613,117.099,42.1908713712,0
TAR,D,20251222,000000,117.099,119.042,116.613,119.042,94.67219917439999,0
TAR,D,20251223,000000,119.042,119.528,113.698,117.585,2520.1327801968,0
TAR,D,20251229,000000,117.585,117.585,114.669,115.155,381.77593362719995,0
TAR,D,20251230,000000,117.099,118.556,114.669,114.669,414.70539420959994,0
TAR,D,20260102,000000,114.669,117.585,114.183,117.585,614.3402489903999,0
TAR,D,20260105,000000,117.099,119.528,116.613,118.071,209.92531121279998,0
TAR,D,20260107,000000,119.528,119.528,116.613,118.071,376.6307054112,0
TAR,D,20260108,000000,115.155,118.071,115.155,116.613,254.1742738704,0
TAR,D,20260109,000000,117.585,118.556,115.641,117.099,209.92531121279998,0
TAR,D,20260112,000000,116.127,118.071,116.127,117.585,712.0995850943999,0
TAR,D,20260113,000000,118.071,118.556,117.099,117.099,156.4149377664,0
TAR,D,20260114,000000,119.042,119.042,117.099,117.099,442.489626576,0
TAR,D,20260115,000000,118.071,124.387,117.099,119.042,2076.6141079776,0
TAR,D,20260116,000000,119.042,120.986,118.556,118.556,399.26970956159994,0
TAR,D,20260119,000000,119.528,119.528,116.127,118.071,542.3070539664,0
TAR,D,20260120,000000,118.556,118.556,115.641,118.556,143.0373444048,0
TAR,D,20260121,000000,118.556,119.042,116.613,116.613,90.55601660159999,0
TAR,D,20260122,000000,118.556,119.528,116.613,117.585,382.80497927039994,0
TAR,D,20260123,000000,117.585,119.042,116.613,119.042,320.0331950352,0
TAR,D,20260126,000000,119.042,119.042,116.613,118.071,154.35684648,0
TAR,D,20260127,000000,119.042,119.528,117.585,117.585,19.5518672208,0
TAR,D,20260128,000000,119.042,119.042,115.641,119.042,904.5311203727999,0
TAR,D,20260129,000000,116.613,118.556,116.613,117.099,214.04149378559998,0
TAR,D,20260130,000000,118.556,118.556,117.099,118.556,348.84647304479995,0
TAR,D,20260202,000000,118.071,119.528,117.099,119.042,231.53526971999997,0
TAR,D,20260203,000000,117.585,118.556,117.585,117.585,185.22821577599998,0
TAR,D,20260204,000000,118.556,118.556,115.641,117.585,657.5601660048,0
TAR,D,20260205,000000,117.585,117.585,116.127,117.585,922.0248963071999,0
TAR,D,20260206,000000,117.585,117.585,115.641,117.585,142.00829876159997,0
TAR,D,20260209,000000,117.585,117.585,116.127,116.613,60.713692948799995,0
TAR,D,20260210,000000,118.556,118.556,116.613,116.613,133.77593361599997,0
TAR,D,20260211,000000,116.127,119.042,116.127,118.556,355.02074690399996,0
TAR,D,20260212,000000,118.556,119.528,118.071,118.071,157.44398340959998,0
TAR,D,20260213,000000,119.042,119.042,116.127,118.071,48.365145230399996,0
TAR,D,20260216,000000,116.613,118.071,116.613,118.071,73.0622406672,0
TAR,D,20260217,000000,118.071,118.071,116.613,118.071,178.02489627359998,0
TAR,D,20260218,000000,118.071,118.071,116.613,117.585,170.8215767712,0
TAR,D,20260219,000000,117.585,117.585,116.127,116.613,67.9170124512,0
TAR,D,20260220,000000,117.099,118.071,117.099,118.071,69.9751037376,0
TAR,D,20260223,000000,117.585,119.042,117.585,118.071,563.9170124735999,0
TAR,D,20260224,000000,118.071,118.071,117.099,117.585,28.813278009599998,0
TAR,D,20260225,000000,118.071,118.556,117.099,118.556,18.5228215776,0
TAR,D,20260226,000000,118.556,118.556,117.585,118.556,78.2074688832,0
TAR,D,20260227,000000,118.556,119.528,117.585,118.556,433.2282157872,0
TAR,D,20260302,000000,118.556,118.556,116.613,117.585,504.23236516799994,0
TAR,D,20260303,000000,118.071,118.071,116.613,116.613,204.7800829968,0
TAR,D,20260304,000000,117.585,117.585,116.127,117.585,107.02074689279999,0
TAR,D,20260305,000000,116.613,117.099,116.127,116.127,67.9170124512,0
TAR,D,20260306,000000,116.127,118.071,116.127,118.071,202.72199171039998,0
TAR,D,20260309,000000,116.127,117.099,115.641,116.613,321.0622406784,0
TAR,D,20260310,000000,116.613,118.556,115.641,115.641,363.25311204959996,0
TAR,D,20260311,000000,115.641,120.5,115.641,118.071,1654.7053942655998,0
TAR,D,20260312,000000,118.556,119.042,117.585,117.585,242.85477179519998,0
TAR,D,20260313,000000,119.042,119.528,116.613,116.613,166.70539419839997,0
TAR,D,20260316,000000,118.556,119.042,116.613,117.099,174.93775934399997,0
TAR,D,20260317,000000,117.099,117.585,116.613,116.613,162.5892116256,0
TAR,D,20260318,000000,116.613,118.556,116.613,118.556,126.5726141136,0
TAR,D,20260319,000000,117.585,117.585,115.641,115.641,347.81742740159996,0
TAR,D,20260320,000000,116.613,117.099,115.641,115.641,23.668049793599998,0
TAR,D,20260323,000000,115.641,116.127,106.895,116.127,1009.4937759791999,0
TAR,D,20260324,000000,116.613,116.613,110.782,110.782,130.6887966864,0
TAR,D,20260325,000000,114.669,116.127,111.754,114.669,43.219917014399996,0
TAR,D,20260326,000000,116.613,116.613,111.754,112.726,118.340248968,0
TAR,D,20260327,000000,113.698,116.127,112.726,113.212,80.2655601696,0
TAR,D,20260330,000000,114.669,115.641,112.726,112.726,166.70539419839997,0
TAR,D,20260331,000000,113.698,116.613,112.24,116.127,1394.356846536,0
TAR,D,20260401,000000,116.127,116.127,114.183,115.641,62.771784235199995,0
TAR,D,20260402,000000,116.127,116.127,113.698,116.127,163.6182572688,0
TAR,D,20260407,000000,113.698,114.669,113.698,114.669,424.9958506416,0
TAR,D,20260408,000000,114.669,116.613,113.698,116.613,275.7842323776,0
TAR,D,20260409,000000,116.613,116.613,115.155,116.613,34.9875518688,0
TAR,D,20260410,000000,116.613,118.556,115.641,116.613,371.48547719519996,0
TAR,D,20260413,000000,116.613,117.099,115.155,117.099,225.3609958608,0
TAR,D,20260414,000000,117.099,117.585,116.127,116.613,46.307053943999996,0
TAR,D,20260415,000000,116.613,116.613,115.641,115.641,41.161825728,0
TAR,D,20260416,000000,115.641,116.613,115.641,115.641,116.28215768159998,0
TAR,D,20260417,000000,115.641,116.613,115.155,116.613,128.63070539999998,0
TAR,D,20260420,000000,116.613,116.613,114.669,116.613,178.02489627359998,0
TAR,D,20260421,000000,116.613,117.099,116.613,117.099,75.12033195359999,0
TAR,D,20260422,000000,117.099,117.585,115.155,117.585,502.17427388159996,0
TAR,D,20260423,000000,117.585,117.585,115.641,116.613,142.00829876159997,0
TAR,D,20260424,000000,116.613,116.613,115.641,115.641,36.016597512,0
TAR,D,20260427,000000,115.641,117.585,114.669,114.669,201.69294606719998,0
TAR,D,20260428,000000,116.127,117.099,114.669,116.613,587.5850622672,0
TAR,D,20260429,000000,117.099,118.071,115.641,118.071,227.41908714719997,0
TAR,D,20260430,000000,117.585,118.071,114.183,116.127,1326.4398340848,0
TAR,D,20260504,000000,116.127,116.127,114.669,114.669,55.568464732799995,0
TAR,D,20260505,000000,116.127,116.613,114.183,115.155,292.2489626688,0
TAR,D,20260506,000000,115.155,126.331,115.155,117.099,1710.2738589983999,0
TAR,D,20260507,000000,118.071,118.071,116.613,118.071,153.32780083679998,0
TAR,D,20260508,000000,118.071,118.556,116.127,118.556,887.0373444383999,0
TAR,D,20260511,000000,118.556,118.556,115.155,117.099,324.14937760799995,0
TAR,D,20260512,000000,117.099,117.099,116.127,116.613,37.0456431552,0
TAR,D,20260513,000000,117.585,117.585,115.641,116.127,147.1535269776,0
TAR,D,20260514,000000,116.127,116.613,115.155,115.155,110.1078838224,0
TAR,D,20260515,000000,115.641,117.099,115.155,117.099,173.90871370079998,0
TAR,D,20260518,000000,117.099,117.099,114.669,116.127,68.9460580944,0
TAR,D,20260519,000000,115.641,116.127,114.669,114.669,308.71369296,0
TAR,D,20260520,000000,116.127,118.556,114.669,118.556,459.98340251039997,0
TAR,D,20260521,000000,118.556,120.986,116.127,120.014,90.55601660159999,0
TAR,D,20260522,000000,119.528,120.014,117.585,119.528,82.323651456,0
TAR,D,20260525,000000,119.528,120.014,117.585,120.014,294.3070539552,0
TAR,D,20260526,000000,120.014,120.014,116.613,116.613,729.5933610287999,0
TAR,D,20260527,000000,118.556,118.556,116.127,116.127,11.319502075199999,0
TAR,D,20260528,000000,116.127,117.099,116.127,117.099,38.0746887984,0
TAR,D,20260529,000000,117.585,118.071,115.155,117.099,717.2448133104,0
TAR,D,20260601,000000,117.585,118.556,115.641,116.613,437.34439835999996,0
TAR,D,20260602,000000,119.042,119.528,116.613,119.042,140.97925311839998,0
TAR,D,20260603,000000,118.556,118.556,116.127,116.613,380.74688798399995,0
TAR,D,20260605,000000,118.556,120.014,116.613,120.014,409.5601659936,0
TAR,D,20260608,000000,121.472,121.472,116.613,120.5,479.53526973119995,0
TAR,D,20260609,000000,122,122,120,121,153,0
TAR,D,20260610,000000,121.5,122,120,120,65,0
TAR,D,20260611,000000,121.5,122,119.5,121.5,189,0
TAR,D,20260612,000000,122,125,120.5,121,468,0
TAR,D,20260615,000000,121,124.5,119,119,1140,0
TAR,D,20260616,000000,121.5,122,121,121,179,0
TAR,D,20260617,000000,122,122,121,121.5,104,0
TAR,D,20260618,000000,122,122,119,120.5,213,0
TAR,D,20260619,000000,121.5,121.5,120,121.5,24,0
TAR,D,20260622,000000,121,121.5,120,121.5,76,0
TAR,D,20260623,000000,122,124,121.5,124,506,0
TAR,D,20260624,000000,124,124,121,123,166,0
TAR,D,20260625,000000,120,124,120,124,74,0
TAR,D,20260626,000000,123.5,123.5,121.5,123.5,71,0
TAR,D,20260629,000000,124,124,122.5,122.5,91,0
TAR,D,20260630,000000,120,124,120,123,23,0
TAR,D,20260701,000000,122,124,122,122,96,0
TAR,D,20260702,000000,124.5,124.5,122,122,9,0
TAR,D,20260703,000000,123.5,124,121.5,124,17,0
TAR,D,20260706,000000,124,124,122,122,47,0
TAR,D,20260707,000000,123.5,125,120,121.5,883,0
TAR,D,20260708,000000,123,123,120,120,138,0
TAR,D,20260709,000000,120,122,120,122,30,0
TAR,D,20260710,000000,121.5,123,120,123,406,0
TAR,D,20260713,000000,123,123,121.5,121.5,98,0
TAR,D,20260714,000000,122.5,123,122.5,122.5,840,0
TAR,D,20260715,000000,123,123,120.5,123,111,0
TAR,D,20260716,000000,122,122,121,121.5,76,0
TAR,D,20260717,000000,121.5,121.5,120.5,120.5,47,0
TAR,D,20260720,000000,121,123.5,121,123.5,112,0
TAR,D,20260721,000000,123.5,123.5,121,121.5,131,0
TAR,D,20260722,000000,122.5,122.5,121,122.5,81,0
TAR,D,20260723,000000,122.5,122.5,121.5,122,23,0
TAR,D,20260724,000000,122,122,120.5,122,176,0
TAR,D,20260727,000000,122,122,121,122,125,0
TAR,D,20260728,000000,122,122,120,122,1316,0
TAR,D,20260729,000000,122,122,120,121.5,307,0
TAR,D,20260730,000000,121,123,121,121.5,128,0
TAR,D,20260731,000000,121.5,122.5,121.5,121.5,47,0
TAR,D,20260803,000000,123,123,121,121,70,0
TAR,D,20260804,000000,122,122,121.5,122,116,0
TAR,D,20260805,000000,122,123,121,122,271,0
TAR,D,20260806,000000,122.5,123,121.5,122,77,0
TAR,D,20260807,000000,123,123,121.5,121.5,63,0
TAR,D,20260810,000000,122.5,123.5,122,123.5,699,0
TAR,D,20260811,000000,123.5,123.5,122,122.5,75,0
TAR,D,20260812,000000,122.5,123,122,123,77,0
TAR,D,20260813,000000,123,123,121.5,122.5,82,0
TAR,D,20260814,000000,121.5,123,121.5,122.5,234,0
TAR,D,20260817,000000,122.5,123,121.5,122.5,179,0
TAR,D,20260818,000000,122.5,122.5,121.5,121.5,36,0
