<TICKER>,<PER>,<DATE>,<TIME>,<OPEN>,<HIGH>,<LOW>,<CLOSE>,<VOL>,<OPENINT>
TLX,D,20001120,000000,14.3213,14.3665,12.8845,13.0595,137742.3582912977,0
TLX,D,20001121,000000,13.0595,13.0595,12.7518,13.0153,16543.87651722175,0
TLX,D,20001122,000000,12.8402,12.8402,12.6238,12.7961,8107.742914491362,0
TLX,D,20001123,000000,12.7114,12.7114,12.4479,12.4479,11112.145748318075,0
TLX,D,20001124,000000,12.6238,12.7961,12.5372,12.7961,9615.789473104973,0
TLX,D,20001127,000000,12.8402,12.8402,12.6238,12.7518,11508.552630885593,0
TLX,D,20001128,000000,12.5372,12.5372,12.3208,12.4921,6817.560728334262,0
TLX,D,20001129,000000,12.3208,12.3208,12.0565,12.0565,2525.101214422791,0
TLX,D,20001130,000000,11.7525,11.7525,10.5792,11.2293,18489.777326821233,0
TLX,D,20001201,000000,11.0148,11.6199,11.0148,11.2293,4409.362347912526,0
TLX,D,20001204,000000,11.3188,11.3188,10.8822,10.9696,28128.947366726417,0
TLX,D,20001205,000000,11.0976,11.2745,11.0591,11.2745,19247.520241755647,0
TLX,D,20001206,000000,11.5775,12.1882,11.5775,12.1016,11827.378541797561,0
TLX,D,20001207,000000,11.8861,12.1882,11.7525,12.1882,4438.056679894604,0
TLX,D,20001208,000000,12.0113,12.2767,11.7525,12.0565,3310.4757083026075,0
TLX,D,20001211,000000,11.9256,12.2767,11.9256,12.1458,3329.6052629573255,0
TLX,D,20001212,000000,11.9689,12.1458,11.7525,12.1458,1240.2327934475582,0
TLX,D,20001213,000000,11.7525,11.9689,11.7525,11.7977,4508.198380295236,0
TLX,D,20001214,000000,11.7525,11.9689,11.7525,11.9689,2698.3299593516276,0
TLX,D,20001215,000000,12.0113,12.0113,11.7525,11.7525,1469.7874493041752,0
TLX,D,20001218,000000,11.5775,11.5775,11.0976,11.0976,733.2995950975278,0
TLX,D,20001219,000000,11.2293,11.7092,10.8822,11.7092,2292.3582994570547,0
TLX,D,20001220,000000,11.665,11.665,11.3188,11.3188,3515.587044322641,0
TLX,D,20001221,000000,11.49,11.49,11.4495,11.4495,1148.8360323194602,0
TLX,D,20001222,000000,11.1852,11.7525,11.1852,11.5775,11875.202428434863,0
TLX,D,20001227,000000,11.7525,11.7525,11.7525,11.7525,668.4716598787609,0
TLX,D,20001228,000000,11.7525,11.7525,11.3611,11.7525,3253.0870443384533,0
TLX,D,20001229,000000,11.5333,11.665,11.5333,11.665,2756.7813763521553,0
TLX,D,20010103,000000,10.8822,11.3188,10.8822,10.9696,1586.6902833052307,0
TLX,D,20010104,000000,11.3188,11.3188,11.0976,11.0976,2819.4838054981756,0
TLX,D,20010105,000000,11.0976,11.0976,10.9263,11.0976,3094.736841918842,0
TLX,D,20010108,000000,10.4465,10.8389,10.4465,10.7946,3089.423076736976,0
TLX,D,20010109,000000,10.4897,10.7946,10.4897,10.7946,1858.7550606167772,0
TLX,D,20010110,000000,10.8822,10.8822,10.4465,10.4465,3009.716599008984,0
TLX,D,20010111,000000,10.4897,10.4897,10.1435,10.4465,3231.8319836109886,0
TLX,D,20010112,000000,10.4465,10.4465,10.1877,10.1877,3443.319837849261,0
TLX,D,20010115,000000,10.0108,10.0108,8.88175,9.40388,3943.876517981052,0
TLX,D,20010116,000000,9.14041,9.22886,8.74916,9.22886,22484.665990548096,0
TLX,D,20010117,000000,9.14041,10.5349,9.14041,10.4465,7443.522266758094,0
TLX,D,20010118,000000,10.5349,11.0591,10.2705,10.8389,10596.710525677565,0
TLX,D,20010119,000000,10.8822,10.8822,10.7504,10.8822,3416.751011939931,0
TLX,D,20010122,000000,10.8389,10.8389,10.5349,10.7504,2376.3157893305397,0
TLX,D,20010123,000000,10.4465,10.5792,10.2705,10.2705,3046.912955282047,0
TLX,D,20010124,000000,10.3147,10.7504,10.3147,10.7071,190.23279351080794,0
TLX,D,20010125,000000,10.4465,10.6243,10.4465,10.4465,2542.1052630047634,0
TLX,D,20010126,000000,10.2705,10.4465,10.0983,10.4465,2393.319837912511,0
TLX,D,20010129,000000,10.1877,10.1877,9.6203,9.87906,275.2530364206662,0
TLX,D,20010130,000000,10.0108,10.358,9.83672,9.83672,3047.97570831842,0
TLX,D,20010131,000000,9.96845,10.2705,9.96845,10.2705,2.1255060727464574,0
TLX,D,20010201,000000,10.1877,10.23,10.0108,10.0108,741.8016193885137,0
TLX,D,20010202,000000,10.0108,10.23,10.0108,10.0983,673.7854250606271,0
TLX,D,20010205,000000,10.0108,10.056,10.0108,10.0108,6250.050606910958,0
TLX,D,20010206,000000,10.0108,10.0108,9.83672,9.83672,1678.0870444333282,0
TLX,D,20010207,000000,9.79626,9.79626,9.70781,9.70781,3119.1801617554265,0
TLX,D,20010208,000000,9.6203,9.79626,9.35965,9.35965,13264.22064697437,0
TLX,D,20010209,000000,10.0108,10.7504,9.44528,9.66358,39786.28542270426,0
TLX,D,20010212,000000,9.96845,9.96845,9.75297,9.75297,2093.6234816552605,0
TLX,D,20010213,000000,9.79626,10.0108,9.79626,10.0108,1323.1275302846698,0
TLX,D,20010214,000000,10.056,10.056,10.0108,10.0108,1610.0708501054414,0
TLX,D,20010215,000000,10.4465,10.8389,10.23,10.7946,5473.178137322128,0
TLX,D,20010216,000000,10.7504,10.7504,10.0983,10.0983,3351.9230767211634,0
TLX,D,20010219,000000,9.92328,10.8389,9.92328,10.8389,917.1558703900964,0
TLX,D,20010220,000000,10.4465,10.5792,10.4465,10.4897,1278.4919027569943,0
TLX,D,20010221,000000,10.6243,10.6243,9.70781,9.79626,3104.3016192462014,0
TLX,D,20010222,000000,9.79626,9.83672,9.79626,9.83672,770.4959513705909,0
TLX,D,20010223,000000,10.23,10.23,10.0108,10.0108,7484.969635176651,0
TLX,D,20010226,000000,10.056,10.056,10.056,10.056,460.172064749608,0
TLX,D,20010227,000000,10.23,10.23,10.0108,10.056,4591.093117132348,0
TLX,D,20010228,000000,10.0108,10.23,10.0108,10.056,1798.1781375435032,0
TLX,D,20010301,000000,10.1435,10.1435,10.1435,10.1435,413.41093114918596,0
TLX,D,20010302,000000,10.0983,10.0983,9.75297,9.79626,4402.985829694287,0
TLX,D,20010305,000000,9.83672,10.0108,9.83672,10.0108,633.4008096784444,0
TLX,D,20010306,000000,10.0108,10.1877,10.0108,10.0108,2528.289473531911,0
TLX,D,20010307,000000,9.57607,10.0108,9.48762,10.0108,613.208501987353,0
TLX,D,20010308,000000,9.70781,10.0108,9.70781,10.0108,3787.6518216341874,0
TLX,D,20010309,000000,9.79626,10.0108,9.35965,10.0108,2052.1761132367046,0
TLX,D,20010312,000000,9.48762,9.92328,9.48762,9.6203,4307.338056420696,0
TLX,D,20010313,000000,9.57607,9.79626,9.57607,9.70781,6806.93319797053,0
TLX,D,20010314,000000,9.66358,9.79626,9.57607,9.6203,6482.793521876695,0
TLX,D,20010315,000000,9.75297,10.23,9.75297,10.23,3475.202428940458,0
TLX,D,20010316,000000,9.87906,10.0108,9.87906,10.0108,3102.1761131734547,0
TLX,D,20010319,000000,10.0108,10.0108,10.0108,10.0108,414.4736841855592,0
TLX,D,20010320,000000,10.0108,10.23,10.0108,10.0983,4144.7368418555925,0
TLX,D,20010321,000000,9.57607,10.0108,9.57607,10.0108,2457.085020094905,0
TLX,D,20010322,000000,9.79626,9.79626,9.79626,9.79626,2189.2712549288512,0
TLX,D,20010323,000000,9.79626,10.056,9.79626,10.056,1990.5364371270575,0
TLX,D,20010326,000000,10.23,10.8389,10.23,10.4465,1722.722671961004,0
TLX,D,20010327,000000,10.23,10.4032,9.83672,10.4032,2534.6659917501506,0
TLX,D,20010328,000000,10.358,10.662,10.358,10.358,10287.449392092854,0
TLX,D,20010329,000000,10.0108,10.0108,10.0108,10.0108,22.317813763837805,0
TLX,D,20010330,000000,10.4465,10.5349,10.4465,10.5349,2870.4959512440905,0
TLX,D,20010402,000000,10.7504,10.7504,10.662,10.662,277.37854249341274,0
TLX,D,20010403,000000,10.23,10.23,10.23,10.23,1148.8360323194602,0
TLX,D,20010404,000000,10.056,10.4465,10.056,10.0983,1733.350202324736,0
TLX,D,20010405,000000,10.4465,10.5792,10.2705,10.2705,777.9352226252034,0
TLX,D,20010406,000000,10.23,10.5792,10.23,10.4465,3069.2307690458847,0
TLX,D,20010409,000000,10.6243,10.7946,10.4465,10.7946,3909.8684208171085,0
TLX,D,20010410,000000,10.8822,11.0148,10.8822,11.0148,1871.5080970532558,0
TLX,D,20010411,000000,10.9696,11.0591,10.9263,11.0591,3519.8380564681333,0
TLX,D,20010412,000000,11.1852,11.1852,11.0976,11.0976,2130.819837928324,0
TLX,D,20010417,000000,11.3188,11.3188,10.8822,10.9263,2182.894736710612,0
TLX,D,20010418,000000,10.8822,11.2745,10.8822,11.2745,770.4959513705909,0
TLX,D,20010419,000000,11.49,11.665,11.49,11.665,301.8218623299969,0
TLX,D,20010420,000000,12.8402,12.8402,11.9689,12.5372,2710.0202427517333,0
TLX,D,20010423,000000,12.1882,12.1882,11.0976,11.4062,3732.3886637427795,0
TLX,D,20010424,000000,11.1852,11.7092,11.1852,11.7092,176.41700403795596,0
TLX,D,20010425,000000,11.7092,11.7092,11.4062,11.4062,1263.613360247769,0
TLX,D,20010426,000000,11.1852,11.4062,11.1852,11.4062,303.94736840274345,0
TLX,D,20010427,000000,11.5333,11.5333,11.5333,11.5333,700.3542509699578,0
TLX,D,20010430,000000,11.49,11.5333,11.49,11.5333,391.0931173853482,0
TLX,D,20010502,000000,11.5333,11.5333,11.5333,11.5333,1127.5809715919956,0
TLX,D,20010507,000000,11.49,11.49,11.49,11.49,88.20850201897798,0
TLX,D,20010508,000000,10.9263,11.3188,10.9263,11.3188,218.92712549288512,0
TLX,D,20010509,000000,11.2293,11.2293,11.2293,11.2293,930.9716598629484,0
TLX,D,20010510,000000,11.0148,12.1016,11.0148,11.9689,7483.906882140277,0
TLX,D,20010511,000000,11.9689,11.9689,11.5333,11.9689,1626.0121456510399,0
TLX,D,20010514,000000,12.1016,12.1016,11.5775,11.9689,1377.3279351397046,0
TLX,D,20010515,000000,11.7525,11.7525,11.7525,11.7525,179.60526314707565,0
TLX,D,20010516,000000,11.9256,11.9256,11.9256,11.9256,110.52631578281579,0
TLX,D,20010517,000000,11.7525,11.8409,11.5333,11.7525,2214.777327801809,0
TLX,D,20010518,000000,11.7525,11.7525,11.7525,11.7525,111.58906881918902,0
TLX,D,20010521,000000,11.7977,11.9689,11.7977,11.9689,1769.4838055614257,0
TLX,D,20010522,000000,11.9256,12.0113,11.7525,11.7525,3664.3724694148927,0
TLX,D,20010523,000000,11.7525,11.9256,11.7525,11.9256,674.8481780970003,0
TLX,D,20010524,000000,11.665,11.7525,11.665,11.665,1838.5627529256858,0
TLX,D,20010525,000000,12.0565,12.3208,11.7525,11.9689,2079.807692182409,0
TLX,D,20010528,000000,11.9256,11.9256,11.9256,11.9256,460.172064749608,0
TLX,D,20010529,000000,11.7525,12.1882,11.7525,12.1882,1739.7267205429753,0
TLX,D,20010531,000000,11.7525,12.3604,11.7525,12.1882,2345.495951275716,0
TLX,D,20010601,000000,12.4036,12.4036,12.3208,12.4036,9868.724695761803,0
TLX,D,20010604,000000,12.4036,12.4036,12.1882,12.1882,6824.999999588876,0
TLX,D,20010605,000000,12.1882,12.1882,12.1882,12.1882,688.6639675698523,0
TLX,D,20010606,000000,12.1016,12.2324,11.7525,12.2324,489.9291497680585,0
TLX,D,20010607,000000,11.9689,11.9689,11.9689,11.9689,23238.157893336615,0
TLX,D,20010608,000000,11.7525,12.2324,11.7525,11.7525,2325.3036435846248,0
TLX,D,20010611,000000,11.5333,11.5333,11.5333,11.5333,193.42105261992762,0
TLX,D,20010612,000000,11.7525,11.7525,11.7525,11.7525,44181.83198114454,0
TLX,D,20010613,000000,12.1882,12.1882,11.6199,11.9689,37547.06477506617,0
TLX,D,20010615,000000,11.6199,11.8861,11.6199,11.8861,123.27935221929454,0
TLX,D,20010619,000000,11.7525,11.7525,11.7525,11.7525,70.1417004006331,0
TLX,D,20010620,000000,11.7525,11.7525,11.5333,11.5333,789.6255060253089,0
TLX,D,20010621,000000,11.3611,11.7525,11.3611,11.5775,1460.2226719768164,0
TLX,D,20010622,000000,11.9689,11.9689,11.5333,11.7525,1618.5728743964273,0
TLX,D,20010625,000000,11.7525,11.8861,11.7525,11.8861,218.92712549288512,0
TLX,D,20010627,000000,11.4062,11.7525,11.4062,11.7525,698.2287448972112,0
TLX,D,20010628,000000,11.3188,11.7525,11.3188,11.7525,4716.49797542439,0
TLX,D,20010629,000000,12.0565,12.0565,12.0565,12.0565,22968.218622098422,0
TLX,D,20010702,000000,11.8861,11.9689,11.7525,11.7525,1187.0951416288965,0
TLX,D,20010703,000000,11.3188,11.6199,11.3188,11.6199,1643.0161942330117,0
TLX,D,20010704,000000,11.7525,11.7525,11.3188,11.3188,2517.661943168179,0
TLX,D,20010705,000000,11.3188,11.3188,11.3188,11.3188,415.53643722193243,0
TLX,D,20010706,000000,11.7525,11.7525,11.7525,11.7525,230.61740889299062,0
TLX,D,20010711,000000,11.5333,11.5333,11.5333,11.5333,148.78542509225204,0
TLX,D,20010712,000000,11.49,11.665,10.662,10.7946,7224.595141265208,0
TLX,D,20010713,000000,10.9263,10.9263,10.9263,10.9263,688.6639675698523,0
TLX,D,20010716,000000,10.5349,10.7504,10.4897,10.5349,1084.0080971006935,0
TLX,D,20010717,000000,10.4465,10.4465,10.4465,10.4465,129.6558704375339,0
TLX,D,20010724,000000,10.056,10.056,9.14041,9.6203,2882.1862346441962,0
TLX,D,20010725,000000,9.35965,9.35965,9.14041,9.14041,277.37854249341274,0
TLX,D,20010726,000000,9.09525,9.09525,8.31444,8.31444,7013.107287026936,0
TLX,D,20010727,000000,8.44599,8.61753,8.18215,8.18215,22993.724694970773,0
TLX,D,20010730,000000,8.2689,8.2689,7.87851,7.87851,2215.840080838182,0
TLX,D,20010731,000000,7.83437,7.83437,7.2268,7.2268,1148.8360323194602,0
TLX,D,20010801,000000,7.2268,7.2268,7.2268,7.2268,1604.7570849235753,0
TLX,D,20010803,000000,7.24966,7.5089,7.24966,7.5089,460.172064749608,0
TLX,D,20010806,000000,7.74554,7.74554,7.39908,7.39908,52.07489878228821,0
TLX,D,20010807,000000,7.39908,7.70621,7.39908,7.70621,603.6437246599938,0
TLX,D,20010808,000000,7.44228,7.44228,7.16027,7.16027,351.77125503953874,0
TLX,D,20010809,000000,7.16027,7.39908,7.16027,7.39908,230.61740889299062,0
TLX,D,20010814,000000,6.87949,6.87949,6.83574,6.87949,1213.6639675382273,0
TLX,D,20010816,000000,6.61565,6.96315,6.61565,6.66006,635.5263157511909,0
TLX,D,20010817,000000,6.74757,6.74757,6.52749,6.52749,442.10526313126314,0
TLX,D,20010820,000000,6.74757,6.74757,6.74757,6.74757,343.2692307485529,0
TLX,D,20010821,000000,6.52749,6.52749,6.44439,6.48401,1805.6174087981158,0
TLX,D,20010822,000000,6.63852,6.63852,6.63852,6.63852,280.5668016025324,0
TLX,D,20010827,000000,6.91967,6.91967,6.48401,6.91967,1163.7145748286855,0
TLX,D,20010829,000000,6.70382,6.70382,6.70382,6.70382,460.172064749608,0
TLX,D,20010830,000000,6.66006,6.66006,6.66006,6.66006,174.29149796520952,0
TLX,D,20010831,000000,6.66006,6.66006,6.66006,6.66006,230.61740889299062,0
TLX,D,20010903,000000,6.61565,6.61565,6.61565,6.61565,44.63562752767561,0
TLX,D,20010904,000000,6.61565,6.61565,6.44439,6.44439,1610.0708501054414,0
TLX,D,20010907,000000,6.31191,6.31191,6.09239,6.09239,368.7753036215104,0
TLX,D,20010910,000000,6.03066,6.1798,5.70104,5.70104,854.4534412440759,0
TLX,D,20010911,000000,5.6174,5.6174,5.44125,5.44125,856.5789473168223,0
TLX,D,20010912,000000,4.98376,5.35308,4.98376,5.35308,462.2975708223545,0
TLX,D,20010914,000000,4.98376,4.98376,4.74626,4.74626,242.30769229309615,0
TLX,D,20010917,000000,4.65828,4.98376,4.61443,4.98376,1084.0080971006935,0
TLX,D,20010918,000000,4.65828,4.65828,4.65828,4.65828,2308.2995950026525,0
TLX,D,20010919,000000,4.65828,4.65828,4.65828,4.65828,1148.8360323194602,0
TLX,D,20010920,000000,4.7902,5.35308,4.65828,4.65828,1467.661943231429,0
TLX,D,20010921,000000,4.8078,5.00578,4.8078,5.00578,1148.8360323194602,0
TLX,D,20010925,000000,4.35464,4.98376,4.35464,4.96183,374.0890688033765,0
TLX,D,20010926,000000,4.39444,4.39444,4.35464,4.35464,688.6639675698523,0
TLX,D,20010927,000000,4.43838,4.43838,4.04676,4.04676,2062.8036436004368,0
TLX,D,20010928,000000,3.91917,4.13473,3.69936,3.69936,2234.9696354928997,0
TLX,D,20011001,000000,3.56744,3.91917,3.56744,3.91917,1187.0951416288965,0
TLX,D,20011002,000000,3.83128,4.15675,3.83128,4.15675,634.4635627148176,0
TLX,D,20011003,000000,4.11281,4.11281,4.11281,4.11281,499.4939270954175,0
TLX,D,20011004,000000,4.22281,4.22281,4.22281,4.22281,45.69838056404884,0
TLX,D,20011005,000000,4.13473,4.35464,4.13473,4.35464,80.76923076436539,0
TLX,D,20011009,000000,4.31079,4.70223,4.31079,4.70223,4117.105262909888,0
TLX,D,20011010,000000,4.35464,4.65828,4.35464,4.43838,4858.906882298402,0
TLX,D,20011011,000000,4.61443,4.70223,4.57021,4.57021,4031.0222669636564,0
TLX,D,20011012,000000,4.74626,5.18164,4.72433,4.82991,13759.46356192389,0
TLX,D,20011015,000000,5.00578,5.00578,5.00578,5.00578,230.61740889299062,0
TLX,D,20011016,000000,5.44125,6.0699,5.44125,5.78893,3229.706477538242,0
TLX,D,20011017,000000,6.44439,6.44439,5.78893,6.05239,9509.514169467651,0
TLX,D,20011018,000000,6.09239,6.44439,5.96432,6.44439,26560.323885039932,0
TLX,D,20011019,000000,6.09239,6.31191,6.09239,6.09239,7237.348177701688,0
TLX,D,20011022,000000,6.09239,6.22412,5.92066,6.00855,1544.1801618503014,0
TLX,D,20011023,000000,6.31191,6.31191,6.1798,6.1798,471.86234814971357,0
TLX,D,20011025,000000,5.96432,6.48401,5.96432,6.00855,4313.714574638936,0
TLX,D,20011026,000000,5.78893,6.26778,5.78893,5.78893,517.5607287137624,0
TLX,D,20011029,000000,5.83278,5.83278,5.83278,5.83278,470.79959511334033,0
TLX,D,20011031,000000,6.00855,6.00855,6.00855,6.00855,22.317813763837805,0
TLX,D,20011102,000000,5.55115,5.55115,5.55115,5.55115,230.61740889299062,0
TLX,D,20011105,000000,6.05239,6.05239,4.72433,5.28731,460.172064749608,0
TLX,D,20011106,000000,6.00855,6.00855,5.33135,5.33135,1032.9959513547783,0
TLX,D,20011107,000000,5.30923,5.44125,4.93972,4.93972,401.72064774908046,0
TLX,D,20011108,000000,5.18164,5.20365,5.18164,5.20365,230.61740889299062,0
TLX,D,20011109,000000,5.35308,5.35308,5.0278,5.18164,504.80769227728365,0
TLX,D,20011112,000000,5.48566,5.48566,5.26529,5.26529,1172.2165991196714,0
TLX,D,20011113,000000,5.55115,5.55115,5.24327,5.55115,2412.449392567229,0
TLX,D,20011114,000000,5.65644,5.65644,5.6174,5.6174,1458.09716590407,0
TLX,D,20011115,000000,5.63913,5.87635,5.52932,5.87635,1328.4412954665358,0
TLX,D,20011116,000000,5.87635,5.87635,5.6174,5.63913,1203.036437174495,0
TLX,D,20011121,000000,5.26529,5.57298,5.24327,5.24327,395.3441295308411,0
TLX,D,20011122,000000,5.24327,5.24327,5.24327,5.24327,574.9493926779168,0
TLX,D,20011123,000000,5.44125,5.44125,5.44125,5.44125,308.19838054823634,0
TLX,D,20011126,000000,5.3974,5.3974,5.3974,5.3974,88.20850201897798,0
TLX,D,20011128,000000,5.22558,5.65644,5.04963,5.65644,1870.4453440168825,0
TLX,D,20011129,000000,5.0278,5.7448,5.0278,5.7448,1438.9676112493516,0
TLX,D,20011130,000000,5.72278,5.72278,5.57298,5.57298,442.10526313126314,0
TLX,D,20011203,000000,5.24327,5.24327,5.24327,5.24327,256.12348176594816,0
TLX,D,20011204,000000,5.22558,5.22558,5.22558,5.22558,129.6558704375339,0
TLX,D,20011206,000000,5.44125,5.65644,5.22558,5.22558,963.9170039905184,0
TLX,D,20011207,000000,5.30923,5.30923,5.30923,5.30923,134.96963561940007,0
TLX,D,20011210,000000,5.48566,5.48566,5.13779,5.13779,110.52631578281579,0
TLX,D,20011211,000000,5.41923,5.48566,5.41923,5.48566,230.61740889299062,0
TLX,D,20011213,000000,5.30923,5.30923,5.30923,5.30923,230.61740889299062,0
TLX,D,20011214,000000,5.13779,5.13779,5.13779,5.13779,88.20850201897798,0
TLX,D,20011217,000000,4.7902,4.89578,4.39444,4.7902,956.4777327359059,0
TLX,D,20011218,000000,4.7902,5.07183,4.7902,5.07183,825.7591092619988,0
TLX,D,20011219,000000,4.7902,4.7902,4.7902,4.7902,94.58502023721736,0
TLX,D,20011220,000000,5.0278,5.0278,4.57021,4.57021,552.6315789140789,0
TLX,D,20011231,000000,4.87376,4.87376,4.52627,4.52627,850.202429098583,0
TLX,D,20020103,000000,4.35464,4.57021,4.35464,4.57021,608.9574898418601,0
TLX,D,20020104,000000,4.65828,4.74626,4.65828,4.74626,595.1417003690082,0
TLX,D,20020107,000000,4.65828,5.00578,4.61443,5.00578,1499.5445343226256,0
TLX,D,20020108,000000,5.09385,5.18164,5.00578,5.18164,574.9493926779168,0
TLX,D,20020109,000000,5.04963,5.65644,5.04963,5.44125,3884.3623479441508,0
TLX,D,20020110,000000,5.18164,5.48566,5.18164,5.22558,1976.7206476542053,0
TLX,D,20020111,000000,5.18164,5.18164,5.18164,5.18164,505.8704453136569,0
TLX,D,20020114,000000,5.22558,5.22558,5.22558,5.22558,260.37449391144105,0
TLX,D,20020115,000000,5.44125,5.48566,5.09385,5.48566,2464.5242913495176,0
TLX,D,20020116,000000,5.6174,5.6174,5.44125,5.44125,942.6619432630539,0
TLX,D,20020117,000000,5.57298,5.57298,5.57298,5.57298,45.69838056404884,0
TLX,D,20020118,000000,5.26529,5.26529,5.26529,5.26529,165.7894736742237,0
TLX,D,20020121,000000,5.55115,5.55115,5.26529,5.30923,280.5668016025324,0
TLX,D,20020122,000000,5.50739,5.55115,5.50739,5.55115,246.55870443858907,0
TLX,D,20020123,000000,5.6174,5.83278,5.6174,5.65644,4900.354250716958,0
TLX,D,20020124,000000,5.7448,5.87635,5.7448,5.87635,5125.657894428082,0
TLX,D,20020125,000000,5.87635,5.87635,5.87635,5.87635,376.214574876123,0
TLX,D,20020128,000000,5.46308,5.83278,5.44125,5.52932,7879.251011671117,0
TLX,D,20020129,000000,5.65644,5.65644,5.65644,5.65644,325.20242913020803,0
TLX,D,20020130,000000,5.65644,5.65644,5.65644,5.65644,331.5789473484474,0
TLX,D,20020131,000000,5.87635,5.92066,5.87635,5.87635,2414.5748986399753,0
TLX,D,20020201,000000,6.05239,6.05239,6.05239,6.05239,873.582995898794,0
TLX,D,20020206,000000,6.05239,6.1798,5.50739,5.83278,1457.0344128676966,0
TLX,D,20020211,000000,5.26529,5.57298,5.26529,5.57298,415.53643722193243,0
TLX,D,20020213,000000,5.81086,5.81086,5.81086,5.81086,26.56882590933072,0
TLX,D,20020219,000000,5.6174,5.65644,5.6174,5.65644,443.16801616763644,0
TLX,D,20020220,000000,5.35308,5.65644,5.35308,5.65644,469.73684207696715,0
TLX,D,20020222,000000,5.35308,5.44125,5.35308,5.35308,400.6578947127072,0
TLX,D,20020225,000000,5.35308,5.44125,5.18164,5.44125,3456.07287428574,0
TLX,D,20020226,000000,5.44125,5.44125,5.44125,5.44125,460.172064749608,0
TLX,D,20020227,000000,5.35308,5.35308,5.35308,5.35308,662.0951416605216,0
TLX,D,20020228,000000,5.65644,5.65644,5.65644,5.65644,1377.3279351397046,0
TLX,D,20020305,000000,5.70104,5.70104,5.65644,5.65644,917.1558703900964,0
TLX,D,20020306,000000,5.52932,5.52932,5.52932,5.52932,70.1417004006331,0
TLX,D,20020308,000000,5.35308,5.65644,5.35308,5.65644,343.2692307485529,0
TLX,D,20020314,000000,5.26529,5.65644,5.26529,5.65644,277.37854249341274,0
TLX,D,20020320,000000,5.6174,5.6174,5.6174,5.6174,1.0627530363732287,0
TLX,D,20020325,000000,5.28731,5.41923,5.18164,5.41923,770.4959513705909,0
TLX,D,20020326,000000,5.18164,5.30923,5.00578,5.30923,400.6578947127072,0
TLX,D,20020327,000000,5.22558,5.26529,5.00578,5.00578,673.7854250606271,0
TLX,D,20020328,000000,5.13779,5.13779,5.00578,5.00578,230.61740889299062,0
TLX,D,20020402,000000,5.0278,5.0278,5.0278,5.0278,997.9251011544618,0
TLX,D,20020403,000000,4.61443,4.91779,4.61443,4.91779,345.3947368212994,0
TLX,D,20020404,000000,4.61443,4.61443,4.35464,4.61443,1323.1275302846698,0
TLX,D,20020405,000000,4.15675,4.7902,4.15675,4.17887,1359.2611335213596,0
TLX,D,20020409,000000,4.57021,4.57021,4.57021,4.57021,22.317813763837805,0
TLX,D,20020411,000000,4.7902,4.7902,4.7902,4.7902,111.58906881918902,0
TLX,D,20020412,000000,4.7902,4.7902,4.00281,4.04676,6120.394736473425,0
TLX,D,20020415,000000,4.04676,4.04676,3.83128,3.83128,2105.3137650553663,0
TLX,D,20020416,000000,3.83128,3.83128,3.69936,3.72128,19079.605262008878,0
TLX,D,20020417,000000,3.7433,3.91917,3.7433,3.91917,282.6923076752788,0
TLX,D,20020418,000000,3.94127,3.94127,3.94127,3.94127,591.9534412598883,0
TLX,D,20020419,000000,4.15675,4.15675,3.94127,3.94127,671.6599189878805,0
TLX,D,20020422,000000,4.11281,4.13473,4.00281,4.00281,505.8704453136569,0
TLX,D,20020423,000000,4.15675,4.15675,4.15675,4.15675,218.92712549288512,0
TLX,D,20020424,000000,4.13473,4.13473,4.13473,4.13473,942.6619432630539,0
TLX,D,20020425,000000,4.13473,4.13473,4.13473,4.13473,174.29149796520952,0
TLX,D,20020426,000000,4.22281,4.22281,4.22281,4.22281,367.71255058513714,0
TLX,D,20020429,000000,4.33262,4.33262,4.33262,4.33262,460.172064749608,0
TLX,D,20020430,000000,4.04676,4.28867,4.04676,4.28867,517.5607287137624,0
TLX,D,20020502,000000,4.13473,4.13473,4.13473,4.13473,2165.8906881286402,0
TLX,D,20020507,000000,4.65828,4.65828,4.65828,4.65828,3.188259109119686,0
TLX,D,20020508,000000,4.48251,4.65828,4.48251,4.65828,1954.4028338903677,0
TLX,D,20020509,000000,4.65828,5.22558,4.65828,5.18164,1785.4251011070244,0
TLX,D,20020510,000000,5.13779,5.13779,4.87376,5.00578,764.1194331523515,0
TLX,D,20020513,000000,5.00578,5.00578,5.00578,5.00578,230.61740889299062,0
TLX,D,20020514,000000,5.20365,5.20365,5.20365,5.20365,230.61740889299062,0
TLX,D,20020515,000000,4.91779,4.91779,4.65828,4.7902,740.7388663521405,0
TLX,D,20020516,000000,5.13779,5.13779,4.82991,5.11577,2858.8056678439852,0
TLX,D,20020517,000000,4.82991,4.82991,4.82991,4.82991,25.50607287295749,0
TLX,D,20020520,000000,5.15981,5.15981,4.93972,4.93972,460.172064749608,0
TLX,D,20020521,000000,5.00578,5.00578,4.82991,4.82991,3444.3825908856343,0
TLX,D,20020523,000000,4.96183,4.96183,4.82991,4.96183,5740.991902488181,0
TLX,D,20020524,000000,4.82991,5.00578,4.82991,5.00578,351.77125503953874,0
TLX,D,20020527,000000,4.98376,5.00578,4.98376,5.00578,1768.4210525250526,0
TLX,D,20020528,000000,4.85193,4.85193,4.85193,4.85193,188.1072874380615,0
TLX,D,20020531,000000,4.89578,4.91779,4.89578,4.91779,176.41700403795596,0
TLX,D,20020603,000000,4.87376,5.00578,4.87376,5.00578,866.1437246441815,0
TLX,D,20020604,000000,5.00578,5.00578,5.00578,5.00578,1402.834008012662,0
TLX,D,20020605,000000,5.00578,5.18164,5.00578,5.18164,4215.941295292599,0
TLX,D,20020606,000000,5.18164,5.18164,5.18164,5.18164,246.55870443858907,0
TLX,D,20020607,000000,5.18164,5.18164,5.04963,5.04963,233.8056680021103,0
TLX,D,20020611,000000,5.04963,5.04963,5.04963,5.04963,275.2530364206662,0
TLX,D,20020612,000000,5.18164,5.18164,5.00578,5.0278,367.71255058513714,0
TLX,D,20020613,000000,5.09385,5.09385,5.09385,5.09385,188.1072874380615,0
TLX,D,20020614,000000,5.00578,5.00578,5.00578,5.00578,761.993927079605,0
TLX,D,20020617,000000,5.00578,5.00578,5.00578,5.00578,2690.8906880970153,0
TLX,D,20020618,000000,5.13779,5.13779,5.13779,5.13779,114.77732792830871,0
TLX,D,20020619,000000,5.13779,5.13779,5.13779,5.13779,202.9858299472867,0
TLX,D,20020620,000000,5.00578,5.13779,5.00578,5.13779,277.37854249341274,0
TLX,D,20020624,000000,5.22558,5.22558,5.00578,5.22558,206.1740890564064,0
TLX,D,20020626,000000,5.00578,5.20365,5.00578,5.20365,538.8157894412269,0
TLX,D,20020627,000000,5.00578,5.13779,5.00578,5.13779,160.47570849235754,0
TLX,D,20020628,000000,5.00578,5.00578,5.00578,5.00578,636.5890687875641,0
TLX,D,20020701,000000,5.00578,5.00578,5.00578,5.00578,32.945344127570095,0
TLX,D,20020702,000000,5.00578,5.00578,5.00578,5.00578,4713.309716315269,0
TLX,D,20020704,000000,5.18164,5.18164,5.18164,5.18164,22.317813763837805,0
TLX,D,20020705,000000,5.18164,5.3974,5.18164,5.3974,374.0890688033765,0
TLX,D,20020708,000000,5.48566,5.52932,5.48566,5.52932,676.9736841697468,0
TLX,D,20020709,000000,5.48566,5.48566,5.48566,5.48566,1030.8704452820318,0
TLX,D,20020711,000000,5.3974,5.3974,5.3974,5.3974,60.57692307327404,0
TLX,D,20020718,000000,5.13779,5.35308,5.13779,5.35308,343.2692307485529,0
TLX,D,20020719,000000,5.13779,5.30923,5.13779,5.30923,137.0951416921465,0
TLX,D,20020722,000000,5.00578,5.30923,5.00578,5.30923,804.5040485345341,0
TLX,D,20020723,000000,5.22558,5.22558,5.22558,5.22558,226.36639674749773,0
TLX,D,20020725,000000,4.89578,5.00578,4.87376,5.00578,2139.3218622193094,0
TLX,D,20020726,000000,5.22558,5.30923,5.22558,5.30923,460.172064749608,0
TLX,D,20020729,000000,5.0278,5.0278,5.00578,5.00578,137.0951416921465,0
TLX,D,20020730,000000,4.96183,5.30923,4.93972,5.15981,618.522267169219,0
TLX,D,20020731,000000,5.00578,5.00578,4.39444,4.39444,8393.623481275761,0
TLX,D,20020801,000000,4.35464,4.4603,3.98079,3.98079,2644.1295544965933,0
TLX,D,20020802,000000,4.00281,4.13473,4.00281,4.0907,5743.117408560928,0
TLX,D,20020805,000000,4.13473,4.13473,4.0907,4.0907,32484.109309783704,0
TLX,D,20020806,000000,4.59232,4.59232,4.31079,4.52627,2640.9412953874735,0
TLX,D,20020807,000000,4.57021,4.61443,4.35464,4.35464,2787.601214406979,0
TLX,D,20020808,000000,4.39444,4.52627,4.35464,4.52627,917.1558703900964,0
TLX,D,20020809,000000,4.52627,4.52627,4.31079,4.31079,3705.8198378334487,0
TLX,D,20020812,000000,4.54829,4.54829,4.54829,4.54829,343.2692307485529,0
TLX,D,20020813,000000,4.57021,4.85193,4.39444,4.85193,1108.4514169372776,0
TLX,D,20020814,000000,5.13779,5.13779,4.85193,4.91779,1001.1133602635815,0
TLX,D,20020816,000000,5.00578,5.00578,4.7902,4.7902,2588.8663966051854,0
TLX,D,20020819,000000,4.96183,4.96183,4.7902,4.7902,414.4736841855592,0
TLX,D,20020820,000000,4.87376,5.00578,4.87376,5.00578,332.6417003848206,0
TLX,D,20020821,000000,5.04963,5.22558,4.8078,4.8078,343.2692307485529,0
TLX,D,20020822,000000,5.22558,5.22558,4.7902,4.7902,9169.433197828219,0
TLX,D,20020826,000000,5.18164,5.18164,5.18164,5.18164,230.61740889299062,0
TLX,D,20020827,000000,5.20365,5.20365,4.91779,5.18164,628.0870444965782,0
TLX,D,20020828,000000,5.00578,5.00578,5.00578,5.00578,111.58906881918902,0
TLX,D,20020829,000000,4.87376,4.98376,4.87376,4.98376,165.7894736742237,0
TLX,D,20020902,000000,5.00578,5.00578,5.00578,5.00578,160.47570849235754,0
TLX,D,20020903,000000,4.6803,4.6803,4.65828,4.65828,137.0951416921465,0
TLX,D,20020904,000000,4.57021,4.76818,4.57021,4.76818,460.172064749608,0
TLX,D,20020905,000000,4.4603,4.4603,4.17887,4.17887,22589.878541148948,0
TLX,D,20020906,000000,4.31079,4.39444,4.31079,4.39444,8920.748987316883,0
TLX,D,20020910,000000,4.39444,4.50425,4.39444,4.39444,917.1558703900964,0
TLX,D,20020911,000000,4.39444,4.48251,4.39444,4.48251,435.7287449130238,0
TLX,D,20020912,000000,4.48251,4.48251,4.35464,4.35464,1969.2813763995928,0
TLX,D,20020913,000000,4.31079,4.31079,4.26675,4.26675,368.7753036215104,0
TLX,D,20020916,000000,4.4603,4.4603,4.26675,4.35464,2847.11538444388,0
TLX,D,20020917,000000,4.39444,4.39444,4.35464,4.35464,1752.4797569794544,0
TLX,D,20020918,000000,4.24482,4.26675,4.24482,4.26675,331.5789473484474,0
TLX,D,20020919,000000,4.35464,4.35464,4.24482,4.24482,64.82793521876695,0
TLX,D,20020920,000000,4.26675,4.26675,4.26675,4.26675,193.42105261992762,0
TLX,D,20020924,000000,4.26675,4.26675,4.17887,4.17887,825.7591092619988,0
TLX,D,20020925,000000,4.17887,4.17887,4.17887,4.17887,580.263157859783,0
TLX,D,20020930,000000,4.22281,4.31079,4.17887,4.31079,6317.0040482024715,0
TLX,D,20021002,000000,4.22281,4.22281,4.17887,4.17887,1726.9736841064966,0
TLX,D,20021003,000000,4.17887,4.17887,3.98079,4.17887,1411.3360323036477,0
TLX,D,20021004,000000,4.00281,4.13473,4.00281,4.13473,4086.2854248550643,0
TLX,D,20021007,000000,4.04676,4.04676,4.00281,4.00281,1053.1882590458697,0
TLX,D,20021008,000000,3.94127,4.00281,3.91917,4.00281,1678.0870444333282,0
TLX,D,20021009,000000,4.00281,4.00281,3.91917,4.00281,481.4271254770726,0
TLX,D,20021010,000000,3.9631,4.0907,3.9631,4.0907,866.1437246441815,0
TLX,D,20021011,000000,4.0907,4.11281,4.0907,4.11281,1610.0708501054414,0
TLX,D,20021015,000000,4.13473,4.13473,4.13473,4.13473,778.9979756615766,0
TLX,D,20021016,000000,4.17887,4.22281,4.13473,4.22281,8532.844129040654,0
TLX,D,20021017,000000,4.17887,4.31079,4.17887,4.31079,3804.6558702161587,0
TLX,D,20021018,000000,4.37666,4.57021,4.37666,4.52627,2003.2894735635361,0
TLX,D,20021021,000000,4.35464,4.48251,4.35464,4.48251,5350.961538139206,0
TLX,D,20021022,000000,4.65828,4.65828,4.35464,4.52627,40801.214572441204,0
TLX,D,20021023,000000,4.52627,4.70223,4.52627,4.70223,6990.789473263098,0
TLX,D,20021024,000000,4.76818,4.7902,4.76818,4.7902,2046.8623480548385,0
TLX,D,20021025,000000,4.76818,4.91779,4.76818,4.91779,460.172064749608,0
TLX,D,20021028,000000,4.7902,5.30923,4.7902,5.30923,1266.8016193568888,0
TLX,D,20021029,000000,5.15981,5.15981,5.00578,5.13779,4043.7753034001353,0
TLX,D,20021030,000000,5.13779,5.15981,4.91779,5.15981,36057.085018070706,0
TLX,D,20021031,000000,5.00578,5.00578,4.89578,5.00578,5667.661942978429,0
TLX,D,20021104,000000,5.0278,5.11577,5.0278,5.11577,688.6639675698523,0
TLX,D,20021105,000000,5.26529,5.26529,5.11577,5.13779,32575.50607091241,0
TLX,D,20021106,000000,5.24327,5.48566,5.24327,5.35308,5471.052631249381,0
TLX,D,20021107,000000,5.3974,5.83278,5.3974,5.83278,17988.157893652868,0
TLX,D,20021108,000000,5.7448,5.78893,5.52932,5.78893,4577.277327659496,0
TLX,D,20021112,000000,5.78893,5.83278,5.57298,5.78893,5210.678137337941,0
TLX,D,20021113,000000,5.78893,6.11431,5.78893,6.11431,16903.087043516705,0
TLX,D,20021114,000000,6.35604,6.96315,6.35604,6.52749,12286.487853510998,0
TLX,D,20021115,000000,6.66006,6.66006,6.40036,6.52749,7363.815789030102,0
TLX,D,20021118,000000,6.96315,6.96315,6.66006,6.66006,1071.2550606642146,0
TLX,D,20021119,000000,6.66006,6.70382,6.52749,6.57152,3049.0384613547935,0
TLX,D,20021120,000000,6.44439,6.50566,6.03066,6.44439,1963.9676112177267,0
TLX,D,20021121,000000,6.46622,6.70382,6.44439,6.70382,3982.135627290488,0
TLX,D,20021122,000000,6.74757,6.79198,6.66006,6.74757,7884.564776852983,0
TLX,D,20021125,000000,6.74757,6.96315,6.74757,6.96315,5685.728744596774,0
TLX,D,20021126,000000,6.96315,6.96315,6.79198,6.79198,5267.004048265721,0
TLX,D,20021127,000000,6.70382,6.96315,6.52749,6.96315,1990.5364371270575,0
TLX,D,20021128,000000,6.79198,6.79198,6.61565,6.74757,1018.1174088455531,0
TLX,D,20021129,000000,6.74757,6.74757,6.29027,6.52749,4900.354250716958,0
TLX,D,20021202,000000,6.74757,6.74757,6.54978,6.74757,2626.0627528782484,0
TLX,D,20021203,000000,6.79198,6.96315,6.79198,6.83574,5054.453440991076,0
TLX,D,20021204,000000,6.83574,6.96315,6.57152,6.57152,4891.852226425972,0
TLX,D,20021205,000000,6.57152,6.57152,6.52749,6.52749,6639.01821822356,0
TLX,D,20021206,000000,6.50566,6.50566,6.31191,6.31191,5562.44939237748,0
TLX,D,20021209,000000,6.05239,6.46622,5.98615,6.46622,260.37449391144105,0
TLX,D,20021210,000000,6.48401,6.59411,6.35604,6.59411,289.0688258935182,0
TLX,D,20021211,000000,6.61565,6.61565,6.61565,6.61565,160.47570849235754,0
TLX,D,20021212,000000,6.52749,6.52749,6.52749,6.52749,1674.8987853242086,0
TLX,D,20021213,000000,6.52749,6.52749,6.52749,6.52749,842.7631578439704,0
TLX,D,20021217,000000,6.3344,6.3344,6.31191,6.31191,308.19838054823634,0
TLX,D,20021218,000000,6.1798,6.29027,6.1798,6.29027,343.2692307485529,0
TLX,D,20021219,000000,6.13605,6.31191,6.13605,6.31191,343.2692307485529,0
TLX,D,20021220,000000,6.40036,6.46622,6.1798,6.46622,1410.2732792672746,0
TLX,D,20021223,000000,6.1798,6.1798,6.09239,6.09239,460.172064749608,0
TLX,D,20021227,000000,6.35604,6.35604,6.35604,6.35604,111.58906881918902,0
TLX,D,20021230,000000,6.26778,6.26778,5.83278,5.83278,6318.066801238845,0
TLX,D,20021231,000000,5.78893,5.87635,5.30923,5.52932,8811.285424570438,0
TLX,D,20030102,000000,5.46308,5.7448,5.46308,5.7448,916.0931173537232,0
TLX,D,20030103,000000,5.7448,6.05239,5.70104,6.00855,2272.165991765963,0
TLX,D,20030106,000000,5.96432,5.96432,5.83278,5.83278,1425.1518217765,0
TLX,D,20030107,000000,5.98615,6.0699,5.96432,6.0699,1059.5647772641091,0
TLX,D,20030108,000000,6.09239,6.31191,6.09239,6.1798,5747.368420706421,0
TLX,D,20030109,000000,6.0699,6.22412,6.0699,6.22412,1179.655870374284,0
TLX,D,20030110,000000,6.1798,6.1798,6.13605,6.13605,722.6720647337955,0
TLX,D,20030113,000000,6.48401,6.48401,6.37853,6.37853,224.24089067475126,0
TLX,D,20030114,000000,6.40036,6.44439,6.31191,6.44439,1745.0404857248418,0
TLX,D,20030115,000000,6.40036,6.46622,6.37853,6.46622,1305.0607286663248,0
TLX,D,20030116,000000,6.48401,6.48401,6.35604,6.48401,3701.5688256879557,0
TLX,D,20030117,000000,6.40036,6.44439,6.40036,6.44439,6544.433197986343,0
TLX,D,20030120,000000,6.44439,6.52749,6.44439,6.52749,230.61740889299062,0
TLX,D,20030121,000000,6.72603,6.72603,6.59411,6.70382,2796.103238697965,0
TLX,D,20030122,000000,6.70382,6.74757,6.59411,6.74757,4080.9716596731987,0
TLX,D,20030123,000000,6.91967,6.91967,6.74757,6.87949,1019.1801618819264,0
TLX,D,20030124,000000,6.91967,6.94122,6.91967,6.94122,248.68421051133552,0
TLX,D,20030127,000000,6.54978,6.83574,6.44439,6.83574,5942.9149793990955,0
TLX,D,20030128,000000,6.61565,6.74757,6.61565,6.74757,692.9149797153451,0
TLX,D,20030129,000000,6.52749,6.70382,6.52749,6.70382,369.8380566578836,0
TLX,D,20030130,000000,6.70382,6.70382,6.68161,6.68161,607.8947368054869,0
TLX,D,20030131,000000,6.31191,6.70382,6.31191,6.70382,1592.0040484870967,0
TLX,D,20030203,000000,6.66006,6.74757,6.61565,6.74757,589.827935187142,0
TLX,D,20030204,000000,6.54978,6.74757,6.54978,6.74757,111.58906881918902,0
TLX,D,20030205,000000,6.74757,6.79198,6.66006,6.79198,661.0323886241483,0
TLX,D,20030206,000000,6.79198,6.96315,6.50566,6.94122,3811.0323884343984,0
TLX,D,20030207,000000,6.83574,6.91967,6.74757,6.91967,1916.1437245809313,0
TLX,D,20030212,000000,6.74757,6.79198,6.72603,6.79198,692.9149797153451,0
TLX,D,20030213,000000,6.83574,6.94122,6.54978,6.61565,305.0101214391167,0
TLX,D,20030214,000000,6.61565,6.70382,6.61565,6.70382,1946.9635626357551,0
TLX,D,20030217,000000,7.70621,8.00976,7.66378,7.66378,49114.068822952795,0
TLX,D,20030218,000000,7.70621,8.22505,7.70621,8.05465,4658.046558423862,0
TLX,D,20030219,000000,8.2689,8.2689,8.05465,8.09784,6235.172064401733,0
TLX,D,20030220,000000,8.09784,8.09784,8.05465,8.09784,1488.9170039588935,0
TLX,D,20030221,000000,8.05465,8.05465,7.85564,7.92329,533.5020242593608,0
TLX,D,20030224,000000,7.92329,7.92329,7.5741,7.76841,5558.198380231986,0
TLX,D,20030225,000000,7.59622,7.8117,7.59622,7.74554,3221.2044532472564,0
TLX,D,20030226,000000,7.61814,7.78958,7.61814,7.78958,3160.627530173982,0
TLX,D,20030227,000000,7.66378,7.74554,7.61814,7.74554,391.0931173853482,0
TLX,D,20030228,000000,7.64091,7.76841,7.61814,7.76841,3669.686234596759,0
TLX,D,20030303,000000,7.74554,8.05465,7.70621,7.74554,12145.141699673057,0
TLX,D,20030304,000000,7.74554,7.8117,7.66378,7.8117,595.1417003690082,0
TLX,D,20030305,000000,7.68505,7.68505,7.68505,7.68505,70.1417004006331,0
TLX,D,20030306,000000,7.66378,7.72983,7.5741,7.72983,772.6214574433372,0
TLX,D,20030307,000000,7.59622,7.72983,7.59622,7.72983,998.987854190835,0
TLX,D,20030310,000000,7.72983,7.98774,7.66378,7.98774,3156.376518028489,0
TLX,D,20030311,000000,7.92329,7.92329,7.83437,7.92329,2194.5850201107173,0
TLX,D,20030312,000000,7.83437,7.92329,7.83437,7.92329,4307.338056420696,0
TLX,D,20030313,000000,7.83437,8.00976,7.83437,8.00976,3806.781376288905,0
TLX,D,20030314,000000,8.03188,8.09784,8.00976,8.00976,2237.0951415656464,0
TLX,D,20030317,000000,8.07582,8.07582,7.96658,8.00976,1110.576923010024,0
TLX,D,20030318,000000,8.00976,8.09784,8.00976,8.05465,8748.582995424418,0
TLX,D,20030319,000000,8.05465,8.05465,8.00976,8.05465,1494.2307691407595,0
TLX,D,20030320,000000,8.09784,8.09784,7.96658,8.05465,799.190283352668,0
TLX,D,20030321,000000,8.18215,8.24745,8.14187,8.24745,3286.0323884660233,0
TLX,D,20030324,000000,8.22505,8.22505,8.14187,8.22505,3078.7955463732437,0
TLX,D,20030325,000000,8.18215,8.2689,8.18215,8.2689,176.41700403795596,0
TLX,D,20030326,000000,8.2689,8.48965,8.20445,8.48965,2374.190283257793,0
TLX,D,20030327,000000,8.44599,8.53444,8.3359,8.53444,3032.0344127728213,0
TLX,D,20030328,000000,8.4012,8.4012,8.2689,8.2689,2806.730769061697,0
TLX,D,20030331,000000,8.2689,8.2689,8.12071,8.2689,1973.5323885450857,0
TLX,D,20030401,000000,8.24745,8.24745,8.05465,8.14187,1768.4210525250526,0
TLX,D,20030402,000000,8.05465,8.16004,8.05465,8.16004,3444.3825908856343,0
TLX,D,20030403,000000,8.24745,8.24745,8.12071,8.14187,3267.9655868476784,0
TLX,D,20030404,000000,8.16004,8.18215,8.05465,8.18215,3699.4433196152095,0
TLX,D,20030407,000000,8.18215,8.44599,8.18215,8.2689,5643.218623141845,0
TLX,D,20030408,000000,8.31444,8.31444,8.2689,8.31444,1990.5364371270575,0
TLX,D,20030409,000000,8.22505,8.22505,8.14187,8.18215,4079.908906636825,0
TLX,D,20030410,000000,8.18215,8.18215,7.96658,8.12071,2940.637651644724,0
TLX,D,20030414,000000,8.05465,8.09784,8.00976,8.09784,1018.1174088455531,0
TLX,D,20030416,000000,8.05465,8.18215,8.05465,8.18215,1666.3967610332227,0
TLX,D,20030417,000000,8.16004,8.22505,8.16004,8.18215,4695.242914696925,0
TLX,D,20030422,000000,8.18215,8.18215,8.05465,8.05465,587.7024291143955,0
TLX,D,20030424,000000,8.05465,8.16004,8.05465,8.16004,573.8866396415435,0
TLX,D,20030425,000000,8.14187,8.18215,8.09784,8.09784,1513.3603237954778,0
TLX,D,20030428,000000,8.07582,8.96916,8.07582,8.48965,25091.599188771932,0
TLX,D,20030429,000000,8.44599,8.70504,8.44599,8.70504,6665.587044132891,0
TLX,D,20030430,000000,8.74916,9.05196,8.74916,8.96916,14635.172063895834,0
TLX,D,20030502,000000,9.09525,9.70781,9.05196,9.6203,8176.821861855622,0
TLX,D,20030505,000000,10.0108,10.4897,10.0108,10.1877,15626.720646832358,0
TLX,D,20030506,000000,10.0108,10.23,9.66358,10.0108,8334.10931123886,0
TLX,D,20030507,000000,10.0983,10.5792,9.83672,10.056,4757.945343842945,0
TLX,D,20030508,000000,10.358,10.358,9.70781,9.87906,6295.748987475007,0
TLX,D,20030509,000000,9.79626,9.79626,9.35965,9.53185,16700.101213569324,0
TLX,D,20030512,000000,9.53185,9.53185,8.88175,9.22886,14328.036436384073,0
TLX,D,20030513,000000,9.18558,9.31825,9.05196,9.27214,5054.453440991076,0
TLX,D,20030514,000000,9.27214,9.44528,9.18558,9.40388,1959.716599072234,0
TLX,D,20030515,000000,9.35965,9.57607,9.35965,9.53185,6102.32793485508,0
TLX,D,20030516,000000,9.66358,9.66358,9.44528,9.53185,5646.406882250964,0
TLX,D,20030519,000000,9.53185,9.6203,9.35965,9.6203,6125.70850165529,0
TLX,D,20030520,000000,9.6203,9.6203,9.35965,9.6203,10099.342104655096,0
TLX,D,20030521,000000,9.66358,10.0108,9.53185,10.0108,11403.340080284745,0
TLX,D,20030522,000000,10.1877,10.23,9.53185,9.70781,12275.860323147266,0
TLX,D,20030523,000000,9.70781,9.92328,9.66358,9.87906,1685.5263156879407,0
TLX,D,20030526,000000,9.79626,9.87906,9.70781,9.79626,1671.710526215089,0
TLX,D,20030527,000000,9.92328,9.92328,9.57607,9.79626,1544.1801618503014,0
TLX,D,20030528,000000,9.79626,9.79626,9.70781,9.79626,483.5526315498191,0
TLX,D,20030529,000000,9.92328,10.2705,9.92328,10.23,25048.026314280527,0
TLX,D,20030530,000000,10.5349,10.9696,10.4465,10.7946,56249.39270916205,0
TLX,D,20030602,000000,11.0591,11.0976,10.6243,10.6243,17907.3886628889,0
TLX,D,20030603,000000,10.4897,10.5792,10.358,10.5349,8000.404857817666,0
TLX,D,20030604,000000,10.4465,10.662,10.4032,10.5349,4628.289473405412,0
TLX,D,20030605,000000,10.7504,10.7504,10.358,10.6243,5136.285424791815,0
TLX,D,20030606,000000,10.5792,10.7504,10.5792,10.662,13590.485829140647,0
TLX,D,20030609,000000,10.5792,10.7071,10.5349,10.7071,13701.012144923867,0
TLX,D,20030610,000000,10.5349,10.5349,10.358,10.4032,1420.9008096310067,0
TLX,D,20030611,000000,10.4032,10.4465,10.358,10.358,6929.149797153452,0
TLX,D,20030612,000000,10.4465,10.4465,10.23,10.358,2414.5748986399753,0
TLX,D,20030613,000000,10.1435,10.23,10.0108,10.23,2293.4210524934274,0
TLX,D,20030616,000000,10.1877,10.358,10.0108,10.1435,5988.613359963144,0
TLX,D,20030617,000000,10.1435,10.23,10.0108,10.056,17613.006071813823,0
TLX,D,20030618,000000,10.0983,10.4897,10.0983,10.3147,8276.720647274706,0
TLX,D,20030620,000000,10.358,10.4465,10.2705,10.4465,3157.4392710648626,0
TLX,D,20030623,000000,10.4465,10.4465,10.3147,10.358,1499.5445343226256,0
TLX,D,20030624,000000,10.3147,10.4032,10.2705,10.358,4039.5242912546423,0
TLX,D,20030625,000000,10.358,10.4897,10.358,10.4897,16569.382590095112,0
TLX,D,20030626,000000,10.4032,10.4465,10.4032,10.4465,13755.212549779002,0
TLX,D,20030627,000000,10.3147,10.4465,9.96845,10.0983,28340.435220964588,0
TLX,D,20030630,000000,10.1435,10.1435,10.0108,10.0983,653.5931173695357,0
TLX,D,20030701,000000,10.1435,10.1435,9.66358,9.83672,13820.04048499787,0
TLX,D,20030702,000000,9.79626,9.83672,9.75297,9.83672,10000.506072272083,0
TLX,D,20030703,000000,9.83672,9.96845,9.83672,9.92328,11407.59109243064,0
TLX,D,20030704,000000,10.056,10.1435,9.83672,9.83672,20741.751010896005,0
TLX,D,20030707,000000,10.0983,10.0983,9.83672,9.96845,6459.412955076484,0
TLX,D,20030708,000000,10.0108,10.0108,9.79626,9.83672,27627.327933558052,0
TLX,D,20030709,000000,9.92328,9.92328,9.79626,9.92328,11094.078946700034,0
TLX,D,20030710,000000,9.87906,10.0108,9.79626,9.87906,6765.485829551974,0
TLX,D,20030711,000000,9.92328,10.0108,9.83672,10.0108,13153.69433119115,0
TLX,D,20030714,000000,10.0108,10.0108,9.87906,9.96845,4071.406882345839,0
TLX,D,20030715,000000,9.92328,9.92328,9.87906,9.92328,3270.0910929204247,0
TLX,D,20030716,000000,9.96845,10.0108,9.92328,9.96845,7650.759108850873,0
TLX,D,20030717,000000,10.0108,10.7946,9.96845,10.6243,84227.42914472427,0
TLX,D,20030718,000000,10.7504,11.3188,10.3147,11.1419,101345.19230158454,0
TLX,D,20030721,000000,11.5333,11.665,11.0976,11.3188,51015.3340050244,0
TLX,D,20030722,000000,11.0148,11.1852,10.662,10.9696,10864.524290843821,0
TLX,D,20030723,000000,10.662,11.1419,10.662,11.1419,13436.386638867034,0
TLX,D,20030724,000000,11.1419,11.2293,10.8822,11.2293,10183.29959452848,0
TLX,D,20030725,000000,11.2745,11.665,11.0976,11.5333,7552.985829504537,0
TLX,D,20030728,000000,11.665,12.0565,11.665,11.9689,6922.773278935211,0
TLX,D,20030729,000000,12.0565,12.1016,11.7525,11.7525,7073.68421010021,0
TLX,D,20030730,000000,11.8409,11.9256,11.5333,11.7525,7590.1821857776,0
TLX,D,20030731,000000,11.5775,11.7525,11.3188,11.7525,3716.447368197181,0
TLX,D,20030801,000000,11.7977,11.8409,11.665,11.8409,8476.518218112873,0
TLX,D,20030804,000000,11.8861,12.1016,11.8409,12.0113,8258.653845656361,0
TLX,D,20030805,000000,11.7977,11.9256,11.4062,11.7525,19473.886638503445,0
TLX,D,20030806,000000,11.4062,11.6199,11.4062,11.6199,7450.961538012706,0
TLX,D,20030807,000000,11.3611,11.7525,11.2745,11.7525,15056.022266299227,0
TLX,D,20030808,000000,11.7525,11.8409,11.3611,11.49,8411.690282894106,0
TLX,D,20030811,000000,11.4495,11.4495,11.3188,11.4495,11504.301618740705,0
TLX,D,20030812,000000,11.4495,11.49,11.2745,11.49,5510.374493595191,0
TLX,D,20030813,000000,11.5333,11.8409,11.4495,11.7525,15583.147772340957,0
TLX,D,20030814,000000,11.7525,11.8409,11.5333,11.8409,15768.066800669292,0
TLX,D,20030818,000000,11.7525,12.3604,11.7525,11.9689,12219.534412219182,0
TLX,D,20030819,000000,12.1016,12.1016,11.8409,12.1016,17752.22671957882,0
TLX,D,20030820,000000,12.1016,12.2767,12.1016,12.2767,6750.607287042749,0
TLX,D,20030821,000000,12.2767,13.0595,12.2767,12.8845,19451.56882473951,0
TLX,D,20030822,000000,12.8845,13.3625,12.6238,12.8845,7845.242914507175,0
TLX,D,20030825,000000,12.6238,13.0595,12.3604,13.0595,16199.544533437429,0
TLX,D,20030826,000000,13.1037,13.7107,13.1037,13.5394,10418.168015567064,0
TLX,D,20030827,000000,13.6231,13.9308,13.0595,13.3201,12066.497974982043,0
TLX,D,20030828,000000,13.4077,13.4077,12.4036,12.6238,9384.109311175609,0
TLX,D,20030829,000000,12.4921,13.148,12.4921,12.7518,15348.279351302372,0
TLX,D,20030901,000000,13.0595,13.2308,12.8402,13.0595,12475.657893985232,0
TLX,D,20030902,000000,13.2741,13.4077,13.0595,13.2741,51563.71457179259,0
TLX,D,20030903,000000,13.2741,13.3625,12.5805,12.9711,16012.499999035133,0
TLX,D,20030904,000000,12.67,13.3625,12.6238,13.0153,17312.246962519897,0
TLX,D,20030905,000000,12.8402,12.8845,12.7114,12.8402,3165.9412953558485,0
TLX,D,20030908,000000,12.8402,12.9711,12.8402,12.9711,5450.8603235582905,0
TLX,D,20030909,000000,13.3625,13.3625,12.9711,13.1875,8382.995950912027,0
TLX,D,20030910,000000,13.148,13.148,12.7518,13.0595,7545.546558249925,0
TLX,D,20030911,000000,13.0595,13.2741,12.7961,13.148,6721.912955060672,0
TLX,D,20030912,000000,13.3201,13.3201,12.8845,13.0595,4906.730768935197,0
TLX,D,20030915,000000,13.2308,13.2308,13.0595,13.0595,265.6882590933072,0
TLX,D,20030916,000000,13.2308,13.2741,12.8402,13.2741,3535.779352013732,0
TLX,D,20030917,000000,13.0595,13.3201,13.0595,13.1037,4988.562752735936,0
TLX,D,20030918,000000,13.0153,13.0595,12.9278,13.0595,33325.8097145915,0
TLX,D,20030919,000000,13.0153,13.1875,13.0153,13.0595,6309.564776947859,0
TLX,D,20030922,000000,12.9711,13.2308,12.9711,13.0153,1025.5566801001657,0
TLX,D,20030923,000000,12.8845,13.1875,12.8402,13.1875,1469.7874493041752,0
TLX,D,20030924,000000,13.148,13.1875,12.8402,12.8845,1905.5161942171992,0
TLX,D,20030925,000000,12.9711,13.0595,12.8402,13.0595,995.7995950817153,0
TLX,D,20030926,000000,12.7961,13.0595,12.7961,12.9278,12145.141699673057,0
TLX,D,20030929,000000,12.7518,12.8402,12.67,12.7961,702.4797570427043,0
TLX,D,20030930,000000,12.5805,12.7961,11.7525,11.7525,8443.572873985302,0
TLX,D,20031001,000000,11.2293,11.2293,10.5349,10.7504,21108.400808445273,0
TLX,D,20031002,000000,10.8822,11.0591,10.4897,10.7946,12596.811740132183,0
TLX,D,20031003,000000,10.9696,11.0148,10.8389,11.0148,3093.6740888824693,0
TLX,D,20031006,000000,11.1852,11.7525,10.8822,11.49,11952.783400089402,0
TLX,D,20031007,000000,11.5775,11.5775,11.3188,11.5333,3592.105262941513,0
TLX,D,20031008,000000,11.665,11.7092,11.4495,11.5333,3178.694331792327,0
TLX,D,20031009,000000,11.665,11.665,11.1852,11.3188,6635.82995911444,0
TLX,D,20031010,000000,11.0976,11.1419,10.9696,11.1419,3288.15789453877,0
TLX,D,20031013,000000,11.1852,11.1852,10.9263,11.1419,2708.9574897153598,0
TLX,D,20031014,000000,11.1419,11.1419,10.8822,10.9696,1612.1963561781881,0
TLX,D,20031015,000000,10.9696,10.9696,10.7071,10.7946,8476.518218112873,0
TLX,D,20031016,000000,10.7504,10.8822,10.4897,10.8389,8589.170039968434,0
TLX,D,20031017,000000,10.8389,10.8389,10.5349,10.7071,5164.9797567738915,0
TLX,D,20031020,000000,10.5349,10.6243,10.4032,10.4032,3948.127530126545,0
TLX,D,20031021,000000,10.4465,10.4465,9.92328,10.23,5822.82388628892,0
TLX,D,20031022,000000,9.96845,10.0983,9.66358,10.0983,4247.823886383796,0
TLX,D,20031023,000000,9.83672,9.83672,9.6203,9.70781,5085.2732790458995,0
TLX,D,20031024,000000,9.79626,9.79626,9.79626,9.79626,79.70647772799215,0
TLX,D,20031027,000000,9.79626,9.79626,9.66358,9.79626,1153.0870444649531,0
TLX,D,20031028,000000,9.75297,9.79626,9.66358,9.75297,3055.4149795730327,0
TLX,D,20031029,000000,9.79626,10.4032,9.75297,10.2705,16435.475707512487,0
TLX,D,20031030,000000,10.3147,10.4032,10.3147,10.358,2058.552631454944,0
TLX,D,20031031,000000,10.23,10.4032,10.23,10.4032,1251.9230768476634,0
TLX,D,20031103,000000,10.5349,10.5792,10.4032,10.4465,5009.817813463401,0
TLX,D,20031104,000000,10.1877,10.23,9.57607,9.75297,17127.32793419055,0
TLX,D,20031105,000000,9.27214,9.53185,9.05196,9.27214,18654.504047459584,0
TLX,D,20031106,000000,9.27214,9.27214,9.05196,9.14041,3171.2550605377146,0
TLX,D,20031107,000000,9.27214,9.27214,9.14041,9.14041,1553.7449391776604,0
TLX,D,20031110,000000,9.22886,9.27214,9.22886,9.27214,9.564777327359058,0
TLX,D,20031112,000000,9.53185,9.70781,9.22886,9.31825,27948.279350542965,0
TLX,D,20031113,000000,9.22886,9.35965,9.00868,9.00868,5467.864372140261,0
TLX,D,20031114,000000,9.09525,9.14041,8.79245,9.14041,5985.425100854024,0
TLX,D,20031117,000000,8.83573,9.09525,8.79245,9.09525,4781.325910643156,0
TLX,D,20031118,000000,8.79245,8.79245,8.22505,8.22505,9078.03643670012,0
TLX,D,20031119,000000,8.07582,8.22505,7.94456,7.94456,464.42307689510096,0
TLX,D,20031120,000000,7.94456,7.94456,7.61814,7.61814,1542.054655777555,0
TLX,D,20031121,000000,7.61814,8.05465,7.37641,7.55208,3203.1376516289115,0
TLX,D,20031124,000000,7.5741,7.66378,7.55208,7.55208,2212.6518217290622,0
TLX,D,20031125,000000,7.48594,7.53092,7.35439,7.48594,1823.6842104164605,0
TLX,D,20031126,000000,7.39908,7.83437,7.39908,7.83437,1909.7672063626921,0
TLX,D,20031127,000000,7.48594,7.98774,7.48594,7.96658,1126.5182185556223,0
TLX,D,20031128,000000,7.85564,8.07582,7.83437,8.07582,2308.2995950026525,0
TLX,D,20031201,000000,8.2689,8.35735,8.00976,8.2689,1686.5890687243138,0
TLX,D,20031202,000000,8.2689,8.31444,8.09784,8.14187,2093.6234816552605,0
TLX,D,20031203,000000,8.14187,8.18215,8.09784,8.18215,573.8866396415435,0
TLX,D,20031204,000000,8.22505,8.2689,8.09784,8.24745,917.1558703900964,0
TLX,D,20031205,000000,8.18215,8.22505,8.18215,8.22505,580.263157859783,0
TLX,D,20031208,000000,8.09784,8.16004,8.09784,8.12071,764.1194331523515,0
TLX,D,20031209,000000,8.09784,8.18215,7.96658,8.09784,1882.1356274169882,0
TLX,D,20031210,000000,7.96658,8.05465,7.87851,8.05465,1618.5728743964273,0
TLX,D,20031211,000000,8.05465,8.24745,7.85564,8.22505,319.88866394834184,0
TLX,D,20031212,000000,8.24745,8.3359,7.96658,8.3359,4781.325910643156,0
TLX,D,20031215,000000,8.48965,8.48965,8.2689,8.4682,1436.8421051766052,0
TLX,D,20031216,000000,8.31444,8.37975,8.24745,8.37975,3256.2753034475727,0
TLX,D,20031217,000000,8.2689,8.2689,8.03188,8.05465,2242.4089067475124,0
TLX,D,20031218,000000,8.05465,8.05465,7.78958,7.78958,23619.686233395514,0
TLX,D,20031219,000000,7.94456,7.94456,7.83437,7.83437,1091.447368355306,0
TLX,D,20031222,000000,7.90128,8.05465,7.90128,8.03188,8690.13157842389,0
TLX,D,20031223,000000,8.05465,8.18215,7.96658,8.14187,12286.487853510998,0
TLX,D,20031229,000000,8.05465,8.05465,8.05465,8.05465,391.0931173853482,0
TLX,D,20031230,000000,8.18215,8.64001,8.18215,8.42359,12472.46963487581,0
TLX,D,20031231,000000,8.57425,8.57425,8.31444,8.42359,4847.216598898296,0
TLX,D,20040102,000000,8.42359,8.57425,8.42359,8.57425,625.9615384238317,0
TLX,D,20040105,000000,8.61753,9.35965,8.61753,9.22886,6617.763157496095,0
TLX,D,20040106,000000,9.35965,9.75297,9.05196,9.48762,20522.82388540352,0
TLX,D,20040107,000000,9.53185,9.57607,9.22886,9.27214,6046.002023927299,0
TLX,D,20040108,000000,9.31825,9.57607,9.05196,9.22886,28565.738864675914,0
TLX,D,20040109,000000,9.05196,9.14041,9.05196,9.05196,1233.8562752293185,0
TLX,D,20040112,000000,9.40388,9.57607,8.96916,9.44528,15691.548582051226,0
TLX,D,20040113,000000,9.57607,9.57607,9.22886,9.22886,5449.797570521917,0
TLX,D,20040114,000000,9.57607,9.57607,8.96916,9.09525,7457.338056230947,0
TLX,D,20040115,000000,8.92503,9.05196,8.70504,9.05196,6104.453440927826,0
TLX,D,20040116,000000,9.05196,9.22886,8.92503,9.22886,5655.971659578324,0
TLX,D,20040119,000000,9.31825,9.35965,8.74916,8.96916,7416.953440848763,0
TLX,D,20040120,000000,8.96916,9.14041,8.96916,9.14041,26174.54453283615,0
TLX,D,20040121,000000,9.27214,9.27214,9.00868,9.05196,1288.056680084353,0
TLX,D,20040122,000000,9.05196,9.22886,8.92503,9.22886,4782.38866367953,0
TLX,D,20040123,000000,9.35965,9.35965,9.14041,9.14041,20245.445342910007,0
TLX,D,20040126,000000,9.22886,9.22886,8.83573,9.00868,14528.89676025851,0
TLX,D,20040127,000000,8.92503,8.96916,8.83573,8.92503,2267.91497962047,0
TLX,D,20040128,000000,8.83573,8.92503,8.57425,8.83573,3726.01214552454,0
TLX,D,20040129,000000,8.44599,8.44599,8.2689,8.44599,5890.840080616807,0
TLX,D,20040130,000000,8.61753,8.83573,8.61753,8.70504,5542.257084686387,0
TLX,D,20040202,000000,8.88175,8.88175,8.79245,8.79245,600.4554655508742,0
TLX,D,20040203,000000,9.09525,9.09525,8.57425,8.83573,3009.716599008984,0
TLX,D,20040204,000000,8.83573,9.00868,8.79245,8.83573,613.208501987353,0
TLX,D,20040205,000000,8.83573,8.83573,8.59589,8.61753,9576.467610759164,0
TLX,D,20040206,000000,8.57425,8.61753,8.44599,8.44599,25711.184208977826,0
TLX,D,20040209,000000,8.57425,8.66081,8.53444,8.57425,17666.143723632485,0
TLX,D,20040210,000000,8.70504,8.70504,8.4012,8.48965,6274.493926747543,0
TLX,D,20040211,000000,8.48965,8.61753,8.4012,8.48965,3886.4878540168975,0
TLX,D,20040212,000000,8.59589,8.59589,8.4012,8.48965,12635.070849441216,0
TLX,D,20040213,000000,8.48965,8.48965,8.37975,8.48965,3819.5344127253843,0
TLX,D,20040216,000000,8.66081,8.66081,8.2689,8.2689,12388.512145002425,0
TLX,D,20040217,000000,8.31444,8.31444,7.87851,7.94456,37432.287447138064,0
TLX,D,20040218,000000,8.05465,8.2689,7.96658,8.00976,14938.0566792617,0
TLX,D,20040219,000000,8.05465,8.20445,8.00976,8.03188,8481.83198329474,0
TLX,D,20040220,000000,8.18215,8.18215,8.03188,8.14187,3124.4939269372926,0
TLX,D,20040223,000000,8.09784,8.24745,8.07582,8.24745,10575.4554649501,0
TLX,D,20040224,000000,8.4012,8.4012,8.16004,8.35735,4870.5971656985075,0
TLX,D,20040225,000000,8.22505,8.22505,8.14187,8.20445,5879.149797216701,0
TLX,D,20040226,000000,8.20445,8.35735,8.18215,8.18215,8177.884614891996,0
TLX,D,20040227,000000,8.22505,8.2913,8.14187,8.2913,7803.795546088619,0
TLX,D,20040301,000000,8.2913,8.53444,8.22505,8.53444,23665.384613958857,0
TLX,D,20040302,000000,8.66081,9.09525,8.61753,8.96916,29395.748986083505,0
TLX,D,20040303,000000,9.14041,9.35965,9.05196,9.35965,17182.591092082163,0
TLX,D,20040304,000000,9.35965,9.48762,9.22886,9.22886,14332.28744852896,0
TLX,D,20040305,000000,9.27214,9.27214,8.96916,9.18558,9802.834007506663,0
TLX,D,20040308,000000,9.22886,9.44528,9.14041,9.40388,21507.9959501212,0
TLX,D,20040309,000000,9.48762,9.53185,9.31825,9.44528,16073.076922109116,0
TLX,D,20040310,000000,9.14041,9.44528,9.14041,9.44528,7980.212550126575,0
TLX,D,20040311,000000,9.31825,9.31825,8.88175,9.14041,5909.969635271525,0
TLX,D,20040312,000000,9.00868,9.35965,9.00868,9.35965,56593.72469294738,0
TLX,D,20040315,000000,9.44528,9.44528,9.05196,9.05196,8374.493926621042,0
TLX,D,20040316,000000,9.09525,9.35965,9.00868,9.14041,3507.085020031655,0
TLX,D,20040317,000000,9.27214,10.0108,9.22886,9.83672,53400.151818645325,0
TLX,D,20040318,000000,9.96845,10.1877,9.48762,9.48762,106789.67610692994,0
TLX,D,20040319,000000,9.57607,9.92328,9.22886,9.57607,9767.763157306345,0
TLX,D,20040322,000000,9.27214,9.70781,9.27214,9.27214,11565.94129485015,0
TLX,D,20040323,000000,9.44528,9.44528,9.27214,9.40388,12290.738865656895,0
TLX,D,20040324,000000,9.40388,9.40388,9.27214,9.35965,8695.445343605757,0
TLX,D,20040325,000000,9.35965,10.2705,9.35965,10.23,153518.92711625778,0
TLX,D,20040326,000000,10.2705,10.8822,10.2705,10.4465,60990.33400442313,0
TLX,D,20040329,000000,11.0148,11.665,10.9696,11.5333,131644.2813685863,0
TLX,D,20040330,000000,11.49,11.5333,11.3188,11.49,26777.125504459465,0
TLX,D,20040331,000000,11.6199,11.6199,11.0976,11.4495,26949.291496352133,0
TLX,D,20040401,000000,11.5333,11.5333,11.2293,11.2293,4395.546558439674,0
TLX,D,20040402,000000,11.3188,12.1016,11.3188,11.7525,54338.56274976319,0
TLX,D,20040405,000000,11.7525,11.8409,11.3188,11.5333,7905.819837580449,0
TLX,D,20040406,000000,11.3611,11.3611,11.1852,11.2293,8148.127529873545,0
TLX,D,20040407,000000,11.0976,11.3188,11.0148,11.2293,9682.742914396487,0
TLX,D,20040408,000000,11.1419,11.3188,11.0591,11.2745,5365.8400806484315,0
TLX,D,20040413,000000,11.2745,11.4062,11.1852,11.3188,4595.344129277841,0
TLX,D,20040414,000000,11.1852,11.1852,11.0976,11.0976,4450.809716331082,0
TLX,D,20040415,000000,11.0976,11.0976,11.0591,11.0976,5237.246963247271,0
TLX,D,20040416,000000,10.9696,11.0148,10.7504,10.8822,9502.074898213037,0
TLX,D,20040419,000000,11.0148,11.1852,10.8822,10.9696,6500.860323495041,0
TLX,D,20040420,000000,11.0148,11.0148,10.6243,10.8822,7401.012145303164,0
TLX,D,20040421,000000,10.8822,11.0591,10.662,11.0591,3833.350202198236,0
TLX,D,20040422,000000,10.8822,11.0591,10.7071,10.7071,6046.002023927299,0
TLX,D,20040423,000000,10.8822,10.8822,10.7071,10.8389,3196.761133410672,0
TLX,D,20040426,000000,10.7504,10.7504,10.6243,10.662,30459.56477549321,0
TLX,D,20040427,000000,10.7504,10.7504,10.4897,10.5349,3602.7327933052457,0
TLX,D,20040428,000000,10.5792,10.7071,10.5792,10.662,2186.082995819732,0
TLX,D,20040429,000000,10.5349,10.8822,10.5349,10.8389,563.2591092778111,0
TLX,D,20040430,000000,10.6243,10.662,10.4897,10.662,9811.336031797648,0
TLX,D,20040504,000000,10.2705,10.5792,10.2705,10.4897,2413.5121456036027,0
TLX,D,20040505,000000,10.4897,10.4897,10.358,10.4465,6599.69635587775,0
TLX,D,20040506,000000,10.1435,10.1877,9.66358,9.79626,32535.12145553043,0
TLX,D,20040507,000000,9.57607,9.57607,8.88175,8.92503,27501.92307526621,0
TLX,D,20040510,000000,8.70504,8.92503,8.44599,8.92503,24499.645747512342,0
TLX,D,20040511,000000,9.00868,9.00868,8.79245,9.00868,1650.4554654876242,0
TLX,D,20040512,000000,9.00868,9.14041,8.96916,9.09525,8000.404857817666,0
TLX,D,20040513,000000,9.14041,9.14041,8.92503,8.92503,1129.7064776647421,0
TLX,D,20040514,000000,8.83573,9.05196,8.66081,9.05196,2436.892712403813,0
TLX,D,20040517,000000,8.88175,8.88175,8.83573,8.83573,173.22874492883628,0
TLX,D,20040518,000000,8.83573,8.96916,8.83573,8.96916,5862.14574863473,0
TLX,D,20040519,000000,8.88175,8.96916,8.83573,8.96916,3514.5242912862673,0
TLX,D,20040520,000000,8.74916,8.83573,8.70504,8.83573,983.0465586452366,0
TLX,D,20040521,000000,8.74916,8.83573,8.70504,8.79245,3633.5526313600694,0
TLX,D,20040524,000000,8.83573,8.92503,8.74916,8.79245,4122.419028091755,0
TLX,D,20040525,000000,8.53444,8.79245,8.53444,8.79245,816.1943319346396,0
TLX,D,20040526,000000,8.96916,9.00868,8.83573,8.96916,5777.125505724871,0
TLX,D,20040527,000000,8.83573,9.00868,8.83573,8.92503,3519.8380564681333,0
TLX,D,20040528,000000,8.83573,9.22886,8.83573,8.92503,16548.127529367644,0
TLX,D,20040531,000000,9.35965,9.35965,9.09525,9.27214,7712.398784960521,0
TLX,D,20040601,000000,9.27214,9.44528,9.14041,9.14041,2849.240890516626,0
TLX,D,20040602,000000,9.27214,9.35965,9.05196,9.09525,2534.6659917501506,0
TLX,D,20040603,000000,9.09525,9.09525,8.74916,8.96916,8585.981780859314,0
TLX,D,20040604,000000,8.92503,8.92503,8.83573,8.83573,2008.6032387454022,0
TLX,D,20040607,000000,8.83573,8.92503,8.79245,8.88175,24126.61943174524,0
TLX,D,20040608,000000,8.96916,8.96916,8.74916,8.74916,1650.4554654876242,0
TLX,D,20040609,000000,8.70504,8.88175,8.70504,8.70504,4340.283400548266,0
TLX,D,20040611,000000,8.70504,8.79245,8.66081,8.79245,4269.07894711126,0
TLX,D,20040614,000000,9.00868,9.00868,8.92503,8.92503,1318.876518139177,0
TLX,D,20040615,000000,8.92503,8.92503,8.83573,8.88175,4699.493926842418,0
TLX,D,20040616,000000,8.79245,8.96916,8.79245,8.96916,110.52631578281579,0
TLX,D,20040617,000000,8.70504,8.88175,8.61753,8.70504,10748.684209879239,0
TLX,D,20040618,000000,8.37975,8.59589,8.2913,8.37975,6382.8947364576115,0
TLX,D,20040621,000000,8.35735,8.48965,8.35735,8.48965,2620.748987696382,0
TLX,D,20040622,000000,8.48965,8.6833,8.48965,8.66081,1336.9433197575217,0
TLX,D,20040623,000000,8.74916,8.74916,8.74916,8.74916,129.6558704375339,0
TLX,D,20040624,000000,8.61753,8.70504,8.48965,8.57425,3888.613360089644,0
TLX,D,20040625,000000,8.4682,8.4682,8.4682,8.4682,519.6862347865089,0
TLX,D,20040628,000000,8.4682,8.64001,8.35735,8.64001,597.2672064417545,0
TLX,D,20040630,000000,8.42359,8.61753,8.42359,8.61753,615.3340080600994,0
TLX,D,20040701,000000,8.66081,8.66081,8.4012,8.61753,2925.7591091354984,0
TLX,D,20040702,000000,8.4012,8.4012,8.4012,8.4012,332.6417003848206,0
TLX,D,20040705,000000,8.48965,8.59589,8.4012,8.59589,14338.663966747805,0
TLX,D,20040706,000000,8.48965,8.61753,8.48965,8.61753,17716.093116341723,0
TLX,D,20040707,000000,8.48965,8.48965,8.48965,8.48965,239.11943318397647,0
TLX,D,20040708,000000,8.48965,8.53444,8.2913,8.53444,1685.5263156879407,0
TLX,D,20040709,000000,8.53444,8.61753,8.53444,8.61753,959.6659918450256,0
TLX,D,20040712,000000,8.44599,8.61753,8.44599,8.61753,277.37854249341274,0
TLX,D,20040714,000000,8.57425,8.57425,8.48965,8.48965,1721.6599189246306,0
TLX,D,20040715,000000,8.48965,8.48965,8.4012,8.4012,930.9716598629484,0
TLX,D,20040716,000000,8.4012,8.4012,8.2689,8.4012,2336.99392698473,0
TLX,D,20040719,000000,8.37975,8.51204,8.37975,8.51204,2616.497975550889,0
TLX,D,20040720,000000,8.48965,8.64001,8.48965,8.64001,2642.004048423847,0
TLX,D,20040721,000000,8.6833,8.6833,8.64001,8.64001,552.6315789140789,0
TLX,D,20040722,000000,8.64001,8.64001,8.3359,8.35735,921.4068825355893,0
TLX,D,20040723,000000,8.48965,8.66081,8.48965,8.53444,5851.518218270997,0
TLX,D,20040726,000000,8.59589,8.59589,8.59589,8.59589,171.1032388560898,0
TLX,D,20040728,000000,8.55589,8.55589,8.55589,8.55589,59.514170036900815,0
TLX,D,20040729,000000,8.4012,8.4012,8.2689,8.4012,2867.307692134971,0
TLX,D,20040730,000000,8.35735,8.35735,8.16004,8.16004,917.1558703900964,0
TLX,D,20040802,000000,8.64001,8.64001,8.2689,8.2689,911.8421052082302,0
TLX,D,20040803,000000,8.2689,8.6833,8.2689,8.6833,4111.7914977280225,0
TLX,D,20040804,000000,8.48965,8.88175,8.48965,8.88175,2833.2995949710275,0
TLX,D,20040805,000000,8.51204,8.83573,8.2689,8.83573,8732.641699878819,0
TLX,D,20040806,000000,8.42359,8.70504,8.42359,8.70504,7022.672064354296,0
TLX,D,20040810,000000,8.42359,8.70504,8.42359,8.57425,4946.052631281007,0
TLX,D,20040811,000000,8.61753,8.92503,8.61753,8.92503,9608.35020185036,0
TLX,D,20040812,000000,8.88175,8.92503,8.88175,8.92503,649.3421052240428,0
TLX,D,20040813,000000,8.92503,8.92503,8.83573,8.83573,248.68421051133552,0
TLX,D,20040816,000000,8.92503,8.92503,8.70504,8.70504,3808.906882361652,0
TLX,D,20040817,000000,8.70504,8.79245,8.42359,8.42359,3667.560728524012,0
TLX,D,20040818,000000,8.48965,8.6833,8.48965,8.61753,12250.354250273904,0
TLX,D,20040819,000000,8.44599,8.57425,8.44599,8.57425,11645.647772577639,0
TLX,D,20040820,000000,8.48965,8.55589,8.42359,8.55589,13237.651821064534,0
TLX,D,20040823,000000,8.35735,8.55589,8.35735,8.53444,13275.910930374575,0
TLX,D,20040824,000000,8.53444,8.53444,8.53444,8.53444,80.76923076436539,0
TLX,D,20040825,000000,8.4012,8.51204,8.35735,8.35735,2128.694331855577,0
TLX,D,20040826,000000,8.35735,8.35735,8.31444,8.31444,2180.7692306378653,0
TLX,D,20040827,000000,8.48965,8.48965,8.35735,8.35735,973.4817813178776,0
TLX,D,20040830,000000,8.35735,8.35735,8.05465,8.22505,4185.121457237775,0
TLX,D,20040831,000000,8.22505,8.2689,8.18215,8.24745,4006.5789471270723,0
TLX,D,20040901,000000,8.24745,8.48965,8.24745,8.48965,1172.2165991196714,0
TLX,D,20040902,000000,8.4682,8.48965,8.35735,8.35735,1725.9109310701235,0
TLX,D,20040903,000000,8.2689,8.44599,8.2689,8.44599,1030.8704452820318,0
TLX,D,20040906,000000,8.37975,8.37975,8.31444,8.37975,617.4595141328458,0
TLX,D,20040907,000000,8.31444,8.4012,8.31444,8.4012,1102.0748987190382,0
TLX,D,20040908,000000,8.2689,9.05196,8.2689,8.92503,4360.475708239357,0
TLX,D,20040909,000000,8.61753,8.79245,8.55589,8.79245,892.7125505535122,0
TLX,D,20040910,000000,8.70504,8.70504,8.48965,8.48965,3308.350202229861,0
TLX,D,20040913,000000,8.48965,8.48965,8.3359,8.44599,1457.0344128676966,0
TLX,D,20040914,000000,8.53444,8.53444,8.35735,8.35735,992.6113359725957,0
TLX,D,20040915,000000,8.35735,8.44599,8.05465,8.35735,2484.716599040609,0
TLX,D,20040916,000000,8.2689,8.44599,8.2689,8.44599,4109.665991655275,0
TLX,D,20040917,000000,8.44599,8.57425,8.35735,8.35735,7371.255060284714,0
TLX,D,20040920,000000,8.48965,8.48965,8.48965,8.48965,5.3137651818661435,0
TLX,D,20040921,000000,8.48965,8.48965,8.22505,8.4012,1249.797570774917,0
TLX,D,20040922,000000,8.31444,8.31444,8.31444,8.31444,616.3967610964727,0
TLX,D,20040923,000000,8.2689,8.2689,8.22505,8.2689,848.0769230258365,0
TLX,D,20040924,000000,8.2689,8.4012,8.22505,8.4012,1047.8744938640034,0
TLX,D,20040927,000000,8.4012,8.4012,8.2689,8.2689,408.0971659673198,0
TLX,D,20040928,000000,8.44599,8.44599,8.2689,8.44599,1584.564777232484,0
TLX,D,20040929,000000,8.2689,8.44599,8.2689,8.44599,275.2530364206662,0
TLX,D,20040930,000000,8.2689,8.66081,8.2689,8.3359,7308.552631138694,0
TLX,D,20041001,000000,8.4012,8.4012,8.3359,8.3359,627.024291460205,0
TLX,D,20041004,000000,8.4012,8.79245,8.37975,8.74916,37790.43522039554,0
TLX,D,20041005,000000,8.74916,9.18558,8.74916,8.79245,20650.35424976831,0
TLX,D,20041006,000000,8.74916,8.92503,8.70504,8.70504,9950.556679562542,0
TLX,D,20041007,000000,8.61753,8.61753,8.48965,8.57425,2628.1882589509946,0
TLX,D,20041008,000000,8.57425,8.61753,8.09784,8.2689,3456.07287428574,0
TLX,D,20041011,000000,8.2689,8.2689,8.09784,8.14187,1489.9797569952666,0
TLX,D,20041012,000000,8.09784,8.31444,8.07582,8.2689,1612.1963561781881,0
TLX,D,20041013,000000,8.14187,8.22505,8.00976,8.22505,2103.1882589826196,0
TLX,D,20041014,000000,8.07582,8.22505,8.03188,8.03188,1052.1255060094966,0
TLX,D,20041015,000000,8.00976,8.16004,7.98774,8.16004,2292.3582994570547,0
TLX,D,20041018,000000,8.2689,8.2689,8.12071,8.2689,2120.1923075645914,0
TLX,D,20041019,000000,7.98774,8.4012,7.98774,8.2689,2806.730769061697,0
TLX,D,20041020,000000,8.09784,8.24745,8.09784,8.22505,1824.7469634528338,0
TLX,D,20041021,000000,8.22505,8.2689,8.22505,8.2689,224.24089067475126,0
TLX,D,20041022,000000,8.24745,8.2689,8.24745,8.2689,190.23279351080794,0
TLX,D,20041025,000000,7.98774,8.22505,7.98774,8.18215,5449.797570521917,0
TLX,D,20041026,000000,8.2689,8.53444,8.2689,8.42359,8605.111335514033,0
TLX,D,20041027,000000,8.2689,8.4012,8.22505,8.4012,3145.748987664757,0
TLX,D,20041028,000000,8.44599,8.4682,8.22505,8.22505,2318.9271253663856,0
TLX,D,20041029,000000,8.09784,8.4682,8.09784,8.2913,11545.74898715916,0
TLX,D,20041102,000000,8.31444,8.6833,8.31444,8.4682,5963.107287090186,0
TLX,D,20041103,000000,8.92503,8.92503,8.53444,8.55589,5361.589068502939,0
TLX,D,20041104,000000,8.70504,8.70504,8.31444,8.31444,1909.7672063626921,0
TLX,D,20041105,000000,8.4682,8.4682,8.2913,8.2913,230.61740889299062,0
TLX,D,20041108,000000,8.2913,8.48965,8.14187,8.48965,8854.858299061741,0
TLX,D,20041109,000000,8.51204,8.51204,8.2913,8.48965,1452.7834007222039,0
TLX,D,20041110,000000,8.48965,8.48965,8.2689,8.2689,1550.5566800685408,0
TLX,D,20041112,000000,8.20445,8.2689,8.14187,8.2689,792.8137651344286,0
TLX,D,20041115,000000,8.18215,8.2689,7.78958,8.2689,8137.499999509812,0
TLX,D,20041116,000000,7.94456,8.05465,7.94456,8.05465,3545.3441293410915,0
TLX,D,20041117,000000,8.05465,8.22505,8.05465,8.22505,1000.0506072272083,0
TLX,D,20041118,000000,8.22505,8.22505,7.94456,8.05465,10385.222671439393,0
TLX,D,20041119,000000,7.98774,8.14187,7.98774,8.14187,701.417004006331,0
TLX,D,20041122,000000,8.14187,8.14187,7.92329,8.09784,778.9979756615766,0
TLX,D,20041123,000000,7.96658,8.22505,7.92329,8.22505,565.3846153505576,0
TLX,D,20041124,000000,7.83437,8.14187,7.83437,8.14187,395.3441295308411,0
TLX,D,20041125,000000,8.14187,8.48965,8.03188,8.48965,3184.0080969741934,0
TLX,D,20041126,000000,8.09784,8.4682,8.09784,8.4682,574.9493926779168,0
TLX,D,20041129,000000,8.4012,8.4012,8.14187,8.4012,715.232793479183,0
TLX,D,20041130,000000,8.2689,8.2689,8.2689,8.2689,460.172064749608,0
TLX,D,20041202,000000,8.2689,8.31444,8.05465,8.31444,2089.3724695097676,0
TLX,D,20041203,000000,8.4682,8.48965,8.31444,8.44599,4393.421052366928,0
TLX,D,20041206,000000,8.2689,8.2689,7.98774,8.2689,2585.6781374960656,0
TLX,D,20041207,000000,8.2689,8.2689,8.18215,8.2689,1187.0951416288965,0
TLX,D,20041208,000000,8.2689,8.2689,8.2689,8.2689,574.9493926779168,0
TLX,D,20041209,000000,8.2689,8.2689,8.18215,8.2689,313.5121457301025,0
TLX,D,20041210,000000,8.03188,8.18215,8.03188,8.05465,925.6578946810823,0
TLX,D,20041213,000000,8.05465,8.18215,7.87851,7.98774,2313.613360184519,0
TLX,D,20041214,000000,8.00976,8.00976,7.39908,7.98774,5348.836032066461,0
TLX,D,20041215,000000,7.78958,7.94456,7.78958,7.92329,2526.1639674591647,0
TLX,D,20041216,000000,7.92329,7.96658,7.83437,7.96658,852.3279351713295,0
TLX,D,20041217,000000,8.09784,8.09784,7.96658,8.05465,2981.0222670269063,0
TLX,D,20041220,000000,8.05465,8.05465,7.70621,7.70621,685.4757084607324,0
TLX,D,20041221,000000,7.70621,7.74554,7.66378,7.66378,4591.093117132348,0
TLX,D,20041222,000000,7.48594,7.76841,7.42035,7.76841,2282.7935221296952,0
TLX,D,20041223,000000,7.76841,8.05465,7.76841,7.83437,1801.3663966526228,0
TLX,D,20041224,000000,7.96658,7.96658,7.96658,7.96658,608.9574898418601,0
TLX,D,20041227,000000,7.94456,7.94456,7.5741,7.78958,2919.382590917259,0
TLX,D,20041228,000000,7.68505,7.68505,7.59622,7.59622,7245.850201992674,0
TLX,D,20041229,000000,7.59622,7.74554,7.59622,7.61814,1858.7550606167772,0
TLX,D,20041230,000000,7.78958,7.78958,7.61814,7.76841,856.5789473168223,0
TLX,D,20041231,000000,7.78958,7.78958,7.61814,7.74554,1564.3724695413928,0
TLX,D,20050103,000000,7.78958,7.83437,6.98516,7.70621,3364.6761131576422,0
TLX,D,20050104,000000,7.48594,7.74554,7.48594,7.74554,656.7813764786554,0
TLX,D,20050105,000000,7.66378,7.74554,7.53092,7.74554,1190.2834007380163,0
TLX,D,20050106,000000,7.61814,7.61814,7.61814,7.61814,516.4979756773891,0
TLX,D,20050107,000000,7.5089,7.5741,7.5089,7.5741,1826.8724695255803,0
TLX,D,20050110,000000,7.59622,7.66378,7.5089,7.5089,1410.2732792672746,0
TLX,D,20050111,000000,7.48594,7.61814,7.48594,7.61814,311.38663965735606,0
TLX,D,20050112,000000,7.61814,7.70621,7.5741,7.5741,6156.528339710115,0
TLX,D,20050113,000000,7.61814,7.61814,7.5089,7.5089,242.30769229309615,0
TLX,D,20050114,000000,7.74554,8.00976,7.5089,7.66378,3309.4129552662343,0
TLX,D,20050119,000000,7.83437,7.83437,7.5089,7.59622,10210.93117347378,0
TLX,D,20050120,000000,7.78958,7.78958,7.35439,7.44228,5484.868420722233,0
TLX,D,20050121,000000,7.44228,7.70621,7.39908,7.61814,285.8805667843985,0
TLX,D,20050124,000000,7.44228,7.61814,7.44228,7.44228,380.4655870216159,0
TLX,D,20050125,000000,7.44228,7.61814,7.44228,7.5741,1073.3805667369609,0
TLX,D,20050126,000000,7.74554,7.74554,7.48594,7.5741,1061.6902833368556,0
TLX,D,20050127,000000,7.48594,7.55208,7.48594,7.55208,616.3967610964727,0
TLX,D,20050128,000000,7.70621,7.70621,7.70621,7.70621,5.3137651818661435,0
TLX,D,20050131,000000,7.55208,7.59622,7.39908,7.39908,2244.534412820259,0
TLX,D,20050201,000000,7.59622,7.59622,7.39908,7.59622,505.8704453136569,0
TLX,D,20050202,000000,7.70621,7.74554,7.64091,7.74554,615.3340080600994,0
TLX,D,20050203,000000,7.74554,7.83437,7.66378,7.74554,18639.62550494996,0
TLX,D,20050204,000000,7.74554,7.74554,7.74554,7.74554,1091.447368355306,0
TLX,D,20050207,000000,7.74554,7.74554,7.74554,7.74554,2089.3724695097676,0
TLX,D,20050208,000000,7.83437,7.96658,7.44228,7.44228,2960.8299593358156,0
TLX,D,20050209,000000,7.96658,7.96658,7.37641,7.44228,3011.8421050817306,0
TLX,D,20050210,000000,7.39908,7.44228,7.39908,7.39908,6080.010121091242,0
TLX,D,20050211,000000,7.39908,7.5741,7.33247,7.39908,5018.319837754387,0
TLX,D,20050214,000000,7.33247,7.5741,7.3113,7.5741,1872.570850089629,0
TLX,D,20050215,000000,7.5741,7.5741,7.33247,7.39908,1798.1781375435032,0
TLX,D,20050216,000000,7.5089,7.5089,7.37641,7.37641,2111.6902832736055,0
TLX,D,20050217,000000,7.29286,7.29286,7.20497,7.24966,5661.285424760189,0
TLX,D,20050218,000000,6.98516,7.37641,6.89812,6.96315,12000.607286726701,0
TLX,D,20050221,000000,6.96315,6.96315,6.57152,6.89812,7805.921052161365,0
TLX,D,20050222,000000,6.70382,6.87949,6.59411,6.87949,4524.139675840835,0
TLX,D,20050223,000000,6.74757,7.13901,6.74757,7.13901,4946.052631281007,0
TLX,D,20050224,000000,7.13901,7.13901,6.96315,7.13901,2135.070850073817,0
TLX,D,20050225,000000,7.05187,7.24966,6.76902,7.00718,5935.475708144482,0
TLX,D,20050228,000000,7.00718,7.07305,6.87949,6.98516,1945.9008095993818,0
TLX,D,20050301,000000,6.98516,6.98516,6.98516,6.98516,1893.8259108170937,0
TLX,D,20050302,000000,7.00718,7.00718,7.00718,7.00718,111.58906881918902,0
TLX,D,20050303,000000,6.96315,6.98516,6.74757,6.96315,1073.3805667369609,0
TLX,D,20050304,000000,6.83574,6.91967,6.83574,6.91967,301.8218623299969,0
TLX,D,20050307,000000,6.68161,6.83574,6.68161,6.74757,1973.5323885450857,0
TLX,D,20050308,000000,6.63852,6.63852,6.0699,6.0699,4853.593117116536,0
TLX,D,20050309,000000,6.52749,6.57152,6.44439,6.57152,1581.3765181233643,0
TLX,D,20050310,000000,6.52749,6.70382,6.46622,6.70382,2787.601214406979,0
TLX,D,20050311,000000,6.44439,6.68161,6.44439,6.68161,2048.9878541275853,0
TLX,D,20050314,000000,6.74757,6.74757,6.74757,6.74757,5.3137651818661435,0
TLX,D,20050315,000000,6.79198,6.79198,6.42266,6.74757,133.90688258302683,0
TLX,D,20050316,000000,6.61565,6.61565,6.40036,6.61565,533.5020242593608,0
TLX,D,20050317,000000,6.59411,6.59411,6.3344,6.59411,1675.9615383605817,0
TLX,D,20050318,000000,6.57152,6.57152,6.15797,6.57152,206.1740890564064,0
TLX,D,20050321,000000,6.50566,6.50566,6.50566,6.50566,48.886639673168524,0
TLX,D,20050322,000000,6.24595,6.48401,6.15797,6.48401,772.6214574433372,0
TLX,D,20050323,000000,6.44439,6.52749,6.44439,6.52749,218.92712549288512,0
TLX,D,20050324,000000,6.52749,6.57152,6.52749,6.57152,231.6801619293639,0
TLX,D,20050329,000000,6.35604,6.44439,6.35604,6.44439,563.2591092778111,0
TLX,D,20050330,000000,6.52749,6.52749,6.15797,6.48401,483.5526315498191,0
TLX,D,20050331,000000,6.52749,6.52749,6.1798,6.44439,2385.8805666578983,0
TLX,D,20050401,000000,6.48401,6.52749,6.26778,6.44439,1987.348178017938,0
TLX,D,20050404,000000,6.24595,6.31191,6.24595,6.31191,761.993927079605,0
TLX,D,20050405,000000,6.24595,6.24595,5.65644,5.7448,40242.206475308274,0
TLX,D,20050406,000000,5.70104,5.72278,5.41923,5.41923,32925.1518198791,0
TLX,D,20050407,000000,5.50739,5.52932,5.30923,5.30923,36442.86437027449,0
TLX,D,20050411,000000,5.30923,5.30923,5.0278,5.22558,9358.603238302652,0
TLX,D,20050412,000000,5.22558,5.22558,5.09385,5.18164,4767.510121170304,0
TLX,D,20050413,000000,5.13779,5.13779,4.96183,4.96183,7035.425100790774,0
TLX,D,20050414,000000,5.04963,5.04963,4.89578,4.89578,2926.821862171872,0
TLX,D,20050415,000000,4.82991,4.82991,4.63636,4.82991,7981.275303162947,0
TLX,D,20050418,000000,4.6803,4.70223,4.48251,4.61443,11658.400809014318,0
TLX,D,20050419,000000,4.61443,4.65828,4.50425,4.61443,7798.481780906753,0
TLX,D,20050420,000000,4.65828,4.65828,4.63636,4.63636,469.73684207696715,0
TLX,D,20050421,000000,4.65828,4.65828,4.61443,4.65828,960.7287448813987,0
TLX,D,20050422,000000,4.89578,5.0278,4.65828,4.87376,5962.044534053813,0
TLX,D,20050425,000000,4.89578,5.00578,4.82991,5.00578,1041.4979756457642,0
TLX,D,20050426,000000,5.00578,5.00578,4.65828,4.65828,6148.026315419128,0
TLX,D,20050427,000000,4.7902,4.87376,4.41636,4.52627,6137.398785055396,0
TLX,D,20050428,000000,4.35464,4.74626,4.31079,4.50425,8725.202428624209,0
TLX,D,20050429,000000,4.50425,4.50425,4.50425,4.50425,5.3137651818661435,0
TLX,D,20050502,000000,4.50425,4.61443,4.31079,4.50425,4574.089068550376,0
TLX,D,20050504,000000,4.31079,4.48251,4.31079,4.35464,2378.441295403286,0
TLX,D,20050505,000000,4.35464,4.41636,4.24482,4.35464,8214.018218128685,0
TLX,D,20050506,000000,4.20089,4.20089,3.91917,4.0907,25813.208500469253,0
TLX,D,20050509,000000,3.91917,4.22281,3.87532,4.0907,1446.4068825039642,0
TLX,D,20050510,000000,4.0907,4.0907,3.83128,3.98079,4822.773279061712,0
TLX,D,20050511,000000,3.91917,3.9631,3.80935,3.9631,1389.0182185398098,0
TLX,D,20050512,000000,3.9631,4.17887,3.8533,4.13473,17856.37651714319,0
TLX,D,20050513,000000,4.06887,4.20089,4.00281,4.17887,692.9149797153451,0
TLX,D,20050516,000000,4.22281,4.22281,4.13473,4.13473,1499.5445343226256,0
TLX,D,20050517,000000,4.15675,4.15675,3.80935,3.98079,1901.265182071706,0
TLX,D,20050518,000000,3.91917,4.24482,3.83128,4.24482,6698.532388260461,0
TLX,D,20050519,000000,4.20089,4.22281,3.94127,4.20089,898.0263157353783,0
TLX,D,20050520,000000,4.00281,4.17887,3.98079,4.15675,1938.4615383447692,0
TLX,D,20050523,000000,4.17887,4.17887,4.00281,4.13473,1932.08502012653,0
TLX,D,20050524,000000,4.04676,4.04676,3.9631,4.02483,2262.601214438604,0
TLX,D,20050525,000000,4.04676,4.13473,4.04676,4.11281,1674.8987853242086,0
TLX,D,20050527,000000,4.15675,4.15675,4.06887,4.11281,1155.2125505376996,0
TLX,D,20050530,000000,4.17887,4.17887,4.02483,4.13473,1027.6821861729122,0
TLX,D,20050531,000000,4.17887,4.17887,4.17887,4.17887,5.3137651818661435,0
TLX,D,20050601,000000,4.17887,4.17887,4.00281,4.11281,723.7348177701688,0
TLX,D,20050602,000000,4.00281,4.15675,3.94127,4.15675,1926.7712549446637,0
TLX,D,20050603,000000,4.06887,4.76818,4.06887,4.57021,29178.947366662967,0
TLX,D,20050606,000000,4.54829,4.65828,4.37666,4.4603,8003.593116926785,0
TLX,D,20050607,000000,4.4603,4.63636,4.43838,4.63636,5106.528339773365,0
TLX,D,20050608,000000,4.65828,4.65828,4.43838,4.59232,19839.473683015232,0
TLX,D,20050609,000000,4.59232,4.59232,4.57021,4.57021,1494.2307691407595,0
TLX,D,20050610,000000,4.52627,4.52627,4.33262,4.48251,7370.1923072483405,0
TLX,D,20050613,000000,4.43838,4.52627,4.41636,4.52627,7656.07287403274,0
TLX,D,20050614,000000,4.57021,4.57021,4.48251,4.52627,4644.23076895101,0
TLX,D,20050615,000000,4.57021,4.57021,4.48251,4.48251,4902.479756789704,0
TLX,D,20050616,000000,4.52627,4.61443,4.37666,4.61443,8002.530363890412,0
TLX,D,20050617,000000,4.87376,4.96183,4.6803,4.7902,116960.22266501872,0
TLX,D,20050620,000000,4.82991,4.89578,4.70223,4.76818,29235.273277591048,0
TLX,D,20050621,000000,4.7902,4.7902,4.54829,4.54829,23556.983804248583,0
TLX,D,20050622,000000,4.54829,4.54829,4.33262,4.35464,50692.257081966534,0
TLX,D,20050623,000000,4.72433,4.96183,4.6803,4.7902,112258.60323210718,0
TLX,D,20050624,000000,4.8078,5.00578,4.74626,4.82991,31763.56275112286,0
TLX,D,20050627,000000,4.96183,5.18164,4.7902,5.00578,37407.84412730118,0
TLX,D,20050628,000000,5.00578,5.00578,4.8078,4.82991,10619.028339441504,0
TLX,D,20050629,000000,4.82991,4.82991,4.72433,4.8078,10626.467610695814,0
TLX,D,20050630,000000,4.8078,4.85193,4.72433,4.7902,8443.572873985302,0
TLX,D,20050701,000000,4.76818,4.96183,4.76818,4.87376,17382.388662920126,0
TLX,D,20050704,000000,4.87376,4.87376,4.7902,4.87376,9944.180161344302,0
TLX,D,20050705,000000,4.89578,4.89578,4.72433,4.72433,6854.757084607326,0
TLX,D,20050706,000000,4.72433,4.7902,4.72433,4.7902,2470.900809567757,0
TLX,D,20050707,000000,4.7902,4.7902,4.52627,4.63636,8977.074898244664,0
TLX,D,20050708,000000,4.65828,4.74626,4.65828,4.72433,3902.4291495624957,0
TLX,D,20050711,000000,4.65828,4.7902,4.61443,4.61443,9086.538460991105,0
TLX,D,20050712,000000,4.61443,4.61443,4.61443,4.61443,426.16396758566475,0
TLX,D,20050713,000000,4.63636,4.63636,4.52627,4.57021,12474.595140948757,0
TLX,D,20050714,000000,4.54829,4.57021,4.37666,4.4603,35646.86234603104,0
TLX,D,20050715,000000,4.4603,4.70223,4.37666,4.65828,29250.15182010068,0
TLX,D,20050718,000000,4.52627,4.72433,4.52627,4.65828,6724.0384611334175,0
TLX,D,20050719,000000,4.54829,4.57021,4.52627,4.57021,2843.92712533476,0
TLX,D,20050720,000000,4.48251,4.59232,4.48251,4.59232,2433.704453294694,0
TLX,D,20050721,000000,4.59232,4.59232,4.48251,4.54829,2163.765182055894,0
TLX,D,20050722,000000,4.52627,4.57021,4.50425,4.57021,492.0546558408049,0
TLX,D,20050725,000000,4.50425,4.63636,4.50425,4.61443,2495.344129404341,0
TLX,D,20050726,000000,4.52627,4.65828,4.52627,4.63636,3343.421052430178,0
TLX,D,20050727,000000,4.63636,4.91779,4.50425,4.72433,15112.348177227312,0
TLX,D,20050728,000000,4.85193,4.85193,4.70223,4.72433,4291.396760875098,0
TLX,D,20050729,000000,4.74626,4.91779,4.74626,4.85193,28374.44331812873,0
TLX,D,20050801,000000,4.91779,4.91779,4.7902,4.85193,3524.0890686136263,0
TLX,D,20050802,000000,4.8078,4.87376,4.74626,4.87376,8820.850201897798,0
TLX,D,20050803,000000,4.89578,4.93972,4.87376,4.87376,5809.008096816068,0
TLX,D,20050804,000000,4.87376,4.91779,4.74626,4.87376,3764.2712548339764,0
TLX,D,20050805,000000,4.65828,4.82991,4.54829,4.8078,11733.85627459692,0
TLX,D,20050808,000000,4.85193,4.85193,4.54829,4.65828,7363.815789030102,0
TLX,D,20050809,000000,4.70223,4.70223,4.59232,4.6803,1805.6174087981158,0
TLX,D,20050810,000000,4.54829,4.61443,4.35464,4.48251,14035.77935138093,0
TLX,D,20050811,000000,4.37666,4.43838,4.37666,4.39444,3846.103238634715,0
TLX,D,20050812,000000,4.37666,4.37666,4.26675,4.33262,7884.564776852983,0
TLX,D,20050816,000000,4.28867,4.31079,4.13473,4.17887,13656.37651739599,0
TLX,D,20050817,000000,4.04676,4.0907,3.87532,3.91917,28555.11133431218,0
TLX,D,20050818,000000,4.00281,4.00281,3.83128,3.87532,35428.99797357402,0
TLX,D,20050819,000000,3.91917,4.00281,3.91917,3.91917,11940.030363652719,0
TLX,D,20050822,000000,3.9631,4.04676,3.87532,4.04676,20831.02226595176,0
TLX,D,20050823,000000,4.13473,4.15675,4.04676,4.13473,9823.026315197752,0
TLX,D,20050824,000000,4.02483,4.26675,4.00281,4.11281,3134.0587042646516,0
TLX,D,20050825,000000,4.11281,4.26675,4.04676,4.0907,15504.504047648934,0
TLX,D,20050826,000000,4.17887,4.17887,4.00281,4.15675,2688.7651820242686,0
TLX,D,20050829,000000,4.20089,4.4603,4.20089,4.39444,18496.153845040077,0
TLX,D,20050830,000000,4.50425,4.50425,4.24482,4.24482,11254.554655192493,0
TLX,D,20050831,000000,4.31079,4.33262,4.15675,4.28867,10949.544533753678,0
TLX,D,20050901,000000,4.20089,4.33262,4.13473,4.31079,10969.736841444668,0
TLX,D,20050902,000000,4.26675,4.35464,4.06887,4.35464,15754.251011197148,0
TLX,D,20050905,000000,4.31079,4.31079,4.26675,4.31079,986.2348177543563,0
TLX,D,20050906,000000,4.28867,4.28867,4.0907,4.0907,2.1255060727464574,0
TLX,D,20050907,000000,4.26675,4.28867,4.17887,4.17887,2883.24898768057,0
TLX,D,20050908,000000,4.11281,4.26675,4.0907,4.26675,3136.184210337398,0
TLX,D,20050909,000000,4.13473,4.20089,4.13473,4.20089,388.9676113126017,0
TLX,D,20050912,000000,4.17887,4.22281,4.13473,4.22281,757.7429149341122,0
TLX,D,20050913,000000,4.20089,4.20089,4.04676,4.20089,2424.139675967335,0
TLX,D,20050914,000000,4.26675,4.26675,4.13473,4.26675,1595.1923075962163,0
TLX,D,20050915,000000,4.0907,4.22281,4.04676,4.22281,2573.98785409596,0
TLX,D,20050916,000000,4.06887,4.13473,3.98079,4.13473,2701.5182184607474,0
TLX,D,20050919,000000,4.00281,4.13473,4.00281,4.06887,973.4817813178776,0
TLX,D,20050920,000000,4.06887,4.06887,3.98079,4.00281,3949.190283162918,0
TLX,D,20050921,000000,4.00281,4.13473,3.9631,4.11281,5955.668015835574,0
TLX,D,20050922,000000,4.02483,4.22281,4.02483,4.22281,1485.7287448497739,0
TLX,D,20050923,000000,4.13473,4.24482,4.13473,4.24482,1102.0748987190382,0
TLX,D,20050926,000000,4.13473,4.22281,4.0907,4.22281,5343.522266884594,0
TLX,D,20050927,000000,4.17887,4.22281,4.02483,4.22281,3094.736841918842,0
TLX,D,20050928,000000,4.22281,4.24482,4.13473,4.22281,2570.7995949868405,0
TLX,D,20050929,000000,4.17887,4.22281,4.17887,4.22281,462.2975708223545,0
TLX,D,20050930,000000,4.17887,4.20089,4.06887,4.20089,2111.6902832736055,0
TLX,D,20051003,000000,4.13473,4.17887,4.04676,4.06887,5259.564777011109,0
TLX,D,20051004,000000,4.04676,4.17887,4.02483,4.15675,8109.868420564108,0
TLX,D,20051005,000000,4.06887,4.15675,4.04676,4.15675,2531.4777326410313,0
TLX,D,20051006,000000,4.20089,4.20089,4.0907,4.15675,2300.86032374804,0
TLX,D,20051007,000000,4.20089,4.28867,4.00281,4.28867,10641.346153205443,0
TLX,D,20051010,000000,4.28867,4.28867,4.15675,4.26675,1897.0141699262133,0
TLX,D,20051011,000000,4.26675,4.50425,4.26675,4.39444,24825.910929678623,0
TLX,D,20051012,000000,4.48251,4.54829,4.35464,4.48251,3830.1619430891164,0
TLX,D,20051013,000000,4.37666,4.37666,4.22281,4.37666,8272.469635129213,0
TLX,D,20051014,000000,4.4603,4.52627,4.41636,4.48251,21164.726719373353,0
TLX,D,20051017,000000,4.43838,4.65828,4.43838,4.57021,25737.75303488665,0
TLX,D,20051018,000000,4.65828,4.65828,4.52627,4.57021,29217.206475973006,0
TLX,D,20051019,000000,4.57021,4.57021,4.35464,4.50425,4767.510121170304,0
TLX,D,20051020,000000,4.54829,4.59232,4.39444,4.41636,4929.048582699035,0
TLX,D,20051021,000000,4.48251,4.48251,4.35464,4.35464,122.2165991829213,0
TLX,D,20051024,000000,4.48251,4.48251,4.26675,4.4603,3010.779352045357,0
TLX,D,20051025,000000,4.4603,4.91779,4.4603,4.65828,32826.31578749609,0
TLX,D,20051026,000000,4.76818,4.87376,4.54829,4.57021,12907.135626753368,0
TLX,D,20051027,000000,4.61443,4.87376,4.57021,4.76818,5145.850202119173,0
TLX,D,20051028,000000,4.76818,4.87376,4.61443,4.82991,14154.807691454933,0
TLX,D,20051031,000000,4.93972,5.35308,4.93972,5.30923,59399.3927089727,0
TLX,D,20051102,000000,5.3974,5.78893,5.3974,5.65644,81584.36234326335,0
TLX,D,20051103,000000,5.65644,5.65644,5.48566,5.55115,11858.198379852285,0
TLX,D,20051104,000000,5.30923,5.50739,5.22558,5.22558,39336.740888319095,0
TLX,D,20051107,000000,5.26529,5.70104,5.26529,5.57298,54450.151818582875,0
TLX,D,20051108,000000,5.57298,5.65644,5.44125,5.57298,26149.0384599638,0
TLX,D,20051109,000000,5.57298,5.57298,5.46308,5.46308,3565.536437032182,0
TLX,D,20051110,000000,5.48566,5.65644,5.33135,5.37547,11010.12145682665,0
TLX,D,20051114,000000,5.63913,5.65644,5.3974,5.55115,23915.13157750707,0
TLX,D,20051115,000000,5.57298,5.57298,5.28731,5.44125,9309.716598629484,0
TLX,D,20051116,000000,5.35308,5.37547,5.26529,5.28731,7898.380566325836,0
TLX,D,20051117,000000,5.44125,5.63913,5.3974,5.50739,33987.904856252324,0
TLX,D,20051118,000000,5.57298,5.65644,5.50739,5.59547,12838.056679388603,0
TLX,D,20051121,000000,5.50739,6.03066,5.50739,5.98615,43614.32185972083,0
TLX,D,20051122,000000,6.13605,6.1798,5.7448,5.96432,29591.295544776585,0
TLX,D,20051123,000000,5.92066,5.92066,5.70104,5.76663,20904.352225461407,0
TLX,D,20051124,000000,5.72278,5.81086,5.65644,5.7448,7259.665991465526,0
TLX,D,20051125,000000,5.7448,5.92066,5.67902,5.85461,13274.8481773381,0
TLX,D,20051128,000000,5.89893,5.92066,5.72278,5.72278,4550.708501750165,0
TLX,D,20051129,000000,5.70104,5.85461,5.65644,5.83278,16610.82995851357,0
TLX,D,20051130,000000,5.83278,5.83278,5.65644,5.7448,3705.8198378334487,0
TLX,D,20051201,000000,5.78893,5.98615,5.67902,5.85461,23254.09918888272,0
TLX,D,20051202,000000,5.89893,5.92066,5.70104,5.85461,10205.617408292419,0
TLX,D,20051205,000000,5.83278,5.83278,5.65644,5.67902,11709.412954760033,0
TLX,D,20051206,000000,5.65644,5.67902,5.48566,5.65644,5315.89068793889,0
TLX,D,20051207,000000,5.6174,5.83278,5.57298,5.65644,7342.5607283026375,0
TLX,D,20051208,000000,5.65644,5.70104,5.63913,5.70104,20306.022265982978,0
TLX,D,20051209,000000,5.7448,5.76663,5.57298,5.76663,21138.157893463518,0
TLX,D,20051212,000000,5.85461,5.87635,5.65644,5.65644,16557.692306694902,0
TLX,D,20051213,000000,5.63913,5.70104,5.63913,5.65644,2900.253036262541,0
TLX,D,20051214,000000,5.59547,5.78893,5.57298,5.78893,6541.244938877223,0
TLX,D,20051215,000000,5.7448,5.7448,5.67902,5.7448,6344.635627148175,0
TLX,D,20051216,000000,5.70104,5.72278,5.59547,5.72278,6519.989878149758,0
TLX,D,20051219,000000,5.63913,5.70104,5.63913,5.70104,1333.7550606484022,0
TLX,D,20051220,000000,5.65644,5.70104,5.6174,5.63913,6721.912955060672,0
TLX,D,20051221,000000,5.63913,5.65644,5.57298,5.6174,6262.803643347437,0
TLX,D,20051222,000000,5.57298,5.57298,5.44125,5.57298,8578.542509604702,0
TLX,D,20051223,000000,5.48566,5.57298,5.48566,5.57298,3106.4271253189477,0
TLX,D,20051227,000000,5.52932,5.6174,5.3974,5.3974,10153.542509510231,0
TLX,D,20051228,000000,5.3974,5.57298,5.3974,5.44125,5136.285424791815,0
TLX,D,20051229,000000,5.3974,5.44125,5.35308,5.35308,9149.240890137125,0
TLX,D,20051230,000000,5.33135,5.44125,5.30923,5.41923,12612.753035677277,0
TLX,D,20060102,000000,5.3974,5.44125,5.3974,5.3974,2268.9777326568433,0
TLX,D,20060103,000000,5.44125,5.52932,5.3974,5.41923,5103.340080664244,0
TLX,D,20060104,000000,5.41923,5.59547,5.30923,5.57298,5267.004048265721,0
TLX,D,20060105,000000,5.50739,5.55115,5.41923,5.55115,7191.649797137639,0
TLX,D,20060106,000000,5.55115,5.7448,5.50739,5.7448,36069.83805450738,0
TLX,D,20060109,000000,5.85461,5.87635,5.57298,5.65644,17269.736841064965,0
TLX,D,20060110,000000,5.6174,5.63913,5.57298,5.6174,8616.801618914138,0
TLX,D,20060111,000000,5.63913,5.7448,5.6174,5.70104,17035.931173062858,0
TLX,D,20060112,000000,5.70104,5.96432,5.65644,5.92066,47128.8461510068,0
TLX,D,20060113,000000,5.98615,6.48401,5.81086,6.26778,64686.58906492901,0
TLX,D,20060116,000000,6.35604,6.44439,6.29027,6.37853,24701.568824423255,0
TLX,D,20060117,000000,6.48401,6.52749,6.24595,6.42266,22742.914978387096,0
TLX,D,20060118,000000,6.22412,6.22412,6.09239,6.20229,20193.37044412782,0
TLX,D,20060119,000000,6.15797,6.20229,6.11431,6.1798,12132.388663236376,0
TLX,D,20060120,000000,6.42266,6.42266,6.15797,6.1798,12953.896760353186,0
TLX,D,20060123,000000,6.1798,6.1798,6.05239,6.09239,4699.493926842418,0
TLX,D,20060124,000000,6.0699,6.1798,6.0699,6.11431,7198.026315355878,0
TLX,D,20060125,000000,6.15797,6.22412,6.0699,6.09239,8288.410930674812,0
TLX,D,20060126,000000,6.29027,6.42266,6.1798,6.31191,14579.908906004224,0
TLX,D,20060127,000000,6.3344,6.3344,6.1798,6.31191,6228.795546183494,0
TLX,D,20060130,000000,6.46622,6.46622,6.26778,6.29027,28564.67611163944,0
TLX,D,20060131,000000,6.31191,6.31191,5.78893,5.92066,11466.042509430665,0
TLX,D,20060201,000000,5.70104,6.05239,5.65644,5.83278,15369.534412029836,0
TLX,D,20060202,000000,5.83278,6.00855,5.7448,5.96432,16216.548582018995,0
TLX,D,20060203,000000,5.94249,5.96432,5.7448,5.83278,10086.589068218313,0
TLX,D,20060206,000000,5.87635,6.00855,5.78893,5.98615,5803.694331634202,0
TLX,D,20060207,000000,5.87635,6.05239,5.87635,6.05239,6910.020242498733,0
TLX,D,20060208,000000,5.96432,5.96432,5.83278,5.92066,7419.07894692151,0
TLX,D,20060209,000000,5.92066,6.05239,5.92066,6.00855,3983.1983803268613,0
TLX,D,20060210,000000,5.92066,6.03066,5.92066,6.00855,3723.8866394517936,0
TLX,D,20060213,000000,6.03066,6.0699,5.92066,6.0699,13084.615383827393,0
TLX,D,20060214,000000,6.05239,6.40036,5.72278,5.98615,36949.79756862421,0
TLX,D,20060215,000000,5.98615,5.98615,5.78893,5.87635,10496.811740258077,0
TLX,D,20060216,000000,5.87635,5.92066,5.65644,5.65644,15114.47368330026,0
TLX,D,20060217,000000,5.6174,5.65644,5.50739,5.52932,10604.149796931875,0
TLX,D,20060220,000000,5.52932,5.70104,5.52932,5.6174,14419.433197511766,0
TLX,D,20060221,000000,5.65644,5.87635,5.6174,5.87635,9319.281375956843,0
TLX,D,20060222,000000,5.87635,5.92066,5.76663,5.92066,6586.943319441271,0
TLX,D,20060223,000000,5.96432,6.1798,5.78893,6.09239,21082.89473557191,0
TLX,D,20060224,000000,6.13605,6.13605,5.98615,6.00855,8889.92914926206,0
TLX,D,20060227,000000,6.00855,6.09239,5.89893,5.98615,7392.510121012178,0
TLX,D,20060228,000000,5.92066,5.98615,5.92066,5.92066,9312.904857738604,0
TLX,D,20060301,000000,5.96432,6.00855,5.87635,5.96432,6663.461538060144,0
TLX,D,20060302,000000,5.96432,5.96432,5.92066,5.94249,1229.6052630838255,0
TLX,D,20060303,000000,5.98615,5.98615,5.87635,5.96432,6946.153845735423,0
TLX,D,20060306,000000,5.96432,6.00855,5.76663,5.92066,5304.200404538785,0
TLX,D,20060307,000000,5.92066,5.92066,5.76663,5.83278,5542.257084686387,0
TLX,D,20060308,000000,5.78893,5.89893,5.70104,5.89893,7614.625505614184,0
TLX,D,20060309,000000,5.87635,5.89893,5.72278,5.72278,8895.242914443923,0
TLX,D,20060310,000000,5.67902,5.76663,5.30923,5.37547,30473.380564966366,0
TLX,D,20060313,000000,5.35308,5.52932,5.28731,5.44125,7798.481780906753,0
TLX,D,20060314,000000,5.44125,5.44125,5.33135,5.44125,6139.524291128142,0
TLX,D,20060315,000000,5.3974,5.55115,5.3974,5.55115,5659.159918687443,0
TLX,D,20060316,000000,5.6174,5.6174,5.57298,5.59547,3405.060728539825,0
TLX,D,20060317,000000,5.59547,5.65644,5.59547,5.6174,3724.9493924881667,0
TLX,D,20060320,000000,5.63913,5.65644,5.52932,5.65644,6334.008096784443,0
TLX,D,20060321,000000,5.59547,5.65644,5.44125,5.65644,8394.686234312134,0
TLX,D,20060322,000000,5.6174,5.65644,5.55115,5.65644,2778.0364370796196,0
TLX,D,20060323,000000,5.65644,5.65644,5.6174,5.65644,5287.196355956813,0
TLX,D,20060324,000000,5.6174,5.65644,5.50739,5.65644,4299.898785166084,0
TLX,D,20060327,000000,5.70104,5.76663,5.63913,5.65644,15499.190282467573,0
TLX,D,20060328,000000,5.6174,5.65644,5.6174,5.65644,9937.80364312606,0
TLX,D,20060329,000000,5.63913,5.65644,5.63913,5.65644,2666.447368260431,0
TLX,D,20060330,000000,5.65644,5.65644,5.63913,5.63913,4321.153845893548,0
TLX,D,20060331,000000,5.76663,5.76663,5.3974,5.6174,13032.540485045207,0
TLX,D,20060403,000000,5.65644,5.72278,5.48566,5.65644,6787.803643315812,0
TLX,D,20060404,000000,5.65644,5.65644,5.6174,5.65644,3456.07287428574,0
TLX,D,20060405,000000,5.59547,5.89893,5.59547,5.85461,43993.72469370578,0
TLX,D,20060406,000000,5.92066,5.92066,5.70104,5.7448,17674.645747923267,0
TLX,D,20060407,000000,5.72278,5.98615,5.70104,5.7448,36058.14777110718,0
TLX,D,20060410,000000,5.7448,5.7448,5.70104,5.70104,5173.481781064878,0
TLX,D,20060411,000000,5.70104,5.89893,5.65644,5.65644,7673.076922614711,0
TLX,D,20060412,000000,5.85461,5.85461,5.65644,5.65644,2335.931173948357,0
TLX,D,20060413,000000,5.6174,5.76663,5.59547,5.72278,2189.2712549288512,0
TLX,D,20060418,000000,5.65644,5.87635,5.65644,5.70104,4709.058704169776,0
TLX,D,20060419,000000,5.70104,5.7448,5.6174,5.72278,17182.591092082163,0
TLX,D,20060420,000000,5.67902,5.76663,5.63913,5.7448,12065.435221945569,0
TLX,D,20060421,000000,5.85461,5.96432,5.83278,5.94249,14376.923076056837,0
TLX,D,20060424,000000,5.92066,6.13605,5.83278,5.96432,35996.508094997735,0
TLX,D,20060425,000000,6.0699,6.31191,6.0699,6.20229,65664.32185839239,0
TLX,D,20060426,000000,6.31191,6.68161,6.31191,6.52749,113256.52833325448,0
TLX,D,20060427,000000,6.66006,6.66006,6.31191,6.31191,14148.431173237097,0
TLX,D,20060428,000000,6.44439,6.44439,6.15797,6.37853,11308.755060047628,0
TLX,D,20060502,000000,6.50566,6.61565,6.26778,6.26778,13518.21862266747,0
TLX,D,20060504,000000,6.35604,6.44439,6.26778,6.44439,20046.710525108516,0
TLX,D,20060505,000000,6.44439,6.44439,6.31191,6.44439,26665.536435640784,0
TLX,D,20060508,000000,5.89893,5.89893,5.44125,5.83278,81434.51416513462,0
TLX,D,20060509,000000,5.83278,5.83278,5.63913,5.63913,24851.417002551985,0
TLX,D,20060510,000000,5.6174,5.65644,5.44125,5.55115,27951.46760965239,0
TLX,D,20060511,000000,5.50739,5.63913,5.50739,5.59547,20837.398784169593,0
TLX,D,20060512,000000,5.65644,5.65644,5.55115,5.59547,26450.86032229319,0
TLX,D,20060515,000000,5.48566,5.59547,5.44125,5.55115,9966.49797510814,0
TLX,D,20060516,000000,5.46308,5.70104,5.35308,5.63913,15210.121456573852,0
TLX,D,20060517,000000,5.65644,5.70104,5.41923,5.55115,7481.78137606753,0
TLX,D,20060518,000000,5.48566,5.48566,5.13779,5.13779,16728.795545551093,0
TLX,D,20060519,000000,5.13779,5.3974,5.07183,5.22558,23919.382589651956,0
TLX,D,20060522,000000,5.26529,5.52932,5.09385,5.18164,18355.87044423861,0
TLX,D,20060523,000000,5.09385,5.18164,4.31079,5.18164,22237.04453307384,0
TLX,D,20060524,000000,4.91779,5.13779,4.7902,5.13779,8065.232793036433,0
TLX,D,20060525,000000,5.09385,5.11577,4.82991,5.11577,11535.121456795428,0
TLX,D,20060526,000000,5.11577,5.13779,4.96183,5.11577,4739.8785422246,0
TLX,D,20060529,000000,5.33135,5.33135,5.11577,5.11577,85.0202429098583,0
TLX,D,20060530,000000,5.13779,5.13779,4.87376,5.11577,8589.170039968434,0
TLX,D,20060531,000000,5.04963,5.04963,4.8078,5.00578,1565.435222577766,0
TLX,D,20060601,000000,4.96183,5.11577,4.87376,5.11577,7547.67206432267,0
TLX,D,20060602,000000,5.11577,5.30923,4.85193,5.18164,7719.838056215133,0
TLX,D,20060605,000000,5.20365,5.20365,4.7902,4.89578,73037.70242474964,0
TLX,D,20060606,000000,5.00578,5.09385,4.87376,4.91779,10181.174088455531,0
TLX,D,20060607,000000,4.91779,4.91779,4.85193,4.87376,8381.933197875655,0
TLX,D,20060608,000000,4.91779,5.04963,4.7902,4.91779,8458.451416494527,0
TLX,D,20060609,000000,4.91779,4.91779,4.74626,4.91779,8308.603238365902,0
TLX,D,20060612,000000,4.87376,4.87376,4.48251,4.52627,12703.087043769507,0
TLX,D,20060613,000000,4.48251,4.48251,3.94127,4.00281,24010.77935078066,0
TLX,D,20060614,000000,4.02483,4.17887,3.91917,4.0907,4264.827934965767,0
TLX,D,20060616,000000,4.22281,4.4603,4.17887,4.17887,3219.0789471745097,0
TLX,D,20060619,000000,4.22281,4.31079,4.22281,4.31079,806.6295546072806,0
TLX,D,20060620,000000,4.31079,4.33262,4.31079,4.33262,634.4635627148176,0
TLX,D,20060621,000000,4.35464,4.48675,4.35464,4.35464,780.0607286979499,0
TLX,D,20060622,000000,4.35464,4.53069,4.35464,4.53069,3324.2914977754594,0
TLX,D,20060623,000000,4.44271,4.48675,4.44271,4.48675,72.26720647337955,0
TLX,D,20060626,000000,4.48675,4.70674,4.44271,4.70674,1104.2004047917846,0
TLX,D,20060627,000000,4.48675,4.61867,4.46473,4.53069,3829.099190052743,0
TLX,D,20060628,000000,4.57472,4.57472,4.53069,4.55261,1458.09716590407,0
TLX,D,20060629,000000,4.55261,4.61867,4.48675,4.61867,1281.6801618661138,0
TLX,D,20060630,000000,4.53069,4.64059,4.53069,4.64059,2502.7834006589533,0
TLX,D,20060703,000000,4.48675,4.66261,4.48675,4.66261,2717.459514006346,0
TLX,D,20060704,000000,4.66261,4.72876,4.53069,4.57472,2978.89676095416,0
TLX,D,20060705,000000,4.72876,4.72876,4.61867,4.66261,1032.9959513547783,0
TLX,D,20060706,000000,4.66261,4.68472,4.57472,4.68472,1538.8663966684353,0
TLX,D,20060707,000000,4.70674,4.70674,4.61867,4.66261,2888.5627528624354,0
TLX,D,20060710,000000,4.61867,4.64059,4.48675,4.64059,726.9230768792885,0
TLX,D,20060711,000000,4.64059,4.70674,4.64059,4.66261,3495.394736631549,0
TLX,D,20060712,000000,4.66261,4.72876,4.66261,4.66261,3527.277327722746,0
TLX,D,20060713,000000,4.66261,4.66261,4.61867,4.61867,3997.0141697997137,0
TLX,D,20060714,000000,4.79463,4.79463,4.53069,4.66261,2924.6963560991258,0
TLX,D,20060717,000000,4.66261,4.66261,4.61867,4.61867,499.4939270954175,0
TLX,D,20060718,000000,4.83857,4.83857,4.48675,4.66261,1626.0121456510399,0
TLX,D,20060719,000000,4.59655,4.75049,4.59655,4.75049,800.2530363890412,0
TLX,D,20060720,000000,4.79463,4.92664,4.79463,4.83857,2795.0404856615914,0
TLX,D,20060721,000000,4.92664,5.10241,4.92664,5.01452,11322.570849520782,0
TLX,D,20060724,000000,4.97049,5.05856,4.97049,4.99251,3328.5425099209524,0
TLX,D,20060725,000000,4.97049,4.99251,4.97049,4.97049,3178.694331792327,0
TLX,D,20060726,000000,4.92664,4.92664,4.92664,4.92664,1294.4331983025927,0
TLX,D,20060727,000000,4.88251,5.05856,4.88251,5.03664,6599.69635587775,0
TLX,D,20060728,000000,5.03664,5.23452,5.03664,5.19048,7148.076922646337,0
TLX,D,20060731,000000,5.23452,5.23452,5.10241,5.14654,3484.767206267817,0
TLX,D,20060802,000000,5.12453,5.12453,5.05856,5.05856,421.9129554401718,0
TLX,D,20060803,000000,5.16856,5.16856,5.08058,5.10241,230.61740889299062,0
TLX,D,20060804,000000,4.83857,4.83857,4.61867,4.79463,15793.572873542653,0
TLX,D,20060807,000000,4.75049,4.75049,4.48675,4.48675,8003.593116926785,0
TLX,D,20060808,000000,4.48675,4.48675,4.48675,4.48675,228.49190282024418,0
TLX,D,20060809,000000,4.48675,4.68472,4.48675,4.68472,6099.13967574596,0
TLX,D,20060810,000000,4.53069,4.53069,4.53069,4.53069,252.93522265682844,0
TLX,D,20060811,000000,4.57472,4.72876,4.53069,4.53069,2275.3542508750825,0
TLX,D,20060814,000000,4.50877,4.53069,4.50877,4.50877,1220.0404857564668,0
TLX,D,20060816,000000,4.53069,4.57472,4.53069,4.53069,5499.746963231459,0
TLX,D,20060817,000000,4.64059,4.64059,4.64059,4.64059,5.3137651818661435,0
TLX,D,20060818,000000,4.61867,4.61867,4.61867,4.61867,1501.670040395372,0
TLX,D,20060821,000000,4.61867,4.61867,4.46473,4.46473,380.4655870216159,0
TLX,D,20060822,000000,4.66261,4.66261,4.57472,4.57472,277.37854249341274,0
TLX,D,20060823,000000,4.53069,4.53069,4.48675,4.48675,842.7631578439704,0
TLX,D,20060824,000000,4.46473,4.48675,4.46473,4.48675,798.1275303162948,0
TLX,D,20060825,000000,4.35464,4.42069,4.35464,4.42069,1728.03643714287,0
TLX,D,20060828,000000,4.39876,4.42069,4.26675,4.26675,10987.80364306271,0
TLX,D,20060829,000000,4.39876,4.44271,4.39876,4.39876,3850.3542507802076,0
TLX,D,20060830,000000,4.31079,4.39876,4.31079,4.39876,6559.311740495568,0
TLX,D,20060831,000000,4.39876,4.53069,4.33262,4.33262,9178.997975155577,0
TLX,D,20060901,000000,4.48251,4.48675,4.48251,4.48251,663.1578946968948,0
TLX,D,20060904,000000,4.48251,4.50877,4.48251,4.50877,2959.767206299442,0
TLX,D,20060905,000000,4.48675,4.57472,4.48675,4.57472,6083.1983802003615,0
TLX,D,20060906,000000,4.61867,4.61867,4.57472,4.57472,1983.0971658724447,0
TLX,D,20060907,000000,4.59655,4.59655,4.53511,4.53511,1206.2246962836145,0
TLX,D,20060908,000000,4.57472,4.61867,4.53511,4.57472,10321.457489256998,0
TLX,D,20060911,000000,4.61867,4.64059,4.50877,4.64059,7186.336031955773,0
TLX,D,20060912,000000,4.57472,4.64059,4.50877,4.64059,2753.5931172430355,0
TLX,D,20060913,000000,4.50877,4.63636,4.48675,4.60991,2753.5931172430355,0
TLX,D,20060914,000000,4.60117,4.75049,4.49559,4.68472,17572.621456431843,0
TLX,D,20060915,000000,4.83857,4.97049,4.81665,4.81665,5602.834007759662,0
TLX,D,20060918,000000,4.92664,5.05856,4.83857,4.93097,7580.617408450241,0
TLX,D,20060919,000000,4.97049,5.09818,4.97049,5.09818,10697.672064132517,0
TLX,D,20060920,000000,5.10241,5.18164,4.92664,5.08058,14032.591092272516,0
TLX,D,20060921,000000,4.88251,5.05856,4.85617,5.05856,6214.979756710642,0
TLX,D,20060922,000000,4.88251,4.88251,4.88251,4.88251,567.5101214233042,0
TLX,D,20060925,000000,4.88251,5.19048,4.88251,5.05856,11809.311740179519,0
TLX,D,20060926,000000,5.05414,5.27404,5.05414,5.22134,14891.295545661882,0
TLX,D,20060927,000000,5.2301,5.36221,5.21683,5.21683,13946.508096326184,0
TLX,D,20060928,000000,5.27855,5.65211,5.21683,5.63028,27192.6619416815,0
TLX,D,20060929,000000,5.63028,5.63028,5.3974,5.56856,2503.846153695327,0
TLX,D,20061002,000000,5.45865,5.45865,5.41029,5.45461,13501.214574085901,0
TLX,D,20061003,000000,5.41029,5.54221,5.41029,5.45461,7309.615384175067,0
TLX,D,20061004,000000,5.31817,5.41029,5.30923,5.41029,710.98178133369,0
TLX,D,20061005,000000,5.45461,5.49403,5.36663,5.49403,3773.836032161335,0
TLX,D,20061006,000000,5.37114,5.54221,5.37114,5.53826,5721.862347833464,0
TLX,D,20061009,000000,5.60836,5.63028,5.36663,5.61288,27454.099188629923,0
TLX,D,20061010,000000,5.60385,5.60385,5.3049,5.58211,6475.354250622083,0
TLX,D,20061011,000000,5.58211,5.58211,5.58211,5.58211,275.2530364206662,0
TLX,D,20061012,000000,5.49855,5.57759,5.38856,5.57759,6058.755060363777,0
TLX,D,20061013,000000,5.38856,5.49855,5.38856,5.49855,3698.380566578836,0
TLX,D,20061016,000000,5.38856,5.38856,5.27855,5.27855,10140.789473073552,0
TLX,D,20061017,000000,5.16856,5.16856,4.90905,4.99251,11095.141699736509,0
TLX,D,20061018,000000,4.97049,5.09818,4.90462,4.94866,17699.089067760156,0
TLX,D,20061019,000000,4.94866,4.975,4.92664,4.94866,3791.90283377968,0
TLX,D,20061020,000000,4.97049,5.01452,4.71982,4.83857,12946.457489098875,0
TLX,D,20061023,000000,5.03221,5.03221,4.84751,4.92664,2282.7935221296952,0
TLX,D,20061024,000000,4.94424,4.97049,4.84751,4.97049,10747.621456842766,0
TLX,D,20061025,000000,4.94866,4.94866,4.89578,4.89578,1714.2206476700178,0
TLX,D,20061026,000000,4.92664,5.2301,4.89578,5.2301,1773.7348177069189,0
TLX,D,20061027,000000,5.22558,5.22558,4.90462,5.16856,3396.558704248839,0
TLX,D,20061030,000000,4.95731,5.16423,4.95731,5.16423,178.54251011070244,0
TLX,D,20061031,000000,4.93539,5.01452,4.88693,5.01452,8524.342104749669,0
TLX,D,20061102,000000,5.01452,5.01452,4.89578,4.89578,1725.9109310701235,0
TLX,D,20061103,000000,4.88693,5.10241,4.88693,4.91347,4229.757084765451,0
TLX,D,20061106,000000,4.88693,4.91347,4.83857,4.83857,12546.862347421935,0
TLX,D,20061107,000000,4.81665,5.04963,4.81665,4.86058,8464.827934712768,0
TLX,D,20061108,000000,4.8651,4.93097,4.8651,4.93097,3417.8137649763034,0
TLX,D,20061109,000000,4.94866,5.05856,4.94866,5.05414,7172.52024248292,0
TLX,D,20061110,000000,5.05414,5.12453,5.02328,5.11577,1946.9635626357551,0
TLX,D,20061113,000000,5.11577,5.11577,4.98809,5.10241,6843.066801207219,0
TLX,D,20061114,000000,5.10241,5.10241,5.03664,5.03664,2159.514169910401,0
TLX,D,20061115,000000,5.01452,5.10241,4.93972,5.08058,3157.4392710648626,0
TLX,D,20061116,000000,5.08933,5.08933,5.08058,5.08933,2738.7145747338104,0
TLX,D,20061117,000000,4.95731,5.1202,4.95731,5.10702,6594.382590695885,0
TLX,D,20061120,000000,5.12453,5.15096,5.10241,5.15096,4256.325910674781,0
TLX,D,20061121,000000,5.14654,5.25202,5.06299,5.25202,22583.50202293111,0
TLX,D,20061122,000000,5.28731,5.36663,5.23452,5.23452,9559.463562177192,0
TLX,D,20061123,000000,5.23452,5.23452,5.10241,5.19048,4245.698380311049,0
TLX,D,20061124,000000,5.2125,5.27855,5.10241,5.12453,5932.287449035362,0
TLX,D,20061127,000000,5.12453,5.12453,5.07616,5.08501,2843.92712533476,0
TLX,D,20061128,000000,5.06732,5.19048,5.06732,5.19048,10268.319837438337,0
TLX,D,20061129,000000,5.2125,5.3448,5.19048,5.3225,7995.091092635799,0
TLX,D,20061130,000000,5.3225,5.49855,5.3225,5.45461,10335.273278730154,0
TLX,D,20061201,000000,5.49855,5.49855,5.4149,5.41923,7268.168015756511,0
TLX,D,20061204,000000,5.4149,5.41923,5.2125,5.26086,3829.099190052743,0
TLX,D,20061205,000000,5.24327,5.3448,5.23885,5.3225,3456.07287428574,0
TLX,D,20061206,000000,5.30057,5.30057,5.27855,5.27855,6059.81781340015,0
TLX,D,20061207,000000,5.36663,5.36663,5.24779,5.27855,14170.748987001036,0
TLX,D,20061208,000000,5.45461,5.45461,5.24327,5.24327,4810.020242625234,0
TLX,D,20061211,000000,5.30057,5.54221,5.23452,5.54221,35791.3967589774,0
TLX,D,20061212,000000,5.58211,6.37326,5.48566,6.29027,53156.78137331596,0
TLX,D,20061213,000000,6.29027,7.27968,5.94249,7.25842,118968.8259037631,0
TLX,D,20061214,000000,6.91073,7.25842,6.91073,6.951,33703.08704250451,0
TLX,D,20061215,000000,6.86142,6.86142,6.11431,6.59825,33905.01011941542,0
TLX,D,20061218,000000,6.59825,6.59825,6.40036,6.59825,6318.066801238845,0
TLX,D,20061219,000000,6.59825,6.64191,6.20229,6.3344,10481.933197749458,0
TLX,D,20061220,000000,6.25085,6.3344,5.76202,6.28623,10105.71862287293,0
TLX,D,20061221,000000,6.15797,6.15797,5.77067,5.77067,4241.447368165555,0
TLX,D,20061222,000000,5.76202,6.15797,5.76202,5.95585,14641.54858211367,0
TLX,D,20061227,000000,6.15797,6.15797,6.15797,6.15797,1.0627530363732287,0
TLX,D,20061228,000000,6.24595,6.24595,5.85461,5.85931,1978.8461537269518,0
TLX,D,20061229,000000,5.86797,6.02624,5.86364,5.88124,3446.5080969583805,0
TLX,D,20070102,000000,5.78479,6.15374,5.78479,6.15374,6624.139675714335,0
TLX,D,20070103,000000,6.14941,6.14941,6.02624,6.11431,3928.9979754718265,0
TLX,D,20070104,000000,5.98615,6.02624,5.93835,5.98249,4209.564777074359,0
TLX,D,20070105,000000,6.11431,6.11431,5.87277,6.11431,6682.5910927148625,0
TLX,D,20070108,000000,5.94748,6.37853,5.94249,6.28623,4299.898785166084,0
TLX,D,20070109,000000,6.29027,6.55449,6.29027,6.42266,8288.410930674812,0
TLX,D,20070110,000000,6.46622,6.73017,6.44439,6.59411,22924.645747607017,0
TLX,D,20070111,000000,6.6643,6.73017,6.61142,6.61142,5164.9797567738915,0
TLX,D,20070112,000000,6.68565,6.68565,6.59825,6.64191,1140.3340080284745,0
TLX,D,20070115,000000,6.49257,6.59825,6.0699,6.54526,3710.0708499789416,0
TLX,D,20070116,000000,6.68161,6.68161,6.35604,6.40422,631.2753036056978,0
TLX,D,20070117,000000,6.68565,6.68565,6.46622,6.68161,8595.546558186674,0
TLX,D,20070118,000000,6.31191,6.59411,6.22412,6.54978,13456.578946558024,0
TLX,D,20070119,000000,6.29883,6.53209,6.15797,6.53209,8072.672064291046,0
TLX,D,20070122,000000,6.43988,6.51036,6.15797,6.20229,32920.900807733204,0
TLX,D,20070123,000000,6.16277,6.16277,5.95162,6.02624,7025.860323463415,0
TLX,D,20070124,000000,6.02624,6.15797,5.87277,6.0045,4247.823886383796,0
TLX,D,20070125,000000,5.8946,6.13181,5.80662,5.81086,7245.850201992674,0
TLX,D,20070126,000000,5.85019,6.0045,5.66115,5.85019,15075.151820953744,0
TLX,D,20070129,000000,5.96018,5.98249,5.69644,5.70537,17970.091092034825,0
TLX,D,20070130,000000,5.92979,5.92979,5.71836,5.76202,11140.840080300859,0
TLX,D,20070131,000000,5.76663,5.9073,5.72278,5.79758,12222.722671328604,0
TLX,D,20070201,000000,5.85931,5.97335,5.80662,5.85019,8715.637651296849,0
TLX,D,20070202,000000,5.97335,5.97335,5.63028,5.80172,8096.052631091256,0
TLX,D,20070205,000000,5.80172,5.90363,5.79758,5.88971,3907.742914744362,0
TLX,D,20070206,000000,5.84595,5.94249,5.76202,5.93346,16176.163966637016,0
TLX,D,20070207,000000,5.85019,5.93835,5.85019,5.8946,3153.1882589193697,0
TLX,D,20070208,000000,5.71836,5.88538,5.65211,5.65211,11831.629553943458,0
TLX,D,20070209,000000,5.71836,5.84595,5.65211,5.80172,4961.993926826604,0
TLX,D,20070212,000000,5.76202,5.94748,5.67451,5.91643,3078.7955463732437,0
TLX,D,20070213,000000,5.91643,5.91643,5.87277,5.87277,1950.1518217448747,0
TLX,D,20070214,000000,5.87277,5.93835,5.87277,5.93835,2020.293522145508,0
TLX,D,20070215,000000,5.71836,5.93835,5.58653,5.93835,11644.585019541166,0
TLX,D,20070216,000000,5.93346,5.98249,5.88538,5.88538,11298.127529683896,0
TLX,D,20070219,000000,5.73172,5.85019,5.69644,5.73172,7135.323886209857,0
TLX,D,20070220,000000,5.7448,5.8946,5.7448,5.8946,4476.31578920404,0
TLX,D,20070221,000000,5.96018,5.97844,5.8946,5.97335,5258.5020239747355,0
TLX,D,20070222,000000,6.00018,6.3344,6.00018,6.24595,14813.714574006335,0
TLX,D,20070223,000000,6.3344,6.3344,6.15797,6.28623,6389.271254675851,0
TLX,D,20070226,000000,6.30796,6.30796,6.15797,6.29027,4906.730768935197,0
TLX,D,20070227,000000,6.29027,6.29027,6.15797,6.15797,28691.143722967754,0
TLX,D,20070228,000000,5.8946,6.0699,5.72278,5.87277,4721.811740606256,0
TLX,D,20070301,000000,5.8946,5.8946,5.87277,5.87277,4441.244939003723,0
TLX,D,20070302,000000,5.93835,6.10998,5.87277,6.10998,7243.724695919927,0
TLX,D,20070305,000000,5.93835,5.93835,5.77575,5.88538,4847.216598898296,0
TLX,D,20070306,000000,5.91643,6.10998,5.76202,6.0699,5523.12753003167,0
TLX,D,20070307,000000,6.0699,6.24595,6.0699,6.14103,24141.49797425386,0
TLX,D,20070308,000000,6.01354,6.23324,6.01354,6.14941,7791.042509652139,0
TLX,D,20070309,000000,6.14941,6.15797,6.02624,6.15797,5209.615384301567,0
TLX,D,20070312,000000,6.20229,6.23748,6.0699,6.0699,2783.350202261486,0
TLX,D,20070313,000000,6.00855,6.11431,6.00855,6.11431,2149.949392583042,0
TLX,D,20070314,000000,5.86797,5.91643,5.80662,5.87277,6413.714574512435,0
TLX,D,20070315,000000,5.99537,6.0699,5.99537,6.0699,1900.202429035333,0
TLX,D,20070316,000000,6.10998,6.24162,6.10998,6.20229,14136.740889836892,0
TLX,D,20070319,000000,6.24595,6.37853,6.21979,6.23324,15075.151820953744,0
TLX,D,20070320,000000,6.18893,6.37853,6.13605,6.37853,4953.491902535619,0
TLX,D,20070321,000000,6.42266,6.46622,6.26778,6.26778,21715.232792214487,0
TLX,D,20070322,000000,6.20229,6.41353,6.14941,6.18893,22479.352225366736,0
TLX,D,20070323,000000,6.37853,6.40036,6.18893,6.24595,3991.700404617847,0
TLX,D,20070326,000000,6.15797,6.49709,6.15797,6.46622,10902.783400152852,0
TLX,D,20070327,000000,6.46622,7.65352,6.46622,7.38591,66129.80768832465,0
TLX,D,20070328,000000,7.47822,8.3359,7.47822,7.89572,79739.42307211983,0
TLX,D,20070329,000000,7.78573,8.08918,7.43352,7.43352,19161.437245809317,0
TLX,D,20070330,000000,7.3017,7.69841,6.9064,7.10457,24811.032387168994,0
TLX,D,20070402,000000,7.12583,7.21382,6.82661,7.08198,12028.238865672001,0
TLX,D,20070403,000000,7.12583,7.20497,6.91073,7.17053,22853.441294170316,0
TLX,D,20070404,000000,7.34564,7.4387,7.25842,7.42035,15704.301618486897,0
TLX,D,20070405,000000,7.43352,7.4387,7.17344,7.29737,8480.769230258365,0
TLX,D,20070410,000000,7.43352,7.67723,7.3017,7.60478,9555.212550031698,0
TLX,D,20070411,000000,8.08918,8.09784,7.71957,7.85093,21460.17206348491,0
TLX,D,20070412,000000,7.8084,8.04119,7.34564,7.40351,11517.054655176376,0
TLX,D,20070413,000000,7.43352,7.8117,7.36766,7.52697,3852.4797568529543,0
TLX,D,20070416,000000,7.60092,7.82101,7.57025,7.58361,9584.969635050149,0
TLX,D,20070417,000000,7.52697,7.69285,7.51746,7.58361,1532.4898784501959,0
TLX,D,20070418,000000,7.69285,7.69285,7.46947,7.63235,10145.040485218437,0
TLX,D,20070419,000000,7.47822,7.61109,7.17344,7.5662,10282.135626911493,0
TLX,D,20070420,000000,7.61109,7.61109,7.40718,7.48594,3032.0344127728213,0
TLX,D,20070423,000000,7.48293,7.48594,7.09864,7.14785,23551.670039067223,0
TLX,D,20070424,000000,7.10457,7.4292,7.03861,7.25334,6102.32793485508,0
TLX,D,20070425,000000,7.29286,7.29286,7.08631,7.17053,2111.6902832736055,0
TLX,D,20070426,000000,7.25842,7.25842,7.13026,7.17053,2651.5688257512056,0
TLX,D,20070427,000000,7.25334,7.29737,7.20497,7.20497,3029.908906700075,0
TLX,D,20070430,000000,7.21814,7.38968,7.0467,7.38968,2702.5809714971206,0
TLX,D,20070502,000000,7.1917,7.3017,7.17344,7.3017,2053.2388662730777,0
TLX,D,20070504,000000,7.47342,7.47822,7.38968,7.47822,6429.655870058034,0
TLX,D,20070507,000000,7.7032,8.00121,7.63235,7.82966,43053.188256515976,0
TLX,D,20070508,000000,7.69841,7.77707,7.34564,7.48293,20486.690282166426,0
TLX,D,20070509,000000,7.25842,7.61109,7.25842,7.25842,6984.41295504486,0
TLX,D,20070510,000000,7.23574,7.23574,6.60182,6.85795,13909.311740052615,0
TLX,D,20070511,000000,6.73017,7.03861,6.59825,7.03861,8966.447367880932,0
TLX,D,20070514,000000,7.03861,7.03861,6.59825,6.96756,13645.748987032257,0
TLX,D,20070515,000000,6.93699,6.93699,6.59825,6.75227,3673.937246742252,0
TLX,D,20070516,000000,6.75227,6.75227,6.75227,6.75227,1866.1943318713897,0
TLX,D,20070517,000000,6.75227,6.75227,6.59825,6.72122,4902.479756789704,0
TLX,D,20070518,000000,6.59825,6.81833,6.59825,6.75227,20264.574897564526,0
TLX,D,20070521,000000,6.68565,6.94546,6.68565,6.94546,9743.319837469762,0
TLX,D,20070522,000000,6.99391,7.67874,6.98958,7.61109,18371.8117397837,0
TLX,D,20070523,000000,7.66698,7.91699,7.54428,7.65352,35691.497973558915,0
TLX,D,20070524,000000,7.18295,7.84858,7.18295,7.61109,1411.3360323036477,0
TLX,D,20070525,000000,7.52216,7.65352,7.39908,7.63235,5677.226720305788,0
TLX,D,20070528,000000,7.8706,7.8706,7.69841,7.76286,2925.7591091354984,0
TLX,D,20070529,000000,7.82101,7.82101,7.47822,7.47822,13583.046557886339,0
TLX,D,20070530,000000,7.61814,7.61814,7.25842,7.61109,2990.587044354266,0
TLX,D,20070531,000000,7.61109,7.69841,7.61109,7.69841,1203.036437174495,0
TLX,D,20070601,000000,7.43352,7.60478,7.39476,7.60478,1276.3663966842478,0
TLX,D,20070604,000000,7.59227,7.59227,7.59227,7.59227,25.50607287295749,0
TLX,D,20070605,000000,7.32362,7.60478,7.32362,7.5662,5638.967610996351,0
TLX,D,20070606,000000,7.48594,7.5662,7.47822,7.5662,2718.5222670427192,0
TLX,D,20070608,000000,7.32362,7.38968,7.32362,7.38968,967.1052630996383,0
TLX,D,20070611,000000,7.38968,7.69285,7.38968,7.38968,1294.4331983025927,0
TLX,D,20070612,000000,7.03861,7.47822,7.03861,7.14785,1073.3805667369609,0
TLX,D,20070613,000000,7.47822,7.47822,7.47822,7.47822,41.447368418555925,0
TLX,D,20070614,000000,7.47342,7.47822,7.47342,7.47822,275.2530364206662,0
TLX,D,20070615,000000,7.25842,7.46947,7.25842,7.46947,252.93522265682844,0
TLX,D,20070618,000000,7.10457,7.45621,7.10457,7.38968,7067.307691881972,0
TLX,D,20070619,000000,7.15726,7.36766,7.14785,7.36766,6100.202428782332,0
TLX,D,20070620,000000,7.25842,7.27968,7.15153,7.15153,7229.908906447075,0
TLX,D,20070621,000000,7.25842,7.25842,7.25842,7.25842,1000.0506072272083,0
TLX,D,20070622,000000,7.14785,7.14785,7.03861,7.12583,3986.3866394359807,0
TLX,D,20070625,000000,7.3113,7.3113,7.09497,7.29737,8622.115384096005,0
TLX,D,20070626,000000,7.12583,7.29737,7.10749,7.29286,8090.73886590939,0
TLX,D,20070627,000000,7.29737,7.36766,7.23574,7.23574,5936.538461180856,0
TLX,D,20070628,000000,7.10749,7.38591,7.10749,7.12075,2739.7773277701835,0
TLX,D,20070702,000000,7.10457,7.37265,7.10457,7.36766,2962.955465408562,0
TLX,D,20070703,000000,7.1917,7.38093,7.17938,7.38093,414.4736841855592,0
TLX,D,20070704,000000,7.25842,7.25842,7.25842,7.25842,567.5101214233042,0
TLX,D,20070705,000000,7.25842,7.38093,7.25842,7.38093,4185.121457237775,0
TLX,D,20070706,000000,7.38968,7.45621,7.25842,7.43352,10116.346153236664,0
TLX,D,20070709,000000,7.47822,7.74159,7.43352,7.69841,16351.518217638095,0
TLX,D,20070710,000000,7.69841,7.71957,7.52216,7.52697,12419.331983057147,0
TLX,D,20070711,000000,7.4116,7.4116,6.951,7.08631,31417.10526126559,0
TLX,D,20070712,000000,7.17053,7.25842,7.10457,7.25842,5102.277327627871,0
TLX,D,20070713,000000,7.10457,7.25334,7.03861,7.16611,3273.2793520295445,0
TLX,D,20070716,000000,7.02835,7.02835,6.9064,6.9064,8181.0728740011145,0
TLX,D,20070717,000000,6.9064,7.07747,6.37853,7.07747,9230.010120901492,0
TLX,D,20070718,000000,6.99834,7.03861,6.99834,7.03861,51.01214574591498,0
TLX,D,20070719,000000,7.08631,7.08631,7.08631,7.08631,228.49190282024418,0
TLX,D,20070720,000000,7.03861,7.03861,6.86142,6.86142,3232.894736647362,0
TLX,D,20070723,000000,6.75227,6.77392,6.75227,6.77392,631.2753036056978,0
TLX,D,20070724,000000,6.77392,6.99391,6.73017,6.99391,1085.0708501370666,0
TLX,D,20070725,000000,7.02468,7.12075,7.02468,7.12075,2446.4574897311727,0
TLX,D,20070726,000000,6.77392,7.12075,6.77392,6.951,3247.7732791565873,0
TLX,D,20070727,000000,6.73017,6.951,6.73017,6.951,1136.0829958829815,0
TLX,D,20070730,000000,6.77392,6.77392,6.62045,6.77392,1966.0931172904732,0
TLX,D,20070731,000000,6.951,7.03353,6.71624,7.02036,2340.18218609385,0
TLX,D,20070801,000000,7.02468,7.11332,6.73017,7.11332,3267.9655868476784,0
TLX,D,20070802,000000,7.17344,7.17344,6.86142,7.10457,3631.4271252873227,0
TLX,D,20070803,000000,6.86698,7.08198,6.81833,7.08198,676.9736841697468,0
TLX,D,20070806,000000,6.82182,7.18295,6.62045,6.951,16877.580970643347,0
TLX,D,20070807,000000,7.18295,7.18295,6.8315,7.14785,4582.591092841362,0
TLX,D,20070808,000000,7.03353,7.12583,6.99391,7.12583,2852.429149625746,0
TLX,D,20070809,000000,7.03861,7.12583,6.79547,6.79547,2511.2854249499396,0
TLX,D,20070810,000000,6.951,6.951,6.62045,6.92804,1223.2287448655863,0
TLX,D,20070813,000000,6.951,7.03861,6.77392,7.03861,2276.417003911456,0
TLX,D,20070814,000000,6.64613,7.12583,6.61142,7.12583,2356.123481639448,0
TLX,D,20070816,000000,6.60182,6.85306,6.51036,6.85306,2858.8056678439852,0
TLX,D,20070817,000000,6.76488,6.77392,6.76488,6.77392,29.757085018450407,0
TLX,D,20070820,000000,6.94122,6.94122,6.77392,6.94122,248.68421051133552,0
TLX,D,20070821,000000,6.59825,6.88363,6.59825,6.88363,10888.967610679698,0
TLX,D,20070822,000000,6.89258,6.89258,6.59825,6.77392,3668.6234815603857,0
TLX,D,20070823,000000,6.81833,6.9064,6.74757,6.79547,5858.95748952561,0
TLX,D,20070824,000000,6.88363,7.57025,6.88363,7.27968,55811.53845817608,0
TLX,D,20070827,000000,7.40351,7.40351,7.14785,7.3113,4038.461538218269,0
TLX,D,20070828,000000,7.25334,7.25334,7.18295,7.21382,989.4230768634759,0
TLX,D,20070829,000000,7.21382,7.21382,7.12583,7.12583,4951.366396462873,0
TLX,D,20070830,000000,7.17053,7.38968,6.97274,7.12583,4552.834007822912,0
TLX,D,20070831,000000,7.12583,7.13026,7.12583,7.12583,1707.8441294517786,0
TLX,D,20070903,000000,7.29737,7.3017,7.03861,7.23574,4357.287449130238,0
TLX,D,20070904,000000,7.23574,7.23574,7.17053,7.23216,514.3724696046427,0
TLX,D,20070905,000000,7.0467,7.0467,7.0467,7.0467,453.79554653136864,0
TLX,D,20070906,000000,7.03861,7.05988,6.96315,7.05988,1485.7287448497739,0
TLX,D,20070907,000000,7.03861,7.21005,6.86142,7.12583,959.6659918450256,0
TLX,D,20070910,000000,6.86142,7.16611,6.86142,7.16611,537.7530364048537,0
TLX,D,20070911,000000,6.95449,7.18728,6.95449,7.18728,230.61740889299062,0
TLX,D,20070912,000000,7.03861,7.03861,6.86698,7.03861,1041.4979756457642,0
TLX,D,20070913,000000,7.03861,7.03861,7.03861,7.03861,396.4068825672143,0
TLX,D,20070914,000000,7.14409,7.14409,6.66844,6.97274,4004.453441054326,0
TLX,D,20070917,000000,6.68565,6.81833,6.68565,6.71275,1170.091093046925,0
TLX,D,20070918,000000,6.71275,6.9064,6.71275,6.9064,153.03643723774493,0
TLX,D,20070919,000000,6.81833,7.01518,6.75227,6.99391,23955.51619288905,0
TLX,D,20070920,000000,6.99391,6.99391,6.9064,6.99391,464.42307689510096,0
TLX,D,20070921,000000,6.99391,6.99391,6.98958,6.98958,189.17004047443473,0
TLX,D,20070924,000000,6.94546,6.99391,6.94546,6.99391,2573.98785409596,0
TLX,D,20070925,000000,6.951,6.99391,6.951,6.99391,2843.92712533476,0
TLX,D,20070926,000000,6.951,7.19688,6.951,7.08631,37205.921050390265,0
TLX,D,20070927,000000,7.08631,7.20497,6.95863,7.19688,19142.307691154798,0
TLX,D,20070928,000000,7.19688,7.20497,7.03861,7.03861,4868.47165962576,0
TLX,D,20071001,000000,6.94546,6.94546,6.9064,6.9064,331.5789473484474,0
TLX,D,20071002,000000,6.80036,7.03861,6.79547,7.03861,2140.3846152556825,0
TLX,D,20071004,000000,6.81833,6.81833,6.81833,6.81833,22.317813763837805,0
TLX,D,20071005,000000,6.82182,6.98958,6.81833,6.98958,4170.242914728549,0
TLX,D,20071008,000000,6.951,7.10457,6.951,7.10457,1858.7550606167772,0
TLX,D,20071009,000000,7.03353,7.03861,7.03353,7.03861,419.7874493674253,0
TLX,D,20071010,000000,7.03861,7.03861,6.9239,6.9239,497.36842102267104,0
TLX,D,20071011,000000,6.92804,7.12583,6.73017,7.12583,5398.785424776002,0
TLX,D,20071012,000000,6.92804,7.26293,6.92804,7.04228,4173.431173837669,0
TLX,D,20071015,000000,7.17938,7.1917,7.00276,7.12583,3657.9959511966536,0
TLX,D,20071016,000000,7.12583,7.46947,7.03861,7.21382,15803.13765086991,0
TLX,D,20071017,000000,7.10457,7.45621,7.08631,7.37641,13338.613359520494,0
TLX,D,20071018,000000,7.34564,7.43352,7.10749,7.20054,9522.26720590413,0
TLX,D,20071019,000000,7.25842,7.34564,7.12583,7.12583,5276.568825593081,0
TLX,D,20071022,000000,7.13026,7.23574,7.13026,7.21814,3262.6518216658123,0
TLX,D,20071023,000000,7.25842,7.4116,7.23216,7.4116,4599.595141423334,0
TLX,D,20071024,000000,7.45178,7.45621,7.32362,7.32362,8698.633602714877,0
TLX,D,20071025,000000,7.34564,7.42553,7.29286,7.29286,3368.927125303135,0
TLX,D,20071026,000000,7.4292,7.4292,7.23574,7.24966,1657.8947367422368,0
TLX,D,20071029,000000,7.26651,7.38968,7.21382,7.21814,7189.524291064892,0
TLX,D,20071030,000000,7.23574,7.24006,7.21382,7.21382,1612.1963561781881,0
TLX,D,20071031,000000,7.17938,7.33689,7.10457,7.25842,5292.510121138679,0
TLX,D,20071102,000000,7.15153,7.15153,7.11332,7.11332,2023.4817812546275,0
TLX,D,20071105,000000,7.05988,7.14409,6.77392,6.78295,16961.53846051673,0
TLX,D,20071106,000000,6.77881,6.77881,6.47536,6.69469,3735.5769228518993,0
TLX,D,20071107,000000,6.59825,7.03353,6.55449,6.55449,7932.388663489779,0
TLX,D,20071108,000000,6.55449,6.80516,6.15374,6.80516,3177.6315787559543,0
TLX,D,20071109,000000,6.79547,6.79547,6.59411,6.59411,1780.111335925158,0
TLX,D,20071112,000000,6.51036,6.54056,6.19796,6.51036,3427.378542303663,0
TLX,D,20071113,000000,6.33901,6.60737,6.15797,6.60737,5800.506072525082,0
TLX,D,20071114,000000,6.53209,6.59825,6.51036,6.51036,1261.4878541750224,0
TLX,D,20071115,000000,6.59825,6.59825,6.59825,6.59825,95.64777327359057,0
TLX,D,20071116,000000,6.57632,6.81419,6.57632,6.81419,884.2105262625263,0
TLX,D,20071119,000000,6.40036,6.62045,6.1798,6.1798,6558.248987459195,0
TLX,D,20071120,000000,5.96432,6.35604,5.85019,6.35604,4186.184210274148,0
TLX,D,20071121,000000,6.15797,6.15797,5.65211,5.65211,2443.269230622053,0
TLX,D,20071122,000000,5.58653,6.35604,5.41029,6.02624,15438.61335939359,0
TLX,D,20071123,000000,6.15797,6.3344,6.10509,6.14517,3011.8421050817306,0
TLX,D,20071126,000000,6.11431,6.11431,6.11431,6.11431,228.49190282024418,0
TLX,D,20071127,000000,6.09239,6.34758,5.8946,6.24595,4329.655870184533,0
TLX,D,20071128,000000,6.15797,6.68161,6.15797,6.59411,4668.674088787594,0
TLX,D,20071129,000000,6.59825,6.59825,6.59825,6.59825,22.317813763837805,0
TLX,D,20071130,000000,6.57632,6.99391,6.55449,6.98958,14166.49797485514,0
TLX,D,20071203,000000,6.951,6.98958,6.68565,6.98958,1182.8441294834035,0
TLX,D,20071204,000000,6.9064,6.9064,6.64613,6.76488,3036.2854249183147,0
TLX,D,20071205,000000,6.68565,6.98516,6.59825,6.951,8548.785424586253,0
TLX,D,20071206,000000,6.92804,6.92804,6.65169,6.65451,1362.4493926304792,0
TLX,D,20071207,000000,6.65451,6.73496,6.42662,6.6643,13869.989877707108,0
TLX,D,20071210,000000,6.61142,6.61565,6.37853,6.37853,8324.5445339115,0
TLX,D,20071211,000000,6.3344,6.3344,6.17133,6.17133,3010.779352045357,0
TLX,D,20071212,000000,6.1798,6.43122,6.11901,6.16719,4861.032388371148,0
TLX,D,20071213,000000,6.18469,6.18469,6.16277,6.16277,3695.1923074697165,0
TLX,D,20071214,000000,6.16719,6.16719,6.15797,6.16277,909.7165991354838,0
TLX,D,20071217,000000,6.12334,6.59825,6.11901,6.59825,11699.848177432774,0
TLX,D,20071218,000000,6.38634,6.57632,6.38634,6.57632,368.7753036215104,0
TLX,D,20071219,000000,6.54978,6.55449,6.54978,6.55449,225.3036437111245,0
TLX,D,20071220,000000,6.53209,6.53209,6.53209,6.53209,104.14979756457642,0
TLX,D,20071221,000000,6.25085,6.41739,6.20229,6.41739,5085.2732790458995,0
TLX,D,20071227,000000,6.21979,6.21979,6.21979,6.21979,125.40485829204098,0
TLX,D,20071228,000000,6.21979,6.34287,6.00018,6.34287,3041.5991901001807,0
TLX,D,20080102,000000,6.30335,6.30335,6.13181,6.13181,778.9979756615766,0
TLX,D,20080103,000000,6.13181,6.51036,6.11431,6.11431,2275.3542508750825,0
TLX,D,20080104,000000,6.54526,6.54978,6.15797,6.49709,4672.925100933087,0
TLX,D,20080107,000000,6.53209,6.53209,6.53209,6.53209,228.49190282024418,0
TLX,D,20080108,000000,6.39565,6.39565,6.20719,6.20719,305.0101214391167,0
TLX,D,20080109,000000,6.16277,6.22412,6.11431,6.22412,483.5526315498191,0
TLX,D,20080110,000000,6.11431,6.11431,6.11431,6.11431,504.80769227728365,0
TLX,D,20080111,000000,6.12334,6.12334,6.11431,6.11431,683.3502023879861,0
TLX,D,20080114,000000,6.11431,6.15797,5.75816,6.11431,2983.1477730996535,0
TLX,D,20080115,000000,6.21076,6.21556,5.98249,6.0699,788.5627529889357,0
TLX,D,20080116,000000,6.0699,6.0699,5.63028,6.0699,24544.28137504022,0
TLX,D,20080117,000000,5.8946,5.98249,5.72278,5.98249,2052.1761132367046,0
TLX,D,20080118,000000,5.85019,6.13605,5.85019,6.11431,627.024291460205,0
TLX,D,20080122,000000,5.71836,6.11431,5.71836,6.11431,2502.7834006589533,0
TLX,D,20080123,000000,5.75816,5.98249,5.75816,5.98249,486.7408906589388,0
TLX,D,20080124,000000,6.04816,6.37853,5.88538,6.37853,3937.4999997628124,0
TLX,D,20080125,000000,6.28623,6.28623,6.28623,6.28623,70.1417004006331,0
TLX,D,20080129,000000,6.28623,6.29027,6.15797,6.29027,807.6923076436539,0
TLX,D,20080130,000000,6.15797,6.277,6.07903,6.277,6271.305667638423,0
TLX,D,20080131,000000,6.29027,6.73017,6.29027,6.68565,23978.89675968946,0
TLX,D,20080201,000000,7.03861,7.27968,6.59825,7.27968,41836.33602986812,0
TLX,D,20080204,000000,7.27968,7.27968,6.87112,6.87112,2250.9109310384983,0
TLX,D,20080206,000000,6.59825,7.02468,6.59825,7.02468,3106.4271253189477,0
TLX,D,20080207,000000,6.72122,7.25842,6.59825,7.25842,6262.803643347437,0
TLX,D,20080208,000000,6.81833,7.01518,6.81833,7.01518,1025.5566801001657,0
TLX,D,20080211,000000,6.64613,7.01518,6.3344,7.00718,3359.362347975776,0
TLX,D,20080212,000000,6.86142,7.03353,6.86142,7.03353,284.81781374802534,0
TLX,D,20080213,000000,7.03353,7.24966,6.95449,7.12583,28242.66194161805,0
TLX,D,20080214,000000,7.47822,7.61109,7.38968,7.5662,63005.31376138737,0
TLX,D,20080215,000000,7.65352,7.82496,7.64486,7.82496,31337.398783537094,0
TLX,D,20080218,000000,7.69841,7.74159,7.53562,7.74159,10733.80566736961,0
TLX,D,20080219,000000,7.74159,7.83437,7.69841,7.83437,17395.141699356805,0
TLX,D,20080220,000000,7.86439,7.8737,7.76286,7.8706,2420.951416858215,0
TLX,D,20080221,000000,7.85093,8.2689,7.85093,8.26467,110968.42104594463,0
TLX,D,20080222,000000,8.24745,8.24745,8.00591,8.20793,4097.9757082551705,0
TLX,D,20080225,000000,8.21226,8.21226,7.92329,8.16004,4626.1639673326645,0
TLX,D,20080226,000000,7.93035,8.09398,7.71957,7.91303,8409.564776821358,0
TLX,D,20080227,000000,7.91303,8.00121,7.91303,7.91699,12838.056679388603,0
TLX,D,20080228,000000,7.89572,7.99725,7.89572,7.99725,2385.8805666578983,0
TLX,D,20080229,000000,7.99255,8.05465,7.99255,8.04524,10044.078946763384,0
TLX,D,20080303,000000,8.02783,8.03188,7.63235,8.03188,7941.9534408171385,0
TLX,D,20080304,000000,8.00591,8.00591,7.8737,7.96187,1331.6295545756557,0
TLX,D,20080305,000000,7.99725,8.00121,7.63235,7.99725,12335.374493183765,0
TLX,D,20080306,000000,7.99725,7.99725,7.72438,7.99255,1305.0607286663248,0
TLX,D,20080310,000000,7.97909,7.97909,7.97909,7.97909,283.7550607116521,0
TLX,D,20080311,000000,7.97524,7.99725,7.97524,7.97909,23380.566800211032,0
TLX,D,20080312,000000,7.99725,8.00121,7.87851,7.91303,29305.41497799128,0
TLX,D,20080313,000000,7.91303,7.91303,7.91303,7.91303,228.49190282024418,0
TLX,D,20080314,000000,7.87851,7.91303,7.8737,7.8737,13981.578946525793,0
TLX,D,20080317,000000,7.69841,7.91303,7.69841,7.91303,263.56275302056076,0
TLX,D,20080319,000000,7.8737,7.91699,7.8737,7.91699,5534.817813431775,0
TLX,D,20080320,000000,7.65352,7.91699,7.64957,7.91699,204.0485829836599,0
TLX,D,20080325,000000,7.91699,8.00976,7.8737,7.8737,7599.746963104959,0
TLX,D,20080326,000000,7.67723,7.8737,7.66378,7.8737,5274.443319520335,0
TLX,D,20080327,000000,7.91699,7.91699,7.91699,7.91699,22.317813763837805,0
TLX,D,20080328,000000,7.91699,7.91699,7.91699,7.91699,464.42307689510096,0
TLX,D,20080331,000000,7.91774,7.91774,7.82891,7.91774,2815.2327933526826,0
TLX,D,20080401,000000,7.91699,7.98774,7.7558,7.98774,20281.578946147103,0
TLX,D,20080402,000000,8.00591,8.00591,7.76286,7.76286,6087.449392345854,0
TLX,D,20080403,000000,7.76286,7.76286,7.76286,7.76286,360.27327933052453,0
TLX,D,20080404,000000,7.7511,7.86439,7.7511,7.86439,365.5870445123907,0
TLX,D,20080407,000000,7.89572,7.89572,7.74159,7.89572,1900.202429035333,0
TLX,D,20080408,000000,7.89177,7.89177,7.89177,7.89177,374.0890688033765,0
TLX,D,20080409,000000,7.92329,7.93986,7.74159,7.93986,3053.2894735002865,0
TLX,D,20080410,000000,7.89572,7.89572,7.89572,7.89572,590.8906882235151,0
TLX,D,20080411,000000,7.8737,7.89572,7.8737,7.89572,180.66801618344888,0
TLX,D,20080414,000000,7.85564,7.8737,7.47822,7.47822,12126.01214501854,0
TLX,D,20080415,000000,7.47342,7.85093,7.10749,7.85093,6278.744938893035,0
TLX,D,20080416,000000,7.73774,7.82966,7.73774,7.82966,3037.348177954688,0
TLX,D,20080417,000000,7.55208,7.80369,7.54898,7.80369,236.99392711123,0
TLX,D,20080418,000000,7.78573,7.8084,7.78573,7.8084,6337.196355893563,0
TLX,D,20080421,000000,7.8117,7.8117,7.8084,7.8084,280.5668016025324,0
TLX,D,20080422,000000,7.69841,7.69841,7.26651,7.6362,3695.1923074697165,0
TLX,D,20080423,000000,7.3017,7.3017,7.3017,7.3017,499.4939270954175,0
TLX,D,20080424,000000,7.67723,7.67723,7.25842,7.55754,909.7165991354838,0
TLX,D,20080425,000000,7.6362,7.6362,7.3017,7.63235,2507.0344128044467,0
TLX,D,20080428,000000,7.65352,7.65352,7.65352,7.65352,3.188259109119686,0
TLX,D,20080429,000000,7.65352,7.65352,7.3017,7.51746,1318.876518139177,0
TLX,D,20080430,000000,7.32513,7.47342,7.32513,7.47342,3549.595141486584,0
TLX,D,20080505,000000,7.47822,7.67723,7.47822,7.47822,8865.485829425474,0
TLX,D,20080506,000000,7.64957,7.64957,7.5662,7.5662,289.0688258935182,0
TLX,D,20080507,000000,7.61109,7.61109,7.60092,7.60092,5.3137651818661435,0
TLX,D,20080509,000000,7.37265,7.5662,7.37265,7.5662,918.2186234264697,0
TLX,D,20080512,000000,7.47898,7.47898,7.38093,7.38093,3683.502024069611,0
TLX,D,20080513,000000,7.38093,7.60092,7.34846,7.52141,11552.125505376996,0
TLX,D,20080514,000000,7.47898,7.47898,7.44162,7.47898,1568.6234816868857,0
TLX,D,20080515,000000,7.47898,7.6236,7.43287,7.53562,10067.459513563597,0
TLX,D,20080516,000000,7.89421,7.89421,7.52141,7.5678,1499.5445343226256,0
TLX,D,20080519,000000,7.61343,7.70772,7.01226,7.55839,9218.319837501385,0
TLX,D,20080520,000000,7.55839,7.55839,7.55839,7.55839,510.12145745914984,0
TLX,D,20080523,000000,7.10607,7.38093,7.01593,7.01593,2221.153846020048,0
TLX,D,20080526,000000,7.00276,7.00718,6.72743,7.00718,1663.2085019241028,0
TLX,D,20080527,000000,7.01226,7.38093,7.01226,7.38093,342.2064777121796,0
TLX,D,20080528,000000,7.01226,7.5678,7.01226,7.55839,5746.305667670048,0
TLX,D,20080529,000000,7.00718,7.55359,7.00718,7.10975,2379.504048439659,0
TLX,D,20080530,000000,7.54503,7.54503,7.47342,7.49318,4530.516194059074,0
TLX,D,20080602,000000,7.15153,7.15153,7.1471,7.1471,4376.417003784956,0
TLX,D,20080603,000000,7.1471,7.47013,7.1471,7.47013,1382.6417003215706,0
TLX,D,20080604,000000,7.44604,7.44604,7.44604,7.44604,536.6902833684804,0
TLX,D,20080605,000000,7.33463,7.47342,7.33463,7.47342,8591.295546041181,0
TLX,D,20080606,000000,7.47342,7.5678,7.47013,7.5678,2177.5809715287455,0
TLX,D,20080610,000000,7.40427,7.40427,7.10015,7.38093,1146.7105262467137,0
TLX,D,20080611,000000,7.38093,7.38093,7.38093,7.38093,79.70647772799215,0
TLX,D,20080612,000000,7.10015,7.10015,7.10015,7.10015,1160.526315719566,0
TLX,D,20080613,000000,7.10015,7.2364,7.10015,7.2364,154.09919027411817,0
TLX,D,20080616,000000,7.37199,7.37199,7.2364,7.36249,1989.4736840906842,0
TLX,D,20080617,000000,7.37199,7.37199,7.33463,7.37199,670.5971659515073,0
TLX,D,20080618,000000,7.37199,7.37199,7.15153,7.15153,275.2530364206662,0
TLX,D,20080619,000000,7.24006,7.37199,7.15153,7.37199,4256.325910674781,0
TLX,D,20080620,000000,7.37199,7.37199,7.17119,7.35806,442.10526313126314,0
TLX,D,20080623,000000,7.37199,7.37199,7.37199,7.37199,29.757085018450407,0
TLX,D,20080624,000000,7.38093,7.38093,7.00718,7.00718,2449.645748840292,0
TLX,D,20080625,000000,7.47342,7.47342,7.00718,7.00718,3344.4838054665506,0
TLX,D,20080626,000000,7.00718,7.00718,6.57228,7.00718,5100.151821555125,0
TLX,D,20080627,000000,7.00718,7.94136,6.96004,7.94136,6445.597165603632,0
TLX,D,20080630,000000,7.89421,8.8953,7.48443,8.50179,24126.61943174524,0
TLX,D,20080701,000000,8.40553,8.40553,7.47898,7.47898,1010.6781375909405,0
TLX,D,20080702,000000,7.75505,7.75505,7.24524,7.47342,2925.7591091354984,0
TLX,D,20080703,000000,7.47342,7.47342,7.02986,7.3288,4763.259109024811,0
TLX,D,20080704,000000,7.40427,7.40427,7.26434,7.3288,368.7753036215104,0
TLX,D,20080707,000000,7.00718,7.3113,7.00718,7.3113,390.03036434897496,0
TLX,D,20080708,000000,7.00718,7.30612,7.00718,7.30612,540.9412955139735,0
TLX,D,20080709,000000,7.52141,7.52141,7.30612,7.30612,1805.6174087981158,0
TLX,D,20080710,000000,7.52141,7.52141,7.01226,7.47342,2328.491902693744,0
TLX,D,20080711,000000,7.47342,7.47342,6.86764,6.86764,262.49999998418747,0
TLX,D,20080714,000000,7.1376,7.1376,6.37656,6.56841,4290.334007838725,0
TLX,D,20080715,000000,6.56841,6.56841,6.01655,6.16164,5666.599189942055,0
TLX,D,20080716,000000,6.07291,6.16164,5.97956,6.14273,27530.617407248996,0
TLX,D,20080717,000000,6.16164,6.54,6.16164,6.54,70.1417004006331,0
TLX,D,20080718,000000,6.56841,6.56841,6.44646,6.56305,435.7287449130238,0
TLX,D,20080721,000000,6.56841,6.56841,6.54,6.56841,438.9170040221435,0
TLX,D,20080722,000000,6.56841,6.56841,6.54,6.54,2.1255060727464574,0
TLX,D,20080723,000000,6.56841,6.56841,6.56841,6.56841,5.3137651818661435,0
TLX,D,20080724,000000,6.56841,6.99834,6.38116,6.77881,9854.90890628895,0
TLX,D,20080725,000000,6.74127,6.74127,6.37138,6.70805,407.0344129309466,0
TLX,D,20080728,000000,7.00718,7.00718,6.60032,7.00718,618.522267169219,0
TLX,D,20080729,000000,6.70382,7.00718,6.70382,7.00718,516.4979756773891,0
TLX,D,20080730,000000,6.54461,7.00718,6.54,7.00718,1355.0101213758667,0
TLX,D,20080731,000000,7.00718,7.12367,7.00718,7.12367,862.9554655350618,0
TLX,D,20080801,000000,7.1742,7.1742,7.00718,7.00718,2.1255060727464574,0
TLX,D,20080804,000000,7.00718,7.00718,7.00718,7.00718,2.1255060727464574,0
TLX,D,20080805,000000,7.17119,7.17119,6.89059,6.89059,22.317813763837805,0
TLX,D,20080806,000000,7.17119,7.33463,6.90932,7.32004,8420.192307185092,0
TLX,D,20080807,000000,6.91346,7.10015,6.43179,6.58685,10911.285424443637,0
TLX,D,20080808,000000,6.59212,6.74127,6.59212,6.59212,45.69838056404884,0
TLX,D,20080811,000000,6.59212,6.59212,6.59212,6.59212,2.1255060727464574,0
TLX,D,20080812,000000,6.59212,6.59212,6.54,6.54,363.46153843964424,0
TLX,D,20080813,000000,6.74127,6.74127,6.54,6.74127,32.945344127570095,0
TLX,D,20080814,000000,6.74127,6.74127,6.44176,6.72743,153.03643723774493,0
TLX,D,20080818,000000,6.74127,6.74127,6.6802,6.74127,30.819838054823634,0
TLX,D,20080819,000000,6.74127,6.74127,6.74127,6.74127,9.564777327359058,0
TLX,D,20080820,000000,6.74127,6.74127,6.40422,6.74127,147.72267205587877,0
TLX,D,20080821,000000,6.74127,6.74127,6.72743,6.72743,19.129554654718117,0
TLX,D,20080822,000000,6.74127,6.74127,6.70382,6.70382,30.819838054823634,0
TLX,D,20080825,000000,6.74127,6.77326,6.74127,6.77326,41.447368418555925,0
TLX,D,20080826,000000,6.40422,6.91346,6.40036,6.91346,44.63562752767561,0
TLX,D,20080827,000000,6.91346,6.91346,6.54,6.91346,154.09919027411817,0
TLX,D,20080828,000000,6.77326,6.951,6.40036,6.951,2050.0506071639584,0
TLX,D,20080829,000000,7.00718,7.05846,6.91346,6.98366,906.5283400263642,0
TLX,D,20080901,000000,7.00276,7.00718,6.54461,7.00718,395.3441295308411,0
TLX,D,20080902,000000,6.91346,6.91346,6.40036,6.40036,2579.3016192778264,0
TLX,D,20080903,000000,6.58685,6.72743,6.40036,6.72254,9783.704452851944,0
TLX,D,20080904,000000,6.72254,6.75039,6.72254,6.75039,2.1255060727464574,0
TLX,D,20080905,000000,6.76837,6.79688,6.40036,6.79688,123.27935221929454,0
TLX,D,20080908,000000,6.76837,6.85795,6.76837,6.85795,2.1255060727464574,0
TLX,D,20080909,000000,6.77326,6.92315,6.6802,6.92315,56.32591092778112,0
TLX,D,20080910,000000,6.91346,6.91346,6.35745,6.63296,873.582995898794,0
TLX,D,20080911,000000,6.63296,6.63296,6.63296,6.63296,2.1255060727464574,0
TLX,D,20080912,000000,6.63296,6.63296,6.3535,6.63296,255.06072872957492,0
TLX,D,20080915,000000,6.70805,6.70805,6.30607,6.6706,434.66599187665054,0
TLX,D,20080916,000000,6.30607,6.52607,6.21321,6.52607,2861.993926953105,0
TLX,D,20080917,000000,6.54,6.54,5.88613,6.07291,2221.153846020048,0
TLX,D,20080918,000000,5.95585,6.07291,5.7926,6.0221,7972.773278871961,0
TLX,D,20080919,000000,6.11478,6.25988,5.93289,6.25988,1225.3542509383328,0
TLX,D,20080922,000000,5.93289,6.22289,5.93289,6.22289,2.1255060727464574,0
TLX,D,20080923,000000,6.07291,6.25988,6.07291,6.25988,228.49190282024418,0
TLX,D,20080924,000000,6.07724,6.25988,6.07724,6.25988,279.50404856615916,0
TLX,D,20080925,000000,6.3535,6.3535,5.97956,6.07291,806.6295546072806,0
TLX,D,20080926,000000,6.07291,6.07291,6.06811,6.07291,260.37449391144105,0
TLX,D,20080929,000000,6.07291,6.07291,5.74583,6.07291,720.5465586610491,0
TLX,D,20080930,000000,6.07291,6.07291,5.55454,5.74583,543.0668015867199,0
TLX,D,20081001,000000,6.07291,6.07291,6.07291,6.07291,2.1255060727464574,0
TLX,D,20081002,000000,6.07291,6.07291,5.83936,6.07291,2312.5506071481454,0
TLX,D,20081003,000000,6.07291,6.07291,5.39571,6.06811,786.4372469161892,0
TLX,D,20081006,000000,6.07291,6.07291,5.33022,5.50279,3562.348177923063,0
TLX,D,20081007,000000,5.97956,5.97956,5.19002,5.97956,588.7651821507687,0
TLX,D,20081008,000000,5.13835,5.41886,5.13835,5.37227,6281.933198002155,0
TLX,D,20081009,000000,5.50279,5.51257,5.46524,5.51257,2750.404858133916,0
TLX,D,20081010,000000,5.60563,5.60563,4.6947,4.7043,2928.9473682446182,0
TLX,D,20081013,000000,5.16658,5.1712,5.16658,5.1712,1995.8502023089236,0
TLX,D,20081014,000000,4.84421,5.60563,4.84421,5.60563,2241.34615371114,0
TLX,D,20081015,000000,5.60563,5.60563,5.13835,5.50739,2863.056679989478,0
TLX,D,20081016,000000,5.46524,5.51257,5.13835,5.50739,1466.5991901950556,0
TLX,D,20081017,000000,5.50739,5.50739,5.13835,5.46524,552.6315789140789,0
TLX,D,20081020,000000,5.46524,5.46524,5.04511,5.46524,114.77732792830871,0
TLX,D,20081021,000000,5.46524,5.46524,5.04981,5.46524,57.388663964154354,0
TLX,D,20081022,000000,4.91902,5.32551,4.69959,4.69959,1169.0283400105516,0
TLX,D,20081023,000000,5.16658,5.16658,4.7089,5.03579,1146.7105262467137,0
TLX,D,20081024,000000,5.04511,5.04511,4.69959,4.89569,1085.0708501370666,0
TLX,D,20081027,000000,4.90048,5.30669,4.71812,5.30669,864.018218571435,0
TLX,D,20081028,000000,5.33963,5.34866,5.13835,5.13835,1512.2975707591045,0
TLX,D,20081029,000000,5.34866,5.34866,5.09178,5.13835,1595.1923075962163,0
TLX,D,20081030,000000,5.34866,5.34866,5.34866,5.34866,20.192307691091347,0
TLX,D,20081031,000000,5.34866,5.34866,5.32551,5.32551,26.56882590933072,0
TLX,D,20081103,000000,5.32551,5.32551,5.32551,5.32551,20.192307691091347,0
TLX,D,20081104,000000,5.32551,5.46524,5.32551,5.46524,1699.3421051607927,0
TLX,D,20081105,000000,5.46524,5.46524,5.46524,5.46524,20.192307691091347,0
TLX,D,20081106,000000,5.46524,5.46524,5.41886,5.41886,20.192307691091347,0
TLX,D,20081107,000000,4.94236,5.55896,4.94236,5.11521,879.9595141170333,0
TLX,D,20081110,000000,5.53553,5.58248,5.51257,5.51257,1075.5060728097073,0
TLX,D,20081112,000000,5.55896,5.55896,5.19002,5.55896,439.97975705851667,0
TLX,D,20081113,000000,5.53553,5.55454,5.53553,5.55454,204.0485829836599,0
TLX,D,20081114,000000,5.55896,5.55896,5.11521,5.11521,20.192307691091347,0
TLX,D,20081117,000000,5.11521,5.11521,5.11521,5.11521,1.0627530363732287,0
TLX,D,20081118,000000,5.11521,5.55454,4.95167,5.55454,909.7165991354838,0
TLX,D,20081119,000000,5.11521,5.55896,5.11521,5.55896,2.1255060727464574,0
TLX,D,20081120,000000,5.53553,5.53553,4.99844,5.50279,1773.7348177069189,0
TLX,D,20081121,000000,5.52142,5.52142,5.45631,5.45631,9.564777327359058,0
TLX,D,20081124,000000,5.45631,5.45631,4.67155,5.04511,2105.3137650553663,0
TLX,D,20081125,000000,5.4373,5.4373,5.0404,5.0404,18.066801618344886,0
TLX,D,20081126,000000,5.0404,5.37227,5.0404,5.34866,1153.0870444649531,0
TLX,D,20081127,000000,5.34866,5.55896,5.34866,5.53553,2144.6356274011755,0
TLX,D,20081128,000000,5.55896,5.55896,5.04511,5.51257,134.96963561940007,0
TLX,D,20081201,000000,5.51257,5.51257,5.51257,5.51257,2.1255060727464574,0
TLX,D,20081202,000000,5.50279,5.50279,5.04511,5.50279,557.9453440959451,0
TLX,D,20081203,000000,5.44238,5.44238,5.44238,5.44238,2.1255060727464574,0
TLX,D,20081204,000000,5.44238,5.44238,5.44238,5.44238,2.1255060727464574,0
TLX,D,20081205,000000,5.44238,5.44238,5.44238,5.44238,17.00404858197166,0
TLX,D,20081208,000000,5.44238,5.83936,5.41886,5.83936,2272.165991765963,0
TLX,D,20081209,000000,5.61504,5.61504,5.61504,5.61504,303.94736840274345,0
TLX,D,20081210,000000,5.61504,5.61504,5.61504,5.61504,88.20850201897798,0
TLX,D,20081211,000000,5.05461,5.60563,5.05461,5.55896,1969.2813763995928,0
TLX,D,20081212,000000,5.55896,5.55896,5.55896,5.55896,218.92712549288512,0
TLX,D,20081215,000000,5.55896,5.55896,5.27874,5.41886,1229.6052630838255,0
TLX,D,20081216,000000,5.60563,5.60563,5.33455,5.33455,303.94736840274345,0
TLX,D,20081217,000000,5.60563,5.60563,5.55454,5.55454,3.188259109119686,0
TLX,D,20081218,000000,5.05922,5.60111,5.05922,5.07785,3.188259109119686,0
TLX,D,20081219,000000,5.07785,5.55454,5.05461,5.05461,200.86032387454023,0
TLX,D,20081222,000000,5.05461,5.60111,5.04511,5.55454,1544.1801618503014,0
TLX,D,20081223,000000,5.04511,5.61071,5.04511,5.60111,1076.5688258460807,0
TLX,D,20081229,000000,5.33022,6.25499,5.05461,6.25499,3819.5344127253843,0
TLX,D,20081230,000000,6.25499,6.77326,5.84849,6.6101,18394.12955354764,0
TLX,D,20081231,000000,6.56305,6.72254,5.95585,6.51638,538.8157894412269,0
TLX,D,20090105,000000,6.71351,6.71351,6.53077,6.53077,2.1255060727464574,0
TLX,D,20090106,000000,6.6706,6.6706,6.6101,6.6101,2.1255060727464574,0
TLX,D,20090107,000000,6.64275,6.64275,6.54,6.54,2.1255060727464574,0
TLX,D,20090108,000000,6.54,6.54,6.54,6.54,2.1255060727464574,0
TLX,D,20090109,000000,6.54,6.54,6.54,6.54,1.0627530363732287,0
TLX,D,20090112,000000,6.54,6.54,6.53539,6.53539,2.1255060727464574,0
TLX,D,20090113,000000,6.54,6.54,6.09662,6.54,1957.5910929994873,0
TLX,D,20090114,000000,6.54,6.54,5.90975,5.90975,522.8744938956285,0
TLX,D,20090115,000000,6.49784,6.49784,6.49784,6.49784,5.3137651818661435,0
TLX,D,20090116,000000,6.54,6.54,6.54,6.54,2.1255060727464574,0
TLX,D,20090119,000000,6.54,6.54,5.93289,5.93289,179.60526314707565,0
TLX,D,20090120,000000,5.34423,5.82544,5.33963,5.82544,3312.601214375354,0
TLX,D,20090121,000000,5.82968,5.82968,5.24139,5.24139,2734.4635625883175,0
TLX,D,20090122,000000,5.24139,5.60111,5.04511,5.60111,96.71052630996381,0
TLX,D,20090123,000000,5.58248,5.82544,5.58248,5.82544,2.1255060727464574,0
TLX,D,20090126,000000,5.25541,5.37227,4.72274,5.2507,4909.919028044316,0
TLX,D,20090127,000000,5.76964,5.76964,5.1854,5.61504,289.0688258935182,0
TLX,D,20090128,000000,5.60563,5.60563,5.5871,5.5871,2.1255060727464574,0
TLX,D,20090129,000000,5.57759,5.74132,5.57759,5.74132,2.1255060727464574,0
TLX,D,20090130,000000,5.57759,5.72278,5.57759,5.72278,2.1255060727464574,0
TLX,D,20090202,000000,5.72278,5.72278,5.04511,5.60111,1108.4514169372776,0
TLX,D,20090203,000000,5.5871,5.5871,4.81156,4.81156,1336.9433197575217,0
TLX,D,20090204,000000,5.08256,5.08256,4.81156,5.04511,1586.6902833052307,0
TLX,D,20090205,000000,5.04511,5.04511,5.04511,5.04511,2.1255060727464574,0
TLX,D,20090206,000000,5.0404,5.05922,5.0404,5.05922,111.58906881918902,0
TLX,D,20090209,000000,5.0404,5.0404,5.0404,5.0404,155.1619433104914,0
TLX,D,20090210,000000,4.81156,4.905,4.81156,4.905,230.61740889299062,0
TLX,D,20090211,000000,5.26473,5.26473,5.13835,5.26002,2144.6356274011755,0
TLX,D,20090212,000000,5.54043,5.54043,5.19002,5.19002,325.20242913020803,0
TLX,D,20090213,000000,5.19002,5.57759,4.94236,5.41886,2229.655870311034,0
TLX,D,20090216,000000,5.50279,5.50279,4.97519,5.48435,308.19838054823634,0
TLX,D,20090217,000000,5.59651,5.59651,5.13384,5.50279,239.11943318397647,0
TLX,D,20090218,000000,5.59651,5.59651,5.13384,5.51257,777.9352226252034,0
TLX,D,20090219,000000,5.51257,5.51257,5.13835,5.13835,2155.2631577649076,0
TLX,D,20090220,000000,5.20874,5.20874,4.85824,4.905,4503.947368149744,0
TLX,D,20090223,000000,5.27874,5.27874,5.13835,5.27874,239.11943318397647,0
TLX,D,20090224,000000,5.27874,5.27874,5.27874,5.27874,196.6093117290473,0
TLX,D,20090225,000000,5.27874,5.27874,4.71812,5.26924,3392.307692103346,0
TLX,D,20090226,000000,5.26924,5.26924,5.03118,5.03118,627.024291460205,0
TLX,D,20090227,000000,5.19933,5.19933,5.03118,5.12923,96.71052630996381,0
TLX,D,20090302,000000,5.22728,5.22728,4.71812,4.87696,4450.809716331082,0
TLX,D,20090303,000000,5.16198,5.16198,4.62488,4.90048,691.8522266789719,0
TLX,D,20090304,000000,5.13384,5.22728,4.62949,4.68077,2093.6234816552605,0
TLX,D,20090305,000000,4.69008,5.22728,4.69008,5.22728,804.5040485345341,0
TLX,D,20090306,000000,5.22728,5.22728,5.21796,5.21796,2.1255060727464574,0
TLX,D,20090309,000000,5.21796,5.21796,4.76498,4.81156,1229.6052630838255,0
TLX,D,20090310,000000,5.15266,5.15266,4.8349,4.84421,1096.761133537172,0
TLX,D,20090311,000000,5.14795,5.14795,5.13384,5.13384,2.1255060727464574,0
TLX,D,20090312,000000,4.905,5.13835,4.905,4.905,1010.6781375909405,0
TLX,D,20090313,000000,4.95167,4.95167,4.95167,4.95167,1048.9372469003767,0
TLX,D,20090316,000000,5.22276,5.22276,4.905,5.09178,1075.5060728097073,0
TLX,D,20090317,000000,5.09178,5.09178,5.09178,5.09178,2.1255060727464574,0
TLX,D,20090318,000000,5.09178,5.12001,4.87696,5.12001,301.8218623299969,0
TLX,D,20090319,000000,5.06853,5.06853,4.8349,4.905,519.6862347865089,0
TLX,D,20090320,000000,5.12001,5.12001,4.8349,5.12001,196.6093117290473,0
TLX,D,20090323,000000,5.22276,5.44238,5.13835,5.44238,2359.311740748568,0
TLX,D,20090324,000000,5.44238,5.44238,4.95637,5.37227,608.9574898418601,0
TLX,D,20090325,000000,5.37227,5.37227,5.34423,5.34423,646.1538461149231,0
TLX,D,20090326,000000,5.37227,5.37227,5.19002,5.36259,427.22672062203793,0
TLX,D,20090327,000000,5.35807,5.35807,5.13835,5.35807,1029.8076922456587,0
TLX,D,20090330,000000,5.36259,5.36259,4.67616,4.99844,10920.850201770894,0
TLX,D,20090331,000000,5.12923,5.12923,4.7742,4.905,2697.2672063152545,0
TLX,D,20090401,000000,5.12923,5.12923,4.7742,5.08726,4037.398785181896,0
TLX,D,20090402,000000,4.99844,5.27395,4.85824,5.13835,4126.670040237247,0
TLX,D,20090403,000000,5.13835,5.19002,4.82549,5.1854,37292.004046336595,0
TLX,D,20090406,000000,5.19002,5.19002,4.905,5.12923,8304.35222622041,0
TLX,D,20090407,000000,5.27874,5.48876,5.27874,5.41424,14735.07084931532,0
TLX,D,20090408,000000,5.41424,5.43278,5.27874,5.43278,4946.052631281007,0
TLX,D,20090409,000000,5.46082,5.95585,5.46082,5.83936,7783.603238397527,0
TLX,D,20090414,000000,5.9377,6.37138,5.9377,6.07291,4338.157894475519,0
TLX,D,20090415,000000,6.17133,6.17133,6.12457,6.12457,2441.143724549306,0
TLX,D,20090416,000000,6.14273,6.14273,5.84849,6.07291,819.3825910437594,0
TLX,D,20090417,000000,6.30607,6.36742,6.14273,6.23127,7526.417003595206,0
TLX,D,20090420,000000,6.24106,6.24106,6.07291,6.09662,2405.010121312617,0
TLX,D,20090421,000000,5.89036,6.09107,5.88613,5.99829,4090.5364370005573,0
TLX,D,20090422,000000,6.00262,6.11901,6.00262,6.11901,1486.791497886147,0
TLX,D,20090423,000000,6.07291,6.07291,5.87635,6.00262,2099.9999998734997,0
TLX,D,20090424,000000,5.97956,5.97956,5.95585,5.95585,1173.2793521560445,0
TLX,D,20090427,000000,5.97956,5.97956,5.88613,5.97956,3443.319837849261,0
TLX,D,20090428,000000,6.11901,6.11901,5.86251,5.96075,1568.6234816868857,0
TLX,D,20090429,000000,6.07291,6.07291,5.89036,6.06755,723.7348177701688,0
TLX,D,20090430,000000,6.1639,6.1639,5.85517,6.06755,2080.8704452187817,0
TLX,D,20090504,000000,6.23127,6.23127,5.96075,6.12457,2106.3765180917394,0
TLX,D,20090505,000000,6.21321,6.21321,6.16635,6.21321,3156.376518028489,0
TLX,D,20090506,000000,6.23127,6.47931,6.22289,6.47931,3130.870445155532,0
TLX,D,20090507,000000,6.59212,6.72743,6.54,6.72254,4763.259109024811,0
TLX,D,20090508,000000,6.72254,6.73082,6.44646,6.72254,4084.159918782318,0
TLX,D,20090511,000000,6.09794,6.28556,6.07291,6.26044,6390.334007712225,0
TLX,D,20090512,000000,6.3009,6.3009,5.98201,6.21509,7663.512145287353,0
TLX,D,20090513,000000,6.26044,6.26044,6.1639,6.1639,2209.4635626199424,0
TLX,D,20090514,000000,6.1639,6.1639,6.01231,6.07291,3046.912955282047,0
TLX,D,20090515,000000,6.07291,6.26044,6.04271,6.26044,12054.807691581836,0
TLX,D,20090518,000000,6.30532,6.52814,6.07291,6.07291,27708.09716432302,0
TLX,D,20090519,000000,6.40159,6.40159,5.83503,6.31586,45146.81173817123,0
TLX,D,20090520,000000,6.31586,6.31586,6.12334,6.27502,3016.0931172272235,0
TLX,D,20090521,000000,6.27042,6.27042,5.92622,6.12334,1442.1558703584715,0
TLX,D,20090522,000000,5.92622,6.01711,5.80963,5.80963,1467.661943231429,0
TLX,D,20090525,000000,5.80963,5.80963,5.2125,5.46524,5809.008096816068,0
TLX,D,20090526,000000,5.6174,5.6174,5.56188,5.56188,3053.2894735002865,0
TLX,D,20090527,000000,5.56696,5.56696,5.29352,5.56696,1280.6174088297407,0
TLX,D,20090528,000000,5.56696,5.56696,5.28844,5.5567,3344.4838054665506,0
TLX,D,20090529,000000,5.46524,5.46524,5.31385,5.45028,3461.3866394676056,0
TLX,D,20090601,000000,5.33906,5.33906,5.31385,5.33906,2522.975708350045,0
TLX,D,20090602,000000,5.36447,5.54164,5.36447,5.54164,819.3825910437594,0
TLX,D,20090603,000000,5.53666,5.56696,5.39975,5.54164,6331.882590711697,0
TLX,D,20090604,000000,5.54164,5.60732,5.49112,5.49112,595.1417003690082,0
TLX,D,20090605,000000,5.59218,5.85019,5.56188,5.71883,9067.408906336388,0
TLX,D,20090608,000000,5.84473,5.85019,5.67291,5.76964,1015.9919027728066,0
TLX,D,20090609,000000,5.76964,5.76964,5.71883,5.71883,656.7813764786554,0
TLX,D,20090610,000000,5.85019,5.85019,5.62229,5.71883,301.8218623299969,0
TLX,D,20090612,000000,5.64261,5.64261,5.62229,5.62229,1233.8562752293185,0
TLX,D,20090615,000000,5.81518,5.81518,5.64261,5.79438,2328.491902693744,0
TLX,D,20090616,000000,5.79438,5.79438,5.31385,5.69314,2195.6477731470904,0
TLX,D,20090617,000000,5.68806,5.72889,5.68806,5.71883,1292.3076922298462,0
TLX,D,20090618,000000,5.71883,5.71883,5.71883,5.71883,2.1255060727464574,0
TLX,D,20090619,000000,5.71883,5.72391,5.44021,5.71883,2654.7570848603254,0
TLX,D,20090622,000000,5.73416,5.76427,5.71883,5.71883,4815.334007807099,0
TLX,D,20090623,000000,5.71883,5.71883,5.31385,5.56696,407.0344129309466,0
TLX,D,20090624,000000,5.56696,5.56696,5.16198,5.56188,1160.526315719566,0
TLX,D,20090625,000000,5.56696,5.56696,5.26312,5.46524,165.7894736742237,0
TLX,D,20090626,000000,5.56696,5.56696,5.26312,5.4149,840.6376517712239,0
TLX,D,20090629,000000,5.56696,5.56696,5.4149,5.47042,2187.1457488561045,0
TLX,D,20090630,000000,5.56696,5.56696,5.44021,5.56696,333.7044534211938,0
TLX,D,20090701,000000,5.56696,5.56696,5.2683,5.56696,1565.435222577766,0
TLX,D,20090702,000000,5.6174,5.6174,5.36945,5.6174,136.03238865577327,0
TLX,D,20090703,000000,5.6174,5.6174,5.34423,5.56696,340.0809716394332,0
TLX,D,20090706,000000,5.49112,5.49112,5.49112,5.49112,2.1255060727464574,0
TLX,D,20090707,000000,5.4149,5.4149,5.31385,5.4149,776.8724695888302,0
TLX,D,20090708,000000,5.33906,5.49112,5.22765,5.49112,675.9109311333735,0
TLX,D,20090709,000000,5.49112,5.51643,5.38959,5.46524,459.10931171323483,0
TLX,D,20090710,000000,5.56696,5.56696,5.38959,5.5567,494.18016191355133,0
TLX,D,20090713,000000,5.6174,5.6174,5.56696,5.56696,1486.791497886147,0
TLX,D,20090714,000000,5.59218,5.59218,5.56696,5.56696,2.1255060727464574,0
TLX,D,20090715,000000,5.51643,5.56696,5.22276,5.56696,3444.3825908856343,0
TLX,D,20090716,000000,5.36945,5.56696,5.36945,5.56696,1454.9089067949503,0
TLX,D,20090717,000000,5.6174,5.6174,5.44021,5.6174,5043.825910627344,0
TLX,D,20090720,000000,5.6174,5.6174,5.56696,5.6174,1259.362348102276,0
TLX,D,20090721,000000,5.73916,5.73916,5.53158,5.61232,1781.1740889615314,0
TLX,D,20090722,000000,5.73416,5.73416,5.46524,5.61232,1901.265182071706,0
TLX,D,20090723,000000,5.60732,5.68806,5.60732,5.68806,5307.388663647904,0
TLX,D,20090724,000000,5.73916,5.73916,5.66773,5.73416,4649.544534132876,0
TLX,D,20090727,000000,5.80483,5.80483,5.57185,5.78959,17591.751011086355,0
TLX,D,20090728,000000,5.80963,5.87023,5.68298,5.87023,5479.554655540367,0
TLX,D,20090729,000000,5.90552,5.90552,5.5871,5.87023,439.97975705851667,0
TLX,D,20090730,000000,5.87023,6.27502,5.59218,6.14348,5599.645748650542,0
TLX,D,20090731,000000,6.17444,6.17444,5.6476,6.1385,2390.131578803391,0
TLX,D,20090803,000000,6.12823,6.12823,5.81989,6.11845,3196.761133410672,0
TLX,D,20090804,000000,6.11845,6.11845,5.79438,5.94127,1199.8481780653754,0
TLX,D,20090805,000000,5.91577,6.27502,5.76964,5.76964,11901.771254343688,0
TLX,D,20090806,000000,5.9869,5.9869,5.9869,5.9869,155.1619433104914,0
TLX,D,20090807,000000,5.97166,5.99707,5.97166,5.99707,1155.2125505376996,0
TLX,D,20090810,000000,5.81989,6.0475,5.81989,6.0475,197.67206476542054,0
TLX,D,20090811,000000,6.09304,6.09304,5.87023,6.06755,7945.141699926258,0
TLX,D,20090812,000000,6.06755,6.06755,5.76964,5.76964,5098.026315482379,0
TLX,D,20090813,000000,5.99236,5.99236,5.77444,5.97166,4314.77732767531,0
TLX,D,20090814,000000,5.84003,5.89592,5.81989,5.89592,2273.228744802336,0
TLX,D,20090817,000000,5.97166,5.97166,5.41989,5.78959,2137.196356146563,0
TLX,D,20090818,000000,5.89036,5.89592,5.41989,5.79438,9851.720647179829,0
TLX,D,20090819,000000,5.62229,5.63245,5.54164,5.61232,4933.299594844528,0
TLX,D,20090820,000000,5.56696,5.94127,5.54673,5.94127,2853.491902662119,0
TLX,D,20090821,000000,5.80963,5.92066,5.64261,5.92066,10783.755060078849,0
TLX,D,20090824,000000,5.66773,5.84473,5.66773,5.74922,1503.7955464681186,0
TLX,D,20090825,000000,5.74922,5.78479,5.6174,5.78479,1555.8704452504069,0
TLX,D,20090826,000000,5.71883,5.71883,5.56696,5.71384,2325.3036435846248,0
TLX,D,20090827,000000,5.62229,5.71384,5.59707,5.71384,133.90688258302683,0
TLX,D,20090828,000000,5.71384,5.84003,5.62746,5.84003,26418.977731201994,0
TLX,D,20090831,000000,5.81518,5.89592,5.74922,5.89592,1233.8562752293185,0
TLX,D,20090901,000000,5.87023,5.87023,5.46524,5.61232,9312.904857738604,0
TLX,D,20090902,000000,5.6174,5.70876,5.21768,5.4149,9356.477732229905,0
TLX,D,20090903,000000,5.46524,5.46524,5.36447,5.36447,1506.9838055772384,0
TLX,D,20090904,000000,5.4149,5.71883,5.31385,5.71883,9085.475707954733,0
TLX,D,20090907,000000,5.71384,5.76964,5.49112,5.71883,8715.637651296849,0
TLX,D,20090908,000000,5.71883,6.27042,5.60215,5.76964,53239.67611015286,0
TLX,D,20090909,000000,5.67799,5.87023,5.67799,5.86543,8091.801618945763,0
TLX,D,20090910,000000,5.64261,5.65776,5.46524,5.64261,18678.947367295463,0
TLX,D,20090911,000000,5.68298,5.68298,5.56696,5.68298,200.86032387454023,0
TLX,D,20090914,000000,5.6174,5.6174,5.31385,5.6174,2281.730769093322,0
TLX,D,20090915,000000,5.6174,5.6174,5.47597,5.47597,1002.1761132999546,0
TLX,D,20090916,000000,5.62229,5.68298,5.62229,5.67799,380.4655870216159,0
TLX,D,20090917,000000,5.67799,5.67799,5.56696,5.66773,2251.973684074872,0
TLX,D,20090918,000000,5.71883,5.71883,5.53158,5.53158,109.46356274644256,0
TLX,D,20090921,000000,5.71883,5.71883,5.71883,5.71883,197.67206476542054,0
TLX,D,20090922,000000,5.71883,5.71883,5.71883,5.71883,2.1255060727464574,0
TLX,D,20090923,000000,5.63245,5.71384,5.6174,5.71384,892.7125505535122,0
TLX,D,20090924,000000,5.71384,5.71384,5.6174,5.70876,766.2449392250979,0
TLX,D,20090925,000000,5.56188,5.66284,5.51643,5.65776,3900.3036434897494,0
TLX,D,20090928,000000,5.65776,5.65776,5.6174,5.6174,302.88461536637016,0
TLX,D,20090929,000000,5.56696,5.6174,5.56696,5.6174,615.3340080600994,0
TLX,D,20090930,000000,5.6174,5.65776,5.6174,5.65776,311.38663965735606,0
TLX,D,20091001,000000,5.65268,5.65268,5.49112,5.62229,704.6052631154506,0
TLX,D,20091002,000000,5.62229,5.62229,5.33906,5.6174,4309.463562493443,0
TLX,D,20091005,000000,5.6174,5.6174,5.31385,5.49112,743.9271254612602,0
TLX,D,20091006,000000,5.49112,5.49112,5.06073,5.49112,6327.631578566204,0
TLX,D,20091007,000000,5.47597,5.47597,5.31385,5.38959,789.6255060253089,0
TLX,D,20091008,000000,5.38959,5.38959,5.21768,5.38959,1149.8987853558335,0
TLX,D,20091009,000000,5.38959,5.38959,5.23791,5.38959,595.1417003690082,0
TLX,D,20091012,000000,5.38959,5.38959,5.22765,5.38959,1446.4068825039642,0
TLX,D,20091013,000000,5.38959,5.38959,5.3846,5.3846,521.8117408592553,0
TLX,D,20091014,000000,5.3846,5.56696,5.2125,5.2125,6701.72064736958,0
TLX,D,20091015,000000,5.5264,5.5264,5.0963,5.2125,5543.319837722761,0
TLX,D,20091016,000000,5.51135,5.51135,5.13657,5.31385,262.49999998418747,0
TLX,D,20091019,000000,5.31385,5.31385,5.14174,5.16198,4421.052631312631,0
TLX,D,20091020,000000,5.46524,5.46524,5.46524,5.46524,2.1255060727464574,0
TLX,D,20091021,000000,5.13657,5.45527,5.13657,5.45527,1389.0182185398098,0
TLX,D,20091022,000000,5.45527,5.45527,5.2125,5.45527,6639.01821822356,0
TLX,D,20091023,000000,5.45527,5.45527,5.11144,5.45527,1226.417003974706,0
TLX,D,20091026,000000,5.17204,5.3846,5.17204,5.3846,239.11943318397647,0
TLX,D,20091027,000000,5.45527,5.45527,5.11144,5.28844,9608.35020185036,0
TLX,D,20091028,000000,5.16198,5.38959,5.16198,5.38959,1685.5263156879407,0
TLX,D,20091029,000000,5.4452,5.4452,5.26312,5.26312,200.86032387454023,0
TLX,D,20091030,000000,5.4452,5.4452,5.3846,5.3846,233.8056680021103,0
TLX,D,20091102,000000,5.44021,5.44021,5.11144,5.16198,1372.0141699578385,0
TLX,D,20091103,000000,5.28844,5.28844,5.16198,5.25315,7136.3866392462305,0
TLX,D,20091104,000000,5.26312,5.26312,5.16198,5.2125,18837.297569715985,0
TLX,D,20091105,000000,5.2125,5.22276,5.2125,5.2125,1292.3076922298462,0
TLX,D,20091106,000000,5.26312,5.26312,5.16198,5.2125,2522.975708350045,0
TLX,D,20091109,000000,4.88872,5.2125,4.88872,5.2125,1032.9959513547783,0
TLX,D,20091110,000000,5.15181,5.26312,5.11144,5.26312,4517.763157622596,0
TLX,D,20091112,000000,5.26312,5.76964,5.26312,5.31385,14263.208501165203,0
TLX,D,20091113,000000,5.51643,5.51643,5.3289,5.51135,452.73279349499546,0
TLX,D,20091116,000000,5.51643,5.61232,5.31385,5.44021,7081.1234813548235,0
TLX,D,20091117,000000,5.28844,5.56696,5.06073,5.21768,15402.479756157507,0
TLX,D,20091118,000000,5.49112,5.49112,5.26312,5.46524,4260.576922820274,0
TLX,D,20091119,000000,5.4962,5.4962,5.16715,5.16715,41.447368418555925,0
TLX,D,20091120,000000,5.50627,5.50627,5.31385,5.46524,792.8137651344286,0
TLX,D,20091123,000000,5.50627,5.50627,5.46524,5.50627,1982.0344128360716,0
TLX,D,20091124,000000,5.50627,5.50627,5.46524,5.46524,2.1255060727464574,0
TLX,D,20091125,000000,5.50627,5.50627,5.46524,5.46524,2.1255060727464574,0
TLX,D,20091126,000000,5.46524,5.46524,5.24798,5.44021,813.0060728255199,0
TLX,D,20091127,000000,5.18728,5.42996,5.18728,5.42996,28605.06072702142,0
TLX,D,20091130,000000,5.44021,5.44021,5.31385,5.42497,682.2874493516128,0
TLX,D,20091201,000000,5.41989,5.41989,5.41989,5.41989,93.52226720084413,0
TLX,D,20091202,000000,5.42497,5.42497,5.18728,5.41989,7254.35222628366,0
TLX,D,20091203,000000,5.41989,5.41989,5.2683,5.41989,447.4190283131293,0
TLX,D,20091204,000000,5.42497,5.42497,5.40982,5.40982,613.208501987353,0
TLX,D,20091207,000000,5.40982,5.40982,5.40982,5.40982,93.52226720084413,0
TLX,D,20091208,000000,5.40982,5.40982,5.31385,5.39975,283.7550607116521,0
TLX,D,20091209,000000,5.39975,5.39975,5.31385,5.31385,93.52226720084413,0
TLX,D,20091210,000000,5.38959,5.38959,5.31385,5.38959,2257.2874492567375,0
TLX,D,20091211,000000,5.38959,5.38959,5.31385,5.38959,200.86032387454023,0
TLX,D,20091214,000000,5.38959,5.38959,5.16198,5.38959,1852.3785423985378,0
TLX,D,20091215,000000,5.40474,5.40474,5.31385,5.40474,3365.7388661940154,0
TLX,D,20091216,000000,5.42497,5.42497,5.42497,5.42497,2.1255060727464574,0
TLX,D,20091217,000000,5.42497,5.42497,5.42497,5.42497,2.1255060727464574,0
TLX,D,20091218,000000,5.42497,5.42497,5.42497,5.42497,1.0627530363732287,0
TLX,D,20091221,000000,5.16715,5.40474,5.16198,5.28336,102.02429149182996,0
TLX,D,20091222,000000,5.28844,5.40474,5.23791,5.40474,967.1052630996383,0
TLX,D,20091223,000000,5.40474,5.40474,5.16715,5.17712,875.7085019715405,0
TLX,D,20091228,000000,5.16198,5.39975,5.16198,5.17712,9508.451416431279,0
TLX,D,20091229,000000,5.28844,5.66773,5.06073,5.65776,6793.117408497678,0
TLX,D,20091230,000000,5.64261,5.64261,5.31385,5.31385,505.8704453136569,0
TLX,D,20091231,000000,5.26312,5.75929,5.26312,5.74405,3101.1133601370816,0
TLX,D,20100104,000000,5.75421,5.75421,5.5264,5.5264,528.1882590774948,0
TLX,D,20100105,000000,5.75421,5.75421,5.69314,5.69314,6059.81781340015,0
TLX,D,20100106,000000,5.69869,5.69869,5.62229,5.62229,884.2105262625263,0
TLX,D,20100107,000000,5.6174,5.69314,5.6174,5.69314,436.791497949397,0
TLX,D,20100108,000000,5.71883,5.71883,5.49112,5.69314,4952.429149499246,0
TLX,D,20100111,000000,5.68806,5.68806,5.67799,5.67799,91.39676112809768,0
TLX,D,20100112,000000,5.66773,5.66773,5.66773,5.66773,2.1255060727464574,0
TLX,D,20100113,000000,5.67799,5.67799,5.41989,5.56188,398.5323886399608,0
TLX,D,20100114,000000,5.57185,5.66773,5.44021,5.66773,495.24291494992457,0
TLX,D,20100115,000000,5.66773,5.66773,5.65776,5.65776,662.0951416605216,0
TLX,D,20100118,000000,5.36945,5.67799,5.36945,5.67799,3557.0344127411963,0
TLX,D,20100119,000000,5.67799,5.71883,5.67799,5.71883,4091.599190036931,0
TLX,D,20100120,000000,5.71883,5.71883,5.46524,5.71883,2772.722671897754,0
TLX,D,20100121,000000,5.69314,5.74922,5.69314,5.74922,1160.526315719566,0
TLX,D,20100122,000000,5.74922,5.74922,5.56696,5.63245,623.8360323510852,0
TLX,D,20100125,000000,5.37444,5.6174,5.37444,5.6174,41.447368418555925,0
TLX,D,20100126,000000,5.63245,5.63245,5.63245,5.63245,2.1255060727464574,0
TLX,D,20100127,000000,5.63245,5.71384,5.63245,5.71384,234.86842103848358,0
TLX,D,20100128,000000,5.41989,5.56696,5.41989,5.56696,2.1255060727464574,0
TLX,D,20100129,000000,5.64261,5.66773,5.64261,5.66773,450.607287422249,0
TLX,D,20100201,000000,5.54164,5.71384,5.54164,5.71384,3646.305667796548,0
TLX,D,20100202,000000,5.71384,5.81989,5.71384,5.81989,1029.8076922456587,0
TLX,D,20100203,000000,5.87023,5.87023,5.87023,5.87023,41.447368418555925,0
TLX,D,20100204,000000,5.85997,5.85997,5.76964,5.76964,2.1255060727464574,0
TLX,D,20100205,000000,5.76964,5.76964,5.51643,5.76964,336.89271253031353,0
TLX,D,20100208,000000,5.76964,5.76964,5.76964,5.76964,345.3947368212994,0
TLX,D,20100209,000000,5.56696,5.76964,5.37444,5.76964,634.4635627148176,0
TLX,D,20100210,000000,5.76964,5.76964,5.56696,5.76964,94.58502023721736,0
TLX,D,20100211,000000,5.76964,5.76964,5.76964,5.76964,2.1255060727464574,0
TLX,D,20100212,000000,5.76964,5.76964,5.38959,5.76964,2079.807692182409,0
TLX,D,20100215,000000,5.74405,5.84473,5.59218,5.83503,8000.404857817666,0
TLX,D,20100216,000000,5.49112,5.81518,5.49112,5.81518,1569.6862347232588,0
TLX,D,20100217,000000,5.81518,5.82478,5.76964,5.81989,1772.6720646705458,0
TLX,D,20100218,000000,5.81989,6.02257,5.81989,5.91577,6954.655870026409,0
TLX,D,20100219,000000,5.91577,6.01711,5.91577,6.01711,458.0465586768616,0
TLX,D,20100222,000000,5.71883,6.07291,5.71883,6.07291,1726.9736841064966,0
TLX,D,20100223,000000,5.87023,6.07291,5.87023,6.07291,277.37854249341274,0
TLX,D,20100224,000000,6.07291,6.1033,5.94673,6.1033,3355.1113358302828,0
TLX,D,20100225,000000,6.1033,6.1033,6.07291,6.07291,2.1255060727464574,0
TLX,D,20100226,000000,6.09794,6.09794,5.84473,6.07291,1991.5991901634306,0
TLX,D,20100301,000000,6.09794,6.09794,5.48105,5.76427,85.0202429098583,0
TLX,D,20100302,000000,5.71883,6.07291,5.71883,6.07291,2270.040485693217,0
TLX,D,20100303,000000,6.07291,6.07291,5.82478,6.06755,354.9595141486584,0
TLX,D,20100304,000000,6.06755,6.07291,5.92622,6.07291,2847.11538444388,0
TLX,D,20100305,000000,6.07291,6.07291,5.93101,6.07291,1238.1072873748114,0
TLX,D,20100308,000000,5.92066,6.32583,5.92066,6.32583,11118.52226653692,0
TLX,D,20100309,000000,6.07291,6.42727,6.07291,6.37656,4615.536436968933,0
TLX,D,20100310,000000,6.42727,6.47799,6.37656,6.47799,2696.2044532788814,0
TLX,D,20100311,000000,6.47799,6.67616,6.23993,6.66966,7324.493926684293,0
TLX,D,20100312,000000,6.66966,6.66966,6.66072,6.66072,2.1255060727464574,0
TLX,D,20100315,000000,6.6802,6.73017,6.46284,6.46811,5399.848177812375,0
TLX,D,20100316,000000,6.70514,7.02468,6.67616,6.79198,8421.255060221465,0
TLX,D,20100317,000000,7.02468,7.02468,6.73017,6.95863,9784.767205888318,0
TLX,D,20100318,000000,7.01885,7.01885,6.83706,6.83706,1982.0344128360716,0
TLX,D,20100319,000000,7.02468,7.02468,6.73581,6.74127,1256.1740889931564,0
TLX,D,20100322,000000,6.83706,6.83706,6.55844,6.55844,990.4858298998491,0
TLX,D,20100323,000000,6.25499,6.6037,6.25499,6.28556,1487.8542509225204,0
TLX,D,20100324,000000,6.57886,6.57886,6.33572,6.34099,3430.5668014127823,0
TLX,D,20100325,000000,6.12334,6.45315,6.12334,6.43781,804.5040485345341,0
TLX,D,20100326,000000,6.57886,6.57886,6.43781,6.45767,1486.791497886147,0
TLX,D,20100329,000000,6.45315,6.57886,6.45315,6.57886,20.192307691091347,0
TLX,D,20100330,000000,6.57886,6.57886,6.57886,6.57886,2.1255060727464574,0
TLX,D,20100331,000000,6.57886,6.78154,6.57886,6.57886,618.522267169219,0
TLX,D,20100401,000000,6.25028,6.9335,6.25028,6.87244,3448.633603031127,0
TLX,D,20100406,000000,6.9335,6.9335,6.8315,6.8315,22.317813763837805,0
TLX,D,20100407,000000,6.8315,6.8315,6.82661,6.8315,317.7631578755954,0
TLX,D,20100408,000000,6.8315,6.8315,6.82661,6.82661,51.01214574591498,0
TLX,D,20100409,000000,6.88363,6.88363,6.58884,6.88363,275.2530364206662,0
TLX,D,20100412,000000,6.87742,6.9335,6.85239,6.90801,3211.639675919897,0
TLX,D,20100413,000000,6.9335,6.9335,6.8315,6.88363,1194.534412883509,0
TLX,D,20100414,000000,6.88363,6.88363,6.73017,6.75595,893.7753035898853,0
TLX,D,20100415,000000,6.9335,6.9335,6.2452,6.75595,48.886639673168524,0
TLX,D,20100416,000000,6.75595,6.9335,6.63014,6.9335,4054.402833763868,0
TLX,D,20100419,000000,6.9335,6.9335,6.63014,6.9335,17417.459513120742,0
TLX,D,20100420,000000,7.04962,7.04962,6.70514,7.00934,1458.09716590407,0
TLX,D,20100421,000000,7.04962,7.04962,6.63513,7.03428,27567.813763521553,0
TLX,D,20100422,000000,7.03428,7.03428,6.70514,6.9335,439.97975705851667,0
TLX,D,20100423,000000,7.01885,7.04962,6.80723,7.04962,131522.06476940692,0
TLX,D,20100426,000000,7.03428,7.06505,6.74127,6.79603,7335.121457048024,0
TLX,D,20100427,000000,6.7106,7.2268,6.7106,7.2268,6304.251011765993,0
TLX,D,20100428,000000,7.23724,7.23724,6.83706,7.21156,96.71052630996381,0
TLX,D,20100429,000000,7.2268,7.2268,6.98366,6.98366,386.84210523985524,0
TLX,D,20100430,000000,7.20648,7.32805,7.20648,7.32805,11189.726719973625,0
TLX,D,20100504,000000,7.28778,7.28778,7.18672,7.18672,20.192307691091347,0
TLX,D,20100505,000000,6.98366,7.08405,6.78154,7.08405,2033.0465585819866,0
TLX,D,20100506,000000,7.02835,7.02835,6.7106,7.02835,19619.483804486277,0
TLX,D,20100507,000000,7.03428,7.03428,6.55844,6.55844,788.5627529889357,0
TLX,D,20100510,000000,6.53859,7.18672,6.53859,7.03428,2405.010121312617,0
TLX,D,20100511,000000,7.18672,7.32805,6.8315,7.32805,2972.520242735921,0
TLX,D,20100512,000000,7.31262,7.31262,7.28778,7.28778,19.129554654718117,0
TLX,D,20100513,000000,7.33247,7.33247,7.08405,7.08405,9.564777327359058,0
TLX,D,20100514,000000,7.08405,7.08405,7.08405,7.08405,5.3137651818661435,0
TLX,D,20100517,000000,6.78154,7.32805,6.78154,7.32805,21742.864371159787,0
TLX,D,20100518,000000,7.16027,7.18672,6.59965,7.18672,5085.2732790458995,0
TLX,D,20100519,000000,6.84195,6.95307,6.46811,6.95307,3596.3562750870065,0
TLX,D,20100520,000000,6.82661,7.08039,6.82661,7.08039,9.564777327359058,0
TLX,D,20100521,000000,6.8315,7.02835,6.8315,7.02835,29.757085018450407,0
TLX,D,20100524,000000,6.8315,6.8315,6.8315,6.8315,19.129554654718117,0
TLX,D,20100525,000000,6.98366,6.98366,6.98366,6.98366,19.129554654718117,0
TLX,D,20100526,000000,6.95307,6.95307,6.95307,6.95307,19.129554654718117,0
TLX,D,20100527,000000,7.13091,7.13091,7.13091,7.13091,19.129554654718117,0
TLX,D,20100528,000000,6.95863,6.95863,6.88363,6.88363,563.2591092778111,0
TLX,D,20100531,000000,6.9335,7.13091,6.88363,7.13091,146.65991901950557,0
TLX,D,20100601,000000,7.13091,7.13091,7.13091,7.13091,9.564777327359058,0
TLX,D,20100602,000000,7.13091,7.13091,7.12583,7.12583,19.129554654718117,0
TLX,D,20100604,000000,6.65451,6.82661,6.65451,6.82661,1411.3360323036477,0
TLX,D,20100607,000000,6.82661,6.82661,6.82661,6.82661,19.129554654718117,0
TLX,D,20100608,000000,6.82661,6.82661,6.81701,6.81701,19.129554654718117,0
TLX,D,20100609,000000,6.1385,6.82661,6.1385,6.82661,726.9230768792885,0
TLX,D,20100610,000000,6.81701,6.81701,6.47799,6.80723,439.97975705851667,0
TLX,D,20100611,000000,6.81701,6.81701,6.52814,6.80168,178.54251011070244,0
TLX,D,20100614,000000,6.62468,6.63014,6.62468,6.63014,9.564777327359058,0
TLX,D,20100615,000000,6.69544,6.69544,6.32583,6.57359,348.58299593041903,0
TLX,D,20100616,000000,6.44694,6.47281,6.06755,6.47281,1696.153846051673,0
TLX,D,20100617,000000,6.42266,6.42266,6.37138,6.41673,300.75910929362374,0
TLX,D,20100618,000000,6.42266,6.57886,6.37656,6.57886,78.64372469161893,0
TLX,D,20100621,000000,6.57886,6.57886,6.57886,6.57886,19.129554654718117,0
TLX,D,20100622,000000,6.57886,6.57886,6.27502,6.37656,3864.17004025306,0
TLX,D,20100623,000000,6.57886,6.57886,6.37656,6.37656,1598.380566705336,0
TLX,D,20100624,000000,6.57886,6.57886,6.52814,6.52814,19.129554654718117,0
TLX,D,20100625,000000,6.50311,6.50311,6.22478,6.22478,257.18623480232134,0
TLX,D,20100628,000000,6.21979,6.21979,6.21979,6.21979,19.129554654718117,0
TLX,D,20100629,000000,6.1639,6.35086,6.1639,6.35086,420.85020240379856,0
TLX,D,20100630,000000,6.35153,6.35153,6.32508,6.32508,155.1619433104914,0
TLX,D,20100701,000000,6.27502,6.27502,6.02257,6.27042,218.92712549288512,0
TLX,D,20100702,000000,6.80723,6.80723,6.42727,6.42727,1292.3076922298462,0
TLX,D,20100705,000000,6.41673,6.41673,6.17444,6.17444,107.3380566736961,0
TLX,D,20100706,000000,6.47799,6.47799,6.0475,6.45315,947.97570844492,0
TLX,D,20100707,000000,6.17444,6.32583,6.0475,6.14885,3005.465586863491,0
TLX,D,20100708,000000,6.22478,6.27042,6.17444,6.25028,786.4372469161892,0
TLX,D,20100709,000000,6.25028,6.25028,6.25028,6.25028,19.129554654718117,0
TLX,D,20100712,000000,6.09794,6.25028,6.09794,6.25028,2.1255060727464574,0
TLX,D,20100713,000000,6.25028,6.25028,6.25028,6.25028,2.1255060727464574,0
TLX,D,20100714,000000,6.3009,6.3009,6.09794,6.25028,398.5323886399608,0
TLX,D,20100715,000000,6.25028,6.25028,6.25028,6.25028,2.1255060727464574,0
TLX,D,20100716,000000,6.25028,6.25028,6.25028,6.25028,2.1255060727464574,0
TLX,D,20100719,000000,6.07291,6.09794,5.78479,6.07291,3775.9615382340817,0
TLX,D,20100720,000000,6.35086,6.35086,5.81989,6.07291,161.53846152873078,0
TLX,D,20100721,000000,6.07291,6.07291,5.51643,5.60215,1194.534412883509,0
TLX,D,20100722,000000,6.01231,6.01231,5.65268,5.94127,662.0951416605216,0
TLX,D,20100723,000000,6.05776,6.05776,5.94127,5.94127,142.40890687401267,0
TLX,D,20100726,000000,6.05239,6.05239,5.82478,5.87023,6303.1882587296195,0
TLX,D,20100727,000000,5.56696,5.76964,5.56696,5.76964,2094.686234691634,0
TLX,D,20100728,000000,5.81989,6.02257,5.81989,6.02257,494.18016191355133,0
TLX,D,20100729,000000,6.02257,6.02257,6.02257,6.02257,39.321862345809464,0
TLX,D,20100730,000000,6.02257,6.02257,6.02257,6.02257,1045.748987791257,0
TLX,D,20100802,000000,5.99707,5.99707,5.66773,5.99707,1530.3643723774492,0
TLX,D,20100803,000000,5.99707,5.99707,5.99707,5.99707,19.129554654718117,0
TLX,D,20100804,000000,5.99707,5.99707,5.99707,5.99707,504.80769227728365,0
TLX,D,20100805,000000,5.81989,5.99707,5.81989,5.99707,206.1740890564064,0
TLX,D,20100806,000000,5.99707,5.99707,5.81989,5.99707,1402.834008012662,0
TLX,D,20100809,000000,6.02257,6.02257,5.81989,5.81989,19.129554654718117,0
TLX,D,20100810,000000,6.02257,6.02257,5.81989,5.81989,206.1740890564064,0
TLX,D,20100811,000000,5.81989,5.81989,5.54164,5.81989,29.757085018450407,0
TLX,D,20100812,000000,5.56696,5.9869,5.56696,5.9869,3459.2611333948594,0
TLX,D,20100813,000000,5.58211,5.81989,5.58211,5.81989,19.129554654718117,0
TLX,D,20100816,000000,5.81989,5.81989,5.81989,5.81989,19.129554654718117,0
TLX,D,20100817,000000,5.57185,5.9869,5.57185,5.9869,218.92712549288512,0
TLX,D,20100818,000000,5.58211,5.9869,5.58211,5.9869,19.129554654718117,0
TLX,D,20100819,000000,5.97166,5.97166,5.96197,5.96197,489.9291497680585,0
TLX,D,20100820,000000,5.59707,5.96197,5.59707,5.96197,19.129554654718117,0
TLX,D,20100823,000000,5.68806,5.96197,5.68806,5.96197,19.129554654718117,0
TLX,D,20100824,000000,5.66773,5.94673,5.66773,5.94673,19.129554654718117,0
TLX,D,20100825,000000,5.66773,5.94673,5.66773,5.94673,19.129554654718117,0
TLX,D,20100826,000000,5.66773,5.94673,5.66773,5.94673,19.129554654718117,0
TLX,D,20100827,000000,5.66773,5.66773,5.66773,5.66773,5.3137651818661435,0
TLX,D,20100830,000000,5.66773,5.89592,5.66773,5.89592,605.7692307327403,0
TLX,D,20100831,000000,5.89592,5.89592,5.87023,5.87023,88.20850201897798,0
TLX,D,20100901,000000,5.87023,5.87023,5.81989,5.87023,178.54251011070244,0
TLX,D,20100902,000000,5.57185,5.87023,5.57185,5.87023,20.192307691091347,0
TLX,D,20100903,000000,5.60215,5.87023,5.60215,5.87023,613.208501987353,0
TLX,D,20100906,000000,5.66773,5.87023,5.66773,5.87023,386.84210523985524,0
TLX,D,20100907,000000,5.6476,5.87023,5.6476,5.87023,19.129554654718117,0
TLX,D,20100908,000000,5.60215,5.60215,5.60215,5.60215,5.3137651818661435,0
TLX,D,20100909,000000,5.86543,5.86543,5.76964,5.85997,300.75910929362374,0
TLX,D,20100910,000000,5.81989,5.87023,5.81989,5.87023,108.40080971006932,0
TLX,D,20100913,000000,5.86543,6.02257,5.86543,6.02257,4798.329959225128,0
TLX,D,20100914,000000,6.02257,6.02257,5.99707,6.02257,136551.01213752019,0
TLX,D,20100915,000000,6.00206,6.52814,6.00206,6.52814,109158.55262500778,0
TLX,D,20100916,000000,6.42727,6.57886,6.37656,6.52814,2612.2469634053964,0
TLX,D,20100917,000000,6.52814,6.57359,6.27502,6.47799,733.2995950975278,0
TLX,D,20100920,000000,6.52814,6.52814,6.02257,6.02257,407.0344129309466,0
TLX,D,20100921,000000,6.17444,6.42266,6.17444,6.42266,2739.7773277701835,0
TLX,D,20100922,000000,6.42727,6.43781,6.25028,6.42727,1313.5627529573107,0
TLX,D,20100923,000000,6.22478,6.42727,6.13369,6.42727,655.7186234422821,0
TLX,D,20100924,000000,6.42727,6.42727,6.42727,6.42727,19.129554654718117,0
TLX,D,20100927,000000,6.42266,6.42266,6.41673,6.41673,19.129554654718117,0
TLX,D,20100928,000000,6.41673,6.41673,6.22478,6.32583,903.3400809172444,0
TLX,D,20100929,000000,6.32583,6.41673,6.07291,6.41673,1352.8846153031202,0
TLX,D,20100930,000000,6.47799,6.47799,6.47799,6.47799,51.01214574591498,0
TLX,D,20101001,000000,6.47799,6.47799,6.3009,6.47799,29.757085018450407,0
TLX,D,20101004,000000,6.47799,6.47799,6.3009,6.37656,218.92712549288512,0
TLX,D,20101005,000000,6.47799,6.47799,6.3009,6.42727,691.8522266789719,0
TLX,D,20101006,000000,6.42727,6.42727,6.42727,6.42727,19.129554654718117,0
TLX,D,20101007,000000,6.42727,6.42727,6.42727,6.42727,19.129554654718117,0
TLX,D,20101008,000000,6.42727,6.42727,6.42727,6.42727,19.129554654718117,0
TLX,D,20101011,000000,6.42727,6.42727,6.42727,6.42727,19.129554654718117,0
TLX,D,20101012,000000,6.42727,6.42727,6.42727,6.42727,19.129554654718117,0
TLX,D,20101013,000000,6.42727,6.42727,6.32583,6.32583,19.129554654718117,0
TLX,D,20101014,000000,6.32583,6.32583,6.12334,6.27502,26.56882590933072,0
TLX,D,20101015,000000,6.32583,6.32583,6.27502,6.27502,19.129554654718117,0
TLX,D,20101018,000000,6.40159,6.40159,6.02257,6.32583,57.388663964154354,0
TLX,D,20101019,000000,6.32583,6.47799,6.28029,6.28029,3853.5425098893274,0
TLX,D,20101020,000000,6.37656,6.37656,6.07291,6.37656,284.81781374802534,0
TLX,D,20101021,000000,6.12334,6.37656,6.12334,6.37656,751.3663967158727,0
TLX,D,20101022,000000,6.37656,6.37656,6.07291,6.37656,218.92712549288512,0
TLX,D,20101025,000000,6.37656,6.37656,6.37656,6.37656,19.129554654718117,0
TLX,D,20101026,000000,6.47799,6.47799,6.42266,6.42266,19.129554654718117,0
TLX,D,20101027,000000,6.42266,6.42266,6.42266,6.42266,19.129554654718117,0
TLX,D,20101028,000000,6.42266,6.42266,6.0779,6.42266,255.06072872957492,0
TLX,D,20101029,000000,6.42003,6.42003,6.42003,6.42003,19.129554654718117,0
TLX,D,20101102,000000,6.42266,6.42266,6.22478,6.22478,19.129554654718117,0
TLX,D,20101103,000000,6.22478,6.22478,6.22478,6.22478,19.129554654718117,0
TLX,D,20101104,000000,6.21509,6.21509,6.21509,6.21509,19.129554654718117,0
TLX,D,20101105,000000,6.22478,6.22478,6.07291,6.07291,19.129554654718117,0
TLX,D,20101108,000000,6.07291,6.07291,6.07291,6.07291,264.625506056934,0
TLX,D,20101109,000000,6.07291,6.42266,5.71883,6.42266,5358.400809393819,0
TLX,D,20101110,000000,6.42266,6.57886,6.42266,6.52814,4490.131578676892,0
TLX,D,20101112,000000,6.52814,6.52814,6.48326,6.50311,873.582995898794,0
TLX,D,20101115,000000,6.65451,6.65451,6.6037,6.6037,19.129554654718117,0
TLX,D,20101116,000000,6.65451,6.65451,6.3009,6.65451,1460.2226719768164,0
TLX,D,20101117,000000,6.6802,6.6802,6.67616,6.67616,415.53643722193243,0
TLX,D,20101118,000000,6.6802,6.6802,6.32583,6.47799,2273.228744802336,0
TLX,D,20101119,000000,6.70514,6.70514,6.50311,6.50311,505.8704453136569,0
TLX,D,20101122,000000,6.73017,6.73017,6.52814,6.73017,1203.036437174495,0
TLX,D,20101123,000000,6.73017,6.73017,6.35086,6.6802,1266.8016193568888,0
TLX,D,20101124,000000,6.6802,6.6802,6.33101,6.33101,574.9493926779168,0
TLX,D,20101125,000000,6.67616,6.6802,6.47799,6.6802,188.1072874380615,0
TLX,D,20101126,000000,6.63014,6.73017,6.52814,6.65037,2251.973684074872,0
TLX,D,20101129,000000,6.82661,6.82661,6.45315,6.6802,588.7651821507687,0
TLX,D,20101130,000000,6.6802,6.6802,6.01231,6.57886,5591.1437243595565,0
TLX,D,20101201,000000,6.73017,6.73017,6.52814,6.52814,546.2550606958396,0
TLX,D,20101202,000000,6.52814,6.52814,6.11845,6.32583,2312.5506071481454,0
TLX,D,20101203,000000,6.32583,6.32583,6.32583,6.32583,967.1052630996383,0
TLX,D,20101206,000000,6.55844,6.55844,6.55844,6.55844,1.0627530363732287,0
TLX,D,20101207,000000,6.42266,6.42266,6.23023,6.41673,807.6923076436539,0
TLX,D,20101208,000000,6.53859,6.53859,6.29554,6.29554,415.53643722193243,0
TLX,D,20101209,000000,6.02755,6.37656,6.02755,6.37656,208.29959512915283,0
TLX,D,20101210,000000,6.23023,6.37656,6.23023,6.37656,9.564777327359058,0
TLX,D,20101213,000000,6.23023,6.37656,6.23023,6.37656,19.129554654718117,0
TLX,D,20101214,000000,6.23023,6.42266,6.23023,6.42266,332.6417003848206,0
TLX,D,20101215,000000,6.11845,6.54856,6.11845,6.54856,206.1740890564064,0
TLX,D,20101216,000000,6.54856,6.54856,6.35604,6.54856,29.757085018450407,0
TLX,D,20101217,000000,6.54856,6.54856,6.52814,6.52814,19.129554654718117,0
TLX,D,20101220,000000,6.33101,6.48797,6.32583,6.48797,484.6153845861923,0
TLX,D,20101221,000000,6.48326,6.48326,6.32583,6.32583,218.92712549288512,0
TLX,D,20101222,000000,6.48326,6.48326,6.32583,6.47799,891.649797517139,0
TLX,D,20101223,000000,6.42727,6.42727,6.42727,6.42727,1.0627530363732287,0
TLX,D,20101227,000000,6.47281,6.47281,6.22478,6.47281,591.9534412598883,0
TLX,D,20101228,000000,6.47281,6.47281,6.22478,6.40159,428.28947365841117,0
TLX,D,20101229,000000,6.26778,6.62543,6.26778,6.5782,6362.702428766521,0
TLX,D,20101230,000000,6.85795,6.85795,6.5782,6.5782,16601.265181186307,0
TLX,D,20101231,000000,6.5782,6.5782,6.5782,6.5782,108.40080971006932,0
TLX,D,20110103,000000,6.63014,6.8315,6.63014,6.63014,2468.7753034950106,0
TLX,D,20110104,000000,6.48326,7.00934,6.48326,7.00934,9.564777327359058,0
TLX,D,20110105,000000,6.8315,6.8315,6.35086,6.8315,1511.2348177227313,0
TLX,D,20110107,000000,6.8315,6.8315,6.57886,6.57886,1598.380566705336,0
TLX,D,20110110,000000,6.45767,6.65037,6.45767,6.65037,9.564777327359058,0
TLX,D,20110111,000000,6.8315,6.8315,6.37656,6.62468,518.6234817501356,0
TLX,D,20110112,000000,6.47799,6.77674,6.47799,6.77674,206.1740890564064,0
TLX,D,20110113,000000,6.77119,6.77119,6.57886,6.65451,747.1153845703798,0
TLX,D,20110114,000000,6.77119,6.77119,6.57886,6.77119,443.16801616763644,0
TLX,D,20110117,000000,6.70024,6.72047,6.53341,6.70024,563.2591092778111,0
TLX,D,20110118,000000,6.80168,6.80168,6.73017,6.73017,19.129554654718117,0
TLX,D,20110119,000000,6.82182,6.82182,6.63014,6.63014,1018.1174088455531,0
TLX,D,20110120,000000,6.65451,6.65451,6.3918,6.62468,131.78137651028038,0
TLX,D,20110121,000000,6.72603,6.72603,6.38116,6.38116,603.6437246599938,0
TLX,D,20110124,000000,6.38116,6.38634,6.38116,6.38634,19.129554654718117,0
TLX,D,20110125,000000,6.42727,6.42727,6.38116,6.38116,623.8360323510852,0
TLX,D,20110126,000000,6.54856,6.54856,6.22478,6.22478,369.8380566578836,0
TLX,D,20110127,000000,6.22478,6.37656,6.22478,6.22478,136.03238865577327,0
TLX,D,20110128,000000,6.22478,6.22478,6.22478,6.22478,19.129554654718117,0
TLX,D,20110131,000000,6.5255,6.5255,6.24106,6.24106,827.8846153347451,0
TLX,D,20110201,000000,6.49784,6.49784,6.25028,6.25028,39.321862345809464,0
TLX,D,20110202,000000,6.25028,6.49784,6.25028,6.49784,206.1740890564064,0
TLX,D,20110203,000000,6.49784,6.49784,6.49324,6.49324,19.129554654718117,0
TLX,D,20110204,000000,6.49784,6.49784,6.3009,6.49784,155.1619433104914,0
TLX,D,20110207,000000,6.49784,6.49784,6.07291,6.32583,2376.3157893305397,0
TLX,D,20110208,000000,6.33101,6.33101,6.30532,6.30532,398.5323886399608,0
TLX,D,20110209,000000,6.47281,6.47281,6.14885,6.44694,302.88461536637016,0
TLX,D,20110210,000000,6.49784,6.49784,6.49784,6.49784,9.564777327359058,0
TLX,D,20110211,000000,6.37138,6.37138,6.37138,6.37138,1.0627530363732287,0
TLX,D,20110214,000000,6.23023,6.41673,6.23023,6.41673,19.129554654718117,0
TLX,D,20110215,000000,6.50311,6.82661,6.50311,6.77674,2366.75101200318,0
TLX,D,20110216,000000,6.77674,6.77674,6.53341,6.70514,684.4129554243592,0
TLX,D,20110217,000000,6.70514,6.70514,6.32583,6.32583,3734.5141698155257,0
TLX,D,20110218,000000,6.32583,6.59965,6.32583,6.32583,4929.048582699035,0
TLX,D,20110221,000000,6.49784,6.49784,6.32583,6.42727,1268.9271254296352,0
TLX,D,20110222,000000,6.42727,6.42727,6.42727,6.42727,9.564777327359058,0
TLX,D,20110223,000000,6.28029,6.57886,6.28029,6.57886,233.8056680021103,0
TLX,D,20110224,000000,6.38116,6.38116,6.37656,6.37656,6772.925100806587,0
TLX,D,20110225,000000,6.33101,6.33101,6.32583,6.32583,2883.24898768057,0
TLX,D,20110228,000000,6.49916,6.49916,6.32508,6.32508,1225.3542509383328,0
TLX,D,20110301,000000,6.42266,6.42266,6.42266,6.42266,19.129554654718117,0
TLX,D,20110302,000000,6.52353,6.52353,6.46811,6.46811,19.129554654718117,0
TLX,D,20110303,000000,6.57359,6.57359,6.37656,6.49784,972.4190282815043,0
TLX,D,20110304,000000,6.57359,6.57359,6.42727,6.57359,605.7692307327403,0
TLX,D,20110307,000000,6.42727,6.57359,6.42727,6.57359,206.1740890564064,0
TLX,D,20110308,000000,6.54856,6.54856,6.42727,6.54856,214.6761133473922,0
TLX,D,20110309,000000,6.47281,6.56381,6.47281,6.56381,19.129554654718117,0
TLX,D,20110310,000000,6.57359,6.57359,6.3009,6.57359,10594.585019604616,0
TLX,D,20110311,000000,6.57359,6.57359,6.56381,6.56381,19.129554654718117,0
TLX,D,20110314,000000,6.57359,6.57359,6.38116,6.53341,55558.603235519455,0
TLX,D,20110315,000000,6.56381,6.56381,6.14885,6.38116,2787.601214406979,0
TLX,D,20110316,000000,6.21979,6.55844,6.21979,6.55844,109.46356274644256,0
TLX,D,20110317,000000,6.55712,6.55712,6.37853,6.457,282.6923076752788,0
TLX,D,20110318,000000,6.54856,6.55844,6.54856,6.55844,19.129554654718117,0
TLX,D,20110321,000000,6.55844,6.56889,6.55844,6.56889,2981.0222670269063,0
TLX,D,20110322,000000,6.56889,6.56889,6.56889,6.56889,236.99392711123,0
TLX,D,20110323,000000,6.38634,6.56889,6.38634,6.56889,395.3441295308411,0
TLX,D,20110324,000000,6.56889,6.56889,6.3009,6.56889,2276.417003911456,0
TLX,D,20110325,000000,6.56381,6.56381,6.56381,6.56381,1.0627530363732287,0
TLX,D,20110328,000000,6.25499,6.56889,6.25499,6.56889,325.20242913020803,0
TLX,D,20110329,000000,6.26515,6.51835,6.26515,6.51835,9.564777327359058,0
TLX,D,20110330,000000,6.26044,6.51835,6.26044,6.51835,550.5060728413324,0
TLX,D,20110331,000000,6.52024,6.52024,6.50518,6.50518,19.129554654718117,0
TLX,D,20110401,000000,6.56889,6.56889,6.47799,6.47799,19.129554654718117,0
TLX,D,20110404,000000,6.56889,6.56889,6.37656,6.54856,171.1032388560898,0
TLX,D,20110405,000000,6.56889,6.56889,6.37656,6.52814,317.7631578755954,0
TLX,D,20110406,000000,6.52814,6.56889,6.37656,6.56381,171.1032388560898,0
TLX,D,20110407,000000,6.26044,6.52814,6.26044,6.52814,218.92712549288512,0
TLX,D,20110408,000000,6.52814,6.52814,6.52814,6.52814,3301.9736840116216,0
TLX,D,20110411,000000,6.56381,6.56381,6.55844,6.55844,19.129554654718117,0
TLX,D,20110412,000000,6.55844,6.55844,6.55383,6.55383,19.129554654718117,0
TLX,D,20110413,000000,6.52814,6.52814,6.52814,6.52814,19.129554654718117,0
TLX,D,20110414,000000,6.52814,6.56889,6.52814,6.53859,730.1113359884082,0
TLX,D,20110415,000000,6.53859,6.56889,6.53859,6.55383,415.53643722193243,0
TLX,D,20110418,000000,6.55383,6.55383,6.40761,6.40761,242.30769229309615,0
TLX,D,20110419,000000,6.55383,6.55383,6.40159,6.54856,20.192307691091347,0
TLX,D,20110420,000000,6.55383,6.55383,6.47799,6.52353,1592.0040484870967,0
TLX,D,20110421,000000,6.52353,6.52353,6.33101,6.52353,39.321862345809464,0
TLX,D,20110426,000000,6.52353,6.52353,6.17444,6.52353,2332.742914839237,0
TLX,D,20110427,000000,6.52353,6.52353,6.32583,6.51835,582.3886639325294,0
TLX,D,20110428,000000,6.42727,6.42727,6.37656,6.42727,692.9149797153451,0
TLX,D,20110429,000000,6.4253,6.4253,6.4253,6.4253,114.77732792830871,0
TLX,D,20110502,000000,6.33572,6.33572,6.33572,6.33572,264.625506056934,0
TLX,D,20110504,000000,6.42727,6.42727,6.32583,6.42727,39.321862345809464,0
TLX,D,20110505,000000,6.42003,6.42003,6.42003,6.42003,19.129554654718117,0
TLX,D,20110506,000000,6.42266,6.42266,6.42266,6.42266,19.129554654718117,0
TLX,D,20110509,000000,6.42266,6.42266,6.42266,6.42266,19.129554654718117,0
TLX,D,20110510,000000,6.42266,6.42727,6.42266,6.42727,19.129554654718117,0
TLX,D,20110511,000000,6.42003,6.42003,6.42003,6.42003,19.129554654718117,0
TLX,D,20110512,000000,6.42266,6.42266,6.42266,6.42266,5.3137651818661435,0
TLX,D,20110513,000000,6.42727,6.42727,6.23504,6.42727,114.77732792830871,0
TLX,D,20110516,000000,6.40159,6.40159,6.29027,6.40159,257.18623480232134,0
TLX,D,20110517,000000,6.23023,6.37656,6.1033,6.37656,1316.7510120664303,0
TLX,D,20110518,000000,6.37656,6.37656,6.37656,6.37656,19.129554654718117,0
TLX,D,20110519,000000,6.35086,6.35086,6.35086,6.35086,19.129554654718117,0
TLX,D,20110520,000000,6.35153,6.35153,6.35153,6.35153,19.129554654718117,0
TLX,D,20110523,000000,6.32583,6.32583,6.32057,6.32057,19.129554654718117,0
TLX,D,20110524,000000,6.3009,6.35604,6.3009,6.35604,591.9534412598883,0
TLX,D,20110525,000000,6.36131,6.36131,6.18469,6.35604,259.3117408750678,0
TLX,D,20110526,000000,6.36131,6.36131,6.35604,6.35604,19.129554654718117,0
TLX,D,20110527,000000,6.36272,6.36272,6.27766,6.3568,2654.7570848603254,0
TLX,D,20110530,000000,6.35604,6.35604,6.29027,6.34635,1074.4433197733342,0
TLX,D,20110531,000000,6.34682,6.34682,6.32508,6.32508,275.2530364206662,0
TLX,D,20110601,000000,6.32583,6.32583,6.32583,6.32583,25.50607287295749,0
TLX,D,20110602,000000,6.32583,6.33101,6.28556,6.33101,2187.1457488561045,0
TLX,D,20110603,000000,6.33045,6.36742,6.32508,6.36742,709.9190282973168,0
TLX,D,20110606,000000,6.32583,6.36611,6.32583,6.36611,495.24291494992457,0
TLX,D,20110607,000000,6.36742,6.36742,6.36742,6.36742,30.819838054823634,0
TLX,D,20110608,000000,6.36742,6.36742,6.35153,6.36742,59.514170036900815,0
TLX,D,20110609,000000,6.36742,6.36742,6.35153,6.35153,30.819838054823634,0
TLX,D,20110610,000000,6.35153,6.3568,6.35153,6.3568,663.1578946968948,0
TLX,D,20110613,000000,6.3568,6.37853,6.24595,6.24595,864.018218571435,0
TLX,D,20110614,000000,6.34099,6.34099,6.34099,6.34099,30.819838054823634,0
TLX,D,20110615,000000,6.20408,6.34099,6.20408,6.34099,111.58906881918902,0
TLX,D,20110616,000000,6.53604,6.53604,6.5255,6.5255,223.17813763837805,0
TLX,D,20110617,000000,6.5255,6.5255,6.5097,6.5097,29.757085018450407,0
TLX,D,20110620,000000,6.5097,6.5097,6.49916,6.49916,29.757085018450407,0
TLX,D,20110621,000000,6.49916,6.49916,6.49916,6.49916,29.757085018450407,0
TLX,D,20110622,000000,6.49916,6.5097,6.49916,6.5097,29.757085018450407,0
TLX,D,20110624,000000,6.08806,6.11431,6.06143,6.06143,3603.795546341619,0
TLX,D,20110627,000000,6.32508,6.32508,5.877,6.32508,428.28947365841117,0
TLX,D,20110628,000000,6.32508,6.32508,6.15129,6.32508,263.56275302056076,0
TLX,D,20110629,000000,6.32508,6.40422,6.14103,6.40422,2481.528339931489,0
TLX,D,20110630,000000,6.40422,6.53134,6.40422,6.53134,603.6437246599938,0
TLX,D,20110701,000000,6.53134,6.53134,6.53134,6.53134,202.9858299472867,0
TLX,D,20110704,000000,6.53134,6.53134,6.53134,6.53134,29.757085018450407,0
TLX,D,20110705,000000,6.54131,6.84195,6.27239,6.84195,864.018218571435,0
TLX,D,20110706,000000,6.84195,6.95788,6.60935,6.84195,3732.3886637427795,0
TLX,D,20110707,000000,6.79481,6.79481,6.79481,6.79481,29.757085018450407,0
TLX,D,20110708,000000,6.79481,6.79481,6.79481,6.79481,29.757085018450407,0
TLX,D,20110711,000000,6.79481,6.79481,6.62045,6.74682,331.5789473484474,0
TLX,D,20110712,000000,6.74682,6.74682,6.5097,6.69412,587.7024291143955,0
TLX,D,20110713,000000,6.79481,6.79481,6.64134,6.64134,29.757085018450407,0
TLX,D,20110714,000000,6.79481,6.79481,6.79481,6.79481,125.40485829204098,0
TLX,D,20110715,000000,6.79481,6.79481,6.21979,6.72047,4014.018218381685,0
TLX,D,20110718,000000,6.53604,6.53604,6.09361,6.27239,1097.8238865735452,0
TLX,D,20110719,000000,6.17246,6.19918,6.17246,6.19918,2.1255060727464574,0
TLX,D,20110720,000000,6.17246,6.17246,6.17246,6.17246,2.1255060727464574,0
TLX,D,20110721,000000,6.17246,6.38314,6.17246,6.38314,1966.0931172904732,0
TLX,D,20110722,000000,6.38314,6.38314,6.38314,6.38314,2.1255060727464574,0
TLX,D,20110725,000000,6.37853,6.37853,6.37853,6.37853,2.1255060727464574,0
TLX,D,20110726,000000,6.37853,6.37853,6.37853,6.37853,2.1255060727464574,0
TLX,D,20110727,000000,6.37853,6.37853,6.37853,6.37853,244.4331983658426,0
TLX,D,20110728,000000,6.37853,6.37853,6.37853,6.37853,2.1255060727464574,0
TLX,D,20110729,000000,6.37853,6.68914,6.37853,6.58884,1519.736842013717,0
TLX,D,20110801,000000,6.79481,6.79481,6.19918,6.27239,2214.777327801809,0
TLX,D,20110802,000000,6.53604,6.53604,6.24595,6.32508,62.70242914602049,0
TLX,D,20110803,000000,6.4523,6.4523,6.16719,6.16719,1739.7267205429753,0
TLX,D,20110804,000000,6.4523,6.4523,5.85084,5.85084,634.4635627148176,0
TLX,D,20110805,000000,5.877,6.53604,5.877,6.53604,428.28947365841117,0
TLX,D,20110808,000000,6.32508,6.32508,6.32508,6.32508,4.251012145492915,0
TLX,D,20110809,000000,5.87202,5.87202,5.87202,5.87202,263.56275302056076,0
TLX,D,20110810,000000,5.8563,5.8563,5.85084,5.85084,3134.0587042646516,0
TLX,D,20110811,000000,5.69257,5.82422,5.69257,5.82422,2646.2550605693395,0
TLX,D,20110812,000000,6.32508,6.32508,5.98249,6.27239,239.11943318397647,0
TLX,D,20110816,000000,6.06143,6.06143,5.84548,5.84548,9107.79352171857,0
TLX,D,20110817,000000,5.71883,5.71883,5.71883,5.71883,1707.8441294517786,0
TLX,D,20110818,000000,5.71883,5.71883,5.71883,5.71883,1183.9068825197767,0
TLX,D,20110822,000000,5.64544,5.64544,5.27113,5.3974,6284.0587040749015,0
TLX,D,20110823,000000,5.27113,5.32372,5.16564,5.16564,14699.999999114701,0
TLX,D,20110824,000000,5.28157,5.28157,5.16564,5.27113,447.4190283131293,0
TLX,D,20110825,000000,4.84402,5.27113,4.84402,5.04445,3247.7732791565873,0
TLX,D,20110826,000000,5.21306,5.21306,5.21306,5.21306,17.00404858197166,0
TLX,D,20110829,000000,5.21306,5.53487,5.21306,5.53487,4598.5323883869605,0
TLX,D,20110831,000000,5.43448,5.43448,5.2764,5.2764,147.72267205587877,0
TLX,D,20110901,000000,5.3974,5.3974,5.27113,5.27113,2323.178137511878,0
TLX,D,20110905,000000,5.37114,5.3767,5.37114,5.3767,2217.9655869109283,0
TLX,D,20110906,000000,5.53487,5.53487,5.53487,5.53487,1897.0141699262133,0
TLX,D,20110907,000000,5.42948,5.42948,5.42948,5.42948,930.9716598629484,0
TLX,D,20110909,000000,5.3767,5.3767,5.3767,5.3767,19.129554654718117,0
TLX,D,20110912,000000,5.3767,5.3767,5.3767,5.3767,376.214574876123,0
TLX,D,20110914,000000,5.3767,5.3767,5.3767,5.3767,111.58906881918902,0
TLX,D,20110915,000000,5.3767,5.3767,5.3767,5.3767,111.58906881918902,0
TLX,D,20110916,000000,5.29728,5.29728,5.29728,5.29728,532.4392712229876,0
TLX,D,20110920,000000,5.53487,5.5663,5.53487,5.56122,3452.88461517662,0
TLX,D,20110927,000000,5.52932,5.56122,5.52932,5.56122,3527.277327722746,0
TLX,D,20110929,000000,5.56122,5.56122,5.56122,5.56122,648.2793521876696,0
TLX,D,20110930,000000,5.54005,5.54005,5.54005,5.54005,283.7550607116521,0
TLX,D,20111003,000000,5.42948,5.42948,5.42948,5.42948,376.214574876123,0
TLX,D,20111004,000000,5.42948,5.42948,5.42948,5.42948,77.5809716552457,0
TLX,D,20111005,000000,5.42948,5.42948,5.42948,5.42948,1011.7408906273138,0
TLX,D,20111011,000000,5.3767,5.3767,5.3767,5.3767,300.75910929362374,0
TLX,D,20111013,000000,5.42948,5.42948,5.32372,5.42948,2449.645748840292,0
TLX,D,20111014,000000,5.50279,5.53487,5.50279,5.52414,3408.2489876489444,0
TLX,D,20111017,000000,5.32372,5.53487,5.32372,5.53487,283.7550607116521,0
TLX,D,20111018,000000,5.53487,5.53487,5.53487,5.53487,284.81781374802534,0
TLX,D,20111019,000000,5.53487,5.53487,5.53487,5.53487,2.1255060727464574,0
TLX,D,20111020,000000,5.53487,5.53487,5.28684,5.28684,380.4655870216159,0
TLX,D,20111021,000000,5.52414,5.52414,5.52414,5.52414,1.0627530363732287,0
TLX,D,20111024,000000,5.52414,5.52414,5.52414,5.52414,1.0627530363732287,0
TLX,D,20111028,000000,5.28684,5.28684,5.27113,5.27113,2712.1457488244796,0
TLX,D,20111031,000000,5.30801,5.30801,5.30801,5.30801,123.27935221929454,0
TLX,D,20111102,000000,5.30801,5.36033,5.11295,5.11295,4552.834007822912,0
TLX,D,20111103,000000,5.27113,5.27113,5.27113,5.27113,1.0627530363732287,0
TLX,D,20111107,000000,5.38168,5.38168,5.38168,5.38168,1.0627530363732287,0
TLX,D,20111108,000000,5.13929,5.13929,5.13929,5.13929,189.17004047443473,0
TLX,D,20111114,000000,5.3767,5.53487,5.3767,5.53487,2708.9574897153598,0
TLX,D,20111115,000000,5.39241,5.39241,5.38686,5.38686,1516.5485829045974,0
TLX,D,20111118,000000,5.50279,5.50279,5.50279,5.50279,1.0627530363732287,0
TLX,D,20111122,000000,5.52932,5.52932,5.52932,5.52932,1.0627530363732287,0
TLX,D,20111123,000000,5.52932,5.52932,5.52932,5.52932,1.0627530363732287,0
TLX,D,20111130,000000,5.52989,5.52989,5.52989,5.52989,442.10526313126314,0
TLX,D,20111201,000000,5.3767,5.3767,5.3767,5.3767,947.97570844492,0
TLX,D,20111206,000000,5.52932,5.52932,5.52932,5.52932,1.0627530363732287,0
TLX,D,20111207,000000,5.52932,5.52932,5.52932,5.52932,1.0627530363732287,0
TLX,D,20111209,000000,5.52932,5.52932,5.52932,5.52932,1.0627530363732287,0
TLX,D,20111212,000000,5.2764,5.52932,5.2764,5.52932,56.32591092778112,0
TLX,D,20111213,000000,5.52932,5.52932,5.52932,5.52932,2.1255060727464574,0
TLX,D,20111214,000000,5.2764,5.52932,5.27113,5.52932,451.6700404586222,0
TLX,D,20111219,000000,5.27113,5.52932,5.27113,5.52932,190.23279351080794,0
TLX,D,20111220,000000,5.52932,5.52932,5.52932,5.52932,458.0465586768616,0
TLX,D,20111227,000000,5.27113,5.27113,5.27113,5.27113,131.78137651028038,0
TLX,D,20111229,000000,5.2764,5.2764,5.2764,5.2764,2.1255060727464574,0
TLX,D,20120113,000000,5.14983,5.2764,5.14983,5.2764,5.3137651818661435,0
TLX,D,20120116,000000,5.2764,5.2764,5.2764,5.2764,370.90080969425685,0
TLX,D,20120127,000000,5.28157,5.28157,5.28157,5.28157,125.40485829204098,0
TLX,D,20120130,000000,5.27113,5.27113,5.27113,5.27113,1707.8441294517786,0
TLX,D,20120131,000000,5.39523,5.53487,5.39523,5.53487,2086.184210400648,0
TLX,D,20120202,000000,5.52932,5.52932,5.52932,5.52932,1.0627530363732287,0
TLX,D,20120206,000000,5.52932,5.52932,5.52932,5.52932,123.27935221929454,0
TLX,D,20120208,000000,5.52932,5.52932,5.52932,5.52932,189.17004047443473,0
TLX,D,20120209,000000,5.52932,5.52932,5.52932,5.52932,1.0627530363732287,0
TLX,D,20120210,000000,5.28157,5.28157,5.27113,5.27113,2028.7955464364936,0
TLX,D,20120213,000000,5.2764,5.52932,5.2764,5.52932,134.96963561940007,0
TLX,D,20120214,000000,5.52932,5.52932,5.52414,5.52414,9.564777327359058,0
TLX,D,20120215,000000,5.52414,5.52414,5.27113,5.30274,4441.244939003723,0
TLX,D,20120216,000000,5.30274,5.30274,5.30274,5.30274,860.8299594623153,0
TLX,D,20120217,000000,5.32372,5.32372,5.27113,5.27113,4876.973683916747,0
TLX,D,20120220,000000,5.4978,5.4978,5.27113,5.27113,6957.844129135529,0
TLX,D,20120221,000000,5.37114,5.37114,5.27113,5.37114,164.72672063785043,0
TLX,D,20120222,000000,5.38686,5.38686,5.38686,5.38686,19.129554654718117,0
TLX,D,20120223,000000,5.3767,5.3767,5.3767,5.3767,78.64372469161893,0
TLX,D,20120227,000000,5.16564,5.16564,5.16564,5.16564,663.1578946968948,0
TLX,D,20120228,000000,5.07079,5.26059,5.07079,5.26059,589.827935187142,0
TLX,D,20120229,000000,5.26011,5.26011,5.26011,5.26011,317.7631578755954,0
TLX,D,20120302,000000,5.26059,5.26059,5.26059,5.26059,95.64777327359057,0
TLX,D,20120307,000000,5.26059,5.26059,5.26059,5.26059,134.96963561940007,0
TLX,D,20120312,000000,5.10768,5.10768,4.9655,4.9655,5934.41295510811,0
TLX,D,20120313,000000,5.09178,5.09178,4.96005,4.9655,363.46153843964424,0
TLX,D,20120314,000000,4.92843,4.96005,4.92843,4.96005,625.9615384238317,0
TLX,D,20120316,000000,4.9655,4.9655,4.9655,4.9655,414.4736841855592,0
TLX,D,20120319,000000,4.9655,4.9655,4.9655,4.9655,401.72064774908046,0
TLX,D,20120320,000000,4.84929,4.84929,4.84929,4.84929,421.9129554401718,0
TLX,D,20120322,000000,5.09178,5.27113,5.09178,5.25532,4396.609311476047,0
TLX,D,20120323,000000,5.25532,5.25532,5.25532,5.25532,208.29959512915283,0
TLX,D,20120326,000000,5.00747,5.0182,5.00747,5.0182,917.1558703900964,0
TLX,D,20120328,000000,5.0182,5.0182,5.0182,5.0182,2.1255060727464574,0
TLX,D,20120329,000000,5.06562,5.06562,5.02864,5.02864,3067.1052629731385,0
TLX,D,20120330,000000,4.88289,4.88289,4.88289,4.88289,595.1417003690082,0
TLX,D,20120403,000000,5.02864,5.02864,5.02864,5.02864,1.0627530363732287,0
TLX,D,20120405,000000,4.82361,4.82361,4.80742,4.80742,499.4939270954175,0
TLX,D,20120413,000000,4.8652,4.8652,4.8652,4.8652,189.17004047443473,0
TLX,D,20120416,000000,4.87047,5.11295,4.87047,4.94433,4931.1740887717815,0
TLX,D,20120417,000000,5.11464,5.1201,5.11464,5.1201,2267.91497962047,0
TLX,D,20120418,000000,5.19199,5.40813,5.19199,5.40813,30885.728743078977,0
TLX,D,20120419,000000,5.17628,5.17628,5.17628,5.17628,48.886639673168524,0
TLX,D,20120420,000000,5.11295,5.11295,5.06025,5.06025,537.7530364048537,0
TLX,D,20120423,000000,5.00747,5.00747,5.00747,5.00747,947.97570844492,0
TLX,D,20120424,000000,4.90208,4.90208,4.90208,4.90208,189.17004047443473,0
TLX,D,20120425,000000,5.08641,5.08641,5.08641,5.08641,1.0627530363732287,0
TLX,D,20120426,000000,5.08641,5.08641,5.08641,5.08641,214.6761133473922,0
TLX,D,20120427,000000,5.08783,5.08783,5.08783,5.08783,2.1255060727464574,0
TLX,D,20120430,000000,5.08783,5.08783,5.08783,5.08783,1.0627530363732287,0
TLX,D,20120502,000000,5.08641,5.08641,5.00747,5.08641,178.54251011070244,0
TLX,D,20120504,000000,5.08783,5.08783,5.08783,5.08783,2.1255060727464574,0
TLX,D,20120507,000000,4.59636,4.87047,4.59636,4.87047,302.88461536637016,0
TLX,D,20120510,000000,4.76979,4.76979,4.76979,4.76979,627.024291460205,0
TLX,D,20120511,000000,4.77515,4.77515,4.77515,4.77515,37.19635627306301,0
TLX,D,20120515,000000,4.6404,4.65104,4.6404,4.65104,2094.686234691634,0
TLX,D,20120516,000000,4.65104,4.97981,4.65104,4.7966,2848.1781374802526,0
TLX,D,20120517,000000,4.82361,4.82361,4.7966,4.7966,370.90080969425685,0
TLX,D,20120518,000000,4.85061,4.85061,4.63494,4.82361,944.7874493358004,0
TLX,D,20120521,000000,4.84525,4.84525,4.84525,4.84525,1.0627530363732287,0
TLX,D,20120523,000000,4.58112,4.58112,4.23071,4.23071,3118.1174087190534,0
TLX,D,20120524,000000,4.25235,4.25772,4.09597,4.23617,1160.526315719566,0
TLX,D,20120528,000000,4.23617,4.23617,4.23617,4.23617,187.04453440168825,0
TLX,D,20120529,000000,4.09597,4.09597,4.09597,4.09597,122.2165991829213,0
TLX,D,20120530,000000,4.09597,4.09597,4.09597,4.09597,379.40283398524264,0
TLX,D,20120604,000000,4.06905,4.06905,4.06905,4.06905,540.9412955139735,0
TLX,D,20120605,000000,4.05297,4.05297,3.71864,4.05297,2945.95141682659,0
TLX,D,20120606,000000,3.96141,3.96141,3.96141,3.96141,518.6234817501356,0
TLX,D,20120608,000000,3.96141,3.96141,3.95595,3.95595,607.8947368054869,0
TLX,D,20120612,000000,3.82667,3.82667,3.82667,3.82667,370.90080969425685,0
TLX,D,20120613,000000,3.82667,3.82667,3.82667,3.82667,1.0627530363732287,0
TLX,D,20120614,000000,3.88049,3.88049,3.88049,3.88049,178.54251011070244,0
TLX,D,20120618,000000,3.88049,3.88049,3.88049,3.88049,2.1255060727464574,0
TLX,D,20120620,000000,3.88049,3.88049,3.88049,3.88049,236.99392711123,0
TLX,D,20120625,000000,3.78875,3.78875,3.78348,3.78348,1171.153846083298,0
TLX,D,20120626,000000,3.95595,3.95595,3.95595,3.95595,187.04453440168825,0
TLX,D,20120627,000000,3.82667,3.95595,3.82667,3.95595,5.3137651818661435,0
TLX,D,20120628,000000,3.77802,3.77802,3.77802,3.77802,57.388663964154354,0
TLX,D,20120629,000000,3.89677,3.89677,3.89677,3.89677,1.0627530363732287,0
TLX,D,20120702,000000,3.95049,3.95049,3.95049,3.95049,1.0627530363732287,0
TLX,D,20120703,000000,3.95049,3.95049,3.95049,3.95049,2.1255060727464574,0
TLX,D,20120704,000000,3.95049,3.95049,3.95049,3.95049,2.1255060727464574,0
TLX,D,20120705,000000,3.95049,3.95049,3.95049,3.95049,2.1255060727464574,0
TLX,D,20120706,000000,3.95049,3.95049,3.95049,3.95049,1.0627530363732287,0
TLX,D,20120709,000000,3.95049,3.95049,3.95049,3.95049,2.1255060727464574,0
TLX,D,20120710,000000,3.95049,3.95049,3.95049,3.95049,1.0627530363732287,0
TLX,D,20120711,000000,3.95049,3.95049,3.95049,3.95049,368.7753036215104,0
TLX,D,20120717,000000,3.83749,3.83749,3.83749,3.83749,400.6578947127072,0
TLX,D,20120726,000000,3.82667,3.82667,3.82667,3.82667,20.192307691091347,0
TLX,D,20120727,000000,3.82667,3.95595,3.82667,3.95595,901.214574844498,0
TLX,D,20120730,000000,3.78348,3.78348,3.78348,3.78348,300.75910929362374,0
TLX,D,20120731,000000,3.78348,3.78348,3.78348,3.78348,2.1255060727464574,0
TLX,D,20120801,000000,3.78348,3.78348,3.78348,3.78348,13.815789472851973,0
TLX,D,20120802,000000,3.78348,3.78348,3.78348,3.78348,215.73886638376544,0
TLX,D,20120803,000000,3.78348,3.78348,3.78348,3.78348,2.1255060727464574,0
TLX,D,20120806,000000,3.78348,3.78348,3.77802,3.77802,545.1923076594663,0
TLX,D,20120807,000000,3.82667,3.82667,3.82667,3.82667,5379.655870121284,0
TLX,D,20120808,000000,3.77265,3.77265,3.64337,3.64337,4293.5222669478435,0
TLX,D,20120809,000000,3.64337,3.64337,3.60018,3.60018,1135.0202428466084,0
TLX,D,20120810,000000,3.60018,3.60018,3.60018,3.60018,570.6983805324238,0
TLX,D,20120816,000000,3.7672,3.7672,3.611,3.611,5.3137651818661435,0
TLX,D,20120817,000000,3.60018,3.60018,3.60018,3.60018,608.9574898418601,0
TLX,D,20120821,000000,3.7672,3.7672,3.59481,3.59481,849.1396760622098,0
TLX,D,20120822,000000,3.59481,3.7672,3.59481,3.7672,370.90080969425685,0
TLX,D,20120823,000000,3.7672,3.7672,3.7672,3.7672,1.0627530363732287,0
TLX,D,20120824,000000,3.7672,3.7672,3.7672,3.7672,2.1255060727464574,0
TLX,D,20120827,000000,3.7672,3.7672,3.7672,3.7672,1.0627530363732287,0
TLX,D,20120828,000000,3.7672,3.7672,3.7672,3.7672,2.1255060727464574,0
TLX,D,20120829,000000,3.7672,3.7672,3.59481,3.59481,5.3137651818661435,0
TLX,D,20120830,000000,3.7672,3.7672,3.59481,3.7672,470.79959511334033,0
TLX,D,20120831,000000,3.7672,3.7672,3.7672,3.7672,1.0627530363732287,0
TLX,D,20120903,000000,3.7672,3.7672,3.7672,3.7672,505.8704453136569,0
TLX,D,20120914,000000,3.77265,3.82667,3.77265,3.77265,4951.366396462873,0
TLX,D,20120918,000000,3.95595,3.95595,3.95595,3.95595,2.1255060727464574,0
TLX,D,20120919,000000,3.95595,3.95595,3.77265,3.86967,992.6113359725957,0
TLX,D,20120920,000000,3.86967,3.86967,3.86967,3.86967,2.1255060727464574,0
TLX,D,20120921,000000,3.86967,3.86967,3.86967,3.86967,1.0627530363732287,0
TLX,D,20120924,000000,3.85894,3.85894,3.85894,3.85894,1.0627530363732287,0
TLX,D,20120925,000000,3.85894,3.85894,3.85894,3.85894,82.89473683711185,0
TLX,D,20120926,000000,3.85894,3.85894,3.85894,3.85894,2.1255060727464574,0
TLX,D,20120927,000000,3.85894,3.85894,3.85894,3.85894,2.1255060727464574,0
TLX,D,20120928,000000,3.85894,3.85894,3.85894,3.85894,2.1255060727464574,0
TLX,D,20121001,000000,3.85894,3.85894,3.85894,3.85894,492.0546558408049,0
TLX,D,20121002,000000,3.69192,3.69192,3.69192,3.69192,379.40283398524264,0
TLX,D,20121008,000000,3.69192,3.85894,3.69192,3.85894,216.80161942013865,0
TLX,D,20121009,000000,3.85894,3.85894,3.85894,3.85894,2.1255060727464574,0
TLX,D,20121010,000000,3.85894,3.85894,3.6811,3.85894,174.29149796520952,0
TLX,D,20121011,000000,3.85894,3.85894,3.85894,3.85894,2.1255060727464574,0
TLX,D,20121012,000000,3.85894,3.85894,3.85894,3.85894,2.1255060727464574,0
TLX,D,20121015,000000,3.85894,3.85894,3.85894,3.85894,2.1255060727464574,0
TLX,D,20121016,000000,3.85894,3.85894,3.84812,3.84812,2.1255060727464574,0
TLX,D,20121017,000000,3.84812,3.84812,3.84812,3.84812,2.1255060727464574,0
TLX,D,20121018,000000,3.85894,3.85894,3.83749,3.83749,2.1255060727464574,0
TLX,D,20121019,000000,3.85894,3.85894,3.85894,3.85894,2.1255060727464574,0
TLX,D,20121022,000000,3.85894,3.85894,3.23913,3.39543,17637.4493916497,0
TLX,D,20121023,000000,3.42234,3.42234,2.82954,3.07748,16391.902833021086,0
TLX,D,20121024,000000,3.20677,3.20677,2.58697,2.58697,16513.056679167024,0
TLX,D,20121025,000000,2.77026,2.80253,2.53314,2.61397,31704.04858108636,0
TLX,D,20121026,000000,2.85636,2.97501,2.61397,2.92119,76965.63764718571,0
TLX,D,20121029,000000,3.17995,3.17995,2.94819,3.12584,6652.834007696411,0
TLX,D,20121030,000000,3.12584,3.12584,3.12584,3.12584,1.0627530363732287,0
TLX,D,20121031,000000,3.04502,3.04502,2.84027,3.01274,1969.2813763995928,0
TLX,D,20121102,000000,2.9912,3.01811,2.9912,3.01811,380.4655870216159,0
TLX,D,20121106,000000,2.9912,2.9912,2.9912,2.9912,1.0627530363732287,0
TLX,D,20121107,000000,3.01811,3.01811,3.01811,3.01811,1.0627530363732287,0
TLX,D,20121108,000000,3.01811,3.01811,2.9912,2.9912,2.1255060727464574,0
TLX,D,20121109,000000,3.01811,3.01811,2.9912,2.9912,726.9230768792885,0
TLX,D,20121112,000000,2.9912,3.01811,2.9912,3.01811,44.63562752767561,0
TLX,D,20121113,000000,3.01811,3.01811,2.88337,3.01811,414.4736841855592,0
TLX,D,20121114,000000,2.88337,2.88337,2.88337,2.88337,436.791497949397,0
TLX,D,20121115,000000,3.01274,3.01274,3.01274,3.01274,5.3137651818661435,0
TLX,D,20121116,000000,3.01274,3.01274,2.87264,2.87264,726.9230768792885,0
TLX,D,20121119,000000,2.87264,2.87264,2.87264,2.87264,197.67206476542054,0
TLX,D,20121120,000000,2.87264,2.87264,2.87264,2.87264,3526.214574686373,0
TLX,D,20121121,000000,2.87264,2.87264,2.77562,2.77562,788.5627529889357,0
TLX,D,20121123,000000,2.6948,2.6948,2.6948,2.6948,6847.3178133527135,0
TLX,D,20121126,000000,2.64079,2.68397,2.64079,2.68397,868.2692307169278,0
TLX,D,20121127,000000,2.6948,2.6948,2.6948,2.6948,1.0627530363732287,0
TLX,D,20121128,000000,2.6948,2.6948,2.6948,2.6948,307.1356275118631,0
TLX,D,20121129,000000,2.6948,2.6948,2.6948,2.6948,1586.6902833052307,0
TLX,D,20121130,000000,2.6948,2.6948,2.6948,2.6948,37.19635627306301,0
TLX,D,20121205,000000,2.6948,2.6948,2.6948,2.6948,55.26315789140789,0
TLX,D,20121212,000000,2.71634,2.90491,2.71634,2.88337,7706.022266742282,0
TLX,D,20121213,000000,2.89955,2.89955,2.80253,2.80253,562.196356241438,0
TLX,D,20121214,000000,2.91037,2.91037,2.91037,2.91037,369.8380566578836,0
TLX,D,20121217,000000,2.91037,2.91037,2.91037,2.91037,649.3421052240428,0
TLX,D,20121218,000000,2.92119,2.92119,2.80253,2.80253,6499.797570458667,0
TLX,D,20121219,000000,2.70016,2.70016,2.70016,2.70016,187.04453440168825,0
TLX,D,20121220,000000,2.70016,2.72171,2.6948,2.72171,5578.390687923077,0
TLX,D,20121227,000000,2.76489,2.76489,2.76489,2.76489,741.8016193885137,0
TLX,D,20121228,000000,2.76489,2.76489,2.76489,2.76489,741.8016193885137,0
TLX,D,20130103,000000,2.82954,3.07748,2.74871,3.07748,71577.47975277343,0
TLX,D,20130104,000000,3.23368,3.23368,3.07212,3.22832,11857.13562681581,0
TLX,D,20130107,000000,3.22832,3.42234,3.06121,3.39543,23885.374492487812,0
TLX,D,20130108,000000,3.39543,3.41697,3.38988,3.38988,892.7125505535122,0
TLX,D,20130109,000000,3.39543,3.73493,3.39543,3.61637,19019.0283389349,0
TLX,D,20130110,000000,3.97205,3.97205,3.97205,3.97205,1.0627530363732287,0
TLX,D,20130111,000000,3.97205,4.31163,3.78875,3.96141,5261.690283083856,0
TLX,D,20130114,000000,4.25772,4.25772,4.10679,4.10679,77.5809716552457,0
TLX,D,20130115,000000,4.25772,4.25772,4.04233,4.04233,398.5323886399608,0
TLX,D,20130116,000000,4.25772,4.25772,4.25772,4.25772,1.0627530363732287,0
TLX,D,20130117,000000,4.25772,4.25772,4.01514,4.01514,5746.305667670048,0
TLX,D,20130118,000000,4.09597,4.14979,4.04233,4.14979,189.17004047443473,0
TLX,D,20130121,000000,4.03142,4.09597,4.03142,4.0907,835.3238865893578,0
TLX,D,20130122,000000,4.30091,4.49493,4.10679,4.49493,9481.882590521946,0
TLX,D,20130123,000000,4.49493,4.94217,4.48938,4.84525,14457.692306821808,0
TLX,D,20130124,000000,4.84525,5.11464,4.74278,5.01763,22892.76315651582,0
TLX,D,20130125,000000,5.10928,5.10928,4.74823,4.98526,22497.419026984775,0
TLX,D,20130128,000000,5.08783,5.08783,4.39246,4.57576,6391.396760748597,0
TLX,D,20130129,000000,4.7966,4.7966,4.32236,4.41947,5327.580971338996,0
TLX,D,20130130,000000,4.85061,4.85061,4.3601,4.3601,1300.8097165208321,0
TLX,D,20130131,000000,4.57576,4.57576,3.93431,4.37628,12095.192306963818,0
TLX,D,20130201,000000,4.40865,4.40865,4.12298,4.15525,998.987854190835,0
TLX,D,20130204,000000,4.30627,4.30627,4.30627,4.30627,1.0627530363732287,0
TLX,D,20130205,000000,4.46793,4.46793,4.29009,4.29009,785.3744938798161,0
TLX,D,20130206,000000,4.41401,4.41401,3.97741,4.16061,1616.447368323681,0
TLX,D,20130207,000000,4.3601,4.3601,4.3601,4.3601,1.0627530363732287,0
TLX,D,20130208,000000,4.46793,4.46793,4.46793,4.46793,1.0627530363732287,0
TLX,D,20130211,000000,4.43019,4.43019,4.23071,4.23071,1103.1376517554113,0
TLX,D,20130212,000000,4.42473,4.42473,4.04233,4.04233,189.17004047443473,0
TLX,D,20130213,000000,4.04233,4.37628,4.04233,4.30091,7515.789473231474,0
TLX,D,20130214,000000,4.41401,4.72659,3.88586,4.59195,20156.17408785425,0
TLX,D,20130215,000000,4.72132,4.72132,4.47339,4.58112,7741.0931169425985,0
TLX,D,20130218,000000,4.58112,4.74278,4.47339,4.73742,9445.748987285257,0
TLX,D,20130219,000000,4.73742,5.1201,4.73742,5.1201,9071.65991848188,0
TLX,D,20130220,000000,5.1201,5.1201,4.90453,4.90453,10037.702428545146,0
TLX,D,20130221,000000,4.66195,4.66195,4.66195,4.66195,85.0202429098583,0
TLX,D,20130226,000000,4.67268,4.90453,4.67268,4.90453,2237.0951415656464,0
TLX,D,20130227,000000,4.71587,4.71587,4.62413,4.62413,3028.846153663702,0
TLX,D,20130228,000000,4.62215,4.77929,4.62215,4.77929,1206.2246962836145,0
TLX,D,20130301,000000,4.74823,4.74823,4.58658,4.58658,2009.6659917817753,0
TLX,D,20130304,000000,4.74823,4.81815,4.74823,4.81815,2.1255060727464574,0
TLX,D,20130305,000000,4.59731,4.60257,4.59731,4.60257,559.0080971323183,0
TLX,D,20130306,000000,4.58658,4.58658,4.58658,4.58658,190.23279351080794,0
TLX,D,20130307,000000,4.53803,4.55958,4.53803,4.55958,160.47570849235754,0
TLX,D,20130308,000000,4.7806,4.7806,4.7806,4.7806,2.1255060727464574,0
TLX,D,20130311,000000,4.79124,4.79124,4.58112,4.62413,2567.6113358777206,0
TLX,D,20130312,000000,4.62949,4.62949,4.62949,4.62949,1.0627530363732287,0
TLX,D,20130313,000000,4.62949,4.62949,4.60803,4.60803,396.4068825672143,0
TLX,D,20130314,000000,4.60803,4.60803,4.60803,4.60803,1.0627530363732287,0
TLX,D,20130315,000000,4.60257,4.60257,4.47339,4.47339,743.9271254612602,0
TLX,D,20130318,000000,4.46256,4.46256,4.46256,4.46256,2.1255060727464574,0
TLX,D,20130319,000000,4.47339,4.47339,4.47339,4.47339,1.0627530363732287,0
TLX,D,20130320,000000,4.47339,4.47339,4.47339,4.47339,1.0627530363732287,0
TLX,D,20130321,000000,4.47339,4.47339,4.47339,4.47339,2.1255060727464574,0
TLX,D,20130322,000000,4.47339,4.47339,4.41947,4.47339,95.64777327359057,0
TLX,D,20130325,000000,4.47339,4.47339,4.47339,4.47339,1.0627530363732287,0
TLX,D,20130326,000000,4.47339,4.47339,4.41947,4.47339,57.388663964154354,0
TLX,D,20130327,000000,4.47339,4.47339,4.41947,4.41947,73.32995950975278,0
TLX,D,20130328,000000,4.47339,4.47339,4.47339,4.47339,2.1255060727464574,0
TLX,D,20130402,000000,4.47339,4.47339,4.47339,4.47339,164.72672063785043,0
TLX,D,20130403,000000,4.59731,4.59731,4.58112,4.58112,709.9190282973168,0
TLX,D,20130404,000000,4.58112,4.58112,4.39246,4.39246,188.1072874380615,0
TLX,D,20130405,000000,4.39246,4.57576,4.39246,4.57576,149.84817812862525,0
TLX,D,20130408,000000,4.56494,4.56494,4.56494,4.56494,215.73886638376544,0
TLX,D,20130410,000000,4.54866,4.54866,4.54866,4.54866,1.0627530363732287,0
TLX,D,20130411,000000,4.5273,4.5273,4.36555,4.36555,262.49999998418747,0
TLX,D,20130412,000000,4.36555,4.5273,4.36555,4.5273,137.0951416921465,0
TLX,D,20130415,000000,4.5273,4.5273,4.5273,4.5273,444.2307692040096,0
TLX,D,20130418,000000,4.31163,4.31163,4.31163,4.31163,1149.8987853558335,0
TLX,D,20130426,000000,4.20154,4.20154,4.20154,4.20154,390.03036434897496,0
TLX,D,20130430,000000,4.31935,4.31935,4.31935,4.31935,653.5931173695357,0
TLX,D,20130508,000000,4.31935,4.31935,4.31935,4.31935,1.0627530363732287,0
TLX,D,20130509,000000,4.25762,4.25762,4.25762,4.25762,1.0627530363732287,0
TLX,D,20130514,000000,4.12298,4.12298,4.12298,4.12298,123.27935221929454,0
TLX,D,20130520,000000,4.70646,4.70646,4.70646,4.70646,176.41700403795596,0
TLX,D,20130521,000000,4.70646,4.70646,4.70646,4.70646,39.321862345809464,0
TLX,D,20130522,000000,4.70646,4.70646,4.70646,4.70646,1.0627530363732287,0
TLX,D,20130524,000000,4.70072,4.70072,4.70072,4.70072,443.16801616763644,0
TLX,D,20130528,000000,4.68387,4.68387,4.65602,4.65602,41.447368418555925,0
TLX,D,20130529,000000,4.68387,4.68387,4.68387,4.68387,1.0627530363732287,0
TLX,D,20130531,000000,4.68387,4.68387,4.68387,4.68387,1.0627530363732287,0
TLX,D,20130603,000000,4.68387,4.68387,4.68387,4.68387,104.14979756457642,0
TLX,D,20130606,000000,4.51563,4.51563,4.48759,4.48759,990.4858298998491,0
TLX,D,20130614,000000,4.3473,4.45955,4.33045,4.45955,714.1700404428097,0
TLX,D,20130620,000000,4.43151,4.45955,4.43151,4.45955,539.8785424776003,0
TLX,D,20130621,000000,4.45955,4.45955,4.45955,4.45955,188.1072874380615,0
TLX,D,20130624,000000,4.25198,4.41476,4.25198,4.41476,801.3157894254144,0
TLX,D,20130627,000000,4.37543,4.41476,4.29695,4.41476,607.8947368054869,0
TLX,D,20130628,000000,4.31935,4.41476,4.31935,4.41476,2227.5303642382873,0
TLX,D,20130701,000000,4.48759,4.48759,4.48759,4.48759,1.0627530363732287,0
TLX,D,20130702,000000,4.2071,4.37543,4.2071,4.37543,1959.716599072234,0
TLX,D,20130704,000000,4.37543,4.37543,4.37543,4.37543,1.0627530363732287,0
TLX,D,20130705,000000,4.48194,4.48194,4.48194,4.48194,1.0627530363732287,0
TLX,D,20130708,000000,4.48194,4.48194,4.48194,4.48194,1.0627530363732287,0
TLX,D,20130709,000000,4.48194,4.48194,4.48194,4.48194,1.0627530363732287,0
TLX,D,20130710,000000,4.48194,4.48194,4.48194,4.48194,1.0627530363732287,0
TLX,D,20130711,000000,4.48194,4.48194,4.48194,4.48194,1.0627530363732287,0
TLX,D,20130712,000000,4.2071,4.25762,4.2071,4.25762,376.214574876123,0
TLX,D,20130715,000000,4.38672,4.38672,4.38672,4.38672,1.0627530363732287,0
TLX,D,20130717,000000,4.17906,4.38672,4.17906,4.38672,428.28947365841117,0
TLX,D,20130718,000000,4.24643,4.31935,4.24643,4.31935,462.2975708223545,0
TLX,D,20130719,000000,4.38672,4.38672,4.38672,4.38672,1.0627530363732287,0
TLX,D,20130722,000000,4.1847,4.38672,4.1847,4.38672,545.1923076594663,0
TLX,D,20130723,000000,4.26327,4.26327,4.26327,4.26327,405.9716598945734,0
TLX,D,20130724,000000,4.38672,4.54377,4.26327,4.26327,11057.94534346395,0
TLX,D,20130725,000000,4.4652,5.04859,4.4652,5.04859,12037.803642999259,0
TLX,D,20130726,000000,5.32899,5.60949,5.32899,5.60949,7857.995950943653,0
TLX,D,20130729,000000,5.72165,5.72165,5.5982,5.5982,2424.139675967335,0
TLX,D,20130730,000000,5.5982,5.5982,5.5982,5.5982,1.0627530363732287,0
TLX,D,20130731,000000,5.55341,5.55341,5.55341,5.55341,2.1255060727464574,0
TLX,D,20130802,000000,5.35703,5.35703,5.35703,5.35703,1565.435222577766,0
TLX,D,20130805,000000,5.35703,5.35703,5.21674,5.21674,670.5971659515073,0
TLX,D,20130806,000000,5.16066,5.16066,5.16066,5.16066,625.9615384238317,0
TLX,D,20130807,000000,5.10477,5.10477,5.10477,5.10477,890.5870444807657,0
TLX,D,20130808,000000,5.10477,5.10477,5.10477,5.10477,7082.186234391196,0
TLX,D,20130821,000000,5.07663,5.07663,5.07663,5.07663,2670.698380405924,0
TLX,D,20130902,000000,5.4468,5.99114,5.4468,5.98559,6545.495951022716,0
TLX,D,20130903,000000,5.99114,6.17068,5.87342,5.87342,4385.981781112315,0
TLX,D,20130905,000000,5.83382,5.83382,5.60949,5.60949,1874.6963561623754,0
TLX,D,20130906,000000,5.60949,5.60949,5.60949,5.60949,19.129554654718117,0
TLX,D,20130911,000000,5.60949,5.60949,5.60949,5.60949,170.0404858197166,0
TLX,D,20130912,000000,5.66557,5.66557,5.66557,5.66557,444.2307692040096,0
TLX,D,20130913,000000,5.66557,5.73849,5.66557,5.73849,2149.949392583042,0
TLX,D,20130916,000000,5.73849,5.73849,5.73849,5.73849,434.66599187665054,0
TLX,D,20130918,000000,5.73849,5.73849,5.73849,5.73849,408.0971659673198,0
TLX,D,20130919,000000,5.51417,5.51417,5.51417,5.51417,942.6619432630539,0
TLX,D,20130924,000000,5.66557,5.66557,5.50852,5.50852,2318.9271253663856,0
TLX,D,20130925,000000,5.50852,5.69361,5.4468,5.4468,2725.961538297332,0
TLX,D,20130926,000000,5.68806,5.68806,5.4468,5.4468,552.6315789140789,0
TLX,D,20130927,000000,5.69361,5.69361,5.68806,5.69361,907.5910930627373,0
TLX,D,20131001,000000,5.55896,5.60385,5.44125,5.60385,5557.135627195613,0
TLX,D,20131003,000000,5.71601,5.71601,5.71601,5.71601,357.0850202214049,0
TLX,D,20131004,000000,5.55341,5.55341,5.55341,5.55341,712.0445343700632,0
TLX,D,20131007,000000,5.60949,5.60949,5.55341,5.55341,650.4048582604161,0
TLX,D,20131009,000000,5.55341,5.55341,5.50279,5.50279,2663.2591091513113,0
TLX,D,20131011,000000,5.50279,5.50279,5.50279,5.50279,1.0627530363732287,0
TLX,D,20131015,000000,5.50279,5.5871,5.50279,5.5871,766.2449392250979,0
TLX,D,20131017,000000,5.5871,5.5871,5.5871,5.5871,57.388663964154354,0
TLX,D,20131018,000000,5.5871,5.5871,5.5871,5.5871,408.0971659673198,0
TLX,D,20131021,000000,5.59274,5.59274,5.59274,5.59274,607.8947368054869,0
TLX,D,20131022,000000,5.59274,5.59274,5.5871,5.59274,4010.8299592725652,0
TLX,D,20131023,000000,5.66557,5.66557,5.64873,5.64873,413.41093114918596,0
TLX,D,20131024,000000,5.63762,5.63762,5.60949,5.60949,634.4635627148176,0
TLX,D,20131025,000000,5.60949,5.63762,5.60949,5.63762,464.42307689510096,0
TLX,D,20131028,000000,5.63762,5.67686,5.63762,5.67686,973.4817813178776,0
TLX,D,20131029,000000,5.68806,5.69361,5.68806,5.69361,4464.625505803934,0
TLX,D,20131030,000000,5.70481,6.17068,5.70481,5.88971,8250.151821365374,0
TLX,D,20131031,000000,6.02981,6.02981,5.88971,6.02445,618.522267169219,0
TLX,D,20131104,000000,6.019,6.17068,6.019,6.17068,1804.5546557617424,0
TLX,D,20131105,000000,6.23786,6.44571,6.22666,6.44571,2786.5384613706055,0
TLX,D,20131106,000000,6.39434,6.39434,6.39434,6.39434,1.0627530363732287,0
TLX,D,20131107,000000,6.38907,6.38907,6.31059,6.31059,208.29959512915283,0
TLX,D,20131108,000000,6.31059,6.31059,6.11431,6.17068,1782.2368419979045,0
TLX,D,20131112,000000,6.00808,6.28236,6.00808,6.28236,1136.0829958829815,0
TLX,D,20131113,000000,6.39434,6.39434,6.31059,6.31059,4.251012145492915,0
TLX,D,20131114,000000,6.11431,6.11431,6.11431,6.11431,264.625506056934,0
TLX,D,20131115,000000,6.73082,7.10165,6.73082,6.81551,11374.64574830297,0
TLX,D,20131118,000000,7.10165,7.60092,7.09582,7.35881,9905.921052034866,0
TLX,D,20131119,000000,7.5726,7.79589,7.5726,7.78102,21877.83400677888,0
TLX,D,20131120,000000,7.78102,7.78102,7.5726,7.6858,2441.143724549306,0
TLX,D,20131121,000000,7.6858,7.71336,7.6858,7.71336,1412.398785340021,0
TLX,D,20131122,000000,7.71336,7.71336,7.40427,7.44971,6240.485829583599,0
TLX,D,20131125,000000,7.70226,7.85338,7.70226,7.82496,37445.04048357475,0
TLX,D,20131126,000000,7.85338,8.35829,7.83136,8.13407,43938.46153581518,0
TLX,D,20131127,000000,8.13407,8.13407,7.9932,7.9932,7294.736841665842,0
TLX,D,20131128,000000,8.16079,8.16079,7.85338,8.13407,1374.139676030585,0
TLX,D,20131129,000000,8.13407,8.27398,8.13407,8.26298,4484.817813495025,0
TLX,D,20131202,000000,8.27831,8.38577,8.13877,8.35312,3103.238866209828,0
TLX,D,20131203,000000,8.35312,8.35312,7.6905,8.0617,5611.336032050648,0
TLX,D,20131204,000000,8.0617,8.0617,7.85338,8.0617,9842.155869852471,0
TLX,D,20131205,000000,8.06641,8.07742,7.90918,8.04919,2587.803643568812,0
TLX,D,20131206,000000,8.04919,8.13407,8.04919,8.13407,1785.4251011070244,0
TLX,D,20131209,000000,8.07742,8.07742,7.94296,8.07742,15791.447367469704,0
TLX,D,20131210,000000,8.12776,8.12776,7.90918,8.07187,877.834008044287,0
TLX,D,20131211,000000,8.10019,8.10019,8.07187,8.07187,110.52631578281579,0
TLX,D,20131212,000000,8.09474,8.09474,7.85338,8.02162,4024.645748745417,0
TLX,D,20131213,000000,8.10019,8.10019,7.60092,7.82496,5728.238866051703,0
TLX,D,20131216,000000,7.82496,7.82496,7.81941,7.81941,113.71457489193547,0
TLX,D,20131217,000000,7.79589,7.79589,7.5726,7.77001,189.17004047443473,0
TLX,D,20131218,000000,7.77001,7.77001,7.5726,7.7574,10638.15789409602,0
TLX,D,20131219,000000,7.7574,7.88085,7.57881,7.88085,9171.558703900964,0
TLX,D,20131220,000000,7.79589,7.8706,7.64016,7.86354,1112.7024290827705,0
TLX,D,20131223,000000,7.65107,7.88085,7.65107,7.74159,1873.6336031260023,0
TLX,D,20131227,000000,7.74159,7.74159,7.5104,7.74159,1885.3238865261078,0
TLX,D,20131230,000000,7.87606,7.88085,7.43287,7.58426,6934.463562335318,0
TLX,D,20140102,000000,8.01691,8.01691,7.40427,7.77001,2383.755060585152,0
TLX,D,20140103,000000,7.59537,7.60092,7.54503,7.59537,2636.6902832419805,0
TLX,D,20140107,000000,7.58907,7.58907,7.18587,7.18587,3990.6376515814736,0
TLX,D,20140108,000000,7.44971,7.48839,7.18587,7.42101,3769.585020015842,0
TLX,D,20140109,000000,7.41593,7.54503,7.12367,7.42101,4302.024291238829,0
TLX,D,20140110,000000,7.42694,7.73538,7.42101,7.73538,1945.9008095993818,0
TLX,D,20140113,000000,7.65588,7.65588,7.65588,7.65588,954.3522266631594,0
TLX,D,20140114,000000,7.37133,7.65107,7.2921,7.65107,1240.2327934475582,0
TLX,D,20140115,000000,7.44387,7.65107,7.2921,7.2921,9439.372469067017,0
TLX,D,20140116,000000,7.29803,7.64016,7.2921,7.64016,6876.01214533479,0
TLX,D,20140117,000000,7.63461,7.63461,7.63461,7.63461,1.0627530363732287,0
TLX,D,20140120,000000,7.54503,7.54503,7.28702,7.39908,4531.578947095448,0
TLX,D,20140121,000000,7.29803,7.43287,6.84411,7.31487,30810.273277496377,0
TLX,D,20140122,000000,7.31487,7.41593,7.30904,7.37641,2704.706477569867,0
TLX,D,20140123,000000,7.40427,7.40427,7.0738,7.2921,52.07489878228821,0
TLX,D,20140124,000000,7.33689,7.40427,7.33689,7.40427,1346.508097084881,0
TLX,D,20140127,000000,7.40427,7.48839,7.33689,7.40427,3770.6477730522156,0
TLX,D,20140128,000000,7.40427,7.53402,7.40427,7.43287,3381.6801617396136,0
TLX,D,20140130,000000,7.53402,7.53402,7.47737,7.47737,2.1255060727464574,0
TLX,D,20140131,000000,7.53402,7.53402,7.47737,7.47737,2.1255060727464574,0
TLX,D,20140203,000000,7.53402,7.96583,7.53402,7.96583,5608.147772941527,0
TLX,D,20140204,000000,7.90918,8.07742,7.90918,7.93195,330.51619431207416,0
TLX,D,20140205,000000,8.07187,8.13407,8.02718,8.13407,7718.775303178761,0
TLX,D,20140206,000000,8.15063,8.35829,8.15063,8.35829,969.2307691723846,0
TLX,D,20140207,000000,8.35829,8.35829,7.85338,7.86354,3778.087044306828,0
TLX,D,20140210,000000,7.8706,8.07742,7.8706,8.07742,2470.900809567757,0
TLX,D,20140211,000000,8.07742,8.35312,8.07742,8.07742,6972.722671644754,0
TLX,D,20140212,000000,8.12776,8.3136,8.07742,8.17867,6189.473683837684,0
TLX,D,20140213,000000,8.34625,8.34625,8.07742,8.16079,91.39676112809768,0
TLX,D,20140214,000000,8.34625,8.34625,7.95943,8.34625,1516.5485829045974,0
TLX,D,20140217,000000,8.34192,8.34192,8.27398,8.27398,1248.7348177385438,0
TLX,D,20140218,000000,8.24566,8.24566,8.24566,8.24566,19.129554654718117,0
TLX,D,20140219,000000,8.24566,8.27398,8.16079,8.27398,848.0769230258365,0
TLX,D,20140220,000000,8.27398,8.27398,8.27398,8.27398,129.6558704375339,0
TLX,D,20140221,000000,8.27398,8.27398,7.96583,8.02162,1932.08502012653,0
TLX,D,20140224,000000,8.02162,8.02162,8.02162,8.02162,239.11943318397647,0
TLX,D,20140225,000000,8.02162,8.02162,8.02162,8.02162,123.27935221929454,0
TLX,D,20140226,000000,7.79589,8.01691,7.53872,7.83136,7329.807691866159,0
TLX,D,20140227,000000,7.83136,8.02162,7.83136,8.02162,1668.5222671059691,0
TLX,D,20140228,000000,8.00976,8.07742,7.77001,8.07742,1169.0283400105516,0
TLX,D,20140303,000000,8.16079,8.74465,7.96583,8.19071,29632.74291319504,0
TLX,D,20140304,000000,8.19071,8.68875,7.85338,8.4141,18376.0627519296,0
TLX,D,20140305,000000,8.4141,8.68424,8.4141,8.67248,8611.487853732273,0
TLX,D,20140306,000000,8.65536,8.99268,8.63917,8.99268,208748.07691050656,0
TLX,D,20140307,000000,8.99739,9.1884,8.8809,8.88541,11924.089068107625,0
TLX,D,20140310,000000,8.89078,8.93049,8.75735,8.92418,4151.113360073831,0
TLX,D,20140311,000000,8.92418,9.18275,8.92418,9.05855,6379.706477348492,0
TLX,D,20140312,000000,9.03032,9.18275,8.98045,9.05855,3930.0607285082,0
TLX,D,20140313,000000,9.08678,9.18275,8.97574,9.17711,2940.637651644724,0
TLX,D,20140314,000000,8.84119,9.09807,8.4141,8.86377,32949.59513971599,0
TLX,D,20140317,000000,8.86377,8.96916,8.54903,8.63917,3181.882590901447,0
TLX,D,20140318,000000,8.58864,8.97574,8.58864,8.97574,6235.172064401733,0
TLX,D,20140319,000000,9.09807,9.73698,9.09807,9.73698,25766.447366869437,0
TLX,D,20140320,000000,9.7031,10.3214,9.59207,10.2206,16104.959513200312,0
TLX,D,20140321,000000,10.2263,10.2931,9.9845,10.2084,1588.8157893779771,0
TLX,D,20140324,000000,10.1539,10.1539,9.83295,10.1539,1177.5303643015375,0
TLX,D,20140325,000000,10.2084,10.2084,9.83295,10.1924,2745.0910929520496,0
TLX,D,20140326,000000,10.2084,10.2084,10.1811,10.1924,739.6761133157672,0
TLX,D,20140327,000000,10.1755,10.1755,9.83295,10.0908,256.12348176594816,0
TLX,D,20140328,000000,10.0983,10.0983,9.87435,10.0983,16142.155869472872,0
TLX,D,20140331,000000,10.1482,10.1482,9.87435,10.0983,1874.6963561623754,0
TLX,D,20140401,000000,10.0805,10.1416,9.83295,10.1416,1460.2226719768164,0
TLX,D,20140402,000000,10.0983,10.5246,10.0983,10.5246,13326.923076120289,0
TLX,D,20140403,000000,10.4888,11.1503,10.4888,10.9951,8287.348177638438,0
TLX,D,20140404,000000,10.9838,11.123,10.6582,10.8652,9868.724695761803,0
TLX,D,20140407,000000,10.6855,10.6855,9.92893,10.5951,5167.105262846638,0
TLX,D,20140408,000000,10.2884,10.5951,10.1482,10.5566,4288.208501765978,0
TLX,D,20140409,000000,10.1482,10.5566,10.1482,10.5462,179.60526314707565,0
TLX,D,20140410,000000,10.5397,10.5688,10.5284,10.5688,2876.8724694623306,0
TLX,D,20140411,000000,10.5688,10.5688,10.1811,10.5397,10937.854250353472,0
TLX,D,20140414,000000,10.3768,10.534,10.0456,10.4569,3440.1315787401413,0
TLX,D,20140415,000000,9.87718,10.2376,9.87718,10.2084,1995.8502023089236,0
TLX,D,20140416,000000,9.83295,10.1868,9.83295,10.1868,1116.9534412282635,0
TLX,D,20140417,000000,9.7605,10.2037,9.75485,10.0908,890.5870444807657,0
TLX,D,20140422,000000,10.0343,10.0343,9.92893,9.92893,613.208501987353,0
TLX,D,20140423,000000,9.81602,9.81602,9.31825,9.6203,3344.4838054665506,0
TLX,D,20140424,000000,9.53091,9.57513,9.09336,9.25521,9332.034412393323,0
TLX,D,20140425,000000,9.25521,9.28438,8.91966,8.91966,7709.210525851401,0
TLX,D,20140428,000000,8.97574,8.97574,8.24566,8.83489,9673.178137069128,0
TLX,D,20140429,000000,8.83489,8.83489,8.74465,8.74465,2999.0890686452512,0
TLX,D,20140430,000000,8.723,9.45187,8.57151,9.43493,5138.41093086456,0
TLX,D,20140502,000000,9.41799,9.41799,9.01432,9.36906,546.2550606958396,0
TLX,D,20140505,000000,9.39541,9.39541,9.39541,9.39541,447.4190283131293,0
TLX,D,20140506,000000,9.36906,9.39541,9.00303,9.31072,1313.5627529573107,0
TLX,D,20140507,000000,9.36906,9.36906,8.91966,9.30602,1499.5445343226256,0
TLX,D,20140508,000000,9.30131,9.30602,8.91966,9.11501,6586.943319441271,0
TLX,D,20140509,000000,9.12536,9.12536,8.779,9.08678,5570.951416668465,0
TLX,D,20140512,000000,9.08113,9.14323,8.91966,9.14323,8703.947367896742,0
TLX,D,20140513,000000,9.14323,9.30602,9.00303,9.08678,12751.97368344227,0
TLX,D,20140514,000000,9.08678,9.52526,9.08113,9.52526,6799.493926715917,0
TLX,D,20140515,000000,9.81602,9.97974,9.4801,9.64853,34187.7024270903,0
TLX,D,20140516,000000,9.90922,10.2254,9.70781,10.2254,23579.301618012523,0
TLX,D,20140519,000000,10.1943,10.1943,9.77555,10.1585,3562.348177923063,0
TLX,D,20140520,000000,10.0729,10.2197,9.84895,10.2197,2693.016194169762,0
TLX,D,20140521,000000,10.2122,10.2122,9.76991,10.0127,1318.876518139177,0
TLX,D,20140522,000000,10.0729,10.0729,9.80755,9.9525,1436.8421051766052,0
TLX,D,20140523,000000,9.89035,9.89035,9.77555,9.89035,3619.736841887217,0
TLX,D,20140526,000000,9.77555,10.0061,9.77555,9.9525,2128.694331855577,0
TLX,D,20140527,000000,9.77555,10.2555,9.77555,10.2555,8605.111335514033,0
TLX,D,20140528,000000,10.1943,10.1943,10.0353,10.1633,263.56275302056076,0
TLX,D,20140529,000000,10.0249,10.2254,10.0249,10.1943,1112.7024290827705,0
TLX,D,20140530,000000,10.2122,10.2122,10.2122,10.2122,1.0627530363732287,0
TLX,D,20140602,000000,10.2197,10.2197,9.89035,10.135,1660.0202428149832,0
TLX,D,20140603,000000,9.89035,10.2197,9.89035,10.2197,74.39271254612602,0
TLX,D,20140604,000000,10.2197,10.2197,10.0127,10.2197,234.86842103848358,0
TLX,D,20140605,000000,10.2122,10.2122,10.135,10.135,165.7894736742237,0
TLX,D,20140606,000000,9.9525,10.1284,9.73886,9.86118,2399.6963561307507,0
TLX,D,20140609,000000,9.66076,9.87435,9.27873,9.27873,8929.251011607868,0
TLX,D,20140610,000000,9.17523,9.61653,9.17523,9.40576,1526.1133602319564,0
TLX,D,20140611,000000,9.61653,9.61653,9.40576,9.5996,3496.457489667923,0
TLX,D,20140612,000000,9.5996,9.5996,9.5996,9.5996,4.251012145492915,0
TLX,D,20140613,000000,9.52714,10.135,9.49703,10.135,2517.661943168179,0
TLX,D,20140616,000000,9.94498,9.9525,9.94498,9.9525,165.7894736742237,0
TLX,D,20140617,000000,10.0729,10.0729,9.94498,9.94498,224.24089067475126,0
TLX,D,20140618,000000,9.9214,9.9214,9.67958,9.67958,969.2307691723846,0
TLX,D,20140620,000000,9.94498,9.94498,9.6664,9.94498,3631.4271252873227,0
TLX,D,20140623,000000,9.47821,9.94498,9.40576,9.8847,2551.670040332122,0
TLX,D,20140624,000000,9.87435,9.87435,9.86118,9.86118,1638.7651820875187,0
TLX,D,20140625,000000,9.46598,9.86118,9.44152,9.86118,1983.0971658724447,0
TLX,D,20140626,000000,9.87435,9.87435,9.43587,9.70216,1022.368420991046,0
TLX,D,20140627,000000,9.70781,9.70781,9.70781,9.70781,1.0627530363732287,0
TLX,D,20140630,000000,9.70216,9.70216,9.67958,9.67958,3.188259109119686,0
TLX,D,20140701,000000,9.57513,9.57513,9.42364,9.42364,1380.5161942488241,0
TLX,D,20140702,000000,9.39353,9.42928,8.94375,8.94375,2088.3097164733945,0
TLX,D,20140703,000000,8.88899,8.88899,8.22252,8.59852,14385.425100347622,0
TLX,D,20140704,000000,8.59852,8.59852,7.76756,7.90128,8409.564776821358,0
TLX,D,20140707,000000,7.43352,7.85883,7.43352,7.82741,1865.1315788350164,0
TLX,D,20140708,000000,7.67723,7.85883,7.40351,7.52461,5964.17004012656,0
TLX,D,20140709,000000,7.52461,8.04044,7.52461,8.04044,2041.5485828729725,0
TLX,D,20140710,000000,8.04044,8.04044,7.64561,7.64561,1216.852226647347,0
TLX,D,20140711,000000,7.52461,8.03423,7.52461,8.03423,1104.2004047917846,0
TLX,D,20140714,000000,8.03423,8.12541,8.03423,8.12541,3055.4149795730327,0
TLX,D,20140715,000000,8.13087,8.13087,8.13087,8.13087,164.72672063785043,0
TLX,D,20140716,000000,8.16079,8.16079,8.16079,8.16079,330.51619431207416,0
TLX,D,20140717,000000,8.28349,8.28349,8.07036,8.07036,786.4372469161892,0
TLX,D,20140718,000000,7.85883,7.85883,7.85883,7.85883,987.2975707907295,0
TLX,D,20140721,000000,7.82741,7.82741,7.82741,7.82741,133.90688258302683,0
TLX,D,20140722,000000,7.84708,7.84708,7.84708,7.84708,1.0627530363732287,0
TLX,D,20140723,000000,8.00976,8.00976,7.84708,8.00976,167.91497974697012,0
TLX,D,20140724,000000,8.04044,8.07036,7.88867,8.07036,928.8461537902019,0
TLX,D,20140725,000000,8.07036,8.46481,8.07036,8.34361,2242.4089067475124,0
TLX,D,20140728,000000,8.10725,8.13087,8.10725,8.13087,132.8441295466536,0
TLX,D,20140729,000000,8.08297,8.08297,8.08297,8.08297,825.7591092619988,0
TLX,D,20140730,000000,8.46481,8.46481,8.08297,8.08297,1402.834008012662,0
TLX,D,20140731,000000,8.08297,8.08853,8.08297,8.08853,1481.477732704281,0
TLX,D,20140801,000000,8.08853,8.3136,8.08853,8.3136,573.8866396415435,0
TLX,D,20140804,000000,8.47168,8.47168,8.08853,8.08853,55.26315789140789,0
TLX,D,20140805,000000,8.47168,8.47168,8.47168,8.47168,1.0627530363732287,0
TLX,D,20140806,000000,8.47168,8.47168,8.08853,8.3136,445.29352224038286,0
TLX,D,20140807,000000,8.07657,8.07657,8.07657,8.07657,155.1619433104914,0
TLX,D,20140808,000000,8.07657,8.07657,8.07657,8.07657,727.9858299156617,0
TLX,D,20140811,000000,8.3136,8.3136,8.18036,8.18036,165.7894736742237,0
TLX,D,20140812,000000,8.00976,8.00976,8.00976,8.00976,1977.7834006905787,0
TLX,D,20140818,000000,8.07657,8.07657,8.07657,8.07657,31.882591091196865,0
TLX,D,20140819,000000,8.18036,8.47168,8.18036,8.28349,3441.194331776515,0
TLX,D,20140820,000000,8.2706,8.32565,8.2706,8.32565,1715.2834007063911,0
TLX,D,20140821,000000,8.32565,8.32565,8.32565,8.32565,132.8441295466536,0
TLX,D,20140822,000000,8.47168,8.47168,8.31962,8.31962,329.45344127570087,0
TLX,D,20140825,000000,8.4348,8.47676,8.13802,8.4348,5780.313764833992,0
TLX,D,20140826,000000,8.4348,8.95034,8.4348,8.95034,4341.34615358464,0
TLX,D,20140827,000000,8.95034,9.58172,8.94375,9.44152,3942.8137649446785,0
TLX,D,20140828,000000,9.44152,9.44152,9.10277,9.10277,7516.852226267847,0
TLX,D,20140829,000000,9.22416,9.40576,9.22416,9.40576,1663.2085019241028,0
TLX,D,20140901,000000,9.34554,9.34554,9.10277,9.34554,562.196356241438,0
TLX,D,20140902,000000,9.34554,9.43587,8.98704,9.43587,1239.1700404111848,0
TLX,D,20140903,000000,9.43587,9.43587,8.98704,8.98704,2052.1761132367046,0
TLX,D,20140904,000000,9.40576,9.40576,9.40576,9.40576,5.3137651818661435,0
TLX,D,20140905,000000,9.28438,9.28438,9.28438,9.28438,91.39676112809768,0
TLX,D,20140908,000000,9.34554,9.34554,8.99362,9.31543,751.3663967158727,0
TLX,D,20140909,000000,9.32766,9.32766,9.22416,9.22416,906.5283400263642,0
TLX,D,20140910,000000,9.31543,9.31543,9.0115,9.21757,52.07489878228821,0
TLX,D,20140911,000000,9.25333,9.32766,9.25333,9.32766,396.4068825672143,0
TLX,D,20140912,000000,9.25333,9.40576,9.0115,9.0115,2682.3886638060294,0
TLX,D,20140915,000000,9.32013,9.70781,9.32013,9.52714,6331.882590711697,0
TLX,D,20140916,000000,9.70781,9.70781,9.53843,9.53843,3898.1781374170027,0
TLX,D,20140917,000000,9.70781,10.2555,9.70781,10.1896,7852.682185761787,0
TLX,D,20140918,000000,10.2555,10.2555,9.9214,10.0127,535.6275303321073,0
TLX,D,20140919,000000,10.2555,10.2555,10.0127,10.0127,408.0971659673198,0
TLX,D,20140922,000000,9.85365,9.89035,9.83672,9.83672,2128.694331855577,0
TLX,D,20140923,000000,9.82448,10.2555,9.82448,10.2555,313.5121457301025,0
TLX,D,20140924,000000,10.0729,10.1152,9.9525,10.1152,1529.301619341076,0
TLX,D,20140925,000000,10.1152,10.1152,10.1152,10.1152,1.0627530363732287,0
TLX,D,20140926,000000,10.0908,10.0908,10.0729,10.0729,215.73886638376544,0
TLX,D,20140929,000000,10.0127,10.1031,10.0127,10.1031,2901.3157892989143,0
TLX,D,20140930,000000,10.1031,10.1031,9.83013,9.83013,99.8987854190835,0
TLX,D,20141001,000000,9.70781,9.83013,9.70781,9.73886,332.6417003848206,0
TLX,D,20141002,000000,9.83013,9.89035,9.83013,9.86118,588.7651821507687,0
TLX,D,20141003,000000,9.86118,9.86589,9.74544,9.74544,331.5789473484474,0
TLX,D,20141006,000000,9.83013,9.83013,9.83013,9.83013,164.72672063785043,0
TLX,D,20141007,000000,10.1031,10.1031,10.1031,10.1031,307.1356275118631,0
TLX,D,20141008,000000,10.0193,10.0193,9.73886,9.73886,979.858299536117,0
TLX,D,20141009,000000,9.73886,9.73886,9.73886,9.73886,657.8441295150285,0
TLX,D,20141010,000000,10.0617,10.0617,10.0617,10.0617,1.0627530363732287,0
TLX,D,20141013,000000,9.53185,9.98261,9.53185,9.98261,402.7834007854537,0
TLX,D,20141014,000000,9.53185,9.70781,9.53185,9.63629,1057.4392711913626,0
TLX,D,20141015,000000,9.61653,9.61653,9.52714,9.52714,2420.951416858215,0
TLX,D,20141016,000000,9.55725,9.61653,9.46598,9.46598,874.6457489351673,0
TLX,D,20141017,000000,9.49045,9.76991,9.49045,9.76991,1073.3805667369609,0
TLX,D,20141020,000000,9.5883,9.5883,9.46598,9.46598,2626.0627528782484,0
TLX,D,20141021,000000,9.46598,9.46598,9.46598,9.46598,1194.534412883509,0
TLX,D,20141023,000000,9.46598,9.46598,9.46598,9.46598,337.95546556668677,0
TLX,D,20141024,000000,9.5883,9.70781,9.5883,9.5996,1399.6457489035424,0
TLX,D,20141027,000000,9.5996,9.5996,9.5996,9.5996,1071.2550606642146,0
TLX,D,20141028,000000,9.70781,10.0795,9.70781,10.0795,171.1032388560898,0
TLX,D,20141029,000000,10.0729,10.0729,10.0729,10.0729,1.0627530363732287,0
TLX,D,20141030,000000,10.0729,10.0795,9.46598,9.46598,6667.712550205637,0
TLX,D,20141031,000000,9.61653,9.64853,9.46598,9.64853,1804.5546557617424,0
TLX,D,20141103,000000,9.67205,9.83013,9.61653,9.83013,1760.98178127044,0
TLX,D,20141104,000000,9.83013,9.83013,9.46598,9.83013,285.8805667843985,0
TLX,D,20141105,000000,9.83013,9.83013,9.64853,9.64853,848.0769230258365,0
TLX,D,20141106,000000,9.64853,9.71533,9.64853,9.70781,824.6963562256255,0
TLX,D,20141107,000000,9.79908,9.79908,9.71533,9.79908,421.9129554401718,0
TLX,D,20141110,000000,9.83013,9.83013,9.79908,9.83013,1571.8117407960053,0
TLX,D,20141112,000000,9.83013,9.83013,9.83013,9.83013,164.72672063785043,0
TLX,D,20141114,000000,10.2555,10.6187,10.2555,10.3768,11690.283400105516,0
TLX,D,20141117,000000,10.3768,10.3768,10.1152,10.3157,4852.530364080162,0
TLX,D,20141118,000000,10.3157,10.6064,10.3157,10.6064,1870.4453440168825,0
TLX,D,20141119,000000,10.6139,11.3724,10.6139,11.1484,10431.98380503921,0
TLX,D,20141120,000000,11.1484,11.6519,11.1484,11.2256,7981.275303162947,0
TLX,D,20141121,000000,11.2256,11.4072,10.9292,11.2256,2447.5202427675454,0
TLX,D,20141124,000000,10.9339,11.8024,10.9339,11.5295,1466.5991901950556,0
TLX,D,20141125,000000,11.5295,11.889,11.2877,11.4072,6856.882590680071,0
TLX,D,20141126,000000,11.4072,11.7046,11.3602,11.6199,3452.88461517662,0
TLX,D,20141127,000000,11.378,11.5295,11.347,11.5239,6129.9595138007835,0
TLX,D,20141128,000000,11.7046,11.7111,11.1955,11.347,11028.188258444692,0
TLX,D,20141201,000000,11.1955,11.3526,11.1955,11.2877,1555.8704452504069,0
TLX,D,20141202,000000,11.2877,11.5295,11.2877,11.2877,5528.441295213535,0
TLX,D,20141203,000000,11.4683,11.5295,11.4683,11.5295,505.8704453136569,0
TLX,D,20141204,000000,11.5239,11.5239,11.5239,11.5239,1.0627530363732287,0
TLX,D,20141205,000000,11.5239,11.5239,10.7287,10.9226,13929.504047743607,0
TLX,D,20141208,000000,10.7523,11.4072,10.7523,11.0553,51288.46153537202,0
TLX,D,20141209,000000,11.0553,11.3602,10.9292,11.347,8313.91700354777,0
TLX,D,20141210,000000,11.1164,11.3526,11.1164,11.3526,617.4595141328458,0
TLX,D,20141211,000000,11.3602,11.7422,11.2387,11.7111,6244.736841729093,0
TLX,D,20141212,000000,11.6519,12.1412,11.2256,12.0094,65025.60728353197,0
TLX,D,20141215,000000,12.1006,12.6342,12.1006,12.3124,11089.827934554136,0
TLX,D,20141216,000000,12.1609,12.3171,11.2256,12.0461,8139.6255055825595,0
TLX,D,20141217,000000,11.8024,12.3124,11.8024,12.3124,3134.0587042646516,0
TLX,D,20141218,000000,12.3068,12.3068,12.3068,12.3068,1565.435222577766,0
TLX,D,20141219,000000,12.3068,12.3068,11.7836,12.3068,273.1275303479198,0
TLX,D,20141222,000000,12.2879,12.2879,11.7788,12.2879,305.0101214391167,0
TLX,D,20141223,000000,11.7788,13.0407,11.7788,13.0407,10861.336031734398,0
TLX,D,20141229,000000,13.0407,13.0407,13.0294,13.0294,1313.5627529573107,0
TLX,D,20141230,000000,13.052,13.8358,12.4272,13.2289,15870.091092161727,0
TLX,D,20150102,000000,13.2289,13.5328,12.8647,13.2891,7991.90283352668,0
TLX,D,20150105,000000,13.338,13.8659,13.338,13.4707,10692.358298951156,0
TLX,D,20150107,000000,13.4236,13.4236,12.8402,13.3493,5115.030364064351,0
TLX,D,20150108,000000,13.3747,13.8301,13.3249,13.7981,3179.7570848287005,0
TLX,D,20150109,000000,13.7981,13.7981,13.2289,13.3493,8039.726720163475,0
TLX,D,20150112,000000,13.6476,13.6532,13.4161,13.4707,26553.94736682109,0
TLX,D,20150113,000000,13.4114,14.0607,13.3803,13.6532,10824.139675460829,0
TLX,D,20150114,000000,13.6843,13.6843,13.1066,13.3493,8985.576922535649,0
TLX,D,20150115,000000,13.3493,13.5695,13.1743,13.5695,6690.030363969475,0
TLX,D,20150116,000000,13.3493,13.5328,13.1499,13.3493,614.2712550237262,0
TLX,D,20150119,000000,13.5262,13.5262,13.2655,13.2655,2236.0323885292732,0
TLX,D,20150120,000000,13.5187,13.5187,13.2467,13.2467,302.88461536637016,0
TLX,D,20150121,000000,13.2467,13.5027,13.2467,13.4707,630.2125505693247,0
TLX,D,20150122,000000,13.5027,13.5027,13.2289,13.2289,5915.283400453392,0
TLX,D,20150123,000000,13.4707,13.4707,12.9617,13.1066,8966.447367880932,0
TLX,D,20150126,000000,13.2891,13.5695,13.2891,13.5695,866.1437246441815,0
TLX,D,20150127,000000,13.5695,13.7747,13.3578,13.7078,1824.7469634528338,0
TLX,D,20150129,000000,13.7078,13.9572,13.0652,13.9572,2200.961538328957,0
TLX,D,20150130,000000,13.3606,13.896,13.3606,13.593,464.42307689510096,0
TLX,D,20150202,000000,13.6532,14.4427,13.6532,14.3571,9141.801618882515,0
TLX,D,20150203,000000,14.3148,14.3148,14.0231,14.3148,3297.7226718661286,0
TLX,D,20150204,000000,14.3091,14.8059,13.8602,14.7334,6044.939270890925,0
TLX,D,20150205,000000,14.7334,15.4194,14.2602,15.2614,5691.04250977864,0
TLX,D,20150206,000000,15.4194,16.0207,15.4194,15.6198,7621.002023832423,0
TLX,D,20150209,000000,15.6499,16.0432,15.17,15.9595,2711.0829957881065,0
TLX,D,20150210,000000,15.8136,16.8083,15.8136,16.5411,5565.637651486599,0
TLX,D,20150211,000000,16.6747,16.6747,16.08,16.08,3978.9473681813683,0
TLX,D,20150212,000000,16.08,16.3782,15.7582,16.3782,4087.348177891438,0
TLX,D,20150213,000000,16.3849,16.3849,15.7835,16.3782,477.1761133315797,0
TLX,D,20150216,000000,16.5062,16.5354,16.3782,16.5298,3741.9534410701385,0
TLX,D,20150217,000000,16.5298,16.6201,16.3849,16.5965,1296.5587043753392,0
TLX,D,20150218,000000,16.5298,16.5298,15.9407,16.5062,1685.5263156879407,0
TLX,D,20150219,000000,16.5608,16.5608,15.9172,16.366,4537.955465313687,0
TLX,D,20150220,000000,16.3594,16.3849,16.143,16.3849,2870.4959512440905,0
TLX,D,20150223,000000,16.3849,16.3849,16.3538,16.3538,413.41093114918596,0
TLX,D,20150224,000000,16.3849,16.3849,16.2446,16.3849,1221.1032387928399,0
TLX,D,20150225,000000,16.3849,16.7424,16.2333,16.3849,4503.947368149744,0
TLX,D,20150226,000000,16.6878,17.5366,16.6266,17.3427,11286.43724628369,0
TLX,D,20150227,000000,17.3427,17.5987,17.1291,17.5253,7511.538461085981,0
TLX,D,20150302,000000,17.4754,17.5187,16.6567,16.9306,8231.022266710657,0
TLX,D,20150303,000000,16.5833,16.6878,15.8974,16.5532,8232.08501974703,0
TLX,D,20150304,000000,16.5712,16.5965,16.143,16.5965,2610.1214573326497,0
TLX,D,20150305,000000,16.5965,16.5965,16.08,16.5354,3850.3542507802076,0
TLX,D,20150306,000000,16.3782,16.3782,14.8718,14.8718,12621.255059968062,0
TLX,D,20150309,000000,14.9348,16.143,14.9348,16.1298,7307.489878102321,0
TLX,D,20150310,000000,16.1346,16.1346,15.9897,15.9897,1918.2692306536778,0
TLX,D,20150311,000000,15.5963,16.0988,15.5041,16.0988,1282.742914902487,0
TLX,D,20150312,000000,16.0988,16.0988,15.7958,16.08,1462.3481780495629,0
TLX,D,20150313,000000,16.08,16.08,15.7958,16.08,293.31983803901113,0
TLX,D,20150316,000000,16.08,16.1346,16.08,16.08,1075.5060728097073,0
TLX,D,20150317,000000,16.1233,16.3849,15.8438,16.3782,4346.659918766505,0
TLX,D,20150318,000000,16.3236,16.3849,16.2023,16.3782,4722.874493642628,0
TLX,D,20150319,000000,16.3895,16.9852,15.474,16.6812,14080.414978908806,0
TLX,D,20150320,000000,16.6878,16.6878,15.17,15.17,33057.99594942525,0
TLX,D,20150323,000000,15.2321,15.7412,15.1579,15.7412,10511.690282767706,0
TLX,D,20150324,000000,15.856,15.856,15.1098,15.1098,10684.919027696846,0
TLX,D,20150325,000000,15.2924,15.4617,15.1098,15.4617,10157.793521655118,0
TLX,D,20150326,000000,15.1098,15.4495,15.1098,15.4495,1137.145748919355,0
TLX,D,20150327,000000,15.4307,15.4383,14.8718,15.4383,2774.8481779705003,0
TLX,D,20150330,000000,15.4251,15.4251,14.867,15.1343,6698.532388260461,0
TLX,D,20150331,000000,15.1409,15.1409,15.1098,15.1409,1934.2105261992765,0
TLX,D,20150401,000000,14.6544,15.1098,14.6356,15.092,3037.348177954688,0
TLX,D,20150402,000000,15.1409,15.2858,14.5641,14.5933,4841.90283371643,0
TLX,D,20150407,000000,14.5697,14.6855,14.5641,14.6855,7610.374493468691,0
TLX,D,20150408,000000,14.5641,14.6855,13.9873,14.502,11132.338056010076,0
TLX,D,20150409,000000,14.502,14.6234,14.0306,14.502,4512.44939244073,0
TLX,D,20150410,000000,14.502,14.502,14.2602,14.2602,2502.7834006589533,0
TLX,D,20150413,000000,14.502,14.502,13.5996,14.0164,13166.44736762783,0
TLX,D,20150414,000000,13.9327,14.2535,13.7747,14.2535,6516.801619040639,0
TLX,D,20150415,000000,13.9619,14.231,13.9572,14.231,7209.716598755984,0
TLX,D,20150416,000000,13.9619,14.199,13.9572,14.199,4542.20647745918,0
TLX,D,20150417,000000,14.1689,14.2535,13.9572,13.9572,9083.350201881987,0
TLX,D,20150420,000000,13.9572,14.2479,13.9572,14.1388,3638.866396541935,0
TLX,D,20150421,000000,14.1322,14.2535,14.1322,14.2535,5223.431173774419,0
TLX,D,20150422,000000,14.199,15.2321,14.199,15.2321,16218.674088091944,0
TLX,D,20150423,000000,15.2321,15.6499,15.2321,15.474,7844.180161470801,0
TLX,D,20150424,000000,15.5765,15.5765,15.1409,15.4674,3677.1255058513716,0
TLX,D,20150427,000000,15.474,16.0207,15.474,16.0207,10666.852226077794,0
TLX,D,20150428,000000,16.0207,16.6144,15.9294,16.3849,6771.862347770214,0
TLX,D,20150429,000000,16.3849,16.3849,15.8381,16.3782,2086.184210400648,0
TLX,D,20150430,000000,15.856,16.2615,15.856,16.0207,2179.7064776014918,0
TLX,D,20150504,000000,16.0141,16.0141,15.474,15.8749,28098.127528671695,0
TLX,D,20150505,000000,15.8749,15.952,15.6386,15.9294,3527.277327722746,0
TLX,D,20150506,000000,15.5399,15.952,15.5399,15.9228,2942.7631577174707,0
TLX,D,20150507,000000,15.8927,15.8927,15.6434,15.8626,5009.817813463401,0
TLX,D,20150508,000000,15.777,15.8673,15.5332,15.8673,1865.1315788350164,0
TLX,D,20150511,000000,15.8316,16.0207,15.777,15.952,6129.9595138007835,0
TLX,D,20150512,000000,15.952,15.952,15.777,15.9407,1828.9979755983268,0
TLX,D,20150513,000000,15.777,15.9351,15.7158,15.9294,5720.79959479709,0
TLX,D,20150514,000000,15.9351,15.9351,15.5295,15.7657,4834.463562461818,0
TLX,D,20150515,000000,14.2602,14.2602,13.0464,13.9572,61347.41902464412,0
TLX,D,20150518,000000,13.593,13.9572,13.0464,13.7747,37292.004046336595,0
TLX,D,20150519,000000,14.0842,14.0842,13.5432,13.8405,2621.8117407327554,0
TLX,D,20150520,000000,13.8405,13.8405,13.5432,13.7088,3532.591092904612,0
TLX,D,20150521,000000,14.0061,14.0061,13.9666,13.9666,685.4757084607324,0
TLX,D,20150522,000000,13.9666,14.1952,13.8405,14.1952,2559.1093115867347,0
TLX,D,20150525,000000,14.1699,14.1699,13.8932,13.8932,452.73279349499546,0
TLX,D,20150526,000000,14.1388,14.4925,13.8405,14.4277,9940.99190223518,0
TLX,D,20150527,000000,14.4925,14.8229,14.4925,14.8229,3969.3825908540093,0
TLX,D,20150528,000000,14.8294,14.8294,14.8294,14.8294,2211.589068692689,0
TLX,D,20150529,000000,14.8229,14.8229,13.5572,14.5001,4905.668015898824,0
TLX,D,20150601,000000,14.5001,14.5057,14.5001,14.5001,2106.3765180917394,0
TLX,D,20150602,000000,14.5001,14.5001,14.1699,14.3675,3698.380566578836,0
TLX,D,20150603,000000,14.5001,14.5923,14.5001,14.5001,1734.4129553611092,0
TLX,D,20150605,000000,14.4925,14.4925,14.4925,14.4925,26.56882590933072,0
TLX,D,20150608,000000,14.5001,14.5001,14.4672,14.4672,1213.6639675382273,0
TLX,D,20150609,000000,14.3618,14.3618,13.0115,13.0501,9728.441294960536,0
TLX,D,20150610,000000,13.3738,13.3738,13.0501,13.0623,305.0101214391167,0
TLX,D,20150611,000000,13.3663,13.3663,13.0623,13.0623,137.0951416921465,0
TLX,D,20150612,000000,13.0698,13.5112,13.0501,13.0501,4227.631578692703,0
TLX,D,20150615,000000,13.1743,13.5055,13.116,13.5055,325.20242913020803,0
TLX,D,20150616,000000,13.5112,14.453,13.5112,14.453,2950.202428972083,0
TLX,D,20150617,000000,14.4408,14.4408,13.7747,13.8405,947.97570844492,0
TLX,D,20150618,000000,13.8339,13.8339,13.8339,13.8339,1.0627530363732287,0
TLX,D,20150619,000000,13.3211,13.5112,13.0501,13.0501,2932.1356273537385,0
TLX,D,20150622,000000,13.0501,13.0501,12.5881,12.5881,148.78542509225204,0
TLX,D,20150623,000000,12.5881,12.7988,12.5759,12.7988,773.6842104797105,0
TLX,D,20150624,000000,12.7923,12.7923,12.5759,12.7867,568.5728744596775,0
TLX,D,20150625,000000,12.7725,12.7791,12.5759,12.7791,640.8400809330569,0
TLX,D,20150626,000000,12.7725,12.7725,12.5759,12.7725,48.886639673168524,0
TLX,D,20150629,000000,12.5759,12.766,12.5759,12.766,1610.0708501054414,0
TLX,D,20150630,000000,12.5759,12.7603,12.5759,12.7603,816.1943319346396,0
TLX,D,20150701,000000,12.7528,12.7528,12.7528,12.7528,1.0627530363732287,0
TLX,D,20150702,000000,12.7461,12.7461,12.7461,12.7461,1.0627530363732287,0
TLX,D,20150703,000000,12.7396,12.7396,12.398,12.398,305.0101214391167,0
TLX,D,20150706,000000,12.398,12.398,12.398,12.398,22.317813763837805,0
TLX,D,20150707,000000,12.4893,12.4893,12.4893,12.4893,9.564777327359058,0
TLX,D,20150708,000000,12.5157,12.5157,11.8626,11.8626,1021.3056679546729,0
TLX,D,20150709,000000,11.8626,12.1863,11.6123,12.1609,2857.742914807612,0
TLX,D,20150710,000000,12.1533,12.1533,12.127,12.127,1583.5020241961108,0
TLX,D,20150713,000000,12.1205,12.1205,11.4674,11.8033,788.5627529889357,0
TLX,D,20150714,000000,11.8626,12.398,11.8626,12.3915,1462.3481780495629,0
TLX,D,20150715,000000,12.51,12.6012,12.3915,12.3915,1790.7388662888904,0
TLX,D,20150716,000000,12.398,13.0115,12.398,13.0115,958.6032388086523,0
TLX,D,20150717,000000,13.0115,13.0115,13.0115,13.0115,153.03643723774493,0
TLX,D,20150720,000000,13.0115,13.0115,12.6201,13.0115,163.66396760147722,0
TLX,D,20150721,000000,13.0115,13.0115,13.0115,13.0115,1.0627530363732287,0
TLX,D,20150722,000000,12.9843,12.9974,12.8525,12.9974,102.02429149182996,0
TLX,D,20150723,000000,13.0115,13.0115,12.5297,12.7867,125.40485829204098,0
TLX,D,20150724,000000,12.9974,12.9974,12.9974,12.9974,82.89473683711185,0
TLX,D,20150727,000000,13.0031,13.0031,13.0031,13.0031,1.0627530363732287,0
TLX,D,20150728,000000,13.0031,13.0031,13.0031,13.0031,26.56882590933072,0
TLX,D,20150729,000000,12.5297,13.0115,12.5222,12.5222,219.98987852925833,0
TLX,D,20150730,000000,13.0115,13.0115,12.5222,12.9974,154.09919027411817,0
TLX,D,20150731,000000,12.9899,12.9899,12.9899,12.9899,1.0627530363732287,0
TLX,D,20150803,000000,12.9899,12.9899,12.9109,12.9109,95.64777327359057,0
TLX,D,20150804,000000,12.9899,12.9899,12.5222,12.9109,644.0283400421765,0
TLX,D,20150805,000000,12.845,12.845,12.5222,12.5222,459.10931171323483,0
TLX,D,20150806,000000,12.8318,12.8318,12.8318,12.8318,1.0627530363732287,0
TLX,D,20150807,000000,12.8318,12.8318,12.8318,12.8318,1.0627530363732287,0
TLX,D,20150810,000000,12.8789,12.8845,12.8789,12.8845,665.2834007696412,0
TLX,D,20150811,000000,12.8845,14.1699,12.8845,13.6495,1935.2732792356496,0
TLX,D,20150812,000000,13.7088,14.1699,13.6429,14.1699,1807.742914870862,0
TLX,D,20150813,000000,14.1699,14.1699,14.1642,14.1642,4.251012145492915,0
TLX,D,20150814,000000,14.1642,14.1642,14.1642,14.1642,1.0627530363732287,0
TLX,D,20150817,000000,14.15,14.15,14.15,14.15,1.0627530363732287,0
TLX,D,20150818,000000,14.103,14.103,14.103,14.103,1.0627530363732287,0
TLX,D,20150819,000000,14.0983,14.0983,13.6429,14.0983,110.52631578281579,0
TLX,D,20150820,000000,14.0983,14.0983,14.0983,14.0983,17.00404858197166,0
TLX,D,20150821,000000,14.0983,14.0983,12.6934,12.8525,2170.141700274133,0
TLX,D,20150824,000000,12.8525,13.1085,12.5222,13.1085,4601.72064749608,0
TLX,D,20150825,000000,13.1085,13.1085,13.0115,13.0115,204.0485829836599,0
TLX,D,20150826,000000,12.6539,13.0115,12.6539,12.8525,1516.5485829045974,0
TLX,D,20150827,000000,13.0115,13.0115,12.9843,12.9843,1288.056680084353,0
TLX,D,20150828,000000,13.0765,13.0765,13.0765,13.0765,29.757085018450407,0
TLX,D,20150831,000000,12.9184,13.2816,12.4563,13.2816,2210.5263156563155,0
TLX,D,20150901,000000,12.51,12.5222,11.8626,11.936,3638.866396541935,0
TLX,D,20150902,000000,12.0611,12.3058,11.9294,12.3058,3013.967611154477,0
TLX,D,20150903,000000,12.3058,12.3058,12.3058,12.3058,5.3137651818661435,0
TLX,D,20150904,000000,12.3058,12.3058,12.3058,12.3058,45.69838056404884,0
TLX,D,20150907,000000,12.2531,12.2531,11.9294,12.2531,1008.5526315181941,0
TLX,D,20150908,000000,12.1929,12.3058,11.9294,12.3058,369.8380566578836,0
TLX,D,20150909,000000,12.3058,12.3058,12.3058,12.3058,5.3137651818661435,0
TLX,D,20150910,000000,12.3058,12.3058,11.7977,12.3058,1626.0121456510399,0
TLX,D,20150911,000000,11.9633,12.1863,11.7977,12.1863,1626.0121456510399,0
TLX,D,20150914,000000,12.3058,12.3058,11.8626,12.1533,109.46356274644256,0
TLX,D,20150916,000000,12.1863,12.1863,11.7384,12.1863,521.8117408592553,0
TLX,D,20150917,000000,12.1929,12.1929,11.7704,11.7704,369.8380566578836,0
TLX,D,20150918,000000,11.7977,12.1863,11.7309,12.1863,301.8218623299969,0
TLX,D,20150921,000000,11.9557,11.9633,11.7309,11.9633,938.410931117561,0
TLX,D,20150922,000000,11.9953,11.9953,11.9953,11.9953,17.00404858197166,0
TLX,D,20150923,000000,11.9633,11.9633,11.9633,11.9633,646.1538461149231,0
TLX,D,20150924,000000,11.9633,11.9633,11.9633,11.9633,18.066801618344886,0
TLX,D,20150925,000000,11.9633,11.9633,11.6396,11.9633,483.5526315498191,0
TLX,D,20150928,000000,11.8626,11.8626,11.8626,11.8626,97.77327934633705,0
TLX,D,20150929,000000,11.8626,11.8626,11.7704,11.7704,86.08299594623153,0
TLX,D,20150930,000000,11.9557,11.9557,11.9557,11.9557,5.3137651818661435,0
TLX,D,20151001,000000,11.9633,11.9633,11.5992,11.8626,366.6497975487639,0
TLX,D,20151002,000000,11.9633,11.9633,11.9633,11.9633,5.3137651818661435,0
TLX,D,20151005,000000,11.9633,11.9633,11.5333,11.9557,615.3340080600994,0
TLX,D,20151006,000000,11.9633,11.9633,11.9557,11.9557,311.38663965735606,0
TLX,D,20151007,000000,11.9557,11.9557,11.9557,11.9557,31.882591091196865,0
TLX,D,20151008,000000,11.9557,11.9557,11.4363,11.9557,191.29554654718115,0
TLX,D,20151009,000000,11.9557,11.9557,11.4363,11.9557,182.79352225619536,0
TLX,D,20151012,000000,11.9557,11.9557,11.9557,11.9557,155.1619433104914,0
TLX,D,20151013,000000,11.9482,11.9482,11.9482,11.9482,99.8987854190835,0
TLX,D,20151014,000000,11.9557,11.9557,11.7977,11.7977,110.52631578281579,0
TLX,D,20151015,000000,11.8626,11.9557,11.8626,11.9557,68.01619432788664,0
TLX,D,20151016,000000,11.9557,11.9557,11.7309,11.9557,197.67206476542054,0
TLX,D,20151019,000000,11.9557,11.9557,11.7309,11.9482,770.4959513705909,0
TLX,D,20151021,000000,11.7977,11.7977,11.7977,11.7977,219.98987852925833,0
TLX,D,20151022,000000,11.9482,11.9482,11.9482,11.9482,5.3137651818661435,0
TLX,D,20151023,000000,11.9482,11.9482,11.9482,11.9482,5.3137651818661435,0
TLX,D,20151026,000000,11.9294,11.9294,11.9294,11.9294,19.129554654718117,0
TLX,D,20151027,000000,11.9436,11.9436,11.7309,11.9294,317.7631578755954,0
TLX,D,20151028,000000,11.9294,11.9294,11.9294,11.9294,5.3137651818661435,0
TLX,D,20151029,000000,11.9294,11.9294,11.665,11.9229,540.9412955139735,0
TLX,D,20151030,000000,11.9294,12.4563,11.9294,12.3585,4767.510121170304,0
TLX,D,20151102,000000,12.4563,12.8525,12.4563,12.5881,2239.220647638393,0
TLX,D,20151103,000000,12.845,13.5629,12.8384,13.5629,5862.14574863473,0
TLX,D,20151104,000000,13.8405,13.8405,13.5112,13.5112,421.9129554401718,0
TLX,D,20151105,000000,13.7021,13.7021,13.7021,13.7021,39.321862345809464,0
TLX,D,20151106,000000,13.7021,13.7021,13.7021,13.7021,74.39271254612602,0
TLX,D,20151109,000000,13.6758,13.7088,13.1819,13.1819,5489.119432867727,0
TLX,D,20151110,000000,13.1743,13.1743,12.8525,12.8525,1926.7712549446637,0
TLX,D,20151112,000000,13.3465,13.3465,13.3465,13.3465,5.3137651818661435,0
TLX,D,20151113,000000,12.845,12.8525,11.9953,12.8525,17112.44939168193,0
TLX,D,20151116,000000,12.9974,12.9974,12.8525,12.8525,4496.508096895131,0
TLX,D,20151117,000000,12.9184,13.0821,12.5222,13.0821,15227.12550515542,0
TLX,D,20151118,000000,13.0765,13.0765,12.6012,13.0765,630.2125505693247,0
TLX,D,20151119,000000,12.8525,12.8525,12.8525,12.8525,332.6417003848206,0
TLX,D,20151120,000000,13.0698,13.0765,12.8525,12.8525,751.3663967158727,0
TLX,D,20151123,000000,13.0501,13.0501,13.0501,13.0501,2.1255060727464574,0
TLX,D,20151124,000000,13.0501,13.0765,12.734,12.734,1425.1518217765,0
TLX,D,20151125,000000,12.8525,12.8525,12.8525,12.8525,181.73076921982212,0
TLX,D,20151126,000000,13.1819,13.1819,13.1819,13.1819,5.3137651818661435,0
TLX,D,20151127,000000,12.7923,12.7923,12.7923,12.7923,76.51821861887247,0
TLX,D,20151130,000000,13.0501,13.0501,13.0501,13.0501,904.4028339536177,0
TLX,D,20151201,000000,13.2816,13.2816,13.2816,13.2816,2.1255060727464574,0
TLX,D,20151202,000000,13.3785,13.3785,13.3785,13.3785,5.3137651818661435,0
TLX,D,20151203,000000,13.3785,13.3785,13.3785,13.3785,5.3137651818661435,0
TLX,D,20151204,000000,13.3785,13.8405,12.8525,13.8075,20547.26720524041,0
TLX,D,20151207,000000,13.7747,13.7747,12.8525,13.2543,13590.485829140647,0
TLX,D,20151208,000000,13.768,13.768,13.0031,13.0031,30533.957488039334,0
TLX,D,20151209,000000,13.1348,13.1819,13.0031,13.0426,7608.248987395945,0
TLX,D,20151210,000000,13.3136,13.3136,13.0153,13.0153,16455.66801520348,0
TLX,D,20151211,000000,13.3069,13.3069,13.3069,13.3069,5.3137651818661435,0
TLX,D,20151214,000000,13.3069,13.3069,12.6606,12.6606,4855.718623189282,0
TLX,D,20151215,000000,13.0303,13.0303,12.4695,12.8525,5674.038461196668,0
TLX,D,20151216,000000,13.036,13.0765,13.036,13.0765,764.1194331523515,0
TLX,D,20151217,000000,12.9494,13.0698,12.5805,13.0698,2283.8562751660684,0
TLX,D,20151218,000000,13.0765,13.3136,12.6012,13.3004,7067.307691881972,0
TLX,D,20151221,000000,13.3069,13.3069,13.3069,13.3069,76.51821861887247,0
TLX,D,20151222,000000,13.3069,13.3069,13.3069,13.3069,39.321862345809464,0
TLX,D,20151223,000000,13.1819,13.6758,13.1819,13.3136,6442.408906494513,0
TLX,D,20151228,000000,13.768,13.768,13.2204,13.2204,3713.2591090880615,0
TLX,D,20151229,000000,13.7747,13.7747,13.7747,13.7747,1.0627530363732287,0
TLX,D,20151230,000000,13.7747,14.0371,13.7747,14.0371,5413.663967285227,0
TLX,D,20160104,000000,14.0371,14.0371,13.5177,13.5177,1622.8238865419203,0
TLX,D,20160105,000000,14.0371,14.0371,13.8405,13.8405,17696.963561687207,0
TLX,D,20160107,000000,14.1699,14.1764,13.8405,14.1764,229.55465585661742,0
TLX,D,20160108,000000,14.1699,14.1699,13.8405,13.8405,1023.4311740274193,0
TLX,D,20160111,000000,14.1567,14.1567,13.5177,13.5177,60.57692307327404,0
TLX,D,20160112,000000,13.5177,14.1567,13.5177,14.0371,921.4068825355893,0
TLX,D,20160113,000000,14.0371,14.0371,14.0371,14.0371,1.0627530363732287,0
TLX,D,20160114,000000,14.0371,14.0371,14.0371,14.0371,1.0627530363732287,0
TLX,D,20160115,000000,14.0371,14.0371,14.0371,14.0371,1.0627530363732287,0
TLX,D,20160118,000000,14.0249,14.0249,13.3785,13.3785,2751.4676111702893,0
TLX,D,20160119,000000,13.7088,13.7088,13.386,13.5432,159.4129554559843,0
TLX,D,20160120,000000,13.7088,13.7088,13.386,13.5432,173.22874492883628,0
TLX,D,20160121,000000,13.7088,13.7088,13.386,13.7088,308.19838054823634,0
TLX,D,20160122,000000,13.6429,13.6429,13.3785,13.3785,1428.3400808856195,0
TLX,D,20160125,000000,13.6429,13.6429,13.5432,13.5432,77.5809716552457,0
TLX,D,20160126,000000,13.6363,13.6363,13.4133,13.4133,868.2692307169278,0
TLX,D,20160127,000000,13.4397,13.5714,13.4397,13.4453,546.2550606958396,0
TLX,D,20160128,000000,13.6363,13.6363,13.5112,13.5112,24.443319836584262,0
TLX,D,20160129,000000,13.6363,13.6429,13.4453,13.4453,373.02631576700327,0
TLX,D,20160201,000000,13.7088,13.7088,13.6758,13.6758,419.7874493674253,0
TLX,D,20160202,000000,13.7088,13.7088,13.7088,13.7088,132.8441295466536,0
TLX,D,20160203,000000,13.7088,13.7088,13.7088,13.7088,110.52631578281579,0
TLX,D,20160204,000000,13.5177,13.5177,13.5177,13.5177,286.94331982077176,0
TLX,D,20160205,000000,13.7747,13.7747,13.7747,13.7747,126.46761132841422,0
TLX,D,20160208,000000,13.7747,13.7747,13.7747,13.7747,1.0627530363732287,0
TLX,D,20160209,000000,13.7747,13.7747,13.7747,13.7747,1.0627530363732287,0
TLX,D,20160210,000000,13.7747,13.7747,13.5112,13.5112,407.0344129309466,0
TLX,D,20160211,000000,13.4133,13.4133,13.3926,13.3926,39.321862345809464,0
TLX,D,20160212,000000,13.4397,13.4397,13.4397,13.4397,1.0627530363732287,0
TLX,D,20160215,000000,13.6166,13.6166,13.5177,13.5177,3078.7955463732437,0
TLX,D,20160216,000000,13.5309,13.9054,13.5309,13.9054,219.98987852925833,0
TLX,D,20160217,000000,14.1567,14.1567,14.1567,14.1567,1.0627530363732287,0
TLX,D,20160218,000000,14.1567,14.183,14.1567,14.183,23.38056680021103,0
TLX,D,20160219,000000,14.1699,14.1699,13.5112,13.5112,153.03643723774493,0
TLX,D,20160222,000000,14.1642,14.1642,14.1642,14.1642,76.51821861887247,0
TLX,D,20160223,000000,14.1699,14.1699,14.1699,14.1699,1.0627530363732287,0
TLX,D,20160224,000000,14.1699,14.183,14.1699,14.183,209.36234816552607,0
TLX,D,20160225,000000,14.5001,14.5189,14.5001,14.5189,19.129554654718117,0
TLX,D,20160226,000000,14.5189,14.7307,14.5189,14.7307,1569.6862347232588,0
TLX,D,20160229,000000,14.7767,14.8756,14.7767,14.8756,56.32591092778112,0
TLX,D,20160301,000000,14.8689,14.8756,14.8567,14.8756,1052.1255060094966,0
TLX,D,20160302,000000,14.8229,15.0534,14.8229,15.0534,311.38663965735606,0
TLX,D,20160303,000000,15.0853,15.0853,14.5001,15.027,2200.961538328957,0
TLX,D,20160304,000000,15.06,15.06,14.8689,15.027,210.42510120189928,0
TLX,D,20160307,000000,15.027,15.027,15.0195,15.027,119.02834007380163,0
TLX,D,20160308,000000,14.9931,15.0138,14.9875,15.0138,57.388663964154354,0
TLX,D,20160309,000000,15.0138,15.0138,15.0138,15.0138,37.19635627306301,0
TLX,D,20160310,000000,15.0138,15.0138,15.0138,15.0138,52.07489878228821,0
TLX,D,20160311,000000,15.0138,15.0138,15.0138,15.0138,95.64777327359057,0
TLX,D,20160314,000000,15.027,15.027,15.027,15.027,57.388663964154354,0
TLX,D,20160315,000000,15.0138,15.0138,15.0138,15.0138,73.32995950975278,0
TLX,D,20160316,000000,15.0138,15.0138,15.0138,15.0138,31.882591091196865,0
TLX,D,20160317,000000,15.0138,15.0138,14.7372,15.0138,308.19838054823634,0
TLX,D,20160318,000000,15.027,15.027,15.027,15.027,56.32591092778112,0
TLX,D,20160321,000000,15.027,15.027,14.8294,14.8294,799.190283352668,0
TLX,D,20160322,000000,15.0195,15.027,14.4333,14.4333,1556.93319828678,0
TLX,D,20160323,000000,15.0195,15.0195,14.5057,14.5057,625.9615384238317,0
TLX,D,20160324,000000,15.0195,15.0195,15.0195,15.0195,7.439271254612602,0
TLX,D,20160329,000000,15.0195,15.027,15.0195,15.027,223.17813763837805,0
TLX,D,20160330,000000,15.06,15.1587,15.06,15.1587,3145.748987664757,0
TLX,D,20160331,000000,15.4891,15.4891,15.1587,15.1587,1502.7327934317454,0
TLX,D,20160401,000000,15.5539,15.5539,15.5539,15.5539,628.0870444965782,0
TLX,D,20160404,000000,15.5869,16.1467,15.5869,16.1467,2628.1882589509946,0
TLX,D,20160405,000000,16.1421,16.1421,16.1421,16.1421,107.3380566736961,0
TLX,D,20160406,000000,16.1421,16.1421,16.1421,16.1421,29.757085018450407,0
TLX,D,20160407,000000,16.1467,16.1467,15.9501,15.9501,107.3380566736961,0
TLX,D,20160408,000000,15.9501,16.015,15.8193,16.015,4772.82388635217,0
TLX,D,20160411,000000,16.1467,16.1467,16.015,16.015,3068.168016009511,0
TLX,D,20160412,000000,16.0809,16.0809,16.0809,16.0809,2.1255060727464574,0
TLX,D,20160413,000000,16.0677,16.0677,16.0677,16.0677,181.73076921982212,0
TLX,D,20160414,000000,16.0762,16.0762,15.8316,16.015,668.4716598787609,0
TLX,D,20160415,000000,16.0762,16.0762,16.0762,16.0762,7.439271254612602,0
TLX,D,20160418,000000,16.0762,16.1148,16.0762,16.0809,6129.9595138007835,0
TLX,D,20160419,000000,16.1467,16.1467,15.8645,16.1467,4354.099190021118,0
TLX,D,20160420,000000,16.4102,16.4102,16.4102,16.4102,9.564777327359058,0
TLX,D,20160421,000000,16.4046,16.4102,16.4046,16.4102,773.6842104797105,0
TLX,D,20160422,000000,16.4102,16.4102,16.4102,16.4102,29.757085018450407,0
TLX,D,20160425,000000,16.3453,16.3453,16.3453,16.3453,17.00404858197166,0
TLX,D,20160426,000000,16.3453,16.3453,16.0809,16.0809,469.73684207696715,0
TLX,D,20160427,000000,16.4102,16.4102,16.095,16.1072,632.338056642071,0
TLX,D,20160428,000000,16.3453,16.3453,16.3453,16.3453,36.13360323668977,0
TLX,D,20160429,000000,16.3782,16.3782,16.1148,16.1148,1772.6720646705458,0
TLX,D,20160502,000000,16.3453,16.3453,16.3453,16.3453,2.1255060727464574,0
TLX,D,20160504,000000,16.3453,16.3453,16.1148,16.1148,188.1072874380615,0
TLX,D,20160505,000000,16.3453,16.3782,16.1148,16.1148,2206.2753035108226,0
TLX,D,20160506,000000,16.3453,16.3453,16.1148,16.1148,634.4635627148176,0
TLX,D,20160509,000000,16.2785,16.2785,16.2785,16.2785,36.13360323668977,0
TLX,D,20160510,000000,16.1214,16.3453,16.1214,16.3453,286.94331982077176,0
TLX,D,20160511,000000,16.3453,16.3453,16.3453,16.3453,29.757085018450407,0
TLX,D,20160512,000000,16.2785,16.4102,16.1806,16.4102,1826.8724695255803,0
TLX,D,20160513,000000,16.3453,16.4761,16.3453,16.4507,7703.896760669535,0
TLX,D,20160516,000000,17.004,17.004,16.4836,16.4836,1634.5141699420258,0
TLX,D,20160517,000000,16.9842,16.9842,16.5429,16.5495,308.19838054823634,0
TLX,D,20160518,000000,16.971,16.971,16.4761,16.9645,532.4392712229876,0
TLX,D,20160519,000000,16.9645,16.9645,16.5758,16.9052,8187.449392219354,0
TLX,D,20160520,000000,17.4895,17.4895,17.4895,17.4895,1211.5384614654806,0
TLX,D,20160523,000000,17.9458,17.9609,17.5638,17.5638,3616.548582778097,0
TLX,D,20160524,000000,17.9609,17.9609,17.7041,17.7248,4165.991902583057,0
TLX,D,20160525,000000,17.9609,17.9609,17.9609,17.9609,28.694331982077177,0
TLX,D,20160527,000000,17.9609,17.9609,17.7802,17.7802,331.5789473484474,0
TLX,D,20160530,000000,17.7869,17.7869,17.7869,17.7869,384.7165991671088,0
TLX,D,20160531,000000,17.7944,17.7944,17.7802,17.7802,431.4777327675309,0
TLX,D,20160601,000000,17.9544,18.0503,17.7802,17.7802,755.6174088613657,0
TLX,D,20160602,000000,18.0437,18.0503,17.8433,18.0503,857.6417003531956,0
TLX,D,20160603,000000,18.071,18.071,17.9111,17.9111,171.1032388560898,0
TLX,D,20160606,000000,17.7455,17.7802,17.7455,17.7727,2159.514169910401,0
TLX,D,20160607,000000,18.0503,18.0503,18.0503,18.0503,28.694331982077177,0
TLX,D,20160608,000000,18.1896,18.1896,18.0503,18.0503,114.77732792830871,0
TLX,D,20160609,000000,18.0503,18.5782,18.0503,18.3975,3808.906882361652,0
TLX,D,20160610,000000,18.5641,18.5641,18.5641,18.5641,2.1255060727464574,0
TLX,D,20160613,000000,18.5378,18.5378,18.5378,18.5378,13.815789472851973,0
TLX,D,20160614,000000,18.5378,18.5378,18.1557,18.1557,29.757085018450407,0
TLX,D,20160615,000000,18.0503,18.4681,18.0503,18.4681,1054.251012082243,0
TLX,D,20160616,000000,18.4681,18.4681,17.5638,17.5638,1878.9473683078686,0
TLX,D,20160617,000000,17.6344,17.6344,17.5638,17.5723,648.2793521876696,0
TLX,D,20160620,000000,17.5723,18.0503,17.5723,17.9816,1177.5303643015375,0
TLX,D,20160621,000000,18.0503,18.0503,18.0437,18.0503,265.6882590933072,0
TLX,D,20160622,000000,18.0503,18.0503,18.0503,18.0503,2.1255060727464574,0
TLX,D,20160623,000000,18.0437,18.0437,18.0437,18.0437,2.1255060727464574,0
TLX,D,20160624,000000,17.5638,17.5638,17.5638,17.5638,774.7469635160837,0
TLX,D,20160627,000000,18.0437,18.0437,18.0437,18.0437,2.1255060727464574,0
TLX,D,20160628,000000,18.0437,18.0437,18.0437,18.0437,30.819838054823634,0
TLX,D,20160629,000000,18.0437,18.0437,18.0437,18.0437,2.1255060727464574,0
TLX,D,20160630,000000,18.0437,18.0437,18.0437,18.0437,2.1255060727464574,0
TLX,D,20160701,000000,17.7041,17.7041,17.7041,17.7041,72.26720647337955,0
TLX,D,20160704,000000,18.0437,18.0437,18.0372,18.0372,114.77732792830871,0
TLX,D,20160705,000000,18.0372,18.0372,18.0372,18.0372,2.1255060727464574,0
TLX,D,20160706,000000,18.0372,18.0372,18.0372,18.0372,30.819838054823634,0
TLX,D,20160707,000000,18.0372,18.0372,18.0372,18.0372,2.1255060727464574,0
TLX,D,20160708,000000,18.0372,18.0372,18.0372,18.0372,2.1255060727464574,0
TLX,D,20160711,000000,18.0372,18.0437,18.0372,18.0437,671.6599189878805,0
TLX,D,20160712,000000,18.0437,18.0437,17.9816,17.9816,576.01214571429,0
TLX,D,20160713,000000,18.0503,18.0503,17.5638,17.5638,1514.423076831851,0
TLX,D,20160714,000000,18.0437,18.0437,17.5855,18.0437,2229.655870311034,0
TLX,D,20160715,000000,18.0165,18.0503,17.9816,18.0503,751.3663967158727,0
TLX,D,20160718,000000,18.0503,18.0503,18.0503,18.0503,28.694331982077177,0
TLX,D,20160719,000000,18.0503,18.0503,18.0503,18.0503,408.0971659673198,0
TLX,D,20160720,000000,18.0503,18.0503,18.0503,18.0503,934.159918972068,0
TLX,D,20160721,000000,18.1209,18.1209,18.0503,18.0503,813.0060728255199,0
TLX,D,20160722,000000,18.2235,18.2235,18.1209,18.1209,112.65182185556225,0
TLX,D,20160725,000000,18.2235,18.2235,18.2235,18.2235,28.694331982077177,0
TLX,D,20160726,000000,18.2235,18.391,17.7388,18.391,294.38259107538437,0
TLX,D,20160727,000000,18.391,18.391,18.3279,18.3279,70.1417004006331,0
TLX,D,20160728,000000,18.391,18.947,18.391,18.947,1187.0951416288965,0
TLX,D,20160729,000000,19.0703,19.2303,19.0703,19.2303,1481.477732704281,0
TLX,D,20160801,000000,19.3018,19.3018,19.3018,19.3018,147.72267205587877,0
TLX,D,20160802,000000,19.9952,19.9952,19.6471,19.6471,2033.0465585819866,0
TLX,D,20160803,000000,19.9952,19.9952,19.5784,19.5784,5.3137651818661435,0
TLX,D,20160804,000000,19.9952,19.9952,19.7855,19.7855,70.1417004006331,0
TLX,D,20160805,000000,19.9952,19.9952,19.7855,19.7855,447.4190283131293,0
TLX,D,20160808,000000,19.9736,19.9736,19.9595,19.9595,54.20040485503466,0
TLX,D,20160809,000000,19.856,19.856,19.7855,19.7855,173.22874492883628,0
TLX,D,20160810,000000,19.856,19.856,19.856,19.856,28.694331982077177,0
TLX,D,20160811,000000,19.4401,19.4401,19.4401,19.4401,31.882591091196865,0
TLX,D,20160812,000000,19.856,19.856,19.4401,19.6753,78.64372469161893,0
TLX,D,20160816,000000,19.4401,19.4401,19.4401,19.4401,30.819838054823634,0
TLX,D,20160817,000000,19.4401,19.4401,19.0572,19.2303,255.06072872957492,0
TLX,D,20160818,000000,19.4401,19.4401,19.4401,19.4401,28.694331982077177,0
TLX,D,20160819,000000,19.4401,19.4401,19.2303,19.2303,53.13765181866144,0
TLX,D,20160822,000000,19.9595,19.9595,19.5436,19.5436,1582.4392711597375,0
TLX,D,20160823,000000,19.5436,19.5436,19.4401,19.4401,332.6417003848206,0
TLX,D,20160824,000000,19.9595,19.968,19.4401,19.968,205.11133602003315,0
TLX,D,20160825,000000,19.9595,19.9595,19.856,19.856,4.251012145492915,0
TLX,D,20160826,000000,19.9247,19.9247,19.4401,19.4401,209.36234816552607,0
TLX,D,20160829,000000,19.7855,19.7855,18.0503,18.0503,3178.694331792327,0
TLX,D,20160830,000000,18.0579,18.947,18.0503,18.947,6212.854250637895,0
TLX,D,20160831,000000,18.8849,18.9537,18.8849,18.9537,382.5910930943623,0
TLX,D,20160901,000000,19.0919,19.1691,19.0919,19.1691,2284.919028202442,0
TLX,D,20160902,000000,19.3018,19.3018,19.3018,19.3018,15.941295545598432,0
TLX,D,20160905,000000,19.1691,19.7855,19.1691,19.4401,1700.404858197166,0
TLX,D,20160906,000000,19.5436,19.7723,19.5078,19.7723,494.18016191355133,0
TLX,D,20160907,000000,19.7525,19.7525,19.4401,19.4401,922.4696355719625,0
TLX,D,20160908,000000,19.7525,19.7525,19.4401,19.4401,7466.902833558305,0
TLX,D,20160909,000000,19.7525,19.7525,19.4401,19.4401,2427.3279350764547,0
TLX,D,20160912,000000,19.7102,19.7723,19.0919,19.4401,2542.1052630047634,0
TLX,D,20160913,000000,19.4317,19.4317,19.4317,19.4317,17.00404858197166,0
TLX,D,20160914,000000,19.4185,19.4185,19.4185,19.4185,68.01619432788664,0
TLX,D,20160915,000000,19.4185,19.4185,19.4185,19.4185,15.941295545598432,0
TLX,D,20160916,000000,19.426,19.426,18.8558,18.8558,1905.5161942171992,0
TLX,D,20160919,000000,18.8906,18.8906,18.8906,18.8906,20.192307691091347,0
TLX,D,20160920,000000,19.3018,19.3018,19.3018,19.3018,123.27935221929454,0
TLX,D,20160921,000000,19.3018,19.3018,19.3018,19.3018,28.694331982077177,0
TLX,D,20160922,000000,19.3018,19.3018,19.3018,19.3018,28.694331982077177,0
TLX,D,20160923,000000,19.0223,19.3018,19.0223,19.3018,1626.0121456510399,0
TLX,D,20160926,000000,19.3018,19.3018,18.9537,18.9537,28.694331982077177,0
TLX,D,20160927,000000,19.3018,19.3018,18.8558,18.8558,444.2307692040096,0
TLX,D,20160928,000000,19.3018,19.3018,17.9111,18.3975,724.7975708065419,0
TLX,D,20160929,000000,19.3018,19.3018,17.3568,17.3568,792.8137651344286,0
TLX,D,20160930,000000,18.0503,18.0503,17.0096,17.7041,909.7165991354838,0
TLX,D,20161003,000000,17.6344,17.7041,17.6344,17.7041,113.71457489193547,0
TLX,D,20161004,000000,17.7041,17.8565,17.7041,17.8565,316.7004048392222,0
TLX,D,20161005,000000,18.7448,18.7448,17.7041,17.7041,31.882591091196865,0
TLX,D,20161006,000000,18.7448,18.7448,17.0096,17.0096,840.6376517712239,0
TLX,D,20161007,000000,17.0096,17.0096,16.5241,16.5241,975.6072873906239,0
TLX,D,20161010,000000,16.8008,17.1272,16.7311,16.7311,1483.6032387770274,0
TLX,D,20161011,000000,16.6624,16.6624,16.6624,16.6624,20.192307691091347,0
TLX,D,20161012,000000,16.6624,16.6624,16.3142,16.3142,1241.2955464839313,0
TLX,D,20161013,000000,16.5241,16.5241,15.8287,15.8287,681.2246963152396,0
TLX,D,20161014,000000,15.8287,15.8287,15.5521,15.5521,1111.6396760463974,0
TLX,D,20161017,000000,15.5521,15.5521,15.3074,15.3074,1313.5627529573107,0
TLX,D,20161018,000000,15.3432,15.3432,15.3074,15.3074,28.694331982077177,0
TLX,D,20161019,000000,15.3074,15.3074,15.2745,15.2745,30.819838054823634,0
TLX,D,20161020,000000,15.2745,15.2745,15.2745,15.2745,52.07489878228821,0
TLX,D,20161021,000000,15.2745,15.2745,15.2745,15.2745,28.694331982077177,0
TLX,D,20161024,000000,15.3009,15.3009,15.2745,15.2745,74.39271254612602,0
TLX,D,20161025,000000,15.2745,15.2745,14.995,14.995,316.7004048392222,0
TLX,D,20161026,000000,14.995,14.995,14.995,14.995,54.20040485503466,0
TLX,D,20161027,000000,15.2745,15.3009,14.6215,15.3009,559.0080971323183,0
TLX,D,20161028,000000,15.968,15.968,15.3009,15.3009,69.07894736425986,0
TLX,D,20161031,000000,15.968,15.968,15.3009,15.4477,682.2874493516128,0
TLX,D,20161102,000000,15.968,15.968,15.968,15.968,1.0627530363732287,0
TLX,D,20161103,000000,15.4401,15.968,15.4401,15.968,342.2064777121796,0
TLX,D,20161104,000000,15.968,15.968,15.968,15.968,1.0627530363732287,0
TLX,D,20161107,000000,15.5163,15.5163,15.5163,15.5163,97.77327934633705,0
TLX,D,20161108,000000,15.5163,15.968,15.5107,15.6622,235.93117407485678,0
TLX,D,20161109,000000,15.6622,15.6622,15.6622,15.6622,108.40080971006932,0
TLX,D,20161110,000000,15.968,15.968,15.968,15.968,2.1255060727464574,0
TLX,D,20161114,000000,15.9604,15.9604,15.9604,15.9604,5.3137651818661435,0
TLX,D,20161115,000000,14.9273,15.6556,14.9273,15.6556,725.8603238429152,0
TLX,D,20161116,000000,15.9322,15.9322,14.995,15.4401,215.73886638376544,0
TLX,D,20161117,000000,15.649,15.649,14.7184,15.4477,106.27530363732288,0
TLX,D,20161118,000000,15.6217,15.6217,15.6217,15.6217,2.1255060727464574,0
TLX,D,20161121,000000,15.3356,15.3356,15.3356,15.3356,93.52226720084413,0
TLX,D,20161122,000000,14.8576,15.3356,14.8576,15.3356,5.3137651818661435,0
TLX,D,20161123,000000,15.3159,15.3159,15.3074,15.3074,29.757085018450407,0
TLX,D,20161124,000000,15.2952,15.2952,14.9273,15.267,242.30769229309615,0
TLX,D,20161125,000000,15.3009,15.3009,15.3009,15.3009,2.1255060727464574,0
TLX,D,20161128,000000,15.3009,15.3009,15.3009,15.3009,1.0627530363732287,0
TLX,D,20161129,000000,15.2952,15.2952,15.2952,15.2952,3.188259109119686,0
TLX,D,20161130,000000,15.2952,15.2952,15.2952,15.2952,2.1255060727464574,0
TLX,D,20161201,000000,15.2802,15.2802,15.2802,15.2802,4.251012145492915,0
TLX,D,20161202,000000,15.2802,15.2877,15.2802,15.2877,159.4129554559843,0
TLX,D,20161205,000000,15.2877,15.2952,15.2745,15.2952,179.60526314707565,0
TLX,D,20161206,000000,15.1418,15.4815,15.1418,15.4815,91.39676112809768,0
TLX,D,20161207,000000,15.5163,15.5163,15.5163,15.5163,15.941295545598432,0
TLX,D,20161208,000000,15.5163,15.5163,15.4815,15.4815,1899.1396759989598,0
TLX,D,20161209,000000,15.5163,15.5163,15.4815,15.5163,1923.582995835544,0
TLX,D,20161212,000000,15.5163,15.5163,15.5163,15.5163,86.08299594623153,0
TLX,D,20161213,000000,15.5163,15.5163,15.5163,15.5163,30.819838054823634,0
TLX,D,20161214,000000,15.5163,15.5163,15.4815,15.5163,2075.5566800369156,0
TLX,D,20161215,000000,15.5163,15.5163,15.2745,15.4815,388.9676113126017,0
TLX,D,20161216,000000,15.5163,15.5163,15.2745,15.2745,79.70647772799215,0
TLX,D,20161219,000000,15.4749,15.4749,14.7946,15.267,486.7408906589388,0
TLX,D,20161220,000000,15.267,15.267,14.7184,14.7184,165.7894736742237,0
TLX,D,20161221,000000,15.2453,15.2453,15.2453,15.2453,2.1255060727464574,0
TLX,D,20161222,000000,15.1974,15.1974,15.1842,15.1842,147.72267205587877,0
TLX,D,20161223,000000,15.1889,15.1889,15.1889,15.1889,2.1255060727464574,0
TLX,D,20161227,000000,15.1842,15.1842,14.1153,14.1153,1530.3643723774492,0
TLX,D,20161228,000000,14.2395,14.5105,14.1971,14.5105,529.251012113868,0
TLX,D,20161229,000000,14.5105,14.5105,14.5105,14.5105,10.627530363732287,0
TLX,D,20161230,000000,14.5105,14.5659,14.5105,14.5659,129.6558704375339,0
TLX,D,20170102,000000,14.5659,14.5659,14.5659,14.5659,1.0627530363732287,0
TLX,D,20170103,000000,14.5105,14.5105,14.5105,14.5105,264.625506056934,0
TLX,D,20170104,000000,14.5105,14.5105,14.5105,14.5105,369.8380566578836,0
TLX,D,20170105,000000,14.4747,14.5659,14.4747,14.5659,137.0951416921465,0
TLX,D,20170109,000000,14.5659,14.5735,14.5659,14.5735,514.3724696046427,0
TLX,D,20170110,000000,15.2256,15.2453,14.7946,15.2453,60.57692307327404,0
TLX,D,20170111,000000,15.2453,15.2453,14.9743,15.2453,750.3036436794995,0
TLX,D,20170112,000000,15.2453,15.2453,15.2453,15.2453,1.0627530363732287,0
TLX,D,20170113,000000,15.2453,15.2453,15.2453,15.2453,1.0627530363732287,0
TLX,D,20170116,000000,15.2453,15.2453,15.2453,15.2453,1.0627530363732287,0
TLX,D,20170117,000000,15.2453,15.2453,15.2453,15.2453,43.57287449130238,0
TLX,D,20170118,000000,15.2397,15.2453,15.2397,15.2453,7.439271254612602,0
TLX,D,20170119,000000,15.2453,15.2453,15.2453,15.2453,4.251012145492915,0
TLX,D,20170120,000000,15.2049,15.2049,15.2049,15.2049,72.26720647337955,0
TLX,D,20170123,000000,15.1974,15.1974,15.1974,15.1974,39.321862345809464,0
TLX,D,20170124,000000,15.1974,15.1974,14.5791,15.1974,761.993927079605,0
TLX,D,20170125,000000,15.2453,15.2453,15.2453,15.2453,1.0627530363732287,0
TLX,D,20170126,000000,15.2321,15.2453,14.5105,15.2256,1346.508097084881,0
TLX,D,20170127,000000,15.2397,15.2397,14.5575,14.7316,393.2186234580946,0
TLX,D,20170130,000000,14.6479,15.2321,14.6479,15.2321,390.03036434897496,0
TLX,D,20170131,000000,15.2321,15.2321,15.2321,15.2321,1.0627530363732287,0
TLX,D,20170201,000000,15.2321,15.2453,15.2321,15.2453,13.815789472851973,0
TLX,D,20170202,000000,15.2453,15.2453,15.2453,15.2453,1.0627530363732287,0
TLX,D,20170203,000000,15.2397,15.2397,15.2397,15.2397,1.0627530363732287,0
TLX,D,20170206,000000,15.2453,15.2453,15.2453,15.2453,1.0627530363732287,0
TLX,D,20170207,000000,15.2397,15.2397,15.2397,15.2397,1.0627530363732287,0
TLX,D,20170208,000000,15.2397,15.2397,14.6901,15.1004,79.70647772799215,0
TLX,D,20170209,000000,15.1353,15.1353,15.1353,15.1353,1.0627530363732287,0
TLX,D,20170210,000000,14.677,15.2397,14.677,15.2397,207.2368420927796,0
TLX,D,20170213,000000,15.1625,15.1625,14.8783,14.8783,147.72267205587877,0
TLX,D,20170214,000000,15.1625,15.1625,15.1625,15.1625,2.1255060727464574,0
TLX,D,20170215,000000,15.156,15.156,15.156,15.156,19.129554654718117,0
TLX,D,20170216,000000,15.156,15.156,14.6694,14.6694,1427.2773278492464,0
TLX,D,20170217,000000,15.156,15.156,15.156,15.156,1.0627530363732287,0
TLX,D,20170220,000000,15.156,15.2745,15.156,15.2745,328.3906882393277,0
TLX,D,20170221,000000,15.2745,15.5521,15.2745,15.5521,2156.325910801281,0
TLX,D,20170222,000000,15.2745,15.2745,15.2745,15.2745,1.0627530363732287,0
TLX,D,20170223,000000,15.5521,15.5521,15.2745,15.2745,106.27530363732288,0
TLX,D,20170224,000000,15.2745,15.5521,15.2745,15.5229,51.01214574591498,0
TLX,D,20170227,000000,15.5163,15.5163,15.5163,15.5163,129.6558704375339,0
TLX,D,20170228,000000,15.5521,15.5521,15.5229,15.5229,2.1255060727464574,0
TLX,D,20170301,000000,15.8918,15.8918,15.5107,15.5107,311.38663965735606,0
TLX,D,20170302,000000,15.4608,15.5163,15.3356,15.5022,498.4311740590443,0
TLX,D,20170303,000000,15.4815,15.5022,15.4815,15.4815,571.761133568797,0
TLX,D,20170306,000000,15.5163,15.5163,15.5163,15.5163,2.1255060727464574,0
TLX,D,20170307,000000,15.5163,15.5163,15.0035,15.1004,333.7044534211938,0
TLX,D,20170308,000000,15.5107,15.5107,15.5107,15.5107,1.0627530363732287,0
TLX,D,20170309,000000,15.5022,15.5107,14.995,14.995,732.2368420611546,0
TLX,D,20170310,000000,15.5107,15.5107,15.5107,15.5107,1.0627530363732287,0
TLX,D,20170313,000000,15.5107,15.5163,15.5107,15.5163,64.82793521876695,0
TLX,D,20170314,000000,15.2745,15.2745,15.2745,15.2745,145.59716598313236,0
TLX,D,20170315,000000,15.5107,15.5107,15.5107,15.5107,1.0627530363732287,0
TLX,D,20170316,000000,15.5107,15.5107,15.4815,15.5107,69.07894736425986,0
TLX,D,20170317,000000,15.5107,15.5163,15.5107,15.5163,1325.2530363574162,0
TLX,D,20170320,000000,15.5163,15.5163,15.4128,15.4128,2227.5303642382873,0
TLX,D,20170321,000000,15.3432,15.3432,15.0101,15.0299,265.6882590933072,0
TLX,D,20170322,000000,15.4128,15.4128,15.4128,15.4128,1.0627530363732287,0
TLX,D,20170323,000000,15.4128,15.4128,14.995,14.995,722.6720647337955,0
TLX,D,20170324,000000,15.4128,15.4128,15.4128,15.4128,1.0627530363732287,0
TLX,D,20170327,000000,15.4128,15.4128,14.8229,15.4128,573.8866396415435,0
TLX,D,20170328,000000,15.4128,15.4128,14.3016,15.4128,2464.5242913495176,0
TLX,D,20170329,000000,15.4063,15.4063,15.0853,15.4063,45.69838056404884,0
TLX,D,20170330,000000,15.0797,15.0797,14.3712,14.5791,1052.1255060094966,0
TLX,D,20170331,000000,14.5791,14.5791,14.232,14.232,2601.6194330416643,0
TLX,D,20170403,000000,15.267,15.267,14.0588,14.0729,159.4129554559843,0
TLX,D,20170404,000000,14.232,14.232,14.232,14.232,286.94331982077176,0
TLX,D,20170405,000000,14.5791,14.5791,14.024,14.2959,95.64777327359057,0
TLX,D,20170406,000000,14.232,14.232,13.9694,13.9694,1426.214574812873,0
TLX,D,20170407,000000,14.1971,14.1971,13.5723,14.0936,1519.736842013717,0
TLX,D,20170410,000000,14.024,14.024,13.5723,13.5723,601.5182185872475,0
TLX,D,20170411,000000,13.6081,14.0936,13.6081,14.0936,817.2570849710129,0
TLX,D,20170412,000000,13.8847,13.8847,13.8847,13.8847,1.0627530363732287,0
TLX,D,20170413,000000,13.8847,13.8847,13.5451,13.5526,1815.1821861254746,0
TLX,D,20170418,000000,13.6693,13.6693,13.5526,13.5798,761.993927079605,0
TLX,D,20170419,000000,13.6693,13.6693,13.5168,13.6429,743.9271254612602,0
TLX,D,20170420,000000,13.6081,13.6429,13.5996,13.5996,427.22672062203793,0
TLX,D,20170421,000000,13.6081,13.6693,13.6081,13.6693,181.73076921982212,0
TLX,D,20170424,000000,13.6693,13.6693,13.6081,13.6081,402.7834007854537,0
TLX,D,20170425,000000,13.6429,13.6429,13.5384,13.5451,293.31983803901113,0
TLX,D,20170426,000000,13.6212,14.0654,13.6212,14.0654,2685.576922915149,0
TLX,D,20170427,000000,14.0654,14.9273,14.0654,14.2395,4158.5526313284445,0
TLX,D,20170428,000000,14.7184,14.7184,14.7184,14.7184,1.0627530363732287,0
TLX,D,20170502,000000,14.4408,14.4408,14.2395,14.2395,286.94331982077176,0
TLX,D,20170504,000000,14.5659,14.5659,14.247,14.247,207.2368420927796,0
TLX,D,20170505,000000,14.5659,14.5659,14.4408,14.4408,235.93117407485678,0
TLX,D,20170508,000000,14.4408,14.5659,14.4408,14.5659,73.32995950975278,0
TLX,D,20170509,000000,14.5659,14.5659,14.5659,14.5659,1.0627530363732287,0
TLX,D,20170510,000000,14.5105,14.5105,14.5105,14.5105,145.59716598313236,0
TLX,D,20170511,000000,14.5105,14.5105,14.5105,14.5105,146.65991901950557,0
TLX,D,20170512,000000,14.5659,14.5659,14.5105,14.5105,146.65991901950557,0
TLX,D,20170515,000000,14.4408,14.5105,14.3712,14.5105,928.8461537902019,0
TLX,D,20170516,000000,14.5659,14.5735,14.4408,14.5735,573.8866396415435,0
TLX,D,20170517,000000,14.6479,14.6479,14.6479,14.6479,26.56882590933072,0
TLX,D,20170518,000000,14.9132,14.9132,14.0249,14.5735,1197.7226719926289,0
TLX,D,20170519,000000,14.5791,14.5791,14.5735,14.5735,15.941295545598432,0
TLX,D,20170522,000000,14.6826,14.6826,14.6826,14.6826,1.0627530363732287,0
TLX,D,20170523,000000,14.6826,14.6826,14.6525,14.6525,15.941295545598432,0
TLX,D,20170524,000000,14.6826,14.6826,14.6826,14.6826,1.0627530363732287,0
TLX,D,20170525,000000,14.6826,14.6826,14.6826,14.6826,1.0627530363732287,0
TLX,D,20170526,000000,14.6826,14.6826,14.6826,14.6826,1.0627530363732287,0
TLX,D,20170529,000000,14.6525,14.6525,14.5358,14.5358,142.40890687401267,0
TLX,D,20170530,000000,14.6525,14.6525,14.6525,14.6525,1.0627530363732287,0
TLX,D,20170531,000000,14.6525,14.6525,14.6525,14.6525,1.0627530363732287,0
TLX,D,20170601,000000,14.6525,14.6525,14.6525,14.6525,1.0627530363732287,0
TLX,D,20170602,000000,14.2131,14.6525,14.0663,14.103,1222.165991829213,0
TLX,D,20170605,000000,14.0739,14.2865,14.0663,14.0663,1187.0951416288965,0
TLX,D,20170606,000000,14.6525,14.6525,14.0739,14.3608,443.16801616763644,0
TLX,D,20170607,000000,14.3608,14.645,14.0089,14.645,518.6234817501356,0
TLX,D,20170608,000000,14.3608,14.3608,14.2865,14.2865,219.98987852925833,0
TLX,D,20170609,000000,14.2865,14.2865,14.2865,14.2865,42.51012145492915,0
TLX,D,20170612,000000,14.5791,14.5791,14.5791,14.5791,1.0627530363732287,0
TLX,D,20170613,000000,14.5735,14.5735,14.0823,14.5735,657.8441295150285,0
TLX,D,20170614,000000,14.5735,14.5735,14.5735,14.5735,1.0627530363732287,0
TLX,D,20170616,000000,14.5735,14.5735,14.5735,14.5735,1.0627530363732287,0
TLX,D,20170619,000000,14.5735,14.5735,14.5735,14.5735,32.945344127570095,0
TLX,D,20170620,000000,14.5735,14.5735,14.5735,14.5735,1.0627530363732287,0
TLX,D,20170621,000000,14.5735,14.5735,14.5735,14.5735,51.01214574591498,0
TLX,D,20170622,000000,14.5735,14.5735,14.0155,14.5651,329.45344127570087,0
TLX,D,20170623,000000,14.5651,14.5651,14.0089,14.0089,68.01619432788664,0
TLX,D,20170626,000000,14.5651,14.5651,14.0155,14.5575,438.9170040221435,0
TLX,D,20170627,000000,14.5575,14.5575,14.0089,14.5509,512.2469635318963,0
TLX,D,20170628,000000,14.5509,14.5509,14.5509,14.5509,1.0627530363732287,0
TLX,D,20170629,000000,14.5509,14.5509,14.5509,14.5509,3.188259109119686,0
TLX,D,20170630,000000,14.5509,14.5509,14.5509,14.5509,2.1255060727464574,0
TLX,D,20170703,000000,14.5735,14.5735,14.5735,14.5735,2.1255060727464574,0
TLX,D,20170704,000000,14.5735,14.5735,14.5651,14.5651,221.05263156563157,0
TLX,D,20170705,000000,14.5735,14.5735,14.5735,14.5735,2.1255060727464574,0
TLX,D,20170706,000000,14.5735,14.5735,14.4333,14.4333,334.76720645756706,0
TLX,D,20170707,000000,14.5791,14.5791,14.0739,14.5735,765.1821861887246,0
TLX,D,20170710,000000,14.645,14.645,14.0155,14.6393,489.9291497680585,0
TLX,D,20170711,000000,14.6393,14.6393,14.6393,14.6393,14.878542509225204,0
TLX,D,20170712,000000,14.6309,14.6309,14.6309,14.6309,14.878542509225204,0
TLX,D,20170713,000000,14.6168,14.6168,14.6168,14.6168,14.878542509225204,0
TLX,D,20170714,000000,14.5942,14.5942,14.5942,14.5942,14.878542509225204,0
TLX,D,20170717,000000,14.5735,14.5735,14.5735,14.5735,14.878542509225204,0
TLX,D,20170718,000000,14.2865,14.2865,14.2865,14.2865,147.72267205587877,0
TLX,D,20170719,000000,14.6168,14.6168,14.0663,14.2865,536.6902833684804,0
TLX,D,20170720,000000,14.6168,14.6168,14.0155,14.0155,3.188259109119686,0
TLX,D,20170721,000000,14.6168,14.6168,14.6168,14.6168,60.57692307327404,0
TLX,D,20170724,000000,14.6092,14.6092,14.6092,14.6092,259.3117408750678,0
TLX,D,20170725,000000,14.6092,14.6092,14.6092,14.6092,5.3137651818661435,0
TLX,D,20170726,000000,14.6168,14.6893,14.6168,14.6893,286.94331982077176,0
TLX,D,20170727,000000,14.6826,14.6893,14.6826,14.6893,26.56882590933072,0
TLX,D,20170728,000000,14.6893,14.6893,14.0155,14.0155,71.20445343700634,0
TLX,D,20170731,000000,14.4634,14.4634,14.4634,14.4634,3.188259109119686,0
TLX,D,20170801,000000,14.2865,14.2865,14.0155,14.0155,279.50404856615916,0
TLX,D,20170802,000000,14.4634,14.4634,14.0089,14.0089,1029.8076922456587,0
TLX,D,20170803,000000,14.4634,14.4634,13.848,13.9214,603.6437246599938,0
TLX,D,20170804,000000,14.4634,14.4634,13.7013,14.0597,208.29959512915283,0
TLX,D,20170807,000000,14.1397,14.1397,14.1397,14.1397,93.52226720084413,0
TLX,D,20170808,000000,14.2291,14.2291,14.0663,14.0663,110.52631578281579,0
TLX,D,20170809,000000,14.0532,14.0532,14.0532,14.0532,111.58906881918902,0
TLX,D,20170810,000000,14.0532,14.0532,14.0532,14.0532,88.20850201897798,0
TLX,D,20170811,000000,14.0532,14.0532,14.0532,14.0532,1.0627530363732287,0
TLX,D,20170814,000000,14.0532,14.0532,13.3709,13.3709,26.56882590933072,0
TLX,D,20170816,000000,13.3709,13.3709,13.3709,13.3709,41.447368418555925,0
TLX,D,20170817,000000,13.3709,13.3709,13.3709,13.3709,1.0627530363732287,0
TLX,D,20170818,000000,13.3709,13.9214,13.3709,13.9214,55.26315789140789,0
TLX,D,20170821,000000,13.9214,13.993,13.9214,13.9214,424.0384615129183,0
TLX,D,20170822,000000,13.9214,13.9214,13.9214,13.9214,1.0627530363732287,0
TLX,D,20170823,000000,13.9214,13.9214,13.9214,13.9214,1.0627530363732287,0
TLX,D,20170824,000000,13.9214,13.9214,13.9214,13.9214,1.0627530363732287,0
TLX,D,20170825,000000,13.9214,13.9214,13.9214,13.9214,1.0627530363732287,0
TLX,D,20170828,000000,13.9214,13.9214,13.9214,13.9214,3.188259109119686,0
TLX,D,20170829,000000,13.9214,13.9214,13.9214,13.9214,1.0627530363732287,0
TLX,D,20170830,000000,13.9214,13.9214,13.9214,13.9214,1.0627530363732287,0
TLX,D,20170831,000000,13.9214,13.9214,13.9214,13.9214,1.0627530363732287,0
TLX,D,20170901,000000,13.9214,13.9214,13.9214,13.9214,216.80161942013865,0
TLX,D,20170904,000000,13.848,13.848,13.848,13.848,80.76923076436539,0
TLX,D,20170905,000000,13.8113,13.8113,13.3578,13.3578,180.66801618344888,0
TLX,D,20170906,000000,13.3578,13.9214,13.3578,13.9214,341.1437246758064,0
TLX,D,20170907,000000,13.9214,13.9214,13.9214,13.9214,1.0627530363732287,0
TLX,D,20170908,000000,13.9214,13.9214,13.9214,13.9214,1.0627530363732287,0
TLX,D,20170911,000000,13.9214,13.9214,13.9214,13.9214,15.941295545598432,0
TLX,D,20170912,000000,13.9214,13.9214,13.5695,13.9214,30.819838054823634,0
TLX,D,20170913,000000,13.5827,13.5827,13.5827,13.5827,369.8380566578836,0
TLX,D,20170914,000000,13.9214,13.9214,13.9214,13.9214,1.0627530363732287,0
TLX,D,20170915,000000,13.9214,13.9214,13.9214,13.9214,1.0627530363732287,0
TLX,D,20170918,000000,13.9214,13.9214,13.9214,13.9214,1.0627530363732287,0
TLX,D,20170919,000000,13.9214,13.9214,13.9214,13.9214,4.251012145492915,0
TLX,D,20170920,000000,13.9214,13.9214,13.9214,13.9214,28.694331982077177,0
TLX,D,20170921,000000,14.4333,14.4333,13.993,13.993,87.14574898260476,0
TLX,D,20170922,000000,14.4333,14.4333,14.0663,14.0739,247.62145747496228,0
TLX,D,20170925,000000,14.4333,14.6092,13.9214,13.993,504.80769227728365,0
TLX,D,20170926,000000,13.993,13.993,13.993,13.993,1.0627530363732287,0
TLX,D,20170927,000000,13.993,13.993,13.993,13.993,1.0627530363732287,0
TLX,D,20170928,000000,13.993,13.993,13.993,13.993,1.0627530363732287,0
TLX,D,20170929,000000,13.993,13.993,13.993,13.993,1.0627530363732287,0
TLX,D,20171002,000000,13.993,13.993,13.7747,13.7747,80.76923076436539,0
TLX,D,20171003,000000,13.7747,13.993,13.7747,13.993,161.53846152873078,0
TLX,D,20171004,000000,13.993,13.993,13.993,13.993,2.1255060727464574,0
TLX,D,20171005,000000,13.993,13.993,13.7747,13.993,86.08299594623153,0
TLX,D,20171006,000000,13.993,13.993,13.993,13.993,1.0627530363732287,0
TLX,D,20171009,000000,13.993,13.993,13.993,13.993,967.1052630996383,0
TLX,D,20171010,000000,13.993,13.993,13.993,13.993,2.1255060727464574,0
TLX,D,20171011,000000,14.0306,14.3016,13.993,14.3016,1007.4898784818209,0
TLX,D,20171012,000000,14.5791,14.5791,14.5791,14.5791,1.0627530363732287,0
TLX,D,20171013,000000,14.5791,14.5791,14.5791,14.5791,1.0627530363732287,0
TLX,D,20171016,000000,14.5791,14.5791,14.4549,14.4549,15.941295545598432,0
TLX,D,20171017,000000,14.5791,14.5791,14.5791,14.5791,1.0627530363732287,0
TLX,D,20171018,000000,14.5791,14.5791,14.5791,14.5791,1.0627530363732287,0
TLX,D,20171019,000000,13.993,14.5067,13.993,14.5067,150.91093116499846,0
TLX,D,20171020,000000,14.5067,14.5067,14.5067,14.5067,1.0627530363732287,0
TLX,D,20171023,000000,14.5067,14.5067,14.5067,14.5067,1.0627530363732287,0
TLX,D,20171024,000000,14.5001,14.5001,14.5001,14.5001,1.0627530363732287,0
TLX,D,20171025,000000,14.5067,14.5067,14.5067,14.5067,1.0627530363732287,0
TLX,D,20171026,000000,14.5001,14.5001,14.5001,14.5001,9.564777327359058,0
TLX,D,20171027,000000,14.5067,14.5067,14.5067,14.5067,3.188259109119686,0
TLX,D,20171030,000000,14.2865,14.5067,14.2865,14.5067,919.2813764628429,0
TLX,D,20171031,000000,14.5434,14.5791,14.5434,14.5791,286.94331982077176,0
TLX,D,20171102,000000,14.5509,14.5575,14.5509,14.5509,337.95546556668677,0
TLX,D,20171103,000000,14.6525,14.6525,14.4333,14.4333,2.1255060727464574,0
TLX,D,20171106,000000,15.2538,15.2538,14.0663,14.5735,74.39271254612602,0
TLX,D,20171107,000000,14.6525,14.6525,14.0663,14.6092,71.20445343700634,0
TLX,D,20171108,000000,14.4634,14.6092,13.993,14.6092,216.80161942013865,0
TLX,D,20171109,000000,14.4634,14.5067,14.4634,14.5067,2.1255060727464574,0
TLX,D,20171110,000000,14.4634,14.4634,14.4634,14.4634,1.0627530363732287,0
TLX,D,20171113,000000,15.2463,15.2463,14.2131,14.2131,236.99392711123,0
TLX,D,20171114,000000,14.2065,14.2065,14.2065,14.2065,2182.894736710612,0
TLX,D,20171115,000000,14.2065,14.2065,14.2065,14.2065,9.564777327359058,0
TLX,D,20171116,000000,14.2065,14.2065,14.2065,14.2065,5.3137651818661435,0
TLX,D,20171117,000000,14.2065,14.4549,13.9214,14.4549,838.5121456984775,0
TLX,D,20171120,000000,14.4549,14.4549,14.3016,14.4549,443.16801616763644,0
TLX,D,20171121,000000,14.4333,14.4549,14.4333,14.4549,42.51012145492915,0
TLX,D,20171122,000000,14.4183,14.4183,14.4183,14.4183,111.58906881918902,0
TLX,D,20171123,000000,14.4549,14.4549,14.4549,14.4549,5.3137651818661435,0
TLX,D,20171124,000000,14.4549,14.4549,14.4549,14.4549,5.3137651818661435,0
TLX,D,20171127,000000,14.4549,14.4549,14.4549,14.4549,5.3137651818661435,0
TLX,D,20171128,000000,14.4549,14.4549,14.4549,14.4549,4.251012145492915,0
TLX,D,20171129,000000,14.4549,14.4549,14.4549,14.4549,1.0627530363732287,0
TLX,D,20171130,000000,14.4549,14.4549,14.4549,14.4549,4.251012145492915,0
TLX,D,20171201,000000,14.2865,14.4549,13.7379,14.4549,615.3340080600994,0
TLX,D,20171204,000000,14.4549,14.4549,14.4183,14.4549,95.64777327359057,0
TLX,D,20171205,000000,14.2865,14.2865,14.2865,14.2865,39.321862345809464,0
TLX,D,20171206,000000,14.2865,14.2865,14.2865,14.2865,3.188259109119686,0
TLX,D,20171207,000000,14.2865,14.2865,14.2865,14.2865,4.251012145492915,0
TLX,D,20171208,000000,14.2865,14.2865,14.2865,14.2865,7.439271254612602,0
TLX,D,20171211,000000,14.2865,14.2865,13.8838,14.2865,219.98987852925833,0
TLX,D,20171212,000000,14.2865,14.2865,14.2865,14.2865,7.439271254612602,0
TLX,D,20171213,000000,14.2865,14.2865,14.2865,14.2865,2.1255060727464574,0
TLX,D,20171214,000000,14.2131,14.2131,13.9572,13.9572,242.30769229309615,0
TLX,D,20171215,000000,14.1764,14.1764,14.1764,14.1764,14.878542509225204,0
TLX,D,20171218,000000,14.1473,14.1473,13.993,13.993,160.47570849235754,0
TLX,D,20171219,000000,14.0739,14.0739,14.0739,14.0739,14.878542509225204,0
TLX,D,20171220,000000,14.0663,14.1397,14.0663,14.0965,405.9716598945734,0
TLX,D,20171221,000000,14.1397,14.1397,14.0965,14.0965,98.83603238271027,0
TLX,D,20171222,000000,14.1256,14.1256,13.993,13.993,146.65991901950557,0
TLX,D,20171227,000000,13.993,14.1256,13.4077,14.1256,579.2004048234096,0
TLX,D,20171228,000000,14.1256,14.1256,13.4443,13.4443,54.20040485503466,0
TLX,D,20171229,000000,14.0663,14.0663,13.4443,13.451,2061.7408905640636,0
TLX,D,20180103,000000,13.9214,13.9214,13.9214,13.9214,54.20040485503466,0
TLX,D,20180104,000000,13.9214,13.9214,13.9214,13.9214,97.77327934633705,0
TLX,D,20180105,000000,14.103,14.103,14.103,14.103,1.0627530363732287,0
TLX,D,20180108,000000,14.103,14.103,14.0663,14.0663,211.48785423827255,0
TLX,D,20180109,000000,14.103,14.103,13.9214,14.103,901.214574844498,0
TLX,D,20180110,000000,14.0663,14.103,14.0663,14.103,71.20445343700634,0
TLX,D,20180111,000000,14.103,14.103,14.103,14.103,137.0951416921465,0
TLX,D,20180112,000000,14.103,14.103,14.103,14.103,124.34210525566776,0
TLX,D,20180115,000000,14.103,14.103,14.0663,14.0663,214.6761133473922,0
TLX,D,20180116,000000,14.0663,14.1397,14.0663,14.0663,729.048582952035,0
TLX,D,20180117,000000,14.1397,14.47,14.1397,14.47,1006.4271254454477,0
TLX,D,20180118,000000,14.6525,15.0195,14.47,15.0195,278.4412955297859,0
TLX,D,20180119,000000,15.0195,15.0195,14.1764,14.5791,1880.0101213442417,0
TLX,D,20180122,000000,14.47,15.2397,14.47,15.2397,2.1255060727464574,0
TLX,D,20180123,000000,15.1673,15.1673,15.1673,15.1673,1.0627530363732287,0
TLX,D,20180124,000000,15.0929,15.0929,15.0929,15.0929,1.0627530363732287,0
TLX,D,20180125,000000,14.8727,14.8727,14.8727,14.8727,17.00404858197166,0
TLX,D,20180126,000000,14.8727,14.8727,14.8727,14.8727,14.878542509225204,0
TLX,D,20180129,000000,14.8727,14.8727,14.6525,14.6525,95.64777327359057,0
TLX,D,20180130,000000,15.0929,15.0929,14.6525,14.6525,45.69838056404884,0
TLX,D,20180131,000000,15.0195,15.0195,15.0195,15.0195,1.0627530363732287,0
TLX,D,20180201,000000,14.7993,14.7993,14.47,14.47,2564.4230767686013,0
TLX,D,20180202,000000,14.47,14.47,14.2865,14.47,408.0971659673198,0
TLX,D,20180205,000000,14.7993,14.7993,14.7993,14.7993,1.0627530363732287,0
TLX,D,20180206,000000,14.47,14.47,14.4333,14.4333,2.1255060727464574,0
TLX,D,20180207,000000,14.7993,14.7993,14.7993,14.7993,1.0627530363732287,0
TLX,D,20180209,000000,14.7993,14.7993,14.7993,14.7993,1.0627530363732287,0
TLX,D,20180212,000000,14.7993,14.7993,14.2865,14.2865,275.2530364206662,0
TLX,D,20180213,000000,14.7993,14.7993,13.9214,13.9214,821.5080971165058,0
TLX,D,20180214,000000,14.47,14.47,14.2131,14.2131,2.1255060727464574,0
TLX,D,20180215,000000,14.47,14.47,14.2131,14.2131,2.1255060727464574,0
TLX,D,20180216,000000,14.5067,14.5067,14.2131,14.2131,2.1255060727464574,0
TLX,D,20180219,000000,14.9461,14.9461,14.9461,14.9461,1.0627530363732287,0
TLX,D,20180220,000000,14.1397,14.47,14.1397,14.3608,452.73279349499546,0
TLX,D,20180221,000000,14.47,14.47,13.9214,13.9214,238.05668014760326,0
TLX,D,20180222,000000,13.9214,13.9214,13.9214,13.9214,14.878542509225204,0
TLX,D,20180223,000000,13.9572,14.47,13.9572,14.4333,17.00404858197166,0
TLX,D,20180226,000000,14.47,14.47,14.4333,14.4333,2.1255060727464574,0
TLX,D,20180227,000000,14.5791,14.5791,14.5791,14.5791,1.0627530363732287,0
TLX,D,20180228,000000,14.5791,14.5791,14.5791,14.5791,1.0627530363732287,0
TLX,D,20180301,000000,14.4333,14.4333,14.4333,14.4333,252.93522265682844,0
TLX,D,20180302,000000,14.47,14.47,14.47,14.47,1.0627530363732287,0
TLX,D,20180305,000000,14.47,14.47,14.47,14.47,1.0627530363732287,0
TLX,D,20180306,000000,14.47,14.47,14.47,14.47,14.878542509225204,0
TLX,D,20180307,000000,14.47,14.47,14.47,14.47,14.878542509225204,0
TLX,D,20180308,000000,14.47,14.47,14.47,14.47,14.878542509225204,0
TLX,D,20180309,000000,14.47,14.47,14.47,14.47,25.50607287295749,0
TLX,D,20180312,000000,14.4333,14.47,13.9572,13.9572,164.72672063785043,0
TLX,D,20180313,000000,14.5791,14.5791,13.7747,13.9572,1760.98178127044,0
TLX,D,20180314,000000,13.9214,13.9214,13.7747,13.7747,117.96558703742839,0
TLX,D,20180315,000000,14.47,14.47,13.2609,13.8838,2076.6194330732887,0
TLX,D,20180316,000000,13.7747,13.7747,13.7747,13.7747,1.0627530363732287,0
TLX,D,20180319,000000,13.7747,13.7747,13.7747,13.7747,1.0627530363732287,0
TLX,D,20180320,000000,13.7747,13.7747,13.7747,13.7747,17.00404858197166,0
TLX,D,20180321,000000,13.7747,13.7747,13.7379,13.7747,210.42510120189928,0
TLX,D,20180322,000000,13.7379,13.7379,13.7379,13.7379,22.317813763837805,0
TLX,D,20180323,000000,13.7747,13.7747,13.7747,13.7747,1.0627530363732287,0
TLX,D,20180326,000000,13.7747,13.7747,13.7379,13.7379,7.439271254612602,0
TLX,D,20180327,000000,13.7747,13.7747,13.7379,13.7379,55.26315789140789,0
TLX,D,20180328,000000,13.7379,13.993,13.7379,13.7379,3009.716599008984,0
TLX,D,20180329,000000,14.3232,14.3232,13.4077,13.9214,1091.447368355306,0
TLX,D,20180403,000000,14.0663,14.0663,13.7013,13.7379,550.5060728413324,0
TLX,D,20180404,000000,14.0663,14.0663,14.0663,14.0663,1.0627530363732287,0
TLX,D,20180405,000000,13.8113,13.8113,13.6645,13.6645,211.48785423827255,0
TLX,D,20180406,000000,14.0663,14.0663,13.8113,13.8113,18.066801618344886,0
TLX,D,20180409,000000,14.0663,14.0663,13.848,13.848,233.8056680021103,0
TLX,D,20180410,000000,13.8113,13.8113,13.8113,13.8113,39.321862345809464,0
TLX,D,20180411,000000,13.8838,13.8838,13.7747,13.7747,285.8805667843985,0
TLX,D,20180412,000000,13.8838,13.8838,13.5545,13.5545,2872.621457316837,0
TLX,D,20180413,000000,13.8838,13.8838,13.8838,13.8838,14.878542509225204,0
TLX,D,20180416,000000,13.848,13.848,13.848,13.848,74.39271254612602,0
TLX,D,20180417,000000,13.848,13.848,13.848,13.848,333.7044534211938,0
TLX,D,20180418,000000,13.8838,13.8838,13.8838,13.8838,5.3137651818661435,0
TLX,D,20180419,000000,13.8113,13.848,13.5545,13.5545,560.0708501686915,0
TLX,D,20180420,000000,13.8838,13.8838,13.8838,13.8838,13.815789472851973,0
TLX,D,20180423,000000,13.8838,13.8838,13.8838,13.8838,1.0627530363732287,0
TLX,D,20180424,000000,13.8838,13.8838,13.5545,13.5545,40.384615382182695,0
TLX,D,20180425,000000,13.8838,13.8838,13.5545,13.5545,1067.0040485187217,0
TLX,D,20180426,000000,13.8838,13.8838,13.7379,13.7379,7.439271254612602,0
TLX,D,20180427,000000,13.8113,13.8113,13.7747,13.7747,41.447368418555925,0
TLX,D,20180430,000000,13.7747,13.7747,13.7747,13.7747,1.0627530363732287,0
TLX,D,20180502,000000,13.6269,13.6269,13.6269,13.6269,231.6801619293639,0
TLX,D,20180504,000000,13.7747,13.7747,13.7747,13.7747,1.0627530363732287,0
TLX,D,20180507,000000,13.7747,13.7747,13.7747,13.7747,14.878542509225204,0
TLX,D,20180508,000000,13.7747,13.7747,13.7747,13.7747,5.3137651818661435,0
TLX,D,20180509,000000,13.5545,13.5545,13.5545,13.5545,25.50607287295749,0
TLX,D,20180510,000000,13.7747,13.7747,13.3352,13.3352,764.1194331523515,0
TLX,D,20180511,000000,13.3352,13.3709,13.3352,13.3352,1290.1821861570995,0
TLX,D,20180514,000000,13.7747,13.7747,13.7747,13.7747,7.439271254612602,0
TLX,D,20180515,000000,13.7747,13.7747,13.3352,13.3352,411.28542507643954,0
TLX,D,20180516,000000,13.7747,13.7747,12.7114,12.7114,7526.417003595206,0
TLX,D,20180517,000000,13.3352,13.3352,13.3352,13.3352,19.129554654718117,0
TLX,D,20180518,000000,12.9682,13.7747,12.9682,13.7747,92.4595141644709,0
TLX,D,20180521,000000,13.7747,13.7747,13.7747,13.7747,1.0627530363732287,0
TLX,D,20180522,000000,13.7747,13.7747,13.7747,13.7747,1.0627530363732287,0
TLX,D,20180523,000000,13.7747,13.7747,13.115,13.115,137.0951416921465,0
TLX,D,20180524,000000,13.7747,13.7747,13.7747,13.7747,1.0627530363732287,0
TLX,D,20180525,000000,13.7747,13.7747,13.7747,13.7747,1.0627530363732287,0
TLX,D,20180528,000000,13.7747,13.7747,13.7747,13.7747,54.20040485503466,0
TLX,D,20180529,000000,13.7747,13.7747,13.7747,13.7747,1.0627530363732287,0
TLX,D,20180530,000000,13.7747,13.7747,12.748,13.1875,673.7854250606271,0
TLX,D,20180601,000000,13.1517,13.1517,13.1517,13.1517,36.13360323668977,0
TLX,D,20180604,000000,13.115,13.115,12.7848,12.7848,137.0951416921465,0
TLX,D,20180605,000000,13.0774,13.0774,12.8205,12.8205,4627.226720369038,0
TLX,D,20180606,000000,12.9682,12.9682,12.8205,12.9682,356.0222671850316,0
TLX,D,20180607,000000,12.9682,13.005,12.9682,13.005,544.1295546230931,0
TLX,D,20180608,000000,13.1875,13.1875,13.1875,13.1875,1104.2004047917846,0
TLX,D,20180611,000000,13.3709,13.5168,13.3709,13.5168,427.22672062203793,0
TLX,D,20180612,000000,13.4811,13.4811,13.4811,13.4811,18.066801618344886,0
TLX,D,20180613,000000,13.4443,13.4443,13.4443,13.4443,1.0627530363732287,0
TLX,D,20180614,000000,13.3709,13.3709,13.005,13.3709,138.15789472851972,0
TLX,D,20180615,000000,13.3352,13.3352,13.3352,13.3352,164.72672063785043,0
TLX,D,20180618,000000,13.7747,13.8838,13.7747,13.8838,299.6963562572505,0
TLX,D,20180619,000000,13.6269,13.6269,13.3352,13.3352,42.51012145492915,0
TLX,D,20180620,000000,13.8113,13.8113,13.8113,13.8113,1.0627530363732287,0
TLX,D,20180621,000000,13.8113,13.8113,12.8582,12.8582,974.5445343542507,0
TLX,D,20180622,000000,13.1724,13.212,13.1724,13.212,202.9858299472867,0
TLX,D,20180625,000000,12.8977,12.8977,12.8977,12.8977,134.96963561940007,0
TLX,D,20180627,000000,13.7624,13.7624,13.7624,13.7624,3.188259109119686,0
TLX,D,20180628,000000,13.2505,13.2505,12.5824,12.5824,940.5364371903074,0
TLX,D,20180629,000000,12.5824,12.5824,12.5824,12.5824,1.0627530363732287,0
TLX,D,20180702,000000,13.212,13.212,12.78,12.78,72.26720647337955,0
TLX,D,20180703,000000,13.212,13.212,13.212,13.212,1.0627530363732287,0
TLX,D,20180704,000000,13.212,13.212,12.78,12.78,157.28744938323786,0
TLX,D,20180705,000000,13.212,13.212,13.212,13.212,3.188259109119686,0
TLX,D,20180706,000000,13.212,13.212,13.212,13.212,1.0627530363732287,0
TLX,D,20180709,000000,13.212,13.212,13.212,13.212,13.815789472851973,0
TLX,D,20180710,000000,13.1724,13.212,13.1724,13.212,73.32995950975278,0
TLX,D,20180711,000000,13.212,13.212,13.212,13.212,7.439271254612602,0
TLX,D,20180712,000000,13.212,13.212,13.212,13.212,5.3137651818661435,0
TLX,D,20180713,000000,13.212,13.212,13.212,13.212,5.3137651818661435,0
TLX,D,20180716,000000,13.212,13.212,12.5824,12.5824,957.5404857722791,0
TLX,D,20180717,000000,12.5439,12.5824,12.1891,12.5824,1309.3117408118178,0
TLX,D,20180718,000000,12.5824,12.5824,12.5824,12.5824,5.3137651818661435,0
TLX,D,20180719,000000,12.5824,12.5824,12.5824,12.5824,1.0627530363732287,0
TLX,D,20180720,000000,12.5824,12.5824,12.5824,12.5824,5.3137651818661435,0
TLX,D,20180723,000000,12.5824,12.5824,12.5824,12.5824,5.3137651818661435,0
TLX,D,20180724,000000,12.5824,12.5824,12.3463,12.3463,20.192307691091347,0
TLX,D,20180725,000000,12.5824,12.5824,12.5824,12.5824,1.0627530363732287,0
TLX,D,20180726,000000,12.5824,12.5824,12.5824,12.5824,1.0627530363732287,0
TLX,D,20180727,000000,12.5824,12.5824,12.3463,12.3463,70.1417004006331,0
TLX,D,20180730,000000,12.5824,12.5824,12.3858,12.3858,566.447368386931,0
TLX,D,20180731,000000,12.5824,12.5824,12.5824,12.5824,1.0627530363732287,0
TLX,D,20180801,000000,12.5824,12.5824,12.3858,12.5824,276.31578945703944,0
TLX,D,20180802,000000,12.5824,12.5824,12.5824,12.5824,1.0627530363732287,0
TLX,D,20180803,000000,12.5824,12.5824,12.5439,12.5824,179.60526314707565,0
TLX,D,20180806,000000,12.5824,12.5824,12.111,12.111,65.89068825514019,0
TLX,D,20180807,000000,12.1891,12.3463,12.1891,12.3463,170.0404858197166,0
TLX,D,20180808,000000,12.3463,12.5044,12.3463,12.5044,7.439271254612602,0
TLX,D,20180809,000000,12.5044,12.5044,12.5044,12.5044,44.63562752767561,0
TLX,D,20180810,000000,12.5044,12.5044,12.5044,12.5044,4.251012145492915,0
TLX,D,20180813,000000,12.5044,12.5044,12.5044,12.5044,7.439271254612602,0
TLX,D,20180814,000000,12.5044,12.5044,12.5044,12.5044,82.89473683711185,0
TLX,D,20180816,000000,12.5044,12.5044,12.5044,12.5044,9.564777327359058,0
TLX,D,20180817,000000,12.5044,12.5044,12.5044,12.5044,65.89068825514019,0
TLX,D,20180820,000000,12.5824,12.5824,12.5824,12.5824,1.0627530363732287,0
TLX,D,20180821,000000,12.5824,12.5824,12.2691,12.2691,99.8987854190835,0
TLX,D,20180822,000000,12.2691,12.2691,12.2691,12.2691,1.0627530363732287,0
TLX,D,20180823,000000,12.2691,12.5439,12.2691,12.5439,44.63562752767561,0
TLX,D,20180824,000000,12.5824,12.5824,12.5824,12.5824,1.0627530363732287,0
TLX,D,20180827,000000,12.5824,12.5824,12.5824,12.5824,1.0627530363732287,0
TLX,D,20180828,000000,12.5824,12.5824,12.3463,12.3463,2299.797570711667,0
TLX,D,20180829,000000,12.5824,12.5824,12.5824,12.5824,13.815789472851973,0
TLX,D,20180830,000000,12.5824,12.5824,12.5824,12.5824,17.00404858197166,0
TLX,D,20180831,000000,12.5824,12.5824,12.5824,12.5824,1.0627530363732287,0
TLX,D,20180903,000000,12.5824,12.5824,12.5824,12.5824,4.251012145492915,0
TLX,D,20180904,000000,12.5824,12.5824,12.5824,12.5824,1.0627530363732287,0
TLX,D,20180905,000000,12.5824,12.5824,12.3463,12.5824,140.2834008012662,0
TLX,D,20180906,000000,12.5824,12.5824,11.9539,12.5824,1071.2550606642146,0
TLX,D,20180907,000000,12.5824,12.5824,11.9539,12.5824,52.07489878228821,0
TLX,D,20180910,000000,12.5824,12.5824,11.9539,12.5439,15.941295545598432,0
TLX,D,20180911,000000,12.5824,12.5824,11.9925,12.5439,238.05668014760326,0
TLX,D,20180912,000000,12.5439,12.5439,12.032,12.5439,155.1619433104914,0
TLX,D,20180913,000000,12.5439,12.5439,12.5439,12.5439,1.0627530363732287,0
TLX,D,20180914,000000,12.5824,12.5824,12.032,12.5824,866.1437246441815,0
TLX,D,20180917,000000,12.5824,12.5824,12.5824,12.5824,39.321862345809464,0
TLX,D,20180918,000000,12.5824,12.5824,12.1891,12.1891,1226.417003974706,0
TLX,D,20180919,000000,12.5824,12.5824,12.111,12.111,469.73684207696715,0
TLX,D,20180920,000000,12.5824,12.5824,12.111,12.111,55.26315789140789,0
TLX,D,20180921,000000,12.5824,12.5824,11.6396,11.7968,148.78542509225204,0
TLX,D,20180924,000000,12.5824,12.5824,11.5605,11.7572,1074.4433197733342,0
TLX,D,20180925,000000,11.7968,11.7968,11.6396,11.7177,129.6558704375339,0
TLX,D,20180926,000000,12.5824,12.5824,12.5824,12.5824,1.0627530363732287,0
TLX,D,20180927,000000,12.5824,12.5824,11.7968,12.5824,76.51821861887247,0
TLX,D,20180928,000000,12.5824,12.5824,11.7968,12.5824,131.78137651028038,0
TLX,D,20181001,000000,12.5824,12.5824,12.5824,12.5824,1.0627530363732287,0
TLX,D,20181002,000000,12.5824,12.5824,11.2463,11.2463,564.3218623141844,0
TLX,D,20181003,000000,11.2463,11.521,11.0091,11.3639,1590.9412954507236,0
TLX,D,20181004,000000,12.5824,12.5824,11.7968,12.5824,244.4331983658426,0
TLX,D,20181005,000000,12.5824,12.5824,12.5824,12.5824,1.0627530363732287,0
TLX,D,20181008,000000,11.7572,11.7572,11.4025,11.4025,381.5283400579891,0
TLX,D,20181009,000000,11.4025,11.4025,11.4025,11.4025,127.53036436478746,0
TLX,D,20181010,000000,11.4025,11.4025,11.4025,11.4025,13.815789472851973,0
TLX,D,20181011,000000,10.8925,11.9539,10.8529,11.9539,1237.044534338438,0
TLX,D,20181012,000000,12.1891,12.1891,12.1891,12.1891,1.0627530363732287,0
TLX,D,20181015,000000,12.5824,12.5824,12.5824,12.5824,1.0627530363732287,0
TLX,D,20181016,000000,12.5824,12.5824,12.5824,12.5824,1.0627530363732287,0
TLX,D,20181017,000000,12.5824,12.5824,10.4606,10.4606,1472.975708413295,0
TLX,D,20181018,000000,10.5773,10.5773,10.5773,10.5773,13.815789472851973,0
TLX,D,20181019,000000,10.6168,10.6168,10.5773,10.5773,5.3137651818661435,0
TLX,D,20181022,000000,10.8529,10.8529,10.8529,10.8529,1.0627530363732287,0
TLX,D,20181023,000000,10.6168,10.6168,10.4606,10.4606,197.67206476542054,0
TLX,D,20181024,000000,10.4606,10.4606,10.4606,10.4606,1.0627530363732287,0
TLX,D,20181025,000000,10.4606,10.4606,10.4606,10.4606,1.0627530363732287,0
TLX,D,20181026,000000,10.4606,10.4606,10.4606,10.4606,1.0627530363732287,0
TLX,D,20181029,000000,11.3244,11.3244,10.3806,11.0892,498.4311740590443,0
TLX,D,20181030,000000,11.0892,11.0892,10.0663,10.0663,1241.2955464839313,0
TLX,D,20181031,000000,10.0663,10.932,9.83013,10.932,15.941295545598432,0
TLX,D,20181102,000000,11.0892,11.0892,10.0268,10.184,22.317813763837805,0
TLX,D,20181105,000000,10.1058,10.1058,10.0268,10.0268,91.39676112809768,0
TLX,D,20181106,000000,10.1058,10.1058,9.55537,10.0268,258.2489878386946,0
TLX,D,20181107,000000,10.932,10.932,10.932,10.932,5.3137651818661435,0
TLX,D,20181108,000000,10.932,10.932,10.932,10.932,1.0627530363732287,0
TLX,D,20181109,000000,10.932,10.932,10.932,10.932,1.0627530363732287,0
TLX,D,20181113,000000,10.932,10.932,10.932,10.932,1.0627530363732287,0
TLX,D,20181114,000000,10.932,10.932,8.96539,9.35777,1095.6983805007987,0
TLX,D,20181115,000000,9.35777,9.35777,9.35777,9.35777,56.32591092778112,0
TLX,D,20181116,000000,10.2244,10.2244,9.35777,9.35777,167.91497974697012,0
TLX,D,20181119,000000,9.35777,9.35777,9.12253,9.35777,139.22064776489296,0
TLX,D,20181120,000000,9.35777,9.35777,9.35777,9.35777,1.0627530363732287,0
TLX,D,20181121,000000,9.35777,9.35777,9.35777,9.35777,1.0627530363732287,0
TLX,D,20181122,000000,9.35777,9.35777,8.80779,9.20063,816.1943319346396,0
TLX,D,20181123,000000,9.75203,9.75203,8.96539,9.75203,13.815789472851973,0
TLX,D,20181126,000000,9.59395,9.59395,9.59395,9.59395,1.0627530363732287,0
TLX,D,20181127,000000,9.43775,9.43775,9.43775,9.43775,1.0627530363732287,0
TLX,D,20181128,000000,9.59395,9.59395,9.28061,9.59395,18.066801618344886,0
TLX,D,20181129,000000,9.28061,9.59395,9.28061,9.59395,280.5668016025324,0
TLX,D,20181130,000000,9.59395,9.59395,9.20063,9.31919,4527.327934949954,0
TLX,D,20181203,000000,9.59395,9.59395,9.20063,9.20063,2941.700404681097,0
TLX,D,20181204,000000,9.59395,9.59395,9.04443,9.04443,2619.686234660009,0
TLX,D,20181205,000000,9.04443,9.04443,9.04443,9.04443,516.4979756773891,0
TLX,D,20181206,000000,9.04443,9.59395,9.04443,9.59395,3.188259109119686,0
TLX,D,20181207,000000,9.20063,9.20063,9.20063,9.20063,154.09919027411817,0
TLX,D,20181210,000000,9.59395,9.59395,9.20063,9.20063,3214.827935029017,0
TLX,D,20181211,000000,9.59395,9.59395,9.04443,9.59395,906.5283400263642,0
TLX,D,20181212,000000,9.59395,9.59395,8.64999,8.88627,4951.366396462873,0
TLX,D,20181213,000000,9.59395,9.59395,8.64999,8.88627,1084.0080971006935,0
TLX,D,20181214,000000,9.59395,9.59395,8.88627,9.20063,3730.263157670033,0
TLX,D,20181217,000000,9.59395,9.59395,8.80779,9.20063,5260.627530047483,0
TLX,D,20181218,000000,9.43775,9.43775,9.43775,9.43775,2.1255060727464574,0
TLX,D,20181219,000000,9.16111,9.16111,9.04443,9.04443,375.15182183974974,0
TLX,D,20181220,000000,9.04443,9.04443,9.04443,9.04443,1.0627530363732287,0
TLX,D,20181221,000000,8.72931,9.00491,8.64999,8.64999,394.28137649446785,0
TLX,D,20181227,000000,9.04443,9.04443,9.04443,9.04443,5.3137651818661435,0
TLX,D,20181228,000000,9.04443,9.43775,8.72931,9.04443,2684.5141698787756,0
TLX,D,20190102,000000,9.43775,9.43775,9.04443,9.04443,527.1255060411215,0
TLX,D,20190103,000000,9.75203,9.75203,9.24109,9.24109,322.01417002108826,0
TLX,D,20190104,000000,9.47633,9.47633,9.20063,9.20063,202.9858299472867,0
TLX,D,20190107,000000,8.80779,9.51585,8.80779,9.20063,136.03238865577327,0
TLX,D,20190108,000000,9.51585,9.51585,9.24109,9.24109,65.89068825514019,0
TLX,D,20190109,000000,9.51585,9.51585,9.20063,9.28061,40.384615382182695,0
TLX,D,20190110,000000,9.59395,9.59395,9.04443,9.04443,1483.6032387770274,0
TLX,D,20190111,000000,9.20063,9.24109,9.20063,9.24109,2.1255060727464574,0
TLX,D,20190114,000000,9.51585,9.51585,9.20063,9.47633,1844.939271143925,0
TLX,D,20190115,000000,9.51585,9.51585,9.35777,9.35777,256.12348176594816,0
TLX,D,20190116,000000,9.59395,9.59395,9.20063,9.43775,2500.657894586207,0
TLX,D,20190117,000000,9.43775,9.43775,9.20063,9.20063,839.5748987348506,0
TLX,D,20190118,000000,9.43775,9.43775,9.35777,9.35777,1096.761133537172,0
TLX,D,20190121,000000,9.59395,9.59395,9.20063,9.20063,560.0708501686915,0
TLX,D,20190122,000000,9.59395,9.90922,9.43775,9.90922,1316.7510120664303,0
TLX,D,20190123,000000,10.0663,10.0663,10.0663,10.0663,358.1477732577781,0
TLX,D,20190124,000000,10.0663,10.0663,10.0663,10.0663,1.0627530363732287,0
TLX,D,20190125,000000,10.0663,10.0663,9.59395,9.59395,1570.7489877596322,0
TLX,D,20190128,000000,10.0663,10.0663,9.63441,9.83013,218.92712549288512,0
TLX,D,20190129,000000,10.0663,10.0663,10.0663,10.0663,1.0627530363732287,0
TLX,D,20190130,000000,10.0663,10.0663,10.0663,10.0663,1.0627530363732287,0
TLX,D,20190131,000000,10.0663,10.0663,10.0663,10.0663,1.0627530363732287,0
TLX,D,20190201,000000,10.1445,10.1445,9.90922,10.1445,4.251012145492915,0
TLX,D,20190204,000000,10.2244,10.2244,10.2244,10.2244,1.0627530363732287,0
TLX,D,20190205,000000,10.2244,10.2244,10.2244,10.2244,299.6963562572505,0
TLX,D,20190206,000000,10.8529,10.8529,10.3411,10.3411,27.631578945703946,0
TLX,D,20190207,000000,10.3806,11.0892,10.3806,10.932,3877.9858297259116,0
TLX,D,20190208,000000,10.7739,10.7739,10.5378,10.5378,60.57692307327404,0
TLX,D,20190211,000000,11.0892,11.0892,11.0892,11.0892,2.1255060727464574,0
TLX,D,20190212,000000,11.0892,11.0892,10.5378,10.5378,952.226720590413,0
TLX,D,20190213,000000,11.0892,11.0892,11.0892,11.0892,2.1255060727464574,0
TLX,D,20190214,000000,11.0892,11.0892,10.5378,10.5773,2515.5364370954326,0
TLX,D,20190215,000000,11.0091,11.0091,10.5378,10.5378,358.1477732577781,0
TLX,D,20190218,000000,11.0091,11.0091,11.0091,11.0091,2.1255060727464574,0
TLX,D,20190219,000000,11.0091,11.0091,10.5378,10.5773,701.417004006331,0
TLX,D,20190220,000000,11.0091,11.0091,10.6959,10.6959,1275.3036436478744,0
TLX,D,20190221,000000,10.2244,10.932,10.2244,10.932,62.70242914602049,0
TLX,D,20190222,000000,10.932,10.932,10.263,10.5773,36940.232791296956,0
TLX,D,20190225,000000,10.932,10.932,10.932,10.932,2.1255060727464574,0
TLX,D,20190226,000000,10.9706,10.9706,10.9706,10.9706,178.54251011070244,0
TLX,D,20190227,000000,10.932,10.932,10.932,10.932,2.1255060727464574,0
TLX,D,20190228,000000,10.932,10.932,10.8529,10.8529,926.7206477174556,0
TLX,D,20190301,000000,10.8529,11.0091,10.8529,11.0091,311.38663965735606,0
TLX,D,20190304,000000,10.8925,11.0091,10.8925,11.0091,8.50202429098583,0
TLX,D,20190305,000000,11.0091,11.0091,10.932,10.932,31791.194330069167,0
TLX,D,20190306,000000,11.0091,11.0091,10.932,10.932,87.14574898260476,0
TLX,D,20190307,000000,10.932,10.932,10.932,10.932,3.188259109119686,0
TLX,D,20190308,000000,10.932,10.932,10.932,10.932,3.188259109119686,0
TLX,D,20190311,000000,11.0892,11.0892,11.0091,11.0091,109.46356274644256,0
TLX,D,20190312,000000,11.2463,11.2463,11.1672,11.1672,112.65182185556225,0
TLX,D,20190313,000000,11.2463,11.3639,11.1672,11.3639,78.64372469161893,0
TLX,D,20190314,000000,11.0091,11.0091,11.0091,11.0091,375.15182183974974,0
TLX,D,20190315,000000,11.0091,11.0091,10.932,10.932,107.3380566736961,0
TLX,D,20190318,000000,10.932,11.0091,10.932,11.0091,55.26315789140789,0
TLX,D,20190319,000000,11.0091,11.0091,11.0091,11.0091,647.2165991512964,0
TLX,D,20190325,000000,10.6168,10.6168,10.2244,10.3806,288.006072857145,0
TLX,D,20190326,000000,10.4201,10.7739,10.4201,10.7739,121.15384614654808,0
TLX,D,20190327,000000,10.7739,10.7739,10.7739,10.7739,1.0627530363732287,0
TLX,D,20190329,000000,10.8529,10.8529,10.8529,10.8529,2.1255060727464574,0
TLX,D,20190401,000000,10.4201,10.4201,10.4201,10.4201,156.22469634686462,0
TLX,D,20190402,000000,10.4201,10.4201,10.4201,10.4201,22.317813763837805,0
TLX,D,20190403,000000,10.5378,10.5378,10.5378,10.5378,132.8441295466536,0
TLX,D,20190404,000000,10.932,10.932,10.932,10.932,32.945344127570095,0
TLX,D,20190405,000000,10.932,10.932,10.8529,10.8529,17.00404858197166,0
TLX,D,20190408,000000,10.6168,10.6168,10.6168,10.6168,95.64777327359057,0
TLX,D,20190416,000000,11.2463,11.5605,11.1672,11.4025,79.70647772799215,0
TLX,D,20190417,000000,11.6396,11.6396,11.2463,11.2463,146.65991901950557,0
TLX,D,20190418,000000,11.6396,11.6396,11.6396,11.6396,18.066801618344886,0
TLX,D,20190423,000000,11.2463,11.5605,11.2463,11.5605,27.631578945703946,0
TLX,D,20190424,000000,11.7177,11.7177,11.2858,11.7177,640.8400809330569,0
TLX,D,20190425,000000,12.3086,12.3086,11.4825,11.4825,153.03643723774493,0
TLX,D,20190426,000000,11.7177,12.1891,11.7177,11.7968,2289.170040347935,0
TLX,D,20190429,000000,12.111,12.111,11.7968,11.7968,467.6113360042206,0
TLX,D,20190430,000000,11.7968,11.7968,11.4025,11.7968,1277.429149720621,0
TLX,D,20190502,000000,11.7968,11.7968,11.2463,11.6396,3885.4251009805243,0
TLX,D,20190506,000000,11.6396,11.7572,11.4025,11.6782,160.47570849235754,0
TLX,D,20190507,000000,11.7572,11.7572,11.7572,11.7572,2.1255060727464574,0
TLX,D,20190508,000000,11.7572,11.7572,11.7572,11.7572,25.50607287295749,0
TLX,D,20190509,000000,11.7572,12.0724,11.6396,12.0724,168.97773278334338,0
TLX,D,20190510,000000,12.0724,12.0724,12.0724,12.0724,2.1255060727464574,0
TLX,D,20190513,000000,12.0724,12.0724,11.6396,12.0724,452.73279349499546,0
TLX,D,20190514,000000,12.0724,12.0724,11.8748,12.0724,298.63360322087726,0
TLX,D,20190515,000000,12.032,12.032,11.9143,11.9143,79.70647772799215,0
TLX,D,20190516,000000,11.9143,11.9143,11.9143,11.9143,4.251012145492915,0
TLX,D,20190517,000000,11.9143,11.9143,11.9143,11.9143,96.71052630996381,0
TLX,D,20190520,000000,11.9143,11.9143,11.9143,11.9143,419.7874493674253,0
TLX,D,20190521,000000,11.9143,11.9143,11.8748,11.9143,298.63360322087726,0
TLX,D,20190522,000000,11.9143,11.9143,11.9143,11.9143,62.70242914602049,0
TLX,D,20190523,000000,12.111,12.111,11.9539,12.111,453.79554653136864,0
TLX,D,20190524,000000,12.111,12.111,12.111,12.111,2.1255060727464574,0
TLX,D,20190527,000000,12.111,12.111,12.111,12.111,2.1255060727464574,0
TLX,D,20190528,000000,12.111,12.111,12.0724,12.0724,163.66396760147722,0
TLX,D,20190529,000000,12.111,12.111,12.111,12.111,44.63562752767561,0
TLX,D,20190530,000000,12.032,12.111,11.7968,12.032,864.018218571435,0
TLX,D,20190531,000000,11.9539,11.9539,11.8748,11.9539,56.32591092778112,0
TLX,D,20190603,000000,11.8748,11.8748,11.8748,11.8748,26.56882590933072,0
TLX,D,20190604,000000,11.6396,11.8748,11.6396,11.8748,181.73076921982212,0
TLX,D,20190605,000000,11.8748,11.8748,11.8748,11.8748,15.941295545598432,0
TLX,D,20190606,000000,11.8748,11.8748,11.8353,11.8353,31.882591091196865,0
TLX,D,20190607,000000,11.8353,11.9539,11.8353,11.9539,216.80161942013865,0
TLX,D,20190610,000000,11.9539,11.9539,11.9539,11.9539,520.7489878228821,0
TLX,D,20190611,000000,12.032,12.032,11.9925,11.9925,83.95748987348506,0
TLX,D,20190612,000000,12.032,12.032,12.032,12.032,206.1740890564064,0
TLX,D,20190613,000000,12.032,12.032,12.032,12.032,268.87651820242684,0
TLX,D,20190614,000000,12.032,12.032,12.032,12.032,153.03643723774493,0
TLX,D,20190617,000000,12.111,12.111,12.032,12.032,565.3846153505576,0
TLX,D,20190618,000000,12.032,12.032,12.032,12.032,425.1012145492915,0
TLX,D,20190619,000000,12.0724,12.0724,12.0724,12.0724,1249.797570774917,0
TLX,D,20190621,000000,13.0595,13.0595,13.0595,13.0595,2.1255060727464574,0
TLX,D,20190624,000000,12.845,12.8883,12.845,12.8883,10.627530363732287,0
TLX,D,20190626,000000,12.8883,12.8883,11.7704,11.8137,140.2834008012662,0
TLX,D,20190627,000000,11.8137,11.9003,11.8137,11.8137,95.64777327359057,0
TLX,D,20190628,000000,11.7704,11.7704,11.7704,11.7704,2.1255060727464574,0
TLX,D,20190701,000000,12.7593,12.7593,11.6847,12.7593,150.91093116499846,0
TLX,D,20190702,000000,12.716,12.716,12.716,12.716,2.1255060727464574,0
TLX,D,20190703,000000,12.716,12.716,11.7704,11.7704,241.24493925672292,0
TLX,D,20190704,000000,12.6305,12.6305,12.6305,12.6305,2.1255060727464574,0
TLX,D,20190705,000000,12.6305,12.6305,12.4582,12.4582,60.57692307327404,0
TLX,D,20190708,000000,12.716,12.716,12.3293,12.3293,208.29959512915283,0
TLX,D,20190709,000000,12.6305,12.6305,12.6305,12.6305,2.1255060727464574,0
TLX,D,20190710,000000,12.3726,12.6305,12.3726,12.6305,91.39676112809768,0
TLX,D,20190711,000000,12.5872,12.5872,12.5872,12.5872,31.882591091196865,0
TLX,D,20190712,000000,12.6305,12.6305,12.6305,12.6305,2.1255060727464574,0
TLX,D,20190715,000000,12.6305,12.6305,12.3726,12.3726,271.00202427517337,0
TLX,D,20190716,000000,12.6305,12.6305,12.6305,12.6305,2.1255060727464574,0
TLX,D,20190717,000000,12.6305,12.6305,12.6305,12.6305,2.1255060727464574,0
TLX,D,20190718,000000,12.6305,12.6305,12.6305,12.6305,2.1255060727464574,0
TLX,D,20190719,000000,12.6305,12.6305,12.6305,12.6305,2.1255060727464574,0
TLX,D,20190722,000000,12.5448,12.5448,12.4582,12.4582,153.03643723774493,0
TLX,D,20190723,000000,12.6305,12.6305,12.4582,12.4582,60.57692307327404,0
TLX,D,20190724,000000,12.4582,12.5448,12.4582,12.5448,1165.840080901432,0
TLX,D,20190725,000000,12.5448,12.5448,12.5448,12.5448,2.1255060727464574,0
TLX,D,20190726,000000,12.5448,12.5448,12.5448,12.5448,2.1255060727464574,0
TLX,D,20190729,000000,12.5448,12.5448,12.5448,12.5448,2.1255060727464574,0
TLX,D,20190730,000000,12.5448,12.5448,12.0291,12.5448,884.2105262625263,0
TLX,D,20190731,000000,12.5448,12.5448,12.0291,12.5448,47.82388663679529,0
TLX,D,20190801,000000,12.5448,12.5448,12.0291,12.5015,433.6032388402773,0
TLX,D,20190802,000000,12.4582,12.5015,12.0291,12.5015,932.0344128993216,0
TLX,D,20190805,000000,12.5015,12.5015,12.5015,12.5015,2.1255060727464574,0
TLX,D,20190806,000000,12.5015,12.5015,12.5015,12.5015,1.0627530363732287,0
TLX,D,20190807,000000,12.5015,12.5015,11.9003,12.0291,887.398785371646,0
TLX,D,20190808,000000,12.4582,12.4582,12.4582,12.4582,2.1255060727464574,0
TLX,D,20190809,000000,12.4582,12.4582,12.4582,12.4582,2.1255060727464574,0
TLX,D,20190812,000000,12.4582,12.4582,11.4702,12.4582,288.006072857145,0
TLX,D,20190813,000000,12.4582,12.4582,12.4582,12.4582,2.1255060727464574,0
TLX,D,20190814,000000,12.4582,12.4582,12.4582,12.4582,2.1255060727464574,0
TLX,D,20190816,000000,12.0291,12.0291,12.0291,12.0291,476.1133602952065,0
TLX,D,20190819,000000,12.4582,12.4582,12.4582,12.4582,2.1255060727464574,0
TLX,D,20190820,000000,12.4159,12.4159,12.4159,12.4159,71.20445343700634,0
TLX,D,20190821,000000,12.4582,12.4582,12.4582,12.4582,2.1255060727464574,0
TLX,D,20190822,000000,12.4582,12.4582,11.5992,12.1148,132.8441295466536,0
TLX,D,20190823,000000,12.1148,12.1148,12.1148,12.1148,62.70242914602049,0
TLX,D,20190826,000000,12.1148,12.1148,12.1148,12.1148,2.1255060727464574,0
TLX,D,20190827,000000,12.1148,12.1148,12.1148,12.1148,74.39271254612602,0
TLX,D,20190828,000000,12.4159,12.4159,12.4159,12.4159,2.1255060727464574,0
TLX,D,20190829,000000,12.4159,12.4159,12.4159,12.4159,2.1255060727464574,0
TLX,D,20190830,000000,12.3726,12.3726,12.3726,12.3726,2.1255060727464574,0
TLX,D,20190902,000000,12.3726,12.3726,12.3726,12.3726,2.1255060727464574,0
TLX,D,20190903,000000,12.3726,12.3726,11.5992,11.9003,140.2834008012662,0
TLX,D,20190904,000000,12.3726,12.3726,12.3726,12.3726,2.1255060727464574,0
TLX,D,20190905,000000,12.3726,12.3726,12.3726,12.3726,2.1255060727464574,0
TLX,D,20190906,000000,12.3726,12.3726,12.1581,12.1581,69.07894736425986,0
TLX,D,20190909,000000,12.3726,12.3726,12.1581,12.1581,234.86842103848358,0
TLX,D,20190910,000000,12.3726,12.3726,12.3726,12.3726,2.1255060727464574,0
TLX,D,20190911,000000,12.3726,12.3726,12.3726,12.3726,25.50607287295749,0
TLX,D,20190912,000000,12.3726,12.3726,12.3726,12.3726,23.38056680021103,0
TLX,D,20190913,000000,12.3726,12.3726,12.3726,12.3726,93.52226720084413,0
TLX,D,20190916,000000,12.0291,12.3726,12.0291,12.3726,1178.5931173379106,0
TLX,D,20190917,000000,12.3726,12.3726,12.0291,12.3726,2041.5485828729725,0
TLX,D,20190918,000000,12.3726,12.3726,12.1148,12.3726,120.09109311017484,0
TLX,D,20190919,000000,12.3726,12.3726,11.9436,12.287,76.51821861887247,0
TLX,D,20190920,000000,12.3726,12.3726,12.3726,12.3726,2.1255060727464574,0
TLX,D,20190923,000000,12.3726,12.3726,12.3726,12.3726,70.1417004006331,0
TLX,D,20190924,000000,12.3293,12.3293,11.9003,12.287,40.384615382182695,0
TLX,D,20190925,000000,12.3293,12.3293,12.0724,12.0724,234.86842103848358,0
TLX,D,20190926,000000,12.3293,12.3293,12.1148,12.1148,142.40890687401267,0
TLX,D,20190927,000000,12.0724,12.0724,12.0724,12.0724,2.1255060727464574,0
TLX,D,20190930,000000,12.0291,12.0291,11.6847,11.6847,125.40485829204098,0
TLX,D,20191001,000000,12.0291,12.0291,11.9436,11.9436,19.129554654718117,0
TLX,D,20191002,000000,12.0291,12.0291,12.0291,12.0291,2.1255060727464574,0
TLX,D,20191003,000000,12.0291,12.0291,12.0291,12.0291,2.1255060727464574,0
TLX,D,20191004,000000,11.9859,11.9859,11.9859,11.9859,2.1255060727464574,0
TLX,D,20191007,000000,12.0291,12.0291,11.3413,11.5126,1436.8421051766052,0
TLX,D,20191008,000000,11.5992,11.5992,11.5126,11.5126,88.20850201897798,0
TLX,D,20191009,000000,11.5992,11.5992,11.5992,11.5992,2.1255060727464574,0
TLX,D,20191010,000000,11.5559,11.5559,11.5126,11.5126,10.627530363732287,0
TLX,D,20191011,000000,11.5992,11.5992,11.2557,11.2557,1046.8117408276303,0
TLX,D,20191014,000000,11.5559,11.5992,11.2557,11.2557,359.2105262941513,0
TLX,D,20191015,000000,11.5559,11.5559,10.74,11.5559,1186.0323885925234,0
TLX,D,20191016,000000,11.5559,11.5559,11.1691,11.5126,913.9676112809767,0
TLX,D,20191017,000000,11.5992,11.5992,11.5992,11.5992,2.1255060727464574,0
TLX,D,20191018,000000,11.4269,11.5992,11.4269,11.5992,1314.6255059936839,0
TLX,D,20191021,000000,11.5992,12.0291,11.5992,12.0291,70.1417004006331,0
TLX,D,20191022,000000,12.0291,12.0291,12.0291,12.0291,2.1255060727464574,0
TLX,D,20191023,000000,12.0291,12.0291,12.0291,12.0291,2.1255060727464574,0
TLX,D,20191024,000000,12.0291,12.0291,11.2557,12.0291,246.55870443858907,0
TLX,D,20191025,000000,12.0291,12.0291,11.8137,12.0291,586.6396760780223,0
TLX,D,20191028,000000,12.0291,12.0291,12.0291,12.0291,2.1255060727464574,0
TLX,D,20191029,000000,12.0291,12.0291,11.5992,11.5992,133.90688258302683,0
TLX,D,20191030,000000,12.0291,12.0291,12.0291,12.0291,2.1255060727464574,0
TLX,D,20191031,000000,12.0291,12.0291,11.6847,11.6847,37.19635627306301,0
TLX,D,20191104,000000,12.0291,12.0291,12.0291,12.0291,2.1255060727464574,0
TLX,D,20191105,000000,11.9859,12.0291,11.5992,12.0291,100.96153845545673,0
TLX,D,20191106,000000,12.0291,12.0291,11.8137,11.8137,68.01619432788664,0
TLX,D,20191107,000000,12.0291,12.0291,12.0291,12.0291,65.89068825514019,0
TLX,D,20191108,000000,12.0291,12.0291,12.0291,12.0291,2.1255060727464574,0
TLX,D,20191112,000000,12.0291,12.0291,12.0291,12.0291,2.1255060727464574,0
TLX,D,20191113,000000,12.0291,12.0724,11.857,12.0724,840.6376517712239,0
TLX,D,20191114,000000,12.3726,12.3726,11.728,11.728,77.5809716552457,0
TLX,D,20191115,000000,12.3726,12.3726,12.3726,12.3726,2.1255060727464574,0
TLX,D,20191118,000000,12.1148,12.1148,11.728,12.1148,845.9514169530902,0
TLX,D,20191119,000000,12.2437,12.2437,12.0291,12.0291,197.67206476542054,0
TLX,D,20191120,000000,12.2437,12.2437,12.1581,12.2004,293.31983803901113,0
TLX,D,20191121,000000,12.2437,12.2437,12.2437,12.2437,2.1255060727464574,0
TLX,D,20191122,000000,12.2004,12.2004,11.9859,12.2004,239.11943318397647,0
TLX,D,20191125,000000,12.3726,12.3726,11.9436,12.2437,51.01214574591498,0
TLX,D,20191126,000000,12.2437,12.2437,12.2437,12.2437,2.1255060727464574,0
TLX,D,20191127,000000,12.2004,12.2004,12.2004,12.2004,36.13360323668977,0
TLX,D,20191128,000000,12.2004,12.2004,12.2004,12.2004,89.27125505535122,0
TLX,D,20191129,000000,11.857,12.2004,11.2557,11.6415,2947.014169862963,0
TLX,D,20191202,000000,11.5126,11.5126,11.1691,11.1691,1687.6518217606872,0
TLX,D,20191203,000000,11.1691,11.1691,10.74,11.1691,351.77125503953874,0
TLX,D,20191204,000000,11.0835,11.1691,10.009,11.1691,1357.1356274486131,0
TLX,D,20191205,000000,11.1691,11.1691,10.1811,11.1691,405.9716598945734,0
TLX,D,20191206,000000,11.1691,11.1691,10.6545,11.0835,154.09919027411817,0
TLX,D,20191209,000000,11.1691,11.1691,10.6545,11.1691,334.76720645756706,0
TLX,D,20191210,000000,11.1691,11.1691,10.1378,10.1378,1049.9999999367499,0
TLX,D,20191211,000000,10.4822,10.4822,9.92328,10.4399,980.9210525724902,0
TLX,D,20191212,000000,10.4399,10.4399,10.009,10.4399,195.5465586926741,0
TLX,D,20191213,000000,10.4399,10.4399,10.009,10.4399,258.2489878386946,0
TLX,D,20191216,000000,10.4399,10.4399,9.53749,10.3966,2590.9919026779316,0
TLX,D,20191217,000000,10.2244,10.4399,9.79437,9.79437,271.00202427517337,0
TLX,D,20191218,000000,9.79437,10.2244,9.79437,10.0955,1453.846153758577,0
TLX,D,20191219,000000,9.66546,9.66546,9.62312,9.62312,698.2287448972112,0
TLX,D,20191220,000000,9.66546,10.0522,9.62312,9.62312,991.5485829362224,0
TLX,D,20191223,000000,11.1691,11.1691,11.1691,11.1691,10.627530363732287,0
TLX,D,20191227,000000,11.1691,11.1691,10.4822,11.1268,26.56882590933072,0
TLX,D,20191230,000000,11.1691,11.1691,10.6112,11.1268,188.1072874380615,0
TLX,D,20200102,000000,11.1691,11.1691,10.6112,10.6967,130.71862347390712,0
TLX,D,20200103,000000,11.1691,11.1691,10.6112,10.9546,1597.3178136689628,0
TLX,D,20200107,000000,11.1691,11.1691,10.9979,11.1691,465.4858299314742,0
TLX,D,20200108,000000,11.1691,11.1691,10.9979,10.9979,127.53036436478746,0
TLX,D,20200109,000000,11.1691,11.1691,10.5688,10.5688,40.384615382182695,0
TLX,D,20200110,000000,10.74,10.74,10.74,10.74,204.0485829836599,0
TLX,D,20200113,000000,10.74,10.74,10.74,10.74,143.47165991038588,0
TLX,D,20200114,000000,10.74,10.74,10.4822,10.74,229.55465585661742,0
TLX,D,20200115,000000,10.74,10.74,10.74,10.74,85.0202429098583,0
TLX,D,20200116,000000,11.1691,11.1691,10.4822,10.7833,398.5323886399608,0
TLX,D,20200117,000000,11.1691,11.1691,10.7833,10.7833,482.48987851344583,0
TLX,D,20200120,000000,10.7833,11.1268,10.7833,10.869,134.96963561940007,0
TLX,D,20200121,000000,10.869,11.1268,10.869,10.869,24.443319836584262,0
TLX,D,20200122,000000,11.1268,11.1268,11.1268,11.1268,10.627530363732287,0
TLX,D,20200123,000000,11.1268,11.1268,10.8257,10.8257,349.64574896679227,0
TLX,D,20200124,000000,11.1268,11.1268,10.9979,10.9979,37.19635627306301,0
TLX,D,20200127,000000,11.1268,11.1268,10.9979,10.9979,68.01619432788664,0
TLX,D,20200128,000000,11.1268,11.1268,11.1268,11.1268,2.1255060727464574,0
TLX,D,20200129,000000,11.1268,11.1268,10.9979,10.9979,21.255060727464574,0
TLX,D,20200130,000000,11.1268,11.1268,10.9979,11.1268,21.255060727464574,0
TLX,D,20200131,000000,11.1268,11.1268,10.9979,10.9979,18.066801618344886,0
TLX,D,20200203,000000,11.1268,11.1268,10.9979,10.9979,127.53036436478746,0
TLX,D,20200204,000000,11.0835,11.0835,11.0835,11.0835,10.627530363732287,0
TLX,D,20200205,000000,11.0835,11.0835,11.0835,11.0835,10.627530363732287,0
TLX,D,20200206,000000,11.0835,11.0835,10.9979,10.9979,980.9210525724902,0
TLX,D,20200207,000000,11.0411,11.0411,11.0411,11.0411,10.627530363732287,0
TLX,D,20200210,000000,10.9979,10.9979,10.9979,10.9979,1.0627530363732287,0
TLX,D,20200211,000000,10.7833,10.9979,10.7833,10.9979,544.1295546230931,0
TLX,D,20200212,000000,10.9979,11.0411,10.6545,11.0411,116.90283400105515,0
TLX,D,20200213,000000,10.9979,10.9979,10.4399,10.9546,1208.350202356361,0
TLX,D,20200214,000000,11.0411,11.0411,10.5688,10.5688,89.27125505535122,0
TLX,D,20200217,000000,10.5688,10.5688,10.5255,10.5688,940.5364371903074,0
TLX,D,20200218,000000,10.5688,10.5688,10.5688,10.5688,60.57692307327404,0
TLX,D,20200219,000000,10.5688,10.5688,10.5688,10.5688,234.86842103848358,0
TLX,D,20200220,000000,11.0411,11.0411,10.5255,10.5688,791.7510120980554,0
TLX,D,20200221,000000,10.5688,10.5688,10.5255,10.5255,53.13765181866144,0
TLX,D,20200224,000000,10.9979,10.9979,10.311,10.3966,584.5141700052758,0
TLX,D,20200225,000000,10.9546,10.9546,10.2244,10.5688,302.88461536637016,0
TLX,D,20200226,000000,10.5255,10.9123,10.1378,10.5255,1847.0647772166715,0
TLX,D,20200227,000000,10.5255,10.5255,10.2244,10.311,1401.771254976289,0
TLX,D,20200228,000000,10.5255,10.5255,9.53749,10.311,2619.686234660009,0
TLX,D,20200302,000000,10.5255,10.5255,9.88094,10.009,1238.1072873748114,0
TLX,D,20200303,000000,10.1378,10.3533,10.1378,10.3533,331.5789473484474,0
TLX,D,20200304,000000,10.311,10.4822,10.311,10.4399,289.0688258935182,0
TLX,D,20200305,000000,10.5255,10.5255,10.5255,10.5255,926.7206477174556,0
TLX,D,20200306,000000,10.5255,10.5255,9.83766,10.1811,1684.4635626515676,0
TLX,D,20200309,000000,10.1811,10.1811,9.79437,9.79437,239.11943318397647,0
TLX,D,20200310,000000,10.2244,10.311,9.75203,10.311,174.29149796520952,0
TLX,D,20200312,000000,10.311,10.311,8.84928,8.93595,1851.3157893621647,0
TLX,D,20200313,000000,9.1931,9.1931,8.76365,8.80694,1467.661943231429,0
TLX,D,20200316,000000,8.76365,8.76365,8.3342,8.38577,1324.1902833210431,0
TLX,D,20200317,000000,8.42012,8.42012,8.38577,8.38577,150.91093116499846,0
TLX,D,20200318,000000,8.67794,9.1931,8.67794,8.67794,407.0344129309466,0
TLX,D,20200319,000000,9.1931,9.88094,8.97857,9.10748,1396.4574897944224,0
TLX,D,20200320,000000,8.19674,8.97857,8.19674,8.97857,3282.8441293569035,0
TLX,D,20200323,000000,9.70875,9.70875,8.80694,9.15076,415.53643722193243,0
TLX,D,20200324,000000,8.84928,8.84928,8.80694,8.80694,234.86842103848358,0
TLX,D,20200325,000000,9.1931,9.1931,8.55759,8.76365,1505.9210525408653,0
TLX,D,20200326,000000,8.84928,8.89256,8.84928,8.89256,686.5384614971058,0
TLX,D,20200327,000000,8.97857,9.02185,8.67794,8.89256,743.9271254612602,0
TLX,D,20200330,000000,9.15076,9.15076,8.93595,8.93595,107.3380566736961,0
TLX,D,20200331,000000,9.79437,9.79437,9.10748,9.10748,45.69838056404884,0
TLX,D,20200401,000000,9.75203,9.75203,9.1931,9.27967,823.6336031892523,0
TLX,D,20200402,000000,9.92328,9.92328,9.15076,9.15076,874.6457489351673,0
TLX,D,20200403,000000,9.75203,9.75203,9.40858,9.75203,360.27327933052453,0
TLX,D,20200406,000000,9.66546,9.66546,9.02185,9.1931,916.0931173537232,0
TLX,D,20200407,000000,9.1931,9.45093,9.02185,9.45093,1188.1578946652699,0
TLX,D,20200408,000000,9.70875,9.70875,9.53749,9.53749,184.9190283289418,0
TLX,D,20200409,000000,9.96657,9.96657,9.57984,9.66546,126.46761132841422,0
TLX,D,20200414,000000,9.75203,9.75203,9.62312,9.66546,93.52226720084413,0
TLX,D,20200415,000000,9.75203,9.88094,9.75203,9.88094,400.6578947127072,0
TLX,D,20200416,000000,10.1378,10.6967,9.79437,10.6967,1630.2631577965328,0
TLX,D,20200417,000000,10.6967,10.6967,10.6545,10.6545,428.28947365841117,0
TLX,D,20200420,000000,10.6967,10.6967,9.79437,9.79437,2566.5485828413475,0
TLX,D,20200421,000000,10.5688,10.5688,10.3966,10.3966,70.1417004006331,0
TLX,D,20200422,000000,10.1378,10.1378,10.1378,10.1378,183.85627529256857,0
TLX,D,20200423,000000,10.1378,10.1378,10.0955,10.0955,162.60121456510402,0
TLX,D,20200424,000000,10.1378,10.1378,9.3653,9.3653,1897.0141699262133,0
TLX,D,20200427,000000,8.59221,9.45093,8.59221,9.45093,343.2692307485529,0
TLX,D,20200428,000000,10.1378,10.1378,9.49421,9.53749,735.4251011702743,0
TLX,D,20200429,000000,10.1378,10.1378,9.23639,9.23639,57.388663964154354,0
TLX,D,20200430,000000,10.0955,10.0955,9.23639,9.23639,698.2287448972112,0
TLX,D,20200504,000000,10.1378,10.1378,9.06514,9.06514,827.8846153347451,0
TLX,D,20200505,000000,9.96657,9.96657,9.23639,9.23639,395.3441295308411,0
TLX,D,20200506,000000,9.96657,9.96657,9.32202,9.62312,781.1234817343231,0
TLX,D,20200507,000000,9.96657,9.96657,9.45093,9.45093,25.50607287295749,0
TLX,D,20200508,000000,9.96657,9.96657,9.49421,9.49421,107.3380566736961,0
TLX,D,20200511,000000,9.53749,9.53749,9.49421,9.49421,698.2287448972112,0
TLX,D,20200512,000000,9.53749,9.53749,9.53749,9.53749,174.29149796520952,0
TLX,D,20200513,000000,9.92328,10.009,9.49421,9.53749,1701.4676112335392,0
TLX,D,20200514,000000,9.96657,9.96657,9.96657,9.96657,2.1255060727464574,0
TLX,D,20200515,000000,9.96657,9.96657,9.96657,9.96657,2.1255060727464574,0
TLX,D,20200518,000000,9.92328,9.92328,9.53749,9.66546,1842.8137650711785,0
TLX,D,20200519,000000,9.70875,10.5255,9.70875,10.4822,3367.864372266762,0
TLX,D,20200520,000000,10.5255,10.5688,10.311,10.311,2008.6032387454022,0
TLX,D,20200521,000000,10.6545,11.6847,10.5688,11.3413,11234.362347501503,0
TLX,D,20200522,000000,11.3413,11.5559,10.9979,11.1691,1423.0263157037532,0
TLX,D,20200525,000000,11.4269,11.4269,11.3413,11.3413,72.26720647337955,0
TLX,D,20200526,000000,11.4269,11.4269,10.9546,10.9546,39.321862345809464,0
TLX,D,20200527,000000,11.2557,11.2557,11.1691,11.1691,599.392712514501,0
TLX,D,20200528,000000,11.1691,11.1691,10.869,10.869,360.27327933052453,0
TLX,D,20200529,000000,11.1691,11.1691,10.869,11.1691,328.3906882393277,0
TLX,D,20200601,000000,11.2557,11.2557,11.2557,11.2557,620.6477732419656,0
TLX,D,20200602,000000,11.2557,11.2557,11.1691,11.2124,763.0566801159782,0
TLX,D,20200603,000000,11.2124,11.2124,10.8257,11.1691,770.4959513705909,0
TLX,D,20200604,000000,11.1691,11.1691,11.1691,11.1691,2063.86639663681,0
TLX,D,20200605,000000,11.1691,11.4269,11.0835,11.0835,1638.7651820875187,0
TLX,D,20200608,000000,11.4269,11.4702,11.1268,11.1268,1832.1862347074464,0
TLX,D,20200609,000000,11.1691,11.2557,10.3966,10.4822,7244.787448956301,0
TLX,D,20200610,000000,10.74,10.74,10.4822,10.6545,281.6295546389056,0
TLX,D,20200612,000000,10.6112,10.74,10.5688,10.74,1684.4635626515676,0
TLX,D,20200615,000000,10.869,10.869,10.6112,10.6545,630.2125505693247,0
TLX,D,20200616,000000,10.9123,10.9546,10.869,10.9123,5522.064776995297,0
TLX,D,20200617,000000,10.9546,10.9546,10.6545,10.9123,2761.0323884976483,0
TLX,D,20200618,000000,10.9123,10.9546,10.9123,10.9123,3248.83603219296,0
TLX,D,20200619,000000,10.9123,10.9123,10.9123,10.9123,3079.858299409617,0
TLX,D,20200622,000000,10.9123,10.9123,10.7833,10.869,10094.028339472927,0
TLX,D,20200623,000000,10.6883,11.0497,10.6883,10.9593,2071.3056678914227,0
TLX,D,20200624,000000,10.9593,10.9593,10.869,10.869,302.88461536637016,0
TLX,D,20200625,000000,9.56102,10.8238,9.56102,10.8238,360.27327933052453,0
TLX,D,20200626,000000,11.0045,11.0045,10.598,10.6883,2151.0121456194147,0
TLX,D,20200629,000000,10.869,10.9593,10.6432,10.9593,59.514170036900815,0
TLX,D,20200630,000000,10.9593,10.9593,10.8238,10.8238,872.5202428624209,0
TLX,D,20200701,000000,10.8238,10.8238,10.4634,10.4634,2677.0748986241633,0
TLX,D,20200702,000000,10.598,10.598,10.5528,10.5528,290.1315789298915,0
TLX,D,20200703,000000,10.5528,10.5528,10.4634,10.4634,248.68421051133552,0
TLX,D,20200706,000000,10.5528,10.5528,10.4634,10.4634,1086.1336031734397,0
TLX,D,20200707,000000,10.4182,10.4182,10.0569,10.3731,637.6518218239372,0
TLX,D,20200708,000000,10.3731,10.3731,10.0569,10.1021,306.07287447548987,0
TLX,D,20200709,000000,10.1021,10.2827,10.1021,10.1021,473.98785422246,0
TLX,D,20200710,000000,10.3731,10.3731,10.1021,10.3731,593.0161942962617,0
TLX,D,20200713,000000,10.3731,10.3731,10.3731,10.3731,199.797570838167,0
TLX,D,20200714,000000,10.3731,10.3731,10.1021,10.1021,263.56275302056076,0
TLX,D,20200715,000000,10.1021,10.1021,10.1021,10.1021,670.5971659515073,0
TLX,D,20200716,000000,10.1021,10.1924,9.74168,10.1924,780.0607286979499,0
TLX,D,20200717,000000,10.2376,10.2376,10.1021,10.2376,693.9777327517183,0
TLX,D,20200720,000000,10.2376,10.2376,9.83201,9.83201,1769.4838055614257,0
TLX,D,20200721,000000,10.2376,10.2376,9.60618,10.1021,1423.0263157037532,0
TLX,D,20200722,000000,10.1021,10.1924,9.74168,9.74168,496.30566798629786,0
TLX,D,20200723,000000,10.1924,10.1924,9.9214,10.1021,470.79959511334033,0
TLX,D,20200724,000000,10.1924,10.1924,9.78685,10.1924,838.5121456984775,0
TLX,D,20200727,000000,10.1924,10.1924,9.83201,10.1924,41.447368418555925,0
TLX,D,20200728,000000,9.83201,10.1924,9.83201,9.83201,408.0971659673198,0
TLX,D,20200729,000000,10.1924,10.1924,9.78685,9.78685,1332.6923076120288,0
TLX,D,20200730,000000,10.1924,10.1924,9.78685,9.83201,362.39878540327095,0
TLX,D,20200731,000000,10.0569,10.0569,9.9214,9.9214,685.4757084607324,0
TLX,D,20200803,000000,9.9214,10.0569,9.9214,10.0569,46.76113360042206,0
TLX,D,20200804,000000,9.83201,10.1924,9.83201,9.83201,482.48987851344583,0
TLX,D,20200805,000000,10.1924,10.1924,9.74168,10.1472,737.5506072430207,0
TLX,D,20200806,000000,9.9214,9.9214,9.9214,9.9214,818.3198380073861,0
TLX,D,20200807,000000,9.9214,10.2827,9.9214,10.2827,1703.5931173062856,0
TLX,D,20200810,000000,10.2376,10.2827,10.2376,10.2827,13.815789472851973,0
TLX,D,20200811,000000,10.1021,10.3731,10.1021,10.1021,360.27327933052453,0
TLX,D,20200812,000000,10.3731,10.3731,10.3731,10.3731,10.627530363732287,0
TLX,D,20200813,000000,10.3731,10.3731,10.1924,10.3731,477.1761133315797,0
TLX,D,20200814,000000,10.3731,10.3731,10.3731,10.3731,99.8987854190835,0
TLX,D,20200817,000000,10.3731,10.3731,10.1924,10.1924,222.1153846020048,0
TLX,D,20200818,000000,10.1924,10.1924,10.0569,10.0569,668.4716598787609,0
TLX,D,20200819,000000,10.2827,10.598,10.2827,10.598,2896.002024117048,0
TLX,D,20200820,000000,10.5528,10.5528,10.3731,10.5077,147.72267205587877,0
TLX,D,20200821,000000,10.7335,10.7335,10.7335,10.7335,1.0627530363732287,0
TLX,D,20200824,000000,10.7335,10.7335,10.7335,10.7335,2.1255060727464574,0
TLX,D,20200825,000000,10.7787,10.7787,10.7787,10.7787,2.1255060727464574,0
TLX,D,20200826,000000,10.7787,10.7787,10.2827,10.3731,173.22874492883628,0
TLX,D,20200827,000000,10.1924,10.2827,10.1924,10.2827,78.64372469161893,0
TLX,D,20200828,000000,10.6432,10.6432,10.2827,10.2827,979.858299536117,0
TLX,D,20200831,000000,10.5077,10.5077,10.3731,10.3731,703.5425100790775,0
TLX,D,20200901,000000,10.598,10.598,10.598,10.598,66.95344129151341,0
TLX,D,20200902,000000,10.598,10.598,10.3731,10.3731,55.26315789140789,0
TLX,D,20200903,000000,10.3731,10.3731,10.3731,10.3731,55.26315789140789,0
TLX,D,20200904,000000,10.598,10.598,10.3731,10.3731,329.45344127570087,0
TLX,D,20200907,000000,10.3731,10.3731,10.2827,10.2827,740.7388663521405,0
TLX,D,20200908,000000,10.3731,10.3731,10.0569,10.1924,88.20850201897798,0
TLX,D,20200909,000000,10.3731,10.3731,10.2827,10.2827,55.26315789140789,0
TLX,D,20200910,000000,10.3731,10.598,10.2827,10.5077,2642.004048423847,0
TLX,D,20200911,000000,10.598,10.6432,10.2827,10.2827,495.24291494992457,0
TLX,D,20200914,000000,10.1472,10.1924,10.0117,10.1924,1826.8724695255803,0
TLX,D,20200915,000000,10.2827,10.2827,9.9214,9.9214,2852.429149625746,0
TLX,D,20200916,000000,10.1021,10.1021,9.65135,9.65135,2220.0910929836746,0
TLX,D,20200917,000000,9.78685,9.87624,9.78685,9.87624,606.8319837691137,0
TLX,D,20200918,000000,9.87624,9.87624,9.87624,9.87624,2.1255060727464574,0
TLX,D,20200921,000000,9.87624,9.87624,9.74168,9.74168,1668.5222671059691,0
TLX,D,20200922,000000,10.1924,10.1924,10.1924,10.1924,2.1255060727464574,0
TLX,D,20200923,000000,10.1924,10.1924,9.69651,9.69651,448.4817813495025,0
TLX,D,20200924,000000,9.69651,10.1021,9.69651,10.1021,407.0344129309466,0
TLX,D,20200925,000000,10.0569,10.0569,9.65135,10.0569,740.7388663521405,0
TLX,D,20200928,000000,10.0569,10.0569,9.74168,10.0117,408.0971659673198,0
TLX,D,20200929,000000,10.0569,10.0569,10.0569,10.0569,10.627530363732287,0
TLX,D,20200930,000000,10.0569,10.0569,9.69651,10.0117,601.5182185872475,0
TLX,D,20201001,000000,10.4182,10.4182,10.4182,10.4182,10.627530363732287,0
TLX,D,20201002,000000,10.2827,10.2827,10.2827,10.2827,10.627530363732287,0
TLX,D,20201005,000000,10.3279,10.3279,10.1021,10.1021,858.7044533895688,0
TLX,D,20201006,000000,10.1021,10.1924,9.78685,9.9214,1345.4453440485076,0
TLX,D,20201007,000000,10.5528,10.5528,10.4182,10.4182,194.48380565630086,0
TLX,D,20201008,000000,10.3731,10.3731,9.9214,10.3279,720.5465586610491,0
TLX,D,20201009,000000,10.3731,10.3731,10.2827,10.2827,110.52631578281579,0
TLX,D,20201012,000000,10.3731,10.3731,10.3731,10.3731,10.627530363732287,0
TLX,D,20201013,000000,10.2827,10.2827,9.96657,9.96657,260.37449391144105,0
TLX,D,20201014,000000,10.3731,10.3731,10.3731,10.3731,10.627530363732287,0
TLX,D,20201015,000000,10.3731,10.3731,9.96657,9.96657,351.77125503953874,0
TLX,D,20201016,000000,9.65135,10.3731,9.65135,10.1924,777.9352226252034,0
TLX,D,20201019,000000,10.3731,10.3731,10.1472,10.1472,1197.7226719926289,0
TLX,D,20201020,000000,10.3731,10.598,10.3731,10.598,683.3502023879861,0
TLX,D,20201021,000000,10.598,10.598,10.5528,10.5528,66.95344129151341,0
TLX,D,20201022,000000,10.5528,10.5528,10.1472,10.2376,260.37449391144105,0
TLX,D,20201023,000000,10.5528,10.5528,10.2376,10.2376,183.85627529256857,0
TLX,D,20201026,000000,10.5528,10.5528,10.1924,10.1924,1112.7024290827705,0
TLX,D,20201027,000000,10.4634,10.4634,10.1924,10.1924,173.22874492883628,0
TLX,D,20201028,000000,10.4634,10.4634,9.78685,9.78685,2836.487854080148,0
TLX,D,20201029,000000,9.78685,9.78685,9.47069,9.74168,1599.4433197417093,0
TLX,D,20201030,000000,9.87624,9.87624,9.74168,9.87624,1224.2914979019595,0
TLX,D,20201102,000000,10.1021,10.6432,9.78685,10.0117,1498.4817812862525,0
TLX,D,20201103,000000,10.598,10.598,10.4182,10.4634,506.9331983500301,0
TLX,D,20201104,000000,10.4634,10.4634,10.4634,10.4634,122.2165991829213,0
TLX,D,20201105,000000,10.4634,10.4634,10.4634,10.4634,10.627530363732287,0
TLX,D,20201106,000000,10.4182,10.4182,10.4182,10.4182,106.27530363732288,0
TLX,D,20201109,000000,10.5077,10.5077,10.1924,10.4634,919.2813764628429,0
TLX,D,20201110,000000,10.4634,10.4634,10.1021,10.4634,687.601214533479,0
TLX,D,20201112,000000,10.4634,10.4634,10.3731,10.4182,803.4412954981609,0
TLX,D,20201113,000000,10.4182,10.4182,10.4182,10.4182,10.627530363732287,0
TLX,D,20201116,000000,10.5077,10.5077,10.4182,10.4182,818.3198380073861,0
TLX,D,20201117,000000,10.5077,10.5077,10.5077,10.5077,10.627530363732287,0
TLX,D,20201118,000000,10.4634,10.5077,10.2827,10.5077,451.6700404586222,0
TLX,D,20201119,000000,10.5077,10.5077,10.3279,10.5077,637.6518218239372,0
TLX,D,20201120,000000,10.4634,10.4634,10.1924,10.1924,902.2773278808712,0
TLX,D,20201123,000000,10.3731,10.5077,10.3731,10.5077,454.8582995677419,0
TLX,D,20201124,000000,10.5077,10.5077,10.5077,10.5077,10.627530363732287,0
TLX,D,20201125,000000,10.1924,10.1924,10.1924,10.1924,45.69838056404884,0
TLX,D,20201126,000000,10.1472,10.5077,10.1472,10.5077,529.251012113868,0
TLX,D,20201127,000000,10.5077,10.5077,10.5077,10.5077,2.1255060727464574,0
TLX,D,20201130,000000,10.5077,10.5077,10.5077,10.5077,667.4089068423876,0
TLX,D,20201201,000000,10.3731,10.3731,10.1924,10.1924,2728.0870443700783,0
TLX,D,20201202,000000,10.4634,10.4634,10.1472,10.4634,479.3016194043262,0
TLX,D,20201203,000000,10.4634,10.4634,10.4634,10.4634,2.1255060727464574,0
TLX,D,20201204,000000,10.4182,10.4634,10.4182,10.4634,206.1740890564064,0
TLX,D,20201207,000000,10.4634,10.4634,10.4634,10.4634,2.1255060727464574,0
TLX,D,20201208,000000,10.1924,10.1924,10.1924,10.1924,24.443319836584262,0
TLX,D,20201209,000000,10.4634,10.4634,10.4634,10.4634,977.7327934633704,0
TLX,D,20201210,000000,10.4634,10.4634,10.4634,10.4634,123.27935221929454,0
TLX,D,20201211,000000,10.4634,10.4634,10.4634,10.4634,10.627530363732287,0
TLX,D,20201214,000000,10.4634,10.4634,10.4634,10.4634,239.11943318397647,0
TLX,D,20201215,000000,10.4634,10.4634,10.4634,10.4634,112.65182185556225,0
TLX,D,20201216,000000,10.4634,10.4634,10.2827,10.4634,257.18623480232134,0
TLX,D,20201217,000000,10.4634,10.4634,10.2827,10.3731,393.2186234580946,0
TLX,D,20201218,000000,10.4634,10.4634,10.3731,10.3731,367.71255058513714,0
TLX,D,20201221,000000,10.3731,10.4634,10.3731,10.4634,373.02631576700327,0
TLX,D,20201222,000000,10.4634,10.4634,10.3279,10.3731,485.67813762256554,0
TLX,D,20201223,000000,10.4634,10.4634,10.2827,10.3731,676.9736841697468,0
TLX,D,20201228,000000,10.4634,10.4634,9.9214,9.9214,1503.7955464681186,0
TLX,D,20201229,000000,10.3731,10.3731,10.1021,10.1021,382.5910930943623,0
TLX,D,20201230,000000,10.4182,10.4182,10.2376,10.3731,116.90283400105515,0
TLX,D,20210104,000000,10.598,10.598,9.9214,10.4634,3532.591092904612,0
TLX,D,20210105,000000,10.4634,10.4634,10.3279,10.3731,1601.5688258144557,0
TLX,D,20210107,000000,10.4182,10.4182,10.3731,10.4182,1960.779352108607,0
TLX,D,20210108,000000,10.4182,10.4634,10.3731,10.4634,3616.548582778097,0
TLX,D,20210111,000000,10.598,10.598,10.2827,10.5077,944.7874493358004,0
TLX,D,20210112,000000,10.598,10.598,10.598,10.598,188.1072874380615,0
TLX,D,20210113,000000,10.598,10.598,10.5528,10.5528,149.84817812862525,0
TLX,D,20210114,000000,10.5528,10.5528,10.5528,10.5528,10.627530363732287,0
TLX,D,20210115,000000,10.598,10.6432,10.598,10.598,2904.504048408034,0
TLX,D,20210118,000000,10.6432,10.6432,10.6432,10.6432,291.1943319662647,0
TLX,D,20210119,000000,10.6432,10.6432,10.6432,10.6432,571.761133568797,0
TLX,D,20210120,000000,10.6883,10.869,10.6883,10.8238,1810.9311739799818,0
TLX,D,20210121,000000,10.8238,11.0045,10.6883,10.6883,748.178137606753,0
TLX,D,20210122,000000,10.9593,10.9593,10.9593,10.9593,155.1619433104914,0
TLX,D,20210125,000000,11.0497,11.139,10.9593,10.9593,1173.2793521560445,0
TLX,D,20210126,000000,11.139,11.139,10.9593,10.9593,410.2226720400663,0
TLX,D,20210127,000000,11.0948,11.0948,10.869,10.869,342.2064777121796,0
TLX,D,20210128,000000,11.139,11.139,10.869,10.9593,1624.9493926146667,0
TLX,D,20210129,000000,11.0948,11.0948,11.0948,11.0948,10.627530363732287,0
TLX,D,20210201,000000,11.0497,11.0497,11.0045,11.0045,165.7894736742237,0
TLX,D,20210202,000000,11.0045,11.0045,10.9142,10.9593,586.6396760780223,0
TLX,D,20210203,000000,11.0045,11.0045,11.0045,11.0045,10.627530363732287,0
TLX,D,20210204,000000,11.0045,11.0045,11.0045,11.0045,32.945344127570095,0
TLX,D,20210205,000000,11.0045,11.0497,11.0045,11.0497,783.2489878070696,0
TLX,D,20210208,000000,11.0948,11.0948,11.0497,11.0497,2764.2206476067677,0
TLX,D,20210209,000000,11.139,11.139,11.139,11.139,302.88461536637016,0
TLX,D,20210210,000000,11.139,11.1842,11.0497,11.0497,1336.9433197575217,0
TLX,D,20210211,000000,11.1842,11.3197,11.0948,11.3197,1130.7692307011152,0
TLX,D,20210212,000000,11.3197,11.3197,11.2745,11.2745,1533.5526314865692,0
TLX,D,20210215,000000,11.2745,11.3197,11.1842,11.3197,1583.5020241961108,0
TLX,D,20210216,000000,11.3197,11.3197,11.0948,11.2745,1881.0728743806148,0
TLX,D,20210217,000000,11.2293,11.2293,11.0948,11.0948,596.2044534053814,0
TLX,D,20210218,000000,11.0948,11.2745,11.0497,11.2293,6292.560728365887,0
TLX,D,20210219,000000,11.2745,11.2745,11.139,11.139,557.9453440959451,0
TLX,D,20210222,000000,11.139,11.2745,11.0948,11.2745,1856.6295545440307,0
TLX,D,20210223,000000,11.2745,11.2745,11.0497,11.0948,598.3299594781278,0
TLX,D,20210224,000000,11.0948,11.2293,11.0948,11.0948,1440.030364285725,0
TLX,D,20210225,000000,11.1842,11.2293,11.1842,11.2293,719.4838056246758,0
TLX,D,20210226,000000,11.2745,12.4018,11.2293,12.2672,10219.433197764563,0
TLX,D,20210301,000000,12.0866,12.2672,11.5455,11.5455,1133.957489810235,0
TLX,D,20210302,000000,11.5907,12.0866,11.5907,11.7261,919.2813764628429,0
TLX,D,20210303,000000,12.1769,12.2672,12.0866,12.2672,811.9433197891468,0
TLX,D,20210304,000000,12.2672,12.2672,12.1769,12.1769,740.7388663521405,0
TLX,D,20210305,000000,12.1769,12.1769,12.1769,12.1769,566.447368386931,0
TLX,D,20210308,000000,11.5455,12.1317,11.5455,11.7261,1073.3805667369609,0
TLX,D,20210309,000000,11.8156,12.1769,11.8156,11.8156,1038.3097165366444,0
TLX,D,20210310,000000,11.9059,12.2672,11.9059,12.1769,849.1396760622098,0
TLX,D,20210311,000000,12.1769,12.1769,11.8156,12.0866,1283.8056679388603,0
TLX,D,20210312,000000,12.1769,12.2672,12.1769,12.1769,408.0971659673198,0
TLX,D,20210315,000000,12.2672,12.2672,12.2672,12.2672,1395.3947367580492,0
TLX,D,20210316,000000,12.2672,12.2672,11.9059,11.9059,151.97368420137173,0
TLX,D,20210317,000000,12.2672,12.2672,12.1769,12.1769,150.91093116499846,0
TLX,D,20210318,000000,12.2221,12.2672,12.2221,12.2672,112.65182185556225,0
TLX,D,20210319,000000,12.2672,12.2672,12.2221,12.2221,332.6417003848206,0
TLX,D,20210322,000000,12.3124,12.3124,12.2221,12.2221,1165.840080901432,0
TLX,D,20210323,000000,12.2221,12.3124,12.2221,12.3124,1380.5161942488241,0
TLX,D,20210324,000000,12.3124,12.3124,11.9059,11.9511,3240.3340079019745,0
TLX,D,20210325,000000,12.3124,12.3124,11.9059,11.9511,157.28744938323786,0
TLX,D,20210326,000000,11.1842,12.2672,11.1842,12.2672,674.8481780970003,0
TLX,D,20210329,000000,12.3124,12.3124,11.9059,12.3124,1001.1133602635815,0
TLX,D,20210330,000000,12.3124,12.4469,11.9963,11.9963,2189.2712549288512,0
TLX,D,20210331,000000,12.4921,12.4921,12.4921,12.4921,933.0971659356949,0
TLX,D,20210401,000000,12.6276,13.1687,11.5455,13.1687,1689.7773278334337,0
TLX,D,20210406,000000,13.0783,13.0783,12.8986,13.0783,1801.3663966526228,0
TLX,D,20210407,000000,13.1687,13.3493,12.8986,13.3493,1736.5384614338557,0
TLX,D,20210408,000000,13.3493,14.1613,13.259,13.259,1458.09716590407,0
TLX,D,20210409,000000,13.8903,14.2517,12.9889,14.1613,11466.042509430665,0
TLX,D,20210412,000000,14.1613,14.9724,13.9807,14.6121,6606.07287409599,0
TLX,D,20210413,000000,14.8831,14.8831,14.2517,14.5218,639.7773278966837,0
TLX,D,20210414,000000,14.5218,14.5218,13.9807,13.9807,1154.1497975013262,0
TLX,D,20210415,000000,14.4314,14.4314,13.9807,14.4314,2615.435222514516,0
TLX,D,20210416,000000,14.4314,14.4314,13.259,13.9807,1969.2813763995928,0
TLX,D,20210419,000000,14.4314,14.4314,13.4397,13.4397,2266.852226584097,0
TLX,D,20210420,000000,13.4397,13.8903,12.3576,12.3576,3995.95141676334,0
TLX,D,20210421,000000,13.1687,14.2517,11.9963,13.7097,4299.898785166084,0
TLX,D,20210422,000000,12.3576,13.0783,12.3576,13.0783,29.757085018450407,0
TLX,D,20210423,000000,13.4397,14.1613,13.4397,14.1613,585.576923041649,0
TLX,D,20210426,000000,14.071,15.3338,14.071,15.3338,3158.5020241012357,0
TLX,D,20210427,000000,15.3338,16.5062,15.0628,16.5062,7658.198380105486,0
TLX,D,20210428,000000,16.4159,16.4159,15.3338,15.3338,1163.7145748286855,0
TLX,D,20210429,000000,16.1459,16.1459,15.9652,15.9652,119.02834007380163,0
TLX,D,20210430,000000,15.9652,15.9652,15.2434,15.2434,365.5870445123907,0
TLX,D,20210504,000000,15.4241,15.8749,15.2434,15.2434,820.4453440801326,0
TLX,D,20210505,000000,15.7845,15.7845,15.6039,15.6942,238.05668014760326,0
TLX,D,20210506,000000,15.6942,16.2352,15.6039,15.8749,1923.582995835544,0
TLX,D,20210507,000000,16.5965,16.5965,16.2352,16.4159,4376.417003784956,0
TLX,D,20210510,000000,16.6868,16.6868,15.4241,15.4241,1197.7226719926289,0
TLX,D,20210511,000000,14.5218,15.7845,14.4314,15.0628,1238.1072873748114,0
TLX,D,20210512,000000,15.3338,16.2352,15.3338,16.2352,3747.2672062520046,0
TLX,D,20210513,000000,16.2352,16.2352,15.6039,16.0555,447.4190283131293,0
TLX,D,20210514,000000,16.0555,16.0555,15.7845,16.0555,520.7489878228821,0
TLX,D,20210517,000000,16.2352,16.2352,15.8749,15.8749,1037.2469635002712,0
TLX,D,20210518,000000,16.4159,16.4159,16.0555,16.0555,7972.773278871961,0
TLX,D,20210519,000000,16.2352,16.5062,16.2352,16.5062,4237.196356020063,0
TLX,D,20210520,000000,16.5062,16.5062,16.3255,16.5062,2075.5566800369156,0
TLX,D,20210521,000000,16.5965,16.5965,16.5965,16.5965,668.4716598787609,0
TLX,D,20210524,000000,16.6868,16.6868,16.2352,16.2352,8540.283400295268,0
TLX,D,20210525,000000,15.4241,16.2352,15.1531,15.7845,4948.178137353752,0
TLX,D,20210526,000000,15.7845,15.7845,15.3338,15.7845,683.3502023879861,0
TLX,D,20210527,000000,15.7845,16.2352,15.7845,16.2352,394.28137649446785,0
TLX,D,20210528,000000,15.7845,15.9652,15.3338,15.8749,7949.392712071752,0
TLX,D,20210531,000000,16.2352,16.2352,15.3338,15.4241,2961.8927123721883,0
TLX,D,20210601,000000,15.4241,15.7845,15.4241,15.5144,1571.8117407960053,0
TLX,D,20210602,000000,15.6942,15.8749,15.6942,15.7845,1147.773279283087,0
TLX,D,20210604,000000,15.8749,15.8749,15.3338,15.3338,701.417004006331,0
TLX,D,20210607,000000,15.3338,15.3338,15.3338,15.3338,1042.5607286821373,0
TLX,D,20210608,000000,15.3338,15.3338,14.8831,15.1531,2369.9392711123,0
TLX,D,20210609,000000,15.2434,15.5144,15.2434,15.3338,7698.582995487669,0
TLX,D,20210610,000000,15.2434,15.3338,15.2434,15.2434,2541.04250996839,0
TLX,D,20210611,000000,15.3338,15.3338,15.2434,15.3338,836.386639625731,0
TLX,D,20210614,000000,15.6039,15.6039,15.1531,15.1531,1180.718623410657,0
TLX,D,20210615,000000,15.5144,15.5144,15.5144,15.5144,288.006072857145,0
TLX,D,20210616,000000,15.2434,15.2434,15.1531,15.2434,479.3016194043262,0
TLX,D,20210617,000000,15.6039,15.6039,15.6039,15.6039,2.1255060727464574,0
TLX,D,20210618,000000,15.5144,15.5144,14.8831,14.8831,1328.4412954665358,0
TLX,D,20210621,000000,15.6942,15.6942,14.8831,14.8831,650.4048582604161,0
TLX,D,20210622,000000,14.9724,15.2434,14.7928,15.2434,809.8178137164003,0
TLX,D,20210623,000000,15.6198,15.808,15.0552,15.808,629.1497975329514,0
TLX,D,20210624,000000,15.0552,15.9962,14.1143,15.5257,15746.811739941826,0
TLX,D,20210625,000000,14.6789,14.9611,14.6789,14.867,9853.846153252576,0
TLX,D,20210628,000000,14.9611,14.9611,14.9611,14.9611,2637.753036278354,0
TLX,D,20210629,000000,14.1143,14.9611,14.1143,14.773,1060.6275303004822,0
TLX,D,20210630,000000,14.773,14.867,14.4907,14.867,3966.1943317448895,0
TLX,D,20210701,000000,14.867,14.9611,14.3966,14.9611,58.45141700052758,0
TLX,D,20210702,000000,14.867,14.867,14.4907,14.867,877.834008044287,0
TLX,D,20210705,000000,14.9611,14.9611,14.867,14.867,985.1720647179831,0
TLX,D,20210706,000000,14.867,14.867,14.4907,14.773,289.0688258935182,0
TLX,D,20210707,000000,14.773,14.867,14.773,14.867,1344.3825910121343,0
TLX,D,20210708,000000,14.867,14.867,14.4907,14.773,443.16801616763644,0
TLX,D,20210709,000000,14.773,14.9611,14.773,14.9611,590.8906882235151,0
TLX,D,20210712,000000,15.0552,15.4316,14.773,14.9611,2630.3137650237413,0
TLX,D,20210713,000000,14.6789,15.0552,14.6789,15.0552,78.64372469161893,0
TLX,D,20210714,000000,15.4316,15.4316,14.867,14.867,805.5668015709074,0
TLX,D,20210715,000000,14.867,15.1493,14.867,15.1493,119.02834007380163,0
TLX,D,20210716,000000,15.2434,15.2434,14.867,14.867,6326.568825529831,0
TLX,D,20210719,000000,15.0552,15.6198,14.6789,14.867,6008.805667654236,0
TLX,D,20210720,000000,14.867,14.9611,14.5848,14.9611,13472.520242103117,0
TLX,D,20210721,000000,15.4316,15.4316,14.9611,14.9611,4547.520242641046,0
TLX,D,20210722,000000,14.867,14.867,14.867,14.867,4988.562752735936,0
TLX,D,20210723,000000,14.867,15.7139,14.867,15.7139,31.882591091196865,0
TLX,D,20210726,000000,15.0552,15.0552,14.5848,15.0552,2055.3643723458244,0
TLX,D,20210727,000000,15.0552,15.0552,14.9611,14.9611,1096.761133537172,0
TLX,D,20210728,000000,14.9611,14.9611,14.6789,14.867,8805.971659388573,0
TLX,D,20210729,000000,15.0552,15.0552,14.4907,14.773,3716.447368197181,0
TLX,D,20210730,000000,14.773,14.867,14.6789,14.867,116.90283400105515,0
TLX,D,20210802,000000,14.867,14.867,14.1143,14.5848,1589.8785424143502,0
TLX,D,20210803,000000,14.773,14.773,14.773,14.773,10.627530363732287,0
TLX,D,20210804,000000,14.773,14.773,14.773,14.773,2.1255060727464574,0
TLX,D,20210805,000000,14.6789,14.6789,14.0202,14.1143,1763.1072873431865,0
TLX,D,20210806,000000,14.3025,14.3025,14.1143,14.3025,803.4412954981609,0
TLX,D,20210809,000000,14.3966,14.3966,14.3966,14.3966,240.18218622034968,0
TLX,D,20210810,000000,14.4907,14.4907,14.4907,14.4907,10.627530363732287,0
TLX,D,20210811,000000,14.3966,14.5848,14.3966,14.5848,1265.7388663205156,0
TLX,D,20210812,000000,14.4907,14.4907,14.4907,14.4907,10.627530363732287,0
TLX,D,20210813,000000,14.4907,14.6789,14.4907,14.6789,301.8218623299969,0
TLX,D,20210816,000000,14.6789,14.867,14.5848,14.5848,2477.277327785996,0
TLX,D,20210817,000000,14.867,14.867,14.2084,14.6789,3460.323886431233,0
TLX,D,20210818,000000,14.6789,14.6789,14.6789,14.6789,10.627530363732287,0
TLX,D,20210819,000000,14.4907,14.5848,14.4907,14.5848,116.90283400105515,0
TLX,D,20210820,000000,14.5848,14.5848,14.5848,14.5848,10.627530363732287,0
TLX,D,20210823,000000,14.4907,14.4907,14.4907,14.4907,100.96153845545673,0
TLX,D,20210824,000000,14.4907,14.4907,14.4907,14.4907,10.627530363732287,0
TLX,D,20210825,000000,14.4907,14.5848,14.4907,14.5848,3001.214574717998,0
TLX,D,20210826,000000,14.5848,14.5848,14.2084,14.4907,425.1012145492915,0
TLX,D,20210827,000000,14.4907,14.4907,14.4907,14.4907,27.631578945703946,0
TLX,D,20210830,000000,14.4907,14.4907,14.4907,14.4907,19.129554654718117,0
TLX,D,20210831,000000,14.4907,14.4907,14.3966,14.3966,21.255060727464574,0
TLX,D,20210901,000000,14.3966,14.3966,14.0202,14.3966,1079.7570849552005,0
TLX,D,20210902,000000,14.3966,14.3966,14.3966,14.3966,257.18623480232134,0
TLX,D,20210903,000000,14.4907,14.4907,13.9261,13.9261,177.4797570743292,0
TLX,D,20210906,000000,13.9261,13.9261,13.832,13.832,501.61943316816394,0
TLX,D,20210907,000000,14.2084,14.2084,13.832,13.832,105.21255060094964,0
TLX,D,20210908,000000,14.0202,14.0202,14.0202,14.0202,2.1255060727464574,0
TLX,D,20210909,000000,14.0202,14.0202,13.1733,14.0202,1032.9959513547783,0
TLX,D,20210910,000000,14.0202,14.0202,13.7379,13.7379,39.321862345809464,0
TLX,D,20210913,000000,14.0202,14.0202,13.7379,13.7379,182.79352225619536,0
TLX,D,20210914,000000,13.7379,13.9261,13.7379,13.9261,690.7894736425988,0
TLX,D,20210915,000000,13.9261,14.0202,13.9261,14.0202,157.28744938323786,0
TLX,D,20210916,000000,14.3025,14.3025,13.832,13.832,632.338056642071,0
TLX,D,20210917,000000,14.2084,14.2084,13.832,13.832,18.066801618344886,0
TLX,D,20210920,000000,14.0202,14.0202,13.7379,13.7379,590.8906882235151,0
TLX,D,20210921,000000,13.4556,13.4556,13.0792,13.3615,2400.759109167124,0
TLX,D,20210922,000000,13.3615,13.7379,13.3615,13.7379,714.1700404428097,0
TLX,D,20210923,000000,13.6438,13.6438,13.5497,13.6438,469.73684207696715,0
TLX,D,20210924,000000,13.7379,13.7379,13.7379,13.7379,3.188259109119686,0
TLX,D,20210927,000000,13.7379,13.7379,13.7379,13.7379,214.6761133473922,0
TLX,D,20210928,000000,13.6438,13.9261,13.6438,13.6438,263.56275302056076,0
TLX,D,20210929,000000,13.832,13.832,13.2674,13.832,48.886639673168524,0
TLX,D,20210930,000000,13.832,13.9261,13.832,13.9261,63.76518218239373,0
TLX,D,20211001,000000,14.1143,14.6789,13.4556,14.1143,2952.3279350448292,0
TLX,D,20211004,000000,14.1143,14.4907,14.1143,14.4907,538.8157894412269,0
TLX,D,20211005,000000,14.4907,14.5848,14.1143,14.2084,2191.3967610015975,0
TLX,D,20211006,000000,14.2084,14.3025,14.2084,14.3025,21.255060727464574,0
TLX,D,20211007,000000,14.2084,14.3025,13.6438,14.3025,456.98380564048836,0
TLX,D,20211008,000000,14.3966,14.3966,14.1143,14.2084,1260.4251011386493,0
TLX,D,20211011,000000,14.1143,14.1143,13.832,13.832,59.514170036900815,0
TLX,D,20211012,000000,13.832,14.3025,13.832,14.2084,212.55060727464576,0
TLX,D,20211013,000000,14.2084,14.2084,13.6438,14.2084,333.7044534211938,0
TLX,D,20211014,000000,14.2084,14.2084,13.9261,13.9261,350.7085020031655,0
TLX,D,20211015,000000,14.2084,14.2084,14.1143,14.1143,223.17813763837805,0
TLX,D,20211018,000000,14.2084,14.2084,14.2084,14.2084,271.00202427517337,0
TLX,D,20211019,000000,14.2084,14.2084,14.2084,14.2084,10.627530363732287,0
TLX,D,20211020,000000,14.2084,14.2084,14.1143,14.1143,223.17813763837805,0
TLX,D,20211021,000000,14.1143,14.2084,13.7379,14.2084,289.0688258935182,0
TLX,D,20211022,000000,14.2084,14.2084,14.2084,14.2084,10.627530363732287,0
TLX,D,20211025,000000,14.1143,14.1143,14.1143,14.1143,10.627530363732287,0
TLX,D,20211026,000000,14.1143,14.1143,14.1143,14.1143,15.941295545598432,0
TLX,D,20211027,000000,14.1143,14.1143,14.1143,14.1143,10.627530363732287,0
TLX,D,20211028,000000,14.1143,14.1143,13.7379,13.7379,162.60121456510402,0
TLX,D,20211029,000000,14.1143,14.1143,13.7379,14.1143,260.37449391144105,0
TLX,D,20211102,000000,14.1143,14.1143,14.1143,14.1143,329.45344127570087,0
TLX,D,20211103,000000,14.1143,14.1143,14.1143,14.1143,10.627530363732287,0
TLX,D,20211104,000000,14.1143,14.1143,13.6438,14.1143,825.7591092619988,0
TLX,D,20211105,000000,14.1143,14.1143,13.7379,13.7379,473.98785422246,0
TLX,D,20211108,000000,14.0202,14.0202,14.0202,14.0202,13.815789472851973,0
TLX,D,20211109,000000,14.0202,14.1143,14.0202,14.0202,335.82995949394024,0
TLX,D,20211110,000000,14.1143,14.1143,14.1143,14.1143,69.07894736425986,0
TLX,D,20211112,000000,14.1143,14.1143,14.1143,14.1143,2.1255060727464574,0
TLX,D,20211115,000000,14.1143,14.1143,13.7379,13.7379,75.45546558249923,0
TLX,D,20211116,000000,14.0202,14.0202,14.0202,14.0202,66.95344129151341,0
TLX,D,20211117,000000,14.1143,14.1143,13.6438,13.6438,100.96153845545673,0
TLX,D,20211118,000000,14.1143,14.1143,14.1143,14.1143,10.627530363732287,0
TLX,D,20211119,000000,13.9261,13.9261,13.6438,13.832,774.7469635160837,0
TLX,D,20211122,000000,13.832,13.832,13.2674,13.7379,60.57692307327404,0
TLX,D,20211123,000000,13.7379,13.7379,13.6438,13.7379,54.20040485503466,0
TLX,D,20211124,000000,13.7379,13.7379,13.7379,13.7379,2.1255060727464574,0
TLX,D,20211125,000000,13.7379,13.7379,13.3615,13.7379,388.9676113126017,0
TLX,D,20211129,000000,13.4556,13.4556,13.2674,13.4556,163.66396760147722,0
TLX,D,20211130,000000,13.4556,13.4556,13.2674,13.2674,1851.3157893621647,0
TLX,D,20211201,000000,13.2674,13.2674,13.1733,13.1733,758.8056679704853,0
TLX,D,20211202,000000,12.3265,13.1733,12.3265,13.1733,1297.6214574117123,0
TLX,D,20211203,000000,13.1733,13.1733,12.797,12.797,1968.2186233632196,0
TLX,D,20211206,000000,13.1733,13.1733,12.7029,13.1733,253.99797569320165,0
TLX,D,20211207,000000,13.1733,13.1733,13.1733,13.1733,10.627530363732287,0
TLX,D,20211208,000000,13.1733,13.1733,13.1733,13.1733,10.627530363732287,0
TLX,D,20211209,000000,13.0792,13.0792,12.9851,12.9851,85.0202429098583,0
TLX,D,20211210,000000,13.0792,13.1733,13.0792,13.1733,20.192307691091347,0
TLX,D,20211213,000000,13.1733,13.1733,13.1733,13.1733,10.627530363732287,0
TLX,D,20211214,000000,13.1733,13.1733,13.1733,13.1733,10.627530363732287,0
TLX,D,20211215,000000,13.1733,13.1733,12.7029,12.7029,271.00202427517337,0
TLX,D,20211216,000000,12.797,13.1733,12.797,13.1733,2.1255060727464574,0
TLX,D,20211217,000000,13.1733,13.1733,13.1733,13.1733,2.1255060727464574,0
TLX,D,20211221,000000,13.1733,13.1733,12.9851,12.9851,6.376518218239372,0
TLX,D,20211222,000000,13.1733,13.1733,13.1733,13.1733,2.1255060727464574,0
TLX,D,20211223,000000,13.1733,13.1733,12.4206,12.4206,320.9514169847151,0
TLX,D,20211227,000000,13.1733,13.1733,13.1733,13.1733,2.1255060727464574,0
TLX,D,20211228,000000,13.1733,13.1733,12.2324,12.3265,2285.9817812388146,0
TLX,D,20211229,000000,12.7029,12.7029,12.4206,12.4206,58.45141700052758,0
TLX,D,20211230,000000,12.7029,12.7029,12.7029,12.7029,393.2186234580946,0
TLX,D,20220103,000000,13.0792,13.832,12.797,13.832,49590.1821832478,0
TLX,D,20220104,000000,13.832,15.1493,13.832,14.4907,6846.25506031634,0
TLX,D,20220105,000000,14.1143,14.773,14.1143,14.773,73642.40890244691,0
TLX,D,20220107,000000,14.867,15.9021,14.5848,15.9021,1505.9210525408653,0
TLX,D,20220110,000000,15.9021,16.9371,15.9021,16.843,4347.722671802879,0
TLX,D,20220111,000000,16.843,16.843,16.2785,16.749,58.45141700052758,0
TLX,D,20220112,000000,16.749,16.749,15.808,15.808,2801.417003879831,0
TLX,D,20220113,000000,16.2785,16.2785,16.0903,16.1844,550.5060728413324,0
TLX,D,20220114,000000,16.1844,16.1844,16.1844,16.1844,233.8056680021103,0
TLX,D,20220117,000000,14.6789,16.2785,14.6789,16.2785,2668.5728743331774,0
TLX,D,20220118,000000,16.2785,16.6549,16.2785,16.6549,1624.9493926146667,0
TLX,D,20220119,000000,16.749,16.749,16.749,16.749,3207.3886637744044,0
TLX,D,20220120,000000,16.749,16.749,16.4667,16.749,392.15587042172143,0
TLX,D,20220121,000000,16.749,16.749,16.1844,16.6549,2101.0627529098733,0
TLX,D,20220124,000000,16.6549,16.6549,15.2434,15.3375,5297.823886320545,0
TLX,D,20220125,000000,15.2434,16.1844,15.2434,16.1844,1334.8178136847753,0
TLX,D,20220126,000000,16.5608,16.5608,16.5608,16.5608,10.627530363732287,0
TLX,D,20220127,000000,16.5608,16.5608,16.5608,16.5608,10.627530363732287,0
TLX,D,20220128,000000,16.0903,16.0903,15.4316,15.4316,1590.9412954507236,0
TLX,D,20220131,000000,16.0903,16.0903,15.9021,15.9962,329.45344127570087,0
TLX,D,20220201,000000,15.9962,15.9962,15.9021,15.9962,318.8259109119686,0
TLX,D,20220202,000000,15.9962,15.9962,15.5257,15.5257,329.45344127570087,0
TLX,D,20220203,000000,15.808,15.808,15.808,15.808,10.627530363732287,0
TLX,D,20220204,000000,15.808,16.0903,15.0552,15.4316,3734.5141698155257,0
TLX,D,20220207,000000,15.2434,15.9962,15.2434,15.9962,382.5910930943623,0
TLX,D,20220208,000000,15.9962,15.9962,15.9962,15.9962,4.251012145492915,0
TLX,D,20220209,000000,15.9962,15.9962,15.9962,15.9962,1.0627530363732287,0
TLX,D,20220210,000000,15.9962,15.9962,15.9962,15.9962,5.3137651818661435,0
TLX,D,20220211,000000,15.808,15.9021,15.808,15.9021,217.8643724565119,0
TLX,D,20220214,000000,15.9962,15.9962,15.4316,15.9021,144.5344129467591,0
TLX,D,20220215,000000,15.1493,16.0903,15.1493,16.0903,1207.2874493199877,0
TLX,D,20220216,000000,16.0903,16.749,16.0903,16.749,4990.688258808682,0
TLX,D,20220217,000000,15.9962,16.749,15.9962,16.749,2749.3421050975426,0
TLX,D,20220218,000000,16.749,16.749,16.749,16.749,10.627530363732287,0
TLX,D,20220221,000000,16.749,16.749,16.749,16.749,10.627530363732287,0
TLX,D,20220222,000000,15.6198,16.749,15.6198,16.749,453.79554653136864,0
TLX,D,20220223,000000,16.749,16.749,16.749,16.749,10.627530363732287,0
TLX,D,20220224,000000,15.6198,16.749,15.0552,16.749,2403.947368276243,0
TLX,D,20220225,000000,15.9962,16.749,15.808,16.749,1068.0668015550948,0
TLX,D,20220228,000000,16.749,16.749,16.749,16.749,18.066801618344886,0
TLX,D,20220301,000000,16.749,16.749,16.749,16.749,10.627530363732287,0
TLX,D,20220302,000000,16.749,16.749,16.749,16.749,708.8562752609436,0
TLX,D,20220303,000000,16.749,16.749,15.9962,16.749,349.64574896679227,0
TLX,D,20220304,000000,16.749,16.749,15.9962,16.749,160.47570849235754,0
TLX,D,20220307,000000,16.749,16.749,16.749,16.749,10.627530363732287,0
TLX,D,20220308,000000,16.6549,16.6549,16.0903,16.6549,726.9230768792885,0
TLX,D,20220309,000000,16.6549,16.749,16.2785,16.749,229.55465585661742,0
TLX,D,20220310,000000,16.749,16.749,16.749,16.749,13.815789472851973,0
TLX,D,20220311,000000,16.749,16.749,16.749,16.749,10.627530363732287,0
TLX,D,20220314,000000,16.749,16.749,16.749,16.749,10.627530363732287,0
TLX,D,20220315,000000,16.749,16.749,16.749,16.749,10.627530363732287,0
TLX,D,20220316,000000,16.749,16.749,16.3726,16.3726,1574.999999905125,0
TLX,D,20220317,000000,16.749,16.749,16.3726,16.3726,214.6761133473922,0
TLX,D,20220318,000000,16.749,16.749,16.749,16.749,2.1255060727464574,0
TLX,D,20220321,000000,16.4667,16.4667,16.4667,16.4667,44.63562752767561,0
TLX,D,20220322,000000,16.749,16.749,16.3726,16.3726,648.2793521876696,0
TLX,D,20220323,000000,16.749,16.749,16.749,16.749,70.1417004006331,0
TLX,D,20220324,000000,16.749,16.749,16.2785,16.6549,465.4858299314742,0
TLX,D,20220325,000000,16.749,16.749,16.749,16.749,148.78542509225204,0
TLX,D,20220328,000000,16.749,16.749,15.9962,15.9962,230.61740889299062,0
TLX,D,20220329,000000,16.749,16.749,16.749,16.749,2.1255060727464574,0
TLX,D,20220330,000000,16.749,16.749,16.749,16.749,2.1255060727464574,0
TLX,D,20220331,000000,16.6549,16.6549,16.6549,16.6549,2.1255060727464574,0
TLX,D,20220401,000000,16.6549,16.6549,16.6549,16.6549,10.627530363732287,0
TLX,D,20220404,000000,16.6549,16.6549,16.6549,16.6549,10.627530363732287,0
TLX,D,20220405,000000,16.5608,16.5608,16.5608,16.5608,8.50202429098583,0
TLX,D,20220406,000000,16.5608,16.6549,16.3726,16.3726,757.7429149341122,0
TLX,D,20220407,000000,16.6549,16.6549,16.6549,16.6549,10.627530363732287,0
TLX,D,20220408,000000,16.6549,16.6549,16.6549,16.6549,10.627530363732287,0
TLX,D,20220411,000000,16.6549,16.6549,16.6549,16.6549,10.627530363732287,0
TLX,D,20220412,000000,16.6549,16.6549,15.9021,15.9021,542.0040485503467,0
TLX,D,20220413,000000,16.6549,16.6549,16.6549,16.6549,10.627530363732287,0
TLX,D,20220414,000000,16.6549,16.749,16.0903,16.749,1193.471659847136,0
TLX,D,20220419,000000,16.4667,16.4667,16.4667,16.4667,10.627530363732287,0
TLX,D,20220420,000000,16.6549,16.6549,16.6549,16.6549,10.627530363732287,0
TLX,D,20220421,000000,16.6549,16.6549,16.6549,16.6549,10.627530363732287,0
TLX,D,20220422,000000,16.6549,16.6549,16.6549,16.6549,1.0627530363732287,0
TLX,D,20220425,000000,16.6549,16.6549,16.6549,16.6549,10.627530363732287,0
TLX,D,20220426,000000,16.6549,16.6549,15.9021,15.9021,17.00404858197166,0
TLX,D,20220427,000000,16.6549,16.6549,16.6549,16.6549,10.627530363732287,0
TLX,D,20220428,000000,16.6549,16.6549,15.9021,15.9021,490.9919028044317,0
TLX,D,20220429,000000,15.9962,16.3726,15.9962,15.9962,308.19838054823634,0
TLX,D,20220502,000000,16.5608,16.5608,15.4316,15.9021,814.0688258618932,0
TLX,D,20220504,000000,15.9021,15.9021,15.9021,15.9021,25.50607287295749,0
TLX,D,20220505,000000,15.9021,15.9021,15.9021,15.9021,10.627530363732287,0
TLX,D,20220506,000000,15.9021,16.6549,15.2434,16.6549,1173.2793521560445,0
TLX,D,20220509,000000,16.2785,16.2785,16.2785,16.2785,10.627530363732287,0
TLX,D,20220510,000000,16.1844,16.1844,16.1844,16.1844,10.627530363732287,0
TLX,D,20220511,000000,16.1844,16.1844,16.1844,16.1844,9.564777327359058,0
TLX,D,20220512,000000,16.0903,16.0903,15.2434,16.0903,543.0668015867199,0
TLX,D,20220513,000000,16.0903,16.0903,15.2434,15.2434,34.00809716394332,0
TLX,D,20220516,000000,16.0903,16.0903,16.0903,16.0903,17.00404858197166,0
TLX,D,20220517,000000,16.0903,16.0903,16.0903,16.0903,10.627530363732287,0
TLX,D,20220518,000000,15.9962,15.9962,15.4316,15.9962,19.129554654718117,0
TLX,D,20220519,000000,15.9962,15.9962,15.9962,15.9962,9.564777327359058,0
TLX,D,20220520,000000,15.9962,15.9962,15.9962,15.9962,19.129554654718117,0
TLX,D,20220523,000000,15.9021,15.9021,15.9021,15.9021,10.627530363732287,0
TLX,D,20220524,000000,15.9021,15.9021,15.9021,15.9021,10.627530363732287,0
TLX,D,20220525,000000,15.9021,15.9021,15.9021,15.9021,10.627530363732287,0
TLX,D,20220526,000000,15.9021,15.9021,15.9021,15.9021,2.1255060727464574,0
TLX,D,20220527,000000,15.9021,15.9021,15.9021,15.9021,12.753036436478745,0
TLX,D,20220530,000000,15.9021,15.9021,15.9021,15.9021,10.627530363732287,0
TLX,D,20220531,000000,15.9021,15.9021,15.2434,15.2434,99.8987854190835,0
TLX,D,20220601,000000,13.9261,15.2434,13.9261,15.2434,878.8967610806602,0
TLX,D,20220602,000000,15.808,15.808,15.808,15.808,10.627530363732287,0
TLX,D,20220603,000000,15.7139,15.7139,15.7139,15.7139,10.627530363732287,0
TLX,D,20220606,000000,15.7139,15.7139,15.4316,15.4316,11.690283400105516,0
TLX,D,20220607,000000,15.7139,15.7139,15.7139,15.7139,10.627530363732287,0
TLX,D,20220608,000000,15.6198,15.6198,15.6198,15.6198,10.627530363732287,0
TLX,D,20220609,000000,15.3375,15.5257,15.3375,15.5257,102.02429149182996,0
TLX,D,20220610,000000,15.3375,15.3375,15.3375,15.3375,10.627530363732287,0
TLX,D,20220613,000000,15.3375,15.3375,15.3375,15.3375,10.627530363732287,0
TLX,D,20220614,000000,15.2434,15.6198,14.773,15.6198,1588.8157893779771,0
TLX,D,20220615,000000,15.6198,15.6198,15.6198,15.6198,2.1255060727464574,0
TLX,D,20220617,000000,15.6198,15.6198,15.6198,15.6198,3.188259109119686,0
TLX,D,20220620,000000,14.3025,15.4316,14.3025,14.773,132.8441295466536,0
TLX,D,20220621,000000,15.3375,15.3375,15.3375,15.3375,10.627530363732287,0
TLX,D,20220622,000000,15.3375,15.3375,15.3375,15.3375,2.1255060727464574,0
TLX,D,20220623,000000,15.3375,15.3375,15.3375,15.3375,2.1255060727464574,0
TLX,D,20220624,000000,15.3375,15.3375,15.3375,15.3375,2.1255060727464574,0
TLX,D,20220627,000000,15.3375,15.3375,15.3375,15.3375,2.1255060727464574,0
TLX,D,20220628,000000,15.3375,15.3375,15.3375,15.3375,2.1255060727464574,0
TLX,D,20220629,000000,15.3375,15.3375,15.3375,15.3375,2.1255060727464574,0
TLX,D,20220630,000000,15.3375,15.3375,15.3375,15.3375,2.1255060727464574,0
TLX,D,20220701,000000,15.3375,15.3375,15.3375,15.3375,1.0627530363732287,0
TLX,D,20220704,000000,15.3375,15.3375,15.3375,15.3375,10.627530363732287,0
TLX,D,20220705,000000,15.3375,15.3375,14.773,14.773,436.791497949397,0
TLX,D,20220706,000000,14.5848,15.9021,14.5848,15.9021,133.90688258302683,0
TLX,D,20220707,000000,15.9021,15.9021,15.9021,15.9021,10.627530363732287,0
TLX,D,20220708,000000,15.808,15.808,14.3025,14.4907,266.7510121296804,0
TLX,D,20220711,000000,14.6789,14.6789,14.6789,14.6789,10.627530363732287,0
TLX,D,20220712,000000,14.867,14.867,13.832,13.832,413.41093114918596,0
TLX,D,20220713,000000,14.4907,15.3375,14.4907,14.6789,1280.6174088297407,0
TLX,D,20220714,000000,15.0552,15.7139,14.6789,15.6198,271.00202427517337,0
TLX,D,20220715,000000,15.6198,15.6198,14.6789,14.6789,116.90283400105515,0
TLX,D,20220718,000000,15.2434,15.2434,15.2434,15.2434,5.3137651818661435,0
TLX,D,20220719,000000,15.2434,15.2434,15.2434,15.2434,5.3137651818661435,0
TLX,D,20220720,000000,15.4316,15.4316,14.2084,15.4316,261.43724694781423,0
TLX,D,20220721,000000,15.5257,15.5257,15.5257,15.5257,5.3137651818661435,0
TLX,D,20220722,000000,15.5257,15.5257,14.773,15.4316,59.514170036900815,0
TLX,D,20220725,000000,15.4316,15.4316,15.4316,15.4316,4.251012145492915,0
TLX,D,20220726,000000,15.4316,15.4316,15.4316,15.4316,6.376518218239372,0
TLX,D,20220727,000000,15.2434,15.2434,15.2434,15.2434,5.3137651818661435,0
TLX,D,20220728,000000,15.2434,15.2434,15.2434,15.2434,10.627530363732287,0
TLX,D,20220729,000000,15.2434,15.2434,15.2434,15.2434,10.627530363732287,0
TLX,D,20220801,000000,15.2434,15.3375,15.2434,15.3375,24.443319836584262,0
TLX,D,20220802,000000,15.4316,15.4316,14.773,14.773,78.64372469161893,0
TLX,D,20220803,000000,15.3375,15.3375,14.9611,14.9611,77.5809716552457,0
TLX,D,20220804,000000,15.2434,15.2434,15.2434,15.2434,10.627530363732287,0
TLX,D,20220805,000000,15.2434,15.2434,15.2434,15.2434,10.627530363732287,0
TLX,D,20220808,000000,14.9611,14.9611,14.773,14.9611,73.32995950975278,0
TLX,D,20220809,000000,14.9611,14.9611,14.9611,14.9611,738.6133602793939,0
TLX,D,20220810,000000,15.0552,15.0552,15.0552,15.0552,11.690283400105516,0
TLX,D,20220812,000000,14.9611,14.9611,14.3966,14.9611,42.51012145492915,0
TLX,D,20220816,000000,14.9611,14.9611,14.2084,14.3966,608.9574898418601,0
TLX,D,20220817,000000,14.4907,14.4907,14.4907,14.4907,10.627530363732287,0
TLX,D,20220818,000000,14.4907,14.4907,14.3966,14.4907,175.35425100158275,0
TLX,D,20220819,000000,14.4907,14.4907,14.4907,14.4907,10.627530363732287,0
TLX,D,20220822,000000,14.4907,14.4907,14.4907,14.4907,10.627530363732287,0
TLX,D,20220823,000000,14.4907,14.4907,14.4907,14.4907,10.627530363732287,0
TLX,D,20220824,000000,14.4907,14.4907,13.832,13.832,229.55465585661742,0
TLX,D,20220825,000000,14.4907,14.4907,14.3025,14.3025,535.6275303321073,0
TLX,D,20220826,000000,14.4907,14.4907,13.832,14.3966,470.79959511334033,0
TLX,D,20220829,000000,14.4907,14.867,14.4907,14.867,318.8259109119686,0
TLX,D,20220830,000000,14.867,14.867,14.867,14.867,10.627530363732287,0
TLX,D,20220831,000000,14.867,14.9611,14.867,14.867,144.5344129467591,0
TLX,D,20220901,000000,14.867,14.867,14.867,14.867,10.627530363732287,0
TLX,D,20220902,000000,14.867,14.867,14.867,14.867,10.627530363732287,0
TLX,D,20220905,000000,14.867,14.867,13.9261,14.1143,467.6113360042206,0
TLX,D,20220906,000000,14.773,14.773,13.832,13.832,453.79554653136864,0
TLX,D,20220907,000000,14.773,14.773,14.773,14.773,2.1255060727464574,0
TLX,D,20220908,000000,14.773,14.773,14.773,14.773,2.1255060727464574,0
TLX,D,20220909,000000,14.773,14.773,14.773,14.773,2.1255060727464574,0
TLX,D,20220912,000000,14.773,14.773,14.773,14.773,2.1255060727464574,0
TLX,D,20220913,000000,14.773,14.773,14.773,14.773,10.627530363732287,0
TLX,D,20220914,000000,14.773,14.867,14.773,14.867,208.29959512915283,0
TLX,D,20220915,000000,14.773,14.773,13.5497,14.2084,444.2307692040096,0
TLX,D,20220916,000000,13.7379,14.773,13.7379,14.773,383.6538461307356,0
TLX,D,20220919,000000,14.773,14.773,14.2084,14.2084,85.0202429098583,0
TLX,D,20220920,000000,14.773,14.773,13.5497,13.5497,555.8198380231987,0
TLX,D,20220921,000000,13.6438,13.6438,13.0792,13.4556,395.3441295308411,0
TLX,D,20220922,000000,13.4556,13.4556,12.891,13.0792,1085.0708501370666,0
TLX,D,20220923,000000,13.0792,13.0792,11.9501,12.9851,1441.0931173220981,0
TLX,D,20220926,000000,12.2324,12.2324,11.1032,11.9501,3111.7408905008137,0
TLX,D,20220927,000000,11.9501,12.4206,11.4796,11.4796,358.1477732577781,0
TLX,D,20220928,000000,12.2324,12.2324,11.5737,12.1383,6.376518218239372,0
TLX,D,20220929,000000,12.2324,12.2324,11.0091,11.1032,1065.9412954823483,0
TLX,D,20220930,000000,11.0091,11.0091,9.69181,10.821,8088.613359836644,0
TLX,D,20221003,000000,10.4446,11.0091,9.88,11.0091,2033.0465585819866,0
TLX,D,20221004,000000,10.915,12.1383,10.5387,12.1383,2381.6295545124053,0
TLX,D,20221005,000000,12.1383,14.5848,12.1383,14.3025,2136.1336031101896,0
TLX,D,20221006,000000,12.891,13.2674,12.7029,12.9851,494.18016191355133,0
TLX,D,20221007,000000,12.9851,13.7379,12.9851,13.7379,903.3400809172444,0
TLX,D,20221010,000000,13.7379,13.7379,13.7379,13.7379,40.384615382182695,0
TLX,D,20221011,000000,13.6438,13.6438,13.6438,13.6438,10.627530363732287,0
TLX,D,20221012,000000,13.4556,13.4556,13.4556,13.4556,10.627530363732287,0
TLX,D,20221013,000000,13.4556,13.4556,13.4556,13.4556,10.627530363732287,0
TLX,D,20221014,000000,13.4556,13.4556,13.4556,13.4556,10.627530363732287,0
TLX,D,20221017,000000,13.4556,13.4556,13.4556,13.4556,10.627530363732287,0
TLX,D,20221018,000000,13.4556,13.4556,13.0792,13.0792,396.4068825672143,0
TLX,D,20221019,000000,13.0792,13.3615,13.0792,13.3615,9.564777327359058,0
TLX,D,20221020,000000,13.3615,13.3615,13.3615,13.3615,10.627530363732287,0
TLX,D,20221021,000000,13.3615,13.3615,13.3615,13.3615,10.627530363732287,0
TLX,D,20221024,000000,13.3615,13.3615,13.0792,13.2674,88.20850201897798,0
TLX,D,20221025,000000,13.2674,13.2674,13.2674,13.2674,10.627530363732287,0
TLX,D,20221026,000000,13.2674,13.2674,13.2674,13.2674,10.627530363732287,0
TLX,D,20221027,000000,13.2674,13.2674,13.2674,13.2674,10.627530363732287,0
TLX,D,20221028,000000,13.2674,13.2674,13.2674,13.2674,10.627530363732287,0
TLX,D,20221031,000000,13.2674,13.2674,13.2674,13.2674,2.1255060727464574,0
TLX,D,20221102,000000,13.2674,13.2674,13.2674,13.2674,10.627530363732287,0
TLX,D,20221103,000000,13.1733,13.1733,13.1733,13.1733,10.627530363732287,0
TLX,D,20221104,000000,13.0792,13.0792,13.0792,13.0792,78.64372469161893,0
TLX,D,20221107,000000,12.9851,12.9851,12.9851,12.9851,88.20850201897798,0
TLX,D,20221108,000000,12.891,12.891,12.891,12.891,120.09109311017484,0
TLX,D,20221109,000000,12.797,12.797,12.797,12.797,195.5465586926741,0
TLX,D,20221110,000000,12.7029,13.1733,12.7029,13.1733,992.6113359725957,0
TLX,D,20221114,000000,13.1733,13.1733,13.1733,13.1733,170.0404858197166,0
TLX,D,20221115,000000,13.2674,13.2674,13.2674,13.2674,10.627530363732287,0
TLX,D,20221116,000000,13.1733,13.6438,13.1733,13.6438,2748.27935206117,0
TLX,D,20221117,000000,13.6438,13.6438,13.1733,13.6438,3507.085020031655,0
TLX,D,20221118,000000,13.6438,13.832,13.1733,13.832,28.694331982077177,0
TLX,D,20221121,000000,14.3966,14.3966,14.3966,14.3966,10.627530363732287,0
TLX,D,20221122,000000,14.3025,14.3025,13.832,13.832,155.1619433104914,0
TLX,D,20221123,000000,14.3025,14.3025,13.9261,13.9261,82.89473683711185,0
TLX,D,20221124,000000,14.2084,14.2084,13.832,13.832,382.5910930943623,0
TLX,D,20221125,000000,14.2084,14.2084,13.3615,13.3615,11.690283400105516,0
TLX,D,20221128,000000,14.2084,14.2084,14.2084,14.2084,10.627530363732287,0
TLX,D,20221129,000000,14.2084,14.2084,13.1733,14.1143,2830.111335861908,0
TLX,D,20221130,000000,14.2084,14.2084,13.1733,13.1733,835.3238865893578,0
TLX,D,20221201,000000,13.2674,13.7379,13.2674,13.7379,11.690283400105516,0
TLX,D,20221202,000000,13.7379,13.7379,13.1733,13.1733,61.63967610964727,0
TLX,D,20221205,000000,13.1733,13.7379,13.1733,13.7379,95.64777327359057,0
TLX,D,20221206,000000,14.2084,14.2084,13.7379,13.7379,83.95748987348506,0
TLX,D,20221207,000000,14.0202,14.0202,14.0202,14.0202,10.627530363732287,0
TLX,D,20221208,000000,13.7379,14.0202,13.7379,14.0202,28.694331982077177,0
TLX,D,20221209,000000,14.0202,14.2084,14.0202,14.2084,96.71052630996381,0
TLX,D,20221212,000000,14.2084,14.2084,13.0792,13.0792,85.0202429098583,0
TLX,D,20221213,000000,13.0792,13.0792,13.0792,13.0792,11.690283400105516,0
TLX,D,20221214,000000,13.0792,14.2084,13.0792,13.7379,105.21255060094964,0
TLX,D,20221215,000000,13.7379,13.7379,13.7379,13.7379,1.0627530363732287,0
TLX,D,20221216,000000,13.7379,13.7379,13.7379,13.7379,116.90283400105515,0
TLX,D,20221219,000000,13.7379,13.7379,13.7379,13.7379,10.627530363732287,0
TLX,D,20221220,000000,13.7379,13.7379,13.7379,13.7379,10.627530363732287,0
TLX,D,20221221,000000,13.7379,13.7379,13.7379,13.7379,10.627530363732287,0
TLX,D,20221222,000000,13.7379,13.7379,13.7379,13.7379,95.64777327359057,0
TLX,D,20221223,000000,13.7379,15.0552,13.7379,15.0552,3818.4716596890107,0
TLX,D,20221227,000000,14.867,14.867,14.3966,14.867,2894.939271080675,0
TLX,D,20221228,000000,14.773,14.773,14.2084,14.2084,530.3137651502411,0
TLX,D,20221229,000000,14.6789,16.0903,14.6789,16.0903,2613.3097164417695,0
TLX,D,20221230,000000,16.0903,16.749,16.0903,16.749,1333.7550606484022,0
TLX,D,20230102,000000,16.843,16.843,14.4907,15.5257,1545.2429148866745,0
TLX,D,20230103,000000,16.2785,16.3726,15.7139,15.7139,290.1315789298915,0
TLX,D,20230104,000000,15.6198,15.6198,15.6198,15.6198,10.627530363732287,0
TLX,D,20230105,000000,15.6198,15.6198,15.0552,15.6198,573.8866396415435,0
TLX,D,20230109,000000,15.4316,15.4316,15.4316,15.4316,10.627530363732287,0
TLX,D,20230110,000000,15.2434,15.2434,14.5848,14.5848,212.55060727464576,0
TLX,D,20230111,000000,15.5257,15.5257,15.0552,15.0552,132.8441295466536,0
TLX,D,20230112,000000,15.5257,15.5257,15.5257,15.5257,10.627530363732287,0
TLX,D,20230113,000000,15.5257,15.5257,15.5257,15.5257,10.627530363732287,0
TLX,D,20230116,000000,15.5257,15.5257,15.5257,15.5257,10.627530363732287,0
TLX,D,20230117,000000,15.5257,15.5257,15.5257,15.5257,10.627530363732287,0
TLX,D,20230118,000000,15.5257,15.5257,15.5257,15.5257,10.627530363732287,0
TLX,D,20230119,000000,15.5257,15.5257,15.5257,15.5257,10.627530363732287,0
TLX,D,20230120,000000,15.5257,15.5257,15.5257,15.5257,10.627530363732287,0
TLX,D,20230123,000000,15.5257,15.5257,15.5257,15.5257,2.1255060727464574,0
TLX,D,20230124,000000,15.5257,15.5257,15.5257,15.5257,10.627530363732287,0
TLX,D,20230125,000000,15.5257,15.5257,15.5257,15.5257,10.627530363732287,0
TLX,D,20230126,000000,15.5257,15.5257,15.5257,15.5257,10.627530363732287,0
TLX,D,20230127,000000,15.4316,15.4316,15.4316,15.4316,2.1255060727464574,0
TLX,D,20230130,000000,15.4316,15.4316,15.4316,15.4316,10.627530363732287,0
TLX,D,20230131,000000,15.5257,15.5257,15.1493,15.3375,215.73886638376544,0
TLX,D,20230201,000000,15.5257,15.5257,15.5257,15.5257,10.627530363732287,0
TLX,D,20230202,000000,15.9021,15.9021,15.9021,15.9021,2.1255060727464574,0
TLX,D,20230203,000000,15.9021,15.9021,15.7139,15.7139,11.690283400105516,0
TLX,D,20230206,000000,15.9021,15.9021,14.6789,14.6789,520.7489878228821,0
TLX,D,20230207,000000,15.3375,15.3375,14.773,14.867,24.443319836584262,0
TLX,D,20230208,000000,15.3375,15.3375,15.3375,15.3375,10.627530363732287,0
TLX,D,20230209,000000,15.3375,15.3375,15.3375,15.3375,10.627530363732287,0
TLX,D,20230210,000000,15.2434,15.2434,15.2434,15.2434,10.627530363732287,0
TLX,D,20230213,000000,15.2434,15.2434,15.2434,15.2434,10.627530363732287,0
TLX,D,20230214,000000,15.1493,15.1493,15.1493,15.1493,10.627530363732287,0
TLX,D,20230215,000000,15.0552,15.0552,14.2084,14.2084,85.0202429098583,0
TLX,D,20230216,000000,15.1493,15.1493,15.1493,15.1493,1.0627530363732287,0
TLX,D,20230217,000000,15.0552,15.0552,14.867,14.867,70.1417004006331,0
TLX,D,20230220,000000,15.0552,15.0552,15.0552,15.0552,10.627530363732287,0
TLX,D,20230221,000000,15.0552,15.0552,15.0552,15.0552,4.251012145492915,0
TLX,D,20230222,000000,15.0552,15.0552,15.0552,15.0552,10.627530363732287,0
TLX,D,20230223,000000,15.0552,15.0552,15.0552,15.0552,10.627530363732287,0
TLX,D,20230224,000000,15.0552,15.0552,15.0552,15.0552,10.627530363732287,0
TLX,D,20230227,000000,14.773,14.773,14.6789,14.6789,80.76923076436539,0
TLX,D,20230228,000000,14.773,14.773,14.6789,14.6789,21.255060727464574,0
TLX,D,20230301,000000,14.773,14.773,14.773,14.773,10.627530363732287,0
TLX,D,20230302,000000,14.6789,14.6789,14.6789,14.6789,10.627530363732287,0
TLX,D,20230303,000000,14.6789,14.6789,14.0202,14.0202,138.15789472851972,0
TLX,D,20230306,000000,14.6789,14.6789,14.6789,14.6789,10.627530363732287,0
TLX,D,20230307,000000,14.6789,14.6789,14.6789,14.6789,10.627530363732287,0
TLX,D,20230308,000000,14.6789,14.6789,14.6789,14.6789,10.627530363732287,0
TLX,D,20230309,000000,14.6789,14.6789,14.6789,14.6789,10.627530363732287,0
TLX,D,20230310,000000,14.6789,14.6789,14.6789,14.6789,10.627530363732287,0
TLX,D,20230313,000000,14.6789,14.6789,13.832,14.0202,286.94331982077176,0
TLX,D,20230314,000000,14.6789,14.6789,13.6438,13.6438,80.76923076436539,0
TLX,D,20230315,000000,14.6789,14.6789,13.7379,13.7379,273.1275303479198,0
TLX,D,20230316,000000,14.4907,14.4907,13.7379,13.7379,378.34008094886946,0
TLX,D,20230317,000000,14.3966,14.3966,14.2084,14.2084,108.40080971006932,0
TLX,D,20230320,000000,14.1143,14.1143,14.1143,14.1143,2.1255060727464574,0
TLX,D,20230321,000000,14.1143,14.1143,14.1143,14.1143,2.1255060727464574,0
TLX,D,20230322,000000,14.1143,14.1143,14.1143,14.1143,2.1255060727464574,0
TLX,D,20230323,000000,14.1143,14.1143,14.1143,14.1143,2.1255060727464574,0
TLX,D,20230324,000000,14.1143,14.1143,14.1143,14.1143,10.627530363732287,0
TLX,D,20230327,000000,14.1143,14.1143,14.1143,14.1143,85.0202429098583,0
TLX,D,20230328,000000,14.1143,14.3025,13.5497,14.3025,3679.251011924118,0
TLX,D,20230329,000000,14.3025,14.9611,14.2084,14.5848,4473.12753009492,0
TLX,D,20230330,000000,14.9611,15.5257,14.9611,15.5257,2903.441295371661,0
TLX,D,20230331,000000,15.5257,15.5257,15.4316,15.4316,41.447368418555925,0
TLX,D,20230403,000000,15.4316,15.4316,15.1493,15.4316,422.9757084765451,0
TLX,D,20230404,000000,15.0552,15.7139,15.0552,15.7139,634.4635627148176,0
TLX,D,20230405,000000,15.9021,15.9021,15.9021,15.9021,10.627530363732287,0
TLX,D,20230406,000000,15.4316,15.6198,15.4316,15.6198,4866.346153553014,0
TLX,D,20230411,000000,15.6198,15.7139,15.6198,15.7139,195.5465586926741,0
TLX,D,20230412,000000,15.7139,15.7139,15.7139,15.7139,10.627530363732287,0
TLX,D,20230413,000000,15.7139,16.2785,15.7139,16.2785,2206.2753035108226,0
TLX,D,20230414,000000,16.2785,16.2785,16.1844,16.1844,775.809716552457,0
TLX,D,20230417,000000,16.1844,16.1844,16.1844,16.1844,1.0627530363732287,0
TLX,D,20230418,000000,16.1844,16.1844,16.1844,16.1844,127.53036436478746,0
TLX,D,20230419,000000,15.6198,15.808,14.9611,15.5257,552.6315789140789,0
TLX,D,20230420,000000,15.5257,15.5257,15.3375,15.3375,318.8259109119686,0
TLX,D,20230421,000000,15.9962,15.9962,15.9962,15.9962,10.627530363732287,0
TLX,D,20230424,000000,15.9962,15.9962,15.9962,15.9962,10.627530363732287,0
TLX,D,20230425,000000,15.9962,15.9962,15.9962,15.9962,10.627530363732287,0
TLX,D,20230426,000000,15.9962,16.1844,15.9962,16.1844,252.93522265682844,0
TLX,D,20230427,000000,16.1844,16.1844,16.1844,16.1844,13.815789472851973,0
TLX,D,20230428,000000,16.1844,16.4667,16.1844,16.4667,313.5121457301025,0
TLX,D,20230502,000000,16.4667,16.843,16.2785,16.2785,116.90283400105515,0
TLX,D,20230504,000000,16.843,16.843,16.2785,16.2785,31.882591091196865,0
TLX,D,20230505,000000,16.843,16.843,15.6198,16.843,246.55870443858907,0
TLX,D,20230508,000000,16.843,16.843,16.843,16.843,10.627530363732287,0
TLX,D,20230509,000000,16.9371,17.8781,15.808,15.808,330.51619431207416,0
TLX,D,20230510,000000,17.784,17.784,16.749,16.749,21.255060727464574,0
TLX,D,20230511,000000,15.3375,16.6549,15.3375,15.9962,1210.4757084291075,0
TLX,D,20230512,000000,16.9371,16.9371,16.9371,16.9371,10.627530363732287,0
TLX,D,20230515,000000,15.7139,16.9371,15.7139,16.9371,20.192307691091347,0
TLX,D,20230516,000000,15.7139,16.9371,15.7139,16.9371,114.77732792830871,0
TLX,D,20230517,000000,16.9371,16.9371,16.9371,16.9371,10.627530363732287,0
TLX,D,20230518,000000,16.9371,16.9371,15.7139,15.7139,141.3461538376394,0
TLX,D,20230519,000000,16.9371,16.9371,16.3726,16.3726,223.17813763837805,0
TLX,D,20230522,000000,16.9371,17.8781,16.9371,17.1253,858.7044533895688,0
TLX,D,20230523,000000,16.9371,16.9371,15.9962,16.749,238.05668014760326,0
TLX,D,20230524,000000,17.784,17.784,17.784,17.784,10.627530363732287,0
TLX,D,20230525,000000,17.4076,17.4076,16.749,16.749,32.945344127570095,0
TLX,D,20230526,000000,16.9371,18.4427,16.749,17.4076,3023.532388481836,0
TLX,D,20230529,000000,17.4076,17.4076,16.749,17.1253,467.6113360042206,0
TLX,D,20230530,000000,18.0663,18.0663,16.4667,16.4667,20.192307691091347,0
TLX,D,20230531,000000,17.8781,17.8781,17.8781,17.8781,10.627530363732287,0
TLX,D,20230601,000000,17.8781,17.8781,16.3726,16.9371,578.1376517870364,0
TLX,D,20230602,000000,17.6899,18.3486,17.1253,18.3486,148.78542509225204,0
TLX,D,20230605,000000,18.3486,18.3486,17.1253,18.2545,40.384615382182695,0
TLX,D,20230606,000000,18.2545,18.2545,18.2545,18.2545,10.627530363732287,0
TLX,D,20230607,000000,18.0663,18.0663,16.749,16.749,885.2732792988995,0
TLX,D,20230609,000000,16.749,16.749,16.749,16.749,77.5809716552457,0
TLX,D,20230612,000000,16.749,16.749,15.9962,15.9962,305.0101214391167,0
TLX,D,20230613,000000,16.749,16.749,16.749,16.749,11.690283400105516,0
TLX,D,20230614,000000,16.749,16.749,16.749,16.749,1.0627530363732287,0
TLX,D,20230615,000000,16.6549,16.6549,16.6549,16.6549,10.627530363732287,0
TLX,D,20230616,000000,16.6549,16.749,16.6549,16.749,21.255060727464574,0
TLX,D,20230619,000000,16.749,16.749,16.749,16.749,10.627530363732287,0
TLX,D,20230620,000000,16.749,16.749,16.749,16.749,19.129554654718117,0
TLX,D,20230621,000000,16.749,16.749,16.749,16.749,10.627530363732287,0
TLX,D,20230622,000000,16.749,16.749,16.749,16.749,10.627530363732287,0
TLX,D,20230623,000000,16.749,16.749,16.749,16.749,63.76518218239373,0
TLX,D,20230626,000000,16.749,16.749,15.9962,15.9962,695.0404857880916,0
TLX,D,20230627,000000,16.749,16.749,16.749,16.749,10.627530363732287,0
TLX,D,20230628,000000,16.749,16.749,16.749,16.749,10.627530363732287,0
TLX,D,20230629,000000,16.749,16.749,16.749,16.749,10.627530363732287,0
TLX,D,20230630,000000,16.6549,16.6549,15.0552,15.0552,820.4453440801326,0
TLX,D,20230703,000000,15.5257,15.5257,15.5257,15.5257,195.5465586926741,0
TLX,D,20230704,000000,16.5608,16.5608,15.6198,15.6198,26.56882590933072,0
TLX,D,20230705,000000,15.0552,15.0552,15.0552,15.0552,83.95748987348506,0
TLX,D,20230706,000000,16.2785,16.2785,15.0552,15.0552,170.0404858197166,0
TLX,D,20230707,000000,16.3726,16.3726,15.6198,15.6198,25.50607287295749,0
TLX,D,20230710,000000,16.3726,16.3726,15.0552,15.0552,80.76923076436539,0
TLX,D,20230711,000000,16.4667,16.4667,16.4667,16.4667,19.129554654718117,0
TLX,D,20230712,000000,16.4667,16.4667,16.4667,16.4667,10.627530363732287,0
TLX,D,20230713,000000,16.4667,16.4667,14.9611,15.6198,253.99797569320165,0
TLX,D,20230714,000000,16.4667,16.4667,14.9611,14.9611,827.8846153347451,0
TLX,D,20230717,000000,14.9611,16.3726,14.9611,15.9962,1813.0566800527283,0
TLX,D,20230718,000000,16.4667,16.4667,16.4667,16.4667,1.0627530363732287,0
TLX,D,20230719,000000,16.4667,16.4667,15.9962,15.9962,145.59716598313236,0
TLX,D,20230720,000000,16.4667,16.4667,16.4667,16.4667,2.1255060727464574,0
TLX,D,20230721,000000,16.9371,16.9371,16.9371,16.9371,1.0627530363732287,0
TLX,D,20230724,000000,16.9371,16.9371,16.9371,16.9371,2.1255060727464574,0
TLX,D,20230725,000000,16.9371,16.9371,15.2434,15.3375,1314.6255059936839,0
TLX,D,20230726,000000,15.9962,16.9371,15.0552,15.0552,1208.350202356361,0
TLX,D,20230727,000000,15.0552,15.9021,15.0552,15.9021,2.1255060727464574,0
TLX,D,20230728,000000,15.9021,16.843,14.9611,14.9611,633.4008096784444,0
TLX,D,20230731,000000,13.5497,14.867,12.2324,14.867,5762.246963215646,0
TLX,D,20230801,000000,15.7139,15.7139,14.3025,14.3025,140.2834008012662,0
TLX,D,20230802,000000,14.1143,15.5257,14.1143,15.5257,195.5465586926741,0
TLX,D,20230803,000000,15.0552,15.0552,14.3966,14.3966,245.49595140221584,0
TLX,D,20230804,000000,15.0552,15.5257,15.0552,15.0552,357.0850202214049,0
TLX,D,20230807,000000,14.9611,14.9611,14.9611,14.9611,10.627530363732287,0
TLX,D,20230808,000000,14.9611,14.9611,13.832,13.832,807.6923076436539,0
TLX,D,20230809,000000,14.773,14.773,14.3025,14.3025,79.70647772799215,0
TLX,D,20230810,000000,14.773,14.773,14.773,14.773,10.627530363732287,0
TLX,D,20230811,000000,14.867,14.867,14.867,14.867,19.129554654718117,0
TLX,D,20230814,000000,14.9611,14.9611,14.0202,14.0202,106.27530363732288,0
TLX,D,20230816,000000,15.0552,15.0552,13.7379,13.832,276.31578945703944,0
TLX,D,20230817,000000,13.6438,14.867,13.6438,13.7379,1116.9534412282635,0
TLX,D,20230818,000000,13.9261,14.0202,13.4556,14.0202,574.9493926779168,0
TLX,D,20230821,000000,14.0202,14.0202,12.797,12.9851,1315.688259030057,0
TLX,D,20230822,000000,13.7379,14.0202,13.0792,13.1733,1057.4392711913626,0
TLX,D,20230823,000000,13.7379,13.7379,13.7379,13.7379,10.627530363732287,0
TLX,D,20230824,000000,13.6438,13.6438,13.6438,13.6438,10.627530363732287,0
TLX,D,20230825,000000,13.6438,13.6438,13.6438,13.6438,10.627530363732287,0
TLX,D,20230828,000000,13.1733,13.5497,13.1733,13.5497,148.78542509225204,0
TLX,D,20230829,000000,13.4556,13.4556,13.4556,13.4556,10.627530363732287,0
TLX,D,20230830,000000,13.4556,13.4556,13.4556,13.4556,10.627530363732287,0
TLX,D,20230831,000000,13.5497,13.5497,13.1733,13.1733,88.20850201897798,0
TLX,D,20230901,000000,13.3615,13.5497,13.3615,13.5497,87.14574898260476,0
TLX,D,20230904,000000,13.5497,13.5497,13.5497,13.5497,10.627530363732287,0
TLX,D,20230905,000000,13.5497,13.5497,13.1733,13.1733,177.4797570743292,0
TLX,D,20230906,000000,13.5497,13.5497,12.9851,12.9851,351.77125503953874,0
TLX,D,20230907,000000,13.4556,13.4556,13.4556,13.4556,10.627530363732287,0
TLX,D,20230908,000000,12.7029,13.1733,12.6088,12.9851,324.1396760938348,0
TLX,D,20230912,000000,13.0792,13.0792,13.0792,13.0792,10.627530363732287,0
TLX,D,20230913,000000,13.0792,13.1733,13.0792,13.1733,106.27530363732288,0
TLX,D,20230914,000000,13.1733,13.4556,13.1733,13.2674,1525.050607195583,0
TLX,D,20230915,000000,13.4556,13.4556,13.4556,13.4556,10.627530363732287,0
TLX,D,20230918,000000,13.4556,13.4556,13.4556,13.4556,10.627530363732287,0
TLX,D,20230919,000000,13.4556,13.4556,13.4556,13.4556,10.627530363732287,0
TLX,D,20230920,000000,13.4556,13.4556,13.4556,13.4556,19.129554654718117,0
TLX,D,20230921,000000,13.4556,13.4556,13.1733,13.1733,4.251012145492915,0
TLX,D,20230922,000000,13.4556,13.4556,13.4556,13.4556,78.64372469161893,0
TLX,D,20230925,000000,15.0552,15.0552,13.5497,13.7379,1389.0182185398098,0
TLX,D,20230926,000000,13.7379,15.0552,13.7379,14.773,1452.7834007222039,0
TLX,D,20230927,000000,14.773,14.773,14.2084,14.2084,21.255060727464574,0
TLX,D,20230928,000000,14.3966,14.3966,14.3966,14.3966,10.627530363732287,0
TLX,D,20230929,000000,14.3966,14.867,14.2084,14.867,1142.459514101221,0
TLX,D,20231002,000000,15.1493,15.1493,14.3025,15.0552,1072.3178137005877,0
TLX,D,20231003,000000,15.0552,15.0552,14.0202,14.0202,13.815789472851973,0
TLX,D,20231004,000000,15.0552,15.0552,15.0552,15.0552,10.627530363732287,0
TLX,D,20231005,000000,15.0552,15.0552,14.867,14.867,80.76923076436539,0
TLX,D,20231006,000000,14.9611,14.9611,14.9611,14.9611,10.627530363732287,0
TLX,D,20231009,000000,14.9611,14.9611,14.9611,14.9611,10.627530363732287,0
TLX,D,20231010,000000,14.9611,14.9611,14.9611,14.9611,10.627530363732287,0
TLX,D,20231011,000000,14.9611,14.9611,14.9611,14.9611,2.1255060727464574,0
TLX,D,20231012,000000,14.9611,15.0552,14.6789,15.0552,1316.7510120664303,0
TLX,D,20231013,000000,15.0552,15.9962,14.867,14.867,1286.99392704798,0
TLX,D,20231016,000000,15.9962,15.9962,15.9962,15.9962,10.627530363732287,0
TLX,D,20231017,000000,15.9962,15.9962,15.9962,15.9962,10.627530363732287,0
TLX,D,20231018,000000,15.9962,15.9962,15.9962,15.9962,10.627530363732287,0
TLX,D,20231019,000000,15.9962,15.9962,15.9962,15.9962,10.627530363732287,0
TLX,D,20231020,000000,15.9962,15.9962,15.9962,15.9962,10.627530363732287,0
TLX,D,20231023,000000,15.9962,15.9962,15.9962,15.9962,10.627530363732287,0
TLX,D,20231024,000000,15.9962,15.9962,15.9962,15.9962,10.627530363732287,0
TLX,D,20231025,000000,15.9962,15.9962,15.9962,15.9962,10.627530363732287,0
TLX,D,20231026,000000,15.808,15.808,15.808,15.808,10.627530363732287,0
TLX,D,20231027,000000,15.808,15.808,15.808,15.808,10.627530363732287,0
TLX,D,20231030,000000,15.808,15.808,14.3025,14.6789,543.0668015867199,0
TLX,D,20231031,000000,15.808,15.808,14.4907,14.4907,2214.777327801809,0
TLX,D,20231102,000000,15.808,15.808,14.867,15.0552,2379.504048439659,0
TLX,D,20231103,000000,15.808,15.808,15.6198,15.6198,11.690283400105516,0
TLX,D,20231106,000000,15.808,15.808,15.6198,15.6198,28.694331982077177,0
TLX,D,20231107,000000,15.808,15.808,15.808,15.808,10.627530363732287,0
TLX,D,20231108,000000,15.808,15.808,15.808,15.808,10.627530363732287,0
TLX,D,20231109,000000,15.808,15.9962,15.808,15.9962,10.627530363732287,0
TLX,D,20231110,000000,15.9962,15.9962,15.9962,15.9962,10.627530363732287,0
TLX,D,20231113,000000,15.5257,15.5257,15.5257,15.5257,10.627530363732287,0
TLX,D,20231114,000000,15.5257,15.5257,15.5257,15.5257,10.627530363732287,0
TLX,D,20231115,000000,15.4316,15.4316,15.4316,15.4316,10.627530363732287,0
TLX,D,20231116,000000,15.5257,15.5257,15.5257,15.5257,2.1255060727464574,0
TLX,D,20231117,000000,15.5257,15.9962,14.9611,15.9962,2928.9473682446182,0
TLX,D,20231120,000000,15.9021,15.9021,15.4316,15.4316,170.0404858197166,0
TLX,D,20231121,000000,15.4316,15.4316,15.4316,15.4316,10.627530363732287,0
TLX,D,20231122,000000,15.9962,15.9962,15.3375,15.3375,679.0991902424931,0
TLX,D,20231123,000000,15.9021,15.9021,15.9021,15.9021,10.627530363732287,0
TLX,D,20231124,000000,15.9021,15.9021,15.9021,15.9021,10.627530363732287,0
TLX,D,20231127,000000,15.9021,15.9021,15.9021,15.9021,10.627530363732287,0
TLX,D,20231128,000000,15.9021,15.9021,15.9021,15.9021,10.627530363732287,0
TLX,D,20231129,000000,15.9021,15.9021,15.9021,15.9021,10.627530363732287,0
TLX,D,20231130,000000,15.9021,15.9021,15.9021,15.9021,10.627530363732287,0
TLX,D,20231201,000000,15.9021,15.9021,15.9021,15.9021,10.627530363732287,0
TLX,D,20231204,000000,15.5257,15.5257,15.5257,15.5257,74.39271254612602,0
TLX,D,20231205,000000,15.5257,15.5257,15.5257,15.5257,10.627530363732287,0
TLX,D,20231206,000000,15.5257,15.9021,14.9611,14.9611,363.46153843964424,0
TLX,D,20231207,000000,13.5497,14.1143,13.5497,14.1143,388.9676113126017,0
TLX,D,20231208,000000,14.1143,14.1143,14.1143,14.1143,5.3137651818661435,0
TLX,D,20231211,000000,15.4316,15.4316,14.4907,14.4907,28.694331982077177,0
TLX,D,20231212,000000,15.808,15.808,14.5848,15.808,821.5080971165058,0
TLX,D,20231213,000000,15.9021,15.9021,15.9021,15.9021,10.627530363732287,0
TLX,D,20231214,000000,15.9021,15.9021,15.9021,15.9021,10.627530363732287,0
TLX,D,20231215,000000,15.9962,15.9962,15.9962,15.9962,10.627530363732287,0
TLX,D,20231218,000000,15.9962,15.9962,15.9962,15.9962,10.627530363732287,0
TLX,D,20231219,000000,15.9962,15.9962,15.9962,15.9962,10.627530363732287,0
TLX,D,20231220,000000,15.9962,15.9962,15.9962,15.9962,10.627530363732287,0
TLX,D,20231221,000000,15.9962,15.9962,15.9962,15.9962,10.627530363732287,0
TLX,D,20231222,000000,15.9962,15.9962,15.9962,15.9962,10.627530363732287,0
TLX,D,20231227,000000,15.9962,15.9962,15.9962,15.9962,10.627530363732287,0
TLX,D,20231228,000000,15.9962,15.9962,15.9962,15.9962,10.627530363732287,0
TLX,D,20231229,000000,15.9962,15.9962,15.9962,15.9962,10.627530363732287,0
TLX,D,20240102,000000,15.9962,15.9962,15.9962,15.9962,10.627530363732287,0
TLX,D,20240103,000000,15.9021,15.9021,14.3966,14.3966,552.6315789140789,0
TLX,D,20240104,000000,14.4907,14.773,14.4907,14.773,730.1113359884082,0
TLX,D,20240105,000000,15.2434,15.2434,15.2434,15.2434,191.29554654718115,0
TLX,D,20240108,000000,15.808,15.808,14.4907,14.4907,365.5870445123907,0
TLX,D,20240109,000000,14.4907,15.1493,14.4907,15.1493,3.188259109119686,0
TLX,D,20240110,000000,15.808,15.808,15.1493,15.1493,435.7287449130238,0
TLX,D,20240111,000000,15.7139,15.7139,15.7139,15.7139,10.627530363732287,0
TLX,D,20240112,000000,14.5848,14.6789,14.5848,14.6789,498.4311740590443,0
TLX,D,20240115,000000,15.5257,15.5257,15.2434,15.2434,12.753036436478745,0
TLX,D,20240116,000000,15.5257,15.7139,15.0552,15.0552,307.1356275118631,0
TLX,D,20240117,000000,15.808,15.808,15.2434,15.2434,666.3461538060144,0
TLX,D,20240118,000000,15.808,15.808,15.808,15.808,2.1255060727464574,0
TLX,D,20240119,000000,15.808,15.808,15.808,15.808,4.251012145492915,0
TLX,D,20240122,000000,15.808,15.808,15.1493,15.1493,95.64777327359057,0
TLX,D,20240123,000000,15.808,15.808,15.2434,15.2434,298.63360322087726,0
TLX,D,20240124,000000,15.808,15.808,15.2434,15.2434,252.93522265682844,0
TLX,D,20240125,000000,15.808,16.4667,15.808,16.4667,2318.9271253663856,0
TLX,D,20240126,000000,16.4667,16.4667,15.808,15.808,663.1578946968948,0
TLX,D,20240129,000000,16.843,16.843,15.9962,15.9962,1245.5465586294242,0
TLX,D,20240130,000000,16.843,17.4076,15.9962,15.9962,1630.2631577965328,0
TLX,D,20240131,000000,16.9371,16.9371,16.9371,16.9371,10.627530363732287,0
TLX,D,20240201,000000,16.9371,16.9371,16.9371,16.9371,10.627530363732287,0
TLX,D,20240202,000000,16.9371,16.9371,16.3726,16.3726,3.188259109119686,0
TLX,D,20240205,000000,16.9371,16.9371,16.9371,16.9371,10.627530363732287,0
TLX,D,20240206,000000,16.4667,16.4667,16.3726,16.3726,19.129554654718117,0
TLX,D,20240207,000000,16.9371,16.9371,16.9371,16.9371,10.627530363732287,0
TLX,D,20240208,000000,16.9371,16.9371,16.3726,16.4667,68.01619432788664,0
TLX,D,20240209,000000,16.4667,16.4667,16.4667,16.4667,10.627530363732287,0
TLX,D,20240212,000000,16.4667,16.4667,15.808,15.808,138.15789472851972,0
TLX,D,20240213,000000,16.4667,16.4667,16.4667,16.4667,542.0040485503467,0
TLX,D,20240214,000000,16.4667,16.4667,15.6198,16.4667,656.7813764786554,0
TLX,D,20240215,000000,16.4667,16.4667,16.4667,16.4667,10.627530363732287,0
TLX,D,20240216,000000,15.808,15.808,15.808,15.808,10.627530363732287,0
TLX,D,20240219,000000,16.4667,16.4667,15.5257,15.5257,648.2793521876696,0
TLX,D,20240220,000000,16.4667,16.4667,15.808,15.808,12.753036436478745,0
TLX,D,20240221,000000,16.3726,16.3726,16.3726,16.3726,10.627530363732287,0
TLX,D,20240222,000000,16.3726,16.3726,16.3726,16.3726,4.251012145492915,0
TLX,D,20240223,000000,16.3726,16.3726,16.3726,16.3726,10.627530363732287,0
TLX,D,20240226,000000,15.0552,15.7139,15.0552,15.7139,298.63360322087726,0
TLX,D,20240227,000000,16.3726,16.3726,16.3726,16.3726,10.627530363732287,0
TLX,D,20240228,000000,16.3726,16.3726,15.808,15.808,42.51012145492915,0
TLX,D,20240229,000000,16.3726,16.3726,15.808,15.808,74.39271254612602,0
TLX,D,20240301,000000,16.3726,16.3726,16.3726,16.3726,9.564777327359058,0
TLX,D,20240304,000000,16.3726,16.3726,16.3726,16.3726,10.627530363732287,0
TLX,D,20240305,000000,16.3726,16.3726,16.3726,16.3726,10.627530363732287,0
TLX,D,20240306,000000,16.3726,16.3726,16.3726,16.3726,11.690283400105516,0
TLX,D,20240307,000000,16.3726,16.3726,16.3726,16.3726,17.00404858197166,0
TLX,D,20240308,000000,16.3726,16.3726,15.7139,15.7139,6.376518218239372,0
TLX,D,20240311,000000,15.9962,15.9962,15.808,15.808,87.14574898260476,0
TLX,D,20240312,000000,16.3726,16.3726,14.773,15.1493,1231.730769156572,0
TLX,D,20240313,000000,14.5848,14.5848,14.5848,14.5848,100.96153845545673,0
TLX,D,20240314,000000,15.0552,15.1493,15.0552,15.1493,76.51821861887247,0
TLX,D,20240315,000000,16.3726,16.3726,15.2434,15.2434,8.50202429098583,0
TLX,D,20240318,000000,16.4667,16.4667,15.2434,15.2434,14.878542509225204,0
TLX,D,20240319,000000,16.4667,16.4667,15.2434,15.2434,3.188259109119686,0
TLX,D,20240320,000000,16.3726,16.3726,14.5848,14.5848,18.066801618344886,0
TLX,D,20240321,000000,16.3726,16.3726,15.2434,15.2434,17.00404858197166,0
TLX,D,20240322,000000,15.0552,15.0552,15.0552,15.0552,2.1255060727464574,0
TLX,D,20240325,000000,16.3726,16.3726,15.1493,15.2434,81.83198380073861,0
TLX,D,20240326,000000,16.3726,16.3726,15.2434,15.2434,17.00404858197166,0
TLX,D,20240327,000000,16.3726,16.3726,14.773,14.773,273.1275303479198,0
TLX,D,20240328,000000,14.5848,14.5848,14.5848,14.5848,10.627530363732287,0
TLX,D,20240402,000000,14.5848,14.5848,14.5848,14.5848,10.627530363732287,0
TLX,D,20240403,000000,15.808,15.808,14.5848,14.5848,143.47165991038588,0
TLX,D,20240404,000000,15.808,15.808,15.1493,15.808,1073.3805667369609,0
TLX,D,20240405,000000,15.7139,15.7139,15.7139,15.7139,128.59311740116067,0
TLX,D,20240408,000000,16.4667,16.4667,15.0552,15.1493,2098.9372468371266,0
TLX,D,20240409,000000,15.7139,15.7139,15.1493,15.7139,35.07085020031655,0
TLX,D,20240410,000000,16.4667,16.4667,16.4667,16.4667,10.627530363732287,0
TLX,D,20240411,000000,16.3726,16.3726,16.3726,16.3726,10.627530363732287,0
TLX,D,20240412,000000,16.3726,16.3726,15.0552,15.0552,329.45344127570087,0
TLX,D,20240415,000000,16.2785,16.2785,15.808,15.808,116.90283400105515,0
TLX,D,20240416,000000,15.7139,15.7139,15.7139,15.7139,10.627530363732287,0
TLX,D,20240417,000000,15.5257,15.5257,15.5257,15.5257,8.50202429098583,0
TLX,D,20240418,000000,15.5257,15.6198,15.5257,15.6198,129.6558704375339,0
TLX,D,20240419,000000,16.1844,16.1844,16.1844,16.1844,10.627530363732287,0
TLX,D,20240422,000000,16.1844,16.1844,16.1844,16.1844,10.627530363732287,0
TLX,D,20240423,000000,16.1844,16.1844,16.1844,16.1844,2.1255060727464574,0
TLX,D,20240424,000000,16.1844,16.1844,16.1844,16.1844,10.627530363732287,0
TLX,D,20240425,000000,16.1844,16.1844,16.1844,16.1844,2.1255060727464574,0
TLX,D,20240426,000000,16.1844,16.1844,16.1844,16.1844,2.1255060727464574,0
TLX,D,20240429,000000,16.1844,16.1844,16.1844,16.1844,10.627530363732287,0
TLX,D,20240430,000000,16.1844,16.1844,16.1844,16.1844,2.1255060727464574,0
TLX,D,20240502,000000,16.1844,16.1844,16.1844,16.1844,10.627530363732287,0
TLX,D,20240506,000000,16.1844,16.1844,16.1844,16.1844,1.0627530363732287,0
TLX,D,20240507,000000,16.1844,16.1844,16.1844,16.1844,10.627530363732287,0
TLX,D,20240508,000000,16.1844,16.1844,16.1844,16.1844,10.627530363732287,0
TLX,D,20240509,000000,15.9962,15.9962,15.1493,15.1493,214.6761133473922,0
TLX,D,20240510,000000,15.7139,16.1844,15.7139,15.9962,15374.848177211197,0
TLX,D,20240513,000000,16.4667,16.4667,16.4667,16.4667,10.627530363732287,0
TLX,D,20240514,000000,15.9962,15.9962,15.9962,15.9962,10.627530363732287,0
TLX,D,20240515,000000,16.4667,16.4667,16.4667,16.4667,10.627530363732287,0
TLX,D,20240516,000000,16.0903,16.4667,15.9962,16.2785,119.02834007380163,0
TLX,D,20240517,000000,16.4667,16.9371,16.2785,16.9371,1114.827935155517,0
TLX,D,20240520,000000,16.9371,16.9371,16.2785,16.2785,658.9068825514017,0
TLX,D,20240521,000000,16.9371,16.9371,15.9962,15.9962,10.627530363732287,0
TLX,D,20240522,000000,16.9371,16.9371,16.9371,16.9371,10.627530363732287,0
TLX,D,20240523,000000,16.4667,16.4667,15.4316,16.1844,15.941295545598432,0
TLX,D,20240524,000000,16.4667,16.4667,15.9962,15.9962,11.690283400105516,0
TLX,D,20240527,000000,16.4667,16.4667,15.808,15.808,17.00404858197166,0
TLX,D,20240528,000000,16.4667,16.4667,16.1844,16.1844,329.45344127570087,0
TLX,D,20240529,000000,15.9962,15.9962,15.9962,15.9962,10.627530363732287,0
TLX,D,20240531,000000,15.808,15.808,15.808,15.808,47.82388663679529,0
TLX,D,20240603,000000,15.808,15.808,15.6198,15.6198,85.0202429098583,0
TLX,D,20240604,000000,15.808,15.808,15.808,15.808,47.82388663679529,0
TLX,D,20240605,000000,15.9962,15.9962,15.9962,15.9962,214.6761133473922,0
TLX,D,20240606,000000,15.9962,15.9962,15.9962,15.9962,195.5465586926741,0
TLX,D,20240607,000000,15.6198,16.1844,15.6198,16.1844,1285.9311740116068,0
TLX,D,20240610,000000,16.1844,16.1844,16.1844,16.1844,116.90283400105515,0
TLX,D,20240611,000000,16.1844,16.1844,15.9962,15.9962,28.694331982077177,0
TLX,D,20240612,000000,16.1844,16.1844,16.1844,16.1844,36.13360323668977,0
TLX,D,20240613,000000,16.1844,16.9371,16.1844,16.9371,9.564777327359058,0
TLX,D,20240614,000000,16.9371,16.9371,16.9371,16.9371,10.627530363732287,0
TLX,D,20240617,000000,16.9371,16.9371,16.3726,16.3726,309.2611335846095,0
TLX,D,20240618,000000,16.9371,16.9371,16.5608,16.843,917.1558703900964,0
TLX,D,20240619,000000,16.843,16.843,16.843,16.843,79.70647772799215,0
TLX,D,20240620,000000,16.9371,16.9371,16.9371,16.9371,12.753036436478745,0
TLX,D,20240621,000000,17.8286,17.8286,16.64,16.64,541.1538461456,0
TLX,D,20240624,000000,16.64,16.64,16.0457,16.0457,783.4615384496,0
TLX,D,20240625,000000,16.0457,16.64,16.0457,16.64,6.0576923076,0
TLX,D,20240626,000000,17.3333,17.3333,16.64,16.64,102.9807692292,0
TLX,D,20240627,000000,16.8381,16.8381,16.8381,16.8381,10.096153846,0
TLX,D,20240628,000000,16.8381,17.0362,16.3429,16.3429,57.548076922199996,0
TLX,D,20240701,000000,16.8381,16.8381,16.8381,16.8381,10.096153846,0
TLX,D,20240702,000000,16.8381,16.8381,16.2438,16.2438,45.432692306999996,0
TLX,D,20240703,000000,16.8381,16.8381,16.3429,16.3429,121.153846152,0
TLX,D,20240704,000000,15.9467,16.739,15.9467,16.739,297.836538457,0
TLX,D,20240705,000000,16.8381,16.8381,16.8381,16.8381,10.096153846,0
TLX,D,20240708,000000,17.3333,17.3333,17.3333,17.3333,4.0384615384,0
TLX,D,20240709,000000,17.3333,17.3333,16.2438,16.2438,167.5961538436,0
TLX,D,20240710,000000,17.2343,17.8286,16.9371,17.8286,935.9134615242,0
TLX,D,20240711,000000,17.8286,17.8286,17.8286,17.8286,1248.8942307502,0
TLX,D,20240712,000000,17.8286,17.8286,17.8286,17.8286,289.7596153802,0
TLX,D,20240715,000000,17.8286,17.8286,17.8286,17.8286,10.096153846,0
TLX,D,20240716,000000,17.8286,17.8286,17.4324,17.4324,163.5576923052,0
TLX,D,20240717,000000,17.8286,17.8286,17.8286,17.8286,10.096153846,0
TLX,D,20240718,000000,17.8286,17.8286,17.3333,17.3333,14.1346153844,0
TLX,D,20240719,000000,17.7295,17.8286,17.7295,17.8286,208.9903846122,0
TLX,D,20240722,000000,17.8286,17.8286,17.8286,17.8286,6.0576923076,0
TLX,D,20240723,000000,17.8286,17.8286,17.8286,17.8286,17.1634615382,0
TLX,D,20240724,000000,17.8286,17.8286,17.8286,17.8286,1.0096153846,0
TLX,D,20240725,000000,17.8286,17.8286,17.8286,17.8286,1.0096153846,0
TLX,D,20240726,000000,17.8286,17.8286,16.8381,17.7295,631.009615375,0
TLX,D,20240729,000000,17.7295,17.7295,16.9371,17.7295,608.7980769138,0
TLX,D,20240730,000000,17.7295,17.7295,17.7295,17.7295,2.0192307692,0
TLX,D,20240731,000000,17.7295,17.7295,17.7295,17.7295,1.0096153846,0
TLX,D,20240801,000000,17.7295,17.7295,17.7295,17.7295,1.0096153846,0
TLX,D,20240802,000000,17.7295,17.7295,17.7295,17.7295,1.0096153846,0
TLX,D,20240805,000000,17.3333,17.3333,17.3333,17.3333,161.538461536,0
TLX,D,20240806,000000,17.3333,17.3333,17.3333,17.3333,66.63461538359999,0
TLX,D,20240807,000000,17.3333,18.2248,17.3333,18.2248,10.096153846,0
TLX,D,20240808,000000,18.1257,18.1257,18.1257,18.1257,10.096153846,0
TLX,D,20240809,000000,18.1257,19.8095,17.6305,19.8095,3899.1346153252,0
TLX,D,20240812,000000,19.6114,19.7105,19.0171,19.0171,237.259615381,0
TLX,D,20240813,000000,19.7105,19.7105,19.6114,19.6114,15.144230769,0
TLX,D,20240814,000000,19.6114,19.6114,19.0171,19.6114,680.4807692204,0
TLX,D,20240816,000000,19.6114,19.6114,19.6114,19.6114,10.096153846,0
TLX,D,20240819,000000,19.6114,19.6114,19.6114,19.6114,10.096153846,0
TLX,D,20240820,000000,19.6114,19.6114,19.6114,19.6114,10.096153846,0
TLX,D,20240821,000000,19.6114,19.6114,19.6114,19.6114,10.096153846,0
TLX,D,20240822,000000,19.6114,19.6114,19.6114,19.6114,10.096153846,0
TLX,D,20240823,000000,19.6114,19.6114,19.6114,19.6114,10.096153846,0
TLX,D,20240826,000000,19.6114,19.6114,18.9181,18.9181,1474.038461516,0
TLX,D,20240827,000000,18.9181,19.6114,18.9181,19.6114,1144.9038461364,0
TLX,D,20240828,000000,18.72,18.9181,18.72,18.819,47.4519230762,0
TLX,D,20240829,000000,19.5124,19.6114,19.5124,19.6114,411.9230769168,0
TLX,D,20240830,000000,19.6114,19.6114,19.6114,19.6114,11.1057692306,0
TLX,D,20240902,000000,19.6114,19.6114,19.6114,19.6114,312.980769226,0
TLX,D,20240903,000000,19.6114,19.6114,19.6114,19.6114,716.826923066,0
TLX,D,20240904,000000,19.6114,19.6114,19.6114,19.6114,23.2211538458,0
TLX,D,20240905,000000,19.6114,19.6114,18.819,18.819,38.3653846148,0
TLX,D,20240906,000000,19.4133,19.6114,17.9276,19.6114,1572.9807692068,0
TLX,D,20240909,000000,19.5124,19.6114,19.5124,19.6114,31.2980769226,0
TLX,D,20240910,000000,19.6114,19.6114,19.6114,19.6114,22.2115384612,0
TLX,D,20240911,000000,19.6114,19.6114,19.0171,19.6114,17.1634615382,0
TLX,D,20240912,000000,19.6114,19.6114,18.9181,18.9181,6.0576923076,0
TLX,D,20240913,000000,19.6114,19.6114,19.6114,19.6114,1.0096153846,0
TLX,D,20240916,000000,19.5124,19.6114,19.5124,19.6114,10.096153846,0
TLX,D,20240917,000000,19.6114,19.6114,19.6114,19.6114,10.096153846,0
TLX,D,20240918,000000,19.6114,19.6114,19.6114,19.6114,10.096153846,0
TLX,D,20240919,000000,19.6114,19.6114,19.0171,19.6114,13.1249999998,0
TLX,D,20240920,000000,19.5124,19.6114,18.9181,18.9181,746.1057692194,0
TLX,D,20240923,000000,19.3143,19.3143,18.9181,18.9181,521.9711538382,0
TLX,D,20240924,000000,19.3143,19.6114,19.2152,19.5124,331.15384614879997,0
TLX,D,20240925,000000,19.4133,19.4133,19.4133,19.4133,10.096153846,0
TLX,D,20240926,000000,19.4133,19.4133,19.4133,19.4133,10.096153846,0
TLX,D,20240927,000000,19.4133,19.4133,19.4133,19.4133,2.0192307692,0
TLX,D,20240930,000000,19.6114,19.6114,19.6114,19.6114,10.096153846,0
TLX,D,20241001,000000,19.0171,19.0171,19.0171,19.0171,10.096153846,0
TLX,D,20241002,000000,19.0171,19.0171,19.0171,19.0171,288.7499999956,0
TLX,D,20241003,000000,19.2152,19.2152,18.621,18.621,36.3461538456,0
TLX,D,20241004,000000,19.1162,19.2152,19.1162,19.2152,10.096153846,0
TLX,D,20241007,000000,19.2152,19.2152,19.2152,19.2152,111.057692306,0
TLX,D,20241008,000000,19.2152,19.2152,19.2152,19.2152,16.1538461536,0
TLX,D,20241009,000000,19.2152,19.2152,18.621,18.72,28.2692307688,0
TLX,D,20241010,000000,18.621,19.2152,18.621,19.2152,37.355769230199996,0
TLX,D,20241011,000000,19.2152,19.2152,19.2152,19.2152,10.096153846,0
TLX,D,20241014,000000,19.2152,19.2152,19.2152,19.2152,10.096153846,0
TLX,D,20241015,000000,19.2152,19.2152,19.2152,19.2152,10.096153846,0
TLX,D,20241016,000000,19.2152,19.2152,19.2152,19.2152,10.096153846,0
TLX,D,20241017,000000,19.2152,19.2152,19.2152,19.2152,2.0192307692,0
TLX,D,20241018,000000,19.2152,19.2152,19.2152,19.2152,10.096153846,0
TLX,D,20241021,000000,19.2152,19.2152,18.72,18.72,16.1538461536,0
TLX,D,20241022,000000,19.2152,19.2152,19.2152,19.2152,10.096153846,0
TLX,D,20241023,000000,19.2152,19.2152,19.2152,19.2152,10.096153846,0
TLX,D,20241024,000000,19.2152,19.2152,19.2152,19.2152,10.096153846,0
TLX,D,20241025,000000,19.2152,19.2152,19.2152,19.2152,1.0096153846,0
TLX,D,20241028,000000,19.2152,19.2152,18.621,18.621,20.192307692,0
TLX,D,20241029,000000,19.2152,19.2152,19.2152,19.2152,10.096153846,0
TLX,D,20241030,000000,19.2152,19.2152,18.621,18.621,147.4038461516,0
TLX,D,20241031,000000,19.1162,19.1162,19.1162,19.1162,10.096153846,0
TLX,D,20241104,000000,19.1162,19.1162,19.1162,19.1162,10.096153846,0
TLX,D,20241105,000000,19.0171,19.1162,19.0171,19.1162,16.1538461536,0
TLX,D,20241106,000000,18.9181,18.9181,18.9181,18.9181,3.0288461538,0
TLX,D,20241107,000000,18.9181,18.9181,18.621,18.621,94.9038461524,0
TLX,D,20241108,000000,18.819,18.819,18.819,18.819,1.0096153846,0
TLX,D,20241112,000000,18.819,19.0171,18.2248,19.0171,148.4134615362,0
TLX,D,20241113,000000,19.0171,19.0171,19.0171,19.0171,10.096153846,0
TLX,D,20241114,000000,19.0171,19.0171,19.0171,19.0171,10.096153846,0
TLX,D,20241115,000000,19.0171,19.0171,19.0171,19.0171,10.096153846,0
TLX,D,20241118,000000,19.0171,19.0171,19.0171,19.0171,21.2019230766,0
TLX,D,20241119,000000,19.0171,19.0171,19.0171,19.0171,10.096153846,0
TLX,D,20241120,000000,19.0171,19.0171,19.0171,19.0171,10.096153846,0
TLX,D,20241121,000000,19.0171,19.0171,19.0171,19.0171,10.096153846,0
TLX,D,20241122,000000,19.0171,19.0171,19.0171,19.0171,111.057692306,0
TLX,D,20241125,000000,19.0171,19.0171,19.0171,19.0171,1177.2115384436,0
TLX,D,20241126,000000,19.0171,19.0171,19.0171,19.0171,298.84615384159997,0
TLX,D,20241127,000000,19.0171,19.0171,18.9181,18.9181,90.86538461399999,0
TLX,D,20241128,000000,19.0171,19.0171,19.0171,19.0171,10.096153846,0
TLX,D,20241129,000000,18.819,18.819,18.819,18.819,10.096153846,0
TLX,D,20241202,000000,18.819,18.819,18.819,18.819,10.096153846,0
TLX,D,20241203,000000,18.819,18.819,18.5219,18.5219,103.9903846138,0
TLX,D,20241204,000000,18.72,18.72,18.72,18.72,10.096153846,0
TLX,D,20241205,000000,18.72,18.72,18.72,18.72,10.096153846,0
TLX,D,20241206,000000,18.72,18.72,18.72,18.72,10.096153846,0
TLX,D,20241209,000000,18.72,18.72,18.72,18.72,10.096153846,0
TLX,D,20241210,000000,18.72,18.72,18.72,18.72,10.096153846,0
TLX,D,20241211,000000,18.72,18.72,18.4229,18.4229,60.576923076,0
TLX,D,20241212,000000,18.72,18.72,18.72,18.72,275.6249999958,0
TLX,D,20241216,000000,18.72,18.72,18.3238,18.72,354.3749999946,0
TLX,D,20241217,000000,18.72,18.72,18.72,18.72,513.8942307614,0
TLX,D,20241218,000000,18.72,18.72,18.72,18.72,2034.374999969,0
TLX,D,20241219,000000,18.621,18.621,18.621,18.621,1019.711538446,0
TLX,D,20241220,000000,18.621,18.621,18.621,18.621,379.6153846096,0
TLX,D,20241223,000000,18.621,18.621,18.621,18.621,161.538461536,0
TLX,D,20241227,000000,18.621,20.4038,18.621,19.8095,12562.6442305778,0
TLX,D,20241230,000000,19.7105,20.2057,18.819,18.819,8800.8173075582,0
TLX,D,20250102,000000,19.3143,19.7105,17.8286,19.1162,1417.4999999784,0
TLX,D,20250103,000000,19.1162,19.1162,19.1162,19.1162,78.7499999988,0
TLX,D,20250107,000000,19.8095,19.8095,19.2152,19.2152,11.1057692306,0
TLX,D,20250108,000000,19.8095,19.8095,19.8095,19.8095,10.096153846,0
TLX,D,20250109,000000,19.8095,19.8095,19.8095,19.8095,10.096153846,0
TLX,D,20250110,000000,19.6114,19.6114,19.2152,19.2152,36.3461538456,0
TLX,D,20250113,000000,17.8286,18.5219,17.8286,18.5219,1054.0384615224,0
TLX,D,20250114,000000,19.1162,19.1162,18.5219,18.5219,25.240384615,0
TLX,D,20250115,000000,19.1162,19.1162,18.5219,18.5219,66.63461538359999,0
TLX,D,20250116,000000,19.1162,19.1162,19.1162,19.1162,7.0673076922,0
TLX,D,20250117,000000,19.1162,19.1162,19.1162,19.1162,1.0096153846,0
TLX,D,20250120,000000,19.1162,19.1162,19.1162,19.1162,11.1057692306,0
TLX,D,20250121,000000,19.1162,19.1162,19.1162,19.1162,10.096153846,0
TLX,D,20250122,000000,19.1162,19.1162,19.1162,19.1162,21.2019230766,0
TLX,D,20250123,000000,19.1162,19.1162,18.5219,18.5219,20.192307692,0
TLX,D,20250124,000000,19.1162,19.1162,18.5219,18.5219,52.4999999992,0
TLX,D,20250127,000000,19.1162,19.1162,18.5219,18.5219,116.105769229,0
TLX,D,20250128,000000,19.1162,19.1162,19.1162,19.1162,10.096153846,0
TLX,D,20250129,000000,19.1162,19.3143,18.3238,18.3238,1387.2115384404,0
TLX,D,20250130,000000,19.0171,20.0076,18.72,20.0076,2892.548076879,0
TLX,D,20250131,000000,20.0076,20.0076,19.6114,20.0076,607.7884615292,0
TLX,D,20250203,000000,19.8095,20.0076,19.1162,19.8095,435.1442307626,0
TLX,D,20250204,000000,19.6114,19.6114,19.6114,19.6114,271.5865384574,0
TLX,D,20250205,000000,19.8095,19.8095,19.7105,19.7105,124.1826923058,0
TLX,D,20250206,000000,19.8095,21.5924,19.6114,20.0076,3139.903846106,0
TLX,D,20250207,000000,20.0076,21.9886,20.0076,21.9886,1320.5769230568,0
TLX,D,20250210,000000,21.9886,23.5733,20.9981,23.5733,1208.5096153662,0
TLX,D,20250211,000000,23.5733,24.7619,23.1771,23.1771,1236.778846135,0
TLX,D,20250212,000000,24.1676,24.1676,23.7714,23.9695,195.8653846124,0
TLX,D,20250213,000000,24.1676,24.1676,23.9695,23.9695,20.192307692,0
TLX,D,20250214,000000,23.7714,23.7714,23.7714,23.7714,10.096153846,0
TLX,D,20250217,000000,23.7714,24.1676,21.9886,24.1676,1911.2019230478,0
TLX,D,20250218,000000,22.1867,23.3752,22.1867,22.5829,626.9711538366,0
TLX,D,20250219,000000,22.781,22.781,22.781,22.781,58.5576923068,0
TLX,D,20250220,000000,22.5829,22.979,22.1867,22.979,109.0384615368,0
TLX,D,20250221,000000,22.1867,22.1867,22.1867,22.1867,10.096153846,0
TLX,D,20250224,000000,22.3848,22.3848,22.3848,22.3848,10.096153846,0
TLX,D,20250225,000000,23.7714,23.7714,22.1867,22.979,107.01923076759999,0
TLX,D,20250226,000000,23.7714,23.9695,22.979,23.5733,554.2788461454,0
TLX,D,20250227,000000,23.9695,23.9695,22.5829,23.5733,121.153846152,0
TLX,D,20250228,000000,23.9695,23.9695,23.5733,23.5733,24.2307692304,0
TLX,D,20250303,000000,23.9695,23.9695,23.5733,23.5733,20.192307692,0
TLX,D,20250304,000000,23.9695,23.9695,23.9695,23.9695,111.057692306,0
TLX,D,20250305,000000,23.7714,23.7714,23.5733,23.5733,268.5576923036,0
TLX,D,20250306,000000,23.5733,23.5733,22.781,22.781,40.384615384,0
TLX,D,20250307,000000,22.979,22.979,22.979,22.979,10.096153846,0
TLX,D,20250310,000000,22.5829,22.5829,21.9886,21.9886,395.76923076319997,0
TLX,D,20250311,000000,22.5829,23.7714,22.5829,23.7714,514.903846146,0
TLX,D,20250312,000000,22.979,23.1771,22.979,23.1771,123.17307692119999,0
TLX,D,20250313,000000,22.781,22.979,22.3848,22.979,167.5961538436,0
TLX,D,20250314,000000,23.3752,23.3752,23.3752,23.3752,31.2980769226,0
TLX,D,20250317,000000,23.3752,23.7714,23.3752,23.7714,2942.0192307244,0
TLX,D,20250318,000000,23.7714,23.7714,23.7714,23.7714,10.096153846,0
TLX,D,20250319,000000,23.7714,23.9695,23.7714,23.9695,405.8653846092,0
TLX,D,20250320,000000,23.7714,23.7714,23.1771,23.5733,547.2115384532,0
TLX,D,20250321,000000,22.781,23.5733,22.5829,23.5733,524.999999992,0
TLX,D,20250324,000000,23.7714,23.7714,23.7714,23.7714,10.096153846,0
TLX,D,20250325,000000,23.7714,23.7714,21.9886,22.979,113.0769230752,0
TLX,D,20250326,000000,23.7714,23.7714,21.9886,22.781,700.6730769124,0
TLX,D,20250327,000000,22.781,22.781,21.7905,22.1867,613.8461538368,0
TLX,D,20250328,000000,23.5733,23.5733,23.5733,23.5733,10.096153846,0
TLX,D,20250331,000000,22.1867,22.1867,22.1867,22.1867,14.1346153844,0
TLX,D,20250401,000000,23.5733,23.5733,23.5733,23.5733,12.1153846152,0
TLX,D,20250402,000000,21.5924,21.5924,21.5924,21.5924,34.3269230764,0
TLX,D,20250403,000000,23.5733,23.5733,23.5733,23.5733,10.096153846,0
TLX,D,20250404,000000,23.5733,23.5733,21.3943,21.3943,106.009615383,0
TLX,D,20250407,000000,21.3943,23.1771,20.6019,20.9981,662.3076922975999,0
TLX,D,20250408,000000,21.1962,21.1962,20.9981,20.9981,364.4711538406,0
TLX,D,20250409,000000,21.1962,21.3943,21.1962,21.3943,30.288461538,0
TLX,D,20250410,000000,23.1771,23.7714,21.3943,21.3943,272.596153842,0
TLX,D,20250411,000000,23.5733,23.5733,21.3943,21.3943,30.288461538,0
TLX,D,20250414,000000,20.4038,21.3943,20.4038,21.3943,645.1442307594,0
TLX,D,20250415,000000,22.5829,23.3752,20.4038,20.4038,693.6057692202,0
TLX,D,20250416,000000,21.1962,21.1962,19.4133,19.7105,1090.384615368,0
TLX,D,20250417,000000,19.7105,20.8,19.7105,19.7105,1052.0192307532,0
TLX,D,20250422,000000,19.6114,19.6114,19.6114,19.6114,10.096153846,0
TLX,D,20250423,000000,19.3143,21.1962,19.3143,20.2057,756.2019230654,0
TLX,D,20250424,000000,20.4038,20.6019,20.4038,20.6019,11.1057692306,0
TLX,D,20250425,000000,22.3848,22.3848,20.6019,20.8,161.538461536,0
TLX,D,20250429,000000,22.3848,22.5829,22.3848,22.5829,261.4903846114,0
TLX,D,20250430,000000,22.781,22.781,22.781,22.781,10.096153846,0
TLX,D,20250502,000000,22.781,22.781,21.7905,21.7905,374.5673076866,0
TLX,D,20250505,000000,23.5733,23.5733,21.3943,22.1867,1255.9615384424,0
TLX,D,20250506,000000,22.5829,22.5829,20.6019,20.6019,1029.807692292,0
TLX,D,20250507,000000,20.8,21.1962,20.8,21.1962,308.9423076876,0
TLX,D,20250508,000000,20.8,21.1962,20.8,21.1962,48.4615384608,0
TLX,D,20250509,000000,21.1962,21.3943,21.1962,21.3943,101.9711538446,0
TLX,D,20250512,000000,21.3943,21.3943,20.2057,20.8,1625.480769206,0
TLX,D,20250513,000000,22.1867,22.1867,20.8,20.8,32.3076923072,0
TLX,D,20250514,000000,20.8,20.8,20.8,20.8,2.0192307692,0
TLX,D,20250515,000000,20.6019,20.8,19.8095,20.0076,579.5192307604,0
TLX,D,20250516,000000,20.0076,20.4038,19.8095,20.4038,521.9711538382,0
TLX,D,20250519,000000,20.0076,21.9886,20.0076,20.4038,75.721153845,0
TLX,D,20250520,000000,20.4038,22.1867,19.4133,22.1867,1661.8269230516,0
TLX,D,20250521,000000,20.6019,20.6019,19.5124,20.6019,56.5384615376,0
TLX,D,20250522,000000,21.7905,21.7905,19.7105,19.7105,932.8846153704,0
TLX,D,20250523,000000,19.8095,21.3943,19.8095,21.3943,104.9999999984,0
TLX,D,20250526,000000,21.3943,21.3943,21.3943,21.3943,10.096153846,0
TLX,D,20250527,000000,20.8,21.9886,20.0076,21.9886,1019.711538446,0
TLX,D,20250528,000000,21.3943,21.3943,20.8,20.8,38.3653846148,0
TLX,D,20250529,000000,21.3943,21.3943,21.3943,21.3943,10.096153846,0
TLX,D,20250530,000000,21.1962,21.1962,19.8095,20.2057,5964.8076922168,0
TLX,D,20250602,000000,19.7105,20.2057,19.3143,20.2057,728.9423076812,0
TLX,D,20250603,000000,20.0076,20.0076,20.0076,20.0076,10.096153846,0
TLX,D,20250604,000000,20.4038,20.4038,20.0076,20.0076,413.942307686,0
TLX,D,20250605,000000,20.2057,21.7905,19.5124,20.6019,1233.7499999812,0
TLX,D,20250606,000000,21.3943,21.3943,21.3943,21.3943,10.096153846,0
TLX,D,20250609,000000,21.5924,22.5829,21.1962,21.1962,1161.05769229,0
TLX,D,20250610,000000,21.3943,21.7905,21.3943,21.5924,20.192307692,0
TLX,D,20250611,000000,21.5924,21.5924,21.5924,21.5924,214.03846153519999,0
TLX,D,20250612,000000,21.9886,21.9886,21.9886,21.9886,10.096153846,0
TLX,D,20250613,000000,21.7905,23.1771,20.2057,20.8,3462.980769178,0
TLX,D,20250616,000000,21.5924,21.5924,20.8,20.8,324.0865384566,0
TLX,D,20250617,000000,21.4,21.4,21.2,21.4,110,0
TLX,D,20250618,000000,21.4,21.4,21.4,21.4,10,0
TLX,D,20250620,000000,19.5,21.2,19.5,20.6,600,0
TLX,D,20250623,000000,21.4,21.4,21.4,21.4,10,0
TLX,D,20250624,000000,21.8,21.8,21.8,21.8,10,0
TLX,D,20250625,000000,19.7,21,19.7,21,610,0
TLX,D,20250626,000000,20.6,20.6,20.6,20.6,50,0
TLX,D,20250627,000000,21.2,21.2,20,20,87,0
TLX,D,20250630,000000,21,21,21,21,10,0
TLX,D,20250701,000000,21,21,20,20.8,360,0
TLX,D,20250702,000000,20.8,20.8,20,20.6,53,0
TLX,D,20250703,000000,20.8,20.8,20.8,20.8,10,0
TLX,D,20250704,000000,20.8,20.8,20.8,20.8,10,0
TLX,D,20250707,000000,20.8,20.8,19.9,20.6,132,0
TLX,D,20250708,000000,20.8,20.8,20.8,20.8,10,0
TLX,D,20250709,000000,20.8,20.8,20.8,20.8,6,0
TLX,D,20250710,000000,20.8,20.8,20.8,20.8,148,0
TLX,D,20250711,000000,20.8,20.8,20.8,20.8,10,0
TLX,D,20250714,000000,20.8,20.8,20,20.6,18,0
TLX,D,20250715,000000,20.8,20.8,20.8,20.8,10,0
TLX,D,20250716,000000,20.8,20.8,20.8,20.8,10,0
TLX,D,20250717,000000,20.8,20.8,19.9,19.9,90,0
TLX,D,20250718,000000,20.8,20.8,20,20,140,0
TLX,D,20250721,000000,20.8,20.8,20.8,20.8,10,0
TLX,D,20250722,000000,20.8,20.8,19.9,20.4,138,0
TLX,D,20250723,000000,20.8,20.8,20.8,20.8,10,0
TLX,D,20250724,000000,20.8,20.8,20.8,20.8,101,0
TLX,D,20250725,000000,20.8,20.8,20.8,20.8,2,0
TLX,D,20250728,000000,20.8,20.8,20.8,20.8,1,0
TLX,D,20250729,000000,20.8,20.8,20.8,20.8,1,0
TLX,D,20250730,000000,20.8,20.8,20.8,20.8,1,0
TLX,D,20250731,000000,20.8,20.8,20.8,20.8,39,0
TLX,D,20250801,000000,20.8,20.8,20.8,20.8,1,0
TLX,D,20250804,000000,20.8,20.8,20.8,20.8,11,0
TLX,D,20250805,000000,19.9,20.6,19.9,20.6,3,0
TLX,D,20250806,000000,20.6,20.6,20.6,20.6,15,0
TLX,D,20250807,000000,20.6,20.6,20,20,124,0
TLX,D,20250808,000000,20.6,20.6,20.6,20.6,1,0
TLX,D,20250811,000000,20.6,20.6,20.6,20.6,3,0
TLX,D,20250812,000000,20.6,20.6,20.6,20.6,1,0
TLX,D,20250813,000000,21.6,21.6,21.6,21.6,1,0
TLX,D,20250814,000000,20.2,22.4,20.2,20.6,19,0
TLX,D,20250818,000000,22.4,22.4,20.8,21,108,0
TLX,D,20250819,000000,22.4,22.4,22.4,22.4,10,0
TLX,D,20250820,000000,22.4,22.4,20.6,21,659,0
TLX,D,20250821,000000,21.2,21.2,21.2,21.2,10,0
TLX,D,20250822,000000,21.2,21.2,20,20.8,232,0
TLX,D,20250825,000000,21.2,21.2,21.2,21.2,80,0
TLX,D,20250826,000000,21.8,21.8,21.8,21.8,2,0
TLX,D,20250827,000000,21.8,21.8,21.8,21.8,10,0
TLX,D,20250828,000000,20.8,21.8,20.8,21.8,10,0
TLX,D,20250829,000000,21.8,21.8,21.8,21.8,10,0
TLX,D,20250901,000000,21.8,21.8,21.8,21.8,10,0
TLX,D,20250902,000000,21.8,21.8,21.8,21.8,10,0
TLX,D,20250903,000000,21.8,21.8,21.8,21.8,10,0
TLX,D,20250904,000000,21.8,21.8,21.8,21.8,10,0
TLX,D,20250905,000000,21.8,21.8,21.8,21.8,10,0
TLX,D,20250908,000000,21.8,21.8,20,20,53,0
TLX,D,20250909,000000,20,21,20,20.4,1001,0
TLX,D,20250910,000000,21.8,21.8,20,20.2,1006,0
TLX,D,20250911,000000,19.5,20.4,19.5,20.4,285,0
TLX,D,20250912,000000,19.5,19.7,19.5,19.7,510,0
TLX,D,20250915,000000,19.7,20.2,19.7,20.2,101,0
TLX,D,20250916,000000,19.5,20.2,19.5,20.2,403,0
TLX,D,20250917,000000,20,20.2,19.4,20.2,1076,0
TLX,D,20250918,000000,19.4,19.9,19.4,19.9,1112,0
TLX,D,20250919,000000,19.7,20,19.7,20,86,0
TLX,D,20250922,000000,20.4,20.4,20.2,20.2,110,0
TLX,D,20250923,000000,20.4,20.4,20.4,20.4,18,0
TLX,D,20250924,000000,20.4,20.4,20.4,20.4,10,0
TLX,D,20250925,000000,20.4,20.4,20.4,20.4,10,0
TLX,D,20250926,000000,20.4,20.4,20.4,20.4,10,0
TLX,D,20250929,000000,20.4,20.4,20.4,20.4,10,0
TLX,D,20250930,000000,20.4,20.4,19,19,638,0
TLX,D,20251001,000000,19.8,19.9,19.8,19.9,418,0
TLX,D,20251002,000000,20.4,20.4,20.2,20.2,108,0
TLX,D,20251003,000000,20.4,20.4,19.3,20,65,0
TLX,D,20251006,000000,20,20.2,20,20.2,125,0
TLX,D,20251007,000000,20.6,20.6,20.2,20.2,17,0
TLX,D,20251008,000000,20,20,20,20,15,0
TLX,D,20251009,000000,21,21,20.2,20.2,110,0
TLX,D,20251010,000000,21,21.8,20.2,21.8,561,0
TLX,D,20251013,000000,21.8,21.8,19.8,19.8,391,0
TLX,D,20251014,000000,19.8,20.2,19.6,20.2,306,0
TLX,D,20251015,000000,19.6,20.6,19.6,20.4,109,0
TLX,D,20251016,000000,20,20,19.6,20,187,0
TLX,D,20251017,000000,19.6,19.6,19.6,19.6,6,0
TLX,D,20251020,000000,19.6,19.6,19.6,19.6,60,0
TLX,D,20251021,000000,19.6,19.6,19.5,19.5,12,0
TLX,D,20251022,000000,19.9,19.9,19.4,19.9,240,0
TLX,D,20251023,000000,19.7,19.7,19.7,19.7,10,0
TLX,D,20251024,000000,19.6,19.6,19.1,19.6,77,0
TLX,D,20251027,000000,19.6,19.6,19.6,19.6,16,0
TLX,D,20251028,000000,19.6,19.6,19.6,19.6,82,0
TLX,D,20251029,000000,19.9,19.9,19.9,19.9,10,0
TLX,D,20251030,000000,19.7,19.7,19.7,19.7,57,0
TLX,D,20251031,000000,19.7,19.7,19.1,19.1,275,0
TLX,D,20251103,000000,19.1,19.5,19.1,19.5,618,0
TLX,D,20251104,000000,19.8,19.8,19.8,19.8,25,0
TLX,D,20251105,000000,19.5,19.9,19.4,19.9,360,0
TLX,D,20251106,000000,19.3,19.3,19.3,19.3,73,0
TLX,D,20251107,000000,19.3,19.3,19.3,19.3,10,0
TLX,D,20251110,000000,19.3,19.5,19.3,19.5,70,0
TLX,D,20251112,000000,19.5,19.5,19.2,19.2,389,0
TLX,D,20251113,000000,19.8,19.8,19.8,19.8,47,0
TLX,D,20251114,000000,19.8,19.8,19.8,19.8,2,0
TLX,D,20251117,000000,19.8,19.8,19.8,19.8,10,0
TLX,D,20251118,000000,19.8,19.8,19.6,19.6,25,0
TLX,D,20251119,000000,19.6,19.6,19.6,19.6,10,0
TLX,D,20251120,000000,19.9,19.9,19.9,19.9,10,0
TLX,D,20251121,000000,19.9,19.9,19.9,19.9,10,0
TLX,D,20251124,000000,19.8,19.8,19.8,19.8,15,0
TLX,D,20251125,000000,19.9,19.9,19.2,19.2,110,0
TLX,D,20251126,000000,19.2,19.2,19.2,19.2,130,0
TLX,D,20251127,000000,19.9,19.9,19.2,19.2,42,0
TLX,D,20251128,000000,19.2,19.2,19.2,19.2,307,0
TLX,D,20251201,000000,19.2,19.2,19.2,19.2,431,0
TLX,D,20251202,000000,19.7,19.7,19.2,19.2,210,0
TLX,D,20251203,000000,19.6,19.6,19.1,19.6,572,0
TLX,D,20251204,000000,19.5,19.6,19.2,19.6,363,0
TLX,D,20251205,000000,19.6,19.7,19.6,19.7,13,0
TLX,D,20251208,000000,19.7,19.7,19.7,19.7,20,0
TLX,D,20251209,000000,20.6,20.6,19.9,19.9,27,0
TLX,D,20251210,000000,19.9,19.9,19.9,19.9,7,0
TLX,D,20251211,000000,19.9,19.9,19.9,19.9,2,0
TLX,D,20251212,000000,19.9,19.9,19.9,19.9,1,0
TLX,D,20251215,000000,19.8,19.8,19,19.8,720,0
TLX,D,20251216,000000,19.7,19.7,18.9,18.9,11,0
TLX,D,20251217,000000,18.9,18.9,18.9,18.9,10,0
TLX,D,20251218,000000,19.3,19.3,19.3,19.3,10,0
TLX,D,20251219,000000,19.3,19.4,19.3,19.4,43,0
TLX,D,20251222,000000,19.8,19.8,19.8,19.8,64,0
TLX,D,20251223,000000,19.8,19.8,19.8,19.8,10,0
TLX,D,20251229,000000,19.9,19.9,19.4,19.4,251,0
TLX,D,20251230,000000,19.6,19.6,19.6,19.6,10,0
TLX,D,20260102,000000,19.6,19.7,18.8,19.7,803,0
TLX,D,20260105,000000,19.6,19.6,18.5,19.4,1665,0
TLX,D,20260107,000000,18.5,18.5,18.5,18.5,110,0
TLX,D,20260108,000000,18.5,19.6,18.5,19.4,33,0
TLX,D,20260109,000000,19.2,19.4,18.5,19.3,620,0
TLX,D,20260112,000000,17.6,18.9,17.6,18.8,932,0
TLX,D,20260113,000000,19,19,19,19,1,0
TLX,D,20260114,000000,18.8,18.8,18.5,18.5,131,0
TLX,D,20260115,000000,19,19,18.9,18.9,218,0
TLX,D,20260116,000000,18.8,20,18.5,18.5,1999,0
TLX,D,20260119,000000,18.8,18.8,18.8,18.8,75,0
TLX,D,20260120,000000,19.1,19.2,19.1,19.2,351,0
TLX,D,20260121,000000,19.8,19.8,19.2,19.2,16,0
TLX,D,20260122,000000,19.8,19.8,19.2,19.2,47,0
TLX,D,20260123,000000,19.8,19.8,19.2,19.2,502,0
TLX,D,20260126,000000,19.4,19.4,19.2,19.2,116,0
TLX,D,20260127,000000,19.2,19.2,19.2,19.2,110,0
TLX,D,20260128,000000,19.2,19.4,18.9,19.4,220,0
TLX,D,20260129,000000,19.4,19.4,19.4,19.4,10,0
TLX,D,20260130,000000,19.3,19.3,19.3,19.3,10,0
TLX,D,20260202,000000,19.4,19.4,19.3,19.4,10,0
TLX,D,20260203,000000,19.3,19.3,18.8,19.3,1049,0
TLX,D,20260204,000000,19.3,19.3,18.8,18.8,13,0
TLX,D,20260205,000000,17.2,17.9,16.2,16.7,3463,0
TLX,D,20260206,000000,16.7,17.4,16.7,17.4,947,0
TLX,D,20260209,000000,19,19.3,18.2,19.1,3359,0
TLX,D,20260210,000000,18.8,19.1,18.8,19.1,59,0
TLX,D,20260211,000000,18.8,19.4,18.5,18.5,2057,0
TLX,D,20260212,000000,19.3,19.3,19,19,418,0
TLX,D,20260213,000000,19,19,18.2,18.2,232,0
TLX,D,20260216,000000,19,19,17.6,19,1457,0
TLX,D,20260217,000000,19.1,19.1,18.5,18.5,30,0
TLX,D,20260218,000000,19.1,19.1,19.1,19.1,10,0
TLX,D,20260219,000000,19.1,19.1,18.6,18.6,32,0
TLX,D,20260220,000000,19.1,19.1,18.8,18.8,11,0
TLX,D,20260223,000000,19.1,19.1,18.5,18.5,161,0
TLX,D,20260224,000000,18.5,18.5,18.5,18.5,10,0
TLX,D,20260225,000000,18.5,18.5,18.5,18.5,10,0
TLX,D,20260226,000000,18.5,18.5,18.5,18.5,10,0
TLX,D,20260227,000000,18.5,19.1,18.4,19.1,1077,0
TLX,D,20260302,000000,18.5,19,18.5,19,82,0
TLX,D,20260303,000000,19.1,19.1,18.2,18.2,645,0
TLX,D,20260304,000000,19.1,19.1,19.1,19.1,10,0
TLX,D,20260305,000000,19.1,19.1,18.1,18.1,19,0
TLX,D,20260306,000000,19.1,19.1,18.1,18.1,634,0
TLX,D,20260309,000000,18.1,18.1,18.1,18.1,289,0
TLX,D,20260310,000000,18.1,18.1,18.1,18.1,108,0
TLX,D,20260311,000000,19.1,19.1,19.1,19.1,1,0
TLX,D,20260312,000000,19.1,19.1,18,18.1,743,0
TLX,D,20260313,000000,18.7,18.8,18.7,18.8,37,0
TLX,D,20260316,000000,18.7,18.7,18.7,18.7,10,0
TLX,D,20260317,000000,19,19,19,19,2,0
TLX,D,20260318,000000,19,19,19,19,10,0
TLX,D,20260319,000000,19,19.1,18.8,18.8,12,0
TLX,D,20260320,000000,19.1,19.1,18.8,18.8,210,0
TLX,D,20260323,000000,19.1,19.1,18.2,18.4,582,0
TLX,D,20260324,000000,19.1,19.1,18.5,18.5,21,0
TLX,D,20260325,000000,18.1,18.1,18,18,60,0
TLX,D,20260326,000000,18.1,18.1,17.9,17.9,54,0
TLX,D,20260327,000000,18.3,18.3,17.7,17.7,61,0
TLX,D,20260330,000000,18.3,18.4,18.3,18.4,210,0
TLX,D,20260331,000000,18.4,18.9,18.4,18.9,152,0
TLX,D,20260401,000000,18.4,18.4,18,18,105,0
TLX,D,20260402,000000,17.8,18.8,17.8,18.8,603,0
TLX,D,20260407,000000,18.8,18.8,18,18,210,0
TLX,D,20260408,000000,18.1,18.1,18.1,18.1,10,0
TLX,D,20260409,000000,18.1,18.9,18.1,18.9,1186,0
TLX,D,20260410,000000,19.1,19.1,18.7,18.7,1688,0
TLX,D,20260413,000000,19,19.2,19,19.2,3,0
TLX,D,20260414,000000,19,19,18.3,18.7,1123,0
TLX,D,20260415,000000,18.9,18.9,17.9,17.9,2003,0
TLX,D,20260416,000000,17.9,17.9,17.5,17.5,511,0
TLX,D,20260417,000000,17.9,17.9,17.9,17.9,20,0
TLX,D,20260420,000000,17.9,17.9,17.9,17.9,18,0
TLX,D,20260421,000000,17.9,18,17.9,17.9,124,0
TLX,D,20260422,000000,17.4,18.1,17.4,18.1,328,0
TLX,D,20260423,000000,18.6,18.6,17.4,18.4,150,0
TLX,D,20260424,000000,18.5,18.5,17.4,17.4,317,0
TLX,D,20260427,000000,17.3,17.9,17.2,17.2,1031,0
TLX,D,20260428,000000,17.2,17.2,16.7,16.7,236,0
TLX,D,20260429,000000,16.7,17.3,16.7,17.3,589,0
TLX,D,20260504,000000,17.6,17.6,17,17,131,0
TLX,D,20260505,000000,17,18.2,17,18.2,1280,0
TLX,D,20260506,000000,18.2,18.3,17.9,17.9,1480,0
TLX,D,20260507,000000,18.8,18.8,17.9,18.2,980,0
TLX,D,20260508,000000,18.2,18.3,17.9,17.9,663,0
TLX,D,20260511,000000,18.8,18.8,18.4,18.5,136,0
TLX,D,20260512,000000,18.6,18.6,18.5,18.5,552,0
TLX,D,20260513,000000,18.1,18.6,18.1,18.2,117,0
TLX,D,20260514,000000,18.3,18.3,18.3,18.3,110,0
TLX,D,20260515,000000,18.6,18.6,18.6,18.6,288,0
TLX,D,20260518,000000,18.7,18.7,18.3,18.3,408,0
TLX,D,20260519,000000,18.7,18.7,18.6,18.6,78,0
TLX,D,20260520,000000,18.7,18.7,18.3,18.7,234,0
TLX,D,20260521,000000,18.7,18.7,18.4,18.4,217,0
TLX,D,20260522,000000,18.7,18.7,18.3,18.3,693,0
TLX,D,20260525,000000,18.7,18.9,18.7,18.8,859,0
TLX,D,20260526,000000,18.9,18.9,18.6,18.8,527,0
TLX,D,20260527,000000,18.9,18.9,18.7,18.9,2559,0
TLX,D,20260528,000000,18.9,19.4,18.7,19.4,1938,0
TLX,D,20260529,000000,19,19.4,18.5,19,2114,0
TLX,D,20260601,000000,19.4,20,19,19.4,4885,0
TLX,D,20260602,000000,19.4,19.8,19.2,19.8,2495,0
TLX,D,20260603,000000,19.9,20.8,19.5,20.2,2003,0
TLX,D,20260605,000000,21.8,22.6,19,21.6,11658,0
TLX,D,20260608,000000,19.1,20,18.7,19.2,1474,0
TLX,D,20260609,000000,19.2,19.2,17.3,18.6,4452,0
TLX,D,20260610,000000,18,18.4,18,18.4,15,0
TLX,D,20260611,000000,18.4,18.4,18.1,18.3,103,0
TLX,D,20260612,000000,18.3,18.3,18.1,18.1,532,0
TLX,D,20260615,000000,18.3,18.7,18,18,1184,0
TLX,D,20260616,000000,18.2,18.2,18.1,18.1,898,0
TLX,D,20260617,000000,18.3,18.3,17.8,17.8,1249,0
TLX,D,20260618,000000,17.8,18.2,17.6,18,508,0
TLX,D,20260619,000000,17.9,17.9,17.9,17.9,1,0
TLX,D,20260622,000000,17.9,17.9,17.7,17.7,356,0
TLX,D,20260623,000000,17.9,17.9,17.6,17.6,312,0
TLX,D,20260624,000000,17.9,17.9,17.6,17.6,15,0
TLX,D,20260625,000000,17.9,17.9,17.9,17.9,2,0
TLX,D,20260626,000000,17.9,17.9,17.9,17.9,16,0
TLX,D,20260629,000000,17.9,17.9,17.9,17.9,10,0
TLX,D,20260630,000000,17.5,17.5,17.5,17.5,153,0
TLX,D,20260701,000000,17.8,17.9,17.7,17.9,400,0
TLX,D,20260702,000000,17.9,18.2,17.9,18.2,757,0
TLX,D,20260703,000000,18.7,18.7,18.3,18.3,13,0
TLX,D,20260706,000000,17.9,18.2,17.9,18.2,8,0
TLX,D,20260707,000000,18.2,18.2,17.9,17.9,210,0
TLX,D,20260708,000000,18.1,18.1,17.9,17.9,316,0
TLX,D,20260709,000000,17.9,17.9,17.6,17.6,11,0
TLX,D,20260710,000000,17.9,18.1,17.5,17.8,484,0
TLX,D,20260713,000000,17.8,18,17.7,17.7,11,0
TLX,D,20260714,000000,17.7,17.9,17.7,17.7,90,0
TLX,D,20260715,000000,18,18,18,18,10,0
TLX,D,20260716,000000,18,18,17.7,17.7,13,0
TLX,D,20260717,000000,17.7,17.9,17.7,17.9,72,0
TLX,D,20260720,000000,17.9,17.9,17.9,17.9,2,0
TLX,D,20260721,000000,17.9,17.9,17.7,17.7,7,0
TLX,D,20260722,000000,17.7,17.9,17.5,17.5,232,0
TLX,D,20260723,000000,17.9,17.9,17.9,17.9,1,0
TLX,D,20260724,000000,17.9,17.9,17.9,17.9,1,0
TLX,D,20260727,000000,17.9,17.9,17.9,17.9,201,0
TLX,D,20260728,000000,17.7,17.9,17.7,17.9,397,0
TLX,D,20260729,000000,17.9,17.9,17.9,17.9,1,0
TLX,D,20260730,000000,17.9,17.9,17.9,17.9,1,0
TLX,D,20260731,000000,17.9,17.9,17.8,17.8,408,0
TLX,D,20260803,000000,17.9,17.9,17.8,17.8,25,0
TLX,D,20260804,000000,17.8,17.8,17.8,17.8,20,0
TLX,D,20260805,000000,17.8,18.2,17.8,18.2,22,0
TLX,D,20260806,000000,18.2,18.2,18.2,18.2,10,0
TLX,D,20260807,000000,18.2,18.2,17.8,17.8,30,0
TLX,D,20260810,000000,18.2,18.2,18.2,18.2,10,0
TLX,D,20260811,000000,18.2,18.2,18.2,18.2,20,0
TLX,D,20260812,000000,18.1,18.1,17.8,17.8,447,0
TLX,D,20260813,000000,18.2,18.2,18.2,18.2,20,0
TLX,D,20260814,000000,18.2,18.2,17.7,17.7,12,0
TLX,D,20260817,000000,17.7,17.7,17.7,17.7,35,0
TLX,D,20260818,000000,17.7,17.8,17.7,17.8,164,0
