<TICKER>,<PER>,<DATE>,<TIME>,<OPEN>,<HIGH>,<LOW>,<CLOSE>,<VOL>,<OPENINT>
XTB,D,20160506,000000,5.90835,6.16885,5.89233,6.16393,2812294.6585006732,0
XTB,D,20160509,000000,6.16393,6.17377,6.05087,6.13808,605227.0581811025,0
XTB,D,20160510,000000,6.12272,6.13808,6.04595,6.10744,61738.25079473277,0
XTB,D,20160511,000000,6.07607,6.16393,5.98453,6.16393,338106.62569238007,0
XTB,D,20160512,000000,6.16393,6.28619,6.13808,6.21492,622778.2753463594,0
XTB,D,20160513,000000,6.24562,6.34275,6.19397,6.34275,277921.49563485594,0
XTB,D,20160516,000000,6.34275,6.75188,6.2911,6.64895,258947.8322203633,0
XTB,D,20160517,000000,6.72123,6.72123,6.62442,6.64895,792847.0378594688,0
XTB,D,20160518,000000,6.70552,7.00783,6.70552,6.94626,241301.33157429378,0
XTB,D,20160519,000000,6.80373,7.10994,6.75188,7.10994,104984.70034935411,0
XTB,D,20160520,000000,7.10994,7.31417,6.98211,7.31417,107933.0434841418,0
XTB,D,20160523,000000,7.28846,7.28846,6.95647,7.16137,72223.51726161303,0
XTB,D,20160524,000000,7.08422,7.40674,6.57328,7.26348,189517.48213906764,0
XTB,D,20160525,000000,7.26348,7.67341,7.08422,7.67341,62719.670647078005,0
XTB,D,20160527,000000,7.67341,7.67341,7.41702,7.62125,9328.252771326845,0
XTB,D,20160530,000000,7.51914,7.87766,7.42217,7.61685,129637.25922014374,0
XTB,D,20160531,000000,7.66166,7.66166,7.37515,7.51399,83495.55304146916,0
XTB,D,20160601,000000,7.51399,7.51914,7.10994,7.36634,35514.87568315939,0
XTB,D,20160602,000000,7.34062,7.34062,7.12023,7.12023,11244.811928196346,0
XTB,D,20160603,000000,7.05851,7.16137,6.81872,7.16137,16651.468867888874,0
XTB,D,20160606,000000,7.34062,7.34062,6.98211,7.16137,4794.120277340297,0
XTB,D,20160607,000000,7.0688,7.16137,6.97146,7.16137,102216.03463552524,0
XTB,D,20160608,000000,7.16137,7.16137,6.98211,6.98211,2971.483408697838,0
XTB,D,20160609,000000,6.91555,7.01812,6.91555,7.00783,9570.545051101624,0
XTB,D,20160610,000000,6.95647,7.05851,6.89579,7.05851,28518.345806518373,0
XTB,D,20160613,000000,7.05851,7.05851,6.90468,7.00783,21773.63655773317,0
XTB,D,20160614,000000,6.90468,7.00783,6.83371,7.00783,33042.94995242354,0
XTB,D,20160615,000000,6.88962,6.95169,6.88962,6.95169,111032.4789956423,0
XTB,D,20160616,000000,6.85421,6.90468,6.83371,6.90057,43379.846427756755,0
XTB,D,20160617,000000,6.83371,7.00783,6.83371,7.00783,42443.34593064983,0
XTB,D,20160620,000000,6.91078,7.0328,6.90468,7.0328,33434.97341632916,0
XTB,D,20160621,000000,7.05851,7.10994,6.91078,7.08422,40834.41629753881,0
XTB,D,20160622,000000,7.08422,7.2576,7.08422,7.16137,49742.060560718724,0
XTB,D,20160623,000000,7.16137,7.26348,7.06439,7.26348,16132.854493763356,0
XTB,D,20160624,000000,6.90468,7.41702,6.81872,7.36046,215659.1856956728,0
XTB,D,20160627,000000,7.36046,7.67341,7.16137,7.67341,135721.79006617633,0
XTB,D,20160628,000000,7.4736,7.91218,7.4736,7.61685,64958.83244611944,0
XTB,D,20160629,000000,7.61685,7.61685,7.54486,7.58011,62885.73614220471,0
XTB,D,20160630,000000,7.66166,7.72411,7.42217,7.72411,180054.47130203567,0
XTB,D,20160701,000000,7.6264,7.64697,7.60069,7.64183,1926.0875049507645,0
XTB,D,20160704,000000,7.61685,7.67341,7.42217,7.67341,15793.91754059667,0
XTB,D,20160705,000000,7.56028,7.56983,7.50812,7.51399,61734.16721698413,0
XTB,D,20160706,000000,7.48828,7.48828,7.28846,7.41702,211800.20472285175,0
XTB,D,20160707,000000,7.3443,7.45669,7.3443,7.45302,2550.8749005496725,0
XTB,D,20160708,000000,7.37,7.51914,7.37,7.51914,1389.7776272471672,0
XTB,D,20160711,000000,7.66166,7.66166,7.42217,7.59041,4901.654491397682,0
XTB,D,20160712,000000,7.51914,7.59041,7.41702,7.59041,42569.936840869734,0
XTB,D,20160713,000000,7.51914,7.65799,7.16504,7.51399,70275.65067533423,0
XTB,D,20160714,000000,7.54486,7.54486,7.44201,7.53017,37545.775017001564,0
XTB,D,20160715,000000,7.59041,7.59041,7.32446,7.51399,21173.35062862829,0
XTB,D,20160718,000000,7.50812,7.50812,7.37,7.50812,121866.21076377276,0
XTB,D,20160719,000000,7.50371,7.50812,7.20177,7.2576,581146.200195166,0
XTB,D,20160720,000000,7.30903,7.30903,7.21206,7.21206,17151.026545850753,0
XTB,D,20160721,000000,7.21206,7.40674,7.18708,7.40674,72288.85450559674,0
XTB,D,20160722,000000,7.41702,7.41702,7.23777,7.3443,4378.956539524089,0
XTB,D,20160725,000000,7.3443,7.3443,7.21721,7.29433,3750.085566176214,0
XTB,D,20160726,000000,7.30389,7.44201,7.17092,7.44201,30621.38834725976,0
XTB,D,20160727,000000,7.43246,7.43246,7.08422,7.16137,287839.14479462703,0
XTB,D,20160728,000000,7.15622,7.2576,6.98652,7.2576,247301.4684801812,0
XTB,D,20160729,000000,7.21206,7.21206,7.09524,7.15622,34939.09122054855,0
XTB,D,20160801,000000,7.36046,7.36046,6.99239,7.14521,11594.638422028287,0
XTB,D,20160802,000000,7.14521,7.14521,6.98211,7.1048,11206.698535872425,0
XTB,D,20160803,000000,7.08422,7.08422,6.93605,7.02839,147863.62790656165,0
XTB,D,20160804,000000,7.13565,7.13565,6.96602,7.04823,132215.35797235076,0
XTB,D,20160805,000000,7.05263,7.05263,6.85965,6.93055,10123.189239801315,0
XTB,D,20160808,000000,7.20765,7.20765,6.75665,6.84399,15950.454687642117,0
XTB,D,20160809,000000,6.77714,7.14521,6.77714,6.90468,110708.51516088616,0
XTB,D,20160810,000000,6.93605,6.93605,6.79829,6.90468,12424.96589766182,0
XTB,D,20160811,000000,6.90468,7.00268,6.79213,6.86985,20736.407809484364,0
XTB,D,20160812,000000,7.00268,7.00268,6.79213,6.85965,9262.915527342688,0
XTB,D,20160816,000000,6.79829,6.90468,6.75665,6.82283,23442.45866449527,0
XTB,D,20160817,000000,6.16393,6.16393,5.58055,5.79029,923066.8875051334,0
XTB,D,20160818,000000,5.8819,5.8819,5.6012,5.67224,113515.2942670423,0
XTB,D,20160819,000000,5.67224,5.78,5.57019,5.72924,13439.05437199947,0
XTB,D,20160822,000000,5.80579,5.86229,5.62639,5.84142,44619.89287087331,0
XTB,D,20160823,000000,5.84142,5.84142,5.6316,5.72924,42026.82100025019,0
XTB,D,20160824,000000,5.64182,5.83092,5.64182,5.83092,7696.182864305011,0
XTB,D,20160825,000000,5.8819,5.99923,5.74417,5.95874,15077.930241936027,0
XTB,D,20160826,000000,5.8819,5.93289,5.81123,5.92863,51523.861651869716,0
XTB,D,20160829,000000,5.92311,5.92311,5.73886,5.80579,18679.645816565288,0
XTB,D,20160830,000000,5.79992,5.82614,5.72924,5.82614,12068.333440914375,0
XTB,D,20160831,000000,5.79029,5.79992,5.6826,5.72924,35052.070204937445,0
XTB,D,20160901,000000,5.66246,5.77471,5.63667,5.72329,60038.121258560015,0
XTB,D,20160902,000000,5.67224,5.72329,5.47278,5.51406,52465.80691930927,0
XTB,D,20160905,000000,5.51406,5.51406,4.85927,4.85927,92909.56094552534,0
XTB,D,20160906,000000,4.83362,4.83362,4.48063,4.71087,248105.9332967435,0
XTB,D,20160907,000000,4.65459,5.00759,4.60347,5.00759,47702.99407137705,0
XTB,D,20160908,000000,5.00252,5.00759,4.85927,4.94111,12751.652117582607,0
XTB,D,20160909,000000,4.85927,5.11514,4.85927,5.11514,18250.87015291863,0
XTB,D,20160912,000000,5.11514,5.16621,5.05865,5.16621,58685.09583105456,0
XTB,D,20160913,000000,5.17106,5.17106,4.99216,5.16621,32544.753467044542,0
XTB,D,20160914,000000,5.21726,5.3196,5.11993,5.3196,15629.213238051725,0
XTB,D,20160915,000000,5.26839,5.3196,5.24291,5.24291,8357.722459644965,0
XTB,D,20160916,000000,5.08429,5.21205,5.06894,5.21205,1702.85192133806,0
XTB,D,20160919,000000,5.3196,5.3196,4.96667,5.21726,81431.98508563572,0
XTB,D,20160920,000000,5.21726,5.21726,5.0178,5.11514,9906.759619103668,0
XTB,D,20160921,000000,5.28868,5.28868,4.88991,5.10986,6642.61980505989,0
XTB,D,20160922,000000,5.105,5.31475,5.105,5.11514,2588.9882928737084,0
XTB,D,20160923,000000,4.99216,5.31475,4.99216,5.11514,19740.014838724128,0
XTB,D,20160926,000000,5.04337,5.3094,5.04337,5.21205,42696.52775108853,0
XTB,D,20160927,000000,5.05358,5.26839,5.05358,5.24291,11277.480550188762,0
XTB,D,20160928,000000,5.26311,5.3196,5.06894,5.31475,20977.33889667493,0
XTB,D,20160929,000000,5.14541,5.28868,5.14541,5.26839,25341.322317786024,0
XTB,D,20160930,000000,5.29396,5.37066,5.11514,5.29396,100469.6245515302,0
XTB,D,20161003,000000,5.3196,5.3196,5.17106,5.17106,4817.260551251451,0
XTB,D,20161004,000000,5.17106,5.17106,4.75693,4.94618,66390.80704344071,0
XTB,D,20161005,000000,4.85927,5.04851,4.85927,5.00759,1735.5205433301387,0
XTB,D,20161006,000000,5.00252,5.00252,4.92568,4.93604,611.1754697688249,0
XTB,D,20161007,000000,4.91047,5.04337,4.76208,4.76208,7634.929198069821,0
XTB,D,20161010,000000,4.7058,4.85927,4.7058,4.85927,661.5395953399768,0
XTB,D,20161011,000000,4.70072,4.83362,4.57797,4.57797,60804.4726827916,0
XTB,D,20161012,000000,4.57282,4.84898,4.48592,4.57282,16548.01823158012,0
XTB,D,20161013,000000,4.52677,4.68538,4.52677,4.68538,491.39052246446977,0
XTB,D,20161014,000000,4.53183,4.8542,4.53183,4.64446,2388.892983172157,0
XTB,D,20161017,000000,4.60347,4.63924,4.52677,4.60347,82168.39027304063,0
XTB,D,20161018,000000,4.60347,4.80814,3.36051,3.58047,911420.5237649513,0
XTB,D,20161019,000000,3.55997,3.89247,3.4015,3.52419,554612.4731746765,0
XTB,D,20161020,000000,3.48841,3.78006,3.48841,3.67766,124219.7127397882,0
XTB,D,20161021,000000,3.7288,3.7288,3.59075,3.70323,703571.8611105607,0
XTB,D,20161024,000000,3.62146,4.08186,3.62146,3.8362,3011091.3904782017,0
XTB,D,20161025,000000,4.07664,4.07664,3.74936,4.0408,960884.9010387283,0
XTB,D,20161026,000000,4.08186,4.34773,4.05622,4.09201,260134.79215275103,0
XTB,D,20161027,000000,4.19435,4.19435,4.00501,4.09201,97074.81024951843,0
XTB,D,20161028,000000,4.11763,4.11763,3.98982,4.09201,3148.4384444884586,0
XTB,D,20161031,000000,4.09201,4.11763,4.0153,4.04601,14104.677545088058,0
XTB,D,20161102,000000,4.1892,4.1892,4.0153,4.08686,9433.064600218251,0
XTB,D,20161103,000000,3.98982,4.09201,3.88732,4.09201,96418.71542451001,0
XTB,D,20161104,000000,4.14306,4.33753,4.05108,4.33753,99233.66168616228,0
XTB,D,20161107,000000,4.34773,4.34773,4.12271,4.2454,2647.519573942919,0
XTB,D,20161108,000000,4.10221,4.28124,4.09201,4.28124,1979.1740156879061,0
XTB,D,20161109,000000,4.10221,4.28124,4.09201,4.28124,385642.1930760509,0
XTB,D,20161110,000000,4.27618,4.27618,4.09708,4.09708,11135.916521556312,0
XTB,D,20161114,000000,4.0715,4.14306,3.96417,4.03565,3141.632481573401,0
XTB,D,20161115,000000,3.98982,4.29154,3.97946,4.21991,2367.1139018441045,0
XTB,D,20161116,000000,4.24039,4.24039,3.94367,4.03565,3334.9218283600053,0
XTB,D,20161117,000000,3.98982,4.05108,3.8362,3.8362,11061.050929491115,0
XTB,D,20161118,000000,3.8362,4.16877,3.8362,4.06651,2574.0151744607138,0
XTB,D,20161121,000000,4.12271,4.12271,4.12271,4.12271,114.34017697234208,0
XTB,D,20161122,000000,4.08686,4.12271,3.90276,4.09201,2407.949679334231,0
XTB,D,20161123,000000,4.09201,4.09201,3.93861,4.09201,12929.96834595633,0
XTB,D,20161124,000000,4.08686,4.14306,3.96924,4.14306,9732.526968479136,0
XTB,D,20161125,000000,4.0715,4.19435,4.0715,4.19435,3698.3602480220616,0
XTB,D,20161128,000000,4.19435,4.1994,4.11763,4.19435,490.02932988146927,0
XTB,D,20161129,000000,4.19435,4.38357,4.09708,4.38357,21279.5236501028,0
XTB,D,20161130,000000,4.38357,4.38357,4.21991,4.33753,26287.351162974206,0
XTB,D,20161201,000000,4.27618,4.60347,4.11249,4.11249,33678.626888686595,0
XTB,D,20161202,000000,4.1994,4.34773,4.1994,4.29154,1795.4130169823384,0
XTB,D,20161205,000000,4.17891,4.25567,4.15856,4.25567,961.0019636008759,0
XTB,D,20161206,000000,4.15342,4.2966,3.99481,4.0153,58286.266404234564,0
XTB,D,20161207,000000,4.01023,4.01023,3.76971,3.79021,768952.6632574215,0
XTB,D,20161208,000000,3.82092,3.82092,3.76971,3.82092,7347.717563055949,0
XTB,D,20161209,000000,3.8107,3.8107,3.62652,3.67766,50900.435448854805,0
XTB,D,20161212,000000,3.63674,3.70323,3.5651,3.5651,529705.3712908652,0
XTB,D,20161213,000000,3.61125,3.73393,3.5754,3.70844,7334.105637225943,0
XTB,D,20161214,000000,3.58561,3.74936,3.5651,3.5651,16417.343743611586,0
XTB,D,20161215,000000,3.58047,3.63167,3.58047,3.58561,7821.4125819413675,0
XTB,D,20161216,000000,3.58047,3.59075,3.58047,3.58047,11104.609092147219,0
XTB,D,20161219,000000,3.58047,3.58561,3.45263,3.4782,110969.86413682436,0
XTB,D,20161220,000000,3.52932,3.67267,3.50384,3.67267,13228.069521634452,0
XTB,D,20161221,000000,3.63167,3.7288,3.63167,3.7288,8623.155013330785,0
XTB,D,20161222,000000,3.6828,3.6828,3.63167,3.63167,3107.6026669983326,0
XTB,D,20161223,000000,3.63167,3.63167,3.58047,3.58047,5929.35489156567,0
XTB,D,20161227,000000,3.58047,3.58047,3.52932,3.55497,16262.167789149016,0
XTB,D,20161228,000000,3.55497,3.55497,3.45263,3.45263,13160.009892483868,0
XTB,D,20161229,000000,3.45771,3.55497,3.45263,3.52419,6038.250298206044,0
XTB,D,20161230,000000,3.55997,3.5651,3.4782,3.5651,8542.84465093352,0
XTB,D,20170102,000000,3.4782,3.6828,3.4782,3.6828,552.6441886996479,0
XTB,D,20170103,000000,3.6828,3.6828,3.58561,3.66744,356.6324567470646,0
XTB,D,20170104,000000,3.59075,3.67267,3.57033,3.61623,29935.347285424657,0
XTB,D,20170105,000000,3.62146,3.67766,3.62146,3.67766,7988.83926965084,0
XTB,D,20170109,000000,3.67766,3.8107,3.67766,3.76971,8167.15549802445,0
XTB,D,20170110,000000,3.76971,3.76971,3.63167,3.69301,5060.914023609107,0
XTB,D,20170111,000000,3.73393,3.82092,3.70844,3.82092,31631.39324384878,0
XTB,D,20170112,000000,3.79528,4.19435,3.79528,4.19435,22380.728449752438,0
XTB,D,20170113,000000,4.19435,4.19435,3.94882,4.02559,10599.606643852712,0
XTB,D,20170116,000000,4.0408,4.0408,3.74414,3.94882,9473.900377708376,0
XTB,D,20170117,000000,3.94882,4.07664,3.79021,4.07664,1591.2341295317076,0
XTB,D,20170118,000000,4.07664,4.09201,3.91296,4.09201,9501.124229368384,0
XTB,D,20170119,000000,4.11763,4.11763,3.98982,3.98982,2075.8186890811526,0
XTB,D,20170120,000000,3.98982,3.98982,3.88732,3.88732,10328.729319834823,0
XTB,D,20170123,000000,4.03565,4.0408,3.84647,3.85677,3085.8235856702804,0
XTB,D,20170124,000000,3.85155,4.39379,3.85155,4.2966,641545.0374882367,0
XTB,D,20170125,000000,4.39894,4.47049,4.11763,4.43978,2034423.4614394829,0
XTB,D,20170126,000000,4.85927,5.08958,4.76208,4.76208,854590.7334245276,0
XTB,D,20170127,000000,4.75693,4.75693,4.50128,4.68538,26803.243151932853,0
XTB,D,20170130,000000,4.716,4.93604,4.66488,4.88991,28439.39663670477,0
XTB,D,20170131,000000,4.91047,4.93604,4.60347,4.92062,35645.550171126815,0
XTB,D,20170201,000000,4.76208,4.8797,4.73651,4.8797,9664.46733932889,0
XTB,D,20170202,000000,4.83362,5.01281,4.83362,4.93083,17076.16095378578,0
XTB,D,20170203,000000,4.95132,5.00759,4.86441,4.86441,2120.7380443203583,0
XTB,D,20170206,000000,4.86948,4.98203,4.76208,4.76208,2187.436480887505,0
XTB,D,20170207,000000,4.80307,4.92062,4.70072,4.70072,8487.035755030402,0
XTB,D,20170208,000000,4.75186,4.80814,4.73651,4.74158,10211.666757696516,0
XTB,D,20170209,000000,4.70072,4.76208,4.69038,4.69566,82111.2201845553,0
XTB,D,20170210,000000,4.69566,4.7058,4.69566,4.70072,11692.644288004412,0
XTB,D,20170213,000000,4.7058,4.94111,4.7058,4.93604,17861.569074178773,0
XTB,D,20170214,000000,4.75693,4.85927,4.50128,4.60347,206122.67045914088,0
XTB,D,20170215,000000,4.68538,4.68538,4.35802,4.50128,105065.0107117517,0
XTB,D,20170216,000000,4.50128,4.60347,4.50128,4.59839,12946.302656951975,0
XTB,D,20170217,000000,4.57797,4.57797,4.5524,4.57797,1602.1236701957341,0
XTB,D,20170220,000000,4.57797,4.57797,4.57797,4.57797,8.167155498024451,0
XTB,D,20170222,000000,4.38357,4.5934,4.36308,4.5934,8489.758140196382,0
XTB,D,20170223,000000,4.45014,4.85927,4.36823,4.85927,27786.024196862083,0
XTB,D,20170224,000000,4.81834,4.81834,4.78249,4.78249,9792.419442131226,0
XTB,D,20170227,000000,4.46542,4.85927,4.46542,4.85927,11869.599323795257,0
XTB,D,20170228,000000,4.79785,4.92568,4.79785,4.92568,21743.69032090763,0
XTB,D,20170301,000000,4.91047,4.93604,4.63924,4.90011,666.98436567199,0
XTB,D,20170302,000000,4.8542,4.8542,4.75693,4.75693,215.06842811464583,0
XTB,D,20170303,000000,4.68023,4.70072,4.65459,4.65459,5697.95215245503,0
XTB,D,20170306,000000,4.60869,4.65459,4.5524,4.64446,8001.090002897967,0
XTB,D,20170307,000000,4.79785,4.79785,4.55754,4.55754,32759.8218951582,0
XTB,D,20170309,000000,4.56255,4.60347,4.5524,4.60347,3980.1271127038644,0
XTB,D,20170310,000000,4.52677,4.52677,4.52677,4.52677,194.65053936958273,0
XTB,D,20170313,000000,4.75186,4.75186,4.48063,4.52677,447.8323598083426,0
XTB,D,20170314,000000,4.54212,4.60347,4.50128,4.5524,53492.14612689393,0
XTB,D,20170315,000000,4.60347,4.60347,4.60347,4.60347,97751.32296327116,0
XTB,D,20170316,000000,4.5524,4.56255,4.5524,4.5524,61709.66575048899,0
XTB,D,20170317,000000,4.59839,4.65459,4.55754,4.65459,6001.498098464886,0
XTB,D,20170320,000000,4.72622,4.86441,4.72622,4.72622,83275.03984302288,0
XTB,D,20170321,000000,4.6291,4.72622,4.6291,4.6291,12725.789458505697,0
XTB,D,20170322,000000,4.75693,4.75693,4.75693,4.75693,98.00586597629272,0
XTB,D,20170323,000000,4.74679,4.80814,4.60347,4.7058,8972.981507162835,0
XTB,D,20170324,000000,4.7058,4.7058,4.60347,4.7058,3982.849497869955,0
XTB,D,20170327,000000,4.60347,4.70072,4.60347,4.70072,2345.334820516052,0
XTB,D,20170328,000000,4.7058,4.7058,4.7058,4.7058,17.695503579053177,0
XTB,D,20170329,000000,4.7058,4.7058,4.7058,4.7058,1095.760029318281,0
XTB,D,20170330,000000,4.7058,4.7058,4.7058,4.7058,740.488765154217,0
XTB,D,20170331,000000,4.7058,4.79785,4.6291,4.69566,19778.12823104917,0
XTB,D,20170403,000000,4.7058,4.7058,4.7058,4.7058,588.0351958577608,0
XTB,D,20170404,000000,4.68023,4.68023,4.58819,4.61881,1576.2610111187134,0
XTB,D,20170405,000000,4.56768,4.59839,4.16877,4.59839,150878.6694779204,0
XTB,D,20170406,000000,4.49099,4.69566,4.47564,4.47564,22895.259246128204,0
XTB,D,20170407,000000,4.47564,4.48063,4.47564,4.48063,1249.5747911977041,0
XTB,D,20170410,000000,4.36308,4.4245,4.36308,4.3733,49247.947653087234,0
XTB,D,20170411,000000,4.59839,4.59839,4.39894,4.39894,4113.523985838269,0
XTB,D,20170412,000000,4.4245,4.4245,4.32216,4.3733,5631.253715887883,0
XTB,D,20170413,000000,4.3733,4.3733,4.2966,4.2966,5364.459969619074,0
XTB,D,20170418,000000,4.3733,4.3733,4.31709,4.31709,2768.665713830308,0
XTB,D,20170419,000000,4.30688,4.30688,4.24039,4.2454,13268.90529912413,0
XTB,D,20170420,000000,4.22505,4.22505,4.12778,4.13806,8350.916496730018,0
XTB,D,20170421,000000,4.12778,4.24039,4.06651,4.07664,19176.481109361415,0
XTB,D,20170424,000000,4.14306,4.28639,4.14306,4.28639,7468.863702943338,0
XTB,D,20170425,000000,4.28639,4.28639,4.2454,4.2454,4449.738553840315,0
XTB,D,20170426,000000,4.2454,4.2454,4.20447,4.20447,19139.728909620368,0
XTB,D,20170427,000000,4.20447,4.20447,4.0153,4.0408,32546.114659627423,0
XTB,D,20170428,000000,3.99987,4.08186,3.96924,3.96924,102063.58106622733,0
XTB,D,20170502,000000,4.133,4.19435,4.09201,4.19435,4087.6613267612493,0
XTB,D,20170504,000000,4.16238,4.20499,3.74716,4.0452,22473.28954539705,0
XTB,D,20170505,000000,4.0452,4.0452,3.99208,3.99208,416.5249303992422,0
XTB,D,20170508,000000,3.96013,3.96541,3.88549,3.93882,12589.670200204535,0
XTB,D,20170509,000000,3.92281,3.92281,3.82708,3.88549,103359.43640524858,0
XTB,D,20170511,000000,3.89093,3.89093,3.7844,3.80042,6871.3001590045515,0
XTB,D,20170512,000000,3.75781,3.93882,3.75781,3.93346,5056.830445860139,0
XTB,D,20170515,000000,3.80042,3.88549,3.72592,3.78984,186224.7572807884,0
XTB,D,20170516,000000,3.73121,3.76317,3.72592,3.72592,12469.885252900132,0
XTB,D,20170517,000000,3.72592,3.72592,3.52896,3.61948,132475.34575570605,0
XTB,D,20170518,000000,3.56628,3.61948,3.5449,3.61948,62142.524991885395,0
XTB,D,20170519,000000,3.56628,3.72056,3.52896,3.56628,65433.8886575884,0
XTB,D,20170522,000000,3.53969,3.72592,3.53425,3.56628,15449.53581709624,0
XTB,D,20170523,000000,3.53425,3.72592,3.51823,3.60882,146113.13424481574,0
XTB,D,20170524,000000,3.72592,3.72592,3.52896,3.62484,1855.3054906345385,0
XTB,D,20170525,000000,3.62484,3.71527,3.53425,3.61411,56226.78202614862,0
XTB,D,20170526,000000,3.64072,3.64607,3.64072,3.64607,102.08944372530534,0
XTB,D,20170529,000000,3.72056,3.83237,3.69933,3.69933,233632.37256165536,0
XTB,D,20170530,000000,3.67267,3.72592,3.62484,3.72056,63442.46390865415,0
XTB,D,20170531,000000,3.53425,3.72592,3.53425,3.72592,37583.88840932549,0
XTB,D,20170601,000000,3.56092,3.56092,3.56092,3.56092,190.5669616205701,0
XTB,D,20170602,000000,3.56092,3.57694,3.5449,3.56628,1527.2580781305398,0
XTB,D,20170605,000000,3.56628,3.56628,3.56628,3.56628,121.14613988736683,0
XTB,D,20170606,000000,3.67267,3.67267,3.67267,3.67267,563.5337293636852,0
XTB,D,20170607,000000,3.67267,3.67267,3.56628,3.56628,5922.5489286507245,0
XTB,D,20170608,000000,3.56628,3.60882,3.56628,3.60882,2827.196994899407,0
XTB,D,20170609,000000,3.53425,3.67267,3.53425,3.67267,441.02639689331784,0
XTB,D,20170612,000000,3.5715,3.61948,3.56628,3.56628,4289.117829045789,0
XTB,D,20170613,000000,3.53425,3.61948,3.51823,3.51823,6837.270344429483,0
XTB,D,20170614,000000,3.63549,3.63549,3.49707,3.59281,18652.4219649055,0
XTB,D,20170616,000000,3.64072,3.64072,3.63005,3.63005,2278.636383948794,0
XTB,D,20170619,000000,3.51295,3.51295,3.4757,3.4757,37755.39867478371,0
XTB,D,20170620,000000,3.4757,3.63549,3.4757,3.61948,5937.522047063719,0
XTB,D,20170621,000000,3.61948,3.61948,3.49172,3.49172,3107.6026669983326,0
XTB,D,20170622,000000,3.61411,3.61948,3.49172,3.49172,1504.117804219498,0
XTB,D,20170626,000000,3.48642,3.48642,3.45984,3.45984,20013.614547909336,0
XTB,D,20170627,000000,3.43846,3.64072,3.4278,3.64072,21016.813481582845,0
XTB,D,20170628,000000,3.64607,3.72592,3.49707,3.49707,58830.74343743588,0
XTB,D,20170629,000000,3.60882,3.60882,3.4757,3.51295,10501.600777876365,0
XTB,D,20170630,000000,3.45984,3.72592,3.45984,3.72592,45866.74527690537,0
XTB,D,20170703,000000,3.72056,3.72592,3.67267,3.67267,29204.38686835236,0
XTB,D,20170704,000000,3.67267,3.72592,3.67267,3.70991,20932.419541436615,0
XTB,D,20170705,000000,3.72592,3.72592,3.67267,3.72056,51242.09478718837,0
XTB,D,20170706,000000,3.67267,3.9281,3.67267,3.83237,124144.84714772434,0
XTB,D,20170707,000000,3.88027,3.88027,3.77911,3.85889,13251.209795544486,0
XTB,D,20170710,000000,3.91215,3.91215,3.63005,3.77382,24543.663464146022,0
XTB,D,20170711,000000,3.88549,3.88549,3.64607,3.76845,42892.539483040775,0
XTB,D,20170712,000000,3.8536,3.8536,3.61948,3.77911,3345.8113690240316,0
XTB,D,20170713,000000,3.64607,3.65665,3.2894,3.37997,173268.92627574853,0
XTB,D,20170714,000000,3.36396,3.36396,3.27345,3.30005,106295.52880678812,0
XTB,D,20170717,000000,3.22026,3.24686,3.14576,3.19359,20159.26215429064,0
XTB,D,20170718,000000,3.19359,3.25222,3.18831,3.25222,9374.533319149039,0
XTB,D,20170719,000000,3.31599,3.31599,3.14033,3.14033,15781.666807349657,0
XTB,D,20170720,000000,3.24686,3.26281,3.15106,3.15106,23653.4435148614,0
XTB,D,20170721,000000,3.15106,3.15106,2.83707,3.08193,69684.89309431061,0
XTB,D,20170724,000000,3.08193,3.08193,2.66135,2.90084,62560.4111148668,0
XTB,D,20170725,000000,2.90084,2.92221,2.75714,2.75714,39407.886470550155,0
XTB,D,20170726,000000,2.86359,2.9275,2.72525,2.90084,26567.756835073804,0
XTB,D,20170727,000000,3.167,3.167,2.87425,2.9275,337524.03526685934,0
XTB,D,20170728,000000,2.9275,2.95417,2.8317,2.9275,224474.26886320137,0
XTB,D,20170731,000000,3.03404,3.19359,2.87425,2.87425,224440.2390486239,0
XTB,D,20170801,000000,2.97533,2.97533,2.87425,2.90084,26722.932789535258,0
XTB,D,20170802,000000,2.9062,2.9275,2.87425,2.87961,9034.235173398025,0
XTB,D,20170803,000000,2.87425,2.87425,2.87425,2.87425,41347.5859013317,0
XTB,D,20170804,000000,2.87425,2.87425,2.8104,2.84765,99650.18661656193,0
XTB,D,20170807,000000,2.80511,2.91685,2.79975,2.86359,9573.2674362676,0
XTB,D,20170808,000000,2.87425,2.92221,2.87425,2.91685,16170.967886088396,0
XTB,D,20170809,000000,2.91157,2.91157,2.84765,2.91157,5255.5645629787,0
XTB,D,20170810,000000,2.82635,2.9062,2.82107,2.89554,4282.311866130844,0
XTB,D,20170811,000000,2.89554,2.98077,2.82107,2.87425,71928.13847110067,0
XTB,D,20170814,000000,2.87425,2.98077,2.79975,2.90084,92614.1821550141,0
XTB,D,20170816,000000,2.91685,2.92221,2.8317,2.92221,10871.845160453478,0
XTB,D,20170817,000000,2.92221,3.0233,2.89018,2.98599,17549.85597267187,0
XTB,D,20170818,000000,2.98599,2.98599,2.98599,2.98599,1804.9413650633753,0
XTB,D,20170821,000000,2.89018,2.99679,2.89018,2.97533,9017.90086240193,0
XTB,D,20170822,000000,2.9275,2.99679,2.90084,2.95417,140914.73977032918,0
XTB,D,20170823,000000,2.9275,2.95417,2.9062,2.94874,79411.97529245766,0
XTB,D,20170824,000000,2.97533,3.07656,2.94345,2.97533,137754.0505925902,0
XTB,D,20170825,000000,3.07121,3.0978,2.97533,3.0925,223552.74148451394,0
XTB,D,20170828,000000,3.08714,3.08714,3.002,3.03404,186163.50361455334,0
XTB,D,20170829,000000,3.03404,3.04461,2.93817,3.002,267889.5062981208,0
XTB,D,20170830,000000,3.03404,3.06055,2.97533,3.01794,85135.79010398971,0
XTB,D,20170831,000000,2.97533,3.01265,2.95417,2.99135,66890.36472140261,0
XTB,D,20170901,000000,3.05527,3.05527,2.96475,3.00744,2149.3230885634694,0
XTB,D,20170904,000000,3.00744,3.00744,2.95946,2.98077,2699.2448920970714,0
XTB,D,20170905,000000,3.0286,3.0286,2.95946,2.98077,1534.0640410455978,0
XTB,D,20170906,000000,2.95946,3.0233,2.95946,3.0233,3273.6681621248163,0
XTB,D,20170907,000000,2.95946,3.002,2.95417,3.002,9145.852965204378,0
XTB,D,20170908,000000,2.95946,2.95946,2.89018,2.92221,23982.85211994906,0
XTB,D,20170911,000000,2.9275,2.97012,2.92221,2.92221,1841.6935648045335,0
XTB,D,20170912,000000,2.82107,2.9275,2.82107,2.9275,3402.981457510141,0
XTB,D,20170913,000000,2.92221,2.92221,2.92221,2.92221,950.1124229368386,0
XTB,D,20170914,000000,2.92221,2.92221,2.90084,2.90084,1293.1329538539205,0
XTB,D,20170915,000000,2.91685,2.9275,2.85294,2.85294,30905.87759710687,0
XTB,D,20170918,000000,2.85831,2.91685,2.84765,2.89554,35890.56483606824,0
XTB,D,20170919,000000,2.87425,2.91157,2.83707,2.90084,412.44135265022953,0
XTB,D,20170920,000000,2.90084,2.9275,2.90084,2.9275,7807.8006561113625,0
XTB,D,20170921,000000,2.87961,2.87961,2.87961,2.87961,432.85924139529266,0
XTB,D,20170922,000000,2.87961,2.87961,2.87961,2.87961,8453.005940455221,0
XTB,D,20170925,000000,2.94874,2.94874,2.85831,2.85831,8058.260091384077,0
XTB,D,20170926,000000,2.87425,2.9275,2.87425,2.9275,125.22971763637945,0
XTB,D,20170927,000000,2.8423,2.86895,2.8423,2.86895,315.7966792569496,0
XTB,D,20170928,000000,2.8849,2.92221,2.8423,2.92221,25241.955259228136,0
XTB,D,20170929,000000,2.87425,2.87425,2.82107,2.87425,22870.757779634172,0
XTB,D,20171002,000000,2.87425,2.87425,2.86895,2.86895,2817.66864681837,0
XTB,D,20171003,000000,2.92221,2.92221,2.86895,2.86895,4468.7952500023885,0
XTB,D,20171004,000000,2.82107,2.86895,2.82107,2.86895,2100.3201555752953,0
XTB,D,20171005,000000,2.86359,2.86359,2.77308,2.85831,7291.9086671528285,0
XTB,D,20171006,000000,2.85831,2.86359,2.85831,2.86359,1046.7570963301296,0
XTB,D,20171009,000000,2.82107,2.82107,2.82107,2.82107,14121.011856084822,0
XTB,D,20171010,000000,2.82107,2.82107,2.78909,2.78909,4751.923307267182,0
XTB,D,20171011,000000,2.78909,2.78909,2.78909,2.78909,1064.4525999091807,0
XTB,D,20171012,000000,2.78909,2.86895,2.77308,2.86895,19512.695677363456,0
XTB,D,20171013,000000,2.86895,2.86895,2.69866,2.71981,173385.98883789606,0
XTB,D,20171016,000000,2.73054,2.92221,2.58156,2.76786,6261662.836854512,0
XTB,D,20171017,000000,2.91157,2.98077,2.71453,2.74127,198580.30235672015,0
XTB,D,20171018,000000,2.74127,2.81568,2.65069,2.66135,261787.2799485119,0
XTB,D,20171019,000000,2.67199,2.70396,2.53894,2.55489,242433.84380335518,0
XTB,D,20171020,000000,2.60815,2.60815,2.44837,2.4804,65503.30947932186,0
XTB,D,20171023,000000,2.54424,2.5709,2.51227,2.5709,3223.3040365536535,0
XTB,D,20171024,000000,2.55489,2.63467,2.53366,2.55489,481293.19588374085,0
XTB,D,20171025,000000,2.8104,2.89554,2.73054,2.76786,485791.93737057026,0
XTB,D,20171026,000000,2.7625,2.81568,2.72525,2.7625,90202.14889793044,0
XTB,D,20171027,000000,2.79447,2.79447,2.74648,2.77852,44380.32297626451,0
XTB,D,20171030,000000,2.78909,2.80511,2.72525,2.72525,646607.3127044244,0
XTB,D,20171031,000000,2.75714,2.75714,2.66135,2.68794,1971669.760977844,0
XTB,D,20171102,000000,2.70396,2.76786,2.69866,2.73054,35871.508139906844,0
XTB,D,20171103,000000,2.76786,2.8423,2.74127,2.8423,48144.020468270726,0
XTB,D,20171106,000000,2.84765,2.99135,2.84765,2.90084,201749.15868995409,0
XTB,D,20171107,000000,2.9275,2.97533,2.86895,2.86895,11787.92776881478,0
XTB,D,20171108,000000,2.86895,2.92221,2.79447,2.79447,37383.793099623486,0
XTB,D,20171109,000000,2.80511,2.87425,2.75185,2.8423,135495.83209738738,0
XTB,D,20171110,000000,2.77852,2.93817,2.72525,2.81568,135859.27051705032,0
XTB,D,20171113,000000,2.54961,2.54961,1.68198,1.68198,3595513.98122059,0
XTB,D,20171114,000000,1.80973,1.89488,1.72988,1.76706,717679.2610408135,0
XTB,D,20171115,000000,1.78307,1.95872,1.76706,1.80973,590982.1777999646,0
XTB,D,20171116,000000,1.86293,1.96945,1.8417,1.87357,296950.96794526087,0
XTB,D,20171117,000000,1.88952,1.90545,1.77256,1.83633,271586.5053535604,0
XTB,D,20171120,000000,1.80973,1.91612,1.80973,1.87357,120737.78211245887,0
XTB,D,20171121,000000,1.87357,1.88952,1.80973,1.85227,622488.3413261741,0
XTB,D,20171122,000000,1.88952,2.05452,1.82031,2.0493,791586.5735275924,0
XTB,D,20171123,000000,2.0759,2.1238,1.98003,2.1238,58337.991722388375,0
XTB,D,20171124,000000,2.0759,2.15032,2.0759,2.10772,53432.25365324173,0
XTB,D,20171127,000000,2.05452,2.22489,2.04402,2.2143,381591.2839490296,0
XTB,D,20171128,000000,2.19301,2.41119,2.19301,2.36866,282213.33584907,0
XTB,D,20171129,000000,2.40584,2.44837,2.36866,2.37388,345642.18783189205,0
XTB,D,20171130,000000,2.37388,2.42184,2.34206,2.42184,37310.2887001414,0
XTB,D,20171201,000000,2.39526,2.46975,2.19829,2.2462,111532.03667360419,0
XTB,D,20171204,000000,2.18758,2.38468,2.14495,2.16104,202927.9514668356,0
XTB,D,20171205,000000,2.17699,2.22489,2.17699,2.21953,14284.354966044657,0
XTB,D,20171206,000000,2.21953,2.26749,2.17699,2.2462,35742.194844521175,0
XTB,D,20171207,000000,2.28345,2.39526,2.25685,2.32068,64199.28698480447,0
XTB,D,20171208,000000,2.32068,2.42721,2.32068,2.35264,146849.53943223404,0
XTB,D,20171211,000000,2.34206,2.38989,2.34206,2.36866,14668.211274451885,0
XTB,D,20171212,000000,2.34206,2.34206,2.2888,2.29939,15953.177072807872,0
XTB,D,20171213,000000,2.29408,2.43787,2.29408,2.42184,111262.52054216985,0
XTB,D,20171214,000000,2.41649,2.47503,2.35793,2.43243,124464.7274047285,0
XTB,D,20171215,000000,2.40055,2.51227,2.40055,2.49105,90998.44655898759,0
XTB,D,20171218,000000,2.44837,2.44837,2.31003,2.36866,85745.60438117586,0
XTB,D,20171219,000000,2.39526,2.39526,2.30474,2.31003,104358.55176117232,0
XTB,D,20171220,000000,2.30474,2.35264,2.26213,2.2888,116373.79869135337,0
XTB,D,20171221,000000,2.34206,2.34206,2.26213,2.33663,44018.24574918555,0
XTB,D,20171222,000000,2.33663,2.33663,2.2888,2.2888,124668.90629217132,0
XTB,D,20171227,000000,2.31539,2.31539,2.2888,2.2888,64037.30506742641,0
XTB,D,20171228,000000,2.2888,2.3633,2.2888,2.35793,32290.210454021857,0
XTB,D,20171229,000000,2.31539,2.37924,2.31539,2.37924,42662.497936513224,0
XTB,D,20180103,000000,2.36866,2.36866,2.33134,2.36866,2123.460429486337,0
XTB,D,20180104,000000,2.37924,2.44837,2.37924,2.42184,51537.47357769961,0
XTB,D,20180105,000000,2.39526,2.39526,2.34206,2.36866,13452.666297829364,0
XTB,D,20180108,000000,2.36866,2.36866,2.34206,2.34206,43701.08787734603,0
XTB,D,20180109,000000,2.38468,2.40055,2.38468,2.40055,19460.970359208524,0
XTB,D,20180110,000000,2.40055,2.41649,2.3633,2.41649,14238.074418222352,0
XTB,D,20180111,000000,2.40055,2.44837,2.40055,2.44837,22507.31935997234,0
XTB,D,20180112,000000,2.46975,2.46975,2.43787,2.45381,92373.25106782131,0
XTB,D,20180115,000000,2.44837,2.46453,2.42184,2.42184,14278.910195713146,0
XTB,D,20180116,000000,2.42184,2.46975,2.39526,2.46975,35148.714878330684,0
XTB,D,20180117,000000,2.46975,2.47503,2.44837,2.46975,112283.41497942076,0
XTB,D,20180118,000000,2.46975,2.60815,2.42184,2.58156,93323.36349075923,0
XTB,D,20180119,000000,2.60279,2.65613,2.5283,2.62947,20498.199107458444,0
XTB,D,20180122,000000,2.65613,2.72525,2.63467,2.66135,37110.193390440516,0
XTB,D,20180123,000000,2.66135,2.66135,2.60815,2.60815,19612.062735923577,0
XTB,D,20180124,000000,2.60815,2.62947,2.53894,2.62947,12916.356420125318,0
XTB,D,20180125,000000,2.64533,2.65613,2.62947,2.64533,21000.479170587194,0
XTB,D,20180126,000000,2.64011,2.66135,2.64011,2.64533,23345.813991102023,0
XTB,D,20180129,000000,2.64533,2.65613,2.64533,2.65613,26797.798381600227,0
XTB,D,20180130,000000,2.64533,2.65613,2.59221,2.65613,26543.255368579772,0
XTB,D,20180131,000000,2.59743,2.61352,2.59221,2.61352,7079.56262420415,0
XTB,D,20180201,000000,2.59743,2.61352,2.55489,2.61352,4715.1711075261355,0
XTB,D,20180202,000000,2.60279,2.61352,2.5762,2.61352,14326.55193611833,0
XTB,D,20180205,000000,2.60279,2.82107,2.55489,2.74648,74977.20985702913,0
XTB,D,20180206,000000,2.5709,2.71453,2.56554,2.68265,107739.7541373553,0
XTB,D,20180207,000000,2.75714,2.76786,2.62409,2.76786,13192.678514475165,0
XTB,D,20180208,000000,2.78909,2.94874,2.76786,2.87425,120450.570477446,0
XTB,D,20180209,000000,2.9275,2.9275,2.79975,2.86359,3916.1510613026967,0
XTB,D,20180212,000000,2.79975,2.89554,2.79975,2.8317,17103.384805445567,0
XTB,D,20180213,000000,2.8317,2.9275,2.78909,2.9275,56307.09238854621,0
XTB,D,20180214,000000,2.9275,3.14033,2.9275,3.10852,452116.0328670505,0
XTB,D,20180215,000000,3.14033,3.19359,3.07656,3.08714,68647.66434606069,0
XTB,D,20180216,000000,3.12976,3.14033,3.04461,3.14033,14815.220073416074,0
XTB,D,20180219,000000,3.14033,3.17237,2.99135,3.12976,3588.1036487986985,0
XTB,D,20180220,000000,3.05527,3.11917,3.03404,3.11917,8127.680913117313,0
XTB,D,20180221,000000,3.06591,3.08714,2.93817,3.06591,94605.60690394836,0
XTB,D,20180222,000000,3.12976,3.12976,3.03404,3.07656,5608.11344197673,0
XTB,D,20180223,000000,3.08714,3.08714,3.04461,3.04461,2912.9521276287387,0
XTB,D,20180226,000000,3.03404,3.07656,3.03404,3.06591,8719.79968672403,0
XTB,D,20180227,000000,3.04461,3.18302,3.04461,3.18302,27236.102393328147,0
XTB,D,20180228,000000,3.17237,3.18302,3.04461,3.18302,163639.84994358761,0
XTB,D,20180301,000000,3.10852,3.18302,3.07656,3.16172,9699.858346486946,0
XTB,D,20180302,000000,3.16172,3.24686,3.16172,3.18302,28424.42351829088,0
XTB,D,20180305,000000,3.19359,3.19359,3.08714,3.14033,28506.095073270244,0
XTB,D,20180306,000000,3.14033,3.23621,3.14033,3.2149,21493.230885634694,0
XTB,D,20180307,000000,3.22562,3.44918,3.2149,3.3533,238759.98502183676,0
XTB,D,20180308,000000,3.37469,3.4278,3.31077,3.32143,37872.46123692235,0
XTB,D,20180309,000000,3.41722,3.41722,3.3533,3.39592,16505.821261507564,0
XTB,D,20180312,000000,3.36396,3.4065,3.30005,3.33208,18323.013359817844,0
XTB,D,20180313,000000,3.3533,3.39592,3.3533,3.39592,7890.833403674604,0
XTB,D,20180314,000000,3.4065,3.4065,3.24686,3.32143,34451.78427583257,0
XTB,D,20180315,000000,3.27882,3.38519,3.27882,3.2894,9588.240554680708,0
XTB,D,20180316,000000,3.26816,3.30005,2.99135,3.0978,214070.67395129713,0
XTB,D,20180319,000000,3.04461,3.08714,2.98077,3.01265,70794.26504945863,0
XTB,D,20180320,000000,2.98077,3.16172,2.98077,3.15106,130460.78073285731,0
XTB,D,20180321,000000,3.22562,3.25751,3.17237,3.19359,20906.55688235971,0
XTB,D,20180322,000000,3.19359,3.19359,3.10852,3.11917,90703.06776847632,0
XTB,D,20180323,000000,3.10852,3.10852,3.05527,3.05527,7121.759594277265,0
XTB,D,20180326,000000,3.10852,3.19359,3.05527,3.19359,16007.624776127444,0
XTB,D,20180327,000000,3.20425,3.26816,2.8849,2.8849,361847.1855325524,0
XTB,D,20180328,000000,2.77852,2.9275,2.72525,2.9275,350029.3115269187,0
XTB,D,20180329,000000,2.87425,2.9275,2.8423,2.9275,121573.55435841499,0
XTB,D,20180403,000000,2.91685,2.9275,2.91685,2.9275,11380.931186497513,0
XTB,D,20180404,000000,2.91685,2.9275,2.91685,2.9275,8041.925780388094,0
XTB,D,20180405,000000,3.01265,3.01265,3.01265,3.01265,374.32796032611554,0
XTB,D,20180406,000000,2.9062,3.05527,2.9062,3.05527,9375.894511732029,0
XTB,D,20180409,000000,3.07656,3.07656,2.9275,3.06591,4321.786451037869,0
XTB,D,20180410,000000,3.04461,3.08714,2.93817,3.08714,25017.358483032112,0
XTB,D,20180411,000000,3.0233,3.08714,2.99135,3.08714,12616.894051865436,0
XTB,D,20180412,000000,3.07656,3.07656,3.07656,3.07656,2718.301588259145,0
XTB,D,20180416,000000,3.07656,3.07656,3.07656,3.07656,2493.704812063451,0
XTB,D,20180417,000000,2.99135,3.0978,2.99135,3.0978,19896.551985769576,0
XTB,D,20180418,000000,3.0233,3.0233,2.99135,2.99135,6942.082173320778,0
XTB,D,20180419,000000,2.99135,2.99135,2.99135,2.99135,87136.74320100524,0
XTB,D,20180420,000000,3.06591,3.07656,2.99135,3.03404,7252.434082245692,0
XTB,D,20180423,000000,2.99135,3.05527,2.99135,3.05527,14455.865231502876,0
XTB,D,20180424,000000,3.04461,3.10852,3.04461,3.10852,18171.920983103908,0
XTB,D,20180425,000000,3.4065,3.5449,3.3533,3.51295,247464.81159013772,0
XTB,D,20180426,000000,3.47041,3.61948,3.47041,3.55548,57525.35975033449,0
XTB,D,20180427,000000,3.51295,3.55548,3.44918,3.55548,21173.35062862829,0
XTB,D,20180430,000000,3.55548,3.56628,3.4065,3.45984,33316.54966160764,0
XTB,D,20180502,000000,3.45984,3.55548,3.43846,3.51295,19972.778770419656,0
XTB,D,20180504,000000,3.59817,3.59817,3.41722,3.43846,15325.667292043208,0
XTB,D,20180507,000000,3.5449,3.5449,3.45984,3.50237,199534.49835739887,0
XTB,D,20180508,000000,3.5449,3.5449,3.45984,3.51295,3261.4174288778004,0
XTB,D,20180509,000000,3.51295,3.51295,3.3533,3.49172,9953.040166925752,0
XTB,D,20180510,000000,3.45984,3.51295,3.39592,3.50237,21274.07887977129,0
XTB,D,20180511,000000,3.49172,3.49172,3.49172,3.49172,374.32796032611554,0
XTB,D,20180514,000000,3.50237,3.50237,2.85294,3.17237,262311.3390929589,0
XTB,D,20180515,000000,3.19359,3.24686,2.99135,3.03404,33356.02424651444,0
XTB,D,20180516,000000,3.01265,3.04461,2.93817,2.93817,9649.494220915896,0
XTB,D,20180517,000000,2.93817,3.05527,2.93817,3.05527,39603.898202503515,0
XTB,D,20180518,000000,3.05527,3.0978,2.93817,2.95946,63054.524022498284,0
XTB,D,20180521,000000,2.8423,3.08714,2.8317,3.03404,22625.74311469275,0
XTB,D,20180522,000000,3.03404,3.08714,2.98077,3.08714,23654.804707445397,0
XTB,D,20180523,000000,3.18302,3.24686,2.95946,3.10852,46292.798555385154,0
XTB,D,20180528,000000,3.03404,3.12976,2.95946,3.12976,50225.283927684955,0
XTB,D,20180529,000000,2.95946,3.08714,2.95946,3.08714,21284.96842043431,0
XTB,D,20180530,000000,2.99135,3.12976,2.95946,3.12976,145304.58585051715,0
XTB,D,20180601,000000,3.12976,3.12976,2.98077,3.05527,1350.3030423400303,0
XTB,D,20180604,000000,3.05527,3.05527,2.98077,2.98077,6503.7781615934155,0
XTB,D,20180605,000000,2.98077,3.08714,2.98077,3.08714,3914.7898687197076,0
XTB,D,20180606,000000,3.07656,3.07656,2.95946,3.04461,3164.7727554844428,0
XTB,D,20180607,000000,3.04461,3.07656,3.04461,3.07656,1879.8069571285691,0
XTB,D,20180608,000000,3.07656,3.07656,3.07656,3.07656,119.78494730435519,0
XTB,D,20180611,000000,2.98077,3.07656,2.98077,3.07656,338.93695316801364,0
XTB,D,20180612,000000,2.99135,3.06591,2.95946,3.04461,7448.445814198275,0
XTB,D,20180613,000000,3.03404,3.05527,3.03404,3.03404,3270.9457769587257,0
XTB,D,20180614,000000,2.97012,2.97012,2.73591,2.94874,52723.0723174966,0
XTB,D,20180615,000000,2.79975,2.9275,2.76786,2.9275,22857.14585380428,0
XTB,D,20180618,000000,2.9275,2.9275,2.87425,2.9275,1294.49414643691,0
XTB,D,20180619,000000,2.82107,2.91685,2.82107,2.86359,24050.911749099647,0
XTB,D,20180620,000000,2.82107,2.87425,2.82107,2.87425,119.78494730435519,0
XTB,D,20180621,000000,2.77852,2.86359,2.77852,2.86359,1640.2370625198814,0
XTB,D,20180622,000000,2.77852,2.86359,2.74648,2.8423,4638.944322877841,0
XTB,D,20180625,000000,2.77852,2.86359,2.74648,2.86359,13123.257692741705,0
XTB,D,20180626,000000,2.87425,2.87425,2.75714,2.8317,5146.669156338438,0
XTB,D,20180627,000000,2.75714,2.86359,2.74648,2.86359,3917.5122538856863,0
XTB,D,20180628,000000,2.86359,2.86359,2.74648,2.82107,3468.31870149441,0
XTB,D,20180629,000000,2.82107,3.08714,2.82107,2.91685,30424.015422723518,0
XTB,D,20180702,000000,2.82107,2.82107,2.78909,2.8104,7685.2933236409835,0
XTB,D,20180703,000000,2.75714,2.78909,2.75714,2.77852,3314.5039396149427,0
XTB,D,20180704,000000,2.78909,2.78909,2.74648,2.76786,115267.14912136327,0
XTB,D,20180705,000000,2.8849,2.8849,2.8849,2.8849,189.20576903756967,0
XTB,D,20180706,000000,2.86359,2.9275,2.86359,2.9062,2230.9946435437214,0
XTB,D,20180709,000000,2.9062,2.9062,2.9062,2.9062,341.6593383340258,0
XTB,D,20180710,000000,2.86359,2.89554,2.78909,2.87425,4798.203855089378,0
XTB,D,20180711,000000,2.78909,2.87425,2.75714,2.85294,8710.271338642995,0
XTB,D,20180712,000000,2.85294,2.85294,2.85294,2.85294,374.32796032611554,0
XTB,D,20180716,000000,2.91685,3.14033,2.91685,2.98077,190489.37364334497,0
XTB,D,20180717,000000,3.03404,3.04461,3.002,3.03404,13572.451245133763,0
XTB,D,20180718,000000,3.05527,3.05527,2.95946,3.01265,91683.12642823868,0
XTB,D,20180719,000000,2.95946,3.01265,2.74648,2.94874,8052.8153210521195,0
XTB,D,20180720,000000,2.82107,2.94874,2.82107,2.94874,289.9340201798623,0
XTB,D,20180723,000000,2.94874,2.97012,2.8317,2.97012,2523.6510488895506,0
XTB,D,20180724,000000,2.97012,3.01265,2.8317,2.98077,15566.59837923377,0
XTB,D,20180725,000000,2.98077,3.01265,2.98077,3.01265,1445.5865231502876,0
XTB,D,20180726,000000,3.0233,3.24686,3.0233,3.23621,19740.014838724128,0
XTB,D,20180727,000000,3.4065,3.4065,3.17237,3.23621,16162.800730590014,0
XTB,D,20180730,000000,3.17237,3.30005,3.17237,3.26816,7425.305540287232,0
XTB,D,20180731,000000,3.24686,3.24686,3.15106,3.23621,9539.237621692531,0
XTB,D,20180801,000000,3.23621,3.23621,3.2149,3.23621,4182.944807571506,0
XTB,D,20180802,000000,3.20425,3.20425,3.11917,3.14033,7867.693129763562,0
XTB,D,20180803,000000,3.16172,3.16172,3.14033,3.16172,7218.404267670623,0
XTB,D,20180806,000000,3.39592,3.4065,3.30005,3.3533,192003.01979564564,0
XTB,D,20180807,000000,3.3533,3.3533,3.31077,3.32143,12623.700014779824,0
XTB,D,20180808,000000,3.34259,3.34259,3.27882,3.31077,27117.678638606627,0
XTB,D,20180809,000000,3.32143,3.3533,3.30005,3.34259,9262.915527342688,0
XTB,D,20180810,000000,3.34259,3.34259,3.2894,3.2894,35535.293571903676,0
XTB,D,20180813,000000,3.2894,3.2894,3.19359,3.2894,6724.291360040142,0
XTB,D,20180814,000000,3.34259,3.34259,3.24686,3.34259,6506.5005467595065,0
XTB,D,20180816,000000,3.33208,3.33208,3.19359,3.31077,8729.328034805068,0
XTB,D,20180817,000000,3.32143,3.32143,3.32143,3.32143,23.14027391106963,0
XTB,D,20180820,000000,3.30005,3.30005,3.2149,3.30005,2759.1373657492713,0
XTB,D,20180821,000000,3.2149,3.32143,3.15106,3.32143,8176.683846105488,0
XTB,D,20180822,000000,3.32143,3.32143,3.23621,3.31077,2761.85975091525,0
XTB,D,20180823,000000,3.3533,3.45984,3.25751,3.36396,55872.871954568036,0
XTB,D,20180824,000000,3.4065,3.4065,3.30005,3.38519,6077.724883113182,0
XTB,D,20180827,000000,3.38519,3.38519,3.30005,3.3533,14552.509904896118,0
XTB,D,20180828,000000,3.38519,3.39592,3.25751,3.36396,13602.397481960421,0
XTB,D,20180829,000000,3.37469,3.37469,3.27882,3.3533,10929.015248939702,0
XTB,D,20180830,000000,3.30005,3.38519,3.30005,3.34259,5673.450685960999,0
XTB,D,20180831,000000,3.26816,3.33208,3.16172,3.16172,87637.66207155112,0
XTB,D,20180903,000000,3.14033,3.14033,2.87425,3.0978,67591.37890164935,0
XTB,D,20180904,000000,3.08714,3.08714,2.9275,2.98077,9365.004971068003,0
XTB,D,20180905,000000,2.98077,3.002,2.8849,2.98077,3898.4555577236124,0
XTB,D,20180906,000000,2.97012,2.98077,2.87425,2.98077,20073.50702156042,0
XTB,D,20180907,000000,2.8104,2.87425,2.78909,2.8104,37884.71197016825,0
XTB,D,20180910,000000,2.8104,3.0233,2.8104,3.0233,17739.061741708614,0
XTB,D,20180911,000000,3.0233,3.0233,2.87425,3.01265,2750.9702102512233,0
XTB,D,20180912,000000,2.97012,3.0233,2.87425,2.95946,3209.692110723648,0
XTB,D,20180913,000000,2.95946,2.95946,2.9062,2.94874,2553.597285715651,0
XTB,D,20180914,000000,2.95946,2.95946,2.87425,2.95946,1924.726312367775,0
XTB,D,20180917,000000,2.9275,2.9275,2.91685,2.9275,3074.9340450061422,0
XTB,D,20180918,000000,2.91685,2.98077,2.66135,2.77852,56441.85045426338,0
XTB,D,20180919,000000,2.77852,3.0233,2.51227,2.66135,131542.92883633997,0
XTB,D,20180920,000000,2.66135,2.66135,2.60815,2.66135,1150.2077326384788,0
XTB,D,20180921,000000,2.66135,2.66135,2.60815,2.60815,5111.27814918027,0
XTB,D,20180924,000000,2.60815,2.60815,2.35793,2.55489,69262.92339357945,0
XTB,D,20180925,000000,2.39526,2.53366,2.37388,2.39526,18866.129200436277,0
XTB,D,20180926,000000,2.39526,2.53366,2.38468,2.41119,13564.28408963538,0
XTB,D,20180927,000000,2.39526,2.44837,2.37388,2.38468,42141.161177223075,0
XTB,D,20180928,000000,2.38468,2.5017,2.22489,2.22489,20921.530000772476,0
XTB,D,20181001,000000,2.19301,2.28345,2.19301,2.2143,43600.35962620303,0
XTB,D,20181002,000000,2.2462,2.25685,2.19301,2.2143,33982.172834696226,0
XTB,D,20181003,000000,2.20895,2.23018,2.20895,2.23018,2918.3968979606957,0
XTB,D,20181004,000000,2.23553,2.27279,2.19829,2.19829,122941.55290434661,0
XTB,D,20181005,000000,2.20358,2.25685,2.19301,2.19301,32701.290614089994,0
XTB,D,20181008,000000,2.27815,2.33663,2.20358,2.26749,132356.9220009946,0
XTB,D,20181009,000000,2.26749,2.47503,2.25685,2.46975,89124.08437219197,0
XTB,D,20181010,000000,2.51227,2.68265,2.47503,2.55489,93780.72419864856,0
XTB,D,20181011,000000,2.48568,2.54424,2.42184,2.45381,85131.70652623997,0
XTB,D,20181012,000000,2.60279,2.60279,2.44316,2.5017,189650.87901221644,0
XTB,D,20181015,000000,2.5017,2.56554,2.44837,2.53366,136998.5887090317,0
XTB,D,20181016,000000,2.60815,2.60815,2.5017,2.60815,434318.4398442782,0
XTB,D,20181017,000000,2.60815,2.66135,2.58156,2.65069,182970.14581482313,0
XTB,D,20181018,000000,2.65069,2.70396,2.62947,2.66135,289732.5636775919,0
XTB,D,20181019,000000,2.70396,2.71453,2.61352,2.65613,12943.58027178622,0
XTB,D,20181022,000000,2.65613,2.65613,2.5709,2.59221,14665.48888928613,0
XTB,D,20181023,000000,2.60279,2.60279,2.4804,2.56018,16927.79096223872,0
XTB,D,20181024,000000,2.5017,2.55489,2.48568,2.55489,4513.714605241483,0
XTB,D,20181025,000000,2.49642,2.55489,2.49105,2.55489,1144.7629623064101,0
XTB,D,20181026,000000,2.54424,2.55489,2.50706,2.55489,8960.73077391582,0
XTB,D,20181029,000000,2.55489,2.66135,2.55489,2.66135,11627.307044020701,0
XTB,D,20181030,000000,2.65613,2.66135,2.60815,2.60815,11944.46491586023,0
XTB,D,20181031,000000,2.6188,2.65069,2.47503,2.47503,27708.43621963024,0
XTB,D,20181102,000000,2.59743,2.59743,2.4804,2.5283,11998.912619180914,0
XTB,D,20181105,000000,2.54961,2.55489,2.5283,2.54961,6359.491747794985,0
XTB,D,20181106,000000,2.55489,2.55489,2.5017,2.5017,17496.769461934062,0
XTB,D,20181107,000000,2.5017,2.5017,2.42184,2.42184,19194.17661293994,0
XTB,D,20181108,000000,2.44837,2.44837,2.25685,2.33663,19688.289520571427,0
XTB,D,20181109,000000,2.34206,2.54961,2.34206,2.43787,100630.2452763254,0
XTB,D,20181113,000000,2.46975,2.51227,2.40055,2.5017,20684.682491329437,0
XTB,D,20181114,000000,2.52294,2.60815,2.52294,2.60815,34751.24664409356,0
XTB,D,20181115,000000,2.60279,2.60279,2.47503,2.60279,1573.5386259527347,0
XTB,D,20181116,000000,2.59221,2.60279,2.55489,2.59743,32540.669889294793,0
XTB,D,20181119,000000,2.59743,2.59743,2.55489,2.59743,13512.558771480448,0
XTB,D,20181120,000000,2.56018,2.64533,2.55489,2.59743,19232.29000526498,0
XTB,D,20181121,000000,2.50706,2.59221,2.5017,2.58685,9541.960006858511,0
XTB,D,20181122,000000,2.58685,2.58685,2.58685,2.58685,401.55181198620335,0
XTB,D,20181123,000000,2.58156,2.59743,2.58156,2.59743,7082.285009370129,0
XTB,D,20181126,000000,2.59743,2.59743,2.53366,2.58156,3646.634929867909,0
XTB,D,20181127,000000,2.52294,2.60815,2.5017,2.5709,12640.034325775472,0
XTB,D,20181128,000000,2.5709,2.5762,2.5709,2.5762,1691.9623806740337,0
XTB,D,20181129,000000,2.54961,2.61352,2.52294,2.60815,4366.705806277074,0
XTB,D,20181130,000000,2.61352,2.61352,2.5017,2.5017,6774.655485611304,0
XTB,D,20181203,000000,2.5017,2.59221,2.46975,2.58156,12770.708813744011,0
XTB,D,20181204,000000,2.51766,2.5709,2.51766,2.5709,737.7663799882048,0
XTB,D,20181205,000000,2.5709,2.64011,2.5709,2.60815,2025.454563510101,0
XTB,D,20181206,000000,2.58156,2.73591,2.5762,2.64533,9644.049450583829,0
XTB,D,20181207,000000,2.65069,2.65069,2.56018,2.61352,7365.413066635033,0
XTB,D,20181210,000000,2.63636,2.63636,2.52749,2.57914,16345.200536713484,0
XTB,D,20181211,000000,2.57914,2.57914,2.57914,2.57914,2011.8426376799848,0
XTB,D,20181212,000000,2.63636,2.63636,2.62491,2.63636,16987.68343589092,0
XTB,D,20181213,000000,2.68794,2.7052,2.57914,2.7052,6812.76887793534,0
XTB,D,20181214,000000,2.69939,2.7052,2.69939,2.7052,9507.930192283444,0
XTB,D,20181217,000000,2.65362,2.68228,2.63636,2.68228,15704.078830117813,0
XTB,D,20181218,000000,2.63636,2.65362,2.60779,2.63636,22569.934218790295,0
XTB,D,20181219,000000,2.63636,2.65362,2.60779,2.60779,8691.214642481033,0
XTB,D,20181220,000000,2.60779,2.60779,2.53894,2.55042,16089.296331107922,0
XTB,D,20181221,000000,2.55042,2.55042,2.47019,2.52169,20721.434691071598,0
XTB,D,20181227,000000,2.48737,2.54468,2.46453,2.49304,10747.976635400111,0
XTB,D,20181228,000000,2.53322,2.53322,2.49304,2.52169,7558.702413421637,0
XTB,D,20190102,000000,2.55042,2.55042,2.55042,2.55042,3737.8348329291975,0
XTB,D,20190103,000000,2.57914,2.57914,2.57914,2.57914,1113.455532897332,0
XTB,D,20190104,000000,2.53894,2.53894,2.52749,2.52749,818.0767423854455,0
XTB,D,20190107,000000,2.53322,2.60779,2.53322,2.56195,4135.303067166322,0
XTB,D,20190108,000000,2.55042,2.63064,2.55042,2.63064,3751.4467587592026,0
XTB,D,20190109,000000,2.59052,2.63636,2.59052,2.63636,9211.190209188535,0
XTB,D,20190110,000000,2.60205,2.63636,2.60205,2.63636,1274.0762576918469,0
XTB,D,20190111,000000,2.63636,2.63636,2.63636,2.63636,59307.16084148772,0
XTB,D,20190114,000000,2.66501,2.66501,2.55042,2.61917,7008.780609887924,0
XTB,D,20190115,000000,2.56759,2.62491,2.56195,2.56759,7692.099286556042,0
XTB,D,20190116,000000,2.59052,2.59624,2.56759,2.56759,6201.593408166548,0
XTB,D,20190117,000000,2.62491,2.68228,2.62491,2.68228,41319.00085708904,0
XTB,D,20190118,000000,2.67074,2.67074,2.62491,2.62491,1883.8905348776489,0
XTB,D,20190121,000000,2.62491,2.63636,2.62491,2.63636,524.0591444565707,0
XTB,D,20190122,000000,2.62491,2.63064,2.55042,2.60205,11522.495215129073,0
XTB,D,20190123,000000,2.60205,2.60205,2.56195,2.59624,2895.2566240496544,0
XTB,D,20190124,000000,2.55615,2.60205,2.53894,2.60205,3333.560635777016,0
XTB,D,20190125,000000,2.59624,2.59624,2.57914,2.57914,3925.679409383734,0
XTB,D,20190128,000000,2.57914,2.57914,2.56195,2.56195,6491.5274283464,0
XTB,D,20190129,000000,2.56195,2.57914,2.56195,2.56759,6786.90621885832,0
XTB,D,20190130,000000,2.56759,2.56759,2.34405,2.43007,64912.55189829825,0
XTB,D,20190131,000000,2.46453,2.51596,2.34978,2.51596,14227.184877558211,0
XTB,D,20190201,000000,2.51596,2.53322,2.51596,2.53322,2224.188680628663,0
XTB,D,20190204,000000,2.55042,2.63636,2.55042,2.60779,2373.9198647590515,0
XTB,D,20190205,000000,2.56759,2.56759,2.40715,2.49884,13287.961995285534,0
XTB,D,20190206,000000,2.50457,2.57334,2.50457,2.55042,7023.753728301029,0
XTB,D,20190207,000000,2.52169,2.53894,2.49884,2.53894,14074.731308262515,0
XTB,D,20190208,000000,2.56195,2.56759,2.56195,2.56195,3167.495140650421,0
XTB,D,20190211,000000,2.47592,2.55042,2.46453,2.49304,48510.181273099435,0
XTB,D,20190212,000000,2.47592,2.47592,2.42435,2.47592,5846.32214400243,0
XTB,D,20190213,000000,2.44154,2.52749,2.44154,2.51596,31419.04720089976,0
XTB,D,20190214,000000,2.51029,2.51596,2.48737,2.51596,9008.372514320894,0
XTB,D,20190215,000000,2.51596,2.51596,2.51596,2.51596,7080.923816787139,0
XTB,D,20190218,000000,2.51029,2.62491,2.50457,2.62491,4764.174040514197,0
XTB,D,20190219,000000,2.57914,2.59052,2.49884,2.52169,12714.899917840445,0
XTB,D,20190220,000000,2.57334,2.57914,2.49884,2.49884,15267.136010973885,0
XTB,D,20190221,000000,2.49884,2.49884,2.46453,2.46453,8259.716593668729,0
XTB,D,20190222,000000,2.53894,2.53894,2.453,2.52169,2297.693080110868,0
XTB,D,20190225,000000,2.453,2.4588,2.40715,2.4588,16602.465934899694,0
XTB,D,20190226,000000,2.46453,2.49304,2.42435,2.42435,8326.415030235876,0
XTB,D,20190227,000000,2.43007,2.52169,2.43007,2.49304,7730.212678880079,0
XTB,D,20190228,000000,2.44154,2.46453,2.4358,2.46453,1916.5591568697275,0
XTB,D,20190301,000000,2.4358,2.47019,2.4358,2.453,21640.239684598877,0
XTB,D,20190304,000000,2.453,2.49304,2.44154,2.48737,6801.879337271314,0
XTB,D,20190305,000000,2.44727,2.46453,2.44727,2.46453,6829.103188931436,0
XTB,D,20190306,000000,2.44727,2.4588,2.43007,2.4588,5410.740517441157,0
XTB,D,20190307,000000,2.42435,2.44154,2.42435,2.43007,26268.294466812804,0
XTB,D,20190308,000000,2.41854,2.41854,2.40715,2.40715,5782.346092601261,0
XTB,D,20190311,000000,2.4358,2.4358,2.41854,2.42435,10189.887676368462,0
XTB,D,20190312,000000,2.42435,2.4358,2.42435,2.42435,978.6974671799269,0
XTB,D,20190313,000000,2.42435,2.42435,2.42435,2.42435,524.0591444565707,0
XTB,D,20190314,000000,2.42435,2.4358,2.42435,2.4358,1634.792292187924,0
XTB,D,20190315,000000,2.4358,2.52169,2.41288,2.49304,117123.81580458929,0
XTB,D,20190318,000000,2.49884,2.49884,2.30401,2.3212,117994.97905770916,0
XTB,D,20190319,000000,2.34978,2.34978,2.34978,2.34978,19982.307118499797,0
XTB,D,20190320,000000,2.34978,2.34978,2.17787,2.31547,61391.14668606658,0
XTB,D,20190321,000000,2.34978,2.34978,2.33831,2.34978,6701.151086128989,0
XTB,D,20190322,000000,2.26383,2.34405,2.26383,2.29254,15629.213238051725,0
XTB,D,20190325,000000,2.35559,2.35559,2.34978,2.34978,3620.772270790777,0
XTB,D,20190326,000000,2.32686,2.34978,2.30975,2.34978,3782.7541881682923,0
XTB,D,20190327,000000,2.31547,2.3212,2.26383,2.30401,14033.895530771719,0
XTB,D,20190328,000000,2.33831,2.33831,2.29254,2.29254,3434.28888691923,0
XTB,D,20190329,000000,2.3212,2.3212,2.29254,2.31547,873.8856382886105,0
XTB,D,20190401,000000,2.29254,2.30975,2.25244,2.26383,3260.0562362946994,0
XTB,D,20190402,000000,2.26962,2.29254,2.26962,2.28109,2164.296206976463,0
XTB,D,20190403,000000,2.28109,2.33259,2.28109,2.31547,8438.032822042229,0
XTB,D,20190404,000000,2.31547,2.31547,2.30975,2.30975,1964.2008972749118,0
XTB,D,20190405,000000,2.30975,2.30975,2.29254,2.30975,10017.01621832692,0
XTB,D,20190408,000000,2.29821,2.30975,2.29254,2.29254,3347.172561607021,0
XTB,D,20190409,000000,2.29254,2.29254,2.23516,2.23516,18041.246495136485,0
XTB,D,20190410,000000,2.23516,2.23516,2.22372,2.22372,48190.30101609303,0
XTB,D,20190411,000000,2.22372,2.22372,2.20079,2.20651,16629.689786560597,0
XTB,D,20190412,000000,2.20651,2.22372,2.19507,2.22372,39808.07708995415,0
XTB,D,20190415,000000,2.18934,2.28683,2.18934,2.28683,5942.966817395787,0
XTB,D,20190416,000000,2.24097,2.31547,2.24097,2.29254,9333.697541658912,0
XTB,D,20190417,000000,2.31547,2.31547,2.29254,2.30975,8548.289421265592,0
XTB,D,20190418,000000,2.31547,2.33259,2.30975,2.30975,9498.401844202408,0
XTB,D,20190423,000000,2.3212,2.34978,2.3212,2.34405,10513.851511123381,0
XTB,D,20190424,000000,2.38593,2.38593,2.3381,2.38593,3835.8406989054333,0
XTB,D,20190425,000000,2.39187,2.39187,2.38593,2.38593,1991.4247489349218,0
XTB,D,20190426,000000,2.35007,2.35007,2.27235,2.30217,23006.87703793422,0
XTB,D,20190429,000000,2.30217,2.30217,2.30217,2.30217,680.5962915020394,0
XTB,D,20190430,000000,2.28425,2.32612,2.28425,2.30217,2764.5821360812283,0
XTB,D,20190506,000000,2.27235,2.33215,2.27235,2.33215,22684.274395763186,0
XTB,D,20190507,000000,2.25443,2.25443,2.25443,2.25443,801.742431389395,0
XTB,D,20190508,000000,2.24839,2.26038,2.24839,2.26038,709.1813357451165,0
XTB,D,20190509,000000,2.23649,2.27235,2.23649,2.27235,23413.8736202526,0
XTB,D,20190510,000000,2.23048,2.33215,2.23048,2.27837,7524.672598846459,0
XTB,D,20190513,000000,2.32612,2.32612,2.27235,2.27235,1103.927184816295,0
XTB,D,20190515,000000,2.27235,2.27235,2.27235,2.27235,5017.355860953001,0
XTB,D,20190516,000000,2.24244,2.33215,2.23649,2.27235,9712.109079734073,0
XTB,D,20190517,000000,2.27235,2.31422,2.24244,2.31422,1169.2644288004412,0
XTB,D,20190520,000000,2.24244,2.27235,2.24244,2.27235,605.7306994368118,0
XTB,D,20190521,000000,2.27235,2.27235,2.27235,2.27235,1720.5474249171443,0
XTB,D,20190522,000000,2.23649,2.26632,2.16472,2.20651,7048.25519479506,0
XTB,D,20190523,000000,2.3381,2.3381,2.21255,2.21255,593.4799661897739,0
XTB,D,20190524,000000,2.21255,2.21255,2.21255,2.21255,167.4266877094949,0
XTB,D,20190527,000000,2.20651,2.28425,2.20651,2.28425,5226.97951873559,0
XTB,D,20190528,000000,2.21255,2.26632,2.18266,2.26632,2297.693080110868,0
XTB,D,20190529,000000,2.21255,2.24244,2.1886,2.21255,24780.510973589066,0
XTB,D,20190530,000000,2.23048,2.30217,2.21255,2.30217,17529.438083926474,0
XTB,D,20190531,000000,2.27235,2.39187,2.24244,2.39187,54813.86412499096,0
XTB,D,20190603,000000,2.36205,2.36205,2.36205,2.36205,3345.8113690240316,0
XTB,D,20190604,000000,2.38005,2.38005,2.38005,2.38005,334.853375419001,0
XTB,D,20190606,000000,2.36205,2.36205,2.27837,2.29027,642.4828991779253,0
XTB,D,20190607,000000,2.36205,2.36205,2.27837,2.30217,2090.7918074942586,0
XTB,D,20190610,000000,2.30217,2.34405,2.30217,2.34405,3884.8436318936074,0
XTB,D,20190611,000000,2.35007,2.35007,2.35007,2.35007,477.77859663443144,0
XTB,D,20190613,000000,2.33215,2.33215,2.33215,2.33215,167.4266877094949,0
XTB,D,20190614,000000,2.30217,2.30217,2.21857,2.28425,5556.388123822578,0
XTB,D,20190617,000000,2.28425,2.30217,2.25443,2.25443,43262.78386561922,0
XTB,D,20190618,000000,2.22445,2.22445,2.0092,2.05107,18297.150700739818,0
XTB,D,20190619,000000,2.20651,2.20651,2.09294,2.17067,9158.103698451394,0
XTB,D,20190621,000000,2.08105,2.21857,2.08105,2.19455,1206.0166285415992,0
XTB,D,20190624,000000,2.07502,2.18266,2.07502,2.15274,5154.836311836375,0
XTB,D,20190625,000000,2.09294,2.15869,2.09294,2.15869,6872.661351587541,0
XTB,D,20190626,000000,2.15274,2.15274,2.03314,2.08693,115216.7849957957,0
XTB,D,20190627,000000,2.18266,2.18266,2.12284,2.15274,121353.0411599821,0
XTB,D,20190628,000000,2.15274,2.22445,2.12284,2.22445,17559.384320752015,0
XTB,D,20190701,000000,2.16472,2.27235,2.15274,2.27235,2412.0332570831984,0
XTB,D,20190702,000000,2.27235,2.27235,2.27235,2.27235,835.7722459644964,0
XTB,D,20190703,000000,2.21255,2.21255,2.21255,2.21255,835.7722459644964,0
XTB,D,20190704,000000,2.21255,2.24839,2.09294,2.24839,6921.664284575714,0
XTB,D,20190705,000000,2.13483,2.13483,2.13483,2.13483,404.27419715220435,0
XTB,D,20190708,000000,2.11087,2.15274,2.11087,2.15274,1924.726312367775,0
XTB,D,20190709,000000,2.15274,2.15274,2.15274,2.15274,319.8802570059511,0
XTB,D,20190710,000000,2.15274,2.22445,2.15274,2.22445,668.3455582550016,0
XTB,D,20190711,000000,2.12284,2.15274,2.12284,2.12879,1682.434032592997,0
XTB,D,20190712,000000,2.24244,2.24244,2.24244,2.24244,334.853375419001,0
XTB,D,20190715,000000,2.14077,2.24244,2.09294,2.24244,25510.110198078488,0
XTB,D,20190716,000000,2.23649,2.23649,2.23649,2.23649,80.31036239723957,0
XTB,D,20190718,000000,2.16472,2.21255,2.16472,2.21255,1125.7062661443363,0
XTB,D,20190719,000000,2.16472,2.20064,2.16472,2.18266,3830.3959285734763,0
XTB,D,20190722,000000,2.15869,2.15869,2.12284,2.13483,684.6798692510521,0
XTB,D,20190723,000000,2.13483,2.13483,2.13483,2.13483,2175.1857476404894,0
XTB,D,20190724,000000,2.12284,2.13483,2.05709,2.05709,9959.846129840811,0
XTB,D,20190725,000000,2.09294,2.17662,2.09294,2.17662,33967.19971628345,0
XTB,D,20190726,000000,2.10485,2.10485,2.10485,2.10485,334.853375419001,0
XTB,D,20190729,000000,2.17662,2.17662,2.06304,2.06304,4147.553800413449,0
XTB,D,20190730,000000,2.16472,2.16472,2.16472,2.16472,1864.8338387155754,0
XTB,D,20190731,000000,2.17067,2.20064,2.17067,2.20064,1901.5860384567334,0
XTB,D,20190801,000000,2.26038,2.26038,2.15274,2.15274,13814.74352490832,0
XTB,D,20190802,000000,2.15869,2.22445,2.15274,2.22445,8386.307503888076,0
XTB,D,20190805,000000,2.23649,2.23649,2.15869,2.15869,1382.9716643321087,0
XTB,D,20190806,000000,2.16472,2.16472,2.16472,2.16472,34.02981457510141,0
XTB,D,20190807,000000,2.15869,2.15869,2.15274,2.15274,36874.70707358035,0
XTB,D,20190808,000000,2.08105,2.14672,2.08105,2.12284,9020.62324756802,0
XTB,D,20190809,000000,2.12284,2.12284,2.12284,2.12284,39.47458490711786,0
XTB,D,20190812,000000,2.1886,2.1886,2.1886,2.1886,159.25953221148086,0
XTB,D,20190813,000000,2.1886,2.1886,2.14672,2.14672,853.4677495435474,0
XTB,D,20190816,000000,2.17662,2.17662,2.17662,2.17662,394.74584907117867,0
XTB,D,20190820,000000,2.08105,2.20651,2.08105,2.20651,7068.673083540124,0
XTB,D,20190821,000000,2.09897,2.20064,2.03917,2.20064,13192.678514475165,0
XTB,D,20190822,000000,2.1886,2.1886,2.1886,2.1886,16.334310996049346,0
XTB,D,20190823,000000,2.06899,2.18266,2.06304,2.08693,10259.308498101698,0
XTB,D,20190826,000000,2.12284,2.12284,1.99127,2.03314,22075.821311159925,0
XTB,D,20190827,000000,2.03314,2.06899,2.03314,2.06899,234.12512427669725,0
XTB,D,20190828,000000,2.03314,2.08105,2.03314,2.03314,567.6173071126977,0
XTB,D,20190829,000000,2.00325,2.06899,2.00325,2.06899,1705.5743065041502,0
XTB,D,20190830,000000,2.05709,2.05709,2.05709,2.05709,2006.3978673480274,0
XTB,D,20190902,000000,2.06899,2.06899,2.06899,2.06899,334.853375419001,0
XTB,D,20190903,000000,1.97929,1.97929,1.97333,1.97333,2175.1857476404894,0
XTB,D,20190904,000000,1.96137,2.02712,1.88364,2.02712,15346.085180788607,0
XTB,D,20190905,000000,2.03314,2.03314,1.91355,2.01521,47370.86308112475,0
XTB,D,20190906,000000,2.01521,2.01521,2.01521,2.01521,108.89540664032563,0
XTB,D,20190909,000000,2.02712,2.03314,2.02712,2.03314,684.6798692510521,0
XTB,D,20190910,000000,1.85375,1.91355,1.82979,1.90752,61512.29282595386,0
XTB,D,20190911,000000,1.91355,1.91355,1.91355,1.91355,1286.3269909388623,0
XTB,D,20190912,000000,1.85375,1.91355,1.85375,1.91355,1486.4223006404136,0
XTB,D,20190913,000000,1.91355,1.91355,1.84771,1.88959,839.8558237135092,0
XTB,D,20190916,000000,1.84771,1.90165,1.84184,1.90165,2241.8841842077477,0
XTB,D,20190917,000000,1.90752,1.90752,1.90752,1.90752,1.3611925830040565,0
XTB,D,20190918,000000,1.90165,1.90752,1.79394,1.79394,61501.40328528972,0
XTB,D,20190919,000000,1.79988,1.87769,1.74017,1.87769,14052.95222693424,0
XTB,D,20190920,000000,1.80592,1.90165,1.80592,1.90165,6967.944832397799,0
XTB,D,20190923,000000,1.90165,1.90165,1.80592,1.89561,10882.734701117504,0
XTB,D,20190924,000000,1.81187,1.88959,1.81187,1.88959,677.8739063360273,0
XTB,D,20190925,000000,1.87769,1.87769,1.87769,1.87769,1.3611925830040565,0
XTB,D,20190927,000000,1.81789,1.86564,1.81789,1.86564,4396.652043103174,0
XTB,D,20190930,000000,1.86564,1.87769,1.86564,1.87769,175.59384320752017,0
XTB,D,20191001,000000,1.85375,1.85375,1.81789,1.84771,11287.00889827002,0
XTB,D,20191002,000000,1.87769,1.89561,1.81789,1.89561,8926.700959340642,0
XTB,D,20191003,000000,1.85375,1.87769,1.82384,1.87769,1897.5024607076539,0
XTB,D,20191004,000000,1.95542,1.95542,1.85976,1.85976,3535.0171380615566,0
XTB,D,20191007,000000,1.85976,1.88959,1.82384,1.88364,7610.42773157579,0
XTB,D,20191008,000000,1.88364,1.88364,1.81187,1.84184,18433.269959040983,0
XTB,D,20191009,000000,1.93749,1.93749,1.91355,1.91355,12.250733247036733,0
XTB,D,20191010,000000,1.92544,1.92544,1.81789,1.85375,277.6832869328356,0
XTB,D,20191011,000000,1.92544,1.92544,1.82979,1.90752,17082.966916701287,0
XTB,D,20191014,000000,1.90752,1.90752,1.83581,1.84184,183.7609987055454,0
XTB,D,20191015,000000,1.90165,1.90165,1.85375,1.85375,901.1094899486983,0
XTB,D,20191016,000000,1.85976,1.90165,1.85976,1.88364,754.1006909842553,0
XTB,D,20191017,000000,1.90165,1.90165,1.88364,1.88364,438.30401172730575,0
XTB,D,20191018,000000,1.90165,1.90165,1.88364,1.88364,3713.3333664350553,0
XTB,D,20191021,000000,1.88364,1.95542,1.82384,1.91355,36795.75790376563,0
XTB,D,20191022,000000,1.94344,1.94344,1.89561,1.93147,7128.5655571923235,0
XTB,D,20191023,000000,1.90165,1.94344,1.89561,1.91956,1972.368052772848,0
XTB,D,20191024,000000,1.93147,1.93749,1.88959,1.90165,6957.055291733771,0
XTB,D,20191025,000000,1.90165,1.94939,1.88364,1.93749,22827.199616978738,0
XTB,D,20191028,000000,2.10485,2.17067,2.03917,2.07502,33278.43626928372,0
XTB,D,20191029,000000,2.13483,2.26038,2.08693,2.09294,11231.200002366455,0
XTB,D,20191030,000000,2.09294,2.09294,2.06899,2.06899,2431.089953245272,0
XTB,D,20191031,000000,2.09294,2.09294,2.09294,2.09294,87.11632531226095,0
XTB,D,20191104,000000,2.09294,2.09294,2.08693,2.08693,1263.1867170278208,0
XTB,D,20191105,000000,2.14672,2.14672,2.04505,2.08105,1493.2282635554718,0
XTB,D,20191106,000000,2.14672,2.14672,2.11087,2.11087,5865.378840164502,0
XTB,D,20191107,000000,2.09294,2.09294,2.05709,2.09294,1174.70919913251,0
XTB,D,20191108,000000,2.09294,2.09294,2.04505,2.09294,359.3548419130767,0
XTB,D,20191112,000000,2.09294,2.09294,2.08105,2.09294,3943.374912962818,0
XTB,D,20191113,000000,2.09294,2.09294,2.09294,2.09294,2.722385166008113,0
XTB,D,20191114,000000,2.09294,2.09294,2.09294,2.09294,2.722385166008113,0
XTB,D,20191115,000000,2.06304,2.09294,2.04505,2.09294,1393.861204996135,0
XTB,D,20191118,000000,2.09294,2.09294,2.08693,2.09294,8284.218060162759,0
XTB,D,20191119,000000,2.09294,2.09294,2.08693,2.08693,261.34897593678505,0
XTB,D,20191120,000000,2.12284,2.12284,2.09294,2.09294,1746.4100839941646,0
XTB,D,20191121,000000,2.08693,2.08693,2.08693,2.08693,2.722385166008113,0
XTB,D,20191122,000000,2.08693,2.08693,2.03917,2.05709,3498.26493832051,0
XTB,D,20191125,000000,2.03314,2.06304,2.03314,2.06304,240.931087191722,0
XTB,D,20191126,000000,2.08105,2.08105,2.03314,2.03314,594.8411587727744,0
XTB,D,20191127,000000,2.08105,2.08105,2.08105,2.08105,2.722385166008113,0
XTB,D,20191128,000000,2.08105,2.08105,2.06304,2.06304,210.9848503656332,0
XTB,D,20191129,000000,2.08105,2.21255,1.99722,2.12284,82461.04667838612,0
XTB,D,20191202,000000,2.12284,2.21255,2.12284,2.16472,24829.51390657713,0
XTB,D,20191203,000000,2.33215,2.33215,2.14672,2.24839,511.80841120953284,0
XTB,D,20191204,000000,2.27235,2.27235,2.09897,2.14672,7775.132034119284,0
XTB,D,20191205,000000,2.09897,2.14672,2.09897,2.14672,673.7903285870146,0
XTB,D,20191206,000000,2.20651,2.20651,2.09897,2.09897,725.515646741167,0
XTB,D,20191209,000000,2.11087,2.29629,2.10485,2.29629,4937.04549855574,0
XTB,D,20191210,000000,2.12284,2.17067,2.12284,2.17067,1539.5088113775553,0
XTB,D,20191211,000000,2.26632,2.26632,2.15274,2.18266,1621.1803663578075,0
XTB,D,20191212,000000,2.26632,2.26632,2.12879,2.20651,1957.3949343598538,0
XTB,D,20191213,000000,2.26632,2.26632,2.11087,2.24244,5692.507382122962,0
XTB,D,20191216,000000,2.24244,2.26632,2.24244,2.26632,10.889540664032564,0
XTB,D,20191217,000000,2.26632,2.26632,2.15274,2.26632,3008.235608438996,0
XTB,D,20191218,000000,2.26632,2.26632,2.26632,2.26632,2.722385166008113,0
XTB,D,20191219,000000,2.26632,2.26632,2.16472,2.24839,8904.92187801259,0
XTB,D,20191220,000000,2.21255,2.21255,2.16472,2.20651,505.00244829450804,0
XTB,D,20191223,000000,2.16472,2.20651,2.15274,2.20064,4257.810399636701,0
XTB,D,20191227,000000,2.20064,2.3082,2.20064,2.3082,8427.143281378201,0
XTB,D,20191230,000000,2.31422,2.46365,2.27235,2.36205,58136.5352201035,0
XTB,D,20200102,000000,2.36205,2.45174,2.36205,2.36205,27600.902005572858,0
XTB,D,20200103,000000,2.39187,2.40384,2.28425,2.28425,6038.250298206044,0
XTB,D,20200107,000000,2.28425,2.42177,2.28425,2.42177,692.847024749066,0
XTB,D,20200108,000000,2.43978,2.43978,2.27235,2.29027,11231.200002366455,0
XTB,D,20200109,000000,2.35007,2.39798,2.35007,2.36205,1949.2277788618062,0
XTB,D,20200110,000000,2.36205,2.36205,2.27837,2.27837,9619.547984089797,0
XTB,D,20200113,000000,2.27837,2.3381,2.27235,2.27235,1304.0224945179468,0
XTB,D,20200114,000000,2.35602,2.35602,2.25443,2.27235,82593.08235893754,0
XTB,D,20200115,000000,2.35602,2.35602,2.21255,2.25443,5334.513732792974,0
XTB,D,20200116,000000,2.34405,2.34405,2.22445,2.22445,2508.677930476445,0
XTB,D,20200117,000000,2.21857,2.27235,2.21255,2.21255,49265.643156666876,0
XTB,D,20200120,000000,2.3082,2.3082,2.17067,2.17662,14100.593967339424,0
XTB,D,20200121,000000,2.17662,2.20651,2.15274,2.17662,7983.3944993188825,0
XTB,D,20200122,000000,2.32018,2.34405,2.21255,2.21255,1685.156417759087,0
XTB,D,20200123,000000,2.24839,2.30217,2.17662,2.27235,125118.09984456562,0
XTB,D,20200124,000000,2.27235,2.33215,2.22445,2.32612,98657.87722355254,0
XTB,D,20200127,000000,2.32612,2.32612,2.18266,2.32612,76188.67125590301,0
XTB,D,20200128,000000,2.33215,2.33215,2.19455,2.32612,95527.1342826425,0
XTB,D,20200129,000000,2.32612,2.32612,2.19455,2.28425,271496.6666430816,0
XTB,D,20200130,000000,2.27837,2.27837,2.20064,2.20651,56633.77860846699,0
XTB,D,20200131,000000,2.20651,2.24244,2.1886,2.1886,102851.7115717872,0
XTB,D,20200203,000000,2.23649,2.23649,2.1886,2.22445,8271.967326915745,0
XTB,D,20200204,000000,2.54138,2.61323,2.48157,2.53543,1763797.9580495434,0
XTB,D,20200205,000000,2.53543,2.53543,2.44573,2.51155,600985.5820924558,0
XTB,D,20200206,000000,2.51155,2.53543,2.47571,2.51155,106774.6685960046,0
XTB,D,20200207,000000,2.53543,2.53543,2.41589,2.42177,164272.80449468715,0
XTB,D,20200210,000000,2.4278,2.48157,2.4278,2.4278,154816.5996205528,0
XTB,D,20200211,000000,2.45769,2.48157,2.41589,2.42177,124844.50013538153,0
XTB,D,20200212,000000,2.43382,2.43382,2.368,2.368,101157.02680594705,0
XTB,D,20200213,000000,2.368,2.42177,2.35602,2.37394,84764.1845288284,0
XTB,D,20200214,000000,2.37394,2.39187,2.3082,2.33215,108439.40712501919,0
XTB,D,20200217,000000,2.38593,2.38593,2.30217,2.33215,162813.6060457016,0
XTB,D,20200218,000000,2.33215,2.39187,2.3082,2.34405,67452.53725818355,0
XTB,D,20200219,000000,2.34405,2.36205,2.32018,2.32018,164104.0166143857,0
XTB,D,20200220,000000,2.368,2.51155,2.3381,2.44573,600326.764882285,0
XTB,D,20200221,000000,2.47571,2.47571,2.42177,2.45174,101451.04440387656,0
XTB,D,20200224,000000,2.46967,2.47571,2.33215,2.39187,316697.78874689946,0
XTB,D,20200225,000000,2.38593,2.38593,2.27235,2.3381,140695.58776447133,0
XTB,D,20200226,000000,2.368,2.43978,2.29629,2.43978,61716.471713404484,0
XTB,D,20200227,000000,2.46967,2.46967,2.368,2.39187,46110.3987492628,0
XTB,D,20200228,000000,2.33215,2.46365,2.27837,2.42177,115555.72194896237,0
XTB,D,20200302,000000,2.45769,2.54138,2.45769,2.48157,72808.83007230515,0
XTB,D,20200303,000000,2.51155,2.51155,2.4278,2.4278,166903.98975762303,0
XTB,D,20200304,000000,2.4278,2.45174,2.36205,2.38593,73051.12235207859,0
XTB,D,20200305,000000,2.38593,2.45174,2.38593,2.40987,39670.59663907123,0
XTB,D,20200306,000000,2.43978,2.43978,2.36205,2.39798,30304.230475420234,0
XTB,D,20200309,000000,2.33215,2.35007,2.10485,2.30217,139496.3770988411,0
XTB,D,20200310,000000,2.33215,2.35602,2.23048,2.32018,28953.92743307942,0
XTB,D,20200311,000000,2.32018,2.35007,2.15274,2.26632,63398.905745997596,0
XTB,D,20200312,000000,2.25443,2.25443,2.03314,2.07502,178041.26747176197,0
XTB,D,20200313,000000,2.09294,2.26038,2.09294,2.21255,76399.65610626913,0
XTB,D,20200316,000000,2.24244,2.24244,2.12284,2.21255,45168.45348182437,0
XTB,D,20200317,000000,2.24244,2.38593,2.17662,2.17662,166266.95162877598,0
XTB,D,20200318,000000,2.21255,2.31422,2.21255,2.24244,133720.83696915637,0
XTB,D,20200319,000000,2.3082,2.38005,2.28425,2.38005,56640.584571382504,0
XTB,D,20200320,000000,2.45174,2.45174,2.30217,2.368,113332.89446092329,0
XTB,D,20200323,000000,2.35602,2.35602,2.27235,2.35602,30144.970943207914,0
XTB,D,20200324,000000,2.37394,2.60118,2.37394,2.51155,1356560.4446441229,0
XTB,D,20200325,000000,2.60118,2.667,2.4876,2.57737,148830.0746404941,0
XTB,D,20200326,000000,2.62513,2.88225,2.57128,2.86432,1864843.3670637347,0
XTB,D,20200327,000000,2.86432,2.92413,2.69095,2.71483,194288.46214250603,0
XTB,D,20200330,000000,2.85838,2.85838,2.72679,2.75068,88785.14741902305,0
XTB,D,20200331,000000,2.84038,2.84038,2.67896,2.75068,135035.74900433677,0
XTB,D,20200401,000000,2.78653,2.78653,2.6969,2.75068,43098.07956307428,0
XTB,D,20200402,000000,2.75677,2.75677,2.6969,2.74472,77647.86970488407,0
XTB,D,20200403,000000,2.74472,2.7747,2.6969,2.74472,133405.0402898997,0
XTB,D,20200406,000000,2.74472,2.76861,2.71483,2.72078,230839.20538133805,0
XTB,D,20200407,000000,2.72078,2.8763,2.64907,2.67896,379207.83573618415,0
XTB,D,20200408,000000,2.68492,2.68492,2.60118,2.66097,113797.06113172142,0
XTB,D,20200409,000000,2.69095,2.74472,2.64907,2.667,429625.0478180761,0
XTB,D,20200414,000000,2.67302,2.72078,2.6371,2.67302,772727.2502900861,0
XTB,D,20200415,000000,2.68492,3.01383,2.62513,2.98995,786388.1790531059,0
XTB,D,20200416,000000,3.09758,3.43243,3.04968,3.28888,993154.6936040138,0
XTB,D,20200417,000000,3.34875,3.40848,3.25302,3.37264,532295.7207763148,0
XTB,D,20200420,000000,3.51618,3.59986,3.39658,3.59986,428839.6396976876,0
XTB,D,20200421,000000,3.70748,3.70748,3.12145,3.62373,815063.0620066841,0
XTB,D,20200422,000000,3.5759,3.82708,3.5759,3.7434,477688.75792395254,0
XTB,D,20200423,000000,3.76729,3.82708,3.7434,3.76729,177781.27968840665,0
XTB,D,20200424,000000,3.76729,3.79123,3.63579,3.7434,580861.7109453257,0
XTB,D,20200427,000000,5.22637,5.90835,5.02303,5.08283,5991889.44002143,0
XTB,D,20200428,000000,5.46557,6.60737,5.0948,5.38182,6070462.920682798,0
XTB,D,20200429,000000,5.65218,5.77508,5.08694,5.22211,2815014.321281591,0
XTB,D,20200430,000000,5.20977,5.22211,4.69375,4.73063,2476857.331463632,0
XTB,D,20200504,000000,4.92722,5.60303,4.80432,5.16069,3498537.176836974,0
XTB,D,20200505,000000,4.90261,5.20977,4.54631,4.59538,7094914.154155222,0
XTB,D,20200506,000000,4.42347,4.8412,4.16539,4.42347,5775009.264578915,0
XTB,D,20200507,000000,4.66921,5.13608,4.37426,5.12382,4713182.405162291,0
XTB,D,20200508,000000,5.34502,5.51699,5.18523,5.34502,3461220.0821740385,0
XTB,D,20200511,000000,5.45551,5.49239,5.20977,5.34502,1471895.6533945855,0
XTB,D,20200512,000000,5.35728,5.7136,5.28353,5.59076,1437309.1110530344,0
XTB,D,20200513,000000,5.59076,5.76274,5.41871,5.56615,1268902.364683823,0
XTB,D,20200514,000000,5.44324,5.46785,4.90261,5.1975,3264013.2231335393,0
XTB,D,20200515,000000,5.29587,5.41871,5.01318,5.25891,709626.4457197633,0
XTB,D,20200518,000000,5.28353,5.73821,5.25891,5.56615,2026427.8162069647,0
XTB,D,20200519,000000,5.57842,5.75047,5.41871,5.46785,1154773.172561855,0
XTB,D,20200520,000000,5.34502,5.57842,5.27119,5.44324,688254.3609740104,0
XTB,D,20200521,000000,5.46785,5.55387,5.32041,5.38182,945738.9111676518,0
XTB,D,20200522,000000,5.40644,5.40644,5.17296,5.28353,643412.5937121189,0
XTB,D,20200525,000000,5.34502,5.34502,5.17296,5.28353,519829.9191011779,0
XTB,D,20200526,000000,5.28353,5.44324,5.24665,5.32041,530331.519879056,0
XTB,D,20200527,000000,5.27119,5.28353,5.05006,5.14836,947915.458107882,0
XTB,D,20200528,000000,5.20977,5.20977,4.92722,5.03778,805408.1230154296,0
XTB,D,20200529,000000,5.08694,5.40644,5.03778,5.32041,723468.413096338,0
XTB,D,20200601,000000,5.3941,6.38939,5.3941,6.35869,3780527.2771024723,0
XTB,D,20200602,000000,6.23579,6.72733,6.08224,6.38939,2609459.2681295783,0
XTB,D,20200603,000000,6.45088,6.63529,6.32798,6.48189,1226823.8183653185,0
XTB,D,20200604,000000,6.51261,6.51261,6.14366,6.45088,908134.604869581,0
XTB,D,20200605,000000,6.54323,7.18854,6.51261,6.75804,2669125.7838130225,0
XTB,D,20200608,000000,6.75804,6.97285,6.4201,6.63529,1243463.0365000588,0
XTB,D,20200609,000000,6.51261,6.78875,6.17437,6.78875,1412709.63869313,0
XTB,D,20200610,000000,6.91144,7.24952,6.6967,7.18854,933546.7092016877,0
XTB,D,20200612,000000,6.8501,7.61758,6.78875,7.43392,1970237.7863804826,0
XTB,D,20200615,000000,7.55661,7.92541,7.1577,7.43392,1808619.3074226524,0
XTB,D,20200616,000000,7.61758,7.6793,7.43392,7.55661,426514.72276590473,0
XTB,D,20200617,000000,7.55661,7.61758,7.31124,7.37221,697387.9632059791,0
XTB,D,20200618,000000,7.31124,7.89455,7.21867,7.61758,1107391.4199400372,0
XTB,D,20200619,000000,7.6793,7.6793,7.46478,7.6793,363740.6044155172,0
XTB,D,20200622,000000,7.64844,7.64844,7.43392,7.61758,568315.5989077799,0
XTB,D,20200623,000000,7.64844,8.23249,7.52575,7.86368,1477250.5850161868,0
XTB,D,20200624,000000,7.98712,8.07895,7.61758,7.77186,880462.920849685,0
XTB,D,20200625,000000,7.74101,7.95625,7.71015,7.74101,522614.91912598896,0
XTB,D,20200626,000000,7.77186,7.89455,7.64844,7.77186,529840.1293565892,0
XTB,D,20200629,000000,7.77186,8.07895,7.77186,7.98712,665218.8988918401,0
XTB,D,20200630,000000,7.98712,8.2626,7.80271,8.04809,1429282.1583910894,0
XTB,D,20200701,000000,7.98712,8.1098,7.71015,7.92541,685052.8360187962,0
XTB,D,20200702,000000,7.92541,7.92541,7.77186,7.92541,438762.73362778133,0
XTB,D,20200703,000000,7.83358,8.41689,7.83358,8.2626,1177302.2710031879,0
XTB,D,20200706,000000,8.1098,8.53954,8.1098,8.50948,1768608.4126377702,0
XTB,D,20200707,000000,8.53954,9.15447,8.29347,8.87751,2635791.5386477867,0
XTB,D,20200708,000000,8.93845,9.39984,8.93845,8.97014,2105474.991887112,0
XTB,D,20200709,000000,9.0619,9.18458,8.78491,8.97014,958926.1449117921,0
XTB,D,20200710,000000,9.03107,9.30726,8.84669,9.15447,582310.0198536437,0
XTB,D,20200713,000000,9.27716,9.95226,9.24623,9.8296,1556673.4498493508,0
XTB,D,20200714,000000,10.1059,11.0278,9.98316,10.4746,2547188.791034878,0
XTB,D,20200715,000000,10.936,11.1505,9.86041,10.1366,2591031.4429407786,0
XTB,D,20200716,000000,10.3219,10.5673,9.64591,9.95226,1657698.4409746928,0
XTB,D,20200717,000000,10.1675,10.9668,10.1366,10.9668,1568594.7744911693,0
XTB,D,20200720,000000,11.8573,13.0246,11.5501,13.0246,4529835.209002043,0
XTB,D,20200721,000000,13.5161,15.2366,13.2082,14.7451,5606987.735710656,0
XTB,D,20200722,000000,15.1133,16.3416,13.7004,16.2806,3474057.4894243223,0
XTB,D,20200723,000000,16.5267,17.5707,15.543,16.1578,4882547.431109973,0
XTB,D,20200724,000000,16.1578,16.3416,14.8062,15.6656,2587725.1061567036,0
XTB,D,20200727,000000,15.6656,17.2026,15.2366,17.2026,2430097.6438523135,0
XTB,D,20200728,000000,17.2635,18.0012,17.0181,17.448,2185615.205211487,0
XTB,D,20200729,000000,14.7451,15.1749,11.9799,11.9799,12321772.526751028,0
XTB,D,20200730,000000,11.7955,12.5331,9.52253,10.0757,11221053.672852721,0
XTB,D,20200731,000000,10.6282,11.7955,10.3828,11.7955,6817918.269476923,0
XTB,D,20200803,000000,12.287,12.8402,11.8573,12.5941,3553213.560511145,0
XTB,D,20200804,000000,12.8402,13.6388,11.0587,11.949,5742672.773576981,0
XTB,D,20200805,000000,12.1643,12.7792,11.4275,12.5941,2292659.3899389463,0
XTB,D,20200806,000000,12.8402,12.9019,11.581,11.6729,1569475.4660923928,0
XTB,D,20200807,000000,11.4275,11.6729,10.5673,11.6729,2288313.102021339,0
XTB,D,20200810,000000,11.642,11.642,10.936,10.936,1207922.2981578514,0
XTB,D,20200811,000000,10.7509,10.8743,10.1991,10.5364,1798105.4559115316,0
XTB,D,20200812,000000,10.659,10.9668,9.8296,10.8132,1789867.5183992237,0
XTB,D,20200813,000000,10.936,11.5501,10.8132,11.243,1881566.9791384859,0
XTB,D,20200814,000000,11.3349,11.5501,10.8132,11.2122,915618.441690939,0
XTB,D,20200817,000000,11.1814,11.6119,10.936,10.936,947718.0851833367,0
XTB,D,20200818,000000,11.0587,11.4275,10.5055,10.9969,1663024.7875520391,0
XTB,D,20200819,000000,10.9668,11.0587,10.5673,10.6282,738794.0803883836,0
XTB,D,20200820,000000,10.6282,11.3041,10.291,11.3041,1704583.3583036098,0
XTB,D,20200821,000000,11.3041,11.8573,11.0587,11.1505,2561663.7129625413,0
XTB,D,20200824,000000,11.3041,11.3349,10.8743,10.936,486754.3005267552,0
XTB,D,20200825,000000,10.9969,11.0278,10.6898,10.7509,394877.88475173,0
XTB,D,20200826,000000,10.7509,10.8132,10.3828,10.8132,696922.4353425837,0
XTB,D,20200827,000000,10.8132,11.2122,10.5673,10.8132,726467.1203566956,0
XTB,D,20200828,000000,10.9051,11.0587,10.7817,10.9668,388698.0704248848,0
XTB,D,20200831,000000,11.0278,11.0587,10.6282,10.6898,466498.3936990736,0
XTB,D,20200901,000000,10.659,10.8743,10.3219,10.4746,661824.0845898284,0
XTB,D,20200902,000000,10.5055,10.936,10.4746,10.8442,655885.2013501872,0
XTB,D,20200903,000000,10.9668,11.1505,10.6282,10.6282,753062.1010434204,0
XTB,D,20200904,000000,10.4445,10.936,10.3519,10.4445,725491.1452746707,0
XTB,D,20200907,000000,10.6282,10.936,10.5055,10.5973,725077.3427294403,0
XTB,D,20200908,000000,10.6898,10.6898,9.2155,10.1059,3066118.9618387255,0
XTB,D,20200909,000000,9.98316,10.5364,9.86041,10.3219,1235446.9733786916,0
XTB,D,20200910,000000,10.3828,10.3828,9.73776,9.79947,1232347.537867277,0
XTB,D,20200911,000000,9.79947,9.95226,9.67682,9.8296,515904.239691788,0
XTB,D,20200914,000000,9.79947,10.2601,9.76866,9.86041,558777.722478673,0
XTB,D,20200915,000000,9.89132,10.0141,9.8296,9.95226,443153.9409005555,0
XTB,D,20200916,000000,9.89132,10.1366,9.89132,10.0141,284351.76939697517,0
XTB,D,20200917,000000,9.95226,9.98316,9.8296,9.89132,324992.8963477174,0
XTB,D,20200918,000000,9.98316,10.9668,9.95226,10.7509,2348730.9960105945,0
XTB,D,20200921,000000,10.8743,10.936,10.0141,10.0757,1429923.280097695,0
XTB,D,20200922,000000,10.1366,10.5055,10.0141,10.2601,676299.0065174914,0
XTB,D,20200923,000000,10.1675,10.3219,9.86041,9.98316,822781.0239523039,0
XTB,D,20200924,000000,9.86041,9.89132,9.61509,9.61509,834971.864725693,0
XTB,D,20200925,000000,9.61509,9.67682,9.18458,9.2155,1376316.793793843,0
XTB,D,20200928,000000,9.2155,10.3219,8.69308,10.0141,3800373.4649626594,0
XTB,D,20200929,000000,10.0141,10.1991,9.42995,9.46087,1391646.544663647,0
XTB,D,20200930,000000,9.52253,9.95226,9.09272,9.52253,1325153.648176518,0
XTB,D,20201001,000000,9.64591,9.79947,9.36901,9.46087,735746.3701950224,0
XTB,D,20201002,000000,9.33809,9.58427,9.33809,9.36901,573901.9332684258,0
XTB,D,20201005,000000,9.4917,10.5364,9.39984,10.3828,1804164.1240985934,0
XTB,D,20201006,000000,10.4445,10.7509,9.98316,10.0141,1647390.1295435901,0
XTB,D,20201007,000000,9.95226,10.0757,9.73776,9.8296,684071.4161664487,0
XTB,D,20201008,000000,10.0141,10.0757,9.46087,9.4917,1267919.5836389116,0
XTB,D,20201009,000000,9.64591,9.70695,9.36901,9.52253,1116265.0343885948,0
XTB,D,20201012,000000,9.52253,9.55335,9.33809,9.39984,545797.3900071367,0
XTB,D,20201013,000000,9.4917,10.0449,9.46087,9.89132,1620156.7495355327,0
XTB,D,20201014,000000,9.86041,10.7207,9.8296,10.0141,3113180.834203517,0
XTB,D,20201015,000000,10.0757,10.3219,9.58427,9.89132,1029076.5658694938,0
XTB,D,20201016,000000,9.76866,10.9969,9.76866,10.936,1978403.5806859997,0
XTB,D,20201019,000000,11.3041,11.8264,10.5055,10.5673,5114064.510397746,0
XTB,D,20201020,000000,10.6282,10.9051,10.3828,10.4746,1172090.2646028614,0
XTB,D,20201021,000000,10.5364,10.6898,10.1991,10.291,1027630.9793463481,0
XTB,D,20201022,000000,10.2601,10.3519,9.95226,10.0141,1316281.394920368,0
XTB,D,20201023,000000,9.95226,10.3519,9.76866,10.1366,1312408.802021763,0
XTB,D,20201026,000000,11.0587,11.3349,10.4445,10.5055,4479483.334164101,0
XTB,D,20201027,000000,10.6282,11.0896,10.5364,10.936,1599041.9301878845,0
XTB,D,20201028,000000,10.8743,10.936,9.42995,10.2293,2778993.0819575065,0
XTB,D,20201029,000000,10.291,10.3519,9.73776,10.1366,1082913.0937198827,0
XTB,D,20201030,000000,9.89132,10.0757,9.4917,9.58427,1252088.913898604,0
XTB,D,20201102,000000,9.8296,10.1059,9.58427,9.64591,1291110.2216754765,0
XTB,D,20201103,000000,9.70695,9.95226,9.70695,9.70695,610557.4883361516,0
XTB,D,20201104,000000,9.8296,10.3519,9.73776,10.0757,1573075.8204744225,0
XTB,D,20201105,000000,10.2601,10.6898,10.2601,10.6898,1578166.6807349655,0
XTB,D,20201106,000000,10.5973,10.9051,10.2293,10.5364,1028088.3400542263,0
XTB,D,20201109,000000,10.7817,10.7817,9.92222,10.4445,1516270.5316005284,0
XTB,D,20201110,000000,10.3219,10.5673,10.1991,10.3219,839934.7728833315,0
XTB,D,20201112,000000,10.3219,10.5673,10.1991,10.4746,554924.1862761857,0
XTB,D,20201113,000000,10.4746,10.5055,10.3219,10.3219,334670.975612882,0
XTB,D,20201116,000000,10.4136,10.5673,10.2293,10.3219,536467.7760432312,0
XTB,D,20201117,000000,10.3519,10.4136,10.0757,10.1366,794112.9469616568,0
XTB,D,20201118,000000,10.1366,10.2601,9.95226,10.2601,475388.3424586771,0
XTB,D,20201119,000000,10.2601,10.3219,10.1059,10.1675,413067.5012384091,0
XTB,D,20201120,000000,10.1991,10.2601,10.0449,10.2601,324368.1089521241,0
XTB,D,20201123,000000,10.2601,10.291,10.0757,10.1675,406672.61848346476,0
XTB,D,20201124,000000,10.1366,10.8743,10.0757,10.7207,1343961.2460958147,0
XTB,D,20201125,000000,10.7509,10.7817,10.3219,10.3828,531174.0980879321,0
XTB,D,20201126,000000,10.3828,10.5055,10.1675,10.2601,440402.9706902996,0
XTB,D,20201127,000000,10.291,10.4445,10.2293,10.3828,351692.6888633471,0
XTB,D,20201130,000000,10.3828,10.3828,9.95226,10.1991,650925.0155777208,0
XTB,D,20201201,000000,10.0757,10.4445,9.8296,9.92222,819101.7204004518,0
XTB,D,20201202,000000,9.95226,10.2601,9.86041,10.0449,666497.0587272706,0
XTB,D,20201203,000000,10.1366,10.1366,10.0141,10.0757,246608.62145543285,0
XTB,D,20201204,000000,10.0757,10.1991,9.95226,9.98316,535573.4725162014,0
XTB,D,20201207,000000,9.98316,10.0449,9.73776,9.92222,905567.3956580302,0
XTB,D,20201208,000000,9.86041,10.3219,9.8296,10.291,825642.2507617874,0
XTB,D,20201209,000000,10.3219,10.3219,10.0141,10.0141,772091.5733538142,0
XTB,D,20201210,000000,10.0141,10.7509,9.86041,10.5673,1556756.4825968316,0
XTB,D,20201211,000000,10.5055,10.5364,10.0449,10.1675,898926.1370455592,0
XTB,D,20201214,000000,10.1991,10.2601,9.86041,9.95226,827377.7713051183,0
XTB,D,20201215,000000,9.95226,10.1059,9.92222,10.0449,325194.352849999,0
XTB,D,20201216,000000,10.0449,10.1059,9.95226,9.98316,365583.6591728921,0
XTB,D,20201217,000000,10.1366,10.2601,9.89132,9.95226,556775.4081890667,0
XTB,D,20201218,000000,9.89132,10.0757,9.8296,9.89132,1201682.591357324,0
XTB,D,20201221,000000,9.92222,10.1366,9.76866,10.0449,836720.9971948527,0
XTB,D,20201222,000000,9.95226,10.1675,9.92222,9.95226,370264.8004658517,0
XTB,D,20201223,000000,9.95226,10.0449,9.92222,9.98316,664036.0225372111,0
XTB,D,20201228,000000,9.98316,11.6119,9.92222,10.9668,5530811.315187995,0
XTB,D,20201229,000000,11.0278,11.3958,10.9051,11.0587,1691901.127007821,0
XTB,D,20201230,000000,11.1197,11.1197,10.7509,10.9969,755088.9167995116,0
XTB,D,20210104,000000,11.1197,12.9019,11.0896,12.5331,3031005.6379674766,0
XTB,D,20210105,000000,12.3487,13.1472,12.1952,13.0856,2371761.0133224307,0
XTB,D,20210107,000000,13.2707,13.8848,13.2707,13.7615,1672305.398582941,0
XTB,D,20210108,000000,13.9465,13.9465,13.0246,13.3316,1645051.6006860347,0
XTB,D,20210111,000000,13.6388,13.8232,12.287,12.9019,2456380.9114375287,0
XTB,D,20210112,000000,12.7792,13.0246,12.2569,12.7175,1179541.4328022283,0
XTB,D,20210113,000000,12.8402,12.8402,12.1643,12.287,1418478.372859828,0
XTB,D,20210114,000000,12.226,12.6565,12.0108,12.5331,853488.1674322961,0
XTB,D,20210115,000000,12.3487,12.5331,12.1643,12.3487,619267.7596747864,0
XTB,D,20210118,000000,12.287,12.3487,12.0108,12.1643,607498.8886021341,0
XTB,D,20210119,000000,12.1952,12.7175,12.1643,12.4105,901121.7406819408,0
XTB,D,20210120,000000,12.4105,12.6565,12.1033,12.226,636417.4250280552,0
XTB,D,20210121,000000,12.287,12.5331,12.1033,12.2569,469011.15520729794,0
XTB,D,20210122,000000,12.287,12.3487,12.0108,12.287,479005.031151708,0
XTB,D,20210125,000000,12.287,12.3487,12.0724,12.2569,521634.8604662389,0
XTB,D,20210126,000000,12.226,12.2569,11.9799,12.1952,662201.1349353201,0
XTB,D,20210127,000000,12.1643,12.1643,11.243,11.5192,1598403.530866451,0
XTB,D,20210128,000000,11.3041,11.7955,10.7207,11.7955,1442998.896050066,0
XTB,D,20210129,000000,11.581,12.1342,11.4275,11.642,823788.306463734,0
XTB,D,20210201,000000,11.6119,11.9799,11.581,11.8264,479772.7437685314,0
XTB,D,20210202,000000,11.949,12.0417,11.6729,11.9799,449562.4355813398,0
XTB,D,20210203,000000,12.0724,12.8402,11.9182,12.7175,1456013.2583361126,0
XTB,D,20210204,000000,10.8132,11.3658,10.1675,10.4136,8105522.059058541,0
XTB,D,20210205,000000,10.4136,10.659,10.1991,10.3219,1849670.1533409557,0
XTB,D,20210208,000000,10.3519,10.4136,9.8296,9.95226,1943403.235799129,0
XTB,D,20210209,000000,9.86041,10.291,9.76866,10.2293,1433440.601732244,0
XTB,D,20210210,000000,10.2293,10.3219,9.98316,9.98316,579646.1659687054,0
XTB,D,20210211,000000,10.1366,10.1366,9.92222,10.0449,447046.95168794296,0
XTB,D,20210212,000000,10.0141,10.1675,9.98316,10.0449,571869.6727420007,0
XTB,D,20210215,000000,10.0141,10.1059,10.0141,10.0449,459993.25434490165,0
XTB,D,20210216,000000,10.0449,10.1059,9.92222,10.1059,585669.4431485028,0
XTB,D,20210217,000000,10.2601,10.5055,10.0757,10.1366,1099678.90276474,0
XTB,D,20210218,000000,10.1675,10.1991,10.0141,10.0141,618320.3696370163,0
XTB,D,20210219,000000,10.0449,10.1059,9.92222,9.92222,401813.1609621337,0
XTB,D,20210222,000000,9.92222,9.98316,9.73776,9.76866,806777.4827539363,0
XTB,D,20210223,000000,9.76866,9.98316,9.70695,9.98316,484029.19297558174,0
XTB,D,20210224,000000,9.89132,9.98316,9.79947,9.86041,300803.14295515086,0
XTB,D,20210225,000000,9.92222,10.0141,9.86041,9.95226,237545.80123779151,0
XTB,D,20210226,000000,9.95226,9.98316,9.76866,9.79947,363604.4851572071,0
XTB,D,20210301,000000,9.92222,9.95226,9.79947,9.8296,305842.2778974396,0
XTB,D,20210302,000000,9.86041,9.95226,9.8296,9.89132,324238.79565674515,0
XTB,D,20210303,000000,9.89132,9.95226,9.79947,9.86041,493505.8157384537,0
XTB,D,20210304,000000,9.86041,9.92222,9.64591,9.8296,470059.2734962143,0
XTB,D,20210305,000000,9.8296,9.92222,9.70695,9.8296,330675.87538176205,0
XTB,D,20210308,000000,9.89132,9.92222,9.79947,9.92222,236586.16046677902,0
XTB,D,20210309,000000,9.92222,10.5673,9.8296,10.5364,1293763.186019725,0
XTB,D,20210310,000000,10.7509,10.7509,10.0449,10.0449,1253402.464741131,0
XTB,D,20210311,000000,10.1366,10.5364,9.98316,10.5055,1481459.3924827527,0
XTB,D,20210312,000000,10.5364,10.6898,10.3219,10.5055,1065695.3687374585,0
XTB,D,20210315,000000,10.659,11.243,10.5673,11.1505,1124767.0432620726,0
XTB,D,20210316,000000,11.2122,11.3958,10.8743,10.9969,932444.1432094452,0
XTB,D,20210317,000000,11.1197,11.1505,10.6282,10.8442,766095.5200256854,0
XTB,D,20210318,000000,10.8442,10.9668,10.7207,10.8132,313173.6611494864,0
XTB,D,20210319,000000,10.7509,11.0896,10.659,10.659,612936.8529712383,0
XTB,D,20210322,000000,10.7509,10.9969,10.5364,10.6282,562638.0646440579,0
XTB,D,20210323,000000,10.6282,10.7207,10.4445,10.4445,445917.161844054,0
XTB,D,20210324,000000,10.4746,10.5673,10.3219,10.4445,451732.17655865,0
XTB,D,20210325,000000,10.4445,10.4746,10.1991,10.3519,429917.7042234115,0
XTB,D,20210326,000000,10.3828,10.5055,10.2601,10.3828,234902.3652416019,0
XTB,D,20210329,000000,10.4445,10.5973,10.3219,10.4445,464975.2191986916,0
XTB,D,20210330,000000,10.5055,10.5055,10.3828,10.4136,251145.47633457615,0
XTB,D,20210331,000000,10.4746,10.7509,10.3519,10.5364,598711.0292862629,0
XTB,D,20210401,000000,10.5673,10.9668,10.5364,10.7266,628805.6361039045,0
XTB,D,20210406,000000,10.936,11.1872,10.8683,11.0344,884193.949719702,0
XTB,D,20210407,000000,11.0896,11.0896,10.936,10.9728,503143.05922613194,0
XTB,D,20210408,000000,10.9485,11.5501,10.936,11.5192,1090079.772669409,0
XTB,D,20210409,000000,11.6485,11.7955,11.4275,11.5501,852467.2729950487,0
XTB,D,20210412,000000,11.5627,11.7529,11.2798,11.6119,816410.6426638447,0
XTB,D,20210413,000000,11.6119,11.6978,11.5501,11.5869,394225.8735044791,0
XTB,D,20210414,000000,11.6854,12.2135,11.642,11.9182,1585244.8821664874,0
XTB,D,20210415,000000,12.1033,12.2135,11.9366,11.9983,862542.8204944313,0
XTB,D,20210416,000000,12.0108,12.0108,11.3958,11.4275,1713663.8740249502,0
XTB,D,20210419,000000,11.4275,11.6729,11.0587,11.1079,1316504.630503951,0
XTB,D,20210420,000000,11.5576,11.6604,11.2372,11.3599,1006661.8076051583,0
XTB,D,20210421,000000,11.3394,11.3394,11.0734,11.3261,397739.11156121356,0
XTB,D,20210422,000000,11.2512,11.387,11.1145,11.2512,360967.8551239263,0
XTB,D,20210423,000000,11.299,11.3055,11.0329,11.0872,421155.7075666341,0
XTB,D,20210426,000000,12.1371,12.5941,12.0013,12.3965,2856287.041590836,0
XTB,D,20210427,000000,12.4105,12.4105,12.035,12.0828,593861.1001130244,0
XTB,D,20210428,000000,12.0145,12.0145,11.728,11.7624,564187.1018035335,0
XTB,D,20210429,000000,11.8029,12.2392,11.728,12.1305,545840.9481698066,0
XTB,D,20210430,000000,12.1988,12.5191,12.1717,12.3487,854999.0911994355,0
XTB,D,20210504,000000,12.3627,12.417,11.8309,11.9329,681169.3535794789,0
XTB,D,20210505,000000,11.9667,12.0013,11.8712,11.919,240201.48796722366,0
XTB,D,20210506,000000,12.0689,12.1305,11.5987,11.5987,555736.8182482318,0
XTB,D,20210507,000000,11.592,11.783,11.4554,11.5781,536324.8508220235,0
XTB,D,20210510,000000,11.592,11.7008,11.3664,11.4422,612524.4116185829,0
XTB,D,20210511,000000,11.4487,11.6464,11.4422,11.5171,373556.16413155576,0
XTB,D,20210512,000000,11.6259,11.9535,11.6259,11.7008,422560.4583122823,0
XTB,D,20210513,000000,11.7081,11.783,11.5238,11.5987,356104.3140248589,0
XTB,D,20210514,000000,11.5987,11.6531,11.4759,11.5781,133539.79835562356,0
XTB,D,20210517,000000,11.565,11.844,11.5303,11.728,279874.8069914696,0
XTB,D,20210518,000000,11.6604,11.7624,11.5576,11.592,158830.75654782416,0
XTB,D,20210519,000000,11.6126,11.6192,11.4554,11.49,240458.7533654177,0
XTB,D,20210520,000000,11.5238,11.6875,11.4694,11.6325,230946.73959539318,0
XTB,D,20210521,000000,11.7081,11.9461,11.6398,11.9058,376569.8445103283,0
XTB,D,20210524,000000,11.974,12.0968,11.6736,11.8712,425461.15970666584,0
XTB,D,20210525,000000,11.8646,12.0013,11.728,11.7624,319755.0272883196,0
XTB,D,20210526,000000,11.8506,12.1988,11.8234,12.1166,373184.5585563978,0
XTB,D,20210527,000000,12.1849,12.3422,11.9667,12.2054,1166099.6560449994,0
XTB,D,20210528,000000,12.1371,12.1371,11.9461,12.0689,162593.09284725753,0
XTB,D,20210531,000000,12.0689,12.0689,11.7963,11.8917,195523.06381528883,0
XTB,D,20210601,000000,11.8168,11.8852,11.7353,11.7963,183650.74210632892,0
XTB,D,20210602,000000,11.7624,12.1305,11.7485,12.0211,180894.32712573928,0
XTB,D,20210604,000000,12.0211,12.1643,11.9667,11.9807,222348.08604853883,0
XTB,D,20210607,000000,12.0417,12.0689,11.8646,12.0622,206320.0433836749,0
XTB,D,20210608,000000,12.035,12.3487,11.9807,12.2121,477634.3102206263,0
XTB,D,20210609,000000,12.2121,12.2673,12.1444,12.1444,133939.98897502534,0
XTB,D,20210610,000000,12.1371,12.478,12.1033,12.4648,371359.19930258807,0
XTB,D,20210611,000000,12.478,13.0238,12.478,12.7785,982698.0121813695,0
XTB,D,20210614,000000,12.8806,12.8872,12.6287,12.874,280485.98246123415,0
XTB,D,20210615,000000,12.8395,12.874,12.3149,12.3282,486766.55126000894,0
XTB,D,20210616,000000,12.2943,12.2943,11.8984,12.0078,508334.6477376985,0
XTB,D,20210617,000000,12.0078,12.0894,11.6604,11.7624,423825.00622189505,0
XTB,D,20210618,000000,11.7963,12.0284,11.7691,11.8234,316485.44270395045,0
XTB,D,20210621,000000,11.8234,12.0284,11.7963,11.8506,204524.63036669514,0
XTB,D,20210622,000000,11.8506,12.035,11.7963,11.8029,128933.52265472789,0
XTB,D,20210623,000000,11.7963,11.9329,11.7963,11.8646,92642.76719925676,0
XTB,D,20210624,000000,11.8646,11.9124,11.7963,11.8646,155209.98427703461,0
XTB,D,20210625,000000,11.858,11.9124,11.8309,11.8646,96229.50965547214,0
XTB,D,20210628,000000,11.8506,11.919,11.7353,11.7963,151766.16704203028,0
XTB,D,20210629,000000,11.8102,11.9873,11.7757,11.7757,210185.83031940475,0
XTB,D,20210630,000000,11.8646,11.9329,11.7963,11.8646,292644.1546126318,0
XTB,D,20210701,000000,11.8852,11.9124,11.6736,11.728,387251.1227091642,0
XTB,D,20210702,000000,11.7419,11.7624,11.6259,11.728,131925.4239521654,0
XTB,D,20210705,000000,11.7353,11.7624,11.6259,11.6802,105176.62850355885,0
XTB,D,20210706,000000,11.7008,11.7419,11.6259,11.6604,110738.46139771282,0
XTB,D,20210707,000000,11.667,11.728,11.5576,11.5781,182603.98500999887,0
XTB,D,20210708,000000,11.5847,11.9329,11.5303,11.7963,348067.83301481005,0
XTB,D,20210709,000000,11.8646,11.8712,11.5097,11.5369,314743.11619769956,0
XTB,D,20210712,000000,11.5847,11.6604,11.2372,11.285,534076.1606748907,0
XTB,D,20210713,000000,11.387,11.5509,11.2439,11.4282,238893.38189496324,0
XTB,D,20210714,000000,11.387,11.4966,11.2512,11.3466,161614.39538008248,0
XTB,D,20210715,000000,11.3055,11.387,11.2512,11.2512,174786.65600579666,0
XTB,D,20210716,000000,11.2439,11.2512,11.1145,11.1145,188910.39024706176,0
XTB,D,20210719,000000,11.1145,11.1416,10.8757,10.9103,307464.81945637043,0
XTB,D,20210720,000000,11.1145,11.4143,11.0123,11.4143,368834.18706110993,0
XTB,D,20210721,000000,11.2512,11.3466,11.0461,11.2578,307894.95631260227,0
XTB,D,20210722,000000,11.3055,11.7963,11.3055,11.6604,423094.04580482165,0
XTB,D,20210723,000000,11.728,11.8102,11.4966,11.6259,213196.78831301598,0
XTB,D,20210726,000000,11.6259,11.728,11.4554,11.462,142011.8609922268,0
XTB,D,20210727,000000,11.49,11.5781,11.121,11.1828,339022.70830074494,0
XTB,D,20210728,000000,11.3533,11.4487,11.2241,11.299,105715.66076642864,0
XTB,D,20210729,000000,8.18253,9.20511,8.18253,8.93919,9223277.599325538,0
XTB,D,20210730,000000,8.93262,9.41014,8.90539,9.35503,2089139.3196984865,0
XTB,D,20210802,000000,9.36238,9.4028,8.8099,8.8437,1306910.9451789989,0
XTB,D,20210803,000000,8.86426,9.05526,8.32578,8.71439,1360996.571272198,0
XTB,D,20210804,000000,8.79599,8.99361,8.79599,8.91863,500254.60856499086,0
XTB,D,20210805,000000,8.93262,9.34177,8.92597,9.2397,1224193.99429498,0
XTB,D,20210806,000000,9.30726,9.43729,9.2595,9.30063,407753.4053943724,0
XTB,D,20210809,000000,9.30726,9.68269,9.2397,9.66873,706472.5625049443,0
XTB,D,20210810,000000,9.70993,9.88689,9.64813,9.8531,443516.0181276322,0
XTB,D,20210811,000000,9.88689,10.1669,9.73708,10.1463,536855.7159293793,0
XTB,D,20210812,000000,10.2278,10.4461,9.75759,9.8531,881248.3289700845,0
XTB,D,20210813,000000,9.86638,9.928,9.47771,9.73708,356185.98557984276,0
XTB,D,20210816,000000,9.86638,9.8736,9.51221,9.546,240801.77389634305,0
XTB,D,20210817,000000,9.546,9.55335,9.3484,9.4917,251383.68503660764,0
XTB,D,20210818,000000,9.546,9.62829,9.2397,9.50568,198814.42748099295,0
XTB,D,20210819,000000,9.55335,9.8531,9.38227,9.75104,429595.1015812572,0
XTB,D,20210820,000000,9.77155,9.9486,9.77155,9.86638,277251.78888401756,0
XTB,D,20210823,000000,9.8736,9.88689,9.75104,9.80534,123612.62084777116,0
XTB,D,20210824,000000,9.83923,9.88689,9.56661,9.58714,334453.1847995992,0
XTB,D,20210825,000000,9.62829,9.77819,9.58714,9.60775,186194.8110439584,0
XTB,D,20210826,000000,9.66873,9.77155,9.62092,9.7238,171906.3725001618,0
XTB,D,20210827,000000,9.74373,9.80534,9.64813,9.75104,119870.70243708653,0
XTB,D,20210830,000000,9.83923,9.84645,9.64148,9.74373,150343.72079279475,0
XTB,D,20210831,000000,9.71648,9.73044,9.61438,9.68269,222363.059166965,0
XTB,D,20210901,000000,9.68269,9.68269,9.45056,9.49832,419398.4079419682,0
XTB,D,20210902,000000,9.59386,9.62829,9.49832,9.55335,268734.8068921582,0
XTB,D,20210903,000000,9.546,9.59386,9.45782,9.47771,269124.10797090357,0
XTB,D,20210906,000000,9.48506,9.55998,9.29409,9.31461,346134.9395469339,0
XTB,D,20210907,000000,9.31461,9.50568,9.20511,9.34177,341339.4580770216,0
XTB,D,20210908,000000,9.30726,9.53274,9.28011,9.46454,352690.44302668463,0
XTB,D,20210909,000000,9.47771,9.47771,9.3484,9.3484,89276.53794148768,0
XTB,D,20210910,000000,9.41014,9.41014,9.28011,9.28011,127707.0881374401,0
XTB,D,20210913,000000,9.27348,9.30063,9.1508,9.26685,592559.8000036728,0
XTB,D,20210914,000000,9.2397,9.27348,9.10303,9.1508,267383.14265723893,0
XTB,D,20210915,000000,9.1369,9.4028,9.13018,9.30726,295618.360406493,0
XTB,D,20210916,000000,9.27348,9.34177,9.15743,9.15743,151906.36987808792,0
XTB,D,20210917,000000,9.15743,9.33522,9.03475,9.33522,300613.93718612305,0
XTB,D,20210920,000000,9.34177,9.64813,9.21183,9.52548,622097.6790548536,0
XTB,D,20210921,000000,9.58714,9.7238,9.41669,9.59386,1293771.353175354,0
XTB,D,20210922,000000,9.546,9.58714,9.39616,9.39616,172446.76595562117,0
XTB,D,20210923,000000,9.35503,9.44393,9.2397,9.2595,180044.94295394325,0
XTB,D,20210924,000000,9.26685,9.4028,9.24623,9.35503,107283.75462204886,0
XTB,D,20210927,000000,9.36238,9.50568,9.35503,9.47771,99548.09717283717,0
XTB,D,20210928,000000,9.50568,9.68933,9.42341,9.55335,465244.73533011705,0
XTB,D,20210929,000000,9.53946,9.74373,9.53946,9.61438,202439.28332953,0
XTB,D,20210930,000000,9.7032,9.70993,9.59386,9.59386,177803.05876974165,0
XTB,D,20211001,000000,9.60111,9.68269,9.48506,9.48506,159775.4242004328,0
XTB,D,20211004,000000,9.47109,9.546,9.41669,9.43729,91488.47588886932,0
XTB,D,20211005,000000,9.48506,9.49832,9.28737,9.36238,153365.5683270623,0
XTB,D,20211006,000000,9.41014,9.78484,9.27348,9.77819,379013.1851968115,0
XTB,D,20211007,000000,9.8193,9.84645,9.57324,9.62092,189948.98018788564,0
XTB,D,20211008,000000,9.59386,9.8193,9.57324,9.68933,210343.7286590275,0
XTB,D,20211011,000000,9.75104,9.75104,9.41669,9.546,256940.07316043458,0
XTB,D,20211012,000000,9.58059,10.4055,9.48506,10.194,1008195.8716462076,0
XTB,D,20211013,000000,10.3644,10.385,9.94205,10.0236,279383.4164690027,0
XTB,D,20211014,000000,10.0236,10.3373,10.0236,10.0574,250538.38444257027,0
XTB,D,20211015,000000,10.1396,10.2962,10.0574,10.2962,227132.677977806,0
XTB,D,20211018,000000,10.3233,10.3505,10.2006,10.2483,155719.0703030889,0
XTB,D,20211019,000000,10.2556,10.6303,10.2418,10.4328,376452.78194819187,0
XTB,D,20211020,000000,10.4394,10.7399,10.4394,10.6987,531265.297990986,0
XTB,D,20211021,000000,10.767,10.8075,10.2351,10.501,406869.99140799884,0
XTB,D,20211022,000000,10.501,10.6303,10.4261,10.5217,216267.6387802761,0
XTB,D,20211025,000000,10.5687,10.9103,10.501,10.7052,554560.7478565227,0
XTB,D,20211026,000000,11.7757,11.9264,11.1145,11.2644,2689155.732671849,0
XTB,D,20211027,000000,11.285,11.3805,10.9779,11.0461,612840.2082978394,0
XTB,D,20211028,000000,11.0461,11.2512,10.9852,11.1416,267033.3161634047,0
XTB,D,20211029,000000,11.2306,11.4348,11.1689,11.196,277144.2546699624,0
XTB,D,20211102,000000,11.196,11.2241,11.019,11.019,205009.21492624198,0
XTB,D,20211103,000000,10.9917,11.1005,10.7737,10.8008,331095.1226973263,0
XTB,D,20211104,000000,10.8148,10.9917,10.8008,10.9103,267844.58694287576,0
XTB,D,20211105,000000,10.9103,11.0939,10.8419,10.9103,185329.09256117232,0
XTB,D,20211108,000000,10.9236,11.3188,10.9236,11.1286,211370.0678666311,0
XTB,D,20211109,000000,11.1416,11.2241,10.9103,10.9779,195463.17134164,0
XTB,D,20211110,000000,10.9647,11.0461,10.31,10.7943,374807.10011533985,0
XTB,D,20211112,000000,10.8346,11.0461,10.8346,10.9301,105975.64854978172,0
XTB,D,20211115,000000,11.0123,11.019,10.8419,10.9236,148262.45733338836,0
XTB,D,20211116,000000,10.9103,10.9985,10.7876,10.9441,125312.75038393833,0
XTB,D,20211117,000000,10.8552,10.9506,10.8075,10.8075,62746.89449873779,0
XTB,D,20211118,000000,10.8148,10.9712,10.7802,10.8008,195430.50271963753,0
XTB,D,20211119,000000,10.8075,10.8825,10.5827,10.6303,239949.66733937454,0
XTB,D,20211122,000000,10.5759,10.6238,10.3785,10.4872,202812.25009727426,0
XTB,D,20211123,000000,10.4872,10.6641,10.2623,10.4534,247742.49487706934,0
XTB,D,20211124,000000,10.4534,10.5827,10.2962,10.3644,169103.6769717632,0
XTB,D,20211125,000000,10.4872,10.4872,10.3644,10.4261,108410.82208077652,0
XTB,D,20211126,000000,10.3785,11.1689,10.3785,10.9779,996631.1794610093,0
XTB,D,20211129,000000,11.0123,11.3121,10.7464,10.9103,366913.5443264987,0
XTB,D,20211130,000000,10.8419,11.0329,10.7737,10.8075,133956.3232860154,0
XTB,D,20211201,000000,10.8757,11.0123,10.767,11.0123,120283.14378973084,0
XTB,D,20211202,000000,11.0461,11.565,10.958,11.5097,553503.1012195251,0
XTB,D,20211203,000000,11.5097,11.5715,11.3394,11.5715,188059.64488267948,0
XTB,D,20211206,000000,11.5303,11.783,11.2717,11.285,314617.8864800681,0
XTB,D,20211207,000000,11.2372,11.5032,11.2166,11.3188,121738.25866096886,0
XTB,D,20211208,000000,11.2578,11.5781,11.2439,11.4966,153282.53557950343,0
XTB,D,20211209,000000,11.4282,11.592,11.3394,11.4826,143890.30675677664,0
XTB,D,20211210,000000,11.5171,11.5238,11.0329,11.285,229546.07242748144,0
XTB,D,20211213,000000,11.1689,11.299,11.1145,11.2439,113402.3152826534,0
XTB,D,20211214,000000,11.1416,11.1483,10.8825,10.8825,245764.6820539594,0
XTB,D,20211215,000000,10.9103,11.1622,10.7258,10.7258,263465.6304033553,0
XTB,D,20211216,000000,10.8692,11.0396,10.7737,10.8825,207359.99451709614,0
XTB,D,20211217,000000,10.8757,10.9301,10.7399,10.7596,255559.82388126038,0
XTB,D,20211220,000000,10.712,10.8963,10.712,10.8419,237834.37406539058,0
XTB,D,20211221,000000,10.8552,11.0461,10.8075,11.0329,244992.8858594108,0
XTB,D,20211222,000000,10.9852,11.1005,10.9168,10.9236,237281.72987668868,0
XTB,D,20211223,000000,10.9441,10.9712,10.8419,10.8963,184675.72012132403,0
XTB,D,20211227,000000,10.9103,11.0396,10.8148,10.9779,240371.63704010015,0
XTB,D,20211228,000000,10.9647,11.0396,10.8281,10.8897,426423.52286285075,0
XTB,D,20211229,000000,10.9103,11.3599,10.9103,11.3261,193471.7465927013,0
XTB,D,20211230,000000,11.3261,11.5509,11.3121,11.4422,192486.2431626063,0
XTB,D,20220103,000000,11.3599,11.5781,11.3327,11.5509,136512.64295688743,0
XTB,D,20220104,000000,11.5509,11.5715,11.285,11.285,109095.5019500265,0
XTB,D,20220105,000000,11.2783,11.4694,11.2783,11.3261,92408.64207498058,0
XTB,D,20220107,000000,11.4422,11.9329,11.387,11.8168,484339.5448845047,0
XTB,D,20220110,000000,11.858,12.1305,10.9985,11.1005,1386332.4488196326,0
XTB,D,20220111,000000,11.1762,11.401,11.0057,11.1828,282168.41649382503,0
XTB,D,20220112,000000,11.196,11.4348,11.196,11.2644,164637.6041069251,0
XTB,D,20220113,000000,11.3466,11.4966,11.1895,11.4215,146876.7632838916,0
XTB,D,20220114,000000,11.4215,11.6259,11.285,11.4487,191813.8140265955,0
XTB,D,20220117,000000,11.5847,11.6259,11.4348,11.4759,127513.7987906536,0
XTB,D,20220118,000000,11.5443,11.5443,11.285,11.3261,122196.98056144442,0
XTB,D,20220119,000000,11.3188,11.5171,11.2241,11.49,181734.18294946526,0
XTB,D,20220120,000000,11.4422,11.7008,11.3394,11.592,457619.3344801374,0
XTB,D,20220121,000000,11.5369,11.7081,11.3599,11.4554,245218.84382817743,0
XTB,D,20220124,000000,11.4694,11.8646,11.0528,11.3121,1604956.3119610297,0
XTB,D,20220125,000000,11.2306,11.5715,11.1416,11.2439,331979.89787627495,0
XTB,D,20220126,000000,11.2512,11.4966,11.2101,11.2241,166271.03520652352,0
XTB,D,20220127,000000,11.2241,11.5097,11.2241,11.285,160690.14561621146,0
XTB,D,20220128,000000,11.387,11.4694,11.2578,11.2717,157349.77901752596,0
XTB,D,20220131,000000,11.3121,11.4826,11.2578,11.299,143156.62395453075,0
XTB,D,20220201,000000,11.3188,11.4143,10.9506,10.9852,369603.2608705084,0
XTB,D,20220202,000000,11.121,11.5509,11.121,11.196,604336.8382318089,0
XTB,D,20220203,000000,11.2512,11.2644,10.9712,11.0256,271653.2037901181,0
XTB,D,20220204,000000,11.0734,11.1351,10.9852,11.1079,86736.55258160236,0
XTB,D,20220207,000000,11.1762,11.2372,10.9917,11.1762,102667.95057308195,0
XTB,D,20220208,000000,11.0461,11.1762,10.9779,11.1286,127177.5842226594,0
XTB,D,20220209,000000,11.1351,11.1483,10.5827,10.8419,451104.666777873,0
XTB,D,20220210,000000,10.8757,10.9236,10.6987,10.9236,183337.6678122336,0
XTB,D,20220211,000000,10.8008,10.958,10.6921,10.7052,241230.54955997743,0
XTB,D,20220214,000000,10.6641,10.7052,10.3982,10.7052,286330.94341266016,0
XTB,D,20220215,000000,10.7052,10.9236,10.7052,10.8213,152101.02041746065,0
XTB,D,20220216,000000,10.8419,10.9712,10.7399,10.8419,94801.61863590172,0
XTB,D,20220217,000000,10.6847,10.8346,10.4534,10.5143,244820.01440136193,0
XTB,D,20220218,000000,10.5348,10.6847,10.501,10.637,139354.81307020845,0
XTB,D,20220221,000000,10.637,10.6641,10.0236,10.4739,413381.9367250907,0
XTB,D,20220222,000000,10.3711,10.6781,10.1734,10.5687,251816.54427800069,0
XTB,D,20220223,000000,10.6238,10.6781,10.3438,10.3438,87633.57849380249,0
XTB,D,20220224,000000,9.88689,10.7399,9.34177,9.68269,1622930.8600195646,0
XTB,D,20220225,000000,9.88689,10.2829,9.88689,10.1125,567651.3369272753,0
XTB,D,20220228,000000,10.0714,10.9103,9.82595,10.8008,431892.79466136015,0
XTB,D,20220301,000000,10.8148,10.8757,10.501,10.6781,248511.5686864678,0
XTB,D,20220302,000000,10.637,11.0667,10.5489,10.9917,450754.84028405003,0
XTB,D,20220303,000000,11.0123,11.1762,10.7802,11.121,373097.4422310914,0
XTB,D,20220304,000000,10.9852,11.0872,10.7052,10.7325,390831.05920246744,0
XTB,D,20220307,000000,10.8419,11.0461,10.712,10.8757,510941.3315341493,0
XTB,D,20220308,000000,10.7737,11.6053,10.7325,11.4826,664210.2551878351,0
XTB,D,20220309,000000,11.5781,11.6531,11.1828,11.592,467308.3032859695,0
XTB,D,20220310,000000,11.592,11.8917,11.5032,11.7963,856049.9318735132,0
XTB,D,20220311,000000,11.8917,12.8872,11.8917,12.2054,1631974.6235411328,0
XTB,D,20220314,000000,12.3422,12.4854,12.1577,12.3825,258630.6743485205,0
XTB,D,20220315,000000,12.3693,12.4105,12.0145,12.2673,247226.6028881174,0
XTB,D,20220316,000000,12.2532,12.3554,12.0145,12.2738,346614.07933615823,0
XTB,D,20220317,000000,12.2598,12.4105,11.7008,11.9329,720886.2307663725,0
XTB,D,20220318,000000,12.0013,12.3825,12.0013,12.3282,469642.74856581126,0
XTB,D,20220321,000000,12.5191,12.683,12.3759,12.4919,700250.5512080265,0
XTB,D,20220322,000000,12.683,13.1605,12.6147,13.1128,726012.4820339676,0
XTB,D,20220323,000000,13.1466,13.2553,12.7102,12.9217,444513.7722909809,0
XTB,D,20220324,000000,12.9556,13.0922,12.4303,12.9416,457526.7733844972,0
XTB,D,20220325,000000,12.9556,13.0849,12.819,12.9489,131056.98308421801,0
XTB,D,20220328,000000,13.1055,13.14,12.8534,12.9556,165853.14908354543,0
XTB,D,20220329,000000,12.9621,13.0782,12.8601,12.9283,260363.47250667895,0
XTB,D,20220330,000000,12.9217,13.1055,12.6147,12.8328,231402.73911069628,0
XTB,D,20220331,000000,12.8945,13.4875,12.7513,13.201,902747.0046260442,0
XTB,D,20220401,000000,13.3647,13.3647,13.1055,13.2281,127332.76017710968,0
XTB,D,20220404,000000,13.2964,14.2919,13.2692,13.9238,1236439.2827717625,0
XTB,D,20220405,000000,13.8424,13.951,13.6784,13.9238,256818.92702053947,0
XTB,D,20220406,000000,13.9238,14.1832,13.7599,14.1148,328032.4393855612,0
XTB,D,20220407,000000,14.1148,14.6056,14.1148,14.5241,503140.33684095944,0
XTB,D,20220408,000000,14.51,14.6196,13.9098,13.9238,363820.91477791476,0
XTB,D,20220411,000000,13.951,14.5923,13.951,14.3191,431549.774130446,0
XTB,D,20220412,000000,14.4556,15.0419,14.2919,14.8649,869283.4461654735,0
XTB,D,20220413,000000,14.8105,14.9464,14.2919,14.3331,335759.92967928457,0
XTB,D,20220414,000000,14.3331,14.5784,14.1832,14.1964,148394.49301393976,0
XTB,D,20220419,000000,14.2514,14.51,13.8966,14.0193,273821.583574842,0
XTB,D,20220420,000000,14.0193,14.3058,13.8151,13.8966,191159.08039417217,0
XTB,D,20220421,000000,13.8966,14.0877,13.3984,13.3984,476000.87912102795,0
XTB,D,20220422,000000,13.4126,14.0604,13.3984,13.9098,558365.2811260174,0
XTB,D,20220425,000000,13.8012,14.2103,13.1055,13.774,1149312.067918863,0
XTB,D,20220426,000000,13.8424,13.9098,13.4669,13.5558,769173.1764558542,0
XTB,D,20220427,000000,14.7151,14.8781,13.7055,14.4968,3033593.26506781,0
XTB,D,20220428,000000,14.5241,14.66,13.8827,13.9922,541758.7316133692,0
XTB,D,20220429,000000,14.0604,14.2919,13.9238,14.0465,374615.17196113954,0
XTB,D,20220502,000000,14.0465,14.4417,14.0333,14.2375,526850.9504443017,0
XTB,D,20220504,000000,14.3257,14.6929,13.8848,13.907,329547.4467304593,0
XTB,D,20220505,000000,13.907,14.0612,13.2164,13.3339,385974.3240662977,0
XTB,D,20220506,000000,13.5837,13.951,13.165,13.8115,570674.5456541291,0
XTB,D,20220509,000000,13.907,13.907,13.1135,13.1135,248721.19234424437,0
XTB,D,20220510,000000,13.3046,13.7894,13.1796,13.7894,420318.5741280806,0
XTB,D,20220511,000000,13.7159,13.8848,13.5175,13.6351,131625.96158391002,0
XTB,D,20220512,000000,13.5543,13.7894,13.3412,13.5543,227195.2928366273,0
XTB,D,20220513,000000,13.8702,14.1861,13.6793,14.1714,263296.84252306505,0
XTB,D,20220516,000000,14.2449,14.4505,13.9803,14.0539,283017.80066562106,0
XTB,D,20220517,000000,14.1494,14.5827,14.142,14.4286,590846.0585416657,0
XTB,D,20220518,000000,14.4726,14.5094,13.9951,14.0318,209667.21594528036,0
XTB,D,20220519,000000,13.8996,14.4138,13.8408,14.3037,174391.91015672867,0
XTB,D,20220520,000000,14.2522,14.6049,14.2228,14.5902,217061.2140561596,0
XTB,D,20220523,000000,14.6122,14.9428,14.5902,14.6563,276523.5508521055,0
XTB,D,20220524,000000,14.6636,14.8841,14.6196,14.7959,144643.04625518504,0
XTB,D,20220525,000000,14.8252,14.8252,14.5755,14.5902,89503.85710284945,0
XTB,D,20220526,000000,14.6196,14.9574,14.6196,14.8986,99597.10010582523,0
XTB,D,20220527,000000,14.9574,14.9574,14.6857,14.9574,145851.78526888535,0
XTB,D,20220530,000000,14.9868,15.1485,14.8841,14.8841,139303.08775204344,0
XTB,D,20220531,000000,15.0604,15.0897,14.7518,15.0016,168559.19993855635,0
XTB,D,20220601,000000,15.0604,15.075,14.4873,14.6415,189674.0192861153,0
XTB,D,20220602,000000,14.6929,14.8841,14.5461,14.8692,159983.68666563428,0
XTB,D,20220603,000000,14.8841,14.8841,14.48,14.6122,211884.59866299684,0
XTB,D,20220606,000000,14.5608,14.7518,14.5461,14.6857,115849.73954689522,0
XTB,D,20220607,000000,14.5608,14.6857,14.5461,14.5461,104451.11285681694,0
XTB,D,20220608,000000,14.5461,14.5975,14.2522,14.2962,152532.51846627862,0
XTB,D,20220609,000000,14.2522,14.5608,14.1861,14.48,204438.87523396377,0
XTB,D,20220610,000000,14.355,14.4359,13.929,14.0759,277658.78546632815,0
XTB,D,20220613,000000,14.0172,14.311,13.7526,14.2228,356862.49829358986,0
XTB,D,20220614,000000,14.3771,15.0016,14.2595,14.9428,629574.7099132917,0
XTB,D,20220615,000000,14.737,14.9868,14.6415,14.9428,244076.80325104593,0
XTB,D,20220617,000000,14.9574,15.8685,14.9574,15.1485,850580.6600749926,0
XTB,D,20220620,000000,15.3394,15.5892,15.1779,15.2807,239801.29734782194,0
XTB,D,20220621,000000,15.2513,15.2807,14.9428,15.0456,131854.64193784908,0
XTB,D,20220622,000000,15.2661,15.2661,14.7518,14.9281,135587.03200045245,0
XTB,D,20220623,000000,14.9134,15.031,14.6196,14.9428,154420.4925788874,0
XTB,D,20220624,000000,14.9134,14.9134,14.6636,14.6929,73768.47084332323,0
XTB,D,20220627,000000,14.737,15.1632,14.6929,14.737,120906.56999276025,0
XTB,D,20220628,000000,14.7518,15.0016,14.5461,14.6709,199870.7129254043,0
XTB,D,20220629,000000,14.6857,15.222,14.6269,15.2073,287037.4023632373,0
XTB,D,20220630,000000,15.1926,15.5011,15.0162,15.1632,163304.99656816843,0
XTB,D,20220701,000000,15.2513,15.4276,14.9134,15.3543,251967.6366547258,0
XTB,D,20220704,000000,15.4276,15.8537,15.3248,15.7509,418434.6835931971,0
XTB,D,20220705,000000,15.795,16.0154,15.1779,15.4717,331039.3138014138,0
XTB,D,20220706,000000,15.6334,15.6628,15.2954,15.4276,161999.61288105813,0
XTB,D,20220707,000000,15.5746,15.8831,15.4425,15.8537,168658.5669971276,0
XTB,D,20220708,000000,15.9272,16.0154,15.7068,15.986,169561.03767965254,0
XTB,D,20220711,000000,16.0007,16.1623,15.7656,16.0888,169399.05576228228,0
XTB,D,20220712,000000,16.0742,16.5296,15.8685,16.2211,277790.8211468795,0
XTB,D,20220713,000000,16.1476,16.3093,15.7215,15.9712,215981.78833783825,0
XTB,D,20220714,000000,16.0154,16.1329,15.8244,16.0742,98520.3967726685,0
XTB,D,20220715,000000,16.1329,16.2652,15.6334,15.8978,169339.16328862228,0
XTB,D,20220718,000000,15.795,15.9418,15.5598,15.9418,206435.7447532362,0
XTB,D,20220719,000000,15.986,16.177,15.6922,15.986,174175.4805360433,0
XTB,D,20220720,000000,16.0007,16.1036,15.5452,15.7215,315056.1904917949,0
XTB,D,20220721,000000,15.7215,16.2211,15.5892,16.2064,259643.401630273,0
XTB,D,20220722,000000,16.3387,16.603,16.03,16.5736,190716.69280469784,0
XTB,D,20220725,000000,16.6472,17.0733,16.1917,16.2358,394416.4404660932,0
XTB,D,20220726,000000,16.412,16.7941,16.2799,16.7354,233561.59054733903,0
XTB,D,20220727,000000,17.132,17.2643,15.7215,15.8685,1436617.625220906,0
XTB,D,20220728,000000,15.8096,16.2652,15.5011,16.0594,522493.77298611624,0
XTB,D,20220729,000000,15.8685,16.0154,15.4425,15.6922,524294.6307734186,0
XTB,D,20220801,000000,15.5892,15.9418,15.5305,15.7656,242708.80470512548,0
XTB,D,20220802,000000,15.6922,16.1476,15.6922,15.9272,234552.5387477566,0
XTB,D,20220803,000000,15.8096,16.1182,15.6774,16.0154,300394.7851802541,0
XTB,D,20220804,000000,16.0742,16.1476,15.8978,16.0742,162620.3166989151,0
XTB,D,20220805,000000,16.0594,16.3533,15.8537,15.8831,160170.17004950083,0
XTB,D,20220808,000000,15.8096,16.0154,15.5746,15.795,172616.9150284976,0
XTB,D,20220809,000000,15.7215,16.2358,15.6628,15.986,199799.93091108795,0
XTB,D,20220810,000000,16.0154,16.0154,15.7068,15.795,103652.09281059405,0
XTB,D,20220811,000000,15.795,15.8685,15.5452,15.839,213546.61480683897,0
XTB,D,20220812,000000,15.839,16.0888,15.8096,15.8685,137125.17961923822,0
XTB,D,20220816,000000,15.8244,16.3827,15.7656,16.1623,727301.5314100768,0
XTB,D,20220817,000000,16.2358,16.3093,15.8978,16.1623,881826.8358178579,0
XTB,D,20220818,000000,16.0594,16.6618,16.0594,16.603,281983.29430254473,0
XTB,D,20220819,000000,16.6766,16.7794,16.4709,16.7354,259122.06487097617,0
XTB,D,20220822,000000,16.6324,16.6324,15.9418,15.9567,247500.20259729034,0
XTB,D,20220823,000000,16.0154,16.2211,15.9567,16.1917,131632.7675468188,0
XTB,D,20220824,000000,16.1917,16.1917,15.7803,15.9125,155770.7956212427,0
XTB,D,20220825,000000,15.8978,16.1329,15.8978,16.0594,73131.43271447618,0
XTB,D,20220826,000000,16.0594,16.0594,15.6774,15.7215,171269.33437131476,0
XTB,D,20220829,000000,15.6186,15.9272,15.3836,15.8244,205281.45344283988,0
XTB,D,20220830,000000,15.8244,15.839,15.5011,15.5598,181241.4312344122,0
XTB,D,20220831,000000,15.5011,16.1036,15.5011,16.03,210115.04830509957,0
XTB,D,20220901,000000,16.0594,16.0594,15.5598,16.03,279609.37443778047,0
XTB,D,20220902,000000,16.0448,16.0448,15.6774,15.9418,134321.12289825344,0
XTB,D,20220905,000000,15.9418,16.0888,15.7803,15.9712,111189.01614268776,0
XTB,D,20220906,000000,15.8685,15.9272,15.4276,15.4864,123370.32856799214,0
XTB,D,20220907,000000,15.4864,15.8978,14.7811,15.839,471039.33215597545,0
XTB,D,20220908,000000,15.8685,15.9272,15.5158,15.648,121936.99277808909,0
XTB,D,20220909,000000,15.6186,16.1917,15.5452,16.1917,194190.45627653215,0
XTB,D,20220912,000000,16.2211,16.2505,15.986,16.1623,100198.74722751186,0
XTB,D,20220913,000000,16.2064,16.2505,15.8978,15.9567,122049.97176246684,0
XTB,D,20220914,000000,15.9418,16.1329,15.8685,15.8831,89309.20656348007,0
XTB,D,20220915,000000,16.0154,16.0154,15.7068,15.795,150240.27015649827,0
XTB,D,20220916,000000,15.795,16.0594,15.5892,15.604,599602.6104281205,0
XTB,D,20220919,000000,15.5452,16.0448,15.5452,16.0154,97333.43684028865,0
XTB,D,20220920,000000,15.839,16.2064,15.7803,15.8537,277672.3973921569,0
XTB,D,20220921,000000,15.795,16.0594,15.7362,15.9418,149177.17874916698,0
XTB,D,20220922,000000,15.839,16.2064,15.6922,16.1917,233045.6985583759,0
XTB,D,20220923,000000,16.1623,16.1623,15.648,15.648,184172.07886562578,0
XTB,D,20220926,000000,15.5892,15.795,14.3698,15.2073,688003.9015387363,0
XTB,D,20220927,000000,15.0604,15.648,14.8841,15.1632,232399.1320814476,0
XTB,D,20220928,000000,15.2661,15.5746,14.7518,15.2366,675764.057832366,0
XTB,D,20220929,000000,15.1926,15.3394,14.6636,14.6929,325565.95842516806,0
XTB,D,20220930,000000,14.6929,14.9134,14.3698,14.84,374322.51555579295,0
XTB,D,20221003,000000,14.6929,14.9428,14.6196,14.8546,197174.1904184635,0
XTB,D,20221004,000000,14.9428,15.5011,14.9428,15.4276,166614.05573744886,0
XTB,D,20221005,000000,15.4276,15.4864,15.1191,15.1926,99139.7393979359,0
XTB,D,20221006,000000,15.2807,15.986,15.2807,15.9272,225644.89448457665,0
XTB,D,20221007,000000,15.8096,15.8978,15.5452,15.604,128502.02460590989,0
XTB,D,20221010,000000,15.5746,15.7362,15.413,15.413,99066.2349984538,0
XTB,D,20221011,000000,15.413,15.5746,15.0604,15.5746,182485.56125527623,0
XTB,D,20221012,000000,15.5746,15.5746,15.3248,15.3543,141534.0823955999,0
XTB,D,20221013,000000,15.5011,15.7656,15.4425,15.7656,209586.90558288275,0
XTB,D,20221014,000000,15.8244,16.1182,15.795,16.0154,194359.24415682236,0
XTB,D,20221017,000000,16.0154,16.3679,15.9125,16.2358,169928.55967706302,0
XTB,D,20221018,000000,16.3827,16.9557,16.3093,16.8676,453822.96836613765,0
XTB,D,20221019,000000,16.897,17.1761,16.706,16.897,178391.0939656073,0
XTB,D,20221020,000000,16.8822,17.4405,16.75,17.3965,242578.13021714913,0
XTB,D,20221021,000000,17.3965,17.4112,16.75,17.0144,314773.06243451836,0
XTB,D,20221024,000000,17.0733,18.0283,17.0733,17.8079,632307.9846199602,0
XTB,D,20221025,000000,17.8373,18.1165,17.6317,17.8226,238742.28951824928,0
XTB,D,20221026,000000,17.8961,18.0577,17.6317,17.6317,377985.4847966551,0
XTB,D,20221027,000000,18.1165,18.8952,18.0577,18.8805,1150602.4784874802,0
XTB,D,20221028,000000,18.8805,19.145,18.7043,18.8952,346501.1003517693,0
XTB,D,20221031,000000,18.9099,20.0854,18.807,20.0412,632393.7397526915,0
XTB,D,20221102,000000,19.9972,20.4232,19.4682,19.909,525771.5247259915,0
XTB,D,20221103,000000,19.7915,20.4086,19.6152,20.2029,240948.7826952983,0
XTB,D,20221104,000000,20.2911,20.5555,20.0266,20.3644,324841.80397100345,0
XTB,D,20221107,000000,20.4526,21.0256,20.2763,20.7171,534265.3664439297,0
XTB,D,20221108,000000,20.7171,21.1579,20.4674,20.7759,352717.66687835334,0
XTB,D,20221109,000000,20.6878,21.4225,20.5996,21.2902,654981.3694750648,0
XTB,D,20221110,000000,21.2755,21.6574,20.9668,21.584,350549.28709361824,0
XTB,D,20221114,000000,21.5987,21.8338,20.6878,20.7318,546976.1827840293,0
XTB,D,20221115,000000,20.8053,21.6722,20.6731,21.4812,522014.6331968919,0
XTB,D,20221116,000000,21.011,21.8779,21.011,21.3783,548741.6495641792,0
XTB,D,20221117,000000,21.3343,21.8338,21.3048,21.7456,337292.63252773666,0
XTB,D,20221118,000000,21.7456,22.5096,21.437,22.2893,428627.2936547274,0
XTB,D,20221121,000000,22.686,22.686,21.7897,22.1571,257038.07902640844,0
XTB,D,20221122,000000,22.2599,22.2599,21.8338,21.8926,209311.9446811236,0
XTB,D,20221123,000000,21.9367,22.2599,21.922,21.9661,224916.65645267573,0
XTB,D,20221124,000000,22.0394,22.1424,21.1579,21.4812,373011.6870983601,0
XTB,D,20221125,000000,21.5252,21.6134,21.1726,21.3783,110289.26784532188,0
XTB,D,20221128,000000,21.5547,22.2452,21.2755,22.1424,317243.62697267026,0
XTB,D,20221129,000000,22.0394,22.1424,21.4519,21.7897,154454.52239346495,0
XTB,D,20221130,000000,21.7456,21.9072,21.3048,21.6574,254598.8219176617,0
XTB,D,20221201,000000,21.8044,22.0982,21.7897,22.0982,304170.7334055051,0
XTB,D,20221202,000000,22.0394,22.0542,21.5693,21.9661,138702.80182294638,0
XTB,D,20221205,000000,21.9807,21.9954,21.4959,21.5252,131154.9889501919,0
XTB,D,20221206,000000,21.4959,21.819,21.3048,21.7016,223982.87834074572,0
XTB,D,20221207,000000,21.7162,21.731,21.3488,21.437,109744.79081212058,0
XTB,D,20221208,000000,21.437,21.5987,20.8053,21.0844,266644.0150846705,0
XTB,D,20221209,000000,21.055,21.4665,21.055,21.4665,75985.85356103639,0
XTB,D,20221212,000000,21.4665,21.6722,21.2607,21.3783,87668.96950095952,0
XTB,D,20221213,000000,21.3048,21.6428,21.2902,21.4665,144064.53940740062,0
XTB,D,20221214,000000,21.4665,22.1276,21.3343,22.0689,278416.96973505913,0
XTB,D,20221215,000000,22.0394,22.4655,22.0394,22.4362,239998.67027236705,0
XTB,D,20221216,000000,22.4803,22.7742,22.2011,22.2452,368308.76672407665,0
XTB,D,20221219,000000,22.2305,23.406,22.2305,23.3619,422840.8639843863,0
XTB,D,20221220,000000,23.3619,23.6263,23.0238,23.2297,178724.5861484291,0
XTB,D,20221221,000000,23.1415,23.597,22.9946,23.5676,184648.49626967765,0
XTB,D,20221222,000000,23.7292,23.7292,23.1415,23.1857,150556.06683574378,0
XTB,D,20221223,000000,23.0975,23.2297,22.6273,22.9211,322139.8366937401,0
XTB,D,20221227,000000,22.9064,23.4794,22.6273,22.7742,258979.13964976845,0
XTB,D,20221228,000000,22.7888,23.0975,22.2158,22.5537,439825.82503511256,0
XTB,D,20221229,000000,22.5537,23.5088,22.4068,23.3178,243189.30568692484,0
XTB,D,20221230,000000,23.3178,23.5822,22.7888,22.7888,195264.4372245086,0
XTB,D,20230102,000000,23.0827,23.3912,22.6418,23.068,128868.18541074528,0
XTB,D,20230103,000000,23.0827,23.1415,22.73,22.8329,191059.7133356232,0
XTB,D,20230104,000000,22.8329,23.4206,22.8329,23.406,211862.8195816619,0
XTB,D,20230105,000000,23.4354,23.7144,23.1708,23.4794,273400.9750666915,0
XTB,D,20230109,000000,23.5235,24.2287,23.5088,24.1553,374921.440292315,0
XTB,D,20230110,000000,24.1553,24.89,23.9643,24.6548,340809.9541622186,0
XTB,D,20230111,000000,24.6548,24.743,24.17,24.2728,295200.4742835039,0
XTB,D,20230112,000000,24.5226,24.743,24.2874,24.2874,155685.0404885114,0
XTB,D,20230113,000000,24.3168,24.5373,24.2435,24.2874,151538.84788067747,0
XTB,D,20230116,000000,24.2435,24.4492,23.5381,24.0964,199150.6420489984,0
XTB,D,20230117,000000,24.0964,24.3463,23.9202,24.0819,130745.26998270888,0
XTB,D,20230118,000000,24.17,24.3905,23.8468,24.0231,238651.0896151842,0
XTB,D,20230119,000000,24.0231,24.5226,23.8026,24.1405,498429.2493111811,0
XTB,D,20230120,000000,24.2874,24.4786,24.0671,24.1113,205707.5067213241,0
XTB,D,20230123,000000,24.2435,24.361,24.0671,24.17,131514.34379209616,0
XTB,D,20230124,000000,24.2435,24.4932,23.8026,23.9055,223652.1085430629,0
XTB,D,20230125,000000,24.3905,24.3905,23.8468,24.0524,187379.0485911848,0
XTB,D,20230126,000000,24.0524,24.3905,23.6704,23.8321,250826.9572701582,0
XTB,D,20230127,000000,23.9496,24.0231,23.5676,23.8026,189736.63414493663,0
XTB,D,20230130,000000,23.7881,23.7881,23.45,23.6263,166034.18769708936,0
XTB,D,20230131,000000,23.5676,24.405,23.3619,24.3463,292450.8652658453,0
XTB,D,20230201,000000,24.3463,24.3463,23.8026,23.8026,397023.124262544,0
XTB,D,20230202,000000,21.5252,23.0827,20.82,23.068,3312112.3242465793,0
XTB,D,20230203,000000,23.2149,23.5822,23.068,23.5088,455452.3158879885,0
XTB,D,20230206,000000,23.3031,23.406,22.2599,22.5978,692868.8038304012,0
XTB,D,20230207,000000,22.5537,23.5676,22.5537,23.5088,453780.77139606513,0
XTB,D,20230208,000000,23.5088,23.6999,23.0238,23.0827,248629.9924411904,0
XTB,D,20230209,000000,23.0238,23.6851,23.0238,23.6851,204750.58833546177,0
XTB,D,20230210,000000,23.6263,23.8026,23.0238,23.2884,247019.70161549095,0
XTB,D,20230213,000000,23.5088,23.7732,23.068,23.5088,262009.154339531,0
XTB,D,20230214,000000,23.7144,23.7292,23.2884,23.6263,152390.9544376348,0
XTB,D,20230215,000000,23.5088,23.7881,23.3766,23.6263,135467.24705315477,0
XTB,D,20230216,000000,23.7292,24.2435,23.5822,24.2435,163974.7033189956,0
XTB,D,20230217,000000,24.2287,25.1249,24.2287,25.1103,364888.08976299356,0
XTB,D,20230220,000000,25.1249,25.8303,24.8458,25.8156,304904.41620773973,0
XTB,D,20230221,000000,25.845,25.9332,24.8607,24.8607,274295.2785937438,0
XTB,D,20230222,000000,24.8312,24.9781,23.9937,24.3463,288110.0221186387,0
XTB,D,20230223,000000,24.4345,24.8752,24.17,24.3023,208323.71886585615,0
XTB,D,20230224,000000,24.3168,24.552,23.9643,24.0378,139817.61854842035,0
XTB,D,20230227,000000,24.0231,24.6402,23.9349,24.405,173029.35638114193,0
XTB,D,20230228,000000,24.3463,24.552,24.1553,24.4492,133504.40734844867,0
XTB,D,20230301,000000,24.2582,25.6392,24.2287,24.7137,421888.0291762826,0
XTB,D,20230302,000000,24.6107,24.9929,24.361,24.787,111218.96237951328,0
XTB,D,20230303,000000,24.6843,25.9184,24.6843,25.6099,252757.12835286182,0
XTB,D,20230306,000000,25.7128,25.7128,25.3161,25.7128,166001.51907509804,0
XTB,D,20230307,000000,25.7128,25.8891,25.3601,25.7274,181956.05734048435,0
XTB,D,20230308,000000,25.7421,27.1086,25.5071,26.565,573056.6326743884,0
XTB,D,20230309,000000,26.6531,26.7853,25.8744,25.9332,236066.1849000572,0
XTB,D,20230310,000000,25.9332,26.4915,25.7274,26.2857,249859.14934365064,0
XTB,D,20230313,000000,26.3298,26.5502,25.0516,25.8009,527935.8209329568,0
XTB,D,20230314,000000,25.8009,26.036,25.0369,25.3601,238052.1648786622,0
XTB,D,20230315,000000,25.654,25.6687,24.6843,24.8458,218301.2604992762,0
XTB,D,20230316,000000,24.9047,25.2426,23.597,24.405,420106.22808513156,0
XTB,D,20230317,000000,24.6988,24.9047,23.7881,24.17,213941.36065591816,0
XTB,D,20230320,000000,24.2435,24.787,23.3619,24.5666,237186.44639587606,0
XTB,D,20230321,000000,24.7577,25.5953,24.4786,25.4336,379593.05323718203,0
XTB,D,20230322,000000,25.5071,26.1976,25.1985,25.6392,284682.53919463564,0
XTB,D,20230323,000000,25.654,26.1976,24.361,24.3905,489927.2404377367,0
XTB,D,20230324,000000,24.3905,24.7137,23.6557,24.6988,301351.7035661052,0
XTB,D,20230327,000000,24.5373,24.8458,23.9937,24.1259,147814.62497356912,0
XTB,D,20230328,000000,24.1553,24.5961,24.0231,24.4638,315906.93585616606,0
XTB,D,20230329,000000,24.5373,24.5373,23.1857,23.2884,398039.93512204406,0
XTB,D,20230330,000000,23.2884,23.8614,23.259,23.3619,274174.13245384867,0
XTB,D,20230331,000000,23.3619,23.7439,22.8476,23.2884,319593.04537093814,0
XTB,D,20230403,000000,23.2884,23.7586,23.1415,23.7292,294308.8931416353,0
XTB,D,20230404,000000,23.7292,24.3905,23.5381,24.3905,209085.98671234582,0
XTB,D,20230405,000000,24.4345,24.8752,23.8762,24.1994,755617.0595217173,0
XTB,D,20230406,000000,24.2435,24.4198,23.8174,23.9055,217735.0043847455,0
XTB,D,20230411,000000,24.17,24.4345,23.9202,24.2141,602062.285425616,0
XTB,D,20230412,000000,24.405,26.0213,24.3168,26.0213,840232.8740590119,0
XTB,D,20230413,000000,26.0066,26.8147,25.7274,26.7119,741206.1136454616,0
XTB,D,20230414,000000,26.7412,26.9322,26.4475,26.6531,263569.08103966294,0
XTB,D,20230417,000000,26.6531,26.6531,25.8303,26.1536,256059.38155922227,0
XTB,D,20230418,000000,26.1829,26.6238,26.08,26.3593,153979.46618201048,0
XTB,D,20230419,000000,26.418,27.7698,26.1682,27.7405,583211.1293435935,0
XTB,D,20230420,000000,27.755,27.755,26.609,26.7559,261154.32539741238,0
XTB,D,20230421,000000,26.9617,27.0204,25.9184,26.3005,376541.25946608454,0
XTB,D,20230424,000000,26.1095,26.3005,25.6246,25.7569,187764.2660921604,0
XTB,D,20230425,000000,25.9478,26.3593,25.5805,26.0948,173162.75325426843,0
XTB,D,20230426,000000,26.08,26.227,25.6246,25.9037,214758.07620572293,0
XTB,D,20230427,000000,28.4897,30.2088,27.7698,29.3419,2128068.0663798302,0
XTB,D,20230428,000000,29.3125,29.959,28.9599,29.386,419910.21635317267,0
XTB,D,20230502,000000,29.386,29.4742,28.8424,28.8424,164391.2282493986,0
XTB,D,20230504,000000,28.8718,30.4881,28.8718,30.3704,643684.8322287169,0
XTB,D,20230505,000000,30.7084,31.634,30.1353,31.2961,598583.077183459,0
XTB,D,20230508,000000,31.3696,32.2364,31.3696,31.7663,542808.2110948716,0
XTB,D,20230509,000000,31.7222,31.7222,31.252,31.3696,241826.7519113381,0
XTB,D,20230510,000000,28.431,29.2096,28.1665,28.284,2880751.7558852057,0
XTB,D,20230511,000000,28.431,28.8718,28.2252,28.5044,666872.7478801874,0
XTB,D,20230512,000000,28.431,28.6072,27.4613,27.9167,444193.89203397674,0
XTB,D,20230515,000000,27.9167,28.3869,27.5641,27.7698,310709.9025742545,0
XTB,D,20230516,000000,27.5493,28.475,27.5053,28.1812,568734.8462233442,0
XTB,D,20230517,000000,28.24,29.1656,27.9902,28.7394,395644.236175956,0
XTB,D,20230518,000000,28.9746,29.1656,28.5779,28.6954,342289.5704999528,0
XTB,D,20230519,000000,28.7542,29.2391,28.6367,29.0774,266929.86552709714,0
XTB,D,20230522,000000,29.1363,29.6798,28.8276,29.5623,444780.5660372451,0
XTB,D,20230523,000000,29.6652,30.4732,29.1951,29.8708,723409.8818152642,0
XTB,D,20230524,000000,29.8415,29.9002,29.1951,29.3566,437747.2839608563,0
XTB,D,20230525,000000,29.4448,30.341,29.2537,30.2822,414367.4401551857,0
XTB,D,20230526,000000,30.1941,30.8406,30.0472,30.7965,416018.5667583715,0
XTB,D,20230529,000000,30.8406,30.9583,30.3704,30.6349,153829.73499788277,0
XTB,D,20230530,000000,30.6643,30.8259,30.2235,30.4732,202696.54872772406,0
XTB,D,20230531,000000,30.4586,30.7378,29.8857,30.2676,700118.5155274752,0
XTB,D,20230601,000000,30.1207,30.8552,30.106,30.8552,266450.7257378728,0
XTB,D,20230602,000000,30.7819,31.0756,30.5174,30.7819,287340.9483092402,0
XTB,D,20230605,000000,30.8552,31.0316,30.679,30.8552,334797.56652309967,0
XTB,D,20230606,000000,30.8552,30.8552,29.915,30.1207,818193.8049475931,0
XTB,D,20230607,000000,30.1207,30.5026,30.1207,30.3999,157910.5903617229,0
XTB,D,20230609,000000,30.4881,30.8994,30.4881,30.7965,224802.31627570058,0
XTB,D,20230612,000000,30.7231,30.7524,29.9738,29.9738,265037.80783671857,0
XTB,D,20230613,000000,30.1353,30.3263,29.8857,29.9002,147735.6758037689,0
XTB,D,20230614,000000,30.0178,30.106,28.8424,29.0187,869214.0253437434,0
XTB,D,20230615,000000,29.0187,29.7386,28.7982,29.7386,357342.99927538924,0
XTB,D,20230616,000000,29.7533,30.2676,29.7533,30.2235,458475.52461484226,0
XTB,D,20230619,000000,30.2235,30.3117,29.768,29.8268,121320.3725379908,0
XTB,D,20230620,000000,29.8562,30.106,29.812,29.9002,89957.13423298903,0
XTB,D,20230621,000000,30.0472,30.5468,29.7826,30.4144,392325.64865859435,0
XTB,D,20230622,000000,30.4144,30.4881,29.7533,29.7826,176097.48446322957,0
XTB,D,20230623,000000,29.7826,30.4144,29.6505,30.2676,250949.46460262832,0
XTB,D,20230626,000000,30.2676,30.3999,30.0325,30.1353,107365.42617702822,0
XTB,D,20230627,000000,30.4586,30.4586,29.9738,30.106,121936.99277808909,0
XTB,D,20230628,000000,30.106,30.2676,29.915,30.2235,101117.55222104026,0
XTB,D,20230629,000000,30.2235,30.9288,30.15,30.9288,231356.45856286507,0
XTB,D,20230630,000000,30.9288,31.7957,30.5026,30.5026,514830.2587437892,0
XTB,D,20230703,000000,30.8552,31.443,30.7231,30.8552,305583.6513066594,0
XTB,D,20230704,000000,30.8552,31.1492,30.8113,31.1198,537552.6465318864,0
XTB,D,20230705,000000,31.105,31.1198,30.5321,30.5468,415992.704099289,0
XTB,D,20230706,000000,30.5174,30.7965,29.8708,30.341,780096.746934458,0
XTB,D,20230707,000000,31.207,32.6058,31.057,32.4726,1092138.0269931338,0
XTB,D,20230710,000000,32.4726,32.8722,31.9397,32.1229,353530.3350928735,0
XTB,D,20230711,000000,32.1229,32.2894,31.2237,31.5067,375353.9514774745,0
XTB,D,20230712,000000,31.4734,32.0563,31.4068,31.973,150919.3569363054,0
XTB,D,20230713,000000,32.023,32.3893,31.7065,32.0563,268675.12798145105,0
XTB,D,20230714,000000,32.1396,33.5717,31.9397,33.555,670976.2194524074,0
XTB,D,20230717,000000,33.555,33.555,32.8389,32.9055,145141.2809676513,0
XTB,D,20230718,000000,32.9055,33.3719,32.4226,33.1054,289147.604173843,0
XTB,D,20230719,000000,32.8057,34.2211,32.7889,34.1544,312316.3556831505,0
XTB,D,20230720,000000,34.1212,34.6707,33.9547,34.4043,312991.3252724992,0
XTB,D,20230721,000000,34.2543,34.9705,34.0712,34.5209,317313.7728740767,0
XTB,D,20230724,000000,34.5042,34.5209,33.2219,33.3218,359735.9718690132,0
XTB,D,20230725,000000,33.3885,34.2543,33.3551,34.1212,242728.43223697034,0
XTB,D,20230726,000000,34.1212,34.1878,33.2052,33.4551,357183.8181726159,0
XTB,D,20230727,000000,31.5567,32.2727,31.0738,31.8398,1605594.1192902133,0
XTB,D,20230728,000000,32.0063,33.0388,31.8897,32.7723,476539.33920534526,0
XTB,D,20230731,000000,32.8889,33.0221,32.023,32.5892,326766.95016553806,0
XTB,D,20230801,000000,32.6557,32.8057,32.2228,32.6058,205143.91563690157,0
XTB,D,20230802,000000,32.5558,32.8389,32.3394,32.639,210392.3446502034,0
XTB,D,20230803,000000,32.7224,32.8722,32.4726,32.7723,196377.7180698274,0
XTB,D,20230804,000000,32.739,33.172,32.5725,32.8057,193515.70288935103,0
XTB,D,20230807,000000,32.9888,32.9888,31.9064,31.9397,206627.16731457916,0
XTB,D,20230808,000000,31.9397,32.3561,31.5734,31.9064,296109.87945763365,0
XTB,D,20230809,000000,32.023,32.0895,31.2237,31.307,229124.55227502834,0
XTB,D,20230810,000000,31.4568,31.6399,31.2403,31.2902,174155.36520183098,0
XTB,D,20230811,000000,31.3735,31.7232,31.1736,31.6399,118900.3369146428,0
XTB,D,20230814,000000,31.6399,31.8064,31.3235,31.59,135332.60367894662,0
XTB,D,20230816,000000,31.4734,31.6399,30.6074,30.8906,316627.9941631787,0
XTB,D,20230817,000000,31.1904,31.7899,31.0072,31.2902,229357.54889484064,0
XTB,D,20230818,000000,31.307,31.4568,30.391,31.3235,406916.58636754996,0
XTB,D,20230821,000000,31.057,31.1238,27.4768,28.5925,1516460.9020768325,0
XTB,D,20230822,000000,29.1587,29.9914,28.6091,28.759,864455.8919366318,0
XTB,D,20230823,000000,27.61,28.6425,27.1937,28.5593,1027013.0697285141,0
XTB,D,20230824,000000,28.476,28.7757,27.5267,27.5933,312638.2273022681,0
XTB,D,20230825,000000,27.4934,28.5259,27.1604,28.1929,288854.5568788269,0
XTB,D,20230828,000000,28.476,28.7424,27.4269,28.0097,286514.9825726662,0
XTB,D,20230829,000000,28.0596,28.1429,27.2104,27.327,387072.24023784196,0
XTB,D,20230830,000000,27.327,27.7266,27.227,27.4601,361446.21509897837,0
XTB,D,20230831,000000,27.4435,27.7432,27.1437,27.5767,318864.28130798345,0
XTB,D,20230901,000000,27.5767,27.7432,27.2603,27.4435,346069.63920485525,0
XTB,D,20230904,000000,27.4934,27.8931,27.1104,27.2104,213648.29226006204,0
XTB,D,20230905,000000,27.0938,27.4934,27.0938,27.1937,148337.177902295,0
XTB,D,20230906,000000,27.3103,27.4269,25.9947,26.6608,503815.55689895904,0
XTB,D,20230907,000000,26.8607,27.0105,25.6782,25.8116,575941.2218794859,0
XTB,D,20230908,000000,25.6782,26.9773,25.6617,26.8607,333752.0447058941,0
XTB,D,20230911,000000,27.0438,27.0438,26.1445,26.1445,186068.218149883,0
XTB,D,20230912,000000,26.4111,26.9773,26.1946,26.9272,307599.97565220203,0
XTB,D,20230913,000000,26.9773,26.9773,26.4776,26.7774,165490.05276911176,0
XTB,D,20230914,000000,26.9439,27.1271,26.1779,26.461,339271.9027711472,0
XTB,D,20230915,000000,26.4943,26.6941,26.3278,26.3777,406777.26880105614,0
XTB,D,20230918,000000,26.6442,26.7274,26.2444,26.3278,230199.45936127298,0
XTB,D,20230919,000000,26.3444,27.2769,26.3444,26.8106,270369.7580358649,0
XTB,D,20230920,000000,26.7774,27.4435,26.4776,27.3436,317152.8370645067,0
XTB,D,20230921,000000,27.3103,27.3103,26.5775,26.7608,334206.0278104802,0
XTB,D,20230922,000000,26.844,26.9773,26.4776,26.5942,148782.75391235517,0
XTB,D,20230925,000000,26.6442,26.7608,25.8781,25.8948,289906.64470849495,0
XTB,D,20230926,000000,25.8449,26.0114,25.2454,25.8116,337825.8825121081,0
XTB,D,20230927,000000,25.8948,26.028,24.9789,25.0622,329118.5346067372,0
XTB,D,20230928,000000,25.1455,25.5617,24.9956,25.1954,242519.4558872463,0
XTB,D,20230929,000000,25.362,25.6782,25.2454,25.5617,200162.1116215267,0
XTB,D,20231002,000000,25.5617,25.8615,25.0122,25.2787,162153.6372544849,0
XTB,D,20231003,000000,25.2787,25.8449,25.1455,25.1455,412177.02551589033,0
XTB,D,20231004,000000,25.1455,26.2611,24.0796,25.7782,575202.5985744094,0
XTB,D,20231005,000000,26.1946,26.2112,24.8623,24.8623,411164.5711318617,0
XTB,D,20231006,000000,24.9289,25.4618,24.5793,25.0289,269161.5384506512,0
XTB,D,20231009,000000,25.1288,25.3952,24.6458,24.6624,342458.1915977645,0
XTB,D,20231010,000000,24.8623,25.9114,24.8623,25.7116,362742.10866999667,0
XTB,D,20231011,000000,25.745,26.4111,25.4118,26.2279,697751.6145147815,0
XTB,D,20231012,000000,26.3944,27.0438,26.2112,26.4276,269501.42527233216,0
XTB,D,20231013,000000,26.5775,26.8939,26.3112,26.7441,307575.95538211375,0
XTB,D,20231016,000000,27.1271,27.4269,26.4776,26.8106,284144.1819154032,0
XTB,D,20231017,000000,26.9106,28.0263,26.9106,27.4269,354857.4550149943,0
XTB,D,20231018,000000,27.4768,27.943,26.9773,27.2104,264272.2124751054,0
XTB,D,20231019,000000,27.2935,27.327,26.6442,26.9272,231186.69246172404,0
XTB,D,20231020,000000,26.8939,27.3103,26.511,26.5942,381076.780824938,0
XTB,D,20231023,000000,26.461,26.7774,26.361,26.6442,114481.80823273478,0
XTB,D,20231024,000000,26.6608,27.6766,26.6608,27.3436,209528.815940695,0
XTB,D,20231025,000000,27.4601,27.6933,27.1437,27.3768,180972.31785160294,0
XTB,D,20231026,000000,27.227,27.4934,26.8273,27.327,154862.28427055126,0
XTB,D,20231027,000000,26.8106,27.3103,26.3278,26.7608,682897.4794949742,0
XTB,D,20231030,000000,26.8773,28.043,26.8607,27.7599,318141.2711784583,0
XTB,D,20231031,000000,27.8597,27.8597,27.1937,27.2437,394859.6117990021,0
XTB,D,20231102,000000,27.4934,28.5925,27.4768,28.3261,397606.32968307287,0
XTB,D,20231103,000000,28.5092,28.6759,28.2928,28.5759,234338.15189671508,0
XTB,D,20231106,000000,28.6759,29.6916,28.6425,29.0754,298657.22910000675,0
XTB,D,20231107,000000,29.0921,29.7582,28.8423,29.6749,245507.57748566635,0
XTB,D,20231108,000000,29.7249,30.2245,28.8755,28.8755,273091.25463635806,0
XTB,D,20231109,000000,28.9921,29.4417,28.0929,29.192,1000955.8807416521,0
XTB,D,20231110,000000,29.242,29.4751,28.476,29.1254,289196.84572752,0
XTB,D,20231113,000000,29.0754,29.1421,28.3428,28.3428,129550.92466977984,0
XTB,D,20231114,000000,28.3594,29.3752,28.3261,29.242,161124.36868139336,0
XTB,D,20231115,000000,29.3919,29.5917,28.6425,28.6924,245550.8139718073,0
XTB,D,20231116,000000,28.8423,28.9423,27.9265,28.3261,275299.9184705618,0
XTB,D,20231117,000000,28.5593,28.9755,28.3594,28.6091,151368.53598686715,0
XTB,D,20231120,000000,28.5925,29.3919,28.5593,29.192,211512.89024961228,0
XTB,D,20231121,000000,29.2753,29.4417,29.0255,29.0754,172748.97838843128,0
XTB,D,20231122,000000,29.1421,29.3586,28.9256,29.1421,161048.7048306272,0
XTB,D,20231123,000000,29.2753,29.2753,28.0263,28.5259,263718.5452496649,0
XTB,D,20231124,000000,28.5259,28.8423,28.3761,28.6591,129452.44156243707,0
XTB,D,20231127,000000,28.6091,28.8257,28.2595,28.3927,108228.13091642525,0
XTB,D,20231128,000000,28.4259,28.5259,28.2595,28.3927,114710.00079853392,0
XTB,D,20231129,000000,28.476,28.5425,27.9098,28.2262,211932.04396257212,0
XTB,D,20231130,000000,28.3093,28.476,27.4768,27.7432,378446.56125076214,0
XTB,D,20231201,000000,27.9265,28.7924,27.6766,28.4259,274706.617799493,0
XTB,D,20231204,000000,28.4259,29.0754,28.2262,28.9755,327807.02786016755,0
XTB,D,20231205,000000,28.9755,29.2753,28.7424,28.9755,246517.6298426828,0
XTB,D,20231206,000000,29.0921,29.2087,28.3093,28.5593,255348.68213898514,0
XTB,D,20231207,000000,28.7924,28.7924,28.2095,28.3594,186952.16408895576,0
XTB,D,20231208,000000,28.3594,29.2586,28.3594,29.2253,219823.90369859984,0
XTB,D,20231211,000000,29.3086,30.2911,29.2586,29.6416,390835.0155464652,0
XTB,D,20231212,000000,29.8581,30.0079,29.2586,29.3919,131775.20167954598,0
XTB,D,20231213,000000,29.4751,29.7582,29.3252,29.6916,115933.8335592988,0
XTB,D,20231214,000000,29.7748,30.7573,29.7748,30.4576,346941.5750088895,0
XTB,D,20231215,000000,30.6242,31.4568,30.4742,30.6741,504050.95554578345,0
XTB,D,20231218,000000,30.7074,31.3568,30.4908,30.6408,287102.27817622136,0
XTB,D,20231219,000000,30.6575,31.3902,30.5908,31.3402,387910.5476637616,0
XTB,D,20231220,000000,31.3902,32.3394,31.307,32.0563,541372.4501884381,0
XTB,D,20231221,000000,32.0563,32.4226,31.69,32.3227,238195.80727216834,0
XTB,D,20231222,000000,32.4393,32.4393,31.69,32.023,189316.9596787051,0
XTB,D,20231227,000000,32.0563,32.4226,31.7232,31.9897,396292.4209094911,0
XTB,D,20231228,000000,32.1229,32.5725,31.69,31.9897,211156.18923886848,0
XTB,D,20231229,000000,32.1562,32.306,31.4901,31.4901,412102.56267863576,0
XTB,D,20240102,000000,31.7232,32.0563,31.2569,31.9397,296900.146343388,0
XTB,D,20240103,000000,31.9563,32.0396,30.4908,30.7408,327098.4298926931,0
XTB,D,20240104,000000,30.8073,31.3568,30.6907,31.0904,143326.5495628298,0
XTB,D,20240105,000000,31.1071,31.7065,30.6074,31.59,222936.930701452,0
XTB,D,20240108,000000,31.7565,32.8556,31.6399,32.6557,565620.9128379922,0
XTB,D,20240109,000000,33.3052,33.3885,32.6225,32.8389,378079.05111848033,0
XTB,D,20240110,000000,32.8389,33.172,32.0563,32.0563,241134.68731691144,0
XTB,D,20240111,000000,32.3561,32.5725,31.69,32.0895,235760.15188566598,0
XTB,D,20240112,000000,32.2561,32.7224,32.0895,32.2395,132593.09187589007,0
XTB,D,20240115,000000,32.406,32.7889,32.0729,32.306,173142.91081780233,0
XTB,D,20240116,000000,32.306,32.7723,32.1062,32.739,167845.24025082358,0
XTB,D,20240117,000000,32.639,32.6723,31.69,31.9897,321069.3421016745,0
XTB,D,20240118,000000,32.3561,32.7224,32.0396,32.5392,171527.5476546674,0
XTB,D,20240119,000000,32.6058,32.8556,32.306,32.3726,189946.29075490066,0
XTB,D,20240122,000000,32.4726,32.7058,32.2061,32.3227,129910.02770753582,0
XTB,D,20240123,000000,32.3893,32.4892,31.9563,32.3227,126508.75746368078,0
XTB,D,20240124,000000,32.3394,33.3719,32.1562,33.1054,369216.7724710755,0
XTB,D,20240125,000000,33.2886,33.4884,32.6058,32.7556,179419.40739069515,0
XTB,D,20240126,000000,32.7224,32.9555,32.3726,32.7058,161758.50381160213,0
XTB,D,20240129,000000,32.8057,33.0887,32.7224,32.8389,120938.45683125025,0
XTB,D,20240130,000000,32.7224,33.0721,32.6723,32.8057,192337.50864173926,0
XTB,D,20240131,000000,35.137,37.8347,35.1203,37.6016,1900348.054501636,0
XTB,D,20240201,000000,37.4683,37.8014,36.8356,37.5516,449878.04042586527,0
XTB,D,20240202,000000,37.6016,38.967,37.5516,38.0511,404392.0559817424,0
XTB,D,20240205,000000,38.0511,39.2335,37.8514,38.9504,404591.42422344006,0
XTB,D,20240206,000000,35.3867,36.1861,35.0871,35.7365,3173609.727047838,0
XTB,D,20240207,000000,35.853,36.3027,35.4368,35.8864,574642.9262814552,0
XTB,D,20240208,000000,35.8864,36.0529,35.52,35.6865,603093.7351821793,0
XTB,D,20240209,000000,35.7865,35.8364,35.1703,35.3702,531538.5516161446,0
XTB,D,20240212,000000,35.3867,35.7865,35.0704,35.5699,402737.05937296804,0
XTB,D,20240213,000000,35.5699,35.8198,35.1536,35.2203,321105.37250679015,0
XTB,D,20240214,000000,35.3369,35.9197,35.3035,35.8864,783239.7557429009,0
XTB,D,20240215,000000,36.0196,38.1344,35.9862,38.1344,1093104.842863998,0
XTB,D,20240216,000000,38.2177,39.1337,37.7348,38.9838,710833.0536023966,0
XTB,D,20240219,000000,39.0503,39.7831,38.8172,39.3168,435082.75506777246,0
XTB,D,20240220,000000,39.4001,39.7331,39.0836,39.2002,277228.74615828844,0
XTB,D,20240221,000000,39.2002,39.4833,38.5508,38.6507,237459.58599409298,0
XTB,D,20240222,000000,39.1004,39.2002,37.6682,38.8006,624130.6877215385,0
XTB,D,20240223,000000,38.7839,39.0503,38.4675,38.7006,311398.7813659408,0
XTB,D,20240226,000000,38.7173,39.5166,38.7006,39.0836,252153.986217842,0
XTB,D,20240227,000000,39.0503,39.7997,38.8339,39.6498,326619.22550451825,0
XTB,D,20240228,000000,39.55,40.5491,39.55,39.7997,292942.8068470803,0
XTB,D,20240229,000000,39.5833,40.9487,39.5833,40.1495,620007.6083616589,0
XTB,D,20240301,000000,40.1495,41.1986,40.0495,41.0653,299219.3034199731,0
XTB,D,20240304,000000,41.2151,41.6315,40.5158,41.2151,346421.53616158594,0
XTB,D,20240305,000000,41.1819,42.6306,40.7988,42.1727,486303.57899439737,0
XTB,D,20240306,000000,42.4225,43.2551,41.9645,43.0887,443674.8056767377,0
XTB,D,20240307,000000,43.0887,43.6714,42.1311,43.4217,418661.2974250067,0
XTB,D,20240308,000000,43.4634,43.9628,43.1302,43.5465,214605.5000229,0
XTB,D,20240311,000000,43.6298,43.9212,42.1727,42.7139,300852.6817856714,0
XTB,D,20240312,000000,42.8805,44.3792,42.7139,44.0461,270112.74114596436,0
XTB,D,20240313,000000,44.171,45.2951,43.8796,44.0461,453746.50492285663,0
XTB,D,20240314,000000,44.2127,45.3368,44.1295,45.0037,236138.47113948583,0
XTB,D,20240315,000000,45.2118,46.1277,45.0868,45.7947,1436484.211819474,0
XTB,D,20240318,000000,45.7947,46.1277,44.4624,44.5457,279818.13127331313,0
XTB,D,20240319,000000,44.5457,45.2951,43.5881,45.2535,299600.02470079396,0
XTB,D,20240320,000000,45.2118,45.2118,43.9628,43.9628,157412.03593994764,0
XTB,D,20240321,000000,44.5041,44.7954,44.1295,44.4624,307081.13781838777,0
XTB,D,20240322,000000,44.7539,45.1285,44.4208,44.8788,175136.59323475717,0
XTB,D,20240325,000000,44.8788,45.3368,44.5457,44.8371,177865.2959162757,0
XTB,D,20240326,000000,44.8788,45.3368,44.6706,45.2535,157803.56634230659,0
XTB,D,20240327,000000,45.3368,47.5431,45.2118,47.5431,616177.5762968065,0
XTB,D,20240328,000000,47.793,48.126,45.5448,45.5448,374988.8433722048,0
XTB,D,20240402,000000,46.0444,48.4591,46.0444,47.2767,432152.2821175552,0
XTB,D,20240403,000000,47.5932,47.7263,46.7105,47.0436,177789.6320655095,0
XTB,D,20240404,000000,47.0436,49.4249,47.0103,48.0927,790509.4904837585,0
XTB,D,20240405,000000,47.8263,48.6922,46.9937,47.4599,314651.12593528687,0
XTB,D,20240408,000000,47.6931,48.2593,47.2767,47.3433,149607.85018972462,0
XTB,D,20240409,000000,47.4599,47.9428,46.7606,47.027,254193.30714794996,0
XTB,D,20240410,000000,47.4266,48.6256,47.31,48.1926,475332.32063363213,0
XTB,D,20240411,000000,48.3425,48.6588,47.41,47.41,186684.33807752834,0
XTB,D,20240412,000000,47.7263,48.8754,47.5099,48.6922,400594.45128150407,0
XTB,D,20240415,000000,48.5589,50.5073,48.4591,50.1244,345340.62400781637,0
XTB,D,20240416,000000,50.1742,50.2575,48.9586,49.1918,357910.4313426425,0
XTB,D,20240417,000000,49.5415,50.7738,49.3749,50.2908,298419.4284261812,0
XTB,D,20240418,000000,50.4574,51.1568,49.1251,50.9569,389715.6709605568,0
XTB,D,20240419,000000,50.7571,51.6231,48.6256,48.7921,442876.13169644633,0
XTB,D,20240422,000000,48.7921,49.7414,47.8596,49.225,350662.3148448723,0
XTB,D,20240423,000000,49.4249,50.9569,49.1418,50.8071,374200.97851345147,0
XTB,D,20240424,000000,51.1068,51.8728,50.9236,51.1568,314038.60904815415,0
XTB,D,20240425,000000,50.8071,51.5564,50.6239,51.4566,278636.3339851887,0
XTB,D,20240426,000000,51.4566,52.3225,51.29,52.2725,305183.5364817747,0
XTB,D,20240429,000000,52.4223,53.6214,51.5065,51.8728,404489.3380755847,0
XTB,D,20240430,000000,51.723,53.2883,50.8237,52.9387,545700.9028575291,0
XTB,D,20240502,000000,52.4891,52.9387,49.8746,50.1742,780261.2422525184,0
XTB,D,20240506,000000,50.7905,54.3208,50.7905,54.3208,660317.2246027334,0
XTB,D,20240507,000000,54.404,55.6031,54.0543,55.0369,413745.54915236053,0
XTB,D,20240508,000000,55.1202,55.9694,54.2209,55.7862,414948.964683561,0
XTB,D,20240509,000000,55.9528,56.419,55.4364,56.2191,186896.91746776513,0
XTB,D,20240510,000000,56.2358,56.3191,54.7371,55.5698,416352.94946994854,0
XTB,D,20240513,000000,55.5364,57.0019,55.4865,56.9852,264243.388151004,0
XTB,D,20240514,000000,57.0685,57.9344,56.469,57.4515,384733.866945193,0
XTB,D,20240515,000000,57.4681,59.3666,57.4515,59.3666,464215.7396388705,0
XTB,D,20240516,000000,59.5164,59.9494,58.7503,59.1167,314359.2796537712,0
XTB,D,20240517,000000,59.4498,59.9494,58.1841,59.9494,251420.1669667788,0
XTB,D,20240520,000000,59.9494,60.9318,59.6163,60.8653,319368.7069797358,0
XTB,D,20240521,000000,60.782,62.0809,60.3324,60.7487,520755.852375539,0
XTB,D,20240522,000000,60.7654,61.8644,60.3824,61.6646,363247.7353552608,0
XTB,D,20240523,000000,61.9476,63.1799,61.5646,62.4473,290501.14639306423,0
XTB,D,20240524,000000,62.4473,62.8801,61.9476,62.5138,286163.0856159356,0
XTB,D,20240527,000000,62.747,62.9136,61.0318,61.6979,315475.0211991557,0
XTB,D,20240528,000000,62.0309,62.1975,59.6828,59.9494,443756.47459501756,0
XTB,D,20240529,000000,59.1167,60.0992,57.8511,58.9668,551370.8876108029,0
XTB,D,20240531,000000,59.7734,62.1751,58.8772,59.2357,1119520.9493742902,0
XTB,D,20240603,000000,59.1461,60.9384,57.6227,58.9489,667407.2777597612,0
XTB,D,20240604,000000,58.9668,59.3791,56.3501,57.6227,514339.6566721788,0
XTB,D,20240605,000000,57.8018,59.4149,56.9057,59.3253,483867.17980620253,0
XTB,D,20240606,000000,59.5942,59.863,57.9094,58.5367,395382.2843336503,0
XTB,D,20240607,000000,58.7339,59.397,58.3395,59.1461,191247.4876457112,0
XTB,D,20240610,000000,59.0565,59.6838,58.6084,59.1461,168110.81211695945,0
XTB,D,20240611,000000,59.1461,61.1894,59.1461,60.1856,356492.7174940377,0
XTB,D,20240612,000000,60.1856,61.5657,59.2716,61.4582,399574.64904675534,0
XTB,D,20240613,000000,61.4223,61.4761,60.2931,60.7054,298635.40633891814,0
XTB,D,20240614,000000,60.7054,60.795,58.4112,59.6479,245655.6107975814,0
XTB,D,20240617,000000,59.6479,61.2431,59.6479,60.9922,236518.77761394976,0
XTB,D,20240618,000000,61.0638,64.1466,61.0638,63.6269,384024.8480680172,0
XTB,D,20240619,000000,63.6269,64.8277,63.2684,64.3975,187326.28200241836,0
XTB,D,20240620,000000,64.523,65.7059,63.1071,63.4835,357863.0192953933,0
XTB,D,20240621,000000,63.6269,64.6664,63.2146,63.7344,245908.91577226197,0
XTB,D,20240624,000000,63.4656,64.3975,61.7091,64.0391,249824.54201082615,0
XTB,D,20240625,000000,64.1646,64.4872,63.4835,63.7165,162222.3083663458,0
XTB,D,20240626,000000,63.8061,64.0391,61.9779,62.5336,225733.78827347586,0
XTB,D,20240627,000000,62.5873,64.4334,62.4797,64.4334,326111.7428656112,0
XTB,D,20240628,000000,64.523,64.9173,63.6089,64.2004,236736.37439836696,0
XTB,D,20240701,000000,64.5409,65.4908,63.4835,63.8061,371070.58616904553,0
XTB,D,20240702,000000,63.9853,64.3438,63.1071,63.6269,185220.61465782713,0
XTB,D,20240703,000000,63.7165,63.7882,61.9241,61.9241,299338.41133472766,0
XTB,D,20240704,000000,61.8166,62.4439,60.0422,62.193,360492.0348035316,0
XTB,D,20240705,000000,62.4081,63.143,61.9241,62.5156,154093.1156767077,0
XTB,D,20240708,000000,62.6232,63.1788,62.0138,63.1788,128687.85418528823,0
XTB,D,20240709,000000,63.5372,64.6843,62.8204,64.6664,215061.5029085206,0
XTB,D,20240710,000000,64.6664,65.1503,63.6448,64.9173,202671.87676808797,0
XTB,D,20240711,000000,65.0607,65.0966,63.5551,64.4693,139176.01919419813,0
XTB,D,20240712,000000,64.4693,65.3654,63.7523,65.0428,181662.07032189632,0
XTB,D,20240715,000000,64.971,65.4192,56.9953,57.3718,2478222.0524180946,0
XTB,D,20240716,000000,57.4255,57.6047,52.4249,54.6654,2721548.8196819387,0
XTB,D,20240717,000000,54.9342,55.5077,53.1419,53.4286,786220.7014562907,0
XTB,D,20240718,000000,53.7691,54.1098,51.0807,53.4824,851383.6851631003,0
XTB,D,20240719,000000,53.3211,54.6654,53.3211,53.4107,367750.84035550087,0
XTB,D,20240722,000000,53.8409,55.8662,53.7691,55.8303,402737.05564695224,0
XTB,D,20240723,000000,56.0992,56.368,54.8624,55.5436,335076.7303836006,0
XTB,D,20240724,000000,55.436,56.5473,55.0417,56.3143,319455.51302433584,0
XTB,D,20240725,000000,55.221,56.0992,54.3786,56.0096,462766.9870034068,0
XTB,D,20240726,000000,55.9199,56.852,55.5973,56.601,221913.01191529864,0
XTB,D,20240729,000000,56.4576,56.9236,55.7228,56.4397,303271.8916684235,0
XTB,D,20240730,000000,56.4576,56.9953,55.4898,55.669,258479.31462590277,0
XTB,D,20240731,000000,56.0096,56.852,55.8303,56.619,306536.95931562746,0
XTB,D,20240801,000000,56.4934,57.085,55.5615,56.0096,275192.97943103657,0
XTB,D,20240802,000000,55.5615,56.0633,54.2173,54.5936,491553.3677603861,0
XTB,D,20240805,000000,51.9948,53.2494,49.2884,52.5325,1523231.0532059183,0
XTB,D,20240806,000000,53.3211,54.5936,52.873,53.5721,442402.1597438467,0
XTB,D,20240807,000000,53.4645,54.1993,52.4249,53.8588,246271.57707962402,0
XTB,D,20240808,000000,53.7691,54.6474,52.7834,54.3965,278001.65177143726,0
XTB,D,20240809,000000,54.2352,54.8445,54.0022,54.4861,189059.245111136,0
XTB,D,20240812,000000,54.5578,56.0096,54.4861,56.0096,194011.52474828268,0
XTB,D,20240813,000000,56.0275,57.766,55.5077,57.766,305030.52003889286,0
XTB,D,20240814,000000,57.7839,57.7839,56.3322,56.9595,203863.63761812687,0
XTB,D,20240816,000000,57.2462,59.9347,57.085,59.6838,461942.3509845128,0
XTB,D,20240819,000000,59.6838,60.2573,59.1282,60.1319,248142.90942561207,0
XTB,D,20240820,000000,60.1319,60.4366,59.1103,59.1461,204922.608635624,0
XTB,D,20240821,000000,59.1461,59.863,58.9668,59.8451,169589.35437005077,0
XTB,D,20240822,000000,59.8272,60.2573,58.9668,59.8989,181637.52094109028,0
XTB,D,20240823,000000,59.5942,60.1498,58.9848,59.6659,232588.64492309105,0
XTB,D,20240826,000000,59.5942,59.7196,58.0707,58.8593,258133.39153272667,0
XTB,D,20240827,000000,58.8414,60.4724,57.9632,60.4724,382144.5886744634,0
XTB,D,20240828,000000,60.4007,61.1176,59.4328,61.0638,232597.5719706569,0
XTB,D,20240829,000000,60.9384,61.5836,60.1319,60.4545,239305.13233543586,0
XTB,D,20240830,000000,59.863,61.3864,59.6838,61.3148,228560.31470900823,0
XTB,D,20240902,000000,60.9384,63.2684,60.3111,62.892,419710.72071244096,0
XTB,D,20240903,000000,62.8741,63.4297,61.1176,61.1176,359807.9997837995,0
XTB,D,20240904,000000,56.9057,58.0707,55.7766,55.9199,3033527.9303698884,0
XTB,D,20240905,000000,56.1708,57.3,55.5615,55.5615,1132574.524677432,0
XTB,D,20240906,000000,55.7408,56.2964,55.1313,55.2568,821481.4234603916,0
XTB,D,20240909,000000,55.454,56.2964,54.8445,54.8445,336542.9979462889,0
XTB,D,20240910,000000,55.1851,56.1708,53.6616,54.2173,710200.1961475351,0
XTB,D,20240911,000000,54.2173,54.988,52.5504,54.1814,701797.6126261933,0
XTB,D,20240912,000000,54.9521,55.5077,54.3427,54.988,368471.69944644195,0
XTB,D,20240913,000000,55.3822,55.7048,54.4503,55.5436,427401.3721904074,0
XTB,D,20240916,000000,55.5077,56.4934,55.1492,55.9558,491484.18314175087,0
XTB,D,20240917,000000,56.0454,56.7265,55.7228,56.1171,284596.5081606976,0
XTB,D,20240918,000000,56.0992,56.2605,55.3464,55.4001,245749.34479702267,0
XTB,D,20240919,000000,55.7766,56.2605,55.3285,55.8303,222759.9655531072,0
XTB,D,20240920,000000,55.6152,56.2425,54.0918,54.0918,2166979.4231543266,0
XTB,D,20240923,000000,54.6295,55.2568,54.1635,55.0417,217092.40622974798,0
XTB,D,20240924,000000,55.4001,56.1708,55.1313,55.3643,210832.3141242065,0
XTB,D,20240925,000000,55.5077,56.1888,55.0955,56.1888,242208.65455622357,0
XTB,D,20240926,000000,56.2784,56.8699,56.0096,56.852,225086.57732495284,0
XTB,D,20240927,000000,56.9057,56.9595,56.0275,56.7802,206631.0223635356,0
XTB,D,20240930,000000,56.7981,57.5509,54.8266,54.988,368973.8458720202,0
XTB,D,20241001,000000,54.988,56.135,54.7191,55.669,221554.81413171953,0
XTB,D,20241002,000000,55.5794,56.2425,55.2031,55.3822,163474.3267874541,0
XTB,D,20241003,000000,55.5615,59.1819,55.0417,56.8161,852476.1326089692,0
XTB,D,20241004,000000,57.3179,57.6047,56.2784,56.7265,440142.50082874484,0
XTB,D,20241007,000000,56.8161,57.4434,55.5257,55.5257,210763.12950557127,0
XTB,D,20241008,000000,55.3643,56.9953,54.8624,56.9057,340044.63235398754,0
XTB,D,20241009,000000,56.9057,57.766,56.4934,56.9953,312533.7035179768,0
XTB,D,20241010,000000,57.1746,57.1746,55.8841,56.2425,321966.2451522268,0
XTB,D,20241011,000000,56.2425,57.4972,56.2425,57.2283,266679.9236960676,0
XTB,D,20241014,000000,57.4972,57.8735,55.7945,55.7945,235455.3430726697,0
XTB,D,20241015,000000,55.7945,57.067,55.4719,56.4934,201118.57049163277,0
XTB,D,20241016,000000,56.5652,56.619,55.0955,55.2389,319920.83537870494,0
XTB,D,20241017,000000,55.5436,55.5615,54.1277,54.1456,293623.9850116478,0
XTB,D,20241018,000000,54.2173,55.1134,54.2173,54.7191,178831.08036258104,0
XTB,D,20241021,000000,54.97,58.5726,54.97,58.1603,907398.6768768206,0
XTB,D,20241022,000000,58.25,58.5188,57.1746,58.3395,358897.4409320844,0
XTB,D,20241023,000000,58.3395,58.5905,57.3538,57.8198,214541.50238781076,0
XTB,D,20241024,000000,57.7123,59.9885,57.7123,59.7913,257627.8974643113,0
XTB,D,20241025,000000,59.9168,60.2215,58.0886,58.0886,228254.56332987838,0
XTB,D,20241028,000000,58.3575,59.2357,57.9094,58.8056,196185.26083056343,0
XTB,D,20241029,000000,59.0386,59.63,58.3395,59.3433,265473.65639373416,0
XTB,D,20241030,000000,59.4687,59.7196,57.0491,57.7481,399041.2579546967,0
XTB,D,20241031,000000,57.766,58.9131,57.2821,58.1603,533882.0796747365,0
XTB,D,20241104,000000,58.2679,60.4007,58.232,60.2752,426614.67612366827,0
XTB,D,20241105,000000,60.3828,60.3828,59.2357,59.5045,197175.0472294253,0
XTB,D,20241106,000000,59.8093,61.6553,59.8093,60.1319,260557.08494685078,0
XTB,D,20241107,000000,60.4903,62.2288,60.4187,62.2288,305972.32355708844,0
XTB,D,20241108,000000,62.2827,63.6269,61.1714,61.3327,512180.4270421926,0
XTB,D,20241112,000000,61.8166,62.5156,61.4403,62.1213,317619.8888686111,0
XTB,D,20241113,000000,62.1034,62.8562,61.6911,61.8704,238762.8141958114,0
XTB,D,20241114,000000,62.1751,64.1646,62.0138,62.9099,491943.92609139136,0
XTB,D,20241115,000000,63.1788,63.6269,62.7486,63.0892,193337.5326570622,0
XTB,D,20241118,000000,63.0892,64.3438,62.3902,63.0174,350040.6938658308,0
XTB,D,20241119,000000,63.0174,64.057,60.1319,61.4582,486655.76628958015,0
XTB,D,20241120,000000,62.1572,63.1609,61.6911,62.7307,293820.38005809614,0
XTB,D,20241121,000000,62.5515,62.8562,61.5836,62.6769,233871.9080106798,0
XTB,D,20241122,000000,62.7307,63.0354,61.8525,62.6948,204573.33789961072,0
XTB,D,20241125,000000,62.892,63.8777,62.659,63.4476,797474.360793971,0
XTB,D,20241126,000000,63.2146,63.7165,62.7307,63.4476,185741.7310594827,0
XTB,D,20241127,000000,63.0174,64.0928,62.7307,62.9637,210700.64017261044,0
XTB,D,20241128,000000,63.0892,63.6448,62.1751,62.6053,133421.42115707204,0
XTB,D,20241129,000000,62.892,63.6627,62.6411,63.4656,178655.88705410153,0
XTB,D,20241202,000000,63.6269,63.9316,62.9995,63.0354,171709.5281669365,0
XTB,D,20241203,000000,63.4835,63.7344,62.659,63.0533,331780.4180699162,0
XTB,D,20241204,000000,63.4118,64.971,62.8204,64.8815,687262.1474271232,0
XTB,D,20241205,000000,64.8994,65.7776,64.8098,65.6522,283413.67435822444,0
XTB,D,20241206,000000,65.7776,65.7776,64.7381,65.4012,251198.19145501897,0
XTB,D,20241209,000000,65.5447,66.1361,64.8994,64.971,221326.05853784503,0
XTB,D,20241210,000000,65.0607,65.2937,63.1967,64.2004,251187.03264556165,0
XTB,D,20241211,000000,64.2363,64.5768,63.5372,64.0928,105546.71513275358,0
XTB,D,20241212,000000,64.4872,64.7022,63.3581,63.8061,158729.60100621302,0
XTB,D,20241213,000000,63.7344,64.2183,63.0533,63.3581,189504.48160848196,0
XTB,D,20241216,000000,63.1967,63.8419,62.3364,62.9995,319158.6886927718,0
XTB,D,20241217,000000,62.9995,63.2505,60.0781,60.7771,408908.99315778114,0
XTB,D,20241218,000000,60.8846,61.6015,60.1856,60.9026,283524.1465718516,0
XTB,D,20241219,000000,60.8308,60.8846,59.5045,60.6338,469905.27741323726,0
XTB,D,20241220,000000,60.6338,61.0818,59.2716,60.4545,1578928.0188501063,0
XTB,D,20241223,000000,60.4007,62.8741,60.4007,62.3185,333031.32061007875,0
XTB,D,20241227,000000,62.3902,63.6448,62.0138,63.2325,199693.5905239364,0
XTB,D,20241230,000000,63.2505,63.3939,62.6411,63.0892,170043.5179149626,0
XTB,D,20250102,000000,63.6269,65.5805,62.9995,65.2758,408382.2973513969,0
XTB,D,20250103,000000,65.4012,66.5662,64.8815,64.971,302588.97252963716,0
XTB,D,20250107,000000,65.7776,68.8604,65.7417,68.2511,550274.3707675001,0
XTB,D,20250108,000000,68.3765,68.95,66.9964,67.6058,299207.8532640773,0
XTB,D,20250109,000000,67.6237,68.2869,66.5125,67.8388,261632.79417853386,0
XTB,D,20250110,000000,67.8388,68.269,67.0322,67.7492,276966.1142538005,0
XTB,D,20250113,000000,67.6595,67.7492,63.125,64.3796,575613.7952831216,0
XTB,D,20250114,000000,64.3975,65.0607,63.2684,63.7882,314804.52124253596,0
XTB,D,20250115,000000,63.9853,64.523,63.3939,64.523,297645.61994005623,0
XTB,D,20250116,000000,64.5051,65.8673,64.3796,65.8673,204687.15775607512,0
XTB,D,20250117,000000,65.8673,67.9642,65.4371,67.9463,376828.53184900887,0
XTB,D,20250120,000000,68.018,69.6311,67.9822,69.416,363468.0892857917,0
XTB,D,20250121,000000,69.3981,69.9,68.4481,69.3623,365684.2288440101,0
XTB,D,20250122,000000,69.3802,69.6311,67.7671,69.4339,386391.63155390916,0
XTB,D,20250123,000000,69.4339,69.8103,67.9822,68.1435,286617.36855341337,0
XTB,D,20250124,000000,68.2869,68.8962,67.6058,68.2869,278753.7555288588,0
XTB,D,20250127,000000,67.6595,67.9822,65.7956,66.7455,298228.10979372694,0
XTB,D,20250128,000000,66.7813,67.1936,65.8314,66.9427,260595.0248990056,0
XTB,D,20250129,000000,66.9964,67.3907,66.154,66.2257,163408.48981165607,0
XTB,D,20250130,000000,66.4408,67.9822,66.4408,67.7671,261255.62641887733,0
XTB,D,20250131,000000,62.7307,64.523,58.1783,58.7877,4086089.3277147454,0
XTB,D,20250203,000000,58.7877,59.5045,56.8699,57.3538,1129151.0019359342,0
XTB,D,20250204,000000,57.7123,60.4724,57.7123,57.8735,900328.4552046796,0
XTB,D,20250205,000000,58.0169,58.5367,57.2821,57.7839,498452.8596478305,0
XTB,D,20250206,000000,58.1962,58.931,57.6406,58.698,624778.3938710097,0
XTB,D,20250207,000000,58.7877,59.0207,57.8735,57.8735,619443.3670694779,0
XTB,D,20250210,000000,58.0169,58.7697,57.5151,58.5905,586763.677692849,0
XTB,D,20250211,000000,58.6263,59.2895,58.1065,58.1603,413787.62465250975,0
XTB,D,20250212,000000,58.1603,58.3575,56.7802,57.2104,770776.909167397,0
XTB,D,20250213,000000,57.8915,59.4687,57.8915,58.9668,869438.6388650007,0
XTB,D,20250214,000000,59.0565,60.8846,58.698,60.4903,804682.9517033824,0
XTB,D,20250217,000000,60.5799,61.7091,60.0601,61.3864,461687.9301288866,0
XTB,D,20250218,000000,61.3864,61.9241,61.1176,61.5299,418812.43655112886,0
XTB,D,20250219,000000,61.494,61.8346,60.7592,61.745,691880.7786614968,0
XTB,D,20250220,000000,61.3864,62.0676,60.795,61.1714,503537.929117519,0
XTB,D,20250221,000000,61.2252,61.5299,60.8308,61.028,196370.49706755448,0
XTB,D,20250224,000000,61.0459,61.7271,59.4149,60.1677,543910.5017340059,0
XTB,D,20250225,000000,60.1856,60.4545,58.698,58.8952,433037.68684728624,0
XTB,D,20250226,000000,59.3612,60.1677,58.716,60.0422,393322.36810783396,0
XTB,D,20250227,000000,60.0422,60.0781,58.6263,59.1819,425501.0269398304,0
XTB,D,20250228,000000,58.9668,59.2536,58.4112,59.1461,467319.78126198245,0
XTB,D,20250303,000000,58.8235,59.4149,57.4613,59.3074,347582.4081423891,0
XTB,D,20250304,000000,58.3575,59.0207,56.2246,56.4755,764824.8002028768,0
XTB,D,20250305,000000,57.766,58.6084,57.6047,58.25,424533.5581598831,0
XTB,D,20250306,000000,58.2858,58.5188,57.6406,58.1783,300407.4252807363,0
XTB,D,20250307,000000,58.0528,58.4112,57.4613,58.232,185374.60622833777,0
XTB,D,20250310,000000,58.3216,58.6442,56.9057,57.3538,318698.94574313133,0
XTB,D,20250311,000000,57.3538,57.8915,57.1029,57.3718,255016.7360513047,0
XTB,D,20250312,000000,57.6227,58.5367,57.5868,58.4651,233089.67546772351,0
XTB,D,20250313,000000,58.4651,59.6121,58.0528,59.5404,343834.16404568433,0
XTB,D,20250314,000000,59.5404,60.9205,59.5404,60.3111,434881.12216963107,0
XTB,D,20250317,000000,60.329,60.7233,59.5942,60.0781,271486.0229293238,0
XTB,D,20250318,000000,60.0781,60.5262,59.7734,60.1856,278152.2956991107,0
XTB,D,20250319,000000,60.1856,60.7413,59.4687,60.6696,278308.5190315128,0
XTB,D,20250320,000000,60.7413,61.028,59.4866,60.0601,204520.89149516146,0
XTB,D,20250321,000000,60.2036,60.9205,59.5763,59.7375,660337.0560876203,0
XTB,D,20250324,000000,58.25,60.5441,56.7265,60.347,314065.8080564632,0
XTB,D,20250325,000000,60.4366,62.7844,60.3111,62.5336,747819.8904709077,0
XTB,D,20250326,000000,62.5515,62.7307,61.5478,62.0855,275649.37473783985,0
XTB,D,20250327,000000,62.0855,62.1034,60.8667,61.5299,234130.792390089,0
XTB,D,20250328,000000,61.745,61.745,60.9384,61.0638,162702.13717300943,0
XTB,D,20250331,000000,60.9384,61.3327,58.9668,61.0638,529939.6722934748,0
XTB,D,20250401,000000,61.0638,61.0638,59.6479,60.1498,367045.6035977999,0
XTB,D,20250402,000000,60.6517,61.512,60.2573,61.4761,212433.60328132808,0
XTB,D,20250403,000000,61.2252,62.5515,60.5441,61.0638,328644.7926124168,0
XTB,D,20250404,000000,60.9384,62.2827,59.4149,59.5045,787046.4533561304,0
XTB,D,20250407,000000,57.4076,64.5051,57.0491,63.0174,1452080.2523443257,0
XTB,D,20250408,000000,63.6269,64.523,62.4618,64.3258,705234.5259390395,0
XTB,D,20250409,000000,64.0033,66.2257,62.7307,64.9352,1018800.419331816,0
XTB,D,20250410,000000,67.2115,67.4803,64.971,66.3153,647753.2666626307,0
XTB,D,20250411,000000,66.3153,67.4983,65.7956,67.319,750846.1595957256,0
XTB,D,20250414,000000,67.6595,67.9284,66.405,67.5699,583323.4167371655,0
XTB,D,20250415,000000,67.2115,70.5631,67.2115,69.9358,979404.2425428423,0
XTB,D,20250416,000000,69.882,70.3301,69.0037,70.0791,327220.9285256661,0
XTB,D,20250417,000000,70.0612,70.7603,69.9,70.4914,357476.924488171,0
XTB,D,20250422,000000,69.9896,71.3338,69.8282,71.2442,383788.2813075226,0
XTB,D,20250423,000000,71.3875,72.0687,69.5414,72.0507,644905.5384891295,0
XTB,D,20250424,000000,71.8894,72.678,70.6527,72.1403,419719.6477600068,0
XTB,D,20250425,000000,72.0687,72.4988,71.6206,71.9252,385568.11141596094,0
XTB,D,20250428,000000,71.6922,72.3733,71.4234,71.9073,680178.5351836333,0
XTB,D,20250429,000000,71.6026,71.8357,70.2584,70.6885,505566.6006768549,0
XTB,D,20250430,000000,70.1688,76.406,69.0396,73.4846,1169091.7286264237,0
XTB,D,20250502,000000,74.3807,74.3807,72.8034,73.3053,390544.94043391367,0
XTB,D,20250505,000000,72.7855,75.7249,72.7855,75.6353,412488.7392316808,0
XTB,D,20250506,000000,75.6353,75.9938,73.9326,75.9938,360768.7732780725,0
XTB,D,20250507,000000,76.173,77.5173,76.0654,76.9796,538931.4409541616,0
XTB,D,20250508,000000,77.1946,80.0086,77.1946,79.0407,805818.9185061348,0
XTB,D,20250509,000000,79.7576,80.4745,79.0586,80.4745,609651.511770703,0
XTB,D,20250512,000000,80.6358,82.231,79.3812,79.9907,510999.825001611,0
XTB,D,20250513,000000,80.4566,81.8008,79.3633,80.833,457108.35472761345,0
XTB,D,20250514,000000,80.4745,81.4782,78.4134,79.0048,433299.9188695326,0
XTB,D,20250515,000000,78.6285,78.8614,76.8362,77.2484,452361.3971844809,0
XTB,D,20250516,000000,77.2484,77.9653,76.3343,76.8899,345086.18246679264,0
XTB,D,20250519,000000,76.173,77.4455,74.8826,75.7249,312181.08513912634,0
XTB,D,20250520,000000,73.3053,75.707,72.3195,75.2052,2783828.3670249837,0
XTB,D,20250521,000000,75.2768,76.5494,74.6137,74.8288,949792.1098860233,0
XTB,D,20250522,000000,74.56,74.56,72.6243,73.4846,532041.9919952288,0
XTB,D,20250523,000000,73.4667,73.4846,71.1904,73.1081,688571.0757764636,0
XTB,D,20250526,000000,73.3053,74.793,73.2157,74.3269,291454.71245314996,0
XTB,D,20250527,000000,74.3449,75.1335,73.7534,74.3986,342706.0084095519,0
XTB,D,20250528,000000,74.3807,75.2947,73.6816,74.076,350421.2092683245,0
XTB,D,20250529,000000,74.4165,74.4703,73.162,73.843,326659.6404099643,0
XTB,D,20250530,000000,74.2014,74.3269,72.8931,74.1118,504486.4279213889,0
XTB,D,20250602,000000,73.1799,74.3807,72.929,73.4846,308502.0256610568,0
XTB,D,20250603,000000,73.7534,73.7534,72.2837,72.6959,212494.97673334318,0
XTB,D,20250604,000000,73.1799,73.4846,72.2478,72.3733,261479.91848896892,0
XTB,D,20250605,000000,72.911,72.911,70.9215,71.3875,407883.49856865586,0
XTB,D,20250606,000000,71.4413,72.1045,70.2047,71.7281,330554.0649105596,0
XTB,D,20250609,000000,72.5883,73.0723,71.8715,72.2478,462884.1545027084,0
XTB,D,20250610,000000,72.4988,73.843,72.1941,72.212,370935.5645746123,0
XTB,D,20250611,000000,72.2299,72.5704,71.2621,71.531,296791.9710165733,0
XTB,D,20250612,000000,71.531,71.9432,70.1867,70.4735,554349.5679813037,0
XTB,D,20250613,000000,71.3977,73.304,71.3399,71.3592,625116.1425348839,0
XTB,D,20250616,000000,71.4747,72.6878,70.9548,71.0126,312489.517808325,0
XTB,D,20250617,000000,71.2244,71.9946,70.0113,71.9176,440638.784051037,0
XTB,D,20250618,000000,72.2064,72.2064,70.3964,70.6468,359339.5749821475,0
XTB,D,20250620,000000,70.9741,72.0524,70.3194,72.0524,393918.562974027,0
XTB,D,20250623,000000,72.0139,72.0139,69.9151,70.512,338129.5502068575,0
XTB,D,20250624,000000,71.2629,75.268,71.2629,74.6518,542877.9588138465,0
XTB,D,20250625,000000,74.7096,77.232,74.6326,76.6928,555155.2601284365,0
XTB,D,20250626,000000,77.0009,78.7916,76.1922,77.4823,501887.1450169785,0
XTB,D,20250627,000000,77.7904,77.7904,76.3655,77.5978,250374.8904044505,0
XTB,D,20250630,000000,77.6363,78.4258,77.0009,78.4258,477523.6611223065,0
XTB,D,20250701,000000,78.4643,79.1575,76.5388,76.5388,627576.7962416745,0
XTB,D,20250702,000000,76.3463,76.3463,73.5735,74.6133,446536.45891264797,0
XTB,D,20250703,000000,74.6133,74.8059,71.6095,72.4182,756212.1688308525,0
XTB,D,20250704,000000,72.476,73.535,71.2629,71.8021,362264.5225711395,0
XTB,D,20250707,000000,71.0511,71.2052,67.3349,67.3927,1640937.144975492,0
XTB,D,20250708,000000,67.7007,70.4735,67.6815,69.4337,749632.075444395,0
XTB,D,20250709,000000,69.4337,70.7623,68.7405,69.7995,342100.45739177096,0
XTB,D,20250710,000000,70.1654,70.4735,68.5287,68.7405,228986.21115994648,0
XTB,D,20250711,000000,68.7598,69.3952,68.5672,69.2026,187345.17819024148,0
XTB,D,20250714,000000,69.3182,69.6648,68.7405,69.4144,169145.2734834525,0
XTB,D,20250715,000000,69.4144,69.7995,68.6442,69.0871,152389.1461732185,0
XTB,D,20250716,000000,69.0871,69.2797,68.0088,68.4517,246221.173995225,0
XTB,D,20250717,000000,68.4517,69.1256,68.1051,68.9908,325094.0060868825,0
XTB,D,20250718,000000,69.2219,71.3592,69.0871,71.1474,397176.9296596335,0
XTB,D,20250721,000000,71.2437,71.4362,70.0691,70.666,180643.5582171675,0
XTB,D,20250722,000000,70.2809,70.3387,68.3939,68.6827,365083.5239051325,0
XTB,D,20250723,000000,69.0293,69.4915,68.6827,68.9331,198624.299592537,0
XTB,D,20250724,000000,68.9908,70.435,68.9908,70.2039,258959.653125693,0
XTB,D,20250725,000000,70.0499,71.2437,69.761,70.3964,157705.1553211095,0
XTB,D,20250728,000000,70.4927,71.1089,69.5877,69.9921,143131.3131261,0
XTB,D,20250729,000000,70.2617,71.2052,70.0691,71.2052,204990.4230914475,0
XTB,D,20250730,000000,71.2437,72.4567,70.7623,72.2064,329629.95996512397,0
XTB,D,20250731,000000,72.2449,73.3425,71.2437,72.2642,428942.10976139246,0
XTB,D,20250801,000000,69.3182,69.7033,67.4312,67.5082,1257537.3832208265,0
XTB,D,20250804,000000,67.874,69.9536,67.4312,69.607,395373.76594710146,0
XTB,D,20250805,000000,69.9921,72.7648,69.9728,71.4747,556764.189040137,0
XTB,D,20250806,000000,72.4375,73.612,71.7443,73.304,428867.3241696285,0
XTB,D,20250807,000000,73.3232,76.1537,73.2654,75.0947,533168.2961498204,0
XTB,D,20250808,000000,74.8636,75.5375,73.4387,74.517,209467.17170954248,0
XTB,D,20250811,000000,74.3245,75.2872,73.5735,74.1319,160991.5666036275,0
XTB,D,20250812,000000,74.1319,74.4978,73.4002,73.8238,194216.104433559,0
XTB,D,20250813,000000,73.8431,75.6723,72.8226,73.381,202301.257854267,0
XTB,D,20250814,000000,73.535,73.9394,71.9176,73.5158,342645.7689983835,0
XTB,D,20250818,000000,73.5158,74.5555,72.63,74.3245,173875.46216252548,0
XTB,D,20250819,000000,74.5363,75.2487,74.2282,74.517,182311.6923890145,0
XTB,D,20250820,000000,74.3245,74.4593,73.304,73.6313,114871.7076382785,0
XTB,D,20250821,000000,73.612,74.6711,73.5735,74.6133,143131.3131261,0
XTB,D,20250822,000000,74.594,74.7096,73.6698,74.6133,220424.29959174298,0
XTB,D,20250825,000000,74.6133,75.2872,74.1897,74.7866,168280.045734294,0
XTB,D,20250826,000000,74.6133,74.9984,74.363,74.6518,218454.945675291,0
XTB,D,20250827,000000,74.7096,74.9791,73.0922,73.9009,202794.63502215449,0
XTB,D,20250828,000000,73.9394,74.0357,71.2437,72.7263,273707.9950348185,0
XTB,D,20250829,000000,72.3027,74.8059,71.9369,74.1319,256177.0058988075,0
XTB,D,20250901,000000,74.1319,74.8059,72.8611,74.0164,187799.085184698,0
XTB,D,20250902,000000,74.1319,74.8444,72.4952,72.6878,183306.75623498549,0
XTB,D,20250903,000000,72.6878,74.1704,72.4952,73.458,160482.6091041225,0
XTB,D,20250904,000000,73.6506,74.6903,73.0729,74.6518,202679.340568185,0
XTB,D,20250905,000000,74.3245,75.6723,73.7853,73.7853,319666.85724012,0
XTB,D,20250908,000000,73.9394,75.6531,73.9394,75.6531,171652.6681850955,0
XTB,D,20250909,000000,75.5761,75.7108,74.9984,75.422,124427.6443636785,0
XTB,D,20250910,000000,74.9791,75.2872,72.7841,72.9959,295627.444243092,0
XTB,D,20250911,000000,73.1692,73.7276,73.1499,73.381,158199.5711777715,0
XTB,D,20250912,000000,73.381,73.8624,72.7841,72.8996,131760.7871116485,0
XTB,D,20250915,000000,73.1114,73.5543,72.322,73.0151,170132.0278192275,0
XTB,D,20250916,000000,73.1307,73.8624,70.7623,71.1089,417954.8599047315,0
XTB,D,20250917,000000,71.6095,71.9754,69.4144,69.5107,333781.5989968005,0
XTB,D,20250918,000000,69.5107,70.666,69.4722,70.2809,280412.731074216,0
XTB,D,20250919,000000,70.4735,71.4362,69.3182,69.3182,888948.2847017564,0
XTB,D,20250922,000000,69.3182,69.8958,68.8368,69.53,187424.1185371035,0
XTB,D,20250923,000000,69.53,70.435,69.53,70.2039,164037.0020904615,0
XTB,D,20250924,000000,70.2617,70.2809,69.2411,69.684,171384.6864812745,0
XTB,D,20250925,000000,69.7033,70.2617,69.0293,69.0871,113600.35257829049,0
XTB,D,20250926,000000,69.1449,69.9343,68.9138,69.3182,163002.4680710595,0
XTB,D,20250929,000000,69.607,69.6648,68.7598,68.8946,161622.05068974898,0
XTB,D,20250930,000000,69.2026,69.7995,68.8946,69.1256,251172.60338326648,0
XTB,D,20251001,000000,69.4722,69.5877,68.4517,68.6827,214715.666087091,0
XTB,D,20251002,000000,69.0293,69.4337,68.5672,68.6442,210447.69391267048,0
XTB,D,20251003,000000,69.2219,69.3182,68.0666,68.1436,166607.75680734898,0
XTB,D,20251006,000000,68.856,69.2989,66.3914,66.3914,437800.0476303285,0
XTB,D,20251007,000000,66.9113,67.1809,65.0435,66.7572,596095.178175354,0
XTB,D,20251008,000000,67.3349,67.5852,64.3504,65.0435,560761.063444413,0
XTB,D,20251009,000000,65.5442,66.738,65.1206,66.0448,460915.0276180515,0
XTB,D,20251010,000000,66.0448,66.0448,64.5622,64.9088,289355.841422661,0
XTB,D,20251013,000000,65.2746,66.0448,64.697,65.1013,339682.389924735,0
XTB,D,20251014,000000,65.2168,65.3901,64.3696,64.6199,226811.1968661435,0
XTB,D,20251015,000000,65.005,65.2554,64.2348,64.5814,282038.27900630847,0
XTB,D,20251016,000000,65.0821,65.8523,64.697,64.7932,232803.392406234,0
XTB,D,20251017,000000,64.7932,64.9473,64.1193,64.697,258413.302830306,0
XTB,D,20251020,000000,65.3516,67.2001,64.8317,66.7187,460868.286623199,0
XTB,D,20251021,000000,67.1231,67.874,65.8715,65.987,259980.6841910265,0
XTB,D,20251022,000000,65.3709,66.1026,64.5429,64.697,425938.2218255385,0
XTB,D,20251023,000000,64.9858,65.679,64.7547,65.6212,205297.8749686995,0
XTB,D,20251024,000000,65.6212,66.2759,65.1591,65.3709,252550.943387028,0
XTB,D,20251027,000000,66.4299,66.6032,65.5827,65.6405,214721.89821973798,0
XTB,D,20251028,000000,66.1988,66.6032,65.679,65.9293,310040.289678054,0
XTB,D,20251029,000000,59.7484,65.7175,59.5559,63.1566,3361299.7044706754,0
XTB,D,20251030,000000,64.697,66.5454,63.4646,65.9485,833550.8576025735,0
XTB,D,20251031,000000,66.3336,67.1038,64.7932,67.1038,615198.742115958,0
XTB,D,20251103,000000,67.3542,67.3542,65.7752,65.8715,353916.580890483,0
XTB,D,20251104,000000,66.1411,68.0666,65.91,67.9318,462770.1257693085,0
XTB,D,20251105,000000,68.1244,70.0884,67.9896,68.856,546474.93803994,0
XTB,D,20251106,000000,68.5095,69.2797,67.72,67.8163,340458.2904392865,0
XTB,D,20251107,000000,68.3554,68.5865,67.0076,67.4119,318112.978833468,0
XTB,D,20251110,000000,68.3362,68.7405,67.6622,68.7405,171793.9298584275,0
XTB,D,20251112,000000,69.7033,70.7238,69.0101,69.607,371374.861812279,0
XTB,D,20251113,000000,70.2617,70.2617,67.1423,67.1423,681534.6006994005,0
XTB,D,20251114,000000,67.3734,68.1821,66.4684,67.4312,300813.6172941705,0
XTB,D,20251117,000000,67.9511,68.0666,66.1026,66.3529,187293.2437515165,0
XTB,D,20251118,000000,66.2374,66.9305,65.4672,66.0641,221643.720213006,0
XTB,D,20251119,000000,65.756,67.7393,65.756,67.4312,165925.3382825025,0
XTB,D,20251120,000000,68.3554,68.3554,67.0461,67.3927,107623.73736981749,0
XTB,D,20251121,000000,67.3734,67.4312,65.4864,65.4864,267188.145597282,0
XTB,D,20251124,000000,65.6982,65.9485,64.7355,65.7945,199303.60205106,0
XTB,D,20251125,000000,65.9485,66.661,65.1976,66.661,208215.55173627,0
XTB,D,20251126,000000,66.8535,67.4119,66.2374,67.1809,216812.77872280648,0
XTB,D,20251127,000000,67.3927,67.6622,66.3529,67.6622,150250.48598652298,0
XTB,D,20251128,000000,67.6622,68.1244,66.969,68.0281,133945.14960442198,0
XTB,D,20251201,000000,68.0281,68.1051,67.2194,67.3927,214922.3651532165,0
XTB,D,20251202,000000,67.7393,67.7393,66.6802,67.3927,188876.2054438545,0
XTB,D,20251203,000000,67.3927,67.7393,66.6225,66.6225,101454.964738062,0
XTB,D,20251204,000000,67.6237,67.6237,66.0256,66.7187,200598.8469528615,0
XTB,D,20251205,000000,66.9113,67.2771,65.9678,65.9678,125493.3390463155,0
XTB,D,20251208,000000,65.9485,66.6995,65.6982,66.4684,140504.4692153895,0
XTB,D,20251209,000000,66.661,68.1436,66.0641,68.1436,417883.19037929096,0
XTB,D,20251210,000000,68.3169,70.7815,67.4889,69.7033,413103.144639042,0
XTB,D,20251211,000000,69.7033,69.7995,67.8355,68.2014,229353.9069861195,0
XTB,D,20251212,000000,68.4517,69.0293,66.9498,67.0076,415390.337320491,0
XTB,D,20251215,000000,67.3927,68.6827,66.9113,67.7393,241850.37163212898,0
XTB,D,20251216,000000,68.0088,68.0858,66.661,66.7187,263922.508090254,0
XTB,D,20251217,000000,67.2001,67.2001,65.8523,66.6032,286441.280721414,0
XTB,D,20251218,000000,66.892,67.5274,66.3144,66.815,262871.35505045997,0
XTB,D,20251219,000000,66.815,67.5274,66.661,67.2194,318643.74879723747,0
XTB,D,20251222,000000,67.7393,68.548,67.3542,68.3554,278915.9805501615,0
XTB,D,20251223,000000,68.5095,68.9523,67.8355,68.3939,311053.0112331915,0
XTB,D,20251229,000000,68.6442,69.7033,68.6442,69.5492,195880.083850308,0
XTB,D,20251230,000000,69.5877,69.761,68.779,69.1449,146221.4122302375,0
XTB,D,20260102,000000,69.4144,70.666,69.3374,70.666,325200.991030656,0
XTB,D,20260105,000000,71.0511,71.4747,70.3579,70.743,283834.171897419,0
XTB,D,20260107,000000,71.4362,71.7636,70.1654,71.7636,603088.6696940624,0
XTB,D,20260108,000000,71.4362,71.4362,68.779,69.9536,491023.499124483,0
XTB,D,20260109,000000,70.2809,71.9176,69.5492,71.7636,508893.100800981,0
XTB,D,20260112,000000,72.1487,72.1679,69.6262,70.2424,578788.545814635,0
XTB,D,20260113,000000,70.4542,71.1474,70.2617,70.8201,270608.5477317105,0
XTB,D,20260114,000000,71.1089,71.3592,70.3964,71.1666,213526.36744028848,0
XTB,D,20260115,000000,71.3399,71.725,70.589,71.4362,272781.4846479645,0
XTB,D,20260116,000000,71.5325,72.6108,71.0511,72.2449,412494.473017185,0
XTB,D,20260119,000000,72.3027,72.8226,71.2629,72.3027,210010.40593860598,0
XTB,D,20260120,000000,72.6878,73.1692,71.1089,73.1692,376136.211154587,0
XTB,D,20260121,000000,73.458,74.1319,72.2064,73.9394,266051.820077979,0
XTB,D,20260122,000000,74.2282,75.7686,73.9394,75.4798,411025.767090042,0
XTB,D,20260123,000000,75.4798,75.4798,74.3245,74.5363,206753.07794177398,0
XTB,D,20260126,000000,74.5363,74.8636,72.0139,73.2654,447663.43623298046,0
XTB,D,20260127,000000,73.8238,75.0754,72.9381,73.4002,313753.60204689146,0
XTB,D,20260128,000000,74.0549,74.0549,72.0139,73.1692,336201.74384138547,0
XTB,D,20260129,000000,73.2462,73.6506,72.5145,73.0729,384580.750891272,0
XTB,D,20260130,000000,75.4798,81.6414,75.2102,81.6414,1646351.8295569604,0
XTB,D,20260202,000000,82.7582,85.8582,82.3153,83.4129,917990.0228367765,0
XTB,D,20260203,000000,82.8352,85.3384,81.6414,84.4526,654277.3298789714,0
XTB,D,20260204,000000,84.4334,85.5694,83.3551,84.9148,390887.66913003597,0
XTB,D,20260205,000000,84.8955,85.2421,82.4309,83.047,408283.628725362,0
XTB,D,20260206,000000,82.8352,84.0098,81.8339,83.047,287567.219352972,0
XTB,D,20260209,000000,83.6439,88.3036,83.2781,87.1098,939265.48500486,0
XTB,D,20260210,000000,87.5912,88.0918,86.7632,87.5142,323300.190573321,0
XTB,D,20260211,000000,87.726,87.803,85.1266,86.3011,376622.317501053,0
XTB,D,20260212,000000,86.3396,86.3396,84.0868,85.1073,246507.852096987,0
XTB,D,20260213,000000,85.0688,87.0328,84.2408,86.8403,355905.6698936505,0
XTB,D,20260216,000000,87.6105,88.4769,86.744,88.0918,259349.1614161305,0
XTB,D,20260217,000000,87.9378,87.9378,84.9148,85.6657,233311.3112169645,0
XTB,D,20260218,000000,85.7042,86.6285,85.1651,86.2819,161849.52353136448,0
XTB,D,20260219,000000,86.5514,86.5514,84.5489,85.2613,201043.4057483475,0
XTB,D,20260220,000000,84.934,85.2228,83.7594,85.2228,170164.227171237,0
XTB,D,20260223,000000,85.3576,86.0123,84.3756,85.3769,299047.8463775205,0
XTB,D,20260224,000000,85.3384,85.7812,82.893,84.029,243752.21077823848,0
XTB,D,20260225,000000,84.3178,85.3961,83.8942,84.78,177810.0152403315,0
XTB,D,20260226,000000,85.1458,85.2228,84.0483,84.8955,170758.357150251,0
XTB,D,20260227,000000,85.2421,86.5129,84.5297,85.5887,317111.68285484996,0
XTB,D,20260302,000000,85.2036,88.0918,84.6259,87.7452,488578.42574931,0
XTB,D,20260303,000000,87.1483,88.4769,86.2048,88.1111,693682.0659171779,0
XTB,D,20260304,000000,88.1111,90.1136,87.3024,89.536,681261.4255517069,0
XTB,D,20260305,000000,90.0173,90.1329,87.8608,89.3242,365679.7312616955,0
XTB,D,20260306,000000,89.536,90.3832,87.4757,88.5732,433419.897068262,0
XTB,D,20260309,000000,88.4769,90.2099,87.8415,89.536,582492.509984502,0
XTB,D,20260310,000000,90.3062,93.3292,90.2099,92.2894,683789.59402884,0
XTB,D,20260311,000000,92.4242,93.1559,90.9801,91.9428,398365.18961766147,0
XTB,D,20260312,000000,92.4242,92.4242,88.8043,90.0751,322559.6054771025,0
XTB,D,20260313,000000,90.3639,91.2304,88.8043,90.1906,265059.87229833147,0
XTB,D,20260316,000000,90.0366,90.1906,88.4769,89.5937,287798.8469496855,0
XTB,D,20260317,000000,89.4012,91.3652,88.9391,90.9031,441886.2492692115,0
XTB,D,20260318,000000,91.0379,92.5012,90.9031,90.9801,216538.56488633848,0
XTB,D,20260319,000000,91.0956,91.654,90.2484,90.9801,259481.074890492,0
XTB,D,20260320,000000,91.4422,91.4422,86.744,88.1689,862202.0487583815,0
XTB,D,20260323,000000,87.9956,88.5732,83.1818,87.7645,573542.1288146354,0
XTB,D,20260324,000000,87.9956,88.1689,86.5322,87.3024,265583.3714406795,0
XTB,D,20260325,000000,88.5732,89.1124,87.649,88.4577,277118.010281502,0
XTB,D,20260326,000000,88.6695,88.6695,87.1868,88.0918,258269.963779425,0
XTB,D,20260327,000000,87.6105,90.9801,87.6105,89.2471,464218.05792096147,0
XTB,D,20260330,000000,88.5925,89.8633,87.7067,88.785,531578.063636061,0
XTB,D,20260331,000000,89.0546,91.1726,88.6502,91.1534,307232.7139205805,0
XTB,D,20260401,000000,91.5,92.2894,90.7875,91.3267,375081.9420484695,0
XTB,D,20260402,000000,91.423,92.1354,90.3254,92.1354,302879.569266651,0
XTB,D,20260407,000000,92.1354,94.9755,91.6636,94.9755,630623.2704172829,0
XTB,D,20260408,000000,95.8709,96.2752,92.9249,96.2752,631170.6594014445,0
XTB,D,20260409,000000,96.2752,100.145,96.2752,100.126,746621.955375894,0
XTB,D,20260410,000000,100.608,102.032,99.1635,100.3,635028.3495099375,0
XTB,D,20260413,000000,101.089,103.977,100.704,103.977,657722.660543988,0
XTB,D,20260414,000000,102.148,106.365,100.434,106.365,622468.5248486835,0
XTB,D,20260415,000000,106.365,109.215,106.134,109.215,612067.0954608405,0
XTB,D,20260416,000000,109.754,109.754,100.223,104.651,943189.651194921,0
XTB,D,20260417,000000,105.806,106.866,103.9,105.672,391125.52885939647,0
XTB,D,20260420,000000,105.672,105.691,102.649,104.574,360422.927373951,0
XTB,D,20260421,000000,104.786,104.786,101.744,102.283,353230.0076105385,0
XTB,D,20260422,000000,101.859,105.961,101.859,105.961,403463.0741229075,0
XTB,D,20260423,000000,106.384,106.403,102.379,102.86,240395.1686590545,0
XTB,D,20260424,000000,102.495,103.169,100.145,101.859,435999.99998411996,0
XTB,D,20260427,000000,104.651,104.844,100.242,100.8,345130.3125469875,0
XTB,D,20260428,000000,101.089,103.977,100.858,101.859,403725.86238285596,0
XTB,D,20260429,000000,102.013,104.459,96.2656,96.9877,1525201.2482768295,0
XTB,D,20260430,000000,98.2007,98.6436,96.5833,98.2007,399110.9681577525,0
XTB,D,20260504,000000,99.048,99.048,93.0211,95.3125,746787.1068910395,0
XTB,D,20260505,000000,95.7939,97.0069,94.5808,95.9575,265257.2231654865,0
XTB,D,20260506,000000,97.1417,98.5088,96.2945,98.2778,344591.233073022,0
XTB,D,20260507,000000,99.1635,99.5293,98.0274,99.5293,352662.8835396615,0
XTB,D,20260508,000000,100.088,100.088,96.3908,96.7759,299570.30683109397,0
XTB,D,20260511,000000,98.2007,103.265,96.9684,103.13,671215.227724743,0
XTB,D,20260512,000000,103.823,104.651,101.59,101.686,820201.6294726995,0
XTB,D,20260513,000000,103.977,104.844,102.533,104.786,709688.259932223,0
XTB,D,20260514,000000,105.036,106.711,104.035,106.192,483779.68361112,0
XTB,D,20260515,000000,105.903,106.846,99.6641,101.493,640646.617091208,0
XTB,D,20260518,000000,102.533,102.668,98.7399,100.8,371502.62053154246,0
XTB,D,20260519,000000,101.686,101.994,100.665,101.609,152420.3068364535,0
XTB,D,20260520,000000,101.493,103.303,101.301,103.265,202582.7425121565,0
XTB,D,20260521,000000,102.244,104.382,100.993,103.303,150742.824465636,0
XTB,D,20260522,000000,103.958,105.267,102.687,104.979,271872.631970277,0
XTB,D,20260525,000000,105.056,105.999,103.881,105.864,159646.46464065,0
XTB,D,20260526,000000,105.903,106.673,103.977,104.786,237146.15017241848,0
XTB,D,20260527,000000,102.591,102.591,95.5147,96.0827,1340086.1348854394,0
XTB,D,20260528,000000,97.0454,99.048,95.4473,98.2007,496176.43413477746,0
XTB,D,20260529,000000,99.125,99.8952,98.2007,99.7796,320646.34075447347,0
XTB,D,20260601,000000,100.088,100.088,97.7964,99.2405,278503.62110668496,0
XTB,D,20260602,000000,99.4523,100.049,98.2392,98.9902,285853.382875047,0
XTB,D,20260603,000000,99.4331,102.052,98.1815,101.878,272119.839898608,0
XTB,D,20260605,000000,102.687,106.288,102.533,104.555,1734718.277047548,0
XTB,D,20260608,000000,103.997,104.439,99.7604,103.265,508700.9433776985,0
XTB,D,20260609,000000,103.688,105.806,102.341,104.979,329083.609669737,0
XTB,D,20260610,000000,103.977,104.94,102.783,104.844,369462.6357784245,0
XTB,D,20260611,000000,104.882,105.518,103.997,104.94,219481.170184497,0
XTB,D,20260612,000000,106.24,110.22,106.22,110,436134,0
XTB,D,20260615,000000,109.9,110.52,106.82,108.16,366104,0
XTB,D,20260616,000000,108.14,110,107.92,108.92,304638,0
XTB,D,20260617,000000,109.48,109.98,108.22,109.14,339241,0
XTB,D,20260618,000000,109.8,110,109,110,325543,0
XTB,D,20260619,000000,110,110.1,108.68,109.5,297517,0
XTB,D,20260622,000000,109.5,109.82,107.7,109.4,134743,0
XTB,D,20260623,000000,108.54,109.24,107.48,109.1,266131,0
XTB,D,20260624,000000,109.2,109.94,106.84,107.54,300361,0
XTB,D,20260625,000000,107.5,108.66,105.92,107.6,245060,0
XTB,D,20260626,000000,107.94,107.94,104.12,104.12,250059,0
XTB,D,20260629,000000,104.58,106.78,103.5,105.54,174715,0
XTB,D,20260630,000000,106,107.68,103.52,106.96,260177,0
XTB,D,20260701,000000,107.1,110,105.94,110,424306,0
XTB,D,20260702,000000,110,118.98,109.72,116.94,939309,0
XTB,D,20260703,000000,116.5,118.7,115.6,118.4,201604,0
XTB,D,20260706,000000,118.8,120.2,117.78,120.2,289508,0
XTB,D,20260707,000000,120,122.6,118.9,121.44,513782,0
XTB,D,20260708,000000,122.06,124,120.24,124,442314,0
XTB,D,20260709,000000,123.94,128.96,123.86,127.9,671041,0
XTB,D,20260710,000000,127.98,129.4,125.78,129.4,593503,0
XTB,D,20260713,000000,129,129.9,124.72,128.14,477455,0
XTB,D,20260714,000000,127.6,130.7,126.42,130.7,340685,0
XTB,D,20260715,000000,130.8,135.2,129.82,135.2,762927,0
XTB,D,20260716,000000,134.9,134.9,130.72,131.8,312834,0
XTB,D,20260717,000000,131,132.2,128.52,131.4,253577,0
XTB,D,20260720,000000,131.4,133.66,130.58,133.46,190120,0
XTB,D,20260721,000000,134,137.58,133.54,137.58,331684,0
XTB,D,20260722,000000,137.84,138.1,136.1,138,263073,0
XTB,D,20260723,000000,138.1,138.4,134,135.96,299143,0
XTB,D,20260724,000000,136,138.5,136,137,210198,0
XTB,D,20260727,000000,138,140.8,137.94,138.8,455792,0
XTB,D,20260728,000000,138.78,140.7,137.56,138.5,358659,0
XTB,D,20260729,000000,138.5,139.4,135.32,135.94,324388,0
XTB,D,20260730,000000,140,149,140,147.68,1276835,0
XTB,D,20260731,000000,147.9,149.66,146.5,148.72,421677,0
XTB,D,20260803,000000,149.5,151.2,146.12,151.18,267307,0
XTB,D,20260804,000000,151.5,158,148.24,157.72,1071798,0
XTB,D,20260805,000000,158.74,161,156.78,161,540764,0
XTB,D,20260806,000000,162.52,167,162.02,166.62,748854,0
XTB,D,20260807,000000,168,169.86,166.62,168,675307,0
XTB,D,20260810,000000,169.38,169.4,160.42,166.28,435983,0
XTB,D,20260811,000000,166.28,169.5,164.14,169.06,599243,0
XTB,D,20260812,000000,169.16,177.8,168.3,177.8,1008863,0
XTB,D,20260813,000000,177.32,177.38,169.12,172,761753,0
XTB,D,20260814,000000,173.64,177,173.2,176.36,344601,0
XTB,D,20260817,000000,176.66,177.44,166.7,169.18,484089,0
XTB,D,20260818,000000,167.14,168,157.4,166.46,1233980,0
