<TICKER>,<PER>,<DATE>,<TIME>,<OPEN>,<HIGH>,<LOW>,<CLOSE>,<VOL>,<OPENINT>
ZUE,D,20101001,000000,14.1521,14.1521,13.4351,13.6055,228580.4084878331,0
ZUE,D,20101004,000000,13.6055,13.6139,13.4351,13.5515,107473.5117403374,0
ZUE,D,20101005,000000,13.489,13.5245,13.4527,13.5067,130598.50749719127,0
ZUE,D,20101006,000000,13.5245,13.6139,13.5245,13.5691,101073.4664786365,0
ZUE,D,20101007,000000,13.5785,13.5785,13.5431,13.5431,495.0370579942564,0
ZUE,D,20101008,000000,13.5431,13.5785,13.5431,13.5691,909.5366336684039,0
ZUE,D,20101011,000000,13.5431,13.5691,13.5245,13.5431,33457.41782196771,0
ZUE,D,20101012,000000,13.5338,13.5338,13.2739,13.4351,62900.847525100915,0
ZUE,D,20101013,000000,13.4351,13.4351,13.3727,13.4351,9461.5434229661,0
ZUE,D,20101014,000000,13.4351,13.4714,13.3634,13.4351,5918.96803397904,0
ZUE,D,20101015,000000,13.4351,13.4351,13.3903,13.4351,2738.274398883626,0
ZUE,D,20101018,000000,13.3997,13.4351,13.3997,13.4351,20729.274116098193,0
ZUE,D,20101019,000000,13.4351,13.4351,13.3093,13.3093,317.8545968900206,0
ZUE,D,20101020,000000,13.3009,13.3009,13.3009,13.3009,5476.548797767252,0
ZUE,D,20101021,000000,13.3009,13.4351,13.3009,13.4351,8469.321640782442,0
ZUE,D,20101022,000000,13.4351,13.4351,13.2116,13.4351,404.8350777957327,0
ZUE,D,20101025,000000,13.2116,13.5067,13.2116,13.5067,5012.652899603387,0
ZUE,D,20101026,000000,13.1668,13.4797,13.1668,13.4351,681.884016976907,0
ZUE,D,20101027,000000,13.381,13.6055,13.3549,13.4351,3943.11513439245,0
ZUE,D,20101028,000000,13.5161,13.5161,13.5067,13.5161,163.2226308354157,0
ZUE,D,20101029,000000,13.5245,13.5691,13.489,13.489,2805.925884032519,0
ZUE,D,20101102,000000,13.2563,13.5878,13.2563,13.5878,23903.52475260778,0
ZUE,D,20101103,000000,13.6055,13.6055,13.4351,13.5608,8001.13041022816,0
ZUE,D,20101104,000000,13.4351,13.5245,13.4351,13.4351,6553.603394661466,0
ZUE,D,20101105,000000,13.5067,13.5067,13.4351,13.489,84.83281471051242,0
ZUE,D,20101108,000000,13.4351,13.5067,13.3903,13.4258,2449.4132956288395,0
ZUE,D,20101109,000000,13.4351,13.4351,13.3903,13.4258,1866.3219236312978,0
ZUE,D,20101110,000000,13.4258,13.4258,13.4258,13.4258,495.0370579942564,0
ZUE,D,20101112,000000,13.4351,13.4351,13.4258,13.4351,2731.831400298003,0
ZUE,D,20101115,000000,13.4351,13.4351,13.4351,13.4351,335.0359264516422,0
ZUE,D,20101116,000000,13.4351,13.4351,13.1668,13.1668,1758.9386138711113,0
ZUE,D,20101117,000000,13.3186,13.3186,12.8437,13.0765,1920.0135785112886,0
ZUE,D,20101118,000000,13.0048,13.4258,13.0048,13.3457,4939.6322489665245,0
ZUE,D,20101119,000000,13.4258,13.4258,13.1035,13.1035,274.9012729859665,0
ZUE,D,20101122,000000,12.9872,13.2563,12.9872,13.0765,381.21074964850794,0
ZUE,D,20101123,000000,13.1576,13.1576,12.9872,12.9872,511.1445544582742,0
ZUE,D,20101124,000000,13.3903,13.3903,12.9872,13.1668,3853.986987291479,0
ZUE,D,20101125,000000,13.2563,13.3903,13.2563,13.3457,12393.10777941792,0
ZUE,D,20101126,000000,13.4351,13.4351,13.2563,13.3457,1172.6257425807069,0
ZUE,D,20101129,000000,13.1668,13.1668,13.1668,13.1668,3014.2495049671656,0
ZUE,D,20101130,000000,13.2116,13.2116,13.0141,13.0141,893.429137204386,0
ZUE,D,20101201,000000,13.4258,13.4258,13.2116,13.2116,10158.461103309453,0
ZUE,D,20101202,000000,13.3457,13.3549,13.2116,13.2116,78401.62828897728,0
ZUE,D,20101203,000000,13.3903,13.3903,13.2116,13.2116,35235.68543159529,0
ZUE,D,20101206,000000,13.1668,13.381,12.6379,12.7189,31188.408486735716,0
ZUE,D,20101207,000000,13.2022,13.2022,13.0765,13.1399,216.9142857154884,0
ZUE,D,20101208,000000,13.1668,13.408,12.8977,13.1929,58052.491089430776,0
ZUE,D,20101209,000000,13.247,13.2563,12.9872,12.9872,113361.33861449403,0
ZUE,D,20101210,000000,12.8801,12.9872,12.8801,12.9872,234.09561527711003,0
ZUE,D,20101213,000000,12.9787,12.9787,12.8884,12.8884,258.7937765219386,0
ZUE,D,20101214,000000,12.8801,12.8977,12.8084,12.853,1595.7159830357264,0
ZUE,D,20101215,000000,12.8977,12.8977,12.7635,12.7635,499.3323903846618,0
ZUE,D,20101216,000000,12.6472,12.7635,12.4498,12.6286,1402.4260254674318,0
ZUE,D,20101217,000000,12.7189,12.7189,12.5038,12.5122,3496.4005657902467,0
ZUE,D,20101220,000000,12.2793,12.5391,12.2347,12.5391,450899.2961835437,0
ZUE,D,20101221,000000,12.5391,12.6649,12.3873,12.6109,2380.687977382394,0
ZUE,D,20101222,000000,12.5391,12.6025,12.298,12.5391,373.6939179652909,0
ZUE,D,20101223,000000,12.6286,12.6743,12.5308,12.5391,23138.955587115634,0
ZUE,D,20101227,000000,12.6025,12.6109,12.2793,12.5754,3635.998868478448,0
ZUE,D,20101228,000000,12.4228,12.584,12.4228,12.584,192974.25063755608,0
ZUE,D,20101229,000000,12.6202,12.6202,12.5391,12.5391,33721.580763977356,0
ZUE,D,20101230,000000,12.5485,12.5485,12.5122,12.5391,469.265063651824,0
ZUE,D,20101231,000000,12.5308,12.9872,12.4674,12.4674,3110.894483751313,0
ZUE,D,20110103,000000,12.745,12.745,12.745,12.745,476.78189533503087,0
ZUE,D,20110104,000000,12.5485,12.7272,12.5485,12.7272,1738.5357850166884,0
ZUE,D,20110105,000000,12.9517,12.9517,12.9517,12.9517,1116.786421505508,0
ZUE,D,20110107,000000,12.8977,12.9695,12.8977,12.9695,842.9589816171148,0
ZUE,D,20110110,000000,12.9695,13.3009,12.9331,12.9331,1440.0101838835174,0
ZUE,D,20110111,000000,12.8084,12.8084,12.799,12.8084,223.3572843010914,0
ZUE,D,20110112,000000,12.8084,12.9695,12.7635,12.9695,397.31824611252574,0
ZUE,D,20110113,000000,12.8977,12.9695,12.8977,12.9695,312.4854314020113,0
ZUE,D,20110114,000000,12.8977,12.8977,12.8977,12.8977,876.2478076427542,0
ZUE,D,20110117,000000,12.5754,12.853,12.5754,12.853,61.20848656328064,0
ZUE,D,20110118,000000,12.8801,12.8801,12.5391,12.5391,134077.7267334116,0
ZUE,D,20110119,000000,12.5391,12.5391,12.5391,12.5391,2311.962659135846,0
ZUE,D,20110120,000000,12.5485,12.9331,12.5391,12.9331,4781.778783619108,0
ZUE,D,20110121,000000,12.8084,12.8977,12.8084,12.8977,345.7742574276608,0
ZUE,D,20110124,000000,12.8977,12.8977,12.6379,12.8624,510.07072136067023,0
ZUE,D,20110126,000000,12.6286,12.8801,12.6286,12.7189,3427.675247543699,0
ZUE,D,20110127,000000,12.7189,12.7189,12.5391,12.5391,520.8090523366889,0
ZUE,D,20110128,000000,12.7189,12.7189,12.5391,12.6919,1318.6670438545316,0
ZUE,D,20110131,000000,12.6649,12.6649,12.6649,12.6649,55.83932107527336,0
ZUE,D,20110201,000000,12.0466,12.5391,12.0466,12.5391,44811.0551629073,0
ZUE,D,20110202,000000,12.5391,12.7189,12.5391,12.7189,2110.0820367868223,0
ZUE,D,20110203,000000,12.7096,12.9423,12.7096,12.9423,3433.0444130317696,0
ZUE,D,20110204,000000,12.9247,13.0234,12.6286,13.0234,3819.6243281682564,0
ZUE,D,20110207,000000,12.7003,12.7003,12.7003,12.7003,590.6082036807793,0
ZUE,D,20110208,000000,12.6286,12.6286,12.3157,12.4674,926.7179632300255,0
ZUE,D,20110209,000000,12.4945,12.4945,12.3157,12.4945,1479.742008494709,0
ZUE,D,20110210,000000,12.6743,12.6743,12.6743,12.6743,2.147666195202806,0
ZUE,D,20110211,000000,12.3603,12.3781,12.1359,12.1722,7594.147666237251,0
ZUE,D,20110214,000000,12.1992,12.3603,12.0559,12.19,2498.8096181185165,0
ZUE,D,20110215,000000,12.4768,12.4768,12.271,12.4145,854.7711456907272,0
ZUE,D,20110216,000000,12.3603,12.3603,12.1359,12.351,8546.637623809718,0
ZUE,D,20110217,000000,12.4228,12.7189,12.271,12.271,3148.4786421673984,0
ZUE,D,20110218,000000,12.5391,12.5391,12.5391,12.5391,55.83932107527336,0
ZUE,D,20110221,000000,12.5391,12.5391,12.2793,12.5391,82.68514851530972,0
ZUE,D,20110222,000000,12.5391,12.5391,12.5391,12.5391,140.67213578578475,0
ZUE,D,20110224,000000,12.5391,12.5391,12.5391,12.5391,279.1966053763719,0
ZUE,D,20110225,000000,12.5391,12.5391,12.3697,12.3697,117.04780763854991,0
ZUE,D,20110228,000000,12.3603,12.3603,12.271,12.3603,470.33889674941764,0
ZUE,D,20110301,000000,12.5391,12.5391,12.5391,12.5391,55.83932107527336,0
ZUE,D,20110302,000000,12.271,12.271,12.2264,12.2264,711.9513437097448,0
ZUE,D,20110303,000000,12.4498,12.4498,12.0912,12.0912,1366.9895332466563,0
ZUE,D,20110304,000000,12.1005,12.584,12.0912,12.584,1493.7018387636108,0
ZUE,D,20110307,000000,12.6202,12.6202,12.4498,12.4498,156.7796322498025,0
ZUE,D,20110309,000000,12.4052,12.4052,12.3157,12.3157,779.6028288586274,0
ZUE,D,20110310,000000,12.3603,12.4498,12.3603,12.4498,961.0806223532686,0
ZUE,D,20110311,000000,12.3603,12.584,12.3603,12.5391,1086.719094772599,0
ZUE,D,20110314,000000,12.5308,12.5391,12.4052,12.5308,575.5745403143654,0
ZUE,D,20110315,000000,12.4052,12.4498,12.3603,12.4498,1137.1892503599313,0
ZUE,D,20110316,000000,12.5308,12.5308,12.5308,12.5308,111.6786421505508,0
ZUE,D,20110317,000000,12.4498,12.4498,12.4498,12.4498,59.060820368077934,0
ZUE,D,20110318,000000,12.3157,12.3157,12.271,12.271,1500.1448373492342,0
ZUE,D,20110321,000000,12.4862,12.4862,12.271,12.271,335.0359264516422,0
ZUE,D,20110322,000000,12.5308,12.5391,12.4052,12.5391,2076.7932107611523,0
ZUE,D,20110323,000000,12.5391,12.5391,12.3603,12.5308,1075.980763796662,0
ZUE,D,20110324,000000,12.2171,12.3603,12.1992,12.3427,2804.8520509348637,0
ZUE,D,20110325,000000,12.271,12.271,12.1815,12.1815,1799.7442715799577,0
ZUE,D,20110328,000000,12.0912,12.1815,12.0466,12.0912,2539.6152758273633,0
ZUE,D,20110329,000000,12.1815,12.1815,12.1815,12.1815,387.653748234111,0
ZUE,D,20110330,000000,12.1815,12.1815,12.1815,12.1815,3478.1454031310313,0
ZUE,D,20110331,000000,12.1005,12.1005,11.8678,11.8678,4769.966619545517,0
ZUE,D,20110401,000000,12.2171,12.2171,11.7784,11.823,5869.571711489362,0
ZUE,D,20110404,000000,11.9124,11.9124,11.8315,11.9031,1573.1654879860953,0
ZUE,D,20110405,000000,11.9031,11.9031,11.715,11.715,27030.526732823404,0
ZUE,D,20110406,000000,11.662,11.662,11.5455,11.6434,22637.475530535685,0
ZUE,D,20110407,000000,11.4823,11.4823,11.4198,11.4553,14219.697878437924,0
ZUE,D,20110408,000000,11.4375,11.4823,11.3388,11.3928,1005.1077793549267,0
ZUE,D,20110411,000000,11.2858,11.2941,11.2047,11.2047,1302.559547390524,0
ZUE,D,20110412,000000,11.8678,11.8678,11.4468,11.5726,2953.0410184038965,0
ZUE,D,20110413,000000,11.6079,11.6079,11.2858,11.2858,703.360678928934,0
ZUE,D,20110414,000000,11.2858,11.5455,11.2858,11.4646,955.7114568652594,0
ZUE,D,20110415,000000,11.3752,11.3752,11.1964,11.1964,3600.5623762575706,0
ZUE,D,20110418,000000,11.1964,11.1964,11.1693,11.1964,1883.5032531928582,0
ZUE,D,20110419,000000,11.106,11.106,10.9542,10.9719,3321.3657708811675,0
ZUE,D,20110420,000000,11.1964,11.1964,10.8825,10.8825,7514.684017014766,0
ZUE,D,20110421,000000,10.8015,10.8825,10.6581,10.8825,4019.357284322072,0
ZUE,D,20110426,000000,10.8825,11.5092,10.8378,11.5092,227.65261669149683,0
ZUE,D,20110427,000000,11.2858,11.5009,10.9989,11.5009,139.59830268818087,0
ZUE,D,20110428,000000,11.214,11.214,10.9366,11.2047,844.0328147147187,0
ZUE,D,20110429,000000,11.241,11.2858,11.241,11.241,2502.0311174112776,0
ZUE,D,20110502,000000,11.5092,11.5092,11.5092,11.5092,71.94681753929517,0
ZUE,D,20110504,000000,11.5092,11.5092,11.1964,11.3752,1781.4891089207424,0
ZUE,D,20110505,000000,11.1964,11.4106,11.0884,11.4106,515.4398868486795,0
ZUE,D,20110506,000000,11.3752,11.4106,11.3752,11.3752,4005.397454053272,0
ZUE,D,20110510,000000,11.2047,11.2047,11.1964,11.1964,1116.786421505508,0
ZUE,D,20110511,000000,10.9179,11.1693,10.8462,11.1693,1350.8820367825465,0
ZUE,D,20110512,000000,11.1964,11.1964,11.1964,11.1964,134.22913720018173,0
ZUE,D,20110513,000000,11.1964,11.1964,10.9179,11.187,422.0164073573543,0
ZUE,D,20110516,000000,10.9096,10.9096,10.7484,10.7484,4154.660254619858,0
ZUE,D,20110517,000000,10.7484,10.7484,10.3004,10.4792,2243.2373408894005,0
ZUE,D,20110518,000000,10.2287,10.3004,9.89724,10.2911,2402.16463933437,0
ZUE,D,20110519,000000,10.4439,10.4439,9.78088,10.4075,59665.38840202745,0
ZUE,D,20110520,000000,10.0491,10.2828,10.0406,10.2828,794.6364922250515,0
ZUE,D,20110523,000000,10.1208,10.1208,9.94196,10.023,1002.9601131597291,0
ZUE,D,20110524,000000,9.26122,9.70913,9.26122,9.67376,2284.0429985982464,0
ZUE,D,20110525,000000,9.68214,9.80789,9.65513,9.80789,4998.693069334587,0
ZUE,D,20110526,000000,10.0313,10.0313,9.85251,10.023,900.945968887593,0
ZUE,D,20110527,000000,9.87027,10.4616,9.68214,10.1841,5196.2783592932965,0
ZUE,D,20110530,000000,10.1841,10.3453,10.1841,10.3453,223.3572843010914,0
ZUE,D,20110531,000000,10.3359,10.3359,10.0853,10.2018,380.1369165509041,0
ZUE,D,20110601,000000,10.1924,10.1924,10.1924,10.1924,558.3932107527337,0
ZUE,D,20110602,000000,10.1208,10.1208,9.996,10.1123,273.8274398883626,0
ZUE,D,20110603,000000,9.86095,10.1208,9.80789,10.1208,790.3411598346461,0
ZUE,D,20110606,000000,9.87027,9.87027,9.67376,9.67376,476.78189533503087,0
ZUE,D,20110607,000000,9.69145,9.92421,9.69145,9.69145,676.5148514888976,0
ZUE,D,20110608,000000,9.90655,9.90655,9.80789,9.80789,1765.3816124567347,0
ZUE,D,20110609,000000,9.85251,9.85251,9.60205,9.8432,439.1977369189759,0
ZUE,D,20110613,000000,9.8432,10.1208,9.8432,9.87027,10287.32107502192,0
ZUE,D,20110615,000000,9.89724,10.1031,9.85251,9.85251,811.8178217866731,0
ZUE,D,20110616,000000,9.85251,9.85251,9.85251,9.85251,134.22913720018173,0
ZUE,D,20110620,000000,9.64675,9.87027,9.64675,9.64675,1332.6268741233314,0
ZUE,D,20110621,000000,9.64675,9.80789,9.64675,9.80789,194.36379066585747,0
ZUE,D,20110622,000000,9.14481,9.7632,8.97439,9.22582,886.9861386187729,0
ZUE,D,20110624,000000,9.40463,9.40463,9.0554,9.40463,223.3572843010914,0
ZUE,D,20110627,000000,9.40463,9.40463,8.93901,9.12712,1001.8862800621251,0
ZUE,D,20110629,000000,9.34224,9.34224,8.8403,9.22582,387.653748234111,0
ZUE,D,20110630,000000,9.21651,9.21651,9.21651,9.21651,64.4299858560852,0
ZUE,D,20110701,000000,9.0461,9.0461,9.0461,9.0461,46.17482319686068,0
ZUE,D,20110704,000000,9.0554,9.1355,8.912,8.912,5146.882036803619,0
ZUE,D,20110705,000000,8.96602,9.10942,8.87569,8.87569,1811.5564356535497,0
ZUE,D,20110706,000000,8.65219,9.06379,8.65219,9.06379,51.543988684867955,0
ZUE,D,20110707,000000,9.31523,9.31523,9.06379,9.18114,23836.947100556645,0
ZUE,D,20110708,000000,9.29754,9.29754,9.29754,9.29754,10.73833097601454,0
ZUE,D,20110711,000000,9.29754,9.29754,9.06379,9.22582,3954.927298466042,0
ZUE,D,20110712,000000,9.0014,9.39531,9.0014,9.31523,837.5898161291055,0
ZUE,D,20110713,000000,9.37762,9.66445,9.37762,9.49403,2764.0463932260177,0
ZUE,D,20110714,000000,9.73611,10.3004,9.73611,9.85251,5048.089391824265,0
ZUE,D,20110715,000000,10.0853,10.1924,9.89724,9.93264,558.3932107527337,0
ZUE,D,20110718,000000,9.68214,10.0677,9.22582,10.0677,944.9731258892509,0
ZUE,D,20110719,000000,9.81623,10.1841,9.81623,10.0947,2595.454596902664,0
ZUE,D,20110720,000000,10.076,10.076,9.40463,9.87958,1594.6421499380715,0
ZUE,D,20110721,000000,9.63744,9.8432,9.39531,9.8432,439.1977369189759,0
ZUE,D,20110722,000000,9.85251,9.85251,9.85251,9.85251,144.96746817619015,0
ZUE,D,20110725,000000,9.60205,9.60205,9.1355,9.57504,815.0393210794746,0
ZUE,D,20110726,000000,9.1355,9.8432,9.0908,9.8432,218681.81499414146,0
ZUE,D,20110727,000000,9.58342,9.8432,9.58342,9.60205,3014.2495049671656,0
ZUE,D,20110728,000000,9.35993,9.67376,9.35993,9.67376,100.9403111745332,0
ZUE,D,20110729,000000,9.43164,9.43164,9.1355,9.42232,1123.2294200911315,0
ZUE,D,20110801,000000,9.40463,9.40463,9.40463,9.40463,111.6786421505508,0
ZUE,D,20110802,000000,9.17182,9.17182,9.1625,9.17182,1322.962376244947,0
ZUE,D,20110803,000000,9.1355,9.1355,8.59845,9.1178,4733.456294227086,0
ZUE,D,20110804,000000,8.8943,8.8943,8.50896,8.86729,1989.8127298553893,0
ZUE,D,20110805,000000,8.64324,8.68804,8.50896,8.68804,2934.785855744681,0
ZUE,D,20110808,000000,8.4731,8.59845,8.10582,8.58057,1329.4053748305707,0
ZUE,D,20110809,000000,8.36564,8.36564,7.85504,8.15061,6300.178783627558,0
ZUE,D,20110810,000000,8.15061,8.2402,7.34453,7.34453,579.8698727047708,0
ZUE,D,20110811,000000,7.34453,7.43411,7.25495,7.43411,534.768882605509,0
ZUE,D,20110812,000000,7.43411,7.43411,7.33559,7.43411,1386.3185290034244,0
ZUE,D,20110816,000000,7.43411,7.51467,7.34453,7.51467,1321.8885431473943,0
ZUE,D,20110819,000000,7.16535,7.34453,6.8519,7.07587,543.3595473863198,0
ZUE,D,20110822,000000,7.16535,7.61319,6.8967,7.61319,1324.036209342602,0
ZUE,D,20110823,000000,8.2402,8.2402,8.2402,8.2402,17.18132956162265,0
ZUE,D,20110824,000000,8.03421,8.03421,8.03421,8.03421,934.2347949132323,0
ZUE,D,20110825,000000,7.83716,8.06112,7.83716,8.06112,842.9589816171148,0
ZUE,D,20110826,000000,7.85504,7.85504,7.85504,7.85504,955.7114568652594,0
ZUE,D,20110829,000000,8.03421,8.03421,7.83716,7.83716,1013.6984441357375,0
ZUE,D,20110830,000000,7.6401,7.6401,7.51467,7.61319,1870.617256021713,0
ZUE,D,20110831,000000,7.57743,8.05209,7.26388,8.05209,2507.400282899348,0
ZUE,D,20110901,000000,7.85504,7.85504,7.43411,7.79237,3014.2495049671656,0
ZUE,D,20110902,000000,7.59531,7.61319,7.4072,7.61319,1346.5867043921312,0
ZUE,D,20110905,000000,7.61319,7.61319,7.38038,7.38038,382.2845827461017,0
ZUE,D,20110906,000000,7.34453,8.06112,7.16535,8.06112,2334.5131541854767,0
ZUE,D,20110907,000000,8.06112,8.9567,8.06112,8.9567,2315.1841584287085,0
ZUE,D,20110908,000000,8.73283,8.73283,8.72388,8.72388,881.6169731307635,0
ZUE,D,20110909,000000,8.50896,8.50896,8.50896,8.50896,356.5125884036692,0
ZUE,D,20110912,000000,8.08794,8.08794,8.08794,8.08794,927.7917963276293,0
ZUE,D,20110913,000000,7.88195,8.2402,7.62222,8.2402,4600.300990124508,0
ZUE,D,20110914,000000,8.03421,8.2402,8.03421,8.2402,949.2684582796563,0
ZUE,D,20110915,000000,8.03421,8.2402,7.62222,8.2402,4078.4181046902354,0
ZUE,D,20110916,000000,8.03421,8.41937,8.03421,8.41937,1005.1077793549267,0
ZUE,D,20110919,000000,8.20435,8.20435,8.20435,8.20435,1005.1077793549267,0
ZUE,D,20110920,000000,7.99836,8.2402,7.99836,8.2402,1005.1077793549267,0
ZUE,D,20110921,000000,8.03421,8.2402,8.03421,8.2402,1005.1077793549267,0
ZUE,D,20110922,000000,8.03421,8.23125,7.83716,8.18647,2242.163507791745,0
ZUE,D,20110923,000000,7.98048,8.06112,7.98048,8.06112,518.6613861414811,0
ZUE,D,20110926,000000,7.85504,8.19542,7.85504,8.06112,1109.2695898222298,0
ZUE,D,20110927,000000,7.88195,8.19542,7.65798,8.19542,1292.8950495121398,0
ZUE,D,20110928,000000,7.98942,8.15061,7.98942,8.15061,1104.974257431814,0
ZUE,D,20110929,000000,7.94462,8.15061,7.92674,8.15061,2064.9810466875606,0
ZUE,D,20110930,000000,7.95357,8.06112,7.95357,8.0073,1373.4325318321776,0
ZUE,D,20111003,000000,7.81024,8.15956,7.71172,8.06112,1457.1915134450778,0
ZUE,D,20111004,000000,7.85504,8.04314,7.85504,8.04314,949.2684582796563,0
ZUE,D,20111005,000000,7.8461,8.03421,7.8461,8.03421,949.2684582796563,0
ZUE,D,20111006,000000,8.02526,8.02526,7.70279,7.89089,5472.253465376836,0
ZUE,D,20111007,000000,7.89089,7.98942,7.79237,7.82822,2789.8183875685113,0
ZUE,D,20111010,000000,7.97155,8.04314,7.92674,8.04314,249.12927864353406,0
ZUE,D,20111011,000000,7.85504,7.85504,7.57743,7.8013,4226.607072159166,0
ZUE,D,20111012,000000,7.71172,7.71172,7.43411,7.71172,5716.013578532361,0
ZUE,D,20111013,000000,7.51467,7.55052,7.35347,7.35347,6810.249504988238,0
ZUE,D,20111014,000000,7.38932,7.38932,6.95936,6.98627,27073.480056726537,0
ZUE,D,20111017,000000,7.14748,7.16535,6.86084,6.86084,18293.820650737845,0
ZUE,D,20111018,000000,7.07587,7.09375,6.80711,7.00416,5936.149363540701,0
ZUE,D,20111019,000000,6.82508,7.04001,6.80711,6.80711,1568.8701555956798,0
ZUE,D,20111020,000000,6.80711,6.80711,6.46674,6.68177,9794.431683222598,0
ZUE,D,20111021,000000,6.76232,6.78923,6.44886,6.69071,5231.7148515140725,0
ZUE,D,20111024,000000,6.71752,6.79817,6.45781,6.79817,5939.3708628334625,0
ZUE,D,20111025,000000,6.80711,6.80711,6.80711,6.80711,262.0152758147503,0
ZUE,D,20111026,000000,6.71752,6.71752,6.67283,6.67283,128.85997171217244,0
ZUE,D,20111027,000000,6.79817,6.95936,6.79817,6.80711,402.68741160053503,0
ZUE,D,20111028,000000,6.95936,6.98627,6.94148,6.94148,252.35077793633556,0
ZUE,D,20111031,000000,7.16535,7.16535,6.93255,7.07587,2097.1960396155755,0
ZUE,D,20111102,000000,6.80711,6.80711,6.54738,6.80711,11633.90777941405,0
ZUE,D,20111103,000000,6.64592,7.07587,6.64592,7.07587,167.5179632258211,0
ZUE,D,20111104,000000,7.06683,7.16535,6.98627,6.98627,230297.46761089272,0
ZUE,D,20111107,000000,7.13855,7.25495,7.13855,7.25495,4162.177086303136,0
ZUE,D,20111108,000000,7.246,7.25495,7.246,7.25495,780.6766619562313,0
ZUE,D,20111109,000000,7.16535,7.16535,6.53845,7.07587,1444.305516273933,0
ZUE,D,20111110,000000,6.8967,7.07587,6.8967,7.07587,537.9903818983105,0
ZUE,D,20111114,000000,7.16535,7.16535,6.98627,7.16535,1172.6257425807069,0
ZUE,D,20111115,000000,7.16535,7.16535,6.98627,6.98627,1129.6724186766528,0
ZUE,D,20111116,000000,6.80711,6.98627,6.80711,6.98627,125.63847241937093,0
ZUE,D,20111117,000000,6.80711,6.98627,6.80711,6.98627,558.3932107527337,0
ZUE,D,20111118,000000,6.80711,6.96831,6.80711,6.96831,1157.5920792143543,0
ZUE,D,20111121,000000,6.79817,6.94148,6.36821,6.76232,720.5420084905556,0
ZUE,D,20111122,000000,6.88776,6.88776,6.30554,6.70859,1350.8820367825465,0
ZUE,D,20111123,000000,6.83402,6.83402,6.6638,6.71752,144.96746817619015,0
ZUE,D,20111124,000000,6.96831,6.96831,6.79817,6.96831,1182.2902404591932,0
ZUE,D,20111125,000000,6.79817,6.95936,6.79817,6.95936,680.810183879303,0
ZUE,D,20111128,000000,6.78923,6.95936,6.51154,6.95936,15340.779632333746,0
ZUE,D,20111129,000000,6.76232,6.76232,6.76232,6.76232,1104.974257431814,0
ZUE,D,20111130,000000,6.59218,6.69964,6.59218,6.69964,1806.1872701655811,0
ZUE,D,20111201,000000,6.69071,6.69071,6.03688,6.62803,6431.186421534929,0
ZUE,D,20111202,000000,6.45781,6.619,6.45781,6.61006,1183.364073556746,0
ZUE,D,20111205,000000,6.62803,6.62803,6.619,6.619,134.22913720018173,0
ZUE,D,20111206,000000,6.62803,6.62803,6.45781,6.619,1217.7267326799688,0
ZUE,D,20111207,000000,6.70859,6.70859,6.53845,6.61006,1886.7247524857207,0
ZUE,D,20111208,000000,6.69964,6.69964,6.32342,6.62803,1360.5465346610326,0
ZUE,D,20111209,000000,6.70859,6.70859,6.53845,6.59218,1384.1708628082167,0
ZUE,D,20111212,000000,6.46674,6.46674,6.30554,6.40407,1491.5541725684027,0
ZUE,D,20111213,000000,6.24287,6.51154,6.12646,6.51154,2899.3493635238037,0
ZUE,D,20111214,000000,6.35033,6.5743,6.26969,6.43993,1471.1513437139797,0
ZUE,D,20111215,000000,6.27873,6.43993,6.09061,6.09061,2691.0257425891564,0
ZUE,D,20111216,000000,6.09061,6.09061,5.91144,6.08167,8868.787553090175,0
ZUE,D,20111219,000000,5.92941,6.07264,5.92941,6.0189,2080.014710053913,0
ZUE,D,20111220,000000,5.86665,6.00102,5.45466,5.95623,34516.2172562022,0
ZUE,D,20111221,000000,5.99209,5.99209,5.48158,5.55319,12874.185007143244,0
ZUE,D,20111222,000000,5.49051,5.59799,5.45466,5.45466,1713.8376237718494,0
ZUE,D,20111223,000000,5.43678,5.64278,5.32923,5.37402,17956.637058091343,0
ZUE,D,20111227,000000,5.23973,5.36508,5.19495,5.19495,2076.7932107611523,0
ZUE,D,20111228,000000,5.06056,5.186,4.75605,5.06056,9005.164356485513,0
ZUE,D,20111229,000000,4.92619,4.92619,4.53209,4.54112,89091.6367755994,0
ZUE,D,20111230,000000,4.54112,4.98896,4.53209,4.98896,195184.19915242825,0
ZUE,D,20120102,000000,5.09641,5.16803,5.03364,5.16803,2860.6913720101647,0
ZUE,D,20120103,000000,5.04268,5.10536,4.86351,4.97098,7333.206223520064,0
ZUE,D,20120104,000000,4.97992,4.97992,4.74711,4.88139,7255.890240492787,0
ZUE,D,20120105,000000,4.99789,4.99789,4.49633,4.83669,39087.52475269125,0
ZUE,D,20120109,000000,4.93512,4.93512,4.80084,4.80084,1151.1490806287309,0
ZUE,D,20120110,000000,4.91724,4.92619,4.88139,4.92619,114088.32362156315,0
ZUE,D,20120111,000000,5.00684,5.49946,5.00684,5.15015,39769.40876966845,0
ZUE,D,20120112,000000,5.27549,5.65172,5.27549,5.4636,6580.4492221015125,0
ZUE,D,20120113,000000,5.4636,5.91144,5.4636,5.76812,9951.211315472357,0
ZUE,D,20120116,000000,5.82186,5.86665,5.81292,5.86665,2437.6011315552473,0
ZUE,D,20120117,000000,5.92941,6.09955,5.76812,6.00997,29203.96492236799,0
ZUE,D,20120118,000000,6.12646,6.20701,6.09061,6.20701,7867.975106125583,0
ZUE,D,20120119,000000,6.25182,6.413,6.22489,6.413,10508.530693127408,0
ZUE,D,20120120,000000,6.45781,6.61006,6.40407,6.49365,5085.67355024035,0
ZUE,D,20120123,000000,6.44886,6.58324,6.44886,6.58324,5310.104667639004,0
ZUE,D,20120124,000000,6.58324,6.58324,6.22489,6.42195,1574.2393210836483,0
ZUE,D,20120125,000000,6.44886,6.56526,6.37725,6.56526,1848.0667609720822,0
ZUE,D,20120126,000000,6.56526,6.60112,6.44886,6.60112,3626.334370599962,0
ZUE,D,20120127,000000,6.43993,6.53845,6.33245,6.53845,4436.004526191468,0
ZUE,D,20120130,000000,6.619,6.619,6.46674,6.46674,924.5702970348278,0
ZUE,D,20120131,000000,6.45781,6.62803,6.45781,6.45781,3447.004243300569,0
ZUE,D,20120201,000000,6.61006,6.70859,6.35927,6.70859,58647.39462550119,0
ZUE,D,20120202,000000,6.71752,7.15642,6.71752,7.12066,10165.97793499263,0
ZUE,D,20120203,000000,7.14748,7.15642,7.03108,7.15642,3502.84356437587,0
ZUE,D,20120206,000000,7.15642,7.50573,7.07587,7.2908,9645.168882655911,0
ZUE,D,20120207,000000,7.28186,7.28186,7.07587,7.16535,369297.64526371896,0
ZUE,D,20120208,000000,7.21015,7.38932,7.21015,7.36242,4415.601697337044,0
ZUE,D,20120209,000000,7.39826,7.79237,7.18333,7.61319,14289.497029782433,0
ZUE,D,20120210,000000,7.44306,7.44306,7.18333,7.34453,4242.714568623173,0
ZUE,D,20120213,000000,7.38932,7.50573,7.17439,7.33559,3850.765487998718,0
ZUE,D,20120214,000000,7.18333,7.25495,6.71752,7.07587,5613.999434260246,0
ZUE,D,20120215,000000,6.99522,7.34453,6.98627,7.34453,3651.032531844801,0
ZUE,D,20120216,000000,7.50573,7.50573,7.16535,7.29974,12137.535502188905,0
ZUE,D,20120217,000000,7.4789,7.50573,7.31772,7.43411,1254.2370579985013,0
ZUE,D,20120220,000000,7.42518,7.43411,7.2908,7.2908,5971.585855761477,0
ZUE,D,20120221,000000,7.32665,7.36242,7.32665,7.36242,285.6396039619749,0
ZUE,D,20120222,000000,7.45199,7.45199,7.23707,7.33559,4281.372560136812,0
ZUE,D,20120224,000000,7.17439,7.25495,7.05789,7.25495,2344.177652063861,0
ZUE,D,20120227,000000,7.07587,7.12066,7.07587,7.07587,1721.3544554550258,0
ZUE,D,20120228,000000,7.16535,7.31772,7.16535,7.25495,1213.4314002896551,0
ZUE,D,20120229,000000,7.16535,7.16535,7.16535,7.16535,1602.1589816213498,0
ZUE,D,20120301,000000,7.04001,7.04001,6.70859,6.76232,7209.715417295972,0
ZUE,D,20120302,000000,6.71752,6.91458,6.64592,6.79817,5611.851768065038,0
ZUE,D,20120305,000000,6.78923,6.78923,6.45781,6.62803,2354.9159830399003,0
ZUE,D,20120306,000000,6.619,6.619,6.53845,6.619,312.4854314020113,0
ZUE,D,20120307,000000,6.58324,7.16535,6.58324,7.16535,27569.590947819237,0
ZUE,D,20120308,000000,7.34453,7.34453,7.16535,7.16535,116226.32531889288,0
ZUE,D,20120309,000000,7.16535,7.16535,7.16535,7.16535,1450.7485148595565,0
ZUE,D,20120312,000000,7.16535,7.16535,7.16535,7.16535,56158.24950526116,0
ZUE,D,20120313,000000,7.16535,7.16535,7.16535,7.16535,56495.43309790868,0
ZUE,D,20120314,000000,7.16535,7.16535,6.98627,6.98627,1327.2577086353629,0
ZUE,D,20120315,000000,6.80711,6.8967,6.71752,6.8519,7527.570014185911,0
ZUE,D,20120316,000000,6.8967,7.00416,6.8967,7.00416,580.9437058023647,0
ZUE,D,20120319,000000,6.82508,7.03108,6.82508,7.03108,486.4463932134456,0
ZUE,D,20120320,000000,7.07587,7.07587,6.94148,6.94148,103458.44978840645,0
ZUE,D,20120321,000000,7.10269,7.10269,7.07587,7.07587,413.4257425765435,0
ZUE,D,20120322,000000,7.16535,7.16535,6.62803,6.98627,1406.7213578578476,0
ZUE,D,20120323,000000,6.86084,7.02213,6.86084,7.02213,1461.4868458354936,0
ZUE,D,20120326,000000,7.16535,7.16535,6.94148,6.98627,1558.1318246196408,0
ZUE,D,20120327,000000,7.12066,7.12066,7.11163,7.11163,390.8752475269125,0
ZUE,D,20120328,000000,6.94148,7.12066,6.94148,7.12066,1349.808203684994,0
ZUE,D,20120329,000000,6.98627,7.07587,6.98627,7.07587,1884.5770862905129,0
ZUE,D,20120330,000000,7.00416,7.12066,7.00416,7.12066,3426.601414446146,0
ZUE,D,20120402,000000,7.07587,7.07587,6.94148,6.94148,326.4452616708314,0
ZUE,D,20120404,000000,6.8519,6.8519,6.8519,6.8519,209.3974540322815,0
ZUE,D,20120405,000000,6.64592,7.06683,6.64592,7.06683,2962.7055162822808,0
ZUE,D,20120410,000000,7.03108,7.03108,6.86084,6.8967,2408.607637919993,0
ZUE,D,20120411,000000,6.73549,6.73549,6.51154,6.72656,1600.0113154261421,0
ZUE,D,20120417,000000,6.5743,6.8519,6.5743,6.8519,1536.6551626676646,0
ZUE,D,20120418,000000,6.80711,6.80711,6.80711,6.80711,22.550495049629923,0
ZUE,D,20120419,000000,6.80711,6.80711,6.64592,6.64592,357.58642150127315,0
ZUE,D,20120420,000000,6.78923,6.78923,6.44886,6.44886,2300.150495062254,0
ZUE,D,20120423,000000,6.44886,6.44886,6.00997,6.00997,47420.46959007918,0
ZUE,D,20120424,000000,6.09955,6.17117,6.09955,6.17117,752.757001418591,0
ZUE,D,20120425,000000,6.17117,6.1802,6.02795,6.1802,714.0990099049425,0
ZUE,D,20120426,000000,6.26969,6.26969,6.26969,6.26969,162.1487977378118,0
ZUE,D,20120430,000000,6.40407,6.5743,6.40407,6.5743,400.5397454053272,0
ZUE,D,20120504,000000,6.42195,6.56526,6.42195,6.56526,61.20848656328064,0
ZUE,D,20120507,000000,6.413,6.5295,6.40407,6.5295,228.7264497891007,0
ZUE,D,20120508,000000,6.52047,6.52047,6.52047,6.52047,289.9349363523803,0
ZUE,D,20120509,000000,6.36821,6.44886,6.21596,6.44886,292.0826025475882,0
ZUE,D,20120511,000000,6.44886,6.44886,6.44886,6.44886,22.550495049629923,0
ZUE,D,20120514,000000,6.31448,6.60112,6.28766,6.44886,16023.737482408398,0
ZUE,D,20120516,000000,5.73236,6.58324,5.73236,6.26969,22856.53748244627,0
ZUE,D,20120517,000000,6.11743,6.26969,6.11743,6.26969,762.4214992970059,0
ZUE,D,20120518,000000,6.11743,6.26969,6.11743,6.26969,245.90777935072234,0
ZUE,D,20120521,000000,6.413,6.413,6.413,6.413,1.0738330976014538,0
ZUE,D,20120522,000000,6.26969,6.26969,6.11743,6.11743,62694.67157036178,0
ZUE,D,20120523,000000,6.26075,6.26075,6.26075,6.26075,10.73833097601454,0
ZUE,D,20120524,000000,6.35927,6.35927,6.35927,6.35927,390.8752475269125,0
ZUE,D,20120525,000000,6.26969,6.26969,6.26969,6.26969,249.12927864353406,0
ZUE,D,20120528,000000,6.35033,6.35033,6.35033,6.35033,1.0738330976014538,0
ZUE,D,20120529,000000,6.35927,6.35927,6.35927,6.35927,55.83932107527336,0
ZUE,D,20120530,000000,6.35033,6.35033,6.35033,6.35033,5.369165488007066,0
ZUE,D,20120531,000000,6.35033,6.35033,6.19808,6.34139,61.20848656328064,0
ZUE,D,20120601,000000,6.1802,6.35033,6.1802,6.35033,228.7264497891007,0
ZUE,D,20120604,000000,5.72333,6.1802,5.71438,6.1802,3770.228005678579,0
ZUE,D,20120605,000000,6.02795,6.02795,6.02795,6.02795,1228.4650636560077,0
ZUE,D,20120608,000000,5.87559,5.87559,5.87559,5.87559,137.45063649298325,0
ZUE,D,20120611,000000,5.85771,6.00102,5.85771,6.00102,1584.9776520596872,0
ZUE,D,20120612,000000,6.09061,6.1354,6.09061,6.1354,541.2118811911121,0
ZUE,D,20120614,000000,6.1802,6.1802,6.1802,6.1802,10.73833097601454,0
ZUE,D,20120618,000000,6.09061,6.09061,5.93835,5.93835,172.8871287138304,0
ZUE,D,20120619,000000,6.08167,6.08167,6.08167,6.08167,10.73833097601454,0
ZUE,D,20120620,000000,6.08167,6.08167,6.08167,6.08167,22.550495049629923,0
ZUE,D,20120621,000000,6.00102,6.00102,6.00102,6.00102,22.550495049629923,0
ZUE,D,20120625,000000,6.00102,6.00102,6.00102,6.00102,22.550495049629923,0
ZUE,D,20120626,000000,6.00102,6.00102,5.84877,5.84877,469.265063651824,0
ZUE,D,20120627,000000,5.84877,5.84877,5.73236,5.73236,3745.52984443374,0
ZUE,D,20120628,000000,5.59799,5.71438,5.51734,5.64278,5417.487977399191,0
ZUE,D,20120629,000000,5.76812,5.81292,5.62481,5.81292,1135.0415841647232,0
ZUE,D,20120702,000000,5.93835,5.93835,5.79503,5.79503,1707.394625186226,0
ZUE,D,20120703,000000,5.79503,5.89356,5.73236,5.89356,2103.6390382011987,0
ZUE,D,20120704,000000,5.75024,5.75024,5.74131,5.74131,497.184724189454,0
ZUE,D,20120705,000000,5.74131,5.86665,5.63384,5.63384,2054.2427157115217,0
ZUE,D,20120706,000000,5.75024,6.09955,5.75024,6.09955,1834.1069307031805,0
ZUE,D,20120709,000000,6.1354,6.1354,6.1354,6.1354,10.73833097601454,0
ZUE,D,20120710,000000,5.98314,6.0189,5.98314,6.0189,1275.7137199504775,0
ZUE,D,20120712,000000,5.82186,5.82186,5.82186,5.82186,223.3572843010914,0
ZUE,D,20120713,000000,5.80398,5.80398,5.66065,5.76812,1436.7886845906548,0
ZUE,D,20120716,000000,5.87559,5.87559,5.58904,5.72333,1669.8104667702426,0
ZUE,D,20120717,000000,5.58001,5.73236,5.37402,5.73236,28950.540311333876,0
ZUE,D,20120718,000000,5.7861,5.7861,5.64278,5.64278,238.39094766751543,0
ZUE,D,20120720,000000,5.49946,5.49946,5.49946,5.49946,6946.6263083835765,0
ZUE,D,20120723,000000,5.20388,5.20388,5.10536,5.19495,21229.680339579674,0
ZUE,D,20120724,000000,5.10536,5.19495,5.0695,5.186,4280.29872703926,0
ZUE,D,20120725,000000,5.06056,5.17697,5.06056,5.15015,1987.6650636601814,0
ZUE,D,20120726,000000,5.27549,5.27549,5.27549,5.27549,10.73833097601454,0
ZUE,D,20120727,000000,5.27549,5.35614,5.27549,5.28452,271.6797736931548,0
ZUE,D,20120730,000000,5.36508,5.36508,5.36508,5.36508,10.73833097601454,0
ZUE,D,20120731,000000,5.23973,5.23973,5.23071,5.23071,1871.691089119266,0
ZUE,D,20120803,000000,5.23071,5.50839,5.23071,5.50839,7023.942291410854,0
ZUE,D,20120807,000000,5.50839,5.50839,5.50839,5.50839,455.30523338300384,0
ZUE,D,20120808,000000,5.50839,5.50839,5.27549,5.27549,289.9349363523803,0
ZUE,D,20120809,000000,5.39199,5.39199,5.39199,5.39199,396.2444130149218,0
ZUE,D,20120810,000000,5.26655,5.55319,5.26655,5.55319,78.38981612490328,0
ZUE,D,20120813,000000,5.55319,5.55319,5.42775,5.42775,2208.8746817660754,0
ZUE,D,20120814,000000,5.54425,5.54425,5.54425,5.54425,335.0359264516422,0
ZUE,D,20120816,000000,5.54425,5.56213,5.54425,5.55319,2566.4611032674097,0
ZUE,D,20120817,000000,5.41882,5.53531,5.41882,5.53531,1408.8690240530552,0
ZUE,D,20120820,000000,5.40094,5.48158,5.37402,5.48158,6301.252616725111,0
ZUE,D,20120821,000000,5.48158,5.48158,5.48158,5.48158,1116.786421505508,0
ZUE,D,20120822,000000,5.3472,5.3472,5.21283,5.33826,1132.8939179695155,0
ZUE,D,20120828,000000,5.21283,5.21283,5.21283,5.21283,256.64611032674094,0
ZUE,D,20120829,000000,5.19495,5.19495,5.19495,5.19495,122.41697312655923,0
ZUE,D,20120830,000000,5.19495,5.19495,5.17697,5.186,1619.3403111829102,0
ZUE,D,20120831,000000,5.06056,5.06056,5.05162,5.05162,1466.856011323564,0
ZUE,D,20120903,000000,5.16803,5.16803,5.02471,5.16803,1485.1111739827793,0
ZUE,D,20120904,000000,5.06056,5.36508,5.06056,5.36508,198.65912305626287,0
ZUE,D,20120905,000000,5.73236,5.73236,5.3472,5.64278,2735.0528995908653,0
ZUE,D,20120906,000000,5.55319,5.73236,5.55319,5.73236,3797.0738331186253,0
ZUE,D,20120907,000000,5.82186,5.82186,5.68757,5.68757,345.7742574276608,0
ZUE,D,20120910,000000,5.81292,5.81292,5.66959,5.79503,217.98811881309229,0
ZUE,D,20120912,000000,5.66065,5.77706,5.66065,5.66065,1136.1154172622762,0
ZUE,D,20120913,000000,5.7861,5.7861,5.7861,5.7861,111.6786421505508,0
ZUE,D,20120914,000000,5.65172,5.65172,5.64278,5.64278,1708.468458283881,0
ZUE,D,20120917,000000,5.64278,5.73236,5.64278,5.73236,1116.786421505508,0
ZUE,D,20120918,000000,5.84877,6.22489,5.84877,6.22489,5831.987553073277,0
ZUE,D,20120919,000000,6.09061,6.09061,5.93835,6.08167,2275.4523338174154,0
ZUE,D,20120920,000000,6.1802,6.1802,6.02795,6.1802,148.18896746899168,0
ZUE,D,20120921,000000,6.1802,6.42195,6.07264,6.42195,11455.651485211702,0
ZUE,D,20120924,000000,6.5743,6.5743,6.5743,6.5743,457.4528995782014,0
ZUE,D,20120925,000000,6.413,6.413,6.25182,6.40407,1739.6096181143432,0
ZUE,D,20120926,000000,6.24287,6.39513,6.23394,6.23394,1354.1035360754092,0
ZUE,D,20121001,000000,6.38619,6.38619,6.38619,6.38619,33.28882602564446,0
ZUE,D,20121002,000000,6.38619,6.54738,6.38619,6.54738,670.0718529032844,0
ZUE,D,20121003,000000,6.62803,6.70859,6.49365,6.53845,1502.2925035443398,0
ZUE,D,20121004,000000,6.37725,6.52047,6.37725,6.49365,28091.473833252796,0
ZUE,D,20121005,000000,6.62803,6.70859,6.52047,6.52047,4076.270438495028,0
ZUE,D,20121008,000000,6.67283,6.67283,6.67283,6.67283,33.28882602564446,0
ZUE,D,20121009,000000,6.51154,6.6638,6.51154,6.6638,195.43762376346135,0
ZUE,D,20121010,000000,6.69964,6.69964,6.36821,6.44886,2500.957284313725,0
ZUE,D,20121011,000000,6.60112,6.60112,6.60112,6.60112,22.550495049629923,0
ZUE,D,20121012,000000,6.43993,6.43993,6.28766,6.43098,2068.2025459803212,0
ZUE,D,20121015,000000,6.27873,6.39513,6.26969,6.39513,1115.7125884078532,0
ZUE,D,20121016,000000,6.23394,6.37725,6.23394,6.37725,802.1533239082584,0
ZUE,D,20121018,000000,6.21596,6.35927,6.21596,6.35927,318.92842998762444,0
ZUE,D,20121019,000000,6.36821,6.36821,6.36821,6.36821,31.141159830440735,0
ZUE,D,20121023,000000,6.20701,6.34139,6.20701,6.34139,3329.956435661999,0
ZUE,D,20121024,000000,6.42195,6.42195,6.26075,6.26075,1387.3923621010795,0
ZUE,D,20121025,000000,6.38619,6.38619,6.38619,6.38619,33.28882602564446,0
ZUE,D,20121026,000000,6.22489,6.37725,6.22489,6.37725,525.1043847270943,0
ZUE,D,20121105,000000,6.38619,6.46674,6.30554,6.30554,866.5833097643497,0
ZUE,D,20121106,000000,6.39513,6.39513,6.39513,6.39513,524.0305516294903,0
ZUE,D,20121107,000000,6.23394,6.24287,5.9473,6.24287,4687.281471030169,0
ZUE,D,20121108,000000,6.39513,6.39513,6.11743,6.38619,113.82630834574842,0
ZUE,D,20121109,000000,6.23394,6.32342,6.23394,6.32342,347.9219236228584,0
ZUE,D,20121112,000000,6.37725,6.37725,6.35033,6.35033,253.42461103393947,0
ZUE,D,20121113,000000,6.18913,6.32342,6.11743,6.26075,3797.0738331186253,0
ZUE,D,20121114,000000,6.10849,6.25182,6.04582,6.24287,1598.937482328487,0
ZUE,D,20121115,000000,6.09061,6.23394,6.09061,6.23394,1262.8277227792307,0
ZUE,D,20121116,000000,6.08167,6.20701,5.76812,5.76812,20934.37623773987,0
ZUE,D,20121119,000000,5.62481,5.62481,5.41882,5.41882,5694.536916580283,0
ZUE,D,20121120,000000,5.40987,5.40987,5.39199,5.39199,673.293352196086,0
ZUE,D,20121121,000000,5.27549,5.27549,4.92619,4.92619,7383.676379107396,0
ZUE,D,20121122,000000,4.92619,4.92619,4.83669,4.83669,3293.4461103435683,0
ZUE,D,20121123,000000,4.74711,4.82765,4.56794,4.82765,22978.95445557301,0
ZUE,D,20121126,000000,5.06056,5.19495,5.06056,5.19495,3030.357001431173,0
ZUE,D,20121127,000000,5.13218,5.19495,5.13218,5.19495,144.96746817619015,0
ZUE,D,20121128,000000,5.13218,5.19495,5.13218,5.19495,31.141159830440735,0
ZUE,D,20121130,000000,5.32029,5.32029,4.94416,5.19495,2440.822630848008,0
ZUE,D,20121203,000000,5.19495,5.19495,5.07844,5.10536,1507.6616690324104,0
ZUE,D,20121205,000000,5.19495,5.19495,5.19495,5.19495,25.771994342434486,0
ZUE,D,20121206,000000,5.28452,5.28452,5.02471,5.14121,1724.5759547478885,0
ZUE,D,20121211,000000,5.01577,5.19495,4.83669,5.19495,5406.749646423152,0
ZUE,D,20121212,000000,5.32029,5.44572,5.32029,5.43678,5567.824611063329,0
ZUE,D,20121213,000000,5.50839,5.62481,5.10536,5.62481,10925.177934996496,0
ZUE,D,20121214,000000,5.28452,5.40987,5.28452,5.40987,1409.9428571507103,0
ZUE,D,20121217,000000,5.37402,5.49946,5.23973,5.35614,1634.373974549365,0
ZUE,D,20121219,000000,5.3472,5.37402,5.23973,5.35614,309.2639321092098,0
ZUE,D,20121220,000000,5.22176,5.3472,5.22176,5.3472,46.17482319686068,0
ZUE,D,20121227,000000,5.35614,5.64278,5.35614,5.64278,3032.504667626381,0
ZUE,D,20121228,000000,5.73236,5.85771,5.73236,5.85771,1612.8973125972868,0
ZUE,D,20130102,000000,6.62803,6.62803,6.00102,6.00102,5748.228571460376,0
ZUE,D,20130103,000000,6.09061,6.09061,5.84877,5.98314,2552.50127299861,0
ZUE,D,20130104,000000,6.11743,6.11743,5.66959,5.79503,2397.869306943954,0
ZUE,D,20130107,000000,5.66959,5.80398,5.66065,5.66065,1792.2274398967813,0
ZUE,D,20130108,000000,5.51734,5.54425,5.41882,5.54425,256.64611032674094,0
ZUE,D,20130109,000000,5.66959,5.66959,5.66959,5.66959,301.7471004260028,0
ZUE,D,20130110,000000,5.80398,5.80398,5.38306,5.38306,3143.109476679328,0
ZUE,D,20130111,000000,5.41882,5.41882,5.15015,5.32923,1932.8995756825354,0
ZUE,D,20130114,000000,5.45466,5.45466,5.28452,5.37402,2059.6118811994897,0
ZUE,D,20130115,000000,5.28452,5.40987,5.28452,5.40987,1118.9340877007157,0
ZUE,D,20130116,000000,5.53531,5.53531,5.32923,5.32923,877.321640740358,0
ZUE,D,20130117,000000,5.32923,5.55319,5.32923,5.54425,803.2271570058623,0
ZUE,D,20130121,000000,5.49946,5.49946,5.41882,5.41882,367.2509193796879,0
ZUE,D,20130122,000000,5.3472,5.40987,5.31135,5.31135,1503.3663366419948,0
ZUE,D,20130123,000000,5.16803,5.26655,5.15909,5.19495,634.6353606824373,0
ZUE,D,20130124,000000,5.186,5.44572,5.15015,5.44572,2924.047524768642,0
ZUE,D,20130125,000000,5.44572,5.55319,5.31135,5.55319,3798.1476662161785,0
ZUE,D,20130128,000000,5.41882,5.41882,5.15015,5.26655,3582.3072135983552,0
ZUE,D,20130129,000000,5.26655,5.36508,5.26655,5.35614,3626.334370599962,0
ZUE,D,20130130,000000,5.36508,5.36508,5.29347,5.29347,1078.1284299918696,0
ZUE,D,20130131,000000,5.40987,5.72333,5.39199,5.65172,10269.065912362195,0
ZUE,D,20130201,000000,5.65172,5.65172,5.41882,5.57107,2942.302687427857,0
ZUE,D,20130204,000000,5.61587,5.64278,5.48158,5.48158,3818.5504950706013,0
ZUE,D,20130205,000000,5.61587,5.61587,5.61587,5.61587,167.5179632258211,0
ZUE,D,20130206,000000,5.45466,5.45466,5.45466,5.45466,18.255162659224514,0
ZUE,D,20130207,000000,5.65172,5.65172,5.38306,5.38306,2417.198302700824,0
ZUE,D,20130208,000000,5.38306,5.38306,5.35614,5.37402,59046.86053780903,0
ZUE,D,20130211,000000,5.37402,5.37402,5.37402,5.37402,386.5799151365071,0
ZUE,D,20130212,000000,5.38306,5.38306,5.37402,5.37402,1330.4792079281235,0
ZUE,D,20130213,000000,5.28452,5.28452,5.28452,5.28452,2101.4913720059913,0
ZUE,D,20130214,000000,5.16803,5.27549,5.15015,5.27549,3464.1855728622318,0
ZUE,D,20130215,000000,5.15909,5.40987,5.15909,5.28452,1978.0005657817974,0
ZUE,D,20130218,000000,5.28452,5.51734,5.15015,5.51734,6799.511174012199,0
ZUE,D,20130219,000000,5.39199,5.39199,5.38306,5.38306,2511.6956152897637,0
ZUE,D,20130220,000000,5.62481,5.62481,5.32923,5.32923,3972.108628027704,0
ZUE,D,20130221,000000,5.20388,5.3024,5.06056,5.17697,7866.90127302803,0
ZUE,D,20130222,000000,5.3024,5.36508,5.3024,5.36508,1805.1134370680284,0
ZUE,D,20130225,000000,5.44572,5.44572,5.37402,5.37402,241.61244696031693,0
ZUE,D,20130226,000000,5.44572,5.45466,5.44572,5.44572,8609.993776568197,0
ZUE,D,20130227,000000,5.53531,5.63384,5.53531,5.63384,5590.37510611296,0
ZUE,D,20130228,000000,5.63384,5.82186,5.63384,5.70545,7806.766619562313,0
ZUE,D,20130301,000000,5.70545,5.70545,5.70545,5.70545,223.3572843010914,0
ZUE,D,20130305,000000,5.61587,5.61587,5.61587,5.61587,8.590664780811325,0
ZUE,D,20130306,000000,5.61587,5.64278,5.61587,5.64278,614.2325318280141,0
ZUE,D,20130307,000000,5.64278,5.64278,5.64278,5.64278,2352.7683168446924,0
ZUE,D,20130308,000000,5.64278,5.64278,5.64278,5.64278,81377.2198024309,0
ZUE,D,20130311,000000,5.62481,5.62481,5.62481,5.62481,558.3932107527337,0
ZUE,D,20130312,000000,5.64278,5.64278,5.64278,5.64278,13955.534936428283,0
ZUE,D,20130313,000000,5.64278,5.64278,5.64278,5.64278,14988.56237632089,0
ZUE,D,20130314,000000,5.64278,5.64278,5.64278,5.64278,45071.99660562459,0
ZUE,D,20130315,000000,5.66959,5.66959,5.64278,5.64278,1625.7833097685336,0
ZUE,D,20130318,000000,5.59799,5.59799,5.59799,5.59799,893.429137204386,0
ZUE,D,20130319,000000,5.59799,5.59799,5.59799,5.59799,8.590664780811325,0
ZUE,D,20130320,000000,5.59799,5.59799,5.59799,5.59799,502.55388967746336,0
ZUE,D,20130321,000000,5.59799,5.59799,5.59799,5.59799,89.12814710091783,0
ZUE,D,20130322,000000,5.59799,5.65172,5.4636,5.48158,14276.611032610981,0
ZUE,D,20130325,000000,5.59799,5.59799,5.59799,5.59799,769.9383309802229,0
ZUE,D,20130326,000000,5.55319,5.59799,5.55319,5.59799,2742.5697312740413,0
ZUE,D,20130327,000000,5.59799,5.59799,5.59799,5.59799,1116.786421505508,0
ZUE,D,20130328,000000,5.59799,5.66959,5.59799,5.66959,605.6418670472033,0
ZUE,D,20130402,000000,5.64278,5.64278,5.59799,5.59799,1194.102404532785,0
ZUE,D,20130403,000000,5.64278,5.64278,5.55319,5.64278,854.7711456907272,0
ZUE,D,20130409,000000,5.72333,5.72333,5.58904,5.70545,1366.9895332466563,0
ZUE,D,20130412,000000,5.58001,5.73236,5.58001,5.73236,254.49844413153315,0
ZUE,D,20130415,000000,5.81292,5.81292,5.81292,5.81292,33.28882602564446,0
ZUE,D,20130418,000000,5.81292,5.81292,5.81292,5.81292,10.73833097601454,0
ZUE,D,20130422,000000,5.79503,5.79503,5.79503,5.79503,22.550495049629923,0
ZUE,D,20130423,000000,5.65172,5.65172,5.65172,5.65172,1327.2577086353629,0
ZUE,D,20130424,000000,5.75918,5.75918,5.61587,5.61587,1347.6605374897858,0
ZUE,D,20130426,000000,5.48158,5.60693,5.48158,5.60693,569.1315417287522,0
ZUE,D,20130430,000000,5.60693,5.60693,5.60693,5.60693,345.7742574276608,0
ZUE,D,20130506,000000,5.59799,5.59799,5.59799,5.59799,22.550495049629923,0
ZUE,D,20130508,000000,5.59799,5.59799,5.59799,5.59799,22.550495049629923,0
ZUE,D,20130510,000000,5.61587,5.61587,5.48158,5.48158,245.90777935072234,0
ZUE,D,20130513,000000,5.52627,5.52627,5.37402,5.37402,68930.42036813228,0
ZUE,D,20130514,000000,5.4636,5.4636,5.4636,5.4636,78.38981612490328,0
ZUE,D,20130515,000000,5.41882,5.41882,5.32923,5.33826,5694.536916580283,0
ZUE,D,20130516,000000,5.4636,5.4636,5.4636,5.4636,223.3572843010914,0
ZUE,D,20130517,000000,5.49946,5.49946,5.49946,5.49946,10.73833097601454,0
ZUE,D,20130520,000000,5.37402,5.45466,5.3472,5.3472,6139.103818987279,0
ZUE,D,20130521,000000,5.33826,5.49051,5.33826,5.35614,671.1456860008883,0
ZUE,D,20130522,000000,5.47255,5.49051,5.37402,5.37402,1473.2990099091874,0
ZUE,D,20130523,000000,5.33826,5.54425,5.33826,5.54425,841.885148519511,0
ZUE,D,20130527,000000,5.53531,5.53531,5.53531,5.53531,22.550495049629923,0
ZUE,D,20130528,000000,5.40094,5.40094,5.40094,5.40094,298.5256011331911,0
ZUE,D,20130529,000000,5.51734,5.51734,5.38306,5.50839,615.306364925618,0
ZUE,D,20130531,000000,5.37402,5.37402,5.37402,5.37402,19.328995756825353,0
ZUE,D,20130603,000000,5.37402,5.37402,5.37402,5.37402,92.3496463937224,0
ZUE,D,20130604,000000,5.32923,5.37402,5.32923,5.37402,242.68628005792084,0
ZUE,D,20130605,000000,5.37402,5.37402,5.28452,5.28452,234.09561527711003,0
ZUE,D,20130606,000000,5.37402,5.53531,5.37402,5.53531,413.4257425765435,0
ZUE,D,20130612,000000,5.50839,5.50839,5.50839,5.50839,55.83932107527336,0
ZUE,D,20130613,000000,5.37402,5.50839,5.37402,5.42775,663274.4893954715,0
ZUE,D,20130614,000000,5.4636,5.50839,5.43678,5.43678,1350.8820367825465,0
ZUE,D,20130617,000000,5.50839,5.50839,5.42775,5.50839,1086.719094772599,0
ZUE,D,20130618,000000,5.49946,5.54425,5.49946,5.54425,12633.646393280582,0
ZUE,D,20130619,000000,5.54425,5.56213,5.50839,5.55319,21595.85742586245,0
ZUE,D,20130620,000000,5.67854,5.73236,5.64278,5.64278,390.8752475269125,0
ZUE,D,20130621,000000,5.71438,5.71438,5.41882,5.41882,2401.0908062368167,0
ZUE,D,20130624,000000,5.4636,5.55319,5.4636,5.50839,11312.831683231352,0
ZUE,D,20130625,000000,5.62481,5.62481,5.62481,5.62481,10.73833097601454,0
ZUE,D,20130626,000000,5.55319,5.55319,5.53531,5.53531,812.8916548842769,0
ZUE,D,20130627,000000,5.56213,5.64278,5.4636,5.4636,935.3086280108362,0
ZUE,D,20130703,000000,5.54425,5.54425,5.54425,5.54425,10.73833097601454,0
ZUE,D,20130708,000000,5.54425,5.54425,5.53531,5.53531,156362.9850079385,0
ZUE,D,20130711,000000,5.4636,5.55319,5.4636,5.55319,89.12814710091783,0
ZUE,D,20130712,000000,5.4636,5.4636,5.4636,5.4636,99.86647807693237,0
ZUE,D,20130716,000000,5.4636,5.4636,5.4636,5.4636,55.83932107527336,0
ZUE,D,20130718,000000,5.4636,5.4636,5.4636,5.4636,145141.42913800577,0
ZUE,D,20130722,000000,5.4636,5.4636,4.93512,5.37402,5182.3185290244965,0
ZUE,D,20130725,000000,5.19495,5.36508,5.19495,5.36508,144.96746817619015,0
ZUE,D,20130726,000000,5.36508,5.36508,5.36508,5.36508,68.7253182464906,0
ZUE,D,20130729,000000,5.36508,5.37402,5.36508,5.37402,374.7677510628948,0
ZUE,D,20130730,000000,5.44572,5.44572,5.44572,5.44572,215.8404526178845,0
ZUE,D,20130731,000000,5.45466,5.45466,5.45466,5.45466,1887.7985855832737,0
ZUE,D,20130802,000000,5.4636,5.57107,5.4636,5.50839,11555.517963288918,0
ZUE,D,20130806,000000,5.60693,5.65172,5.60693,5.65172,690.4746817577178,0
ZUE,D,20130807,000000,5.63384,5.74131,5.63384,5.74131,1679.4749646486266,0
ZUE,D,20130809,000000,5.73236,5.74131,5.73236,5.73236,67795.37878396858,0
ZUE,D,20130813,000000,5.55319,5.74131,5.55319,5.73236,2163.773691666813,0
ZUE,D,20130814,000000,5.79503,5.79503,5.79503,5.79503,808.5963224938716,0
ZUE,D,20130820,000000,5.65172,5.65172,5.65172,5.65172,117.04780763854991,0
ZUE,D,20130822,000000,5.72333,5.72333,5.72333,5.72333,176.1086280066319,0
ZUE,D,20130823,000000,5.73236,5.73236,5.73236,5.73236,373.6939179652909,0
ZUE,D,20130826,000000,5.74131,5.74131,5.47255,5.47255,12137.535502188905,0
ZUE,D,20130827,000000,5.73236,5.99209,5.73236,5.99209,1194.102404532785,0
ZUE,D,20130828,000000,5.90249,5.90249,5.90249,5.90249,66.5776520512879,0
ZUE,D,20130830,000000,5.99209,5.99209,5.99209,5.99209,111.6786421505508,0
ZUE,D,20130902,000000,6.49365,7.42518,6.46674,7.42518,16970.858274492693,0
ZUE,D,20130903,000000,7.42518,7.61319,7.19227,7.41623,12764.65403118795,0
ZUE,D,20130904,000000,7.25495,7.41623,7.07587,7.07587,6947.700141481232,0
ZUE,D,20130905,000000,6.81605,7.16535,6.36821,6.8967,17451.935502218017,0
ZUE,D,20130906,000000,6.8967,7.23707,6.8967,7.03108,5156.546534682004,0
ZUE,D,20130909,000000,7.03108,7.42518,7.03108,7.25495,3967.813295637289,0
ZUE,D,20130910,000000,7.42518,7.61319,7.31772,7.50573,9059.929844463159,0
ZUE,D,20130911,000000,7.22812,7.49679,7.22812,7.49679,357.58642150127315,0
ZUE,D,20130912,000000,7.49679,7.49679,7.31772,7.43411,649.6690240488613,0
ZUE,D,20130913,000000,7.31772,7.42518,7.30868,7.42518,122.41697312655923,0
ZUE,D,20130916,000000,7.38932,7.43411,7.38932,7.43411,3870.0944837554866,0
ZUE,D,20130917,000000,7.34453,7.43411,7.34453,7.43411,234.09561527711003,0
ZUE,D,20130918,000000,7.34453,7.4789,7.34453,7.4789,125.63847241937093,0
ZUE,D,20130919,000000,7.51467,7.51467,7.4789,7.4789,1615.0449787924945,0
ZUE,D,20130920,000000,7.35347,7.43411,7.35347,7.43411,996.5171145741159,0
ZUE,D,20130924,000000,7.35347,7.43411,7.34453,7.43411,482.1510608230402,0
ZUE,D,20130925,000000,7.35347,7.35347,7.34453,7.35347,1944.7117397561276,0
ZUE,D,20130926,000000,7.35347,7.4789,7.35347,7.4789,3306.332107514815,0
ZUE,D,20130927,000000,7.46997,7.46997,7.37144,7.44306,2567.5349363649625,0
ZUE,D,20130930,000000,7.35347,7.4789,7.35347,7.37144,5515.20678928089,0
ZUE,D,20131001,000000,7.37144,7.4789,7.37144,7.4789,4148.217256034336,0
ZUE,D,20131002,000000,7.36242,7.4789,7.36242,7.43411,3264.452616708314,0
ZUE,D,20131003,000000,7.43411,7.43411,7.41623,7.41623,3067.941159847259,0
ZUE,D,20131004,000000,7.48785,7.69384,7.48785,7.69384,6010.243847275116,0
ZUE,D,20131007,000000,7.7297,8.36564,7.69384,8.32979,5318.695332419836,0
ZUE,D,20131008,000000,8.33873,8.50896,8.32085,8.45512,2431.158132969624,0
ZUE,D,20131009,000000,8.41937,8.41937,8.07006,8.079,972.8927864268912,0
ZUE,D,20131010,000000,8.41937,8.59845,8.29393,8.41937,5420.709476691951,0
ZUE,D,20131011,000000,8.37458,8.93901,8.32979,8.92969,3692.912022651302,0
ZUE,D,20131014,000000,8.71495,8.71495,8.50896,8.59845,4526.206506389992,0
ZUE,D,20131015,000000,8.86729,8.86729,8.77762,8.77762,1055.5779349422387,0
ZUE,D,20131016,000000,8.77762,8.77762,8.55366,8.77762,559.4670438503375,0
ZUE,D,20131017,000000,8.55366,8.77762,8.55366,8.77762,1343.3652050993705,0
ZUE,D,20131018,000000,8.75974,8.75974,8.42832,8.73283,7137.768599756663,0
ZUE,D,20131021,000000,8.51789,8.71495,8.51789,8.706,1049.134936356615,0
ZUE,D,20131022,000000,8.64324,8.64324,8.51789,8.51789,768.864497882619,0
ZUE,D,20131023,000000,8.71495,8.71495,8.35661,8.35661,2183.102687423684,0
ZUE,D,20131024,000000,8.35661,8.68804,8.29393,8.68804,10378.596888317488,0
ZUE,D,20131025,000000,8.59845,8.59845,8.46417,8.59845,633.5615275848334,0
ZUE,D,20131028,000000,8.75974,8.75974,8.35661,8.35661,2344.177652063861,0
ZUE,D,20131029,000000,8.36564,8.7955,8.36564,8.7955,1153.2967468239387,0
ZUE,D,20131030,000000,8.85799,8.85799,8.41937,8.41937,3180.6936350954134,0
ZUE,D,20131031,000000,8.35661,8.38352,8.2402,8.38352,1870.617256021713,0
ZUE,D,20131104,000000,8.2402,8.32979,8.07006,8.28499,5168.3586987555955,0
ZUE,D,20131105,000000,8.28499,8.28499,8.2402,8.2402,558.3932107527337,0
ZUE,D,20131106,000000,8.2402,8.82242,8.2402,8.68804,8311.468175435026,0
ZUE,D,20131107,000000,8.59845,9.28822,8.59845,9.0461,17207.101555965553,0
ZUE,D,20131108,000000,8.9567,9.40463,8.9567,9.21651,2053.1688826138666,0
ZUE,D,20131112,000000,8.94738,9.39531,8.92131,9.0908,1231.6865629488705,0
ZUE,D,20131113,000000,9.0461,9.85251,8.9567,9.85251,22980.028288670463,0
ZUE,D,20131114,000000,9.92421,10.6581,9.92421,10.2018,12416.7321075649,0
ZUE,D,20131115,000000,10.2111,10.2111,10.0491,10.0584,5303.66166905338,0
ZUE,D,20131118,000000,10.0584,10.0584,9.7632,9.80789,4176.136916571935,0
ZUE,D,20131119,000000,9.80789,10.1208,9.17182,10.1208,1364.8418670514484,0
ZUE,D,20131120,000000,10.0947,10.1208,9.67376,9.67376,4766.745120252756,0
ZUE,D,20131121,000000,9.88792,9.88792,9.1355,9.40463,1866.3219236312978,0
ZUE,D,20131122,000000,9.40463,9.78088,9.0014,9.62812,5502.320792109644,0
ZUE,D,20131125,000000,10.2911,10.2911,9.42232,9.50334,8583.14794912815,0
ZUE,D,20131126,000000,9.8432,9.8432,9.0461,9.06379,15710.178217908875,0
ZUE,D,20131127,000000,9.0461,9.2519,8.87569,8.9567,7387.971711497811,0
ZUE,D,20131128,000000,8.9567,9.1625,8.9567,9.0461,1839.4760961912511,0
ZUE,D,20131129,000000,9.0461,9.48565,9.0461,9.40463,516.5137199462835,0
ZUE,D,20131202,000000,9.40463,9.7632,9.38693,9.41394,1226.3173974608,0
ZUE,D,20131203,000000,9.49403,9.49403,8.8943,9.1355,2671.6967468322864,0
ZUE,D,20131204,000000,9.35061,9.40463,8.86729,9.19882,5162.989533267627,0
ZUE,D,20131205,000000,9.19882,9.33292,9.19882,9.33292,341.4789250372554,0
ZUE,D,20131206,000000,9.33292,9.48565,9.33292,9.48565,104.1618104673337,0
ZUE,D,20131209,000000,9.47634,9.54803,9.47634,9.53034,1327.2577086353629,0
ZUE,D,20131210,000000,9.58342,9.67376,9.40463,9.57504,1361.6203677585856,0
ZUE,D,20131211,000000,9.34224,9.34224,9.02841,9.15413,1844.8452616792197,0
ZUE,D,20131212,000000,9.36832,9.36832,8.50896,8.9567,1791980.4582842963,0
ZUE,D,20131213,000000,8.73283,8.94738,8.51789,8.72388,2013.4370580026753,0
ZUE,D,20131216,000000,8.50896,8.58057,8.24913,8.50896,7581.261669066003,0
ZUE,D,20131217,000000,8.41937,8.50896,8.41937,8.41937,1159.7397454095621,0
ZUE,D,20131218,000000,8.2402,8.50896,8.2402,8.50896,3499.6220650830073,0
ZUE,D,20131219,000000,8.50896,8.50896,8.30287,8.50896,361.88175389167856,0
ZUE,D,20131220,000000,8.92131,8.92131,8.50896,8.74176,243.76011315552475,0
ZUE,D,20131223,000000,8.82242,8.82242,8.82242,8.82242,111.6786421505508,0
ZUE,D,20131227,000000,8.61643,8.73283,8.59845,8.73283,3558.682885451069,0
ZUE,D,20131230,000000,8.68804,8.82242,8.68804,8.81348,9277.917963276293,0
ZUE,D,20140102,000000,8.59845,9.35993,8.17753,9.1355,5619.368599748214,0
ZUE,D,20140103,000000,8.82242,9.31523,8.82242,9.2072,4425.2661952154285,0
ZUE,D,20140107,000000,8.98371,9.10011,8.30287,8.94738,5901.786704417377,0
ZUE,D,20140108,000000,8.99302,8.99302,8.706,8.77762,184.69929278744272,0
ZUE,D,20140109,000000,8.64324,8.99302,8.63431,8.67015,6.44299858560852,0
ZUE,D,20140110,000000,8.88498,8.88498,8.45512,8.50896,387.653748234111,0
ZUE,D,20140113,000000,9.1355,9.1355,8.59845,8.706,614.2325318280141,0
ZUE,D,20140114,000000,8.59845,8.68804,8.52684,8.52684,600.2727015591939,0
ZUE,D,20140115,000000,8.85799,8.86729,8.53578,8.55366,244.83394625312866,0
ZUE,D,20140116,000000,8.64324,8.64324,8.59845,8.59845,391.9490806245164,0
ZUE,D,20140117,000000,8.7955,8.7955,8.69697,8.69697,684.0316831721045,0
ZUE,D,20140120,000000,8.65219,8.68804,8.64324,8.67015,638.9306930728427,0
ZUE,D,20140121,000000,8.69697,8.75071,8.66121,8.66121,1660.1459688917564,0
ZUE,D,20140122,000000,8.67015,8.67015,8.66121,8.66121,335.0359264516422,0
ZUE,D,20140123,000000,8.66121,8.68804,8.66121,8.66121,1449.6746817619019,0
ZUE,D,20140124,000000,8.60749,8.76869,8.59845,8.64324,5652.657425773884,0
ZUE,D,20140127,000000,8.50896,8.51789,8.50896,8.50896,806.4486562986638,0
ZUE,D,20140128,000000,8.34767,8.49992,8.32979,8.49992,18374.35813305788,0
ZUE,D,20140129,000000,8.59845,8.59845,8.59845,8.59845,5995.210183908764,0
ZUE,D,20140130,000000,8.60749,8.60749,8.60749,8.60749,2205.6531824733147,0
ZUE,D,20140131,000000,8.80444,8.86729,8.80444,8.86729,1089.9405940654615,0
ZUE,D,20140203,000000,8.93901,9.08241,8.93901,8.9567,9562.483734140664,0
ZUE,D,20140204,000000,8.86729,8.86729,8.86729,8.86729,92.3496463937224,0
ZUE,D,20140205,000000,8.84961,8.85799,8.84961,8.85799,1216.652899582416,0
ZUE,D,20140206,000000,8.75071,8.75071,8.53578,8.72388,10260.475247581568,0
ZUE,D,20140207,000000,8.50896,8.706,8.32979,8.706,6013.465346567979,0
ZUE,D,20140210,000000,8.59845,8.59845,8.32979,8.50896,14152.046393289336,0
ZUE,D,20140211,000000,8.50896,8.58951,8.50896,8.50896,2800.55671854455,0
ZUE,D,20140212,000000,8.30287,8.49098,8.15061,8.49098,7476.026025501127,0
ZUE,D,20140213,000000,8.16859,8.35661,8.15061,8.17753,3238.6806223659223,0
ZUE,D,20140214,000000,8.15956,8.41937,8.15956,8.41937,2733.9790664932107,0
ZUE,D,20140217,000000,8.44619,8.44619,8.21337,8.33873,29559.403677674218,0
ZUE,D,20140218,000000,8.34767,8.34767,8.06112,8.24913,7212.936916588732,0
ZUE,D,20140219,000000,8.34767,8.34767,8.079,8.08794,8909.593210799021,0
ZUE,D,20140220,000000,8.11486,8.13273,7.92674,8.01633,31159.41499310046,0
ZUE,D,20140221,000000,8.20435,8.32979,7.61319,8.32979,4710.905799177455,0
ZUE,D,20140224,000000,8.32979,8.32979,8.02526,8.15061,9612.953889727894,0
ZUE,D,20140225,000000,8.18647,8.30287,8.11486,8.1238,10815.646959041205,0
ZUE,D,20140226,000000,8.15061,8.32979,8.15061,8.21337,19461.077227830177,0
ZUE,D,20140227,000000,8.16859,8.21337,8.15061,8.15061,736.6495049545734,0
ZUE,D,20140228,000000,8.15956,8.28499,8.1238,8.22232,5975.881188151893,0
ZUE,D,20140303,000000,7.97155,8.22232,7.43411,7.83716,7222.601414467116,0
ZUE,D,20140304,000000,7.52371,8.19542,7.34453,8.06112,34422.793776710714,0
ZUE,D,20140305,000000,8.17753,8.17753,7.98942,7.98942,43226.07751084741,0
ZUE,D,20140306,000000,8.06112,8.07006,7.88195,7.88195,9496.97991518698,0
ZUE,D,20140307,000000,7.92674,7.98048,7.92674,7.97155,7422.334370621034,0
ZUE,D,20140310,000000,7.8461,8.01633,7.79237,7.88195,9374.56294206044,0
ZUE,D,20140311,000000,7.88195,7.88195,7.88195,7.88195,223.3572843010914,0
ZUE,D,20140312,000000,7.92674,7.92674,7.43411,7.74758,13326.268741233314,0
ZUE,D,20140313,000000,7.61319,7.73863,7.05789,7.57743,15749.91004251966,0
ZUE,D,20140314,000000,7.39826,7.39826,6.96831,7.16535,36164.55106102087,0
ZUE,D,20140317,000000,7.16535,7.51467,7.16535,7.51467,1664.4413012821722,0
ZUE,D,20140318,000000,7.33559,7.6849,7.16535,7.60425,3587.6763790863233,0
ZUE,D,20140319,000000,7.52371,7.65798,7.52371,7.65798,4994.397736944171,0
ZUE,D,20140320,000000,7.29974,8.01633,7.29974,8.01633,2607.2667609762557,0
ZUE,D,20140321,000000,8.06112,8.06112,8.05209,8.05209,1899.6107496568657,0
ZUE,D,20140324,000000,8.05209,8.05209,7.79237,7.97155,11153.904384786178,0
ZUE,D,20140325,000000,8.05209,8.50896,7.89089,8.41937,59953.17567218509,0
ZUE,D,20140326,000000,8.50896,8.86729,8.50896,8.82242,13835.26562949644,0
ZUE,D,20140327,000000,8.85799,8.85799,8.24913,8.50896,12326.530127366783,0
ZUE,D,20140328,000000,8.4731,8.66121,8.46417,8.66121,10400.073550269564,0
ZUE,D,20140331,000000,8.66121,8.82242,8.41937,8.48205,13369.22206513747,0
ZUE,D,20140401,000000,8.44619,8.53578,8.32979,8.52684,6386.085431435666,0
ZUE,D,20140402,000000,8.41937,8.41937,8.32979,8.41937,2224.9821782301847,0
ZUE,D,20140403,000000,8.32979,8.32979,8.15061,8.2402,4233.050070744789,0
ZUE,D,20140404,000000,8.2402,8.32979,8.2402,8.32979,2968.0746817703507,0
ZUE,D,20140407,000000,8.41937,8.59845,8.41937,8.59845,157.8534653474064,0
ZUE,D,20140408,000000,8.42832,8.42832,8.17753,8.32085,6442.9985856085195,0
ZUE,D,20140409,000000,8.24913,8.49992,8.2402,8.49992,23222.714568728024,0
ZUE,D,20140410,000000,8.49992,8.49992,8.41937,8.49992,2932.6381895494733,0
ZUE,D,20140411,000000,8.29393,8.49098,8.15956,8.49098,23740.30212177178,0
ZUE,D,20140414,000000,8.32979,8.44619,8.32979,8.41937,1797.5966053847499,0
ZUE,D,20140415,000000,8.41937,8.56269,8.32979,8.56269,15996.891654968047,0
ZUE,D,20140416,000000,8.56269,8.56269,8.44619,8.55366,3167.8076379241666,0
ZUE,D,20140417,000000,8.50896,8.75974,8.34767,8.75974,10380.74455451341,0
ZUE,D,20140422,000000,8.64324,8.64324,8.41937,8.43724,3730.4961810672853,0
ZUE,D,20140423,000000,8.4731,8.50896,8.4731,8.50896,3907.6786421715724,0
ZUE,D,20140424,000000,8.58951,8.58951,8.37458,8.37458,25142.72814723952,0
ZUE,D,20140425,000000,8.15956,8.30287,8.15956,8.16859,245.90777935072234,0
ZUE,D,20140428,000000,8.16859,8.32979,8.05209,8.32979,3407.272418689276,0
ZUE,D,20140430,000000,8.43724,8.52684,8.41937,8.46417,580.9437058023647,0
ZUE,D,20140502,000000,8.26711,8.26711,8.26711,8.26711,171.8132956162265,0
ZUE,D,20140505,000000,8.15956,8.29393,8.15061,8.29393,24729.302404662783,0
ZUE,D,20140506,000000,8.23125,8.2402,8.05209,8.05209,12547.73974547227,0
ZUE,D,20140507,000000,8.05209,8.05209,7.25495,7.61319,2889.684865645419,0
ZUE,D,20140508,000000,7.69384,7.88195,7.61319,7.61319,6007.022347982356,0
ZUE,D,20140509,000000,7.97155,7.97155,7.97155,7.97155,10.73833097601454,0
ZUE,D,20140512,000000,7.46094,7.95357,7.46094,7.95357,137.45063649298325,0
ZUE,D,20140513,000000,7.79237,7.79237,7.79237,7.79237,818.2608203722863,0
ZUE,D,20140514,000000,7.79237,7.79237,7.79237,7.79237,2880.0203677670347,0
ZUE,D,20140515,000000,7.94462,7.94462,7.94462,7.94462,55.83932107527336,0
ZUE,D,20140516,000000,7.88195,7.95357,7.88195,7.95357,626.0446959016264,0
ZUE,D,20140519,000000,7.88195,8.04314,7.88195,8.04314,3849.6916549010634,0
ZUE,D,20140520,000000,8.04314,8.36564,8.04314,8.36564,2783.3753889828877,0
ZUE,D,20140521,000000,8.2402,8.41937,8.2402,8.41937,730.2065063689703,0
ZUE,D,20140522,000000,8.41937,8.41937,8.13273,8.13273,2348.4729844542762,0
ZUE,D,20140523,000000,8.22232,8.22232,8.06112,8.06112,2970.2223479655586,0
ZUE,D,20140526,000000,8.2402,8.2402,8.07006,8.23125,245.90777935072234,0
ZUE,D,20140528,000000,8.2402,8.2402,8.15061,8.15061,10232.555587043766,0
ZUE,D,20140529,000000,8.15956,8.15956,8.06112,8.15061,4462.850353631515,0
ZUE,D,20140530,000000,8.15061,8.15061,8.15061,8.15061,254.49844413153315,0
ZUE,D,20140604,000000,8.15956,8.15956,8.15956,8.15956,122.41697312655923,0
ZUE,D,20140605,000000,8.06112,8.06112,8.06112,8.06112,1372.3586987346248,0
ZUE,D,20140606,000000,8.06112,8.23125,8.06112,8.23125,115.97397454095622,0
ZUE,D,20140609,000000,8.2402,8.2402,8.2402,8.2402,1.0738330976014538,0
ZUE,D,20140610,000000,8.03421,8.2402,8.03421,8.19542,2394.6478076511935,0
ZUE,D,20140611,000000,8.19542,8.19542,8.0073,8.18647,8418.85148519511,0
ZUE,D,20140612,000000,7.88195,8.18647,7.79237,8.18647,2885.3895332550037,0
ZUE,D,20140613,000000,7.98942,8.18647,7.50573,8.18647,124.56463932176703,0
ZUE,D,20140616,000000,7.98942,8.15061,7.60425,8.15061,2175.585855740507,0
ZUE,D,20140617,000000,8.18647,8.18647,7.88195,7.97155,252.35077793633556,0
ZUE,D,20140618,000000,8.06112,8.06112,8.06112,8.06112,2.147666195202806,0
ZUE,D,20140620,000000,8.08794,8.08794,7.50573,7.50573,5.369165488007066,0
ZUE,D,20140623,000000,8.05209,8.05209,7.52371,7.65798,2551.427439900955,0
ZUE,D,20140624,000000,7.83716,8.03421,7.83716,8.03421,62.28231966088249,0
ZUE,D,20140625,000000,7.83716,7.83716,7.53264,7.65798,9007.312022680722,0
ZUE,D,20140626,000000,7.70279,7.70279,7.19227,7.5685,4504.729844437914,0
ZUE,D,20140627,000000,8.05209,8.05209,7.43411,7.59531,2186.3241867164447,0
ZUE,D,20140630,000000,7.77449,7.95357,7.7297,7.7297,1961.89306931779,0
ZUE,D,20140701,000000,8.05209,8.05209,7.44306,7.44306,513.2922206534819,0
ZUE,D,20140702,000000,7.61319,7.61319,7.52371,7.52371,22.550495049629923,0
ZUE,D,20140703,000000,7.6849,7.86407,6.94148,7.43411,2942.302687427857,0
ZUE,D,20140704,000000,8.05209,8.05209,7.26388,7.43411,1924.3089109017044,0
ZUE,D,20140707,000000,7.60425,7.81024,7.31772,7.81024,179.33012729943343,0
ZUE,D,20140708,000000,7.74758,7.74758,7.06683,7.25495,4344.728712895391,0
ZUE,D,20140709,000000,6.94148,7.43411,6.94148,7.22812,4841.913437084825,0
ZUE,D,20140710,000000,7.21015,7.21015,7.16535,7.16535,894.5029703019796,0
ZUE,D,20140711,000000,7.41623,7.41623,6.98627,7.246,1127.5247524814451,0
ZUE,D,20140714,000000,7.38932,7.38932,6.86979,7.16535,8126.768882647561,0
ZUE,D,20140715,000000,7.33559,7.33559,6.86979,7.16535,263.089108912344,0
ZUE,D,20140716,000000,6.87882,7.33559,6.86979,6.98627,2125.115700153175,0
ZUE,D,20140717,000000,6.90564,7.15642,6.90564,6.95043,788.1934936394382,0
ZUE,D,20140718,000000,7.1296,7.1296,6.71752,7.07587,202.95445544666828,0
ZUE,D,20140721,000000,6.91458,6.91458,6.71752,6.77135,5865.276379098947,0
ZUE,D,20140722,000000,6.71752,6.71752,6.40407,6.69071,4171.84158418152,0
ZUE,D,20140723,000000,7.13855,7.13855,7.13855,7.13855,1.0738330976014538,0
ZUE,D,20140724,000000,6.71752,6.74444,6.619,6.67283,2925.121357866297,0
ZUE,D,20140725,000000,6.80711,6.80711,6.44886,6.44886,51.543988684867955,0
ZUE,D,20140728,000000,6.73549,6.73549,6.43993,6.54738,749.5355021257895,0
ZUE,D,20140729,000000,6.44886,6.70859,5.80398,6.70859,13059.95813302877,0
ZUE,D,20140730,000000,6.96831,6.96831,6.27873,6.27873,1859.8789250456744,0
ZUE,D,20140731,000000,6.26969,6.70859,6.26969,6.64592,3640.2942008688638,0
ZUE,D,20140801,000000,6.35927,6.70859,6.19808,6.70859,2550.3536068034023,0
ZUE,D,20140804,000000,6.09061,6.619,6.09061,6.35927,3015.3233380648207,0
ZUE,D,20140805,000000,6.38619,6.51154,6.0189,6.51154,3292.372277245913,0
ZUE,D,20140806,000000,6.05476,6.26075,5.81292,6.1802,11588.806789314995,0
ZUE,D,20140807,000000,5.98314,6.26075,5.91144,6.26075,3289.1507779531526,0
ZUE,D,20140808,000000,5.87559,5.87559,5.68757,5.81292,5351.984158445505,0
ZUE,D,20140811,000000,6.00102,6.00102,5.57107,5.80398,196.51145686105508,0
ZUE,D,20140812,000000,5.81292,5.82186,5.81292,5.81292,2051.021216418761,0
ZUE,D,20140813,000000,5.99209,5.99209,5.73236,5.80398,6101.519660571295,0
ZUE,D,20140814,000000,5.66959,5.66959,5.63384,5.63384,3318.144271588407,0
ZUE,D,20140818,000000,5.63384,5.64278,5.59799,5.59799,4760.302121667133,0
ZUE,D,20140819,000000,5.64278,5.64278,5.40094,5.55319,8785.028571477173,0
ZUE,D,20140820,000000,5.59799,5.64278,5.58904,5.58904,2874.651202278965,0
ZUE,D,20140821,000000,5.63384,6.09061,5.63384,6.09061,12565.994908131996,0
ZUE,D,20140822,000000,6.09061,6.09061,5.98314,6.09061,1619.3403111829102,0
ZUE,D,20140825,000000,6.10849,6.15328,6.09061,6.09061,2590.0854314145936,0
ZUE,D,20140826,000000,6.09061,6.09061,6.09061,6.09061,975.0404526220888,0
ZUE,D,20140827,000000,6.08167,6.08167,5.82186,6.04582,1870.617256021713,0
ZUE,D,20140828,000000,6.04582,6.04582,5.82186,6.0189,4580.971994367638,0
ZUE,D,20140829,000000,5.99209,5.99209,5.56213,5.82186,3019.6186704552365,0
ZUE,D,20140901,000000,5.9473,5.9473,5.82186,5.90249,1829.8115983128669,0
ZUE,D,20140902,000000,5.75918,5.75918,5.28452,5.53531,16403.87439895906,0
ZUE,D,20140903,000000,5.37402,5.57107,5.37402,5.57107,6218.567468209866,0
ZUE,D,20140904,000000,5.59799,5.73236,5.59799,5.73236,2857.469872717404,0
ZUE,D,20140905,000000,5.73236,5.73236,5.73236,5.73236,71.94681753929517,0
ZUE,D,20140908,000000,5.73236,5.82186,5.73236,5.82186,40.80565770885443,0
ZUE,D,20140909,000000,5.86665,5.86665,5.66959,5.68757,19618.9306931779,0
ZUE,D,20140910,000000,5.6965,5.6965,5.65172,5.6965,5697.758415873145,0
ZUE,D,20140911,000000,5.6965,5.6965,5.64278,5.64278,624.9708628040225,0
ZUE,D,20140912,000000,5.68757,5.68757,5.67854,5.67854,1457.1915134450778,0
ZUE,D,20140915,000000,5.58904,5.58904,5.55319,5.58904,3293.4461103435683,0
ZUE,D,20140916,000000,5.58904,5.58904,5.58904,5.58904,1792.2274398967813,0
ZUE,D,20140917,000000,5.58904,5.58904,5.48158,5.55319,2409.681471017546,0
ZUE,D,20140918,000000,5.58001,5.68757,5.58001,5.68757,5445.40763793679,0
ZUE,D,20140919,000000,5.6965,5.98314,5.64278,5.98314,14026.40792087024,0
ZUE,D,20140922,000000,5.98314,5.98314,5.83983,5.83983,1885.6509193880659,0
ZUE,D,20140923,000000,5.83983,6.33245,5.83983,6.32342,6034.9420085199545,0
ZUE,D,20140924,000000,6.37725,6.49365,6.30554,6.37725,3474.9239038381684,0
ZUE,D,20140925,000000,6.38619,6.38619,6.1802,6.1802,2701.7640735651953,0
ZUE,D,20140926,000000,6.09955,6.26969,5.95623,5.95623,841.885148519511,0
ZUE,D,20140929,000000,6.00997,6.19808,6.00997,6.19808,441.3454031141837,0
ZUE,D,20140930,000000,6.24287,6.24287,6.24287,6.24287,10.73833097601454,0
ZUE,D,20141001,000000,6.24287,6.36821,6.08167,6.1802,17284.417538992217,0
ZUE,D,20141002,000000,6.16222,6.16222,6.16222,6.16222,5.369165488007066,0
ZUE,D,20141003,000000,6.15328,6.15328,5.88462,6.00102,2953.0410184038965,0
ZUE,D,20141006,000000,6.00997,6.19808,6.00997,6.19808,212.618953325083,0
ZUE,D,20141007,000000,6.19808,6.19808,6.19808,6.19808,53.69165488007066,0
ZUE,D,20141008,000000,6.1802,6.18913,6.1802,6.18913,3127.0019802153206,0
ZUE,D,20141009,000000,6.25182,6.25182,6.25182,6.25182,787.1196605418445,0
ZUE,D,20141010,000000,6.26969,6.26969,5.97411,6.26075,597.0512022663925,0
ZUE,D,20141013,000000,6.25182,6.25182,6.09955,6.24287,347.9219236228584,0
ZUE,D,20141014,000000,6.09061,6.09061,6.09061,6.09061,223.3572843010914,0
ZUE,D,20141015,000000,6.09061,6.22489,6.09061,6.09061,61631.57680373544,0
ZUE,D,20141016,000000,5.9473,6.22489,5.9473,6.22489,227.65261669149683,0
ZUE,D,20141017,000000,6.09955,6.09955,6.09061,6.09061,658.2596888296721,0
ZUE,D,20141020,000000,6.21596,6.21596,6.09061,6.09061,2147.6661952028057,0
ZUE,D,20141021,000000,5.96518,6.22489,5.96518,6.22489,2904.7185290118737,0
ZUE,D,20141022,000000,6.22489,6.22489,6.20701,6.20701,12396.329278711291,0
ZUE,D,20141023,000000,6.1802,6.2966,6.14434,6.2966,2673.844413027494,0
ZUE,D,20141024,000000,6.30554,6.30554,6.1802,6.30554,2987.4036775271193,0
ZUE,D,20141027,000000,6.31448,6.31448,6.31448,6.31448,2.147666195202806,0
ZUE,D,20141028,000000,6.31448,6.31448,6.31448,6.31448,2.147666195202806,0
ZUE,D,20141029,000000,6.31448,6.31448,6.26969,6.26969,416386.3004266368,0
ZUE,D,20141030,000000,6.35927,6.35927,6.26969,6.35033,167644.67553134277,0
ZUE,D,20141031,000000,6.35927,6.35927,6.26969,6.35927,45720.59179657571,0
ZUE,D,20141103,000000,6.27873,6.38619,6.26969,6.33245,656.1120226344643,0
ZUE,D,20141104,000000,6.39513,6.39513,6.38619,6.38619,136.37680339537934,0
ZUE,D,20141105,000000,6.38619,6.38619,6.28766,6.28766,221.2096181058938,0
ZUE,D,20141106,000000,6.2966,6.2966,6.28766,6.28766,675.4410183912937,0
ZUE,D,20141107,000000,6.28766,6.28766,6.28766,6.28766,223.3572843010914,0
ZUE,D,20141110,000000,6.2966,6.39513,6.2966,6.39513,78.38981612490328,0
ZUE,D,20141112,000000,6.28766,6.28766,6.24287,6.24287,4492.917680364322,0
ZUE,D,20141117,000000,6.25182,6.35927,6.25182,6.35927,12.885997171217243,0
ZUE,D,20141118,000000,6.33245,6.33245,6.17117,6.32342,967.5236209388819,0
ZUE,D,20141119,000000,6.34139,6.34139,6.26075,6.26075,115.97397454095622,0
ZUE,D,20141120,000000,6.19808,6.22489,5.75024,6.22489,4151.438755327097,0
ZUE,D,20141121,000000,6.22489,6.22489,5.74131,5.77706,6832.80000003787,0
ZUE,D,20141124,000000,6.02795,6.02795,6.02795,6.02795,2.147666195202806,0
ZUE,D,20141125,000000,6.1354,6.1354,6.1354,6.1354,10.73833097601454,0
ZUE,D,20141126,000000,6.08167,6.08167,5.7861,5.95623,2640.555587001926,0
ZUE,D,20141127,000000,5.95623,5.95623,5.83983,5.83983,647.5213578536535,0
ZUE,D,20141128,000000,5.95623,5.96518,5.9473,5.96518,721.6158415881595,0
ZUE,D,20141201,000000,6.11743,6.11743,5.96518,5.96518,163.2226308354157,0
ZUE,D,20141202,000000,5.96518,6.11743,5.96518,6.11743,424.16407355256206,0
ZUE,D,20141203,000000,6.09061,6.09061,5.82186,5.82186,4054.79377654295,0
ZUE,D,20141204,000000,5.83089,6.0189,5.82186,6.0189,268.4582744003533,0
ZUE,D,20141205,000000,6.09061,6.09061,5.91144,6.09061,2300.150495062254,0
ZUE,D,20141208,000000,6.04582,6.04582,5.90249,5.90249,4144.995756741474,0
ZUE,D,20141209,000000,5.92037,5.99209,5.77706,5.77706,2847.805374838918,0
ZUE,D,20141210,000000,5.99209,5.99209,5.73236,5.93835,2220.6868458397694,0
ZUE,D,20141211,000000,5.9473,5.9473,5.50839,5.92037,6990.653465385286,0
ZUE,D,20141212,000000,5.92037,5.92037,5.82186,5.82186,246.98161244832625,0
ZUE,D,20141215,000000,5.82186,5.82186,5.66065,5.81292,1386.3185290034244,0
ZUE,D,20141216,000000,5.81292,5.81292,5.81292,5.81292,5.369165488007066,0
ZUE,D,20141217,000000,5.68757,5.81292,5.59799,5.75024,9965.171145741158,0
ZUE,D,20141218,000000,5.61587,5.72333,5.61587,5.72333,7253.742574297579,0
ZUE,D,20141219,000000,5.68757,5.68757,5.42775,5.68757,5713.8659123371535,0
ZUE,D,20141222,000000,5.68757,5.71438,5.68757,5.71438,1874.9125884121288,0
ZUE,D,20141223,000000,5.73236,5.90249,5.68757,5.73236,7428.777369206658,0
ZUE,D,20141229,000000,5.73236,5.82186,5.64278,5.68757,619.6016973160234,0
ZUE,D,20141230,000000,5.63384,5.90249,5.63384,5.90249,1981.2220650746601,0
ZUE,D,20150102,000000,6.0637,6.45781,6.04582,6.45781,446.714568602193,0
ZUE,D,20150105,000000,6.18913,6.22489,6.04582,6.22489,3319.21810468596,0
ZUE,D,20150107,000000,6.00102,6.00102,5.7861,5.95623,2101.4913720059913,0
ZUE,D,20150108,000000,5.6965,5.9473,5.6965,5.91144,663.6288543176814,0
ZUE,D,20150109,000000,5.95623,5.95623,5.68757,5.68757,2917.6045261830186,0
ZUE,D,20150112,000000,5.81292,5.81292,5.64278,5.64278,1086.719094772599,0
ZUE,D,20150113,000000,5.65172,5.77706,5.64278,5.75918,1522.695332398865,0
ZUE,D,20150114,000000,5.75918,5.75918,5.64278,5.64278,1353.0297029777546,0
ZUE,D,20150115,000000,5.65172,5.72333,5.65172,5.72333,37.584158416049874,0
ZUE,D,20150116,000000,5.75024,5.75024,5.73236,5.73236,511.1445544582742,0
ZUE,D,20150119,000000,5.73236,5.82186,5.73236,5.82186,865.5094766667457,0
ZUE,D,20150120,000000,5.82186,5.91144,5.64278,5.86665,4015.0619519317584,0
ZUE,D,20150121,000000,5.91144,5.91144,5.61587,5.61587,7.516831683209974,0
ZUE,D,20150122,000000,5.65172,5.83089,5.65172,5.77706,643.2260254632481,0
ZUE,D,20150123,000000,5.77706,5.77706,5.68757,5.6965,230.8741159843085,0
ZUE,D,20150126,000000,5.6965,5.73236,5.59799,5.73236,2140.14936351963,0
ZUE,D,20150127,000000,5.73236,5.73236,5.57107,5.57107,367.2509193796879,0
ZUE,D,20150128,000000,5.68757,5.90249,5.56213,5.71438,3394.386421518131,0
ZUE,D,20150129,000000,5.81292,5.81292,5.63384,5.81292,200.8067892514707,0
ZUE,D,20150130,000000,5.82186,5.82186,5.82186,5.82186,10.73833097601454,0
ZUE,D,20150202,000000,5.82186,5.82186,5.82186,5.82186,2232.499009913361,0
ZUE,D,20150203,000000,5.89356,5.89356,5.6965,5.6965,772.0859971754205,0
ZUE,D,20150204,000000,5.68757,5.83089,5.68757,5.83089,225.50495049629922,0
ZUE,D,20150205,000000,5.82186,5.82186,5.82186,5.82186,10.73833097601454,0
ZUE,D,20150206,000000,5.82186,5.82186,5.6965,5.70545,8293.21301277581,0
ZUE,D,20150209,000000,5.77706,5.85771,5.77706,5.85771,3922.7123055380266,0
ZUE,D,20150210,000000,5.85771,5.85771,5.73236,5.73236,817.1869872746825,0
ZUE,D,20150211,000000,5.75024,6.04582,5.75024,6.00102,33419.833663551835,0
ZUE,D,20150212,000000,5.97411,6.1802,5.96518,6.09061,18060.798868558362,0
ZUE,D,20150213,000000,6.1802,6.1802,5.96518,5.96518,4885.940594086433,0
ZUE,D,20150216,000000,6.1802,6.1802,5.86665,5.95623,5650.5097595786765,0
ZUE,D,20150217,000000,5.95623,6.19808,5.95623,6.1802,13932.984441378752,0
ZUE,D,20150218,000000,6.19808,6.26075,6.1802,6.26075,4824.732107523163,0
ZUE,D,20150219,000000,6.10849,6.26075,5.92941,6.10849,7668.242149971767,0
ZUE,D,20150220,000000,6.17117,6.17117,6.17117,6.17117,3.22149929280426,0
ZUE,D,20150223,000000,6.24287,6.24287,5.96518,5.96518,3963.517963246873,0
ZUE,D,20150224,000000,6.00102,6.09061,5.96518,6.09061,1826.5900990200041,0
ZUE,D,20150225,000000,6.14434,6.14434,5.96518,5.96518,2483.7759547520623,0
ZUE,D,20150226,000000,6.09061,6.09061,6.09061,6.09061,190.06845827545206,0
ZUE,D,20150227,000000,6.00102,6.07264,5.9473,6.00997,1443.2316831762782,0
ZUE,D,20150302,000000,6.08167,6.1354,6.08167,6.09061,1118.9340877007157,0
ZUE,D,20150304,000000,6.1802,6.1802,6.04582,6.1802,1229.5388967536628,0
ZUE,D,20150305,000000,6.1802,6.26075,6.09955,6.25182,1551.6888260340174,0
ZUE,D,20150306,000000,6.26075,6.64592,6.26075,6.55632,30438.872984609927,0
ZUE,D,20150309,000000,6.58324,6.94148,6.58324,6.68177,20371.687694596043,0
ZUE,D,20150310,000000,6.76232,6.8519,6.38619,6.38619,9963.023479545951,0
ZUE,D,20150311,000000,6.38619,6.63697,6.38619,6.63697,2383.9094766751546,0
ZUE,D,20150312,000000,6.63697,6.63697,6.43098,6.60112,8443.549646439948,0
ZUE,D,20150313,000000,6.60112,6.619,6.52047,6.52047,4838.691937791962,0
ZUE,D,20150316,000000,6.52047,6.71752,6.52047,6.67283,3541.501555889509,0
ZUE,D,20150317,000000,7.12066,7.4789,7.12066,7.4789,43185.27185313917,0
ZUE,D,20150318,000000,7.4789,7.4789,7.09375,7.23707,9591.477227775918,0
ZUE,D,20150319,000000,7.11163,7.29974,6.94148,7.29974,10338.865063706704,0
ZUE,D,20150320,000000,7.12066,7.16535,6.8967,7.0131,10264.770579972392,0
ZUE,D,20150323,000000,7.08481,7.12066,6.8967,7.03108,5517.354455476098,0
ZUE,D,20150324,000000,6.90564,6.90564,6.72656,6.8519,6788.77284303616,0
ZUE,D,20150325,000000,7.13855,7.13855,6.94148,7.07587,4468.219519119483,0
ZUE,D,20150326,000000,6.90564,7.05789,6.80711,6.98627,1823.3685997272435,0
ZUE,D,20150327,000000,6.94148,7.04001,6.94148,7.04001,5149.029702998827,0
ZUE,D,20150330,000000,7.04001,7.04001,6.73549,6.76232,7176.426591270302,0
ZUE,D,20150331,000000,7.03108,7.03108,6.8967,6.94148,9433.623762428502,0
ZUE,D,20150401,000000,6.94148,7.07587,6.94148,7.07587,2571.8302687553783,0
ZUE,D,20150402,000000,6.94148,7.06683,6.94148,7.06683,49.39632248966525,0
ZUE,D,20150407,000000,6.94148,7.06683,6.94148,6.94148,12461.833097664978,0
ZUE,D,20150408,000000,6.71752,6.80711,6.71752,6.78028,5270.372843027812,0
ZUE,D,20150409,000000,6.73549,6.84296,6.63697,6.80711,3487.8099010094156,0
ZUE,D,20150410,000000,6.87882,6.8967,6.8519,6.8967,3828.2149929490874,0
ZUE,D,20150413,000000,6.8967,6.94148,6.8519,6.8519,792.4888260298436,0
ZUE,D,20150414,000000,6.8519,6.8519,6.72656,6.84296,4019.357284322072,0
ZUE,D,20150415,000000,6.84296,6.8967,6.82508,6.84296,3109.8206506537604,0
ZUE,D,20150416,000000,6.94148,6.94148,6.8967,6.8967,985.7787835981075,0
ZUE,D,20150417,000000,6.8967,6.93255,6.8967,6.93255,1116.786421505508,0
ZUE,D,20150421,000000,6.84296,6.93255,6.73549,6.73549,3442.7089109101535,0
ZUE,D,20150422,000000,6.73549,6.73549,6.63697,6.72656,9464.764922258964,0
ZUE,D,20150423,000000,6.87882,6.87882,6.58324,6.71752,13126.535785079906,0
ZUE,D,20150424,000000,6.86084,6.86084,6.71752,6.71752,1459.339179640286,0
ZUE,D,20150427,000000,6.71752,6.71752,6.71752,6.71752,558.3932107527337,0
ZUE,D,20150428,000000,6.83402,6.83402,6.64592,6.79817,4313.587553064929,0
ZUE,D,20150429,000000,6.78923,6.80711,6.67283,6.67283,4301.775388991337,0
ZUE,D,20150430,000000,6.67283,6.71752,6.59218,6.59218,4026.8741160053505,0
ZUE,D,20150504,000000,6.74444,7.04001,6.74444,7.04001,5118.962376266019,0
ZUE,D,20150505,000000,7.03108,7.03108,7.02213,7.02213,268.4582744003533,0
ZUE,D,20150506,000000,7.02213,7.03108,6.98627,6.98627,591.6820367783831,0
ZUE,D,20150507,000000,6.68177,6.8967,6.68177,6.72656,994.3694483789183,0
ZUE,D,20150508,000000,6.67283,6.88776,6.62803,6.88776,1472.2251768115327,0
ZUE,D,20150511,000000,6.88776,6.88776,6.74444,6.77135,490.74172560385097,0
ZUE,D,20150512,000000,6.76232,6.76232,6.58324,6.58324,3862.5776520723102,0
ZUE,D,20150513,000000,6.56526,6.59218,6.55632,6.58324,1237.0557284368392,0
ZUE,D,20150515,000000,6.53845,6.80711,6.52047,6.71752,6883.2701556250995,0
ZUE,D,20150518,000000,6.58324,6.58324,6.58324,6.58324,134.22913720018173,0
ZUE,D,20150519,000000,6.58324,6.58324,6.58324,6.58324,150.3366336641995,0
ZUE,D,20150520,000000,6.53845,6.67283,6.53845,6.64592,1257.4585572912622,0
ZUE,D,20150521,000000,6.58324,6.76232,6.31448,6.76232,70098.75077832308,0
ZUE,D,20150522,000000,6.75337,6.75337,6.59218,6.62803,5716.013578532361,0
ZUE,D,20150525,000000,6.67283,6.67283,6.58324,6.62803,16631.52701565129,0
ZUE,D,20150526,000000,6.61006,6.61006,6.53845,6.53845,2012.3632249050202,0
ZUE,D,20150527,000000,6.67283,6.67283,6.67283,6.67283,5.369165488007066,0
ZUE,D,20150528,000000,6.58324,6.95043,6.58324,6.76232,7981.8014144713925,0
ZUE,D,20150529,000000,6.59218,6.71752,6.44886,6.64592,6476.28741163419,0
ZUE,D,20150601,000000,6.53845,6.6638,6.44886,6.6638,2086.4577086395366,0
ZUE,D,20150602,000000,6.5026,6.70859,6.5026,6.70859,737.7233380521773,0
ZUE,D,20150603,000000,6.71752,6.71752,6.55632,6.55632,2218.5391796445615,0
ZUE,D,20150605,000000,6.53845,6.53845,6.49365,6.49365,426.3117397477597,0
ZUE,D,20150608,000000,6.53845,6.56526,6.47577,6.56526,460.6743988710132,0
ZUE,D,20150609,000000,6.413,6.413,6.36821,6.36821,563.7623762407429,0
ZUE,D,20150610,000000,6.38619,6.38619,6.31448,6.35927,2811.2950495204873,0
ZUE,D,20150611,000000,6.5026,6.69964,6.49365,6.69964,3856.134653486687,0
ZUE,D,20150612,000000,6.5743,6.69964,6.5743,6.69964,455.30523338300384,0
ZUE,D,20150615,000000,6.69964,6.76232,6.69964,6.69964,434.9024045285705,0
ZUE,D,20150616,000000,6.60112,6.80711,6.60112,6.80711,1015.8461103309452,0
ZUE,D,20150617,000000,6.71752,6.8967,6.71752,6.80711,1772.8984441399111,0
ZUE,D,20150618,000000,6.72656,6.93255,6.64592,6.8967,10732.961810526265,0
ZUE,D,20150619,000000,6.95936,6.95936,6.94148,6.95936,1132.8939179695155,0
ZUE,D,20150622,000000,6.8967,6.8967,6.37725,6.8967,9960.875813350744,0
ZUE,D,20150623,000000,6.78028,6.87882,6.47577,6.87882,19.328995756825353,0
ZUE,D,20150624,000000,6.36821,6.70859,6.36821,6.54738,2844.5838755461573,0
ZUE,D,20150625,000000,6.84296,6.84296,6.84296,6.84296,22.550495049629923,0
ZUE,D,20150626,000000,6.84296,6.84296,6.84296,6.84296,223.3572843010914,0
ZUE,D,20150629,000000,6.40407,6.67283,6.39513,6.67283,2652.367751075518,0
ZUE,D,20150630,000000,6.67283,6.88776,6.67283,6.88776,2413.9768034079616,0
ZUE,D,20150703,000000,6.6638,6.67283,6.6638,6.6638,670.0718529032844,0
ZUE,D,20150706,000000,6.58324,6.58324,6.58324,6.58324,207.24978783707368,0
ZUE,D,20150707,000000,6.78923,6.78923,6.53845,6.67283,7823.947949123975,0
ZUE,D,20150708,000000,6.54738,6.71752,6.44886,6.71752,4927.820084892933,0
ZUE,D,20150709,000000,6.53845,6.70859,6.53845,6.70859,736.6495049545734,0
ZUE,D,20150710,000000,6.5026,6.68177,6.38619,6.68177,3287.0031117579447,0
ZUE,D,20150714,000000,6.68177,6.68177,6.68177,6.68177,53.69165488007066,0
ZUE,D,20150715,000000,6.62803,6.62803,6.43098,6.43098,4788.221782204731,0
ZUE,D,20150716,000000,6.65485,6.65485,6.38619,6.5026,2640.555587001926,0
ZUE,D,20150717,000000,6.58324,6.62803,6.58324,6.62803,6067.157001448072,0
ZUE,D,20150720,000000,6.62803,6.62803,6.62803,6.62803,507.9230551654726,0
ZUE,D,20150721,000000,6.5026,6.5026,6.5026,6.5026,269.5321074979572,0
ZUE,D,20150722,000000,6.62803,6.62803,6.62803,6.62803,2.147666195202806,0
ZUE,D,20150723,000000,6.62803,6.62803,6.40407,6.40407,5020.1697312866645,0
ZUE,D,20150724,000000,6.53845,6.53845,6.53845,6.53845,10.73833097601454,0
ZUE,D,20150727,000000,6.44886,6.53845,6.44886,6.53845,607.7895332424009,0
ZUE,D,20150728,000000,6.53845,6.53845,6.53845,6.53845,759.2000000042043,0
ZUE,D,20150729,000000,6.53845,6.53845,6.53845,6.53845,1720.2806223574728,0
ZUE,D,20150730,000000,6.43993,6.60112,6.43993,6.60112,2575.051768048241,0
ZUE,D,20150731,000000,6.60112,6.60112,6.60112,6.60112,24.698161244832626,0
ZUE,D,20150803,000000,6.49365,6.61006,6.49365,6.61006,536.9165488007066,0
ZUE,D,20150804,000000,6.52047,6.52047,6.52047,6.52047,222.2834512034977,0
ZUE,D,20150805,000000,6.58324,6.58324,6.58324,6.58324,390.8752475269125,0
ZUE,D,20150806,000000,6.61006,6.61006,6.43993,6.43993,841.885148519511,0
ZUE,D,20150807,000000,6.43993,6.61006,6.43098,6.61006,1563.5009901077112,0
ZUE,D,20150810,000000,6.60112,6.60112,6.60112,6.60112,2.147666195202806,0
ZUE,D,20150811,000000,6.60112,6.60112,6.43098,6.43098,3179.6198019977587,0
ZUE,D,20150812,000000,6.49365,6.77135,6.49365,6.77135,12564.921075034543,0
ZUE,D,20150813,000000,6.77135,6.8967,6.77135,6.8967,1693.4347949174264,0
ZUE,D,20150814,000000,6.8967,6.8967,6.8967,6.8967,2.147666195202806,0
ZUE,D,20150817,000000,6.60112,6.8967,6.43993,6.8967,6763.000848693769,0
ZUE,D,20150818,000000,6.62803,6.76232,6.48472,6.70859,3522.172560132639,0
ZUE,D,20150821,000000,6.69964,6.69964,6.69964,6.69964,10.73833097601454,0
ZUE,D,20150824,000000,6.49365,6.49365,6.28766,6.46674,6996.0226308732545,0
ZUE,D,20150825,000000,6.35927,7.14748,6.31448,7.14748,11944.245544620204,0
ZUE,D,20150826,000000,7.13855,7.13855,6.78028,6.97734,5507.689957597714,0
ZUE,D,20150827,000000,6.93255,6.93255,6.80711,6.80711,893.429137204386,0
ZUE,D,20150831,000000,6.78028,6.95936,6.44886,6.58324,2778.0062234949196,0
ZUE,D,20150901,000000,6.58324,6.96831,6.56526,6.96831,881.6169731307635,0
ZUE,D,20150902,000000,6.80711,6.98627,6.80711,6.84296,4884.866760988879,0
ZUE,D,20150903,000000,6.96831,6.96831,6.96831,6.96831,10.73833097601454,0
ZUE,D,20150904,000000,6.80711,7.1296,6.80711,7.1296,4351.171711480913,0
ZUE,D,20150907,000000,6.8519,7.06683,6.71752,6.8967,2608.340594073809,0
ZUE,D,20150908,000000,6.8967,6.8967,6.78923,6.78923,114.90014144335231,0
ZUE,D,20150909,000000,6.47577,7.13855,6.47577,7.13855,2241.089674694192,0
ZUE,D,20150910,000000,6.8519,6.95043,6.5026,6.71752,4620.703818978931,0
ZUE,D,20150911,000000,6.56526,6.71752,6.56526,6.71752,1815.8517680439654,0
ZUE,D,20150914,000000,6.55632,6.55632,6.55632,6.55632,2.147666195202806,0
ZUE,D,20150915,000000,6.69071,6.69071,6.56526,6.56526,12018.340028355535,0
ZUE,D,20150916,000000,6.5743,6.62803,6.5743,6.5743,3929.1553041235484,0
ZUE,D,20150917,000000,6.71752,6.71752,6.71752,6.71752,1116.786421505508,0
ZUE,D,20150918,000000,6.56526,6.71752,6.56526,6.71752,8868.787553090175,0
ZUE,D,20150921,000000,6.53845,6.98627,6.53845,6.98627,2575.051768048241,0
ZUE,D,20150922,000000,6.67283,6.87882,6.56526,6.87882,5095.338048118734,0
ZUE,D,20150923,000000,6.95936,6.95936,6.95936,6.95936,2.147666195202806,0
ZUE,D,20150924,000000,6.8967,6.8967,6.63697,6.83402,475.708062237427,0
ZUE,D,20150925,000000,6.71752,6.81605,6.69071,6.81605,426.3117397477597,0
ZUE,D,20150928,000000,6.53845,7.05789,6.53845,7.05789,4466.071852924276,0
ZUE,D,20150929,000000,6.69071,6.69071,6.69071,6.69071,2.147666195202806,0
ZUE,D,20150930,000000,6.95936,6.95936,6.63697,6.88776,1507.6616690324104,0
ZUE,D,20151001,000000,6.72656,6.76232,6.71752,6.76232,729.1326732713665,0
ZUE,D,20151002,000000,6.78923,6.78923,6.65485,6.71752,12401.698444198546,0
ZUE,D,20151005,000000,6.45781,6.71752,6.45781,6.71752,1129.6724186766528,0
ZUE,D,20151006,000000,6.55632,6.82508,6.55632,6.82508,92.3496463937224,0
ZUE,D,20151007,000000,6.82508,6.82508,6.82508,6.82508,1139.336916555139,0
ZUE,D,20151008,000000,6.82508,6.82508,6.80711,6.80711,35.436492220847164,0
ZUE,D,20151009,000000,6.80711,6.80711,6.76232,6.76232,214.76661952028059,0
ZUE,D,20151012,000000,6.80711,6.80711,6.77135,6.78028,1509.8093352276182,0
ZUE,D,20151013,000000,6.59218,6.59218,6.59218,6.59218,443.4930693093915,0
ZUE,D,20151014,000000,6.59218,6.71752,6.59218,6.71752,251.27694483873168,0
ZUE,D,20151015,000000,6.77135,7.43411,6.76232,7.38038,35680.25233400218,0
ZUE,D,20151016,000000,7.34453,7.34453,7.34453,7.34453,1116.786421505508,0
ZUE,D,20151019,000000,7.16535,7.41623,7.16535,7.41623,2786.5968882756483,0
ZUE,D,20151020,000000,7.34453,7.34453,7.29974,7.29974,601.346534656798,0
ZUE,D,20151021,000000,7.29974,7.88195,7.29974,7.86407,19375.170580022885,0
ZUE,D,20151022,000000,7.88195,7.88195,7.29974,7.61319,4155.734087717513,0
ZUE,D,20151023,000000,7.61319,7.65798,7.44306,7.65798,2697.4687411747796,0
ZUE,D,20151026,000000,7.60425,7.61319,7.60425,7.61319,1107.121923627022,0
ZUE,D,20151027,000000,7.59531,7.69384,7.52371,7.69384,2704.985572857956,0
ZUE,D,20151028,000000,7.85504,7.85504,7.49679,7.73863,1376.6540311250403,0
ZUE,D,20151029,000000,7.48785,7.73863,7.36242,7.60425,1030.8797736974,0
ZUE,D,20151030,000000,7.37144,7.62222,7.37144,7.61319,5164.063366365282,0
ZUE,D,20151102,000000,7.38932,7.6401,7.38038,7.48785,9297.246959033062,0
ZUE,D,20151103,000000,7.65798,7.65798,7.51467,7.52371,1640.8169731349883,0
ZUE,D,20151104,000000,7.52371,7.52371,7.43411,7.43411,871.9524752523489,0
ZUE,D,20151105,000000,7.43411,7.43411,7.16535,7.25495,5960.8475247854385,0
ZUE,D,20151106,000000,7.27292,7.27292,7.15642,7.16535,6551.455728466259,0
ZUE,D,20151109,000000,7.15642,7.52371,7.10269,7.52371,31622.23705816708,0
ZUE,D,20151110,000000,7.52371,7.52371,7.25495,7.25495,251.27694483873168,0
ZUE,D,20151112,000000,7.52371,7.52371,7.51467,7.51467,279.1966053763719,0
ZUE,D,20151113,000000,7.26388,7.52371,6.59218,7.50573,3514.655728449462,0
ZUE,D,20151116,000000,7.52371,7.72075,6.95936,7.72075,11958.205374889103,0
ZUE,D,20151117,000000,7.36242,7.72075,7.36242,7.72075,2919.7521923782265,0
ZUE,D,20151118,000000,7.72075,8.32085,7.72075,8.32085,14720.104101920424,0
ZUE,D,20151119,000000,8.28499,8.93901,8.15061,8.77762,20757.193776634977,0
ZUE,D,20151120,000000,8.77762,8.77762,8.55366,8.59845,2998.142008503158,0
ZUE,D,20151123,000000,8.32979,8.58951,8.15956,8.50896,3311.7012730027836,0
ZUE,D,20151124,000000,8.16859,8.37458,8.07006,8.34767,3131.2973126057364,0
ZUE,D,20151125,000000,8.08794,8.40141,8.08794,8.32085,5191.983026902882,0
ZUE,D,20151126,000000,8.32979,8.32979,8.19542,8.19542,3169.9553041193744,0
ZUE,D,20151127,000000,8.19542,8.50896,8.19542,8.50896,2221.760678937322,0
ZUE,D,20151130,000000,8.50896,8.50896,8.15061,8.23125,2269.0093352317917,0
ZUE,D,20151201,000000,8.23125,8.2402,8.08794,8.2402,405.90891089333655,0
ZUE,D,20151202,000000,8.08794,8.19542,7.95357,8.10582,3390.0910891277153,0
ZUE,D,20151203,000000,8.06112,8.10582,8.01633,8.10582,1540.9504950580804,0
ZUE,D,20151204,000000,8.01633,8.50896,7.23707,8.50896,16171.926449877024,0
ZUE,D,20151207,000000,8.50896,8.50896,7.97155,8.05209,7799.249787879136,0
ZUE,D,20151208,000000,7.70279,8.05209,7.70279,8.04314,3836.8056577299185,0
ZUE,D,20151209,000000,7.71172,7.87301,7.71172,7.86407,2602.9714285858404,0
ZUE,D,20151210,000000,7.65798,7.95357,7.65798,7.95357,12.885997171217243,0
ZUE,D,20151211,000000,7.87301,7.87301,7.54159,7.54159,2509.547949094556,0
ZUE,D,20151214,000000,7.14748,7.70279,7.14748,7.70279,7120.587270195001,0
ZUE,D,20151215,000000,7.46094,7.79237,7.46094,7.79237,122.41697312655923,0
ZUE,D,20151216,000000,7.41623,7.9626,7.39826,7.9626,2999.215841600813,0
ZUE,D,20151217,000000,7.52371,7.87301,7.52371,7.79237,1431.4195191026863,0
ZUE,D,20151218,000000,7.78343,7.78343,7.65798,7.65798,842.9589816171148,0
ZUE,D,20151221,000000,7.87301,7.87301,7.70279,7.86407,15254.872984525435,0
ZUE,D,20151222,000000,7.79237,7.79237,7.79237,7.79237,219.061951910686,0
ZUE,D,20151223,000000,7.65798,7.65798,7.65798,7.65798,2.147666195202806,0
ZUE,D,20151228,000000,7.78343,7.78343,7.65798,7.74758,1358.398868465825,0
ZUE,D,20151229,000000,7.87301,7.9626,7.57743,7.9626,517.5875530438873,0
ZUE,D,20151230,000000,7.88195,7.9626,7.83716,7.9626,1204.840735508824,0
ZUE,D,20160104,000000,7.88195,7.88195,7.29974,7.62222,2662.032248953902,0
ZUE,D,20160105,000000,7.62222,7.78343,7.61319,7.78343,1264.9753889744384,0
ZUE,D,20160107,000000,7.6849,7.97155,7.33559,7.97155,2411.829137212754,0
ZUE,D,20160108,000000,7.97155,7.97155,7.62222,7.62222,1571.0178217908876,0
ZUE,D,20160111,000000,7.86407,7.86407,7.34453,7.57743,1896.3892503641048,0
ZUE,D,20160112,000000,7.34453,7.58637,7.03108,7.58637,3245.1236209514436,0
ZUE,D,20160113,000000,7.30868,7.59531,7.30868,7.59531,2425.7889674816556,0
ZUE,D,20160114,000000,7.54159,7.54159,7.34453,7.53264,3909.82630836678,0
ZUE,D,20160115,000000,7.59531,7.59531,7.41623,7.59531,1277.8613861456854,0
ZUE,D,20160118,000000,7.52371,7.52371,7.2908,7.52371,1330.4792079281235,0
ZUE,D,20160119,000000,7.52371,7.73863,7.4789,7.4789,2699.616407369988,0
ZUE,D,20160120,000000,7.4789,8.05209,7.25495,8.05209,18155.2961811473,0
ZUE,D,20160121,000000,7.63117,8.03421,7.63117,7.72075,48172.15275839987,0
ZUE,D,20160122,000000,7.62222,7.75651,7.62222,7.75651,10578.329844471915,0
ZUE,D,20160125,000000,7.53264,7.9626,7.53264,7.9626,404.8350777957327,0
ZUE,D,20160126,000000,7.86407,8.04314,7.86407,8.04314,3169.9553041193744,0
ZUE,D,20160127,000000,8.04314,8.59845,8.04314,8.45512,128586.14427228677,0
ZUE,D,20160128,000000,8.45512,9.0461,8.32979,8.93901,35785.48797756767,0
ZUE,D,20160129,000000,9.03771,9.30592,8.97439,8.98371,14392.585007151998,0
ZUE,D,20160201,000000,8.97439,8.97439,8.66121,8.9567,6510.650070757412,0
ZUE,D,20160202,000000,8.93901,9.1355,8.74176,8.81348,14684.667609699445,0
ZUE,D,20160203,000000,8.59845,8.78656,8.59845,8.78656,1088.8667609678066,0
ZUE,D,20160204,000000,8.78656,8.78656,8.78656,8.78656,1118.9340877007157,0
ZUE,D,20160205,000000,8.94738,8.9567,8.94738,8.9567,4.295332390405714,0
ZUE,D,20160208,000000,8.9567,8.9567,8.9567,8.9567,558.3932107527337,0
ZUE,D,20160209,000000,8.9567,8.9567,8.57163,8.77762,504.7015558726711,0
ZUE,D,20160210,000000,8.94738,8.94738,8.86729,8.86729,746.3140028329881,0
ZUE,D,20160211,000000,8.94738,8.94738,8.85799,8.86729,1126.4509193838921,0
ZUE,D,20160212,000000,8.94738,8.94738,8.67015,8.67015,338.2574257444437,0
ZUE,D,20160215,000000,8.78656,8.78656,8.38352,8.49992,984.7049505005035,0
ZUE,D,20160216,000000,8.59845,8.59845,8.59845,8.59845,10.73833097601454,0
ZUE,D,20160217,000000,8.58951,8.58951,8.2402,8.49992,9727.854031171257,0
ZUE,D,20160218,000000,8.49992,8.49992,8.24913,8.24913,314.63309759721903,0
ZUE,D,20160219,000000,8.2402,8.2402,7.92674,8.15956,1257.4585572912622,0
ZUE,D,20160222,000000,8.19542,8.20435,7.98048,8.19542,2960.557850087073,0
ZUE,D,20160223,000000,8.18647,8.19542,8.15061,8.15061,2329.143988697508,0
ZUE,D,20160224,000000,8.17753,8.17753,7.85504,8.1238,1139.336916555139,0
ZUE,D,20160225,000000,7.81024,8.02526,7.81024,8.0073,1657.9983026965488,0
ZUE,D,20160226,000000,8.0073,8.0073,7.77449,7.97155,5706.349080653978,0
ZUE,D,20160229,000000,7.97155,7.97155,7.81927,7.81927,920.2749646444223,0
ZUE,D,20160301,000000,7.92674,7.92674,7.78343,7.78343,390.8752475269125,0
ZUE,D,20160302,000000,7.79237,7.79237,7.29974,7.55052,14428.021499372979,0
ZUE,D,20160303,000000,7.54159,7.89983,7.54159,7.89983,3.22149929280426,0
ZUE,D,20160304,000000,7.89983,7.89983,7.52371,7.89983,4636.811315442938,0
ZUE,D,20160307,000000,7.4789,7.72075,7.4789,7.72075,2813.442715715695,0
ZUE,D,20160308,000000,7.8461,7.8461,7.8461,7.8461,1.0738330976014538,0
ZUE,D,20160309,000000,7.89089,7.89089,7.89089,7.89089,1.0738330976014538,0
ZUE,D,20160310,000000,7.88195,7.88195,7.88195,7.88195,2.147666195202806,0
ZUE,D,20160311,000000,7.88195,7.89089,7.79237,7.89089,793.5626591274475,0
ZUE,D,20160314,000000,7.60425,7.89089,7.52371,7.61319,102833.47892560027,0
ZUE,D,20160315,000000,8.01633,8.50896,8.01633,8.079,41335.05742597117,0
ZUE,D,20160316,000000,8.25808,8.41937,8.079,8.17753,70978.2200852588,0
ZUE,D,20160317,000000,8.32085,8.32085,8.1238,8.19542,2809.14738332528,0
ZUE,D,20160318,000000,8.30287,8.30287,7.97155,8.07006,6980.988967506799,0
ZUE,D,20160321,000000,8.18647,8.18647,7.92674,7.92674,1405.6475247602946,0
ZUE,D,20160322,000000,7.9626,7.97155,7.88195,7.9626,24975.21018401372,0
ZUE,D,20160323,000000,7.9626,8.07006,7.9626,8.07006,61.20848656328064,0
ZUE,D,20160324,000000,8.2402,8.2402,8.15061,8.2402,5107.150212192326,0
ZUE,D,20160329,000000,8.2402,8.2402,8.10582,8.10582,670.0718529032844,0
ZUE,D,20160330,000000,8.3119,8.3119,8.1238,8.23125,2544.9844413153314,0
ZUE,D,20160331,000000,8.15061,8.15061,8.02526,8.06112,4038.6862800789427,0
ZUE,D,20160401,000000,8.06112,8.06112,7.97155,7.97155,3541.501555889509,0
ZUE,D,20160404,000000,8.21337,8.21337,8.07006,8.07006,19395.57340887649,0
ZUE,D,20160405,000000,8.18647,8.18647,8.09688,8.18647,2325.9224894046456,0
ZUE,D,20160406,000000,8.17753,8.17753,8.17753,8.17753,1.0738330976014538,0
ZUE,D,20160407,000000,8.17753,8.17753,8.17753,8.17753,1.0738330976014538,0
ZUE,D,20160408,000000,8.17753,8.17753,8.17753,8.17753,2.147666195202806,0
ZUE,D,20160411,000000,8.15061,8.15061,8.15061,8.15061,100.9403111745332,0
ZUE,D,20160412,000000,8.10582,8.10582,7.95357,7.95357,1150.075247531076,0
ZUE,D,20160413,000000,8.15061,8.15061,8.15061,8.15061,559.4670438503375,0
ZUE,D,20160414,000000,7.98048,8.16859,7.98048,8.16859,507.9230551654726,0
ZUE,D,20160415,000000,8.01633,8.16859,8.01633,8.16859,3.22149929280426,0
ZUE,D,20160418,000000,8.16859,8.17753,8.01633,8.06112,462.8220650662107,0
ZUE,D,20160419,000000,8.19542,8.32979,8.06112,8.32979,5528.092786452137,0
ZUE,D,20160420,000000,8.32085,8.37458,8.20435,8.2402,5135.069872730027,0
ZUE,D,20160421,000000,8.15061,8.2402,8.15061,8.15061,904.1674681803945,0
ZUE,D,20160422,000000,8.23125,8.23125,8.19542,8.23125,775.307496468222,0
ZUE,D,20160425,000000,8.2402,8.2402,8.23125,8.23125,602.4203677544018,0
ZUE,D,20160426,000000,8.16859,8.2402,8.16859,8.2402,1848.0667609720822,0
ZUE,D,20160427,000000,8.23125,8.23125,7.86407,7.97155,5123.257708656333,0
ZUE,D,20160428,000000,7.86407,8.14168,7.86407,8.10582,3440.5612447149456,0
ZUE,D,20160429,000000,8.09688,8.10582,7.89983,8.10582,442.4192362117876,0
ZUE,D,20160502,000000,8.09688,8.09688,7.88195,7.88195,527.252050922302,0
ZUE,D,20160504,000000,7.65798,7.65798,6.8967,7.03108,9703.155869926419,0
ZUE,D,20160505,000000,7.08481,7.4789,7.08481,7.4789,3581.2333805006997,0
ZUE,D,20160506,000000,7.46997,7.83716,7.44306,7.44306,2934.785855744681,0
ZUE,D,20160509,000000,7.25495,7.34453,7.25495,7.25495,12029.078359331064,0
ZUE,D,20160510,000000,7.50573,7.50573,7.25495,7.25495,10954.171428631751,0
ZUE,D,20160511,000000,7.46094,7.46094,7.12066,7.33559,5879.236209367746,0
ZUE,D,20160512,000000,7.16535,7.43411,7.12066,7.42518,2125.115700153175,0
ZUE,D,20160513,000000,7.38038,7.38038,7.38038,7.38038,1.0738330976014538,0
ZUE,D,20160516,000000,7.16535,7.33559,7.16535,7.33559,132.08147100497393,0
ZUE,D,20160517,000000,7.17439,7.25495,7.12066,7.12066,1666.5889674773798,0
ZUE,D,20160518,000000,7.12066,7.12066,7.07587,7.07587,293.156435645192,0
ZUE,D,20160519,000000,7.1296,7.16535,6.86979,7.16535,22592.374540436627,0
ZUE,D,20160520,000000,7.12066,7.12066,6.87882,7.12066,923.4964639372239,0
ZUE,D,20160523,000000,7.07587,7.12066,7.07587,7.07587,1218.8005657776237,0
ZUE,D,20160524,000000,6.8967,7.07587,6.8967,7.07587,7555.489674723612,0
ZUE,D,20160525,000000,7.07587,7.54159,7.07587,7.54159,5499.0992928168835,0
ZUE,D,20160527,000000,7.53264,7.7297,7.53264,7.7297,3509.2865629613916,0
ZUE,D,20160530,000000,7.7297,7.75651,7.61319,7.75651,3366.4667609804296,0
ZUE,D,20160531,000000,7.74758,7.74758,7.61319,7.61319,2751.1603960548728,0
ZUE,D,20160601,000000,7.7297,7.88195,7.38932,7.88195,10237.924752532039,0
ZUE,D,20160602,000000,7.87298,7.87298,7.87298,7.87298,1.0738330976014538,0
ZUE,D,20160603,000000,7.46098,7.61324,7.25498,7.61324,179.33012729943343,0
ZUE,D,20160606,000000,7.60428,7.60428,7.34454,7.60428,168.591796323425,0
ZUE,D,20160607,000000,7.61324,7.73863,7.60428,7.73863,225.50495049629922,0
ZUE,D,20160608,000000,7.83716,7.83716,7.61324,7.61324,6596.556718565521,0
ZUE,D,20160609,000000,7.7476,7.7476,7.61324,7.73863,646.4475247560598,0
ZUE,D,20160610,000000,8.05525,8.05525,7.26369,7.68276,3085.1224894089214,0
ZUE,D,20160613,000000,7.44994,7.62688,7.03089,7.62688,18060.798868558362,0
ZUE,D,20160614,000000,7.66413,7.66413,7.46857,7.46857,120.26930693136163,0
ZUE,D,20160615,000000,7.54307,7.54307,7.26369,7.44994,1132.8939179695155,0
ZUE,D,20160616,000000,7.34751,7.34751,7.30095,7.30095,2.147666195202806,0
ZUE,D,20160617,000000,7.30095,7.44064,7.26369,7.44064,3.22149929280426,0
ZUE,D,20160620,000000,7.61758,7.61758,7.22645,7.50583,268.4582744003533,0
ZUE,D,20160621,000000,7.49651,7.49651,7.49651,7.49651,2.147666195202806,0
ZUE,D,20160622,000000,7.49651,7.49651,7.29164,7.29164,245.90777935072234,0
ZUE,D,20160623,000000,7.07745,7.26369,7.07745,7.26369,955.7114568652594,0
ZUE,D,20160624,000000,6.90982,7.21714,6.90982,7.21714,2872.503536083757,0
ZUE,D,20160627,000000,6.98432,7.12401,6.98432,7.07745,3.22149929280426,0
ZUE,D,20160628,000000,6.98432,7.25439,6.91914,7.25439,3386.869589834853,0
ZUE,D,20160629,000000,6.70495,7.12401,6.70495,7.12401,184.69929278744272,0
ZUE,D,20160630,000000,7.05882,7.05882,7.04021,7.04021,162.1487977378118,0
ZUE,D,20160701,000000,6.98432,6.98432,6.98432,6.98432,1.0738330976014538,0
ZUE,D,20160704,000000,6.92846,6.92846,6.92846,6.92846,1.0738330976014538,0
ZUE,D,20160705,000000,6.90982,6.90982,6.70495,6.70495,5257.486845856566,0
ZUE,D,20160706,000000,6.88189,6.88189,6.40695,6.64909,7895.894766663285,0
ZUE,D,20160707,000000,6.64909,6.82602,6.5187,6.82602,466.04356435901224,0
ZUE,D,20160708,000000,6.5187,7.03089,6.5187,7.03089,262.0152758147503,0
ZUE,D,20160711,000000,7.02158,7.26369,6.98432,7.26369,210.47128712987518,0
ZUE,D,20160712,000000,7.03089,7.03089,7.03089,7.03089,1.0738330976014538,0
ZUE,D,20160713,000000,7.03089,7.03089,6.75151,7.03089,73.02065063689705,0
ZUE,D,20160714,000000,7.03089,7.03089,7.03089,7.03089,496.1108910918603,0
ZUE,D,20160715,000000,7.12401,7.17057,7.12401,7.17057,2270.0831683294464,0
ZUE,D,20160718,000000,7.26369,7.26369,7.26369,7.26369,430.6070721381651,0
ZUE,D,20160719,000000,7.35682,7.35682,7.12401,7.12401,967.5236209388819,0
ZUE,D,20160720,000000,7.26369,7.26369,7.10539,7.17057,135.30297029777546,0
ZUE,D,20160721,000000,7.25439,7.25439,7.10539,7.10539,215.8404526178845,0
ZUE,D,20160722,000000,7.10539,7.10539,7.10539,7.10539,323.2237623780299,0
ZUE,D,20160725,000000,7.25439,7.25439,6.86326,7.07745,4854.799434256072,0
ZUE,D,20160726,000000,7.25439,7.25439,7.07745,7.07745,295.30410184038965,0
ZUE,D,20160727,000000,7.12401,7.12401,7.07745,7.07745,298.5256011331911,0
ZUE,D,20160728,000000,7.12401,7.12401,6.99364,7.07745,1187.6594059471615,0
ZUE,D,20160729,000000,7.12401,7.12401,6.98432,7.12401,1321.8885431473943,0
ZUE,D,20160801,000000,7.12401,7.12401,7.07745,7.07745,472.48656294462546,0
ZUE,D,20160802,000000,7.07745,7.26369,7.07745,7.26369,213.69278642268688,0
ZUE,D,20160803,000000,7.24507,7.24507,6.99364,7.23575,100.9403111745332,0
ZUE,D,20160804,000000,7.32889,7.32889,7.32889,7.32889,1.0738330976014538,0
ZUE,D,20160805,000000,7.30095,7.30095,7.30095,7.30095,1.0738330976014538,0
ZUE,D,20160808,000000,7.30095,7.30095,7.03089,7.29164,908.4628005707998,0
ZUE,D,20160809,000000,7.29164,7.29164,7.29164,7.29164,1891.0200848761363,0
ZUE,D,20160810,000000,7.35682,7.44994,7.35682,7.44994,4295.332390405713,0
ZUE,D,20160811,000000,7.44064,7.61758,7.44064,7.61758,1068.4639321133834,0
ZUE,D,20160812,000000,7.61758,7.79451,7.61758,7.7107,1690.2132956246655,0
ZUE,D,20160816,000000,7.79451,7.90627,7.77588,7.90627,539.0642149959144,0
ZUE,D,20160817,000000,7.90627,7.90627,7.77588,7.88763,103.08797736973999,0
ZUE,D,20160818,000000,7.88763,7.88763,7.63619,7.63619,2940.1550212326497,0
ZUE,D,20160819,000000,7.49651,7.49651,7.29164,7.30095,1036.2489391853685,0
ZUE,D,20160822,000000,7.4872,7.4872,7.44994,7.44994,54.76548797767252,0
ZUE,D,20160823,000000,7.4872,7.4872,7.30095,7.4872,1888.8724186809286,0
ZUE,D,20160824,000000,7.37544,7.38476,7.29164,7.30095,6055.344837374378,0
ZUE,D,20160825,000000,7.4872,7.63619,7.44994,7.63619,5360.574823226336,0
ZUE,D,20160826,000000,7.63619,7.81314,7.63619,7.81314,859.0664780811326,0
ZUE,D,20160829,000000,7.81314,7.81314,7.81314,7.81314,32.2149929280426,0
ZUE,D,20160830,000000,7.81314,7.81314,7.81314,7.81314,1.0738330976014538,0
ZUE,D,20160831,000000,7.81314,7.81314,7.81314,7.81314,1.0738330976014538,0
ZUE,D,20160901,000000,7.80382,7.80382,7.54307,7.54307,2522.433946265701,0
ZUE,D,20160902,000000,7.72931,7.72931,7.72931,7.72931,1.0738330976014538,0
ZUE,D,20160905,000000,7.26369,7.63619,7.26369,7.63619,161.07496464021807,0
ZUE,D,20160906,000000,7.72931,7.72931,7.72931,7.72931,1.0738330976014538,0
ZUE,D,20160907,000000,7.72931,7.72931,7.25439,7.72931,2382.8356435776013,0
ZUE,D,20160908,000000,7.7107,7.7107,7.7107,7.7107,429.5332390405714,0
ZUE,D,20160909,000000,7.35682,7.7107,7.35682,7.62688,221.2096181058938,0
ZUE,D,20160912,000000,7.35682,7.67345,7.35682,7.67345,3.22149929280426,0
ZUE,D,20160913,000000,7.67345,7.67345,7.44994,7.63619,109.530975955343,0
ZUE,D,20160914,000000,7.63619,7.63619,7.40339,7.63619,386.5799151365071,0
ZUE,D,20160915,000000,7.58033,7.58033,7.45926,7.45926,2331.291654892716,0
ZUE,D,20160916,000000,7.58033,7.58033,7.58033,7.58033,1.0738330976014538,0
ZUE,D,20160919,000000,7.58033,7.58033,7.58033,7.58033,1.0738330976014538,0
ZUE,D,20160920,000000,7.58033,7.58033,7.44994,7.58033,612.0848656328063,0
ZUE,D,20160921,000000,7.58033,7.58033,7.26369,7.44994,2427.9366336767616,0
ZUE,D,20160922,000000,7.58033,7.58033,7.22645,7.58033,160.0011315426142,0
ZUE,D,20160923,000000,7.58033,7.58033,7.19851,7.53376,6048.9018387887545,0
ZUE,D,20160926,000000,7.51513,7.51513,7.51513,7.51513,1.0738330976014538,0
ZUE,D,20160927,000000,7.49651,7.57101,7.10539,7.57101,13417.544554529899,0
ZUE,D,20160928,000000,7.54307,7.54307,7.54307,7.54307,1.0738330976014538,0
ZUE,D,20160929,000000,7.44994,7.54307,7.31958,7.54307,1059.8732673325521,0
ZUE,D,20160930,000000,7.52445,7.57101,7.32889,7.57101,960.0067892556648,0
ZUE,D,20161003,000000,7.57101,7.57101,7.56169,7.57101,537.9903818983105,0
ZUE,D,20161004,000000,7.57101,7.57101,7.1892,7.35682,5004.062234822657,0
ZUE,D,20161005,000000,7.35682,7.52445,7.35682,7.52445,2.147666195202806,0
ZUE,D,20161006,000000,7.52445,7.52445,7.52445,7.52445,108.4571428577391,0
ZUE,D,20161007,000000,7.44994,7.90627,7.44994,7.62688,8375.898161291056,0
ZUE,D,20161010,000000,7.75726,8.19494,7.75726,7.86901,7346.092220691311,0
ZUE,D,20161011,000000,8.12975,8.12975,7.86901,7.86901,1197.3239038255456,0
ZUE,D,20161012,000000,8.0087,8.10182,8.0087,8.10182,2116.5250353724455,0
ZUE,D,20161013,000000,8.0832,8.10182,8.0832,8.10182,339.3312588420476,0
ZUE,D,20161014,000000,8.10182,8.47432,8.0087,8.47432,5212.385855757304,0
ZUE,D,20161017,000000,8.47432,8.47432,8.19494,8.38119,1101.7527581390534,0
ZUE,D,20161018,000000,8.34394,8.49294,8.34394,8.47432,64754.28345156127,0
ZUE,D,20161019,000000,8.49294,8.49294,8.11113,8.49294,57.98698727047709,0
ZUE,D,20161020,000000,8.49294,8.49294,8.48363,8.48363,225.50495049629922,0
ZUE,D,20161021,000000,8.48363,8.48363,8.28807,8.48363,1039.4704384781292,0
ZUE,D,20161024,000000,8.48363,8.48363,8.38119,8.38119,323.2237623780299,0
ZUE,D,20161025,000000,8.13907,8.37188,8.13907,8.37188,124.56463932176703,0
ZUE,D,20161026,000000,8.38119,8.38119,8.38119,8.38119,1081.3499292846302,0
ZUE,D,20161027,000000,8.38119,8.38119,8.14838,8.38119,645.3736916584559,0
ZUE,D,20161028,000000,8.37188,8.45569,8.14838,8.45569,8491.872135832073,0
ZUE,D,20161031,000000,8.49294,8.49294,7.96213,8.33463,1479.742008494709,0
ZUE,D,20161102,000000,8.29739,8.29739,8.29739,8.29739,1.0738330976014538,0
ZUE,D,20161103,000000,8.38119,8.38119,7.91556,8.28807,2687.8042432963957,0
ZUE,D,20161104,000000,7.91556,7.96213,7.63619,7.96213,4045.129278664566,0
ZUE,D,20161107,000000,7.63619,7.91556,7.63619,7.63619,5265.003677539742,0
ZUE,D,20161108,000000,7.49651,7.91556,7.49651,7.82244,11234.441867106216,0
ZUE,D,20161109,000000,7.63619,7.72931,7.63619,7.72931,1403.499858565087,0
ZUE,D,20161110,000000,7.72931,7.72931,7.49651,7.72931,1085.645261675046,0
ZUE,D,20161114,000000,7.72931,7.72931,7.72931,7.72931,3.22149929280426,0
ZUE,D,20161115,000000,7.80382,7.80382,7.60826,7.72931,3041.0953324072125,0
ZUE,D,20161116,000000,7.81314,7.81314,7.81314,7.81314,2.147666195202806,0
ZUE,D,20161117,000000,7.72931,7.81314,7.72931,7.81314,21181.357850188262,0
ZUE,D,20161118,000000,7.81314,7.81314,7.51513,7.81314,394.0967468197242,0
ZUE,D,20161121,000000,7.81314,7.81314,7.77588,7.77588,323.2237623780299,0
ZUE,D,20161122,000000,7.81314,7.81314,7.81314,7.81314,1.0738330976014538,0
ZUE,D,20161123,000000,7.81314,7.81314,7.81314,7.81314,1.0738330976014538,0
ZUE,D,20161124,000000,7.80382,7.80382,7.47788,7.77588,7563.0065064067885,0
ZUE,D,20161125,000000,7.77588,7.77588,7.77588,7.77588,1.0738330976014538,0
ZUE,D,20161128,000000,7.77588,7.77588,7.70138,7.70138,323.2237623780299,0
ZUE,D,20161129,000000,7.70138,7.70138,7.70138,7.70138,2.147666195202806,0
ZUE,D,20161130,000000,7.70138,7.70138,7.70138,7.70138,1.0738330976014538,0
ZUE,D,20161201,000000,7.70138,7.70138,7.70138,7.70138,1.0738330976014538,0
ZUE,D,20161202,000000,7.70138,7.70138,7.70138,7.70138,1.0738330976014538,0
ZUE,D,20161205,000000,7.47788,7.70138,7.47788,7.70138,30.067326732839895,0
ZUE,D,20161206,000000,7.70138,7.70138,7.70138,7.70138,1.0738330976014538,0
ZUE,D,20161207,000000,7.70138,7.70138,7.47788,7.70138,93.42347949132323,0
ZUE,D,20161208,000000,7.70138,8.06457,7.42201,7.84106,5363.796322519097,0
ZUE,D,20161209,000000,8.10182,8.10182,8.10182,8.10182,1.0738330976014538,0
ZUE,D,20161212,000000,8.05525,8.05525,8.05525,8.05525,1.0738330976014538,0
ZUE,D,20161213,000000,8.05525,8.05525,8.05525,8.05525,1.0738330976014538,0
ZUE,D,20161214,000000,8.04595,8.04595,8.04595,8.04595,1.0738330976014538,0
ZUE,D,20161215,000000,7.68276,8.04595,7.68276,7.91556,70.8729844416933,0
ZUE,D,20161216,000000,8.0087,8.0087,8.0087,8.0087,1.0738330976014538,0
ZUE,D,20161219,000000,7.96213,8.465,7.96213,8.465,1181.2164073615381,0
ZUE,D,20161220,000000,8.42775,8.42775,8.02731,8.38119,3632.7773691855855,0
ZUE,D,20161221,000000,7.91556,8.36257,7.91556,8.10182,418.79490806455277,0
ZUE,D,20161222,000000,7.92488,7.97145,7.80382,7.97145,2787.6707213733034,0
ZUE,D,20161223,000000,7.80382,7.97145,7.80382,7.97145,2.147666195202806,0
ZUE,D,20161227,000000,7.97145,7.97145,7.68276,7.96213,2157.330693081292,0
ZUE,D,20161228,000000,7.96213,7.96213,7.63619,7.66413,1562.4271570100564,0
ZUE,D,20161229,000000,7.77588,8.35325,7.54307,8.35325,5464.73663369366,0
ZUE,D,20161230,000000,8.33463,8.35325,7.91556,8.28807,6683.537199471284,0
ZUE,D,20170102,000000,8.28807,8.28807,8.05525,8.05525,296.3779349379936,0
ZUE,D,20170103,000000,8.33463,8.33463,8.04595,8.05525,1558.1318246196408,0
ZUE,D,20170104,000000,8.05525,8.05525,7.99007,7.99007,15127.086845911435,0
ZUE,D,20170105,000000,8.0087,8.10182,8.0087,8.018,1526.9906647891787,0
ZUE,D,20170109,000000,8.0087,8.27875,8.0087,8.27875,45.100990099259846,0
ZUE,D,20170110,000000,8.27875,8.27875,8.27875,8.27875,1.0738330976014538,0
ZUE,D,20170111,000000,8.28807,8.38119,8.19494,8.37188,5327.285997200666,0
ZUE,D,20170112,000000,8.37188,8.66057,8.37188,8.614,17203.88005667218,0
ZUE,D,20170113,000000,8.70712,8.70712,8.63262,8.63262,659.333521927276,0
ZUE,D,20170116,000000,8.70712,8.80025,8.70712,8.75369,3920.564639342819,0
ZUE,D,20170117,000000,8.73506,8.75369,8.73506,8.75369,720.5420084905556,0
ZUE,D,20170118,000000,8.66057,8.75369,8.66057,8.75369,26.84582744003533,0
ZUE,D,20170119,000000,8.75369,8.75369,8.75369,8.75369,33.28882602564446,0
ZUE,D,20170120,000000,8.80025,8.80025,8.39982,8.79093,2780.153889690127,0
ZUE,D,20170123,000000,8.79093,8.89337,8.48363,8.89337,8293.21301277581,0
ZUE,D,20170124,000000,8.93062,8.93062,8.81887,8.93062,3566.199717134348,0
ZUE,D,20170125,000000,8.93994,9.07963,8.88406,8.93994,7568.375671894859,0
ZUE,D,20170126,000000,8.912,8.912,8.80025,8.80025,10251.88458280094,0
ZUE,D,20170127,000000,8.84681,8.84681,8.52087,8.75369,2499.8834512160697,0
ZUE,D,20170130,000000,8.76301,8.76301,8.75369,8.75369,1130.746251774308,0
ZUE,D,20170131,000000,8.75369,8.75369,8.74437,8.75369,1129.6724186766528,0
ZUE,D,20170201,000000,8.75369,8.80025,8.51156,8.74437,1154.3705799214918,0
ZUE,D,20170202,000000,8.8375,8.8375,8.52087,8.74437,556.245544557536,0
ZUE,D,20170203,000000,8.50225,8.57676,8.50225,8.50225,2447.2656294336316,0
ZUE,D,20170206,000000,8.66057,8.66057,8.56744,8.62332,6438.703253218105,0
ZUE,D,20170207,000000,8.65125,8.66988,8.62332,8.66988,1816.92560114162,0
ZUE,D,20170208,000000,8.75369,8.75369,8.66057,8.66057,724.8373408809609,0
ZUE,D,20170209,000000,8.88406,8.88406,8.614,8.63262,13063.179632321122,0
ZUE,D,20170210,000000,8.75369,8.75369,8.614,8.614,12618.61272991423,0
ZUE,D,20170213,000000,8.75369,8.75369,8.614,8.62332,20756.119943537524,0
ZUE,D,20170214,000000,8.78163,8.93994,8.70712,8.80025,3565.1258840366922,0
ZUE,D,20170215,000000,8.93062,9.30312,8.49294,9.30312,9239.259971762654,0
ZUE,D,20170216,000000,9.40556,9.40556,9.07963,9.17275,2126.1895332508298,0
ZUE,D,20170217,000000,9.26588,9.67561,8.84681,9.657,31021.96435660737,0
ZUE,D,20170220,000000,9.68493,10.5975,9.68493,10.104,38283.22376258833,0
ZUE,D,20170221,000000,9.79671,10.0482,9.79671,9.8992,18678.25289967933,0
ZUE,D,20170222,000000,10.1784,10.7093,10.1784,10.3741,12334.04695904996,0
ZUE,D,20170223,000000,10.5044,10.5044,9.508,10.2436,52997.95869902048,0
ZUE,D,20170224,000000,10.3648,10.3648,9.96432,10.0575,3206.4656294378055,0
ZUE,D,20170227,000000,10.0575,10.1506,9.61975,9.73145,5961.921357883094,0
ZUE,D,20170228,000000,10.1133,10.1133,10.0575,10.076,700.1391796361223,0
ZUE,D,20170301,000000,9.7129,10.0108,9.7129,9.94569,105072.42093410669,0
ZUE,D,20170302,000000,9.87115,9.87115,9.73145,9.77806,6712.530693106436,0
ZUE,D,20170303,000000,9.7129,9.87115,9.51731,9.87115,6799.511174012199,0
ZUE,D,20170306,000000,9.87115,10.0389,9.60112,10.0389,26649.315983174274,0
ZUE,D,20170307,000000,10.0575,10.1972,9.82456,9.87115,15099.167185373633,0
ZUE,D,20170308,000000,10.1506,10.1506,9.77806,9.77806,515.4398868486795,0
ZUE,D,20170309,000000,9.73145,9.76874,9.51731,9.76874,461.74823196860683,0
ZUE,D,20170310,000000,9.54525,10.076,9.54525,10.076,6418.300424363681,0
ZUE,D,20170313,000000,10.1506,10.9421,9.77806,10.7093,82586.35587032995,0
ZUE,D,20170314,000000,10.9421,10.9421,10.7093,10.8024,13651.640169806837,0
ZUE,D,20170315,000000,10.5417,10.849,10.5324,10.8304,1393.8353606866008,0
ZUE,D,20170316,000000,10.7093,11.6312,10.6161,11.6312,88975.66280105837,0
ZUE,D,20170317,000000,11.6406,11.8082,11.2215,11.5287,79137.20396083417,0
ZUE,D,20170320,000000,11.5287,11.6126,11.1749,11.3611,6248.634794942672,0
ZUE,D,20170321,000000,11.268,11.4543,10.9887,10.9887,2653.4415841730706,0
ZUE,D,20170322,000000,11.147,11.147,10.1598,10.8956,5712.792079239601,0
ZUE,D,20170323,000000,10.8956,11.4077,10.7373,11.1657,1734.2404526262726,0
ZUE,D,20170324,000000,11.3984,11.3984,10.7558,11.0725,3064.719660554498,0
ZUE,D,20170327,000000,11.0725,11.0725,10.8024,10.9981,2154.1091937884294,0
ZUE,D,20170328,000000,10.9887,10.9887,10.6068,10.8862,2599.7499292930797,0
ZUE,D,20170329,000000,10.8862,10.8862,10.6814,10.8024,1391.6876944913931,0
ZUE,D,20170330,000000,10.9887,10.9887,10.672,10.9421,1387.3923621010795,0
ZUE,D,20170331,000000,10.9421,10.9421,10.6628,10.9421,1153.2967468239387,0
ZUE,D,20170403,000000,10.9421,11.4543,10.9421,11.1749,4346.876379090599,0
ZUE,D,20170404,000000,11.3798,11.4543,11.0818,11.3611,7099.110608243024,0
ZUE,D,20170405,000000,11.3611,11.6406,10.7093,11.3611,6846.759830306669,0
ZUE,D,20170406,000000,11.3611,11.4357,10.8956,11.3891,2607.2667609762557,0
ZUE,D,20170407,000000,11.3891,11.5194,11.3891,11.5194,435.97623762617445,0
ZUE,D,20170410,000000,11.5567,11.5567,11.4357,11.5474,1200.5454031184083,0
ZUE,D,20170411,000000,11.5474,11.5474,10.3927,11.5009,5241.379349392558,0
ZUE,D,20170412,000000,10.7186,11.4077,10.7186,11.3518,1523.7691654964178,0
ZUE,D,20170413,000000,11.4729,11.4729,11.1657,11.3611,906.3151343756022,0
ZUE,D,20170418,000000,11.4543,11.4543,10.8118,11.0725,3261.2311174155534,0
ZUE,D,20170419,000000,11.1563,11.1563,10.8024,10.9794,871.9524752523489,0
ZUE,D,20170420,000000,11.1563,11.1563,10.7093,10.8676,1113.5649222126453,0
ZUE,D,20170421,000000,10.8676,10.8676,10.6161,10.6161,268.4582744003533,0
ZUE,D,20170424,000000,10.7,11.147,10.4113,10.9514,2554.6489391938176,0
ZUE,D,20170425,000000,10.6628,10.8956,10.5231,10.8862,55464.553324210974,0
ZUE,D,20170426,000000,10.849,10.8956,10.4299,10.8397,32986.00509212047,0
ZUE,D,20170427,000000,10.8024,10.9887,10.4392,10.9887,66810.67383346739,0
ZUE,D,20170428,000000,10.9887,11.1284,10.8956,11.1284,81833.59886891181,0
ZUE,D,20170502,000000,11.0818,11.0818,11.0818,11.0818,1.0738330976014538,0
ZUE,D,20170504,000000,10.5697,10.9887,10.5417,10.5882,3518.9510608398773,0
ZUE,D,20170505,000000,10.7466,10.9234,10.7093,10.8862,3786.3355021425864,0
ZUE,D,20170508,000000,10.9327,11.1284,10.7093,11.1284,6467.6967468533585,0
ZUE,D,20170509,000000,11.1097,11.6406,11.0818,11.6406,1292.8950495121398,0
ZUE,D,20170510,000000,11.5941,11.5941,11.091,11.4916,3420.158415860523,0
ZUE,D,20170511,000000,11.4543,11.6406,10.8024,11.1749,2502.0311174112776,0
ZUE,D,20170512,000000,11.1749,11.6406,11.1749,11.5474,3407.272418689276,0
ZUE,D,20170515,000000,11.5941,11.5941,11.1749,11.1749,3263.3787836107613,0
ZUE,D,20170516,000000,11.1749,11.1749,10.7744,10.7744,2775.8585572997117,0
ZUE,D,20170517,000000,10.9701,10.9701,9.8992,10.5975,14910.172560195755,0
ZUE,D,20170518,000000,10.5882,10.5882,9.92705,10.0482,5334.802828883842,0
ZUE,D,20170519,000000,10.2623,10.2623,10.0108,10.0575,3317.070438490752,0
ZUE,D,20170522,000000,10.0575,10.1506,10.0575,10.1506,220.13578500828993,0
ZUE,D,20170523,000000,10.0575,10.0575,9.85251,10.0575,20937.59773703223,0
ZUE,D,20170524,000000,10.0575,10.6161,10.0575,10.6161,485.3725601158417,0
ZUE,D,20170525,000000,10.5975,10.5975,10.1506,10.5603,675.4410183912937,0
ZUE,D,20170526,000000,10.4206,10.4206,10.4206,10.4206,1.0738330976014538,0
ZUE,D,20170529,000000,10.2344,10.2344,9.88988,10.2344,1108.1957567246768,0
ZUE,D,20170530,000000,10.0575,10.2344,9.91773,10.076,2302.2981612574617,0
ZUE,D,20170531,000000,10.2251,10.2251,9.76874,10.0482,4074.12277229982,0
ZUE,D,20170601,000000,10.0482,10.2436,10.0389,10.0389,140.67213578578475,0
ZUE,D,20170602,000000,10.2251,10.2251,9.73145,10.2065,2473.037623776023,0
ZUE,D,20170605,000000,10.1972,10.1972,10.104,10.1319,2039.2090523450668,0
ZUE,D,20170606,000000,10.1226,10.1319,9.74077,10.1319,2388.20480906557,0
ZUE,D,20170607,000000,10.0575,10.0575,9.87115,9.87115,1044.8396039661998,0
ZUE,D,20170608,000000,9.87115,9.87115,9.74077,9.81524,2062.8333804923527,0
ZUE,D,20170609,000000,9.81524,9.81524,9.76874,9.76874,431.680905235769,0
ZUE,D,20170612,000000,9.75942,9.75942,9.59181,9.67561,4126.740594082258,0
ZUE,D,20170613,000000,9.6663,9.6663,9.48006,9.6663,1239.2033946320469,0
ZUE,D,20170614,000000,9.6663,9.77806,9.36832,9.77806,361.88175389167856,0
ZUE,D,20170616,000000,9.63837,9.63837,9.63837,9.63837,112.7524752481445,0
ZUE,D,20170619,000000,9.59181,9.59181,9.45212,9.45212,998.6647807693236,0
ZUE,D,20170620,000000,9.58249,9.58249,9.45212,9.54525,1232.7603960464235,0
ZUE,D,20170621,000000,9.48936,9.49868,9.28449,9.48006,754.9046676137989,0
ZUE,D,20170622,000000,9.59181,9.59181,8.98649,9.59181,1086.719094772599,0
ZUE,D,20170623,000000,9.58249,9.59181,9.48936,9.59181,205.1021216418761,0
ZUE,D,20170626,000000,9.49868,9.57318,9.31243,9.57318,5173.727864243666,0
ZUE,D,20170627,000000,9.49868,9.49868,9.14481,9.25656,1935.0472418777433,0
ZUE,D,20170628,000000,9.48936,9.48936,9.04238,9.46144,3468.480905252545,0
ZUE,D,20170629,000000,9.30312,9.49868,9.30312,9.49868,2415.0506365056167,0
ZUE,D,20170630,000000,9.40556,9.40556,9.1355,9.40556,575.5745403143654,0
ZUE,D,20170703,000000,9.87115,9.87115,9.58249,9.58249,327.5190947684353,0
ZUE,D,20170704,000000,9.55457,9.55457,9.55457,9.55457,5.369165488007066,0
ZUE,D,20170705,000000,9.46144,9.46144,9.12619,9.21931,6735.081188156067,0
ZUE,D,20170706,000000,9.48006,9.48006,9.12619,9.21931,7596.295332432459,0
ZUE,D,20170707,000000,9.44281,9.44281,9.14481,9.40556,547.6548797767252,0
ZUE,D,20170710,000000,9.40556,9.40556,9.1355,9.30312,265.2367751075518,0
ZUE,D,20170711,000000,9.28449,9.40556,9.28449,9.40556,1194.102404532785,0
ZUE,D,20170712,000000,9.39624,9.39624,9.03306,9.36832,4152.51258842465,0
ZUE,D,20170713,000000,9.359,9.359,9.33106,9.33106,49.39632248966525,0
ZUE,D,20170714,000000,9.30312,9.30312,9.18206,9.20999,3551.166053767893,0
ZUE,D,20170717,000000,9.30312,9.30312,9.30312,9.30312,11.812164073615381,0
ZUE,D,20170718,000000,9.32175,9.32175,9.12619,9.25656,61.20848656328064,0
ZUE,D,20170719,000000,9.26588,9.40556,9.25656,9.31243,1849.1405940696352,0
ZUE,D,20170720,000000,9.31243,9.31243,8.98649,9.28449,5145.808203705964,0
ZUE,D,20170724,000000,9.26588,9.26588,8.34394,8.84681,5605.408769479414,0
ZUE,D,20170725,000000,8.59537,8.8375,8.59537,8.78163,1462.5606789331484,0
ZUE,D,20170726,000000,8.78163,8.8375,8.614,8.8375,2140.14936351963,0
ZUE,D,20170727,000000,8.8375,8.8375,8.70712,8.8375,3160.2908062409906,0
ZUE,D,20170728,000000,8.82819,8.8375,8.52087,8.8375,1268.1968882673011,0
ZUE,D,20170731,000000,8.81887,8.81887,8.56744,8.79093,2497.735785020862,0
ZUE,D,20170801,000000,8.78163,8.78163,8.63262,8.74437,299.59943423079505,0
ZUE,D,20170802,000000,8.74437,8.74437,8.41843,8.73506,549.8025459719229,0
ZUE,D,20170803,000000,8.73506,8.73506,8.34394,8.72575,1129.6724186766528,0
ZUE,D,20170804,000000,8.6978,8.6978,8.44637,8.6978,1293.9688826096929,0
ZUE,D,20170807,000000,8.68851,8.68851,8.56744,8.68851,791.41499293225,0
ZUE,D,20170808,000000,8.64194,8.64194,8.64194,8.64194,154.6319660546049,0
ZUE,D,20170809,000000,8.64194,8.64194,8.49294,8.64194,1005.1077793549267,0
ZUE,D,20170810,000000,8.64194,8.68851,8.64194,8.68851,796.784158420249,0
ZUE,D,20170814,000000,8.49294,8.68851,8.38119,8.68851,2658.8107496611415,0
ZUE,D,20170816,000000,8.59537,8.68851,8.38119,8.68851,1252.0893918032937,0
ZUE,D,20170817,000000,8.39051,8.67919,8.11113,8.32531,13877.145120303147,0
ZUE,D,20170818,000000,8.28807,8.28807,8.10182,8.26944,6872.531824649061,0
ZUE,D,20170821,000000,8.30668,8.30668,8.28807,8.28807,1975.8528995865897,0
ZUE,D,20170822,000000,8.35325,8.35325,7.96213,8.167,5572.119943453744,0
ZUE,D,20170823,000000,7.92488,8.10182,7.63619,7.88763,8049.452899620285,0
ZUE,D,20170824,000000,7.93419,8.45569,7.93419,8.45569,1101.7527581390534,0
ZUE,D,20170825,000000,8.52087,8.87476,8.52087,8.87476,4216.9425742807825,0
ZUE,D,20170828,000000,8.57676,8.87476,8.56744,8.87476,2605.119094781048,0
ZUE,D,20170829,000000,8.93994,8.93994,8.84681,8.87476,2051.021216418761,0
ZUE,D,20170830,000000,8.56744,8.66057,8.56744,8.66057,254.49844413153315,0
ZUE,D,20170831,000000,8.8375,8.8375,8.56744,8.56744,1668.7366336725877,0
ZUE,D,20170901,000000,8.60468,8.75369,8.60468,8.66988,227.65261669149683,0
ZUE,D,20170904,000000,8.78163,8.78163,8.78163,8.78163,22.550495049629923,0
ZUE,D,20170905,000000,8.75369,8.75369,8.75369,8.75369,161.07496464021807,0
ZUE,D,20170906,000000,8.53019,8.74437,8.53019,8.74437,144.96746817619015,0
ZUE,D,20170907,000000,8.40913,8.40913,8.40913,8.40913,429.5332390405714,0
ZUE,D,20170908,000000,8.11113,8.40913,8.10182,8.38119,3201.096463949837,0
ZUE,D,20170912,000000,8.56744,8.56744,8.56744,8.56744,5.369165488007066,0
ZUE,D,20170913,000000,8.56744,8.56744,8.56744,8.56744,2.147666195202806,0
ZUE,D,20170914,000000,8.55812,8.74437,8.39982,8.74437,5728.899575703607,0
ZUE,D,20170915,000000,8.36257,8.52087,8.35325,8.52087,205.1021216418761,0
ZUE,D,20170918,000000,8.52087,8.52087,8.33463,8.33463,1651.555304111027,0
ZUE,D,20170919,000000,8.52087,8.52087,8.52087,8.52087,2.147666195202806,0
ZUE,D,20170920,000000,8.52087,8.52087,8.33463,8.33463,399.46591230772333,0
ZUE,D,20170921,000000,8.12044,8.19494,8.10182,8.18563,1175.8472418735696,0
ZUE,D,20170922,000000,8.05525,8.10182,8.05525,8.10182,150.3366336641995,0
ZUE,D,20170925,000000,8.10182,8.14838,8.10182,8.14838,767.7906647850151,0
ZUE,D,20170926,000000,8.19494,8.19494,8.018,8.19494,3224.7207920970204,0
ZUE,D,20170928,000000,8.28807,8.28807,7.91556,8.19494,1914.6444130233203,0
ZUE,D,20170929,000000,8.37188,8.37188,8.37188,8.37188,2.147666195202806,0
ZUE,D,20171002,000000,8.36257,8.36257,7.85038,8.17632,1938.268741170606,0
ZUE,D,20171003,000000,8.19494,8.29739,7.83176,8.17632,3608.0792079407465,0
ZUE,D,20171004,000000,8.1577,8.1577,8.1577,8.1577,42.95332390405714,0
ZUE,D,20171005,000000,7.87832,8.23218,7.87832,7.87832,3109.8206506537604,0
ZUE,D,20171006,000000,7.91556,7.91556,7.8597,7.91556,968.5974540364857,0
ZUE,D,20171009,000000,7.91556,7.91556,7.87832,7.87832,1610.7496464021808,0
ZUE,D,20171010,000000,8.10182,8.10182,7.74794,8.05525,2200.284016985346,0
ZUE,D,20171011,000000,7.73863,7.91556,7.73863,7.91556,1792.2274398967813,0
ZUE,D,20171012,000000,7.91556,7.96213,7.83176,7.96213,856.9188118859349,0
ZUE,D,20171013,000000,7.91556,8.28807,7.89695,8.28807,4274.929561551291,0
ZUE,D,20171016,000000,8.37188,8.37188,8.13907,8.14838,5568.898444160984,0
ZUE,D,20171017,000000,8.19494,8.19494,8.14838,8.14838,300.673267328399,0
ZUE,D,20171018,000000,8.05525,8.10182,8.05525,8.10182,657.1858557320681,0
ZUE,D,20171019,000000,8.0087,8.0087,7.86901,7.86901,2337.7346534783396,0
ZUE,D,20171020,000000,7.82244,7.82244,7.64551,7.72002,504.7015558726711,0
ZUE,D,20171023,000000,7.65482,7.82244,7.63619,7.82244,3558.682885451069,0
ZUE,D,20171024,000000,7.55238,7.55238,7.39408,7.44994,19005.771994447754,0
ZUE,D,20171025,000000,7.44994,7.44994,7.35682,7.35682,4193.318246133598,0
ZUE,D,20171026,000000,7.12401,7.26369,6.98432,6.98432,8906.371711506159,0
ZUE,D,20171027,000000,6.97502,6.98432,6.93777,6.97502,2964.853182477488,0
ZUE,D,20171030,000000,6.98432,7.23575,6.93777,7.03089,4868.7592645248715,0
ZUE,D,20171031,000000,6.75151,6.98432,6.70495,6.98432,1869.5434229240584,0
ZUE,D,20171102,000000,6.80739,7.07745,6.77945,7.07745,3177.4721358026527,0
ZUE,D,20171103,000000,7.02158,7.02158,6.78877,6.78877,5953.330693102263,0
ZUE,D,20171106,000000,7.03089,7.03089,6.69564,6.70495,6611.590381931975,0
ZUE,D,20171107,000000,6.92846,6.92846,6.77945,6.79807,2200.284016985346,0
ZUE,D,20171108,000000,6.93777,6.93777,6.72358,6.86326,1547.3934936436017,0
ZUE,D,20171109,000000,6.79807,6.84464,6.6677,6.79807,3843.2486563154403,0
ZUE,D,20171110,000000,6.70495,6.83533,6.63977,6.83533,3851.8393210962713,0
ZUE,D,20171113,000000,6.86326,6.86326,6.6677,6.70495,731.2803394665641,0
ZUE,D,20171114,000000,6.70495,6.70495,6.47214,6.60252,2832.771711472565,0
ZUE,D,20171115,000000,6.6677,6.6677,6.62114,6.62114,537.9903818983105,0
ZUE,D,20171116,000000,6.5932,6.5932,6.5932,6.5932,343.626591232453,0
ZUE,D,20171117,000000,6.42558,6.56526,5.79233,6.56526,3071.1626591400195,0
ZUE,D,20171120,000000,6.5187,6.5187,6.50008,6.50939,1142.5584158478996,0
ZUE,D,20171121,000000,6.4442,6.4442,6.37901,6.4442,1128.5985855790998,0
ZUE,D,20171122,000000,6.42558,6.42558,6.33245,6.42558,4338.285714309768,0
ZUE,D,20171123,000000,6.42558,6.5187,6.31383,6.46283,1365.9157001490014,0
ZUE,D,20171124,000000,6.5187,6.5187,6.41627,6.41627,469.265063651824,0
ZUE,D,20171127,000000,6.50939,6.50939,6.50939,6.50939,231.94794908190224,0
ZUE,D,20171128,000000,6.50939,6.50939,6.42558,6.4349,694.7700141481232,0
ZUE,D,20171129,000000,6.42558,6.42558,6.35108,6.35108,798.9318246154569,0
ZUE,D,20171130,000000,6.35108,6.5187,6.24865,6.5187,947.1207920844486,0
ZUE,D,20171201,000000,6.50939,6.50939,6.34177,6.34177,3907.6786421715724,0
ZUE,D,20171204,000000,6.50939,6.5187,6.26726,6.26726,4680.838472444546,0
ZUE,D,20171205,000000,6.28589,6.41627,6.28589,6.37901,1180.1425742639851,0
ZUE,D,20171206,000000,6.34177,6.42558,6.03446,6.32315,6509.5762376598595,0
ZUE,D,20171207,000000,6.33245,6.39764,6.32315,6.32315,3281.6339462699766,0
ZUE,D,20171208,000000,6.32315,6.33245,6.23933,6.31383,3022.840169747997,0
ZUE,D,20171211,000000,6.2952,6.2952,6.2952,6.2952,531.5473833127074,0
ZUE,D,20171212,000000,6.2952,6.2952,6.14621,6.14621,1612.8973125972868,0
ZUE,D,20171213,000000,6.19276,6.24865,6.10896,6.23933,939.6039604012416,0
ZUE,D,20171214,000000,6.30452,6.30452,6.26726,6.26726,1016.9199434285492,0
ZUE,D,20171215,000000,6.28589,6.28589,6.14621,6.23933,2184.1765205213387,0
ZUE,D,20171218,000000,6.23933,6.23933,6.12758,6.23002,1747.1264497975196,0
ZUE,D,20171219,000000,6.19276,6.23933,6.09964,6.23933,5824.470721390101,0
ZUE,D,20171220,000000,6.09964,6.23933,6.02515,6.23933,2344.177652063861,0
ZUE,D,20171221,000000,6.16484,6.16484,5.59677,6.04377,1936.1210749753982,0
ZUE,D,20171222,000000,6.04377,6.1369,5.51296,5.95065,26136.02376252134,0
ZUE,D,20171227,000000,5.94133,5.94133,5.60609,5.60609,6556.824893954228,0
ZUE,D,20171228,000000,5.65265,5.79233,5.60609,5.68059,10485.980198077878,0
ZUE,D,20171229,000000,5.68059,5.68059,5.61539,5.68059,6886.49165491786,0
ZUE,D,20180103,000000,5.77371,6.12758,5.77371,6.10896,1835.1807638008354,0
ZUE,D,20180104,000000,5.79233,6.03446,5.73646,6.01583,9383.15360684117,0
ZUE,D,20180105,000000,5.95996,5.95996,5.73646,5.79233,14714.734936432149,0
ZUE,D,20180108,000000,5.79233,5.84821,5.77371,5.84821,15793.937199521266,0
ZUE,D,20180109,000000,5.82958,5.90408,5.77371,5.84821,2969.148514867904,0
ZUE,D,20180110,000000,5.77371,5.82958,5.75509,5.79233,3437.339745422185,0
ZUE,D,20180111,000000,5.77371,5.77371,5.41984,5.60609,10238.99858562949,0
ZUE,D,20180112,000000,5.60609,5.64334,5.60609,5.62471,2338.8084865758924,0
ZUE,D,20180115,000000,5.73646,5.73646,5.64334,5.69921,1176.9210749711226,0
ZUE,D,20180116,000000,5.73646,5.73646,5.62471,5.68059,1423.90268741951,0
ZUE,D,20180117,000000,5.73646,5.73646,5.58745,5.60609,6316.2862800915655,0
ZUE,D,20180118,000000,5.73646,5.73646,5.55021,5.58745,8350.126166948663,0
ZUE,D,20180119,000000,5.71784,5.73646,5.60609,5.71784,1799.7442715799577,0
ZUE,D,20180122,000000,5.71784,5.86683,5.71784,5.86683,4291.0370580152985,0
ZUE,D,20180123,000000,6.05308,6.05308,5.84821,5.97858,1741.7572843095509,0
ZUE,D,20180124,000000,5.84821,5.99721,5.77371,5.99721,2884.315700157451,0
ZUE,D,20180125,000000,5.99721,5.99721,5.99721,5.99721,6.44299858560852,0
ZUE,D,20180126,000000,5.95996,5.95996,5.64334,5.64334,5766.483734119592,0
ZUE,D,20180129,000000,5.77371,5.81096,5.51296,5.77371,5011.579066505834,0
ZUE,D,20180130,000000,5.77371,5.77371,5.58745,5.75509,273.8274398883626,0
ZUE,D,20180131,000000,5.75509,5.75509,5.75509,5.75509,1181.2164073615381,0
ZUE,D,20180201,000000,5.77371,5.77371,5.75509,5.75509,769.9383309802229,0
ZUE,D,20180202,000000,5.75509,5.75509,5.75509,5.75509,96.6449787841278,0
ZUE,D,20180205,000000,5.73646,5.73646,5.45709,5.55021,10416.181046733369,0
ZUE,D,20180206,000000,5.49433,5.49433,5.15909,5.4012,4924.598585600071,0
ZUE,D,20180207,000000,5.49433,5.49433,5.4012,5.47571,615.306364925618,0
ZUE,D,20180208,000000,5.49433,5.56884,5.49433,5.55021,2548.2059406081944,0
ZUE,D,20180209,000000,5.49433,5.56884,5.30808,5.4012,2597.602263097872,0
ZUE,D,20180212,000000,5.55021,5.64334,5.55021,5.64334,805.3748232010701,0
ZUE,D,20180213,000000,5.64334,5.66196,5.64334,5.64334,1442.1578500787255,0
ZUE,D,20180214,000000,5.73646,5.82958,5.73646,5.75509,1887.7985855832737,0
ZUE,D,20180215,000000,5.73646,6.05308,5.69921,5.75509,13215.66393218057,0
ZUE,D,20180216,000000,5.97858,6.01583,5.82958,5.97858,13140.495615348807,0
ZUE,D,20180219,000000,5.97858,5.99721,5.97858,5.99721,3012.1018387719582,0
ZUE,D,20180220,000000,6.05308,6.05308,5.86683,5.86683,2426.8628005792084,0
ZUE,D,20180221,000000,5.82958,5.82958,5.77371,5.77371,2250.7541725725764,0
ZUE,D,20180222,000000,6.01583,6.01583,5.86683,5.86683,214.76661952028059,0
ZUE,D,20180223,000000,5.95996,5.95996,5.84821,5.94133,1665.5151343798268,0
ZUE,D,20180226,000000,5.95996,5.95996,5.86683,5.86683,1126.4509193838921,0
ZUE,D,20180227,000000,5.94133,5.94133,5.77371,5.88546,869.8048090571513,0
ZUE,D,20180228,000000,5.75509,5.90408,5.73646,5.90408,5149.029702998827,0
ZUE,D,20180301,000000,5.88546,5.88546,5.68059,5.86683,1540.9504950580804,0
ZUE,D,20180302,000000,5.86683,5.88546,5.68059,5.86683,812.8916548842769,0
ZUE,D,20180305,000000,5.82958,5.86683,5.68059,5.86683,738.7971711497811,0
ZUE,D,20180306,000000,5.86683,5.86683,5.82958,5.82958,21.47666195202806,0
ZUE,D,20180307,000000,5.77371,5.86683,5.71784,5.81096,27297.9111741254,0
ZUE,D,20180308,000000,5.86683,5.86683,5.82958,5.82958,2148.740028300461,0
ZUE,D,20180309,000000,5.81096,5.81096,5.73646,5.73646,18925.234512127718,0
ZUE,D,20180312,000000,5.84821,5.84821,5.75509,5.75509,54936.227440190676,0
ZUE,D,20180313,000000,5.68059,5.75509,5.68059,5.75509,87449.74596936644,0
ZUE,D,20180314,000000,5.82958,5.82958,5.64334,5.75509,1996.2557284410127,0
ZUE,D,20180315,000000,5.81096,5.81096,5.75509,5.81096,77863.63790707891,0
ZUE,D,20180316,000000,5.81096,5.81096,5.81096,5.81096,994.3694483789183,0
ZUE,D,20180319,000000,5.84821,5.84821,5.64334,5.82958,2761.8987270308103,0
ZUE,D,20180320,000000,5.82958,5.82958,5.64334,5.79233,2598.6760961954246,0
ZUE,D,20180321,000000,5.81096,5.81096,5.77371,5.81096,118187.1445551075,0
ZUE,D,20180322,000000,5.86683,6.03446,5.84821,5.86683,120451.85855794868,0
ZUE,D,20180323,000000,5.81096,6.01583,5.81096,5.99721,1220.9482319728315,0
ZUE,D,20180326,000000,5.97858,5.97858,5.90408,5.92271,2311.962659135846,0
ZUE,D,20180327,000000,5.90408,5.92271,5.79233,5.79233,1511.957001422826,0
ZUE,D,20180328,000000,5.73646,5.90408,5.58745,5.69921,6380.716265947595,0
ZUE,D,20180329,000000,5.69921,5.69921,5.58745,5.69921,729.1326732713665,0
ZUE,D,20180403,000000,5.69921,5.69921,5.55021,5.58745,46022.33889700124,0
ZUE,D,20180404,000000,5.64334,5.64334,5.49433,5.56884,6679.241867080868,0
ZUE,D,20180405,000000,5.58745,5.58745,5.58745,5.58745,941.7516265964495,0
ZUE,D,20180406,000000,5.58745,5.58745,5.4012,5.56884,2073.5717114683916,0
ZUE,D,20180409,000000,5.58745,5.60609,5.49433,5.60609,1677.327298453419,0
ZUE,D,20180410,000000,5.60609,5.60609,5.60609,5.60609,69.79915134409248,0
ZUE,D,20180411,000000,5.68059,5.68059,5.34534,5.68059,3435.1920792269775,0
ZUE,D,20180412,000000,5.60609,5.60609,5.60609,5.60609,107.3833097601454,0
ZUE,D,20180413,000000,5.60609,5.60609,5.60609,5.60609,257.7199434243449,0
ZUE,D,20180416,000000,5.60609,5.60609,5.4012,5.60609,172.8871287138304,0
ZUE,D,20180417,000000,5.49433,5.58745,5.49433,5.58745,215.8404526178845,0
ZUE,D,20180419,000000,5.58745,5.60609,5.45709,5.58745,53906.421499591444,0
ZUE,D,20180423,000000,5.53159,5.53159,5.53159,5.53159,1932.8995756825354,0
ZUE,D,20180424,000000,5.60609,5.66196,5.53159,5.53159,2383.9094766751546,0
ZUE,D,20180425,000000,5.58745,5.64334,5.53159,5.64334,2394.6478076511935,0
ZUE,D,20180426,000000,5.53159,5.64334,5.4012,5.64334,1542.0243281556334,0
ZUE,D,20180430,000000,5.62471,5.62471,5.49433,5.58745,1025.5106082093293,0
ZUE,D,20180502,000000,5.58745,5.62471,5.58745,5.58745,9692.417538950378,0
ZUE,D,20180504,000000,5.66196,5.66196,5.66196,5.66196,3.22149929280426,0
ZUE,D,20180507,000000,5.4012,5.56884,5.4012,5.56884,16409.243564447333,0
ZUE,D,20180508,000000,5.36396,5.53159,5.36396,5.53159,4480.031683193177,0
ZUE,D,20180509,000000,5.51296,5.51296,5.45709,5.51296,3242.9759547563376,0
ZUE,D,20180510,000000,5.53159,5.68059,5.4012,5.68059,4119.223762399082,0
ZUE,D,20180511,000000,5.66196,5.75509,5.66196,5.75509,483.2248939206441,0
ZUE,D,20180514,000000,5.75509,5.75509,5.51296,5.51296,828.9991513482947,0
ZUE,D,20180515,000000,5.64334,5.64334,5.34534,5.49433,318.92842998762444,0
ZUE,D,20180516,000000,5.64334,5.64334,5.58745,5.58745,394.0967468197242,0
ZUE,D,20180517,000000,5.49433,5.58745,5.49433,5.49433,21465.92362105253,0
ZUE,D,20180518,000000,5.49433,5.58745,5.36396,5.58745,225.50495049629922,0
ZUE,D,20180521,000000,5.4012,5.58745,5.38259,5.58745,1075.980763796662,0
ZUE,D,20180522,000000,5.58745,5.58745,5.56884,5.56884,1991.9603960505972,0
ZUE,D,20180523,000000,5.56884,5.56884,5.56884,5.56884,53.69165488007066,0
ZUE,D,20180524,000000,5.56884,5.56884,5.49433,5.49433,485.3725601158417,0
ZUE,D,20180525,000000,5.45709,5.49433,5.34534,5.45709,864.4356435691419,0
ZUE,D,20180528,000000,5.45709,5.45709,5.45709,5.45709,22.550495049629923,0
ZUE,D,20180529,000000,5.45709,5.45709,5.45709,5.45709,1.0738330976014538,0
ZUE,D,20180530,000000,5.45709,5.45709,5.45709,5.45709,1.0738330976014538,0
ZUE,D,20180601,000000,5.45709,5.45709,5.45709,5.45709,1.0738330976014538,0
ZUE,D,20180604,000000,5.45709,5.45709,4.84246,5.17772,4719.496463958286,0
ZUE,D,20180605,000000,5.06597,5.06597,4.74934,4.87972,7952.807920836139,0
ZUE,D,20180606,000000,4.87972,4.87972,4.86109,4.87972,376.9154172581026,0
ZUE,D,20180607,000000,4.87972,4.89834,4.87972,4.87972,962.1544554508725,0
ZUE,D,20180608,000000,4.84246,4.87972,4.69347,4.87972,1193.0285714351303,0
ZUE,D,20180611,000000,4.87972,4.97284,4.87972,4.97284,3798.1476662161785,0
ZUE,D,20180612,000000,5.02871,5.06597,4.97284,5.06597,6811.323338085791,0
ZUE,D,20180613,000000,5.02871,5.10321,4.99147,5.10321,1118.9340877007157,0
ZUE,D,20180614,000000,5.36396,5.36396,5.08459,5.19633,4559.495332415661,0
ZUE,D,20180615,000000,5.17772,5.17772,4.97284,5.17772,2691.0257425891564,0
ZUE,D,20180618,000000,5.17772,5.17772,5.17772,5.17772,5.369165488007066,0
ZUE,D,20180619,000000,4.97284,4.97284,4.84246,4.84246,2227.129844425393,0
ZUE,D,20180620,000000,4.4886,4.80522,4.24647,4.80522,21070.75304113552,0
ZUE,D,20180621,000000,4.80522,4.91696,4.6469,4.91696,76949.80594102068,0
ZUE,D,20180622,000000,4.95422,5.36396,4.87972,4.87972,5083.5258840451415,0
ZUE,D,20180625,000000,5.02871,5.36396,5.02871,5.34534,9168.386987320899,0
ZUE,D,20180626,000000,5.45709,5.58745,5.4012,5.58745,3454.5210749837456,0
ZUE,D,20180627,000000,5.94133,5.94133,5.30808,5.4012,3699.355021236925,0
ZUE,D,20180628,000000,5.66196,5.66196,5.27084,5.56884,2412.902970310409,0
ZUE,D,20180629,000000,5.56884,5.56884,5.30808,5.49433,1234.9080622416311,0
ZUE,D,20180702,000000,5.32671,5.49433,5.02871,5.12183,1441.0840169810704,0
ZUE,D,20180703,000000,5.10321,5.10321,5.08459,5.08459,173.96096181143432,0
ZUE,D,20180704,000000,5.04734,5.04734,5.04734,5.04734,257.7199434243449,0
ZUE,D,20180705,000000,5.02871,5.21496,5.02871,5.12183,76606.17934978743,0
ZUE,D,20180706,000000,5.12183,5.45709,5.12183,5.38259,442.4192362117876,0
ZUE,D,20180709,000000,5.45709,5.45709,5.30808,5.30808,1106.0480905294692,0
ZUE,D,20180710,000000,5.68059,5.68059,5.30808,5.30808,676.5148514888976,0
ZUE,D,20180711,000000,5.55021,5.66196,5.30808,5.30808,1463.6345120307012,0
ZUE,D,20180712,000000,5.64334,5.64334,5.30808,5.30808,193.28995756825356,0
ZUE,D,20180713,000000,5.55021,5.58745,5.30808,5.30808,3154.921640753022,0
ZUE,D,20180716,000000,5.56884,5.56884,5.56884,5.56884,21.47666195202806,0
ZUE,D,20180717,000000,5.45709,5.45709,5.17772,5.4012,193.28995756825356,0
ZUE,D,20180718,000000,5.66196,5.66196,5.49433,5.58745,136.37680339537934,0
ZUE,D,20180719,000000,5.30808,5.34534,5.30808,5.30808,1075.980763796662,0
ZUE,D,20180720,000000,5.58745,5.58745,5.02871,5.30808,1631.152475256604,0
ZUE,D,20180723,000000,5.45709,5.45709,5.30808,5.38259,94.4973125889251,0
ZUE,D,20180724,000000,5.38259,5.47571,5.36396,5.36396,441.3454031141837,0
ZUE,D,20180725,000000,5.53159,5.66196,5.4012,5.58745,171119.59943517737,0
ZUE,D,20180726,000000,5.66196,5.75509,5.30808,5.64334,4223.385572866406,0
ZUE,D,20180727,000000,5.58745,5.68059,5.58745,5.62471,341.4789250372554,0
ZUE,D,20180730,000000,5.58745,5.81096,5.56884,5.81096,243589.37369300865,0
ZUE,D,20180731,000000,5.84821,5.84821,5.68059,5.68059,614.2325318280141,0
ZUE,D,20180801,000000,5.82958,5.82958,5.58745,5.58745,5374.534653495137,0
ZUE,D,20180802,000000,5.64334,5.77371,5.58745,5.69921,1175.8472418735696,0
ZUE,D,20180803,000000,5.45709,5.68059,5.45709,5.68059,132.08147100497393,0
ZUE,D,20180806,000000,5.53159,5.68059,5.53159,5.58745,3192.5057991690055,0
ZUE,D,20180807,000000,5.64334,5.73646,5.55021,5.68059,3899.087977390741,0
ZUE,D,20180808,000000,5.68059,5.82958,5.68059,5.77371,1002.9601131597291,0
ZUE,D,20180809,000000,5.56884,5.66196,5.55021,5.58745,3608.0792079407465,0
ZUE,D,20180810,000000,5.56884,5.58745,5.56884,5.58745,1369.137199441762,0
ZUE,D,20180813,000000,5.55021,5.68059,5.55021,5.68059,626.0446959016264,0
ZUE,D,20180814,000000,5.58745,5.58745,5.58745,5.58745,209.3974540322815,0
ZUE,D,20180816,000000,5.53159,5.53159,5.41984,5.53159,251.27694483873168,0
ZUE,D,20180820,000000,5.4012,5.68059,5.4012,5.68059,1078.1284299918696,0
ZUE,D,20180821,000000,5.53159,5.69921,5.53159,5.68059,3471.7024045454077,0
ZUE,D,20180822,000000,5.68059,5.73646,5.68059,5.73646,1431.4195191026863,0
ZUE,D,20180823,000000,5.73646,5.73646,5.58745,5.58745,4013.9881188341037,0
ZUE,D,20180824,000000,5.64334,5.64334,5.55021,5.55021,346.8480905252546,0
ZUE,D,20180827,000000,5.55021,5.55021,5.55021,5.55021,348.99575672046234,0
ZUE,D,20180828,000000,5.69921,5.69921,5.58745,5.58745,107.3833097601454,0
ZUE,D,20180829,000000,5.38259,5.55021,5.38259,5.55021,216.9142857154884,0
ZUE,D,20180830,000000,5.38259,5.58745,5.38259,5.58745,1402.4260254674318,0
ZUE,D,20180831,000000,5.4012,5.55021,5.38259,5.45709,1471.1513437139797,0
ZUE,D,20180903,000000,5.56884,5.56884,5.56884,5.56884,4.295332390405714,0
ZUE,D,20180904,000000,5.4012,5.53159,5.38259,5.49433,1511.957001422826,0
ZUE,D,20180905,000000,5.21496,5.47571,5.12183,5.47571,490.74172560385097,0
ZUE,D,20180906,000000,5.02871,5.4012,5.02871,5.4012,16.107496464021807,0
ZUE,D,20180907,000000,4.99147,4.99147,4.86109,4.86109,5795.477227754846,0
ZUE,D,20180910,000000,4.69347,4.86109,4.65621,4.80522,3714.388684603278,0
ZUE,D,20180911,000000,4.80522,4.80522,4.65621,4.80522,1966.1884017082057,0
ZUE,D,20180913,000000,4.84246,4.84246,4.37685,4.84246,3939.8936350995873,0
ZUE,D,20180917,000000,4.76797,5.12183,4.76797,5.12183,1356.2512022706173,0
ZUE,D,20180918,000000,5.38259,5.38259,5.38259,5.38259,2.147666195202806,0
ZUE,D,20180921,000000,4.76797,5.23359,4.76797,5.19633,327.5190947684353,0
ZUE,D,20180925,000000,4.7866,5.17772,4.7866,5.17772,6071.452333838386,0
ZUE,D,20180926,000000,4.93558,5.17772,4.84246,5.17772,2006.9940594170519,0
ZUE,D,20180927,000000,5.17772,5.17772,4.89834,5.15909,653.9643564392667,0
ZUE,D,20180928,000000,4.84246,5.15909,4.84246,5.12183,760.2738331018082,0
ZUE,D,20181001,000000,5.10321,5.10321,5.10321,5.10321,67.65148514888978,0
ZUE,D,20181002,000000,5.01008,5.12183,5.01008,5.12183,1706.3207920886732,0
ZUE,D,20181003,000000,4.84246,5.01008,4.65621,5.01008,1070.6115983085913,0
ZUE,D,20181004,000000,5.02871,5.02871,4.93558,5.01008,1074.9069306990068,0
ZUE,D,20181005,000000,5.02871,5.02871,4.65621,4.97284,1303.633380488077,0
ZUE,D,20181008,000000,5.02871,5.02871,5.02871,5.02871,1.0738330976014538,0
ZUE,D,20181012,000000,5.01008,5.01008,5.01008,5.01008,53.69165488007066,0
ZUE,D,20181016,000000,5.01008,5.01008,4.99147,5.01008,2154.1091937884294,0
ZUE,D,20181018,000000,4.56309,4.99147,4.56309,4.99147,781.7504950538352,0
ZUE,D,20181019,000000,4.59103,4.97284,4.59103,4.76797,603.4942008519955,0
ZUE,D,20181022,000000,4.76797,4.91696,4.76797,4.91696,853.6973125931335,0
ZUE,D,20181024,000000,4.58172,4.84246,4.58172,4.84246,384.4322489413095,0
ZUE,D,20181025,000000,4.58172,4.65621,4.18128,4.65621,5531.314285744898,0
ZUE,D,20181026,000000,4.37685,4.65621,4.1161,4.1906,10725.444978843088,0
ZUE,D,20181029,000000,4.36753,4.52584,4.33959,4.52584,1103.900424334261,0
ZUE,D,20181030,000000,4.63759,4.63759,4.63759,4.63759,1.0738330976014538,0
ZUE,D,20181031,000000,4.52584,4.56309,4.52584,4.56309,2057.4642150042823,0
ZUE,D,20181102,000000,4.65621,4.65621,4.65621,4.65621,1.0738330976014538,0
ZUE,D,20181106,000000,4.46997,4.63759,4.46997,4.46997,2150.8876944956687,0
ZUE,D,20181107,000000,4.30235,4.46997,4.28373,4.46997,169.6656294210289,0
ZUE,D,20181108,000000,4.46997,4.62828,4.28373,4.62828,1278.9352192433403,0
ZUE,D,20181109,000000,4.60035,4.60035,4.60035,4.60035,10.73833097601454,0
ZUE,D,20181113,000000,4.56309,4.65621,4.56309,4.65621,16607.90268750329,0
ZUE,D,20181115,000000,4.56309,4.56309,4.56309,4.56309,1.0738330976014538,0
ZUE,D,20181116,000000,4.65621,4.65621,4.65621,4.65621,158.9272984450103,0
ZUE,D,20181119,000000,4.71209,4.71209,4.65621,4.65621,369.39858557488543,0
ZUE,D,20181120,000000,4.47928,4.65621,4.47928,4.65621,6.44299858560852,0
ZUE,D,20181121,000000,4.71209,4.71209,4.28373,4.46997,2612.6359264642247,0
ZUE,D,20181122,000000,4.28373,4.6469,4.28373,4.6469,649.6690240488613,0
ZUE,D,20181123,000000,4.56309,4.61896,4.56309,4.61896,558.3932107527337,0
ZUE,D,20181127,000000,4.63759,4.63759,4.20923,4.56309,13718.217821857972,0
ZUE,D,20181128,000000,4.56309,4.56309,4.24647,4.37685,4144.995756741474,0
ZUE,D,20181129,000000,4.26509,4.37685,4.1906,4.27441,5892.122206538993,0
ZUE,D,20181130,000000,4.14403,4.22784,3.93915,4.09748,6609.442715736767,0
ZUE,D,20181203,000000,4.37685,4.37685,4.25578,4.30235,1804.0396039703733,0
ZUE,D,20181204,000000,4.33028,4.33028,4.1906,4.32098,3332.104101857207,0
ZUE,D,20181205,000000,4.32098,4.36753,4.02298,4.17197,7994.687411642537,0
ZUE,D,20181206,000000,4.15334,4.44203,4.02298,4.36753,3697.207355041717,0
ZUE,D,20181207,000000,4.50722,4.50722,4.19991,4.20923,118.12164073615382,0
ZUE,D,20181210,000000,4.21853,4.21853,4.21853,4.21853,184.69929278744272,0
ZUE,D,20181211,000000,4.46997,4.46997,4.07884,4.18128,1604.3066478165574,0
ZUE,D,20181212,000000,4.16266,4.16266,4.09748,4.13472,10465.57736922325,0
ZUE,D,20181213,000000,4.09748,4.09748,4.00435,4.06954,1291.8212164144852,0
ZUE,D,20181214,000000,4.06954,4.09748,4.05091,4.08816,6906.894483772386,0
ZUE,D,20181217,000000,4.08816,4.08816,4.03228,4.03228,1451.8223479571095,0
ZUE,D,20181218,000000,4.08816,4.08816,4.01366,4.08816,688.3270155625099,0
ZUE,D,20181219,000000,4.18128,4.18128,3.99504,4.07884,1749.2741159927273,0
ZUE,D,20181220,000000,4.17197,4.17197,4.01366,4.12541,1329.4053748305707,0
ZUE,D,20181221,000000,4.03228,4.17197,3.83672,4.08816,10134.836775162168,0
ZUE,D,20181227,000000,3.92054,4.02298,3.78085,4.02298,6579.375389003858,0
ZUE,D,20181228,000000,4.07884,4.1161,3.96709,4.1161,982.5572843052958,0
ZUE,D,20190102,000000,4.45134,4.45134,4.45134,4.45134,5.369165488007066,0
ZUE,D,20190103,000000,4.45134,4.45134,4.14403,4.37685,270.6059405955611,0
ZUE,D,20190104,000000,4.36753,4.36753,4.05091,4.17197,4975.068741187403,0
ZUE,D,20190107,000000,4.31166,4.45134,4.18128,4.18128,287.7872701571827,0
ZUE,D,20190108,000000,4.44203,4.44203,4.03228,4.16266,4464.998019826722,0
ZUE,D,20190109,000000,4.44203,4.44203,4.09748,4.16266,4788.221782204731,0
ZUE,D,20190110,000000,4.44203,4.44203,4.09748,4.17197,4109.559264520596,0
ZUE,D,20190111,000000,4.42341,4.42341,4.09748,4.14403,8502.61046680801,0
ZUE,D,20190114,000000,4.17197,4.17197,4.03228,4.08816,831.1468175435025,0
ZUE,D,20190115,000000,4.17197,4.4141,4.17197,4.4141,236.24328147230764,0
ZUE,D,20190116,000000,4.39547,4.39547,4.08816,4.09748,2118.6727015675515,0
ZUE,D,20190117,000000,4.36753,4.36753,4.06022,4.06022,1979.0743988794525,0
ZUE,D,20190118,000000,4.28373,4.28373,4.06954,4.09748,460.6743988710132,0
ZUE,D,20190121,000000,4.06954,4.06954,3.98572,4.06022,9745.03536073292,0
ZUE,D,20190122,000000,4.16266,4.16266,3.98572,3.99504,550.8763790695267,0
ZUE,D,20190123,000000,4.14403,4.14403,3.98572,4.13472,3.22149929280426,0
ZUE,D,20190124,000000,4.12541,4.13472,3.88329,4.13472,7345.018387593758,0
ZUE,D,20190125,000000,4.14403,4.14403,4.13472,4.13472,54.76548797767252,0
ZUE,D,20190128,000000,4.14403,4.14403,4.00435,4.10678,3804.5906648018017,0
ZUE,D,20190129,000000,4.1161,4.1161,3.98572,4.10678,12447.873267396075,0
ZUE,D,20190130,000000,4.1161,4.1161,4.01366,4.10678,52.61782178246982,0
ZUE,D,20190131,000000,4.1161,4.1161,3.88329,3.89259,1359.472701563378,0
ZUE,D,20190201,000000,3.98572,3.98572,3.95779,3.95779,1022.2891089165687,0
ZUE,D,20190204,000000,4.00435,4.00435,3.92054,4.00435,938.5301273036378,0
ZUE,D,20190205,000000,3.99504,4.00435,3.99504,4.00435,1422.828854321855,0
ZUE,D,20190206,000000,4.1161,4.1161,3.92054,4.06954,7643.543988726928,0
ZUE,D,20190207,000000,4.06022,4.06022,3.98572,4.05091,2997.0681754056054,0
ZUE,D,20190208,000000,3.91123,4.13472,3.91123,4.07884,1022.2891089165687,0
ZUE,D,20190211,000000,4.08816,4.08816,3.95779,4.07884,2779.0800565924724,0
ZUE,D,20190212,000000,4.08816,4.14403,4.08816,4.1161,971.8189533292873,0
ZUE,D,20190213,000000,4.15334,4.15334,4.05091,4.13472,2597.602263097872,0
ZUE,D,20190214,000000,4.23716,4.23716,3.98572,4.13472,1087.7929278702536,0
ZUE,D,20190215,000000,3.98572,4.23716,3.98572,4.14403,30.067326732839895,0
ZUE,D,20190218,000000,3.98572,4.13472,3.98572,4.08816,618.5278642184196,0
ZUE,D,20190219,000000,4.09748,4.09748,3.77154,4.00435,8061.265063693877,0
ZUE,D,20190220,000000,3.95779,3.95779,3.73429,3.73429,3400.829420103653,0
ZUE,D,20190221,000000,4.00435,4.00435,3.82741,3.86466,6757.631683205698,0
ZUE,D,20190222,000000,4.00435,4.08816,3.86466,3.98572,863.361810471538,0
ZUE,D,20190225,000000,4.08816,4.08816,3.95779,3.95779,3223.6469589994676,0
ZUE,D,20190226,000000,4.00435,4.00435,3.91123,3.94847,4559.495332415661,0
ZUE,D,20190227,000000,3.99504,3.99504,3.91123,3.91123,1688.0656294294579,0
ZUE,D,20190228,000000,4.09748,4.09748,3.98572,3.98572,1075.980763796662,0
ZUE,D,20190301,000000,4.09748,4.09748,3.88329,3.94847,1154.3705799214918,0
ZUE,D,20190304,000000,4.00435,4.00435,3.91123,3.91123,303.89476662120046,0
ZUE,D,20190305,000000,3.91123,3.95779,3.86466,3.95779,2558.9442715842333,0
ZUE,D,20190306,000000,4.09748,4.09748,4.09748,4.09748,2.147666195202806,0
ZUE,D,20190307,000000,3.97641,4.00435,3.97641,4.00435,3235.45912307306,0
ZUE,D,20190308,000000,3.91123,3.91123,3.72498,3.77154,7202.198585612694,0
ZUE,D,20190311,000000,3.72498,3.82741,3.72498,3.82741,3437.339745422185,0
ZUE,D,20190312,000000,3.91123,3.91123,3.81811,3.89259,8077.372560157885,0
ZUE,D,20190313,000000,3.98572,4.00435,3.78085,3.89259,17596.90297039429,0
ZUE,D,20190314,000000,4.03228,4.03228,3.85535,3.85535,4.295332390405714,0
ZUE,D,20190315,000000,3.95779,3.95779,3.72498,3.72498,11632.833946316601,0
ZUE,D,20190318,000000,3.82741,3.82741,3.58529,3.69704,11144.23988690708,0
ZUE,D,20190319,000000,3.69704,3.69704,3.69704,3.69704,4.295332390405714,0
ZUE,D,20190320,000000,3.69704,3.69704,3.55735,3.55735,6385.011598338011,0
ZUE,D,20190321,000000,3.55735,3.55735,3.5201,3.53873,3225.7946251946755,0
ZUE,D,20190322,000000,3.53873,3.53873,3.49217,3.52942,3114.115983044074,0
ZUE,D,20190325,000000,3.47353,3.53873,3.45491,3.53873,4515.468175413952,0
ZUE,D,20190326,000000,3.53873,3.62254,3.49217,3.62254,4635.737482345284,0
ZUE,D,20190327,000000,3.63186,3.65978,3.50147,3.65978,1340.1437058066094,0
ZUE,D,20190328,000000,3.62254,3.63186,3.44561,3.63186,7892.673267370422,0
ZUE,D,20190329,000000,3.35248,3.65047,3.35248,3.63186,5960.8475247854385,0
ZUE,D,20190401,000000,3.70635,3.81811,3.38972,3.44561,21069.679208037047,0
ZUE,D,20190402,000000,3.40835,3.63186,3.35248,3.61322,95320.9425747852,0
ZUE,D,20190403,000000,3.61322,3.72498,3.61322,3.72498,296.3779349379936,0
ZUE,D,20190404,000000,3.72498,3.72498,3.63186,3.70635,6187.426308379403,0
ZUE,D,20190405,000000,3.72498,3.72498,3.57597,3.70635,24833.464215130818,0
ZUE,D,20190408,000000,3.68772,3.72498,3.65047,3.72498,1292.8950495121398,0
ZUE,D,20190409,000000,3.72498,3.72498,3.70635,3.70635,542.2857142887159,0
ZUE,D,20190410,000000,3.72498,3.72498,3.72498,3.72498,2.147666195202806,0
ZUE,D,20190411,000000,3.72498,3.72498,3.63186,3.72498,943.899292791647,0
ZUE,D,20190412,000000,3.68772,3.68772,3.63186,3.63186,270.6059405955611,0
ZUE,D,20190415,000000,3.72498,3.72498,3.6691,3.6691,109.530975955343,0
ZUE,D,20190416,000000,3.70635,3.70635,3.57597,3.6691,2878.94653466938,0
ZUE,D,20190417,000000,3.6691,3.68772,3.55735,3.68772,11802.499575737304,0
ZUE,D,20190418,000000,3.68772,3.68772,3.57597,3.6691,4299.627722796129,0
ZUE,D,20190423,000000,3.6691,3.6691,3.48285,3.63186,2583.6424328289704,0
ZUE,D,20190424,000000,3.63186,3.63186,3.53873,3.5946,3690.764356456094,0
ZUE,D,20190425,000000,3.5946,3.68772,3.5946,3.68772,6951.995473871648,0
ZUE,D,20190426,000000,3.61322,3.61322,3.61322,3.61322,2147.6661952028057,0
ZUE,D,20190429,000000,3.55735,3.61322,3.55735,3.61322,1578.5346534740638,0
ZUE,D,20190430,000000,3.61322,3.61322,3.46422,3.61322,219.061951910686,0
ZUE,D,20190502,000000,3.61322,3.61322,3.5201,3.61322,540.1380480935183,0
ZUE,D,20190506,000000,3.61322,3.61322,3.61322,3.61322,2.147666195202806,0
ZUE,D,20190507,000000,3.61322,3.61322,3.42697,3.55735,120.26930693136163,0
ZUE,D,20190508,000000,3.61322,3.61322,3.61322,3.61322,2.147666195202806,0
ZUE,D,20190509,000000,3.61322,3.61322,3.61322,3.61322,2.147666195202806,0
ZUE,D,20190510,000000,3.61322,3.61322,3.46422,3.61322,114.90014144335231,0
ZUE,D,20190513,000000,3.61322,3.61322,3.53873,3.5946,377.9892503556963,0
ZUE,D,20190514,000000,3.61322,3.61322,3.5946,3.61322,3048.6121640903884,0
ZUE,D,20190515,000000,3.61322,3.61322,3.61322,3.61322,2.147666195202806,0
ZUE,D,20190516,000000,3.61322,3.63186,3.5946,3.63186,4237.345403135205,0
ZUE,D,20190517,000000,3.63186,3.72498,3.5201,3.72498,426.3117397477597,0
ZUE,D,20190520,000000,3.72498,3.72498,3.68772,3.68772,2579.3471004386565,0
ZUE,D,20190521,000000,3.72498,3.72498,3.55735,3.72498,2931.5643564519205,0
ZUE,D,20190522,000000,3.72498,3.72498,3.5946,3.70635,508.9968882630765,0
ZUE,D,20190523,000000,3.72498,3.72498,3.5946,3.70635,1130.746251774308,0
ZUE,D,20190524,000000,3.70635,3.70635,3.70635,3.70635,66.5776520512879,0
ZUE,D,20190527,000000,3.70635,3.70635,3.55735,3.70635,263.089108912344,0
ZUE,D,20190528,000000,3.70635,3.70635,3.70635,3.70635,2.147666195202806,0
ZUE,D,20190529,000000,3.70635,3.70635,3.70635,3.70635,1.0738330976014538,0
ZUE,D,20190530,000000,3.70635,3.70635,3.70635,3.70635,2.147666195202806,0
ZUE,D,20190531,000000,3.70635,3.70635,3.57597,3.68772,432.75473833337287,0
ZUE,D,20190603,000000,3.70635,3.70635,3.70635,3.70635,2.147666195202806,0
ZUE,D,20190604,000000,3.70635,3.70635,3.57597,3.70635,308.19009901160587,0
ZUE,D,20190605,000000,3.70635,3.70635,3.70635,3.70635,2.147666195202806,0
ZUE,D,20190606,000000,3.70635,3.72498,3.63186,3.72498,5197.352192390849,0
ZUE,D,20190607,000000,3.72498,3.72498,3.63186,3.70635,4407.011032556214,0
ZUE,D,20190610,000000,3.6691,3.6691,3.6691,3.6691,584.1652050951764,0
ZUE,D,20190611,000000,3.6691,3.6691,3.53873,3.61322,8389.857991559855,0
ZUE,D,20190612,000000,3.63186,3.63186,3.63186,3.63186,2149.8138613980136,0
ZUE,D,20190613,000000,3.63186,3.63186,3.63186,3.63186,2.147666195202806,0
ZUE,D,20190614,000000,3.57597,3.6691,3.57597,3.61322,4124.592927887051,0
ZUE,D,20190617,000000,3.6691,3.6691,3.6691,3.6691,2.147666195202806,0
ZUE,D,20190618,000000,3.6691,3.6691,3.61322,3.63186,3224.7207920970204,0
ZUE,D,20190619,000000,3.6691,3.6691,3.6691,3.6691,2.147666195202806,0
ZUE,D,20190621,000000,3.6691,3.6691,3.55735,3.5946,5369.165488007066,0
ZUE,D,20190624,000000,3.6691,3.6691,3.55735,3.6691,4299.627722796129,0
ZUE,D,20190625,000000,3.6691,3.6691,3.55735,3.63186,221.2096181058938,0
ZUE,D,20190626,000000,3.6691,3.6691,3.48285,3.63186,2976.665346551182,0
ZUE,D,20190627,000000,3.63186,3.6691,3.61322,3.63186,3246.1974540490983,0
ZUE,D,20190628,000000,3.6691,3.6691,3.61322,3.63186,2851.026874131781,0
ZUE,D,20190701,000000,3.6691,3.6691,3.57597,3.63186,4.295332390405714,0
ZUE,D,20190702,000000,3.63186,3.6691,3.61322,3.6691,8360.864497924704,0
ZUE,D,20190703,000000,3.6691,3.89259,3.6691,3.89259,4499.360678949945,0
ZUE,D,20190704,000000,3.89259,4.02298,3.89259,4.00435,11291.355021279272,0
ZUE,D,20190705,000000,4.00435,4.00435,3.94847,3.98572,1092.0882602606694,0
ZUE,D,20190708,000000,3.98572,3.98572,3.96709,3.98572,375.8415841604987,0
ZUE,D,20190709,000000,4.06022,4.06022,3.87397,4.02298,2604.045261683495,0
ZUE,D,20190710,000000,4.06022,4.06022,3.98572,4.00435,1773.972277237566,0
ZUE,D,20190711,000000,4.00435,4.00435,3.89259,4.00435,1074.9069306990068,0
ZUE,D,20190712,000000,3.98572,4.06022,3.98572,4.06022,4357.614710066536,0
ZUE,D,20190715,000000,3.94847,4.00435,3.94847,4.00435,100.9403111745332,0
ZUE,D,20190716,000000,3.94847,3.96709,3.94847,3.96709,2791.966053763719,0
ZUE,D,20190717,000000,3.98572,3.98572,3.98572,3.98572,2.147666195202806,0
ZUE,D,20190718,000000,4.00435,4.00435,3.87397,3.98572,823.6299858602854,0
ZUE,D,20190719,000000,4.00435,4.17197,4.00435,4.17197,5147.955869901172,0
ZUE,D,20190722,000000,4.17197,4.26509,4.17197,4.26509,1909.2752475353516,0
ZUE,D,20190723,000000,4.26509,4.56309,4.26509,4.56309,10905.84893924034,0
ZUE,D,20190724,000000,4.63759,4.88903,4.43271,4.88903,19945.37595484887,0
ZUE,D,20190725,000000,4.84246,4.93558,4.65621,4.74934,6128.365488011342,0
ZUE,D,20190726,000000,4.74934,4.84246,4.63759,4.7959,3704.724186724894,0
ZUE,D,20190729,000000,5.12183,5.12183,4.7959,4.88903,272.7536067907587,0
ZUE,D,20190730,000000,5.12183,5.12183,4.65621,4.93558,1931.8257425849827,0
ZUE,D,20190731,000000,4.88903,4.88903,4.84246,4.88903,1326.183875537708,0
ZUE,D,20190801,000000,4.88903,4.88903,4.74934,4.88903,303.89476662120046,0
ZUE,D,20190802,000000,4.88903,4.88903,4.65621,4.88903,2271.1570014269996,0
ZUE,D,20190805,000000,4.88903,4.88903,4.65621,4.84246,3224.7207920970204,0
ZUE,D,20190806,000000,4.88903,4.88903,4.88903,4.88903,2.147666195202806,0
ZUE,D,20190807,000000,4.58172,4.84246,4.58172,4.84246,486.4463932134456,0
ZUE,D,20190808,000000,4.84246,4.84246,4.37685,4.50722,3643.5157001616244,0
ZUE,D,20190809,000000,4.84246,4.84246,4.52584,4.74934,28.993493635238032,0
ZUE,D,20190812,000000,4.70278,4.70278,4.4141,4.65621,1504.4401697395479,0
ZUE,D,20190813,000000,4.37685,4.37685,4.35821,4.37685,15392.32362101853,0
ZUE,D,20190814,000000,4.46997,4.46997,4.1906,4.45134,2689.9519094916036,0
ZUE,D,20190816,000000,4.45134,4.46997,4.28373,4.46997,4297.480056600922,0
ZUE,D,20190819,000000,4.52584,4.52584,4.52584,4.52584,2.147666195202806,0
ZUE,D,20190820,000000,4.52584,4.52584,4.52584,4.52584,2.147666195202806,0
ZUE,D,20190821,000000,4.4886,4.52584,4.33959,4.52584,2497.735785020862,0
ZUE,D,20190822,000000,4.52584,4.70278,4.46997,4.65621,2623.3742574402636,0
ZUE,D,20190823,000000,4.65621,4.70278,4.46997,4.63759,4893.45742576971,0
ZUE,D,20190826,000000,4.70278,4.70278,4.46997,4.70278,11.812164073615381,0
ZUE,D,20190827,000000,4.65621,4.70278,4.65621,4.65621,373.6939179652909,0
ZUE,D,20190828,000000,4.70278,4.84246,4.65621,4.74934,3006.7326732839897,0
ZUE,D,20190829,000000,4.7959,4.7959,4.56309,4.74934,2189.5456860093072,0
ZUE,D,20190830,000000,4.74934,4.74934,4.74934,4.74934,1075.980763796662,0
ZUE,D,20190902,000000,4.7959,5.12183,4.74934,5.02871,7221.527581369563,0
ZUE,D,20190903,000000,5.02871,5.02871,4.88903,4.88903,4887.014427184087,0
ZUE,D,20190904,000000,5.02871,5.02871,4.65621,4.88903,4498.286845852393,0
ZUE,D,20190905,000000,5.02871,5.02871,4.65621,4.98215,866.5833097643497,0
ZUE,D,20190906,000000,5.02871,5.02871,4.63759,4.98215,833.2944837387001,0
ZUE,D,20190909,000000,4.98215,4.98215,4.63759,4.98215,1580.6823196692717,0
ZUE,D,20190910,000000,4.93558,4.93558,4.65621,4.88903,1827.6639321176592,0
ZUE,D,20190911,000000,5.02871,5.02871,4.65621,4.84246,1693.4347949174264,0
ZUE,D,20190912,000000,4.88903,4.88903,4.65621,4.84246,3103.3776520681367,0
ZUE,D,20190913,000000,4.88903,4.88903,4.65621,4.84246,1080.2760961870772,0
ZUE,D,20190916,000000,4.84246,4.84246,4.56309,4.65621,3074.384158432882,0
ZUE,D,20190917,000000,4.84246,4.84246,4.46997,4.84246,5315.473833127075,0
ZUE,D,20190918,000000,4.88903,4.88903,4.46997,4.88903,3268.74794909873,0
ZUE,D,20190919,000000,4.88903,4.88903,4.88903,4.88903,2.147666195202806,0
ZUE,D,20190920,000000,4.84246,4.84246,4.52584,4.84246,1110.3434229198847,0
ZUE,D,20190923,000000,4.7959,4.7959,4.37685,4.7959,1616.1188118901496,0
ZUE,D,20190924,000000,4.7959,4.7959,4.7959,4.7959,2.147666195202806,0
ZUE,D,20190925,000000,4.74934,4.7959,4.74934,4.7959,5.369165488007066,0
ZUE,D,20190926,000000,4.7959,4.7959,4.7959,4.7959,2.147666195202806,0
ZUE,D,20190927,000000,4.7959,4.7959,4.7959,4.7959,2.147666195202806,0
ZUE,D,20190930,000000,4.74934,4.74934,4.74934,4.74934,3.22149929280426,0
ZUE,D,20191001,000000,4.56309,4.61896,4.07884,4.61896,8244.890523383685,0
ZUE,D,20191002,000000,4.61896,4.61896,3.87397,4.07884,1682.6964639413873,0
ZUE,D,20191003,000000,4.17197,4.17197,3.96709,4.17197,384.4322489413095,0
ZUE,D,20191004,000000,4.17197,4.17197,3.72498,4.13472,5045.941725629056,0
ZUE,D,20191007,000000,4.1906,4.1906,3.94847,4.06022,2372.0973126015624,0
ZUE,D,20191008,000000,4.06022,4.06022,3.91123,4.06022,5009.431400310626,0
ZUE,D,20191009,000000,4.06022,4.06022,4.06022,4.06022,2.147666195202806,0
ZUE,D,20191010,000000,4.06022,4.06022,4.06022,4.06022,2.147666195202806,0
ZUE,D,20191011,000000,4.06022,4.06022,4.06022,4.06022,3.22149929280426,0
ZUE,D,20191014,000000,3.91123,4.04159,3.81811,4.04159,455.30523338300384,0
ZUE,D,20191015,000000,4.06022,4.06022,3.91123,3.91123,55.83932107527336,0
ZUE,D,20191016,000000,4.06022,4.06022,4.06022,4.06022,2.147666195202806,0
ZUE,D,20191017,000000,4.06022,4.06022,4.06022,4.06022,2.147666195202806,0
ZUE,D,20191018,000000,4.06022,4.06022,4.06022,4.06022,2.147666195202806,0
ZUE,D,20191021,000000,4.06022,4.06022,3.72498,4.04159,5006.209901017865,0
ZUE,D,20191022,000000,4.04159,4.04159,4.04159,4.04159,2.147666195202806,0
ZUE,D,20191023,000000,3.83672,4.04159,3.81811,4.04159,163.2226308354157,0
ZUE,D,20191024,000000,4.04159,4.04159,4.04159,4.04159,2.147666195202806,0
ZUE,D,20191025,000000,4.00435,4.04159,3.85535,4.04159,2645.924752489894,0
ZUE,D,20191028,000000,4.04159,4.06022,3.92985,4.06022,3545.796888279924,0
ZUE,D,20191029,000000,4.04159,4.04159,4.04159,4.04159,2.147666195202806,0
ZUE,D,20191030,000000,4.00435,4.06022,3.83672,4.06022,2048.8735502235527,0
ZUE,D,20191031,000000,4.04159,4.04159,3.83672,4.04159,195.43762376346135,0
ZUE,D,20191104,000000,4.04159,4.04159,3.89259,4.04159,2521.360113168148,0
ZUE,D,20191105,000000,4.04159,4.04159,4.04159,4.04159,107.3833097601454,0
ZUE,D,20191106,000000,4.00435,4.04159,4.00435,4.04159,4.295332390405714,0
ZUE,D,20191107,000000,4.02298,4.02298,4.02298,4.02298,403.7612446981389,0
ZUE,D,20191108,000000,4.04159,4.04159,3.89259,4.04159,294.2302687427857,0
ZUE,D,20191112,000000,4.02298,4.04159,3.89259,4.04159,3245.1236209514436,0
ZUE,D,20191113,000000,4.04159,4.04159,4.04159,4.04159,2.147666195202806,0
ZUE,D,20191114,000000,4.04159,4.04159,4.00435,4.04159,110.6048090529469,0
ZUE,D,20191115,000000,4.04159,4.04159,4.04159,4.04159,2.147666195202806,0
ZUE,D,20191118,000000,3.72498,4.00435,3.72498,4.00435,1247.794059412878,0
ZUE,D,20191119,000000,4.00435,4.00435,3.72498,4.00435,4052.646110347742,0
ZUE,D,20191120,000000,3.98572,4.00435,3.72498,3.89259,7441.663366377803,0
ZUE,D,20191121,000000,3.96709,3.98572,3.87397,3.98572,5464.73663369366,0
ZUE,D,20191122,000000,3.98572,3.98572,3.72498,3.98572,4838.691937791962,0
ZUE,D,20191125,000000,3.98572,3.98572,3.98572,3.98572,6.44299858560852,0
ZUE,D,20191126,000000,3.68772,3.79947,3.68772,3.79947,695.8438472457168,0
ZUE,D,20191127,000000,3.91123,3.91123,3.81811,3.81811,5426.078642180021,0
ZUE,D,20191128,000000,3.91123,3.91123,3.79947,3.89259,327.5190947684353,0
ZUE,D,20191129,000000,3.91123,3.91123,3.91123,3.91123,2.147666195202806,0
ZUE,D,20191202,000000,3.91123,3.91123,3.91123,3.91123,2.147666195202806,0
ZUE,D,20191203,000000,3.91123,3.91123,3.79947,3.89259,2518.138613875285,0
ZUE,D,20191204,000000,3.76222,3.76222,3.55735,3.76222,3751.9728430193636,0
ZUE,D,20191205,000000,3.76222,3.76222,3.72498,3.76222,379.0630834533002,0
ZUE,D,20191206,000000,3.83672,3.83672,3.72498,3.83672,1453.9700141523172,0
ZUE,D,20191209,000000,3.83672,3.91123,3.5946,3.72498,106.3094766625415,0
ZUE,D,20191210,000000,3.72498,3.98572,3.72498,3.96709,20603.635643678073,0
ZUE,D,20191211,000000,3.94847,3.94847,3.72498,3.94847,5168.3586987555955,0
ZUE,D,20191212,000000,3.94847,3.94847,3.72498,3.94847,15869.10551635405,0
ZUE,D,20191213,000000,3.87397,3.87397,3.79947,3.87397,8643.282602593867,0
ZUE,D,20191216,000000,3.83672,3.91123,3.79947,3.91123,18789.931541829523,0
ZUE,D,20191217,000000,3.91123,3.91123,3.91123,3.91123,2.147666195202806,0
ZUE,D,20191218,000000,3.89259,3.89259,3.83672,3.83672,1434.641018395447,0
ZUE,D,20191219,000000,3.83672,3.96709,3.81811,3.81811,265.2367751075518,0
ZUE,D,20191220,000000,3.91123,3.91123,3.6691,3.70635,10240.07241872694,0
ZUE,D,20191223,000000,3.70635,3.7436,3.70635,3.72498,5332.655162688635,0
ZUE,D,20191227,000000,3.92985,3.92985,3.92985,3.92985,2.147666195202806,0
ZUE,D,20191230,000000,3.92985,3.92985,3.87397,3.91123,3429.8229137389067,0
ZUE,D,20200102,000000,4.04159,4.04159,3.94847,4.00435,15.033663366419947,0
ZUE,D,20200103,000000,4.00435,4.35821,3.98572,4.28373,4685.133804834962,0
ZUE,D,20200107,000000,4.1906,4.28373,4.1161,4.28373,3310.627439905129,0
ZUE,D,20200108,000000,4.28373,4.28373,4.1906,4.28373,221.2096181058938,0
ZUE,D,20200109,000000,4.20923,4.26509,4.20923,4.22784,253.42461103393947,0
ZUE,D,20200110,000000,4.26509,4.26509,4.1161,4.1906,938.5301273036378,0
ZUE,D,20200113,000000,4.1906,4.1906,4.09748,4.1906,3061.4981612616352,0
ZUE,D,20200114,000000,4.26509,4.26509,4.1906,4.26509,220.13578500828993,0
ZUE,D,20200115,000000,4.26509,4.26509,4.09748,4.24647,1081.3499292846302,0
ZUE,D,20200116,000000,4.26509,4.26509,4.26509,4.26509,2.147666195202806,0
ZUE,D,20200117,000000,4.17197,4.17197,4.06022,4.17197,1302.559547390524,0
ZUE,D,20200120,000000,4.17197,4.17197,4.00435,4.17197,143.89363507858627,0
ZUE,D,20200121,000000,4.00435,4.17197,4.00435,4.1161,1097.4574257486377,0
ZUE,D,20200122,000000,4.17197,4.17197,3.98572,4.09748,2586.863932121833,0
ZUE,D,20200123,000000,4.09748,4.09748,3.89259,3.89259,25770.920509336018,0
ZUE,D,20200124,000000,3.85535,4.06022,3.85535,3.94847,4481.10551629073,0
ZUE,D,20200127,000000,3.89259,4.06022,3.89259,4.06022,753.8308345161951,0
ZUE,D,20200128,000000,4.00435,4.06022,3.81811,3.98572,896.6506364971875,0
ZUE,D,20200129,000000,4.07884,4.07884,3.81811,3.91123,841.885148519511,0
ZUE,D,20200130,000000,4.06022,4.06022,3.91123,4.04159,288.8611032547866,0
ZUE,D,20200131,000000,4.04159,4.04159,3.83672,4.04159,1476.5205092019482,0
ZUE,D,20200203,000000,4.04159,4.04159,3.83672,3.85535,29047.185290118738,0
ZUE,D,20200204,000000,4.02298,4.02298,3.87397,3.96709,3692.912022651302,0
ZUE,D,20200205,000000,3.94847,4.33959,3.72498,3.87397,78755.99321118605,0
ZUE,D,20200206,000000,4.06022,4.06022,3.79947,3.92985,5859.907213610978,0
ZUE,D,20200207,000000,3.91123,3.91123,3.72498,3.87397,7157.097595513432,0
ZUE,D,20200210,000000,3.87397,3.89259,3.7436,3.81811,5871.71937768457,0
ZUE,D,20200211,000000,3.72498,3.89259,3.72498,3.79947,1341.2175389041624,0
ZUE,D,20200212,000000,3.89259,3.91123,3.72498,3.91123,2202.431683180554,0
ZUE,D,20200213,000000,3.91123,3.98572,3.68772,3.94847,493.9632248966525,0
ZUE,D,20200214,000000,3.85535,3.96709,3.7436,3.87397,3423.3799151532835,0
ZUE,D,20200217,000000,3.87397,3.89259,3.7436,3.89259,1577.460820376511,0
ZUE,D,20200218,000000,3.91123,3.91123,3.7436,3.91123,504.7015558726711,0
ZUE,D,20200219,000000,3.91123,3.91123,3.7436,3.91123,390.8752475269125,0
ZUE,D,20200220,000000,3.91123,3.91123,3.81811,3.91123,15.033663366419947,0
ZUE,D,20200221,000000,3.83672,3.91123,3.83672,3.91123,340.4050919396515,0
ZUE,D,20200224,000000,3.91123,3.91123,3.72498,3.81811,10118.72927869816,0
ZUE,D,20200225,000000,3.79947,3.81811,3.70635,3.81811,53135.40933551357,0
ZUE,D,20200226,000000,3.79947,3.79947,3.63186,3.78085,2643.777086294687,0
ZUE,D,20200227,000000,3.78085,3.78085,3.57597,3.72498,26103.808769592713,0
ZUE,D,20200228,000000,3.70635,3.70635,3.35248,3.70635,12126.797171212356,0
ZUE,D,20200302,000000,3.3711,3.70635,3.3711,3.70635,932.0871287180347,0
ZUE,D,20200303,000000,3.91123,3.91123,3.53873,3.57597,16385.619236300354,0
ZUE,D,20200304,000000,3.57597,3.57597,3.53873,3.55735,3739.086845848117,0
ZUE,D,20200305,000000,3.53873,3.53873,3.38972,3.44561,24221.379349498122,0
ZUE,D,20200306,000000,3.44561,3.7436,3.40835,3.53873,23082.042432942577,0
ZUE,D,20200309,000000,3.70635,3.70635,3.33385,3.5946,3733.7176803601483,0
ZUE,D,20200310,000000,3.2966,3.61322,3.25935,3.61322,3375.0574257612607,0
ZUE,D,20200311,000000,3.5946,3.5946,3.31523,3.38972,2853.174540326989,0
ZUE,D,20200312,000000,3.53873,3.53873,3.53873,3.53873,1.0738330976014538,0
ZUE,D,20200313,000000,3.31523,3.5201,3.31523,3.5201,5402.454314032736,0
ZUE,D,20200316,000000,2.73786,3.25935,2.73786,3.25935,545.5072135815174,0
ZUE,D,20200317,000000,3.25935,3.53873,3.25935,3.53873,3805.6644978994564,0
ZUE,D,20200318,000000,3.53873,3.53873,3.16623,3.44561,512.218387555878,0
ZUE,D,20200319,000000,3.63186,3.63186,3.38972,3.44561,12920.359830340773,0
ZUE,D,20200320,000000,3.38972,3.44561,3.35248,3.44561,3738.0130127505636,0
ZUE,D,20200323,000000,3.44561,3.44561,3.25935,3.44561,2838.140876960534,0
ZUE,D,20200324,000000,3.44561,3.44561,3.16623,3.16623,13296.201414500607,0
ZUE,D,20200325,000000,3.44561,3.44561,3.12898,3.12898,2852.1007072293332,0
ZUE,D,20200326,000000,3.2966,3.2966,2.97998,2.97998,2303.3719943550145,0
ZUE,D,20200327,000000,3.27798,3.27798,2.97998,3.0731,12273.912305584548,0
ZUE,D,20200330,000000,3.25935,3.25935,2.94273,2.97998,3305.25827441716,0
ZUE,D,20200331,000000,3.25935,3.25935,2.97998,3.03585,1635.4478076469177,0
ZUE,D,20200401,000000,3.0731,3.0731,2.88686,2.97998,4941.779915161734,0
ZUE,D,20200402,000000,2.96135,2.96135,2.86822,2.88686,18617.044413115447,0
ZUE,D,20200403,000000,2.97998,2.97998,2.88686,2.97998,11.812164073615381,0
ZUE,D,20200406,000000,2.97998,2.97998,2.83098,2.9241,5376.682319690344,0
ZUE,D,20200407,000000,2.84961,2.84961,2.75648,2.84961,36602.674964842045,0
ZUE,D,20200408,000000,2.9986,2.9986,2.84961,2.90548,2330.2178217950614,0
ZUE,D,20200409,000000,3.0731,3.0731,2.83098,2.86822,5245.674681782974,0
ZUE,D,20200414,000000,2.86822,2.94273,2.75648,2.84961,56308.586138925704,0
ZUE,D,20200415,000000,2.94273,2.94273,2.79373,2.86822,18625.635077897095,0
ZUE,D,20200416,000000,2.83098,2.88686,2.81236,2.84961,24922.592362231484,0
ZUE,D,20200417,000000,2.83098,2.83098,2.7751,2.79373,90257.81951959427,0
ZUE,D,20200420,000000,2.81236,2.81236,2.73786,2.79373,82436.0192366654,0
ZUE,D,20200421,000000,2.79373,2.79373,2.71923,2.75648,38595.7091939904,0
ZUE,D,20200422,000000,2.7751,2.7751,2.73786,2.75648,8837.646393259713,0
ZUE,D,20200423,000000,2.75648,2.75648,2.51436,2.70061,31428.947100598376,0
ZUE,D,20200424,000000,2.73786,2.73786,2.53298,2.58886,11110.951060882022,0
ZUE,D,20200427,000000,2.75648,2.75648,2.66336,2.75648,9309.059123106756,0
ZUE,D,20200428,000000,2.71923,2.71923,2.68198,2.71923,26309.98472433287,0
ZUE,D,20200429,000000,2.71923,2.75648,2.71923,2.75648,96.6449787841278,0
ZUE,D,20200430,000000,2.75648,2.75648,2.57023,2.66336,20005.510608314285,0
ZUE,D,20200504,000000,2.64473,2.71923,2.57023,2.71923,8587.443281518566,0
ZUE,D,20200505,000000,2.71923,2.7751,2.70061,2.75648,9015.902687461552,0
ZUE,D,20200506,000000,2.7751,2.7751,2.73786,2.75648,19593.158698836018,0
ZUE,D,20200507,000000,2.73786,2.79373,2.71923,2.7751,41401.63507802231,0
ZUE,D,20200508,000000,2.79373,2.79373,2.73786,2.79373,466.04356435901224,0
ZUE,D,20200511,000000,2.79373,2.79373,2.70061,2.75648,4525.132673292337,0
ZUE,D,20200512,000000,2.7751,2.7751,2.75648,2.75648,15696.218387639974,0
ZUE,D,20200513,000000,2.75648,2.84961,2.73786,2.75648,51636.338331262,0
ZUE,D,20200514,000000,2.7751,2.83098,2.73786,2.73786,46406.771145942716,0
ZUE,D,20200515,000000,2.7751,2.86822,2.73786,2.79373,22170.358133079262,0
ZUE,D,20200518,000000,2.79373,3.33385,2.79373,3.0731,162217.52305606497,0
ZUE,D,20200519,000000,3.24073,3.55735,2.9241,3.55735,162246.5165496992,0
ZUE,D,20200520,000000,3.53873,3.70635,3.48285,3.70635,47554.6987272789,0
ZUE,D,20200521,000000,3.42697,3.6691,3.25935,3.40835,79490.4950499455,0
ZUE,D,20200522,000000,3.38972,3.44561,3.16623,3.25935,44375.078925281035,0
ZUE,D,20200525,000000,3.25935,3.44561,3.25935,3.42697,22349.688260378043,0
ZUE,D,20200526,000000,3.40835,3.68772,3.40835,3.5946,24305.138331110513,0
ZUE,D,20200527,000000,3.5946,3.94847,3.5946,3.63186,37096.63818973882,0
ZUE,D,20200528,000000,3.72498,3.85535,3.53873,3.72498,30082.360396206248,0
ZUE,D,20200529,000000,3.76222,3.76222,3.70635,3.76222,10347.455728487332,0
ZUE,D,20200601,000000,3.76222,3.85535,3.76222,3.83672,16511.257708719448,0
ZUE,D,20200602,000000,3.83672,3.87397,3.7436,3.87397,5626.885431431492,0
ZUE,D,20200603,000000,3.87397,4.17197,3.85535,4.00435,27791.874399022174,0
ZUE,D,20200604,000000,3.91123,4.04159,3.7436,3.81811,23458.95785020088,0
ZUE,D,20200605,000000,3.81811,4.02298,3.81811,3.96709,25586.221216548962,0
ZUE,D,20200608,000000,3.94847,3.98572,3.91123,3.98572,11390.147666258017,0
ZUE,D,20200609,000000,3.98572,3.98572,3.63186,3.79947,23659.764639451743,0
ZUE,D,20200610,000000,3.79947,4.04159,3.76222,3.94847,46441.13380506625,0
ZUE,D,20200612,000000,3.72498,3.89259,3.6691,3.89259,15199.033663450846,0
ZUE,D,20200615,000000,3.92985,3.92985,3.70635,3.91123,35911.12644998676,0
ZUE,D,20200616,000000,3.91123,3.92985,3.78085,3.92985,9809.46534658895,0
ZUE,D,20200617,000000,3.92985,3.96709,3.85535,3.96709,5678.429420116276,0
ZUE,D,20200618,000000,3.98572,3.98572,3.87397,3.91123,6215.345968917002,0
ZUE,D,20200619,000000,3.96709,4.00435,3.94847,3.98572,7513.610183917111,0
ZUE,D,20200622,000000,4.00435,4.09748,3.87397,4.09748,12043.038189599967,0
ZUE,D,20200623,000000,4.09748,4.09748,3.91123,4.07884,5181.244695926842,0
ZUE,D,20200624,000000,4.09748,4.33959,4.09748,4.33959,18195.028005758082,0
ZUE,D,20200625,000000,4.33959,4.33959,4.1161,4.22784,7616.698161286881,0
ZUE,D,20200626,000000,4.24647,4.28373,4.06022,4.09748,8581.000282932942,0
ZUE,D,20200629,000000,4.06022,4.06022,3.87397,4.02298,3978.551626613226,0
ZUE,D,20200630,000000,3.91123,4.00435,3.85535,4.00435,4395.198868482622,0
ZUE,D,20200701,000000,4.00435,4.00435,3.89259,4.00435,752.757001418591,0
ZUE,D,20200702,000000,3.96709,4.09748,3.92985,4.09748,11112.024893979475,0
ZUE,D,20200703,000000,4.07884,4.28373,4.07884,4.28373,1679.4749646486266,0
ZUE,D,20200706,000000,4.15334,4.17197,4.00435,4.13472,4200.835077816774,0
ZUE,D,20200707,000000,4.07884,4.17197,4.07884,4.17197,530.4735502151036,0
ZUE,D,20200708,000000,4.17197,4.26509,4.02298,4.15334,1828.7377652152122,0
ZUE,D,20200709,000000,4.13472,4.15334,4.09748,4.09748,1781.4891089207424,0
ZUE,D,20200710,000000,4.09748,4.09748,4.00435,4.09748,733.4280056617717,0
ZUE,D,20200713,000000,4.09748,4.09748,4.00435,4.07884,5078.156718557071,0
ZUE,D,20200714,000000,3.91123,4.07884,3.91123,4.07884,5447.555304131997,0
ZUE,D,20200715,000000,4.07884,4.07884,3.98572,4.06022,3229.016124487436,0
ZUE,D,20200716,000000,4.06022,4.06022,3.94847,4.00435,1590.3468175476557,0
ZUE,D,20200717,000000,4.06022,4.37685,4.00435,4.30235,42258.553889908486,0
ZUE,D,20200720,000000,4.37685,4.45134,4.1161,4.43271,25734.410184017586,0
ZUE,D,20200721,000000,4.45134,4.46997,4.28373,4.35821,15985.079490895067,0
ZUE,D,20200722,000000,4.39547,4.39547,4.24647,4.35821,6175.614144305811,0
ZUE,D,20200723,000000,4.1906,4.39547,4.1161,4.28373,16886.02545978183,0
ZUE,D,20200724,000000,4.28373,4.28373,4.15334,4.1906,2765.120226323673,0
ZUE,D,20200727,000000,4.20923,4.24647,4.1906,4.20923,3297.741442733984,0
ZUE,D,20200728,000000,4.1161,4.1906,4.04159,4.09748,12773.244695968579,0
ZUE,D,20200729,000000,4.1906,4.22784,4.09748,4.09748,29573.36350794312,0
ZUE,D,20200730,000000,4.07884,4.07884,3.7436,4.00435,8977.244695947915,0
ZUE,D,20200731,000000,3.94847,4.06022,3.91123,4.06022,6554.677227759122,0
ZUE,D,20200803,000000,4.20923,4.20923,3.89259,4.09748,9576.443564409463,0
ZUE,D,20200804,000000,4.09748,4.20923,4.00435,4.09748,8181.534370625208,0
ZUE,D,20200805,000000,4.15334,4.15334,4.00435,4.09748,994.3694483789183,0
ZUE,D,20200806,000000,4.1906,4.1906,3.96709,4.06022,1403.499858565087,0
ZUE,D,20200807,000000,4.15334,4.15334,3.91123,3.96709,1767.5292786519428,0
ZUE,D,20200810,000000,4.06022,4.06022,3.92985,4.06022,5373.460820397482,0
ZUE,D,20200811,000000,4.06022,4.06022,3.96709,4.06022,1944.7117397561276,0
ZUE,D,20200812,000000,4.06022,4.06022,3.85535,4.00435,7366.495049545733,0
ZUE,D,20200813,000000,4.06022,4.07884,3.91123,4.02298,940.6777934988455,0
ZUE,D,20200814,000000,4.07884,4.07884,3.83672,3.83672,10352.824893975605,0
ZUE,D,20200817,000000,4.04159,4.04159,4.04159,4.04159,2.147666195202806,0
ZUE,D,20200818,000000,3.98572,4.1906,3.85535,4.1906,12107.4681754562,0
ZUE,D,20200819,000000,4.09748,4.09748,3.89259,3.94847,15668.29872710217,0
ZUE,D,20200820,000000,3.89259,3.89259,3.68772,3.78085,25054.673833236306,0
ZUE,D,20200821,000000,3.91123,3.91123,3.68772,3.79947,1380.9493635154558,0
ZUE,D,20200824,000000,3.65047,3.72498,3.61322,3.6691,9529.194908114994,0
ZUE,D,20200825,000000,3.72498,3.72498,3.5946,3.72498,8075.224893962677,0
ZUE,D,20200826,000000,3.72498,3.72498,3.3711,3.61322,10876.855445605086,0
ZUE,D,20200827,000000,3.61322,3.61322,3.55735,3.61322,2034.9137199546512,0
ZUE,D,20200828,000000,3.63186,3.63186,3.5201,3.63186,6078.969165521664,0
ZUE,D,20200831,000000,3.61322,3.61322,3.5201,3.61322,3299.8891089291915,0
ZUE,D,20200901,000000,3.61322,3.91123,3.50147,3.79947,24113.996039737733,0
ZUE,D,20200902,000000,3.78085,3.87397,3.65047,3.76222,2980.960678941496,0
ZUE,D,20200903,000000,3.78085,3.78085,3.72498,3.76222,2512.7694483873165,0
ZUE,D,20200904,000000,3.78085,3.78085,3.5946,3.70635,3165.659971728959,0
ZUE,D,20200907,000000,3.72498,3.78085,3.5946,3.68772,2240.0158415965375,0
ZUE,D,20200908,000000,3.70635,3.70635,3.27798,3.38972,17797.709759646168,0
ZUE,D,20200909,000000,3.68772,3.68772,3.38972,3.44561,19848.73097606503,0
ZUE,D,20200910,000000,3.44561,3.61322,3.44561,3.61322,4218.016407378335,0
ZUE,D,20200911,000000,3.61322,3.68772,3.46422,3.68772,1401.352192369879,0
ZUE,D,20200914,000000,3.68772,3.68772,3.5946,3.6691,1750.3479490902803,0
ZUE,D,20200915,000000,3.68772,3.68772,3.5946,3.6691,764.5691654922135,0
ZUE,D,20200916,000000,3.68772,3.68772,3.57597,3.68772,396.2444130149218,0
ZUE,D,20200917,000000,3.68772,3.68772,3.5201,3.6691,8550.932956200135,0
ZUE,D,20200918,000000,3.6691,3.6691,3.61322,3.65047,3131.2973126057364,0
ZUE,D,20200921,000000,3.63186,3.63186,3.50147,3.63186,2805.925884032519,0
ZUE,D,20200922,000000,3.6691,3.6691,3.48285,3.6691,21.47666195202806,0
ZUE,D,20200923,000000,3.6691,3.6691,3.46422,3.53873,1603.2328147189028,0
ZUE,D,20200924,000000,3.38972,3.63186,3.35248,3.50147,5245.674681782974,0
ZUE,D,20200925,000000,3.50147,3.50147,3.35248,3.48285,9940.47298449632,0
ZUE,D,20200928,000000,3.48285,3.48285,3.35248,3.48285,6015.613012763187,0
ZUE,D,20200929,000000,3.5201,3.5201,3.44561,3.48285,2358.1374823327624,0
ZUE,D,20200930,000000,3.5201,3.5201,3.35248,3.48285,4417.749363532253,0
ZUE,D,20201001,000000,3.48285,3.48285,3.31523,3.46422,5499.0992928168835,0
ZUE,D,20201002,000000,3.46422,3.46422,3.25935,3.40835,13580.767185364877,0
ZUE,D,20201005,000000,3.40835,3.46422,3.35248,3.46422,9252.145968933799,0
ZUE,D,20201006,000000,3.46422,3.63186,3.42697,3.57597,9650.538048143979,0
ZUE,D,20201007,000000,3.57597,3.57597,3.50147,3.57597,1142.5584158478996,0
ZUE,D,20201008,000000,3.55735,3.55735,3.3711,3.50147,4482.179349388282,0
ZUE,D,20201009,000000,3.50147,3.50147,3.25935,3.44561,8470.395473879995,0
ZUE,D,20201012,000000,3.44561,3.44561,3.25935,3.44561,3833.584158437056,0
ZUE,D,20201013,000000,3.44561,3.44561,3.11035,3.2221,8993.352192411921,0
ZUE,D,20201014,000000,3.2221,3.44561,2.9986,3.16623,19531.950212272135,0
ZUE,D,20201015,000000,3.0731,3.25935,2.90548,2.9241,18217.57850080761,0
ZUE,D,20201016,000000,3.01723,3.01723,2.9241,3.01723,1191.9547383375773,0
ZUE,D,20201019,000000,3.01723,3.2966,2.94273,3.25935,6113.331824644887,0
ZUE,D,20201020,000000,2.97998,3.25935,2.97998,3.20348,2844.5838755461573,0
ZUE,D,20201021,000000,2.97998,3.20348,2.96135,3.05448,9077.111174024823,0
ZUE,D,20201022,000000,3.12898,3.12898,2.96135,3.0731,5371.313154202274,0
ZUE,D,20201023,000000,3.01723,3.16623,2.94273,3.16623,4223.385572866406,0
ZUE,D,20201026,000000,3.05448,3.05448,2.94273,3.01723,5203.795190976472,0
ZUE,D,20201027,000000,3.01723,3.01723,2.9241,2.9986,2531.024611046532,0
ZUE,D,20201028,000000,2.90548,3.01723,2.73786,2.9241,17657.037623859702,0
ZUE,D,20201029,000000,2.9241,2.9241,2.73786,2.90548,395.1705799173179,0
ZUE,D,20201030,000000,2.81236,2.83098,2.70061,2.81236,14949.904384806536,0
ZUE,D,20201102,000000,2.9241,2.9241,2.79373,2.84961,1087.7929278702536,0
ZUE,D,20201103,000000,2.90548,2.9241,2.71923,2.90548,5587.1536068201995,0
ZUE,D,20201104,000000,2.9241,2.9241,2.81236,2.88686,5975.881188151893,0
ZUE,D,20201105,000000,2.90548,2.9241,2.7751,2.9241,2517.0647807777323,0
ZUE,D,20201106,000000,2.9241,2.9241,2.81236,2.90548,5135.069872730027,0
ZUE,D,20201109,000000,2.90548,3.1476,2.7751,3.1476,14326.007355100863,0
ZUE,D,20201110,000000,3.11035,3.11035,2.86822,3.0731,5826.6183875853085,0
ZUE,D,20201112,000000,3.11035,3.11035,2.96135,2.9986,4368.353041042576,0
ZUE,D,20201113,000000,3.01723,3.01723,2.9241,2.9986,2269.0093352317917,0
ZUE,D,20201116,000000,2.97998,3.25935,2.94273,3.16623,17203.88005667218,0
ZUE,D,20201117,000000,3.16623,3.33385,3.12898,3.24073,4730.234794934223,0
ZUE,D,20201118,000000,3.24073,3.33385,3.16623,3.20348,9315.502121692278,0
ZUE,D,20201119,000000,3.20348,3.2966,3.16623,3.20348,13321.973408843509,0
ZUE,D,20201120,000000,3.20348,3.20348,3.11035,3.18485,2008.0678925147065,0
ZUE,D,20201123,000000,3.20348,3.3711,3.20348,3.24073,12157.938331043531,0
ZUE,D,20201124,000000,3.33385,3.33385,3.20348,3.24073,5691.315417287522,0
ZUE,D,20201125,000000,3.25935,3.25935,3.11035,3.1476,7662.872984483696,0
ZUE,D,20201126,000000,3.25935,3.42697,3.16623,3.25935,16790.454314095445,0
ZUE,D,20201127,000000,3.25935,3.40835,3.25935,3.35248,8598.181612494604,0
ZUE,D,20201130,000000,3.42697,3.42697,3.16623,3.35248,11945.319377718673,0
ZUE,D,20201201,000000,3.38972,3.42697,3.27798,3.42697,139.59830268818087,0
ZUE,D,20201202,000000,3.42697,3.42697,3.16623,3.27798,6724.34285718013,0
ZUE,D,20201203,000000,3.35248,3.40835,3.25935,3.40835,3210.760961828221,0
ZUE,D,20201204,000000,3.40835,3.40835,3.2966,3.2966,536.9165488007066,0
ZUE,D,20201207,000000,3.42697,3.42697,3.2966,3.42697,1754.6432814806958,0
ZUE,D,20201208,000000,3.38972,3.42697,3.27798,3.40835,2030.6183875642357,0
ZUE,D,20201209,000000,3.40835,3.40835,3.25935,3.38972,6374.273267362074,0
ZUE,D,20201210,000000,3.2966,3.35248,3.09173,3.25935,39325.915700359015,0
ZUE,D,20201211,000000,3.33385,3.33385,3.16623,3.33385,11627.464780828326,0
ZUE,D,20201214,000000,3.33385,3.33385,3.25935,3.25935,5732.121074996368,0
ZUE,D,20201215,000000,3.31523,3.31523,3.2221,3.25935,6563.267892539851,0
ZUE,D,20201216,000000,3.25935,3.25935,3.11035,3.2221,10350.677227779683,0
ZUE,D,20201217,000000,3.2221,3.2221,3.12898,3.20348,2081.088543151568,0
ZUE,D,20201218,000000,3.2221,3.2221,3.12898,3.20348,2053.1688826138666,0
ZUE,D,20201221,000000,3.2221,3.2221,2.94273,3.16623,6101.519660571295,0
ZUE,D,20201222,000000,3.1476,3.1476,3.01723,3.05448,13839.560961887266,0
ZUE,D,20201223,000000,3.05448,3.18485,3.03585,3.18485,9740.740028342505,0
ZUE,D,20201228,000000,3.11035,3.18485,3.09173,3.18485,10968.131258900652,0
ZUE,D,20201229,000000,3.18485,3.53873,3.1476,3.53873,26729.853465494314,0
ZUE,D,20201230,000000,3.5201,3.53873,3.25935,3.5201,28488.79207936573,0
ZUE,D,20210104,000000,3.53873,3.85535,3.5201,3.68772,17587.238472516212,0
ZUE,D,20210105,000000,3.72498,3.81811,3.68772,3.81811,17509.922489488526,0
ZUE,D,20210107,000000,3.81811,4.13472,3.81811,3.96709,26234.816407500086,0
ZUE,D,20210108,000000,4.00435,4.13472,3.91123,3.98572,10618.061669082697,0
ZUE,D,20210111,000000,3.91123,3.98572,3.83672,3.98572,2435.4534653600394,0
ZUE,D,20210112,000000,3.91123,3.98572,3.79947,3.92985,2044.5782178331374,0
ZUE,D,20210113,000000,3.94847,3.94847,3.87397,3.89259,229.80028288670462,0
ZUE,D,20210114,000000,3.89259,3.94847,3.81811,3.91123,31900.359830445625,0
ZUE,D,20210115,000000,3.91123,3.91123,3.81811,3.81811,8133.211881233185,0
ZUE,D,20210118,000000,3.89259,4.09748,3.81811,4.09748,16295.417256101216,0
ZUE,D,20210119,000000,4.13472,4.17197,3.94847,4.09748,3223.6469589994676,0
ZUE,D,20210120,000000,4.07884,4.13472,3.98572,4.13472,1624.7094766709806,0
ZUE,D,20210121,000000,3.98572,4.13472,3.91123,4.04159,3424.453748250938,0
ZUE,D,20210122,000000,3.91123,4.04159,3.87397,4.04159,8312.542008532579,0
ZUE,D,20210125,000000,4.00435,4.13472,3.89259,4.04159,8833.351060869298,0
ZUE,D,20210126,000000,4.07884,4.07884,3.92985,4.04159,1224.1697312655922,0
ZUE,D,20210127,000000,4.04159,4.04159,3.6691,3.72498,10599.806506423993,0
ZUE,D,20210128,000000,3.89259,4.07884,3.57597,4.07884,37032.20820388258,0
ZUE,D,20210129,000000,4.07884,4.07884,3.81811,3.96709,22027.538331097894,0
ZUE,D,20210201,000000,3.91123,3.91123,3.76222,3.76222,5329.433663395874,0
ZUE,D,20210202,000000,3.87397,3.89259,3.72498,3.85535,10381.81838761086,0
ZUE,D,20210203,000000,3.87397,3.94847,3.72498,3.94847,12052.702687478044,0
ZUE,D,20210204,000000,3.81811,4.00435,3.78085,4.00435,13733.251485224326,0
ZUE,D,20210205,000000,4.06022,4.07884,3.91123,4.02298,2514.9171145825244,0
ZUE,D,20210208,000000,4.00435,4.17197,3.91123,4.17197,50849.218670720315,0
ZUE,D,20210209,000000,4.17197,4.22784,4.17197,4.22784,9132.950495100124,0
ZUE,D,20210210,000000,4.22784,4.37685,4.20923,4.33959,6846.759830306669,0
ZUE,D,20210211,000000,4.33959,4.33959,4.24647,4.28373,2956.2625176967595,0
ZUE,D,20210212,000000,4.32098,4.32098,4.24647,4.30235,4100.9685997398665,0
ZUE,D,20210215,000000,4.28373,4.32098,4.22784,4.32098,3501.769731278215,0
ZUE,D,20210216,000000,4.28373,4.37685,4.24647,4.37685,3968.8871287348416,0
ZUE,D,20210217,000000,4.35821,4.35821,4.20923,4.35821,122.41697312655923,0
ZUE,D,20210218,000000,4.35821,4.37685,4.22784,4.35821,15594.204243367858,0
ZUE,D,20210219,000000,4.35821,4.37685,4.24647,4.37685,24898.968034084504,0
ZUE,D,20210222,000000,4.37685,4.7959,4.37685,4.74934,42873.86025483455,0
ZUE,D,20210223,000000,4.74934,4.74934,4.56309,4.60035,4079.4919377877886,0
ZUE,D,20210224,000000,4.60035,4.7959,4.46997,4.65621,7320.320226348919,0
ZUE,D,20210225,000000,4.65621,4.74934,4.61896,4.74934,4961.108910918603,0
ZUE,D,20210226,000000,4.74934,4.74934,4.65621,4.65621,386.5799151365071,0
ZUE,D,20210301,000000,4.65621,4.74934,4.65621,4.74934,2756.5295615428413,0
ZUE,D,20210302,000000,4.74934,5.21496,4.74934,4.98215,27876.707213733032,0
ZUE,D,20210303,000000,5.07527,5.5409,4.70278,5.12183,22918.819802107602,0
ZUE,D,20210304,000000,5.12183,5.35465,4.93558,5.35465,26645.02065078447,0
ZUE,D,20210305,000000,5.44777,5.44777,5.1684,5.35465,3386.869589834853,0
ZUE,D,20210308,000000,5.4012,5.4012,5.21496,5.30808,2726.462234810034,0
ZUE,D,20210309,000000,5.30808,5.4012,4.93558,5.35465,8268.51485153097,0
ZUE,D,20210310,000000,5.30808,5.30808,4.98215,4.98215,663.6288543176814,0
ZUE,D,20210311,000000,5.26152,5.26152,4.98215,5.1684,4501.508345145153,0
ZUE,D,20210312,000000,5.12183,5.12183,4.93558,5.12183,2684.582744003533,0
ZUE,D,20210315,000000,4.84246,4.93558,4.70278,4.93558,15490.04243290084,0
ZUE,D,20210316,000000,4.93558,4.98215,4.7959,4.84246,10008.124469645214,0
ZUE,D,20210317,000000,4.84246,4.84246,4.39547,4.39547,11519.007637970486,0
ZUE,D,20210318,000000,4.70278,4.70278,4.52584,4.56309,1058.7994342349994,0
ZUE,D,20210319,000000,4.56309,4.74934,4.56309,4.56309,1673.0319660630032,0
ZUE,D,20210322,000000,4.46997,4.65621,4.1906,4.56309,29505.71202279453,0
ZUE,D,20210323,000000,4.56309,4.74934,4.24647,4.74934,13208.147100497394,0
ZUE,D,20210324,000000,4.70278,4.70278,4.50722,4.52584,2401.0908062368167,0
ZUE,D,20210325,000000,4.61896,4.61896,4.61896,4.61896,981.4834512077019,0
ZUE,D,20210326,000000,4.58172,4.61896,4.52584,4.61896,944.9731258892509,0
ZUE,D,20210329,000000,4.61896,4.61896,4.56309,4.60035,1831.9592645079729,0
ZUE,D,20210330,000000,4.60035,4.60035,4.54446,4.54446,1417.4596888338867,0
ZUE,D,20210331,000000,4.52584,4.61896,4.43271,4.45134,2143.3708628123904,0
ZUE,D,20210401,000000,4.44203,4.55378,4.44203,4.55378,874.1001414475566,0
ZUE,D,20210406,000000,4.54446,4.65621,4.46997,4.60965,3293.4461103435683,0
ZUE,D,20210407,000000,4.57241,4.62828,4.46997,4.60965,1446.4531824691408,0
ZUE,D,20210408,000000,4.59103,4.59103,4.47928,4.58172,1623.6356435733258,0
ZUE,D,20210409,000000,4.56309,4.57241,4.47928,4.52584,6688.906364959253,0
ZUE,D,20210412,000000,4.50722,4.60965,4.46997,4.57241,4833.322772303994,0
ZUE,D,20210413,000000,4.56309,4.56309,4.46997,4.52584,752.757001418591,0
ZUE,D,20210414,000000,4.51653,4.51653,4.37685,4.43271,3065.7934936520514,0
ZUE,D,20210415,000000,4.42341,4.56309,4.42341,4.42341,877.321640740358,0
ZUE,D,20210416,000000,4.40478,4.4141,4.28373,4.4141,7247.299575711955,0
ZUE,D,20210419,000000,4.40478,4.40478,4.30235,4.30235,1680.5487977461796,0
ZUE,D,20210420,000000,4.33959,4.33959,4.00435,4.07884,16713.13833106878,0
ZUE,D,20210421,000000,4.1906,4.25578,4.10678,4.22784,15178.630834596219,0
ZUE,D,20210422,000000,4.19991,4.19991,4.10678,4.17197,21330.620650754336,0
ZUE,D,20210423,000000,4.16266,4.26509,4.09748,4.1906,3089.4178217993367,0
ZUE,D,20210426,000000,4.16266,4.16266,4.00435,4.15334,5852.390381927699,0
ZUE,D,20210427,000000,4.14403,4.14403,4.09748,4.13472,5339.098161274259,0
ZUE,D,20210428,000000,4.12541,4.46997,4.09748,4.46997,9541.007072188586,0
ZUE,D,20210429,000000,4.46066,4.46066,4.27441,4.27441,2525.6554455585633,0
ZUE,D,20210430,000000,4.40478,4.60965,4.29303,4.60965,24452.25346548169,0
ZUE,D,20210504,000000,4.59103,4.65621,4.42341,4.4886,53218.09448402851,0
ZUE,D,20210505,000000,4.47928,4.54446,4.33959,4.4886,1779.3414427255345,0
ZUE,D,20210506,000000,4.33028,4.46066,4.29303,4.40478,15760.64837349621,0
ZUE,D,20210507,000000,4.39547,4.61896,4.31166,4.4141,2888.611032547866,0
ZUE,D,20210510,000000,4.40478,4.40478,4.26509,4.37685,3790.6308345330017,0
ZUE,D,20210511,000000,4.30235,4.30235,4.1906,4.1906,5624.737765236285,0
ZUE,D,20210512,000000,4.24647,4.26509,4.13472,4.20923,3848.6178218035107,0
ZUE,D,20210513,000000,4.1906,4.1906,4.06022,4.16266,5821.249222097339,0
ZUE,D,20210514,000000,4.15334,4.26509,4.09748,4.26509,13295.127581403158,0
ZUE,D,20210517,000000,4.26509,4.26509,4.1906,4.1906,8720.598585621143,0
ZUE,D,20210518,000000,4.1906,4.1906,4.04159,4.1906,36893.68373429204,0
ZUE,D,20210519,000000,4.18128,4.1906,4.15334,4.17197,2693.1734087843643,0
ZUE,D,20210520,000000,4.14403,4.16266,4.09748,4.15334,4389.8297029946525,0
ZUE,D,20210521,000000,4.13472,4.13472,4.1161,4.13472,25406.891089249162,0
ZUE,D,20210524,000000,4.12541,4.12541,4.06954,4.06954,9505.570579967809,0
ZUE,D,20210525,000000,4.09748,4.1161,3.85535,3.91123,33279.16152776536,0
ZUE,D,20210526,000000,3.81811,3.86466,3.6691,3.7529,19538.393210857863,0
ZUE,D,20210527,000000,3.73429,3.86466,3.6691,3.7529,8079.520226353093,0
ZUE,D,20210528,000000,3.76222,3.76222,3.72498,3.7529,22735.194342416977,0
ZUE,D,20210531,000000,3.7436,3.76222,3.7436,3.76222,14784.534087776658,0
ZUE,D,20210601,000000,3.86466,3.86466,3.67841,3.70635,4395.198868482622,0
ZUE,D,20210602,000000,3.78085,3.78085,3.68772,3.72498,9043.822347999152,0
ZUE,D,20210604,000000,3.7436,3.7436,3.65047,3.65047,9781.54568605135,0
ZUE,D,20210607,000000,3.69704,3.7436,3.69704,3.72498,5219.902687440481,0
ZUE,D,20210608,000000,3.72498,3.7436,3.72498,3.7436,16038.771145774752,0
ZUE,D,20210609,000000,3.73429,3.76222,3.65047,3.7436,13355.262234868567,0
ZUE,D,20210610,000000,3.73429,3.76222,3.6691,3.76222,4068.7536068117493,0
ZUE,D,20210611,000000,3.76222,3.76222,3.7529,3.7529,20753.972277342622,0
ZUE,D,20210614,000000,3.77154,4.04159,3.77154,4.04159,13538.887694559191,0
ZUE,D,20210615,000000,4.00435,4.00435,3.89259,3.95779,4942.853748259388,0
ZUE,D,20210616,000000,3.89259,3.92985,3.89259,3.91123,2826.328712886942,0
ZUE,D,20210617,000000,3.92985,3.92985,3.90191,3.90191,871.9524752523489,0
ZUE,D,20210618,000000,3.89259,3.89259,3.81811,3.83672,921.3487977420161,0
ZUE,D,20210621,000000,3.86466,4.00435,3.77154,3.77154,4024.7264498101426,0
ZUE,D,20210622,000000,3.7529,3.81811,3.7529,3.81811,1615.0449787924945,0
ZUE,D,20210623,000000,3.78085,3.81811,3.78085,3.81811,391.9490806245164,0
ZUE,D,20210624,000000,3.81811,3.86466,3.81811,3.81811,996.5171145741159,0
ZUE,D,20210625,000000,3.85535,3.94847,3.85535,3.94847,732.3541725641679,0
ZUE,D,20210628,000000,3.81811,3.92054,3.81811,3.92054,235.1694483747139,0
ZUE,D,20210629,000000,3.85535,3.86466,3.81811,3.86466,3295.593776538776,0
ZUE,D,20210630,000000,3.85535,3.85535,3.81811,3.81811,1555.9841584244327,0
ZUE,D,20210701,000000,3.84603,3.95779,3.81811,3.95779,4029.021782200558,0
ZUE,D,20210702,000000,3.92985,3.92985,3.92985,3.92985,614.2325318280141,0
ZUE,D,20210705,000000,3.92985,3.92985,3.91123,3.91123,1414.238189541024,0
ZUE,D,20210706,000000,3.92985,3.93915,3.86466,3.93915,991.1479490861066,0
ZUE,D,20210707,000000,3.91123,4.19991,3.84603,3.89259,26610.657991660944,0
ZUE,D,20210708,000000,3.89259,4.05091,3.82741,4.05091,7049.714285753347,0
ZUE,D,20210709,000000,3.99504,3.99504,3.85535,3.93915,3492.1052333998314,0
ZUE,D,20210712,000000,3.94847,3.94847,3.81811,3.90191,6581.523055199066,0
ZUE,D,20210713,000000,3.94847,3.94847,3.86466,3.90191,1132.8939179695155,0
ZUE,D,20210714,000000,3.90191,3.94847,3.78085,3.94847,3764.8588401906104,0
ZUE,D,20210715,000000,3.94847,3.94847,3.85535,3.90191,1589.272984450103,0
ZUE,D,20210716,000000,3.91123,3.91123,3.91123,3.91123,12.885997171217243,0
ZUE,D,20210719,000000,3.91123,3.91123,3.77154,3.77154,5656.9527581643,0
ZUE,D,20210720,000000,3.78085,3.87397,3.77154,3.77154,2179.881188130923,0
ZUE,D,20210721,000000,3.81811,3.81811,3.7436,3.7436,1971.557567196174,0
ZUE,D,20210722,000000,3.85535,3.85535,3.76222,3.83672,659.333521927276,0
ZUE,D,20210723,000000,3.85535,3.91123,3.81811,3.91123,3978.551626613226,0
ZUE,D,20210726,000000,3.91123,3.91123,3.81811,3.89259,2304.4458274526696,0
ZUE,D,20210727,000000,3.88329,3.88329,3.79947,3.81811,900.945968887593,0
ZUE,D,20210728,000000,3.85535,3.85535,3.85535,3.85535,103.08797736973999,0
ZUE,D,20210729,000000,3.85535,3.85535,3.85535,3.85535,15.033663366419947,0
ZUE,D,20210730,000000,3.84603,3.84603,3.70635,3.72498,7524.3485148931495,0
ZUE,D,20210802,000000,3.77154,3.77154,3.72498,3.76222,678.6625176840952,0
ZUE,D,20210803,000000,3.76222,3.86466,3.76222,3.86466,10725.444978843088,0
ZUE,D,20210804,000000,3.85535,3.89259,3.85535,3.88329,642.1521923656544,0
ZUE,D,20210805,000000,3.86466,4.02298,3.79947,4.00435,24799.10155600729,0
ZUE,D,20210806,000000,4.01366,4.03228,3.95779,4.00435,3709.0195191153093,0
ZUE,D,20210809,000000,4.00435,4.00435,3.92985,4.00435,1353.0297029777546,0
ZUE,D,20210810,000000,3.99504,3.99504,3.89259,3.98572,3144.183309776983,0
ZUE,D,20210811,000000,3.96709,3.96709,3.93915,3.95779,648.5951909512573,0
ZUE,D,20210812,000000,3.95779,3.95779,3.90191,3.94847,3790.6308345330017,0
ZUE,D,20210813,000000,3.93915,3.98572,3.91123,3.98572,321.0760961828221,0
ZUE,D,20210816,000000,3.91123,3.98572,3.91123,3.97641,7058.304950534179,0
ZUE,D,20210817,000000,3.97641,3.97641,3.95779,3.96709,32128.012447136836,0
ZUE,D,20210818,000000,3.95779,3.95779,3.93915,3.95779,38376.647242079816,0
ZUE,D,20210819,000000,3.93915,3.93915,3.72498,3.85535,5073.861386166758,0
ZUE,D,20210820,000000,3.83672,3.85535,3.78085,3.85535,1302.559547390524,0
ZUE,D,20210823,000000,3.85535,3.85535,3.85535,3.85535,2544.9844413153314,0
ZUE,D,20210824,000000,3.84603,3.84603,3.84603,3.84603,211.5451202274791,0
ZUE,D,20210825,000000,3.83672,3.83672,3.77154,3.77154,7002.465629458878,0
ZUE,D,20210826,000000,3.79947,3.79947,3.70635,3.72498,6808.101838793031,0
ZUE,D,20210827,000000,3.72498,3.76222,3.65047,3.76222,8166.500707258753,0
ZUE,D,20210830,000000,3.79947,3.79947,3.61322,3.61322,17313.41103262747,0
ZUE,D,20210831,000000,3.64116,3.76222,3.64116,3.72498,5690.241584189969,0
ZUE,D,20210901,000000,3.68772,3.68772,3.68772,3.68772,2407.533804822338,0
ZUE,D,20210902,000000,3.68772,3.90191,3.67841,3.90191,9808.391513491397,0
ZUE,D,20210903,000000,3.89259,3.89259,3.76222,3.78085,1280.009052340893,0
ZUE,D,20210906,000000,3.80879,3.85535,3.72498,3.85535,9728.927864268911,0
ZUE,D,20210907,000000,3.83672,3.83672,3.65047,3.69704,68248.53635115612,0
ZUE,D,20210908,000000,3.7436,3.81811,3.71566,3.81811,6009.170014177564,0
ZUE,D,20210909,000000,3.81811,3.81811,3.70635,3.71566,933.1609618156386,0
ZUE,D,20210910,000000,3.80879,3.80879,3.70635,3.76222,920.2749646444223,0
ZUE,D,20210913,000000,3.80879,3.80879,3.73429,3.79016,4350.09787838336,0
ZUE,D,20210914,000000,3.80879,3.86466,3.44561,3.80879,20119.3369166604,0
ZUE,D,20210915,000000,3.64116,3.79947,3.57597,3.70635,12518.746251837016,0
ZUE,D,20210916,000000,3.69704,3.78085,3.69704,3.78085,8990.13069311906,0
ZUE,D,20210917,000000,3.77154,3.77154,3.45491,3.68772,9531.342574310202,0
ZUE,D,20210920,000000,3.70635,3.70635,3.5201,3.55735,6027.4251768367785,0
ZUE,D,20210921,000000,3.50147,3.61322,3.50147,3.5201,13903.9909477435,0
ZUE,D,20210922,000000,3.61322,3.68772,3.61322,3.68772,460.6743988710132,0
ZUE,D,20210923,000000,3.68772,3.70635,3.65047,3.70635,651.8166902440589,0
ZUE,D,20210924,000000,3.70635,3.70635,3.5946,3.68772,3029.2831683336203,0
ZUE,D,20210927,000000,3.70635,3.72498,3.44561,3.6691,28295.502121797028,0
ZUE,D,20210928,000000,3.6691,3.68772,3.46422,3.68772,8187.977369210831,0
ZUE,D,20210929,000000,3.68772,3.68772,3.62254,3.68772,1551.6888260340174,0
ZUE,D,20210930,000000,3.65047,3.71566,3.65047,3.70635,2715.7239038339953,0
ZUE,D,20211001,000000,3.70635,3.70635,3.5946,3.65047,3365.3929278828764,0
ZUE,D,20211004,000000,3.70635,3.70635,3.63186,3.63186,4301.775388991337,0
ZUE,D,20211005,000000,3.5946,3.65047,3.58529,3.65047,3026.061669040758,0
ZUE,D,20211006,000000,3.65047,3.70635,3.53873,3.6691,4146.069589839129,0
ZUE,D,20211007,000000,3.67841,3.67841,3.64116,3.6691,42.95332390405714,0
ZUE,D,20211008,000000,3.67841,3.67841,3.5946,3.67841,1185.5117397519539,0
ZUE,D,20211011,000000,3.67841,3.67841,3.62254,3.67841,4020.431117419727,0
ZUE,D,20211012,000000,3.67841,3.67841,3.5946,3.5946,2774.7847242020566,0
ZUE,D,20211013,000000,3.6691,3.6691,3.5946,3.65978,11787.46591237095,0
ZUE,D,20211014,000000,3.65978,3.6691,3.57597,3.62254,8112.809052378762,0
ZUE,D,20211015,000000,3.61322,3.61322,3.46422,3.48285,10537.524186762661,0
ZUE,D,20211018,000000,3.50147,3.50147,3.16623,3.33385,53323.330127594,0
ZUE,D,20211019,000000,3.2966,3.40835,3.25935,3.33385,16001.186987358871,0
ZUE,D,20211020,000000,3.35248,3.35248,3.35248,3.35248,1075.980763796662,0
ZUE,D,20211021,000000,3.36178,3.38041,3.2966,3.30592,2601.897595488287,0
ZUE,D,20211022,000000,3.35248,3.35248,3.25935,3.25935,25429.441584299708,0
ZUE,D,20211025,000000,3.35248,3.35248,3.25935,3.33385,17536.76831692888,0
ZUE,D,20211026,000000,3.38041,3.38041,3.28728,3.31523,2193.8410183997225,0
ZUE,D,20211027,000000,3.44561,3.44561,3.44561,3.44561,10.73833097601454,0
ZUE,D,20211028,000000,3.43629,3.43629,3.30592,3.35248,6357.091937800412,0
ZUE,D,20211029,000000,3.30592,3.35248,3.24073,3.24073,7489.985855769927,0
ZUE,D,20211102,000000,3.3711,3.38972,3.1476,3.24073,20058.128430096516,0
ZUE,D,20211103,000000,3.24073,3.35248,3.10104,3.13829,59385.117963554,0
ZUE,D,20211104,000000,3.31523,3.31523,3.05448,3.12898,34937.159830462115,0
ZUE,D,20211105,000000,3.12898,3.27798,3.12898,3.27798,7100.184441340577,0
ZUE,D,20211108,000000,3.17553,3.17553,2.97998,3.16623,12060.21951916122,0
ZUE,D,20211109,000000,3.18485,3.18485,3.17553,3.17553,1181.2164073615381,0
ZUE,D,20211110,000000,3.20348,3.20348,3.16623,3.17553,693.6961810505193,0
ZUE,D,20211112,000000,3.20348,3.24073,3.09173,3.20348,11079.809901051865,0
ZUE,D,20211115,000000,3.30592,3.30592,3.21279,3.21279,3162.4384724361985,0
ZUE,D,20211116,000000,3.25935,3.2966,3.11035,3.11035,29664.63932123971,0
ZUE,D,20211117,000000,3.2221,3.2221,3.12898,3.20348,10014.567468230836,0
ZUE,D,20211118,000000,3.1476,3.28728,3.1476,3.28728,37659.32673288164,0
ZUE,D,20211119,000000,3.28728,3.28728,3.18485,3.26866,4677.616973151785,0
ZUE,D,20211122,000000,3.20348,3.26866,3.19416,3.19416,975.0404526220888,0
ZUE,D,20211123,000000,3.25935,3.25935,3.16623,3.25935,7138.842432854217,0
ZUE,D,20211124,000000,3.30592,3.30592,3.25935,3.30592,2794.113719958927,0
ZUE,D,20211125,000000,3.18485,3.31523,3.18485,3.21279,8912.814710091783,0
ZUE,D,20211126,000000,3.1476,3.25935,3.08241,3.21279,10824.237623821833,0
ZUE,D,20211129,000000,3.25935,3.25935,3.1476,3.21279,1185.5117397519539,0
ZUE,D,20211130,000000,3.21279,3.30592,3.21279,3.2221,1108.1957567246768,0
ZUE,D,20211201,000000,3.15691,3.30592,3.15691,3.15691,6633.067043883952,0
ZUE,D,20211202,000000,3.21279,3.31523,3.1476,3.28728,21110.4848657463,0
ZUE,D,20211203,000000,3.11967,3.25004,3.08241,3.2221,23458.95785020088,0
ZUE,D,20211206,000000,3.23142,3.24073,3.03585,3.0731,43405.40763814721,0
ZUE,D,20211207,000000,3.0731,3.20348,3.0731,3.19416,16355.551909567648,0
ZUE,D,20211208,000000,3.19416,3.24073,3.04517,3.11035,17780.528430083898,0
ZUE,D,20211209,000000,3.1476,3.30592,3.1476,3.18485,11796.056577151578,0
ZUE,D,20211210,000000,3.24073,3.2966,3.18485,3.28728,13350.966902478764,0
ZUE,D,20211213,000000,3.28728,3.28728,3.16623,3.28728,4576.676661977222,0
ZUE,D,20211214,000000,3.21279,3.21279,3.21279,3.21279,732.3541725641679,0
ZUE,D,20211215,000000,3.21279,3.24073,3.19416,3.21279,19222.686280163438,0
ZUE,D,20211216,000000,3.21279,3.26866,3.21279,3.26866,24728.22857156533,0
ZUE,D,20211217,000000,3.28728,3.28728,3.24073,3.24073,1465.7821782259093,0
ZUE,D,20211220,000000,3.18485,3.24073,3.16623,3.24073,21403.6413013912,0
ZUE,D,20211221,000000,3.1476,3.26866,3.1476,3.25935,5110.371711485188,0
ZUE,D,20211222,000000,3.27798,3.28728,3.25935,3.28728,15370.846959066452,0
ZUE,D,20211223,000000,3.30592,3.30592,3.17553,3.21279,47300.20028314733,0
ZUE,D,20211227,000000,3.19416,3.26866,3.13829,3.13829,13651.640169806837,0
ZUE,D,20211228,000000,3.13829,3.24073,3.13829,3.16623,34297.15530429162,0
ZUE,D,20211229,000000,3.24073,3.24073,3.13829,3.17553,19616.783026982997,0
ZUE,D,20211230,000000,3.21279,3.2221,3.12898,3.15691,80976.68005702563,0
ZUE,D,20220103,000000,3.2221,3.25004,3.21279,3.25004,8007.573408813783,0
ZUE,D,20220104,000000,3.24073,3.25935,3.23142,3.25935,4266.3388967704595,0
ZUE,D,20220105,000000,3.25935,3.25935,3.15691,3.18485,104401.27524810299,0
ZUE,D,20220107,000000,3.24073,3.24073,3.12898,3.17553,121876.83507847309,0
ZUE,D,20220110,000000,3.15691,3.16623,3.12898,3.13829,69764.78868496894,0
ZUE,D,20220111,000000,3.18485,3.18485,3.11967,3.13829,35768.30664800539,0
ZUE,D,20220112,000000,3.17553,3.17553,3.13829,3.13829,61625.13380515074,0
ZUE,D,20220113,000000,3.17553,3.17553,2.97998,2.9986,246403.89024181402,0
ZUE,D,20220114,000000,3.03585,3.03585,2.96135,2.97998,82643.269024503,0
ZUE,D,20220117,000000,2.97998,2.9986,2.94273,2.96135,41171.834795136194,0
ZUE,D,20220118,000000,3.01723,3.01723,2.93342,2.93342,17750.46110335119,0
ZUE,D,20220119,000000,2.90548,2.98929,2.88686,2.93342,20808.73776532078,0
ZUE,D,20220120,000000,2.97066,2.97066,2.88686,2.93342,3780.966336654618,0
ZUE,D,20220121,000000,2.97998,2.97998,2.87754,2.88686,18120.93352202377,0
ZUE,D,20220124,000000,2.9241,2.94273,2.71923,2.81236,63835.08232001376,0
ZUE,D,20220125,000000,2.79373,2.79373,2.68198,2.70061,65465.16096217271,0
ZUE,D,20220126,000000,2.73786,2.73786,2.62611,2.72854,24756.148232103133,0
ZUE,D,20220127,000000,2.72854,2.72854,2.64473,2.69129,52214.060537771154,0
ZUE,D,20220128,000000,2.69129,2.72854,2.65405,2.70061,5016.948231993802,0
ZUE,D,20220131,000000,2.65405,2.8403,2.63543,2.75648,348572.66648000956,0
ZUE,D,20220201,000000,2.86822,2.87754,2.7751,2.8403,94895.70466813548,0
ZUE,D,20220202,000000,2.8403,2.87754,2.83098,2.85892,10838.197454090732,0
ZUE,D,20220203,000000,2.87754,2.87754,2.7751,2.7751,54073.93946281724,0
ZUE,D,20220204,000000,2.7751,2.81236,2.74717,2.79373,15739.17171154413,0
ZUE,D,20220207,000000,2.81236,2.81236,2.7658,2.79373,11195.783875592882,0
ZUE,D,20220208,000000,2.81236,2.81236,2.75648,2.78441,27661.940594212254,0
ZUE,D,20220209,000000,2.82166,2.82166,2.7658,2.7751,9799.800848710565,0
ZUE,D,20220210,000000,2.7751,2.79373,2.72854,2.73786,18461.338613963646,0
ZUE,D,20220211,000000,2.7658,2.7751,2.72854,2.7751,24228.896181181302,0
ZUE,D,20220214,000000,2.71923,2.72854,2.68198,2.70061,15695.144554542523,0
ZUE,D,20220215,000000,2.82166,2.82166,2.79373,2.79373,412.3519094789497,0
ZUE,D,20220216,000000,2.82166,2.82166,2.73786,2.79373,9825.572843052958,0
ZUE,D,20220217,000000,2.80304,2.80304,2.62611,2.62611,31462.235926624457,0
ZUE,D,20220218,000000,2.60748,2.70061,2.59817,2.68198,10974.574257486378,0
ZUE,D,20220221,000000,2.79373,2.82166,2.66336,2.70061,45950.39207946284,0
ZUE,D,20220222,000000,2.60748,2.7751,2.60748,2.7751,12791.499858628304,0
ZUE,D,20220223,000000,2.70061,2.71923,2.61679,2.70061,9666.645544607987,0
ZUE,D,20220224,000000,2.52367,2.52367,2.31879,2.42123,88756.60084914778,0
ZUE,D,20220225,000000,2.42123,2.57954,2.42123,2.55161,28349.19377667773,0
ZUE,D,20220228,000000,2.34674,2.58886,2.34674,2.58886,17593.68147110194,0
ZUE,D,20220301,000000,2.58886,2.68198,2.49573,2.67266,14557.955304182897,0
ZUE,D,20220302,000000,2.66336,2.69129,2.51436,2.67266,50717.1371997155,0
ZUE,D,20220303,000000,2.69129,2.79373,2.67266,2.74717,50382.10127326389,0
ZUE,D,20220304,000000,2.80304,2.80304,2.65405,2.73786,23493.320509323392,0
ZUE,D,20220307,000000,2.73786,2.73786,2.57023,2.69129,29389.738048253515,0
ZUE,D,20220308,000000,2.57023,2.67266,2.45848,2.66336,34437.82744007707,0
ZUE,D,20220309,000000,2.66336,2.68198,2.57023,2.65405,33920.239887033305,0
ZUE,D,20220310,000000,2.64473,2.67266,2.57023,2.63543,14506.411315497095,0
ZUE,D,20220311,000000,2.65405,2.70991,2.65405,2.70991,23086.3377653334,0
ZUE,D,20220314,000000,2.70991,2.71923,2.60748,2.70991,31685.593210924846,0
ZUE,D,20220315,000000,2.71923,2.71923,2.65405,2.71923,32611.23734105706,0
ZUE,D,20220316,000000,2.71923,2.8403,2.70061,2.72854,35501.99603980085,0
ZUE,D,20220317,000000,2.73786,2.80304,2.73786,2.7658,35998.10693089253,0
ZUE,D,20220318,000000,2.78441,2.83098,2.70061,2.78441,39411.82234816732,0
ZUE,D,20220321,000000,2.78441,2.83098,2.75648,2.78441,5533.461951940106,0
ZUE,D,20220322,000000,2.83098,2.97066,2.83098,2.97066,30758.875247695178,0
ZUE,D,20220323,000000,2.9986,3.00791,2.91479,2.95205,7217.232248979148,0
ZUE,D,20220324,000000,2.97066,2.97998,2.95205,2.96135,17085.758415936263,0
ZUE,D,20220325,000000,3.00791,3.0731,2.97998,3.0731,17752.60876954711,0
ZUE,D,20220328,000000,3.0731,3.0731,3.01723,3.05448,7355.756718569694,0
ZUE,D,20220329,000000,3.11967,3.16623,3.0731,3.0731,18157.4438473422,0
ZUE,D,20220330,000000,3.1476,3.1476,2.98929,3.06379,23598.556152888883,0
ZUE,D,20220331,000000,3.0731,3.20348,3.00791,3.09173,18680.40056587423,0
ZUE,D,20220401,000000,3.0731,3.11035,2.9986,3.10104,24787.28939193329,0
ZUE,D,20220404,000000,3.1476,3.20348,3.08241,3.19416,18419.459123156943,0
ZUE,D,20220405,000000,3.20348,3.20348,3.11035,3.16623,10431.21471009972,0
ZUE,D,20220406,000000,3.16623,3.16623,3.03585,3.0731,9137.245827490538,0
ZUE,D,20220407,000000,3.16623,3.16623,2.94273,3.02655,19990.476944947928,0
ZUE,D,20220408,000000,3.02655,3.15691,2.98929,3.04517,5842.725884049316,0
ZUE,D,20220411,000000,3.09173,3.09173,2.9986,3.06379,1088.8667609678066,0
ZUE,D,20220412,000000,3.05448,3.05448,2.96135,2.96135,1336.922206513747,0
ZUE,D,20220413,000000,3.04517,3.04517,2.97998,3.03585,754.9046676137989,0
ZUE,D,20220414,000000,3.03585,3.0731,2.98929,3.0731,6865.014992965885,0
ZUE,D,20220419,000000,3.0731,3.0731,2.97998,3.0731,7872.270438515999,0
ZUE,D,20220420,000000,2.9986,3.17553,2.9986,3.09173,8941.808203727038,0
ZUE,D,20220421,000000,3.1476,3.25935,3.08241,3.18485,26675.087977517174,0
ZUE,D,20220422,000000,3.19416,3.19416,3.05448,3.15691,3861.5038189747575,0
ZUE,D,20220425,000000,3.19416,3.19416,2.97998,3.08241,12080.622348015848,0
ZUE,D,20220426,000000,3.16623,3.20348,3.10104,3.10104,12274.986138682,0
ZUE,D,20220427,000000,3.1476,3.1476,3.05448,3.05448,24113.996039737733,0
ZUE,D,20220428,000000,3.12898,3.13829,3.05448,3.13829,23293.587553169982,0
ZUE,D,20220429,000000,3.15691,3.15691,3.05448,3.12898,8039.788401741799,0
ZUE,D,20220502,000000,3.1476,3.18485,3.0731,3.18485,29243.696746979793,0
ZUE,D,20220504,000000,3.19416,3.20348,3.16623,3.20348,14783.460254679207,0
ZUE,D,20220505,000000,3.20348,3.20348,3.11967,3.16623,892.3553041067822,0
ZUE,D,20220506,000000,3.16623,3.20348,3.00791,3.13829,46658.04809078194,0
ZUE,D,20220509,000000,3.16623,3.16623,3.00791,3.11967,3713.314851505725,0
ZUE,D,20220510,000000,3.11967,3.11967,2.96135,3.08241,30180.07920808754,0
ZUE,D,20220511,000000,3.08241,3.15691,3.03585,3.0731,4267.412729868012,0
ZUE,D,20220512,000000,3.0731,3.1476,2.97998,3.05448,35038.10014163678,0
ZUE,D,20220513,000000,3.12898,3.12898,2.98929,3.06379,2227.129844425393,0
ZUE,D,20220516,000000,3.06379,3.20348,3.06379,3.19416,34573.130410375255,0
ZUE,D,20220517,000000,3.19416,3.23142,3.13829,3.2221,6687.832531861598,0
ZUE,D,20220518,000000,3.20348,3.20348,3.12898,3.20348,11118.467892565199,0
ZUE,D,20220519,000000,3.20348,3.2221,3.20348,3.2221,1299.3380480977632,0
ZUE,D,20220520,000000,3.2221,3.25004,3.19416,3.23142,6476.28741163419,0
ZUE,D,20220523,000000,3.23142,3.23142,3.16623,3.2221,3673.583026894432,0
ZUE,D,20220524,000000,3.23142,3.23142,3.18485,3.2221,5145.808203705964,0
ZUE,D,20220525,000000,3.2221,3.24073,3.16623,3.23142,3187.136633681037,0
ZUE,D,20220526,000000,3.24073,3.24073,3.04517,3.24073,4437.078359289021,0
ZUE,D,20220527,000000,3.25935,3.39904,3.25004,3.39904,49986.930693345865,0
ZUE,D,20220530,000000,3.42697,3.68772,3.42697,3.62254,44994.680622596905,0
ZUE,D,20220531,000000,3.62254,3.68772,3.62254,3.6691,10298.05940599745,0
ZUE,D,20220601,000000,3.6691,3.6691,3.53873,3.56666,8879.525884066112,0
ZUE,D,20220602,000000,3.57597,3.68772,3.53873,3.55735,15403.061951995076,0
ZUE,D,20220603,000000,3.63186,3.63186,3.48285,3.53873,9611.880056630342,0
ZUE,D,20220606,000000,3.5201,3.5201,3.39904,3.5201,14656.74794916164,0
ZUE,D,20220607,000000,3.53873,3.53873,3.39904,3.39904,20035.57793504699,0
ZUE,D,20220608,000000,3.47673,3.49616,3.40875,3.40875,11869.386138192116,0
ZUE,D,20220609,000000,3.48644,3.48644,3.40875,3.48644,5939.326732462076,0
ZUE,D,20220610,000000,3.49616,3.49616,3.30193,3.42817,9760.554455098478,0
ZUE,D,20220613,000000,3.35048,3.42817,3.30193,3.30193,6060.831682952806,0
ZUE,D,20220614,000000,3.36019,3.36019,3.26308,3.34076,3576.1584157144225,0
ZUE,D,20220615,000000,3.36019,3.37961,3.27279,3.37961,3533.9405939337457,0
ZUE,D,20220617,000000,3.37961,3.37961,3.32135,3.37961,6354.297029477023,0
ZUE,D,20220620,000000,3.41846,3.42817,3.33106,3.39904,4062.178217677339,0
ZUE,D,20220621,000000,3.39904,3.41846,3.38932,3.39904,1958.4950494353102,0
ZUE,D,20220622,000000,3.38932,3.38932,3.30193,3.38932,4829.306930521348,0
ZUE,D,20220623,000000,3.38932,3.38932,3.30193,3.38932,5251.485148328119,0
ZUE,D,20220624,000000,3.38932,3.39904,3.2825,3.39904,1478.6534652939565,0
ZUE,D,20220627,000000,3.39904,3.39904,3.38932,3.38932,313.0297029591663,0
ZUE,D,20220628,000000,3.41846,3.41846,3.33106,3.39904,3679.128712740464,0
ZUE,D,20220629,000000,3.46702,3.54472,3.36019,3.51558,927.7623762046343,0
ZUE,D,20220630,000000,3.54472,3.54472,3.48644,3.48644,924.673267293853,0
ZUE,D,20220701,000000,3.54472,3.54472,3.48644,3.49616,5153.66336615338,0
ZUE,D,20220704,000000,3.63211,3.63211,3.43788,3.58355,8766.891088797178,0
ZUE,D,20220705,000000,3.58355,3.58355,3.535,3.54472,3101.465346424371,0
ZUE,D,20220706,000000,3.58355,3.63211,3.58355,3.58355,8745.267326421706,0
ZUE,D,20220707,000000,3.63211,3.63211,3.49616,3.59327,947.3267326395822,0
ZUE,D,20220708,000000,3.59327,3.59327,3.535,3.58355,7253.227722514366,0
ZUE,D,20220711,000000,3.58355,3.58355,3.45731,3.57384,8446.653465046187,0
ZUE,D,20220712,000000,3.58355,3.58355,3.49616,3.49616,915.4059405615093,0
ZUE,D,20220713,000000,3.58355,3.58355,3.49616,3.52529,2055.287128639789,0
ZUE,D,20220714,000000,3.52529,3.57384,3.49616,3.57384,8816.316831369677,0
ZUE,D,20220715,000000,3.57384,3.57384,3.49616,3.57384,2648.3960395097884,0
ZUE,D,20220718,000000,3.57384,3.57384,3.48644,3.56414,1997.623762305206,0
ZUE,D,20220719,000000,3.57384,3.65154,3.50587,3.65154,4279.445544402287,0
ZUE,D,20220720,000000,3.65154,3.72923,3.50587,3.72923,12978.376237161869,0
ZUE,D,20220721,000000,3.72923,3.72923,3.59327,3.72923,11987.801979771553,0
ZUE,D,20220722,000000,3.69039,3.74866,3.59327,3.72923,17598.653464720657,0
ZUE,D,20220725,000000,3.72923,3.73894,3.59327,3.73894,778.4554455168741,0
ZUE,D,20220726,000000,3.73894,3.73894,3.73894,3.73894,10.297029702604155,0
ZUE,D,20220727,000000,3.72923,3.86519,3.69039,3.83605,39982.33663224177,0
ZUE,D,20220728,000000,3.7875,3.86519,3.7875,3.85548,12885.70296983843,0
ZUE,D,20220729,000000,3.85548,4.04,3.85548,3.89433,39434.534652063434,0
ZUE,D,20220801,000000,3.96231,3.98173,3.86519,3.96231,22473.267325934077,0
ZUE,D,20220802,000000,3.97202,3.97202,3.90404,3.97202,4073.504950350203,0
ZUE,D,20220803,000000,3.97202,3.97202,3.89433,3.90404,8296.316831388167,0
ZUE,D,20220804,000000,3.89433,3.94289,3.88461,3.94289,6315.168316607128,0
ZUE,D,20220805,000000,3.94289,3.94289,3.86519,3.94289,8744.237623451449,0
ZUE,D,20220808,000000,3.94289,3.94289,3.8749,3.88461,7935.920791797022,0
ZUE,D,20220809,000000,3.94289,3.97202,3.86519,3.92346,4175.445544405984,0
ZUE,D,20220810,000000,3.9526,3.9526,3.88461,3.94289,1366.4158415355712,0
ZUE,D,20220811,000000,3.94289,3.96231,3.93317,3.96231,5426.534653272389,0
ZUE,D,20220812,000000,3.96231,3.96231,3.88461,3.92346,9601.980197678375,0
ZUE,D,20220816,000000,3.91375,3.93317,3.74866,3.88461,20092.594058691182,0
ZUE,D,20220817,000000,3.88461,3.92346,3.83605,3.88461,29114.851484113755,0
ZUE,D,20220818,000000,3.90404,4.03028,3.83605,3.93317,21083.168316082516,0
ZUE,D,20220819,000000,3.9526,3.9526,3.94289,3.94289,221.38613860598932,0
ZUE,D,20220822,000000,3.9526,3.9526,3.84577,3.88461,2061.4653464613516,0
ZUE,D,20220823,000000,3.88461,3.88461,3.67096,3.7875,14563.089108392749,0
ZUE,D,20220824,000000,3.80692,3.8749,3.72923,3.8749,28867.72277125024,0
ZUE,D,20220825,000000,3.90404,3.90404,3.81663,3.88461,1896.7128712196852,0
ZUE,D,20220826,000000,3.90404,3.90404,3.88461,3.88461,3165.306930580517,0
ZUE,D,20220829,000000,3.86519,3.8749,3.6224,3.77779,24518.25742487065,0
ZUE,D,20220830,000000,3.7875,3.7875,3.71952,3.71952,45.306930691458284,0
ZUE,D,20220831,000000,3.79721,3.81663,3.68067,3.81663,2133.5445543795804,0
ZUE,D,20220901,000000,3.69039,3.85548,3.68067,3.72923,7260.435643306189,0
ZUE,D,20220902,000000,3.69039,3.69039,3.39904,3.39904,8616.554455139156,0
ZUE,D,20220905,000000,3.39904,3.47673,3.2825,3.2825,5722.059405737128,0
ZUE,D,20220906,000000,3.14654,3.39904,3.14654,3.16596,8882.217821466344,0
ZUE,D,20220907,000000,3.27279,3.27279,3.17567,3.17567,2996.435643457809,0
ZUE,D,20220908,000000,3.17567,3.25337,3.15625,3.17567,4852.990098837338,0
ZUE,D,20220909,000000,3.16596,3.32135,3.16596,3.24365,26272.871286195008,0
ZUE,D,20220912,000000,3.16596,3.35048,3.16596,3.35048,8355.009900693012,0
ZUE,D,20220913,000000,3.35048,3.35048,3.25337,3.31164,12171.08910847811,0
ZUE,D,20220914,000000,3.30193,3.30193,3.20481,3.20481,6190.574257205618,0
ZUE,D,20220915,000000,3.2825,3.30193,3.2825,3.30193,4266.059405788901,0
ZUE,D,20220916,000000,3.2825,3.2825,3.22423,3.23394,11008.554455054,0
ZUE,D,20220919,000000,3.26308,3.26308,3.23394,3.24365,3309.465346416975,0
ZUE,D,20220920,000000,3.25337,3.39904,3.25337,3.32135,11993.980197593522,0
ZUE,D,20220921,000000,3.32135,3.32135,3.17567,3.2825,5419.326732480566,0
ZUE,D,20220922,000000,3.29221,3.29221,3.20481,3.20481,1741.2277227103623,0
ZUE,D,20220923,000000,3.20481,3.20481,2.96202,3.01058,28809.029701946103,0
ZUE,D,20220926,000000,2.99115,3.15625,2.99115,3.09799,3177.6633662236422,0
ZUE,D,20220927,000000,3.09799,3.20481,3.09799,3.10769,1867.8811880523936,0
ZUE,D,20220928,000000,3.13682,3.20481,3.09799,3.10769,8800.871286815769,0
ZUE,D,20220929,000000,3.18538,3.18538,2.91346,3.10769,12985.584157953997,0
ZUE,D,20220930,000000,3.18538,3.64183,3.18538,3.58355,72186.29702713575,0
ZUE,D,20221003,000000,3.6224,3.6224,3.30193,3.49616,12925.861385678689,0
ZUE,D,20221004,000000,3.33106,3.59327,3.33106,3.59327,10777.900989716074,0
ZUE,D,20221005,000000,3.63211,3.67096,3.535,3.67096,38807.44554317474,0
ZUE,D,20221006,000000,3.72923,3.86519,3.67096,3.83605,43860.1980182429,0
ZUE,D,20221007,000000,3.83605,3.83605,3.50587,3.71952,7725.861385863896,0
ZUE,D,20221010,000000,3.70981,3.70981,3.40875,3.69039,3101.465346424371,0
ZUE,D,20221011,000000,3.69039,3.83605,3.69039,3.80692,33693.94059286111,0
ZUE,D,20221012,000000,3.80692,3.80692,3.7001,3.79721,1636.1980197438002,0
ZUE,D,20221013,000000,3.80692,3.80692,3.59327,3.75837,10243.485148150818,0
ZUE,D,20221014,000000,3.7875,3.7875,3.60298,3.74866,5268.990098822545,0
ZUE,D,20221018,000000,3.7875,3.7875,3.59327,3.68067,17064.2376231554,0
ZUE,D,20221019,000000,3.68067,3.68067,3.58355,3.66125,2823.445544454059,0
ZUE,D,20221020,000000,3.68067,3.69039,3.50587,3.69039,8986.217821462646,0
ZUE,D,20221021,000000,3.69039,3.69039,3.64183,3.64183,109.14851484760403,0
ZUE,D,20221024,000000,3.64183,3.64183,3.64183,3.64183,503.52475245734314,0
ZUE,D,20221025,000000,3.69039,3.73894,3.6224,3.73894,7205.861385882387,0
ZUE,D,20221026,000000,3.73894,3.73894,3.6224,3.73894,1900.8316831007269,0
ZUE,D,20221027,000000,3.7875,3.7875,3.66125,3.77779,3301.2277226548917,0
ZUE,D,20221028,000000,3.77779,3.7875,3.70981,3.77779,2213.8613860598934,0
ZUE,D,20221031,000000,3.81663,3.84577,3.7001,3.84577,7007.128712622127,0
ZUE,D,20221102,000000,3.86519,3.86519,3.74866,3.82634,2469.2277226844762,0
ZUE,D,20221103,000000,3.82634,3.82634,3.73894,3.81663,1401.4257425244255,0
ZUE,D,20221104,000000,3.74866,3.94289,3.69039,3.90404,47173.78217654011,0
ZUE,D,20221107,000000,3.92346,3.93317,3.79721,3.91375,4572.910890926505,0
ZUE,D,20221108,000000,3.92346,3.92346,3.85548,3.88461,536.4752475056764,0
ZUE,D,20221109,000000,3.79721,3.88461,3.79721,3.88461,10963.247524362949,0
ZUE,D,20221110,000000,3.88461,3.88461,3.83605,3.88461,142.09900989593731,0
ZUE,D,20221114,000000,3.88461,3.88461,3.79721,3.8749,10440.158415470454,0
ZUE,D,20221115,000000,3.8749,3.8749,3.79721,3.8749,641.5049504722388,0
ZUE,D,20221116,000000,3.79721,3.8749,3.72923,3.7875,5011.564356257441,0
ZUE,D,20221117,000000,3.86519,3.86519,3.55443,3.67096,24450.297028833054,0
ZUE,D,20221118,000000,3.68067,3.71952,3.54472,3.67096,13819.643563864933,0
ZUE,D,20221121,000000,3.69039,3.69039,3.57384,3.67096,3953.0297028297346,0
ZUE,D,20221122,000000,3.80692,3.80692,3.68067,3.72923,148.2772277174998,0
ZUE,D,20221123,000000,3.64183,3.86519,3.64183,3.85548,31411.08910779346,0
ZUE,D,20221124,000000,3.85548,3.85548,3.77779,3.82634,1649.5841583571855,0
ZUE,D,20221125,000000,3.86519,3.86519,3.75837,3.85548,295.52475246473927,0
ZUE,D,20221128,000000,3.83605,3.83605,3.76808,3.80692,848.4752474945823,0
ZUE,D,20221129,000000,3.83605,3.84577,3.76808,3.7875,15727.683167757177,0
ZUE,D,20221130,000000,3.83605,3.84577,3.76808,3.81663,11276.277227321707,0
ZUE,D,20221201,000000,3.84577,3.84577,3.64183,3.73894,4928.158415666348,0
ZUE,D,20221202,000000,3.73894,3.83605,3.69039,3.83605,1986.2970296323413,0
ZUE,D,20221205,000000,3.83605,3.85548,3.7875,3.84577,5500.673267131139,0
ZUE,D,20221206,000000,3.85548,3.92346,3.7875,3.88461,13569.425742091957,0
ZUE,D,20221207,000000,3.88461,4.27307,3.88461,4.27307,97905.18811533046,0
ZUE,D,20221208,000000,4.61298,4.70039,4.4576,4.56442,53054.415839697234,0
ZUE,D,20221209,000000,4.56442,4.56442,4.31192,4.42846,18242.217821133927,0
ZUE,D,20221212,000000,4.3799,4.52557,4.31192,4.33134,10324.831682801492,0
ZUE,D,20221213,000000,4.46731,4.46731,4.31192,4.37019,3647.2079206623916,0
ZUE,D,20221214,000000,4.39933,4.65183,4.31192,4.49644,27813.30692970398,0
ZUE,D,20221215,000000,4.55471,4.55471,4.32163,4.41875,14633.108910370662,0
ZUE,D,20221216,000000,4.41875,4.43818,4.27307,4.39933,9968.554455091082,0
ZUE,D,20221219,000000,4.39933,4.40904,4.27307,4.40904,5810.613861179524,0
ZUE,D,20221220,000000,4.40904,4.40904,4.27307,4.40904,7451.960395774627,0
ZUE,D,20221221,000000,4.40904,4.40904,4.33134,4.37019,1997.623762305206,0
ZUE,D,20221222,000000,4.37019,4.37019,4.33134,4.37019,3572.039603833381,0
ZUE,D,20221223,000000,4.37019,4.66154,4.33134,4.56442,107603.96039221341,0
ZUE,D,20221227,000000,4.55471,4.55471,4.49644,4.53529,1543.5247524203628,0
ZUE,D,20221228,000000,4.51586,4.52557,4.33134,4.40904,89444.11880870032,0
ZUE,D,20221229,000000,4.40904,4.52557,4.33134,4.40904,4539.960395878172,0
ZUE,D,20221230,000000,4.48673,4.80721,4.4576,4.77807,24817.900989216327,0
ZUE,D,20230102,000000,4.82663,4.95288,4.82663,4.85577,25624.15841492993,0
ZUE,D,20230103,000000,4.76836,5.10827,4.76836,5.06942,22252.910890297735,0
ZUE,D,20230104,000000,5.05,5.16654,4.91404,5.06942,31576.87128600631,0
ZUE,D,20230105,000000,5.01115,5.03058,4.80721,5.01115,26059.722771350796,0
ZUE,D,20230109,000000,5.01115,5.24423,4.85577,5.20538,30159.999998927568,0
ZUE,D,20230110,000000,5.20538,5.20538,4.95288,5.1277,16011.88118754946,0
ZUE,D,20230111,000000,5.10827,5.10827,4.84606,4.84606,22006.811880405396,0
ZUE,D,20230112,000000,4.89462,4.91404,4.83635,4.89462,6810.4554453023875,0
ZUE,D,20230113,000000,4.89462,4.89462,4.84606,4.89462,1894.6534652791645,0
ZUE,D,20230116,000000,4.89462,5.20538,4.75865,4.95288,42010.85148365479,0
ZUE,D,20230117,000000,5.01115,5.01115,4.80721,4.85577,4639.841583993431,0
ZUE,D,20230118,000000,5.1277,5.1277,4.95288,5.06942,27985.267325737772,0
ZUE,D,20230119,000000,5.06942,5.06942,4.73923,4.80721,35768.792077936356,0
ZUE,D,20230120,000000,4.85577,4.87519,4.75865,4.82663,16068.514850913272,0
ZUE,D,20230123,000000,4.82663,4.82663,4.7101,4.7975,6400.633663138742,0
ZUE,D,20230124,000000,4.7975,5.16654,4.7975,4.99173,31079.524751369816,0
ZUE,D,20230125,000000,4.99173,4.99173,4.77807,4.87519,25556.198018893352,0
ZUE,D,20230126,000000,4.84606,5.01115,4.75865,4.78779,23731.5643555921,0
ZUE,D,20230127,000000,4.81692,5.2248,4.80721,5.14712,47017.267325060726,0
ZUE,D,20230130,000000,5.20538,5.24423,4.9723,5.18596,32458.29702854861,0
ZUE,D,20230131,000000,5.06942,5.2248,4.80721,4.87519,77414.0990071482,0
ZUE,D,20230201,000000,4.91404,4.95288,4.7975,4.91404,20773.22772203321,0
ZUE,D,20230202,000000,4.89462,4.91404,4.76836,4.89462,2543.366336543226,0
ZUE,D,20230203,000000,4.85577,4.89462,4.83635,4.89462,9103.603960072332,0
ZUE,D,20230206,000000,4.91404,5.18596,4.85577,5.10827,33648.63366217006,0
ZUE,D,20230207,000000,5.08885,5.08885,4.75865,4.95288,22473.267325934077,0
ZUE,D,20230208,000000,4.95288,4.9723,4.85577,4.95288,3334.178217703225,0
ZUE,D,20230209,000000,4.95288,4.99173,4.89462,4.93347,2378.6138613015596,0
ZUE,D,20230210,000000,4.9723,4.9723,4.76836,4.89462,11240.237623363102,0
ZUE,D,20230213,000000,4.89462,5.14712,4.89462,4.99173,12197.86138570529,0
ZUE,D,20230214,000000,5.01115,5.36077,4.95288,5.10827,113250.85148112316,0
ZUE,D,20230215,000000,5.10827,5.3025,5.10827,5.16654,5488.316831488014,0
ZUE,D,20230216,000000,5.28308,5.28308,5.18596,5.2248,876.2772276916136,0
ZUE,D,20230217,000000,5.2248,5.2248,5.10827,5.20538,2051.1683167587476,0
ZUE,D,20230220,000000,5.20538,5.20538,5.16654,5.20538,1785.5049504315602,0
ZUE,D,20230221,000000,5.16654,5.2248,5.14712,5.20538,3910.811881049058,0
ZUE,D,20230222,000000,5.2248,5.24423,5.10827,5.14712,20719.683167579875,0
ZUE,D,20230223,000000,5.14712,5.18596,5.05,5.18596,13274.930692597072,0
ZUE,D,20230224,000000,5.18596,5.18596,4.95288,4.9723,18402.851484493942,0
ZUE,D,20230227,000000,4.9723,5.05,4.89462,4.99173,3773.8613860044225,0
ZUE,D,20230228,000000,4.99173,5.05,4.93347,5.05,443.80198018223905,0
ZUE,D,20230301,000000,5.01115,5.05,4.95288,5.05,5133.069306748172,0
ZUE,D,20230302,000000,5.06942,5.06942,4.93347,5.03058,6216.316831462128,0
ZUE,D,20230303,000000,5.05,5.05,4.93347,4.9723,4840.633663194213,0
ZUE,D,20230306,000000,4.9723,5.01115,4.93347,4.95288,7624.950494778376,0
ZUE,D,20230307,000000,4.93347,4.95288,4.85577,4.91404,15200.475246984048,0
ZUE,D,20230308,000000,4.9723,4.9723,4.78779,4.89462,28077.940593061212,0
ZUE,D,20230309,000000,4.89462,4.89462,4.75865,4.85577,10716.118811500448,0
ZUE,D,20230310,000000,4.85577,4.93347,4.7101,4.93347,8512.554455142854,0
ZUE,D,20230313,000000,4.83635,4.91404,4.7198,4.80721,14973.940593526757,0
ZUE,D,20230314,000000,4.83635,4.91404,4.80721,4.89462,7804.118811603688,0
ZUE,D,20230315,000000,4.91404,4.91404,4.70039,4.75865,8665.980197711657,0
ZUE,D,20230316,000000,4.80721,4.81692,4.68097,4.74894,10719.207920410925,0
ZUE,D,20230317,000000,4.77807,4.7975,4.75865,4.76836,3724.435643431923,0
ZUE,D,20230320,000000,4.72951,4.76836,4.66154,4.73923,3789.306930558329,0
ZUE,D,20230321,000000,4.75865,4.81692,4.70039,4.81692,2418.7722771417157,0
ZUE,D,20230322,000000,4.81692,4.83635,4.7198,4.83635,3191.049504837027,0
ZUE,D,20230323,000000,4.84606,4.85577,4.77807,4.84606,2920.237623658538,0
ZUE,D,20230324,000000,4.89462,4.93347,4.75865,4.81692,11523.405940184208,0
ZUE,D,20230327,000000,4.72951,4.81692,4.72951,4.80721,2841.980197918747,0
ZUE,D,20230328,000000,4.80721,4.82663,4.72951,4.82663,11289.663365934786,0
ZUE,D,20230329,000000,4.82663,4.82663,4.82663,4.82663,6.178217821562492,0
ZUE,D,20230330,000000,4.82663,4.93347,4.82663,4.91404,4969.346534476765,0
ZUE,D,20230331,000000,4.95288,4.95288,4.85577,4.87519,5539.801980001034,0
ZUE,D,20230403,000000,4.95288,5.05,4.89462,5.03058,22097.425741788516,0
ZUE,D,20230404,000000,5.05,5.05,4.89462,4.99173,5952.712871075461,0
ZUE,D,20230405,000000,4.99173,5.01115,4.89462,4.99173,3006.732673160413,0
ZUE,D,20230406,000000,4.9723,5.03058,4.91404,5.03058,10692.435643183746,0
ZUE,D,20230411,000000,5.03058,5.10827,4.95288,5.10827,29724.435642507717,0
ZUE,D,20230412,000000,5.10827,5.1277,5.06942,5.1277,1677.3861385542168,0
ZUE,D,20230413,000000,5.1277,5.16654,5.01115,5.16654,6889.74257401244,0
ZUE,D,20230414,000000,5.16654,5.18596,5.05,5.18596,1391.1287128218212,0
ZUE,D,20230417,000000,5.14712,5.16654,5.06942,5.14712,14034.851484649462,0
ZUE,D,20230418,000000,5.14712,5.16654,4.9723,5.03058,3543.2079206660896,0
ZUE,D,20230419,000000,5.10827,5.10827,4.99173,5.06942,2783.287128613903,0
ZUE,D,20230420,000000,5.06942,5.06942,5.01115,5.03058,233.7425742491143,0
ZUE,D,20230421,000000,5.03058,5.05,4.99173,5.05,9320.871286797279,0
ZUE,D,20230424,000000,5.05,5.05,4.93347,4.9723,5815.762376030827,0
ZUE,D,20230425,000000,4.9723,5.1277,4.9723,5.06942,9760.554455098478,0
ZUE,D,20230426,000000,5.01115,5.05,5.01115,5.01115,1499.2475246991648,0
ZUE,D,20230427,000000,5.06942,5.06942,4.9723,5.03058,992.6336633310405,0
ZUE,D,20230428,000000,5.05,5.05,4.95288,5.01115,2020.2772276509352,0
ZUE,D,20230502,000000,5.05,5.26365,5.05,5.14712,29450.53465241804,0
ZUE,D,20230504,000000,5.20538,5.47731,5.20538,5.47731,32850.61386021773,0
ZUE,D,20230505,000000,5.51615,5.6327,5.43846,5.555,12954.693068846183,0
ZUE,D,20230508,000000,5.6327,6.11827,5.53558,5.98231,87435.16831372234,0
ZUE,D,20230509,000000,5.98231,6.02116,5.59385,5.6327,17434.93069244915,0
ZUE,D,20230510,000000,5.6327,5.65211,5.47731,5.6327,17337.10891027492,0
ZUE,D,20230511,000000,5.6327,5.78808,5.53558,5.71038,5279.28712852515,0
ZUE,D,20230512,000000,5.6327,5.72981,5.57443,5.71038,5892.990098800357,0
ZUE,D,20230515,000000,5.69096,5.69096,5.555,5.61327,8297.346534358427,0
ZUE,D,20230516,000000,5.71038,5.74923,5.57443,5.74923,1660.9108910300502,0
ZUE,D,20230517,000000,5.74923,5.74923,5.53558,5.72981,6139.089108692597,0
ZUE,D,20230518,000000,5.53558,5.71038,5.24423,5.24423,55677.06930495082,0
ZUE,D,20230519,000000,5.34135,5.39962,5.10827,5.1277,27258.297028733512,0
ZUE,D,20230522,000000,5.08885,5.34135,5.06942,5.26365,6960.792078960409,0
ZUE,D,20230523,000000,5.26365,5.32192,5.1277,5.2248,4936.396039428432,0
ZUE,D,20230524,000000,5.24423,5.24423,5.10827,5.24423,5672.633663164629,0
ZUE,D,20230525,000000,5.2248,5.2248,5.10827,5.18596,8476.51485118374,0
ZUE,D,20230526,000000,5.18596,5.18596,5.10827,5.14712,5154.693069123639,0
ZUE,D,20230529,000000,5.16654,5.24423,5.1277,5.1277,7979.168316547959,0
ZUE,D,20230530,000000,5.20538,5.20538,5.10827,5.14712,2427.009900903799,0
ZUE,D,20230531,000000,5.1277,5.24423,5.06942,5.06942,8102.7326729792085,0
ZUE,D,20230601,000000,5.06942,5.16654,5.06942,5.10827,4985.821782000931,0
ZUE,D,20230602,000000,5.16654,5.16654,5.08885,5.16654,7212.039603703949,0
ZUE,D,20230605,000000,5.16654,5.20538,5.06942,5.16654,5876.514851276191,0
ZUE,D,20230606,000000,5.10827,5.20538,5.10827,5.10827,1638.2574256843209,0
ZUE,D,20230607,000000,5.16654,5.16654,5.10827,5.16654,1962.6138613163519,0
ZUE,D,20230609,000000,5.16654,5.16654,5.10827,5.14712,1561.0297029147898,0
ZUE,D,20230612,000000,5.14712,5.14712,5.1277,5.14712,1360.2376237140088,0
ZUE,D,20230613,000000,5.14712,5.14712,5.14712,5.14712,9.267326732343738,0
ZUE,D,20230614,000000,5.14712,5.16654,5.14712,5.16654,382.0198019666141,0
ZUE,D,20230615,000000,5.16654,5.16654,5.14712,5.14712,14.415841583645815,0
ZUE,D,20230616,000000,5.14712,5.14712,5.06942,5.14712,6982.415841335877,0
ZUE,D,20230619,000000,5.08885,5.14712,5.06942,5.14712,1265.5049504500505,0
ZUE,D,20230620,000000,5.14712,5.14712,5.08885,5.1277,315.0891088996871,0
ZUE,D,20230621,000000,5.14712,5.14712,5.08885,5.14712,9655.524752131914,0
ZUE,D,20230622,000000,5.14712,5.14712,5.1277,5.1277,265.6633663271872,0
ZUE,D,20230623,000000,5.01115,5.14712,5.01115,5.1277,9156.118811555614,0
ZUE,D,20230626,000000,5.1277,5.1277,5.05,5.05,2881.1089107886423,0
ZUE,D,20230627,000000,5.05,5.14712,5.03058,5.05,16628.67326673555,0
ZUE,D,20230628,000000,5.08885,5.08885,5.01115,5.06942,6180.277227503013,0
ZUE,D,20230629,000000,5.06942,5.1277,5.01115,5.1277,6000.07920770744,0
ZUE,D,20230630,000000,5.08885,5.08885,5.01115,5.06942,1915.2475246843726,0
ZUE,D,20230703,000000,5.06942,5.1277,5.06942,5.08885,829.9405940298949,0
ZUE,D,20230704,000000,5.10827,5.39962,5.10827,5.39962,14685.623761853842,0
ZUE,D,20230705,000000,5.41903,5.8075,5.41903,5.59385,26789.782177265537,0
ZUE,D,20230706,000000,5.59385,6.13769,5.24423,5.92404,72035.96039347835,0
ZUE,D,20230707,000000,5.90461,6.02116,5.90461,6.02116,30403.009899909433,0
ZUE,D,20230710,000000,6.07943,6.15711,6.02116,6.13769,16491.72277169122,0
ZUE,D,20230711,000000,6.15711,6.15711,6.04058,6.07943,4484.356435484109,0
ZUE,D,20230712,000000,6.07943,6.11827,5.92404,6.06,26639.445543607108,0
ZUE,D,20230713,000000,6.06,6.06,5.90461,6.04058,5479.049504755671,0
ZUE,D,20230714,000000,6.02116,6.02116,5.90461,5.94346,882.455445513176,0
ZUE,D,20230717,000000,5.98269,6.06115,5.98269,6.06115,6669.2549017170995,0
ZUE,D,20230718,000000,6.10038,6.33577,6.00231,6.31615,9476.2352937714,0
ZUE,D,20230719,000000,6.31615,6.61038,6.31615,6.57115,28877.3333322782,0
ZUE,D,20230720,000000,6.57115,6.64962,6.55154,6.64962,3644.0784312394,0
ZUE,D,20230721,000000,6.64962,6.64962,6.375,6.57115,16422.8235288117,0
ZUE,D,20230724,000000,6.61038,6.61038,6.31615,6.55154,2590.8235293171,0
ZUE,D,20230725,000000,6.53192,6.68885,6.53192,6.68885,9109.1764702554,0
ZUE,D,20230726,000000,6.70846,6.70846,6.41423,6.64962,5387.6078429404,0
ZUE,D,20230727,000000,6.41423,6.66923,6.41423,6.55154,12875.6078426668,0
ZUE,D,20230728,000000,6.53192,6.57115,6.41423,6.57115,3357.5686273283,0
ZUE,D,20230731,000000,6.61038,6.61038,6.39462,6.39462,530.196078412,0
ZUE,D,20230801,000000,6.39462,6.49269,6.39462,6.49269,1168.4705881926,0
ZUE,D,20230802,000000,6.49269,6.49269,6.375,6.45346,513.8823529224,0
ZUE,D,20230803,000000,6.47308,6.49269,6.43385,6.49269,1987.2156862018999,0
ZUE,D,20230804,000000,6.49269,6.49269,6.12,6.12,5927.9999997834,0
ZUE,D,20230807,000000,6.27692,6.31615,6.17885,6.21808,1445.8039215157999,0
ZUE,D,20230808,000000,6.31615,6.31615,6.00231,6.13962,7867.2941173596,0
ZUE,D,20230809,000000,5.88462,5.88462,5.39423,5.45308,45665.1764689197,0
ZUE,D,20230810,000000,5.41385,5.53154,5.21769,5.45308,10181.803921196599,0
ZUE,D,20230811,000000,5.23731,5.27654,4.94308,5.02154,17916.5490189532,0
ZUE,D,20230814,000000,5.04115,5.23731,5.04115,5.23731,6102.3529409534995,0
ZUE,D,20230816,000000,5.23731,5.23731,5.02154,5.15885,9674.0392153328,0
ZUE,D,20230817,000000,5.15885,5.15885,5.06077,5.15885,3239.2941175287,0
ZUE,D,20230818,000000,5.15885,5.17846,5.15885,5.17846,420.0784313572,0
ZUE,D,20230821,000000,5.21769,5.21769,5.04115,5.11962,2118.7450979617997,0
ZUE,D,20230822,000000,4.96269,5.27654,4.96269,4.98231,11920.235293682099,0
ZUE,D,20230823,000000,4.98231,5.13923,4.96269,4.96269,5501.8039213676,0
ZUE,D,20230824,000000,5.19808,5.41385,5.00192,5.41385,845669.8823220417,0
ZUE,D,20230825,000000,5.31577,5.62962,5.31577,5.53154,28088.1568617188,0
ZUE,D,20230828,000000,5.61,5.61,5.47269,5.57077,1197.0196077993999,0
ZUE,D,20230829,000000,5.57077,5.57077,5.47269,5.55115,3865.3333331921,0
ZUE,D,20230830,000000,5.55115,5.61,5.47269,5.55115,2356.3137254041,0
ZUE,D,20230831,000000,5.57077,5.57077,5.45308,5.51192,8315.9215683236,0
ZUE,D,20230901,000000,5.53154,5.55115,5.45308,5.55115,1157.2549019184999,0
ZUE,D,20230904,000000,5.57077,5.61,5.49231,5.61,3866.3529410352,0
ZUE,D,20230905,000000,5.62962,5.72769,5.53154,5.70808,8202.7450977395,0
ZUE,D,20230906,000000,5.72769,5.72769,5.62962,5.66885,1337.7254901472,0
ZUE,D,20230907,000000,5.68846,5.68846,5.55115,5.61,3009.8823528312,0
ZUE,D,20230908,000000,5.66885,5.66885,5.64923,5.64923,954.3529411416,0
ZUE,D,20230911,000000,5.66885,5.74731,5.51192,5.51192,4055.9999998517997,0
ZUE,D,20230912,000000,5.68846,5.94346,5.51192,5.82577,52336.470586323,0
ZUE,D,20230913,000000,5.70808,5.865,5.70808,5.70808,10805.8039211738,0
ZUE,D,20230914,000000,5.84538,5.84538,5.74731,5.80615,3374.901960661,0
ZUE,D,20230915,000000,5.82577,5.865,5.72769,5.84538,1893.4117646367,0
ZUE,D,20230918,000000,5.865,5.865,5.70808,5.76692,8520.8627447867,0
ZUE,D,20230919,000000,5.78654,5.78654,5.68846,5.68846,8425.0196075353,0
ZUE,D,20230920,000000,5.78654,5.865,5.64923,5.865,1126.6666666255,0
ZUE,D,20230921,000000,5.865,5.92385,5.78654,5.88462,3019.0588234191,0
ZUE,D,20230922,000000,5.90423,5.90423,5.72769,5.90423,3298.4313724285,0
ZUE,D,20230925,000000,5.90423,5.90423,5.78654,5.78654,4775.8431370804,0
ZUE,D,20230926,000000,5.78654,5.82577,5.72769,5.82577,2166.6666665875,0
ZUE,D,20230927,000000,5.78654,5.82577,5.72769,5.82577,5015.4509802089,0
ZUE,D,20230928,000000,5.82577,5.82577,5.66885,5.82577,4587.2156861069,0
ZUE,D,20230929,000000,5.82577,5.82577,5.64923,5.82577,858.5098038901999,0
ZUE,D,20231002,000000,5.82577,5.82577,5.68846,5.68846,2578.5882351999,0
ZUE,D,20231003,000000,5.68846,5.68846,5.59038,5.64923,334.4313725368,0
ZUE,D,20231004,000000,5.64923,5.64923,5.51192,5.55115,6051.3725487985,0
ZUE,D,20231005,000000,5.55115,5.55115,5.49231,5.55115,754.509803894,0
ZUE,D,20231006,000000,5.55115,6.08077,5.45308,6.08077,39859.5294103083,0
ZUE,D,20231009,000000,6.08077,6.08077,5.61,5.94346,9449.7254898508,0
ZUE,D,20231010,000000,6.06115,6.06115,5.82577,5.90423,6470.4313723126,0
ZUE,D,20231011,000000,6.06115,6.06115,5.84538,5.84538,1204.1568627011,0
ZUE,D,20231012,000000,6.06115,6.06115,5.94346,6.04154,1974.9803920847,0
ZUE,D,20231013,000000,6.04154,6.06115,5.88462,6.06115,2351.2156861886,0
ZUE,D,20231016,000000,6.08077,6.25731,5.88462,6.21808,16182.196077840099,0
ZUE,D,20231017,000000,6.29654,6.35538,6.10038,6.27692,11547.0588231075,0
ZUE,D,20231018,000000,6.35538,6.35538,6.21808,6.27692,2123.8431371773,0
ZUE,D,20231019,000000,6.27692,6.27692,6.08077,6.19846,4387.3725488593,0
ZUE,D,20231020,000000,6.35538,6.35538,6.29654,6.29654,85.64705882039999,0
ZUE,D,20231023,000000,6.35538,6.35538,6.00231,6.27692,6749.803921322,0
ZUE,D,20231024,000000,6.35538,6.35538,5.98269,6.12,8238.431372248,0
ZUE,D,20231025,000000,6.12,6.21808,5.96308,6.19846,6043.2156860537,0
ZUE,D,20231026,000000,6.19846,6.19846,6.02192,6.17885,2130.980392079,0
ZUE,D,20231027,000000,6.17885,6.27692,6.06115,6.23769,1743.5294117009998,0
ZUE,D,20231030,000000,6.27692,6.33577,6.06115,6.12,2104.4705881584,0
ZUE,D,20231031,000000,6.27692,6.27692,6.04154,6.27692,3540.0784312431997,0
ZUE,D,20231102,000000,6.31615,6.53192,6.08077,6.51231,24407.372548127798,0
ZUE,D,20231103,000000,6.53192,6.57115,6.23769,6.41423,5527.2941174451,0
ZUE,D,20231106,000000,6.41423,6.61038,6.375,6.51231,5335.6078429423,0
ZUE,D,20231107,000000,6.55154,6.64962,6.47308,6.53192,7653.1764703086,0
ZUE,D,20231108,000000,6.53192,6.63,6.49269,6.63,1897.4901960091,0
ZUE,D,20231109,000000,6.63,6.63,6.63,6.63,2.0392156862,0
ZUE,D,20231110,000000,6.63,6.63,6.49269,6.59077,389.4901960642,0
ZUE,D,20231113,000000,6.57115,6.61038,6.31615,6.47308,5232.627450789199,0
ZUE,D,20231114,000000,6.47308,6.47308,6.31615,6.41423,1679.2941175857,0
ZUE,D,20231115,000000,6.41423,6.53192,6.41423,6.53192,1648.7058822927,0
ZUE,D,20231116,000000,6.57115,6.57115,6.45346,6.55154,3164.8627449824,0
ZUE,D,20231117,000000,6.55154,6.57115,6.375,6.57115,10567.2156858884,0
ZUE,D,20231120,000000,6.63,6.63,6.41423,6.51231,2553.0980391223998,0
ZUE,D,20231121,000000,6.47308,6.64962,6.375,6.47308,9006.196078102299,0
ZUE,D,20231122,000000,6.47308,6.63,6.31615,6.51231,10726.274509412,0
ZUE,D,20231123,000000,6.49269,6.61038,6.375,6.61038,1916.8627450279998,0
ZUE,D,20231124,000000,6.57115,6.57115,6.33577,6.33577,12205.725489750099,0
ZUE,D,20231127,000000,6.43385,6.45346,6.27692,6.43385,2076.9411763947,0
ZUE,D,20231128,000000,6.43385,6.43385,6.29654,6.375,5737.3333331237,0
ZUE,D,20231129,000000,6.39462,6.39462,6.375,6.375,16.3137254896,0
ZUE,D,20231130,000000,6.41423,6.41423,6.25731,6.41423,2832.4705881318,0
ZUE,D,20231201,000000,6.41423,6.45346,6.17885,6.39462,16709.3333327228,0
ZUE,D,20231204,000000,6.39462,6.41423,6.39462,6.39462,875.8431372228999,0
ZUE,D,20231205,000000,6.35538,6.49269,6.29654,6.47308,6711.0588232842,0
ZUE,D,20231206,000000,6.47308,6.47308,6.41423,6.45346,3668.5490194738,0
ZUE,D,20231207,000000,6.41423,6.41423,6.27692,6.375,1365.2549019109,0
ZUE,D,20231208,000000,6.33577,6.45346,6.33577,6.43385,2586.7450979447,0
ZUE,D,20231211,000000,6.47308,6.53192,6.33577,6.47308,983.9215685915,0
ZUE,D,20231212,000000,6.53192,6.53192,6.49269,6.49269,12.235294117199999,0
ZUE,D,20231213,000000,6.49269,6.82615,6.49269,6.82615,57170.4313704601,0
ZUE,D,20231214,000000,6.82615,7.06154,6.72808,6.72808,15806.9803915793,0
ZUE,D,20231215,000000,7.00269,7.00269,6.63,6.96346,9202.9803918206,0
ZUE,D,20231218,000000,6.94385,7.04192,6.885,7.04192,7017.9607840573,0
ZUE,D,20231219,000000,7.02231,7.14,7.02231,7.06154,21315.9215678486,0
ZUE,D,20231220,000000,7.14,7.15962,7.06154,7.12038,6012.6274507606995,0
ZUE,D,20231221,000000,7.04192,7.12038,6.96346,7.06154,1497.8039215139,0
ZUE,D,20231222,000000,7.19885,7.57154,7.19885,7.43423,58343.999997868195,0
ZUE,D,20231227,000000,7.51269,8.02269,7.47346,7.78731,56107.9999979499,0
ZUE,D,20231228,000000,7.78731,7.96385,7.78731,7.86577,31803.607841975198,0
ZUE,D,20231229,000000,7.92462,8.06192,7.92462,8.06192,18151.058822866198,0
ZUE,D,20240102,000000,8.04231,8.04231,7.66962,7.82654,61617.9607820623,0
ZUE,D,20240103,000000,7.82654,7.84615,7.65,7.70885,28246.196077399298,0
ZUE,D,20240104,000000,7.68923,7.70885,7.47346,7.63038,26597.4901951066,0
ZUE,D,20240105,000000,7.55192,7.68923,7.55192,7.65,12629.882352479699,0
ZUE,D,20240108,000000,7.70885,8.31692,7.70885,8.14038,84904.7843106232,0
ZUE,D,20240109,000000,8.14038,8.23846,8.00308,8.21885,12547.2941171886,0
ZUE,D,20240110,000000,8.23846,8.33654,8.06192,8.29731,10095.1372545331,0
ZUE,D,20240111,000000,8.33654,8.33654,8.00308,8.08154,10405.0980388355,0
ZUE,D,20240112,000000,8.10115,8.23846,8.00308,8.21885,7599.1372546243,0
ZUE,D,20240115,000000,8.00308,8.19923,7.94423,7.94423,9527.2156859264,0
ZUE,D,20240116,000000,7.94423,7.94423,7.84615,7.84615,6871.1372546509,0
ZUE,D,20240117,000000,7.905,7.98346,7.78731,7.88538,5834.1960782182,0
ZUE,D,20240118,000000,7.86577,8.12077,7.82654,7.98346,11774.4313721188,0
ZUE,D,20240119,000000,7.98346,8.14038,7.98346,8.04231,4229.3333331788,0
ZUE,D,20240122,000000,8.06192,8.29731,7.96385,8.25808,9481.3333329869,0
ZUE,D,20240123,000000,8.27769,8.49346,8.16,8.33654,8601.4117643916,0
ZUE,D,20240124,000000,8.49346,8.61115,8.43462,8.61115,31756.7058811926,0
ZUE,D,20240125,000000,8.63077,8.80731,8.49346,8.80731,19614.1960777147,0
ZUE,D,20240126,000000,8.72885,8.925,8.72885,8.74846,13161.098038734799,0
ZUE,D,20240129,000000,8.72885,8.88577,8.65038,8.86615,5674.1176468515,0
ZUE,D,20240130,000000,8.84654,8.86615,8.72885,8.84654,15813.0980386379,0
ZUE,D,20240131,000000,8.84654,9.21923,8.82692,9.14077,43454.6666650789,0
ZUE,D,20240201,000000,9.21923,9.49385,9.08192,9.25846,18199.999999335,0
ZUE,D,20240202,000000,9.29769,9.45462,9.10154,9.10154,9860.627450620099,0
ZUE,D,20240205,000000,9.18,9.39577,9.00346,9.16038,15666.2745092315,0
ZUE,D,20240206,000000,9.14077,9.16038,8.74846,8.98385,6704.9411762255995,0
ZUE,D,20240207,000000,8.925,9.12115,8.86615,8.88577,5752.6274507702,0
ZUE,D,20240208,000000,9.08192,9.29769,8.925,9.00346,2634.6666665704,0
ZUE,D,20240209,000000,9.25846,9.29769,8.925,9.18,2886.5098038161,0
ZUE,D,20240212,000000,9.21923,9.29769,8.80731,9.02308,7362.5882350250995,0
ZUE,D,20240213,000000,8.96423,8.96423,8.63077,8.78769,11340.0784309582,0
ZUE,D,20240214,000000,8.67,8.925,8.67,8.925,3504.3921567346997,0
ZUE,D,20240215,000000,8.88577,8.925,8.68962,8.82692,1432.5490195554999,0
ZUE,D,20240216,000000,8.70923,8.925,8.65038,8.925,4480.1568625814,0
ZUE,D,20240219,000000,8.98385,8.98385,8.80731,8.96423,1630.3529411169,0
ZUE,D,20240220,000000,8.84654,9.29769,8.84654,9.12115,34015.1372536591,0
ZUE,D,20240221,000000,9.10154,9.10154,8.88577,8.98385,7114.823529151799,0
ZUE,D,20240222,000000,9.12115,9.12115,8.88577,9.02308,7139.2941173862,0
ZUE,D,20240223,000000,9.02308,9.27808,8.925,9.21923,12798.1176465912,0
ZUE,D,20240226,000000,9.02308,9.31731,9.02308,9.31731,8067.1372546072,0
ZUE,D,20240227,000000,9.31731,9.41538,9.31731,9.41538,14514.117646528499,0
ZUE,D,20240228,000000,9.37615,10.2981,9.37615,10.1019,28552.0784303293,0
ZUE,D,20240229,000000,10.1019,11.0337,9.90577,10.5433,36619.2156849365,0
ZUE,D,20240301,000000,10.5433,11.3769,10.151,10.9846,37394.1176456925,0
ZUE,D,20240304,000000,11.6712,11.7692,11.2788,11.6712,87595.52940856409,0
ZUE,D,20240305,000000,11.7692,13.4365,11.7692,12.8971,206532.7843061791,0
ZUE,D,20240306,000000,13.1423,13.1913,12.5538,12.6519,73721.7254875024,0
ZUE,D,20240307,000000,12.2596,12.6519,11.3279,12.2106,98794.9019571745,0
ZUE,D,20240308,000000,12.1125,12.1615,11.6221,12.0635,11732.6274505517,0
ZUE,D,20240311,000000,12.0635,12.1125,11.426,12.0144,39328.3137240532,0
ZUE,D,20240312,000000,12.0144,12.6029,12.0144,12.5538,29097.568626387798,0
ZUE,D,20240313,000000,12.6519,13.3385,12.6029,13.2404,52167.2156843684,0
ZUE,D,20240314,000000,13.3385,14.1721,13.2404,14.025,60606.5098017071,0
ZUE,D,20240315,000000,14.025,14.1721,13.9269,13.9269,25331.137253976398,0
ZUE,D,20240318,000000,14.025,14.1231,13.7798,14.025,61461.960782067996,0
ZUE,D,20240319,000000,13.8288,14.025,12.75,13.5346,26766.7450970612,0
ZUE,D,20240320,000000,13.6327,13.7308,13.2404,13.2404,7268.7843134599,0
ZUE,D,20240321,000000,13.2404,13.6817,13.0933,13.6817,3539.0588234000998,0
ZUE,D,20240322,000000,13.6817,13.6817,13.0442,13.3385,10057.4117643384,0
ZUE,D,20240325,000000,13.3385,13.6817,12.6519,12.75,31237.725489054697,0
ZUE,D,20240326,000000,12.75,12.75,11.9654,12.4558,37836.6274495979,0
ZUE,D,20240327,000000,12.6519,12.799,12.2596,12.6519,19342.9803914501,0
ZUE,D,20240328,000000,12.701,12.8971,12.3577,12.6029,20272.8627443573,0
ZUE,D,20240402,000000,12.6029,12.6029,11.8673,12.0635,42261.7254886519,0
ZUE,D,20240403,000000,11.5731,11.6221,11.1808,11.2788,82324.1568597371,0
ZUE,D,20240404,000000,11.2788,11.426,10.8375,11.0827,29629.803920486,0
ZUE,D,20240405,000000,11.0337,11.524,10.6413,11.0337,28960.941175412398,0
ZUE,D,20240408,000000,11.2788,11.9654,11.2788,11.7692,34527.9999987384,0
ZUE,D,20240409,000000,11.7692,11.9163,11.426,11.6712,31527.2941164951,0
ZUE,D,20240410,000000,11.6712,11.6712,11.475,11.524,12498.3529407198,0
ZUE,D,20240411,000000,11.524,11.5731,11.3769,11.524,16169.9607837229,0
ZUE,D,20240412,000000,11.475,11.6712,11.2788,11.524,10225.6470584499,0
ZUE,D,20240415,000000,11.524,11.524,10.6413,10.8865,19691.6862737903,0
ZUE,D,20240416,000000,10.6904,10.6904,10.0038,10.4942,27207.2156852804,0
ZUE,D,20240417,000000,10.4942,10.8865,10.1019,10.7885,32655.999998806798,0
ZUE,D,20240418,000000,10.8375,11.1808,10.5433,11.0827,11801.9607838825,0
ZUE,D,20240419,000000,11.1317,11.2788,10.5923,10.6904,10489.7254898128,0
ZUE,D,20240422,000000,10.7394,11.1317,10.7394,11.0827,9970.7450976749,0
ZUE,D,20240423,000000,11.0827,11.0827,10.7394,10.7394,4747.2941174736,0
ZUE,D,20240424,000000,10.9846,10.9846,10.6413,10.6413,4220.156862590899,0
ZUE,D,20240425,000000,10.6904,10.9846,10.3962,10.5923,5688.3921566549,0
ZUE,D,20240426,000000,10.5923,11.0827,10.5923,10.7394,12359.6862740582,0
ZUE,D,20240429,000000,10.7885,10.9356,10.6413,10.7885,4149.803921417,0
ZUE,D,20240430,000000,10.6413,10.7885,10.5923,10.7394,6019.7647056624,0
ZUE,D,20240502,000000,10.4942,10.5433,10.2981,10.3471,8055.9215683330995,0
ZUE,D,20240506,000000,10.0038,10.249,9.95481,9.95481,21303.6862737314,0
ZUE,D,20240507,000000,9.95481,10.1019,9.61154,9.74885,36468.3137241577,0
ZUE,D,20240508,000000,9.61154,9.78808,9.35654,9.51346,29595.137253820598,0
ZUE,D,20240509,000000,9.51346,9.70962,9.51346,9.57231,8937.882352614599,0
ZUE,D,20240510,000000,9.76846,9.76846,9.57231,9.63115,13345.647058335899,0
ZUE,D,20240513,000000,9.51346,10.1019,9.51346,10.0529,18313.1764699191,0
ZUE,D,20240514,000000,10.0529,10.9356,10.0529,10.4942,32794.6666654684,0
ZUE,D,20240515,000000,10.6904,10.7885,10.4942,10.7394,6706.980391911799,0
ZUE,D,20240516,000000,10.5433,10.5923,9.80769,10.0038,36188.9411751483,0
ZUE,D,20240517,000000,9.80769,9.90577,9.51346,9.76846,15098.3529406248,0
ZUE,D,20240520,000000,9.72923,9.76846,9.435,9.61154,22555.764705058198,0
ZUE,D,20240521,000000,9.53308,10.3471,9.51346,10.3471,27531.450979386198,0
ZUE,D,20240522,000000,10.4942,10.6413,10.0038,10.151,10819.058823134099,0
ZUE,D,20240523,000000,10.0529,10.4452,9.90577,10.2,9297.8039212289,0
ZUE,D,20240524,000000,10.0529,10.2981,9.85673,10.0529,9409.9607839699,0
ZUE,D,20240527,000000,10.2981,10.2981,9.90577,10.249,13337.4901955911,0
ZUE,D,20240528,000000,10.2981,10.2981,10.0038,10.249,48270.2745080402,0
ZUE,D,20240529,000000,10.2981,10.4942,9.61154,9.80769,13744.313724988,0
ZUE,D,20240531,000000,9.95481,9.95481,9.70962,9.70962,3978.5098037762,0
ZUE,D,20240603,000000,9.90577,10.0038,9.80769,10.0038,2864.0784312678998,0
ZUE,D,20240604,000000,9.95481,10.0038,9.80769,10.0038,1788.3921567974,0
ZUE,D,20240605,000000,9.95481,11.0827,9.95481,10.6904,89108.6274477245,0
ZUE,D,20240606,000000,10.7394,10.9846,10.5433,10.7885,12509.5686269939,0
ZUE,D,20240607,000000,10.5923,10.8865,10.5923,10.5923,5885.1764703732,0
ZUE,D,20240610,000000,10.5923,10.7394,10.2981,10.5923,21750.2745090092,0
ZUE,D,20240611,000000,10.4452,10.9356,10.4452,10.7394,17584.156862102598,0
ZUE,D,20240612,000000,10.8865,10.8865,10.2981,10.5433,4975.686274328,0
ZUE,D,20240613,000000,10.5923,10.5923,10.3471,10.3471,2325.7254901111,0
ZUE,D,20240614,000000,10.3471,10.5433,10.3471,10.5433,2088.1568626688,0
ZUE,D,20240617,000000,10.3962,10.5923,10.3962,10.5433,1367.2941175971,0
ZUE,D,20240618,000000,10.5433,10.5433,10.3471,10.4942,2069.803921493,0
ZUE,D,20240619,000000,10.4942,10.5923,10.4942,10.5923,4228.3137253357,0
ZUE,D,20240620,000000,10.5923,10.5923,10.4452,10.5923,3275.9999998803,0
ZUE,D,20240621,000000,10.4452,10.5923,10.4452,10.4942,2878.3529410713,0
ZUE,D,20240624,000000,10.5433,10.5923,10.4452,10.5923,6813.019607594199,0
ZUE,D,20240625,000000,10.4942,10.5923,10.4452,10.5923,7790.823529127099,0
ZUE,D,20240626,000000,10.5923,11.8673,10.5923,11.8183,131821.0196030266,0
ZUE,D,20240627,000000,11.8183,11.9654,11.426,11.6712,29366.7450969662,0
ZUE,D,20240628,000000,11.7692,11.7692,11.3279,11.475,21131.3725482475,0
ZUE,D,20240701,000000,11.6712,11.9654,11.1808,11.5731,28190.1176460288,0
ZUE,D,20240702,000000,11.6712,11.7202,11.2298,11.524,14518.196077900899,0
ZUE,D,20240703,000000,11.6221,11.6712,10.7885,11.2298,17583.137254259498,0
ZUE,D,20240704,000000,11.1317,11.2788,10.6904,10.8865,17156.941175843698,0
ZUE,D,20240705,000000,11.1317,11.1317,10.7394,11.0337,5739.3725488099,0
ZUE,D,20240708,000000,11.0827,11.426,10.7885,11.426,9094.901960452,0
ZUE,D,20240709,000000,11.426,11.426,11.1317,11.2788,10087.9999996314,0
ZUE,D,20240710,000000,11.1808,11.524,11.1808,11.524,12593.176470128099,0
ZUE,D,20240711,000000,11.5731,11.8673,11.3279,11.7692,19510.196077718498,0
ZUE,D,20240712,000000,11.5731,11.8673,11.426,11.7692,8137.4901957811,0
ZUE,D,20240715,000000,11.7692,11.7692,11.475,11.6221,3743.9999998631997,0
ZUE,D,20240716,000000,11.5731,11.6221,10.9846,11.1317,5974.901960566,0
ZUE,D,20240717,000000,11.0827,11.1808,10.7885,10.9846,4838.0392155095,0
ZUE,D,20240718,000000,10.9846,11.1808,10.8375,11.1808,2322.6666665817997,0
ZUE,D,20240719,000000,11.1317,11.1317,10.9356,11.0827,2000.4705881621999,0
ZUE,D,20240722,000000,11.1808,11.1808,10.8865,11.1808,2926.2745096969998,0
ZUE,D,20240723,000000,11.1317,11.1808,10.7885,10.9846,2674.4313724513,0
ZUE,D,20240724,000000,10.9846,10.9846,10.2,10.5923,11335.9999995858,0
ZUE,D,20240725,000000,10.5433,10.5923,10.0038,10.249,6806.9019605356,0
ZUE,D,20240726,000000,10.151,10.4942,10.0529,10.151,8173.1764702896,0
ZUE,D,20240729,000000,10.2,10.5433,10.2,10.249,2150.3529410979,0
ZUE,D,20240730,000000,10.4942,10.4942,10.2981,10.2981,1200.0784313287,0
ZUE,D,20240731,000000,10.3962,10.6413,10.151,10.151,4873.725490018,0
ZUE,D,20240801,000000,10.4942,10.5433,10.249,10.4942,5051.1372547174,0
ZUE,D,20240802,000000,10.2981,10.4452,10.0529,10.1019,5825.0196076303,0
ZUE,D,20240805,000000,10.0529,10.0529,9.21923,9.70962,27452.9411754675,0
ZUE,D,20240806,000000,9.80769,10.2,9.78808,9.90577,3860.2352939765997,0
ZUE,D,20240807,000000,9.80769,10.151,9.78808,10.0038,2867.1372547972,0
ZUE,D,20240808,000000,9.80769,9.80769,9.70962,9.80769,2592.8627450033,0
ZUE,D,20240809,000000,9.80769,10.151,9.80769,10.151,2786.5882351923,0
ZUE,D,20240812,000000,10.151,10.151,10.0529,10.151,776.9411764422,0
ZUE,D,20240813,000000,10.151,10.4452,10.0038,10.0529,4801.3333331579,0
ZUE,D,20240814,000000,10.1019,11.0337,9.90577,10.5923,13722.9019602829,0
ZUE,D,20240816,000000,10.5923,10.7394,10.4942,10.6413,3462.5882351676,0
ZUE,D,20240819,000000,10.6413,10.6413,10.4452,10.5433,3054.7450979276,0
ZUE,D,20240820,000000,10.5433,10.6413,10.3962,10.4942,8583.058823215799,0
ZUE,D,20240821,000000,10.6413,11.2788,10.5923,10.5923,18715.9215679436,0
ZUE,D,20240822,000000,10.6904,10.6904,10.151,10.151,12540.1568622869,0
ZUE,D,20240823,000000,10.2,10.3962,10.151,10.3962,2532.7058822604,0
ZUE,D,20240826,000000,10.3962,10.6904,10.249,10.4942,2364.4705881489,0
ZUE,D,20240827,000000,10.5433,10.5433,10.2981,10.2981,2326.7450979542,0
ZUE,D,20240828,000000,10.3962,10.3962,10.151,10.151,7039.3725487624,0
ZUE,D,20240829,000000,10.3471,10.3471,10.249,10.2981,57.098039213599996,0
ZUE,D,20240830,000000,10.3471,10.5433,10.3471,10.3962,2042.2745097293,0
ZUE,D,20240902,000000,10.4942,10.6413,10.3471,10.3471,297.7254901852,0
ZUE,D,20240903,000000,10.3471,10.5433,10.2981,10.2981,3345.3333332110997,0
ZUE,D,20240904,000000,10.2981,10.3471,10.0529,10.1019,2802.9019606818997,0
ZUE,D,20240905,000000,10.2,10.3471,10.0038,10.3471,4067.2156861259,0
ZUE,D,20240906,000000,10.2,10.2981,10.1019,10.2,1739.4509803286,0
ZUE,D,20240909,000000,10.249,10.249,10.1019,10.2,867.6862744781,0
ZUE,D,20240910,000000,10.2,10.2,10.1019,10.2,296.7058823421,0
ZUE,D,20240911,000000,10.35,10.4,10.15,10.35,1737,0
ZUE,D,20240912,000000,10.35,10.35,10,10.2,18433,0
ZUE,D,20240913,000000,10.3,10.3,10.1,10.25,2010,0
ZUE,D,20240916,000000,10.25,10.25,10.05,10.15,725,0
ZUE,D,20240917,000000,10.05,10.15,9.9,10.1,11535,0
ZUE,D,20240918,000000,10.1,10.1,9.96,9.98,45936,0
ZUE,D,20240919,000000,10.1,10.1,9.98,9.98,4128,0
ZUE,D,20240920,000000,10.05,10.05,9.94,9.94,4368,0
ZUE,D,20240923,000000,10.05,10.05,9.94,9.94,706,0
ZUE,D,20240924,000000,10,10,9.88,9.88,6635,0
ZUE,D,20240925,000000,9.92,9.92,9.78,9.84,33705,0
ZUE,D,20240926,000000,9.8,9.8,9.64,9.76,22619,0
ZUE,D,20240927,000000,9.68,9.78,9.5,9.54,11969,0
ZUE,D,20240930,000000,9.52,9.88,9.52,9.64,5473,0
ZUE,D,20241001,000000,9.62,9.76,9.54,9.72,2141,0
ZUE,D,20241002,000000,9.72,9.72,9.7,9.72,477,0
ZUE,D,20241003,000000,9.72,9.82,9.72,9.8,3557,0
ZUE,D,20241004,000000,9.82,9.9,9.72,9.9,8804,0
ZUE,D,20241007,000000,9.96,9.96,9.52,9.52,13270,0
ZUE,D,20241008,000000,9.76,9.76,9.48,9.5,1868,0
ZUE,D,20241009,000000,9.46,9.46,9.22,9.38,10488,0
ZUE,D,20241010,000000,9.38,9.38,9.3,9.3,1427,0
ZUE,D,20241011,000000,9.26,9.38,9.24,9.38,3976,0
ZUE,D,20241014,000000,9.28,9.28,9.02,9.16,6715,0
ZUE,D,20241015,000000,9.36,9.36,8.96,8.96,6858,0
ZUE,D,20241016,000000,9.1,9.1,8.6,8.94,5022,0
ZUE,D,20241017,000000,8.94,8.94,8.68,8.88,12063,0
ZUE,D,20241018,000000,8.94,8.94,8.68,8.9,3258,0
ZUE,D,20241021,000000,8.78,9.28,8.78,9.22,5451,0
ZUE,D,20241022,000000,9.2,9.2,8.86,8.96,2453,0
ZUE,D,20241023,000000,8.9,9,8.86,8.98,1726,0
ZUE,D,20241024,000000,8.96,9,8.1,8.38,38757,0
ZUE,D,20241025,000000,8.36,8.5,8.32,8.4,6654,0
ZUE,D,20241028,000000,8.38,8.4,8.16,8.3,6168,0
ZUE,D,20241029,000000,8.28,8.3,8.2,8.28,1730,0
ZUE,D,20241030,000000,8.3,8.58,8.1,8.5,21908,0
ZUE,D,20241031,000000,8.34,8.42,8.22,8.3,752,0
ZUE,D,20241104,000000,8.28,8.36,8.2,8.28,668,0
ZUE,D,20241105,000000,8.24,8.26,8,8.02,13857,0
ZUE,D,20241106,000000,8.06,8.14,8.02,8.08,3903,0
ZUE,D,20241107,000000,8.02,8.08,8,8.04,3318,0
ZUE,D,20241108,000000,8.04,8.04,7.9,7.98,6913,0
ZUE,D,20241112,000000,7.96,8.12,7.88,7.92,2958,0
ZUE,D,20241113,000000,8.02,8.14,7.92,8,1862,0
ZUE,D,20241114,000000,7.88,8,7.7,7.8,6726,0
ZUE,D,20241115,000000,7.7,7.84,7.62,7.66,10083,0
ZUE,D,20241118,000000,7.5,7.84,7.26,7.56,8752,0
ZUE,D,20241119,000000,7.42,7.68,6.86,7.02,17534,0
ZUE,D,20241120,000000,7.18,7.28,6.9,7.16,6201,0
ZUE,D,20241121,000000,7.22,7.48,7.16,7.48,2909,0
ZUE,D,20241122,000000,7.5,9.04,7.5,8.22,36575,0
ZUE,D,20241125,000000,8.22,8.76,8.22,8.5,5998,0
ZUE,D,20241126,000000,8.9,9.22,8.6,9.04,18145,0
ZUE,D,20241127,000000,9.04,9.04,8.62,8.66,3250,0
ZUE,D,20241128,000000,8.8,8.8,8.52,8.64,1413,0
ZUE,D,20241129,000000,8.64,8.84,8.52,8.52,716,0
ZUE,D,20241202,000000,8.6,8.94,8.6,8.84,1105,0
ZUE,D,20241203,000000,8.9,8.9,8.74,8.78,769,0
ZUE,D,20241204,000000,8.76,8.76,8.74,8.76,250,0
ZUE,D,20241205,000000,8.74,8.78,8.3,8.3,8939,0
ZUE,D,20241206,000000,8.5,8.5,8.28,8.38,1226,0
ZUE,D,20241209,000000,8.38,8.4,8.16,8.22,9333,0
ZUE,D,20241210,000000,8.22,8.3,8.1,8.22,1380,0
ZUE,D,20241211,000000,8.1,8.22,8.1,8.18,1378,0
ZUE,D,20241212,000000,8.18,8.18,8.06,8.12,4676,0
ZUE,D,20241213,000000,8.14,8.14,8.06,8.1,907,0
ZUE,D,20241216,000000,7.82,8,7.82,7.9,8356,0
ZUE,D,20241217,000000,7.9,7.98,7.82,7.98,6378,0
ZUE,D,20241218,000000,7.9,8,7.84,7.9,6191,0
ZUE,D,20241219,000000,7.88,8,7.8,7.96,11566,0
ZUE,D,20241220,000000,7.98,8.1,7.78,7.78,11027,0
ZUE,D,20241223,000000,7.82,7.84,7.6,7.66,24425,0
ZUE,D,20241227,000000,7.66,7.96,7.66,7.9,16427,0
ZUE,D,20241230,000000,7.92,8.26,7.92,8.2,9227,0
ZUE,D,20250102,000000,8.28,9,8.22,8.62,13470,0
ZUE,D,20250103,000000,8.86,9.02,8.54,9.02,7714,0
ZUE,D,20250107,000000,9.02,9.2,8.82,9,5142,0
ZUE,D,20250108,000000,8.98,9.18,8.9,9.14,6110,0
ZUE,D,20250109,000000,9.16,9.16,9,9.1,2612,0
ZUE,D,20250110,000000,9.1,9.16,8.9,9.1,2822,0
ZUE,D,20250113,000000,9.16,9.16,8.8,9,2598,0
ZUE,D,20250114,000000,9,9,8.7,8.9,3648,0
ZUE,D,20250115,000000,8.84,8.84,8.54,8.7,6159,0
ZUE,D,20250116,000000,8.66,8.7,8.62,8.7,1590,0
ZUE,D,20250117,000000,8.72,8.78,8.54,8.66,4664,0
ZUE,D,20250120,000000,8.74,8.8,8.6,8.7,3059,0
ZUE,D,20250121,000000,8.8,9,8.8,8.86,2846,0
ZUE,D,20250122,000000,8.88,9,8.8,8.82,5140,0
ZUE,D,20250123,000000,8.82,8.98,8.76,8.98,2614,0
ZUE,D,20250124,000000,8.8,9,8.7,9,7580,0
ZUE,D,20250127,000000,8.88,8.98,8.74,8.9,2329,0
ZUE,D,20250128,000000,8.9,9.64,8.9,9.4,12956,0
ZUE,D,20250129,000000,9.48,9.8,9.4,9.76,10442,0
ZUE,D,20250130,000000,9.76,10.35,9.44,9.8,24446,0
ZUE,D,20250131,000000,10.2,10.45,9.82,10.2,38475,0
ZUE,D,20250203,000000,10.1,10.1,9.8,10,6324,0
ZUE,D,20250204,000000,10,10.05,9.82,9.9,1794,0
ZUE,D,20250205,000000,10,10.15,9.86,10.15,6630,0
ZUE,D,20250206,000000,10.15,10.35,10.1,10.2,5952,0
ZUE,D,20250207,000000,10.2,10.2,10,10.15,3107,0
ZUE,D,20250210,000000,10.2,10.95,10.15,10.45,48498,0
ZUE,D,20250211,000000,10.5,10.7,10.35,10.4,7791,0
ZUE,D,20250212,000000,10.4,10.5,10.2,10.2,9895,0
ZUE,D,20250213,000000,10.35,10.85,10.15,10.75,22287,0
ZUE,D,20250214,000000,10.95,11.15,10.75,11,10467,0
ZUE,D,20250217,000000,11.1,11.3,10.95,10.95,9837,0
ZUE,D,20250218,000000,10.95,11.2,10.85,11.2,2815,0
ZUE,D,20250219,000000,11.05,11.1,10.85,11.05,7419,0
ZUE,D,20250220,000000,11.05,11.1,10.5,10.8,5743,0
ZUE,D,20250221,000000,10.8,11,10.7,10.7,1883,0
ZUE,D,20250224,000000,10.7,10.7,10.3,10.3,10676,0
ZUE,D,20250225,000000,10.15,11,10.1,10.5,14778,0
ZUE,D,20250226,000000,10.7,10.8,10.35,10.8,3251,0
ZUE,D,20250227,000000,10.8,10.8,10.45,10.6,2489,0
ZUE,D,20250228,000000,10.35,10.55,10.25,10.35,3899,0
ZUE,D,20250303,000000,10.35,10.5,10.15,10.4,1965,0
ZUE,D,20250304,000000,10.25,10.9,10,10.4,16557,0
ZUE,D,20250305,000000,10.7,10.75,10.2,10.5,8257,0
ZUE,D,20250306,000000,10.5,10.7,10.5,10.65,5303,0
ZUE,D,20250307,000000,10.5,10.75,10.35,10.6,2852,0
ZUE,D,20250310,000000,10.6,10.7,10.4,10.55,1336,0
ZUE,D,20250311,000000,10.4,10.55,10.4,10.5,2854,0
ZUE,D,20250312,000000,10.6,11.1,10.6,11.05,40024,0
ZUE,D,20250313,000000,11,11.2,11,11,10957,0
ZUE,D,20250314,000000,11.15,11.35,10.9,11.2,13380,0
ZUE,D,20250317,000000,11.2,11.2,9.4,10.9,54887,0
ZUE,D,20250318,000000,10.8,10.8,10.4,10.6,5217,0
ZUE,D,20250319,000000,10.5,10.7,10.45,10.55,2423,0
ZUE,D,20250320,000000,10.55,10.85,10.55,10.7,3939,0
ZUE,D,20250321,000000,10.85,10.85,10.45,10.6,5259,0
ZUE,D,20250324,000000,10.7,10.7,10.45,10.45,6247,0
ZUE,D,20250325,000000,10.35,10.5,10.25,10.4,14292,0
ZUE,D,20250326,000000,10.4,10.4,10.2,10.2,7323,0
ZUE,D,20250327,000000,10.15,10.2,9.8,10.1,5437,0
ZUE,D,20250328,000000,10.15,10.15,9.82,10,1346,0
ZUE,D,20250331,000000,10,10,9.82,9.86,3119,0
ZUE,D,20250401,000000,9.82,10,9.82,9.94,2375,0
ZUE,D,20250402,000000,9.9,9.94,9.84,9.92,1440,0
ZUE,D,20250403,000000,9.84,9.84,9.56,9.7,5571,0
ZUE,D,20250404,000000,9.7,9.7,8.2,8.68,52076,0
ZUE,D,20250407,000000,8.38,9.18,8,8.9,21506,0
ZUE,D,20250408,000000,8.8,9.08,8.8,9.08,10490,0
ZUE,D,20250409,000000,8.98,9,8.8,8.9,2342,0
ZUE,D,20250410,000000,9.1,9.3,8.68,9,6568,0
ZUE,D,20250411,000000,9,9.14,8.78,9,3802,0
ZUE,D,20250414,000000,8.9,9.14,8.6,9.1,4614,0
ZUE,D,20250415,000000,9.1,9.2,8.6,8.98,5803,0
ZUE,D,20250416,000000,8.8,9,8.62,8.92,5904,0
ZUE,D,20250417,000000,8.9,8.96,8.8,8.96,2290,0
ZUE,D,20250422,000000,8.82,9.2,8.82,9.18,8483,0
ZUE,D,20250423,000000,9.18,9.38,9.06,9.36,7855,0
ZUE,D,20250424,000000,9.34,9.48,9.24,9.48,2291,0
ZUE,D,20250425,000000,9.46,9.46,9.3,9.46,1510,0
ZUE,D,20250428,000000,9.54,9.54,9.46,9.5,804,0
ZUE,D,20250429,000000,9.52,9.52,9.32,9.38,2477,0
ZUE,D,20250430,000000,9.38,9.58,9.2,9.2,3844,0
ZUE,D,20250502,000000,9.04,9.34,9.04,9.24,2885,0
ZUE,D,20250505,000000,9.12,9.18,8.84,8.98,3952,0
ZUE,D,20250506,000000,8.98,9,8.8,8.88,3152,0
ZUE,D,20250507,000000,8.82,8.98,8.8,8.8,1331,0
ZUE,D,20250508,000000,8.8,8.8,8.66,8.66,5344,0
ZUE,D,20250509,000000,8.66,8.74,8.5,8.5,4423,0
ZUE,D,20250512,000000,8.56,9.48,8.56,8.92,28180,0
ZUE,D,20250513,000000,8.92,8.92,8.62,8.8,8680,0
ZUE,D,20250514,000000,8.8,8.8,8.7,8.72,5647,0
ZUE,D,20250515,000000,8.86,8.86,8.72,8.76,4313,0
ZUE,D,20250516,000000,8.76,8.9,8.76,8.9,2684,0
ZUE,D,20250519,000000,8.8,8.9,8.52,8.9,25977,0
ZUE,D,20250520,000000,8.54,8.88,8.54,8.86,5076,0
ZUE,D,20250521,000000,8.86,8.96,8.76,8.96,1094,0
ZUE,D,20250522,000000,8.58,8.94,8.52,8.94,13684,0
ZUE,D,20250523,000000,8.68,8.96,8.58,8.96,13204,0
ZUE,D,20250526,000000,8.7,8.88,8.64,8.84,4309,0
ZUE,D,20250527,000000,8.82,8.82,8.6,8.72,5079,0
ZUE,D,20250528,000000,8.7,8.78,8.56,8.56,8687,0
ZUE,D,20250529,000000,8.54,8.6,8.54,8.6,2414,0
ZUE,D,20250530,000000,8.58,8.6,8.52,8.6,1264,0
ZUE,D,20250602,000000,8.46,8.68,8.46,8.6,1064,0
ZUE,D,20250603,000000,8.66,8.68,8.66,8.68,1250,0
ZUE,D,20250604,000000,8.68,8.78,8.6,8.78,2508,0
ZUE,D,20250605,000000,8.78,8.8,8.6,8.8,1394,0
ZUE,D,20250606,000000,8.8,8.88,8.66,8.88,1899,0
ZUE,D,20250609,000000,8.86,8.88,8.72,8.88,2850,0
ZUE,D,20250610,000000,8.88,8.88,8.78,8.78,1430,0
ZUE,D,20250611,000000,8.72,9.1,8.72,9.02,6962,0
ZUE,D,20250612,000000,9.02,9.1,8.88,9,508,0
ZUE,D,20250613,000000,8.82,9,8.82,9,1735,0
ZUE,D,20250616,000000,9,9,8.7,8.98,4041,0
ZUE,D,20250617,000000,8.98,8.98,8.76,8.88,45,0
ZUE,D,20250618,000000,8.88,8.98,8.78,8.88,4221,0
ZUE,D,20250620,000000,8.92,9.1,8.92,9.1,1208,0
ZUE,D,20250623,000000,9.1,9.18,9.08,9.14,2780,0
ZUE,D,20250624,000000,8.98,9.18,8.98,9.1,693,0
ZUE,D,20250625,000000,9.1,9.16,9,9.14,907,0
ZUE,D,20250626,000000,9.14,9.2,8.3,9.14,13294,0
ZUE,D,20250627,000000,9.14,9.14,8.7,9,9564,0
ZUE,D,20250630,000000,9,9.04,8.84,9.04,1673,0
ZUE,D,20250701,000000,9.04,9.08,8.8,9.08,3301,0
ZUE,D,20250702,000000,9.08,10.2,8.98,10.1,40377,0
ZUE,D,20250703,000000,10.3,10.3,9.64,10,27584,0
ZUE,D,20250704,000000,9.82,10,9.82,9.84,13993,0
ZUE,D,20250707,000000,9.84,10.3,9.72,10,197070,0
ZUE,D,20250708,000000,9.9,9.92,9.78,9.82,11004,0
ZUE,D,20250709,000000,9.8,9.96,9.78,9.92,4833,0
ZUE,D,20250710,000000,9.96,10,9.82,10,22948,0
ZUE,D,20250711,000000,10,10,9.96,10,808,0
ZUE,D,20250714,000000,9.92,10,9.88,10,4204,0
ZUE,D,20250715,000000,9.9,9.96,9.88,9.88,3240,0
ZUE,D,20250716,000000,9.82,9.96,9.82,9.96,4177,0
ZUE,D,20250717,000000,9.84,10,9.84,10,1316,0
ZUE,D,20250718,000000,9.92,10,9.84,9.9,6951,0
ZUE,D,20250721,000000,9.98,10,9.82,10,2769,0
ZUE,D,20250722,000000,9.82,10,9.82,9.96,113,0
ZUE,D,20250723,000000,9.86,9.96,9.78,9.84,13882,0
ZUE,D,20250724,000000,9.74,10.2,9.74,9.96,14785,0
ZUE,D,20250725,000000,9.88,10.15,9.88,10.15,5622,0
ZUE,D,20250728,000000,10,10,9.88,10,10771,0
ZUE,D,20250729,000000,9.94,10,9.92,9.92,3735,0
ZUE,D,20250730,000000,9.98,9.98,9.9,9.96,2191,0
ZUE,D,20250731,000000,9.96,9.98,9.84,9.98,2868,0
ZUE,D,20250801,000000,9.98,9.98,9.86,9.94,4977,0
ZUE,D,20250804,000000,9.94,9.98,9.84,9.98,1194,0
ZUE,D,20250805,000000,9.9,9.98,9.78,9.98,952,0
ZUE,D,20250806,000000,9.98,9.98,9.86,9.98,535,0
ZUE,D,20250807,000000,9.86,9.98,9.82,9.86,2870,0
ZUE,D,20250808,000000,9.94,9.94,9.8,9.86,640,0
ZUE,D,20250811,000000,9.86,9.94,9.76,9.94,1573,0
ZUE,D,20250812,000000,9.78,9.94,9.78,9.94,1684,0
ZUE,D,20250813,000000,9.94,10.4,9.94,10.1,18066,0
ZUE,D,20250814,000000,10.1,10.3,10,10.05,2469,0
ZUE,D,20250818,000000,10.3,10.35,10.1,10.35,1308,0
ZUE,D,20250819,000000,10.35,10.4,10.1,10.3,2925,0
ZUE,D,20250820,000000,10.15,10.15,9.94,10.15,3991,0
ZUE,D,20250821,000000,10.15,10.2,10,10.2,3319,0
ZUE,D,20250822,000000,10.15,10.15,9.94,10,8633,0
ZUE,D,20250825,000000,10,10.35,10,10.25,5283,0
ZUE,D,20250826,000000,10.05,10.15,10.05,10.1,1232,0
ZUE,D,20250827,000000,10.05,10.1,9.8,9.88,9456,0
ZUE,D,20250828,000000,9.94,9.98,9.8,9.82,4095,0
ZUE,D,20250829,000000,9.82,9.98,9.6,9.74,5215,0
ZUE,D,20250901,000000,9.6,9.92,9.6,9.9,5340,0
ZUE,D,20250902,000000,9.9,9.94,9.68,9.94,3574,0
ZUE,D,20250903,000000,9.74,9.96,9.74,9.94,5443,0
ZUE,D,20250904,000000,9.92,9.96,9.92,9.94,1934,0
ZUE,D,20250905,000000,9.94,10.1,9.92,9.92,3225,0
ZUE,D,20250908,000000,9.98,10.4,9.98,10.4,22282,0
ZUE,D,20250909,000000,10.45,10.45,10,10.35,4439,0
ZUE,D,20250910,000000,10.4,10.95,10.15,10.9,22244,0
ZUE,D,20250911,000000,10.85,11,10.5,11,6588,0
ZUE,D,20250912,000000,10.9,11.1,10.8,11.05,10401,0
ZUE,D,20250915,000000,11.1,11.45,11.05,11.3,10204,0
ZUE,D,20250916,000000,11.3,11.3,10.9,11.3,6773,0
ZUE,D,20250917,000000,11.1,11.45,11,11.4,12183,0
ZUE,D,20250918,000000,11.4,11.45,11.15,11.45,2628,0
ZUE,D,20250919,000000,11.3,11.3,11,11.1,5917,0
ZUE,D,20250922,000000,11.1,11.2,10.95,11.2,4438,0
ZUE,D,20250923,000000,11.3,11.3,11,11.2,1741,0
ZUE,D,20250924,000000,11.15,11.45,11.15,11.45,18203,0
ZUE,D,20250925,000000,11.4,11.4,11,11.1,8858,0
ZUE,D,20250926,000000,11,11.2,10.55,11.15,8159,0
ZUE,D,20250929,000000,11.15,11.2,10.9,11.2,2587,0
ZUE,D,20250930,000000,11.15,11.15,10.7,11.1,1054,0
ZUE,D,20251001,000000,10.9,11.1,10.55,10.75,6422,0
ZUE,D,20251002,000000,10.75,11.05,10.75,11.05,5590,0
ZUE,D,20251003,000000,11.05,11.05,10.7,11.05,2372,0
ZUE,D,20251006,000000,11.05,11.05,10.75,10.9,5807,0
ZUE,D,20251007,000000,10.9,10.95,10.7,10.8,2273,0
ZUE,D,20251008,000000,10.7,10.8,10.6,10.7,923,0
ZUE,D,20251009,000000,10.6,10.8,10.5,10.65,6205,0
ZUE,D,20251010,000000,10.55,10.9,10.3,10.45,5305,0
ZUE,D,20251013,000000,10.45,10.8,10.4,10.6,3490,0
ZUE,D,20251014,000000,10.65,10.65,10.3,10.4,2623,0
ZUE,D,20251015,000000,10.3,10.7,10.3,10.65,4652,0
ZUE,D,20251016,000000,10.65,10.65,10.45,10.6,1321,0
ZUE,D,20251017,000000,10.45,10.55,10.4,10.5,3731,0
ZUE,D,20251020,000000,10.4,10.65,10.4,10.65,3295,0
ZUE,D,20251021,000000,10.6,10.65,10.4,10.5,3071,0
ZUE,D,20251022,000000,10.5,11.25,10.5,11.2,9788,0
ZUE,D,20251023,000000,11.2,11.4,10.9,11.15,9693,0
ZUE,D,20251024,000000,11.15,11.15,10.9,11.05,3000,0
ZUE,D,20251027,000000,11.05,11.2,10.9,11.1,8342,0
ZUE,D,20251028,000000,11.15,11.25,10.65,11.1,8966,0
ZUE,D,20251029,000000,11.1,11.1,10.8,11.1,11585,0
ZUE,D,20251030,000000,10.9,11.1,10.9,11.1,907,0
ZUE,D,20251031,000000,11.1,11.3,11,11.05,5974,0
ZUE,D,20251103,000000,11.05,11.3,11,11.15,3313,0
ZUE,D,20251104,000000,11.2,11.2,10.85,11.1,8839,0
ZUE,D,20251105,000000,10.9,11.25,10.5,10.95,11262,0
ZUE,D,20251106,000000,11,11.05,10.75,10.9,5977,0
ZUE,D,20251107,000000,10.85,10.85,10.7,10.85,4526,0
ZUE,D,20251110,000000,10.6,10.6,10.1,10.5,33968,0
ZUE,D,20251112,000000,10.35,10.65,10.35,10.6,2553,0
ZUE,D,20251113,000000,10.5,10.65,10.5,10.6,2230,0
ZUE,D,20251114,000000,10.5,10.6,10.4,10.6,690,0
ZUE,D,20251117,000000,10.6,10.65,10.45,10.6,1613,0
ZUE,D,20251118,000000,10.6,10.6,10.3,10.45,2062,0
ZUE,D,20251119,000000,10.4,10.7,10.4,10.45,1585,0
ZUE,D,20251120,000000,10.45,10.6,10.45,10.55,3666,0
ZUE,D,20251121,000000,10.4,10.4,10.05,10.35,13055,0
ZUE,D,20251124,000000,10.2,10.35,10.15,10.35,1707,0
ZUE,D,20251125,000000,10.3,10.45,10.3,10.45,1685,0
ZUE,D,20251126,000000,10.3,10.35,10.25,10.3,868,0
ZUE,D,20251127,000000,10.3,10.45,10.3,10.45,4272,0
ZUE,D,20251128,000000,10.45,10.55,10.35,10.4,2289,0
ZUE,D,20251201,000000,10.4,10.75,10.35,10.75,9047,0
ZUE,D,20251202,000000,10.8,10.8,10.45,10.7,2266,0
ZUE,D,20251203,000000,10.7,10.7,10.7,10.7,195,0
ZUE,D,20251204,000000,10.45,10.75,10.4,10.75,1948,0
ZUE,D,20251205,000000,10.4,10.65,10.35,10.65,1408,0
ZUE,D,20251208,000000,10.7,10.7,10.25,10.3,5421,0
ZUE,D,20251209,000000,10.3,10.6,10.25,10.6,14932,0
ZUE,D,20251210,000000,10.65,10.65,10.45,10.6,4571,0
ZUE,D,20251211,000000,10.6,10.6,10.4,10.45,1081,0
ZUE,D,20251212,000000,10.5,10.8,10.3,10.35,15759,0
ZUE,D,20251215,000000,10.35,10.35,10.25,10.35,3000,0
ZUE,D,20251216,000000,10.35,11.25,10.25,11.05,40864,0
ZUE,D,20251217,000000,11.1,11.2,10.85,10.95,9749,0
ZUE,D,20251218,000000,11.2,11.2,10.8,10.9,3843,0
ZUE,D,20251219,000000,10.85,11,10.8,10.9,5249,0
ZUE,D,20251222,000000,11,11.15,10.85,11.05,5034,0
ZUE,D,20251223,000000,11.05,11.8,11,11.75,64623,0
ZUE,D,20251229,000000,11.8,12,11.6,12,25807,0
ZUE,D,20251230,000000,12,12.55,12,12.45,23852,0
ZUE,D,20260102,000000,12.55,12.65,12,12.55,17468,0
ZUE,D,20260105,000000,12.55,12.65,12.3,12.6,10391,0
ZUE,D,20260107,000000,12.65,12.65,12.4,12.6,10651,0
ZUE,D,20260108,000000,12.45,12.55,12.3,12.5,13785,0
ZUE,D,20260109,000000,12.65,12.65,12.3,12.5,5569,0
ZUE,D,20260112,000000,12.6,12.6,12.15,12.2,8425,0
ZUE,D,20260113,000000,12.2,12.2,11.4,11.8,27870,0
ZUE,D,20260114,000000,11.8,11.95,11.6,11.85,4811,0
ZUE,D,20260115,000000,11.65,11.95,11.65,11.9,3223,0
ZUE,D,20260116,000000,11.9,12.6,11.55,12.55,25165,0
ZUE,D,20260119,000000,12.75,12.8,12.5,12.65,15398,0
ZUE,D,20260120,000000,12.6,12.75,12.45,12.6,9844,0
ZUE,D,20260121,000000,12.7,12.7,12.3,12.55,3517,0
ZUE,D,20260122,000000,12.6,12.7,12.45,12.6,1408,0
ZUE,D,20260123,000000,12.65,12.7,12.5,12.65,5187,0
ZUE,D,20260126,000000,12.65,12.65,12.35,12.4,10124,0
ZUE,D,20260127,000000,12.45,12.6,12.1,12.6,4816,0
ZUE,D,20260128,000000,12.6,12.6,12.2,12.6,2228,0
ZUE,D,20260129,000000,12.6,12.65,12.3,12.55,5364,0
ZUE,D,20260130,000000,12.5,12.5,12,12.2,6551,0
ZUE,D,20260202,000000,12.2,12.35,11.7,12.3,27159,0
ZUE,D,20260203,000000,12.3,12.8,12.3,12.6,77169,0
ZUE,D,20260204,000000,12.6,12.75,12.3,12.55,30459,0
ZUE,D,20260205,000000,12.55,12.55,12.05,12.2,6012,0
ZUE,D,20260206,000000,12.25,12.25,11.55,12.2,8715,0
ZUE,D,20260209,000000,12.3,12.3,12,12.3,1162,0
ZUE,D,20260210,000000,12.35,12.35,12.1,12.1,2381,0
ZUE,D,20260211,000000,12.05,12.55,12,12.4,7187,0
ZUE,D,20260212,000000,12.2,12.4,12.2,12.3,1854,0
ZUE,D,20260213,000000,12.3,12.3,12,12.2,3768,0
ZUE,D,20260216,000000,12.05,12.2,11.8,12,12458,0
ZUE,D,20260217,000000,11.8,12.2,11.65,12.05,5579,0
ZUE,D,20260218,000000,11.75,12.25,11.65,12.25,6704,0
ZUE,D,20260219,000000,11.9,12.35,11.8,11.8,5745,0
ZUE,D,20260220,000000,11.8,12.2,11.8,12.1,1241,0
ZUE,D,20260223,000000,12.1,12.35,12,12.3,5594,0
ZUE,D,20260224,000000,12.1,12.25,12.05,12.1,2821,0
ZUE,D,20260225,000000,12.1,12.15,12.05,12.15,3394,0
ZUE,D,20260226,000000,12.1,12.2,12.05,12.2,1506,0
ZUE,D,20260227,000000,12.2,12.2,12,12.2,3553,0
ZUE,D,20260302,000000,11.9,12.2,11.75,11.85,6149,0
ZUE,D,20260303,000000,12,12,10.95,11.6,22917,0
ZUE,D,20260304,000000,11.6,11.65,11.25,11.65,2219,0
ZUE,D,20260305,000000,11.5,11.95,11.45,11.95,6728,0
ZUE,D,20260306,000000,12.05,12.25,11.7,11.9,11844,0
ZUE,D,20260309,000000,11.8,12.1,11.4,11.55,15101,0
ZUE,D,20260310,000000,11.5,11.95,11.25,11.9,19692,0
ZUE,D,20260311,000000,11.9,11.95,11.8,11.9,3222,0
ZUE,D,20260312,000000,11.9,12,11.9,12,1309,0
ZUE,D,20260313,000000,12.45,12.45,11.85,12.2,15884,0
ZUE,D,20260316,000000,12.15,12.15,12,12.15,4119,0
ZUE,D,20260317,000000,11.85,12.35,11.85,12.35,5099,0
ZUE,D,20260318,000000,12.35,12.75,12.2,12.3,20528,0
ZUE,D,20260319,000000,12.15,12.4,11.85,12.35,12299,0
ZUE,D,20260320,000000,12.05,12.4,12.05,12.35,4162,0
ZUE,D,20260323,000000,12,12.4,11.65,12.1,12540,0
ZUE,D,20260324,000000,12.1,12.1,11.9,12,1949,0
ZUE,D,20260325,000000,12,12.1,11.9,12.1,1833,0
ZUE,D,20260326,000000,12.1,12.7,12,12.4,18512,0
ZUE,D,20260327,000000,12.1,12.35,11.85,12.2,4960,0
ZUE,D,20260330,000000,12.2,12.2,11.6,12,8169,0
ZUE,D,20260331,000000,12.1,12.5,11.75,12.5,7497,0
ZUE,D,20260401,000000,12.3,13.45,12.3,13.1,183167,0
ZUE,D,20260402,000000,12.8,13.25,12.3,12.95,36497,0
ZUE,D,20260407,000000,13.2,13.35,12.55,12.75,32226,0
ZUE,D,20260408,000000,13.15,13.25,12.65,13.05,19046,0
ZUE,D,20260409,000000,13.05,13.05,12.6,12.95,22142,0
ZUE,D,20260410,000000,12.85,13.5,12.7,13.4,90864,0
ZUE,D,20260413,000000,13.2,13.6,13.2,13.55,29810,0
ZUE,D,20260414,000000,13.55,13.9,13.5,13.75,68689,0
ZUE,D,20260415,000000,13.7,14,13.6,13.75,32270,0
ZUE,D,20260416,000000,13.75,14,13.2,13.3,48946,0
ZUE,D,20260417,000000,13.25,13.55,13.1,13.45,41664,0
ZUE,D,20260420,000000,13.75,14.15,13.6,14.1,62017,0
ZUE,D,20260421,000000,14.15,14.35,13.3,13.4,105973,0
ZUE,D,20260422,000000,13.5,13.7,12.9,13.15,50413,0
ZUE,D,20260423,000000,13.2,13.2,12.7,13.1,39825,0
ZUE,D,20260424,000000,12.85,13.2,12.7,13.1,35874,0
ZUE,D,20260427,000000,13,13.5,12.9,13.15,22411,0
ZUE,D,20260428,000000,13.15,13.15,12.75,13,10834,0
ZUE,D,20260429,000000,13,13.5,12.75,13.05,17046,0
ZUE,D,20260430,000000,12.85,13.1,12.85,13.1,2318,0
ZUE,D,20260504,000000,13.05,13.05,12.7,13,14692,0
ZUE,D,20260505,000000,13.05,13.1,12.65,12.8,14100,0
ZUE,D,20260506,000000,12.9,13.15,12.75,12.85,10542,0
ZUE,D,20260507,000000,12.85,12.95,12.8,12.95,5790,0
ZUE,D,20260508,000000,12.95,13,12.7,12.7,15867,0
ZUE,D,20260511,000000,12.75,13.1,12.65,13.1,11702,0
ZUE,D,20260512,000000,13.2,13.2,12.8,12.95,3841,0
ZUE,D,20260513,000000,12.9,13.05,12.75,12.95,8380,0
ZUE,D,20260514,000000,12.75,12.95,12.65,12.95,12242,0
ZUE,D,20260515,000000,12.95,13.1,12.15,12.4,48910,0
ZUE,D,20260518,000000,12.4,12.8,11.9,12.8,20258,0
ZUE,D,20260519,000000,12.85,12.85,12.5,12.65,8851,0
ZUE,D,20260520,000000,12.85,12.85,12.55,12.75,5839,0
ZUE,D,20260521,000000,12.8,12.8,12.45,12.75,10978,0
ZUE,D,20260522,000000,12.45,12.7,12.4,12.7,17499,0
ZUE,D,20260525,000000,12.7,12.7,11.95,12.55,30147,0
ZUE,D,20260526,000000,12.35,12.6,12.35,12.6,6526,0
ZUE,D,20260527,000000,12.6,12.9,12.6,12.65,6835,0
ZUE,D,20260528,000000,12.95,12.95,12.5,12.85,4500,0
ZUE,D,20260529,000000,12.85,12.85,12.35,12.6,19119,0
ZUE,D,20260601,000000,12.4,12.6,12.2,12.4,16425,0
ZUE,D,20260602,000000,12.2,12.75,12.1,12.45,21672,0
ZUE,D,20260603,000000,12.4,12.8,12.3,12.8,15966,0
ZUE,D,20260605,000000,12.55,12.95,12.55,12.95,11256,0
ZUE,D,20260608,000000,12.95,12.95,12.45,12.9,20280,0
ZUE,D,20260609,000000,12.85,13,12.6,12.9,11882,0
ZUE,D,20260610,000000,12.9,12.95,12.45,12.6,11436,0
ZUE,D,20260611,000000,12.6,12.75,12.4,12.45,7904,0
ZUE,D,20260612,000000,12.4,12.75,12.15,12.3,16018,0
ZUE,D,20260615,000000,12.3,12.6,11.9,12.15,17552,0
ZUE,D,20260616,000000,12.15,12.75,11.9,12.5,15811,0
ZUE,D,20260617,000000,12.3,12.7,12.2,12.7,3367,0
ZUE,D,20260618,000000,12.7,12.7,12.35,12.55,1598,0
ZUE,D,20260619,000000,12.4,13.25,12.2,12.95,29722,0
ZUE,D,20260622,000000,13,13.1,12.7,12.9,4666,0
ZUE,D,20260623,000000,12.7,12.9,12.5,12.8,2216,0
ZUE,D,20260624,000000,12.8,12.85,12.2,12.6,4593,0
ZUE,D,20260625,000000,12.4,12.7,12.3,12.5,1418,0
ZUE,D,20260626,000000,12.3,12.4,12,12.3,9753,0
ZUE,D,20260629,000000,12,12.3,11.95,12.2,2769,0
ZUE,D,20260630,000000,12.2,12.2,12,12.2,771,0
ZUE,D,20260701,000000,12.15,12.3,12.05,12.3,1578,0
ZUE,D,20260702,000000,12.3,12.7,12.1,12.25,2530,0
ZUE,D,20260703,000000,12.65,12.7,12.3,12.5,2535,0
ZUE,D,20260706,000000,12.25,12.5,12.25,12.5,2821,0
ZUE,D,20260707,000000,12.5,12.55,12.25,12.4,318,0
ZUE,D,20260708,000000,12.4,12.5,11.95,12.1,10086,0
ZUE,D,20260709,000000,12.1,12.1,11.55,11.55,33691,0
ZUE,D,20260710,000000,11.55,11.75,10.9,11.5,19327,0
ZUE,D,20260713,000000,11.4,11.7,11.25,11.45,8395,0
ZUE,D,20260714,000000,11.3,11.45,11.2,11.35,6620,0
ZUE,D,20260715,000000,11.3,11.3,11.05,11.2,7284,0
ZUE,D,20260716,000000,11.1,11.2,10.95,11.2,9668,0
ZUE,D,20260717,000000,11,11.4,11,11.35,7335,0
ZUE,D,20260720,000000,11.4,11.4,11.35,11.4,1311,0
ZUE,D,20260721,000000,11.4,11.7,11.05,11.55,3416,0
ZUE,D,20260722,000000,11.7,12,11.7,12,8179,0
ZUE,D,20260723,000000,12,12.05,11.5,11.75,6870,0
ZUE,D,20260724,000000,11.8,11.8,11.05,11.35,2637,0
ZUE,D,20260727,000000,11.4,11.7,11.2,11.65,3955,0
ZUE,D,20260728,000000,11.65,11.7,11.5,11.7,708,0
ZUE,D,20260729,000000,11.7,11.7,11.55,11.6,216,0
ZUE,D,20260730,000000,11.55,11.6,11.5,11.6,901,0
ZUE,D,20260731,000000,11.6,11.7,11.35,11.7,3776,0
ZUE,D,20260803,000000,11.7,11.8,11.3,11.5,4670,0
ZUE,D,20260804,000000,11.75,11.8,11.5,11.5,1907,0
ZUE,D,20260805,000000,11.75,11.75,11.45,11.6,2227,0
ZUE,D,20260806,000000,11.65,11.85,11.45,11.6,6858,0
ZUE,D,20260807,000000,11.9,11.9,11.3,11.5,7800,0
ZUE,D,20260810,000000,11.5,11.8,11.5,11.5,8870,0
ZUE,D,20260811,000000,11.5,11.75,11.5,11.55,895,0
ZUE,D,20260812,000000,11.7,11.85,11.55,11.85,6190,0
ZUE,D,20260813,000000,11.85,11.85,11.55,11.85,966,0
ZUE,D,20260814,000000,11.55,12.15,11.55,11.85,8546,0
ZUE,D,20260817,000000,12,12,11.85,11.85,2719,0
ZUE,D,20260818,000000,11.85,11.85,11.5,11.5,6453,0
