{
  "acceptance": {
    "max_annual_turnover": true,
    "max_consecutive_negative_months": false,
    "max_drawdown": true,
    "max_time_underwater_months": true,
    "min_cagr": true,
    "min_calmar": true,
    "min_sharpe": true
  },
  "metrics": {
    "annual_turnover": 1.7409250033660968,
    "best_year_return": 0.23583901722395018,
    "cagr": 0.08631046611016324,
    "calmar": 0.33790124628557366,
    "max_consecutive_negative_months": 8,
    "max_drawdown": -0.2554310380886221,
    "max_time_underwater_months": 24,
    "sharpe": 0.7929917176904506,
    "worst_year_return": -0.07805408150748783
  },
  "metrics_pre_tax": {
    "annual_turnover": 1.7409250033660968,
    "best_year_return": 0.2621739947751953,
    "cagr": 0.08865209802953822,
    "calmar": 0.34706862052833337,
    "max_consecutive_negative_months": 8,
    "max_drawdown": -0.255431038088622,
    "max_time_underwater_months": 27,
    "sharpe": 0.8197453759109793,
    "worst_year_return": -0.08633312296851725
  },
  "mode": "final",
  "named_periods": {
    "covid_crash_rebound": {
      "checks": {
        "max_drawdown": true,
        "min_cagr": true
      },
      "covered": true,
      "metrics": {
        "annual_turnover": 1.201480263157895,
        "best_year_return": 0.14692929515462905,
        "cagr": 0.162784614362959,
        "calmar": 1.0102574341793626,
        "max_consecutive_negative_months": 2,
        "max_drawdown": -0.1611318153725736,
        "max_time_underwater_months": 3,
        "sharpe": 1.090799919922267,
        "worst_year_return": 0.14692929515462905
      }
    },
    "inflation_bear": {
      "checks": {
        "max_drawdown": false,
        "min_cagr": true
      },
      "covered": true,
      "metrics": {
        "annual_turnover": 2.624550898203593,
        "best_year_return": -0.03273813717155982,
        "cagr": -0.03311710521064082,
        "calmar": -0.14671932987406966,
        "max_consecutive_negative_months": 5,
        "max_drawdown": -0.22571739687650894,
        "max_time_underwater_months": 9,
        "sharpe": -0.10411589443866547,
        "worst_year_return": -0.03273813717155982
      }
    }
  },
  "named_periods_all": {
    "covid_crash_rebound": {
      "checks": {},
      "covered": true,
      "metrics": {
        "annual_turnover": 1.201480263157895,
        "best_year_return": 0.14692929515462905,
        "cagr": 0.162784614362959,
        "calmar": 1.0102574341793626,
        "max_consecutive_negative_months": 2,
        "max_drawdown": -0.1611318153725736,
        "max_time_underwater_months": 3,
        "sharpe": 1.090799919922267,
        "worst_year_return": 0.14692929515462905
      }
    },
    "gfc_crash": {
      "checks": {},
      "covered": true,
      "metrics": {
        "annual_turnover": 1.117235294117647,
        "best_year_return": 0.06638657166814887,
        "cagr": 0.03628926828779622,
        "calmar": 0.1420707074572731,
        "max_consecutive_negative_months": 4,
        "max_drawdown": -0.2554310380886221,
        "max_time_underwater_months": 9,
        "sharpe": 0.298802502125942,
        "worst_year_return": -0.019770039539917073
      }
    },
    "inflation_bear": {
      "checks": {},
      "covered": true,
      "metrics": {
        "annual_turnover": 2.624550898203593,
        "best_year_return": -0.03273813717155982,
        "cagr": -0.03311710521064082,
        "calmar": -0.14671932987406966,
        "max_consecutive_negative_months": 5,
        "max_drawdown": -0.22571739687650894,
        "max_time_underwater_months": 9,
        "sharpe": -0.10411589443866547,
        "worst_year_return": -0.03273813717155982
      }
    },
    "post_gfc_recovery": {
      "checks": {},
      "covered": true,
      "metrics": {
        "annual_turnover": 1.7444776119402985,
        "best_year_return": 0.13837657473885523,
        "cagr": 0.10862789759504876,
        "calmar": 0.9513590679352221,
        "max_consecutive_negative_months": 4,
        "max_drawdown": -0.11418180711811454,
        "max_time_underwater_months": 12,
        "sharpe": 0.977276016310298,
        "worst_year_return": 0.062260876370931584
      }
    }
  },
  "param_stability_full": {
    "fold_rank_stability": {
      "default_rank_mean": 2.4444444444444446,
      "default_rank_per_fold": [
        2.0,
        1.0,
        1.0,
        2.0,
        2.0,
        2.0,
        3.0,
        3.0,
        6.0
      ],
      "default_rank_std": 1.4229164972072998,
      "default_wins_fold_count": 2,
      "kendalls_w": 0.4144620811287478,
      "n_folds": 9,
      "n_variants": 15
    },
    "local_param_stability": {
      "best_metric": 0.05397476534910793,
      "best_values": [
        1,
        0.2
      ],
      "default_in_plateau": true,
      "default_meets_threshold": true,
      "default_metric": 0.05397476534910793,
      "default_rank": 1,
      "default_values": [
        1,
        0.2
      ],
      "gap_to_best": 0.0,
      "metric_key": "wf_mean_cagr",
      "n_variants": 15,
      "param_cols": [
        "alpha_weighting.min_weight_blocks",
        "execution.hysteresis_pct"
      ],
      "plateau_area_cells": 1,
      "plateau_area_fraction": 0.06666666666666667,
      "plateau_cols_covered": [
        0.2
      ],
      "plateau_rows_covered": [
        1
      ],
      "tolerance": 0.03
    },
    "param_stability": {
      "best": 0.05397476534910793,
      "best_variant_name": "all_weather_4_v0__alpha_weighting.min_weight_blocks=1_execution.hysteresis_pct=0.2",
      "metric_key": "wf_mean_cagr",
      "n_variants": 15,
      "relative_drop": 0.46123102018454787,
      "worst": 0.029079929262917296,
      "worst_variant_name": "all_weather_4_v0__alpha_weighting.min_weight_blocks=2_execution.hysteresis_pct=0.2"
    },
    "param_stability_check": {
      "max_relative_metric_drop_within_family": false
    },
    "sweep": [
      {
        "alpha_weighting.min_weight_blocks": 0,
        "execution.hysteresis_pct": 0.05,
        "variant_name": "all_weather_4_v0__alpha_weighting.min_weight_blocks=0_execution.hysteresis_pct=0.05",
        "wf_fold_cagrs": [
          0.11499181334693409,
          0.08202141054558054,
          0.05709895671131071,
          0.04189780560299061,
          -0.0009493163705016627,
          -0.000338051334068723,
          0.015507809957819862,
          0.008296025626556958,
          0.02189283249359053
        ],
        "wf_mean_cagr": 0.037824365175579217,
        "wf_mean_sharpe": 0.34333859008150086,
        "wf_min_cagr": -0.0009493163705016627,
        "wf_windows": 9,
        "wf_worst_drawdown": -0.2539506305032744
      },
      {
        "alpha_weighting.min_weight_blocks": 0,
        "execution.hysteresis_pct": 0.1,
        "variant_name": "all_weather_4_v0__alpha_weighting.min_weight_blocks=0_execution.hysteresis_pct=0.1",
        "wf_fold_cagrs": [
          0.10291517182355392,
          0.07032103678925505,
          0.0456618475148427,
          0.030612856106819963,
          -0.007958031348479722,
          0.00017179755712493083,
          0.01639370176255306,
          0.009478904838193802,
          0.024728822428464525
        ],
        "wf_mean_cagr": 0.03248067860803647,
        "wf_mean_sharpe": 0.30543538346958177,
        "wf_min_cagr": -0.007958031348479722,
        "wf_windows": 9,
        "wf_worst_drawdown": -0.2539506305032744
      },
      {
        "alpha_weighting.min_weight_blocks": 0,
        "execution.hysteresis_pct": 0.15,
        "variant_name": "all_weather_4_v0__alpha_weighting.min_weight_blocks=0_execution.hysteresis_pct=0.15",
        "wf_fold_cagrs": [
          0.10041311382494644,
          0.06789690829059514,
          0.04329227172890704,
          0.032028806198259874,
          -0.0023364252444127986,
          0.002685568147720252,
          0.018949647309531192,
          0.010531890980945313,
          0.02832405836250307
        ],
        "wf_mean_cagr": 0.03353175995544395,