{
  "acceptance": {
    "max_annual_turnover": true,
    "max_consecutive_negative_months": false,
    "max_drawdown": true,
    "max_time_underwater_months": true,
    "min_cagr": true,
    "min_calmar": true,
    "min_sharpe": true
  },
  "metrics": {
    "annual_turnover": 1.7409250033660968,
    "best_year_return": 0.21236093576790838,
    "cagr": 0.07314504779433784,
    "calmar": 0.28635927858132926,
    "max_consecutive_negative_months": 8,
    "max_drawdown": -0.255431038088622,
    "max_time_underwater_months": 27,
    "sharpe": 0.6829944227578528,
    "worst_year_return": -0.08633312296851714
  },
  "metrics_pre_tax": {
    "annual_turnover": 1.7409250033660968,
    "best_year_return": 0.2621739947751953,
    "cagr": 0.08865209802953822,
    "calmar": 0.34706862052833337,
    "max_consecutive_negative_months": 8,
    "max_drawdown": -0.255431038088622,
    "max_time_underwater_months": 27,
    "sharpe": 0.8197453759109793,
    "worst_year_return": -0.08633312296851725
  },
  "mode": "final",
  "named_periods": {
    "covid_crash_rebound": {
      "checks": {
        "max_drawdown": true,
        "min_cagr": true
      },
      "covered": true,
      "metrics": {
        "annual_turnover": 1.201480263157895,
        "best_year_return": 0.12340855096304737,
        "cagr": 0.1365776425903944,
        "calmar": 0.8476143725843073,
        "max_consecutive_negative_months": 2,
        "max_drawdown": -0.1611318153725736,
        "max_time_underwater_months": 4,
        "sharpe": 0.9297431618186482,
        "worst_year_return": 0.12340855096304737
      }
    },
    "inflation_bear": {
      "checks": {
        "max_drawdown": false,
        "min_cagr": false
      },
      "covered": true,
      "metrics": {
        "annual_turnover": 2.624550898203593,
        "best_year_return": -0.06535406481681871,
        "cagr": -0.06609746465542876,
        "calmar": -0.2928328324271387,
        "max_consecutive_negative_months": 5,
        "max_drawdown": -0.22571739687650916,
        "max_time_underwater_months": 9,
        "sharpe": -0.3112667159011418,
        "worst_year_return": -0.06535406481681871
      }
    }
  },
  "named_periods_all": {
    "covid_crash_rebound": {
      "checks": {},
      "covered": true,
      "metrics": {
        "annual_turnover": 1.201480263157895,
        "best_year_return": 0.12340855096304737,
        "cagr": 0.1365776425903944,
        "calmar": 0.8476143725843073,
        "max_consecutive_negative_months": 2,
        "max_drawdown": -0.1611318153725736,
        "max_time_underwater_months": 4,
        "sharpe": 0.9297431618186482,
        "worst_year_return": 0.12340855096304737
      }
    },
    "gfc_crash": {
      "checks": {},
      "covered": true,
      "metrics": {
        "annual_turnover": 1.117235294117647,
        "best_year_return": 0.03789911178614158,
        "cagr": 0.013958731935482804,
        "calmar": 0.054647751659059586,
        "max_consecutive_negative_months": 4,
        "max_drawdown": -0.255431038088622,
        "max_time_underwater_months": 9,
        "sharpe": 0.1662855967976139,
        "worst_year_return": -0.019770039539917073
      }
    },
    "inflation_bear": {
      "checks": {},
      "covered": true,
      "metrics": {
        "annual_turnover": 2.624550898203593,
        "best_year_return": -0.06535406481681871,
        "cagr": -0.06609746465542876,
        "calmar": -0.2928328324271387,
        "max_consecutive_negative_months": 5,
        "max_drawdown": -0.22571739687650916,
        "max_time_underwater_months": 9,
        "sharpe": -0.3112667159011418,
        "worst_year_return": -0.06535406481681871
      }
    },
    "post_gfc_recovery": {
      "checks": {},
      "covered": true,
      "metrics": {
        "annual_turnover": 1.7444776119402985,
        "best_year_return": 0.1247621274894557,
        "cagr": 0.0884529503901339,
        "calmar": 0.7088952184209462,
        "max_consecutive_negative_months": 4,
        "max_drawdown": -0.12477577516626726,
        "max_time_underwater_months": 12,
        "sharpe": 0.8108500475384672,
        "worst_year_return": 0.04237367852910223
      }
    }
  },
  "param_stability_full": {
    "fold_rank_stability": {
      "default_rank_mean": 2.4444444444444446,
      "default_rank_per_fold": [
        2.0,
        1.0,
        1.0,
        2.0,
        2.0,
        2.0,
        3.0,
        3.0,
        6.0
      ],
      "default_rank_std": 1.4229164972072998,
      "default_wins_fold_count": 2,
      "kendalls_w": 0.4144620811287478,
      "n_folds": 9,
      "n_variants": 15
    },
    "local_param_stability": {
      "best_metric": 0.05397476534910793,
      "best_values": [
        1,
        0.2
      ],
      "default_in_plateau": true,
      "default_meets_threshold": true,
      "default_metric": 0.05397476534910793,
      "default_rank": 1,
      "default_values": [
        1,
        0.2
      ],
      "gap_to_best": 0.0,
      "metric_key": "wf_mean_cagr",
      "n_variants": 15,
      "param_cols": [
        "alpha_weighting.min_weight_blocks",
        "execution.hysteresis_pct"
      ],
      "plateau_area_cells": 1,
      "plateau_area_fraction": 0.06666666666666667,
      "plateau_cols_covered": [
        0.2
      ],
      "plateau_rows_covered": [
        1
      ],
      "tolerance": 0.03
    },
    "param_stability": {
      "best": 0.05397476534910793,
      "best_variant_name": "all_weather_4_v0__alpha_weighting.min_weight_blocks=1_execution.hysteresis_pct=0.2",
      "metric_key": "wf_mean_cagr",
      "n_variants": 15,
      "relative_drop": 0.46123102018454787,
      "worst": 0.029079929262917296,
      "worst_variant_name": "all_weather_4_v0__alpha_weighting.min_weight_blocks=2_execution.hysteresis_pct=0.2"
    },
    "param_stability_check": {
      "max_relative_metric_drop_within_family": false
    },
    "sweep": [
      {
        "alpha_weighting.min_weight_blocks": 0,
        "execution.hysteresis_pct": 0.05,
        "variant_name": "all_weather_4_v0__alpha_weighting.min_weight_blocks=0_execution.hysteresis_pct=0.05",
        "wf_fold_cagrs": [
          0.11499181334693409,
          0.08202141054558054,
          0.05709895671131071,
          0.04189780560299061,
          -0.0009493163705016627,
          -0.000338051334068723,
          0.015507809957819862,
          0.008296025626556958,
          0.02189283249359053
        ],
        "wf_mean_cagr": 0.037824365175579217,
        "wf_mean_sharpe": 0.34333859008150086,
        "wf_min_cagr": -0.0009493163705016627,
        "wf_windows": 9,
        "wf_worst_drawdown": -0.2539506305032744
      },
      {
        "alpha_weighting.min_weight_blocks": 0,
        "execution.hysteresis_pct": 0.1,
        "variant_name": "all_weather_4_v0__alpha_weighting.min_weight_blocks=0_execution.hysteresis_pct=0.1",
        "wf_fold_cagrs": [
          0.10291517182355392,
          0.07032103678925505,
          0.0456618475148427,
          0.030612856106819963,
          -0.007958031348479722,
          0.00017179755712493083,
          0.01639370176255306,
          0.009478904838193802,
          0.024728822428464525
        ],
        "wf_mean_cagr": 0.03248067860803647,
        "wf_mean_sharpe": 0.30543538346958177,
        "wf_min_cagr": -0.007958031348479722,
        "wf_windows": 9,
        "wf_worst_drawdown": -0.2539506305032744
      },
      {
        "alpha_weighting.min_weight_blocks": 0,
        "execution.hysteresis_pct": 0.15,
        "variant_name": "all_weather_4_v0__alpha_weighting.min_weight_blocks=0_execution.hysteresis_pct=0.15",
        "wf_fold_cagrs": [
          0.10041311382494644,
          0.06789690829059514,
          0.04329227172890704,
          0.032028806198259874,
          -0.0023364252444127986,
          0.002685568147720252,
          0.018949647309531192,
          0.010531890980945313,
          0.02832405836250307
        ],
        "wf_mean_cagr": 0.03353175995544395,