{
  "acceptance": {
    "max_annual_turnover": true,
    "max_consecutive_negative_months": false,
    "max_drawdown": true,
    "max_time_underwater_months": true,
    "min_cagr": true,
    "min_calmar": true,
    "min_sharpe": true
  },
  "metrics": {
    "annual_turnover": 1.7409250033660968,
    "best_year_return": 0.23583901722395018,
    "cagr": 0.08631046611016324,
    "calmar": 0.33790124628557366,
    "max_consecutive_negative_months": 8,
    "max_drawdown": -0.2554310380886221,
    "max_time_underwater_months": 24,
    "sharpe": 0.7929917176904506,
    "worst_year_return": -0.07805408150748783
  },
  "metrics_pre_tax": {
    "annual_turnover": 1.7409250033660968,
    "best_year_return": 0.2621739947751953,
    "cagr": 0.08865209802953822,
    "calmar": 0.34706862052833337,
    "max_consecutive_negative_months": 8,
    "max_drawdown": -0.255431038088622,
    "max_time_underwater_months": 27,
    "sharpe": 0.8197453759109793,
    "worst_year_return": -0.08633312296851725
  },
  "mode": "final",
  "named_periods": {
    "covid_crash_rebound": {
      "checks": {
        "max_drawdown": true,
        "min_cagr": true
      },
      "covered": true,
      "metrics": {
        "annual_turnover": 1.201480263157895,
        "best_year_return": 0.14692929515462905,
        "cagr": 0.162784614362959,
        "calmar": 1.0102574341793626,
        "max_consecutive_negative_months": 2,
        "max_drawdown": -0.1611318153725736,
        "max_time_underwater_months": 3,
        "sharpe": 1.090799919922267,
        "worst_year_return": 0.14692929515462905
      }
    },
    "inflation_bear": {
      "checks": {
        "max_drawdown": false,
        "min_cagr": true
      },
      "covered": true,
      "metrics": {
        "annual_turnover": 2.624550898203593,
        "best_year_return": -0.03273813717155982,
        "cagr": -0.03311710521064082,
        "calmar": -0.14671932987406966,
        "max_consecutive_negative_months": 5,
        "max_drawdown": -0.22571739687650894,
        "max_time_underwater_months": 9,
        "sharpe": -0.10411589443866547,
        "worst_year_return": -0.03273813717155982
      }
    }
  }
}
