{
  "acceptance": {
    "max_annual_turnover": true,
    "max_consecutive_negative_months": false,
    "max_drawdown": true,
    "max_time_underwater_months": true,
    "min_cagr": true,
    "min_calmar": true,
    "min_sharpe": true
  },
  "metrics": {
    "annual_turnover": 1.7409250033660968,
    "best_year_return": 0.2099085273879142,
    "cagr": 0.06867135104135769,
    "calmar": 0.26697818447877125,
    "max_consecutive_negative_months": 8,
    "max_drawdown": -0.257217087513823,
    "max_time_underwater_months": 29,
    "sharpe": 0.6462754025649098,
    "worst_year_return": -0.09071135512181183
  },
  "metrics_pre_tax": {
    "annual_turnover": 1.7409250033660968,
    "best_year_return": 0.2591463301085357,
    "cagr": 0.08313721117212247,
    "calmar": 0.32321807223501303,
    "max_consecutive_negative_months": 8,
    "max_drawdown": -0.2572170875138229,
    "max_time_underwater_months": 29,
    "sharpe": 0.7737784839767274,
    "worst_year_return": -0.09071135512181161
  },
  "mode": "final",
  "named_periods": {
    "covid_crash_rebound": {
      "checks": {
        "max_drawdown": true,
        "min_cagr": true
      },
      "covered": true,
      "metrics": {
        "annual_turnover": 1.201480263157895,
        "best_year_return": 0.12152144904921225,
        "cagr": 0.13447738613463245,
        "calmar": 0.8345799730716724,
        "max_consecutive_negative_months": 2,
        "max_drawdown": -0.16113181537257393,
        "max_time_underwater_months": 4,
        "sharpe": 0.9181088628272801,
        "worst_year_return": 0.12152144904921225
      }
    },
    "inflation_bear": {
      "checks": {
        "max_drawdown": false,
        "min_cagr": false
      },
      "covered": true,
      "metrics": {
        "annual_turnover": 2.624550898203593,
        "best_year_return": -0.07122793833058405,
        "cagr": -0.07203554331195094,
        "calmar": -0.31493238760328185,
        "max_consecutive_negative_months": 5,
        "max_drawdown": -0.22873336038938497,
        "max_time_underwater_months": 9,
        "sharpe": -0.34840821243194775,
        "worst_year_return": -0.07122793833058405
      }
    }
  },
  "named_periods_all": {
    "covid_crash_rebound": {
      "checks": {},
      "covered": true,
      "metrics": {
        "annual_turnover": 1.201480263157895,
        "best_year_return": 0.12152144904921225,
        "cagr": 0.13447738613463245,
        "calmar": 0.8345799730716724,
        "max_consecutive_negative_months": 2,
        "max_drawdown": -0.16113181537257393,
        "max_time_underwater_months": 4,
        "sharpe": 0.9181088628272801,
        "worst_year_return": 0.12152144904921225
      }
    },
    "gfc_crash": {
      "checks": {},
      "covered": true,
      "metrics": {
        "annual_turnover": 1.117235294117647,
        "best_year_return": 0.03459652635761201,
        "cagr": 0.011362229142430014,
        "calmar": 0.04417369488261312,
        "max_consecutive_negative_months": 4,
        "max_drawdown": -0.257217087513823,
        "max_time_underwater_months": 9,
        "sharpe": 0.15062931266959734,
        "worst_year_return": -0.019770039539917628
      }
    },
    "inflation_bear": {
      "checks": {},
      "covered": true,
      "metrics": {
        "annual_turnover": 2.624550898203593,
        "best_year_return": -0.07122793833058405,
        "cagr": -0.07203554331195094,
        "calmar": -0.31493238760328185,
        "max_consecutive_negative_months": 5,
        "max_drawdown": -0.22873336038938497,
        "max_time_underwater_months": 9,
        "sharpe": -0.34840821243194775,
        "worst_year_return": -0.07122793833058405
      }
    },
    "post_gfc_recovery": {
      "checks": {},
      "covered": true,
      "metrics": {
        "annual_turnover": 1.7444776119402985,
        "best_year_return": 0.12292067551878061,
        "cagr": 0.08405009127232033,
        "calmar": 0.6729597646431271,
        "max_consecutive_negative_months": 4,
        "max_drawdown": -0.12489616123913794,
        "max_time_underwater_months": 12,
        "sharpe": 0.7751370574228067,
        "worst_year_return": 0.03701698040766743
      }
    }
  },
  "param_stability_full": {
    "fold_rank_stability": {
      "default_rank_mean": 2.4444444444444446,
      "default_rank_per_fold": [
        1.0,
        1.0,
        1.0,
        2.0,
        2.0,
        2.0,
        3.0,
        3.0,
        7.0
      ],
      "default_rank_std": 1.7708197167232473,
      "default_wins_fold_count": 3,
      "kendalls_w": 0.4723985890652557,
      "n_folds": 9,
      "n_variants": 15
    },
    "local_param_stability": {
      "best_metric": 0.04900960604462395,
      "best_values": [
        2,
        0.15
      ],
      "default_in_plateau": true,
      "default_meets_threshold": true,
      "default_metric": 0.04844827062602072,
      "default_rank": 2,
      "default_values": [
        1,
        0.2
      ],
      "gap_to_best": 0.0114535794899498,
      "metric_key": "wf_mean_cagr",
      "n_variants": 15,
      "param_cols": [
        "alpha_weighting.min_weight_blocks",
        "execution.hysteresis_pct"
      ],
      "plateau_area_cells": 1,
      "plateau_area_fraction": 0.06666666666666667,
      "plateau_cols_covered": [
        0.2
      ],
      "plateau_rows_covered": [
        1
      ],
      "tolerance": 0.03
    },
    "param_stability": {
      "best": 0.04900960604462395,
      "best_variant_name": "all_weather_4_v0__alpha_weighting.min_weight_blocks=2_execution.hysteresis_pct=0.15",
      "metric_key": "wf_mean_cagr",
      "n_variants": 15,
      "relative_drop": 0.5879425289507549,
      "worst": 0.02019477432386754,
      "worst_variant_name": "all_weather_4_v0__alpha_weighting.min_weight_blocks=0_execution.hysteresis_pct=0.1"
    },
    "param_stability_check": {
      "max_relative_metric_drop_within_family": false
    },
    "sweep": [
      {
        "alpha_weighting.min_weight_blocks": 0,
        "execution.hysteresis_pct": 0.05,
        "variant_name": "all_weather_4_v0__alpha_weighting.min_weight_blocks=0_execution.hysteresis_pct=0.05",
        "wf_fold_cagrs": [
          0.10290723957416636,
          0.06979866518320765,
          0.044396682896803874,
          0.028557696831578827,
          -0.013851040352183652,
          -0.013188252681567869,
          0.003050393798194051,
          -0.0034605434955731207,
          0.009735246143370402
        ],
        "wf_mean_cagr": 0.025327343099777393,
        "wf_mean_sharpe": 0.22298285756756606,
        "wf_min_cagr": -0.013851040352183652,
        "wf_windows": 9,
        "wf_worst_drawdown": -0.25730382393320084
      },
      {
        "alpha_weighting.min_weight_blocks": 0,
        "execution.hysteresis_pct": 0.1,
        "variant_name": "all_weather_4_v0__alpha_weighting.min_weight_blocks=0_execution.hysteresis_pct=0.1",
        "wf_fold_cagrs": [
          0.09096115914527303,
          0.05823014302402085,
          0.03309669293533202,
          0.017416929474886267,
          -0.02082826380065006,
          -0.012625596529896588,
          0.004227419243037822,
          -0.0018717088072605081,
          0.013146194230065023
        ],
        "wf_mean_cagr": 0.02019477432386754,
        "wf_mean_sharpe": 0.18663174539280736,
        "wf_min_cagr": -0.02082826380065006,
        "wf_windows": 9,
        "wf_worst_drawdown": -0.25730382393320084
      },
      {
        "alpha_weighting.min_weight_blocks": 0,
        "execution.hysteresis_pct": 0.15,
        "variant_name": "all_weather_4_v0__alpha_weighting.min_weight_blocks=0_execution.hysteresis_pct=0.15",
        "wf_fold_cagrs": [
          0.0886826055631611,
          0.05602358000779062,
          0.03094135702651113,
          0.018937392119638075,
          -0.014924127362827,
          -0.009965348250785655,
          0.0069345610038071825,
          -0.0006504889655120083,
          0.016945315096321023
        ],
        "wf_mean_cagr": 0.021436094026456052,