{
  "acceptance": {
    "max_annual_turnover": true,
    "max_consecutive_negative_months": true,
    "max_drawdown": false,
    "max_time_underwater_months": false,
    "min_cagr": true,
    "min_calmar": true,
    "min_sharpe": true
  },
  "metrics": {
    "annual_turnover": 1.7426867422761052,
    "best_year_return": 0.3050797989864489,
    "cagr": 0.10244723153589885,
    "calmar": 0.3293924364081462,
    "max_consecutive_negative_months": 3,
    "max_drawdown": -0.31101877339089146,
    "max_time_underwater_months": 25,
    "sharpe": 0.6030556623200626,
    "worst_year_return": -0.17794661798314426
  },
  "metrics_pre_tax": {
    "annual_turnover": 1.7426867422761052,
    "best_year_return": 0.37664172714376387,
    "cagr": 0.13124655817602005,
    "calmar": 0.42198918330588386,
    "max_consecutive_negative_months": 3,
    "max_drawdown": -0.31101877339089146,
    "max_time_underwater_months": 23,
    "sharpe": 0.7472847493246374,
    "worst_year_return": -0.17794661798314415
  },
  "mode": "final",
  "named_periods_all": {
    "covid_crash_rebound": {
      "checks": {},
      "covered": true,
      "metrics": {
        "annual_turnover": 2.8835526315789477,
        "best_year_return": 0.012096275571880977,
        "cagr": 0.013315756594200368,
        "calmar": 0.04281335319095029,
        "max_consecutive_negative_months": 2,
        "max_drawdown": -0.31101877339089146,
        "max_time_underwater_months": 5,
        "sharpe": 0.1780143690829598,
        "worst_year_return": 0.012096275571880977
      }
    },
    "gfc_crash": {
      "checks": {},
      "covered": false,
      "metrics": null
    },
    "inflation_bear": {
      "checks": {},
      "covered": true,
      "metrics": {
        "annual_turnover": 1.9684131736526946,
        "best_year_return": -0.17313181987379178,
        "cagr": -0.174980394708094,
        "calmar": -1.0106772679663958,
        "max_consecutive_negative_months": 2,
        "max_drawdown": -0.17313181987379178,
        "max_time_underwater_months": 7,
        "sharpe": -0.9884497592168919,
        "worst_year_return": -0.17313181987379178
      }
    },
    "post_gfc_recovery": {
      "checks": {},
      "covered": false,
      "metrics": null
    }
  },
  "param_stability_full": {
    "fold_rank_stability": {
      "default_rank_mean": 11.5,
      "default_rank_per_fold": [
        10.0,
        10.0,
        14.0,
        12.0
      ],
      "default_rank_std": 1.6583123951777,
      "default_wins_fold_count": 0,
      "kendalls_w": 0.5977678571428572,
      "n_folds": 4,
      "n_variants": 15
    },
    "local_param_stability": {
      "best_metric": 0.2582262297932141,
      "best_values": [
        0.01,
        -0.03
      ],
      "default_in_plateau": false,
      "default_meets_threshold": false,
      "default_metric": 0.15738324686867838,
      "default_rank": 8,
      "default_values": [
        0.005,
        -0.02
      ],
      "gap_to_best": 0.39052184205024454,
      "metric_key": "wf_mean_cagr",
      "n_variants": 15,
      "param_cols": [
        "execution.min_score_gap",
        "asset_filters.canary.bad_threshold"
      ],
      "plateau_area_cells": 0,
      "plateau_area_fraction": 0.0,
      "plateau_cols_covered": [],
      "plateau_rows_covered": [],
      "tolerance": 0.03
    },
    "param_stability": {
      "best": 0.2582262297932141,
      "best_variant_name": "best17_a_uk_v0__execution.min_score_gap=0.01_asset_filters.canary.bad_threshold=-0.03",
      "metric_key": "wf_mean_cagr",
      "n_variants": 15,
      "relative_drop": 0.47698795562350216,
      "worst": 0.1350554283557842,
      "worst_variant_name": "best17_a_uk_v0__execution.min_score_gap=0.0_asset_filters.canary.bad_threshold=-0.01"
    },
    "param_stability_check": {
      "max_relative_metric_drop_within_family": false
    },
    "sweep": [
      {
        "asset_filters.canary.bad_threshold": -0.03,
        "execution.min_score_gap": 0.0,
        "variant_name": "best17_a_uk_v0__execution.min_score_gap=0.0_asset_filters.canary.bad_threshold=-0.03",
        "wf_fold_cagrs": [
          0.2707978789038723,
          0.33233532566762025,
          0.278809066438823,
          0.14061623912060828
        ],
        "wf_mean_cagr": 0.25563962753273095,
        "wf_mean_sharpe": 1.1282682395776378,
        "wf_min_cagr": 0.14061623912060828,
        "wf_windows": 4,
        "wf_worst_drawdown": -0.31101877339089146
      },
      {
        "asset_filters.canary.bad_threshold": -0.02,
        "execution.min_score_gap": 0.0,
        "variant_name": "best17_a_uk_v0__execution.min_score_gap=0.0_asset_filters.canary.bad_threshold=-0.02",
        "wf_fold_cagrs": [
          0.11211590911167324,
          0.16482424386138694,
          0.2788090664388214,
          0.07378376806283193
        ],
        "wf_mean_cagr": 0.15738324686867838,
        "wf_mean_sharpe": 0.7971439233474483,
        "wf_min_cagr": 0.07378376806283193,
        "wf_windows": 4,
        "wf_worst_drawdown": -0.31101877339089146
      },
      {
        "asset_filters.canary.bad_threshold": -0.01,
        "execution.min_score_gap": 0.0,
        "variant_name": "best17_a_uk_v0__execution.min_score_gap=0.0_asset_filters.canary.bad_threshold=-0.01",
        "wf_fold_cagrs": [
          0.06865451258412758,
          0.11897436633735436,
          0.27880906643882275,
          0.07378376806283216
        ],
        "wf_mean_cagr": 0.1350554283557842,
        "wf_mean_sharpe": 0.711420782495221,
        "wf_min_cagr": 0.06865451258412758,
        "wf_windows": 4,
        "wf_worst_drawdown": -0.31101877339089146
      },
      {
        "asset_filters.canary.bad_threshold": -0.03,
        "execution.min_score_gap": 0.0025,
        "variant_name": "best17_a_uk_v0__execution.min_score_gap=0.0025_asset_filters.canary.bad_threshold=-0.03",
        "wf_fold_cagrs": [
          0.2707978789038723,
          0.33233532566762025,
          0.278809066438823,
          0.14061623912060828
        ],
        "wf_mean_cagr": 0.25563962753273095,
        "wf_mean_sharpe": 1.1282682395776378,
        "wf_min_cagr": 0.14061623912060828,
        "wf_windows": 4,
        "wf_worst_drawdown": -0.31101877339089146
      },
      {
        "asset_filters.canary.bad_threshold": -0.02,
        "execution.min_score_gap": 0.0025,
        "variant_name": "best17_a_uk_v0__execution.min_score_gap=0.0025_asset_filters.canary.bad_threshold=-0.02",
        "wf_fold_cagrs": [
          0.11211590911167324,
          0.16482424386138694,
          0.2788090664388214,
          0.07378376806283193
        ],
        "wf_mean_cagr": 0.15738324686867838,
        "wf_mean_sharpe": 0.7971439233474483,
        "wf_min_cagr": 0.07378376806283193,
        "wf_windows": 4,
        "wf_worst_drawdown": -0.31101877339089146
      },
      {
        "asset_filters.canary.bad_threshold": -0.01,
        "execution.min_score_gap": 0.0025,
        "variant_name": "best17_a_uk_v0__execution.min_score_gap=0.0025_asset_filters.canary.bad_threshold=-0.01",
        "wf_fold_cagrs": [
          0.06865451258412758,
          0.11897436633735436,
          0.27880906643882275,
          0.07378376806283216
        ],
        "wf_mean_cagr": 0.1350554283557842,
        "wf_mean_sharpe": 0.711420782495221,
        "wf_min_cagr": 0.06865451258412758,
        "wf_windows": 4,
        "wf_worst_drawdown": -0.31101877339089146
      },
      {
        "asset_filters.canary.bad_threshold": -0.03,
        "execution.min_score_gap": 0.005,
        "variant_name": "best17_a_uk_v0__execution.min_score_gap=0.005_asset_filters.canary.bad_threshold=-0.03",
        "wf_fold_cagrs": [
          0.2707978789038723,
          0.33233532566762025,
          0.278809066438823,
          0.14061623912060828
        ],
        "wf_mean_cagr": 0.25563962753273095,
        "wf_mean_sharpe": 1.1282682395776378,
        "wf_min_cagr": 0.14061623912060828,
        "wf_windows": 4,