{
  "acceptance": {
    "max_annual_turnover": true,
    "max_consecutive_negative_months": true,
    "max_drawdown": false,
    "max_time_underwater_months": false,
    "min_cagr": true,
    "min_calmar": true,
    "min_sharpe": true
  },
  "metrics": {
    "annual_turnover": 1.7998240125146658,
    "best_year_return": 0.3050797989864489,
    "cagr": 0.10940512324164664,
    "calmar": 0.351763728114718,
    "max_consecutive_negative_months": 4,
    "max_drawdown": -0.31101877339089146,
    "max_time_underwater_months": 25,
    "sharpe": 0.6357458108085119,
    "worst_year_return": -0.17152649315882285
  },
  "metrics_pre_tax": {
    "annual_turnover": 1.7998240125146658,
    "best_year_return": 0.37664172714376387,
    "cagr": 0.13816302357294763,
    "calmar": 0.4442272794874121,
    "max_consecutive_negative_months": 3,
    "max_drawdown": -0.31101877339089146,
    "max_time_underwater_months": 23,
    "sharpe": 0.7792637666934737,
    "worst_year_return": -0.17152649315882285
  },
  "mode": "final",
  "named_periods_all": {
    "covid_crash_rebound": {
      "checks": {},
      "covered": true,
      "metrics": {
        "annual_turnover": 2.8835526315789477,
        "best_year_return": 0.012096275571880977,
        "cagr": 0.013315756594200368,
        "calmar": 0.04281335319095029,
        "max_consecutive_negative_months": 2,
        "max_drawdown": -0.31101877339089146,
        "max_time_underwater_months": 5,
        "sharpe": 0.1780143690829598,
        "worst_year_return": 0.012096275571880977
      }
    },
    "gfc_crash": {
      "checks": {},
      "covered": false,
      "metrics": null
    },
    "inflation_bear": {
      "checks": {},
      "covered": true,
      "metrics": {
        "annual_turnover": 1.9684131736526946,
        "best_year_return": -0.17152649315882285,
        "cagr": -0.17335978138397656,
        "calmar": -1.0106880761764085,
        "max_consecutive_negative_months": 2,
        "max_drawdown": -0.17152649315882285,
        "max_time_underwater_months": 7,
        "sharpe": -0.9785388847947344,
        "worst_year_return": -0.17152649315882285
      }
    },
    "post_gfc_recovery": {
      "checks": {},
      "covered": false,
      "metrics": null
    }
  },
  "param_stability_full": {
    "fold_rank_stability": {
      "default_rank_mean": 10.5,
      "default_rank_per_fold": [
        10.0,
        10.0,
        14.0,
        8.0
      ],
      "default_rank_std": 2.179449471770337,
      "default_wins_fold_count": 0,
      "kendalls_w": 0.6089285714285714,
      "n_folds": 4,
      "n_variants": 15
    },
    "local_param_stability": {
      "best_metric": 0.2585985007883677,
      "best_values": [
        0.01,
        -0.03
      ],
      "default_in_plateau": false,
      "default_meets_threshold": false,
      "default_metric": 0.15773370527721808,
      "default_rank": 8,
      "default_values": [
        0.005,
        -0.02
      ],
      "gap_to_best": 0.3900440072299396,
      "metric_key": "wf_mean_cagr",
      "n_variants": 15,
      "param_cols": [
        "execution.min_score_gap",
        "asset_filters.canary.bad_threshold"
      ],
      "plateau_area_cells": 0,
      "plateau_area_fraction": 0.0,
      "plateau_cols_covered": [],
      "plateau_rows_covered": [],
      "tolerance": 0.03
    },
    "param_stability": {
      "best": 0.2585985007883677,
      "best_variant_name": "best17_a_uk_v0__execution.min_score_gap=0.01_asset_filters.canary.bad_threshold=-0.03",
      "metric_key": "wf_mean_cagr",
      "n_variants": 15,
      "relative_drop": 0.47638564666259414,
      "worst": 0.1354058867643238,
      "worst_variant_name": "best17_a_uk_v0__execution.min_score_gap=0.0_asset_filters.canary.bad_threshold=-0.01"
    },
    "param_stability_check": {
      "max_relative_metric_drop_within_family": false
    },
    "sweep": [
      {
        "asset_filters.canary.bad_threshold": -0.03,
        "execution.min_score_gap": 0.0,
        "variant_name": "best17_a_uk_v0__execution.min_score_gap=0.0_asset_filters.canary.bad_threshold=-0.03",
        "wf_fold_cagrs": [
          0.2707978789038723,
          0.33233532566762025,
          0.278809066438823,
          0.1421053231012228
        ],
        "wf_mean_cagr": 0.2560118985278846,
        "wf_mean_sharpe": 1.1306296621887846,
        "wf_min_cagr": 0.1421053231012228,
        "wf_windows": 4,
        "wf_worst_drawdown": -0.31101877339089146
      },
      {
        "asset_filters.canary.bad_threshold": -0.02,
        "execution.min_score_gap": 0.0,
        "variant_name": "best17_a_uk_v0__execution.min_score_gap=0.0_asset_filters.canary.bad_threshold=-0.02",
        "wf_fold_cagrs": [
          0.11211590911167324,
          0.16482424386138694,
          0.2788090664388214,
          0.07518560169699073
        ],
        "wf_mean_cagr": 0.15773370527721808,
        "wf_mean_sharpe": 0.7994271893700443,
        "wf_min_cagr": 0.07518560169699073,
        "wf_windows": 4,
        "wf_worst_drawdown": -0.31101877339089146
      },
      {
        "asset_filters.canary.bad_threshold": -0.01,
        "execution.min_score_gap": 0.0,
        "variant_name": "best17_a_uk_v0__execution.min_score_gap=0.0_asset_filters.canary.bad_threshold=-0.01",
        "wf_fold_cagrs": [
          0.06865451258412758,
          0.11897436633735436,
          0.27880906643882275,
          0.07518560169699051
        ],
        "wf_mean_cagr": 0.1354058867643238,
        "wf_mean_sharpe": 0.7137040485178153,
        "wf_min_cagr": 0.06865451258412758,
        "wf_windows": 4,
        "wf_worst_drawdown": -0.31101877339089146
      },
      {
        "asset_filters.canary.bad_threshold": -0.03,
        "execution.min_score_gap": 0.0025,
        "variant_name": "best17_a_uk_v0__execution.min_score_gap=0.0025_asset_filters.canary.bad_threshold=-0.03",
        "wf_fold_cagrs": [
          0.2707978789038723,
          0.33233532566762025,
          0.278809066438823,
          0.1421053231012228
        ],
        "wf_mean_cagr": 0.2560118985278846,
        "wf_mean_sharpe": 1.1306296621887846,
        "wf_min_cagr": 0.1421053231012228,
        "wf_windows": 4,
        "wf_worst_drawdown": -0.31101877339089146
      },
      {
        "asset_filters.canary.bad_threshold": -0.02,
        "execution.min_score_gap": 0.0025,
        "variant_name": "best17_a_uk_v0__execution.min_score_gap=0.0025_asset_filters.canary.bad_threshold=-0.02",
        "wf_fold_cagrs": [
          0.11211590911167324,
          0.16482424386138694,
          0.2788090664388214,
          0.07518560169699073
        ],
        "wf_mean_cagr": 0.15773370527721808,
        "wf_mean_sharpe": 0.7994271893700443,
        "wf_min_cagr": 0.07518560169699073,
        "wf_windows": 4,
        "wf_worst_drawdown": -0.31101877339089146
      },
      {
        "asset_filters.canary.bad_threshold": -0.01,
        "execution.min_score_gap": 0.0025,
        "variant_name": "best17_a_uk_v0__execution.min_score_gap=0.0025_asset_filters.canary.bad_threshold=-0.01",
        "wf_fold_cagrs": [
          0.06865451258412758,
          0.11897436633735436,
          0.27880906643882275,
          0.07518560169699051
        ],
        "wf_mean_cagr": 0.1354058867643238,
        "wf_mean_sharpe": 0.7137040485178153,
        "wf_min_cagr": 0.06865451258412758,
        "wf_windows": 4,
        "wf_worst_drawdown": -0.31101877339089146
      },
      {
        "asset_filters.canary.bad_threshold": -0.03,
        "execution.min_score_gap": 0.005,
        "variant_name": "best17_a_uk_v0__execution.min_score_gap=0.005_asset_filters.canary.bad_threshold=-0.03",
        "wf_fold_cagrs": [
          0.2707978789038723,
          0.33233532566762025,
          0.278809066438823,
          0.1421053231012228
        ],
        "wf_mean_cagr": 0.2560118985278846,
        "wf_mean_sharpe": 1.1306296621887846,
        "wf_min_cagr": 0.1421053231012228,
        "wf_windows": 4,