{
  "annual_tax_rate_assumed": 0.19,
  "capital_weight_sensitivity": null,
  "metrics": {
    "annual_turnover": 0.9655336827304104,
    "best_year_return": 0.4471317437762776,
    "cagr": 0.11575962320750888,
    "calmar": 0.42267217404022084,
    "max_consecutive_negative_months": 6,
    "max_drawdown": -0.27387566610072933,
    "max_time_underwater_months": 30,
    "sharpe": 0.7953296244548703,
    "worst_year_return": -0.22094586130548188
  },
  "metrics_pre_tax": {
    "annual_turnover": 0.9655336827304104,
    "best_year_return": 0.5497382861889115,
    "cagr": 0.14081020480562878,
    "calmar": 0.5807352078496854,
    "max_consecutive_negative_months": 6,
    "max_drawdown": -0.24246886171584658,
    "max_time_underwater_months": 28,
    "sharpe": 0.957879835931616,
    "worst_year_return": -0.22094586130548177
  },
  "mode": "combined_final",
  "named_periods_all": {
    "covid_crash_rebound": {
      "checks": {},
      "covered": true,
      "metrics": {
        "annual_turnover": 0.3844736842105263,
        "best_year_return": 0.38567039544703285,
        "cagr": 0.4316843137245887,
        "calmar": 2.3879855353452566,
        "max_consecutive_negative_months": 2,
        "max_drawdown": -0.1807734206657058,
        "max_time_underwater_months": 2,
        "sharpe": 1.5118549187429295,
        "worst_year_return": 0.38567039544703285
      }
    },
    "gfc_crash": {
      "checks": {},
      "covered": true,
      "metrics": {
        "annual_turnover": 1.7188235294117646,
        "best_year_return": 0.0,
        "cagr": -0.09099017709909518,
        "calmar": -0.7373237659063094,
        "max_consecutive_negative_months": 2,
        "max_drawdown": -0.12340600060171825,
        "max_time_underwater_months": 9,
        "sharpe": -1.4085909706520396,
        "worst_year_return": -0.11181917569946909
      }
    },
    "inflation_bear": {
      "checks": {},
      "covered": true,
      "metrics": {
        "annual_turnover": 1.093562874251497,
        "best_year_return": -0.22094586130548188,
        "cagr": -0.2232324383910198,
        "calmar": -1.010349037868496,
        "max_consecutive_negative_months": 6,
        "max_drawdown": -0.22094586130548188,
        "max_time_underwater_months": 9,
        "sharpe": -1.2017250839201221,
        "worst_year_return": -0.22094586130548188
      }
    },
    "post_gfc_recovery": {
      "checks": {},
      "covered": true,
      "metrics": {
        "annual_turnover": 1.9952462686567163,
        "best_year_return": 0.25680764800947986,
        "cagr": 0.18012844846827658,
        "calmar": 1.2156283821351221,
        "max_consecutive_negative_months": 2,
        "max_drawdown": -0.14817723172265862,
        "max_time_underwater_months": 9,
        "sharpe": 1.1400727451879769,
        "worst_year_return": 0.08293037416322657
      }
    }
  },
  "train_oos": null,
  "uk_mapping": null
}
