{
  "acceptance": {
    "max_annual_turnover": true,
    "max_consecutive_negative_months": true,
    "max_drawdown": false,
    "max_time_underwater_months": false,
    "min_cagr": true,
    "min_calmar": false,
    "min_sharpe": true
  },
  "metrics": {
    "annual_turnover": 1.4377744133232402,
    "best_year_return": 0.40364788533615226,
    "cagr": 0.1233913237968205,
    "calmar": 0.39564673903786646,
    "max_consecutive_negative_months": 4,
    "max_drawdown": -0.31187246506032995,
    "max_time_underwater_months": 25,
    "sharpe": 0.7360820591979008,
    "worst_year_return": -0.19351314178028323
  },
  "metrics_pre_tax": {
    "annual_turnover": 1.4377744133232402,
    "best_year_return": 0.49031716991100693,
    "cagr": 0.15115663941233648,
    "calmar": 0.48467452675918676,
    "max_consecutive_negative_months": 4,
    "max_drawdown": -0.31187246506033006,
    "max_time_underwater_months": 24,
    "sharpe": 0.8825900810348136,
    "worst_year_return": -0.193513141780283
  },
  "mode": "final",
  "named_periods_all": {
    "covid_crash_rebound": {
      "checks": {},
      "covered": true,
      "metrics": {
        "annual_turnover": 0.4805921052631579,
        "best_year_return": 0.2022072000957018,
        "cagr": 0.22458603416918188,
        "calmar": 0.720121393614332,
        "max_consecutive_negative_months": 2,
        "max_drawdown": -0.31187246506032995,
        "max_time_underwater_months": 2,
        "sharpe": 0.7595469923214853,
        "worst_year_return": 0.2022072000957018
      }
    },
    "gfc_crash": {
      "checks": {},
      "covered": true,
      "metrics": {
        "annual_turnover": 3.006172839506173,
        "best_year_return": 0.0,
        "cagr": -0.1421166425548478,
        "calmar": -1.1516185749631127,
        "max_consecutive_negative_months": 1,
        "max_drawdown": -0.12340600060171825,
        "max_time_underwater_months": 8,
        "sharpe": -1.7593177694297348,
        "worst_year_return": -0.10825218443721796
      }
    },
    "inflation_bear": {
      "checks": {},
      "covered": true,
      "metrics": {
        "annual_turnover": 1.093562874251497,
        "best_year_return": -0.19351314178028323,
        "cagr": -0.19555255144860995,
        "calmar": -1.0051325507193984,
        "max_consecutive_negative_months": 4,
        "max_drawdown": -0.19455399321079403,
        "max_time_underwater_months": 9,
        "sharpe": -1.0296457109838268,
        "worst_year_return": -0.19351314178028323
      }
    },
    "post_gfc_recovery": {
      "checks": {},
      "covered": true,
      "metrics": {
        "annual_turnover": 3.1618656716417908,
        "best_year_return": 0.29039001297650024,
        "cagr": 0.11911119773330325,
        "calmar": 0.7697662523971124,
        "max_consecutive_negative_months": 2,
        "max_drawdown": -0.154736840388081,
        "max_time_underwater_months": 11,
        "sharpe": 0.7571533902005924,
        "worst_year_return": 0.03801484382495568
      }
    }
  },
  "param_stability_full": {
    "fold_rank_stability": {
      "default_rank_mean": 6.2,
      "default_rank_per_fold": [
        6.0,
        7.0,
        6.0,
        6.0,
        6.0
      ],
      "default_rank_std": 0.39999999999999997,
      "default_wins_fold_count": 0,
      "kendalls_w": 0.9388571428571428,
      "n_folds": 5,
      "n_variants": 15
    },
    "local_param_stability": {
      "best_metric": 0.15036015036239242,
      "best_values": [
        0.005,
        -0.03
      ],
      "default_in_plateau": false,
      "default_meets_threshold": false,
      "default_metric": 0.1378336276846893,
      "default_rank": 6,
      "default_values": [
        0.005,
        -0.02
      ],
      "gap_to_best": 0.08331012337718585,
      "metric_key": "wf_mean_cagr",
      "n_variants": 15,
      "param_cols": [
        "execution.min_score_gap",
        "asset_filters.canary.bad_threshold"
      ],
      "plateau_area_cells": 0,
      "plateau_area_fraction": 0.0,
      "plateau_cols_covered": [],
      "plateau_rows_covered": [],
      "tolerance": 0.03
    },
    "param_stability": {
      "best": 0.15036015036239242,
      "best_variant_name": "best17_a_v0__execution.min_score_gap=0.005_asset_filters.canary.bad_threshold=-0.03",
      "metric_key": "wf_mean_cagr",
      "n_variants": 15,
      "relative_drop": 0.25021516778225383,
      "worst": 0.11273776011170149,
      "worst_variant_name": "best17_a_v0__execution.min_score_gap=0.0_asset_filters.canary.bad_threshold=-0.01"
    },
    "param_stability_check": {
      "max_relative_metric_drop_within_family": true
    },
    "sweep": [
      {
        "asset_filters.canary.bad_threshold": -0.03,
        "execution.min_score_gap": 0.0,
        "variant_name": "best17_a_v0__execution.min_score_gap=0.0_asset_filters.canary.bad_threshold=-0.03",
        "wf_fold_cagrs": [
          0.12410606471842867,
          0.1280208869139079,
          0.16967922387054535,
          0.18615893930250338,
          0.135872245123825
        ],
        "wf_mean_cagr": 0.14876747198584206,
        "wf_mean_sharpe": 1.0427217755544747,
        "wf_min_cagr": 0.12410606471842867,
        "wf_windows": 5,
        "wf_worst_drawdown": -0.24397468396412592
      },
      {
        "asset_filters.canary.bad_threshold": -0.02,
        "execution.min_score_gap": 0.0,
        "variant_name": "best17_a_v0__execution.min_score_gap=0.0_asset_filters.canary.bad_threshold=-0.02",
        "wf_fold_cagrs": [
          0.12410606471842822,
          0.11276209561645767,
          0.1538483074805821,
          0.17008748689129827,
          0.1204905151435014
        ],
        "wf_mean_cagr": 0.13625889397005353,
        "wf_mean_sharpe": 0.9705143984626223,
        "wf_min_cagr": 0.11276209561645767,
        "wf_windows": 5,
        "wf_worst_drawdown": -0.24397468396412525
      },
      {
        "asset_filters.canary.bad_threshold": -0.01,
        "execution.min_score_gap": 0.0,
        "variant_name": "best17_a_v0__execution.min_score_gap=0.0_asset_filters.canary.bad_threshold=-0.01",
        "wf_fold_cagrs": [
          0.10820864922772033,
          0.08058738908381802,
          0.13652314103467544,
          0.1524993580531453,
          0.08587026315914836
        ],
        "wf_mean_cagr": 0.11273776011170149,
        "wf_mean_sharpe": 0.858698905437075,
        "wf_min_cagr": 0.08058738908381802,
        "wf_windows": 5,
        "wf_worst_drawdown": -0.2439746839641257
      },
      {
        "asset_filters.canary.bad_threshold": -0.03,
        "execution.min_score_gap": 0.0025,
        "variant_name": "best17_a_v0__execution.min_score_gap=0.0025_asset_filters.canary.bad_threshold=-0.03",
        "wf_fold_cagrs": [
          0.1254423492129899,
          0.129359620783551,
          0.16967922387054446,
          0.1861589393025027,
          0.13587224512382434
        ],
        "wf_mean_cagr": 0.1493024756586825,
        "wf_mean_sharpe": 1.0456752100764675,
        "wf_min_cagr": 0.1254423492129899,
        "wf_windows": 5,
        "wf_worst_drawdown": -0.24397468396412603
      },
      {
        "asset_filters.canary.bad_threshold": -0.02,
        "execution.min_score_gap": 0.0025,
        "variant_name": "best17_a_v0__execution.min_score_gap=0.0025_asset_filters.canary.bad_threshold=-0.02",
        "wf_fold_cagrs": [
          0.1254423492129897,
          0.11408272037043088,
          0.15384830748058187,
          0.1700874868912985,
          0.1204905151435014
        ],
        "wf_mean_cagr": 0.13679027581976047,
        "wf_mean_sharpe": 0.9734926146147664,
        "wf_min_cagr": 0.11408272037043088,
        "wf_windows": 5,
        "wf_worst_drawdown": -0.2439746839641258
      },
      {
        "asset_filters.canary.bad_threshold": -0.01,
        "execution.min_score_gap": 0.0025,
        "variant_name": "best17_a_v0__execution.min_score_gap=0.0025_asset_filters.canary.bad_threshold=-0.01",