{
  "acceptance": {
    "max_annual_turnover": true,
    "max_consecutive_negative_months": true,
    "max_drawdown": true,
    "max_time_underwater_months": true,
    "min_cagr": true,
    "min_calmar": true,
    "min_sharpe": true
  },
  "metrics": {
    "annual_turnover": 2.2594286284421976,
    "best_year_return": 0.29942263716315454,
    "cagr": 0.06649016029543353,
    "calmar": 0.2237705972782196,
    "max_consecutive_negative_months": 5,
    "max_drawdown": -0.2971353748176515,
    "max_time_underwater_months": 36,
    "sharpe": 0.4945183902963729,
    "worst_year_return": -0.14275978792236466
  },
  "metrics_pre_tax": {
    "annual_turnover": 2.2594286284421976,
    "best_year_return": 0.34037919835583197,
    "cagr": 0.06798547082814332,
    "calmar": 0.22880301906114414,
    "max_consecutive_negative_months": 5,
    "max_drawdown": -0.2971353748176515,
    "max_time_underwater_months": 36,
    "sharpe": 0.5053608473685669,
    "worst_year_return": -0.15514006489222942
  },
  "mode": "final"
}
