{
  "annual_tax_rate_assumed": 0.19,
  "capital_weight_sensitivity": null,
  "metrics": {
    "annual_turnover": 1.1429528313946058,
    "best_year_return": 0.44713174377627807,
    "cagr": 0.1065282780660124,
    "calmar": 0.39655214343501294,
    "max_consecutive_negative_months": 6,
    "max_drawdown": -0.2686362432522579,
    "max_time_underwater_months": 29,
    "sharpe": 0.7434154523842237,
    "worst_year_return": -0.22094586130548255
  },
  "metrics_pre_tax": {
    "annual_turnover": 1.1429528313946058,
    "best_year_return": 0.5497382861889113,
    "cagr": 0.1301173842532295,
    "calmar": 0.5490119665847754,
    "max_consecutive_negative_months": 6,
    "max_drawdown": -0.23700281992512362,
    "max_time_underwater_months": 25,
    "sharpe": 0.8970860764221198,
    "worst_year_return": -0.22094586130548266
  },
  "mode": "combined_final",
  "named_periods_all": {
    "covid_crash_rebound": {
      "checks": {},
      "covered": true,
      "metrics": {
        "annual_turnover": 0.3844736842105263,
        "best_year_return": 0.38567039544703396,
        "cagr": 0.4316843137245898,
        "calmar": 2.3879855353452597,
        "max_consecutive_negative_months": 2,
        "max_drawdown": -0.180773420665706,
        "max_time_underwater_months": 2,
        "sharpe": 1.5118549187429262,
        "worst_year_return": 0.38567039544703396
      }
    },
    "gfc_crash": {
      "checks": {},
      "covered": true,
      "metrics": {
        "annual_turnover": 1.7188235294117646,
        "best_year_return": 0.0,
        "cagr": -0.09099017709909518,
        "calmar": -0.7373237659063094,
        "max_consecutive_negative_months": 2,
        "max_drawdown": -0.12340600060171825,
        "max_time_underwater_months": 9,
        "sharpe": -1.4085909706520396,
        "worst_year_return": -0.11181917569946909
      }
    },
    "inflation_bear": {
      "checks": {},
      "covered": true,
      "metrics": {
        "annual_turnover": 1.093562874251497,
        "best_year_return": -0.22094586130548255,
        "cagr": -0.22323243839102047,
        "calmar": -1.010349037868496,
        "max_consecutive_negative_months": 6,
        "max_drawdown": -0.22094586130548255,
        "max_time_underwater_months": 9,
        "sharpe": -1.2017250839201292,
        "worst_year_return": -0.22094586130548255
      }
    },
    "post_gfc_recovery": {
      "checks": {},
      "covered": true,
      "metrics": {
        "annual_turnover": 2.8783880597014924,
        "best_year_return": 0.25680764800947986,
        "cagr": 0.14190411611762244,
        "calmar": 1.0269831420225803,
        "max_consecutive_negative_months": 2,
        "max_drawdown": -0.1381757015389279,
        "max_time_underwater_months": 6,
        "sharpe": 0.9262031928740116,
        "worst_year_return": 0.036518754198567205
      }
    }
  },
  "train_oos": null,
  "uk_mapping": null
}
