{
  "acceptance": {
    "max_annual_turnover": true,
    "max_consecutive_negative_months": true,
    "max_drawdown": false,
    "max_time_underwater_months": false,
    "min_cagr": true,
    "min_calmar": false,
    "min_sharpe": false
  },
  "metrics": {
    "annual_turnover": 2.2594286284421976,
    "best_year_return": 0.2770026322410246,
    "cagr": 0.050372674119803396,
    "calmar": 0.16501245668844908,
    "max_consecutive_negative_months": 5,
    "max_drawdown": -0.30526588798631893,
    "max_time_underwater_months": 39,
    "sharpe": 0.3956149589614899,
    "worst_year_return": -0.16398511702479923
  },
  "metrics_pre_tax": {
    "annual_turnover": 2.2594286284421976,
    "best_year_return": 0.33635906805749305,
    "cagr": 0.060913337294916436,
    "calmar": 0.20348572780822338,
    "max_consecutive_negative_months": 5,
    "max_drawdown": -0.2993494332552141,
    "max_time_underwater_months": 39,
    "sharpe": 0.4618784154882916,
    "worst_year_return": -0.16398511702479912
  },
  "mode": "final",
  "named_periods_all": {
    "covid_crash_rebound": {
      "checks": {},
      "covered": true,
      "metrics": {
        "annual_turnover": 4.205180921052631,
        "best_year_return": -0.15179682685414986,
        "cagr": -0.16566759046211565,
        "calmar": -0.5575491998008784,
        "max_consecutive_negative_months": 2,
        "max_drawdown": -0.2971353748176515,
        "max_time_underwater_months": 10,
        "sharpe": -0.5784928849710473,
        "worst_year_return": -0.15179682685414986
      }
    },
    "gfc_crash": {
      "checks": {},
      "covered": true,
      "metrics": {
        "annual_turnover": 1.7188235294117646,
        "best_year_return": 0.0,
        "cagr": -0.007963336652477171,
        "calmar": -0.06007200705350974,
        "max_consecutive_negative_months": 2,
        "max_drawdown": -0.13256318613399665,
        "max_time_underwater_months": 10,
        "sharpe": 0.003654381567365243,
        "worst_year_return": -0.009888706347777054
      }
    },
    "inflation_bear": {
      "checks": {},
      "covered": true,
      "metrics": {
        "annual_turnover": 3.2806886227544907,
        "best_year_return": 0.00740150123316119,
        "cagr": 0.007488963495894563,
        "calmar": 0.03850236419149752,
        "max_consecutive_negative_months": 2,
        "max_drawdown": -0.19450658818370303,
        "max_time_underwater_months": 7,
        "sharpe": 0.1373661582178784,
        "worst_year_return": 0.00740150123316119
      }
    },
    "post_gfc_recovery": {
      "checks": {},
      "covered": true,
      "metrics": {
        "annual_turnover": 1.9080223880597014,
        "best_year_return": 0.10927650004733258,
        "cagr": 0.05309951204113972,
        "calmar": 0.2364121581791358,
        "max_consecutive_negative_months": 5,
        "max_drawdown": -0.2246056736257397,
        "max_time_underwater_months": 20,
        "sharpe": 0.3975940950856372,
        "worst_year_return": 0.0
      }
    }
  },
  "param_stability_full": {
    "fold_rank_stability": {
      "default_rank_mean": 4.0,
      "default_rank_per_fold": [
        2.0,
        6.0,
        4.0,
        6.0,
        2.0
      ],
      "default_rank_std": 1.7888543819998317,
      "default_wins_fold_count": 0,
      "kendalls_w": 0.5832167832167832,
      "n_folds": 5,
      "n_variants": 12
    },
    "local_param_stability": {
      "best_metric": 0.10649026999176292,
      "best_values": [
        0.05,
        12
      ],
      "default_in_plateau": false,
      "default_meets_threshold": false,
      "default_metric": 0.09947520886500891,
      "default_rank": 3,
      "default_values": [
        0.03,
        9
      ],
      "gap_to_best": 0.06587513701765083,
      "metric_key": "wf_mean_cagr",
      "n_variants": 12,
      "param_cols": [
        "execution.min_score_gap",
        "indicators.mom_9.window"
      ],
      "plateau_area_cells": 0,
      "plateau_area_fraction": 0.0,
      "plateau_cols_covered": [],
      "plateau_rows_covered": [],
      "tolerance": 0.03
    },
    "param_stability": {
      "best": 0.10649026999176292,
      "best_variant_name": "best17_b_v0__execution.min_score_gap=0.05_indicators.mom_9.window=12",
      "metric_key": "wf_mean_cagr",
      "n_variants": 12,
      "relative_drop": 0.4015751239434828,
      "worst": 0.06372642662104577,
      "worst_variant_name": "best17_b_v0__execution.min_score_gap=0.0_indicators.mom_9.window=6"
    },
    "param_stability_check": {
      "max_relative_metric_drop_within_family": false
    },
    "sweep": [
      {
        "execution.min_score_gap": 0.0,
        "indicators.mom_9.window": 6,
        "variant_name": "best17_b_v0__execution.min_score_gap=0.0_indicators.mom_9.window=6",
        "wf_fold_cagrs": [
          0.07818074742158698,
          0.048261095672046395,
          0.10501885307313175,
          0.07348694905788622,
          0.013684487880577523
        ],
        "wf_mean_cagr": 0.06372642662104577,
        "wf_mean_sharpe": 0.532893699461025,
        "wf_min_cagr": 0.013684487880577523,
        "wf_windows": 5,
        "wf_worst_drawdown": -0.20556200303348815
      },
      {
        "execution.min_score_gap": 0.0,
        "indicators.mom_9.window": 9,
        "variant_name": "best17_b_v0__execution.min_score_gap=0.0_indicators.mom_9.window=9",
        "wf_fold_cagrs": [
          0.15334650481759682,
          0.07742620035986514,
          0.12280692641730795,
          0.08389270689273354,
          0.024404535055678966
        ],
        "wf_mean_cagr": 0.09237537470863648,
        "wf_mean_sharpe": 0.7142265036346301,
        "wf_min_cagr": 0.024404535055678966,
        "wf_windows": 5,
        "wf_worst_drawdown": -0.22505698626043225
      },
      {
        "execution.min_score_gap": 0.0,
        "indicators.mom_9.window": 12,
        "variant_name": "best17_b_v0__execution.min_score_gap=0.0_indicators.mom_9.window=12",
        "wf_fold_cagrs": [
          0.15510817265586652,
          0.09727856487233,
          0.1256519232207065,
          0.09530426639146916,
          0.01729429385175907
        ],
        "wf_mean_cagr": 0.09812744419842626,
        "wf_mean_sharpe": 0.730017357320862,
        "wf_min_cagr": 0.01729429385175907,
        "wf_windows": 5,
        "wf_worst_drawdown": -0.26228246993888515
      },
      {
        "execution.min_score_gap": 0.01,
        "indicators.mom_9.window": 6,
        "variant_name": "best17_b_v0__execution.min_score_gap=0.01_indicators.mom_9.window=6",
        "wf_fold_cagrs": [
          0.09149642349132758,
          0.057583472869104924,
          0.1108884655123128,
          0.0796583617215243,
          0.0158957091935934
        ],
        "wf_mean_cagr": 0.0711044865575726,
        "wf_mean_sharpe": 0.5834971147699368,
        "wf_min_cagr": 0.0158957091935934,
        "wf_windows": 5,
        "wf_worst_drawdown": -0.2055620030334886
      },
      {
        "execution.min_score_gap": 0.01,
        "indicators.mom_9.window": 9,
        "variant_name": "best17_b_v0__execution.min_score_gap=0.01_indicators.mom_9.window=9",
        "wf_fold_cagrs": [
          0.16508766548419707,
          0.09184588134277316,
          0.12843870974150984,
          0.09014272512512078,
          0.024642260519988524
        ],
        "wf_mean_cagr": 0.10003144844271787,
        "wf_mean_sharpe": 0.7645607900496928,
        "wf_min_cagr": 0.024642260519988524,
        "wf_windows": 5,
        "wf_worst_drawdown": -0.22093675326907536
      },
      {
        "execution.min_score_gap": 0.01,
        "indicators.mom_9.window": 12,
        "variant_name": "best17_b_v0__execution.min_score_gap=0.01_indicators.mom_9.window=12",
        "wf_fold_cagrs": [
          0.15349877258764955,
          0.09826134573731249,
          0.11990971214123158,
          0.08737262784882849,
          0.01068494455018354
        ],
        "wf_mean_cagr": 0.09394548057304113,