{
  "acceptance": {
    "max_annual_turnover": true,
    "max_consecutive_negative_months": true,
    "max_drawdown": true,
    "max_time_underwater_months": true,
    "min_cagr": true,
    "min_calmar": true,
    "min_sharpe": true
  },
  "metrics": {
    "annual_turnover": 0.046875,
    "best_year_return": 0.2787650454224848,
    "cagr": 0.07885258090455083,
    "calmar": 0.14457559119164276,
    "max_consecutive_negative_months": 5,
    "max_drawdown": -0.5454072866285393,
    "max_time_underwater_months": 70,
    "sharpe": 0.4953156612990334,
    "worst_year_return": -0.36706726898893005
  },
  "metrics_pre_tax": {
    "annual_turnover": 0.046875,
    "best_year_return": 0.3331935124320726,
    "cagr": 0.09549138940354673,
    "calmar": 0.17563801543731727,
    "max_consecutive_negative_months": 5,
    "max_drawdown": -0.5436829217512211,
    "max_time_underwater_months": 70,
    "sharpe": 0.5791634928535396,
    "worst_year_return": -0.36706726898893005
  },
  "mode": "final",
  "named_periods_all": {
    "covid_crash_rebound": {
      "checks": {},
      "covered": true,
      "metrics": {
        "annual_turnover": 0.0,
        "best_year_return": 0.08788653871762264,
        "cagr": 0.0971031772438995,
        "calmar": 0.2662776419184259,
        "max_consecutive_negative_months": 2,
        "max_drawdown": -0.36466890927946194,
        "max_time_underwater_months": 3,
        "sharpe": 0.4399648148893317,
        "worst_year_return": 0.08788653871762264
      }
    },
    "gfc_crash": {
      "checks": {},
      "covered": true,
      "metrics": {
        "annual_turnover": 0.0,
        "best_year_return": -0.10147584908813922,
        "cagr": -0.3649571049297424,
        "calmar": -0.7115376469053977,
        "max_consecutive_negative_months": 3,
        "max_drawdown": -0.5129132752384994,
        "max_time_underwater_months": 10,
        "sharpe": -0.906280010305506,
        "worst_year_return": -0.36706726898893005
      }
    },
    "inflation_bear": {
      "checks": {},
      "covered": true,
      "metrics": {
        "annual_turnover": 0.0,
        "best_year_return": -0.21212367303321256,
        "cagr": -0.2143319953025714,
        "calmar": -0.7974169414746639,
        "max_consecutive_negative_months": 3,
        "max_drawdown": -0.2687828464068083,
        "max_time_underwater_months": 9,
        "sharpe": -0.87572783432681,
        "worst_year_return": -0.21212367303321256
      }
    },
    "post_gfc_recovery": {
      "checks": {},
      "covered": true,
      "metrics": {
        "annual_turnover": 0.0,
        "best_year_return": 0.3424862199590726,
        "cagr": 0.15180996624641763,
        "calmar": 0.8832582897300834,
        "max_consecutive_negative_months": 5,
        "max_drawdown": -0.17187494078635768,
        "max_time_underwater_months": 9,
        "sharpe": 0.8562472940569081,
        "worst_year_return": 0.039525672771922205
      }
    }
  },
  "param_stability_full": null,
  "train_oos": {
    "test_oos": {
      "annual_turnover": 0.0,
      "best_year_return": 0.26134283020582516,
      "cagr": 0.11841244620623015,
      "calmar": 0.32471220658815597,
      "max_consecutive_negative_months": 4,
      "max_drawdown": -0.36466890927946194,
      "max_time_underwater_months": 26,
      "sharpe": 0.6530637728507924,
      "worst_year_return": -0.21212367303321256
    },
    "test_window": {
      "end": "2026-06-30",
      "start": "2020-01-01"
    },
    "train": {
      "annual_turnover": 0.0,
      "best_year_return": 0.2787650454224848,
      "cagr": 0.11975321967480501,
      "calmar": 0.5868494725863523,
      "max_consecutive_negative_months": 5,
      "max_drawdown": -0.20406122058358644,
      "max_time_underwater_months": 19,
      "sharpe": 0.8522669572850424,
      "worst_year_return": -0.04464187564339406
    },
    "train_window": {
      "end": "2019-12-31",
      "start": "2010-06-01"
    }
  },
  "uk_mapping": {
    "acceptance": {
      "max_cagr_gap_vs_us": true,
      "max_drawdown_gap_vs_us": true,
      "max_single_month_return_diff": false,
      "max_weights_mismatch_months_pct": true,
      "min_monthly_return_correlation": true
    },
    "comparison": {
      "cagr_gap": 0.008538008639184191,
      "max_drawdown_gap": 0.010257459762076149,
      "max_single_month_return_diff": 0.03201661440031622,
      "monthly_return_correlation": 0.9783368489712395,
      "n_common_months": 135,
      "uk_metrics": {
        "annual_turnover": 0.0,
        "best_year_return": 0.27619157083837487,
        "cagr": 0.11856006990574097,
        "calmar": 0.3275891277143926,
        "max_consecutive_negative_months": 4,
        "max_drawdown": -0.36191698647919457,
        "max_time_underwater_months": 20,
        "sharpe": 0.7659130330607622,
        "worst_year_return": -0.1647668902612971
      },
      "us_metrics": {
        "annual_turnover": 0.0,
        "best_year_return": 0.27876504542248437,
        "cagr": 0.11002206126655678,
        "calmar": 0.2956196009094951,
        "max_consecutive_negative_months": 4,
        "max_drawdown": -0.3721744462412707,
        "max_time_underwater_months": 26,
        "sharpe": 0.6767297872127089,
        "worst_year_return": -0.21212367303321344
      }
    },
    "diagnostics": {
      "mismatch_dates": [],
      "mismatch_pct": 0.0,
      "mismatch_periods": 0,
      "total_periods": 136,
      "unmapped_tickers_used": []
    },
    "n_periods_in_window": 136,
    "uk_window_start": "2015-03-04T00:00:00"
  }
}
