{
  "acceptance": {
    "max_annual_turnover": true,
    "max_consecutive_negative_months": true,
    "max_drawdown": true,
    "max_time_underwater_months": true,
    "min_cagr": true,
    "min_calmar": true,
    "min_sharpe": true
  },
  "metrics": {
    "annual_turnover": 0.05555978095527837,
    "best_year_return": 0.30624823198680806,
    "cagr": 0.06353478556576642,
    "calmar": 0.1344501860700889,
    "max_consecutive_negative_months": 5,
    "max_drawdown": -0.47255260422358747,
    "max_time_underwater_months": 32,
    "sharpe": 0.4042589264145505,
    "worst_year_return": -0.3093318662893243
  },
  "metrics_pre_tax": {
    "annual_turnover": 0.05555978095527837,
    "best_year_return": 0.30624823198680806,
    "cagr": 0.07655147563590714,
    "calmar": 0.16199566979782623,
    "max_consecutive_negative_months": 5,
    "max_drawdown": -0.47255260422358747,
    "max_time_underwater_months": 32,
    "sharpe": 0.4649647707660559,
    "worst_year_return": -0.3093318662893243
  },
  "mode": "final",
  "named_periods_all": {
    "covid_crash_rebound": {
      "checks": {},
      "covered": true,
      "metrics": {
        "annual_turnover": 0.0,
        "best_year_return": 0.10146963822059751,
        "cagr": 0.11218262132368229,
        "calmar": 0.31165319826206694,
        "max_consecutive_negative_months": 2,
        "max_drawdown": -0.3599597948914637,
        "max_time_underwater_months": 4,
        "sharpe": 0.4826330550766335,
        "worst_year_return": 0.10146963822059751
      }
    },
    "gfc_crash": {
      "checks": {},
      "covered": true,
      "metrics": {
        "annual_turnover": 1.5030864197530864,
        "best_year_return": -0.09757082168357034,
        "cagr": -0.4687446717971686,
        "calmar": -0.991941780888764,
        "max_consecutive_negative_months": 4,
        "max_drawdown": -0.47255260422358747,
        "max_time_underwater_months": 8,
        "sharpe": -0.9229599332756678,
        "worst_year_return": -0.3093318662893243
      }
    },
    "inflation_bear": {
      "checks": {},
      "covered": true,
      "metrics": {
        "annual_turnover": 0.0,
        "best_year_return": -0.20696493828354467,
        "cagr": -0.20912695688958693,
        "calmar": -0.7422832018484538,
        "max_consecutive_negative_months": 2,
        "max_drawdown": -0.2817347292365142,
        "max_time_underwater_months": 11,
        "sharpe": -0.9192977420479749,
        "worst_year_return": -0.20696493828354467
      }
    },
    "post_gfc_recovery": {
      "checks": {},
      "covered": true,
      "metrics": {
        "annual_turnover": 0.0,
        "best_year_return": 0.41772502872079076,
        "cagr": 0.12825798467502003,
        "calmar": 0.57279850232315,
        "max_consecutive_negative_months": 5,
        "max_drawdown": -0.2239146648513093,
        "max_time_underwater_months": 20,
        "sharpe": 0.66466763775133,
        "worst_year_return": -0.05710296427333861
      }
    }
  },
  "param_stability_full": null,
  "train_oos": {
    "test_oos": {
      "annual_turnover": 0.0,
      "best_year_return": 0.1900075423504839,
      "cagr": 0.08992193793154724,
      "calmar": 0.2478661938990107,
      "max_consecutive_negative_months": 3,
      "max_drawdown": -0.3627841962514039,
      "max_time_underwater_months": 28,
      "sharpe": 0.5404414783994732,
      "worst_year_return": -0.20696493828354467
    },
    "test_window": {
      "end": "2026-06-30",
      "start": "2020-01-01"
    },
    "train": {
      "annual_turnover": 0.0,
      "best_year_return": 0.2485203917489005,
      "cagr": 0.08464225426717165,
      "calmar": 0.3780112138853362,
      "max_consecutive_negative_months": 5,
      "max_drawdown": -0.2239146648513093,
      "max_time_underwater_months": 28,
      "sharpe": 0.6028276494201769,
      "worst_year_return": -0.09074783779139839
    },
    "train_window": {
      "end": "2019-12-31",
      "start": "2010-06-01"
    }
  },
  "uk_mapping": {
    "acceptance": {
      "max_cagr_gap_vs_us": true,
      "max_drawdown_gap_vs_us": true,
      "max_single_month_return_diff": false,
      "max_weights_mismatch_months_pct": true,
      "min_monthly_return_correlation": true
    },
    "comparison": {
      "cagr_gap": 0.011009006899741047,
      "max_drawdown_gap": 0.00876696097604035,
      "max_single_month_return_diff": 0.03256886413591009,
      "monthly_return_correlation": 0.979580222950713,
      "n_common_months": 83,
      "uk_metrics": {
        "annual_turnover": 0.0,
        "best_year_return": 0.2385994562543099,
        "cagr": 0.10834140390425806,
        "calmar": 0.3022364913841617,
        "max_consecutive_negative_months": 3,
        "max_drawdown": -0.35846566180041206,
        "max_time_underwater_months": 26,
        "sharpe": 0.6796661119494029,
        "worst_year_return": -0.18048984921048572
      },
      "us_metrics": {
        "annual_turnover": 0.0,
        "best_year_return": 0.19000754235048545,
        "cagr": 0.09733239700451701,
        "calmar": 0.26504289370763967,
        "max_consecutive_negative_months": 3,
        "max_drawdown": -0.3672326227764524,
        "max_time_underwater_months": 28,
        "sharpe": 0.5825337363482062,
        "worst_year_return": -0.2069649382835449
      }
    },
    "diagnostics": {
      "mismatch_dates": [],
      "mismatch_pct": 0.0,
      "mismatch_periods": 0,
      "total_periods": 84,
      "unmapped_tickers_used": []
    },
    "n_periods_in_window": 84,
    "uk_window_start": "2019-07-26T00:00:00"
  }
}
