{
  "annual_tax_rate_assumed": 0.19,
  "capital_weight_sensitivity": null,
  "metrics": {
    "annual_turnover": 3.684077809798271,
    "best_year_return": 0.28447616443961454,
    "cagr": 0.10659142692786538,
    "calmar": 0.352474990042448,
    "max_consecutive_negative_months": 4,
    "max_drawdown": -0.30240848269838594,
    "max_time_underwater_months": 29,
    "sharpe": 0.7344721813914151,
    "worst_year_return": -0.21910871701378876
  },
  "metrics_pre_tax": {
    "annual_turnover": 3.684077809798271,
    "best_year_return": 0.3512051412834747,
    "cagr": 0.12998183479090675,
    "calmar": 0.4742896214610444,
    "max_consecutive_negative_months": 4,
    "max_drawdown": -0.2740558277250491,
    "max_time_underwater_months": 25,
    "sharpe": 0.8817533701466266,
    "worst_year_return": -0.21910871701378887
  },
  "mode": "combined_final",
  "named_periods_all": {
    "covid_crash_rebound": {
      "checks": {},
      "covered": true,
      "metrics": {
        "annual_turnover": 3.844736842105263,
        "best_year_return": 0.2750797754185328,
        "cagr": 0.30649269915957333,
        "calmar": 2.0126094558027185,
        "max_consecutive_negative_months": 2,
        "max_drawdown": -0.15228622635946543,
        "max_time_underwater_months": 2,
        "sharpe": 1.3791612128608493,
        "worst_year_return": 0.2750797754185328
      }
    },
    "gfc_crash": {
      "checks": {},
      "covered": true,
      "metrics": {
        "annual_turnover": 5.156470588235294,
        "best_year_return": 0.07891187716522019,
        "cagr": -0.028102561262170034,
        "calmar": -0.16877970802251294,
        "max_consecutive_negative_months": 2,
        "max_drawdown": -0.16650438368113263,
        "max_time_underwater_months": 4,
        "sharpe": -0.14576247735804776,
        "worst_year_return": -0.10540508591421482
      }
    },
    "inflation_bear": {
      "checks": {},
      "covered": true,
      "metrics": {
        "annual_turnover": 4.374251497005988,
        "best_year_return": -0.2175438046230349,
        "cagr": -0.21980034452374697,
        "calmar": -0.8379044521728815,
        "max_consecutive_negative_months": 3,
        "max_drawdown": -0.2623214901815517,
        "max_time_underwater_months": 9,
        "sharpe": -1.0303455207196386,
        "worst_year_return": -0.2175438046230349
      }
    },
    "post_gfc_recovery": {
      "checks": {},
      "covered": true,
      "metrics": {
        "annual_turnover": 4.143134328358209,
        "best_year_return": 0.44214513110764075,
        "cagr": 0.1820446238433424,
        "calmar": 1.0255553658801535,
        "max_consecutive_negative_months": 2,
        "max_drawdown": -0.1775083334356189,
        "max_time_underwater_months": 14,
        "sharpe": 1.0649800086952421,
        "worst_year_return": 0.0623162879727035
      }
    }
  },
  "train_oos": null,
  "uk_mapping": null
}
