{
  "annual_tax_rate_assumed": 0.19,
  "capital_weight_sensitivity": null,
  "metrics": {
    "annual_turnover": 2.2743644408688657,
    "best_year_return": 0.2596147935815498,
    "cagr": 0.09069906871532551,
    "calmar": 0.4444761104418216,
    "max_consecutive_negative_months": 7,
    "max_drawdown": -0.2040583657582139,
    "max_time_underwater_months": 27,
    "sharpe": 0.7852223781159289,
    "worst_year_return": -0.14527348802817697
  },
  "metrics_pre_tax": {
    "annual_turnover": 2.2743644408688657,
    "best_year_return": 0.32051209084141985,
    "cagr": 0.1105110255695878,
    "calmar": 0.5840578378511188,
    "max_consecutive_negative_months": 7,
    "max_drawdown": -0.1892124690530358,
    "max_time_underwater_months": 22,
    "sharpe": 0.9516508562161838,
    "worst_year_return": -0.14527348802817708
  },
  "mode": "combined_final",
  "named_periods_all": {
    "covid_crash_rebound": {
      "checks": {},
      "covered": true,
      "metrics": {
        "annual_turnover": 2.078560855263158,
        "best_year_return": 0.2046034954188667,
        "cagr": 0.22727166168907198,
        "calmar": 1.2011452671513343,
        "max_consecutive_negative_months": 2,
        "max_drawdown": -0.18921246905303557,
        "max_time_underwater_months": 2,
        "sharpe": 1.1108867304504453,
        "worst_year_return": 0.2046034954188667
      }
    },
    "gfc_crash": {
      "checks": {},
      "covered": true,
      "metrics": {
        "annual_turnover": 2.19579705882353,
        "best_year_return": -0.003825977750056886,
        "cagr": -0.025485189940388953,
        "calmar": -0.17094807589397149,
        "max_consecutive_negative_months": 4,
        "max_drawdown": -0.1490814670309354,
        "max_time_underwater_months": 9,
        "sharpe": -0.2841104037689641,
        "worst_year_return": -0.02785958231983432
      }
    },
    "inflation_bear": {
      "checks": {},
      "covered": true,
      "metrics": {
        "annual_turnover": 3.1603967065868264,
        "best_year_return": -0.14422944795468196,
        "cagr": -0.1457971998453591,
        "calmar": -0.8016314742166193,
        "max_consecutive_negative_months": 7,
        "max_drawdown": -0.1818755931306676,
        "max_time_underwater_months": 9,
        "sharpe": -1.1051988322037583,
        "worst_year_return": -0.14422944795468196
      }
    },
    "post_gfc_recovery": {
      "checks": {},
      "covered": true,
      "metrics": {
        "annual_turnover": 2.717569029850746,
        "best_year_return": 0.2469931513937329,
        "cagr": 0.13523303782379492,
        "calmar": 0.8603496932132729,
        "max_consecutive_negative_months": 2,
        "max_drawdown": -0.1571838043188235,
        "max_time_underwater_months": 10,
        "sharpe": 1.0001485438051234,
        "worst_year_return": 0.06533035071184501
      }
    }
  },
  "train_oos": null,
  "uk_mapping": null
}
