{
  "annual_tax_rate_assumed": 0.19,
  "capital_weight_sensitivity": null,
  "metrics": {
    "annual_turnover": 3.684077809798271,
    "best_year_return": 0.316008208332736,
    "cagr": 0.13788342386561037,
    "calmar": 0.5181932186255863,
    "max_consecutive_negative_months": 4,
    "max_drawdown": -0.26608496388918634,
    "max_time_underwater_months": 23,
    "sharpe": 0.9180086248481366,
    "worst_year_return": -0.17039229610240203
  },
  "metrics_pre_tax": {
    "annual_turnover": 3.684077809798271,
    "best_year_return": 0.36345061371493315,
    "cagr": 0.14098281329071982,
    "calmar": 0.5270797913360867,
    "max_consecutive_negative_months": 4,
    "max_drawdown": -0.26747907168541707,
    "max_time_underwater_months": 24,
    "sharpe": 0.9460857725789922,
    "worst_year_return": -0.2096607716429476
  },
  "mode": "combined_final",
  "named_periods_all": {
    "covid_crash_rebound": {
      "checks": {},
      "covered": true,
      "metrics": {
        "annual_turnover": 3.844736842105263,
        "best_year_return": 0.32535725836172213,
        "cagr": 0.3632787981745613,
        "calmar": 2.3855000341072,
        "max_consecutive_negative_months": 2,
        "max_drawdown": -0.15228622635946532,
        "max_time_underwater_months": 2,
        "sharpe": 1.6133484130643914,
        "worst_year_return": 0.32535725836172213
      }
    },
    "gfc_crash": {
      "checks": {},
      "covered": true,
      "metrics": {
        "annual_turnover": 5.156470588235294,
        "best_year_return": 0.09102506853757086,
        "cagr": -0.016957817652079932,
        "calmar": -0.10217208712010353,
        "max_consecutive_negative_months": 2,
        "max_drawdown": -0.16597309627379908,
        "max_time_underwater_months": 4,
        "sharpe": -0.060151222986668834,
        "worst_year_return": -0.10271052291998051
      }
    },
    "inflation_bear": {
      "checks": {},
      "covered": true,
      "metrics": {
        "annual_turnover": 4.374251497005988,
        "best_year_return": -0.16997728474477447,
        "cagr": -0.17179578568836007,
        "calmar": -0.6691025811448942,
        "max_consecutive_negative_months": 3,
        "max_drawdown": -0.2567555267749859,
        "max_time_underwater_months": 9,
        "sharpe": -0.7412457552553412,
        "worst_year_return": -0.16997728474477447
      }
    },
    "post_gfc_recovery": {
      "checks": {},
      "covered": true,
      "metrics": {
        "annual_turnover": 4.143134328358209,
        "best_year_return": 0.468686885619094,
        "cagr": 0.22407834861095477,
        "calmar": 1.3589921958428655,
        "max_consecutive_negative_months": 2,
        "max_drawdown": -0.16488567726614378,
        "max_time_underwater_months": 12,
        "sharpe": 1.2725741049134556,
        "worst_year_return": 0.11979126999072687
      }
    }
  },
  "train_oos": null,
  "uk_mapping": null
}
