{
  "annual_tax_rate_assumed": 0.19,
  "capital_weight_sensitivity": null,
  "metrics": {
    "annual_turnover": 3.684077809798271,
    "best_year_return": 0.294394997109096,
    "cagr": 0.11556384691178967,
    "calmar": 0.38943055586318076,
    "max_consecutive_negative_months": 4,
    "max_drawdown": -0.29675084600292867,
    "max_time_underwater_months": 25,
    "sharpe": 0.7860563722113448,
    "worst_year_return": -0.20966077164294772
  },
  "metrics_pre_tax": {
    "annual_turnover": 3.684077809798271,
    "best_year_return": 0.36345061371493315,
    "cagr": 0.14098281329071982,
    "calmar": 0.5270797913360867,
    "max_consecutive_negative_months": 4,
    "max_drawdown": -0.26747907168541707,
    "max_time_underwater_months": 24,
    "sharpe": 0.9460857725789922,
    "worst_year_return": -0.2096607716429476
  },
  "mode": "combined_final",
  "named_periods_all": {
    "covid_crash_rebound": {
      "checks": {},
      "covered": true,
      "metrics": {
        "annual_turnover": 3.844736842105263,
        "best_year_return": 0.2826159124577152,
        "cagr": 0.3149903492913959,
        "calmar": 2.0684099725990617,
        "max_consecutive_negative_months": 2,
        "max_drawdown": -0.1522862263594652,
        "max_time_underwater_months": 2,
        "sharpe": 1.4064890757591775,
        "worst_year_return": 0.2826159124577152
      }
    },
    "gfc_crash": {
      "checks": {},
      "covered": true,
      "metrics": {
        "annual_turnover": 5.156470588235294,
        "best_year_return": 0.09102506853757086,
        "cagr": -0.016957817652079932,
        "calmar": -0.10217208712010353,
        "max_consecutive_negative_months": 2,
        "max_drawdown": -0.16597309627379908,
        "max_time_underwater_months": 4,
        "sharpe": -0.060151222986668834,
        "worst_year_return": -0.10271052291998051
      }
    },
    "inflation_bear": {
      "checks": {},
      "covered": true,
      "metrics": {
        "annual_turnover": 4.374251497005988,
        "best_year_return": -0.20926540434511998,
        "cagr": -0.21144812082593256,
        "calmar": -0.823538731500181,
        "max_consecutive_negative_months": 3,
        "max_drawdown": -0.2567555267749858,
        "max_time_underwater_months": 9,
        "sharpe": -0.9820095739230345,
        "worst_year_return": -0.20926540434511998
      }
    },
    "post_gfc_recovery": {
      "checks": {},
      "covered": true,
      "metrics": {
        "annual_turnover": 4.143134328358209,
        "best_year_return": 0.4445661850951277,
        "cagr": 0.19003507527357089,
        "calmar": 1.0640201068111124,
        "max_consecutive_negative_months": 2,
        "max_drawdown": -0.17860101896298697,
        "max_time_underwater_months": 12,
        "sharpe": 1.1041451854209305,
        "worst_year_return": 0.07021248581848094
      }
    }
  },
  "train_oos": null,
  "uk_mapping": null
}
