{
  "annual_tax_rate_assumed": 0.19,
  "capital_weight_sensitivity": null,
  "metrics": {
    "annual_turnover": 3.8156520172910664,
    "best_year_return": 0.28447616443961454,
    "cagr": 0.10020841439620298,
    "calmar": 0.331367736453835,
    "max_consecutive_negative_months": 4,
    "max_drawdown": -0.30240848269838627,
    "max_time_underwater_months": 29,
    "sharpe": 0.6964547772735791,
    "worst_year_return": -0.21910871701378876
  },
  "metrics_pre_tax": {
    "annual_turnover": 3.8156520172910664,
    "best_year_return": 0.3512051412834747,
    "cagr": 0.12235444121230099,
    "calmar": 0.44645808931695113,
    "max_consecutive_negative_months": 4,
    "max_drawdown": -0.2740558277250492,
    "max_time_underwater_months": 24,
    "sharpe": 0.8360186492459671,
    "worst_year_return": -0.21910871701378876
  },
  "mode": "combined_final",
  "named_periods_all": {
    "covid_crash_rebound": {
      "checks": {},
      "covered": true,
      "metrics": {
        "annual_turnover": 3.844736842105263,
        "best_year_return": 0.275079775418531,
        "cagr": 0.30649269915957134,
        "calmar": 2.01260945580271,
        "max_consecutive_negative_months": 2,
        "max_drawdown": -0.1522862263594651,
        "max_time_underwater_months": 2,
        "sharpe": 1.379161212860849,
        "worst_year_return": 0.275079775418531
      }
    },
    "gfc_crash": {
      "checks": {},
      "covered": true,
      "metrics": {
        "annual_turnover": 5.156470588235294,
        "best_year_return": 0.07891187716522019,
        "cagr": -0.028102561262170034,
        "calmar": -0.16877970802251294,
        "max_consecutive_negative_months": 2,
        "max_drawdown": -0.16650438368113263,
        "max_time_underwater_months": 4,
        "sharpe": -0.14576247735804776,
        "worst_year_return": -0.10540508591421482
      }
    },
    "inflation_bear": {
      "checks": {},
      "covered": true,
      "metrics": {
        "annual_turnover": 4.374251497005988,
        "best_year_return": -0.2175438046230349,
        "cagr": -0.21980034452374697,
        "calmar": -0.8379044521728815,
        "max_consecutive_negative_months": 3,
        "max_drawdown": -0.2623214901815517,
        "max_time_underwater_months": 9,
        "sharpe": -1.030345520719641,
        "worst_year_return": -0.2175438046230349
      }
    },
    "post_gfc_recovery": {
      "checks": {},
      "covered": true,
      "metrics": {
        "annual_turnover": 4.71554104477612,
        "best_year_return": 0.44214513110764075,
        "cagr": 0.15681248957603988,
        "calmar": 0.8834091703808078,
        "max_consecutive_negative_months": 2,
        "max_drawdown": -0.1775083334356189,
        "max_time_underwater_months": 21,
        "sharpe": 0.9264548249901199,
        "worst_year_return": 0.01321156866604678
      }
    }
  },
  "train_oos": null,
  "uk_mapping": null
}
