{
  "annual_tax_rate_assumed": 0.19,
  "capital_weight_sensitivity": null,
  "metrics": {
    "annual_turnover": 2.2743644408688657,
    "best_year_return": 0.2656682963158026,
    "cagr": 0.09562135656494264,
    "calmar": 0.47100539601387503,
    "max_consecutive_negative_months": 7,
    "max_drawdown": -0.20301541632895814,
    "max_time_underwater_months": 27,
    "sharpe": 0.8219296243925265,
    "worst_year_return": -0.1389891925851291
  },
  "metrics_pre_tax": {
    "annual_turnover": 2.2743644408688657,
    "best_year_return": 0.3279855510071641,
    "cagr": 0.11653430092033545,
    "calmar": 0.6158912332974795,
    "max_consecutive_negative_months": 7,
    "max_drawdown": -0.1892124690530359,
    "max_time_underwater_months": 22,
    "sharpe": 0.9979081523008121,
    "worst_year_return": -0.13898919258512876
  },
  "mode": "combined_final",
  "named_periods_all": {
    "covid_crash_rebound": {
      "checks": {},
      "covered": true,
      "metrics": {
        "annual_turnover": 2.078560855263158,
        "best_year_return": 0.20814515719790716,
        "cagr": 0.23124192848353076,
        "calmar": 1.2221283810778556,
        "max_consecutive_negative_months": 2,
        "max_drawdown": -0.18921246905303601,
        "max_time_underwater_months": 2,
        "sharpe": 1.1255055891616574,
        "worst_year_return": 0.20814515719790716
      }
    },
    "gfc_crash": {
      "checks": {},
      "covered": true,
      "metrics": {
        "annual_turnover": 2.19579705882353,
        "best_year_return": 0.00043474500458984267,
        "cagr": -0.021660925716859625,
        "calmar": -0.14752440751149182,
        "max_consecutive_negative_months": 4,
        "max_drawdown": -0.14682943712329288,
        "max_time_underwater_months": 9,
        "sharpe": -0.23542165109435625,
        "worst_year_return": -0.027275831068225287
      }
    },
    "inflation_bear": {
      "checks": {},
      "covered": true,
      "metrics": {
        "annual_turnover": 3.1603967065868264,
        "best_year_return": -0.13872650416890042,
        "cagr": -0.14023946074178562,
        "calmar": -0.7843932019189139,
        "max_consecutive_negative_months": 7,
        "max_drawdown": -0.17878719550183297,
        "max_time_underwater_months": 9,
        "sharpe": -1.0566295209305627,
        "worst_year_return": -0.13872650416890042
      }
    },
    "post_gfc_recovery": {
      "checks": {},
      "covered": true,
      "metrics": {
        "annual_turnover": 2.717569029850746,
        "best_year_return": 0.24800697680346717,
        "cagr": 0.13978282207532988,
        "calmar": 0.8849563816328364,
        "max_consecutive_negative_months": 2,
        "max_drawdown": -0.15795447660077444,
        "max_time_underwater_months": 10,
        "sharpe": 1.0288731252030388,
        "worst_year_return": 0.07149021482149132
      }
    }
  },
  "train_oos": null,
  "uk_mapping": null
}
