{
  "annual_tax_rate_assumed": 0.19,
  "capital_weight_sensitivity": null,
  "metrics": {
    "annual_turnover": 2.384556516492357,
    "best_year_return": 0.23808143525255576,
    "cagr": 0.08545456100300597,
    "calmar": 0.41877509253533846,
    "max_consecutive_negative_months": 7,
    "max_drawdown": -0.2040583657582139,
    "max_time_underwater_months": 27,
    "sharpe": 0.7448907829483619,
    "worst_year_return": -0.14527348802817697
  },
  "metrics_pre_tax": {
    "annual_turnover": 2.384556516492357,
    "best_year_return": 0.29392769784266193,
    "cagr": 0.10429047070923314,
    "calmar": 0.5511818075795035,
    "max_consecutive_negative_months": 7,
    "max_drawdown": -0.1892124690530358,
    "max_time_underwater_months": 22,
    "sharpe": 0.9028873638436554,
    "worst_year_return": -0.14527348802817708
  },
  "mode": "combined_final",
  "named_periods_all": {
    "covid_crash_rebound": {
      "checks": {},
      "covered": true,
      "metrics": {
        "annual_turnover": 2.078560855263158,
        "best_year_return": 0.20460349541886758,
        "cagr": 0.22727166168907287,
        "calmar": 1.201145267151336,
        "max_consecutive_negative_months": 2,
        "max_drawdown": -0.18921246905303601,
        "max_time_underwater_months": 2,
        "sharpe": 1.1108867304504448,
        "worst_year_return": 0.20460349541886758
      }
    },
    "gfc_crash": {
      "checks": {},
      "covered": true,
      "metrics": {
        "annual_turnover": 2.19579705882353,
        "best_year_return": -0.003825977750056886,
        "cagr": -0.025485189940388953,
        "calmar": -0.17094807589397149,
        "max_consecutive_negative_months": 4,
        "max_drawdown": -0.1490814670309354,
        "max_time_underwater_months": 9,
        "sharpe": -0.2841104037689641,
        "worst_year_return": -0.02785958231983432
      }
    },
    "inflation_bear": {
      "checks": {},
      "covered": true,
      "metrics": {
        "annual_turnover": 3.1603967065868264,
        "best_year_return": -0.14422944795468162,
        "cagr": -0.14579719984535877,
        "calmar": -0.8016314742166145,
        "max_consecutive_negative_months": 7,
        "max_drawdown": -0.18187559313066826,
        "max_time_underwater_months": 9,
        "sharpe": -1.1051988322037452,
        "worst_year_return": -0.14422944795468162
      }
    },
    "post_gfc_recovery": {
      "checks": {},
      "covered": true,
      "metrics": {
        "annual_turnover": 3.2327350746268655,
        "best_year_return": 0.2469931513937329,
        "cagr": 0.11362865990411963,
        "calmar": 0.7229031031316759,
        "max_consecutive_negative_months": 2,
        "max_drawdown": -0.1571838043188235,
        "max_time_underwater_months": 16,
        "sharpe": 0.8512969558910198,
        "worst_year_return": 0.05292114616262045
      }
    }
  },
  "train_oos": null,
  "uk_mapping": null
}
