{
  "annual_tax_rate_assumed": 0.19,
  "metrics": {
    "annual_turnover": 2.2743644408688657,
    "best_year_return": 0.2972253489746701,
    "cagr": 0.11366382991784851,
    "calmar": 0.5478672399719526,
    "max_consecutive_negative_months": 7,
    "max_drawdown": -0.20746600932676207,
    "max_time_underwater_months": 20,
    "sharpe": 0.9612324685831537,
    "worst_year_return": -0.0995966897831353
  },
  "metrics_pre_tax": {
    "annual_turnover": 2.2743644408688657,
    "best_year_return": 0.3279855510071641,
    "cagr": 0.11653430092033545,
    "calmar": 0.6158912332974795,
    "max_consecutive_negative_months": 7,
    "max_drawdown": -0.1892124690530359,
    "max_time_underwater_months": 22,
    "sharpe": 0.9979081523008121,
    "worst_year_return": -0.13898919258512876
  },
  "mode": "combined_final"
}
