{
  "acceptance": {
    "max_annual_turnover": true,
    "max_consecutive_negative_months": true,
    "max_drawdown": true,
    "max_time_underwater_months": true,
    "min_cagr": true,
    "min_calmar": true,
    "min_sharpe": true
  },
  "metrics": {
    "annual_turnover": 4.599326964828485,
    "best_year_return": 0.21597564950357517,
    "cagr": 0.03035735475044299,
    "calmar": 0.10024692786095718,
    "max_consecutive_negative_months": 8,
    "max_drawdown": -0.30282578626797163,
    "max_time_underwater_months": 61,
    "sharpe": 0.3547051649190914,
    "worst_year_return": -0.17202323140044062
  },
  "metrics_pre_tax": {
    "annual_turnover": 4.599326964828485,
    "best_year_return": 0.2492045697464058,
    "cagr": 0.03842108545863421,
    "calmar": 0.12687521076766958,
    "max_consecutive_negative_months": 8,
    "max_drawdown": -0.30282578626797196,
    "max_time_underwater_months": 61,
    "sharpe": 0.43684443027431036,
    "worst_year_return": -0.1720232314004404
  },
  "mode": "final",
  "named_periods_all": {
    "covid_crash_rebound": {
      "checks": {},
      "covered": true,
      "metrics": {
        "annual_turnover": 3.604440789473684,
        "best_year_return": 0.1194751319333065,
        "cagr": 0.13220033054291114,
        "calmar": 0.9464805259814228,
        "max_consecutive_negative_months": 2,
        "max_drawdown": -0.1396757005706274,
        "max_time_underwater_months": 2,
        "sharpe": 0.9445041070160377,
        "worst_year_return": 0.1194751319333065
      }
    },
    "gfc_crash": {
      "checks": {},
      "covered": true,
      "metrics": {
        "annual_turnover": 7.734705882352941,
        "best_year_return": -0.06917475801220951,
        "cagr": -0.11178068513325279,
        "calmar": -0.677525436264365,
        "max_consecutive_negative_months": 5,
        "max_drawdown": -0.16498374695653029,
        "max_time_underwater_months": 13,
        "sharpe": -0.8718958661741214,
        "worst_year_return": -0.07286434485196236
      }
    },
    "inflation_bear": {
      "checks": {},
      "covered": true,
      "metrics": {
        "annual_turnover": 7.1081586826347305,
        "best_year_return": -0.16869802349441798,
        "cagr": -0.17050428790837135,
        "calmar": -0.9777040398962,
        "max_consecutive_negative_months": 3,
        "max_drawdown": -0.17439253695471413,
        "max_time_underwater_months": 11,
        "sharpe": -2.889073076363385,
        "worst_year_return": -0.16869802349441798
      }
    },
    "post_gfc_recovery": {
      "checks": {},
      "covered": true,
      "metrics": {
        "annual_turnover": 3.27089552238806,
        "best_year_return": 0.3173189463378592,
        "cagr": 0.1084080149497475,
        "calmar": 0.9708970398303483,
        "max_consecutive_negative_months": 5,
        "max_drawdown": -0.11165758108469503,
        "max_time_underwater_months": 9,
        "sharpe": 0.8594504388371977,
        "worst_year_return": -0.013654803521773617
      }
    }
  },
  "param_stability_full": {
    "fold_rank_stability": {
      "default_rank_mean": 1.0,
      "default_rank_per_fold": [
        1.0,
        1.0,
        1.0,
        1.0,
        1.0
      ],
      "default_rank_std": 0.0,
      "default_wins_fold_count": 5,
      "kendalls_w": 1.0,
      "n_folds": 5,
      "n_variants": 5
    },
    "local_param_stability": {
      "asymmetry": null,
      "best_metric": 0.06202830550816833,
      "best_value": 0.0,
      "default_meets_threshold": true,
      "default_metric": 0.06202830550816833,
      "default_rank": 1,
      "default_value": 0.0,
      "gap_to_best": 0.0,
      "local_drop": 0.0,
      "local_drop_left": null,
      "local_drop_right": 0.0,
      "metric_key": "wf_mean_cagr",
      "n_variants": 5,
      "param_col": "execution.hysteresis_pct",
      "plateau_param_range": [
        0.0,
        0.05
      ],
      "plateau_width_points": 5,
      "tolerance": 0.03
    },
    "param_stability": {
      "best": 0.06202830550816833,
      "best_variant_name": "daa_g4_keller_v0__execution.hysteresis_pct=0.0",
      "metric_key": "wf_mean_cagr",
      "n_variants": 5,
      "relative_drop": 0.0,
      "worst": 0.06202830550816833,
      "worst_variant_name": "daa_g4_keller_v0__execution.hysteresis_pct=0.0"
    },
    "param_stability_check": {
      "max_relative_metric_drop_within_family": true
    },
    "sweep": [
      {
        "execution.hysteresis_pct": 0.0,
        "variant_name": "daa_g4_keller_v0__execution.hysteresis_pct=0.0",
        "wf_fold_cagrs": [
          0.07614133975737913,
          0.05442578395684339,
          0.0694553321384852,
          0.07389929626114444,
          0.03621977542698951
        ],
        "wf_mean_cagr": 0.06202830550816833,
        "wf_mean_sharpe": 0.8492330236734068,
        "wf_min_cagr": 0.03621977542698951,
        "wf_windows": 5,
        "wf_worst_drawdown": -0.15519977538621976
      },
      {
        "execution.hysteresis_pct": 0.01,
        "variant_name": "daa_g4_keller_v0__execution.hysteresis_pct=0.01",
        "wf_fold_cagrs": [
          0.07614133975737913,
          0.05442578395684339,
          0.0694553321384852,
          0.07389929626114444,
          0.03621977542698951
        ],
        "wf_mean_cagr": 0.06202830550816833,
        "wf_mean_sharpe": 0.8492330236734068,
        "wf_min_cagr": 0.03621977542698951,
        "wf_windows": 5,
        "wf_worst_drawdown": -0.15519977538621976
      },
      {
        "execution.hysteresis_pct": 0.02,
        "variant_name": "daa_g4_keller_v0__execution.hysteresis_pct=0.02",
        "wf_fold_cagrs": [
          0.07614133975737913,
          0.05442578395684339,
          0.0694553321384852,
          0.07389929626114444,
          0.03621977542698951
        ],
        "wf_mean_cagr": 0.06202830550816833,
        "wf_mean_sharpe": 0.8492330236734068,
        "wf_min_cagr": 0.03621977542698951,
        "wf_windows": 5,
        "wf_worst_drawdown": -0.15519977538621976
      },
      {
        "execution.hysteresis_pct": 0.03,
        "variant_name": "daa_g4_keller_v0__execution.hysteresis_pct=0.03",
        "wf_fold_cagrs": [
          0.07614133975737913,
          0.05442578395684339,
          0.0694553321384852,
          0.07389929626114444,
          0.03621977542698951
        ],
        "wf_mean_cagr": 0.06202830550816833,
        "wf_mean_sharpe": 0.8492330236734068,
        "wf_min_cagr": 0.03621977542698951,
        "wf_windows": 5,
        "wf_worst_drawdown": -0.15519977538621976
      },
      {
        "execution.hysteresis_pct": 0.05,
        "variant_name": "daa_g4_keller_v0__execution.hysteresis_pct=0.05",
        "wf_fold_cagrs": [
          0.07614133975737913,
          0.05442578395684339,
          0.0694553321384852,
          0.07389929626114444,
          0.03621977542698951
        ],
        "wf_mean_cagr": 0.06202830550816833,
        "wf_mean_sharpe": 0.8492330236734068,
        "wf_min_cagr": 0.03621977542698951,
        "wf_windows": 5,
        "wf_worst_drawdown": -0.15519977538621976
      }
    ]
  },
  "train_oos": {
    "test_oos": {
      "annual_turnover": 5.066421254801536,
      "best_year_return": 0.1364990094077545,
      "cagr": -0.0013706086543087137,
      "calmar": -0.004526063223347357,
      "max_consecutive_negative_months": 8,
      "max_drawdown": -0.30282578626797163,
      "max_time_underwater_months": 60,
      "sharpe": 0.03157709997743059,
      "worst_year_return": -0.17202323140044062
    },
    "test_window": {
      "end": "2026-06-30",
      "start": "2020-01-01"
    },
    "train": {
      "annual_turnover": 4.157744956772334,
      "best_year_return": 0.1238788912565909,
      "cagr": 0.05108404528172916,
      "calmar": 0.3291502526637348,
      "max_consecutive_negative_months": 5,
      "max_drawdown": -0.15519977538621987,
      "max_time_underwater_months": 23,
      "sharpe": 0.6695435706797016,
      "worst_year_return": -0.08383711667216254
    },