{
  "acceptance": {
    "max_annual_turnover": true,
    "max_consecutive_negative_months": true,
    "max_drawdown": true,
    "max_time_underwater_months": true,
    "min_cagr": true,
    "min_calmar": true,
    "min_sharpe": true
  },
  "metrics": {
    "annual_turnover": 4.824006730351716,
    "best_year_return": 0.2192536213317171,
    "cagr": 0.02864404224947581,
    "calmar": 0.08918406006960031,
    "max_consecutive_negative_months": 8,
    "max_drawdown": -0.3211789441647045,
    "max_time_underwater_months": 62,
    "sharpe": 0.34329907473081067,
    "worst_year_return": -0.18659828023954472
  },
  "metrics_pre_tax": {
    "annual_turnover": 4.824006730351716,
    "best_year_return": 0.2528697902164263,
    "cagr": 0.03656028592233018,
    "calmar": 0.11383151537973052,
    "max_consecutive_negative_months": 8,
    "max_drawdown": -0.3211789441647046,
    "max_time_underwater_months": 62,
    "sharpe": 0.4260477802679496,
    "worst_year_return": -0.18659828023954494
  },
  "mode": "final",
  "named_periods_all": {
    "covid_crash_rebound": {
      "checks": {},
      "covered": true,
      "metrics": {
        "annual_turnover": 4.205180921052631,
        "best_year_return": 0.13772759235441812,
        "cagr": 0.15252554326050105,
        "calmar": 1.3330167969775175,
        "max_consecutive_negative_months": 2,
        "max_drawdown": -0.11442132132643601,
        "max_time_underwater_months": 2,
        "sharpe": 1.1497832931867051,
        "worst_year_return": 0.13772759235441812
      }
    },
    "gfc_crash": {
      "checks": {},
      "covered": true,
      "metrics": {
        "annual_turnover": 8.164411764705882,
        "best_year_return": -0.06464901404975187,
        "cagr": -0.10654269067462263,
        "calmar": -0.6706762205904306,
        "max_consecutive_negative_months": 5,
        "max_drawdown": -0.1588586077807077,
        "max_time_underwater_months": 13,
        "sharpe": -0.9838795252862512,
        "worst_year_return": -0.07058237733060058
      }
    },
    "inflation_bear": {
      "checks": {},
      "covered": true,
      "metrics": {
        "annual_turnover": 7.1081586826347305,
        "best_year_return": -0.18333160666620985,
        "cagr": -0.18527643991922826,
        "calmar": -0.9789642166266435,
        "max_consecutive_negative_months": 3,
        "max_drawdown": -0.18925762226290732,
        "max_time_underwater_months": 11,
        "sharpe": -2.9728305048431394,
        "worst_year_return": -0.18333160666620985
      }
    },
    "post_gfc_recovery": {
      "checks": {},
      "covered": true,
      "metrics": {
        "annual_turnover": 3.5434701492537313,
        "best_year_return": 0.30926871052559335,
        "cagr": 0.10832902924995302,
        "calmar": 0.8996602136426445,
        "max_consecutive_negative_months": 5,
        "max_drawdown": -0.12041104809041003,
        "max_time_underwater_months": 14,
        "sharpe": 0.8710839231688784,
        "worst_year_return": 0.01003618363869685
      }
    }
  },
  "param_stability_full": {
    "fold_rank_stability": {
      "default_rank_mean": 1.0,
      "default_rank_per_fold": [
        1.0,
        1.0,
        1.0,
        1.0,
        1.0
      ],
      "default_rank_std": 0.0,
      "default_wins_fold_count": 5,
      "kendalls_w": 1.0,
      "n_folds": 5,
      "n_variants": 5
    },
    "local_param_stability": {
      "asymmetry": null,
      "best_metric": 0.06078604330721924,
      "best_value": 0.0,
      "default_meets_threshold": true,
      "default_metric": 0.06078604330721924,
      "default_rank": 1,
      "default_value": 0.0,
      "gap_to_best": 0.0,
      "local_drop": 0.0,
      "local_drop_left": null,
      "local_drop_right": 0.0,
      "metric_key": "wf_mean_cagr",
      "n_variants": 5,
      "param_col": "execution.hysteresis_pct",
      "plateau_param_range": [
        0.0,
        0.05
      ],
      "plateau_width_points": 5,
      "tolerance": 0.03
    },
    "param_stability": {
      "best": 0.06078604330721924,
      "best_variant_name": "daa_g4_keller_v0__execution.hysteresis_pct=0.0",
      "metric_key": "wf_mean_cagr",
      "n_variants": 5,
      "relative_drop": 0.0,
      "worst": 0.06078604330721924,
      "worst_variant_name": "daa_g4_keller_v0__execution.hysteresis_pct=0.0"
    },
    "param_stability_check": {
      "max_relative_metric_drop_within_family": true
    },
    "sweep": [
      {
        "execution.hysteresis_pct": 0.0,
        "variant_name": "daa_g4_keller_v0__execution.hysteresis_pct=0.0",
        "wf_fold_cagrs": [
          0.07823733379875941,
          0.06280944253500165,
          0.06529415714096443,
          0.06740325292786675,
          0.03018603013350396
        ],
        "wf_mean_cagr": 0.06078604330721924,
        "wf_mean_sharpe": 0.8490828415705522,
        "wf_min_cagr": 0.03018603013350396,
        "wf_windows": 5,
        "wf_worst_drawdown": -0.1661567042627602
      },
      {
        "execution.hysteresis_pct": 0.01,
        "variant_name": "daa_g4_keller_v0__execution.hysteresis_pct=0.01",
        "wf_fold_cagrs": [
          0.07823733379875941,
          0.06280944253500165,
          0.06529415714096443,
          0.06740325292786675,
          0.03018603013350396
        ],
        "wf_mean_cagr": 0.06078604330721924,
        "wf_mean_sharpe": 0.8490828415705522,
        "wf_min_cagr": 0.03018603013350396,
        "wf_windows": 5,
        "wf_worst_drawdown": -0.1661567042627602
      },
      {
        "execution.hysteresis_pct": 0.02,
        "variant_name": "daa_g4_keller_v0__execution.hysteresis_pct=0.02",
        "wf_fold_cagrs": [
          0.07823733379875941,
          0.06280944253500165,
          0.06529415714096443,
          0.06740325292786675,
          0.03018603013350396
        ],
        "wf_mean_cagr": 0.06078604330721924,
        "wf_mean_sharpe": 0.8490828415705522,
        "wf_min_cagr": 0.03018603013350396,
        "wf_windows": 5,
        "wf_worst_drawdown": -0.1661567042627602
      },
      {
        "execution.hysteresis_pct": 0.03,
        "variant_name": "daa_g4_keller_v0__execution.hysteresis_pct=0.03",
        "wf_fold_cagrs": [
          0.07823733379875941,
          0.06280944253500165,
          0.06529415714096443,
          0.06740325292786675,
          0.03018603013350396
        ],
        "wf_mean_cagr": 0.06078604330721924,
        "wf_mean_sharpe": 0.8490828415705522,
        "wf_min_cagr": 0.03018603013350396,
        "wf_windows": 5,
        "wf_worst_drawdown": -0.1661567042627602
      },
      {
        "execution.hysteresis_pct": 0.05,
        "variant_name": "daa_g4_keller_v0__execution.hysteresis_pct=0.05",
        "wf_fold_cagrs": [
          0.07823733379875941,
          0.06280944253500165,
          0.06529415714096443,
          0.06740325292786675,
          0.03018603013350396
        ],
        "wf_mean_cagr": 0.06078604330721924,
        "wf_mean_sharpe": 0.8490828415705522,
        "wf_min_cagr": 0.03018603013350396,
        "wf_windows": 5,
        "wf_worst_drawdown": -0.1661567042627602
      }
    ]
  },
  "train_oos": {
    "test_oos": {
      "annual_turnover": 5.378201024327785,
      "best_year_return": 0.13762059767601276,
      "cagr": -0.002313777400701267,
      "calmar": -0.007204013347508651,
      "max_consecutive_negative_months": 8,
      "max_drawdown": -0.3211789441647045,
      "max_time_underwater_months": 61,
      "sharpe": 0.021224282150743807,
      "worst_year_return": -0.18659828023954472
    },
    "test_window": {
      "end": "2026-06-30",
      "start": "2020-01-01"
    },
    "train": {
      "annual_turnover": 4.341948847262248,
      "best_year_return": 0.1221953069652213,
      "cagr": 0.04857775312095236,
      "calmar": 0.2923610776735888,
      "max_consecutive_negative_months": 5,
      "max_drawdown": -0.1661567042627602,
      "max_time_underwater_months": 23,
      "sharpe": 0.658439342548274,
      "worst_year_return": -0.0957196082476569
    },