{
  "acceptance": {
    "max_annual_turnover": true,
    "max_consecutive_negative_months": false,
    "max_drawdown": true,
    "max_time_underwater_months": true,
    "min_cagr": true,
    "min_calmar": true,
    "min_sharpe": true
  },
  "metrics": {
    "annual_turnover": 7.6430583501006035,
    "best_year_return": 0.4527358294747488,
    "cagr": 0.054676015241545084,
    "calmar": 0.21442604420699307,
    "max_consecutive_negative_months": 11,
    "max_drawdown": -0.25498775320764855,
    "max_time_underwater_months": 47,
    "sharpe": 0.45496745510335773,
    "worst_year_return": -0.16627832857866076
  },
  "metrics_pre_tax": {
    "annual_turnover": 7.6430583501006035,
    "best_year_return": 0.5519763239342292,
    "cagr": 0.06619729199888225,
    "calmar": 0.259609691705369,
    "max_consecutive_negative_months": 11,
    "max_drawdown": -0.2549877532076481,
    "max_time_underwater_months": 47,
    "sharpe": 0.537700509147195,
    "worst_year_return": -0.16627832857866087
  },
  "mode": "final",
  "named_periods_all": {
    "covid_crash_rebound": {
      "checks": {},
      "covered": true,
      "metrics": {
        "annual_turnover": 9.611842105263158,
        "best_year_return": 0.20136416662473322,
        "cagr": 0.22364133902594907,
        "calmar": 2.170121893796594,
        "max_consecutive_negative_months": 1,
        "max_drawdown": -0.10305473607968263,
        "max_time_underwater_months": 2,
        "sharpe": 1.2160406949027924,
        "worst_year_return": 0.20136416662473322
      }
    },
    "gfc_crash": {
      "checks": {},
      "covered": true,
      "metrics": {
        "annual_turnover": 9.023823529411764,
        "best_year_return": -0.001825023223448241,
        "cagr": -0.023888021568158058,
        "calmar": -0.24032607804629144,
        "max_consecutive_negative_months": 3,
        "max_drawdown": -0.09939837475131086,
        "max_time_underwater_months": 14,
        "sharpe": -0.08155902360234762,
        "worst_year_return": -0.027831506123968452
      }
    },
    "inflation_bear": {
      "checks": {},
      "covered": true,
      "metrics": {
        "annual_turnover": 7.1081586826347305,
        "best_year_return": -0.1654437723510117,
        "cagr": -0.16721880346119444,
        "calmar": -0.9814701724807695,
        "max_consecutive_negative_months": 3,
        "max_drawdown": -0.17037583835943915,
        "max_time_underwater_months": 11,
        "sharpe": -2.4529337869619563,
        "worst_year_return": -0.1654437723510117
      }
    },
    "post_gfc_recovery": {
      "checks": {},
      "covered": true,
      "metrics": {
        "annual_turnover": 6.678078358208955,
        "best_year_return": 0.45741475802068354,
        "cagr": 0.15171615478223566,
        "calmar": 0.8445992990391024,
        "max_consecutive_negative_months": 3,
        "max_drawdown": -0.17963092670671477,
        "max_time_underwater_months": 9,
        "sharpe": 0.8548474621809634,
        "worst_year_return": -0.005969495906836264
      }
    }
  },
  "param_stability_full": {
    "fold_rank_stability": {
      "default_rank_mean": 1.0,
      "default_rank_per_fold": [
        1.0,
        1.0,
        1.0,
        1.0,
        1.0
      ],
      "default_rank_std": 0.0,
      "default_wins_fold_count": 5,
      "kendalls_w": 1.0,
      "n_folds": 5,
      "n_variants": 5
    },
    "local_param_stability": {
      "asymmetry": null,
      "best_metric": 0.02882816206407779,
      "best_value": 0.0,
      "default_meets_threshold": true,
      "default_metric": 0.02882816206407779,
      "default_rank": 1,
      "default_value": 0.0,
      "gap_to_best": 0.0,
      "local_drop": 0.0,
      "local_drop_left": null,
      "local_drop_right": 0.0,
      "metric_key": "wf_mean_cagr",
      "n_variants": 5,
      "param_col": "execution.hysteresis_pct",
      "plateau_param_range": [
        0.0,
        0.05
      ],
      "plateau_width_points": 5,
      "tolerance": 0.03
    },
    "param_stability": {
      "best": 0.02882816206407779,
      "best_variant_name": "daa_g4_v0__execution.hysteresis_pct=0.0",
      "metric_key": "wf_mean_cagr",
      "n_variants": 5,
      "relative_drop": 0.0,
      "worst": 0.02882816206407779,
      "worst_variant_name": "daa_g4_v0__execution.hysteresis_pct=0.0"
    },
    "param_stability_check": {
      "max_relative_metric_drop_within_family": true
    },
    "sweep": [
      {
        "execution.hysteresis_pct": 0.0,
        "variant_name": "daa_g4_v0__execution.hysteresis_pct=0.0",
        "wf_fold_cagrs": [
          0.05823329349247941,
          0.023955220804595,
          0.0279614550487699,
          0.03955352725741257,
          -0.005562686282867935
        ],
        "wf_mean_cagr": 0.02882816206407779,
        "wf_mean_sharpe": 0.33693717759560377,
        "wf_min_cagr": -0.005562686282867935,
        "wf_windows": 5,
        "wf_worst_drawdown": -0.20568948935069986
      },
      {
        "execution.hysteresis_pct": 0.01,
        "variant_name": "daa_g4_v0__execution.hysteresis_pct=0.01",
        "wf_fold_cagrs": [
          0.05823329349247941,
          0.023955220804595,
          0.0279614550487699,
          0.03955352725741257,
          -0.005562686282867935
        ],
        "wf_mean_cagr": 0.02882816206407779,
        "wf_mean_sharpe": 0.33693717759560377,
        "wf_min_cagr": -0.005562686282867935,
        "wf_windows": 5,
        "wf_worst_drawdown": -0.20568948935069986
      },
      {
        "execution.hysteresis_pct": 0.02,
        "variant_name": "daa_g4_v0__execution.hysteresis_pct=0.02",
        "wf_fold_cagrs": [
          0.05823329349247941,
          0.023955220804595,
          0.0279614550487699,
          0.03955352725741257,
          -0.005562686282867935
        ],
        "wf_mean_cagr": 0.02882816206407779,
        "wf_mean_sharpe": 0.33693717759560377,
        "wf_min_cagr": -0.005562686282867935,
        "wf_windows": 5,
        "wf_worst_drawdown": -0.20568948935069986
      },
      {
        "execution.hysteresis_pct": 0.03,
        "variant_name": "daa_g4_v0__execution.hysteresis_pct=0.03",
        "wf_fold_cagrs": [
          0.05823329349247941,
          0.023955220804595,
          0.0279614550487699,
          0.03955352725741257,
          -0.005562686282867935
        ],
        "wf_mean_cagr": 0.02882816206407779,
        "wf_mean_sharpe": 0.33693717759560377,
        "wf_min_cagr": -0.005562686282867935,
        "wf_windows": 5,
        "wf_worst_drawdown": -0.20568948935069986
      },
      {
        "execution.hysteresis_pct": 0.05,
        "variant_name": "daa_g4_v0__execution.hysteresis_pct=0.05",
        "wf_fold_cagrs": [
          0.05823329349247941,
          0.023955220804595,
          0.0279614550487699,
          0.03955352725741257,
          -0.005562686282867935
        ],
        "wf_mean_cagr": 0.02882816206407779,
        "wf_mean_sharpe": 0.33693717759560377,
        "wf_min_cagr": -0.005562686282867935,
        "wf_windows": 5,
        "wf_worst_drawdown": -0.20568948935069986
      }
    ]
  },
  "train_oos": {
    "test_oos": {
      "annual_turnover": 7.716549295774648,
      "best_year_return": 0.12467200091766784,
      "cagr": 0.04423266197842124,
      "calmar": 0.17519967096453043,
      "max_consecutive_negative_months": 6,
      "max_drawdown": -0.2524700059931976,
      "max_time_underwater_months": 47,
      "sharpe": 0.4168815968270944,
      "worst_year_return": -0.16627832857866076
    },
    "test_window": {
      "end": "2026-06-30",
      "start": "2020-01-01"
    },
    "train": {
      "annual_turnover": 8.210230547550433,
      "best_year_return": 0.12834105311383404,
      "cagr": 0.03135584455566853,
      "calmar": 0.14641398746164286,
      "max_consecutive_negative_months": 11,
      "max_drawdown": -0.2141588047650369,
      "max_time_underwater_months": 40,
      "sharpe": 0.35107224522547253,
      "worst_year_return": -0.11201387594802303
    },