{
  "acceptance": {
    "max_annual_turnover": true,
    "max_consecutive_negative_months": false,
    "max_drawdown": false,
    "max_time_underwater_months": false,
    "min_cagr": false,
    "min_calmar": false,
    "min_sharpe": false
  },
  "metrics": {
    "annual_turnover": 7.6430583501006035,
    "best_year_return": 0.4374905350770246,
    "cagr": 0.03497069650073659,
    "calmar": 0.10926490141002856,
    "max_consecutive_negative_months": 11,
    "max_drawdown": -0.3200542539228146,
    "max_time_underwater_months": 137,
    "sharpe": 0.318373774844581,
    "worst_year_return": -0.18241684575113093
  },
  "metrics_pre_tax": {
    "annual_turnover": 7.6430583501006035,
    "best_year_return": 0.5265300447435459,
    "cagr": 0.04213140457190412,
    "calmar": 0.13317465999763184,
    "max_consecutive_negative_months": 11,
    "max_drawdown": -0.3163620209178932,
    "max_time_underwater_months": 137,
    "sharpe": 0.36987024687627745,
    "worst_year_return": -0.18241684575113115
  },
  "mode": "final",
  "named_periods_all": {
    "covid_crash_rebound": {
      "checks": {},
      "covered": true,
      "metrics": {
        "annual_turnover": 9.611842105263158,
        "best_year_return": 0.1927471422079612,
        "cagr": 0.21398899975880337,
        "calmar": 2.023569833016445,
        "max_consecutive_negative_months": 1,
        "max_drawdown": -0.10574826540076432,
        "max_time_underwater_months": 2,
        "sharpe": 1.181429316126272,
        "worst_year_return": 0.1927471422079612
      }
    },
    "gfc_crash": {
      "checks": {},
      "covered": true,
      "metrics": {
        "annual_turnover": 9.023823529411764,
        "best_year_return": -0.006312316586217004,
        "cagr": -0.04605907746905191,
        "calmar": -0.40115310708529206,
        "max_consecutive_negative_months": 3,
        "max_drawdown": -0.11481670378601594,
        "max_time_underwater_months": 14,
        "sharpe": -0.2309776338487704,
        "worst_year_return": -0.050935749066522096
      }
    },
    "inflation_bear": {
      "checks": {},
      "covered": true,
      "metrics": {
        "annual_turnover": 7.1081586826347305,
        "best_year_return": -0.17913337926820405,
        "cagr": -0.18103877485350162,
        "calmar": -0.9839890490009545,
        "max_consecutive_negative_months": 3,
        "max_drawdown": -0.18398454234557848,
        "max_time_underwater_months": 11,
        "sharpe": -2.656374408353449,
        "worst_year_return": -0.17913337926820405
      }
    },
    "post_gfc_recovery": {
      "checks": {},
      "covered": true,
      "metrics": {
        "annual_turnover": 6.678078358208955,
        "best_year_return": 0.45299603848294767,
        "cagr": 0.13532525314968002,
        "calmar": 0.7421231216077717,
        "max_consecutive_negative_months": 3,
        "max_drawdown": -0.18234878985646585,
        "max_time_underwater_months": 9,
        "sharpe": 0.7785264274167824,
        "worst_year_return": -0.026674057964261255
      }
    }
  },
  "param_stability_full": {
    "fold_rank_stability": {
      "default_rank_mean": 1.0,
      "default_rank_per_fold": [
        1.0,
        1.0,
        1.0,
        1.0,
        1.0
      ],
      "default_rank_std": 0.0,
      "default_wins_fold_count": 5,
      "kendalls_w": 1.0,
      "n_folds": 5,
      "n_variants": 5
    },
    "local_param_stability": {
      "asymmetry": null,
      "best_metric": 0.004060938354956934,
      "best_value": 0.0,
      "default_meets_threshold": true,
      "default_metric": 0.004060938354956934,
      "default_rank": 1,
      "default_value": 0.0,
      "gap_to_best": 0.0,
      "local_drop": 0.0,
      "local_drop_left": null,
      "local_drop_right": 0.0,
      "metric_key": "wf_mean_cagr",
      "n_variants": 5,
      "param_col": "execution.hysteresis_pct",
      "plateau_param_range": [
        0.0,
        0.05
      ],
      "plateau_width_points": 5,
      "tolerance": 0.03
    },
    "param_stability": {
      "best": 0.004060938354956934,
      "best_variant_name": "daa_g4_v0__execution.hysteresis_pct=0.0",
      "metric_key": "wf_mean_cagr",
      "n_variants": 5,
      "relative_drop": 0.0,
      "worst": 0.004060938354956934,
      "worst_variant_name": "daa_g4_v0__execution.hysteresis_pct=0.0"
    },
    "param_stability_check": {
      "max_relative_metric_drop_within_family": true
    },
    "sweep": [
      {
        "execution.hysteresis_pct": 0.0,
        "variant_name": "daa_g4_v0__execution.hysteresis_pct=0.0",
        "wf_fold_cagrs": [
          0.03459245682170664,
          -0.0015880578866475092,
          0.0017004871327701565,
          0.015412168035046303,
          -0.029812362328090924
        ],
        "wf_mean_cagr": 0.004060938354956934,
        "wf_mean_sharpe": 0.0860019227400082,
        "wf_min_cagr": -0.029812362328090924,
        "wf_windows": 5,
        "wf_worst_drawdown": -0.24186058451734527
      },
      {
        "execution.hysteresis_pct": 0.01,
        "variant_name": "daa_g4_v0__execution.hysteresis_pct=0.01",
        "wf_fold_cagrs": [
          0.03459245682170664,
          -0.0015880578866475092,
          0.0017004871327701565,
          0.015412168035046303,
          -0.029812362328090924
        ],
        "wf_mean_cagr": 0.004060938354956934,
        "wf_mean_sharpe": 0.0860019227400082,
        "wf_min_cagr": -0.029812362328090924,
        "wf_windows": 5,
        "wf_worst_drawdown": -0.24186058451734527
      },
      {
        "execution.hysteresis_pct": 0.02,
        "variant_name": "daa_g4_v0__execution.hysteresis_pct=0.02",
        "wf_fold_cagrs": [
          0.03459245682170664,
          -0.0015880578866475092,
          0.0017004871327701565,
          0.015412168035046303,
          -0.029812362328090924
        ],
        "wf_mean_cagr": 0.004060938354956934,
        "wf_mean_sharpe": 0.0860019227400082,
        "wf_min_cagr": -0.029812362328090924,
        "wf_windows": 5,
        "wf_worst_drawdown": -0.24186058451734527
      },
      {
        "execution.hysteresis_pct": 0.03,
        "variant_name": "daa_g4_v0__execution.hysteresis_pct=0.03",
        "wf_fold_cagrs": [
          0.03459245682170664,
          -0.0015880578866475092,
          0.0017004871327701565,
          0.015412168035046303,
          -0.029812362328090924
        ],
        "wf_mean_cagr": 0.004060938354956934,
        "wf_mean_sharpe": 0.0860019227400082,
        "wf_min_cagr": -0.029812362328090924,
        "wf_windows": 5,
        "wf_worst_drawdown": -0.24186058451734527
      },
      {
        "execution.hysteresis_pct": 0.05,
        "variant_name": "daa_g4_v0__execution.hysteresis_pct=0.05",
        "wf_fold_cagrs": [
          0.03459245682170664,
          -0.0015880578866475092,
          0.0017004871327701565,
          0.015412168035046303,
          -0.029812362328090924
        ],
        "wf_mean_cagr": 0.004060938354956934,
        "wf_mean_sharpe": 0.0860019227400082,
        "wf_min_cagr": -0.029812362328090924,
        "wf_windows": 5,
        "wf_worst_drawdown": -0.24186058451734527
      }
    ]
  },
  "train_oos": {
    "test_oos": {
      "annual_turnover": 7.716549295774648,
      "best_year_return": 0.11649697596441744,
      "cagr": 0.026911366235500278,
      "calmar": 0.09842388207259493,
      "max_consecutive_negative_months": 6,
      "max_drawdown": -0.27342313337784363,
      "max_time_underwater_months": 52,
      "sharpe": 0.2801419314656392,
      "worst_year_return": -0.18241684575113093
    },
    "test_window": {
      "end": "2026-06-30",
      "start": "2020-01-01"
    },
    "train": {
      "annual_turnover": 8.210230547550433,
      "best_year_return": 0.12493685559589629,
      "cagr": 0.010116058803546046,
      "calmar": 0.041129682322727186,
      "max_consecutive_negative_months": 11,
      "max_drawdown": -0.2459551893488897,
      "max_time_underwater_months": 64,
      "sharpe": 0.14909882393197726,