{
  "acceptance": {
    "max_annual_turnover": true,
    "max_consecutive_negative_months": true,
    "max_drawdown": false,
    "max_time_underwater_months": true,
    "min_cagr": true,
    "min_calmar": true,
    "min_sharpe": true
  },
  "metrics": {
    "annual_turnover": 2.2816938124277493,
    "best_year_return": 0.19703227110293775,
    "cagr": 0.06528502502491551,
    "calmar": 0.32122149020335217,
    "max_consecutive_negative_months": 4,
    "max_drawdown": -0.20323990460160757,
    "max_time_underwater_months": 26,
    "sharpe": 0.5831670241323986,
    "worst_year_return": -0.12114208824924089
  },
  "metrics_pre_tax": {
    "annual_turnover": 2.2816938124277493,
    "best_year_return": 0.21672136093361782,
    "cagr": 0.06739225038554619,
    "calmar": 0.3549749008214667,
    "max_consecutive_negative_months": 4,
    "max_drawdown": -0.1898507478404533,
    "max_time_underwater_months": 26,
    "sharpe": 0.605914958787999,
    "worst_year_return": -0.14552294960500523
  },
  "mode": "final",
  "named_periods_all": {
    "covid_crash_rebound": {
      "checks": {},
      "covered": true,
      "metrics": {
        "annual_turnover": 2.008634999973619,
        "best_year_return": 0.06185728569965354,
        "cagr": 0.0682593235922877,
        "calmar": 0.40773968013782913,
        "max_consecutive_negative_months": 3,
        "max_drawdown": -0.16740907720635345,
        "max_time_underwater_months": 5,
        "sharpe": 0.5270836244078329,
        "worst_year_return": 0.06185728569965354
      }
    },
    "gfc_crash": {
      "checks": {},
      "covered": true,
      "metrics": {
        "annual_turnover": 1.6852029518734024,
        "best_year_return": 0.15570748697961712,
        "cagr": 0.06972750180698828,
        "calmar": 0.458794709875513,
        "max_consecutive_negative_months": 3,
        "max_drawdown": -0.15197974236866807,
        "max_time_underwater_months": 8,
        "sharpe": 0.4591353579416297,
        "worst_year_return": -0.059111518433948684
      }
    },
    "inflation_bear": {
      "checks": {},
      "covered": true,
      "metrics": {
        "annual_turnover": 4.991087423423404,
        "best_year_return": -0.12114208824924089,
        "cagr": -0.12247715917011526,
        "calmar": -0.6451233959480769,
        "max_consecutive_negative_months": 4,
        "max_drawdown": -0.1898507478404533,
        "max_time_underwater_months": 11,
        "sharpe": -1.000778595164641,
        "worst_year_return": -0.12114208824924089
      }
    },
    "post_gfc_recovery": {
      "checks": {},
      "covered": true,
      "metrics": {
        "annual_turnover": 2.2044993647319906,
        "best_year_return": 0.09108740903444912,
        "cagr": 0.054720297087779146,
        "calmar": 0.32260261054645495,
        "max_consecutive_negative_months": 3,
        "max_drawdown": -0.1696213709960025,
        "max_time_underwater_months": 20,
        "sharpe": 0.466458908020441,
        "worst_year_return": -0.03402990974259301
      }
    }
  },
  "param_stability_full": {
    "fold_rank_stability": {
      "default_rank_mean": 6.285714285714286,
      "default_rank_per_fold": [
        13.0,
        2.0,
        7.0,
        4.0,
        4.0,
        4.0,
        10.0
      ],
      "default_rank_std": 3.653346243584121,
      "default_wins_fold_count": 0,
      "kendalls_w": 0.5689504373177843,
      "n_folds": 7,
      "n_variants": 15
    },
    "local_param_stability": {
      "best_metric": 0.05986814532734165,
      "best_values": [
        4,
        0.1
      ],
      "default_in_plateau": false,
      "default_meets_threshold": false,
      "default_metric": 0.055309421487882586,
      "default_rank": 8,
      "default_values": [
        3,
        0.05
      ],
      "gap_to_best": 0.07614606757121481,
      "metric_key": "wf_mean_cagr",
      "n_variants": 15,
      "param_cols": [
        "selector.top_n",
        "execution.hysteresis_pct"
      ],
      "plateau_area_cells": 0,
      "plateau_area_fraction": 0.0,
      "plateau_cols_covered": [],
      "plateau_rows_covered": [],
      "tolerance": 0.03
    },
    "param_stability": {
      "best": 0.05986814532734165,
      "best_variant_name": "dual_momentum_v0__selector.top_n=4_execution.hysteresis_pct=0.1",
      "metric_key": "wf_mean_cagr",
      "n_variants": 15,
      "relative_drop": 0.33851149673265885,
      "worst": 0.039602089845974894,
      "worst_variant_name": "dual_momentum_v0__selector.top_n=2_execution.hysteresis_pct=0.075"
    },
    "param_stability_check": {
      "max_relative_metric_drop_within_family": false
    },
    "sweep": [
      {
        "execution.hysteresis_pct": 0.0,
        "selector.top_n": 2,
        "variant_name": "dual_momentum_v0__selector.top_n=2_execution.hysteresis_pct=0.0",
        "wf_fold_cagrs": [
          0.05334509342674809,
          0.08258312361253872,
          0.04998026417794588,
          0.025420301312091276,
          0.0628838459818486,
          0.008948007916424583,
          -0.0044649455546519334
        ],
        "wf_mean_cagr": 0.039813670124706456,
        "wf_mean_sharpe": 0.3781433549449151,
        "wf_min_cagr": -0.0044649455546519334,
        "wf_windows": 7,
        "wf_worst_drawdown": -0.23123086418906214
      },
      {
        "execution.hysteresis_pct": 0.025,
        "selector.top_n": 2,
        "variant_name": "dual_momentum_v0__selector.top_n=2_execution.hysteresis_pct=0.025",
        "wf_fold_cagrs": [
          0.053606144292158486,
          0.08293167219733655,
          0.04984988048995187,
          0.02531345935021201,
          0.06303450945193134,
          0.009091113996868128,
          -0.004384294355373686
        ],
        "wf_mean_cagr": 0.03992035506044067,
        "wf_mean_sharpe": 0.3788368697808351,
        "wf_min_cagr": -0.004384294355373686,
        "wf_windows": 7,
        "wf_worst_drawdown": -0.2322189070297922
      },
      {
        "execution.hysteresis_pct": 0.05,
        "selector.top_n": 2,
        "variant_name": "dual_momentum_v0__selector.top_n=2_execution.hysteresis_pct=0.05",
        "wf_fold_cagrs": [
          0.05426775595116373,
          0.08304127367536829,
          0.05051605369218026,
          0.0263204529809411,
          0.06423032867223877,
          0.010067629680945211,
          -0.0034369346797392675
        ],
        "wf_mean_cagr": 0.040715222853299725,
        "wf_mean_sharpe": 0.38564866435326456,
        "wf_min_cagr": -0.0034369346797392675,
        "wf_windows": 7,
        "wf_worst_drawdown": -0.2298164186890137
      },
      {
        "execution.hysteresis_pct": 0.075,
        "selector.top_n": 2,
        "variant_name": "dual_momentum_v0__selector.top_n=2_execution.hysteresis_pct=0.075",
        "wf_fold_cagrs": [
          0.05232955235681813,
          0.08101624223856052,
          0.049923273829176384,
          0.025098953574004934,
          0.0635242893286061,
          0.009394332865536814,
          -0.004072015270878637
        ],
        "wf_mean_cagr": 0.039602089845974894,
        "wf_mean_sharpe": 0.3771285794147482,
        "wf_min_cagr": -0.004072015270878637,
        "wf_windows": 7,
        "wf_worst_drawdown": -0.23224944741501963
      },
      {
        "execution.hysteresis_pct": 0.1,
        "selector.top_n": 2,
        "variant_name": "dual_momentum_v0__selector.top_n=2_execution.hysteresis_pct=0.1",
        "wf_fold_cagrs": [
          0.053397848565101214,
          0.08249618382108426,
          0.05046303310314437,
          0.025618274090324133,
          0.06386441930669107,
          0.010265484128687774,
          -0.0032942311581882766
        ],
        "wf_mean_cagr": 0.040401573122406366,
        "wf_mean_sharpe": 0.3837155046389249,
        "wf_min_cagr": -0.0032942311581882766,
        "wf_windows": 7,
        "wf_worst_drawdown": -0.2323741262348623
      },
      {
        "execution.hysteresis_pct": 0.0,
        "selector.top_n": 3,