{
  "acceptance": {
    "max_annual_turnover": true,
    "max_consecutive_negative_months": true,
    "max_drawdown": false,
    "max_time_underwater_months": true,
    "min_cagr": true,
    "min_calmar": true,
    "min_sharpe": true
  },
  "metrics": {
    "annual_turnover": 2.2816938124277493,
    "best_year_return": 0.19703227110293775,
    "cagr": 0.06528502502491551,
    "calmar": 0.32122149020335217,
    "max_consecutive_negative_months": 4,
    "max_drawdown": -0.20323990460160757,
    "max_time_underwater_months": 26,
    "sharpe": 0.5831670241323986,
    "worst_year_return": -0.12114208824924089
  },
  "metrics_pre_tax": {
    "annual_turnover": 2.2816938124277493,
    "best_year_return": 0.21672136093361782,
    "cagr": 0.06739225038554619,
    "calmar": 0.3549749008214667,
    "max_consecutive_negative_months": 4,
    "max_drawdown": -0.1898507478404533,
    "max_time_underwater_months": 26,
    "sharpe": 0.605914958787999,
    "worst_year_return": -0.14552294960500523
  },
  "mode": "final"
}
