{
  "acceptance": {
    "max_annual_turnover": true,
    "max_consecutive_negative_months": true,
    "max_drawdown": false,
    "max_time_underwater_months": true,
    "min_cagr": true,
    "min_calmar": false,
    "min_sharpe": false
  },
  "metrics": {
    "annual_turnover": 2.2816938124277493,
    "best_year_return": 0.17395265154561979,
    "cagr": 0.0498891933549408,
    "calmar": 0.2218096644102865,
    "max_consecutive_negative_months": 4,
    "max_drawdown": -0.22491893438267685,
    "max_time_underwater_months": 29,
    "sharpe": 0.46360124241789386,
    "worst_year_return": -0.15716952949357688
  },
  "metrics_pre_tax": {
    "annual_turnover": 2.2816938124277493,
    "best_year_return": 0.2094813957986683,
    "cagr": 0.06026753711283006,
    "calmar": 0.29400588247075027,
    "max_consecutive_negative_months": 4,
    "max_drawdown": -0.20498752135963094,
    "max_time_underwater_months": 29,
    "sharpe": 0.5495184262485634,
    "worst_year_return": -0.15716952949357677
  },
  "mode": "final",
  "named_periods_all": {
    "covid_crash_rebound": {
      "checks": {},
      "covered": true,
      "metrics": {
        "annual_turnover": 2.008634999973619,
        "best_year_return": 0.05036015703761665,
        "cagr": 0.05554141285170422,
        "calmar": 0.33177061709289685,
        "max_consecutive_negative_months": 3,
        "max_drawdown": -0.16740907720635323,
        "max_time_underwater_months": 5,
        "sharpe": 0.4443844959154099,
        "worst_year_return": 0.05036015703761665
      }
    },
    "gfc_crash": {
      "checks": {},
      "covered": true,
      "metrics": {
        "annual_turnover": 1.6852029518734024,
        "best_year_return": 0.15206319889863606,
        "cagr": 0.06516825752551147,
        "calmar": 0.42171049927070015,
        "max_consecutive_negative_months": 3,
        "max_drawdown": -0.1545331634811381,
        "max_time_underwater_months": 8,
        "sharpe": 0.43552022379202115,
        "worst_year_return": -0.06113293020962007
      }
    },
    "inflation_bear": {
      "checks": {},
      "covered": true,
      "metrics": {
        "annual_turnover": 4.991087423423404,
        "best_year_return": -0.15716952949357688,
        "cagr": -0.15886446900768536,
        "calmar": -0.8102354080086893,
        "max_consecutive_negative_months": 4,
        "max_drawdown": -0.19607199023568422,
        "max_time_underwater_months": 11,
        "sharpe": -1.399954017969299,
        "worst_year_return": -0.15716952949357688
      }
    },
    "post_gfc_recovery": {
      "checks": {},
      "covered": true,
      "metrics": {
        "annual_turnover": 2.2044993647319906,
        "best_year_return": 0.09178330775967103,
        "cagr": 0.037857171182656746,
        "calmar": 0.21754217619184782,
        "max_consecutive_negative_months": 3,
        "max_drawdown": -0.1740222141993788,
        "max_time_underwater_months": 20,
        "sharpe": 0.3477111368402232,
        "worst_year_return": -0.058135529487230775
      }
    }
  },
  "param_stability_full": {
    "fold_rank_stability": {
      "default_rank_mean": 6.857142857142857,
      "default_rank_per_fold": [
        13.0,
        3.0,
        7.0,
        8.0,
        4.0,
        3.0,
        10.0
      ],
      "default_rank_std": 3.522522287410844,
      "default_wins_fold_count": 0,
      "kendalls_w": 0.6348396501457726,
      "n_folds": 7,
      "n_variants": 15
    },
    "local_param_stability": {
      "best_metric": 0.053817089396243904,
      "best_values": [
        4,
        0.1
      ],
      "default_in_plateau": false,
      "default_meets_threshold": false,
      "default_metric": 0.04807859669300977,
      "default_rank": 8,
      "default_values": [
        3,
        0.05
      ],
      "gap_to_best": 0.10662956260943102,
      "metric_key": "wf_mean_cagr",
      "n_variants": 15,
      "param_cols": [
        "selector.top_n",
        "execution.hysteresis_pct"
      ],
      "plateau_area_cells": 0,
      "plateau_area_fraction": 0.0,
      "plateau_cols_covered": [],
      "plateau_rows_covered": [],
      "tolerance": 0.03
    },
    "param_stability": {
      "best": 0.053817089396243904,
      "best_variant_name": "dual_momentum_v0__selector.top_n=4_execution.hysteresis_pct=0.1",
      "metric_key": "wf_mean_cagr",
      "n_variants": 15,
      "relative_drop": 0.43531271298765434,
      "worst": 0.030389826206065847,
      "worst_variant_name": "dual_momentum_v0__selector.top_n=2_execution.hysteresis_pct=0.0"
    },
    "param_stability_check": {
      "max_relative_metric_drop_within_family": false
    },
    "sweep": [
      {
        "execution.hysteresis_pct": 0.0,
        "selector.top_n": 2,
        "variant_name": "dual_momentum_v0__selector.top_n=2_execution.hysteresis_pct=0.0",
        "wf_fold_cagrs": [
          0.045165658361276506,
          0.07457975488865176,
          0.04164541321222681,
          0.015078611129289765,
          0.05269592525773503,
          -0.0007210337728288385,
          -0.015715545633890105
        ],
        "wf_mean_cagr": 0.030389826206065847,
        "wf_mean_sharpe": 0.29800688601383035,
        "wf_min_cagr": -0.015715545633890105,
        "wf_windows": 7,
        "wf_worst_drawdown": -0.25396499572389664
      },
      {
        "execution.hysteresis_pct": 0.025,
        "selector.top_n": 2,
        "variant_name": "dual_momentum_v0__selector.top_n=2_execution.hysteresis_pct=0.025",
        "wf_fold_cagrs": [
          0.04562871713233796,
          0.07511916712687827,
          0.04164415326781534,
          0.015075512646747669,
          0.05294136197087296,
          -0.00046823871267864803,
          -0.015511561292035903
        ],
        "wf_mean_cagr": 0.030632730305705378,
        "wf_mean_sharpe": 0.29986649696561296,
        "wf_min_cagr": -0.015511561292035903,
        "wf_windows": 7,
        "wf_worst_drawdown": -0.2549238866577107
      },
      {
        "execution.hysteresis_pct": 0.05,
        "selector.top_n": 2,
        "variant_name": "dual_momentum_v0__selector.top_n=2_execution.hysteresis_pct=0.05",
        "wf_fold_cagrs": [
          0.046479931809708885,
          0.07546382959251718,
          0.0425658191072138,
          0.016300576412292322,
          0.054407921941833415,
          0.0006505446205740117,
          -0.01450492808158288
        ],
        "wf_mean_cagr": 0.031623385057508106,
        "wf_mean_sharpe": 0.3083841993044812,
        "wf_min_cagr": -0.01450492808158288,
        "wf_windows": 7,
        "wf_worst_drawdown": -0.25251422736133977
      },
      {
        "execution.hysteresis_pct": 0.075,
        "selector.top_n": 2,
        "variant_name": "dual_momentum_v0__selector.top_n=2_execution.hysteresis_pct=0.075",
        "wf_fold_cagrs": [
          0.04458076524154708,
          0.07343639251127598,
          0.041952313696710375,
          0.015092354037364863,
          0.05366705719406384,
          -2.1668242004446725e-05,
          -0.015099573473831618
        ],
        "wf_mean_cagr": 0.0305153772807323,
        "wf_mean_sharpe": 0.29983717479428956,
        "wf_min_cagr": -0.015099573473831618,
        "wf_windows": 7,
        "wf_worst_drawdown": -0.25487594270894265
      },
      {
        "execution.hysteresis_pct": 0.1,
        "selector.top_n": 2,
        "variant_name": "dual_momentum_v0__selector.top_n=2_execution.hysteresis_pct=0.1",
        "wf_fold_cagrs": [
          0.04569458410827276,
          0.07505253878554097,
          0.04265826042766152,
          0.015746462979228548,
          0.054149378476082255,
          0.0009451612854936009,
          -0.014216390263587564
        ],
        "wf_mean_cagr": 0.0314328565426703,
        "wf_mean_sharpe": 0.30738474153351975,
        "wf_min_cagr": -0.014216390263587564,
        "wf_windows": 7,
        "wf_worst_drawdown": -0.2548012819490142
      },
      {
        "execution.hysteresis_pct": 0.0,
        "selector.top_n": 3,