{
  "acceptance": {
    "max_annual_turnover": true,
    "max_consecutive_negative_months": true,
    "max_drawdown": false,
    "max_time_underwater_months": true,
    "min_cagr": true,
    "min_calmar": true,
    "min_sharpe": true
  },
  "metrics": {
    "annual_turnover": 3.4747738615096693,
    "best_year_return": 0.21635106470494092,
    "cagr": 0.07106066531340738,
    "calmar": 0.20174012794509125,
    "max_consecutive_negative_months": 5,
    "max_drawdown": -0.35223862519185256,
    "max_time_underwater_months": 35,
    "sharpe": 0.54491837574652,
    "worst_year_return": -0.08120591381412812
  },
  "metrics_pre_tax": {
    "annual_turnover": 3.4747738615096693,
    "best_year_return": 0.2671000798826435,
    "cagr": 0.0849661898618228,
    "calmar": 0.24121769671212115,
    "max_consecutive_negative_months": 5,
    "max_drawdown": -0.35223862519185256,
    "max_time_underwater_months": 35,
    "sharpe": 0.6389206561917273,
    "worst_year_return": -0.08120591381412812
  },
  "mode": "final",
  "named_periods_all": {
    "covid_crash_rebound": {
      "checks": {},
      "covered": true,
      "metrics": {
        "annual_turnover": 3.9048108552631575,
        "best_year_return": 0.024337260076392475,
        "cagr": 0.02680704600106143,
        "calmar": 0.10200810040069279,
        "max_consecutive_negative_months": 3,
        "max_drawdown": -0.26279330656842004,
        "max_time_underwater_months": 5,
        "sharpe": 0.2294786854560736,
        "worst_year_return": 0.024337260076392475
      }
    },
    "gfc_crash": {
      "checks": {},
      "covered": false,
      "metrics": null
    },
    "inflation_bear": {
      "checks": {},
      "covered": true,
      "metrics": {
        "annual_turnover": 1.6403443113772453,
        "best_year_return": -0.07322419359617227,
        "cagr": -0.07405351838735286,
        "calmar": -0.5308693898061271,
        "max_consecutive_negative_months": 3,
        "max_drawdown": -0.13949479817323263,
        "max_time_underwater_months": 5,
        "sharpe": -0.49692943520758975,
        "worst_year_return": -0.07322419359617227
      }
    },
    "post_gfc_recovery": {
      "checks": {},
      "covered": false,
      "metrics": null
    }
  },
  "param_stability_full": {
    "fold_rank_stability": {
      "default_rank_mean": 5.0,
      "default_rank_per_fold": [
        5.0,
        5.0,
        5.0,
        6.0,
        4.0
      ],
      "default_rank_std": 0.6324555320336759,
      "default_wins_fold_count": 0,
      "kendalls_w": 0.8186666666666667,
      "n_folds": 5,
      "n_variants": 9
    },
    "local_param_stability": {
      "best_metric": 0.10929135753975419,
      "best_values": [
        3,
        0.0
      ],
      "default_in_plateau": false,
      "default_meets_threshold": false,
      "default_metric": 0.08450124682788766,
      "default_rank": 5,
      "default_values": [
        4,
        0.0
      ],
      "gap_to_best": 0.22682590160753788,
      "metric_key": "wf_mean_cagr",
      "n_variants": 9,
      "param_cols": [
        "portfolio_risk_engine.top_n",
        "portfolio_risk_engine.regime_threshold"
      ],
      "plateau_area_cells": 0,
      "plateau_area_fraction": 0.0,
      "plateau_cols_covered": [],
      "plateau_rows_covered": [],
      "tolerance": 0.03
    },
    "param_stability": {
      "best": 0.10929135753975419,
      "best_variant_name": "gfm_v0__portfolio_risk_engine.top_n=3_portfolio_risk_engine.regime_threshold=0.0",
      "metric_key": "wf_mean_cagr",
      "n_variants": 9,
      "relative_drop": 0.3599031783961212,
      "worst": 0.06995705058996977,
      "worst_variant_name": "gfm_v0__portfolio_risk_engine.top_n=4_portfolio_risk_engine.regime_threshold=-0.02"
    },
    "param_stability_check": {
      "max_relative_metric_drop_within_family": false
    },
    "sweep": [
      {
        "portfolio_risk_engine.regime_threshold": -0.02,
        "portfolio_risk_engine.top_n": 3,
        "variant_name": "gfm_v0__portfolio_risk_engine.top_n=3_portfolio_risk_engine.regime_threshold=-0.02",
        "wf_fold_cagrs": [
          0.1677870306356093,
          0.08019558627492329,
          0.08683208139419496,
          0.11238764998232287,
          0.02850432863288055
        ],
        "wf_mean_cagr": 0.0951413353839862,
        "wf_mean_sharpe": 0.7522819136094969,
        "wf_min_cagr": 0.02850432863288055,
        "wf_windows": 5,
        "wf_worst_drawdown": -0.22851827072681352
      },
      {
        "portfolio_risk_engine.regime_threshold": 0.0,
        "portfolio_risk_engine.top_n": 3,
        "variant_name": "gfm_v0__portfolio_risk_engine.top_n=3_portfolio_risk_engine.regime_threshold=0.0",
        "wf_fold_cagrs": [
          0.1677870306356093,
          0.1039646330070616,
          0.10484449252065375,
          0.12744348596530952,
          0.04241714557013676
        ],
        "wf_mean_cagr": 0.10929135753975419,
        "wf_mean_sharpe": 0.8577671060500662,
        "wf_min_cagr": 0.04241714557013676,
        "wf_windows": 5,
        "wf_worst_drawdown": -0.22851827072681397
      },
      {
        "portfolio_risk_engine.regime_threshold": 0.02,
        "portfolio_risk_engine.top_n": 3,
        "variant_name": "gfm_v0__portfolio_risk_engine.top_n=3_portfolio_risk_engine.regime_threshold=0.02",
        "wf_fold_cagrs": [
          0.1677870306356093,
          0.08588245576671683,
          0.09347138320319526,
          0.11794241926350213,
          0.033637399161753345
        ],
        "wf_mean_cagr": 0.09974413760615537,
        "wf_mean_sharpe": 0.7879112771700045,
        "wf_min_cagr": 0.033637399161753345,
        "wf_windows": 5,
        "wf_worst_drawdown": -0.22851827072681308
      },
      {
        "portfolio_risk_engine.regime_threshold": -0.02,
        "portfolio_risk_engine.top_n": 4,
        "variant_name": "gfm_v0__portfolio_risk_engine.top_n=4_portfolio_risk_engine.regime_threshold=-0.02",
        "wf_fold_cagrs": [
          0.14189654353865833,
          0.0514937065451222,
          0.06044951918731889,
          0.0885080289612381,
          0.007437454717511338
        ],
        "wf_mean_cagr": 0.06995705058996977,
        "wf_mean_sharpe": 0.594707451661345,
        "wf_min_cagr": 0.007437454717511338,
        "wf_windows": 5,
        "wf_worst_drawdown": -0.2183310086795034
      },
      {
        "portfolio_risk_engine.regime_threshold": 0.0,
        "portfolio_risk_engine.top_n": 4,
        "variant_name": "gfm_v0__portfolio_risk_engine.top_n=4_portfolio_risk_engine.regime_threshold=0.0",
        "wf_fold_cagrs": [
          0.14189654353865833,
          0.075856176410809,
          0.07895258591925391,
          0.10401726725761518,
          0.021783661013101918
        ],
        "wf_mean_cagr": 0.08450124682788766,
        "wf_mean_sharpe": 0.7079537373710814,
        "wf_min_cagr": 0.021783661013101918,
        "wf_windows": 5,
        "wf_worst_drawdown": -0.2183310086795034
      },
      {
        "portfolio_risk_engine.regime_threshold": 0.02,
        "portfolio_risk_engine.top_n": 4,
        "variant_name": "gfm_v0__portfolio_risk_engine.top_n=4_portfolio_risk_engine.regime_threshold=0.02",
        "wf_fold_cagrs": [
          0.14189654353865833,
          0.06216505526698857,
          0.075041977098397,
          0.10074346554917812,
          0.01875536972744407
        ],
        "wf_mean_cagr": 0.07972048223613322,
        "wf_mean_sharpe": 0.6675201260221246,
        "wf_min_cagr": 0.01875536972744407,
        "wf_windows": 5,
        "wf_worst_drawdown": -0.21833100867950317
      },
      {
        "portfolio_risk_engine.regime_threshold": -0.02,
        "portfolio_risk_engine.top_n": 5,
        "variant_name": "gfm_v0__portfolio_risk_engine.top_n=5_portfolio_risk_engine.regime_threshold=-0.02",