{
  "acceptance": {
    "max_annual_turnover": true,
    "max_consecutive_negative_months": true,
    "max_drawdown": true,
    "max_time_underwater_months": false,
    "min_cagr": true,
    "min_calmar": false,
    "min_sharpe": false
  },
  "metrics": {
    "annual_turnover": 4.336101104707012,
    "best_year_return": 0.13014687221204246,
    "cagr": 0.03432831173910622,
    "calmar": 0.2154769340191232,
    "max_consecutive_negative_months": 6,
    "max_drawdown": -0.15931316219702496,
    "max_time_underwater_months": 47,
    "sharpe": 0.4479536588125661,
    "worst_year_return": -0.05257018165575633
  },
  "metrics_pre_tax": {
    "annual_turnover": 4.336101104707012,
    "best_year_return": 0.16067515087906448,
    "cagr": 0.041794670491144714,
    "calmar": 0.26936099731109175,
    "max_consecutive_negative_months": 6,
    "max_drawdown": -0.15516229486956867,
    "max_time_underwater_months": 34,
    "sharpe": 0.5385454223605807,
    "worst_year_return": -0.05257018165575644
  },
  "mode": "final",
  "named_periods_all": {
    "covid_crash_rebound": {
      "checks": {},
      "covered": true,
      "metrics": {
        "annual_turnover": 4.205180921052632,
        "best_year_return": 0.04664876210571722,
        "cagr": 0.0514389050373294,
        "calmar": 0.8683007281806886,
        "max_consecutive_negative_months": 3,
        "max_drawdown": -0.05924088667425975,
        "max_time_underwater_months": 5,
        "sharpe": 0.6093379806230337,
        "worst_year_return": 0.04664876210571722
      }
    },
    "gfc_crash": {
      "checks": {},
      "covered": true,
      "metrics": {
        "annual_turnover": 3.5808823529411757,
        "best_year_return": 0.02218327274620302,
        "cagr": 0.0032467429083811172,
        "calmar": 0.03982617616467505,
        "max_consecutive_negative_months": 3,
        "max_drawdown": -0.081522838018803,
        "max_time_underwater_months": 12,
        "sharpe": 0.08124929714418251,
        "worst_year_return": -0.017752229303996003
      }
    },
    "inflation_bear": {
      "checks": {},
      "covered": true,
      "metrics": {
        "annual_turnover": 1.4580838323353293,
        "best_year_return": -0.007165389270624933,
        "cagr": -0.007249439838487803,
        "calmar": -0.14962979092801718,
        "max_consecutive_negative_months": 3,
        "max_drawdown": -0.04844917441591101,
        "max_time_underwater_months": 10,
        "sharpe": -0.16669009165450507,
        "worst_year_return": -0.007165389270624933
      }
    },
    "post_gfc_recovery": {
      "checks": {},
      "covered": true,
      "metrics": {
        "annual_turnover": 5.118345771144278,
        "best_year_return": 0.13014687221204246,
        "cagr": 0.039944659867305665,
        "calmar": 0.34886621871707185,
        "max_consecutive_negative_months": 3,
        "max_drawdown": -0.11449850322051536,
        "max_time_underwater_months": 7,
        "sharpe": 0.4513830907935752,
        "worst_year_return": -0.035072510714654004
      }
    }
  },
  "param_stability_full": {
    "fold_rank_stability": {
      "default_rank_mean": 3.7142857142857144,
      "default_rank_per_fold": [
        8.0,
        5.0,
        2.0,
        5.0,
        2.0,
        2.0,
        2.0
      ],
      "default_rank_std": 2.1852940772540506,
      "default_wins_fold_count": 0,
      "kendalls_w": 0.22857142857142856,
      "n_folds": 7,
      "n_variants": 9
    },
    "local_param_stability": {
      "best_metric": 0.034347725416701884,
      "best_values": [
        3,
        5
      ],
      "default_in_plateau": true,
      "default_meets_threshold": true,
      "default_metric": 0.034347725416701884,
      "default_rank": 1,
      "default_values": [
        3,
        6
      ],
      "gap_to_best": 0.0,
      "metric_key": "wf_mean_cagr",
      "n_variants": 9,
      "param_cols": [
        "portfolio_risk_engine.top_n_risky",
        "portfolio_risk_engine.full_protective_max_n"
      ],
      "plateau_area_cells": 3,
      "plateau_area_fraction": 0.3333333333333333,
      "plateau_cols_covered": [
        5,
        6,
        7
      ],
      "plateau_rows_covered": [
        3
      ],
      "tolerance": 0.03
    },
    "param_stability": {
      "best": 0.034347725416701884,
      "best_variant_name": "gpm_v0__portfolio_risk_engine.top_n_risky=3_portfolio_risk_engine.full_protective_max_n=5",
      "metric_key": "wf_mean_cagr",
      "n_variants": 9,
      "relative_drop": 0.09999752021530837,
      "worst": 0.030913038049995376,
      "worst_variant_name": "gpm_v0__portfolio_risk_engine.top_n_risky=4_portfolio_risk_engine.full_protective_max_n=5"
    },
    "param_stability_check": {
      "max_relative_metric_drop_within_family": true
    },
    "sweep": [
      {
        "portfolio_risk_engine.full_protective_max_n": 5,
        "portfolio_risk_engine.top_n_risky": 2,
        "variant_name": "gpm_v0__portfolio_risk_engine.top_n_risky=2_portfolio_risk_engine.full_protective_max_n=5",
        "wf_fold_cagrs": [
          0.03495077044406991,
          0.05767535118611633,
          0.03783047977466958,
          0.00339578206608504,
          0.016777972401287977,
          0.0302717151351235,
          0.03770239274209897
        ],
        "wf_mean_cagr": 0.031229209107064473,
        "wf_mean_sharpe": 0.3947904778544372,
        "wf_min_cagr": 0.00339578206608504,
        "wf_windows": 7,
        "wf_worst_drawdown": -0.14625422039891134
      },
      {
        "portfolio_risk_engine.full_protective_max_n": 6,
        "portfolio_risk_engine.top_n_risky": 2,
        "variant_name": "gpm_v0__portfolio_risk_engine.top_n_risky=2_portfolio_risk_engine.full_protective_max_n=6",
        "wf_fold_cagrs": [
          0.03495077044406991,
          0.05767535118611633,
          0.03783047977466958,
          0.00339578206608504,
          0.016777972401287977,
          0.0302717151351235,
          0.03770239274209897
        ],
        "wf_mean_cagr": 0.031229209107064473,
        "wf_mean_sharpe": 0.3947904778544372,
        "wf_min_cagr": 0.00339578206608504,
        "wf_windows": 7,
        "wf_worst_drawdown": -0.14625422039891134
      },
      {
        "portfolio_risk_engine.full_protective_max_n": 7,
        "portfolio_risk_engine.top_n_risky": 2,
        "variant_name": "gpm_v0__portfolio_risk_engine.top_n_risky=2_portfolio_risk_engine.full_protective_max_n=7",
        "wf_fold_cagrs": [
          0.03495077044406991,
          0.05767535118611633,
          0.03783047977466958,
          0.00339578206608504,
          0.016777972401287977,
          0.0302717151351235,
          0.03770239274209897
        ],
        "wf_mean_cagr": 0.031229209107064473,
        "wf_mean_sharpe": 0.3947904778544372,
        "wf_min_cagr": 0.00339578206608504,
        "wf_windows": 7,
        "wf_worst_drawdown": -0.14625422039891134
      },
      {
        "portfolio_risk_engine.full_protective_max_n": 5,
        "portfolio_risk_engine.top_n_risky": 3,
        "variant_name": "gpm_v0__portfolio_risk_engine.top_n_risky=3_portfolio_risk_engine.full_protective_max_n=5",
        "wf_fold_cagrs": [
          0.03002062486857504,
          0.054897278490764645,
          0.038922189927776074,
          0.010213096892903506,
          0.027521401745553842,
          0.03852053129015176,
          0.04033895470118831
        ],
        "wf_mean_cagr": 0.034347725416701884,
        "wf_mean_sharpe": 0.49487106936823694,
        "wf_min_cagr": 0.010213096892903506,
        "wf_windows": 7,
        "wf_worst_drawdown": -0.1420058038077474
      },
      {
        "portfolio_risk_engine.full_protective_max_n": 6,
        "portfolio_risk_engine.top_n_risky": 3,
        "variant_name": "gpm_v0__portfolio_risk_engine.top_n_risky=3_portfolio_risk_engine.full_protective_max_n=6",