{
  "acceptance": {
    "max_annual_turnover": true,
    "max_consecutive_negative_months": true,
    "max_drawdown": true,
    "max_time_underwater_months": true,
    "min_cagr": true,
    "min_calmar": true,
    "min_sharpe": true
  },
  "metrics": {
    "annual_turnover": 4.336101104707012,
    "best_year_return": 0.14310182770502355,
    "cagr": 0.0453830498802128,
    "calmar": 0.32654510809979803,
    "max_consecutive_negative_months": 6,
    "max_drawdown": -0.13897942046751754,
    "max_time_underwater_months": 28,
    "sharpe": 0.5754092734613644,
    "worst_year_return": -0.04207470382080325
  },
  "metrics_pre_tax": {
    "annual_turnover": 4.336101104707012,
    "best_year_return": 0.17666892309262172,
    "cagr": 0.05534910781511915,
    "calmar": 0.41703841800083497,
    "max_consecutive_negative_months": 6,
    "max_drawdown": -0.1327194460415595,
    "max_time_underwater_months": 28,
    "sharpe": 0.6974920657607345,
    "worst_year_return": -0.04207470382080347
  },
  "mode": "final",
  "named_periods_all": {
    "covid_crash_rebound": {
      "checks": {},
      "covered": true,
      "metrics": {
        "annual_turnover": 4.205180921052632,
        "best_year_return": 0.05374304034296906,
        "cagr": 0.059282055005961176,
        "calmar": 1.0627753587951583,
        "max_consecutive_negative_months": 3,
        "max_drawdown": -0.05578041917829912,
        "max_time_underwater_months": 5,
        "sharpe": 0.6915698706840276,
        "worst_year_return": 0.05374304034296906
      }
    },
    "gfc_crash": {
      "checks": {},
      "covered": true,
      "metrics": {
        "annual_turnover": 3.5808823529411757,
        "best_year_return": 0.03215835457895411,
        "cagr": 0.011115696634186767,
        "calmar": 0.15319363103797276,
        "max_consecutive_negative_months": 3,
        "max_drawdown": -0.07255978305933275,
        "max_time_underwater_months": 12,
        "sharpe": 0.16449048933536203,
        "worst_year_return": -0.017752229303995892
      }
    },
    "inflation_bear": {
      "checks": {},
      "covered": true,
      "metrics": {
        "annual_turnover": 1.4580838323353293,
        "best_year_return": -0.005174410773172933,
        "cagr": -0.005235168617261476,
        "calmar": -0.10805485708219562,
        "max_consecutive_negative_months": 3,
        "max_drawdown": -0.04844917441590957,
        "max_time_underwater_months": 10,
        "sharpe": -0.11295501834654925,
        "worst_year_return": -0.005174410773172933
      }
    },
    "post_gfc_recovery": {
      "checks": {},
      "covered": true,
      "metrics": {
        "annual_turnover": 5.118345771144278,
        "best_year_return": 0.14310182770502355,
        "cagr": 0.0528096899357986,
        "calmar": 0.47701443875266236,
        "max_consecutive_negative_months": 3,
        "max_drawdown": -0.11070878708386656,
        "max_time_underwater_months": 7,
        "sharpe": 0.5793658340971573,
        "worst_year_return": -0.02438319644562459
      }
    }
  },
  "param_stability_full": {
    "fold_rank_stability": {
      "default_rank_mean": 3.7142857142857144,
      "default_rank_per_fold": [
        5.0,
        5.0,
        5.0,
        5.0,
        2.0,
        2.0,
        2.0
      ],
      "default_rank_std": 1.4846149779161804,
      "default_wins_fold_count": 0,
      "kendalls_w": 0.33877551020408164,
      "n_folds": 7,
      "n_variants": 9
    },
    "local_param_stability": {
      "best_metric": 0.04779730122790325,
      "best_values": [
        3,
        5
      ],
      "default_in_plateau": true,
      "default_meets_threshold": true,
      "default_metric": 0.04779730122790325,
      "default_rank": 1,
      "default_values": [
        3,
        6
      ],
      "gap_to_best": 0.0,
      "metric_key": "wf_mean_cagr",
      "n_variants": 9,
      "param_cols": [
        "portfolio_risk_engine.top_n_risky",
        "portfolio_risk_engine.full_protective_max_n"
      ],
      "plateau_area_cells": 3,
      "plateau_area_fraction": 0.3333333333333333,
      "plateau_cols_covered": [
        5,
        6,
        7
      ],
      "plateau_rows_covered": [
        3
      ],
      "tolerance": 0.03
    },
    "param_stability": {
      "best": 0.04779730122790325,
      "best_variant_name": "gpm_v0__portfolio_risk_engine.top_n_risky=3_portfolio_risk_engine.full_protective_max_n=5",
      "metric_key": "wf_mean_cagr",
      "n_variants": 9,
      "relative_drop": 0.08464342897408304,
      "worst": 0.04375157375626637,
      "worst_variant_name": "gpm_v0__portfolio_risk_engine.top_n_risky=4_portfolio_risk_engine.full_protective_max_n=5"
    },
    "param_stability_check": {
      "max_relative_metric_drop_within_family": true
    },
    "sweep": [
      {
        "portfolio_risk_engine.full_protective_max_n": 5,
        "portfolio_risk_engine.top_n_risky": 2,
        "variant_name": "gpm_v0__portfolio_risk_engine.top_n_risky=2_portfolio_risk_engine.full_protective_max_n=5",
        "wf_fold_cagrs": [
          0.04921607116406679,
          0.07399385757904797,
          0.05230116888758962,
          0.0170808838154628,
          0.03132581098215792,
          0.04468132189709073,
          0.051741855637116974
        ],
        "wf_mean_cagr": 0.04576299570893326,
        "wf_mean_sharpe": 0.5688660298119196,
        "wf_min_cagr": 0.0170808838154628,
        "wf_windows": 7,
        "wf_worst_drawdown": -0.1436826969663777
      },
      {
        "portfolio_risk_engine.full_protective_max_n": 6,
        "portfolio_risk_engine.top_n_risky": 2,
        "variant_name": "gpm_v0__portfolio_risk_engine.top_n_risky=2_portfolio_risk_engine.full_protective_max_n=6",
        "wf_fold_cagrs": [
          0.04921607116406679,
          0.07399385757904797,
          0.05230116888758962,
          0.0170808838154628,
          0.03132581098215792,
          0.04468132189709073,
          0.051741855637116974
        ],
        "wf_mean_cagr": 0.04576299570893326,
        "wf_mean_sharpe": 0.5688660298119196,
        "wf_min_cagr": 0.0170808838154628,
        "wf_windows": 7,
        "wf_worst_drawdown": -0.1436826969663777
      },
      {
        "portfolio_risk_engine.full_protective_max_n": 7,
        "portfolio_risk_engine.top_n_risky": 2,
        "variant_name": "gpm_v0__portfolio_risk_engine.top_n_risky=2_portfolio_risk_engine.full_protective_max_n=7",
        "wf_fold_cagrs": [
          0.04921607116406679,
          0.07399385757904797,
          0.05230116888758962,
          0.0170808838154628,
          0.03132581098215792,
          0.04468132189709073,
          0.051741855637116974
        ],
        "wf_mean_cagr": 0.04576299570893326,
        "wf_mean_sharpe": 0.5688660298119196,
        "wf_min_cagr": 0.0170808838154628,
        "wf_windows": 7,
        "wf_worst_drawdown": -0.1436826969663777
      },
      {
        "portfolio_risk_engine.full_protective_max_n": 5,
        "portfolio_risk_engine.top_n_risky": 3,
        "variant_name": "gpm_v0__portfolio_risk_engine.top_n_risky=3_portfolio_risk_engine.full_protective_max_n=5",
        "wf_fold_cagrs": [
          0.044374689449514726,
          0.0702229076978973,
          0.0522808382745894,
          0.022792595010010297,
          0.040322311821290535,
          0.05123223990529646,
          0.05335552643672403
        ],
        "wf_mean_cagr": 0.04779730122790325,
        "wf_mean_sharpe": 0.6771282522251859,
        "wf_min_cagr": 0.022792595010010297,
        "wf_windows": 7,
        "wf_worst_drawdown": -0.12974591305212146
      },
      {
        "portfolio_risk_engine.full_protective_max_n": 6,
        "portfolio_risk_engine.top_n_risky": 3,
        "variant_name": "gpm_v0__portfolio_risk_engine.top_n_risky=3_portfolio_risk_engine.full_protective_max_n=6",