{
  "acceptance": {
    "max_annual_turnover": true,
    "max_consecutive_negative_months": true,
    "max_drawdown": true,
    "max_time_underwater_months": true,
    "min_cagr": true,
    "min_calmar": true,
    "min_sharpe": true
  },
  "metrics": {
    "annual_turnover": 4.336101104707012,
    "best_year_return": 0.15025417962069865,
    "cagr": 0.05386439700509449,
    "calmar": 0.41432997085086726,
    "max_consecutive_negative_months": 6,
    "max_drawdown": -0.13000362222042172,
    "max_time_underwater_months": 28,
    "sharpe": 0.6751767886453053,
    "worst_year_return": -0.03311049164186408
  },
  "metrics_pre_tax": {
    "annual_turnover": 4.336101104707012,
    "best_year_return": 0.17666892309262172,
    "cagr": 0.05534910781511915,
    "calmar": 0.41703841800083497,
    "max_consecutive_negative_months": 6,
    "max_drawdown": -0.1327194460415595,
    "max_time_underwater_months": 28,
    "sharpe": 0.6974920657607345,
    "worst_year_return": -0.04207470382080347
  },
  "mode": "final"
}
