{
  "acceptance": {
    "max_annual_turnover": true,
    "max_consecutive_negative_months": true,
    "max_drawdown": true,
    "max_time_underwater_months": true,
    "min_cagr": true,
    "min_calmar": true,
    "min_sharpe": true
  },
  "metrics": {
    "annual_turnover": 4.073694171082513,
    "best_year_return": 0.1402949165226417,
    "cagr": 0.054690112524103496,
    "calmar": 0.3932400388377501,
    "max_consecutive_negative_months": 5,
    "max_drawdown": -0.1390756462280498,
    "max_time_underwater_months": 21,
    "sharpe": 0.6273425726911103,
    "worst_year_return": -0.045770279078249154
  },
  "metrics_pre_tax": {
    "annual_turnover": 4.073694171082513,
    "best_year_return": 0.1546738166476882,
    "cagr": 0.05635837034876445,
    "calmar": 0.41361383832715076,
    "max_consecutive_negative_months": 5,
    "max_drawdown": -0.13625842543543576,
    "max_time_underwater_months": 21,
    "sharpe": 0.6485110801016655,
    "worst_year_return": -0.045770279078249154
  },
  "mode": "final"
}
