{
  "acceptance": {
    "max_annual_turnover": true,
    "max_consecutive_negative_months": true,
    "max_drawdown": true,
    "max_time_underwater_months": false,
    "min_cagr": true,
    "min_calmar": true,
    "min_sharpe": true
  },
  "metrics": {
    "annual_turnover": 3.681478377472343,
    "best_year_return": 0.13091398944782573,
    "cagr": 0.055558630098350825,
    "calmar": 0.6091633156510398,
    "max_consecutive_negative_months": 3,
    "max_drawdown": -0.09120481925109503,
    "max_time_underwater_months": 42,
    "sharpe": 0.6985544311710069,
    "worst_year_return": -0.037528265876212386
  },
  "metrics_pre_tax": {
    "annual_turnover": 3.681478377472343,
    "best_year_return": 0.16162220919484693,
    "cagr": 0.06595518898808073,
    "calmar": 0.8008453830163762,
    "max_consecutive_negative_months": 3,
    "max_drawdown": -0.08235695726890646,
    "max_time_underwater_months": 28,
    "sharpe": 0.8314628324205315,
    "worst_year_return": -0.03752826587621261
  },
  "mode": "final",
  "named_periods_all": {
    "covid_crash_rebound": {
      "checks": {},
      "covered": true,
      "metrics": {
        "annual_turnover": 3.6845394736842105,
        "best_year_return": 0.07465883605323098,
        "cagr": 0.08243639125374669,
        "calmar": 1.5052867257304885,
        "max_consecutive_negative_months": 2,
        "max_drawdown": -0.0547645773025347,
        "max_time_underwater_months": 4,
        "sharpe": 0.8634499732342829,
        "worst_year_return": 0.07465883605323098
      }
    },
    "gfc_crash": {
      "checks": {},
      "covered": false,
      "metrics": null
    },
    "inflation_bear": {
      "checks": {},
      "covered": true,
      "metrics": {
        "annual_turnover": 2.187125748502994,
        "best_year_return": -0.035212776539908286,
        "cagr": -0.035619859456693104,
        "calmar": -0.6502555869374375,
        "max_consecutive_negative_months": 3,
        "max_drawdown": -0.05477824438918688,
        "max_time_underwater_months": 10,
        "sharpe": -0.6767295077900392,
        "worst_year_return": -0.035212776539908286
      }
    },
    "post_gfc_recovery": {
      "checks": {},
      "covered": false,
      "metrics": null
    }
  },
  "param_stability_full": {
    "fold_rank_stability": {
      "default_rank_mean": 5.5,
      "default_rank_per_fold": [
        7.0,
        4.0,
        5.0,
        6.0
      ],
      "default_rank_std": 1.118033988749895,
      "default_wins_fold_count": 0,
      "kendalls_w": 0.7291666666666666,
      "n_folds": 4,
      "n_variants": 9
    },
    "local_param_stability": {
      "best_metric": 0.1102936418019847,
      "best_values": [
        4,
        6
      ],
      "default_in_plateau": false,
      "default_meets_threshold": false,
      "default_metric": 0.09464701256757646,
      "default_rank": 5,
      "default_values": [
        3,
        5
      ],
      "gap_to_best": 0.14186338377056548,
      "metric_key": "wf_mean_cagr",
      "n_variants": 9,
      "param_cols": [
        "portfolio_risk_engine.top_n_risky",
        "portfolio_risk_engine.full_protective_max_n"
      ],
      "plateau_area_cells": 0,
      "plateau_area_fraction": 0.0,
      "plateau_cols_covered": [],
      "plateau_rows_covered": [],
      "tolerance": 0.03
    },
    "param_stability": {
      "best": 0.1102936418019847,
      "best_variant_name": "gpm_uk_v0__portfolio_risk_engine.top_n_risky=4_portfolio_risk_engine.full_protective_max_n=6",
      "metric_key": "wf_mean_cagr",
      "n_variants": 9,
      "relative_drop": 0.29664745432652695,
      "worst": 0.07757531373302412,
      "worst_variant_name": "gpm_uk_v0__portfolio_risk_engine.top_n_risky=2_portfolio_risk_engine.full_protective_max_n=4"
    },
    "param_stability_check": {
      "max_relative_metric_drop_within_family": true
    },
    "sweep": [
      {
        "portfolio_risk_engine.full_protective_max_n": 4,
        "portfolio_risk_engine.top_n_risky": 2,
        "variant_name": "gpm_uk_v0__portfolio_risk_engine.top_n_risky=2_portfolio_risk_engine.full_protective_max_n=4",
        "wf_fold_cagrs": [
          0.08944951573311655,
          0.08933284862743474,
          0.08382731313989944,
          0.04769157743164576
        ],
        "wf_mean_cagr": 0.07757531373302412,
        "wf_mean_sharpe": 0.8870562876685696,
        "wf_min_cagr": 0.04769157743164576,
        "wf_windows": 4,
        "wf_worst_drawdown": -0.11257720684896755
      },
      {
        "portfolio_risk_engine.full_protective_max_n": 5,
        "portfolio_risk_engine.top_n_risky": 2,
        "variant_name": "gpm_uk_v0__portfolio_risk_engine.top_n_risky=2_portfolio_risk_engine.full_protective_max_n=5",
        "wf_fold_cagrs": [
          0.08944951573311655,
          0.08933284862743474,
          0.08382731313989944,
          0.04769157743164576
        ],
        "wf_mean_cagr": 0.07757531373302412,
        "wf_mean_sharpe": 0.8870562876685696,
        "wf_min_cagr": 0.04769157743164576,
        "wf_windows": 4,
        "wf_worst_drawdown": -0.11257720684896755
      },
      {
        "portfolio_risk_engine.full_protective_max_n": 6,
        "portfolio_risk_engine.top_n_risky": 2,
        "variant_name": "gpm_uk_v0__portfolio_risk_engine.top_n_risky=2_portfolio_risk_engine.full_protective_max_n=6",
        "wf_fold_cagrs": [
          0.11034101711430377,
          0.09578532566713616,
          0.08413500498242699,
          0.047691577431646426
        ],
        "wf_mean_cagr": 0.08448823129887834,
        "wf_mean_sharpe": 0.9727923427357335,
        "wf_min_cagr": 0.047691577431646426,
        "wf_windows": 4,
        "wf_worst_drawdown": -0.1125772068489671
      },
      {
        "portfolio_risk_engine.full_protective_max_n": 4,
        "portfolio_risk_engine.top_n_risky": 3,
        "variant_name": "gpm_uk_v0__portfolio_risk_engine.top_n_risky=3_portfolio_risk_engine.full_protective_max_n=4",
        "wf_fold_cagrs": [
          0.09629580658809545,
          0.1093802485395523,
          0.10577240595310933,
          0.06713958918954877
        ],
        "wf_mean_cagr": 0.09464701256757646,
        "wf_mean_sharpe": 1.1701273227544082,
        "wf_min_cagr": 0.06713958918954877,
        "wf_windows": 4,
        "wf_worst_drawdown": -0.05476457730253459
      },
      {
        "portfolio_risk_engine.full_protective_max_n": 5,
        "portfolio_risk_engine.top_n_risky": 3,
        "variant_name": "gpm_uk_v0__portfolio_risk_engine.top_n_risky=3_portfolio_risk_engine.full_protective_max_n=5",
        "wf_fold_cagrs": [
          0.09629580658809545,
          0.1093802485395523,
          0.10577240595310933,
          0.06713958918954877
        ],
        "wf_mean_cagr": 0.09464701256757646,
        "wf_mean_sharpe": 1.1701273227544082,
        "wf_min_cagr": 0.06713958918954877,
        "wf_windows": 4,
        "wf_worst_drawdown": -0.05476457730253459
      },
      {
        "portfolio_risk_engine.full_protective_max_n": 6,
        "portfolio_risk_engine.top_n_risky": 3,
        "variant_name": "gpm_uk_v0__portfolio_risk_engine.top_n_risky=3_portfolio_risk_engine.full_protective_max_n=6",
        "wf_fold_cagrs": [
          0.11051738375029685,
          0.11253829245747515,
          0.10496072984425142,
          0.06713958918954921
        ],
        "wf_mean_cagr": 0.09878899881039316,
        "wf_mean_sharpe": 1.226557586777346,
        "wf_min_cagr": 0.06713958918954921,
        "wf_windows": 4,
        "wf_worst_drawdown": -0.05476457730253448
      },
      {
        "portfolio_risk_engine.full_protective_max_n": 4,
        "portfolio_risk_engine.top_n_risky": 4,
        "variant_name": "gpm_uk_v0__portfolio_risk_engine.top_n_risky=4_portfolio_risk_engine.full_protective_max_n=4",
        "wf_fold_cagrs": [
          0.09928462730479315,
          0.10761995630668619,
          0.11493135838264767,
          0.10587424131977285
        ],
        "wf_mean_cagr": 0.10692754582847497,