{
  "acceptance": {
    "max_annual_turnover": true,
    "max_consecutive_negative_months": true,
    "max_drawdown": true,
    "max_time_underwater_months": false,
    "min_cagr": true,
    "min_calmar": false,
    "min_sharpe": false
  },
  "metrics": {
    "annual_turnover": 4.073694171082513,
    "best_year_return": 0.10765226830010954,
    "cagr": 0.034974087041478086,
    "calmar": 0.24940419746840586,
    "max_consecutive_negative_months": 5,
    "max_drawdown": -0.1402305470256111,
    "max_time_underwater_months": 37,
    "sharpe": 0.4210971783308551,
    "worst_year_return": -0.05148653240701839
  },
  "metrics_pre_tax": {
    "annual_turnover": 4.073694171082513,
    "best_year_return": 0.13290403493840652,
    "cagr": 0.0436672244886358,
    "calmar": 0.3144869916229615,
    "max_consecutive_negative_months": 5,
    "max_drawdown": -0.13885224397767282,
    "max_time_underwater_months": 36,
    "sharpe": 0.5149725431672526,
    "worst_year_return": -0.05148653240701806
  },
  "mode": "final",
  "named_periods_all": {
    "covid_crash_rebound": {
      "checks": {},
      "covered": true,
      "metrics": {
        "annual_turnover": 3.704564144736842,
        "best_year_return": 0.0478893959654445,
        "cagr": 0.052810117075683394,
        "calmar": 1.12516139453236,
        "max_consecutive_negative_months": 2,
        "max_drawdown": -0.046935592824558614,
        "max_time_underwater_months": 4,
        "sharpe": 0.6109459058390523,
        "worst_year_return": 0.0478893959654445
      }
    },
    "gfc_crash": {
      "checks": {},
      "covered": true,
      "metrics": {
        "annual_turnover": 4.5092592592592595,
        "best_year_return": 0.029848778058956693,
        "cagr": 0.015505348467701241,
        "calmar": 0.24183907354689013,
        "max_consecutive_negative_months": 2,
        "max_drawdown": -0.06411432296814068,
        "max_time_underwater_months": 3,
        "sharpe": 0.20343968277773772,
        "worst_year_return": -0.017752229303995004
      }
    },
    "inflation_bear": {
      "checks": {},
      "covered": true,
      "metrics": {
        "annual_turnover": 2.4605164670658684,
        "best_year_return": -0.0058593270908006145,
        "cagr": -0.005928103222299308,
        "calmar": -0.09149189235990983,
        "max_consecutive_negative_months": 3,
        "max_drawdown": -0.06479375460919967,
        "max_time_underwater_months": 7,
        "sharpe": -0.055917804988120455,
        "worst_year_return": -0.0058593270908006145
      }
    },
    "post_gfc_recovery": {
      "checks": {},
      "covered": true,
      "metrics": {
        "annual_turnover": 3.8614738805970146,
        "best_year_return": 0.10460684182498525,
        "cagr": 0.05665002115775497,
        "calmar": 0.4442056212332447,
        "max_consecutive_negative_months": 3,
        "max_drawdown": -0.1275310767128024,
        "max_time_underwater_months": 17,
        "sharpe": 0.5189716361452548,
        "worst_year_return": 0.007825355672646417
      }
    }
  },
  "param_stability_full": {
    "fold_rank_stability": {
      "default_rank_mean": 5.2,
      "default_rank_per_fold": [
        4.0,
        4.0,
        6.0,
        5.0,
        7.0
      ],
      "default_rank_std": 1.16619037896906,
      "default_wins_fold_count": 0,
      "kendalls_w": 0.8066666666666666,
      "n_folds": 5,
      "n_variants": 9
    },
    "local_param_stability": {
      "best_metric": 0.04250629103284953,
      "best_values": [
        2,
        2
      ],
      "default_in_plateau": false,
      "default_meets_threshold": false,
      "default_metric": 0.033060416523552495,
      "default_rank": 4,
      "default_values": [
        3,
        3
      ],
      "gap_to_best": 0.22222297640594224,
      "metric_key": "wf_mean_cagr",
      "n_variants": 9,
      "param_cols": [
        "portfolio_risk_engine.top_n_risky",
        "portfolio_risk_engine.full_protective_max_n"
      ],
      "plateau_area_cells": 0,
      "plateau_area_fraction": 0.0,
      "plateau_cols_covered": [],
      "plateau_rows_covered": [],
      "tolerance": 0.03
    },
    "param_stability": {
      "best": 0.04250629103284953,
      "best_variant_name": "gpm_lite_7_v0__portfolio_risk_engine.top_n_risky=2_portfolio_risk_engine.full_protective_max_n=2",
      "metric_key": "wf_mean_cagr",
      "n_variants": 9,
      "relative_drop": 0.461310762472847,
      "worst": 0.022897681506592972,
      "worst_variant_name": "gpm_lite_7_v0__portfolio_risk_engine.top_n_risky=4_portfolio_risk_engine.full_protective_max_n=4"
    },
    "param_stability_check": {
      "max_relative_metric_drop_within_family": false
    },
    "sweep": [
      {
        "portfolio_risk_engine.full_protective_max_n": 2,
        "portfolio_risk_engine.top_n_risky": 2,
        "variant_name": "gpm_lite_7_v0__portfolio_risk_engine.top_n_risky=2_portfolio_risk_engine.full_protective_max_n=2",
        "wf_fold_cagrs": [
          0.06327446733517017,
          0.0301726851384867,
          0.02295515329590958,
          0.052358566773607285,
          0.04377058262107392
        ],
        "wf_mean_cagr": 0.04250629103284953,
        "wf_mean_sharpe": 0.585118431617337,
        "wf_min_cagr": 0.02295515329590958,
        "wf_windows": 5,
        "wf_worst_drawdown": -0.11549633887364519
      },
      {
        "portfolio_risk_engine.full_protective_max_n": 3,
        "portfolio_risk_engine.top_n_risky": 2,
        "variant_name": "gpm_lite_7_v0__portfolio_risk_engine.top_n_risky=2_portfolio_risk_engine.full_protective_max_n=3",
        "wf_fold_cagrs": [
          0.06327446733517017,
          0.0301726851384867,
          0.02295515329590958,
          0.052358566773607285,
          0.04377058262107392
        ],
        "wf_mean_cagr": 0.04250629103284953,
        "wf_mean_sharpe": 0.585118431617337,
        "wf_min_cagr": 0.02295515329590958,
        "wf_windows": 5,
        "wf_worst_drawdown": -0.11549633887364519
      },
      {
        "portfolio_risk_engine.full_protective_max_n": 4,
        "portfolio_risk_engine.top_n_risky": 2,
        "variant_name": "gpm_lite_7_v0__portfolio_risk_engine.top_n_risky=2_portfolio_risk_engine.full_protective_max_n=4",
        "wf_fold_cagrs": [
          0.054611272879343975,
          0.020450045274044815,
          0.01349443593201416,
          0.039911579059224156,
          0.041779472470211854
        ],
        "wf_mean_cagr": 0.03404936112296779,
        "wf_mean_sharpe": 0.4722575686764155,
        "wf_min_cagr": 0.01349443593201416,
        "wf_windows": 5,
        "wf_worst_drawdown": -0.1154963388736453
      },
      {
        "portfolio_risk_engine.full_protective_max_n": 2,
        "portfolio_risk_engine.top_n_risky": 3,
        "variant_name": "gpm_lite_7_v0__portfolio_risk_engine.top_n_risky=3_portfolio_risk_engine.full_protective_max_n=2",
        "wf_fold_cagrs": [
          0.0615272123557713,
          0.02180692108801585,
          0.015947626694868156,
          0.03437648218500744,
          0.03164384029409972
        ],
        "wf_mean_cagr": 0.033060416523552495,
        "wf_mean_sharpe": 0.46436264521964554,
        "wf_min_cagr": 0.015947626694868156,
        "wf_windows": 5,
        "wf_worst_drawdown": -0.1275310767128025
      },
      {
        "portfolio_risk_engine.full_protective_max_n": 3,
        "portfolio_risk_engine.top_n_risky": 3,
        "variant_name": "gpm_lite_7_v0__portfolio_risk_engine.top_n_risky=3_portfolio_risk_engine.full_protective_max_n=3",
        "wf_fold_cagrs": [
          0.0615272123557713,
          0.02180692108801585,
          0.015947626694868156,
          0.03437648218500744,
          0.03164384029409972
        ],
        "wf_mean_cagr": 0.033060416523552495,
        "wf_mean_sharpe": 0.46436264521964554,
        "wf_min_cagr": 0.015947626694868156,
        "wf_windows": 5,