{
  "acceptance": {
    "max_annual_turnover": true,
    "max_consecutive_negative_months": true,
    "max_drawdown": true,
    "max_time_underwater_months": false,
    "min_cagr": true,
    "min_calmar": true,
    "min_sharpe": true
  },
  "metrics": {
    "annual_turnover": 4.030631399317406,
    "best_year_return": 0.13725073012501432,
    "cagr": 0.04773884235075054,
    "calmar": 0.368652894169154,
    "max_consecutive_negative_months": 5,
    "max_drawdown": -0.12949536842330034,
    "max_time_underwater_months": 47,
    "sharpe": 0.5969960971400332,
    "worst_year_return": -0.03752826587621294
  },
  "metrics_pre_tax": {
    "annual_turnover": 4.030631399317406,
    "best_year_return": 0.16944534583335114,
    "cagr": 0.057695490523434145,
    "calmar": 0.4696785578312014,
    "max_consecutive_negative_months": 5,
    "max_drawdown": -0.1228403757451696,
    "max_time_underwater_months": 42,
    "sharpe": 0.718039841394896,
    "worst_year_return": -0.03752826587621305
  },
  "mode": "final",
  "named_periods_all": {
    "covid_crash_rebound": {
      "checks": {},
      "covered": true,
      "metrics": {
        "annual_turnover": 3.6845394736842105,
        "best_year_return": 0.07465883605323143,
        "cagr": 0.08243639125374713,
        "calmar": 1.5052867257305058,
        "max_consecutive_negative_months": 2,
        "max_drawdown": -0.05476457730253437,
        "max_time_underwater_months": 4,
        "sharpe": 0.8691445770537856,
        "worst_year_return": 0.07465883605323143
      }
    },
    "gfc_crash": {
      "checks": {},
      "covered": true,
      "metrics": {
        "annual_turnover": 4.411647058823529,
        "best_year_return": 0.0578989500899314,
        "cagr": 0.03342004237540208,
        "calmar": 0.4878038927613644,
        "max_consecutive_negative_months": 2,
        "max_drawdown": -0.06851122525123288,
        "max_time_underwater_months": 3,
        "sharpe": 0.40882948955642884,
        "worst_year_return": -0.015304958320511819
      }
    },
    "inflation_bear": {
      "checks": {},
      "covered": true,
      "metrics": {
        "annual_turnover": 2.187125748502994,
        "best_year_return": -0.03521277653990906,
        "cagr": -0.03561985945669388,
        "calmar": -0.6502555869374477,
        "max_consecutive_negative_months": 3,
        "max_drawdown": -0.054778244389187214,
        "max_time_underwater_months": 10,
        "sharpe": -0.6972626471572748,
        "worst_year_return": -0.03521277653990906
      }
    },
    "post_gfc_recovery": {
      "checks": {},
      "covered": true,
      "metrics": {
        "annual_turnover": 4.597425373134327,
        "best_year_return": 0.13725073012501432,
        "cagr": 0.038749326674991424,
        "calmar": 0.35865090851861114,
        "max_consecutive_negative_months": 3,
        "max_drawdown": -0.10804190301662275,
        "max_time_underwater_months": 15,
        "sharpe": 0.4399271460952376,
        "worst_year_return": -0.01952275108804924
      }
    }
  },
  "param_stability_full": {
    "fold_rank_stability": {
      "default_rank_mean": 4.8,
      "default_rank_per_fold": [
        5.0,
        6.0,
        8.0,
        2.0,
        3.0
      ],
      "default_rank_std": 2.1354156504062622,
      "default_wins_fold_count": 0,
      "kendalls_w": 0.13066666666666665,
      "n_folds": 5,
      "n_variants": 9
    },
    "local_param_stability": {
      "best_metric": 0.05873842543526364,
      "best_values": [
        2,
        4
      ],
      "default_in_plateau": false,
      "default_meets_threshold": false,
      "default_metric": 0.053245753540314134,
      "default_rank": 4,
      "default_values": [
        3,
        5
      ],
      "gap_to_best": 0.09351071048036605,
      "metric_key": "wf_mean_cagr",
      "n_variants": 9,
      "param_cols": [
        "portfolio_risk_engine.top_n_risky",
        "portfolio_risk_engine.full_protective_max_n"
      ],
      "plateau_area_cells": 0,
      "plateau_area_fraction": 0.0,
      "plateau_cols_covered": [],
      "plateau_rows_covered": [],
      "tolerance": 0.03
    },
    "param_stability": {
      "best": 0.05873842543526364,
      "best_variant_name": "gpm_mid_10_v0__portfolio_risk_engine.top_n_risky=2_portfolio_risk_engine.full_protective_max_n=4",
      "metric_key": "wf_mean_cagr",
      "n_variants": 9,
      "relative_drop": 0.1269053695372196,
      "worst": 0.05128420384936709,
      "worst_variant_name": "gpm_mid_10_v0__portfolio_risk_engine.top_n_risky=4_portfolio_risk_engine.full_protective_max_n=4"
    },
    "param_stability_check": {
      "max_relative_metric_drop_within_family": true
    },
    "sweep": [
      {
        "portfolio_risk_engine.full_protective_max_n": 4,
        "portfolio_risk_engine.top_n_risky": 2,
        "variant_name": "gpm_mid_10_v0__portfolio_risk_engine.top_n_risky=2_portfolio_risk_engine.full_protective_max_n=4",
        "wf_fold_cagrs": [
          0.09028898713104971,
          0.07088051806147422,
          0.041372739947908244,
          0.04954820173953012,
          0.041601680296355914
        ],
        "wf_mean_cagr": 0.05873842543526364,
        "wf_mean_sharpe": 0.7820855095276183,
        "wf_min_cagr": 0.041372739947908244,
        "wf_windows": 5,
        "wf_worst_drawdown": -0.12917315793536943
      },
      {
        "portfolio_risk_engine.full_protective_max_n": 5,
        "portfolio_risk_engine.top_n_risky": 2,
        "variant_name": "gpm_mid_10_v0__portfolio_risk_engine.top_n_risky=2_portfolio_risk_engine.full_protective_max_n=5",
        "wf_fold_cagrs": [
          0.09028898713104971,
          0.07088051806147422,
          0.041372739947908244,
          0.04954820173953012,
          0.041601680296355914
        ],
        "wf_mean_cagr": 0.05873842543526364,
        "wf_mean_sharpe": 0.7820855095276183,
        "wf_min_cagr": 0.041372739947908244,
        "wf_windows": 5,
        "wf_worst_drawdown": -0.12917315793536943
      },
      {
        "portfolio_risk_engine.full_protective_max_n": 6,
        "portfolio_risk_engine.top_n_risky": 2,
        "variant_name": "gpm_mid_10_v0__portfolio_risk_engine.top_n_risky=2_portfolio_risk_engine.full_protective_max_n=6",
        "wf_fold_cagrs": [
          0.0870065246239069,
          0.06803731752190756,
          0.039095876940308694,
          0.04733610587365522,
          0.043032338364003886
        ],
        "wf_mean_cagr": 0.05690163266475645,
        "wf_mean_sharpe": 0.7604584189192513,
        "wf_min_cagr": 0.039095876940308694,
        "wf_windows": 5,
        "wf_worst_drawdown": -0.12917315793536932
      },
      {
        "portfolio_risk_engine.full_protective_max_n": 4,
        "portfolio_risk_engine.top_n_risky": 3,
        "variant_name": "gpm_mid_10_v0__portfolio_risk_engine.top_n_risky=3_portfolio_risk_engine.full_protective_max_n=4",
        "wf_fold_cagrs": [
          0.06794381096694724,
          0.0482224353823828,
          0.036428840230779524,
          0.06156752540036026,
          0.05206615572110085
        ],
        "wf_mean_cagr": 0.053245753540314134,
        "wf_mean_sharpe": 0.7971006186200236,
        "wf_min_cagr": 0.036428840230779524,
        "wf_windows": 5,
        "wf_worst_drawdown": -0.11745163078864918
      },
      {
        "portfolio_risk_engine.full_protective_max_n": 5,
        "portfolio_risk_engine.top_n_risky": 3,
        "variant_name": "gpm_mid_10_v0__portfolio_risk_engine.top_n_risky=3_portfolio_risk_engine.full_protective_max_n=5",
        "wf_fold_cagrs": [
          0.06794381096694724,
          0.0482224353823828,
          0.036428840230779524,
          0.06156752540036026,
          0.05206615572110085
        ],
        "wf_mean_cagr": 0.053245753540314134,
        "wf_mean_sharpe": 0.7971006186200236,
        "wf_min_cagr": 0.036428840230779524,
        "wf_windows": 5,