{
  "acceptance": {
    "max_annual_turnover": true,
    "max_consecutive_negative_months": true,
    "max_drawdown": true,
    "max_time_underwater_months": false,
    "min_cagr": true,
    "min_calmar": false,
    "min_sharpe": true
  },
  "metrics": {
    "annual_turnover": 4.387293799772469,
    "best_year_return": 0.1025000927103239,
    "cagr": 0.0336254763382684,
    "calmar": 0.23411838162180032,
    "max_consecutive_negative_months": 5,
    "max_drawdown": -0.14362595583198456,
    "max_time_underwater_months": 48,
    "sharpe": 0.45068893275000016,
    "worst_year_return": -0.05125672223639288
  },
  "metrics_pre_tax": {
    "annual_turnover": 4.387293799772469,
    "best_year_return": 0.12654332433373328,
    "cagr": 0.04077616688434582,
    "calmar": 0.3066085789687854,
    "max_consecutive_negative_months": 5,
    "max_drawdown": -0.1329909522476117,
    "max_time_underwater_months": 37,
    "sharpe": 0.5403221513417975,
    "worst_year_return": -0.05125672223639288
  },
  "mode": "final",
  "named_periods_all": {
    "covid_crash_rebound": {
      "checks": {},
      "covered": true,
      "metrics": {
        "annual_turnover": 4.004934210526315,
        "best_year_return": 0.05473284632230668,
        "cagr": 0.060376766130388004,
        "calmar": 1.1127494329709426,
        "max_consecutive_negative_months": 3,
        "max_drawdown": -0.05425908505672061,
        "max_time_underwater_months": 5,
        "sharpe": 0.7061202564482013,
        "worst_year_return": 0.05473284632230668
      }
    },
    "gfc_crash": {
      "checks": {},
      "covered": true,
      "metrics": {
        "annual_turnover": 4.010588235294118,
        "best_year_return": 0.025467611179844862,
        "cagr": 0.005839280275850012,
        "calmar": 0.08794007411324378,
        "max_consecutive_negative_months": 3,
        "max_drawdown": -0.06640067494519675,
        "max_time_underwater_months": 12,
        "sharpe": 0.1088047755854975,
        "worst_year_return": -0.01775222930399456
      }
    },
    "inflation_bear": {
      "checks": {},
      "covered": true,
      "metrics": {
        "annual_turnover": 1.9684131736526944,
        "best_year_return": -0.011486809178712698,
        "cagr": -0.0116212528671642,
        "calmar": -0.23831698099918824,
        "max_consecutive_negative_months": 3,
        "max_drawdown": -0.048763847286248496,
        "max_time_underwater_months": 10,
        "sharpe": -0.28390337481116873,
        "worst_year_return": -0.011486809178712698
      }
    },
    "post_gfc_recovery": {
      "checks": {},
      "covered": true,
      "metrics": {
        "annual_turnover": 5.0880597014925355,
        "best_year_return": 0.09405787670461985,
        "cagr": 0.03222985476349405,
        "calmar": 0.3184278126466955,
        "max_consecutive_negative_months": 3,
        "max_drawdown": -0.10121557691712679,
        "max_time_underwater_months": 15,
        "sharpe": 0.37915373462507734,
        "worst_year_return": -0.033734793582193334
      }
    }
  },
  "param_stability_full": {
    "fold_rank_stability": {
      "default_rank_mean": 5.0,
      "default_rank_per_fold": [
        6.0,
        6.0,
        2.0,
        5.0,
        6.0
      ],
      "default_rank_std": 1.5491933384829668,
      "default_wins_fold_count": 0,
      "kendalls_w": 0.584,
      "n_folds": 5,
      "n_variants": 9
    },
    "local_param_stability": {
      "best_metric": 0.03883825627419139,
      "best_values": [
        2,
        6
      ],
      "default_in_plateau": false,
      "default_meets_threshold": false,
      "default_metric": 0.03517385534916171,
      "default_rank": 5,
      "default_values": [
        3,
        5
      ],
      "gap_to_best": 0.09435029469808438,
      "metric_key": "wf_mean_cagr",
      "n_variants": 9,
      "param_cols": [
        "portfolio_risk_engine.top_n_risky",
        "portfolio_risk_engine.full_protective_max_n"
      ],
      "plateau_area_cells": 0,
      "plateau_area_fraction": 0.0,
      "plateau_cols_covered": [],
      "plateau_rows_covered": [],
      "tolerance": 0.03
    },
    "param_stability": {
      "best": 0.03883825627419139,
      "best_variant_name": "gpm_mid_10_v0__portfolio_risk_engine.top_n_risky=2_portfolio_risk_engine.full_protective_max_n=6",
      "metric_key": "wf_mean_cagr",
      "n_variants": 9,
      "relative_drop": 0.32385206562261715,
      "worst": 0.02626040675461394,
      "worst_variant_name": "gpm_mid_10_v0__portfolio_risk_engine.top_n_risky=4_portfolio_risk_engine.full_protective_max_n=4"
    },
    "param_stability_check": {
      "max_relative_metric_drop_within_family": false
    },
    "sweep": [
      {
        "portfolio_risk_engine.full_protective_max_n": 4,
        "portfolio_risk_engine.top_n_risky": 2,
        "variant_name": "gpm_mid_10_v0__portfolio_risk_engine.top_n_risky=2_portfolio_risk_engine.full_protective_max_n=4",
        "wf_fold_cagrs": [
          0.05727972581280949,
          0.03845440371747921,
          0.010120239150841925,
          0.04452723966543348,
          0.04315618365006002
        ],
        "wf_mean_cagr": 0.038707558399324826,
        "wf_mean_sharpe": 0.5399854307686703,
        "wf_min_cagr": 0.010120239150841925,
        "wf_windows": 5,
        "wf_worst_drawdown": -0.12012820152571135
      },
      {
        "portfolio_risk_engine.full_protective_max_n": 5,
        "portfolio_risk_engine.top_n_risky": 2,
        "variant_name": "gpm_mid_10_v0__portfolio_risk_engine.top_n_risky=2_portfolio_risk_engine.full_protective_max_n=5",
        "wf_fold_cagrs": [
          0.05727972581280949,
          0.03845440371747921,
          0.010120239150841925,
          0.04452723966543348,
          0.04315618365006002
        ],
        "wf_mean_cagr": 0.038707558399324826,
        "wf_mean_sharpe": 0.5399854307686703,
        "wf_min_cagr": 0.010120239150841925,
        "wf_windows": 5,
        "wf_worst_drawdown": -0.12012820152571135
      },
      {
        "portfolio_risk_engine.full_protective_max_n": 6,
        "portfolio_risk_engine.top_n_risky": 2,
        "variant_name": "gpm_mid_10_v0__portfolio_risk_engine.top_n_risky=2_portfolio_risk_engine.full_protective_max_n=6",
        "wf_fold_cagrs": [
          0.05719505995530971,
          0.039312734001301086,
          0.009293484702455723,
          0.04411002953743681,
          0.044279973174453646
        ],
        "wf_mean_cagr": 0.03883825627419139,
        "wf_mean_sharpe": 0.5419884547431634,
        "wf_min_cagr": 0.009293484702455723,
        "wf_windows": 5,
        "wf_worst_drawdown": -0.12389656850177722
      },
      {
        "portfolio_risk_engine.full_protective_max_n": 4,
        "portfolio_risk_engine.top_n_risky": 3,
        "variant_name": "gpm_mid_10_v0__portfolio_risk_engine.top_n_risky=3_portfolio_risk_engine.full_protective_max_n=4",
        "wf_fold_cagrs": [
          0.047104454785806826,
          0.027947033351100714,
          0.014750148947272113,
          0.04349492040306213,
          0.04257271925856676
        ],
        "wf_mean_cagr": 0.03517385534916171,
        "wf_mean_sharpe": 0.5391125636649245,
        "wf_min_cagr": 0.014750148947272113,
        "wf_windows": 5,
        "wf_worst_drawdown": -0.10139755288134689
      },
      {
        "portfolio_risk_engine.full_protective_max_n": 5,
        "portfolio_risk_engine.top_n_risky": 3,
        "variant_name": "gpm_mid_10_v0__portfolio_risk_engine.top_n_risky=3_portfolio_risk_engine.full_protective_max_n=5",
        "wf_fold_cagrs": [
          0.047104454785806826,
          0.027947033351100714,
          0.014750148947272113,
          0.04349492040306213,
          0.04257271925856676
        ],
        "wf_mean_cagr": 0.03517385534916171,
        "wf_mean_sharpe": 0.5391125636649245,
        "wf_min_cagr": 0.014750148947272113,
        "wf_windows": 5,