{
  "acceptance": {
    "max_annual_turnover": true,
    "max_consecutive_negative_months": true,
    "max_drawdown": true,
    "max_time_underwater_months": false,
    "min_cagr": true,
    "min_calmar": true,
    "min_sharpe": true
  },
  "metrics": {
    "annual_turnover": 4.146633248009102,
    "best_year_return": 0.14671305491978526,
    "cagr": 0.049440993534892064,
    "calmar": 0.3933227832194558,
    "max_consecutive_negative_months": 5,
    "max_drawdown": -0.12570081277825773,
    "max_time_underwater_months": 39,
    "sharpe": 0.6157431737179155,
    "worst_year_return": -0.029070440758698135
  },
  "metrics_pre_tax": {
    "annual_turnover": 4.146633248009102,
    "best_year_return": 0.1759599981440092,
    "cagr": 0.060241171897045254,
    "calmar": 0.4989506762437482,
    "max_consecutive_negative_months": 5,
    "max_drawdown": -0.12073572552413203,
    "max_time_underwater_months": 25,
    "sharpe": 0.7456420776971924,
    "worst_year_return": -0.029070440758698246
  },
  "mode": "final",
  "named_periods_all": {
    "covid_crash_rebound": {
      "checks": {},
      "covered": true,
      "metrics": {
        "annual_turnover": 3.8046875,
        "best_year_return": 0.08297971454854935,
        "cagr": 0.09166042867308644,
        "calmar": 1.6737174499992797,
        "max_consecutive_negative_months": 2,
        "max_drawdown": -0.05476457730253448,
        "max_time_underwater_months": 4,
        "sharpe": 0.9332356267680721,
        "worst_year_return": 0.08297971454854935
      }
    },
    "gfc_crash": {
      "checks": {},
      "covered": true,
      "metrics": {
        "annual_turnover": 4.058333333333334,
        "best_year_return": 0.048932831388259546,
        "cagr": 0.02636771616792677,
        "calmar": 0.39537608933092394,
        "max_consecutive_negative_months": 3,
        "max_drawdown": -0.06669021440458778,
        "max_time_underwater_months": 8,
        "sharpe": 0.3345048189270358,
        "worst_year_return": -0.015304958320512485
      }
    },
    "inflation_bear": {
      "checks": {},
      "covered": true,
      "metrics": {
        "annual_turnover": 1.640344311377246,
        "best_year_return": 0.021322401636030497,
        "cagr": 0.021576116060697093,
        "calmar": 0.5048952507719089,
        "max_consecutive_negative_months": 3,
        "max_drawdown": -0.04273384633289867,
        "max_time_underwater_months": 10,
        "sharpe": 0.4065593081046558,
        "worst_year_return": 0.021322401636030497
      }
    },
    "post_gfc_recovery": {
      "checks": {},
      "covered": true,
      "metrics": {
        "annual_turnover": 4.800342039800996,
        "best_year_return": 0.14671305491978526,
        "cagr": 0.044687183994322366,
        "calmar": 0.3955827176381205,
        "max_consecutive_negative_months": 3,
        "max_drawdown": -0.11296546082986936,
        "max_time_underwater_months": 14,
        "sharpe": 0.5011163789729811,
        "worst_year_return": -0.01362632185636714
      }
    }
  },
  "param_stability_full": {
    "fold_rank_stability": {
      "default_rank_mean": 5.0,
      "default_rank_per_fold": [
        2.0,
        2.0,
        5.0,
        8.0,
        8.0
      ],
      "default_rank_std": 2.6832815729997477,
      "default_wins_fold_count": 0,
      "kendalls_w": 0.244,
      "n_folds": 5,
      "n_variants": 9
    },
    "local_param_stability": {
      "best_metric": 0.059987855468876326,
      "best_values": [
        4,
        5
      ],
      "default_in_plateau": true,
      "default_meets_threshold": true,
      "default_metric": 0.05897058539432818,
      "default_rank": 4,
      "default_values": [
        3,
        6
      ],
      "gap_to_best": 0.01695793367835827,
      "metric_key": "wf_mean_cagr",
      "n_variants": 9,
      "param_cols": [
        "portfolio_risk_engine.top_n_risky",
        "portfolio_risk_engine.full_protective_max_n"
      ],
      "plateau_area_cells": 6,
      "plateau_area_fraction": 0.6666666666666666,
      "plateau_cols_covered": [
        5,
        6,
        7
      ],
      "plateau_rows_covered": [
        3,
        4
      ],
      "tolerance": 0.03
    },
    "param_stability": {
      "best": 0.059987855468876326,
      "best_variant_name": "gpm_mid_13_v0__portfolio_risk_engine.top_n_risky=4_portfolio_risk_engine.full_protective_max_n=5",
      "metric_key": "wf_mean_cagr",
      "n_variants": 9,
      "relative_drop": 0.05450264343063436,
      "worst": 0.05671835877208773,
      "worst_variant_name": "gpm_mid_13_v0__portfolio_risk_engine.top_n_risky=2_portfolio_risk_engine.full_protective_max_n=5"
    },
    "param_stability_check": {
      "max_relative_metric_drop_within_family": true
    },
    "sweep": [
      {
        "portfolio_risk_engine.full_protective_max_n": 5,
        "portfolio_risk_engine.top_n_risky": 2,
        "variant_name": "gpm_mid_13_v0__portfolio_risk_engine.top_n_risky=2_portfolio_risk_engine.full_protective_max_n=5",
        "wf_fold_cagrs": [
          0.08291822165046514,
          0.06333624760062695,
          0.03807381091317641,
          0.056750966510351164,
          0.04251254718581898
        ],
        "wf_mean_cagr": 0.05671835877208773,
        "wf_mean_sharpe": 0.7541324674083325,
        "wf_min_cagr": 0.03807381091317641,
        "wf_windows": 5,
        "wf_worst_drawdown": -0.11681644132537483
      },
      {
        "portfolio_risk_engine.full_protective_max_n": 6,
        "portfolio_risk_engine.top_n_risky": 2,
        "variant_name": "gpm_mid_13_v0__portfolio_risk_engine.top_n_risky=2_portfolio_risk_engine.full_protective_max_n=6",
        "wf_fold_cagrs": [
          0.08291822165046514,
          0.06333624760062695,
          0.03807381091317641,
          0.056750966510351164,
          0.04251254718581898
        ],
        "wf_mean_cagr": 0.05671835877208773,
        "wf_mean_sharpe": 0.7541324674083325,
        "wf_min_cagr": 0.03807381091317641,
        "wf_windows": 5,
        "wf_worst_drawdown": -0.11681644132537483
      },
      {
        "portfolio_risk_engine.full_protective_max_n": 7,
        "portfolio_risk_engine.top_n_risky": 2,
        "variant_name": "gpm_mid_13_v0__portfolio_risk_engine.top_n_risky=2_portfolio_risk_engine.full_protective_max_n=7",
        "wf_fold_cagrs": [
          0.08291822165046514,
          0.06333624760062695,
          0.03807381091317641,
          0.056750966510351164,
          0.04251254718581898
        ],
        "wf_mean_cagr": 0.05671835877208773,
        "wf_mean_sharpe": 0.7541324674083325,
        "wf_min_cagr": 0.03807381091317641,
        "wf_windows": 5,
        "wf_worst_drawdown": -0.11681644132537483
      },
      {
        "portfolio_risk_engine.full_protective_max_n": 5,
        "portfolio_risk_engine.top_n_risky": 3,
        "variant_name": "gpm_mid_13_v0__portfolio_risk_engine.top_n_risky=3_portfolio_risk_engine.full_protective_max_n=5",
        "wf_fold_cagrs": [
          0.08891446821417048,
          0.06536267831373976,
          0.04380427397703257,
          0.055728130913595075,
          0.041043375553103
        ],
        "wf_mean_cagr": 0.05897058539432818,
        "wf_mean_sharpe": 0.8669698277304565,
        "wf_min_cagr": 0.041043375553103,
        "wf_windows": 5,
        "wf_worst_drawdown": -0.11745163078864895
      },
      {
        "portfolio_risk_engine.full_protective_max_n": 6,
        "portfolio_risk_engine.top_n_risky": 3,
        "variant_name": "gpm_mid_13_v0__portfolio_risk_engine.top_n_risky=3_portfolio_risk_engine.full_protective_max_n=6",
        "wf_fold_cagrs": [
          0.08891446821417048,
          0.06536267831373976,
          0.04380427397703257,
          0.055728130913595075,
          0.041043375553103
        ],
        "wf_mean_cagr": 0.05897058539432818,
        "wf_mean_sharpe": 0.8669698277304565,
        "wf_min_cagr": 0.041043375553103,
        "wf_windows": 5,