{
  "annual_tax_rate_assumed": 0.19,
  "capital_weight_sensitivity": null,
  "metrics": {
    "annual_turnover": 2.903628342138969,
    "best_year_return": 0.22974965649665857,
    "cagr": 0.08702423530454717,
    "calmar": 0.5852800569274275,
    "max_consecutive_negative_months": 7,
    "max_drawdown": -0.1486881951204735,
    "max_time_underwater_months": 27,
    "sharpe": 0.8548277909850097,
    "worst_year_return": -0.09954621639985317
  },
  "metrics_pre_tax": {
    "annual_turnover": 2.903628342138969,
    "best_year_return": 0.28364155123044266,
    "cagr": 0.10643013911212518,
    "calmar": 0.8076457244953927,
    "max_consecutive_negative_months": 7,
    "max_drawdown": -0.13177824866047727,
    "max_time_underwater_months": 26,
    "sharpe": 1.0481189442165753,
    "worst_year_return": -0.09954621639985317
  },
  "mode": "combined_final",
  "named_periods_all": {
    "covid_crash_rebound": {
      "checks": {},
      "covered": true,
      "metrics": {
        "annual_turnover": 2.5438007127192983,
        "best_year_return": 0.15281121431888,
        "cagr": 0.16934674946906259,
        "calmar": 1.38845338437292,
        "max_consecutive_negative_months": 2,
        "max_drawdown": -0.12196790427036641,
        "max_time_underwater_months": 4,
        "sharpe": 1.092685004300477,
        "worst_year_return": 0.15281121431888
      }
    },
    "gfc_crash": {
      "checks": {},
      "covered": true,
      "metrics": {
        "annual_turnover": 2.6522401960784316,
        "best_year_return": -0.008744502218638872,
        "cagr": -0.03639325377220559,
        "calmar": -0.40459948825910874,
        "max_consecutive_negative_months": 7,
        "max_drawdown": -0.08994883787124086,
        "max_time_underwater_months": 12,
        "sharpe": -0.6107428015378898,
        "worst_year_return": -0.03660999697123357
      }
    },
    "inflation_bear": {
      "checks": {},
      "covered": true,
      "metrics": {
        "annual_turnover": 1.3244261477045909,
        "best_year_return": -0.09924596505487171,
        "cagr": -0.10035369230090108,
        "calmar": -0.898909629175467,
        "max_consecutive_negative_months": 3,
        "max_drawdown": -0.11163935621976973,
        "max_time_underwater_months": 9,
        "sharpe": -1.006740057468008,
        "worst_year_return": -0.09924596505487171
      }
    },
    "post_gfc_recovery": {
      "checks": {},
      "covered": true,
      "metrics": {
        "annual_turnover": 3.766325145107794,
        "best_year_return": 0.13836388330120597,
        "cagr": 0.11286726329343022,
        "calmar": 0.8601878104864259,
        "max_consecutive_negative_months": 2,
        "max_drawdown": -0.13121234911432322,
        "max_time_underwater_months": 6,
        "sharpe": 1.053916281922078,
        "worst_year_return": 0.046530361620589655
      }
    }
  },
  "train_oos": null,
  "uk_mapping": null
}
