{
  "acceptance": {
    "max_annual_turnover": true,
    "max_consecutive_negative_months": true,
    "max_drawdown": true,
    "max_time_underwater_months": true,
    "min_cagr": true,
    "min_calmar": true,
    "min_sharpe": true
  },
  "metrics": {
    "annual_turnover": 3.6569896077774047,
    "best_year_return": 0.1314604973067519,
    "cagr": 0.05921312175983329,
    "calmar": 0.6759737938615767,
    "max_consecutive_negative_months": 3,
    "max_drawdown": -0.08759677120258114,
    "max_time_underwater_months": 28,
    "sharpe": 0.7415454348627805,
    "worst_year_return": -0.03742808508208395
  },
  "metrics_pre_tax": {
    "annual_turnover": 3.6569896077774047,
    "best_year_return": 0.16229691025524962,
    "cagr": 0.07049094181858884,
    "calmar": 0.8581257180305302,
    "max_consecutive_negative_months": 3,
    "max_drawdown": -0.08214523855592093,
    "max_time_underwater_months": 28,
    "sharpe": 0.8861266409734078,
    "worst_year_return": -0.03742808508208406
  },
  "mode": "final",
  "named_periods_all": {
    "covid_crash_rebound": {
      "checks": {},
      "covered": true,
      "metrics": {
        "annual_turnover": 3.6845394736842105,
        "best_year_return": 0.07471385307327871,
        "cagr": 0.08249735646577316,
        "calmar": 1.5063999491867721,
        "max_consecutive_negative_months": 2,
        "max_drawdown": -0.05476457730253459,
        "max_time_underwater_months": 4,
        "sharpe": 0.8644256876718663,
        "worst_year_return": 0.07471385307327871
      }
    },
    "gfc_crash": {
      "checks": {},
      "covered": false,
      "metrics": null
    },
    "inflation_bear": {
      "checks": {},
      "covered": true,
      "metrics": {
        "annual_turnover": 2.187125748502994,
        "best_year_return": -0.03511235473344432,
        "cagr": -0.03551829820769936,
        "calmar": -0.649568210242325,
        "max_consecutive_negative_months": 3,
        "max_drawdown": -0.05467985909354933,
        "max_time_underwater_months": 10,
        "sharpe": -0.6754905005325152,
        "worst_year_return": -0.03511235473344432
      }
    },
    "post_gfc_recovery": {
      "checks": {},
      "covered": false,
      "metrics": null
    }
  },
  "param_stability_full": {
    "fold_rank_stability": {
      "default_rank_mean": 5.5,
      "default_rank_per_fold": [
        7.0,
        4.0,
        5.0,
        6.0
      ],
      "default_rank_std": 1.118033988749895,
      "default_wins_fold_count": 0,
      "kendalls_w": 0.6708333333333333,
      "n_folds": 4,
      "n_variants": 9
    },
    "local_param_stability": {
      "best_metric": 0.10998928481800563,
      "best_values": [
        4,
        6
      ],
      "default_in_plateau": false,
      "default_meets_threshold": false,
      "default_metric": 0.09919317570774949,
      "default_rank": 5,
      "default_values": [
        3,
        5
      ],
      "gap_to_best": 0.09815600790676998,
      "metric_key": "wf_mean_cagr",
      "n_variants": 9,
      "param_cols": [
        "portfolio_risk_engine.top_n_risky",
        "portfolio_risk_engine.full_protective_max_n"
      ],
      "plateau_area_cells": 0,
      "plateau_area_fraction": 0.0,
      "plateau_cols_covered": [],
      "plateau_rows_covered": [],
      "tolerance": 0.03
    },
    "param_stability": {
      "best": 0.10998928481800563,
      "best_variant_name": "gpm_uk_v0__portfolio_risk_engine.top_n_risky=4_portfolio_risk_engine.full_protective_max_n=6",
      "metric_key": "wf_mean_cagr",
      "n_variants": 9,
      "relative_drop": 0.2883340672235796,
      "worst": 0.07827562697541735,
      "worst_variant_name": "gpm_uk_v0__portfolio_risk_engine.top_n_risky=2_portfolio_risk_engine.full_protective_max_n=4"
    },
    "param_stability_check": {
      "max_relative_metric_drop_within_family": true
    },
    "sweep": [
      {
        "portfolio_risk_engine.full_protective_max_n": 4,
        "portfolio_risk_engine.top_n_risky": 2,
        "variant_name": "gpm_uk_v0__portfolio_risk_engine.top_n_risky=2_portfolio_risk_engine.full_protective_max_n=4",
        "wf_fold_cagrs": [
          0.09184615551377906,
          0.08933284862743585,
          0.08393293313608852,
          0.04799057062436596
        ],
        "wf_mean_cagr": 0.07827562697541735,
        "wf_mean_sharpe": 0.8902603545173478,
        "wf_min_cagr": 0.04799057062436596,
        "wf_windows": 4,
        "wf_worst_drawdown": -0.11257720684896744
      },
      {
        "portfolio_risk_engine.full_protective_max_n": 5,
        "portfolio_risk_engine.top_n_risky": 2,
        "variant_name": "gpm_uk_v0__portfolio_risk_engine.top_n_risky=2_portfolio_risk_engine.full_protective_max_n=5",
        "wf_fold_cagrs": [
          0.09184615551377906,
          0.08933284862743585,
          0.08393293313608852,
          0.04799057062436596
        ],
        "wf_mean_cagr": 0.07827562697541735,
        "wf_mean_sharpe": 0.8902603545173478,
        "wf_min_cagr": 0.04799057062436596,
        "wf_windows": 4,
        "wf_worst_drawdown": -0.11257720684896744
      },
      {
        "portfolio_risk_engine.full_protective_max_n": 6,
        "portfolio_risk_engine.top_n_risky": 2,
        "variant_name": "gpm_uk_v0__portfolio_risk_engine.top_n_risky=2_portfolio_risk_engine.full_protective_max_n=6",
        "wf_fold_cagrs": [
          0.11012803483075673,
          0.09578532566713616,
          0.08424065496347533,
          0.04799057062436529
        ],
        "wf_mean_cagr": 0.08453614652143338,
        "wf_mean_sharpe": 0.9674944925874371,
        "wf_min_cagr": 0.04799057062436529,
        "wf_windows": 4,
        "wf_worst_drawdown": -0.11257720684896733
      },
      {
        "portfolio_risk_engine.full_protective_max_n": 4,
        "portfolio_risk_engine.top_n_risky": 3,
        "variant_name": "gpm_uk_v0__portfolio_risk_engine.top_n_risky=3_portfolio_risk_engine.full_protective_max_n=4",
        "wf_fold_cagrs": [
          0.09974377642534393,
          0.10929273171084386,
          0.10587871554477957,
          0.08185747915003061
        ],
        "wf_mean_cagr": 0.09919317570774949,
        "wf_mean_sharpe": 1.2168763696004112,
        "wf_min_cagr": 0.08185747915003061,
        "wf_windows": 4,
        "wf_worst_drawdown": -0.05476457730253448
      },
      {
        "portfolio_risk_engine.full_protective_max_n": 5,
        "portfolio_risk_engine.top_n_risky": 3,
        "variant_name": "gpm_uk_v0__portfolio_risk_engine.top_n_risky=3_portfolio_risk_engine.full_protective_max_n=5",
        "wf_fold_cagrs": [
          0.09974377642534393,
          0.10929273171084386,
          0.10587871554477957,
          0.08185747915003061
        ],
        "wf_mean_cagr": 0.09919317570774949,
        "wf_mean_sharpe": 1.2168763696004112,
        "wf_min_cagr": 0.08185747915003061,
        "wf_windows": 4,
        "wf_worst_drawdown": -0.05476457730253448
      },
      {
        "portfolio_risk_engine.full_protective_max_n": 6,
        "portfolio_risk_engine.top_n_risky": 3,
        "variant_name": "gpm_uk_v0__portfolio_risk_engine.top_n_risky=3_portfolio_risk_engine.full_protective_max_n=6",
        "wf_fold_cagrs": [
          0.11172469319909584,
          0.11245052649688536,
          0.10506696140091631,
          0.08185747915003083
        ],
        "wf_mean_cagr": 0.10277491506173209,
        "wf_mean_sharpe": 1.2660615855317432,
        "wf_min_cagr": 0.08185747915003083,
        "wf_windows": 4,
        "wf_worst_drawdown": -0.05476457730253437
      },
      {
        "portfolio_risk_engine.full_protective_max_n": 4,
        "portfolio_risk_engine.top_n_risky": 4,
        "variant_name": "gpm_uk_v0__portfolio_risk_engine.top_n_risky=4_portfolio_risk_engine.full_protective_max_n=4",
        "wf_fold_cagrs": [
          0.09996301360088222,
          0.10777510524970846,
          0.11521672677245776,
          0.10625096436972825
        ],
        "wf_mean_cagr": 0.10730145249819417,