{
  "acceptance": {
    "max_annual_turnover": true,
    "max_consecutive_negative_months": true,
    "max_drawdown": true,
    "max_time_underwater_months": true,
    "min_cagr": true,
    "min_calmar": true,
    "min_sharpe": true
  },
  "metrics": {
    "annual_turnover": 4.073694171082513,
    "best_year_return": 0.12528579148462748,
    "cagr": 0.04532441194840864,
    "calmar": 0.3258975469658273,
    "max_consecutive_negative_months": 5,
    "max_drawdown": -0.1390756462280498,
    "max_time_underwater_months": 21,
    "sharpe": 0.5289834267137639,
    "worst_year_return": -0.0457702790782496
  },
  "metrics_pre_tax": {
    "annual_turnover": 4.073694171082513,
    "best_year_return": 0.1546738166476882,
    "cagr": 0.05635837034876445,
    "calmar": 0.41361383832715076,
    "max_consecutive_negative_months": 5,
    "max_drawdown": -0.13625842543543576,
    "max_time_underwater_months": 21,
    "sharpe": 0.6485110801016655,
    "worst_year_return": -0.045770279078249154
  },
  "mode": "final",
  "named_periods_all": {
    "covid_crash_rebound": {
      "checks": {},
      "covered": true,
      "metrics": {
        "annual_turnover": 3.704564144736842,
        "best_year_return": 0.054185123166656135,
        "cagr": 0.05977097950656085,
        "calmar": 1.2734680848706745,
        "max_consecutive_negative_months": 2,
        "max_drawdown": -0.04693559282455895,
        "max_time_underwater_months": 4,
        "sharpe": 0.681816117867634,
        "worst_year_return": 0.054185123166656135
      }
    },
    "gfc_crash": {
      "checks": {},
      "covered": true,
      "metrics": {
        "annual_turnover": 4.5092592592592595,
        "best_year_return": 0.03433826187869826,
        "cagr": 0.021432584148033174,
        "calmar": 0.32636090433486376,
        "max_consecutive_negative_months": 2,
        "max_drawdown": -0.0656714203918316,
        "max_time_underwater_months": 3,
        "sharpe": 0.26141254385609636,
        "worst_year_return": -0.017752229303994005
      }
    },
    "inflation_bear": {
      "checks": {},
      "covered": true,
      "metrics": {
        "annual_turnover": 2.4605164670658684,
        "best_year_return": 0.00013169134797053061,
        "cagr": 0.00013324183415930335,
        "calmar": 0.002125638371981713,
        "max_consecutive_negative_months": 3,
        "max_drawdown": -0.06268320892000234,
        "max_time_underwater_months": 7,
        "sharpe": 0.03523200363386508,
        "worst_year_return": 0.00013169134797053061
      }
    },
    "post_gfc_recovery": {
      "checks": {},
      "covered": true,
      "metrics": {
        "annual_turnover": 3.8614738805970146,
        "best_year_return": 0.11553372391942274,
        "cagr": 0.0665821458435889,
        "calmar": 0.5220856559811743,
        "max_consecutive_negative_months": 3,
        "max_drawdown": -0.1275310767128024,
        "max_time_underwater_months": 17,
        "sharpe": 0.5972602488988236,
        "worst_year_return": 0.01822425905057612
      }
    }
  },
  "param_stability_full": {
    "fold_rank_stability": {
      "default_rank_mean": 5.6,
      "default_rank_per_fold": [
        4.0,
        5.0,
        6.0,
        5.0,
        8.0
      ],
      "default_rank_std": 1.3564659966250536,
      "default_wins_fold_count": 0,
      "kendalls_w": 0.7773333333333333,
      "n_folds": 5,
      "n_variants": 9
    },
    "local_param_stability": {
      "best_metric": 0.054919422571679456,
      "best_values": [
        2,
        2
      ],
      "default_in_plateau": false,
      "default_meets_threshold": false,
      "default_metric": 0.04469298778052808,
      "default_rank": 4,
      "default_values": [
        3,
        3
      ],
      "gap_to_best": 0.18620798093432403,
      "metric_key": "wf_mean_cagr",
      "n_variants": 9,
      "param_cols": [
        "portfolio_risk_engine.top_n_risky",
        "portfolio_risk_engine.full_protective_max_n"
      ],
      "plateau_area_cells": 0,
      "plateau_area_fraction": 0.0,
      "plateau_cols_covered": [],
      "plateau_rows_covered": [],
      "tolerance": 0.03
    },
    "param_stability": {
      "best": 0.054919422571679456,
      "best_variant_name": "gpm_lite_7_v0__portfolio_risk_engine.top_n_risky=2_portfolio_risk_engine.full_protective_max_n=2",
      "metric_key": "wf_mean_cagr",
      "n_variants": 9,
      "relative_drop": 0.36738850788661237,
      "worst": 0.0347426578590758,
      "worst_variant_name": "gpm_lite_7_v0__portfolio_risk_engine.top_n_risky=4_portfolio_risk_engine.full_protective_max_n=4"
    },
    "param_stability_check": {
      "max_relative_metric_drop_within_family": false
    },
    "sweep": [
      {
        "portfolio_risk_engine.full_protective_max_n": 2,
        "portfolio_risk_engine.top_n_risky": 2,
        "variant_name": "gpm_lite_7_v0__portfolio_risk_engine.top_n_risky=2_portfolio_risk_engine.full_protective_max_n=2",
        "wf_fold_cagrs": [
          0.07623493568247519,
          0.04231755164111606,
          0.035253644092638314,
          0.0647033927592382,
          0.05608758868292951
        ],
        "wf_mean_cagr": 0.054919422571679456,
        "wf_mean_sharpe": 0.7480045381685387,
        "wf_min_cagr": 0.035253644092638314,
        "wf_windows": 5,
        "wf_worst_drawdown": -0.10614647593447935
      },
      {
        "portfolio_risk_engine.full_protective_max_n": 3,
        "portfolio_risk_engine.top_n_risky": 2,
        "variant_name": "gpm_lite_7_v0__portfolio_risk_engine.top_n_risky=2_portfolio_risk_engine.full_protective_max_n=3",
        "wf_fold_cagrs": [
          0.07623493568247519,
          0.04231755164111606,
          0.035253644092638314,
          0.0647033927592382,
          0.05608758868292951
        ],
        "wf_mean_cagr": 0.054919422571679456,
        "wf_mean_sharpe": 0.7480045381685387,
        "wf_min_cagr": 0.035253644092638314,
        "wf_windows": 5,
        "wf_worst_drawdown": -0.10614647593447935
      },
      {
        "portfolio_risk_engine.full_protective_max_n": 4,
        "portfolio_risk_engine.top_n_risky": 2,
        "variant_name": "gpm_lite_7_v0__portfolio_risk_engine.top_n_risky=2_portfolio_risk_engine.full_protective_max_n=4",
        "wf_fold_cagrs": [
          0.06754798291180131,
          0.03294721001912593,
          0.02660614404582251,
          0.05306268144056703,
          0.05470917628467231
        ],
        "wf_mean_cagr": 0.046974638940397814,
        "wf_mean_sharpe": 0.642895052619252,
        "wf_min_cagr": 0.02660614404582251,
        "wf_windows": 5,
        "wf_worst_drawdown": -0.10614647593447935
      },
      {
        "portfolio_risk_engine.full_protective_max_n": 2,
        "portfolio_risk_engine.top_n_risky": 3,
        "variant_name": "gpm_lite_7_v0__portfolio_risk_engine.top_n_risky=3_portfolio_risk_engine.full_protective_max_n=2",
        "wf_fold_cagrs": [
          0.07309200260240534,
          0.03276574125360732,
          0.027517034070131174,
          0.046325386213793784,
          0.043764774762702796
        ],
        "wf_mean_cagr": 0.04469298778052808,
        "wf_mean_sharpe": 0.6212891189109423,
        "wf_min_cagr": 0.027517034070131174,
        "wf_windows": 5,
        "wf_worst_drawdown": -0.1275310767128025
      },
      {
        "portfolio_risk_engine.full_protective_max_n": 3,
        "portfolio_risk_engine.top_n_risky": 3,
        "variant_name": "gpm_lite_7_v0__portfolio_risk_engine.top_n_risky=3_portfolio_risk_engine.full_protective_max_n=3",
        "wf_fold_cagrs": [
          0.07309200260240534,
          0.03276574125360732,
          0.027517034070131174,
          0.046325386213793784,
          0.043764774762702796
        ],
        "wf_mean_cagr": 0.04469298778052808,
        "wf_mean_sharpe": 0.6212891189109423,
        "wf_min_cagr": 0.027517034070131174,
        "wf_windows": 5,