{
  "annual_tax_rate_assumed": 0.19,
  "capital_weight_sensitivity": null,
  "metrics": {
    "annual_turnover": 3.0199399415626007,
    "best_year_return": 0.22102057888243176,
    "cagr": 0.07511556282341414,
    "calmar": 0.49908429884411953,
    "max_consecutive_negative_months": 7,
    "max_drawdown": -0.15050676408250463,
    "max_time_underwater_months": 27,
    "sharpe": 0.7499187253374148,
    "worst_year_return": -0.1014668491558226
  },
  "metrics_pre_tax": {
    "annual_turnover": 3.0199399415626007,
    "best_year_return": 0.27286491220053355,
    "cagr": 0.09207208505070308,
    "calmar": 0.6946911102775836,
    "max_consecutive_negative_months": 7,
    "max_drawdown": -0.132536725587165,
    "max_time_underwater_months": 26,
    "sharpe": 0.9172190671473968,
    "worst_year_return": -0.10146684915582271
  },
  "mode": "combined_final",
  "named_periods_all": {
    "covid_crash_rebound": {
      "checks": {},
      "covered": true,
      "metrics": {
        "annual_turnover": 2.5438007127192983,
        "best_year_return": 0.14846785101654714,
        "cagr": 0.16450077209599456,
        "calmar": 1.3377991525853767,
        "max_consecutive_negative_months": 2,
        "max_drawdown": -0.12296372873169115,
        "max_time_underwater_months": 4,
        "sharpe": 1.0673325191293686,
        "worst_year_return": 0.14846785101654714
      }
    },
    "gfc_crash": {
      "checks": {},
      "covered": true,
      "metrics": {
        "annual_turnover": 2.6522401960784316,
        "best_year_return": -0.008744502218639205,
        "cagr": -0.04104158362591315,
        "calmar": -0.44271307786523545,
        "max_consecutive_negative_months": 7,
        "max_drawdown": -0.09270470125666008,
        "max_time_underwater_months": 12,
        "sharpe": -0.691835911631054,
        "worst_year_return": -0.04238310867620265
      }
    },
    "inflation_bear": {
      "checks": {},
      "covered": true,
      "metrics": {
        "annual_turnover": 1.3244261477045909,
        "best_year_return": -0.10026720542972911,
        "cagr": -0.10138567801469478,
        "calmar": -0.9081535530813132,
        "max_consecutive_negative_months": 3,
        "max_drawdown": -0.11163935621977028,
        "max_time_underwater_months": 9,
        "sharpe": -1.0190590773404273,
        "worst_year_return": -0.10026720542972911
      }
    },
    "post_gfc_recovery": {
      "checks": {},
      "covered": true,
      "metrics": {
        "annual_turnover": 4.2678624585406295,
        "best_year_return": 0.11310971300856565,
        "cagr": 0.08404170594220939,
        "calmar": 0.6419380689956194,
        "max_consecutive_negative_months": 2,
        "max_drawdown": -0.13091871319253834,
        "max_time_underwater_months": 10,
        "sharpe": 0.8043651797885013,
        "worst_year_return": 0.03991631255359551
      }
    }
  },
  "train_oos": null,
  "uk_mapping": null
}
