{
  "acceptance": {
    "max_annual_turnover": true,
    "max_consecutive_negative_months": true,
    "max_drawdown": true,
    "max_time_underwater_months": false,
    "min_cagr": true,
    "min_calmar": true,
    "min_sharpe": true
  },
  "metrics": {
    "annual_turnover": 3.8090159271899884,
    "best_year_return": 0.19738005641626488,
    "cagr": 0.04785459156174521,
    "calmar": 0.22987704134135112,
    "max_consecutive_negative_months": 6,
    "max_drawdown": -0.20817473238088413,
    "max_time_underwater_months": 45,
    "sharpe": 0.4203261045210266,
    "worst_year_return": -0.13384739957515046
  },
  "metrics_pre_tax": {
    "annual_turnover": 3.8090159271899884,
    "best_year_return": 0.24080891804144056,
    "cagr": 0.05789161953698563,
    "calmar": 0.2843621372675704,
    "max_consecutive_negative_months": 6,
    "max_drawdown": -0.20358413427773803,
    "max_time_underwater_months": 44,
    "sharpe": 0.49515598843602787,
    "worst_year_return": -0.13384739957515046
  },
  "mode": "final",
  "named_periods": {
    "gfc_crash": {
      "checks": {
        "min_cagr": true
      },
      "covered": true,
      "metrics": {
        "annual_turnover": 3.724117647058823,
        "best_year_return": 0.06639853174046939,
        "cagr": 0.028545585301511966,
        "calmar": 0.18193564085969705,
        "max_consecutive_negative_months": 4,
        "max_drawdown": -0.15689935829299884,
        "max_time_underwater_months": 9,
        "sharpe": 0.2664300373553572,
        "worst_year_return": -0.028877235155627123
      }
    },
    "inflation_bear": {
      "checks": {
        "max_drawdown": true
      },
      "covered": true,
      "metrics": {
        "annual_turnover": 4.374251497005988,
        "best_year_return": -0.10704569179819723,
        "cagr": -0.10823513632934789,
        "calmar": -0.5365208393948839,
        "max_consecutive_negative_months": 3,
        "max_drawdown": -0.20173519532143636,
        "max_time_underwater_months": 9,
        "sharpe": -0.7955829685484423,
        "worst_year_return": -0.10704569179819723
      }
    }
  },
  "named_periods_all": {
    "covid_crash_rebound": {
      "checks": {},
      "covered": true,
      "metrics": {
        "annual_turnover": 3.203947368421052,
        "best_year_return": 0.1371858745320298,
        "cagr": 0.15192183491833577,
        "calmar": 1.0037097853133863,
        "max_consecutive_negative_months": 3,
        "max_drawdown": -0.15136032062385596,
        "max_time_underwater_months": 4,
        "sharpe": 0.969356821828479,
        "worst_year_return": 0.1371858745320298
      }
    },
    "gfc_crash": {
      "checks": {},
      "covered": true,
      "metrics": {
        "annual_turnover": 3.724117647058823,
        "best_year_return": 0.06639853174046939,
        "cagr": 0.028545585301511966,
        "calmar": 0.18193564085969705,
        "max_consecutive_negative_months": 4,
        "max_drawdown": -0.15689935829299884,
        "max_time_underwater_months": 9,
        "sharpe": 0.2664300373553572,
        "worst_year_return": -0.028877235155627123
      }
    },
    "inflation_bear": {
      "checks": {},
      "covered": true,
      "metrics": {
        "annual_turnover": 4.374251497005988,
        "best_year_return": -0.10704569179819723,
        "cagr": -0.10823513632934789,
        "calmar": -0.5365208393948839,
        "max_consecutive_negative_months": 3,
        "max_drawdown": -0.20173519532143636,
        "max_time_underwater_months": 9,
        "sharpe": -0.7955829685484423,
        "worst_year_return": -0.10704569179819723
      }
    },
    "post_gfc_recovery": {
      "checks": {},
      "covered": true,
      "metrics": {
        "annual_turnover": 4.361194029850746,
        "best_year_return": 0.10406297428646005,
        "cagr": 0.0376437538599681,
        "calmar": 0.18800603152738618,
        "max_consecutive_negative_months": 4,
        "max_drawdown": -0.20022630951861065,
        "max_time_underwater_months": 20,
        "sharpe": 0.3114412582808816,
        "worst_year_return": -0.032755507041004606
      }
    }
  },
  "param_stability_full": {
    "fold_rank_stability": {
      "default_rank_mean": 2.857142857142857,
      "default_rank_per_fold": [
        6.0,
        3.0,
        1.0,
        1.0,
        3.0,
        2.0,
        4.0
      ],
      "default_rank_std": 1.6413036132965795,
      "default_wins_fold_count": 2,
      "kendalls_w": 0.2784256559766764,
      "n_folds": 7,
      "n_variants": 7
    },
    "local_param_stability": {
      "asymmetry": -0.23686205418211959,
      "best_metric": 0.037529625368802826,
      "best_value": 7,
      "default_meets_threshold": false,
      "default_metric": 0.03599317839193513,
      "default_rank": 2,
      "default_value": 6,
      "gap_to_best": 0.04093957671490358,
      "local_drop": 0.1941748827371004,
      "local_drop_left": 0.1941748827371004,
      "local_drop_right": -0.042687171445019184,
      "metric_key": "wf_mean_cagr",
      "n_variants": 7,
      "param_col": "portfolio_risk_engine.sma_window",
      "plateau_param_range": null,
      "plateau_width_points": 0,
      "tolerance": 0.03
    },
    "param_stability": {
      "best": 0.037529625368802826,
      "best_variant_name": "gtaa_agg3_v0__portfolio_risk_engine.sma_window=7",
      "metric_key": "wf_mean_cagr",
      "n_variants": 7,
      "relative_drop": 0.3275826881238579,
      "worst": 0.025235569806209064,
      "worst_variant_name": "gtaa_agg3_v0__portfolio_risk_engine.sma_window=3"
    },
    "param_stability_check": {
      "max_relative_metric_drop_within_family": false
    },
    "sweep": [
      {
        "portfolio_risk_engine.sma_window": 3,
        "variant_name": "gtaa_agg3_v0__portfolio_risk_engine.sma_window=3",
        "wf_fold_cagrs": [
          0.05255419558869234,
          0.03410172757020491,
          0.013641882347314116,
          0.009133338991984985,
          0.038702406414291346,
          0.00784892828408168,
          0.020666509446894077
        ],
        "wf_mean_cagr": 0.025235569806209064,
        "wf_mean_sharpe": 0.2758015348297316,
        "wf_min_cagr": 0.00784892828408168,
        "wf_windows": 7,
        "wf_worst_drawdown": -0.17674659569168105
      },
      {
        "portfolio_risk_engine.sma_window": 4,
        "variant_name": "gtaa_agg3_v0__portfolio_risk_engine.sma_window=4",
        "wf_fold_cagrs": [
          0.07120189562975177,
          0.048598574356331525,
          0.02245017282375028,
          0.009578769911937846,
          0.03877561539430019,
          0.00027063087377054984,
          0.011049035432879828
        ],
        "wf_mean_cagr": 0.028846384917531713,
        "wf_mean_sharpe": 0.2874794393127109,
        "wf_min_cagr": 0.00027063087377054984,
        "wf_windows": 7,
        "wf_worst_drawdown": -0.20263349516704543
      },
      {
        "portfolio_risk_engine.sma_window": 5,
        "variant_name": "gtaa_agg3_v0__portfolio_risk_engine.sma_window=5",
        "wf_fold_cagrs": [
          0.06267275752673473,
          0.05597867296554959,
          0.0277101736215426,
          0.010943986315314458,
          0.03913573185227226,
          0.0033216049609543497,
          0.003266523146051137
        ],
        "wf_mean_cagr": 0.02900420719834559,
        "wf_mean_sharpe": 0.2883415063830618,
        "wf_min_cagr": 0.003266523146051137,
        "wf_windows": 7,
        "wf_worst_drawdown": -0.2310010494640503
      },
      {
        "portfolio_risk_engine.sma_window": 6,
        "variant_name": "gtaa_agg3_v0__portfolio_risk_engine.sma_window=6",
        "wf_fold_cagrs": [
          0.0621642602621324,
          0.05776918157935795,
          0.03459902711116536,
          0.028252475128602184,
          0.049738053470440136,
          0.009718390475291772,
          0.009710860716556136
        ],
        "wf_mean_cagr": 0.03599317839193513,
        "wf_mean_sharpe": 0.3525174694058616,
        "wf_min_cagr": 0.009710860716556136,