{
  "acceptance": {
    "max_annual_turnover": true,
    "max_consecutive_negative_months": true,
    "max_drawdown": true,
    "max_time_underwater_months": true,
    "min_cagr": true,
    "min_calmar": true,
    "min_sharpe": true
  },
  "metrics": {
    "annual_turnover": 3.0039284698521045,
    "best_year_return": 0.11854019146800154,
    "cagr": 0.044211631725879386,
    "calmar": 0.20124056818588124,
    "max_consecutive_negative_months": 8,
    "max_drawdown": -0.21969542286842547,
    "max_time_underwater_months": 50,
    "sharpe": 0.479103724809907,
    "worst_year_return": -0.14168090122706467
  },
  "metrics_pre_tax": {
    "annual_turnover": 3.0039284698521045,
    "best_year_return": 0.14634591539259434,
    "cagr": 0.05356946493473491,
    "calmar": 0.26744898894081365,
    "max_consecutive_negative_months": 8,
    "max_drawdown": -0.20029787791267295,
    "max_time_underwater_months": 49,
    "sharpe": 0.5710979169560628,
    "worst_year_return": -0.14168090122706467
  },
  "mode": "final",
  "named_periods": {
    "gfc_crash": {
      "checks": {
        "min_cagr": true
      },
      "covered": true,
      "metrics": {
        "annual_turnover": 2.721470588235294,
        "best_year_return": 0.03848536847410666,
        "cagr": 0.011484898896145568,
        "calmar": 0.07896910313649948,
        "max_consecutive_negative_months": 8,
        "max_drawdown": -0.1454353467367322,
        "max_time_underwater_months": 13,
        "sharpe": 0.15920008694300064,
        "worst_year_return": -0.02329349944997372
      }
    },
    "inflation_bear": {
      "checks": {
        "max_drawdown": true
      },
      "covered": true,
      "metrics": {
        "annual_turnover": 2.916167664670658,
        "best_year_return": -0.1399608228728103,
        "cagr": -0.1414861065834525,
        "calmar": -0.769355943295936,
        "max_consecutive_negative_months": 3,
        "max_drawdown": -0.18390201286718244,
        "max_time_underwater_months": 10,
        "sharpe": -1.3361056788323025,
        "worst_year_return": -0.1399608228728103
      }
    }
  },
  "named_periods_all": {
    "covid_crash_rebound": {
      "checks": {},
      "covered": true,
      "metrics": {
        "annual_turnover": 3.604440789473684,
        "best_year_return": 0.11439162704402484,
        "cagr": 0.1265454255510019,
        "calmar": 1.1708922263699206,
        "max_consecutive_negative_months": 2,
        "max_drawdown": -0.10807606601277608,
        "max_time_underwater_months": 2,
        "sharpe": 1.007934398515729,
        "worst_year_return": 0.11439162704402484
      }
    },
    "gfc_crash": {
      "checks": {},
      "covered": true,
      "metrics": {
        "annual_turnover": 2.721470588235294,
        "best_year_return": 0.03848536847410666,
        "cagr": 0.011484898896145568,
        "calmar": 0.07896910313649948,
        "max_consecutive_negative_months": 8,
        "max_drawdown": -0.1454353467367322,
        "max_time_underwater_months": 13,
        "sharpe": 0.15920008694300064,
        "worst_year_return": -0.02329349944997372
      }
    },
    "inflation_bear": {
      "checks": {},
      "covered": true,
      "metrics": {
        "annual_turnover": 2.916167664670658,
        "best_year_return": -0.1399608228728103,
        "cagr": -0.1414861065834525,
        "calmar": -0.769355943295936,
        "max_consecutive_negative_months": 3,
        "max_drawdown": -0.18390201286718244,
        "max_time_underwater_months": 10,
        "sharpe": -1.3361056788323025,
        "worst_year_return": -0.1399608228728103
      }
    },
    "post_gfc_recovery": {
      "checks": {},
      "covered": true,
      "metrics": {
        "annual_turnover": 3.543470149253731,
        "best_year_return": 0.11336379596455348,
        "cagr": 0.0643826765492197,
        "calmar": 0.5145165959722842,
        "max_consecutive_negative_months": 3,
        "max_drawdown": -0.12513236123619198,
        "max_time_underwater_months": 9,
        "sharpe": 0.5649149276207978,
        "worst_year_return": 0.03313003564101025
      }
    }
  },
  "param_stability_full": {
    "fold_rank_stability": {
      "default_rank_mean": 3.5714285714285716,
      "default_rank_per_fold": [
        4.0,
        3.0,
        2.0,
        4.0,
        4.0,
        4.0,
        4.0
      ],
      "default_rank_std": 0.7284313590846836,
      "default_wins_fold_count": 0,
      "kendalls_w": 0.5233236151603499,
      "n_folds": 7,
      "n_variants": 7
    },
    "local_param_stability": {
      "asymmetry": -0.16908644496193223,
      "best_metric": 0.05959645999010088,
      "best_value": 9,
      "default_meets_threshold": false,
      "default_metric": 0.041609900113756204,
      "default_rank": 4,
      "default_value": 6,
      "gap_to_best": 0.301805843490239,
      "local_drop": 0.1397489234112688,
      "local_drop_left": 0.1397489234112688,
      "local_drop_right": -0.029337521550663444,
      "metric_key": "wf_mean_cagr",
      "n_variants": 7,
      "param_col": "portfolio_risk_engine.sma_window",
      "plateau_param_range": null,
      "plateau_width_points": 0,
      "tolerance": 0.03
    },
    "param_stability": {
      "best": 0.05959645999010088,
      "best_variant_name": "gtaa_agg6_v0__portfolio_risk_engine.sma_window=9",
      "metric_key": "wf_mean_cagr",
      "n_variants": 7,
      "relative_drop": 0.4318335807589153,
      "worst": 0.03386070727202019,
      "worst_variant_name": "gtaa_agg6_v0__portfolio_risk_engine.sma_window=3"
    },
    "param_stability_check": {
      "max_relative_metric_drop_within_family": false
    },
    "sweep": [
      {
        "portfolio_risk_engine.sma_window": 3,
        "variant_name": "gtaa_agg6_v0__portfolio_risk_engine.sma_window=3",
        "wf_fold_cagrs": [
          0.06912556920391921,
          0.055514948815940324,
          0.02497850754438713,
          0.012964683685082967,
          0.029821006957270413,
          0.017313580994784417,
          0.027306653702756867
        ],
        "wf_mean_cagr": 0.03386070727202019,
        "wf_mean_sharpe": 0.4290692189407914,
        "wf_min_cagr": 0.012964683685082967,
        "wf_windows": 7,
        "wf_worst_drawdown": -0.1388715482649715
      },
      {
        "portfolio_risk_engine.sma_window": 4,
        "variant_name": "gtaa_agg6_v0__portfolio_risk_engine.sma_window=4",
        "wf_fold_cagrs": [
          0.07712666627080678,
          0.05940170421002966,
          0.030030909398556682,
          0.013451608394992709,
          0.031882724105025684,
          0.011593339094579047,
          0.027646596611545782
        ],
        "wf_mean_cagr": 0.03587622115507662,
        "wf_mean_sharpe": 0.4276733332559978,
        "wf_min_cagr": 0.011593339094579047,
        "wf_windows": 7,
        "wf_worst_drawdown": -0.12513236123619198
      },
      {
        "portfolio_risk_engine.sma_window": 5,
        "variant_name": "gtaa_agg6_v0__portfolio_risk_engine.sma_window=5",
        "wf_fold_cagrs": [
          0.07189379146318964,
          0.06318441382208206,
          0.032669272862583254,
          0.014614602303557822,
          0.030733280365567772,
          0.013468810152437172,
          0.024000558617840673
        ],
        "wf_mean_cagr": 0.035794961369608344,
        "wf_mean_sharpe": 0.4242569670373511,
        "wf_min_cagr": 0.013468810152437172,
        "wf_windows": 7,
        "wf_worst_drawdown": -0.13331756347217016
      },
      {
        "portfolio_risk_engine.sma_window": 6,
        "variant_name": "gtaa_agg6_v0__portfolio_risk_engine.sma_window=6",
        "wf_fold_cagrs": [
          0.0706899021565055,
          0.06065168436311663,
          0.03365929849791405,
          0.027162746521515624,
          0.03983061471277871,
          0.02270433941954164,
          0.03657071512492127
        ],
        "wf_mean_cagr": 0.041609900113756204,
        "wf_mean_sharpe": 0.5082445454436174,
        "wf_min_cagr": 0.02270433941954164,