{
  "acceptance": {
    "max_annual_turnover": true,
    "max_consecutive_negative_months": true,
    "max_drawdown": true,
    "max_time_underwater_months": true,
    "min_cagr": true,
    "min_calmar": true,
    "min_sharpe": true
  },
  "metrics": {
    "annual_turnover": 3.8090159271899884,
    "best_year_return": 0.20009729654886632,
    "cagr": 0.05763043284034031,
    "calmar": 0.292648429538611,
    "max_consecutive_negative_months": 6,
    "max_drawdown": -0.19692718984072577,
    "max_time_underwater_months": 38,
    "sharpe": 0.4902880527156536,
    "worst_year_return": -0.12073735709751032
  },
  "metrics_pre_tax": {
    "annual_turnover": 3.8090159271899884,
    "best_year_return": 0.2470336994430442,
    "cagr": 0.06989431500470777,
    "calmar": 0.35492465545889285,
    "max_consecutive_negative_months": 6,
    "max_drawdown": -0.19692718984072632,
    "max_time_underwater_months": 36,
    "sharpe": 0.581433659149319,
    "worst_year_return": -0.12073735709751043
  },
  "mode": "final",
  "named_periods": {
    "gfc_crash": {
      "checks": {
        "min_cagr": true
      },
      "covered": true,
      "metrics": {
        "annual_turnover": 3.724117647058823,
        "best_year_return": 0.07521682605956714,
        "cagr": 0.03788814858618572,
        "calmar": 0.25238744696484244,
        "max_consecutive_negative_months": 4,
        "max_drawdown": -0.15011898983812588,
        "max_time_underwater_months": 9,
        "sharpe": 0.3290544227039798,
        "worst_year_return": -0.02595542709337817
      }
    },
    "inflation_bear": {
      "checks": {
        "max_drawdown": true
      },
      "covered": true,
      "metrics": {
        "annual_turnover": 4.374251497005988,
        "best_year_return": -0.0971576704023639,
        "cagr": -0.09824338205754857,
        "calmar": -0.49888175491158726,
        "max_consecutive_negative_months": 3,
        "max_drawdown": -0.19692718984072577,
        "max_time_underwater_months": 9,
        "sharpe": -0.7111045785966899,
        "worst_year_return": -0.0971576704023639
      }
    }
  },
  "named_periods_all": {
    "covid_crash_rebound": {
      "checks": {},
      "covered": true,
      "metrics": {
        "annual_turnover": 3.203947368421052,
        "best_year_return": 0.14223756401563747,
        "cagr": 0.15755272190844738,
        "calmar": 1.0409116554396032,
        "max_consecutive_negative_months": 3,
        "max_drawdown": -0.1513603206238563,
        "max_time_underwater_months": 4,
        "sharpe": 0.9979923103228749,
        "worst_year_return": 0.14223756401563747
      }
    },
    "gfc_crash": {
      "checks": {},
      "covered": true,
      "metrics": {
        "annual_turnover": 3.724117647058823,
        "best_year_return": 0.07521682605956714,
        "cagr": 0.03788814858618572,
        "calmar": 0.25238744696484244,
        "max_consecutive_negative_months": 4,
        "max_drawdown": -0.15011898983812588,
        "max_time_underwater_months": 9,
        "sharpe": 0.3290544227039798,
        "worst_year_return": -0.02595542709337817
      }
    },
    "inflation_bear": {
      "checks": {},
      "covered": true,
      "metrics": {
        "annual_turnover": 4.374251497005988,
        "best_year_return": -0.0971576704023639,
        "cagr": -0.09824338205754857,
        "calmar": -0.49888175491158726,
        "max_consecutive_negative_months": 3,
        "max_drawdown": -0.19692718984072577,
        "max_time_underwater_months": 9,
        "sharpe": -0.7111045785966899,
        "worst_year_return": -0.0971576704023639
      }
    },
    "post_gfc_recovery": {
      "checks": {},
      "covered": true,
      "metrics": {
        "annual_turnover": 4.361194029850746,
        "best_year_return": 0.11334011379645936,
        "cagr": 0.04814095827609943,
        "calmar": 0.24535251865198643,
        "max_consecutive_negative_months": 4,
        "max_drawdown": -0.1962113881715788,
        "max_time_underwater_months": 20,
        "sharpe": 0.37438022257893205,
        "worst_year_return": -0.02204484228074599
      }
    }
  },
  "param_stability_full": {
    "fold_rank_stability": {
      "default_rank_mean": 2.2857142857142856,
      "default_rank_per_fold": [
        6.0,
        2.0,
        1.0,
        1.0,
        1.0,
        2.0,
        3.0
      ],
      "default_rank_std": 1.6659862556700857,
      "default_wins_fold_count": 3,
      "kendalls_w": 0.24927113702623907,
      "n_folds": 7,
      "n_variants": 7
    },
    "local_param_stability": {
      "asymmetry": -0.1458687421864605,
      "best_metric": 0.04935159237296955,
      "best_value": 7,
      "default_meets_threshold": true,
      "default_metric": 0.048255075957953385,
      "default_rank": 2,
      "default_value": 6,
      "gap_to_best": 0.02221846068773945,
      "local_drop": 0.12314540390031617,
      "local_drop_left": 0.12314540390031617,
      "local_drop_right": -0.022723338286144354,
      "metric_key": "wf_mean_cagr",
      "n_variants": 7,
      "param_col": "portfolio_risk_engine.sma_window",
      "plateau_param_range": [
        6,
        7
      ],
      "plateau_width_points": 2,
      "tolerance": 0.03
    },
    "param_stability": {
      "best": 0.04935159237296955,
      "best_variant_name": "gtaa_agg3_v0__portfolio_risk_engine.sma_window=7",
      "metric_key": "wf_mean_cagr",
      "n_variants": 7,
      "relative_drop": 0.17078289263346538,
      "worst": 0.04092318467144614,
      "worst_variant_name": "gtaa_agg3_v0__portfolio_risk_engine.sma_window=3"
    },
    "param_stability_check": {
      "max_relative_metric_drop_within_family": true
    },
    "sweep": [
      {
        "portfolio_risk_engine.sma_window": 3,
        "variant_name": "gtaa_agg3_v0__portfolio_risk_engine.sma_window=3",
        "wf_fold_cagrs": [
          0.06829092244095625,
          0.04979168054631011,
          0.02942636348300609,
          0.025670998814257828,
          0.05319285828954046,
          0.023329763950369342,
          0.036759705175682944
        ],
        "wf_mean_cagr": 0.04092318467144614,
        "wf_mean_sharpe": 0.4218196114143456,
        "wf_min_cagr": 0.023329763950369342,
        "wf_windows": 7,
        "wf_worst_drawdown": -0.1609279092286272
      },
      {
        "portfolio_risk_engine.sma_window": 4,
        "variant_name": "gtaa_agg3_v0__portfolio_risk_engine.sma_window=4",
        "wf_fold_cagrs": [
          0.08503703948576291,
          0.062371297905220446,
          0.03732951035850007,
          0.024682345395572902,
          0.05178676510500502,
          0.013802411926620461,
          0.025343264334118487
        ],
        "wf_mean_cagr": 0.04290751921582862,
        "wf_mean_sharpe": 0.4082250194499709,
        "wf_min_cagr": 0.013802411926620461,
        "wf_windows": 7,
        "wf_worst_drawdown": -0.18649844865295817
      },
      {
        "portfolio_risk_engine.sma_window": 5,
        "variant_name": "gtaa_agg3_v0__portfolio_risk_engine.sma_window=5",
        "wf_fold_cagrs": [
          0.07553374936749502,
          0.06834326924123268,
          0.04120004149932699,
          0.02544851302642903,
          0.05172716650417608,
          0.016281402042688242,
          0.017654654290747418
        ],
        "wf_mean_cagr": 0.04231268513887078,
        "wf_mean_sharpe": 0.4022528278621399,
        "wf_min_cagr": 0.016281402042688242,
        "wf_windows": 7,
        "wf_worst_drawdown": -0.2154400323395823
      },
      {
        "portfolio_risk_engine.sma_window": 6,
        "variant_name": "gtaa_agg3_v0__portfolio_risk_engine.sma_window=6",
        "wf_fold_cagrs": [
          0.07437258692099502,
          0.06929589286704663,
          0.046707654774143625,
          0.041331754237132534,
          0.061178315669866645,
          0.02173508209684516,
          0.023164245139644102
        ],
        "wf_mean_cagr": 0.048255075957953385,
        "wf_mean_sharpe": 0.4573901360631147,