{
  "acceptance": {
    "max_annual_turnover": true,
    "max_consecutive_negative_months": true,
    "max_drawdown": false,
    "max_time_underwater_months": false,
    "min_cagr": true,
    "min_calmar": true,
    "min_sharpe": true
  },
  "metrics": {
    "annual_turnover": 1.1612793338380016,
    "best_year_return": 0.4036478853361509,
    "cagr": 0.133161653067974,
    "calmar": 0.426974702759394,
    "max_consecutive_negative_months": 4,
    "max_drawdown": -0.3118724650603303,
    "max_time_underwater_months": 26,
    "sharpe": 0.769166631837849,
    "worst_year_return": -0.19351314178028356
  },
  "metrics_pre_tax": {
    "annual_turnover": 1.1612793338380016,
    "best_year_return": 0.49031716991100516,
    "cagr": 0.16261528956466398,
    "calmar": 0.5214159882091763,
    "max_consecutive_negative_months": 4,
    "max_drawdown": -0.3118724650603304,
    "max_time_underwater_months": 25,
    "sharpe": 0.920362544718657,
    "worst_year_return": -0.19351314178028334
  },
  "mode": "final",
  "named_periods_all": {
    "covid_crash_rebound": {
      "checks": {},
      "covered": true,
      "metrics": {
        "annual_turnover": 0.4805921052631579,
        "best_year_return": 0.20220720009570092,
        "cagr": 0.224586034169181,
        "calmar": 0.7201213936143285,
        "max_consecutive_negative_months": 2,
        "max_drawdown": -0.3118724650603303,
        "max_time_underwater_months": 2,
        "sharpe": 0.7595469923214849,
        "worst_year_return": 0.20220720009570092
      }
    },
    "gfc_crash": {
      "checks": {},
      "covered": true,
      "metrics": {
        "annual_turnover": 3.006172839506173,
        "best_year_return": 0.1280452232652376,
        "cagr": -0.006303612662349578,
        "calmar": -0.03124256413211701,
        "max_consecutive_negative_months": 2,
        "max_drawdown": -0.2017636143977547,
        "max_time_underwater_months": 3,
        "sharpe": 0.08495270062624376,
        "worst_year_return": -0.11769077231939451
      }
    },
    "inflation_bear": {
      "checks": {},
      "covered": true,
      "metrics": {
        "annual_turnover": 1.093562874251497,
        "best_year_return": -0.19351314178028356,
        "cagr": -0.19555255144861028,
        "calmar": -1.0051325507193996,
        "max_consecutive_negative_months": 4,
        "max_drawdown": -0.19455399321079414,
        "max_time_underwater_months": 9,
        "sharpe": -1.0296457109838233,
        "worst_year_return": -0.19351314178028356
      }
    },
    "post_gfc_recovery": {
      "checks": {},
      "covered": true,
      "metrics": {
        "annual_turnover": 2.01705223880597,
        "best_year_return": 0.2174566989127873,
        "cagr": 0.10891670580912716,
        "calmar": 0.6374498747821481,
        "max_consecutive_negative_months": 2,
        "max_drawdown": -0.17086316919640154,
        "max_time_underwater_months": 12,
        "sharpe": 0.7246288819809705,
        "worst_year_return": 0.04089467764544508
      }
    }
  },
  "param_stability_full": {
    "fold_rank_stability": {
      "default_rank_mean": 5.8,
      "default_rank_per_fold": [
        4.0,
        7.0,
        6.0,
        6.0,
        6.0
      ],
      "default_rank_std": 0.9797958971132712,
      "default_wins_fold_count": 0,
      "kendalls_w": 0.8031428571428572,
      "n_folds": 5,
      "n_variants": 15
    },
    "local_param_stability": {
      "best_metric": 0.14894353435273716,
      "best_values": [
        0.005,
        -0.03
      ],
      "default_in_plateau": true,
      "default_meets_threshold": true,
      "default_metric": 0.1470037351467887,
      "default_rank": 6,
      "default_values": [
        0.005,
        -0.02
      ],
      "gap_to_best": 0.013023722139925335,
      "metric_key": "wf_mean_cagr",
      "n_variants": 15,
      "param_cols": [
        "execution.min_score_gap",
        "asset_filters.canary.bad_threshold"
      ],
      "plateau_area_cells": 10,
      "plateau_area_fraction": 0.6666666666666666,
      "plateau_cols_covered": [
        -0.03,
        -0.02
      ],
      "plateau_rows_covered": [
        0.0,
        0.0025,
        0.005,
        0.0075,
        0.01
      ],
      "tolerance": 0.03
    },
    "param_stability": {
      "best": 0.14894353435273716,
      "best_variant_name": "synergy_v2_v0__execution.min_score_gap=0.005_asset_filters.canary.bad_threshold=-0.03",
      "metric_key": "wf_mean_cagr",
      "n_variants": 15,
      "relative_drop": 0.18805800366324682,
      "worst": 0.12093351062381319,
      "worst_variant_name": "synergy_v2_v0__execution.min_score_gap=0.0025_asset_filters.canary.bad_threshold=-0.01"
    },
    "param_stability_check": {
      "max_relative_metric_drop_within_family": true
    },
    "sweep": [
      {
        "asset_filters.canary.bad_threshold": -0.03,
        "execution.min_score_gap": 0.0,
        "variant_name": "synergy_v2_v0__execution.min_score_gap=0.0_asset_filters.canary.bad_threshold=-0.03",
        "wf_fold_cagrs": [
          0.1639828721233596,
          0.11123242166686031,
          0.16063650033191723,
          0.17697879057340282,
          0.12708608573858204
        ],
        "wf_mean_cagr": 0.1479833340868244,
        "wf_mean_sharpe": 1.0427483606432335,
        "wf_min_cagr": 0.11123242166686031,
        "wf_windows": 5,
        "wf_worst_drawdown": -0.24397468396412603
      },
      {
        "asset_filters.canary.bad_threshold": -0.02,
        "execution.min_score_gap": 0.0,
        "variant_name": "synergy_v2_v0__execution.min_score_gap=0.0_asset_filters.canary.bad_threshold=-0.02",
        "wf_fold_cagrs": [
          0.16398287212335982,
          0.10888174371611536,
          0.15817997013792162,
          0.17448494122476244,
          0.12469925977644847
        ],
        "wf_mean_cagr": 0.14604575739572154,
        "wf_mean_sharpe": 1.0299075476298232,
        "wf_min_cagr": 0.10888174371611536,
        "wf_windows": 5,
        "wf_worst_drawdown": -0.2439746839641258
      },
      {
        "asset_filters.canary.bad_threshold": -0.01,
        "execution.min_score_gap": 0.0,
        "variant_name": "synergy_v2_v0__execution.min_score_gap=0.0_asset_filters.canary.bad_threshold=-0.01",
        "wf_fold_cagrs": [
          0.14770552704303253,
          0.07526613728726761,
          0.13896105397109992,
          0.15497425609419135,
          0.08820080089277327
        ],
        "wf_mean_cagr": 0.12102155505767294,
        "wf_mean_sharpe": 0.9120749878109992,
        "wf_min_cagr": 0.07526613728726761,
        "wf_windows": 5,
        "wf_worst_drawdown": -0.24397468396412558
      },
      {
        "asset_filters.canary.bad_threshold": -0.03,
        "execution.min_score_gap": 0.0025,
        "variant_name": "synergy_v2_v0__execution.min_score_gap=0.0025_asset_filters.canary.bad_threshold=-0.03",
        "wf_fold_cagrs": [
          0.1635364064987539,
          0.1112324216668612,
          0.16063650033191768,
          0.17697879057340327,
          0.12708608573858182
        ],
        "wf_mean_cagr": 0.14789404096190356,
        "wf_mean_sharpe": 1.0425244321242604,
        "wf_min_cagr": 0.1112324216668612,
        "wf_windows": 5,
        "wf_worst_drawdown": -0.2439746839641257
      },
      {
        "asset_filters.canary.bad_threshold": -0.02,
        "execution.min_score_gap": 0.0025,
        "variant_name": "synergy_v2_v0__execution.min_score_gap=0.0025_asset_filters.canary.bad_threshold=-0.02",
        "wf_fold_cagrs": [
          0.16353640649875412,
          0.10888174371611647,
          0.1581799701379223,
          0.17448494122476266,
          0.12469925977644869
        ],
        "wf_mean_cagr": 0.14595646427080083,
        "wf_mean_sharpe": 1.0296836191108505,
        "wf_min_cagr": 0.10888174371611647,
        "wf_windows": 5,
        "wf_worst_drawdown": -0.24397468396412592
      },
      {
        "asset_filters.canary.bad_threshold": -0.01,