{
  "acceptance": {
    "max_annual_turnover": true,
    "max_consecutive_negative_months": true,
    "max_drawdown": false,
    "max_time_underwater_months": false,
    "min_cagr": true,
    "min_calmar": false,
    "min_sharpe": true
  },
  "metrics": {
    "annual_turnover": 1.0728009084027252,
    "best_year_return": 0.38174391411790776,
    "cagr": 0.11959278701118747,
    "calmar": 0.3987576718677302,
    "max_consecutive_negative_months": 4,
    "max_drawdown": -0.2999134448022782,
    "max_time_underwater_months": 26,
    "sharpe": 0.7258097121177954,
    "worst_year_return": -0.19351314178028345
  },
  "metrics_pre_tax": {
    "annual_turnover": 1.0728009084027252,
    "best_year_return": 0.4632752301353964,
    "cagr": 0.1457759430970782,
    "calmar": 0.5171971189542645,
    "max_consecutive_negative_months": 4,
    "max_drawdown": -0.28185760854938,
    "max_time_underwater_months": 25,
    "sharpe": 0.8678914783423524,
    "worst_year_return": -0.19351314178028334
  },
  "mode": "final",
  "named_periods_all": {
    "covid_crash_rebound": {
      "checks": {},
      "covered": true,
      "metrics": {
        "annual_turnover": 0.7208881578947369,
        "best_year_return": 0.19543482678970236,
        "cagr": 0.21699885616293324,
        "calmar": 0.8213390197089412,
        "max_consecutive_negative_months": 2,
        "max_drawdown": -0.26420132363835747,
        "max_time_underwater_months": 4,
        "sharpe": 0.7825474791269214,
        "worst_year_return": 0.19543482678970236
      }
    },
    "gfc_crash": {
      "checks": {},
      "covered": true,
      "metrics": {
        "annual_turnover": 3.006172839506173,
        "best_year_return": 0.1280452232652376,
        "cagr": -0.006303612662349578,
        "calmar": -0.03124256413211701,
        "max_consecutive_negative_months": 2,
        "max_drawdown": -0.2017636143977547,
        "max_time_underwater_months": 3,
        "sharpe": 0.08495270062624376,
        "worst_year_return": -0.11769077231939451
      }
    },
    "inflation_bear": {
      "checks": {},
      "covered": true,
      "metrics": {
        "annual_turnover": 1.093562874251497,
        "best_year_return": -0.19351314178028345,
        "cagr": -0.19555255144861017,
        "calmar": -1.0051325507194009,
        "max_consecutive_negative_months": 4,
        "max_drawdown": -0.1945539932107938,
        "max_time_underwater_months": 9,
        "sharpe": -1.0296457109838295,
        "worst_year_return": -0.19351314178028345
      }
    },
    "post_gfc_recovery": {
      "checks": {},
      "covered": true,
      "metrics": {
        "annual_turnover": 1.3628731343283582,
        "best_year_return": 0.18124318203307954,
        "cagr": 0.08969585700679072,
        "calmar": 0.5249572358317217,
        "max_consecutive_negative_months": 3,
        "max_drawdown": -0.17086316919640154,
        "max_time_underwater_months": 16,
        "sharpe": 0.660686745315783,
        "worst_year_return": 0.025658415613430074
      }
    }
  },
  "param_stability_full": {
    "fold_rank_stability": {
      "default_rank_mean": 8.2,
      "default_rank_per_fold": [
        5.0,
        9.0,
        9.0,
        9.0,
        9.0
      ],
      "default_rank_std": 1.5999999999999999,
      "default_wins_fold_count": 0,
      "kendalls_w": 0.8937142857142857,
      "n_folds": 5,
      "n_variants": 15
    },
    "local_param_stability": {
      "best_metric": 0.11514060798584377,
      "best_values": [
        0.0075,
        -0.03
      ],
      "default_in_plateau": false,
      "default_meets_threshold": false,
      "default_metric": 0.111393329954721,
      "default_rank": 9,
      "default_values": [
        0.005,
        -0.02
      ],
      "gap_to_best": 0.03254523401147487,
      "metric_key": "wf_mean_cagr",
      "n_variants": 15,
      "param_cols": [
        "execution.min_score_gap",
        "asset_filters.canary.bad_threshold"
      ],
      "plateau_area_cells": 0,
      "plateau_area_fraction": 0.0,
      "plateau_cols_covered": [],
      "plateau_rows_covered": [],
      "tolerance": 0.03
    },
    "param_stability": {
      "best": 0.11514060798584377,
      "best_variant_name": "synergy_v1_v0__execution.min_score_gap=0.0075_asset_filters.canary.bad_threshold=-0.03",
      "metric_key": "wf_mean_cagr",
      "n_variants": 15,
      "relative_drop": 0.31019023743294233,
      "worst": 0.07942511545654156,
      "worst_variant_name": "synergy_v1_v0__execution.min_score_gap=0.0025_asset_filters.canary.bad_threshold=-0.01"
    },
    "param_stability_check": {
      "max_relative_metric_drop_within_family": false
    },
    "sweep": [
      {
        "asset_filters.canary.bad_threshold": -0.03,
        "execution.min_score_gap": 0.0,
        "variant_name": "synergy_v1_v0__execution.min_score_gap=0.0_asset_filters.canary.bad_threshold=-0.03",
        "wf_fold_cagrs": [
          0.13573653438041577,
          0.09282019167142375,
          0.09530974535083847,
          0.1416141385071934,
          0.09538182561119868
        ],
        "wf_mean_cagr": 0.11217248710421401,
        "wf_mean_sharpe": 0.8683487463555959,
        "wf_min_cagr": 0.09282019167142375,
        "wf_windows": 5,
        "wf_worst_drawdown": -0.24397468396412592
      },
      {
        "asset_filters.canary.bad_threshold": -0.02,
        "execution.min_score_gap": 0.0,
        "variant_name": "synergy_v1_v0__execution.min_score_gap=0.0_asset_filters.canary.bad_threshold=-0.02",
        "wf_fold_cagrs": [
          0.1357365343804151,
          0.09050902322786625,
          0.0929920438996692,
          0.13919580844090262,
          0.09306270222936863
        ],
        "wf_mean_cagr": 0.11029922243564436,
        "wf_mean_sharpe": 0.8549206941624174,
        "wf_min_cagr": 0.09050902322786625,
        "wf_windows": 5,
        "wf_worst_drawdown": -0.24397468396412614
      },
      {
        "asset_filters.canary.bad_threshold": -0.01,
        "execution.min_score_gap": 0.0,
        "variant_name": "synergy_v1_v0__execution.min_score_gap=0.0_asset_filters.canary.bad_threshold=-0.01",
        "wf_fold_cagrs": [
          0.11612839630397342,
          0.04892039438971563,
          0.06973489787328746,
          0.11492921064341277,
          0.05255042210040006
        ],
        "wf_mean_cagr": 0.08045266426215787,
        "wf_mean_sharpe": 0.652079896435845,
        "wf_min_cagr": 0.04892039438971563,
        "wf_windows": 5,
        "wf_worst_drawdown": -0.24397468396412603
      },
      {
        "asset_filters.canary.bad_threshold": -0.03,
        "execution.min_score_gap": 0.0025,
        "variant_name": "synergy_v1_v0__execution.min_score_gap=0.0025_asset_filters.canary.bad_threshold=-0.03",
        "wf_fold_cagrs": [
          0.13364628010534196,
          0.09519551761046952,
          0.09769178845090454,
          0.1457694898846713,
          0.09936670652963375
        ],
        "wf_mean_cagr": 0.11433395651620422,
        "wf_mean_sharpe": 0.8800825217865222,
        "wf_min_cagr": 0.09519551761046952,
        "wf_windows": 5,
        "wf_worst_drawdown": -0.24397468396412558
      },
      {
        "asset_filters.canary.bad_threshold": -0.02,
        "execution.min_score_gap": 0.0025,
        "variant_name": "synergy_v1_v0__execution.min_score_gap=0.0025_asset_filters.canary.bad_threshold=-0.02",
        "wf_fold_cagrs": [
          0.13364628010534219,
          0.09287932567046298,
          0.09536904653992728,
          0.14334235735979806,
          0.09703914642711453
        ],
        "wf_mean_cagr": 0.112455231220529,
        "wf_mean_sharpe": 0.8666953949454956,
        "wf_min_cagr": 0.09287932567046298,
        "wf_windows": 5,
        "wf_worst_drawdown": -0.24397468396412636
      },
      {
        "asset_filters.canary.bad_threshold": -0.01,
        "execution.min_score_gap": 0.0025,
        "variant_name": "synergy_v1_v0__execution.min_score_gap=0.0025_asset_filters.canary.bad_threshold=-0.01",