{
  "acceptance": {
    "max_annual_turnover": true,
    "max_consecutive_negative_months": true,
    "max_drawdown": false,
    "max_time_underwater_months": true,
    "min_cagr": true,
    "min_calmar": true,
    "min_sharpe": true
  },
  "metrics": {
    "annual_turnover": 1.0728009084027252,
    "best_year_return": 0.39901824764387483,
    "cagr": 0.14166148094762243,
    "calmar": 0.47234121511629656,
    "max_consecutive_negative_months": 4,
    "max_drawdown": -0.2999134448022782,
    "max_time_underwater_months": 23,
    "sharpe": 0.8368351057903388,
    "worst_year_return": -0.14581541644256057
  },
  "metrics_pre_tax": {
    "annual_turnover": 1.0728009084027252,
    "best_year_return": 0.4632752301353964,
    "cagr": 0.1457759430970782,
    "calmar": 0.5171971189542645,
    "max_consecutive_negative_months": 4,
    "max_drawdown": -0.28185760854938,
    "max_time_underwater_months": 25,
    "sharpe": 0.8678914783423524,
    "worst_year_return": -0.19351314178028334
  },
  "mode": "final"
}
