{
  "acceptance": {
    "max_annual_turnover": true,
    "max_consecutive_negative_months": true,
    "max_drawdown": false,
    "max_time_underwater_months": false,
    "min_cagr": true,
    "min_calmar": false,
    "min_sharpe": true
  },
  "metrics": {
    "annual_turnover": 1.4377744133232402,
    "best_year_return": 0.4036478853361529,
    "cagr": 0.11957881874452747,
    "calmar": 0.3834221745783025,
    "max_consecutive_negative_months": 4,
    "max_drawdown": -0.3118724650603302,
    "max_time_underwater_months": 25,
    "sharpe": 0.704924563161522,
    "worst_year_return": -0.19351314178028334
  },
  "metrics_pre_tax": {
    "annual_turnover": 1.4377744133232402,
    "best_year_return": 0.4903171699110078,
    "cagr": 0.14642013565232603,
    "calmar": 0.46948721691093115,
    "max_consecutive_negative_months": 4,
    "max_drawdown": -0.3118724650603302,
    "max_time_underwater_months": 24,
    "sharpe": 0.8437173957595278,
    "worst_year_return": -0.19351314178028356
  },
  "mode": "final",
  "named_periods_all": {
    "covid_crash_rebound": {
      "checks": {},
      "covered": true,
      "metrics": {
        "annual_turnover": 0.4805921052631579,
        "best_year_return": 0.20220720009570203,
        "cagr": 0.2245860341691821,
        "calmar": 0.7201213936143323,
        "max_consecutive_negative_months": 2,
        "max_drawdown": -0.3118724650603302,
        "max_time_underwater_months": 2,
        "sharpe": 0.7595469923214826,
        "worst_year_return": 0.20220720009570203
      }
    },
    "gfc_crash": {
      "checks": {},
      "covered": true,
      "metrics": {
        "annual_turnover": 3.006172839506173,
        "best_year_return": 0.1280452232652376,
        "cagr": -0.006303612662349578,
        "calmar": -0.03124256413211701,
        "max_consecutive_negative_months": 2,
        "max_drawdown": -0.2017636143977547,
        "max_time_underwater_months": 3,
        "sharpe": 0.08495270062624376,
        "worst_year_return": -0.11769077231939451
      }
    },
    "inflation_bear": {
      "checks": {},
      "covered": true,
      "metrics": {
        "annual_turnover": 1.093562874251497,
        "best_year_return": -0.19351314178028334,
        "cagr": -0.19555255144861006,
        "calmar": -1.0051325507193984,
        "max_consecutive_negative_months": 4,
        "max_drawdown": -0.19455399321079414,
        "max_time_underwater_months": 9,
        "sharpe": -1.029645710983827,
        "worst_year_return": -0.19351314178028334
      }
    },
    "post_gfc_recovery": {
      "checks": {},
      "covered": true,
      "metrics": {
        "annual_turnover": 3.1618656716417908,
        "best_year_return": 0.10750343212410751,
        "cagr": 0.06309160368187317,
        "calmar": 0.3692522149659501,
        "max_consecutive_negative_months": 2,
        "max_drawdown": -0.17086316919640154,
        "max_time_underwater_months": 6,
        "sharpe": 0.45821421419096486,
        "worst_year_return": 0.03801484382495546
      }
    }
  },
  "param_stability_full": {
    "fold_rank_stability": {
      "default_rank_mean": 6.2,
      "default_rank_per_fold": [
        6.0,
        7.0,
        6.0,
        6.0,
        6.0
      ],
      "default_rank_std": 0.39999999999999997,
      "default_wins_fold_count": 0,
      "kendalls_w": 0.9451428571428572,
      "n_folds": 5,
      "n_variants": 15
    },
    "local_param_stability": {
      "best_metric": 0.14320491231821947,
      "best_values": [
        0.005,
        -0.03
      ],
      "default_in_plateau": true,
      "default_meets_threshold": true,
      "default_metric": 0.1412611357986747,
      "default_rank": 6,
      "default_values": [
        0.005,
        -0.02
      ],
      "gap_to_best": 0.01357339275642625,
      "metric_key": "wf_mean_cagr",
      "n_variants": 15,
      "param_cols": [
        "execution.min_score_gap",
        "asset_filters.canary.bad_threshold"
      ],
      "plateau_area_cells": 10,
      "plateau_area_fraction": 0.6666666666666666,
      "plateau_cols_covered": [
        -0.03,
        -0.02
      ],
      "plateau_rows_covered": [
        0.0,
        0.0025,
        0.005,
        0.0075,
        0.01
      ],
      "tolerance": 0.03
    },
    "param_stability": {
      "best": 0.14320491231821947,
      "best_variant_name": "synergy_v2_v0__execution.min_score_gap=0.005_asset_filters.canary.bad_threshold=-0.03",
      "metric_key": "wf_mean_cagr",
      "n_variants": 15,
      "relative_drop": 0.19940063997460802,
      "worst": 0.11464976115445888,
      "worst_variant_name": "synergy_v2_v0__execution.min_score_gap=0.0_asset_filters.canary.bad_threshold=-0.01"
    },
    "param_stability_check": {
      "max_relative_metric_drop_within_family": true
    },
    "sweep": [
      {
        "asset_filters.canary.bad_threshold": -0.03,
        "execution.min_score_gap": 0.0,
        "variant_name": "synergy_v2_v0__execution.min_score_gap=0.0_asset_filters.canary.bad_threshold=-0.03",
        "wf_fold_cagrs": [
          0.124106064718428,
          0.11930497893978487,
          0.16063650033191745,
          0.17697879057340304,
          0.12708608573858204
        ],
        "wf_mean_cagr": 0.14162248406042308,
        "wf_mean_sharpe": 1.001481735167554,
        "wf_min_cagr": 0.11930497893978487,
        "wf_windows": 5,
        "wf_worst_drawdown": -0.24397468396412636
      },
      {
        "asset_filters.canary.bad_threshold": -0.02,
        "execution.min_score_gap": 0.0,
        "variant_name": "synergy_v2_v0__execution.min_score_gap=0.0_asset_filters.canary.bad_threshold=-0.02",
        "wf_fold_cagrs": [
          0.12410606471842778,
          0.11693722446929722,
          0.1581799701379223,
          0.1744849412247631,
          0.12469925977644869
        ],
        "wf_mean_cagr": 0.1396814920653718,
        "wf_mean_sharpe": 0.9886003112244126,
        "wf_min_cagr": 0.11693722446929722,
        "wf_windows": 5,
        "wf_worst_drawdown": -0.24397468396412636
      },
      {
        "asset_filters.canary.bad_threshold": -0.01,
        "execution.min_score_gap": 0.0,
        "variant_name": "synergy_v2_v0__execution.min_score_gap=0.0_asset_filters.canary.bad_threshold=-0.01",
        "wf_fold_cagrs": [
          0.10820864922772166,
          0.0829040455865071,
          0.13896105397110037,
          0.1549742560941918,
          0.08820080089277349
        ],
        "wf_mean_cagr": 0.11464976115445888,
        "wf_mean_sharpe": 0.8684699393084081,
        "wf_min_cagr": 0.0829040455865071,
        "wf_windows": 5,
        "wf_worst_drawdown": -0.2439746839641258
      },
      {
        "asset_filters.canary.bad_threshold": -0.03,
        "execution.min_score_gap": 0.0025,
        "variant_name": "synergy_v2_v0__execution.min_score_gap=0.0025_asset_filters.canary.bad_threshold=-0.03",
        "wf_fold_cagrs": [
          0.12544234921299013,
          0.12063336878003694,
          0.1606365003319179,
          0.17697879057340327,
          0.12708608573858227
        ],
        "wf_mean_cagr": 0.1421554189273861,
        "wf_mean_sharpe": 1.0044489019472542,
        "wf_min_cagr": 0.12063336878003694,
        "wf_windows": 5,
        "wf_worst_drawdown": -0.24397468396412647
      },
      {
        "asset_filters.canary.bad_threshold": -0.02,
        "execution.min_score_gap": 0.0025,
        "variant_name": "synergy_v2_v0__execution.min_score_gap=0.0025_asset_filters.canary.bad_threshold=-0.02",
        "wf_fold_cagrs": [
          0.1254423492129897,
          0.11826280426131142,
          0.15817997013792162,
          0.17448494122476288,
          0.12469925977644891
        ],
        "wf_mean_cagr": 0.1402138649226869,
        "wf_mean_sharpe": 0.9915688811598009,
        "wf_min_cagr": 0.11826280426131142,
        "wf_windows": 5,
        "wf_worst_drawdown": -0.24397468396412592
      },
      {
        "asset_filters.canary.bad_threshold": -0.01,