{
  "acceptance": {
    "max_annual_turnover": true,
    "max_consecutive_negative_months": true,
    "max_drawdown": false,
    "max_time_underwater_months": true,
    "min_cagr": true,
    "min_calmar": true,
    "min_sharpe": true
  },
  "metrics": {
    "annual_turnover": 1.1612793338380016,
    "best_year_return": 0.40070636047214436,
    "cagr": 0.15844040160141293,
    "calmar": 0.5080294650916467,
    "max_consecutive_negative_months": 4,
    "max_drawdown": -0.3118724650603304,
    "max_time_underwater_months": 23,
    "sharpe": 0.8902082082227721,
    "worst_year_return": -0.14595722565327762
  },
  "metrics_pre_tax": {
    "annual_turnover": 1.1612793338380016,
    "best_year_return": 0.49031716991100516,
    "cagr": 0.16261528956466398,
    "calmar": 0.5214159882091763,
    "max_consecutive_negative_months": 4,
    "max_drawdown": -0.3118724650603304,
    "max_time_underwater_months": 25,
    "sharpe": 0.920362544718657,
    "worst_year_return": -0.19351314178028334
  },
  "mode": "final"
}
