{
  "acceptance": {
    "max_annual_turnover": true,
    "max_consecutive_negative_months": true,
    "max_drawdown": false,
    "max_time_underwater_months": false,
    "min_cagr": true,
    "min_calmar": false,
    "min_sharpe": true
  },
  "metrics": {
    "annual_turnover": 1.3603557910673734,
    "best_year_return": 0.3817439141179113,
    "cagr": 0.10618705235356063,
    "calmar": 0.35405899333244567,
    "max_consecutive_negative_months": 4,
    "max_drawdown": -0.2999134448022782,
    "max_time_underwater_months": 31,
    "sharpe": 0.658755693303342,
    "worst_year_return": -0.193513141780284
  },
  "metrics_pre_tax": {
    "annual_turnover": 1.3603557910673734,
    "best_year_return": 0.4632752301354006,
    "cagr": 0.12976496967854478,
    "calmar": 0.4603919345885269,
    "max_consecutive_negative_months": 4,
    "max_drawdown": -0.28185760854938,
    "max_time_underwater_months": 31,
    "sharpe": 0.7877825859442125,
    "worst_year_return": -0.19351314178028411
  },
  "mode": "final",
  "named_periods_all": {
    "covid_crash_rebound": {
      "checks": {},
      "covered": true,
      "metrics": {
        "annual_turnover": 0.7208881578947369,
        "best_year_return": 0.19543482678970392,
        "cagr": 0.21699885616293502,
        "calmar": 0.8213390197089476,
        "max_consecutive_negative_months": 2,
        "max_drawdown": -0.2642013236383576,
        "max_time_underwater_months": 4,
        "sharpe": 0.7825474791269295,
        "worst_year_return": 0.19543482678970392
      }
    },
    "gfc_crash": {
      "checks": {},
      "covered": true,
      "metrics": {
        "annual_turnover": 3.006172839506173,
        "best_year_return": 0.1280452232652376,
        "cagr": -0.006303612662349578,
        "calmar": -0.03124256413211701,
        "max_consecutive_negative_months": 2,
        "max_drawdown": -0.2017636143977547,
        "max_time_underwater_months": 3,
        "sharpe": 0.08495270062624376,
        "worst_year_return": -0.11769077231939451
      }
    },
    "inflation_bear": {
      "checks": {},
      "covered": true,
      "metrics": {
        "annual_turnover": 1.093562874251497,
        "best_year_return": -0.193513141780284,
        "cagr": -0.19555255144861072,
        "calmar": -1.0051325507194013,
        "max_consecutive_negative_months": 4,
        "max_drawdown": -0.19455399321079425,
        "max_time_underwater_months": 9,
        "sharpe": -1.0296457109838335,
        "worst_year_return": -0.193513141780284
      }
    },
    "post_gfc_recovery": {
      "checks": {},
      "covered": true,
      "metrics": {
        "annual_turnover": 2.5622014925373136,
        "best_year_return": 0.07117421392222867,
        "cagr": 0.04473055498358036,
        "calmar": 0.261791673383771,
        "max_consecutive_negative_months": 3,
        "max_drawdown": -0.17086316919640154,
        "max_time_underwater_months": 8,
        "sharpe": 0.3689519076802905,
        "worst_year_return": 0.025658415613432295
      }
    }
  },
  "param_stability_full": {
    "fold_rank_stability": {
      "default_rank_mean": 5.8,
      "default_rank_per_fold": [
        1.0,
        7.0,
        7.0,
        7.0,
        7.0
      ],
      "default_rank_std": 2.4000000000000004,
      "default_wins_fold_count": 1,
      "kendalls_w": 0.868,
      "n_folds": 5,
      "n_variants": 15
    },
    "local_param_stability": {
      "best_metric": 0.10869328556580235,
      "best_values": [
        0.0025,
        -0.03
      ],
      "default_in_plateau": true,
      "default_meets_threshold": true,
      "default_metric": 0.105729218903417,
      "default_rank": 7,
      "default_values": [
        0.005,
        -0.02
      ],
      "gap_to_best": 0.027270007038207762,
      "metric_key": "wf_mean_cagr",
      "n_variants": 15,
      "param_cols": [
        "execution.min_score_gap",
        "asset_filters.canary.bad_threshold"
      ],
      "plateau_area_cells": 9,
      "plateau_area_fraction": 0.6,
      "plateau_cols_covered": [
        -0.03,
        -0.02
      ],
      "plateau_rows_covered": [
        0.0,
        0.0025,
        0.005,
        0.0075,
        0.01
      ],
      "tolerance": 0.03
    },
    "param_stability": {
      "best": 0.10869328556580235,
      "best_variant_name": "synergy_v1_v0__execution.min_score_gap=0.0025_asset_filters.canary.bad_threshold=-0.03",
      "metric_key": "wf_mean_cagr",
      "n_variants": 15,
      "relative_drop": 0.32071356007857166,
      "worst": 0.07383387499535705,
      "worst_variant_name": "synergy_v1_v0__execution.min_score_gap=0.0025_asset_filters.canary.bad_threshold=-0.01"
    },
    "param_stability_check": {
      "max_relative_metric_drop_within_family": false
    },
    "sweep": [
      {
        "asset_filters.canary.bad_threshold": -0.03,
        "execution.min_score_gap": 0.0,
        "variant_name": "synergy_v1_v0__execution.min_score_gap=0.0_asset_filters.canary.bad_threshold=-0.03",
        "wf_fold_cagrs": [
          0.09665099002043642,
          0.10058279120106284,
          0.09530974535083825,
          0.14161413850719273,
          0.09538182561119823
        ],
        "wf_mean_cagr": 0.10590789813814569,
        "wf_mean_sharpe": 0.8221934178723153,
        "wf_min_cagr": 0.09530974535083825,
        "wf_windows": 5,
        "wf_worst_drawdown": -0.2439746839641258
      },
      {
        "asset_filters.canary.bad_threshold": -0.02,
        "execution.min_score_gap": 0.0,
        "variant_name": "synergy_v1_v0__execution.min_score_gap=0.0_asset_filters.canary.bad_threshold=-0.02",
        "wf_fold_cagrs": [
          0.09665099002043598,
          0.09825520589843806,
          0.09299204389966897,
          0.13919580844090196,
          0.09306270222936797
        ],
        "wf_mean_cagr": 0.10403135009776258,
        "wf_mean_sharpe": 0.8087118072568955,
        "wf_min_cagr": 0.09299204389966897,
        "wf_windows": 5,
        "wf_worst_drawdown": -0.24397468396412614
      },
      {
        "asset_filters.canary.bad_threshold": -0.01,
        "execution.min_score_gap": 0.0,
        "variant_name": "synergy_v1_v0__execution.min_score_gap=0.0_asset_filters.canary.bad_threshold=-0.01",
        "wf_fold_cagrs": [
          0.07771765171260592,
          0.0563711616999949,
          0.0697348978732879,
          0.11492921064341322,
          0.05255042210040073
        ],
        "wf_mean_cagr": 0.07426066880594054,
        "wf_mean_sharpe": 0.6080623834945832,
        "wf_min_cagr": 0.05255042210040073,
        "wf_windows": 5,
        "wf_worst_drawdown": -0.2439746839641257
      },
      {
        "asset_filters.canary.bad_threshold": -0.03,
        "execution.min_score_gap": 0.0025,
        "variant_name": "synergy_v1_v0__execution.min_score_gap=0.0025_asset_filters.canary.bad_threshold=-0.03",
        "wf_fold_cagrs": [
          0.09635444380830771,
          0.10428399915549313,
          0.0976917884509052,
          0.14576948988467153,
          0.0993667065296342
        ],
        "wf_mean_cagr": 0.10869328556580235,
        "wf_mean_sharpe": 0.8374671191990661,
        "wf_min_cagr": 0.09635444380830771,
        "wf_windows": 5,
        "wf_worst_drawdown": -0.24397468396412547
      },
      {
        "asset_filters.canary.bad_threshold": -0.02,
        "execution.min_score_gap": 0.0025,
        "variant_name": "synergy_v1_v0__execution.min_score_gap=0.0025_asset_filters.canary.bad_threshold=-0.02",
        "wf_fold_cagrs": [
          0.09635444380830815,
          0.10194858629341153,
          0.09536904653992773,
          0.1433423573597985,
          0.09703914642711498
        ],
        "wf_mean_cagr": 0.10681071608571217,
        "wf_mean_sharpe": 0.824029105742406,
        "wf_min_cagr": 0.09536904653992773,
        "wf_windows": 5,
        "wf_worst_drawdown": -0.2439746839641258
      },
      {
        "asset_filters.canary.bad_threshold": -0.01,
        "execution.min_score_gap": 0.0025,