{
  "acceptance": {
    "max_annual_turnover": true,
    "max_consecutive_negative_months": true,
    "max_drawdown": false,
    "max_time_underwater_months": false,
    "min_cagr": true,
    "min_calmar": false,
    "min_sharpe": false
  },
  "metrics": {
    "annual_turnover": 6.502496743378202,
    "best_year_return": 0.31428924419753135,
    "cagr": 0.08561143477742483,
    "calmar": 0.3725276572852949,
    "max_consecutive_negative_months": 5,
    "max_drawdown": -0.2298122920625476,
    "max_time_underwater_months": 30,
    "sharpe": 0.5906329322450675,
    "worst_year_return": -0.12725591216247834
  },
  "metrics_pre_tax": {
    "annual_turnover": 6.502496743378202,
    "best_year_return": 0.34890934845459176,
    "cagr": 0.0876245491861285,
    "calmar": 0.3714445514039707,
    "max_consecutive_negative_months": 5,
    "max_drawdown": -0.23590209859029798,
    "max_time_underwater_months": 32,
    "sharpe": 0.6067799823396134,
    "worst_year_return": -0.15153403954429723
  },
  "mode": "final"
}
