{
  "annual_tax_rate_assumed": 0.19,
  "capital_weight_sensitivity": null,
  "metrics": {
    "annual_turnover": 5.296875,
    "best_year_return": 0.22599554230649588,
    "cagr": 0.04683530204602904,
    "calmar": 0.16638429171841507,
    "max_consecutive_negative_months": 5,
    "max_drawdown": -0.28148872446019135,
    "max_time_underwater_months": 69,
    "sharpe": 0.39035675734675374,
    "worst_year_return": -0.19510083310937265
  },
  "metrics_pre_tax": {
    "annual_turnover": 5.296875,
    "best_year_return": 0.2790068423536989,
    "cagr": 0.05645745620950593,
    "calmar": 0.21036060084956834,
    "max_consecutive_negative_months": 5,
    "max_drawdown": -0.2683841745150719,
    "max_time_underwater_months": 69,
    "sharpe": 0.45615536328874756,
    "worst_year_return": -0.19510083310937254
  },
  "mode": "combined_final",
  "named_periods_all": {
    "covid_crash_rebound": {
      "checks": {},
      "covered": true,
      "metrics": {
        "annual_turnover": 7.208881578947368,
        "best_year_return": 0.33371335604449115,
        "cagr": 0.37273777587721435,
        "calmar": 2.368609720713286,
        "max_consecutive_negative_months": 1,
        "max_drawdown": -0.1573656363130046,
        "max_time_underwater_months": 2,
        "sharpe": 1.3390027906148487,
        "worst_year_return": 0.33371335604449115
      }
    },
    "gfc_crash": {
      "checks": {},
      "covered": true,
      "metrics": {
        "annual_turnover": 4.812705882352941,
        "best_year_return": 0.1283165692919328,
        "cagr": 0.007544492272547831,
        "calmar": 0.04330122026679397,
        "max_consecutive_negative_months": 2,
        "max_drawdown": -0.174232786652745,
        "max_time_underwater_months": 3,
        "sharpe": 0.12306310428201563,
        "worst_year_return": -0.10540508591421471
      }
    },
    "inflation_bear": {
      "checks": {},
      "covered": true,
      "metrics": {
        "annual_turnover": 7.873652694610778,
        "best_year_return": -0.1918683063347114,
        "cagr": -0.1938925400391336,
        "calmar": -0.8392968456701528,
        "max_consecutive_negative_months": 2,
        "max_drawdown": -0.23101783479755167,
        "max_time_underwater_months": 9,
        "sharpe": -1.5358215071138521,
        "worst_year_return": -0.1918683063347114
      }
    },
    "post_gfc_recovery": {
      "checks": {},
      "covered": true,
      "metrics": {
        "annual_turnover": 5.233432835820896,
        "best_year_return": 0.37648603457608476,
        "cagr": 0.1579910968553675,
        "calmar": 1.0104309446997737,
        "max_consecutive_negative_months": 3,
        "max_drawdown": -0.15636011316172715,
        "max_time_underwater_months": 14,
        "sharpe": 0.8357494999632665,
        "worst_year_return": -0.015531742641158752
      }
    }
  },
  "train_oos": null,
  "uk_mapping": null
}
