{
  "annual_tax_rate_assumed": 0.19,
  "capital_weight_sensitivity": null,
  "metrics": {
    "annual_turnover": 5.278125,
    "best_year_return": 0.23601038328435275,
    "cagr": 0.0607786115272122,
    "calmar": 0.22793628494305185,
    "max_consecutive_negative_months": 5,
    "max_drawdown": -0.2666473727182018,
    "max_time_underwater_months": 45,
    "sharpe": 0.48194576530241395,
    "worst_year_return": -0.1774843198052405
  },
  "metrics_pre_tax": {
    "annual_turnover": 5.278125,
    "best_year_return": 0.2913708435609297,
    "cagr": 0.07343775304221323,
    "calmar": 0.29203351965396507,
    "max_consecutive_negative_months": 5,
    "max_drawdown": -0.25147028714111563,
    "max_time_underwater_months": 42,
    "sharpe": 0.568499480146667,
    "worst_year_return": -0.17748431980524038
  },
  "mode": "combined_final",
  "named_periods_all": {
    "covid_crash_rebound": {
      "checks": {},
      "covered": true,
      "metrics": {
        "annual_turnover": 7.208881578947368,
        "best_year_return": 0.33910353785181524,
        "cagr": 0.37884253336501517,
        "calmar": 2.4074031805233953,
        "max_consecutive_negative_months": 1,
        "max_drawdown": -0.1573656363130046,
        "max_time_underwater_months": 2,
        "sharpe": 1.3467202489601855,
        "worst_year_return": 0.33910353785181524
      }
    },
    "gfc_crash": {
      "checks": {},
      "covered": true,
      "metrics": {
        "annual_turnover": 4.468941176470588,
        "best_year_return": 0.14176722662308272,
        "cagr": 0.019660452816047558,
        "calmar": 0.11317544556719619,
        "max_consecutive_negative_months": 2,
        "max_drawdown": -0.1737165930075748,
        "max_time_underwater_months": 3,
        "sharpe": 0.21181041049842583,
        "worst_year_return": -0.1027105229199804
      }
    },
    "inflation_bear": {
      "checks": {},
      "covered": true,
      "metrics": {
        "annual_turnover": 7.873652694610778,
        "best_year_return": -0.17666098078602666,
        "cagr": -0.17854303147810824,
        "calmar": -0.8191614918816935,
        "max_consecutive_negative_months": 2,
        "max_drawdown": -0.21795828203298173,
        "max_time_underwater_months": 9,
        "sharpe": -1.3978170499321427,
        "worst_year_return": -0.17666098078602666
      }
    },
    "post_gfc_recovery": {
      "checks": {},
      "covered": true,
      "metrics": {
        "annual_turnover": 5.233432835820896,
        "best_year_return": 0.37940799223326716,
        "cagr": 0.1718532862096307,
        "calmar": 1.0903573130855997,
        "max_consecutive_negative_months": 3,
        "max_drawdown": -0.1576118985466365,
        "max_time_underwater_months": 14,
        "sharpe": 0.8945029179007584,
        "worst_year_return": 0.0009617862510957753
      }
    }
  },
  "train_oos": null,
  "uk_mapping": null
}
