{
  "acceptance": {
    "max_annual_turnover": true,
    "max_consecutive_negative_months": true,
    "max_drawdown": false,
    "max_time_underwater_months": false,
    "min_cagr": false,
    "min_calmar": false,
    "min_sharpe": false
  },
  "metrics": {
    "annual_turnover": 6.502496743378202,
    "best_year_return": 0.26955105006413005,
    "cagr": 0.05511874924351989,
    "calmar": 0.2053117686553194,
    "max_consecutive_negative_months": 5,
    "max_drawdown": -0.26846366189584636,
    "max_time_underwater_months": 43,
    "sharpe": 0.414319536396289,
    "worst_year_return": -0.17170464638905325
  },
  "metrics_pre_tax": {
    "annual_turnover": 6.502496743378202,
    "best_year_return": 0.3327790741532468,
    "cagr": 0.06656418466433456,
    "calmar": 0.2544804337191401,
    "max_consecutive_negative_months": 5,
    "max_drawdown": -0.26156896894398884,
    "max_time_underwater_months": 43,
    "sharpe": 0.48348075699469234,
    "worst_year_return": -0.17170464638905314
  },
  "mode": "final",
  "named_periods_all": {
    "covid_crash_rebound": {
      "checks": {},
      "covered": true,
      "metrics": {
        "annual_turnover": 7.208881578947368,
        "best_year_return": 0.3432469634566673,
        "cagr": 0.3835369261375159,
        "calmar": 2.4372342979292547,
        "max_consecutive_negative_months": 1,
        "max_drawdown": -0.1573656363130045,
        "max_time_underwater_months": 2,
        "sharpe": 1.3730733764822223,
        "worst_year_return": 0.3432469634566673
      }
    },
    "gfc_crash": {
      "checks": {},
      "covered": true,
      "metrics": {
        "annual_turnover": 5.156470588235294,
        "best_year_return": 0.12681165097711045,
        "cagr": 0.006463214661661665,
        "calmar": 0.037142903487649925,
        "max_consecutive_negative_months": 2,
        "max_drawdown": -0.17400940838700707,
        "max_time_underwater_months": 3,
        "sharpe": 0.1150559713110872,
        "worst_year_return": -0.1054050859142146
      }
    },
    "inflation_bear": {
      "checks": {},
      "covered": true,
      "metrics": {
        "annual_turnover": 8.748502994011975,
        "best_year_return": -0.16837815902515374,
        "cagr": -0.1701813601784885,
        "calmar": -0.7879881128701942,
        "max_consecutive_negative_months": 2,
        "max_drawdown": -0.2159694510601362,
        "max_time_underwater_months": 9,
        "sharpe": -1.2580981934185833,
        "worst_year_return": -0.16837815902515374
      }
    },
    "post_gfc_recovery": {
      "checks": {},
      "covered": true,
      "metrics": {
        "annual_turnover": 5.996641791044776,
        "best_year_return": 0.425387964549224,
        "cagr": 0.14686735872090728,
        "calmar": 0.6434148246567242,
        "max_consecutive_negative_months": 3,
        "max_drawdown": -0.22826231708177414,
        "max_time_underwater_months": 21,
        "sharpe": 0.7365693877272665,
        "worst_year_return": -0.08228394909853298
      }
    }
  },
  "param_stability_full": {
    "fold_rank_stability": {
      "default_rank_mean": 1.0,
      "default_rank_per_fold": [
        1.0,
        1.0,
        1.0,
        1.0,
        1.0,
        1.0,
        1.0
      ],
      "default_rank_std": 0.0,
      "default_wins_fold_count": 7,
      "kendalls_w": 1.0,
      "n_folds": 7,
      "n_variants": 5
    },
    "local_param_stability": {
      "asymmetry": null,
      "best_metric": 0.038923389541376655,
      "best_value": 0.0,
      "default_meets_threshold": true,
      "default_metric": 0.038923389541376655,
      "default_rank": 1,
      "default_value": 0.0,
      "gap_to_best": 0.0,
      "local_drop": 0.0,
      "local_drop_left": null,
      "local_drop_right": 0.0,
      "metric_key": "wf_mean_cagr",
      "n_variants": 5,
      "param_col": "execution.hysteresis_pct",
      "plateau_param_range": [
        0.0,
        0.05
      ],
      "plateau_width_points": 5,
      "tolerance": 0.03
    },
    "param_stability": {
      "best": 0.038923389541376655,
      "best_variant_name": "the_one_v0__execution.hysteresis_pct=0.0",
      "metric_key": "wf_mean_cagr",
      "n_variants": 5,
      "relative_drop": 0.0,
      "worst": 0.038923389541376655,
      "worst_variant_name": "the_one_v0__execution.hysteresis_pct=0.0"
    },
    "param_stability_check": {
      "max_relative_metric_drop_within_family": true
    },
    "sweep": [
      {
        "execution.hysteresis_pct": 0.0,
        "variant_name": "the_one_v0__execution.hysteresis_pct=0.0",
        "wf_fold_cagrs": [
          0.12303147829058014,
          0.06571398137246898,
          0.04786096451193589,
          0.037983974569310464,
          0.02885319094868133,
          -0.01274548901032202,
          -0.018234373893018185
        ],
        "wf_mean_cagr": 0.038923389541376655,
        "wf_mean_sharpe": 0.2977431760495021,
        "wf_min_cagr": -0.018234373893018185,
        "wf_windows": 7,
        "wf_worst_drawdown": -0.24900492303797417
      },
      {
        "execution.hysteresis_pct": 0.01,
        "variant_name": "the_one_v0__execution.hysteresis_pct=0.01",
        "wf_fold_cagrs": [
          0.12303147829058014,
          0.06571398137246898,
          0.04786096451193589,
          0.037983974569310464,
          0.02885319094868133,
          -0.01274548901032202,
          -0.018234373893018185
        ],
        "wf_mean_cagr": 0.038923389541376655,
        "wf_mean_sharpe": 0.2977431760495021,
        "wf_min_cagr": -0.018234373893018185,
        "wf_windows": 7,
        "wf_worst_drawdown": -0.24900492303797417
      },
      {
        "execution.hysteresis_pct": 0.02,
        "variant_name": "the_one_v0__execution.hysteresis_pct=0.02",
        "wf_fold_cagrs": [
          0.12303147829058014,
          0.06571398137246898,
          0.04786096451193589,
          0.037983974569310464,
          0.02885319094868133,
          -0.01274548901032202,
          -0.018234373893018185
        ],
        "wf_mean_cagr": 0.038923389541376655,
        "wf_mean_sharpe": 0.2977431760495021,
        "wf_min_cagr": -0.018234373893018185,
        "wf_windows": 7,
        "wf_worst_drawdown": -0.24900492303797417
      },
      {
        "execution.hysteresis_pct": 0.03,
        "variant_name": "the_one_v0__execution.hysteresis_pct=0.03",
        "wf_fold_cagrs": [
          0.12303147829058014,
          0.06571398137246898,
          0.04786096451193589,
          0.037983974569310464,
          0.02885319094868133,
          -0.01274548901032202,
          -0.018234373893018185
        ],
        "wf_mean_cagr": 0.038923389541376655,
        "wf_mean_sharpe": 0.2977431760495021,
        "wf_min_cagr": -0.018234373893018185,
        "wf_windows": 7,
        "wf_worst_drawdown": -0.24900492303797417
      },
      {
        "execution.hysteresis_pct": 0.05,
        "variant_name": "the_one_v0__execution.hysteresis_pct=0.05",
        "wf_fold_cagrs": [
          0.12303147829058014,
          0.06571398137246898,
          0.04786096451193589,
          0.037983974569310464,
          0.02885319094868133,
          -0.01274548901032202,
          -0.018234373893018185
        ],
        "wf_mean_cagr": 0.038923389541376655,
        "wf_mean_sharpe": 0.2977431760495021,
        "wf_min_cagr": -0.018234373893018185,
        "wf_windows": 7,
        "wf_worst_drawdown": -0.24900492303797417
      }
    ]
  },
  "train_oos": {
    "test_oos": {
      "annual_turnover": 6.391485275288092,
      "best_year_return": 0.23445518568478008,
      "cagr": 0.07975066130327035,
      "calmar": 0.2970631508938091,
      "max_consecutive_negative_months": 3,
      "max_drawdown": -0.26846366189584636,
      "max_time_underwater_months": 42,
      "sharpe": 0.552103049584629,
      "worst_year_return": -0.17170464638905325
    },
    "test_window": {
      "end": "2026-06-30",
      "start": "2020-01-01"
    },
    "train": {
      "annual_turnover": 7.055757651781234,