{
  "acceptance": {
    "max_annual_turnover": true,
    "max_consecutive_negative_months": true,
    "max_drawdown": false,
    "max_time_underwater_months": false,
    "min_cagr": true,
    "min_calmar": false,
    "min_sharpe": false
  },
  "metrics": {
    "annual_turnover": 6.502496743378202,
    "best_year_return": 0.28261657224821923,
    "cagr": 0.072333204086525,
    "calmar": 0.286359230358016,
    "max_consecutive_negative_months": 5,
    "max_drawdown": -0.25259602770999057,
    "max_time_underwater_months": 32,
    "sharpe": 0.514807921574283,
    "worst_year_return": -0.15153403954429756
  },
  "metrics_pre_tax": {
    "annual_turnover": 6.502496743378202,
    "best_year_return": 0.34890934845459176,
    "cagr": 0.0876245491861285,
    "calmar": 0.3714445514039707,
    "max_consecutive_negative_months": 5,
    "max_drawdown": -0.23590209859029798,
    "max_time_underwater_months": 32,
    "sharpe": 0.6067799823396134,
    "worst_year_return": -0.15153403954429723
  },
  "mode": "final",
  "named_periods_all": {
    "covid_crash_rebound": {
      "checks": {},
      "covered": true,
      "metrics": {
        "annual_turnover": 7.208881578947368,
        "best_year_return": 0.3485922770249159,
        "cagr": 0.38959516852377196,
        "calmar": 2.475732171595946,
        "max_consecutive_negative_months": 1,
        "max_drawdown": -0.15736563631300426,
        "max_time_underwater_months": 2,
        "sharpe": 1.3814201252779035,
        "worst_year_return": 0.3485922770249159
      }
    },
    "gfc_crash": {
      "checks": {},
      "covered": true,
      "metrics": {
        "annual_turnover": 5.156470588235294,
        "best_year_return": 0.14100550818490043,
        "cagr": 0.019113140565837794,
        "calmar": 0.11009463897722563,
        "max_consecutive_negative_months": 2,
        "max_drawdown": -0.1736064602545413,
        "max_time_underwater_months": 3,
        "sharpe": 0.20784360356933063,
        "worst_year_return": -0.10271052291998017
      }
    },
    "inflation_bear": {
      "checks": {},
      "covered": true,
      "metrics": {
        "annual_turnover": 8.748502994011975,
        "best_year_return": -0.15068472426856594,
        "cagr": -0.15231621784083882,
        "calmar": -0.7551880492285828,
        "max_consecutive_negative_months": 2,
        "max_drawdown": -0.2016930988201261,
        "max_time_underwater_months": 9,
        "sharpe": -1.1072672620582589,
        "worst_year_return": -0.15068472426856594
      }
    },
    "post_gfc_recovery": {
      "checks": {},
      "covered": true,
      "metrics": {
        "annual_turnover": 5.996641791044776,
        "best_year_return": 0.4314212685080676,
        "cagr": 0.16267395801565,
        "calmar": 0.7891204869004766,
        "max_consecutive_negative_months": 3,
        "max_drawdown": -0.20614590638066443,
        "max_time_underwater_months": 21,
        "sharpe": 0.799437143396235,
        "worst_year_return": -0.06557332778830927
      }
    }
  },
  "param_stability_full": {
    "fold_rank_stability": {
      "default_rank_mean": 1.0,
      "default_rank_per_fold": [
        1.0,
        1.0,
        1.0,
        1.0,
        1.0,
        1.0,
        1.0
      ],
      "default_rank_std": 0.0,
      "default_wins_fold_count": 7,
      "kendalls_w": 1.0,
      "n_folds": 7,
      "n_variants": 5
    },
    "local_param_stability": {
      "asymmetry": null,
      "best_metric": 0.06181977604890238,
      "best_value": 0.0,
      "default_meets_threshold": true,
      "default_metric": 0.06181977604890238,
      "default_rank": 1,
      "default_value": 0.0,
      "gap_to_best": 0.0,
      "local_drop": 0.0,
      "local_drop_left": null,
      "local_drop_right": 0.0,
      "metric_key": "wf_mean_cagr",
      "n_variants": 5,
      "param_col": "execution.hysteresis_pct",
      "plateau_param_range": [
        0.0,
        0.05
      ],
      "plateau_width_points": 5,
      "tolerance": 0.03
    },
    "param_stability": {
      "best": 0.06181977604890238,
      "best_variant_name": "the_one_v0__execution.hysteresis_pct=0.0",
      "metric_key": "wf_mean_cagr",
      "n_variants": 5,
      "relative_drop": 0.0,
      "worst": 0.06181977604890238,
      "worst_variant_name": "the_one_v0__execution.hysteresis_pct=0.0"
    },
    "param_stability_check": {
      "max_relative_metric_drop_within_family": true
    },
    "sweep": [
      {
        "execution.hysteresis_pct": 0.0,
        "variant_name": "the_one_v0__execution.hysteresis_pct=0.0",
        "wf_fold_cagrs": [
          0.14350612621981074,
          0.08778533566414937,
          0.07148575603476703,
          0.0626659859661729,
          0.05269679932882587,
          0.009500546187247272,
          0.005097882941343501
        ],
        "wf_mean_cagr": 0.06181977604890238,
        "wf_mean_sharpe": 0.4537483469569842,
        "wf_min_cagr": 0.005097882941343501,
        "wf_windows": 7,
        "wf_worst_drawdown": -0.2214062957158215
      },
      {
        "execution.hysteresis_pct": 0.01,
        "variant_name": "the_one_v0__execution.hysteresis_pct=0.01",
        "wf_fold_cagrs": [
          0.14350612621981074,
          0.08778533566414937,
          0.07148575603476703,
          0.0626659859661729,
          0.05269679932882587,
          0.009500546187247272,
          0.005097882941343501
        ],
        "wf_mean_cagr": 0.06181977604890238,
        "wf_mean_sharpe": 0.4537483469569842,
        "wf_min_cagr": 0.005097882941343501,
        "wf_windows": 7,
        "wf_worst_drawdown": -0.2214062957158215
      },
      {
        "execution.hysteresis_pct": 0.02,
        "variant_name": "the_one_v0__execution.hysteresis_pct=0.02",
        "wf_fold_cagrs": [
          0.14350612621981074,
          0.08778533566414937,
          0.07148575603476703,
          0.0626659859661729,
          0.05269679932882587,
          0.009500546187247272,
          0.005097882941343501
        ],
        "wf_mean_cagr": 0.06181977604890238,
        "wf_mean_sharpe": 0.4537483469569842,
        "wf_min_cagr": 0.005097882941343501,
        "wf_windows": 7,
        "wf_worst_drawdown": -0.2214062957158215
      },
      {
        "execution.hysteresis_pct": 0.03,
        "variant_name": "the_one_v0__execution.hysteresis_pct=0.03",
        "wf_fold_cagrs": [
          0.14350612621981074,
          0.08778533566414937,
          0.07148575603476703,
          0.0626659859661729,
          0.05269679932882587,
          0.009500546187247272,
          0.005097882941343501
        ],
        "wf_mean_cagr": 0.06181977604890238,
        "wf_mean_sharpe": 0.4537483469569842,
        "wf_min_cagr": 0.005097882941343501,
        "wf_windows": 7,
        "wf_worst_drawdown": -0.2214062957158215
      },
      {
        "execution.hysteresis_pct": 0.05,
        "variant_name": "the_one_v0__execution.hysteresis_pct=0.05",
        "wf_fold_cagrs": [
          0.14350612621981074,
          0.08778533566414937,
          0.07148575603476703,
          0.0626659859661729,
          0.05269679932882587,
          0.009500546187247272,
          0.005097882941343501
        ],
        "wf_mean_cagr": 0.06181977604890238,
        "wf_mean_sharpe": 0.4537483469569842,
        "wf_min_cagr": 0.005097882941343501,
        "wf_windows": 7,
        "wf_worst_drawdown": -0.2214062957158215
      }
    ]
  },
  "train_oos": {
    "test_oos": {
      "annual_turnover": 6.391485275288092,
      "best_year_return": 0.24310060838780667,
      "cagr": 0.0951853822790627,
      "calmar": 0.37682850020249137,
      "max_consecutive_negative_months": 3,
      "max_drawdown": -0.25259602770999057,
      "max_time_underwater_months": 32,
      "sharpe": 0.6376046460567217,
      "worst_year_return": -0.15153403954429756
    },
    "test_window": {
      "end": "2026-06-30",
      "start": "2020-01-01"
    },
    "train": {
      "annual_turnover": 7.055757651781234,
      "best_year_return": 0.28261657224821923,