{
  "annual_tax_rate_assumed": 0.19,
  "metrics": {
    "annual_turnover": 4.460554168475901,
    "best_year_return": 0.22005180787210898,
    "cagr": 0.07686005408474195,
    "calmar": 0.32861924830718825,
    "max_consecutive_negative_months": 5,
    "max_drawdown": -0.2338878640879074,
    "max_time_underwater_months": 26,
    "sharpe": 0.6768647434874813,
    "worst_year_return": -0.0812824253782678
  },
  "metrics_pre_tax": {
    "annual_turnover": 4.460554168475901,
    "best_year_return": 0.23908215235284636,
    "cagr": 0.07922125767574206,
    "calmar": 0.3081246011844695,
    "max_consecutive_negative_months": 5,
    "max_drawdown": -0.25710786276462716,
    "max_time_underwater_months": 27,
    "sharpe": 0.7023423670913754,
    "worst_year_return": -0.10996931558997958
  },
  "mode": "combined_final"
}
