{
  "acceptance": {
    "max_annual_turnover": true,
    "max_consecutive_negative_months": true,
    "max_drawdown": false,
    "max_time_underwater_months": true,
    "min_cagr": true,
    "min_calmar": true,
    "min_sharpe": true
  },
  "metrics": {
    "annual_turnover": 0.046875,
    "best_year_return": 0.29287884902967254,
    "cagr": 0.014531981506605174,
    "calmar": 0.029517241528179746,
    "max_consecutive_negative_months": 7,
    "max_drawdown": -0.49232180089496747,
    "max_time_underwater_months": 72,
    "sharpe": 0.1720138182807289,
    "worst_year_return": -0.29258243693376973
  },
  "metrics_pre_tax": {
    "annual_turnover": 0.046875,
    "best_year_return": 0.3119868720208081,
    "cagr": 0.02230826249731188,
    "calmar": 0.046713899427111634,
    "max_consecutive_negative_months": 7,
    "max_drawdown": -0.47755085254913865,
    "max_time_underwater_months": 72,
    "sharpe": 0.22495189902995863,
    "worst_year_return": -0.29258243693376984
  },
  "mode": "final",
  "named_periods_all": {
    "covid_crash_rebound": {
      "checks": {},
      "covered": true,
      "metrics": {
        "annual_turnover": 0.0,
        "best_year_return": 0.07206080149522487,
        "cagr": 0.07955782507376985,
        "calmar": 0.5055603430187715,
        "max_consecutive_negative_months": 1,
        "max_drawdown": -0.1573656363130046,
        "max_time_underwater_months": 5,
        "sharpe": 0.4501813910668859,
        "worst_year_return": 0.07206080149522487
      }
    },
    "gfc_crash": {
      "checks": {},
      "covered": true,
      "metrics": {
        "annual_turnover": 0.0,
        "best_year_return": 0.21559947433811377,
        "cagr": 0.057953013163022815,
        "calmar": 0.27095865612504544,
        "max_consecutive_negative_months": 2,
        "max_drawdown": -0.21388138689423497,
        "max_time_underwater_months": 7,
        "sharpe": 0.3917424491142947,
        "worst_year_return": -0.11769077231939473
      }
    },
    "inflation_bear": {
      "checks": {},
      "covered": true,
      "metrics": {
        "annual_turnover": 0.0,
        "best_year_return": -0.29258243693376973,
        "cagr": -0.2954592886346039,
        "calmar": -0.848457936586662,
        "max_consecutive_negative_months": 5,
        "max_drawdown": -0.34823092093785313,
        "max_time_underwater_months": 11,
        "sharpe": -1.634318228756063,
        "worst_year_return": -0.29258243693376973
      }
    },
    "post_gfc_recovery": {
      "checks": {},
      "covered": true,
      "metrics": {
        "annual_turnover": 0.0,
        "best_year_return": 0.29287884902967254,
        "cagr": 0.05624576131407899,
        "calmar": 0.31507015895900287,
        "max_consecutive_negative_months": 5,
        "max_drawdown": -0.17851821162599446,
        "max_time_underwater_months": 11,
        "sharpe": 0.408248102216354,
        "worst_year_return": -0.13232151568076034
      }
    }
  },
  "param_stability_full": null,
  "train_oos": {
    "test_oos": {
      "annual_turnover": 0.0,
      "best_year_return": 0.14160074067489203,
      "cagr": -0.0446306158355414,
      "calmar": -0.09065334046635677,
      "max_consecutive_negative_months": 7,
      "max_drawdown": -0.49232180089496747,
      "max_time_underwater_months": 71,
      "sharpe": -0.19424035242142218,
      "worst_year_return": -0.29258243693376973
    },
    "test_window": {
      "end": "2026-06-30",
      "start": "2020-01-01"
    },
    "train": {
      "annual_turnover": 0.0,
      "best_year_return": 0.29287884902967254,
      "cagr": 0.048076537111148676,
      "calmar": 0.15481530806024327,
      "max_consecutive_negative_months": 5,
      "max_drawdown": -0.31054123596382766,
      "max_time_underwater_months": 36,
      "sharpe": 0.4015595476159608,
      "worst_year_return": -0.22969935170347766
    },
    "train_window": {
      "end": "2019-12-31",
      "start": "2007-01-01"
    }
  }
}
