{
  "acceptance": {
    "max_annual_turnover": true,
    "max_consecutive_negative_months": true,
    "max_drawdown": true,
    "max_time_underwater_months": true,
    "min_cagr": true,
    "min_calmar": true,
    "min_sharpe": true
  },
  "metrics": {
    "annual_turnover": 3.118160651920838,
    "best_year_return": 0.2529693612672743,
    "cagr": 0.00948432624488249,
    "calmar": 0.02261166776778561,
    "max_consecutive_negative_months": 6,
    "max_drawdown": -0.41944390578719803,
    "max_time_underwater_months": 75,
    "sharpe": 0.14125929878052168,
    "worst_year_return": -0.14120507259668014
  },
  "metrics_pre_tax": {
    "annual_turnover": 3.118160651920838,
    "best_year_return": 0.28969764418861654,
    "cagr": 0.015898133352548083,
    "calmar": 0.038422362678792975,
    "max_consecutive_negative_months": 6,
    "max_drawdown": -0.41377292399884025,
    "max_time_underwater_months": 75,
    "sharpe": 0.20027196955358942,
    "worst_year_return": -0.14120507259668014
  },
  "mode": "final",
  "named_periods_all": {
    "covid_crash_rebound": {
      "checks": {},
      "covered": true,
      "metrics": {
        "annual_turnover": 4.805921052631579,
        "best_year_return": 0.04449735209784067,
        "cagr": 0.04906144255801115,
        "calmar": 0.31176719204710307,
        "max_consecutive_negative_months": 3,
        "max_drawdown": -0.15736563631300482,
        "max_time_underwater_months": 8,
        "sharpe": 0.32841151779299793,
        "worst_year_return": 0.04449735209784067
      }
    },
    "gfc_crash": {
      "checks": {},
      "covered": true,
      "metrics": {
        "annual_turnover": 2.578235294117647,
        "best_year_return": 0.2144552818108798,
        "cagr": 0.03668762847707896,
        "calmar": 0.1919980705058535,
        "max_consecutive_negative_months": 3,
        "max_drawdown": -0.1910833186001234,
        "max_time_underwater_months": 9,
        "sharpe": 0.3016687319332264,
        "worst_year_return": -0.13887026650838585
      }
    },
    "inflation_bear": {
      "checks": {},
      "covered": true,
      "metrics": {
        "annual_turnover": 3.2806886227544907,
        "best_year_return": -0.08686672363316505,
        "cagr": -0.0878431073758067,
        "calmar": -1.011240020364586,
        "max_consecutive_negative_months": 2,
        "max_drawdown": -0.08686672363316505,
        "max_time_underwater_months": 5,
        "sharpe": -1.516608615295972,
        "worst_year_return": -0.08686672363316505
      }
    },
    "post_gfc_recovery": {
      "checks": {},
      "covered": true,
      "metrics": {
        "annual_turnover": 2.7257462686567164,
        "best_year_return": 0.2529693612672743,
        "cagr": 0.06240227117396091,
        "calmar": 0.39950200916091305,
        "max_consecutive_negative_months": 4,
        "max_drawdown": -0.1562001435362651,
        "max_time_underwater_months": 15,
        "sharpe": 0.5242776440044202,
        "worst_year_return": -0.0544167747059332
      }
    }
  },
  "param_stability_full": {
    "fold_rank_stability": {
      "default_rank_mean": 1.0,
      "default_rank_per_fold": [
        1.0,
        1.0,
        1.0,
        1.0,
        1.0
      ],
      "default_rank_std": 0.0,
      "default_wins_fold_count": 5,
      "kendalls_w": 0.856,
      "n_folds": 5,
      "n_variants": 9
    },
    "local_param_stability": {
      "best_metric": 0.05595219458148284,
      "best_values": [
        3,
        0.0
      ],
      "default_in_plateau": true,
      "default_meets_threshold": true,
      "default_metric": 0.05595219458148284,
      "default_rank": 1,
      "default_values": [
        3,
        0.0
      ],
      "gap_to_best": 0.0,
      "metric_key": "wf_mean_cagr",
      "n_variants": 9,
      "param_cols": [
        "indicators.mom_3.window",
        "execution.hysteresis_pct"
      ],
      "plateau_area_cells": 3,
      "plateau_area_fraction": 0.3333333333333333,
      "plateau_cols_covered": [
        0.0,
        0.05,
        0.1
      ],
      "plateau_rows_covered": [
        3
      ],
      "tolerance": 0.03
    },
    "param_stability": {
      "best": 0.05595219458148284,
      "best_variant_name": "tlt_timing_v0__indicators.mom_3.window=3_execution.hysteresis_pct=0.0",
      "metric_key": "wf_mean_cagr",
      "n_variants": 9,
      "relative_drop": 0.6348760590944036,
      "worst": 0.020429485787907774,
      "worst_variant_name": "tlt_timing_v0__indicators.mom_3.window=1_execution.hysteresis_pct=0.0"
    },
    "param_stability_check": {
      "max_relative_metric_drop_within_family": false
    },
    "sweep": [
      {
        "execution.hysteresis_pct": 0.0,
        "indicators.mom_3.window": 1,
        "variant_name": "tlt_timing_v0__indicators.mom_3.window=1_execution.hysteresis_pct=0.0",
        "wf_fold_cagrs": [
          0.044230546962938266,
          0.023025974929725468,
          -0.010280773727361914,
          0.023358689342888983,
          0.021812991431348072
        ],
        "wf_mean_cagr": 0.020429485787907774,
        "wf_mean_sharpe": 0.24563012915559618,
        "wf_min_cagr": -0.010280773727361914,
        "wf_windows": 5,
        "wf_worst_drawdown": -0.18563466519174276
      },
      {
        "execution.hysteresis_pct": 0.05,
        "indicators.mom_3.window": 1,
        "variant_name": "tlt_timing_v0__indicators.mom_3.window=1_execution.hysteresis_pct=0.05",
        "wf_fold_cagrs": [
          0.044230546962938266,
          0.023025974929725468,
          -0.010280773727361914,
          0.023358689342888983,
          0.021812991431348072
        ],
        "wf_mean_cagr": 0.020429485787907774,
        "wf_mean_sharpe": 0.24563012915559618,
        "wf_min_cagr": -0.010280773727361914,
        "wf_windows": 5,
        "wf_worst_drawdown": -0.18563466519174276
      },
      {
        "execution.hysteresis_pct": 0.1,
        "indicators.mom_3.window": 1,
        "variant_name": "tlt_timing_v0__indicators.mom_3.window=1_execution.hysteresis_pct=0.1",
        "wf_fold_cagrs": [
          0.044230546962938266,
          0.023025974929725468,
          -0.010280773727361914,
          0.023358689342888983,
          0.021812991431348072
        ],
        "wf_mean_cagr": 0.020429485787907774,
        "wf_mean_sharpe": 0.24563012915559618,
        "wf_min_cagr": -0.010280773727361914,
        "wf_windows": 5,
        "wf_worst_drawdown": -0.18563466519174276
      },
      {
        "execution.hysteresis_pct": 0.0,
        "indicators.mom_3.window": 3,
        "variant_name": "tlt_timing_v0__indicators.mom_3.window=3_execution.hysteresis_pct=0.0",
        "wf_fold_cagrs": [
          0.0609269352146804,
          0.05437571351366688,
          0.036475847332102296,
          0.06022490520347401,
          0.06775757164349061
        ],
        "wf_mean_cagr": 0.05595219458148284,
        "wf_mean_sharpe": 0.5702390456706483,
        "wf_min_cagr": 0.036475847332102296,
        "wf_windows": 5,
        "wf_worst_drawdown": -0.19896894210307803
      },
      {
        "execution.hysteresis_pct": 0.05,
        "indicators.mom_3.window": 3,
        "variant_name": "tlt_timing_v0__indicators.mom_3.window=3_execution.hysteresis_pct=0.05",
        "wf_fold_cagrs": [
          0.0609269352146804,
          0.05437571351366688,
          0.036475847332102296,
          0.06022490520347401,
          0.06775757164349061
        ],
        "wf_mean_cagr": 0.05595219458148284,
        "wf_mean_sharpe": 0.5702390456706483,
        "wf_min_cagr": 0.036475847332102296,
        "wf_windows": 5,
        "wf_worst_drawdown": -0.19896894210307803
      },
      {
        "execution.hysteresis_pct": 0.1,
        "indicators.mom_3.window": 3,
        "variant_name": "tlt_timing_v0__indicators.mom_3.window=3_execution.hysteresis_pct=0.1",