{
  "acceptance": {
    "max_annual_turnover": true,
    "max_consecutive_negative_months": true,
    "max_drawdown": true,
    "max_time_underwater_months": true,
    "min_cagr": true,
    "min_calmar": true,
    "min_sharpe": true
  },
  "metrics": {
    "annual_turnover": 3.118160651920838,
    "best_year_return": 0.24504911002010776,
    "cagr": 0.015898133352548083,
    "calmar": 0.03952572786759495,
    "max_consecutive_negative_months": 6,
    "max_drawdown": -0.4022224057657928,
    "max_time_underwater_months": 75,
    "sharpe": 0.1987529044112227,
    "worst_year_return": -0.10726258441766456
  },
  "metrics_pre_tax": {
    "annual_turnover": 3.118160651920838,
    "best_year_return": 0.28969764418861654,
    "cagr": 0.015898133352548083,
    "calmar": 0.038422362678792975,
    "max_consecutive_negative_months": 6,
    "max_drawdown": -0.41377292399884025,
    "max_time_underwater_months": 75,
    "sharpe": 0.20027196955358942,
    "worst_year_return": -0.14120507259668014
  },
  "mode": "final"
}
