{
  "acceptance": {
    "max_annual_turnover": true,
    "max_consecutive_negative_months": true,
    "max_drawdown": false,
    "max_time_underwater_months": true,
    "min_cagr": true,
    "min_calmar": true,
    "min_sharpe": true
  },
  "metrics": {
    "annual_turnover": 0.046875,
    "best_year_return": 0.2835337407076979,
    "cagr": 0.02230826249731188,
    "calmar": 0.04799301411397994,
    "max_consecutive_negative_months": 6,
    "max_drawdown": -0.46482311872164084,
    "max_time_underwater_months": 72,
    "sharpe": 0.2242338754048937,
    "worst_year_return": -0.29258243693376984
  },
  "metrics_pre_tax": {
    "annual_turnover": 0.046875,
    "best_year_return": 0.3119868720208081,
    "cagr": 0.02230826249731188,
    "calmar": 0.046713899427111634,
    "max_consecutive_negative_months": 7,
    "max_drawdown": -0.47755085254913865,
    "max_time_underwater_months": 72,
    "sharpe": 0.22495189902995863,
    "worst_year_return": -0.29258243693376984
  },
  "mode": "final",
  "named_periods_all": {
    "covid_crash_rebound": {
      "checks": {},
      "covered": true,
      "metrics": {
        "annual_turnover": 0.0,
        "best_year_return": 0.09383123143968009,
        "cagr": 0.10370044406207701,
        "calmar": 0.6589776935532108,
        "max_consecutive_negative_months": 1,
        "max_drawdown": -0.15736563631300438,
        "max_time_underwater_months": 5,
        "sharpe": 0.5505944476413002,
        "worst_year_return": 0.09383123143968009
      }
    },
    "gfc_crash": {
      "checks": {},
      "covered": true,
      "metrics": {
        "annual_turnover": 0.0,
        "best_year_return": 0.2201272918017374,
        "cagr": 0.06112215189697601,
        "calmar": 0.28974259625145826,
        "max_consecutive_negative_months": 2,
        "max_drawdown": -0.21095328297510685,
        "max_time_underwater_months": 7,
        "sharpe": 0.40849171533753453,
        "worst_year_return": -0.11769077231939495
      }
    },
    "inflation_bear": {
      "checks": {},
      "covered": true,
      "metrics": {
        "annual_turnover": 0.0,
        "best_year_return": -0.29258243693376984,
        "cagr": -0.295459288634604,
        "calmar": -0.8484579365866624,
        "max_consecutive_negative_months": 5,
        "max_drawdown": -0.34823092093785313,
        "max_time_underwater_months": 11,
        "sharpe": -1.6343182287560651,
        "worst_year_return": -0.29258243693376984
      }
    },
    "post_gfc_recovery": {
      "checks": {},
      "covered": true,
      "metrics": {
        "annual_turnover": 0.0,
        "best_year_return": 0.2835337407076979,
        "cagr": 0.07101297727088718,
        "calmar": 0.39779122042552867,
        "max_consecutive_negative_months": 5,
        "max_drawdown": -0.17851821162599457,
        "max_time_underwater_months": 11,
        "sharpe": 0.48869380400934653,
        "worst_year_return": -0.09560206635496771
      }
    }
  },
  "param_stability_full": null,
  "train_oos": {
    "test_oos": {
      "annual_turnover": 0.0,
      "best_year_return": 0.16478332408316265,
      "cagr": -0.03683564799573025,
      "calmar": -0.07924659190152988,
      "max_consecutive_negative_months": 6,
      "max_drawdown": -0.46482311872164084,
      "max_time_underwater_months": 71,
      "sharpe": -0.1444786560699646,
      "worst_year_return": -0.29258243693376984
    },
    "test_window": {
      "end": "2026-06-30",
      "start": "2020-01-01"
    },
    "train": {
      "annual_turnover": 0.0,
      "best_year_return": 0.2835337407076979,
      "cagr": 0.056412761860449745,
      "calmar": 0.18317427596871214,
      "max_consecutive_negative_months": 5,
      "max_drawdown": -0.307973166876803,
      "max_time_underwater_months": 33,
      "sharpe": 0.45622379311926575,
      "worst_year_return": -0.1971008533749854
    },
    "train_window": {
      "end": "2019-12-31",
      "start": "2007-01-01"
    }
  }
}
