{
  "acceptance": {
    "max_annual_turnover": true,
    "max_consecutive_negative_months": true,
    "max_drawdown": false,
    "max_time_underwater_months": true,
    "min_cagr": true,
    "min_calmar": true,
    "min_sharpe": true
  },
  "metrics": {
    "annual_turnover": 3.118160651920838,
    "best_year_return": 0.2529884781702927,
    "cagr": 0.0013053424732265562,
    "calmar": 0.0028446030884948454,
    "max_consecutive_negative_months": 6,
    "max_drawdown": -0.45888386977645,
    "max_time_underwater_months": 75,
    "sharpe": 0.0665548093904463,
    "worst_year_return": -0.1489187531840911
  },
  "metrics_pre_tax": {
    "annual_turnover": 3.118160651920838,
    "best_year_return": 0.2858246782901541,
    "cagr": 0.006558652123505926,
    "calmar": 0.014420970478386806,
    "max_consecutive_negative_months": 6,
    "max_drawdown": -0.45479963594236594,
    "max_time_underwater_months": 75,
    "sharpe": 0.11456632725936712,
    "worst_year_return": -0.1489187531840911
  },
  "mode": "final",
  "named_periods_all": {
    "covid_crash_rebound": {
      "checks": {},
      "covered": true,
      "metrics": {
        "annual_turnover": 4.805921052631579,
        "best_year_return": 0.037396842558017784,
        "cagr": 0.041218354863706175,
        "calmar": 0.26192729130343123,
        "max_consecutive_negative_months": 3,
        "max_drawdown": -0.1573656363130046,
        "max_time_underwater_months": 8,
        "sharpe": 0.29352305021088604,
        "worst_year_return": 0.037396842558017784
      }
    },
    "gfc_crash": {
      "checks": {},
      "covered": true,
      "metrics": {
        "annual_turnover": 2.578235294117647,
        "best_year_return": 0.212429771323406,
        "cagr": 0.03279440356636365,
        "calmar": 0.17260210092351086,
        "max_consecutive_negative_months": 3,
        "max_drawdown": -0.19000002543941563,
        "max_time_underwater_months": 9,
        "sharpe": 0.27935239795572575,
        "worst_year_return": -0.1414562416840357
      }
    },
    "inflation_bear": {
      "checks": {},
      "covered": true,
      "metrics": {
        "annual_turnover": 3.2806886227544907,
        "best_year_return": -0.09234277291473447,
        "cagr": -0.0933775053228646,
        "calmar": -1.0112053426106833,
        "max_consecutive_negative_months": 2,
        "max_drawdown": -0.09234277291473447,
        "max_time_underwater_months": 5,
        "sharpe": -1.5876379063726882,
        "worst_year_return": -0.09234277291473447
      }
    },
    "post_gfc_recovery": {
      "checks": {},
      "covered": true,
      "metrics": {
        "annual_turnover": 2.7257462686567164,
        "best_year_return": 0.2529884781702927,
        "cagr": 0.05476743414944396,
        "calmar": 0.3344241600672951,
        "max_consecutive_negative_months": 4,
        "max_drawdown": -0.1637663802113558,
        "max_time_underwater_months": 15,
        "sharpe": 0.46888268968012914,
        "worst_year_return": -0.06852970377142564
      }
    }
  },
  "param_stability_full": {
    "fold_rank_stability": {
      "default_rank_mean": 1.0,
      "default_rank_per_fold": [
        1.0,
        1.0,
        1.0,
        1.0,
        1.0
      ],
      "default_rank_std": 0.0,
      "default_wins_fold_count": 5,
      "kendalls_w": 1.0,
      "n_folds": 5,
      "n_variants": 9
    },
    "local_param_stability": {
      "best_metric": 0.047471502992180746,
      "best_values": [
        3,
        0.0
      ],
      "default_in_plateau": true,
      "default_meets_threshold": true,
      "default_metric": 0.047471502992180746,
      "default_rank": 1,
      "default_values": [
        3,
        0.0
      ],
      "gap_to_best": 0.0,
      "metric_key": "wf_mean_cagr",
      "n_variants": 9,
      "param_cols": [
        "indicators.mom_3.window",
        "execution.hysteresis_pct"
      ],
      "plateau_area_cells": 3,
      "plateau_area_fraction": 0.3333333333333333,
      "plateau_cols_covered": [
        0.0,
        0.05,
        0.1
      ],
      "plateau_rows_covered": [
        3
      ],
      "tolerance": 0.03
    },
    "param_stability": {
      "best": 0.047471502992180746,
      "best_variant_name": "tlt_timing_v0__indicators.mom_3.window=3_execution.hysteresis_pct=0.0",
      "metric_key": "wf_mean_cagr",
      "n_variants": 9,
      "relative_drop": 0.9896363637011503,
      "worst": 0.0004919773915707193,
      "worst_variant_name": "tlt_timing_v0__indicators.mom_3.window=1_execution.hysteresis_pct=0.0"
    },
    "param_stability_check": {
      "max_relative_metric_drop_within_family": false
    },
    "sweep": [
      {
        "execution.hysteresis_pct": 0.0,
        "indicators.mom_3.window": 1,
        "variant_name": "tlt_timing_v0__indicators.mom_3.window=1_execution.hysteresis_pct=0.0",
        "wf_fold_cagrs": [
          0.0261414218082916,
          0.0029167664334490695,
          -0.030913160028524844,
          0.0038148586884034774,
          0.0005000000562342954
        ],
        "wf_mean_cagr": 0.0004919773915707193,
        "wf_mean_sharpe": 0.03896858628144672,
        "wf_min_cagr": -0.030913160028524844,
        "wf_windows": 5,
        "wf_worst_drawdown": -0.21450128106056443
      },
      {
        "execution.hysteresis_pct": 0.05,
        "indicators.mom_3.window": 1,
        "variant_name": "tlt_timing_v0__indicators.mom_3.window=1_execution.hysteresis_pct=0.05",
        "wf_fold_cagrs": [
          0.0261414218082916,
          0.0029167664334490695,
          -0.030913160028524844,
          0.0038148586884034774,
          0.0005000000562342954
        ],
        "wf_mean_cagr": 0.0004919773915707193,
        "wf_mean_sharpe": 0.03896858628144672,
        "wf_min_cagr": -0.030913160028524844,
        "wf_windows": 5,
        "wf_worst_drawdown": -0.21450128106056443
      },
      {
        "execution.hysteresis_pct": 0.1,
        "indicators.mom_3.window": 1,
        "variant_name": "tlt_timing_v0__indicators.mom_3.window=1_execution.hysteresis_pct=0.1",
        "wf_fold_cagrs": [
          0.0261414218082916,
          0.0029167664334490695,
          -0.030913160028524844,
          0.0038148586884034774,
          0.0005000000562342954
        ],
        "wf_mean_cagr": 0.0004919773915707193,
        "wf_mean_sharpe": 0.03896858628144672,
        "wf_min_cagr": -0.030913160028524844,
        "wf_windows": 5,
        "wf_worst_drawdown": -0.21450128106056443
      },
      {
        "execution.hysteresis_pct": 0.0,
        "indicators.mom_3.window": 3,
        "variant_name": "tlt_timing_v0__indicators.mom_3.window=3_execution.hysteresis_pct=0.0",
        "wf_fold_cagrs": [
          0.0526486354206499,
          0.044275627871743106,
          0.027778342507492226,
          0.05258615596174532,
          0.060068753199273184
        ],
        "wf_mean_cagr": 0.047471502992180746,
        "wf_mean_sharpe": 0.49245166887993286,
        "wf_min_cagr": 0.027778342507492226,
        "wf_windows": 5,
        "wf_worst_drawdown": -0.22270145094979654
      },
      {
        "execution.hysteresis_pct": 0.05,
        "indicators.mom_3.window": 3,
        "variant_name": "tlt_timing_v0__indicators.mom_3.window=3_execution.hysteresis_pct=0.05",
        "wf_fold_cagrs": [
          0.0526486354206499,
          0.044275627871743106,
          0.027778342507492226,
          0.05258615596174532,
          0.060068753199273184
        ],
        "wf_mean_cagr": 0.047471502992180746,
        "wf_mean_sharpe": 0.49245166887993286,
        "wf_min_cagr": 0.027778342507492226,
        "wf_windows": 5,
        "wf_worst_drawdown": -0.22270145094979654
      },
      {
        "execution.hysteresis_pct": 0.1,
        "indicators.mom_3.window": 3,
        "variant_name": "tlt_timing_v0__indicators.mom_3.window=3_execution.hysteresis_pct=0.1",