{
  "acceptance": {
    "max_annual_turnover": true,
    "max_consecutive_negative_months": true,
    "max_drawdown": false,
    "max_time_underwater_months": true,
    "min_cagr": true,
    "min_calmar": true,
    "min_sharpe": true
  },
  "metrics": {
    "annual_turnover": 0.046875,
    "best_year_return": 0.292878849029673,
    "cagr": 0.014558343345516755,
    "calmar": 0.02957078747894545,
    "max_consecutive_negative_months": 7,
    "max_drawdown": -0.4923218008949667,
    "max_time_underwater_months": 72,
    "sharpe": 0.1721925740160726,
    "worst_year_return": -0.2925824369337704
  },
  "metrics_pre_tax": {
    "annual_turnover": 0.046875,
    "best_year_return": 0.3119868720208083,
    "cagr": 0.022308262497312326,
    "calmar": 0.046713899427112654,
    "max_consecutive_negative_months": 7,
    "max_drawdown": -0.47755085254913776,
    "max_time_underwater_months": 72,
    "sharpe": 0.2249518990299597,
    "worst_year_return": -0.2925824369337702
  },
  "mode": "final",
  "named_periods_all": {
    "covid_crash_rebound": {
      "checks": {},
      "covered": true,
      "metrics": {
        "annual_turnover": 0.0,
        "best_year_return": 0.07206080149522465,
        "cagr": 0.0795578250737694,
        "calmar": 0.505560343018768,
        "max_consecutive_negative_months": 1,
        "max_drawdown": -0.15736563631300482,
        "max_time_underwater_months": 5,
        "sharpe": 0.45018139106688737,
        "worst_year_return": 0.07206080149522465
      }
    },
    "gfc_crash": {
      "checks": {},
      "covered": true,
      "metrics": {
        "annual_turnover": 0.0,
        "best_year_return": 0.21559947433811488,
        "cagr": 0.05795301316302326,
        "calmar": 0.2709586561250478,
        "max_consecutive_negative_months": 2,
        "max_drawdown": -0.21388138689423475,
        "max_time_underwater_months": 7,
        "sharpe": 0.3917424491143078,
        "worst_year_return": -0.11769077231939484
      }
    },
    "inflation_bear": {
      "checks": {},
      "covered": true,
      "metrics": {
        "annual_turnover": 0.0,
        "best_year_return": -0.2925824369337704,
        "cagr": -0.2954592886346046,
        "calmar": -0.8484579365866626,
        "max_consecutive_negative_months": 5,
        "max_drawdown": -0.3482309209378537,
        "max_time_underwater_months": 11,
        "sharpe": -1.6343182287560571,
        "worst_year_return": -0.2925824369337704
      }
    },
    "post_gfc_recovery": {
      "checks": {},
      "covered": true,
      "metrics": {
        "annual_turnover": 0.0,
        "best_year_return": 0.292878849029673,
        "cagr": 0.056245761314079434,
        "calmar": 0.315070158959004,
        "max_consecutive_negative_months": 5,
        "max_drawdown": -0.17851821162599524,
        "max_time_underwater_months": 11,
        "sharpe": 0.4082481022163555,
        "worst_year_return": -0.13232151568076
      }
    }
  },
  "param_stability_full": null,
  "train_oos": {
    "test_oos": {
      "annual_turnover": 0.0,
      "best_year_return": 0.14160074067489115,
      "cagr": -0.044630615835541176,
      "calmar": -0.09065334046635647,
      "max_consecutive_negative_months": 7,
      "max_drawdown": -0.4923218008949667,
      "max_time_underwater_months": 71,
      "sharpe": -0.19424035242141935,
      "worst_year_return": -0.2925824369337704
    },
    "test_window": {
      "end": "2026-06-30",
      "start": "2020-01-01"
    },
    "train": {
      "annual_turnover": 0.0,
      "best_year_return": 0.292878849029673,
      "cagr": 0.0480765371111489,
      "calmar": 0.1548153080602442,
      "max_consecutive_negative_months": 5,
      "max_drawdown": -0.3105412359638272,
      "max_time_underwater_months": 36,
      "sharpe": 0.40155954761596246,
      "worst_year_return": -0.22969935170347722
    },
    "train_window": {
      "end": "2019-12-31",
      "start": "2007-01-01"
    }
  }
}
