{
  "acceptance": {
    "max_annual_turnover": true,
    "max_consecutive_negative_months": false,
    "max_drawdown": false,
    "max_time_underwater_months": true,
    "min_cagr": false,
    "min_calmar": false,
    "min_sharpe": false
  },
  "metrics": {
    "annual_turnover": 7.7900402414486924,
    "best_year_return": 0.41389867636208577,
    "cagr": 0.04391606511855728,
    "calmar": 0.15576838891876799,
    "max_consecutive_negative_months": 7,
    "max_drawdown": -0.28193181828091685,
    "max_time_underwater_months": 60,
    "sharpe": 0.4200402659950646,
    "worst_year_return": -0.16957675462810118
  },
  "metrics_pre_tax": {
    "annual_turnover": 7.7900402414486924,
    "best_year_return": 0.5109860202001058,
    "cagr": 0.05476663982406005,
    "calmar": 0.1942549094245568,
    "max_consecutive_negative_months": 7,
    "max_drawdown": -0.2819318182809165,
    "max_time_underwater_months": 60,
    "sharpe": 0.5109407283296827,
    "worst_year_return": -0.1695767546281014
  },
  "mode": "final",
  "named_periods_all": {
    "covid_crash_rebound": {
      "checks": {},
      "covered": true,
      "metrics": {
        "annual_turnover": 10.813322368421051,
        "best_year_return": 0.1629028931612917,
        "cagr": 0.18061328833613466,
        "calmar": 1.9140985638592682,
        "max_consecutive_negative_months": 1,
        "max_drawdown": -0.09435945031585846,
        "max_time_underwater_months": 4,
        "sharpe": 1.0566861856540573,
        "worst_year_return": 0.1629028931612917
      }
    },
    "gfc_crash": {
      "checks": {},
      "covered": true,
      "metrics": {
        "annual_turnover": 6.015882352941176,
        "best_year_return": 0.05201094763460623,
        "cagr": 0.03444236425061109,
        "calmar": 0.5673632586479582,
        "max_consecutive_negative_months": 3,
        "max_drawdown": -0.06070601810326626,
        "max_time_underwater_months": 12,
        "sharpe": 0.38090403062531913,
        "worst_year_return": -0.00857597728504178
      }
    },
    "inflation_bear": {
      "checks": {},
      "covered": true,
      "metrics": {
        "annual_turnover": 6.561377245508981,
        "best_year_return": -0.16624172151415806,
        "cagr": -0.16802442507551674,
        "calmar": -0.9794309293023957,
        "max_consecutive_negative_months": 3,
        "max_drawdown": -0.17155311318909738,
        "max_time_underwater_months": 11,
        "sharpe": -2.7570198859538113,
        "worst_year_return": -0.16624172151415806
      }
    },
    "post_gfc_recovery": {
      "checks": {},
      "covered": true,
      "metrics": {
        "annual_turnover": 7.904664179104477,
        "best_year_return": 0.43241280023545947,
        "cagr": 0.15186235846009177,
        "calmar": 0.8562845827519305,
        "max_consecutive_negative_months": 3,
        "max_drawdown": -0.17735033599698358,
        "max_time_underwater_months": 19,
        "sharpe": 0.9240747786454281,
        "worst_year_return": -0.026695010362671634
      }
    }
  },
  "param_stability_full": {
    "fold_rank_stability": {
      "default_rank_mean": 1.0,
      "default_rank_per_fold": [
        1.0,
        1.0,
        1.0,
        1.0,
        1.0,
        1.0,
        1.0,
        1.0,
        1.0
      ],
      "default_rank_std": 0.0,
      "default_wins_fold_count": 9,
      "kendalls_w": 1.0,
      "n_folds": 9,
      "n_variants": 5
    },
    "local_param_stability": {
      "asymmetry": null,
      "best_metric": 0.06695415012472322,
      "best_value": 0.0,
      "default_meets_threshold": true,
      "default_metric": 0.06695415012472322,
      "default_rank": 1,
      "default_value": 0.0,
      "gap_to_best": 0.0,
      "local_drop": 0.0,
      "local_drop_left": null,
      "local_drop_right": 0.0,
      "metric_key": "wf_mean_cagr",
      "n_variants": 5,
      "param_col": "execution.hysteresis_pct",
      "plateau_param_range": [
        0.0,
        0.05
      ],
      "plateau_width_points": 5,
      "tolerance": 0.03
    },
    "param_stability": {
      "best": 0.06695415012472322,
      "best_variant_name": "vaa_g4_v0__execution.hysteresis_pct=0.0",
      "metric_key": "wf_mean_cagr",
      "n_variants": 5,
      "relative_drop": 0.0,
      "worst": 0.06695415012472322,
      "worst_variant_name": "vaa_g4_v0__execution.hysteresis_pct=0.0"
    },
    "param_stability_check": {
      "max_relative_metric_drop_within_family": true
    },
    "sweep": [
      {
        "execution.hysteresis_pct": 0.0,
        "variant_name": "vaa_g4_v0__execution.hysteresis_pct=0.0",
        "wf_fold_cagrs": [
          0.15812201952346117,
          0.14669513273074397,
          0.13102687290881843,
          0.043565468867705626,
          0.016960124933886433,
          0.03205527159112065,
          0.015313623698493428,
          0.030380100978025126,
          0.028468735890254226
        ],
        "wf_mean_cagr": 0.06695415012472322,
        "wf_mean_sharpe": 0.5440732219630825,
        "wf_min_cagr": 0.015313623698493428,
        "wf_windows": 9,
        "wf_worst_drawdown": -0.16394370189309393
      },
      {
        "execution.hysteresis_pct": 0.01,
        "variant_name": "vaa_g4_v0__execution.hysteresis_pct=0.01",
        "wf_fold_cagrs": [
          0.15812201952346117,
          0.14669513273074397,
          0.13102687290881843,
          0.043565468867705626,
          0.016960124933886433,
          0.03205527159112065,
          0.015313623698493428,
          0.030380100978025126,
          0.028468735890254226
        ],
        "wf_mean_cagr": 0.06695415012472322,
        "wf_mean_sharpe": 0.5440732219630825,
        "wf_min_cagr": 0.015313623698493428,
        "wf_windows": 9,
        "wf_worst_drawdown": -0.16394370189309393
      },
      {
        "execution.hysteresis_pct": 0.02,
        "variant_name": "vaa_g4_v0__execution.hysteresis_pct=0.02",
        "wf_fold_cagrs": [
          0.15812201952346117,
          0.14669513273074397,
          0.13102687290881843,
          0.043565468867705626,
          0.016960124933886433,
          0.03205527159112065,
          0.015313623698493428,
          0.030380100978025126,
          0.028468735890254226
        ],
        "wf_mean_cagr": 0.06695415012472322,
        "wf_mean_sharpe": 0.5440732219630825,
        "wf_min_cagr": 0.015313623698493428,
        "wf_windows": 9,
        "wf_worst_drawdown": -0.16394370189309393
      },
      {
        "execution.hysteresis_pct": 0.03,
        "variant_name": "vaa_g4_v0__execution.hysteresis_pct=0.03",
        "wf_fold_cagrs": [
          0.15812201952346117,
          0.14669513273074397,
          0.13102687290881843,
          0.043565468867705626,
          0.016960124933886433,
          0.03205527159112065,
          0.015313623698493428,
          0.030380100978025126,
          0.028468735890254226
        ],
        "wf_mean_cagr": 0.06695415012472322,
        "wf_mean_sharpe": 0.5440732219630825,
        "wf_min_cagr": 0.015313623698493428,
        "wf_windows": 9,
        "wf_worst_drawdown": -0.16394370189309393
      },
      {
        "execution.hysteresis_pct": 0.05,
        "variant_name": "vaa_g4_v0__execution.hysteresis_pct=0.05",
        "wf_fold_cagrs": [
          0.15812201952346117,
          0.14669513273074397,
          0.13102687290881843,
          0.043565468867705626,
          0.016960124933886433,
          0.03205527159112065,
          0.015313623698493428,
          0.030380100978025126,
          0.028468735890254226
        ],
        "wf_mean_cagr": 0.06695415012472322,
        "wf_mean_sharpe": 0.5440732219630825,
        "wf_min_cagr": 0.015313623698493428,
        "wf_windows": 9,
        "wf_worst_drawdown": -0.16394370189309393
      }
    ]
  },
  "train_oos": {
    "test_oos": {
      "annual_turnover": 8.106274007682458,
      "best_year_return": 0.07906750946696883,
      "cagr": -0.007186276172732486,
      "calmar": -0.025489411647649084,