{
  "acceptance": {
    "max_annual_turnover": true,
    "max_consecutive_negative_months": true,
    "max_drawdown": true,
    "max_time_underwater_months": true,
    "min_cagr": true,
    "min_calmar": true,
    "min_sharpe": true
  },
  "metrics": {
    "annual_turnover": 7.7900402414486924,
    "best_year_return": 0.46709054525508753,
    "cagr": 0.07976682584865546,
    "calmar": 0.34921514316170743,
    "max_consecutive_negative_months": 6,
    "max_drawdown": -0.22841743094662614,
    "max_time_underwater_months": 54,
    "sharpe": 0.7046998584172528,
    "worst_year_return": -0.15051783535232643
  },
  "metrics_pre_tax": {
    "annual_turnover": 7.7900402414486924,
    "best_year_return": 0.5431334834451615,
    "cagr": 0.07976682584865546,
    "calmar": 0.32625386580035715,
    "max_consecutive_negative_months": 6,
    "max_drawdown": -0.24449312087988184,
    "max_time_underwater_months": 60,
    "sharpe": 0.7117846804702718,
    "worst_year_return": -0.15445564133060097
  },
  "mode": "final"
}
