{
  "acceptance": {
    "max_annual_turnover": true,
    "max_consecutive_negative_months": true,
    "max_drawdown": true,
    "max_time_underwater_months": true,
    "min_cagr": true,
    "min_calmar": false,
    "min_sharpe": false
  },
  "metrics": {
    "annual_turnover": 7.7900402414486924,
    "best_year_return": 0.4399381215905809,
    "cagr": 0.06542234932636681,
    "calmar": 0.2670131707173311,
    "max_consecutive_negative_months": 6,
    "max_drawdown": -0.2450154393156323,
    "max_time_underwater_months": 60,
    "sharpe": 0.5913121747349219,
    "worst_year_return": -0.15445564133060063
  },
  "metrics_pre_tax": {
    "annual_turnover": 7.7900402414486924,
    "best_year_return": 0.5431334834451615,
    "cagr": 0.07976682584865546,
    "calmar": 0.32625386580035715,
    "max_consecutive_negative_months": 6,
    "max_drawdown": -0.24449312087988184,
    "max_time_underwater_months": 60,
    "sharpe": 0.7117846804702718,
    "worst_year_return": -0.15445564133060097
  },
  "mode": "final",
  "named_periods_all": {
    "covid_crash_rebound": {
      "checks": {},
      "covered": true,
      "metrics": {
        "annual_turnover": 10.813322368421051,
        "best_year_return": 0.1849221688021565,
        "cagr": 0.2052299216412321,
        "calmar": 2.1749800465586175,
        "max_consecutive_negative_months": 1,
        "max_drawdown": -0.0943594503158588,
        "max_time_underwater_months": 4,
        "sharpe": 1.17187123535076,
        "worst_year_return": 0.1849221688021565
      }
    },
    "gfc_crash": {
      "checks": {},
      "covered": true,
      "metrics": {
        "annual_turnover": 6.015882352941176,
        "best_year_return": 0.06507148150981612,
        "cagr": 0.0498298738376024,
        "calmar": 0.8653076681049614,
        "max_consecutive_negative_months": 3,
        "max_drawdown": -0.05758630793915265,
        "max_time_underwater_months": 8,
        "sharpe": 0.5248759051332822,
        "worst_year_return": -0.002594548783940609
      }
    },
    "inflation_bear": {
      "checks": {},
      "covered": true,
      "metrics": {
        "annual_turnover": 6.561377245508981,
        "best_year_return": -0.15360925058118235,
        "cagr": -0.15526943023163142,
        "calmar": -0.976530440332096,
        "max_consecutive_negative_months": 3,
        "max_drawdown": -0.15900111642073111,
        "max_time_underwater_months": 11,
        "sharpe": -2.5705067372445036,
        "worst_year_return": -0.15360925058118235
      }
    },
    "post_gfc_recovery": {
      "checks": {},
      "covered": true,
      "metrics": {
        "annual_turnover": 7.904664179104477,
        "best_year_return": 0.4456903613861676,
        "cagr": 0.1732648186394219,
        "calmar": 1.0262737046131192,
        "max_consecutive_negative_months": 3,
        "max_drawdown": -0.16882905394593406,
        "max_time_underwater_months": 18,
        "sharpe": 1.0309215572698704,
        "worst_year_return": -0.005987150751597392
      }
    }
  },
  "param_stability_full": {
    "fold_rank_stability": {
      "default_rank_mean": 1.0,
      "default_rank_per_fold": [
        1.0,
        1.0,
        1.0,
        1.0,
        1.0,
        1.0,
        1.0,
        1.0,
        1.0
      ],
      "default_rank_std": 0.0,
      "default_wins_fold_count": 9,
      "kendalls_w": 1.0,
      "n_folds": 9,
      "n_variants": 5
    },
    "local_param_stability": {
      "asymmetry": null,
      "best_metric": 0.09197995776968458,
      "best_value": 0.0,
      "default_meets_threshold": true,
      "default_metric": 0.09197995776968458,
      "default_rank": 1,
      "default_value": 0.0,
      "gap_to_best": 0.0,
      "local_drop": 0.0,
      "local_drop_left": null,
      "local_drop_right": 0.0,
      "metric_key": "wf_mean_cagr",
      "n_variants": 5,
      "param_col": "execution.hysteresis_pct",
      "plateau_param_range": [
        0.0,
        0.05
      ],
      "plateau_width_points": 5,
      "tolerance": 0.03
    },
    "param_stability": {
      "best": 0.09197995776968458,
      "best_variant_name": "vaa_g4_v0__execution.hysteresis_pct=0.0",
      "metric_key": "wf_mean_cagr",
      "n_variants": 5,
      "relative_drop": 0.0,
      "worst": 0.09197995776968458,
      "worst_variant_name": "vaa_g4_v0__execution.hysteresis_pct=0.0"
    },
    "param_stability_check": {
      "max_relative_metric_drop_within_family": true
    },
    "sweep": [
      {
        "execution.hysteresis_pct": 0.0,
        "variant_name": "vaa_g4_v0__execution.hysteresis_pct=0.0",
        "wf_fold_cagrs": [
          0.18282009642451302,
          0.17181401786742478,
          0.15790641399635508,
          0.06903831847113229,
          0.04176977140475113,
          0.05659630555667183,
          0.0400968615578714,
          0.05423261154837067,
          0.05354522310007104
        ],
        "wf_mean_cagr": 0.09197995776968458,
        "wf_mean_sharpe": 0.7719958968360122,
        "wf_min_cagr": 0.0400968615578714,
        "wf_windows": 9,
        "wf_worst_drawdown": -0.1617737067600935
      },
      {
        "execution.hysteresis_pct": 0.01,
        "variant_name": "vaa_g4_v0__execution.hysteresis_pct=0.01",
        "wf_fold_cagrs": [
          0.18282009642451302,
          0.17181401786742478,
          0.15790641399635508,
          0.06903831847113229,
          0.04176977140475113,
          0.05659630555667183,
          0.0400968615578714,
          0.05423261154837067,
          0.05354522310007104
        ],
        "wf_mean_cagr": 0.09197995776968458,
        "wf_mean_sharpe": 0.7719958968360122,
        "wf_min_cagr": 0.0400968615578714,
        "wf_windows": 9,
        "wf_worst_drawdown": -0.1617737067600935
      },
      {
        "execution.hysteresis_pct": 0.02,
        "variant_name": "vaa_g4_v0__execution.hysteresis_pct=0.02",
        "wf_fold_cagrs": [
          0.18282009642451302,
          0.17181401786742478,
          0.15790641399635508,
          0.06903831847113229,
          0.04176977140475113,
          0.05659630555667183,
          0.0400968615578714,
          0.05423261154837067,
          0.05354522310007104
        ],
        "wf_mean_cagr": 0.09197995776968458,
        "wf_mean_sharpe": 0.7719958968360122,
        "wf_min_cagr": 0.0400968615578714,
        "wf_windows": 9,
        "wf_worst_drawdown": -0.1617737067600935
      },
      {
        "execution.hysteresis_pct": 0.03,
        "variant_name": "vaa_g4_v0__execution.hysteresis_pct=0.03",
        "wf_fold_cagrs": [
          0.18282009642451302,
          0.17181401786742478,
          0.15790641399635508,
          0.06903831847113229,
          0.04176977140475113,
          0.05659630555667183,
          0.0400968615578714,
          0.05423261154837067,
          0.05354522310007104
        ],
        "wf_mean_cagr": 0.09197995776968458,
        "wf_mean_sharpe": 0.7719958968360122,
        "wf_min_cagr": 0.0400968615578714,
        "wf_windows": 9,
        "wf_worst_drawdown": -0.1617737067600935
      },
      {
        "execution.hysteresis_pct": 0.05,
        "variant_name": "vaa_g4_v0__execution.hysteresis_pct=0.05",
        "wf_fold_cagrs": [
          0.18282009642451302,
          0.17181401786742478,
          0.15790641399635508,
          0.06903831847113229,
          0.04176977140475113,
          0.05659630555667183,
          0.0400968615578714,
          0.05423261154837067,
          0.05354522310007104
        ],
        "wf_mean_cagr": 0.09197995776968458,
        "wf_mean_sharpe": 0.7719958968360122,
        "wf_min_cagr": 0.0400968615578714,
        "wf_windows": 9,
        "wf_worst_drawdown": -0.1617737067600935
      }
    ]
  },
  "train_oos": {
    "test_oos": {
      "annual_turnover": 8.106274007682458,
      "best_year_return": 0.10202555317867312,
      "cagr": 0.015613616249606332,
      "calmar": 0.06372503011735785,
      "max_consecutive_negative_months": 6,
      "max_drawdown": -0.2450154393156323,